/*--------------------------------*- C++ -*----------------------------------*\
  =========                 |
  \      /  F ield         | OpenFOAM: The Open Source CFD Toolbox
   \    /   O peration     | Website:  https://openfoam.org
    \  /    A nd           | Version:  9
     \/     M anipulation  |
\*---------------------------------------------------------------------------*/
FoamFile
{
    format      ascii;
    class       volScalarField;
    location    "0";
    object      K;
}
// * * * * * * * * * * * * * * * * * * * * * * * * * * * * * * * * * * * * * //

dimensions      [0 0 0 0 0 0 0];

internalField   nonuniform List<scalar> 
38400
(
2.661782e-12
2.847969e-12
2.920090e-12
3.168256e-12
2.847868e-12
3.013324e-12
2.639501e-12
2.535296e-12
2.650395e-12
2.596279e-12
3.384422e-12
2.755239e-12
2.752791e-12
3.173231e-12
2.616946e-12
2.729840e-12
2.829404e-12
3.109254e-12
2.387300e-12
2.773183e-12
2.740774e-12
2.845944e-12
2.695434e-12
2.504676e-12
2.877315e-12
3.094647e-12
2.654607e-12
2.858322e-12
2.694325e-12
2.715566e-12
2.661056e-12
2.716473e-12
2.918609e-12
3.307945e-12
2.818612e-12
2.855851e-12
2.523001e-12
2.701696e-12
2.796294e-12
2.801883e-12
2.975085e-12
2.876514e-12
2.921880e-12
2.718800e-12
2.658185e-12
2.460720e-12
2.749989e-12
2.629689e-12
3.004369e-12
2.578359e-12
3.084092e-12
2.752960e-12
2.843601e-12
2.919931e-12
2.868108e-12
2.940521e-12
2.731371e-12
2.835121e-12
2.697823e-12
3.130228e-12
2.975106e-12
2.690241e-12
2.878105e-12
2.737720e-12
2.940881e-12
3.049274e-12
3.004548e-12
3.020665e-12
3.066976e-12
2.969179e-12
2.884391e-12
2.384265e-12
2.832625e-12
2.523425e-12
2.772596e-12
3.041481e-12
2.850121e-12
2.419362e-12
2.729225e-12
2.293944e-12
2.264482e-12
2.888174e-12
2.817082e-12
2.635137e-12
2.760023e-12
2.828091e-12
3.128695e-12
3.143624e-12
2.680064e-12
3.112276e-12
2.761914e-12
2.784091e-12
2.798987e-12
2.534496e-12
3.408247e-12
2.541307e-12
2.789460e-12
2.249790e-12
3.221522e-12
2.693144e-12
2.694290e-12
3.248043e-12
2.414806e-12
2.703828e-12
2.914091e-12
2.705955e-12
2.563536e-12
3.058418e-12
2.690096e-12
2.647454e-12
2.684265e-12
2.755365e-12
2.753187e-12
2.540798e-12
2.535917e-12
2.237692e-12
2.715666e-12
2.544229e-12
2.984052e-12
2.897124e-12
2.569836e-12
2.670152e-12
2.542030e-12
3.098615e-12
2.557232e-12
3.212263e-12
2.384395e-12
3.019159e-12
2.772989e-12
2.837735e-12
2.369359e-12
2.597513e-12
3.087102e-12
2.683527e-12
2.967273e-12
2.981711e-12
3.287010e-12
2.506347e-12
2.554375e-12
2.948762e-12
3.004703e-12
2.970283e-12
2.913099e-12
2.742739e-12
2.715419e-12
3.001019e-12
2.388992e-12
3.040114e-12
2.793491e-12
2.732636e-12
2.824016e-12
2.611028e-12
2.719629e-12
2.265726e-12
2.719979e-12
2.872062e-12
2.370435e-12
2.943102e-12
2.643238e-12
2.829621e-12
2.656935e-12
2.495611e-12
2.820540e-12
3.186270e-12
2.438006e-12
2.626319e-12
2.971747e-12
2.868349e-12
2.989354e-12
2.867224e-12
2.732711e-12
2.785198e-12
2.527582e-12
2.821124e-12
2.529153e-12
2.415204e-12
2.684968e-12
2.633891e-12
2.873575e-12
2.965461e-12
3.142359e-12
2.763548e-12
2.429826e-12
3.208171e-12
2.926931e-12
2.467339e-12
2.586561e-12
3.017041e-12
2.982372e-12
2.446628e-12
3.033399e-12
2.571958e-12
2.972023e-12
3.110539e-12
2.837891e-12
3.053986e-12
2.650789e-12
2.506756e-12
2.922381e-12
2.579496e-12
2.737608e-12
3.007682e-12
2.699288e-12
2.560202e-12
3.157679e-12
2.370675e-12
2.668311e-12
2.725748e-12
2.970446e-12
2.780776e-12
2.477254e-12
2.794233e-12
2.744837e-12
2.696266e-12
3.001307e-12
2.782781e-12
2.861180e-12
2.840407e-12
3.045973e-12
3.320811e-12
2.722168e-12
2.888494e-12
2.824711e-12
2.880807e-12
3.051872e-12
2.714498e-12
2.634520e-12
2.530977e-12
2.683574e-12
2.362950e-12
2.647813e-12
2.944239e-12
2.748515e-12
2.273959e-12
3.009410e-12
2.735106e-12
2.966765e-12
2.547841e-12
2.785101e-12
2.751894e-12
2.969762e-12
2.656659e-12
2.487600e-12
2.932627e-12
2.428334e-12
3.163383e-12
2.610693e-12
3.077384e-12
2.708378e-12
3.061933e-12
2.857815e-12
2.527359e-12
2.758216e-12
2.844161e-12
2.594396e-12
3.127080e-12
3.207025e-12
2.679250e-12
2.813922e-12
2.571480e-12
2.988132e-12
2.992988e-12
2.929479e-12
2.245358e-12
2.978118e-12
2.856732e-12
2.936072e-12
3.103023e-12
2.965909e-12
3.158458e-12
2.947567e-12
2.559132e-12
2.563936e-12
2.550189e-12
3.100315e-12
2.932538e-12
2.819243e-12
2.666950e-12
2.638639e-12
2.928144e-12
3.023824e-12
2.604730e-12
2.540725e-12
2.572804e-12
2.795966e-12
2.790724e-12
2.855735e-12
2.774556e-12
2.619515e-12
2.984653e-12
2.454981e-12
3.010444e-12
2.492436e-12
2.437048e-12
2.681292e-12
2.800234e-12
2.598628e-12
2.912904e-12
2.772102e-12
2.999668e-12
2.913252e-12
2.761338e-12
3.204417e-12
2.800429e-12
2.921003e-12
3.052287e-12
2.923020e-12
2.609286e-12
3.077943e-12
2.929696e-12
2.922625e-12
2.379675e-12
2.956720e-12
2.547778e-12
2.670665e-12
2.676104e-12
2.488399e-12
2.865382e-12
2.282431e-12
2.953035e-12
2.912079e-12
2.994870e-12
2.635834e-12
2.787123e-12
2.721683e-12
3.076717e-12
2.557103e-12
3.109561e-12
2.902933e-12
2.738482e-12
2.798682e-12
3.054075e-12
3.022399e-12
2.979941e-12
2.844267e-12
3.006971e-12
3.080394e-12
3.016720e-12
2.905492e-12
2.988249e-12
2.827649e-12
2.615343e-12
2.877126e-12
2.840364e-12
2.664717e-12
2.516631e-12
2.759437e-12
2.961346e-12
2.350759e-12
2.704736e-12
2.633676e-12
2.950552e-12
2.587346e-12
3.002122e-12
2.685030e-12
3.109356e-12
2.427372e-12
3.097347e-12
2.684891e-12
2.613407e-12
3.062969e-12
2.874636e-12
2.715401e-12
2.247794e-12
2.459569e-12
2.934108e-12
2.469856e-12
2.977892e-12
2.589691e-12
2.665107e-12
2.619506e-12
3.125547e-12
2.358763e-12
3.212274e-12
2.450580e-12
2.909207e-12
2.845877e-12
3.279519e-12
3.313750e-12
2.508591e-12
2.612399e-12
2.929705e-12
2.894130e-12
2.598650e-12
2.595438e-12
2.680396e-12
3.064078e-12
2.640524e-12
2.748717e-12
3.022321e-12
3.005146e-12
2.907128e-12
2.489656e-12
3.076050e-12
2.855621e-12
2.951925e-12
2.656309e-12
2.627943e-12
3.067174e-12
2.547007e-12
2.781984e-12
2.942775e-12
2.689883e-12
2.994950e-12
3.026844e-12
2.736115e-12
2.996965e-12
2.531260e-12
2.655459e-12
2.675082e-12
2.877311e-12
2.692444e-12
2.580101e-12
3.023043e-12
2.824669e-12
2.698183e-12
2.605639e-12
2.634391e-12
2.700938e-12
3.188124e-12
2.893473e-12
2.840914e-12
2.565937e-12
2.722382e-12
3.019368e-12
3.077756e-12
2.809027e-12
2.888284e-12
2.557905e-12
2.882645e-12
2.996722e-12
2.562094e-12
3.030012e-12
2.751431e-12
2.689020e-12
2.423655e-12
3.026006e-12
2.636959e-12
2.565427e-12
2.860093e-12
2.985283e-12
2.543276e-12
3.083974e-12
2.676620e-12
2.592231e-12
2.790663e-12
2.481168e-12
2.850763e-12
2.674874e-12
2.826681e-12
2.734352e-12
2.675449e-12
2.795614e-12
2.631412e-12
2.677375e-12
2.623853e-12
2.654086e-12
2.898537e-12
2.663662e-12
3.013576e-12
2.864281e-12
2.668327e-12
2.511864e-12
2.398075e-12
2.719448e-12
2.490036e-12
3.096047e-12
2.603612e-12
2.717332e-12
2.538717e-12
3.072640e-12
2.591637e-12
2.728961e-12
2.792481e-12
3.359579e-12
2.523601e-12
2.719825e-12
2.093919e-12
3.227349e-12
2.367473e-12
2.853993e-12
2.656268e-12
3.098646e-12
2.648847e-12
2.972462e-12
2.979189e-12
2.872919e-12
2.791137e-12
3.217159e-12
2.482599e-12
2.808322e-12
3.016674e-12
3.128622e-12
2.448857e-12
2.878080e-12
2.624918e-12
2.859822e-12
2.993604e-12
2.620949e-12
2.707184e-12
2.803389e-12
2.916332e-12
2.517570e-12
2.793346e-12
3.032295e-12
2.359725e-12
3.232774e-12
3.161875e-12
2.801577e-12
2.811040e-12
2.648144e-12
2.536450e-12
2.678772e-12
2.840134e-12
2.780403e-12
2.706495e-12
3.214856e-12
2.909144e-12
2.799044e-12
3.279213e-12
2.992918e-12
2.785405e-12
2.852394e-12
2.730822e-12
2.779700e-12
2.436195e-12
2.630871e-12
2.875656e-12
2.591853e-12
3.043866e-12
2.806676e-12
3.181978e-12
2.700567e-12
2.947633e-12
2.500104e-12
2.684051e-12
2.649930e-12
2.638232e-12
3.083527e-12
2.865945e-12
2.826666e-12
2.945940e-12
3.117786e-12
2.642429e-12
2.890257e-12
3.079544e-12
2.648537e-12
2.779729e-12
2.809503e-12
2.680808e-12
2.900477e-12
2.792785e-12
2.659705e-12
3.244815e-12
2.634535e-12
2.773944e-12
2.857947e-12
2.881890e-12
2.861973e-12
2.813993e-12
2.643159e-12
2.749931e-12
2.904139e-12
2.889067e-12
2.842781e-12
2.414557e-12
2.325990e-12
3.165135e-12
2.807368e-12
2.897650e-12
3.236992e-12
2.543825e-12
3.170777e-12
2.678867e-12
2.524182e-12
2.747507e-12
2.657917e-12
2.645926e-12
2.858040e-12
2.490964e-12
2.933533e-12
2.893497e-12
2.832181e-12
2.683654e-12
3.045932e-12
2.597245e-12
2.764204e-12
2.895431e-12
2.954554e-12
2.434270e-12
2.708577e-12
2.999022e-12
2.344791e-12
2.865665e-12
2.965496e-12
2.889779e-12
3.131531e-12
3.102072e-12
2.990934e-12
2.997505e-12
2.783129e-12
2.882094e-12
2.815708e-12
3.010624e-12
2.739844e-12
2.978090e-12
2.972034e-12
2.864305e-12
2.862677e-12
2.806586e-12
3.050451e-12
2.727674e-12
2.648834e-12
2.413477e-12
2.866748e-12
2.908058e-12
2.950148e-12
2.639529e-12
2.358439e-12
2.842972e-12
2.531764e-12
2.971059e-12
2.610432e-12
2.856295e-12
2.925573e-12
2.779520e-12
2.930113e-12
3.088933e-12
3.102437e-12
2.643545e-12
2.568916e-12
2.882033e-12
2.924922e-12
2.837318e-12
3.171164e-12
2.957576e-12
3.063474e-12
2.497493e-12
2.883598e-12
2.739121e-12
2.586993e-12
2.959702e-12
2.671968e-12
3.179905e-12
2.507526e-12
2.583740e-12
3.123432e-12
2.804477e-12
2.517756e-12
2.764678e-12
2.964385e-12
2.787003e-12
2.726072e-12
2.579145e-12
2.252939e-12
2.801027e-12
2.780954e-12
2.499338e-12
2.991528e-12
2.643654e-12
2.700786e-12
2.567090e-12
2.050593e-12
2.535073e-12
3.054313e-12
2.480558e-12
3.201220e-12
2.655534e-12
2.962026e-12
2.651852e-12
2.685743e-12
2.648464e-12
2.271371e-12
2.655599e-12
3.043427e-12
2.723814e-12
2.851296e-12
2.525438e-12
2.341168e-12
2.811257e-12
2.874547e-12
2.893924e-12
2.181472e-12
3.111340e-12
2.387580e-12
2.658888e-12
2.484118e-12
2.991782e-12
2.922030e-12
3.051107e-12
2.750549e-12
2.593693e-12
2.755118e-12
3.192588e-12
2.927832e-12
2.553798e-12
2.576378e-12
2.869887e-12
2.671911e-12
2.429582e-12
2.641179e-12
2.548907e-12
2.773119e-12
2.689063e-12
2.858949e-12
2.716022e-12
2.549674e-12
3.081036e-12
2.791089e-12
2.820263e-12
2.455678e-12
2.826146e-12
2.602703e-12
3.154832e-12
2.781929e-12
2.789276e-12
2.372563e-12
2.389739e-12
3.051669e-12
2.456408e-12
3.311034e-12
2.808036e-12
3.098859e-12
2.892758e-12
2.627150e-12
2.771555e-12
2.293600e-12
2.486023e-12
2.888768e-12
2.799451e-12
2.889238e-12
2.587504e-12
3.159026e-12
2.645432e-12
2.679856e-12
2.528020e-12
3.000575e-12
2.961654e-12
2.782432e-12
2.682493e-12
2.986318e-12
2.521054e-12
3.155151e-12
2.848542e-12
2.815310e-12
3.025615e-12
2.747571e-12
2.333519e-12
2.631549e-12
2.723074e-12
2.619054e-12
2.327003e-12
2.921986e-12
2.312399e-12
2.495046e-12
2.821070e-12
2.894427e-12
2.835401e-12
3.074353e-12
2.723624e-12
3.105008e-12
2.882658e-12
2.780152e-12
2.696417e-12
2.583039e-12
2.904809e-12
2.738527e-12
2.948131e-12
2.937394e-12
2.736283e-12
2.622965e-12
2.880450e-12
2.971240e-12
3.039546e-12
2.862974e-12
2.650926e-12
2.908858e-12
2.475277e-12
2.920874e-12
2.536483e-12
2.979975e-12
2.346337e-12
3.023641e-12
3.259679e-12
2.779438e-12
2.951967e-12
3.079807e-12
2.797959e-12
2.720323e-12
2.465989e-12
2.405248e-12
2.169756e-12
2.875615e-12
3.165319e-12
2.716303e-12
2.488172e-12
3.061838e-12
3.015435e-12
2.653195e-12
2.926290e-12
3.033343e-12
2.871048e-12
3.019315e-12
2.751791e-12
2.976390e-12
2.723597e-12
2.781199e-12
2.660000e-12
2.450646e-12
2.772918e-12
2.768756e-12
3.045742e-12
2.734475e-12
2.832422e-12
2.659042e-12
2.546517e-12
2.567691e-12
2.425670e-12
2.906795e-12
2.402449e-12
3.355626e-12
2.842962e-12
3.138476e-12
2.870106e-12
2.946137e-12
2.408593e-12
2.792802e-12
2.545195e-12
2.515464e-12
2.602299e-12
2.660974e-12
2.758876e-12
2.502224e-12
2.977452e-12
2.342170e-12
3.344925e-12
2.254159e-12
2.585688e-12
3.000562e-12
2.510346e-12
2.898188e-12
2.703087e-12
2.918593e-12
2.801671e-12
3.316670e-12
3.095047e-12
2.761229e-12
2.474258e-12
2.896147e-12
2.865486e-12
3.131839e-12
2.941658e-12
2.539587e-12
3.121838e-12
2.700047e-12
2.742945e-12
2.718057e-12
2.740517e-12
2.893995e-12
2.448482e-12
2.862494e-12
2.721829e-12
2.838911e-12
2.886710e-12
2.658478e-12
2.873989e-12
2.837875e-12
2.855735e-12
2.614629e-12
2.720701e-12
2.996276e-12
2.920074e-12
2.755097e-12
3.141239e-12
2.654515e-12
3.024929e-12
2.297458e-12
3.016286e-12
2.818873e-12
2.925769e-12
2.724268e-12
2.854338e-12
2.852674e-12
2.887182e-12
2.876052e-12
3.088011e-12
3.201994e-12
2.523445e-12
2.526277e-12
2.699726e-12
2.788820e-12
2.465694e-12
2.853576e-12
2.758243e-12
2.499897e-12
2.960234e-12
2.768210e-12
3.227733e-12
2.989433e-12
2.454789e-12
2.609900e-12
2.961419e-12
2.998082e-12
2.814103e-12
2.248018e-12
2.761277e-12
2.746405e-12
2.471680e-12
2.459543e-12
2.643677e-12
2.402822e-12
2.677690e-12
2.786060e-12
3.066692e-12
2.936555e-12
3.223805e-12
2.864346e-12
2.945752e-12
2.576067e-12
2.734723e-12
2.979863e-12
3.195947e-12
2.719472e-12
2.632623e-12
3.350126e-12
2.916581e-12
2.921684e-12
3.028131e-12
2.826902e-12
2.766658e-12
3.238207e-12
2.751355e-12
2.763448e-12
3.058187e-12
3.033344e-12
2.822749e-12
3.049021e-12
2.796279e-12
2.795312e-12
2.436521e-12
2.785226e-12
2.858309e-12
3.001372e-12
2.666777e-12
2.649036e-12
2.762115e-12
2.775656e-12
2.741772e-12
2.859244e-12
2.669073e-12
3.030934e-12
2.484465e-12
2.805200e-12
2.817441e-12
3.090466e-12
2.511939e-12
2.717696e-12
2.636265e-12
2.651735e-12
2.733995e-12
3.123778e-12
3.049279e-12
2.480094e-12
2.804117e-12
2.804850e-12
2.436928e-12
2.474445e-12
2.630253e-12
2.701532e-12
2.739348e-12
2.984346e-12
2.861051e-12
2.785341e-12
2.848699e-12
2.812188e-12
2.666919e-12
2.641721e-12
2.945299e-12
2.515962e-12
2.806444e-12
2.714724e-12
2.806900e-12
2.556065e-12
2.795243e-12
2.694586e-12
2.637031e-12
2.615615e-12
2.866272e-12
2.666028e-12
2.931808e-12
2.619735e-12
3.012080e-12
2.944520e-12
2.977169e-12
2.842731e-12
2.936039e-12
2.717014e-12
2.844306e-12
2.800046e-12
2.906212e-12
2.908309e-12
2.510611e-12
2.990832e-12
2.940034e-12
2.889130e-12
2.846326e-12
2.594566e-12
2.734785e-12
3.106345e-12
2.972439e-12
3.146853e-12
2.693707e-12
2.986182e-12
3.006175e-12
3.030236e-12
3.099827e-12
3.071587e-12
2.596951e-12
2.595501e-12
2.601185e-12
3.046044e-12
2.516069e-12
2.478538e-12
2.704880e-12
2.976998e-12
2.727184e-12
2.855055e-12
2.867817e-12
2.925999e-12
2.860518e-12
2.789059e-12
3.085886e-12
2.789295e-12
2.822451e-12
2.652962e-12
2.741905e-12
2.788333e-12
2.568237e-12
2.460984e-12
2.968507e-12
2.771878e-12
2.627476e-12
2.776057e-12
3.217931e-12
2.913960e-12
2.911834e-12
2.960930e-12
3.004287e-12
2.517895e-12
2.881002e-12
2.390920e-12
2.634152e-12
2.457391e-12
2.982389e-12
2.829780e-12
2.640663e-12
2.797111e-12
3.071303e-12
3.046913e-12
2.460154e-12
2.975678e-12
2.753518e-12
2.570146e-12
2.797002e-12
3.042008e-12
2.918836e-12
2.682289e-12
2.885699e-12
2.936257e-12
2.751978e-12
2.767676e-12
3.097047e-12
2.706362e-12
3.031907e-12
2.927375e-12
2.884403e-12
2.954077e-12
2.725901e-12
2.746275e-12
3.144729e-12
2.851470e-12
2.781593e-12
3.222396e-12
2.796716e-12
3.026257e-12
2.610907e-12
2.653223e-12
3.266798e-12
2.955386e-12
2.977975e-12
2.559903e-12
2.465164e-12
2.171167e-12
3.185460e-12
2.838866e-12
3.200115e-12
2.762166e-12
2.454761e-12
2.770728e-12
2.920475e-12
2.625622e-12
3.042105e-12
2.680793e-12
2.683187e-12
2.935573e-12
2.790204e-12
2.806332e-12
2.592725e-12
2.885548e-12
2.990374e-12
2.950610e-12
2.650155e-12
2.629341e-12
2.789385e-12
2.682067e-12
1.899292e-12
2.762261e-12
2.899565e-12
2.492670e-12
2.451378e-12
3.114754e-12
2.716661e-12
2.459671e-12
2.630556e-12
3.044579e-12
2.959364e-12
3.027701e-12
2.852461e-12
2.966583e-12
3.145330e-12
3.191065e-12
2.551339e-12
2.772857e-12
2.607056e-12
2.859333e-12
2.895720e-12
2.856265e-12
2.632247e-12
2.770041e-12
2.831790e-12
2.569999e-12
3.387627e-12
2.611277e-12
2.857447e-12
2.588119e-12
2.689361e-12
2.672197e-12
2.838718e-12
2.653406e-12
2.723329e-12
2.956406e-12
2.454243e-12
2.905088e-12
2.790799e-12
2.838584e-12
2.271664e-12
3.006916e-12
3.124654e-12
2.726018e-12
2.828102e-12
2.569006e-12
2.460247e-12
2.748208e-12
2.477650e-12
2.644292e-12
2.325820e-12
2.449427e-12
2.948861e-12
2.561425e-12
3.265893e-12
2.817770e-12
2.843880e-12
3.000569e-12
2.536784e-12
2.768177e-12
3.017236e-12
2.519162e-12
2.601611e-12
2.642962e-12
2.839703e-12
3.051468e-12
2.806237e-12
2.583526e-12
3.250773e-12
2.225658e-12
2.826467e-12
2.738372e-12
2.886577e-12
3.048346e-12
2.721001e-12
2.958718e-12
2.814019e-12
2.536323e-12
2.937579e-12
3.191058e-12
2.850506e-12
2.398987e-12
2.710974e-12
2.691243e-12
2.541173e-12
2.699591e-12
2.727213e-12
3.035806e-12
2.961000e-12
2.715119e-12
2.998868e-12
2.551174e-12
2.563072e-12
2.674061e-12
2.563371e-12
2.879951e-12
2.817022e-12
2.875668e-12
2.646159e-12
2.949674e-12
3.042880e-12
2.640498e-12
2.676081e-12
2.747011e-12
2.601969e-12
2.630810e-12
2.926003e-12
2.808661e-12
2.778964e-12
2.732901e-12
2.508599e-12
3.392054e-12
2.426829e-12
2.590856e-12
3.123721e-12
2.712802e-12
3.399294e-12
2.778578e-12
2.326788e-12
2.967242e-12
2.872148e-12
2.938998e-12
2.564530e-12
3.195940e-12
2.858558e-12
2.919390e-12
2.886977e-12
2.623130e-12
2.783718e-12
2.596996e-12
2.804863e-12
2.283334e-12
2.865199e-12
2.894114e-12
2.660584e-12
3.274628e-12
2.971817e-12
2.861719e-12
2.380293e-12
2.927426e-12
2.752181e-12
2.505764e-12
2.638622e-12
2.391545e-12
2.855123e-12
3.106682e-12
2.348032e-12
2.880913e-12
2.657729e-12
2.928817e-12
2.306633e-12
2.908972e-12
2.848806e-12
2.846773e-12
2.921430e-12
3.351938e-12
2.559752e-12
2.692834e-12
3.037287e-12
2.860729e-12
2.775390e-12
3.202201e-12
2.419455e-12
2.438646e-12
2.671624e-12
3.227600e-12
2.630054e-12
2.604132e-12
3.038679e-12
3.234230e-12
2.708842e-12
2.401020e-12
3.028875e-12
2.595807e-12
2.816050e-12
2.693826e-12
2.488730e-12
2.991753e-12
3.448200e-12
2.521030e-12
2.464883e-12
2.786323e-12
2.851941e-12
2.503679e-12
2.919911e-12
2.762717e-12
2.596863e-12
2.789170e-12
2.878471e-12
2.663008e-12
2.954430e-12
2.733718e-12
2.782794e-12
2.760665e-12
2.510907e-12
2.753210e-12
2.511918e-12
3.357270e-12
3.487798e-12
2.778459e-12
2.598286e-12
2.872735e-12
2.838266e-12
2.780890e-12
2.883539e-12
2.704235e-12
2.905415e-12
2.750766e-12
2.924741e-12
2.877425e-12
3.188259e-12
2.529012e-12
2.932949e-12
2.864075e-12
2.649928e-12
3.045552e-12
2.892225e-12
3.045046e-12
2.991485e-12
2.977443e-12
2.482712e-12
2.737282e-12
2.865984e-12
2.729028e-12
2.794784e-12
2.629162e-12
2.827233e-12
2.726165e-12
2.776788e-12
2.844996e-12
3.113338e-12
2.863522e-12
2.574322e-12
3.226904e-12
2.771899e-12
3.096161e-12
2.801749e-12
2.604645e-12
2.777703e-12
2.698303e-12
3.161957e-12
2.694224e-12
2.782939e-12
3.131620e-12
2.497437e-12
2.808563e-12
3.068040e-12
2.960582e-12
2.936583e-12
2.689743e-12
2.715523e-12
2.877955e-12
2.515692e-12
2.702043e-12
2.924093e-12
2.937991e-12
2.329944e-12
2.739235e-12
2.625887e-12
2.626443e-12
2.946249e-12
3.018984e-12
2.803645e-12
2.621919e-12
2.575895e-12
2.923026e-12
2.722940e-12
2.929327e-12
2.638082e-12
3.004523e-12
2.851313e-12
2.831607e-12
2.976776e-12
2.736228e-12
2.378383e-12
2.573199e-12
2.968403e-12
2.566793e-12
2.546549e-12
2.595172e-12
2.843892e-12
2.695071e-12
2.777008e-12
2.791781e-12
2.741899e-12
2.810717e-12
2.832542e-12
2.783586e-12
2.886401e-12
3.002673e-12
2.857780e-12
3.244269e-12
2.596285e-12
2.591157e-12
2.690037e-12
3.019117e-12
2.692224e-12
2.731746e-12
2.817171e-12
2.531296e-12
2.659071e-12
2.918571e-12
2.637048e-12
2.820957e-12
2.582748e-12
2.422432e-12
3.047850e-12
3.356036e-12
2.785530e-12
2.530662e-12
2.670337e-12
2.767218e-12
2.779490e-12
2.607665e-12
3.109699e-12
2.518741e-12
2.896315e-12
2.943899e-12
2.922053e-12
2.462110e-12
2.893845e-12
2.849091e-12
2.714005e-12
3.242205e-12
2.882536e-12
2.887363e-12
2.930989e-12
2.923351e-12
2.826979e-12
2.779294e-12
2.418296e-12
2.732899e-12
2.610012e-12
2.686655e-12
2.934583e-12
2.522121e-12
2.846974e-12
2.815797e-12
3.028801e-12
2.926846e-12
2.695414e-12
2.275260e-12
3.044811e-12
2.781987e-12
2.814604e-12
2.724194e-12
2.867710e-12
2.800230e-12
2.997931e-12
2.598284e-12
2.957398e-12
2.751505e-12
2.590241e-12
3.031084e-12
2.728614e-12
3.042960e-12
2.893601e-12
3.129208e-12
2.355185e-12
2.802311e-12
2.295556e-12
2.522243e-12
2.607439e-12
2.458467e-12
3.011121e-12
2.800584e-12
2.969156e-12
3.045444e-12
2.710598e-12
2.833447e-12
2.541594e-12
3.181534e-12
2.316432e-12
3.025691e-12
3.047946e-12
2.758473e-12
3.015375e-12
3.006659e-12
2.999279e-12
2.609939e-12
3.052572e-12
2.689322e-12
2.831848e-12
2.679372e-12
2.842822e-12
2.839788e-12
2.756621e-12
2.876446e-12
2.424399e-12
2.911358e-12
2.538395e-12
2.927686e-12
2.474368e-12
2.659351e-12
2.730337e-12
2.985722e-12
2.856130e-12
2.438283e-12
2.868647e-12
3.042553e-12
2.873970e-12
2.734519e-12
3.312165e-12
2.774043e-12
2.999372e-12
3.073772e-12
2.841073e-12
2.764770e-12
3.366134e-12
2.884680e-12
2.602172e-12
3.039498e-12
3.124236e-12
2.775024e-12
3.009166e-12
2.866491e-12
2.863173e-12
2.463093e-12
2.858635e-12
2.031290e-12
2.968092e-12
2.803812e-12
2.668408e-12
3.108003e-12
2.632320e-12
2.947742e-12
3.038533e-12
2.917956e-12
3.070284e-12
3.057328e-12
2.927665e-12
2.734930e-12
2.704611e-12
3.270913e-12
2.754887e-12
3.051642e-12
2.680360e-12
2.647690e-12
3.093764e-12
2.677742e-12
2.677831e-12
2.625041e-12
2.826592e-12
3.226313e-12
3.034946e-12
2.892835e-12
2.830841e-12
2.802175e-12
2.418501e-12
2.535018e-12
2.608709e-12
2.985879e-12
3.006164e-12
2.940306e-12
2.796360e-12
2.714128e-12
2.394098e-12
2.555660e-12
2.807232e-12
2.605230e-12
2.971212e-12
2.756115e-12
2.665324e-12
2.858929e-12
2.618888e-12
2.902780e-12
2.915819e-12
3.215337e-12
2.613576e-12
2.944030e-12
2.665591e-12
2.750253e-12
3.046848e-12
2.881216e-12
2.977649e-12
2.451015e-12
2.724971e-12
2.744277e-12
2.785811e-12
2.884952e-12
2.354459e-12
3.053862e-12
2.673321e-12
2.667784e-12
3.076072e-12
2.712559e-12
3.085199e-12
2.596806e-12
2.556655e-12
2.779398e-12
2.791367e-12
2.752556e-12
2.518101e-12
2.840130e-12
2.911097e-12
2.746203e-12
2.838302e-12
2.552007e-12
2.624480e-12
2.728371e-12
2.753325e-12
2.322001e-12
2.939135e-12
2.364806e-12
2.702699e-12
2.441840e-12
2.763931e-12
2.446163e-12
2.809283e-12
3.197882e-12
2.984652e-12
2.924826e-12
2.847350e-12
2.546334e-12
2.675873e-12
2.532891e-12
2.709828e-12
2.873553e-12
2.579728e-12
2.509272e-12
2.442672e-12
2.691268e-12
2.553483e-12
2.275430e-12
2.943643e-12
2.567511e-12
2.379033e-12
2.601654e-12
2.516078e-12
2.635084e-12
2.671578e-12
2.962254e-12
2.631254e-12
2.688601e-12
2.801204e-12
2.688188e-12
2.836146e-12
2.667337e-12
3.007771e-12
3.261690e-12
2.847603e-12
2.855540e-12
2.862299e-12
2.651252e-12
2.719048e-12
2.621903e-12
2.675883e-12
2.867672e-12
2.625196e-12
2.654880e-12
2.452662e-12
2.910833e-12
3.096663e-12
2.868595e-12
2.700980e-12
3.151155e-12
2.319891e-12
2.880215e-12
2.379642e-12
2.916310e-12
2.923885e-12
3.096807e-12
2.846411e-12
2.748319e-12
2.851521e-12
3.017317e-12
2.797801e-12
2.553840e-12
2.974433e-12
2.933666e-12
2.971231e-12
2.569772e-12
2.940964e-12
2.859094e-12
2.410148e-12
2.805642e-12
2.732459e-12
3.061947e-12
2.472520e-12
2.637852e-12
2.905486e-12
2.546227e-12
2.771779e-12
2.850055e-12
2.543171e-12
2.771258e-12
3.063684e-12
2.877588e-12
2.878169e-12
2.821570e-12
3.034710e-12
3.076681e-12
2.696414e-12
3.007554e-12
2.735416e-12
2.574287e-12
2.752371e-12
2.831364e-12
2.476553e-12
2.817826e-12
2.637740e-12
2.675589e-12
3.053392e-12
2.572080e-12
3.054191e-12
2.568939e-12
2.907183e-12
2.716850e-12
2.861995e-12
2.719957e-12
2.763576e-12
2.776500e-12
2.195651e-12
2.645413e-12
2.644497e-12
2.875488e-12
2.974167e-12
2.655181e-12
3.006943e-12
2.952360e-12
3.215745e-12
2.603399e-12
2.829338e-12
2.744499e-12
2.742010e-12
2.514179e-12
3.096156e-12
3.006025e-12
3.041412e-12
2.722427e-12
2.855474e-12
2.914146e-12
3.134925e-12
2.690127e-12
2.687949e-12
3.043685e-12
2.550154e-12
2.927058e-12
3.164293e-12
3.053280e-12
2.676823e-12
2.631011e-12
3.004205e-12
2.932096e-12
2.447218e-12
2.645530e-12
2.855185e-12
2.958687e-12
2.335729e-12
2.651037e-12
2.580811e-12
2.447982e-12
3.001758e-12
2.622392e-12
2.919797e-12
3.136409e-12
2.639041e-12
2.876267e-12
2.889709e-12
2.617412e-12
2.619145e-12
3.109263e-12
3.156561e-12
2.798666e-12
2.553898e-12
3.141707e-12
2.785250e-12
2.509825e-12
2.717601e-12
2.654351e-12
2.608672e-12
2.324994e-12
2.546880e-12
3.033673e-12
2.835299e-12
3.167951e-12
2.999143e-12
2.707349e-12
3.087801e-12
2.747432e-12
2.871763e-12
2.715424e-12
2.513924e-12
2.994095e-12
2.780670e-12
2.958306e-12
2.656566e-12
2.581106e-12
2.645489e-12
2.995442e-12
2.482183e-12
2.958043e-12
2.872047e-12
2.866679e-12
3.145172e-12
2.818060e-12
2.516931e-12
3.044607e-12
2.999479e-12
2.653375e-12
2.466087e-12
2.687650e-12
2.829641e-12
3.138161e-12
2.873230e-12
2.451351e-12
3.223406e-12
2.720440e-12
2.944315e-12
3.613910e-12
3.083555e-12
2.792608e-12
2.956038e-12
2.863401e-12
2.699565e-12
2.757096e-12
2.774326e-12
2.747642e-12
2.589760e-12
2.673902e-12
2.858169e-12
2.837047e-12
2.747048e-12
2.623319e-12
2.752595e-12
3.226306e-12
2.726320e-12
2.706145e-12
2.767720e-12
2.292757e-12
2.484640e-12
2.351122e-12
2.619769e-12
2.783043e-12
2.528243e-12
2.832377e-12
2.723083e-12
2.755047e-12
2.747444e-12
2.868900e-12
2.782002e-12
2.267625e-12
2.736375e-12
2.579901e-12
2.650865e-12
2.917854e-12
2.419555e-12
2.952955e-12
2.766480e-12
2.922552e-12
3.286811e-12
2.975910e-12
2.706585e-12
2.939395e-12
2.855588e-12
2.849145e-12
2.931691e-12
2.490494e-12
2.426674e-12
2.833312e-12
3.098520e-12
2.553109e-12
3.136424e-12
2.715689e-12
2.731767e-12
2.631767e-12
2.685415e-12
3.103595e-12
2.567073e-12
3.117789e-12
2.580717e-12
2.837711e-12
2.758433e-12
2.389060e-12
2.377794e-12
2.948845e-12
2.736523e-12
2.775189e-12
2.819114e-12
3.102968e-12
2.800318e-12
3.133446e-12
2.901871e-12
2.475600e-12
2.599696e-12
2.828011e-12
2.715362e-12
2.534026e-12
2.759551e-12
2.869583e-12
2.889688e-12
2.737171e-12
2.528858e-12
2.771512e-12
2.694255e-12
2.410713e-12
2.906728e-12
2.618408e-12
2.828826e-12
2.869920e-12
2.629557e-12
2.626406e-12
2.506969e-12
2.487320e-12
2.681383e-12
2.122498e-12
2.472851e-12
2.799911e-12
2.788434e-12
2.596941e-12
2.623937e-12
2.660654e-12
3.022070e-12
2.545071e-12
2.664504e-12
2.833541e-12
3.027099e-12
3.210173e-12
2.638639e-12
2.978892e-12
2.745407e-12
2.748265e-12
2.842629e-12
2.664191e-12
2.852815e-12
3.080049e-12
2.727676e-12
2.752313e-12
2.794736e-12
2.891663e-12
3.045979e-12
2.751037e-12
3.086179e-12
2.776178e-12
2.289277e-12
2.799056e-12
2.346341e-12
3.217298e-12
2.836785e-12
2.978033e-12
2.772794e-12
3.148883e-12
2.792803e-12
2.827912e-12
2.561751e-12
2.732551e-12
2.734228e-12
2.647299e-12
2.543160e-12
3.021937e-12
2.727353e-12
2.911851e-12
2.817875e-12
3.160387e-12
2.749094e-12
3.043896e-12
2.697172e-12
2.439847e-12
2.932356e-12
2.620391e-12
2.357507e-12
2.877846e-12
2.634626e-12
2.376576e-12
2.616521e-12
2.276254e-12
3.104227e-12
2.943717e-12
2.416369e-12
2.326703e-12
2.980014e-12
2.627619e-12
2.682305e-12
2.478772e-12
2.984557e-12
2.630348e-12
2.851798e-12
2.793707e-12
2.884831e-12
3.017649e-12
2.675005e-12
2.890682e-12
2.634673e-12
2.924567e-12
2.827015e-12
2.732257e-12
2.436643e-12
2.911474e-12
3.220303e-12
2.986048e-12
2.576053e-12
2.984963e-12
2.924726e-12
2.500732e-12
2.906108e-12
3.016127e-12
2.826326e-12
3.223330e-12
2.789734e-12
2.767334e-12
2.650492e-12
2.935067e-12
3.022678e-12
2.594200e-12
2.886231e-12
2.588428e-12
2.728857e-12
2.798638e-12
2.863591e-12
2.983495e-12
2.330673e-12
2.547527e-12
2.577601e-12
3.205408e-12
2.700306e-12
3.116903e-12
2.656563e-12
2.510653e-12
2.952634e-12
2.922543e-12
2.727706e-12
2.870095e-12
3.107107e-12
2.658639e-12
2.810952e-12
2.758474e-12
2.400079e-12
2.749741e-12
2.761649e-12
3.156560e-12
2.857595e-12
2.710633e-12
3.151409e-12
2.579094e-12
2.368326e-12
2.656350e-12
2.688064e-12
2.603561e-12
2.741248e-12
2.740175e-12
3.216714e-12
2.725199e-12
2.855516e-12
2.528196e-12
3.157193e-12
2.706673e-12
2.889981e-12
2.736321e-12
3.198744e-12
2.846201e-12
2.988701e-12
2.701790e-12
2.728490e-12
2.576820e-12
2.634604e-12
2.620509e-12
2.739732e-12
2.836109e-12
2.757174e-12
3.320154e-12
3.179552e-12
2.859987e-12
2.974448e-12
2.841788e-12
2.514145e-12
3.176819e-12
2.400700e-12
2.640104e-12
2.838443e-12
2.925755e-12
2.434172e-12
2.567655e-12
3.029538e-12
2.395560e-12
3.033167e-12
3.169037e-12
2.686672e-12
2.659048e-12
2.567397e-12
2.792524e-12
2.497639e-12
2.686260e-12
2.302132e-12
3.164631e-12
2.737044e-12
3.024423e-12
2.571338e-12
2.844988e-12
2.541625e-12
3.217033e-12
2.559070e-12
2.587795e-12
2.968044e-12
2.655219e-12
2.914478e-12
2.555542e-12
2.625714e-12
2.958053e-12
2.832124e-12
2.643587e-12
2.564901e-12
2.644074e-12
2.724574e-12
2.287036e-12
2.538057e-12
3.397211e-12
2.941475e-12
2.551602e-12
2.962813e-12
2.819934e-12
3.061604e-12
2.654664e-12
2.792445e-12
2.409806e-12
2.623407e-12
2.950026e-12
2.757672e-12
2.654214e-12
2.743545e-12
2.976103e-12
2.755752e-12
2.711036e-12
2.385633e-12
2.688808e-12
2.613210e-12
2.777746e-12
2.597740e-12
2.695859e-12
2.623552e-12
2.277675e-12
2.846507e-12
2.885480e-12
2.903524e-12
2.995222e-12
2.872982e-12
2.731814e-12
3.039080e-12
2.762138e-12
2.829834e-12
3.008120e-12
2.665892e-12
2.718885e-12
2.753213e-12
2.742077e-12
2.463982e-12
2.929717e-12
2.797412e-12
3.039702e-12
2.958890e-12
3.085537e-12
2.594523e-12
2.683461e-12
2.892054e-12
2.811193e-12
2.870685e-12
2.850299e-12
2.794813e-12
2.741725e-12
2.510158e-12
2.849037e-12
2.828311e-12
3.043551e-12
2.772944e-12
2.958613e-12
2.624603e-12
2.662010e-12
2.923257e-12
2.885008e-12
2.854854e-12
2.734879e-12
2.648671e-12
2.671116e-12
2.726649e-12
2.630256e-12
2.784164e-12
2.735274e-12
2.440153e-12
2.902146e-12
2.689289e-12
3.125282e-12
2.828842e-12
2.761983e-12
2.514982e-12
2.411667e-12
2.907439e-12
2.866080e-12
2.489595e-12
2.825571e-12
2.483396e-12
2.514701e-12
2.694685e-12
2.833780e-12
2.580362e-12
2.868984e-12
2.894671e-12
2.932292e-12
2.606667e-12
2.725821e-12
2.946934e-12
2.431061e-12
3.171175e-12
2.887383e-12
2.883414e-12
2.485310e-12
3.057367e-12
2.516203e-12
2.936931e-12
2.940381e-12
2.773879e-12
2.828455e-12
3.003703e-12
2.557153e-12
3.197577e-12
2.821464e-12
3.271196e-12
3.010599e-12
3.202435e-12
2.776306e-12
2.934370e-12
2.850306e-12
2.748903e-12
2.801012e-12
2.701923e-12
2.938035e-12
2.917051e-12
2.562887e-12
2.823347e-12
2.950641e-12
2.597375e-12
2.900934e-12
3.269205e-12
2.618657e-12
2.621024e-12
2.785941e-12
2.405441e-12
3.067329e-12
2.787518e-12
2.583872e-12
3.180205e-12
3.097543e-12
2.357414e-12
2.299651e-12
2.573929e-12
2.783349e-12
2.506024e-12
2.886269e-12
2.730904e-12
2.953805e-12
2.589238e-12
2.775806e-12
2.700652e-12
2.831560e-12
3.003598e-12
3.048687e-12
2.778354e-12
2.470671e-12
2.594937e-12
2.690149e-12
2.922330e-12
2.669933e-12
2.742035e-12
2.619645e-12
2.606828e-12
2.823397e-12
2.980686e-12
2.432232e-12
2.652395e-12
2.382344e-12
3.179059e-12
2.299255e-12
2.687993e-12
2.991162e-12
3.273943e-12
2.266992e-12
2.795155e-12
2.850494e-12
2.573290e-12
2.877442e-12
2.334808e-12
2.881959e-12
2.740363e-12
2.844356e-12
2.941221e-12
2.434547e-12
2.382660e-12
2.745542e-12
2.281098e-12
2.773744e-12
2.657409e-12
2.878709e-12
2.606072e-12
2.910038e-12
2.763836e-12
2.849982e-12
2.499465e-12
2.864813e-12
2.888955e-12
3.147978e-12
2.619636e-12
2.666083e-12
2.995970e-12
3.186265e-12
2.707130e-12
2.650607e-12
2.534847e-12
2.763889e-12
2.716603e-12
2.607241e-12
2.590148e-12
2.944384e-12
3.157589e-12
2.794089e-12
2.671660e-12
3.025274e-12
3.020021e-12
3.118308e-12
2.262489e-12
2.872641e-12
2.783165e-12
3.033903e-12
2.540936e-12
2.516625e-12
2.966112e-12
2.998396e-12
2.948523e-12
2.790248e-12
2.935914e-12
2.444553e-12
2.625309e-12
2.780398e-12
2.895789e-12
2.536123e-12
2.723711e-12
2.872569e-12
2.816685e-12
2.895411e-12
2.338152e-12
2.417385e-12
3.188628e-12
2.655838e-12
2.622183e-12
2.600943e-12
2.587817e-12
2.879240e-12
2.781633e-12
2.613565e-12
2.594059e-12
2.529787e-12
3.205630e-12
3.004914e-12
2.848938e-12
2.975455e-12
2.939785e-12
2.999689e-12
2.922921e-12
2.605314e-12
3.055185e-12
2.842093e-12
3.166885e-12
2.649686e-12
2.537104e-12
3.103954e-12
2.589102e-12
2.648575e-12
2.372209e-12
2.687267e-12
3.111149e-12
2.940019e-12
2.751147e-12
2.797845e-12
2.576786e-12
2.892734e-12
2.651395e-12
2.679466e-12
2.348859e-12
2.911756e-12
2.519459e-12
2.079866e-12
2.782529e-12
2.554872e-12
2.658995e-12
2.659058e-12
3.076067e-12
3.002695e-12
2.538301e-12
2.697096e-12
2.989040e-12
2.402910e-12
2.436355e-12
2.658161e-12
2.576363e-12
2.573326e-12
2.548199e-12
2.489628e-12
2.504528e-12
2.717006e-12
2.502995e-12
2.768679e-12
2.810994e-12
3.023151e-12
2.742696e-12
2.470522e-12
2.945933e-12
2.681374e-12
2.980988e-12
2.937377e-12
2.516895e-12
3.189641e-12
2.708420e-12
2.764602e-12
2.555483e-12
2.854439e-12
2.751956e-12
3.363081e-12
2.601588e-12
2.910870e-12
2.920211e-12
2.683215e-12
2.851250e-12
2.561549e-12
2.839777e-12
2.585220e-12
3.062856e-12
2.447632e-12
2.712622e-12
2.672767e-12
2.831649e-12
2.830120e-12
2.760157e-12
2.687965e-12
2.564951e-12
3.338042e-12
2.527668e-12
2.861338e-12
3.176301e-12
2.866517e-12
2.837190e-12
2.325733e-12
3.054410e-12
2.949694e-12
3.159107e-12
2.572075e-12
3.330501e-12
2.964954e-12
2.453489e-12
2.638504e-12
3.113392e-12
2.937902e-12
2.725580e-12
2.565038e-12
2.737103e-12
3.045867e-12
3.283873e-12
2.574385e-12
2.995708e-12
2.654583e-12
2.992401e-12
2.951118e-12
2.658537e-12
2.715279e-12
2.922541e-12
2.927609e-12
2.888945e-12
2.727916e-12
2.784626e-12
3.041413e-12
2.531421e-12
3.095790e-12
2.659064e-12
2.849421e-12
2.774974e-12
2.521005e-12
2.812127e-12
2.941047e-12
2.949975e-12
2.672224e-12
2.933503e-12
2.947917e-12
2.632923e-12
2.984010e-12
2.973618e-12
2.813745e-12
2.792510e-12
3.060251e-12
2.755449e-12
2.837566e-12
2.710858e-12
2.971222e-12
2.935179e-12
2.932419e-12
2.960786e-12
2.698314e-12
2.903319e-12
2.427783e-12
2.715958e-12
2.932994e-12
2.692391e-12
2.937205e-12
2.661676e-12
2.608759e-12
3.111803e-12
2.781700e-12
2.875992e-12
2.746164e-12
2.957605e-12
2.786398e-12
2.677688e-12
2.725244e-12
2.932621e-12
2.616856e-12
2.664710e-12
2.620611e-12
2.694480e-12
2.612881e-12
2.556152e-12
3.221679e-12
2.394231e-12
2.980017e-12
3.075408e-12
2.453681e-12
3.082250e-12
2.679885e-12
3.324904e-12
3.129566e-12
2.988144e-12
2.487024e-12
2.780203e-12
3.106472e-12
2.670453e-12
2.893078e-12
3.087825e-12
3.025764e-12
2.988316e-12
2.980356e-12
2.519857e-12
2.900559e-12
2.857484e-12
2.601975e-12
2.735942e-12
2.602789e-12
2.548103e-12
2.978317e-12
2.681750e-12
2.910277e-12
2.665604e-12
2.939450e-12
2.047585e-12
2.831286e-12
2.323984e-12
2.855573e-12
2.905105e-12
2.911358e-12
2.791633e-12
2.750427e-12
2.954116e-12
2.698229e-12
2.632112e-12
2.656529e-12
2.632081e-12
2.544956e-12
2.917841e-12
2.968899e-12
2.761837e-12
2.994316e-12
3.038463e-12
2.937259e-12
3.195127e-12
2.806926e-12
2.859087e-12
2.915056e-12
3.213400e-12
3.147306e-12
3.030635e-12
2.572746e-12
2.808663e-12
2.905626e-12
2.966991e-12
2.936378e-12
2.659358e-12
3.108069e-12
2.730351e-12
2.726545e-12
2.540348e-12
2.947458e-12
2.737364e-12
3.331588e-12
2.781201e-12
2.748013e-12
3.303994e-12
2.933523e-12
2.795643e-12
2.892237e-12
2.609173e-12
2.766175e-12
2.829096e-12
3.037928e-12
2.934235e-12
2.386220e-12
2.757672e-12
2.746604e-12
2.803184e-12
2.823785e-12
3.048390e-12
2.778136e-12
2.997434e-12
2.934273e-12
2.660761e-12
2.701553e-12
3.395621e-12
3.126878e-12
2.626150e-12
2.779854e-12
2.613956e-12
2.905955e-12
2.757259e-12
2.796880e-12
2.830384e-12
2.869957e-12
3.204415e-12
2.540588e-12
2.637165e-12
2.525457e-12
2.976467e-12
2.686443e-12
2.732555e-12
2.846027e-12
2.716611e-12
2.680625e-12
2.951345e-12
2.900939e-12
2.324841e-12
2.776429e-12
3.032839e-12
2.901135e-12
2.826106e-12
2.797584e-12
2.595798e-12
2.814428e-12
2.914552e-12
2.463991e-12
2.879521e-12
2.802540e-12
3.023779e-12
2.270030e-12
2.489254e-12
2.881952e-12
2.637171e-12
2.831942e-12
2.995036e-12
2.717253e-12
2.852817e-12
3.162073e-12
3.040569e-12
2.679129e-12
3.113650e-12
2.706097e-12
2.886976e-12
2.432908e-12
2.773911e-12
2.716146e-12
3.184672e-12
2.692393e-12
3.063925e-12
2.902486e-12
2.599773e-12
2.401805e-12
2.892554e-12
2.576086e-12
3.004381e-12
3.015873e-12
2.680801e-12
2.619722e-12
2.569612e-12
3.033126e-12
2.642080e-12
2.959627e-12
2.959601e-12
2.520058e-12
2.898675e-12
2.523569e-12
2.194897e-12
3.349632e-12
2.167180e-12
2.720603e-12
3.065146e-12
2.922098e-12
2.857643e-12
2.871686e-12
3.021005e-12
2.817394e-12
3.008058e-12
2.458047e-12
2.807247e-12
3.039669e-12
2.563521e-12
2.827146e-12
2.838345e-12
2.603459e-12
2.903143e-12
2.563039e-12
2.661113e-12
2.547267e-12
2.665017e-12
2.718022e-12
2.716664e-12
2.938481e-12
2.798978e-12
2.749744e-12
2.670183e-12
2.216493e-12
2.602268e-12
2.810322e-12
2.645157e-12
2.874537e-12
2.729253e-12
2.392861e-12
3.381586e-12
2.621174e-12
2.883536e-12
2.677435e-12
2.756045e-12
2.909534e-12
2.755072e-12
2.587832e-12
3.223509e-12
2.291919e-12
3.040503e-12
3.091187e-12
2.488140e-12
2.840173e-12
3.197789e-12
2.251762e-12
2.808550e-12
2.984935e-12
2.684285e-12
2.763147e-12
2.858760e-12
2.659675e-12
2.831354e-12
2.806389e-12
2.755775e-12
2.651112e-12
2.603137e-12
2.888151e-12
2.926396e-12
2.725461e-12
2.463242e-12
2.937763e-12
2.653594e-12
2.774470e-12
2.514652e-12
3.431244e-12
2.611998e-12
2.397191e-12
2.730108e-12
2.894849e-12
2.949717e-12
3.018055e-12
2.885901e-12
2.655359e-12
2.703585e-12
2.485969e-12
2.678506e-12
2.361625e-12
2.683276e-12
3.406373e-12
2.597193e-12
2.804341e-12
3.155719e-12
2.607839e-12
2.708827e-12
2.666361e-12
2.575526e-12
2.605399e-12
2.739431e-12
2.806663e-12
2.805538e-12
2.665805e-12
3.023843e-12
2.778651e-12
3.001782e-12
2.814737e-12
2.581632e-12
2.706836e-12
2.962902e-12
2.572063e-12
2.772958e-12
2.556874e-12
2.775210e-12
2.696859e-12
3.199707e-12
2.701944e-12
2.376968e-12
3.106095e-12
2.774624e-12
2.934588e-12
2.545087e-12
2.718113e-12
2.657858e-12
2.394008e-12
2.596507e-12
2.937327e-12
2.963161e-12
2.546545e-12
2.809079e-12
2.807424e-12
2.681635e-12
2.401453e-12
3.172316e-12
2.686807e-12
2.610940e-12
3.226561e-12
2.609363e-12
2.552741e-12
2.675038e-12
2.677974e-12
2.441196e-12
2.623923e-12
2.935562e-12
2.863135e-12
2.815750e-12
2.728745e-12
2.832520e-12
2.736248e-12
2.846052e-12
2.162540e-12
2.905569e-12
2.471256e-12
3.020778e-12
2.599705e-12
2.943286e-12
2.706509e-12
2.753164e-12
3.046264e-12
2.894488e-12
2.550648e-12
2.715569e-12
2.979416e-12
2.682807e-12
2.343292e-12
2.891845e-12
3.085640e-12
3.004553e-12
2.681468e-12
2.903218e-12
2.802856e-12
2.950008e-12
2.766002e-12
2.541768e-12
2.789102e-12
2.831414e-12
2.506964e-12
2.922913e-12
2.701756e-12
2.470676e-12
2.736124e-12
2.502758e-12
2.880604e-12
3.004708e-12
3.030301e-12
2.925203e-12
2.935035e-12
3.195918e-12
2.766631e-12
2.718624e-12
2.693088e-12
2.550727e-12
2.939133e-12
2.656357e-12
3.442412e-12
2.984489e-12
2.601477e-12
2.190793e-12
2.609674e-12
3.191017e-12
2.422434e-12
2.618855e-12
2.810716e-12
2.760393e-12
2.886665e-12
2.824342e-12
2.831286e-12
2.770490e-12
3.119979e-12
2.750321e-12
2.436353e-12
2.556400e-12
2.907826e-12
2.892560e-12
2.606419e-12
2.204885e-12
2.679502e-12
2.538089e-12
2.622562e-12
3.130758e-12
2.545280e-12
3.026538e-12
3.038548e-12
2.899898e-12
2.500552e-12
2.656115e-12
2.694768e-12
2.872952e-12
2.824580e-12
3.278676e-12
2.687239e-12
2.705031e-12
2.794196e-12
2.652469e-12
2.946220e-12
2.769599e-12
2.871786e-12
2.790518e-12
2.674404e-12
2.941208e-12
2.972908e-12
2.561695e-12
2.721828e-12
2.799202e-12
2.710132e-12
2.499720e-12
2.737467e-12
3.001003e-12
2.642943e-12
3.000922e-12
2.909308e-12
2.509763e-12
2.726257e-12
2.832181e-12
2.968906e-12
2.629508e-12
2.880201e-12
2.745440e-12
2.476441e-12
2.510961e-12
2.818549e-12
2.251968e-12
2.617607e-12
2.593973e-12
2.746747e-12
2.792927e-12
2.674008e-12
2.656988e-12
2.494025e-12
3.199625e-12
2.678705e-12
2.659431e-12
2.945285e-12
2.746110e-12
2.891422e-12
2.952523e-12
2.721512e-12
2.846890e-12
2.628896e-12
3.023017e-12
3.252523e-12
2.833673e-12
2.465694e-12
2.806729e-12
2.856492e-12
2.950378e-12
2.719901e-12
2.568646e-12
2.916165e-12
2.494079e-12
2.917657e-12
2.745871e-12
2.931193e-12
2.553267e-12
2.481315e-12
2.717620e-12
2.541806e-12
2.962179e-12
2.826164e-12
2.841689e-12
2.617214e-12
2.672911e-12
3.155164e-12
2.435089e-12
2.798052e-12
2.530613e-12
2.415503e-12
2.593440e-12
2.960990e-12
2.896438e-12
2.635669e-12
3.144583e-12
2.842978e-12
2.638833e-12
2.387759e-12
2.489135e-12
2.976889e-12
2.915386e-12
2.840496e-12
2.966793e-12
2.850848e-12
3.127298e-12
2.513846e-12
2.908956e-12
3.000182e-12
2.858154e-12
2.781134e-12
2.842171e-12
2.644650e-12
2.582717e-12
2.507917e-12
2.370379e-12
2.768864e-12
3.068483e-12
3.206430e-12
2.810399e-12
2.971042e-12
3.043342e-12
2.814425e-12
2.431665e-12
2.965896e-12
2.711383e-12
2.969776e-12
2.805498e-12
2.984360e-12
2.750703e-12
2.266005e-12
2.681153e-12
3.053398e-12
2.893168e-12
2.662594e-12
3.229594e-12
2.610457e-12
2.759774e-12
3.206780e-12
2.555880e-12
2.823196e-12
2.872070e-12
2.891242e-12
2.707926e-12
2.340152e-12
2.820620e-12
2.861762e-12
3.003679e-12
2.919072e-12
3.067559e-12
3.067249e-12
2.477278e-12
2.778772e-12
2.474479e-12
2.771370e-12
2.781824e-12
2.749202e-12
2.704817e-12
2.843625e-12
2.802913e-12
2.847313e-12
2.607911e-12
3.063665e-12
3.008587e-12
2.845055e-12
2.936502e-12
2.599140e-12
2.626519e-12
2.793440e-12
3.177444e-12
2.699041e-12
2.624870e-12
3.130897e-12
2.333148e-12
2.384978e-12
2.754516e-12
2.865461e-12
2.479477e-12
2.651954e-12
2.823332e-12
2.690317e-12
2.902368e-12
2.724038e-12
2.471620e-12
2.993869e-12
2.411821e-12
3.079642e-12
2.867726e-12
2.830483e-12
2.469415e-12
2.769825e-12
3.104939e-12
3.078672e-12
2.732761e-12
2.560763e-12
2.514291e-12
3.358920e-12
2.736894e-12
2.512848e-12
3.099346e-12
2.712191e-12
2.965131e-12
2.500106e-12
2.619136e-12
3.114786e-12
2.708125e-12
2.685972e-12
2.995889e-12
2.139226e-12
2.387802e-12
2.679175e-12
2.970890e-12
2.487214e-12
2.516463e-12
2.658010e-12
2.833657e-12
3.039019e-12
2.860799e-12
2.120066e-12
2.442347e-12
2.719886e-12
3.004052e-12
2.927209e-12
2.860741e-12
2.608867e-12
2.663974e-12
2.977965e-12
2.842207e-12
3.057643e-12
3.101278e-12
2.378435e-12
3.184367e-12
2.588231e-12
2.501475e-12
2.783144e-12
2.831249e-12
2.793777e-12
2.813972e-12
2.936173e-12
2.732034e-12
3.136629e-12
2.927384e-12
2.508494e-12
2.655172e-12
2.790302e-12
2.759742e-12
2.810591e-12
2.567587e-12
3.101287e-12
3.023300e-12
2.705168e-12
2.773691e-12
2.821268e-12
2.762034e-12
2.845347e-12
2.692020e-12
2.882995e-12
2.866657e-12
2.457669e-12
3.105864e-12
2.724146e-12
2.633982e-12
2.507856e-12
2.618943e-12
2.632718e-12
2.387526e-12
2.555496e-12
2.787492e-12
2.954175e-12
2.574395e-12
2.765917e-12
3.138069e-12
2.990098e-12
2.645647e-12
2.973929e-12
2.849362e-12
2.980802e-12
2.888552e-12
3.284106e-12
2.959907e-12
2.524093e-12
2.536035e-12
2.697603e-12
2.579331e-12
2.433940e-12
2.833430e-12
2.717521e-12
2.623402e-12
2.853837e-12
3.283527e-12
3.114582e-12
2.639325e-12
2.796607e-12
2.728891e-12
2.613996e-12
3.067719e-12
2.349075e-12
2.672005e-12
2.909468e-12
2.555434e-12
2.728733e-12
2.402916e-12
3.035571e-12
2.608938e-12
2.436173e-12
2.752055e-12
2.675920e-12
2.866289e-12
3.089242e-12
2.721535e-12
2.909778e-12
2.686255e-12
2.921286e-12
2.813932e-12
2.742997e-12
3.070432e-12
2.822145e-12
2.885410e-12
3.103728e-12
2.797344e-12
2.883766e-12
2.850901e-12
2.758808e-12
2.790767e-12
3.086928e-12
2.626677e-12
2.878225e-12
2.904566e-12
2.586069e-12
2.973952e-12
2.386325e-12
2.591136e-12
2.701549e-12
2.658416e-12
2.710223e-12
3.035325e-12
2.759673e-12
2.763594e-12
3.009941e-12
2.612885e-12
3.058848e-12
3.167415e-12
2.977637e-12
3.067363e-12
2.936057e-12
2.625020e-12
2.588388e-12
2.763095e-12
2.561392e-12
2.769232e-12
2.842502e-12
2.241713e-12
2.760401e-12
2.495555e-12
2.700465e-12
2.956469e-12
2.467042e-12
3.039299e-12
2.630970e-12
3.205915e-12
3.103745e-12
3.042525e-12
2.803287e-12
2.979429e-12
2.831887e-12
2.814408e-12
2.529730e-12
3.078997e-12
2.884961e-12
3.170413e-12
2.804881e-12
2.959948e-12
2.953729e-12
2.443090e-12
2.436205e-12
2.755950e-12
2.973928e-12
2.909879e-12
2.491894e-12
2.817237e-12
3.115691e-12
2.948271e-12
2.477206e-12
2.880554e-12
2.925262e-12
2.679505e-12
2.969738e-12
2.870090e-12
2.926260e-12
2.475528e-12
2.827513e-12
2.644132e-12
2.665245e-12
2.940460e-12
3.069821e-12
2.762150e-12
2.625505e-12
3.197810e-12
2.873967e-12
3.346788e-12
3.091163e-12
2.457644e-12
2.947457e-12
2.454854e-12
2.808443e-12
2.704705e-12
3.149983e-12
2.638212e-12
2.454059e-12
2.393491e-12
2.996699e-12
2.659208e-12
2.769645e-12
2.898646e-12
2.835136e-12
2.729409e-12
2.857825e-12
2.639361e-12
2.679924e-12
2.630511e-12
2.504357e-12
2.333504e-12
2.918953e-12
2.417532e-12
3.218936e-12
2.781323e-12
2.970761e-12
2.692165e-12
2.472757e-12
2.858755e-12
2.915426e-12
2.906027e-12
2.796093e-12
3.454542e-12
2.743815e-12
2.857603e-12
3.020792e-12
2.890907e-12
2.775107e-12
2.705409e-12
2.934446e-12
2.865905e-12
2.936567e-12
2.975292e-12
2.467972e-12
3.076992e-12
2.810327e-12
3.082800e-12
2.922624e-12
2.668989e-12
2.816676e-12
2.823692e-12
2.549472e-12
2.929506e-12
2.679149e-12
2.611380e-12
2.833416e-12
2.613166e-12
2.836702e-12
2.962870e-12
2.907951e-12
2.823703e-12
3.159868e-12
2.895069e-12
2.964035e-12
2.772287e-12
2.952583e-12
2.491550e-12
2.521400e-12
2.855717e-12
2.814980e-12
2.882004e-12
2.627336e-12
3.110413e-12
3.170169e-12
2.707582e-12
3.030781e-12
2.699536e-12
2.958191e-12
2.616251e-12
2.877600e-12
2.797866e-12
2.930954e-12
2.531090e-12
2.547107e-12
2.834613e-12
2.488090e-12
2.879206e-12
2.945382e-12
2.805050e-12
2.553095e-12
3.068945e-12
2.730143e-12
2.510133e-12
2.131212e-12
2.506800e-12
3.201046e-12
2.834475e-12
3.060108e-12
2.727791e-12
2.972509e-12
2.769298e-12
3.232903e-12
3.144481e-12
2.744194e-12
2.930527e-12
3.045064e-12
3.391075e-12
2.807645e-12
2.611426e-12
2.873646e-12
3.193971e-12
2.365311e-12
2.888225e-12
3.128146e-12
3.080093e-12
2.757200e-12
3.023138e-12
2.860903e-12
2.390697e-12
3.107802e-12
2.498858e-12
2.624067e-12
2.669218e-12
2.858746e-12
2.729534e-12
2.246633e-12
2.554457e-12
2.363775e-12
3.224109e-12
2.655458e-12
2.856153e-12
3.045653e-12
2.605051e-12
3.095701e-12
2.843124e-12
2.862850e-12
2.795720e-12
3.153311e-12
2.667291e-12
2.966811e-12
3.086584e-12
2.716515e-12
2.746372e-12
2.961450e-12
2.696413e-12
2.926996e-12
2.704007e-12
2.619741e-12
2.541876e-12
2.760315e-12
2.956409e-12
2.653655e-12
2.449929e-12
2.387092e-12
2.703830e-12
2.436200e-12
2.817990e-12
2.736584e-12
2.740112e-12
2.664443e-12
2.813971e-12
2.457244e-12
2.908621e-12
2.542246e-12
2.695334e-12
3.166732e-12
2.983350e-12
2.948939e-12
3.118385e-12
2.843199e-12
2.372476e-12
2.714993e-12
2.680308e-12
3.051606e-12
2.781895e-12
2.667388e-12
3.154356e-12
2.389142e-12
2.660443e-12
2.015833e-12
2.949710e-12
2.579520e-12
2.880874e-12
3.174099e-12
2.775460e-12
2.847988e-12
2.673028e-12
2.821464e-12
2.592414e-12
3.238247e-12
2.812933e-12
2.526894e-12
2.841412e-12
3.071421e-12
2.702859e-12
2.602399e-12
2.545056e-12
2.765765e-12
3.180113e-12
2.553758e-12
3.066719e-12
2.503570e-12
2.565831e-12
2.630047e-12
2.742274e-12
2.759877e-12
2.932190e-12
2.617791e-12
2.694930e-12
2.651526e-12
2.457226e-12
2.627800e-12
3.151341e-12
2.631678e-12
2.741675e-12
2.786405e-12
3.077000e-12
2.447436e-12
2.624396e-12
2.784786e-12
3.109816e-12
3.029064e-12
2.691681e-12
2.766844e-12
2.725819e-12
2.753041e-12
2.614863e-12
2.873219e-12
2.731514e-12
3.089317e-12
2.921353e-12
3.025462e-12
2.454677e-12
2.777803e-12
2.745994e-12
2.497620e-12
2.645483e-12
2.571872e-12
2.842319e-12
2.914965e-12
2.721865e-12
2.946845e-12
2.983374e-12
2.723260e-12
2.548070e-12
2.688677e-12
2.868746e-12
2.843996e-12
2.894994e-12
2.971460e-12
2.745875e-12
2.836928e-12
2.958793e-12
2.825442e-12
2.974788e-12
3.161910e-12
2.914250e-12
2.887454e-12
3.135774e-12
2.674787e-12
2.728781e-12
3.006892e-12
3.034639e-12
2.784762e-12
3.220871e-12
2.715537e-12
2.852312e-12
3.000807e-12
2.265766e-12
2.663814e-12
2.697604e-12
2.661125e-12
3.228591e-12
3.001638e-12
2.986109e-12
2.888745e-12
3.260086e-12
2.958991e-12
2.530891e-12
2.750142e-12
2.935597e-12
2.814224e-12
2.464305e-12
2.752433e-12
2.809485e-12
2.943345e-12
2.888752e-12
2.839610e-12
2.711585e-12
2.506836e-12
2.595378e-12
3.213770e-12
3.239581e-12
2.502135e-12
3.051257e-12
2.994613e-12
2.826141e-12
2.710227e-12
3.033458e-12
3.143351e-12
2.781751e-12
2.669422e-12
2.428859e-12
2.693559e-12
3.000748e-12
2.731692e-12
2.332619e-12
3.209177e-12
2.905425e-12
2.939497e-12
2.990689e-12
2.520853e-12
2.963789e-12
3.049361e-12
2.446033e-12
3.204934e-12
2.857085e-12
3.010425e-12
3.161720e-12
3.102624e-12
3.144627e-12
3.163619e-12
2.614429e-12
3.019249e-12
2.301516e-12
3.399972e-12
2.630090e-12
3.138838e-12
2.783695e-12
2.642866e-12
2.961750e-12
2.927481e-12
2.956379e-12
2.783793e-12
3.188813e-12
3.089958e-12
2.990365e-12
3.113890e-12
2.705844e-12
2.710203e-12
3.277102e-12
2.952280e-12
2.679931e-12
2.731325e-12
2.587618e-12
2.485488e-12
2.910729e-12
2.680537e-12
2.253297e-12
2.652077e-12
2.778399e-12
2.855795e-12
3.225122e-12
2.803637e-12
2.596185e-12
2.778146e-12
2.735933e-12
2.774043e-12
2.662722e-12
2.779710e-12
2.605982e-12
2.836081e-12
2.709109e-12
2.681604e-12
3.001752e-12
3.201766e-12
2.829191e-12
2.667967e-12
3.085425e-12
2.845350e-12
2.613200e-12
2.520500e-12
2.784467e-12
2.803424e-12
2.539210e-12
2.987577e-12
2.956461e-12
2.913534e-12
2.322136e-12
2.666807e-12
3.020603e-12
2.919340e-12
2.881103e-12
2.677971e-12
2.885668e-12
2.701554e-12
2.912954e-12
2.812826e-12
2.562402e-12
3.300557e-12
2.703835e-12
2.703702e-12
2.238143e-12
2.842857e-12
3.374922e-12
3.052383e-12
2.595542e-12
2.633597e-12
3.020431e-12
2.367423e-12
3.304381e-12
2.774269e-12
2.244743e-12
2.826211e-12
2.854723e-12
2.729250e-12
3.000487e-12
2.734333e-12
3.116597e-12
3.078177e-12
2.829054e-12
2.907012e-12
2.767952e-12
2.621109e-12
2.864760e-12
2.678356e-12
3.067979e-12
2.424763e-12
2.832272e-12
2.464297e-12
2.676968e-12
3.121592e-12
2.744912e-12
2.715977e-12
2.456967e-12
2.639296e-12
2.737250e-12
2.612801e-12
2.908513e-12
2.729699e-12
2.878079e-12
2.566839e-12
2.584889e-12
2.927072e-12
2.352237e-12
3.047371e-12
3.050582e-12
2.552234e-12
2.653150e-12
2.823014e-12
2.846255e-12
2.596016e-12
2.989364e-12
2.521134e-12
2.997818e-12
3.002596e-12
2.809313e-12
2.835501e-12
2.753356e-12
2.721110e-12
2.767313e-12
2.924933e-12
3.052193e-12
3.158109e-12
2.401989e-12
2.150626e-12
2.741019e-12
2.715327e-12
2.681134e-12
3.166950e-12
2.597471e-12
2.913402e-12
2.694389e-12
2.395349e-12
3.130198e-12
2.667100e-12
2.406002e-12
2.545437e-12
2.491374e-12
2.591238e-12
2.415373e-12
2.571534e-12
3.042133e-12
2.659218e-12
2.932161e-12
2.905571e-12
2.697376e-12
2.617379e-12
2.512960e-12
2.374356e-12
2.406546e-12
2.674691e-12
2.976301e-12
2.899557e-12
2.842768e-12
2.765839e-12
2.628740e-12
3.296096e-12
2.498195e-12
2.925178e-12
2.363046e-12
2.676665e-12
2.859770e-12
2.418910e-12
2.742193e-12
2.731851e-12
2.779331e-12
2.754283e-12
2.799579e-12
2.758932e-12
2.794165e-12
2.757565e-12
2.442899e-12
2.871619e-12
2.973280e-12
2.817325e-12
2.721745e-12
2.963422e-12
2.450084e-12
2.859328e-12
2.755875e-12
2.700222e-12
2.760392e-12
2.821903e-12
2.745462e-12
2.867037e-12
2.516597e-12
2.469495e-12
2.655221e-12
2.850239e-12
3.085995e-12
2.497277e-12
3.246313e-12
2.514366e-12
2.908493e-12
2.647159e-12
2.922824e-12
2.683103e-12
2.796991e-12
2.608321e-12
2.656146e-12
2.895510e-12
2.979021e-12
2.627196e-12
2.687973e-12
2.885472e-12
2.843100e-12
2.648083e-12
2.878279e-12
2.735257e-12
3.061867e-12
2.819493e-12
2.648436e-12
3.010906e-12
2.486486e-12
2.767831e-12
2.966544e-12
2.665661e-12
3.138846e-12
2.844663e-12
2.863087e-12
2.580203e-12
2.656369e-12
2.865498e-12
2.958542e-12
2.597777e-12
2.618117e-12
2.576201e-12
3.007477e-12
2.782955e-12
2.940884e-12
2.615215e-12
2.791161e-12
3.040712e-12
2.754304e-12
2.924291e-12
2.691859e-12
2.830194e-12
2.887096e-12
2.770251e-12
3.325136e-12
2.662120e-12
2.883782e-12
2.659993e-12
3.096967e-12
2.934879e-12
2.684649e-12
2.600779e-12
2.749125e-12
2.388692e-12
2.751501e-12
2.440011e-12
2.810860e-12
2.777250e-12
2.688591e-12
3.010462e-12
2.587879e-12
2.510002e-12
2.561918e-12
2.799940e-12
2.452965e-12
2.766737e-12
2.932617e-12
2.752630e-12
2.811814e-12
2.431786e-12
2.653440e-12
2.895323e-12
2.576960e-12
2.798380e-12
3.063891e-12
3.053845e-12
2.939545e-12
2.732548e-12
2.499203e-12
2.879760e-12
2.817017e-12
2.713054e-12
2.844844e-12
2.606695e-12
2.779491e-12
2.870201e-12
2.838302e-12
2.431939e-12
3.133862e-12
2.820690e-12
2.722900e-12
2.790325e-12
3.105192e-12
2.665857e-12
2.670394e-12
2.905102e-12
2.768297e-12
2.687063e-12
2.916916e-12
3.018942e-12
2.835353e-12
2.651543e-12
2.669729e-12
2.872318e-12
2.657615e-12
2.966451e-12
2.688306e-12
2.953687e-12
2.534199e-12
2.889360e-12
2.298689e-12
2.989413e-12
2.898797e-12
2.841742e-12
2.904304e-12
2.827247e-12
2.619811e-12
2.794524e-12
2.599174e-12
2.707885e-12
3.218957e-12
2.729246e-12
2.891599e-12
2.465536e-12
2.937063e-12
2.623163e-12
2.478858e-12
2.931770e-12
2.956595e-12
2.825446e-12
2.478366e-12
2.723159e-12
2.725908e-12
2.994031e-12
2.815950e-12
3.096534e-12
2.665751e-12
2.684194e-12
2.724472e-12
2.981083e-12
2.853217e-12
2.700910e-12
2.906463e-12
2.641412e-12
2.678995e-12
3.007841e-12
2.640611e-12
2.761441e-12
2.784985e-12
2.560334e-12
2.492523e-12
2.856038e-12
3.115370e-12
2.744484e-12
2.950361e-12
2.767286e-12
2.843790e-12
2.883185e-12
2.644190e-12
2.780109e-12
2.348388e-12
2.592928e-12
3.145406e-12
2.884481e-12
3.167451e-12
2.805902e-12
2.425903e-12
2.938092e-12
2.562895e-12
2.632299e-12
2.886167e-12
2.514343e-12
2.673847e-12
3.143082e-12
2.857127e-12
3.030984e-12
2.737930e-12
3.065537e-12
2.730707e-12
2.610471e-12
2.862421e-12
2.253464e-12
3.351954e-12
3.224490e-12
2.987988e-12
2.850976e-12
2.653457e-12
2.989090e-12
2.624580e-12
2.867689e-12
2.897139e-12
2.554145e-12
2.332651e-12
2.895698e-12
2.851114e-12
3.041187e-12
3.178883e-12
2.728537e-12
2.572257e-12
2.567151e-12
2.571035e-12
2.798272e-12
3.014168e-12
2.585450e-12
2.580675e-12
2.973593e-12
2.599378e-12
3.282224e-12
2.850131e-12
2.672134e-12
2.506243e-12
2.830725e-12
2.579604e-12
3.236668e-12
2.490080e-12
2.761810e-12
2.868867e-12
2.921891e-12
2.898615e-12
2.790508e-12
2.780281e-12
2.839709e-12
2.885615e-12
2.943073e-12
2.519064e-12
2.650311e-12
2.819795e-12
2.273457e-12
2.571990e-12
2.800623e-12
3.031510e-12
3.189517e-12
2.789979e-12
2.683709e-12
2.693855e-12
3.123251e-12
2.243353e-12
2.941662e-12
2.502954e-12
2.739443e-12
2.323426e-12
2.627214e-12
2.754111e-12
3.001555e-12
3.506925e-12
3.018540e-12
2.717642e-12
3.086903e-12
2.456838e-12
3.038789e-12
2.817898e-12
3.110227e-12
2.668369e-12
2.799413e-12
2.906242e-12
2.385360e-12
2.985355e-12
3.265016e-12
2.822179e-12
3.065354e-12
2.602692e-12
2.946990e-12
2.354245e-12
2.280518e-12
2.339149e-12
2.695055e-12
2.950055e-12
2.603208e-12
2.707594e-12
2.896454e-12
2.697947e-12
2.744226e-12
2.347849e-12
2.758068e-12
2.675564e-12
3.225044e-12
3.071689e-12
2.689807e-12
2.777651e-12
2.760072e-12
3.147647e-12
2.447698e-12
2.869409e-12
2.920905e-12
2.647879e-12
3.035985e-12
2.742241e-12
2.691662e-12
2.959808e-12
2.908100e-12
2.702909e-12
2.646207e-12
3.029010e-12
2.951539e-12
2.952831e-12
3.350518e-12
2.985109e-12
2.638749e-12
2.796984e-12
2.859887e-12
2.495150e-12
3.030432e-12
3.095595e-12
3.106944e-12
3.215566e-12
3.006247e-12
2.814804e-12
2.932644e-12
2.889477e-12
2.891665e-12
2.625949e-12
2.889402e-12
2.909720e-12
2.512441e-12
2.380386e-12
2.868335e-12
2.810745e-12
2.821842e-12
2.619349e-12
2.655315e-12
2.292506e-12
2.566200e-12
2.884005e-12
2.640165e-12
2.602228e-12
2.883602e-12
3.014373e-12
2.620278e-12
2.199158e-12
2.777818e-12
2.878295e-12
2.561017e-12
3.010691e-12
3.105554e-12
2.654859e-12
2.635675e-12
3.000433e-12
2.894517e-12
2.824619e-12
2.688507e-12
2.654601e-12
2.810930e-12
2.694728e-12
2.469676e-12
2.581878e-12
2.556592e-12
2.910987e-12
2.988645e-12
2.890896e-12
2.744810e-12
2.762338e-12
2.578756e-12
2.359352e-12
2.844863e-12
2.803568e-12
2.702173e-12
2.660984e-12
2.572523e-12
2.882204e-12
2.643134e-12
2.997937e-12
2.667804e-12
3.078192e-12
2.733243e-12
2.824635e-12
2.457320e-12
2.636569e-12
2.880199e-12
2.787996e-12
2.829963e-12
2.639486e-12
3.298357e-12
2.951458e-12
2.677620e-12
2.590717e-12
2.985920e-12
2.517278e-12
2.383843e-12
2.879604e-12
2.302746e-12
3.141268e-12
2.588426e-12
2.780561e-12
2.448750e-12
2.479712e-12
2.297265e-12
2.336576e-12
3.065675e-12
2.540296e-12
2.769953e-12
2.935804e-12
2.736580e-12
2.859730e-12
2.510842e-12
2.781315e-12
3.120913e-12
3.128624e-12
2.774008e-12
2.840807e-12
2.645648e-12
3.219630e-12
3.485279e-12
3.271602e-12
2.664798e-12
2.638266e-12
2.744982e-12
2.565042e-12
3.076437e-12
2.899235e-12
2.726339e-12
2.921872e-12
2.737968e-12
2.338719e-12
2.760392e-12
2.582256e-12
2.826065e-12
2.676570e-12
3.154731e-12
2.603893e-12
3.117165e-12
2.886859e-12
2.831738e-12
3.350490e-12
2.859300e-12
2.894656e-12
2.846066e-12
2.980682e-12
2.329180e-12
2.906175e-12
3.103896e-12
2.715219e-12
2.709783e-12
2.838338e-12
2.951241e-12
2.480518e-12
2.922305e-12
2.617888e-12
2.811683e-12
2.691399e-12
2.460175e-12
2.559372e-12
2.644407e-12
2.654990e-12
3.119470e-12
2.353309e-12
2.690291e-12
2.887789e-12
2.700118e-12
2.322662e-12
2.969330e-12
2.645982e-12
2.915753e-12
2.976059e-12
2.984142e-12
2.843948e-12
2.949844e-12
2.852722e-12
2.730433e-12
2.853649e-12
3.191931e-12
2.701080e-12
2.956780e-12
2.832818e-12
2.791462e-12
2.572906e-12
2.974811e-12
2.549840e-12
2.596824e-12
2.988296e-12
3.059828e-12
2.939811e-12
2.394077e-12
2.638289e-12
3.138310e-12
2.541793e-12
2.898068e-12
2.431929e-12
2.762351e-12
2.971761e-12
2.677941e-12
2.935624e-12
2.696767e-12
3.014342e-12
2.820294e-12
2.736538e-12
2.709628e-12
2.763761e-12
2.568633e-12
2.983636e-12
2.509110e-12
2.719309e-12
2.727691e-12
2.982208e-12
2.816648e-12
3.152958e-12
2.799528e-12
2.460472e-12
2.340333e-12
2.719439e-12
2.793483e-12
2.643904e-12
2.724572e-12
2.794500e-12
2.820806e-12
2.475301e-12
2.695845e-12
3.302269e-12
2.921099e-12
2.859043e-12
2.376145e-12
3.032221e-12
2.880607e-12
3.034297e-12
2.586698e-12
2.585329e-12
2.928933e-12
2.582691e-12
2.705316e-12
2.691405e-12
2.498019e-12
2.916109e-12
2.870272e-12
2.855452e-12
2.809203e-12
2.922794e-12
2.759976e-12
2.734826e-12
3.101333e-12
2.595922e-12
2.967925e-12
2.883917e-12
3.021791e-12
2.838585e-12
2.608138e-12
2.617091e-12
2.567376e-12
2.821965e-12
2.854214e-12
3.019838e-12
2.962321e-12
2.630884e-12
3.017205e-12
3.019330e-12
2.893723e-12
3.054225e-12
3.334038e-12
2.904502e-12
2.805749e-12
2.744109e-12
2.665245e-12
2.849994e-12
2.820186e-12
2.804104e-12
2.670943e-12
2.927072e-12
2.519136e-12
2.693811e-12
2.826427e-12
3.018731e-12
2.589861e-12
2.889891e-12
3.021544e-12
2.611271e-12
2.655291e-12
2.697815e-12
2.889348e-12
2.872355e-12
2.679053e-12
3.196002e-12
2.512640e-12
2.628002e-12
2.509892e-12
3.075952e-12
3.176972e-12
2.655254e-12
2.701239e-12
2.706546e-12
2.688714e-12
2.525557e-12
2.862780e-12
2.741004e-12
2.768631e-12
2.678430e-12
2.929411e-12
2.577458e-12
2.670288e-12
3.065930e-12
2.814222e-12
3.356019e-12
2.844546e-12
2.561189e-12
3.231490e-12
2.535972e-12
2.613994e-12
3.016205e-12
2.601140e-12
3.265207e-12
2.623860e-12
2.910141e-12
2.740455e-12
2.123886e-12
2.924777e-12
2.908256e-12
3.197152e-12
2.825828e-12
2.486512e-12
2.562833e-12
2.594622e-12
2.430715e-12
2.642602e-12
3.003263e-12
2.875128e-12
3.235749e-12
2.493077e-12
2.798366e-12
2.745845e-12
2.983393e-12
2.803557e-12
2.932482e-12
2.902337e-12
3.036802e-12
2.872391e-12
2.626358e-12
2.590047e-12
2.549039e-12
2.794198e-12
2.843508e-12
2.823537e-12
2.598636e-12
2.555519e-12
2.892722e-12
2.902028e-12
2.621697e-12
2.480651e-12
2.578416e-12
2.654588e-12
2.744386e-12
2.786874e-12
2.729441e-12
2.482033e-12
2.884110e-12
2.981377e-12
3.140111e-12
3.068373e-12
2.787384e-12
2.840246e-12
3.209146e-12
2.673101e-12
2.796668e-12
2.644765e-12
2.714527e-12
2.860974e-12
2.413121e-12
2.827978e-12
2.586407e-12
2.687609e-12
2.764841e-12
2.350783e-12
2.359111e-12
3.032398e-12
2.308021e-12
2.596136e-12
2.991191e-12
2.824151e-12
2.555495e-12
2.494017e-12
2.492156e-12
2.750193e-12
2.871408e-12
2.865283e-12
2.522506e-12
2.545729e-12
2.632877e-12
2.566995e-12
2.911924e-12
3.040203e-12
2.855129e-12
2.552730e-12
3.143824e-12
2.942642e-12
2.736819e-12
2.493973e-12
2.884968e-12
2.759887e-12
2.850518e-12
2.769425e-12
2.417896e-12
2.866289e-12
2.958819e-12
3.069128e-12
2.502577e-12
2.346389e-12
2.629723e-12
2.726285e-12
2.905267e-12
2.637012e-12
2.614832e-12
2.630789e-12
2.923343e-12
2.698262e-12
2.754307e-12
2.925819e-12
3.134193e-12
2.847758e-12
2.444846e-12
2.881620e-12
3.177250e-12
2.993551e-12
2.838320e-12
2.287513e-12
2.606567e-12
2.909496e-12
3.076229e-12
2.830087e-12
2.739440e-12
2.772947e-12
3.097485e-12
2.532557e-12
3.036677e-12
2.988184e-12
2.507649e-12
2.568182e-12
2.481577e-12
2.243241e-12
3.202673e-12
2.682452e-12
3.075971e-12
3.017900e-12
2.859076e-12
3.148839e-12
2.702246e-12
2.477349e-12
2.830609e-12
2.840101e-12
2.639863e-12
3.061973e-12
2.809035e-12
2.687458e-12
3.012478e-12
2.714757e-12
2.553558e-12
2.415307e-12
2.928936e-12
3.081764e-12
2.650895e-12
2.838782e-12
2.740145e-12
2.838726e-12
3.098473e-12
2.369712e-12
2.681758e-12
2.661809e-12
2.904269e-12
2.760357e-12
2.712122e-12
2.589623e-12
2.946254e-12
2.742359e-12
2.835268e-12
3.046433e-12
2.699876e-12
2.500908e-12
2.682389e-12
2.815068e-12
3.062502e-12
2.340166e-12
2.767790e-12
2.523677e-12
2.825666e-12
2.742281e-12
2.650827e-12
2.662250e-12
2.787537e-12
2.684983e-12
2.841392e-12
3.009383e-12
2.703430e-12
2.831148e-12
2.740500e-12
2.803616e-12
3.254370e-12
2.749535e-12
2.765596e-12
2.751004e-12
2.322461e-12
2.830362e-12
3.035664e-12
2.990455e-12
2.925809e-12
2.526879e-12
2.789449e-12
2.598054e-12
2.716110e-12
2.879350e-12
3.001554e-12
2.755068e-12
2.719987e-12
3.128458e-12
2.706202e-12
2.813509e-12
2.914943e-12
2.564993e-12
2.953537e-12
2.626414e-12
2.832361e-12
2.536924e-12
2.872670e-12
2.669178e-12
2.448442e-12
2.719892e-12
3.035762e-12
2.837441e-12
3.019101e-12
2.643035e-12
2.840007e-12
2.348798e-12
3.060453e-12
2.636482e-12
2.840724e-12
2.855821e-12
2.890026e-12
3.088284e-12
2.484378e-12
2.864450e-12
2.562917e-12
2.554993e-12
2.451878e-12
2.484884e-12
3.092559e-12
2.608072e-12
3.006611e-12
2.642967e-12
2.693165e-12
2.716329e-12
2.964007e-12
2.650486e-12
2.048848e-12
2.653670e-12
2.797756e-12
2.523567e-12
2.977040e-12
3.335883e-12
2.310641e-12
2.451692e-12
2.593153e-12
2.691344e-12
2.683493e-12
2.974102e-12
3.382967e-12
2.580953e-12
3.011655e-12
2.885406e-12
3.115879e-12
3.159273e-12
2.928197e-12
2.918362e-12
2.610601e-12
2.591491e-12
2.466495e-12
2.757095e-12
2.665347e-12
2.739221e-12
2.387194e-12
2.517356e-12
2.963422e-12
2.822757e-12
2.815325e-12
2.791537e-12
2.934438e-12
2.652534e-12
3.296067e-12
2.727231e-12
2.711965e-12
2.745778e-12
2.808540e-12
2.403092e-12
2.631706e-12
2.909814e-12
2.626138e-12
2.519563e-12
2.708792e-12
2.957576e-12
3.073342e-12
2.561307e-12
2.692195e-12
2.589695e-12
3.063547e-12
2.921544e-12
2.778384e-12
2.981474e-12
3.071308e-12
2.969636e-12
2.730917e-12
2.710467e-12
2.583339e-12
2.886410e-12
3.363690e-12
2.762480e-12
2.747958e-12
2.844139e-12
2.599016e-12
2.847193e-12
3.144978e-12
2.724668e-12
2.708910e-12
2.761491e-12
2.673438e-12
2.896043e-12
2.487386e-12
2.360982e-12
2.712921e-12
2.681572e-12
2.683582e-12
2.802149e-12
2.052321e-12
2.783981e-12
3.111770e-12
3.108368e-12
2.817792e-12
2.857718e-12
2.862867e-12
2.653708e-12
3.093841e-12
2.731363e-12
3.312688e-12
2.529540e-12
2.589540e-12
2.835314e-12
2.632501e-12
3.026801e-12
3.070237e-12
3.022223e-12
2.453211e-12
2.558041e-12
2.618194e-12
2.966246e-12
2.939058e-12
2.987359e-12
2.558538e-12
2.914615e-12
2.895572e-12
2.846295e-12
2.930102e-12
2.796980e-12
2.757635e-12
2.979196e-12
2.843829e-12
2.781781e-12
3.026461e-12
2.835286e-12
2.783257e-12
2.651056e-12
2.609280e-12
2.421889e-12
2.910729e-12
2.929613e-12
2.666654e-12
3.009887e-12
2.880081e-12
2.607438e-12
2.596870e-12
2.471453e-12
2.815874e-12
2.826936e-12
2.808070e-12
2.577861e-12
2.947913e-12
3.148092e-12
3.062054e-12
2.397488e-12
2.642620e-12
3.044967e-12
2.871962e-12
2.475165e-12
2.997293e-12
2.671740e-12
2.373269e-12
2.980477e-12
2.724072e-12
2.783643e-12
2.562872e-12
3.137594e-12
2.790060e-12
2.938048e-12
2.975047e-12
3.042468e-12
3.224133e-12
2.581920e-12
2.712953e-12
2.995058e-12
2.735931e-12
2.856543e-12
2.737937e-12
2.443991e-12
2.658934e-12
2.947516e-12
2.845769e-12
2.733845e-12
2.746747e-12
2.986071e-12
2.536800e-12
2.398165e-12
2.991904e-12
2.789017e-12
3.201961e-12
2.570726e-12
2.859068e-12
3.057166e-12
2.850546e-12
2.850201e-12
2.456446e-12
2.620841e-12
2.638315e-12
3.062310e-12
2.354379e-12
2.919457e-12
3.130211e-12
2.963238e-12
2.683015e-12
2.977957e-12
2.649382e-12
2.662736e-12
2.916757e-12
3.030574e-12
2.307385e-12
2.798467e-12
3.025189e-12
2.825638e-12
2.642868e-12
2.729979e-12
2.590092e-12
2.729095e-12
2.959708e-12
2.752473e-12
3.210380e-12
2.211915e-12
2.636885e-12
2.349426e-12
2.903809e-12
2.543179e-12
2.743074e-12
2.843935e-12
3.295813e-12
2.757168e-12
2.722535e-12
2.988422e-12
3.190725e-12
2.410886e-12
2.563759e-12
2.565276e-12
3.098118e-12
2.234894e-12
2.682058e-12
2.539390e-12
2.772828e-12
3.201101e-12
2.394601e-12
2.775791e-12
2.635555e-12
2.862534e-12
2.647596e-12
2.826598e-12
3.239925e-12
2.746488e-12
2.224495e-12
2.817321e-12
3.145416e-12
2.935802e-12
2.918338e-12
2.837872e-12
3.020197e-12
2.895334e-12
2.706315e-12
2.770269e-12
3.153005e-12
2.622935e-12
2.671638e-12
2.513718e-12
2.708683e-12
2.661470e-12
2.779628e-12
2.812669e-12
2.441864e-12
3.158809e-12
3.450068e-12
2.757684e-12
2.799162e-12
2.925116e-12
2.639872e-12
2.875720e-12
2.999509e-12
2.974079e-12
2.506933e-12
2.985304e-12
2.881324e-12
3.159815e-12
3.186626e-12
2.791185e-12
3.416980e-12
2.976565e-12
3.039261e-12
2.326321e-12
2.853650e-12
3.002075e-12
2.902691e-12
2.346424e-12
2.765557e-12
2.783019e-12
2.488436e-12
3.060575e-12
3.003645e-12
2.984595e-12
2.844791e-12
3.180921e-12
2.776042e-12
3.119879e-12
2.903700e-12
2.575876e-12
2.755038e-12
2.942410e-12
2.895175e-12
2.537168e-12
3.162327e-12
2.925051e-12
2.741402e-12
2.564983e-12
2.856611e-12
3.080706e-12
2.836669e-12
2.858881e-12
2.723909e-12
3.039885e-12
2.623862e-12
2.900677e-12
3.216306e-12
3.023861e-12
2.600232e-12
2.829276e-12
2.645473e-12
3.063042e-12
2.797947e-12
2.792474e-12
2.628163e-12
3.102707e-12
2.733935e-12
2.295920e-12
2.563672e-12
3.090854e-12
3.189216e-12
2.786814e-12
2.502705e-12
2.803257e-12
2.678915e-12
3.112306e-12
3.024851e-12
2.787782e-12
2.783112e-12
3.062002e-12
2.811269e-12
2.977924e-12
3.119183e-12
2.523593e-12
3.278457e-12
2.609373e-12
2.698718e-12
2.983322e-12
2.753169e-12
3.226767e-12
2.726813e-12
2.746730e-12
2.609957e-12
2.915623e-12
2.969986e-12
2.910616e-12
2.545755e-12
2.752061e-12
2.895042e-12
2.867956e-12
2.787256e-12
3.066161e-12
2.662121e-12
2.387493e-12
2.987576e-12
2.727435e-12
2.455658e-12
2.506147e-12
2.765374e-12
2.795888e-12
2.642436e-12
2.811145e-12
3.060051e-12
2.848095e-12
2.675008e-12
2.629912e-12
3.120196e-12
2.683064e-12
2.546646e-12
3.080321e-12
2.952042e-12
2.679542e-12
2.462621e-12
3.144359e-12
2.839827e-12
2.629837e-12
2.446147e-12
2.868852e-12
2.677007e-12
2.335104e-12
2.972930e-12
2.841755e-12
2.592408e-12
2.880580e-12
3.000506e-12
2.858647e-12
2.551372e-12
3.023768e-12
2.515775e-12
3.199532e-12
2.609248e-12
2.741624e-12
2.990011e-12
2.631258e-12
2.809055e-12
2.432497e-12
2.901881e-12
2.828398e-12
2.764231e-12
2.604930e-12
3.237434e-12
2.994587e-12
2.972237e-12
2.928308e-12
3.074580e-12
2.740175e-12
3.099774e-12
2.775430e-12
2.931998e-12
2.961576e-12
2.666677e-12
2.936177e-12
2.589710e-12
2.891993e-12
2.975190e-12
2.780458e-12
2.801873e-12
2.969150e-12
3.316279e-12
2.673644e-12
2.955537e-12
2.310214e-12
2.654009e-12
3.106997e-12
3.166841e-12
2.685099e-12
2.409125e-12
2.497390e-12
2.778573e-12
2.731100e-12
2.541556e-12
2.889636e-12
3.165113e-12
2.926496e-12
2.878016e-12
2.458159e-12
2.017352e-12
2.855000e-12
2.677057e-12
2.904695e-12
2.750211e-12
3.023228e-12
2.499872e-12
2.765785e-12
2.742393e-12
2.486901e-12
3.048967e-12
2.774425e-12
3.053534e-12
2.771589e-12
2.793439e-12
2.985858e-12
2.915975e-12
2.917670e-12
2.998342e-12
2.785180e-12
2.926396e-12
2.657954e-12
2.544588e-12
2.903352e-12
3.066963e-12
2.530471e-12
2.579722e-12
2.759266e-12
2.989185e-12
2.997258e-12
2.772802e-12
2.568197e-12
2.550900e-12
3.094094e-12
2.732784e-12
2.600225e-12
2.874959e-12
2.325809e-12
2.771302e-12
2.868963e-12
2.992746e-12
3.097063e-12
2.823076e-12
3.082683e-12
3.268822e-12
2.746049e-12
2.743924e-12
3.022262e-12
2.781943e-12
2.333724e-12
2.876044e-12
3.037075e-12
2.869233e-12
2.852219e-12
2.240413e-12
2.493048e-12
2.704146e-12
3.115773e-12
2.723028e-12
2.733545e-12
3.116421e-12
2.930786e-12
2.750424e-12
2.952310e-12
3.104651e-12
2.733163e-12
3.049712e-12
2.955912e-12
2.803268e-12
2.800038e-12
2.796305e-12
2.689780e-12
2.583044e-12
2.752847e-12
2.787895e-12
2.343978e-12
2.498965e-12
2.600140e-12
2.851030e-12
2.861702e-12
3.047783e-12
2.925693e-12
2.775383e-12
2.677922e-12
2.784544e-12
2.917287e-12
2.533515e-12
3.067716e-12
2.765975e-12
2.962698e-12
2.849111e-12
2.728586e-12
2.759721e-12
2.765398e-12
3.356810e-12
2.846930e-12
2.581969e-12
2.683846e-12
3.088367e-12
2.651455e-12
2.860421e-12
2.688590e-12
3.193415e-12
3.211741e-12
2.935148e-12
3.090011e-12
2.681402e-12
2.944434e-12
3.084480e-12
2.849500e-12
2.941741e-12
2.981687e-12
2.634769e-12
2.507187e-12
2.678548e-12
3.126636e-12
2.960085e-12
3.163944e-12
2.912588e-12
2.878091e-12
3.034050e-12
2.758922e-12
3.105004e-12
2.580170e-12
3.207043e-12
2.854680e-12
2.840682e-12
2.897719e-12
2.815644e-12
2.893043e-12
2.982768e-12
2.944111e-12
2.652673e-12
2.655904e-12
2.420858e-12
2.749385e-12
2.551554e-12
2.829203e-12
2.874723e-12
2.613236e-12
2.986411e-12
2.585139e-12
2.823670e-12
2.748242e-12
2.987065e-12
3.045601e-12
2.565807e-12
3.013836e-12
2.333533e-12
2.778056e-12
2.804881e-12
2.852090e-12
2.819465e-12
2.555918e-12
3.082840e-12
2.819718e-12
2.729533e-12
2.752962e-12
2.542230e-12
2.509565e-12
3.199372e-12
2.829778e-12
2.803427e-12
2.839306e-12
3.095636e-12
2.122603e-12
2.383104e-12
2.483967e-12
2.474363e-12
2.933116e-12
2.569093e-12
2.754443e-12
2.835370e-12
3.016048e-12
2.740943e-12
2.878705e-12
3.024997e-12
2.475919e-12
2.830789e-12
2.692904e-12
2.695611e-12
2.759144e-12
2.916256e-12
2.567313e-12
2.535748e-12
3.160670e-12
2.658036e-12
2.739789e-12
2.709469e-12
3.315584e-12
2.882173e-12
2.705285e-12
3.035219e-12
2.355624e-12
2.757660e-12
2.933213e-12
2.641185e-12
2.592878e-12
2.982275e-12
3.097126e-12
2.795887e-12
2.499021e-12
2.836265e-12
2.634228e-12
2.836853e-12
2.597189e-12
2.975903e-12
3.103403e-12
2.440035e-12
2.708042e-12
2.446042e-12
2.621740e-12
2.714090e-12
2.524929e-12
2.892370e-12
2.678137e-12
3.091510e-12
2.616632e-12
2.878636e-12
2.426480e-12
3.202868e-12
2.847033e-12
2.738047e-12
2.992313e-12
2.548217e-12
3.108581e-12
2.574663e-12
2.498605e-12
2.785426e-12
2.690668e-12
2.804328e-12
2.721670e-12
2.851539e-12
2.814977e-12
2.875778e-12
2.532818e-12
3.220891e-12
2.887169e-12
2.682879e-12
2.752709e-12
2.521727e-12
2.572729e-12
3.051496e-12
2.350302e-12
2.622006e-12
3.002409e-12
2.948218e-12
2.847942e-12
2.905675e-12
2.822478e-12
2.870754e-12
2.954600e-12
3.001789e-12
3.120159e-12
3.086097e-12
2.541142e-12
2.753313e-12
2.964663e-12
2.632559e-12
2.982726e-12
2.464389e-12
2.795187e-12
2.746552e-12
2.304970e-12
2.816821e-12
2.806193e-12
2.768047e-12
2.591399e-12
2.814932e-12
2.896690e-12
2.348347e-12
3.067621e-12
3.286293e-12
2.933411e-12
2.463915e-12
2.923015e-12
2.523327e-12
2.306330e-12
3.064828e-12
2.949119e-12
2.820349e-12
3.127573e-12
2.718270e-12
2.803417e-12
2.992928e-12
2.643337e-12
2.600164e-12
2.602528e-12
2.558674e-12
2.623969e-12
2.840897e-12
2.731439e-12
2.654663e-12
2.245434e-12
2.700857e-12
2.887464e-12
2.920735e-12
2.959497e-12
2.687430e-12
2.483840e-12
2.791007e-12
2.865697e-12
2.676482e-12
2.955379e-12
3.077427e-12
3.286331e-12
2.721134e-12
2.928853e-12
2.898453e-12
2.627843e-12
2.707029e-12
2.623690e-12
3.150412e-12
2.466978e-12
2.694892e-12
2.830329e-12
2.554382e-12
2.524767e-12
2.670795e-12
2.684932e-12
2.475232e-12
3.024991e-12
3.129721e-12
2.840430e-12
3.052369e-12
3.106427e-12
2.556878e-12
3.044613e-12
2.487268e-12
2.741844e-12
3.135746e-12
3.023672e-12
2.475932e-12
3.027229e-12
2.754658e-12
2.637031e-12
2.417533e-12
2.655690e-12
2.416427e-12
2.751698e-12
2.825340e-12
2.878652e-12
3.224958e-12
2.831191e-12
3.057534e-12
2.983745e-12
3.027743e-12
2.837112e-12
2.685576e-12
2.946342e-12
2.874101e-12
2.586290e-12
2.943998e-12
2.845250e-12
2.776755e-12
2.927862e-12
2.813271e-12
3.147923e-12
3.094332e-12
3.113978e-12
2.407699e-12
2.671274e-12
2.605830e-12
3.172702e-12
2.910875e-12
2.503447e-12
2.988431e-12
2.878274e-12
2.900555e-12
2.613570e-12
2.524197e-12
2.684491e-12
2.956165e-12
2.680952e-12
2.983572e-12
2.730860e-12
3.022942e-12
3.205093e-12
2.816688e-12
2.446977e-12
2.956778e-12
2.646671e-12
3.090349e-12
2.835577e-12
2.733438e-12
2.745913e-12
2.585307e-12
2.849319e-12
2.727724e-12
2.724142e-12
2.850935e-12
2.526355e-12
2.842783e-12
2.516862e-12
2.676866e-12
2.700011e-12
2.786681e-12
3.008592e-12
2.333457e-12
2.983033e-12
2.775340e-12
3.101754e-12
2.435974e-12
3.125265e-12
2.541313e-12
2.854199e-12
2.564941e-12
3.137478e-12
2.422379e-12
2.878587e-12
2.476455e-12
2.665405e-12
2.727778e-12
2.675288e-12
2.610711e-12
3.058623e-12
2.802214e-12
2.916727e-12
3.106634e-12
2.865745e-12
2.951005e-12
2.822964e-12
2.333844e-12
2.543195e-12
2.927947e-12
3.012879e-12
3.039632e-12
2.676337e-12
2.797853e-12
2.843663e-12
2.714601e-12
2.828405e-12
2.793933e-12
3.192695e-12
2.797900e-12
2.592137e-12
2.786889e-12
2.743652e-12
2.952585e-12
2.990339e-12
2.999091e-12
2.479205e-12
2.959748e-12
2.715837e-12
2.383050e-12
2.530852e-12
2.630082e-12
2.679607e-12
2.658016e-12
2.866216e-12
2.515735e-12
2.911324e-12
2.562425e-12
2.464211e-12
2.830577e-12
3.008964e-12
2.824264e-12
2.531420e-12
2.464174e-12
2.678075e-12
2.886900e-12
2.820854e-12
2.931978e-12
2.470144e-12
2.457593e-12
2.410667e-12
3.019980e-12
2.799879e-12
2.129909e-12
2.913947e-12
2.567709e-12
2.791679e-12
3.140210e-12
3.027646e-12
2.461595e-12
2.780204e-12
3.026595e-12
3.141403e-12
2.336890e-12
3.022983e-12
2.963261e-12
2.682154e-12
2.526809e-12
3.006830e-12
2.748107e-12
3.182756e-12
2.775724e-12
2.970777e-12
3.050163e-12
2.548379e-12
3.368724e-12
2.840001e-12
2.414039e-12
2.776923e-12
2.437835e-12
2.670642e-12
2.738647e-12
3.088889e-12
2.605119e-12
2.899879e-12
3.088895e-12
2.815419e-12
2.613760e-12
2.502472e-12
3.098730e-12
3.018459e-12
3.029632e-12
2.629387e-12
2.956887e-12
2.786043e-12
2.380784e-12
2.903763e-12
2.803104e-12
2.840646e-12
2.711007e-12
2.915075e-12
2.963399e-12
2.713281e-12
2.553427e-12
2.656198e-12
2.703771e-12
2.563703e-12
2.957993e-12
2.900799e-12
2.974576e-12
2.925482e-12
2.939583e-12
2.664542e-12
2.933157e-12
2.221600e-12
2.628810e-12
2.747834e-12
2.838047e-12
2.673092e-12
3.034115e-12
3.117152e-12
2.777431e-12
2.626618e-12
2.710677e-12
2.861102e-12
2.744089e-12
2.991436e-12
2.837297e-12
2.762209e-12
2.720811e-12
2.562055e-12
2.807255e-12
2.787924e-12
2.774002e-12
2.489541e-12
2.914514e-12
3.070950e-12
2.572896e-12
3.001698e-12
3.361687e-12
2.860097e-12
2.612220e-12
2.586975e-12
2.953747e-12
2.829640e-12
2.977346e-12
2.884831e-12
2.678663e-12
2.742171e-12
2.583957e-12
2.984843e-12
2.656066e-12
2.720712e-12
2.906745e-12
2.794640e-12
2.726230e-12
2.791292e-12
2.885956e-12
3.376305e-12
2.706147e-12
2.808958e-12
2.980155e-12
3.094504e-12
2.528412e-12
2.714288e-12
2.625405e-12
2.697578e-12
2.515598e-12
2.723931e-12
3.021046e-12
2.765593e-12
2.499084e-12
3.024870e-12
2.817171e-12
2.880604e-12
2.765139e-12
2.653688e-12
2.818123e-12
2.929129e-12
2.723968e-12
2.828322e-12
3.015291e-12
2.598015e-12
2.713437e-12
2.892076e-12
2.772151e-12
2.916166e-12
2.578202e-12
3.164379e-12
2.288375e-12
3.036472e-12
2.622994e-12
2.630717e-12
2.710088e-12
2.598547e-12
2.787570e-12
2.348398e-12
2.658101e-12
2.498908e-12
2.687981e-12
2.612300e-12
2.901471e-12
2.842510e-12
2.656456e-12
2.756342e-12
2.664225e-12
2.844424e-12
2.832766e-12
2.897199e-12
2.761181e-12
3.206823e-12
2.465258e-12
2.802395e-12
2.967705e-12
3.306605e-12
3.149640e-12
2.821248e-12
2.786790e-12
2.529213e-12
3.159588e-12
3.301019e-12
2.620600e-12
2.897043e-12
2.659620e-12
2.617518e-12
2.972609e-12
3.023417e-12
3.039039e-12
2.709027e-12
2.733327e-12
2.718318e-12
3.098004e-12
3.111869e-12
2.310287e-12
2.694953e-12
2.856117e-12
2.843015e-12
2.752524e-12
2.506817e-12
2.766268e-12
2.447798e-12
2.178284e-12
2.795757e-12
2.962290e-12
2.961956e-12
2.817612e-12
2.878440e-12
2.424596e-12
2.521700e-12
2.789183e-12
2.711634e-12
2.967785e-12
3.046521e-12
2.632758e-12
3.238616e-12
2.788280e-12
2.570856e-12
2.795067e-12
2.802633e-12
3.088082e-12
2.855029e-12
2.647195e-12
2.673671e-12
2.923443e-12
2.667180e-12
2.980140e-12
3.064924e-12
2.563261e-12
3.239933e-12
2.741122e-12
2.995205e-12
3.010868e-12
3.169007e-12
2.755761e-12
2.449245e-12
2.559753e-12
2.676620e-12
3.127720e-12
3.041439e-12
2.646996e-12
2.438989e-12
3.111822e-12
2.665620e-12
2.995168e-12
3.085502e-12
2.101179e-12
2.619604e-12
2.915961e-12
2.478247e-12
2.729742e-12
2.789424e-12
2.977237e-12
2.255091e-12
2.956009e-12
3.127326e-12
2.876172e-12
2.621477e-12
2.835162e-12
2.539446e-12
3.079507e-12
3.119722e-12
3.083799e-12
2.956246e-12
2.471087e-12
2.949431e-12
2.840969e-12
2.580092e-12
2.524928e-12
2.664343e-12
2.186773e-12
2.505929e-12
3.184079e-12
2.694386e-12
2.585595e-12
2.980719e-12
2.925489e-12
2.488052e-12
3.055534e-12
2.932667e-12
2.828153e-12
2.739962e-12
2.569013e-12
2.725051e-12
2.538646e-12
2.759480e-12
2.939378e-12
3.010165e-12
2.859597e-12
2.605428e-12
3.028849e-12
3.038990e-12
2.876678e-12
3.037157e-12
2.459984e-12
2.846430e-12
2.701919e-12
2.805207e-12
2.857908e-12
2.793533e-12
2.811434e-12
2.665049e-12
2.742671e-12
2.416788e-12
2.894184e-12
2.753730e-12
2.990759e-12
2.735676e-12
2.754270e-12
3.017876e-12
2.865498e-12
2.872898e-12
2.488561e-12
2.657600e-12
3.294054e-12
2.716798e-12
2.841690e-12
3.050069e-12
2.659310e-12
2.293471e-12
2.825154e-12
3.080267e-12
2.532772e-12
3.029447e-12
3.033217e-12
2.711141e-12
2.487867e-12
2.679195e-12
2.407753e-12
2.698860e-12
2.969333e-12
2.614162e-12
2.755055e-12
2.812104e-12
3.049845e-12
2.404794e-12
2.743363e-12
2.564116e-12
2.612268e-12
2.774641e-12
2.916292e-12
3.058664e-12
2.995589e-12
2.632806e-12
2.937408e-12
2.858078e-12
2.552723e-12
2.739141e-12
2.584177e-12
2.811056e-12
2.692325e-12
2.756538e-12
2.595059e-12
2.540915e-12
2.646355e-12
2.560703e-12
2.798134e-12
2.472610e-12
2.625918e-12
2.676275e-12
2.346500e-12
2.877757e-12
2.695441e-12
2.996936e-12
2.547587e-12
2.338586e-12
2.820337e-12
2.601740e-12
2.645799e-12
2.400126e-12
3.003361e-12
2.954465e-12
2.748084e-12
2.437060e-12
2.510872e-12
2.414315e-12
2.866885e-12
2.903379e-12
2.833903e-12
3.120566e-12
2.765824e-12
3.042314e-12
2.627547e-12
2.681785e-12
2.994182e-12
3.031138e-12
2.832345e-12
2.870714e-12
2.831356e-12
3.300763e-12
3.224009e-12
2.560012e-12
2.758339e-12
2.691434e-12
3.000745e-12
3.013334e-12
2.769339e-12
3.162323e-12
2.492640e-12
2.151211e-12
2.317813e-12
2.800047e-12
2.480927e-12
2.686931e-12
2.224772e-12
2.585814e-12
2.754288e-12
2.538486e-12
2.855098e-12
2.710569e-12
3.058514e-12
3.035459e-12
2.887529e-12
2.930110e-12
2.668277e-12
2.727750e-12
2.459552e-12
3.035988e-12
2.416071e-12
2.767242e-12
2.412062e-12
2.244200e-12
2.773471e-12
2.524868e-12
2.754611e-12
2.829682e-12
3.040805e-12
2.995899e-12
2.879751e-12
2.741021e-12
2.899250e-12
2.855404e-12
2.667360e-12
2.752623e-12
2.835428e-12
2.935414e-12
2.737569e-12
2.928034e-12
2.802950e-12
2.633116e-12
2.899012e-12
2.783118e-12
2.861733e-12
2.506794e-12
2.904138e-12
2.650288e-12
2.669518e-12
2.765885e-12
2.957566e-12
2.589985e-12
3.336868e-12
2.992295e-12
2.706726e-12
2.905810e-12
2.978307e-12
2.716805e-12
3.024076e-12
2.693766e-12
2.802058e-12
2.890357e-12
2.633558e-12
2.840967e-12
3.070860e-12
2.654881e-12
2.706883e-12
2.953569e-12
2.776333e-12
3.144715e-12
2.972767e-12
2.630806e-12
2.005295e-12
2.406863e-12
2.596910e-12
2.850314e-12
2.772995e-12
3.106195e-12
2.893511e-12
2.782605e-12
3.020644e-12
2.789654e-12
2.702151e-12
2.860161e-12
3.058112e-12
3.057809e-12
2.764518e-12
3.172938e-12
2.378343e-12
2.724680e-12
2.474143e-12
3.117454e-12
2.619163e-12
2.891941e-12
2.654014e-12
2.528090e-12
2.556233e-12
3.036010e-12
2.707037e-12
2.806148e-12
2.916427e-12
3.073726e-12
2.953529e-12
2.706671e-12
2.503862e-12
2.721659e-12
2.704839e-12
2.703271e-12
3.066930e-12
2.735355e-12
2.886859e-12
2.573612e-12
2.528837e-12
2.914808e-12
3.010073e-12
2.494242e-12
2.680025e-12
2.719925e-12
2.794593e-12
2.727800e-12
2.423482e-12
3.041970e-12
2.966538e-12
2.925658e-12
2.870565e-12
2.885989e-12
2.719394e-12
2.858081e-12
2.732935e-12
2.686749e-12
2.865458e-12
2.977958e-12
2.771647e-12
2.995249e-12
2.681424e-12
2.812372e-12
2.396344e-12
2.624849e-12
2.944149e-12
2.917894e-12
2.971226e-12
2.814248e-12
2.839095e-12
3.023843e-12
2.855279e-12
2.517318e-12
2.885987e-12
2.567742e-12
2.736282e-12
2.281894e-12
2.985064e-12
2.592506e-12
2.986477e-12
3.030124e-12
2.702179e-12
2.827474e-12
2.682651e-12
2.769661e-12
3.111163e-12
2.703604e-12
2.552064e-12
2.483279e-12
2.523161e-12
2.660887e-12
2.968892e-12
2.892667e-12
2.697529e-12
2.935065e-12
2.819379e-12
2.755956e-12
3.029335e-12
2.804449e-12
2.890633e-12
2.509074e-12
2.922965e-12
2.587278e-12
2.719412e-12
3.389876e-12
3.223153e-12
2.763561e-12
2.494110e-12
2.608795e-12
2.865865e-12
2.710734e-12
3.274342e-12
2.690848e-12
3.045221e-12
2.737351e-12
2.836671e-12
2.632311e-12
2.730146e-12
2.999285e-12
2.785354e-12
2.729844e-12
2.909714e-12
3.173916e-12
2.488817e-12
2.812684e-12
2.648535e-12
2.806544e-12
2.547463e-12
2.857124e-12
3.285060e-12
2.645383e-12
2.198581e-12
2.502924e-12
2.885240e-12
2.961528e-12
2.927856e-12
2.858932e-12
2.601076e-12
2.898625e-12
2.710357e-12
2.787305e-12
2.807611e-12
2.874217e-12
3.006861e-12
2.577726e-12
2.696489e-12
3.120763e-12
2.375432e-12
2.766430e-12
2.989416e-12
2.895844e-12
2.500366e-12
3.114498e-12
2.957948e-12
2.747037e-12
2.761559e-12
2.847360e-12
2.579751e-12
2.391190e-12
2.874534e-12
2.869934e-12
2.929534e-12
2.831707e-12
2.953860e-12
2.499370e-12
3.224154e-12
2.562942e-12
2.622516e-12
2.660591e-12
3.113073e-12
2.848246e-12
2.615525e-12
2.858728e-12
2.913362e-12
2.969529e-12
3.014597e-12
2.976839e-12
2.538270e-12
2.659714e-12
2.596911e-12
2.401306e-12
2.650614e-12
2.638417e-12
2.795534e-12
2.997689e-12
3.071451e-12
2.817418e-12
2.715577e-12
2.754348e-12
3.036053e-12
2.879338e-12
2.899399e-12
2.783610e-12
3.253225e-12
2.774664e-12
3.309758e-12
2.689875e-12
2.541878e-12
3.031166e-12
2.401162e-12
2.550982e-12
3.077817e-12
2.544051e-12
2.684691e-12
2.715633e-12
2.457870e-12
3.053616e-12
2.917345e-12
2.714700e-12
2.889341e-12
2.571612e-12
3.069891e-12
3.014025e-12
2.891763e-12
2.710618e-12
2.543508e-12
3.199213e-12
2.555167e-12
3.058502e-12
2.878194e-12
3.362668e-12
2.727323e-12
2.798708e-12
2.480727e-12
2.749859e-12
2.875462e-12
3.016181e-12
2.984169e-12
3.020333e-12
2.552048e-12
2.897552e-12
3.342722e-12
2.518870e-12
2.760340e-12
3.031970e-12
2.533744e-12
3.044181e-12
2.666469e-12
2.646302e-12
3.015210e-12
2.888674e-12
2.866127e-12
2.896671e-12
2.831611e-12
2.537862e-12
2.814108e-12
2.443980e-12
2.495692e-12
2.934727e-12
2.868381e-12
2.788956e-12
2.888110e-12
2.776261e-12
2.263359e-12
2.389504e-12
3.255171e-12
2.356318e-12
2.601796e-12
2.416945e-12
2.869914e-12
2.496645e-12
2.812787e-12
2.794536e-12
2.900854e-12
2.692381e-12
2.550837e-12
2.972678e-12
2.426021e-12
2.909282e-12
2.466043e-12
2.618620e-12
2.741249e-12
3.126628e-12
2.750128e-12
2.645206e-12
2.618069e-12
2.900898e-12
3.493912e-12
2.741686e-12
3.174326e-12
2.750302e-12
2.517235e-12
3.132113e-12
2.849190e-12
2.743869e-12
2.830521e-12
2.915350e-12
2.827015e-12
2.709034e-12
2.615347e-12
2.952941e-12
2.513992e-12
2.827205e-12
2.366534e-12
2.962845e-12
3.089333e-12
3.033116e-12
2.824158e-12
2.595706e-12
2.406060e-12
2.735737e-12
2.944710e-12
3.035846e-12
2.328129e-12
3.030081e-12
2.623512e-12
2.615614e-12
2.469927e-12
2.815918e-12
2.924690e-12
2.671423e-12
2.749554e-12
2.731659e-12
2.849869e-12
2.846167e-12
3.138012e-12
3.021270e-12
2.854045e-12
2.761937e-12
2.894721e-12
2.246109e-12
3.083617e-12
3.086705e-12
3.049947e-12
2.951556e-12
2.638369e-12
2.803789e-12
2.787021e-12
2.789432e-12
2.710293e-12
2.823557e-12
2.828186e-12
2.809049e-12
2.566176e-12
2.766059e-12
2.841860e-12
2.886792e-12
2.402256e-12
2.866589e-12
2.905971e-12
2.701632e-12
2.688374e-12
2.914725e-12
2.872185e-12
3.265952e-12
2.992933e-12
2.676384e-12
2.973112e-12
3.118090e-12
2.535405e-12
3.184547e-12
2.666793e-12
2.831552e-12
2.792921e-12
2.774645e-12
2.460355e-12
2.571583e-12
2.642684e-12
2.747940e-12
2.863550e-12
3.015797e-12
3.179772e-12
2.655883e-12
3.264832e-12
2.786429e-12
2.991254e-12
2.588784e-12
2.768302e-12
2.953250e-12
2.870687e-12
2.661792e-12
3.353890e-12
2.972241e-12
3.005934e-12
2.658986e-12
2.927986e-12
2.769805e-12
2.463511e-12
2.772969e-12
2.788308e-12
2.731853e-12
2.723791e-12
2.154901e-12
3.176434e-12
3.075528e-12
2.910642e-12
2.546767e-12
3.168441e-12
3.217880e-12
2.793193e-12
2.823568e-12
2.859826e-12
2.630828e-12
2.841495e-12
2.910362e-12
2.471597e-12
2.971576e-12
2.640593e-12
2.445113e-12
2.555278e-12
2.655145e-12
2.587321e-12
2.657618e-12
2.974418e-12
2.781648e-12
3.002815e-12
2.847712e-12
2.832470e-12
2.491061e-12
2.519137e-12
2.946145e-12
3.119184e-12
2.865055e-12
3.110674e-12
2.564245e-12
2.717860e-12
2.263077e-12
2.982498e-12
2.705692e-12
2.993368e-12
2.678815e-12
2.527055e-12
2.422856e-12
3.321007e-12
2.488004e-12
2.480578e-12
3.003515e-12
2.855058e-12
3.037926e-12
3.153578e-12
2.802710e-12
3.130209e-12
2.675248e-12
2.648390e-12
2.882466e-12
2.680025e-12
2.659869e-12
2.738289e-12
2.673437e-12
2.826009e-12
2.424286e-12
2.784221e-12
2.892146e-12
2.720590e-12
2.893791e-12
2.644640e-12
2.350355e-12
2.805114e-12
2.499414e-12
2.682686e-12
2.895779e-12
3.094791e-12
2.693044e-12
2.813593e-12
3.012010e-12
2.575101e-12
2.635055e-12
2.895457e-12
3.459232e-12
2.728291e-12
2.343038e-12
2.580779e-12
2.844226e-12
2.306441e-12
2.319892e-12
3.018952e-12
2.691978e-12
2.983484e-12
2.489229e-12
2.725311e-12
2.726557e-12
2.689345e-12
2.946919e-12
2.584286e-12
2.878951e-12
2.588550e-12
2.858089e-12
3.134591e-12
2.990600e-12
2.703597e-12
2.920938e-12
3.314607e-12
2.810255e-12
2.338015e-12
2.873728e-12
2.651951e-12
2.768289e-12
2.584773e-12
2.670658e-12
3.023768e-12
3.182527e-12
2.553528e-12
3.130352e-12
2.353087e-12
2.470553e-12
2.690281e-12
2.534397e-12
2.522144e-12
2.759364e-12
2.744033e-12
2.720296e-12
2.683013e-12
2.832717e-12
2.640427e-12
2.727594e-12
2.768829e-12
3.043418e-12
2.985131e-12
2.834483e-12
2.749348e-12
2.437168e-12
2.798212e-12
2.882692e-12
3.128749e-12
3.086808e-12
2.690085e-12
2.983664e-12
2.547168e-12
2.948046e-12
2.383759e-12
2.804233e-12
2.878525e-12
2.530489e-12
2.794010e-12
2.509585e-12
2.608495e-12
2.928442e-12
2.692285e-12
2.600959e-12
2.610003e-12
2.624370e-12
2.804791e-12
2.933485e-12
2.735067e-12
3.065827e-12
2.609958e-12
2.751312e-12
2.783927e-12
2.708092e-12
2.635924e-12
2.654755e-12
2.799999e-12
2.650204e-12
2.947286e-12
2.564351e-12
2.576065e-12
2.609464e-12
2.623096e-12
2.455228e-12
2.525640e-12
3.124916e-12
3.101309e-12
2.646845e-12
2.834067e-12
2.718757e-12
2.661904e-12
2.669264e-12
2.986776e-12
2.703151e-12
2.814486e-12
2.589916e-12
2.925056e-12
2.827510e-12
2.216259e-12
3.087763e-12
3.038265e-12
2.564213e-12
2.811910e-12
3.084653e-12
2.808554e-12
2.649327e-12
2.706400e-12
2.449716e-12
2.528094e-12
2.710880e-12
2.694444e-12
3.173195e-12
2.796875e-12
2.761594e-12
2.834391e-12
2.557192e-12
3.057656e-12
2.516075e-12
2.613325e-12
2.831059e-12
2.984798e-12
3.062317e-12
2.655582e-12
3.155889e-12
2.460202e-12
2.736326e-12
2.722052e-12
2.667108e-12
3.013370e-12
2.943724e-12
2.839080e-12
2.972212e-12
2.982745e-12
2.955416e-12
2.912893e-12
2.870929e-12
2.829566e-12
2.856194e-12
2.570757e-12
2.832171e-12
2.786728e-12
2.675142e-12
2.557057e-12
2.830950e-12
2.890446e-12
2.720496e-12
3.107865e-12
2.907412e-12
2.754327e-12
2.907718e-12
2.636321e-12
2.788766e-12
2.906015e-12
2.769130e-12
2.817331e-12
2.630507e-12
2.956194e-12
2.933934e-12
2.540085e-12
3.025224e-12
2.894051e-12
3.101275e-12
2.707824e-12
2.692136e-12
2.661031e-12
2.488970e-12
2.974820e-12
2.724942e-12
2.561534e-12
2.570559e-12
2.688377e-12
2.703914e-12
2.862190e-12
3.126613e-12
2.772128e-12
2.667761e-12
2.564540e-12
2.747617e-12
2.947255e-12
2.892699e-12
2.460267e-12
2.751835e-12
2.548988e-12
2.825006e-12
2.819920e-12
2.643763e-12
2.913487e-12
2.611420e-12
2.830426e-12
2.687267e-12
2.900462e-12
3.176373e-12
2.798998e-12
2.867909e-12
2.745147e-12
3.480036e-12
2.953370e-12
2.863869e-12
2.470126e-12
2.804962e-12
3.561173e-12
3.059673e-12
2.967646e-12
2.456506e-12
2.492336e-12
2.609957e-12
2.687629e-12
3.050110e-12
3.463260e-12
2.824984e-12
2.726909e-12
2.739371e-12
2.443687e-12
2.468466e-12
2.723624e-12
2.541611e-12
2.731075e-12
2.745511e-12
2.781402e-12
2.845298e-12
3.017128e-12
2.752228e-12
2.668128e-12
2.599298e-12
2.634429e-12
2.593927e-12
2.762152e-12
2.529792e-12
2.733227e-12
2.889089e-12
3.110529e-12
2.515872e-12
2.802794e-12
3.084470e-12
2.620688e-12
2.544082e-12
2.811031e-12
2.640222e-12
3.153713e-12
2.638365e-12
2.963677e-12
3.074040e-12
2.599757e-12
2.736139e-12
3.199040e-12
2.843627e-12
2.479866e-12
2.927459e-12
2.834572e-12
2.882202e-12
2.454726e-12
2.795651e-12
2.632493e-12
2.449969e-12
2.406794e-12
2.755984e-12
2.596371e-12
2.210699e-12
3.001697e-12
2.391379e-12
2.519453e-12
2.193496e-12
2.994117e-12
2.405912e-12
2.991904e-12
2.901037e-12
2.896069e-12
2.378303e-12
2.898828e-12
2.871450e-12
2.965550e-12
2.584253e-12
2.724641e-12
2.784603e-12
3.138615e-12
3.276056e-12
2.813140e-12
3.062163e-12
2.987985e-12
2.687149e-12
2.994591e-12
2.945775e-12
2.893140e-12
3.179097e-12
2.622086e-12
2.885249e-12
2.728382e-12
2.441043e-12
2.639716e-12
2.436902e-12
2.917609e-12
3.016546e-12
2.574941e-12
2.886462e-12
2.800077e-12
2.973651e-12
2.616016e-12
3.157126e-12
2.624549e-12
2.488822e-12
2.814332e-12
2.225165e-12
3.222195e-12
2.726877e-12
2.902260e-12
2.442181e-12
2.825638e-12
2.803733e-12
2.727917e-12
2.644022e-12
2.734073e-12
2.665320e-12
3.029749e-12
2.764635e-12
2.974723e-12
3.300853e-12
2.608858e-12
2.856342e-12
2.836595e-12
2.360051e-12
2.611387e-12
2.575511e-12
2.877249e-12
2.936998e-12
2.656742e-12
3.008719e-12
2.802089e-12
2.541437e-12
2.736012e-12
2.407343e-12
2.834004e-12
2.731700e-12
2.805837e-12
2.324143e-12
2.750911e-12
2.889781e-12
2.798831e-12
2.937217e-12
2.464631e-12
2.814782e-12
2.699994e-12
2.600363e-12
2.571374e-12
2.926791e-12
2.723499e-12
2.569110e-12
2.417447e-12
3.137063e-12
2.378160e-12
2.820935e-12
2.222635e-12
2.769404e-12
2.943434e-12
2.785046e-12
2.659626e-12
2.454535e-12
3.122970e-12
3.091377e-12
2.822230e-12
3.114809e-12
2.933545e-12
2.619721e-12
2.726656e-12
2.592270e-12
2.699701e-12
2.523122e-12
3.071908e-12
3.041865e-12
2.619942e-12
3.202692e-12
2.765727e-12
2.913585e-12
2.489926e-12
2.921009e-12
2.761638e-12
2.914861e-12
3.066466e-12
2.645533e-12
2.575875e-12
2.637037e-12
2.768731e-12
2.769402e-12
2.564420e-12
2.626544e-12
2.708013e-12
2.655394e-12
2.498634e-12
2.558989e-12
2.953686e-12
3.014402e-12
3.080357e-12
2.922465e-12
2.701217e-12
2.114720e-12
2.612419e-12
2.504950e-12
2.673189e-12
3.392917e-12
3.002222e-12
2.602041e-12
2.618688e-12
2.833388e-12
2.818497e-12
3.066896e-12
2.972045e-12
2.706803e-12
2.556299e-12
3.203283e-12
2.911100e-12
2.408491e-12
2.646361e-12
2.589954e-12
2.556771e-12
2.753082e-12
3.539528e-12
2.791865e-12
3.003593e-12
2.469573e-12
2.735493e-12
3.137689e-12
2.402347e-12
2.456414e-12
2.837812e-12
2.619790e-12
2.752489e-12
3.100150e-12
2.930798e-12
3.135792e-12
2.819593e-12
3.219523e-12
2.800427e-12
2.828090e-12
3.331254e-12
3.501851e-12
3.043201e-12
2.605318e-12
2.585647e-12
2.779035e-12
2.778778e-12
2.595488e-12
2.880953e-12
2.674951e-12
2.923170e-12
2.920067e-12
2.775141e-12
2.580359e-12
3.212517e-12
2.424673e-12
2.705990e-12
2.769894e-12
3.108858e-12
2.636242e-12
2.318387e-12
2.644681e-12
2.784852e-12
2.612415e-12
3.064295e-12
3.150787e-12
2.720703e-12
3.148355e-12
2.965442e-12
2.726773e-12
2.727519e-12
2.805465e-12
2.215204e-12
2.672476e-12
2.761834e-12
3.046209e-12
2.555090e-12
2.745132e-12
2.549128e-12
2.818724e-12
2.735674e-12
2.601291e-12
2.754601e-12
2.230197e-12
2.582511e-12
2.902904e-12
2.552364e-12
2.619524e-12
3.046969e-12
2.504393e-12
2.709738e-12
2.827412e-12
2.704135e-12
2.620761e-12
2.952836e-12
2.673286e-12
3.048683e-12
2.665863e-12
2.712151e-12
2.647488e-12
2.830758e-12
2.655496e-12
3.030294e-12
2.797560e-12
2.534551e-12
2.455882e-12
2.742067e-12
2.782960e-12
2.579854e-12
2.547960e-12
2.731817e-12
3.023827e-12
2.671322e-12
2.696347e-12
2.953412e-12
2.694581e-12
2.951941e-12
2.586802e-12
2.769228e-12
2.788196e-12
2.813816e-12
2.642354e-12
2.496372e-12
3.266245e-12
2.914507e-12
3.008513e-12
2.984656e-12
2.506577e-12
2.852142e-12
2.629866e-12
3.089534e-12
2.778651e-12
2.540685e-12
2.790952e-12
2.069322e-12
2.692515e-12
3.009024e-12
3.163347e-12
2.740152e-12
2.813859e-12
2.701933e-12
2.764575e-12
2.748502e-12
2.853298e-12
2.692061e-12
2.618526e-12
2.953265e-12
2.996110e-12
2.791071e-12
2.642941e-12
2.905593e-12
2.735632e-12
3.009708e-12
2.475640e-12
2.650789e-12
2.861869e-12
2.833423e-12
2.836293e-12
2.837906e-12
2.839103e-12
2.803139e-12
2.910393e-12
3.042871e-12
2.801005e-12
2.783974e-12
2.781624e-12
2.657768e-12
2.974400e-12
2.844690e-12
2.575931e-12
2.750054e-12
2.945819e-12
2.764859e-12
2.948549e-12
2.412777e-12
2.766042e-12
2.784320e-12
2.620397e-12
2.852086e-12
2.814584e-12
3.104212e-12
2.793532e-12
2.931928e-12
2.638048e-12
2.681325e-12
2.679405e-12
2.727581e-12
2.598337e-12
2.971956e-12
2.480646e-12
3.186221e-12
3.016559e-12
2.729973e-12
2.772962e-12
2.818465e-12
2.616423e-12
2.838942e-12
2.974175e-12
2.364391e-12
2.546743e-12
2.803565e-12
2.997469e-12
2.944113e-12
2.703084e-12
2.850336e-12
3.134099e-12
2.284119e-12
2.996967e-12
2.954024e-12
2.497970e-12
3.213030e-12
2.969270e-12
2.747272e-12
2.708379e-12
2.909189e-12
2.772590e-12
2.879290e-12
2.461278e-12
2.624935e-12
3.080651e-12
2.865605e-12
2.819702e-12
2.934032e-12
3.142208e-12
2.616623e-12
2.974907e-12
2.680977e-12
2.788737e-12
2.924025e-12
2.883479e-12
3.157699e-12
2.905869e-12
3.025429e-12
2.941533e-12
2.743524e-12
2.889064e-12
2.900596e-12
2.713973e-12
2.970858e-12
2.577517e-12
2.659499e-12
2.997150e-12
3.010105e-12
2.741441e-12
2.986624e-12
2.581651e-12
2.848301e-12
2.568304e-12
2.947324e-12
2.753568e-12
3.145117e-12
2.658708e-12
2.569691e-12
3.035707e-12
3.064669e-12
2.761424e-12
2.163855e-12
2.755430e-12
3.052287e-12
2.904622e-12
2.673325e-12
2.850131e-12
2.533493e-12
2.555155e-12
2.780619e-12
2.898131e-12
2.898495e-12
2.893909e-12
2.968321e-12
2.856476e-12
2.858900e-12
2.682607e-12
3.030047e-12
2.975533e-12
2.795961e-12
2.758348e-12
2.700327e-12
2.638297e-12
2.933235e-12
2.711348e-12
2.641097e-12
2.849621e-12
2.981904e-12
3.207393e-12
2.811565e-12
2.886143e-12
2.341553e-12
3.064166e-12
2.670713e-12
2.656120e-12
3.223513e-12
3.086390e-12
2.544858e-12
3.077806e-12
2.366247e-12
2.675486e-12
2.498483e-12
2.926494e-12
2.436441e-12
2.750574e-12
2.850119e-12
2.777115e-12
2.807126e-12
2.692225e-12
3.092854e-12
2.646615e-12
2.597490e-12
2.965064e-12
3.107342e-12
2.734101e-12
2.951948e-12
2.613326e-12
3.026178e-12
2.976097e-12
3.127381e-12
2.858815e-12
2.751858e-12
2.924174e-12
2.425348e-12
2.720139e-12
2.805322e-12
2.529569e-12
2.662360e-12
2.600268e-12
2.945890e-12
2.950623e-12
2.896905e-12
2.348823e-12
2.822044e-12
2.593562e-12
2.525193e-12
2.729533e-12
2.977086e-12
2.839816e-12
2.834313e-12
2.639181e-12
2.812841e-12
3.182645e-12
3.144273e-12
2.773993e-12
2.984364e-12
2.559340e-12
2.587514e-12
2.759473e-12
2.417697e-12
2.372090e-12
2.678731e-12
3.028072e-12
2.481928e-12
2.877482e-12
2.873249e-12
2.884535e-12
2.729311e-12
2.908987e-12
2.996359e-12
2.858347e-12
2.521899e-12
2.723467e-12
2.831844e-12
2.817110e-12
2.565974e-12
2.845613e-12
3.190690e-12
2.647685e-12
2.813467e-12
3.004568e-12
3.199739e-12
3.168471e-12
2.668454e-12
2.695875e-12
2.210877e-12
2.796955e-12
2.404546e-12
2.626900e-12
2.779419e-12
2.729692e-12
2.622567e-12
2.847776e-12
2.592577e-12
2.693320e-12
2.840835e-12
2.191719e-12
2.739535e-12
2.875881e-12
2.640012e-12
2.986181e-12
2.491488e-12
2.878442e-12
2.803254e-12
2.684432e-12
1.924059e-12
2.696732e-12
3.203516e-12
2.625538e-12
2.743092e-12
2.616924e-12
2.455677e-12
2.732626e-12
2.843529e-12
2.936821e-12
2.787522e-12
2.926233e-12
2.882299e-12
2.571318e-12
3.132891e-12
2.989430e-12
2.815550e-12
2.632007e-12
2.570747e-12
2.825747e-12
2.902363e-12
2.679058e-12
2.775647e-12
2.271194e-12
2.632814e-12
2.993481e-12
2.388391e-12
2.694728e-12
3.118495e-12
2.635797e-12
2.757217e-12
2.576427e-12
3.047208e-12
2.570284e-12
2.767860e-12
2.832614e-12
2.992601e-12
2.664998e-12
3.296406e-12
3.037736e-12
2.676993e-12
2.543738e-12
2.992346e-12
2.939741e-12
3.056353e-12
2.657713e-12
2.698202e-12
2.998642e-12
2.881242e-12
2.909712e-12
2.922602e-12
2.996204e-12
2.691530e-12
2.843088e-12
3.072281e-12
2.895377e-12
2.775500e-12
3.029423e-12
2.582092e-12
2.911049e-12
2.992507e-12
2.630058e-12
2.929340e-12
2.350412e-12
2.873479e-12
2.779721e-12
2.836080e-12
2.491859e-12
2.830792e-12
2.384462e-12
2.475988e-12
2.812922e-12
3.140866e-12
2.751295e-12
2.826232e-12
2.613090e-12
2.898701e-12
3.076811e-12
2.765555e-12
2.441029e-12
2.658123e-12
2.586676e-12
2.698333e-12
2.875774e-12
2.785652e-12
2.340567e-12
2.729800e-12
2.869358e-12
2.821542e-12
2.776143e-12
2.956352e-12
2.529133e-12
2.698487e-12
2.949883e-12
2.885894e-12
2.678719e-12
2.560550e-12
3.056945e-12
2.664187e-12
2.419039e-12
2.913749e-12
2.974246e-12
2.370386e-12
3.067720e-12
2.688744e-12
2.728256e-12
2.733354e-12
2.501687e-12
2.909739e-12
3.069485e-12
2.817630e-12
2.421918e-12
3.015664e-12
3.033182e-12
2.563149e-12
2.584723e-12
2.496015e-12
2.875409e-12
2.716165e-12
2.343701e-12
2.414086e-12
2.877170e-12
2.548737e-12
2.964045e-12
2.753358e-12
2.669472e-12
2.708722e-12
2.645054e-12
2.829298e-12
2.809822e-12
2.807282e-12
3.170054e-12
2.868126e-12
2.712930e-12
2.654942e-12
2.888743e-12
2.668866e-12
2.943634e-12
2.878183e-12
2.991762e-12
2.953701e-12
2.878739e-12
2.930303e-12
2.602418e-12
2.698807e-12
2.825276e-12
2.852655e-12
2.524470e-12
2.740076e-12
2.761829e-12
2.854514e-12
2.871478e-12
3.184131e-12
2.517280e-12
3.083583e-12
2.644025e-12
3.109144e-12
2.895743e-12
2.827339e-12
2.887680e-12
3.165236e-12
2.719643e-12
2.952022e-12
2.453037e-12
2.825554e-12
2.803574e-12
2.903181e-12
2.584039e-12
2.697304e-12
3.006082e-12
2.446086e-12
2.843060e-12
2.892518e-12
2.726608e-12
2.934659e-12
2.879085e-12
2.807386e-12
2.696240e-12
2.726680e-12
2.963947e-12
2.976957e-12
2.830974e-12
2.654917e-12
2.636782e-12
2.462649e-12
2.826183e-12
2.902440e-12
2.419147e-12
2.689735e-12
2.972646e-12
3.072017e-12
3.118745e-12
2.629315e-12
2.484031e-12
2.950027e-12
2.333115e-12
2.163501e-12
2.740183e-12
2.579582e-12
2.630503e-12
3.070207e-12
2.715698e-12
2.764792e-12
2.745142e-12
2.959584e-12
2.600991e-12
3.240996e-12
2.977166e-12
2.794452e-12
2.710780e-12
2.576501e-12
2.661401e-12
2.711693e-12
3.045748e-12
2.384486e-12
2.477985e-12
2.856634e-12
2.757739e-12
2.779242e-12
3.055979e-12
2.439470e-12
2.884519e-12
2.756403e-12
2.742847e-12
2.492689e-12
3.171943e-12
3.068511e-12
2.782850e-12
2.765713e-12
2.996268e-12
2.561950e-12
2.591052e-12
2.499188e-12
2.847628e-12
2.652805e-12
2.831951e-12
3.262986e-12
2.731608e-12
3.015394e-12
2.687063e-12
2.724277e-12
2.944491e-12
2.482703e-12
2.706355e-12
3.083201e-12
3.249615e-12
2.632549e-12
2.969655e-12
2.858524e-12
2.875492e-12
2.804070e-12
2.815761e-12
2.579120e-12
2.963558e-12
3.047994e-12
2.853248e-12
3.001771e-12
2.504759e-12
2.485560e-12
2.547879e-12
3.029848e-12
3.099285e-12
3.264405e-12
2.949037e-12
2.574875e-12
2.707722e-12
2.620838e-12
2.492372e-12
2.578260e-12
2.601899e-12
2.574615e-12
2.795997e-12
2.705173e-12
2.600136e-12
2.515094e-12
2.572831e-12
2.673302e-12
2.595209e-12
2.756006e-12
3.412469e-12
3.065891e-12
3.002237e-12
2.803776e-12
2.844865e-12
2.622987e-12
2.436969e-12
2.675939e-12
3.187802e-12
3.005635e-12
2.728907e-12
3.075607e-12
2.736307e-12
3.135152e-12
2.484725e-12
2.997974e-12
2.711454e-12
2.624608e-12
2.985715e-12
2.744289e-12
2.643731e-12
2.686562e-12
2.319970e-12
2.377781e-12
2.741302e-12
2.754838e-12
3.011432e-12
2.903606e-12
3.193513e-12
2.667776e-12
2.697505e-12
2.895265e-12
2.908422e-12
3.012358e-12
2.308246e-12
2.180129e-12
2.936870e-12
2.868876e-12
2.573333e-12
3.094042e-12
2.876242e-12
3.087370e-12
2.605622e-12
2.910373e-12
2.726301e-12
2.631651e-12
2.231510e-12
3.072024e-12
3.072310e-12
2.698985e-12
3.199689e-12
2.883205e-12
2.814784e-12
2.840219e-12
2.446751e-12
2.859998e-12
2.751116e-12
2.962367e-12
2.873307e-12
2.478171e-12
2.696481e-12
2.811691e-12
2.802840e-12
2.623014e-12
2.520363e-12
2.721061e-12
3.026864e-12
2.636168e-12
2.600887e-12
2.914176e-12
2.785082e-12
2.646891e-12
2.755643e-12
2.878622e-12
2.670891e-12
3.090044e-12
3.318199e-12
2.913107e-12
2.725417e-12
2.706244e-12
2.548059e-12
3.060619e-12
2.722493e-12
2.585282e-12
2.589258e-12
2.621736e-12
2.859409e-12
2.809827e-12
2.857149e-12
2.205626e-12
2.712963e-12
2.542466e-12
2.435825e-12
2.731130e-12
2.829553e-12
2.706761e-12
2.484851e-12
2.886279e-12
3.000111e-12
2.728886e-12
2.941753e-12
2.698553e-12
2.719811e-12
3.103679e-12
3.263250e-12
2.908300e-12
2.908720e-12
2.716635e-12
2.543654e-12
2.602759e-12
2.543191e-12
2.527719e-12
3.001159e-12
2.565770e-12
2.566485e-12
2.479864e-12
2.816971e-12
2.648701e-12
2.887998e-12
2.723771e-12
2.108685e-12
3.077788e-12
2.955593e-12
2.433397e-12
2.568523e-12
2.391162e-12
2.379637e-12
2.876868e-12
2.943762e-12
2.944106e-12
2.501791e-12
2.961133e-12
2.628158e-12
2.796664e-12
2.795121e-12
3.059818e-12
2.971164e-12
2.358308e-12
2.832891e-12
2.477539e-12
3.077085e-12
2.694572e-12
3.135227e-12
2.754762e-12
2.809238e-12
2.829565e-12
2.802963e-12
2.923778e-12
2.578317e-12
2.794842e-12
2.841779e-12
2.788055e-12
3.233260e-12
2.591656e-12
2.915791e-12
3.004846e-12
2.706741e-12
2.443855e-12
2.755875e-12
3.010917e-12
2.480007e-12
2.696098e-12
2.600987e-12
2.397604e-12
3.269281e-12
2.953673e-12
2.502856e-12
2.607262e-12
3.084645e-12
2.647162e-12
3.116231e-12
2.889358e-12
2.509528e-12
3.123948e-12
2.943209e-12
2.892355e-12
2.819766e-12
2.733998e-12
2.850832e-12
2.696973e-12
2.662816e-12
2.855488e-12
2.741564e-12
2.785506e-12
2.575503e-12
2.884941e-12
2.908613e-12
2.968867e-12
3.177389e-12
2.819683e-12
2.718089e-12
2.686374e-12
3.506030e-12
2.370284e-12
2.751398e-12
3.162282e-12
2.685929e-12
2.885506e-12
3.061800e-12
2.571451e-12
2.794158e-12
2.742084e-12
2.940920e-12
3.235949e-12
2.979762e-12
2.762845e-12
2.884694e-12
2.321580e-12
2.631564e-12
3.293673e-12
2.733681e-12
2.353146e-12
2.597902e-12
2.797916e-12
2.879906e-12
2.224631e-12
2.743047e-12
2.865961e-12
2.631124e-12
2.534816e-12
2.701797e-12
2.864822e-12
2.587842e-12
2.944479e-12
3.065565e-12
2.289116e-12
2.841547e-12
2.743617e-12
2.406758e-12
2.496556e-12
2.815680e-12
2.525049e-12
2.983408e-12
2.652747e-12
3.199712e-12
2.476666e-12
2.849952e-12
2.677278e-12
2.696590e-12
2.542822e-12
2.965700e-12
2.611063e-12
2.765803e-12
2.584167e-12
2.944768e-12
3.221715e-12
2.741198e-12
2.526636e-12
3.064227e-12
2.612241e-12
2.721879e-12
2.740531e-12
2.958055e-12
2.772741e-12
2.538922e-12
2.581350e-12
2.333879e-12
2.526364e-12
2.506651e-12
2.693466e-12
2.657292e-12
3.089845e-12
2.995991e-12
2.968217e-12
2.622644e-12
3.049983e-12
2.696144e-12
2.673317e-12
3.002484e-12
2.970387e-12
3.296860e-12
3.277312e-12
2.813388e-12
2.803411e-12
3.157627e-12
2.522175e-12
2.864573e-12
2.518899e-12
2.424500e-12
3.145171e-12
2.851771e-12
2.783258e-12
2.564484e-12
2.670693e-12
3.095689e-12
3.015552e-12
2.669212e-12
2.498828e-12
2.718048e-12
2.675021e-12
2.958831e-12
2.502832e-12
2.944829e-12
2.951299e-12
2.952024e-12
2.560888e-12
2.271712e-12
3.013431e-12
2.773633e-12
2.394698e-12
2.230069e-12
3.036525e-12
2.807320e-12
2.879929e-12
2.829852e-12
2.572600e-12
2.429987e-12
2.373023e-12
2.626373e-12
3.274650e-12
2.935056e-12
2.386829e-12
2.717259e-12
2.841053e-12
2.344409e-12
2.955283e-12
2.715907e-12
2.441506e-12
2.981135e-12
2.945443e-12
3.016931e-12
2.851038e-12
2.849291e-12
2.675579e-12
2.754575e-12
2.477981e-12
2.929755e-12
2.680433e-12
2.562911e-12
2.815970e-12
2.736750e-12
2.737068e-12
2.648626e-12
2.959318e-12
2.692877e-12
2.579920e-12
2.749319e-12
2.801147e-12
2.590524e-12
2.457625e-12
2.694765e-12
3.137381e-12
2.889925e-12
2.480997e-12
2.528441e-12
2.948901e-12
2.621268e-12
2.822975e-12
2.834237e-12
2.738751e-12
2.776970e-12
2.985912e-12
2.896419e-12
2.981593e-12
3.054253e-12
2.632065e-12
3.004392e-12
2.857761e-12
2.684372e-12
2.794732e-12
2.410541e-12
2.609590e-12
2.859419e-12
2.881109e-12
2.638604e-12
2.666137e-12
2.438911e-12
2.595707e-12
3.185134e-12
2.578409e-12
2.709892e-12
2.391101e-12
2.772484e-12
2.943375e-12
2.504545e-12
2.909340e-12
2.793581e-12
2.623912e-12
2.906715e-12
2.756705e-12
3.141484e-12
2.511824e-12
2.682492e-12
2.539831e-12
3.002795e-12
2.422579e-12
2.493498e-12
2.721439e-12
3.074919e-12
2.591653e-12
3.067299e-12
2.679494e-12
2.308449e-12
2.836206e-12
2.596393e-12
2.922894e-12
2.717614e-12
2.881406e-12
3.270149e-12
2.641266e-12
2.662647e-12
3.107180e-12
2.996742e-12
2.533277e-12
2.795885e-12
2.717935e-12
2.686591e-12
2.329441e-12
2.880125e-12
2.662917e-12
2.850277e-12
2.549400e-12
2.818411e-12
2.625390e-12
3.189838e-12
2.346350e-12
2.927296e-12
2.657905e-12
3.149491e-12
2.920769e-12
2.569049e-12
2.683836e-12
2.733573e-12
2.561027e-12
2.615884e-12
2.520896e-12
2.799699e-12
2.511101e-12
2.856330e-12
3.114378e-12
2.517120e-12
3.013979e-12
2.782941e-12
2.468707e-12
2.774515e-12
2.794491e-12
2.703707e-12
2.942604e-12
3.016307e-12
2.698693e-12
2.911477e-12
2.460378e-12
2.937320e-12
2.516052e-12
2.909655e-12
2.825185e-12
2.727033e-12
2.853969e-12
3.001030e-12
3.007458e-12
2.994712e-12
2.734304e-12
3.025625e-12
2.792813e-12
2.816153e-12
2.693992e-12
2.654020e-12
2.903116e-12
2.770401e-12
2.703009e-12
2.764004e-12
2.174475e-12
2.730341e-12
3.012923e-12
2.602873e-12
3.040492e-12
2.576528e-12
2.797558e-12
3.075850e-12
2.786127e-12
2.694538e-12
2.704479e-12
2.989704e-12
2.555582e-12
2.650103e-12
3.135975e-12
3.219564e-12
2.666768e-12
2.876860e-12
2.557663e-12
3.117464e-12
2.772020e-12
2.779081e-12
2.552082e-12
3.255170e-12
2.880055e-12
2.729000e-12
3.158731e-12
3.045766e-12
3.003588e-12
2.551366e-12
2.626968e-12
2.818745e-12
2.463500e-12
2.675961e-12
3.000145e-12
2.740851e-12
2.541287e-12
2.525002e-12
3.115614e-12
2.959093e-12
3.018966e-12
2.571612e-12
3.438319e-12
3.043162e-12
3.113882e-12
2.724545e-12
2.859767e-12
2.866175e-12
3.169197e-12
2.606306e-12
2.882245e-12
3.063280e-12
2.614499e-12
3.183954e-12
2.491350e-12
3.159333e-12
3.239290e-12
2.859482e-12
2.959169e-12
2.857213e-12
2.834393e-12
2.714854e-12
2.643273e-12
2.776819e-12
2.739749e-12
2.747902e-12
2.554071e-12
2.816663e-12
2.633967e-12
3.045381e-12
2.887371e-12
2.661638e-12
3.089463e-12
2.942449e-12
2.602820e-12
2.867117e-12
2.838487e-12
2.547278e-12
2.759543e-12
2.843839e-12
2.677160e-12
2.658054e-12
2.922015e-12
2.643583e-12
2.435093e-12
2.815500e-12
2.985088e-12
2.643324e-12
2.846037e-12
2.605150e-12
2.923120e-12
2.625446e-12
2.574276e-12
3.026470e-12
2.865773e-12
3.169883e-12
3.159814e-12
3.270838e-12
2.964312e-12
2.783851e-12
2.419315e-12
2.892840e-12
2.658255e-12
2.665409e-12
2.528100e-12
3.290103e-12
2.541288e-12
2.705063e-12
2.433841e-12
3.101936e-12
2.885199e-12
2.438585e-12
2.644014e-12
3.209971e-12
2.742263e-12
2.510647e-12
2.277067e-12
2.959271e-12
2.267123e-12
3.052800e-12
2.636613e-12
3.074217e-12
2.800123e-12
2.409175e-12
2.802845e-12
3.288651e-12
2.647659e-12
2.342001e-12
2.578777e-12
2.272480e-12
2.724012e-12
3.063506e-12
2.958969e-12
3.281743e-12
2.928113e-12
2.855463e-12
2.158481e-12
2.895792e-12
2.494799e-12
2.678466e-12
2.524656e-12
2.916793e-12
2.035013e-12
2.807749e-12
2.520072e-12
2.491280e-12
2.816303e-12
2.834656e-12
2.746434e-12
2.900169e-12
2.596997e-12
2.840812e-12
2.982448e-12
2.519408e-12
2.738613e-12
2.748305e-12
2.677904e-12
2.333274e-12
2.410293e-12
2.930972e-12
2.976700e-12
2.815147e-12
2.323690e-12
2.828352e-12
2.440999e-12
2.477889e-12
2.583304e-12
2.661605e-12
2.644506e-12
2.677731e-12
2.692139e-12
2.855906e-12
3.021458e-12
2.768620e-12
2.527083e-12
2.940606e-12
2.521829e-12
2.326267e-12
2.895823e-12
2.831223e-12
2.875967e-12
2.363062e-12
2.566399e-12
2.761946e-12
3.194026e-12
2.690522e-12
2.693107e-12
2.807709e-12
2.814394e-12
2.985389e-12
2.610772e-12
2.994330e-12
2.886183e-12
2.625664e-12
2.579220e-12
2.728190e-12
2.571349e-12
2.438330e-12
2.539648e-12
2.886141e-12
2.981114e-12
2.666190e-12
2.682074e-12
3.267182e-12
2.359296e-12
2.471933e-12
2.596874e-12
2.466345e-12
2.723550e-12
2.856788e-12
2.456562e-12
2.747553e-12
2.573462e-12
2.915000e-12
3.273242e-12
3.011054e-12
2.527710e-12
2.581383e-12
2.897199e-12
2.391905e-12
2.859945e-12
2.728530e-12
2.571514e-12
2.660685e-12
2.801892e-12
2.735557e-12
2.605321e-12
2.578037e-12
3.031895e-12
2.449980e-12
2.825113e-12
3.113779e-12
2.555318e-12
2.860467e-12
2.517949e-12
2.626078e-12
2.497486e-12
2.607019e-12
3.021629e-12
2.865076e-12
2.386971e-12
2.754233e-12
2.609028e-12
2.559942e-12
2.452946e-12
2.594921e-12
2.563889e-12
3.105952e-12
2.698438e-12
2.505922e-12
2.686387e-12
2.977847e-12
3.052519e-12
2.749804e-12
2.970940e-12
2.528474e-12
2.897456e-12
2.924746e-12
2.488469e-12
2.799865e-12
2.623505e-12
2.545064e-12
2.318211e-12
2.977313e-12
2.847206e-12
2.683602e-12
2.594071e-12
2.894655e-12
2.771353e-12
2.687718e-12
2.562715e-12
2.629164e-12
2.743548e-12
2.899005e-12
3.100364e-12
2.694466e-12
2.864748e-12
3.189586e-12
3.268637e-12
3.219937e-12
3.122695e-12
2.580437e-12
2.943025e-12
2.956921e-12
2.850397e-12
2.991423e-12
3.156153e-12
2.573711e-12
2.426477e-12
2.641044e-12
2.580966e-12
2.574553e-12
3.245507e-12
2.612208e-12
2.803052e-12
2.603616e-12
2.775927e-12
3.016224e-12
2.787301e-12
2.647975e-12
2.863898e-12
2.932652e-12
2.737128e-12
2.984378e-12
2.984664e-12
2.854588e-12
2.770874e-12
2.841432e-12
2.620269e-12
2.295833e-12
2.952526e-12
2.454900e-12
2.633946e-12
2.589696e-12
2.957936e-12
2.463692e-12
2.710823e-12
2.504095e-12
2.762552e-12
3.003007e-12
2.897989e-12
2.711664e-12
2.855442e-12
2.770375e-12
3.270031e-12
2.618416e-12
2.707164e-12
2.678106e-12
2.769375e-12
2.412336e-12
2.763880e-12
2.134573e-12
2.842908e-12
2.552049e-12
2.863932e-12
2.671289e-12
2.509717e-12
2.721904e-12
2.583002e-12
2.744405e-12
2.687427e-12
2.655464e-12
2.578906e-12
2.683599e-12
2.654680e-12
2.874943e-12
2.812701e-12
2.996063e-12
2.870838e-12
2.788658e-12
2.713201e-12
2.800296e-12
2.616611e-12
3.052108e-12
2.785475e-12
2.944620e-12
2.394689e-12
2.690297e-12
2.755091e-12
3.457558e-12
2.775339e-12
2.719578e-12
2.966245e-12
2.402630e-12
2.665604e-12
2.414493e-12
3.058443e-12
2.631093e-12
2.489137e-12
2.697254e-12
2.383138e-12
2.812295e-12
2.558458e-12
3.210710e-12
2.652411e-12
2.902854e-12
2.702078e-12
2.723890e-12
2.889111e-12
2.621099e-12
2.088648e-12
3.041293e-12
2.908250e-12
2.827439e-12
2.675542e-12
2.666633e-12
2.812360e-12
3.038512e-12
3.255532e-12
2.936026e-12
2.636211e-12
2.957714e-12
2.707962e-12
2.752445e-12
3.063886e-12
2.826053e-12
2.262441e-12
3.031561e-12
2.890208e-12
2.620593e-12
2.422398e-12
2.898870e-12
2.741131e-12
2.511521e-12
2.713725e-12
2.444628e-12
3.004393e-12
2.839664e-12
2.724319e-12
2.610787e-12
2.349495e-12
2.955906e-12
2.488151e-12
2.578435e-12
2.962512e-12
2.372831e-12
2.854705e-12
2.787670e-12
2.561058e-12
2.673689e-12
2.735876e-12
2.883425e-12
2.914807e-12
2.767661e-12
2.860918e-12
2.610334e-12
2.822667e-12
2.945907e-12
2.824291e-12
2.484393e-12
2.563399e-12
2.764203e-12
2.769113e-12
2.702526e-12
2.982721e-12
2.978782e-12
2.604773e-12
2.644255e-12
3.057259e-12
2.576213e-12
2.665837e-12
2.546553e-12
2.900348e-12
2.385764e-12
3.015952e-12
2.657886e-12
2.824049e-12
2.845022e-12
2.914693e-12
2.878881e-12
2.958184e-12
2.799801e-12
2.700064e-12
2.783918e-12
3.123983e-12
2.677213e-12
2.766527e-12
2.221489e-12
2.514808e-12
2.826466e-12
2.699954e-12
2.493999e-12
2.351739e-12
2.692734e-12
2.690377e-12
3.036877e-12
2.652236e-12
2.880214e-12
3.341610e-12
2.773596e-12
2.668620e-12
2.875992e-12
3.090980e-12
2.657273e-12
2.824133e-12
3.142451e-12
2.577173e-12
2.751549e-12
2.957772e-12
2.579881e-12
2.461509e-12
3.012271e-12
2.984828e-12
2.683893e-12
2.730694e-12
3.272868e-12
2.517460e-12
3.192120e-12
2.883130e-12
3.058275e-12
2.800564e-12
2.564530e-12
2.902027e-12
2.770581e-12
2.597589e-12
2.607883e-12
2.682458e-12
2.974999e-12
2.752367e-12
2.996975e-12
2.894641e-12
2.676147e-12
3.113426e-12
2.465005e-12
2.587776e-12
3.156277e-12
3.024467e-12
2.545576e-12
2.895891e-12
2.312581e-12
3.025944e-12
2.736869e-12
2.510042e-12
2.899429e-12
2.631770e-12
3.029744e-12
2.512189e-12
2.166315e-12
2.993530e-12
2.796059e-12
2.525733e-12
2.835126e-12
2.679684e-12
2.958140e-12
2.705915e-12
2.686991e-12
2.562517e-12
2.728562e-12
2.540592e-12
2.746582e-12
3.146828e-12
2.514187e-12
2.781979e-12
2.835327e-12
2.778657e-12
2.808925e-12
2.830448e-12
2.492938e-12
2.407371e-12
2.837570e-12
2.561925e-12
2.856311e-12
3.109659e-12
2.662872e-12
2.807100e-12
2.546590e-12
3.229863e-12
2.804653e-12
2.693030e-12
3.202578e-12
2.854415e-12
3.037011e-12
2.719043e-12
2.988020e-12
2.748178e-12
3.053949e-12
2.824344e-12
2.734810e-12
2.631939e-12
2.790128e-12
2.618241e-12
3.007486e-12
2.845552e-12
3.098145e-12
2.727123e-12
2.607818e-12
2.789710e-12
2.447581e-12
2.546685e-12
2.119951e-12
2.049603e-12
3.283455e-12
2.709060e-12
2.746328e-12
3.207350e-12
2.718955e-12
3.327483e-12
2.757279e-12
3.085932e-12
2.903560e-12
2.829712e-12
3.179234e-12
2.924166e-12
2.704493e-12
3.175192e-12
2.567960e-12
2.980272e-12
2.931741e-12
2.593713e-12
3.005261e-12
3.011048e-12
2.563420e-12
3.081871e-12
2.576502e-12
2.879154e-12
3.051853e-12
3.119133e-12
2.945181e-12
2.941716e-12
2.737047e-12
2.736802e-12
2.717504e-12
3.280928e-12
3.044706e-12
3.190076e-12
2.725588e-12
2.937197e-12
2.857359e-12
3.180190e-12
2.887035e-12
2.642611e-12
2.931256e-12
3.047080e-12
2.771199e-12
2.536824e-12
3.117191e-12
2.725425e-12
2.887797e-12
2.560463e-12
2.710699e-12
2.870942e-12
3.101324e-12
2.630498e-12
2.747893e-12
2.999804e-12
2.367867e-12
3.171991e-12
2.353658e-12
2.910862e-12
2.673085e-12
2.878912e-12
3.110556e-12
2.394064e-12
2.754560e-12
3.018068e-12
2.878420e-12
2.375978e-12
2.869386e-12
3.053801e-12
2.569641e-12
2.632039e-12
2.927714e-12
2.949331e-12
2.818230e-12
2.726021e-12
2.751487e-12
2.566890e-12
2.731814e-12
3.048911e-12
2.617783e-12
2.885488e-12
2.877642e-12
2.991412e-12
2.764499e-12
2.796829e-12
2.920195e-12
3.036140e-12
2.899473e-12
2.991722e-12
2.344503e-12
3.232837e-12
3.250114e-12
2.726085e-12
2.506311e-12
2.740211e-12
2.439906e-12
2.425278e-12
2.594073e-12
2.971753e-12
2.930221e-12
2.779147e-12
2.713432e-12
2.866094e-12
3.175126e-12
2.884470e-12
3.032827e-12
2.825651e-12
2.279021e-12
2.895444e-12
2.792298e-12
2.509215e-12
2.709237e-12
2.783459e-12
2.834998e-12
2.410492e-12
2.754056e-12
2.360896e-12
3.173240e-12
2.676106e-12
2.420732e-12
2.835125e-12
2.738589e-12
2.626413e-12
2.770333e-12
2.535130e-12
2.361397e-12
3.065980e-12
2.896868e-12
2.599847e-12
2.476557e-12
2.393113e-12
2.590317e-12
2.745146e-12
2.919529e-12
2.657726e-12
2.515667e-12
2.332056e-12
2.884429e-12
2.342094e-12
2.831069e-12
2.456363e-12
2.538306e-12
2.747494e-12
2.923824e-12
2.724109e-12
3.196890e-12
3.031275e-12
2.705412e-12
2.653486e-12
2.639223e-12
2.577597e-12
2.965231e-12
2.779317e-12
2.756697e-12
2.284262e-12
2.505228e-12
2.816603e-12
2.575549e-12
2.611534e-12
2.491214e-12
2.975684e-12
2.426285e-12
2.744689e-12
2.681877e-12
3.021203e-12
2.808445e-12
2.878249e-12
2.621833e-12
2.723616e-12
2.874920e-12
2.511398e-12
2.896267e-12
2.505626e-12
2.947156e-12
3.047833e-12
2.797081e-12
2.520442e-12
3.039228e-12
3.066999e-12
2.547066e-12
3.130614e-12
2.612429e-12
2.904114e-12
2.902760e-12
3.033234e-12
2.672980e-12
2.290111e-12
2.669019e-12
2.372136e-12
2.708639e-12
3.015839e-12
2.431188e-12
2.655875e-12
2.786216e-12
2.811604e-12
2.873486e-12
2.695131e-12
2.669771e-12
2.538635e-12
3.021800e-12
2.613426e-12
2.330887e-12
2.460062e-12
2.513242e-12
2.860909e-12
2.271234e-12
2.670883e-12
2.555956e-12
2.645562e-12
3.095603e-12
2.693134e-12
2.964081e-12
3.016878e-12
2.446494e-12
2.685537e-12
2.617812e-12
2.532000e-12
2.848878e-12
2.809022e-12
2.527277e-12
3.213353e-12
2.600433e-12
2.892294e-12
2.852775e-12
2.885850e-12
2.827997e-12
2.241431e-12
2.829057e-12
2.661426e-12
2.730831e-12
2.986007e-12
2.797892e-12
2.736037e-12
3.007055e-12
2.750569e-12
2.655037e-12
2.467753e-12
2.846626e-12
2.630870e-12
2.869453e-12
2.485498e-12
2.854753e-12
2.723654e-12
2.701458e-12
2.952634e-12
3.339114e-12
2.939474e-12
2.326606e-12
2.677986e-12
2.854553e-12
2.898226e-12
2.827627e-12
2.909275e-12
2.299596e-12
2.508691e-12
2.953307e-12
2.805165e-12
2.666289e-12
2.607648e-12
2.930826e-12
2.880000e-12
2.667858e-12
2.642930e-12
3.099242e-12
2.461303e-12
2.686095e-12
3.009791e-12
3.065353e-12
2.848386e-12
2.555355e-12
2.875373e-12
2.757572e-12
2.664871e-12
2.682546e-12
2.201148e-12
3.068482e-12
2.870592e-12
2.656427e-12
2.925098e-12
2.930300e-12
2.887751e-12
2.857783e-12
2.804328e-12
2.773271e-12
3.055055e-12
2.820345e-12
2.774220e-12
3.146075e-12
3.041248e-12
2.315771e-12
2.799494e-12
2.437607e-12
2.460995e-12
2.681126e-12
2.715934e-12
2.322221e-12
2.354735e-12
2.296318e-12
2.890179e-12
2.733446e-12
2.721238e-12
3.159364e-12
2.570289e-12
2.840254e-12
2.773142e-12
2.720760e-12
2.430535e-12
2.667152e-12
2.688703e-12
2.679925e-12
3.050802e-12
2.704692e-12
3.314922e-12
2.784293e-12
2.633499e-12
2.919349e-12
3.036448e-12
3.048345e-12
2.728115e-12
2.326585e-12
2.665438e-12
3.113448e-12
2.795753e-12
2.717596e-12
2.744960e-12
2.962211e-12
2.895800e-12
2.398271e-12
2.679947e-12
2.723800e-12
2.700652e-12
2.893723e-12
2.632707e-12
2.581720e-12
2.552824e-12
2.814287e-12
2.604822e-12
2.594481e-12
2.862059e-12
2.722021e-12
2.728079e-12
3.269502e-12
2.992827e-12
2.395993e-12
2.620321e-12
2.559514e-12
2.576918e-12
3.256002e-12
2.531979e-12
2.771813e-12
2.588677e-12
2.862191e-12
2.480746e-12
3.003001e-12
2.634844e-12
2.665550e-12
2.596828e-12
2.812284e-12
2.803139e-12
2.906120e-12
2.434047e-12
3.028426e-12
2.922735e-12
2.634715e-12
2.725024e-12
2.699565e-12
2.813004e-12
2.488517e-12
2.166470e-12
2.906387e-12
2.759521e-12
2.768133e-12
2.745539e-12
2.833285e-12
2.972444e-12
2.642242e-12
2.999139e-12
3.134996e-12
2.728859e-12
2.689862e-12
2.990607e-12
3.128363e-12
2.609873e-12
3.083270e-12
3.374092e-12
2.949389e-12
2.677828e-12
2.954051e-12
2.509240e-12
2.807623e-12
2.726325e-12
2.740281e-12
2.750770e-12
2.675776e-12
2.537269e-12
2.704582e-12
2.916163e-12
3.167095e-12
3.030272e-12
3.025913e-12
2.588757e-12
2.722792e-12
2.724751e-12
2.422006e-12
3.052648e-12
2.045548e-12
2.617632e-12
2.437877e-12
2.773749e-12
2.895952e-12
2.664077e-12
2.782828e-12
2.696397e-12
2.542749e-12
2.630791e-12
2.707797e-12
2.958701e-12
2.686763e-12
2.821138e-12
2.707142e-12
3.004160e-12
2.850178e-12
2.713242e-12
2.828658e-12
2.883892e-12
2.920567e-12
2.696420e-12
2.609821e-12
2.832151e-12
2.548052e-12
3.203562e-12
2.773356e-12
2.364398e-12
2.893841e-12
2.470199e-12
2.446506e-12
2.782670e-12
2.948810e-12
2.727942e-12
2.884638e-12
2.945289e-12
2.970323e-12
2.887841e-12
2.667202e-12
2.782102e-12
2.742555e-12
2.807599e-12
2.755095e-12
2.810404e-12
2.577756e-12
2.997583e-12
2.878548e-12
2.525355e-12
3.119907e-12
2.581788e-12
2.767260e-12
3.126114e-12
3.035650e-12
2.996465e-12
3.176783e-12
3.054664e-12
2.570469e-12
2.720378e-12
2.543144e-12
2.955369e-12
2.647741e-12
2.774862e-12
3.088613e-12
2.942622e-12
2.857729e-12
2.825083e-12
2.652888e-12
2.762410e-12
2.477249e-12
2.875840e-12
3.381019e-12
2.676278e-12
3.066034e-12
3.128651e-12
2.783999e-12
2.737041e-12
3.011376e-12
2.465630e-12
2.574056e-12
2.648278e-12
2.940598e-12
2.971468e-12
2.423124e-12
2.816542e-12
2.841845e-12
2.882537e-12
2.710838e-12
2.829991e-12
2.991193e-12
2.746254e-12
2.826174e-12
2.752365e-12
2.943381e-12
2.593265e-12
2.935385e-12
2.468593e-12
2.659872e-12
3.100140e-12
2.962996e-12
2.267168e-12
2.739623e-12
3.114233e-12
2.956125e-12
2.752323e-12
2.584848e-12
2.428517e-12
2.410244e-12
2.613436e-12
2.377975e-12
2.739743e-12
2.986958e-12
2.634847e-12
2.280840e-12
2.294668e-12
2.874228e-12
2.782364e-12
2.964650e-12
2.793897e-12
2.730109e-12
2.511885e-12
2.933842e-12
2.926292e-12
2.450442e-12
2.647948e-12
2.532947e-12
2.850793e-12
2.920935e-12
2.923325e-12
2.878524e-12
2.608307e-12
2.615388e-12
2.771814e-12
2.539390e-12
2.686795e-12
2.851196e-12
2.576361e-12
2.674153e-12
2.583076e-12
3.061354e-12
2.593408e-12
2.750984e-12
2.538141e-12
2.550305e-12
2.599522e-12
2.548652e-12
2.742234e-12
2.697973e-12
2.537696e-12
2.982726e-12
2.582074e-12
2.615758e-12
2.834074e-12
2.602594e-12
2.712128e-12
2.277240e-12
2.946042e-12
2.542965e-12
2.924285e-12
2.469036e-12
2.942773e-12
3.090168e-12
2.992616e-12
2.946482e-12
2.816889e-12
2.780356e-12
2.857026e-12
2.431862e-12
2.692505e-12
2.477657e-12
2.877871e-12
2.819829e-12
2.861448e-12
2.612771e-12
2.871727e-12
2.621712e-12
2.907028e-12
2.841101e-12
2.710474e-12
3.133221e-12
2.723457e-12
2.690830e-12
2.609453e-12
2.824921e-12
2.645534e-12
2.562305e-12
2.815447e-12
2.796677e-12
2.592290e-12
3.304519e-12
2.658128e-12
2.785625e-12
2.658837e-12
2.672217e-12
3.054249e-12
3.383702e-12
3.246537e-12
2.922217e-12
2.868107e-12
2.617449e-12
2.517705e-12
2.718572e-12
2.323471e-12
2.594666e-12
2.640452e-12
2.750978e-12
2.642453e-12
2.947750e-12
2.768021e-12
2.764193e-12
2.821008e-12
2.727940e-12
2.661906e-12
2.762721e-12
2.298508e-12
2.996759e-12
2.983578e-12
2.670384e-12
2.877482e-12
2.418522e-12
2.503663e-12
3.385928e-12
2.859747e-12
2.913297e-12
2.804266e-12
2.763434e-12
2.630303e-12
2.768914e-12
2.675013e-12
3.147734e-12
2.885901e-12
2.885034e-12
2.696418e-12
2.680165e-12
2.710362e-12
2.707795e-12
2.728585e-12
2.399537e-12
2.746976e-12
2.914818e-12
2.617947e-12
2.838486e-12
2.721524e-12
2.740923e-12
3.145147e-12
3.062223e-12
2.650798e-12
2.761095e-12
2.581004e-12
2.407345e-12
2.811137e-12
2.223366e-12
2.676967e-12
2.658605e-12
2.997870e-12
2.716922e-12
2.745062e-12
2.695819e-12
2.494294e-12
3.125689e-12
2.843879e-12
2.733464e-12
2.420615e-12
2.408461e-12
2.435030e-12
2.779580e-12
2.842548e-12
2.689516e-12
3.024219e-12
2.893966e-12
2.677945e-12
2.875395e-12
3.096209e-12
2.866976e-12
3.023952e-12
3.148447e-12
3.003592e-12
2.287117e-12
2.798030e-12
3.093441e-12
2.847780e-12
2.720030e-12
3.065207e-12
2.922045e-12
3.086800e-12
2.318090e-12
2.903296e-12
2.764660e-12
2.841907e-12
2.823988e-12
2.676019e-12
2.841629e-12
2.718014e-12
2.511129e-12
2.667489e-12
2.818259e-12
2.569276e-12
2.634500e-12
2.283022e-12
3.192712e-12
2.269711e-12
2.734189e-12
2.816806e-12
2.871528e-12
2.573648e-12
2.688946e-12
2.941568e-12
2.798057e-12
2.490582e-12
2.918758e-12
2.564111e-12
2.542436e-12
2.824462e-12
2.864120e-12
2.887287e-12
2.737631e-12
2.576935e-12
3.057548e-12
2.952805e-12
2.306871e-12
3.000559e-12
3.312385e-12
2.804447e-12
2.617416e-12
2.813226e-12
2.958772e-12
2.782075e-12
2.344761e-12
2.520802e-12
2.525770e-12
2.728582e-12
3.014438e-12
2.617716e-12
2.667990e-12
3.016546e-12
2.992268e-12
2.911683e-12
2.913236e-12
3.045376e-12
2.831065e-12
2.620047e-12
2.984077e-12
2.541183e-12
2.689718e-12
2.727195e-12
2.247859e-12
2.467673e-12
3.295258e-12
2.853980e-12
3.049428e-12
2.848557e-12
2.897586e-12
2.683810e-12
2.655375e-12
2.565626e-12
2.915465e-12
3.053717e-12
2.579389e-12
3.091802e-12
2.731729e-12
2.672415e-12
2.728653e-12
2.785681e-12
2.761458e-12
2.896203e-12
2.611628e-12
3.000705e-12
2.805850e-12
3.047262e-12
3.268483e-12
2.651835e-12
2.895146e-12
2.835198e-12
2.803277e-12
2.932024e-12
2.779941e-12
2.516012e-12
2.433534e-12
2.538794e-12
2.393657e-12
2.878089e-12
2.908459e-12
2.682044e-12
2.394864e-12
3.025867e-12
2.416878e-12
2.745242e-12
2.885671e-12
2.826801e-12
2.646902e-12
3.054021e-12
3.104003e-12
2.402956e-12
2.579070e-12
2.706199e-12
2.757904e-12
2.782077e-12
2.570314e-12
2.551766e-12
2.961276e-12
2.450158e-12
3.166918e-12
3.271275e-12
2.881454e-12
2.809655e-12
2.954382e-12
2.709531e-12
2.951415e-12
2.648254e-12
2.610331e-12
2.798665e-12
2.617677e-12
2.839280e-12
2.697066e-12
2.596766e-12
2.966039e-12
2.844154e-12
2.815652e-12
2.566243e-12
2.286488e-12
2.401142e-12
2.601314e-12
2.746628e-12
2.945498e-12
2.986395e-12
2.833353e-12
3.007310e-12
2.791838e-12
2.769334e-12
3.124880e-12
2.576629e-12
3.043775e-12
2.990774e-12
2.578483e-12
2.933477e-12
2.697383e-12
2.590849e-12
2.435160e-12
2.811551e-12
2.652848e-12
2.885758e-12
2.810904e-12
2.865708e-12
2.731414e-12
2.842858e-12
2.659497e-12
3.251839e-12
2.866133e-12
2.616764e-12
3.291594e-12
2.882326e-12
3.037942e-12
2.888525e-12
2.817470e-12
2.961453e-12
3.207994e-12
3.090566e-12
2.644829e-12
2.715876e-12
2.493554e-12
2.434357e-12
2.827520e-12
3.214432e-12
2.718143e-12
3.137180e-12
2.664065e-12
2.962660e-12
2.072141e-12
2.827195e-12
3.155971e-12
2.586672e-12
2.656458e-12
2.606288e-12
2.913852e-12
2.601873e-12
2.586340e-12
3.112690e-12
2.877281e-12
2.646380e-12
2.818669e-12
2.622795e-12
2.557854e-12
3.039721e-12
2.628074e-12
2.902583e-12
2.951726e-12
3.084690e-12
2.532821e-12
2.552898e-12
2.713373e-12
3.346712e-12
2.718272e-12
2.732303e-12
2.890651e-12
2.861847e-12
3.021295e-12
2.616464e-12
2.398346e-12
2.669849e-12
2.758661e-12
3.362906e-12
2.606067e-12
2.618619e-12
3.140369e-12
2.666816e-12
3.303580e-12
2.615083e-12
2.895051e-12
2.436600e-12
2.758743e-12
2.824752e-12
2.798545e-12
2.940135e-12
2.676694e-12
2.745685e-12
2.718651e-12
3.023536e-12
2.175451e-12
2.724131e-12
2.714808e-12
3.042079e-12
2.838844e-12
2.751967e-12
2.618928e-12
3.337930e-12
2.496896e-12
2.664010e-12
3.057622e-12
2.910920e-12
2.858338e-12
2.898924e-12
2.656119e-12
2.920128e-12
2.916374e-12
2.700985e-12
2.905727e-12
2.558578e-12
2.919905e-12
3.002239e-12
3.241930e-12
2.502693e-12
2.682237e-12
2.789265e-12
2.549024e-12
3.013170e-12
2.874016e-12
2.858192e-12
3.032392e-12
2.635547e-12
3.002955e-12
2.636826e-12
2.581367e-12
3.156629e-12
2.885995e-12
2.837957e-12
2.466710e-12
2.759937e-12
3.136619e-12
2.421935e-12
2.897691e-12
2.749448e-12
2.696202e-12
2.962723e-12
2.691341e-12
2.626796e-12
3.113887e-12
2.572405e-12
2.473278e-12
2.570265e-12
2.659212e-12
2.578786e-12
2.820277e-12
2.648670e-12
2.397348e-12
2.818986e-12
2.440292e-12
2.869515e-12
2.435496e-12
3.000178e-12
3.073823e-12
2.959112e-12
2.750170e-12
3.051340e-12
2.666297e-12
2.781672e-12
2.711652e-12
2.967018e-12
3.160476e-12
2.522264e-12
2.545533e-12
2.852352e-12
2.886279e-12
2.909660e-12
2.812213e-12
2.962250e-12
2.923042e-12
2.884691e-12
2.378127e-12
2.475475e-12
2.901189e-12
2.433550e-12
3.081331e-12
2.878602e-12
2.674157e-12
2.622879e-12
2.927407e-12
2.758192e-12
2.421755e-12
2.932477e-12
2.748669e-12
2.638826e-12
2.782816e-12
2.502406e-12
2.473852e-12
2.781756e-12
2.389294e-12
2.863995e-12
2.777754e-12
2.405690e-12
2.605638e-12
2.759892e-12
3.066491e-12
2.815232e-12
2.433395e-12
2.530150e-12
3.064498e-12
3.014008e-12
3.033158e-12
2.538205e-12
2.645634e-12
3.023340e-12
2.861693e-12
2.742663e-12
2.656071e-12
3.080943e-12
2.913023e-12
2.722902e-12
2.814787e-12
2.530481e-12
2.948491e-12
2.541824e-12
2.989433e-12
3.052906e-12
2.700672e-12
3.167853e-12
2.810598e-12
2.744367e-12
2.423470e-12
2.916772e-12
2.760574e-12
2.774788e-12
2.377343e-12
2.938536e-12
3.059835e-12
3.052156e-12
2.715331e-12
2.497968e-12
3.253913e-12
2.530200e-12
3.006335e-12
2.132598e-12
2.915164e-12
2.900210e-12
2.624601e-12
2.886429e-12
2.896169e-12
3.092063e-12
3.183882e-12
2.854875e-12
2.586598e-12
2.422053e-12
2.845918e-12
2.790176e-12
3.003105e-12
3.055617e-12
2.350670e-12
2.794994e-12
2.880199e-12
2.952059e-12
2.581253e-12
3.325444e-12
2.635558e-12
3.064747e-12
3.062756e-12
2.944738e-12
3.091099e-12
2.718526e-12
2.752791e-12
2.602822e-12
2.637564e-12
2.824683e-12
3.076623e-12
2.840541e-12
2.780266e-12
2.812504e-12
2.766022e-12
2.680742e-12
3.064049e-12
2.389029e-12
2.785463e-12
2.994461e-12
2.775465e-12
2.793604e-12
2.781741e-12
2.631699e-12
2.729347e-12
2.608109e-12
3.155463e-12
3.105430e-12
2.349527e-12
2.652650e-12
2.465360e-12
2.907245e-12
2.610954e-12
2.453554e-12
2.696338e-12
2.991527e-12
2.624054e-12
2.322915e-12
2.985935e-12
2.480773e-12
2.421486e-12
2.141652e-12
2.845399e-12
2.635672e-12
2.922506e-12
2.851644e-12
2.631117e-12
2.854987e-12
2.943303e-12
2.768825e-12
2.780611e-12
2.821058e-12
3.187450e-12
2.844064e-12
2.881892e-12
2.788348e-12
2.973404e-12
2.930117e-12
3.147362e-12
2.683468e-12
2.741952e-12
2.799205e-12
2.645435e-12
2.917276e-12
2.942671e-12
3.046735e-12
2.342557e-12
2.659354e-12
2.851557e-12
3.113788e-12
3.146159e-12
2.820149e-12
2.342759e-12
2.535096e-12
3.067544e-12
2.602702e-12
2.414795e-12
3.051144e-12
2.612875e-12
2.806099e-12
2.921426e-12
2.485978e-12
3.139655e-12
3.028280e-12
2.797636e-12
2.490935e-12
3.067320e-12
2.793396e-12
2.814672e-12
2.293192e-12
2.435291e-12
2.588270e-12
2.583872e-12
2.819055e-12
2.707059e-12
2.753971e-12
2.956140e-12
2.848637e-12
2.796514e-12
2.837690e-12
2.676707e-12
3.053698e-12
2.335692e-12
2.551046e-12
2.744537e-12
2.253500e-12
2.803316e-12
2.677196e-12
2.890462e-12
2.413169e-12
2.627038e-12
3.046296e-12
3.101954e-12
2.856967e-12
3.058020e-12
2.499521e-12
3.001243e-12
2.991027e-12
2.858090e-12
2.797185e-12
2.761725e-12
2.669697e-12
2.540934e-12
2.954112e-12
2.912035e-12
2.884420e-12
2.762367e-12
2.733157e-12
2.802140e-12
3.145445e-12
2.941126e-12
2.685227e-12
2.552605e-12
3.051268e-12
2.468155e-12
2.455803e-12
2.693730e-12
2.772191e-12
2.558851e-12
2.676873e-12
2.145846e-12
2.909094e-12
2.745763e-12
2.180613e-12
3.071855e-12
2.957268e-12
2.323177e-12
3.009750e-12
2.724514e-12
2.697526e-12
2.851990e-12
3.352499e-12
2.950963e-12
2.620864e-12
2.559283e-12
2.746034e-12
2.721213e-12
3.066859e-12
2.794418e-12
2.942774e-12
2.719790e-12
2.544319e-12
2.665099e-12
2.986621e-12
2.538611e-12
2.650054e-12
2.502980e-12
2.871963e-12
2.767769e-12
2.716527e-12
2.774225e-12
3.017433e-12
2.815377e-12
2.669780e-12
2.969729e-12
3.175182e-12
2.439636e-12
3.021503e-12
3.275970e-12
2.762177e-12
2.755156e-12
2.505593e-12
2.883277e-12
3.124113e-12
2.545419e-12
2.837105e-12
2.886941e-12
2.501901e-12
2.737410e-12
2.560965e-12
3.021377e-12
2.699456e-12
3.025465e-12
2.668375e-12
2.708355e-12
2.460362e-12
2.590588e-12
2.349916e-12
2.287245e-12
2.850137e-12
2.486315e-12
2.914826e-12
2.926374e-12
2.437852e-12
2.651394e-12
2.606780e-12
2.340257e-12
2.813501e-12
2.718971e-12
2.362581e-12
2.524758e-12
2.758036e-12
2.889149e-12
2.663459e-12
2.409627e-12
2.685948e-12
2.886026e-12
3.110472e-12
2.660399e-12
2.973735e-12
3.212920e-12
2.766905e-12
2.842029e-12
2.803360e-12
3.286335e-12
2.953581e-12
2.835331e-12
3.019683e-12
2.901111e-12
2.984384e-12
2.874908e-12
2.949324e-12
2.945297e-12
2.464617e-12
2.857088e-12
3.258815e-12
2.457695e-12
2.764678e-12
2.782868e-12
2.494292e-12
2.576035e-12
3.110512e-12
2.823003e-12
2.942520e-12
2.690953e-12
2.703554e-12
2.638393e-12
2.683447e-12
2.709521e-12
2.902510e-12
3.027937e-12
2.648839e-12
3.003681e-12
2.898617e-12
2.678394e-12
2.506422e-12
2.644832e-12
2.537672e-12
2.629248e-12
2.593480e-12
2.802198e-12
2.382250e-12
2.993345e-12
2.922963e-12
2.315008e-12
2.708633e-12
2.703499e-12
2.652028e-12
2.436286e-12
2.788245e-12
2.915482e-12
2.889190e-12
2.892301e-12
2.765367e-12
2.802295e-12
2.538529e-12
2.582958e-12
2.738791e-12
2.393856e-12
2.591601e-12
2.543201e-12
2.819940e-12
2.479328e-12
2.476712e-12
2.980439e-12
3.006621e-12
3.004300e-12
3.184491e-12
2.950673e-12
2.522572e-12
2.892111e-12
2.630018e-12
2.856715e-12
2.530134e-12
2.807607e-12
2.813580e-12
3.000630e-12
2.893224e-12
2.963033e-12
2.724713e-12
3.021168e-12
2.817800e-12
2.618832e-12
2.404767e-12
2.506498e-12
2.493630e-12
2.597111e-12
2.495846e-12
2.485738e-12
3.170436e-12
2.926773e-12
2.607928e-12
2.946722e-12
2.190222e-12
3.007027e-12
2.847316e-12
3.237821e-12
2.752170e-12
2.543510e-12
2.805873e-12
2.716083e-12
2.788462e-12
2.416724e-12
2.814451e-12
2.705848e-12
2.583686e-12
2.575032e-12
3.219129e-12
2.690218e-12
2.876904e-12
3.347743e-12
2.890124e-12
2.941141e-12
2.635326e-12
2.617779e-12
2.673550e-12
2.843936e-12
2.870577e-12
2.905622e-12
2.750492e-12
2.864556e-12
3.095450e-12
2.591026e-12
2.843744e-12
2.663765e-12
2.997100e-12
2.476033e-12
2.597608e-12
2.598718e-12
2.871159e-12
2.736060e-12
2.380185e-12
2.818542e-12
2.806865e-12
2.680849e-12
2.755114e-12
2.569404e-12
2.957764e-12
2.644979e-12
3.313980e-12
2.523103e-12
2.907470e-12
2.711831e-12
2.931776e-12
2.835319e-12
3.074594e-12
2.669076e-12
2.650436e-12
2.749817e-12
2.660317e-12
2.661663e-12
2.833246e-12
2.922684e-12
2.699175e-12
2.518668e-12
3.009310e-12
2.734041e-12
2.728466e-12
2.661087e-12
2.388277e-12
2.770530e-12
3.079499e-12
2.642799e-12
2.715155e-12
3.059362e-12
2.573453e-12
2.918245e-12
2.882589e-12
2.996197e-12
3.067158e-12
2.996695e-12
3.291498e-12
2.833085e-12
2.341223e-12
2.742375e-12
2.640923e-12
2.775973e-12
3.064042e-12
2.597133e-12
2.653388e-12
2.656137e-12
2.987259e-12
2.481159e-12
2.701142e-12
2.729626e-12
2.677625e-12
3.153546e-12
2.883926e-12
2.933113e-12
2.831601e-12
2.447001e-12
2.715826e-12
2.682777e-12
2.836832e-12
2.605288e-12
2.795226e-12
2.566565e-12
2.790087e-12
2.927291e-12
2.618980e-12
2.837953e-12
2.541085e-12
2.800003e-12
2.924467e-12
3.013437e-12
2.906002e-12
2.860038e-12
2.807424e-12
3.035900e-12
2.312823e-12
2.879309e-12
2.840629e-12
2.881962e-12
2.492068e-12
2.630257e-12
2.696309e-12
2.987529e-12
2.695921e-12
2.573641e-12
2.512253e-12
2.817717e-12
3.092259e-12
2.872834e-12
2.740624e-12
2.666979e-12
2.861122e-12
2.586262e-12
2.826096e-12
2.528849e-12
3.287125e-12
2.702653e-12
2.569239e-12
2.896643e-12
2.676114e-12
2.791638e-12
2.965700e-12
3.105711e-12
2.555071e-12
2.320502e-12
3.047425e-12
2.605236e-12
2.568218e-12
2.854252e-12
2.847940e-12
3.096773e-12
2.669208e-12
2.906369e-12
2.949112e-12
2.282604e-12
2.923542e-12
2.415417e-12
2.511949e-12
2.830337e-12
3.355147e-12
2.353127e-12
2.745391e-12
3.421981e-12
3.080306e-12
2.810393e-12
2.955404e-12
2.641517e-12
2.771263e-12
2.487506e-12
2.639006e-12
2.799922e-12
3.103213e-12
2.981333e-12
2.445672e-12
2.901180e-12
2.827555e-12
2.673664e-12
2.889186e-12
2.460195e-12
2.788899e-12
3.016448e-12
2.649824e-12
2.530061e-12
2.555479e-12
2.610099e-12
2.739304e-12
3.099854e-12
2.832688e-12
2.541602e-12
2.763820e-12
2.911841e-12
2.542651e-12
2.471707e-12
2.380443e-12
3.035689e-12
2.707322e-12
3.024972e-12
2.964578e-12
2.662254e-12
2.775577e-12
2.900459e-12
2.583143e-12
2.518698e-12
2.835833e-12
2.647066e-12
2.869897e-12
2.465088e-12
2.547123e-12
3.013654e-12
2.888235e-12
2.592427e-12
2.831387e-12
3.089826e-12
2.899507e-12
3.021090e-12
3.009220e-12
2.856517e-12
2.887438e-12
3.063232e-12
3.020857e-12
2.389734e-12
2.786821e-12
2.932599e-12
3.243883e-12
2.909557e-12
2.519495e-12
2.765990e-12
2.771425e-12
3.247747e-12
2.683794e-12
3.023153e-12
2.726503e-12
3.375358e-12
2.632201e-12
2.724415e-12
2.665751e-12
2.303778e-12
2.773197e-12
2.450219e-12
2.594888e-12
2.722096e-12
2.972092e-12
2.614383e-12
2.669783e-12
2.831385e-12
3.091225e-12
3.152965e-12
2.770710e-12
3.239188e-12
2.849208e-12
2.921367e-12
2.809269e-12
2.679717e-12
3.007905e-12
2.974240e-12
2.620683e-12
2.842212e-12
2.979063e-12
2.901852e-12
2.827454e-12
2.989004e-12
2.975716e-12
2.626221e-12
2.660306e-12
2.713821e-12
2.550627e-12
2.642108e-12
2.679035e-12
2.579290e-12
3.076128e-12
2.507176e-12
2.720107e-12
2.586849e-12
2.873854e-12
2.701602e-12
2.725960e-12
3.004923e-12
2.559822e-12
2.896186e-12
3.145176e-12
2.878233e-12
2.496989e-12
2.879504e-12
3.006490e-12
3.267288e-12
2.788750e-12
2.426534e-12
2.887787e-12
2.775419e-12
3.194878e-12
2.983320e-12
2.801940e-12
2.928025e-12
2.539667e-12
2.810785e-12
2.498054e-12
2.914323e-12
2.702307e-12
2.585056e-12
2.635154e-12
2.673227e-12
2.791778e-12
3.012046e-12
2.859858e-12
2.547748e-12
2.798114e-12
2.819766e-12
2.895340e-12
2.926755e-12
2.726768e-12
2.938987e-12
2.623626e-12
2.750335e-12
2.816606e-12
2.777089e-12
2.816460e-12
2.880967e-12
3.200531e-12
2.628299e-12
2.767462e-12
3.227145e-12
2.789643e-12
2.679748e-12
2.826998e-12
2.691549e-12
2.872228e-12
2.520046e-12
2.792505e-12
2.684399e-12
2.827605e-12
2.832500e-12
2.895581e-12
2.699067e-12
3.034325e-12
2.664570e-12
2.680094e-12
2.634990e-12
2.811333e-12
2.859024e-12
2.737726e-12
2.830841e-12
2.695375e-12
2.896868e-12
2.609838e-12
2.583240e-12
2.709293e-12
2.991791e-12
2.948261e-12
2.965670e-12
2.597711e-12
2.795773e-12
2.882490e-12
2.902664e-12
2.543137e-12
2.679398e-12
2.711358e-12
3.052727e-12
2.661295e-12
2.643458e-12
3.190807e-12
2.659415e-12
2.639618e-12
3.129110e-12
2.594002e-12
2.682569e-12
2.821180e-12
2.737278e-12
2.967594e-12
2.721554e-12
2.958470e-12
2.695683e-12
2.732298e-12
2.637575e-12
3.267481e-12
3.074300e-12
2.724221e-12
2.518986e-12
2.696162e-12
2.674924e-12
2.571359e-12
2.381213e-12
2.913855e-12
2.971096e-12
2.705018e-12
3.155560e-12
3.009948e-12
2.645670e-12
2.751998e-12
3.008161e-12
2.856980e-12
2.630989e-12
2.892435e-12
2.973251e-12
2.709246e-12
2.394947e-12
3.077842e-12
2.777711e-12
2.822027e-12
3.042094e-12
3.466354e-12
2.805714e-12
2.775809e-12
2.890626e-12
2.621520e-12
2.569430e-12
2.727299e-12
2.553920e-12
3.093406e-12
2.570618e-12
2.732022e-12
2.780360e-12
3.147220e-12
2.609539e-12
2.538474e-12
2.582306e-12
2.557149e-12
2.493293e-12
2.847240e-12
3.058274e-12
2.931846e-12
2.971441e-12
2.696550e-12
3.006731e-12
2.462562e-12
3.062012e-12
2.656408e-12
2.557566e-12
3.069479e-12
2.852754e-12
2.773846e-12
2.783619e-12
2.587229e-12
2.953050e-12
3.102494e-12
2.551361e-12
2.532345e-12
2.815786e-12
3.043128e-12
2.880822e-12
2.417340e-12
2.808745e-12
2.961019e-12
2.969612e-12
2.839697e-12
2.680031e-12
2.772007e-12
3.230463e-12
2.878423e-12
2.668735e-12
3.005596e-12
2.800770e-12
2.802950e-12
2.729688e-12
2.432909e-12
3.150230e-12
2.598883e-12
2.570931e-12
2.879479e-12
2.852171e-12
2.809537e-12
2.662853e-12
2.719636e-12
2.961265e-12
2.927745e-12
2.689916e-12
2.696217e-12
2.117921e-12
2.535548e-12
2.977534e-12
2.984061e-12
2.920225e-12
2.505045e-12
2.653976e-12
2.886521e-12
3.222073e-12
2.907704e-12
2.486196e-12
3.140615e-12
2.846767e-12
2.550526e-12
2.598089e-12
2.920125e-12
2.840766e-12
2.919783e-12
2.746695e-12
2.723404e-12
2.550696e-12
3.058844e-12
3.252209e-12
2.888554e-12
2.885691e-12
2.625935e-12
2.549146e-12
2.585820e-12
3.054529e-12
2.751231e-12
3.017484e-12
2.577679e-12
2.694671e-12
2.952712e-12
2.948010e-12
3.265843e-12
2.722909e-12
2.350533e-12
2.849524e-12
2.918197e-12
2.841114e-12
2.708148e-12
2.615864e-12
2.785441e-12
2.843818e-12
2.903806e-12
2.442124e-12
2.868006e-12
2.819924e-12
3.021584e-12
2.786716e-12
3.008855e-12
2.779391e-12
2.668744e-12
2.690097e-12
2.895310e-12
3.202048e-12
2.725292e-12
3.010049e-12
2.935944e-12
2.823261e-12
2.981612e-12
2.196713e-12
2.786332e-12
2.861899e-12
2.897740e-12
2.856111e-12
2.507478e-12
3.039956e-12
2.653105e-12
2.935689e-12
2.823109e-12
2.764900e-12
3.593772e-12
2.559113e-12
2.922147e-12
2.653592e-12
2.488666e-12
3.008564e-12
2.536078e-12
2.700811e-12
2.851163e-12
2.694000e-12
2.769636e-12
2.777165e-12
2.475540e-12
2.778419e-12
3.075478e-12
3.085274e-12
2.985897e-12
2.777808e-12
2.745335e-12
2.712544e-12
2.963543e-12
2.739343e-12
2.793991e-12
3.206106e-12
2.644576e-12
2.744349e-12
3.006261e-12
2.529784e-12
2.723236e-12
2.594292e-12
2.594921e-12
2.817753e-12
2.512058e-12
2.712457e-12
2.990803e-12
3.110024e-12
2.758659e-12
2.870929e-12
2.951398e-12
2.836167e-12
2.721422e-12
2.994267e-12
2.685430e-12
2.892429e-12
2.648376e-12
2.736364e-12
2.426641e-12
3.151039e-12
2.906055e-12
2.749591e-12
2.466097e-12
2.866717e-12
3.225410e-12
2.941904e-12
2.915960e-12
3.168673e-12
2.692142e-12
2.568380e-12
2.483830e-12
2.963423e-12
2.775131e-12
2.512326e-12
2.931003e-12
2.701253e-12
3.044024e-12
2.648504e-12
2.848825e-12
2.641228e-12
2.756783e-12
3.041554e-12
2.930081e-12
2.751751e-12
2.778400e-12
2.827204e-12
2.807813e-12
2.926438e-12
2.642198e-12
2.395934e-12
2.723207e-12
3.058304e-12
2.725691e-12
2.960982e-12
2.800655e-12
2.633054e-12
2.595544e-12
2.945244e-12
2.641212e-12
3.151966e-12
2.671178e-12
3.045158e-12
2.775528e-12
2.823186e-12
2.575591e-12
2.623825e-12
2.881051e-12
2.997720e-12
2.860325e-12
2.403806e-12
2.777410e-12
2.758973e-12
2.507056e-12
2.828372e-12
3.132415e-12
2.219093e-12
2.682260e-12
2.899945e-12
2.895315e-12
2.995954e-12
2.931390e-12
2.752337e-12
2.622726e-12
2.748213e-12
2.478541e-12
3.090033e-12
2.931137e-12
2.794199e-12
2.521778e-12
2.736982e-12
3.156462e-12
2.585137e-12
2.961040e-12
2.710606e-12
2.920424e-12
2.417934e-12
2.895480e-12
2.596726e-12
2.242226e-12
2.616221e-12
2.633699e-12
2.659110e-12
2.407655e-12
2.525419e-12
2.350490e-12
2.970943e-12
2.636428e-12
3.040128e-12
2.572602e-12
3.034251e-12
2.915135e-12
3.003828e-12
3.191423e-12
2.464067e-12
2.861178e-12
2.630105e-12
2.722654e-12
3.018399e-12
2.936007e-12
2.632352e-12
3.044869e-12
2.794011e-12
2.838653e-12
3.088592e-12
3.095316e-12
2.840743e-12
2.352846e-12
3.015988e-12
2.762341e-12
2.909316e-12
2.764723e-12
2.649466e-12
2.920601e-12
2.757619e-12
2.681537e-12
2.957579e-12
2.790326e-12
2.582908e-12
2.758098e-12
2.769512e-12
2.499284e-12
3.057951e-12
2.826018e-12
2.713462e-12
2.628812e-12
2.651238e-12
2.874794e-12
2.774584e-12
2.517668e-12
2.884929e-12
2.836038e-12
2.624143e-12
2.516639e-12
2.585561e-12
2.594088e-12
2.738439e-12
2.721384e-12
2.265233e-12
2.752220e-12
2.641162e-12
2.571652e-12
2.784552e-12
2.989162e-12
2.573072e-12
2.688552e-12
2.646703e-12
2.919141e-12
2.599634e-12
2.872899e-12
2.695536e-12
2.187466e-12
2.663309e-12
2.551140e-12
2.658716e-12
2.872648e-12
2.818890e-12
2.778969e-12
2.679762e-12
2.581935e-12
2.886077e-12
3.024087e-12
2.803836e-12
3.043454e-12
2.713522e-12
2.699361e-12
3.053186e-12
2.894228e-12
2.965504e-12
2.876252e-12
2.709175e-12
3.023458e-12
2.671887e-12
2.863752e-12
2.146696e-12
3.075482e-12
2.512434e-12
3.078286e-12
2.830191e-12
2.682650e-12
3.305586e-12
2.891476e-12
2.670813e-12
2.518883e-12
3.084132e-12
2.604028e-12
2.720052e-12
2.493710e-12
2.818052e-12
2.675954e-12
2.777342e-12
2.662799e-12
2.560250e-12
3.057818e-12
3.173053e-12
2.955326e-12
3.121554e-12
2.460927e-12
3.082066e-12
2.919526e-12
3.041744e-12
2.886704e-12
2.680212e-12
2.782836e-12
2.221511e-12
2.894981e-12
3.234190e-12
3.123474e-12
2.717146e-12
2.361344e-12
2.698201e-12
2.635332e-12
3.136223e-12
2.628345e-12
3.246848e-12
2.784432e-12
2.788910e-12
2.683194e-12
2.875430e-12
2.861049e-12
2.669901e-12
2.873006e-12
2.965889e-12
3.028159e-12
3.037872e-12
2.411122e-12
2.379022e-12
2.805326e-12
2.822214e-12
2.649631e-12
2.967447e-12
2.717700e-12
3.152459e-12
3.123736e-12
2.857871e-12
3.051361e-12
2.786401e-12
2.502868e-12
2.833056e-12
2.861586e-12
2.810310e-12
2.538074e-12
2.969118e-12
2.624285e-12
3.017897e-12
2.642597e-12
2.702095e-12
2.311240e-12
2.710920e-12
2.375856e-12
2.846661e-12
2.894359e-12
2.775692e-12
2.663794e-12
2.699692e-12
2.754397e-12
2.723158e-12
3.176333e-12
2.778477e-12
2.735966e-12
2.746725e-12
2.395958e-12
2.552353e-12
2.635021e-12
3.105556e-12
2.652648e-12
2.689183e-12
2.464975e-12
3.040000e-12
2.837325e-12
2.417419e-12
3.024721e-12
2.506638e-12
2.631164e-12
2.540000e-12
2.923483e-12
2.730428e-12
3.102040e-12
2.591926e-12
2.846282e-12
2.537279e-12
2.625213e-12
2.819854e-12
2.954873e-12
3.097758e-12
2.934528e-12
2.462218e-12
2.197916e-12
2.801476e-12
2.938201e-12
3.431062e-12
2.883462e-12
2.708508e-12
2.856480e-12
3.041540e-12
2.374732e-12
2.686087e-12
2.857551e-12
3.142258e-12
3.017787e-12
3.020154e-12
2.918613e-12
2.804507e-12
2.658234e-12
2.696570e-12
2.635878e-12
3.127476e-12
3.098712e-12
2.918918e-12
2.839431e-12
2.302715e-12
2.773525e-12
2.624787e-12
2.583478e-12
2.362691e-12
2.759616e-12
3.033103e-12
2.538948e-12
3.079217e-12
2.989354e-12
2.847586e-12
2.721141e-12
2.578449e-12
2.726064e-12
2.510261e-12
2.887656e-12
2.669777e-12
3.047576e-12
2.613336e-12
3.007525e-12
2.810589e-12
2.683109e-12
2.367050e-12
2.648430e-12
3.113419e-12
2.660186e-12
3.025985e-12
3.040443e-12
2.821481e-12
2.716170e-12
2.535560e-12
2.414925e-12
2.927131e-12
3.225055e-12
2.470306e-12
2.799896e-12
2.673393e-12
2.545481e-12
2.875656e-12
2.958219e-12
2.600650e-12
2.854893e-12
2.752948e-12
2.755673e-12
2.395024e-12
2.622920e-12
2.658593e-12
2.670581e-12
2.840431e-12
2.844935e-12
2.974653e-12
3.043510e-12
3.104739e-12
3.394544e-12
3.198372e-12
3.375607e-12
3.016386e-12
2.642782e-12
2.977118e-12
2.742328e-12
2.985946e-12
3.050226e-12
2.870734e-12
2.477908e-12
2.896437e-12
2.748798e-12
2.996938e-12
2.629526e-12
2.866929e-12
2.884944e-12
2.857920e-12
2.539092e-12
2.889199e-12
2.892709e-12
2.530025e-12
2.892119e-12
2.655221e-12
2.584536e-12
3.250422e-12
2.856562e-12
2.821617e-12
3.035305e-12
3.201782e-12
2.504891e-12
2.712258e-12
2.295530e-12
2.894274e-12
3.016281e-12
2.182641e-12
3.017242e-12
3.055352e-12
2.802148e-12
2.457603e-12
2.787981e-12
2.891586e-12
3.160177e-12
2.970513e-12
2.725311e-12
2.725949e-12
2.528446e-12
3.213225e-12
2.755132e-12
2.832506e-12
2.479819e-12
2.874724e-12
2.609967e-12
2.851637e-12
2.513562e-12
2.607534e-12
2.786527e-12
2.898836e-12
2.897112e-12
2.774340e-12
2.735745e-12
3.009216e-12
2.555766e-12
2.913546e-12
2.817461e-12
2.964913e-12
2.566485e-12
2.895287e-12
2.655172e-12
3.048817e-12
3.005405e-12
2.673368e-12
2.803013e-12
2.840988e-12
2.825184e-12
2.738343e-12
3.133303e-12
2.527637e-12
2.713279e-12
2.620615e-12
2.601082e-12
2.971179e-12
2.955101e-12
2.735017e-12
2.892509e-12
2.786536e-12
2.778658e-12
2.758404e-12
2.968444e-12
2.835573e-12
2.729729e-12
2.938634e-12
3.067247e-12
2.672618e-12
2.894417e-12
2.896807e-12
2.773722e-12
2.216071e-12
2.974119e-12
2.902121e-12
3.007626e-12
2.574464e-12
2.988853e-12
2.631398e-12
3.173562e-12
2.621117e-12
2.347612e-12
2.905673e-12
3.068175e-12
2.624219e-12
2.824622e-12
2.695897e-12
2.707455e-12
2.779663e-12
2.842560e-12
2.831614e-12
3.077416e-12
3.197874e-12
2.455242e-12
2.801909e-12
2.714515e-12
3.041641e-12
3.121279e-12
2.488621e-12
2.720126e-12
2.789330e-12
2.753345e-12
3.167774e-12
2.769237e-12
3.175200e-12
2.978398e-12
2.776259e-12
2.555938e-12
3.122876e-12
2.811969e-12
2.775529e-12
2.872226e-12
2.796406e-12
2.875882e-12
2.802003e-12
2.659364e-12
2.509968e-12
2.856830e-12
2.923871e-12
2.411719e-12
2.766084e-12
3.005401e-12
2.808066e-12
2.863228e-12
2.781692e-12
2.680434e-12
2.605658e-12
2.552432e-12
2.859707e-12
2.752941e-12
2.828579e-12
2.827942e-12
3.020176e-12
2.376892e-12
2.734767e-12
2.737720e-12
2.707785e-12
2.718741e-12
2.420877e-12
2.631837e-12
2.830596e-12
2.895631e-12
2.327570e-12
2.951614e-12
2.871888e-12
2.568993e-12
2.684434e-12
2.924400e-12
2.647258e-12
2.613199e-12
2.600481e-12
2.513417e-12
2.566228e-12
2.791584e-12
2.709587e-12
2.953042e-12
2.753347e-12
2.592760e-12
2.420036e-12
2.939926e-12
2.547768e-12
2.780599e-12
2.766494e-12
2.668491e-12
2.786609e-12
2.968300e-12
2.789451e-12
2.762273e-12
2.991593e-12
2.723530e-12
2.514383e-12
2.530382e-12
2.483152e-12
2.832853e-12
2.731344e-12
2.916456e-12
2.843492e-12
3.206291e-12
2.544875e-12
2.587286e-12
3.013703e-12
2.641691e-12
2.449975e-12
2.800124e-12
2.623817e-12
2.821910e-12
3.013378e-12
3.198508e-12
2.702248e-12
2.532984e-12
2.705961e-12
2.841823e-12
2.653123e-12
2.941825e-12
2.581960e-12
2.727690e-12
2.722995e-12
2.790035e-12
2.780829e-12
2.771026e-12
2.850058e-12
3.066918e-12
2.954771e-12
2.666869e-12
2.733891e-12
2.622787e-12
3.229715e-12
2.780021e-12
2.293213e-12
3.092839e-12
2.602326e-12
2.489998e-12
2.588844e-12
2.818818e-12
2.683926e-12
2.874143e-12
2.797410e-12
2.908542e-12
2.868111e-12
2.766022e-12
2.966432e-12
2.831977e-12
2.814339e-12
2.864210e-12
2.622121e-12
2.728842e-12
2.160845e-12
2.683728e-12
3.160704e-12
2.962302e-12
2.945435e-12
2.726463e-12
2.641168e-12
2.939088e-12
2.612887e-12
2.880492e-12
2.910117e-12
2.589271e-12
2.462921e-12
2.231551e-12
2.625876e-12
3.138856e-12
2.622510e-12
2.850914e-12
2.794514e-12
2.782804e-12
2.652665e-12
2.819755e-12
2.799959e-12
2.876886e-12
2.552834e-12
2.636854e-12
3.441275e-12
3.048724e-12
2.565621e-12
3.267565e-12
2.678974e-12
2.627458e-12
2.352375e-12
2.467234e-12
2.922663e-12
2.945933e-12
2.842261e-12
3.065510e-12
2.563539e-12
2.337869e-12
2.899816e-12
2.658709e-12
2.566876e-12
3.033865e-12
2.739984e-12
2.617333e-12
2.832395e-12
2.841044e-12
2.704019e-12
2.267796e-12
2.631913e-12
2.709013e-12
2.312584e-12
2.732530e-12
2.718081e-12
2.870095e-12
3.032719e-12
2.911890e-12
2.928898e-12
2.501441e-12
3.139998e-12
2.916606e-12
3.010252e-12
2.715833e-12
3.055355e-12
2.601805e-12
2.820664e-12
2.718603e-12
2.554570e-12
2.831588e-12
2.590497e-12
2.895842e-12
2.813250e-12
2.704555e-12
2.918073e-12
2.627736e-12
2.863975e-12
2.812273e-12
3.046185e-12
2.751173e-12
2.378266e-12
2.929790e-12
2.623327e-12
2.342926e-12
2.895325e-12
2.553831e-12
2.753310e-12
2.580470e-12
2.519898e-12
2.722843e-12
2.975735e-12
2.619385e-12
2.628597e-12
2.671869e-12
2.712770e-12
2.788340e-12
2.751444e-12
2.711840e-12
2.805697e-12
2.471454e-12
2.713514e-12
2.748372e-12
2.798450e-12
2.419004e-12
2.620716e-12
2.749072e-12
2.593941e-12
2.519605e-12
2.578758e-12
2.885728e-12
2.980119e-12
2.968077e-12
2.848523e-12
2.764691e-12
2.613835e-12
2.922675e-12
3.088802e-12
2.981528e-12
2.783931e-12
2.524604e-12
2.971788e-12
2.714636e-12
2.911547e-12
2.722531e-12
2.774067e-12
2.781857e-12
2.586694e-12
2.619132e-12
2.506211e-12
2.966732e-12
2.636533e-12
2.600387e-12
2.305898e-12
2.966904e-12
2.707038e-12
2.671659e-12
2.566547e-12
2.532307e-12
2.779989e-12
2.670857e-12
2.504872e-12
3.113785e-12
2.708757e-12
2.668790e-12
2.776289e-12
2.836907e-12
2.731482e-12
2.638097e-12
3.179124e-12
2.609665e-12
2.920057e-12
3.402220e-12
2.961776e-12
3.122208e-12
2.817442e-12
2.860498e-12
2.423987e-12
2.965708e-12
2.770421e-12
2.646408e-12
2.975328e-12
2.730387e-12
3.029537e-12
2.560932e-12
2.715068e-12
3.006326e-12
2.698578e-12
3.066024e-12
2.540352e-12
2.995081e-12
2.673938e-12
2.744953e-12
2.705851e-12
2.880287e-12
2.594874e-12
2.891338e-12
2.619782e-12
2.740482e-12
2.989871e-12
2.981344e-12
2.895232e-12
2.899168e-12
2.588037e-12
2.926736e-12
3.450039e-12
3.187370e-12
3.030987e-12
2.812835e-12
2.671001e-12
2.508701e-12
2.780139e-12
3.152603e-12
2.768559e-12
2.639206e-12
2.779381e-12
2.859151e-12
3.070344e-12
2.743058e-12
2.598360e-12
3.138110e-12
2.819044e-12
2.902218e-12
2.749370e-12
2.966080e-12
2.730278e-12
3.172447e-12
2.772733e-12
2.818977e-12
2.557960e-12
3.039753e-12
3.126252e-12
2.529597e-12
2.836045e-12
2.569676e-12
2.401640e-12
3.072516e-12
3.022343e-12
2.757274e-12
2.879838e-12
2.823353e-12
2.970286e-12
2.867428e-12
2.766593e-12
2.894364e-12
3.089096e-12
2.819856e-12
3.005482e-12
2.935724e-12
2.883993e-12
2.875833e-12
2.595470e-12
3.034825e-12
2.853580e-12
2.477333e-12
2.359306e-12
2.783859e-12
2.326044e-12
3.205274e-12
3.114252e-12
2.850303e-12
3.001221e-12
2.581992e-12
2.784888e-12
2.885090e-12
2.682064e-12
2.854150e-12
2.598560e-12
2.969490e-12
3.602826e-12
2.821075e-12
3.268241e-12
2.700882e-12
3.050117e-12
2.989166e-12
2.975964e-12
2.861695e-12
2.805707e-12
2.506400e-12
2.592061e-12
3.053389e-12
2.275149e-12
2.881739e-12
2.869059e-12
2.459830e-12
2.470637e-12
3.029762e-12
2.853001e-12
2.541771e-12
2.544971e-12
2.584757e-12
3.014503e-12
2.500150e-12
3.077776e-12
3.028160e-12
2.587956e-12
2.537466e-12
2.843913e-12
3.127319e-12
2.641558e-12
3.111444e-12
2.682921e-12
2.689713e-12
2.929262e-12
2.541881e-12
3.333520e-12
2.458773e-12
2.638307e-12
2.706815e-12
2.745526e-12
2.629754e-12
3.085346e-12
2.813128e-12
2.390208e-12
2.407603e-12
3.038440e-12
2.595237e-12
2.972586e-12
2.590046e-12
2.822994e-12
2.610211e-12
2.687777e-12
3.024771e-12
3.048683e-12
2.884549e-12
2.698285e-12
2.781847e-12
2.656921e-12
2.686325e-12
2.765086e-12
2.754773e-12
2.714401e-12
2.866981e-12
2.744243e-12
2.552663e-12
2.559424e-12
2.941656e-12
2.666722e-12
2.315656e-12
2.892540e-12
3.305329e-12
2.541135e-12
2.961092e-12
2.773602e-12
2.885890e-12
2.310060e-12
3.042901e-12
2.599504e-12
2.601610e-12
2.588475e-12
2.806729e-12
2.800053e-12
2.996719e-12
2.835941e-12
3.305257e-12
2.712180e-12
2.353992e-12
2.574364e-12
3.182680e-12
2.270572e-12
3.168954e-12
2.635307e-12
2.665455e-12
2.741661e-12
2.691426e-12
2.803082e-12
2.901021e-12
2.694134e-12
3.199942e-12
2.405374e-12
2.787662e-12
3.164423e-12
3.138094e-12
2.302387e-12
2.847861e-12
2.804184e-12
3.473262e-12
2.876396e-12
2.631178e-12
2.710062e-12
2.908234e-12
2.837018e-12
2.829985e-12
2.800812e-12
3.011255e-12
2.768510e-12
3.257991e-12
3.001514e-12
2.522152e-12
3.295924e-12
2.818206e-12
2.748485e-12
3.187150e-12
2.583471e-12
2.960854e-12
2.498141e-12
2.710872e-12
2.952695e-12
3.264568e-12
3.222066e-12
2.950366e-12
2.496859e-12
2.729868e-12
2.847507e-12
2.737744e-12
3.056102e-12
2.450904e-12
2.739648e-12
2.892036e-12
3.047253e-12
3.130532e-12
2.586490e-12
2.707135e-12
2.513880e-12
2.741889e-12
2.816777e-12
2.857702e-12
2.932790e-12
3.185190e-12
2.290870e-12
2.944456e-12
2.582155e-12
3.238330e-12
2.642312e-12
2.997230e-12
2.646108e-12
2.627742e-12
2.888526e-12
2.763996e-12
3.062260e-12
2.305991e-12
2.964018e-12
2.979663e-12
2.779954e-12
2.597441e-12
2.970962e-12
2.658482e-12
2.726786e-12
2.848569e-12
2.809900e-12
3.176745e-12
2.943943e-12
2.645198e-12
2.564617e-12
2.544184e-12
2.760357e-12
3.247587e-12
2.651360e-12
3.000583e-12
2.991529e-12
3.047977e-12
2.316150e-12
2.808026e-12
2.863127e-12
2.512959e-12
2.502527e-12
2.938181e-12
3.137950e-12
2.552743e-12
2.948830e-12
3.095358e-12
2.996974e-12
2.738248e-12
2.626497e-12
3.035261e-12
2.858645e-12
2.659053e-12
2.828487e-12
2.264974e-12
2.712808e-12
2.922698e-12
2.889583e-12
2.533600e-12
2.843546e-12
2.964425e-12
2.534942e-12
2.982433e-12
2.769447e-12
2.985632e-12
2.580727e-12
2.521230e-12
2.485821e-12
3.141613e-12
2.898785e-12
3.133737e-12
2.800648e-12
2.827256e-12
2.955426e-12
2.848972e-12
2.628151e-12
3.283364e-12
2.961621e-12
2.978537e-12
2.778500e-12
2.620789e-12
2.957656e-12
2.700732e-12
2.653188e-12
3.273016e-12
3.114594e-12
2.645774e-12
2.784868e-12
2.659618e-12
2.475996e-12
2.761610e-12
2.979098e-12
2.857526e-12
3.152417e-12
2.657415e-12
2.806334e-12
3.007793e-12
3.161359e-12
2.760235e-12
2.467689e-12
3.140798e-12
3.152170e-12
2.931610e-12
2.688695e-12
2.916672e-12
2.731201e-12
2.588468e-12
3.098430e-12
2.975546e-12
3.134941e-12
2.627692e-12
2.364354e-12
2.779142e-12
2.735546e-12
2.883937e-12
2.584647e-12
2.640433e-12
3.171582e-12
2.909393e-12
2.674409e-12
2.850444e-12
2.907393e-12
2.302359e-12
2.708044e-12
2.788164e-12
2.535795e-12
2.890151e-12
3.099028e-12
2.535970e-12
3.152588e-12
2.736807e-12
2.541677e-12
2.573403e-12
2.588102e-12
3.182382e-12
2.664512e-12
2.650509e-12
2.680474e-12
2.940559e-12
2.680259e-12
2.606363e-12
3.125886e-12
2.708925e-12
2.984327e-12
2.901890e-12
2.471864e-12
2.744938e-12
2.617957e-12
2.724555e-12
2.613200e-12
2.637220e-12
2.969061e-12
2.841854e-12
2.726342e-12
2.679928e-12
2.721761e-12
3.013982e-12
3.051842e-12
3.219805e-12
2.815602e-12
2.615703e-12
2.901415e-12
2.707599e-12
2.875562e-12
2.687915e-12
2.613001e-12
2.862159e-12
2.683133e-12
3.078244e-12
2.911745e-12
2.960620e-12
2.709257e-12
2.505598e-12
2.873445e-12
2.679531e-12
2.634688e-12
2.607468e-12
2.291488e-12
2.822623e-12
2.726187e-12
2.478479e-12
2.797547e-12
2.986190e-12
2.926737e-12
2.622426e-12
2.765406e-12
2.561004e-12
2.735704e-12
2.928725e-12
2.964114e-12
2.778562e-12
2.973392e-12
2.541217e-12
2.907184e-12
2.667152e-12
2.584818e-12
2.833291e-12
2.585952e-12
2.811240e-12
2.701225e-12
2.732541e-12
3.199693e-12
2.823201e-12
2.957640e-12
2.868946e-12
2.892922e-12
2.896794e-12
2.484559e-12
2.823391e-12
2.964218e-12
2.692859e-12
2.834937e-12
2.844159e-12
2.603591e-12
2.968907e-12
2.692752e-12
2.767299e-12
2.833485e-12
3.004441e-12
2.831593e-12
2.848812e-12
2.708056e-12
2.561363e-12
2.715876e-12
2.655153e-12
2.974481e-12
2.475684e-12
3.049370e-12
2.427400e-12
2.942004e-12
2.649751e-12
2.892139e-12
2.937959e-12
2.776508e-12
2.478265e-12
3.018468e-12
2.899194e-12
2.520497e-12
2.971531e-12
2.574909e-12
2.714229e-12
2.529610e-12
2.973523e-12
2.503109e-12
2.676298e-12
2.661990e-12
2.683129e-12
2.793669e-12
2.476397e-12
2.696624e-12
2.546676e-12
2.856684e-12
2.704129e-12
3.213335e-12
2.919772e-12
2.762657e-12
2.964337e-12
3.004527e-12
2.768170e-12
2.433911e-12
3.056391e-12
2.919657e-12
2.676250e-12
2.530979e-12
2.930280e-12
3.197463e-12
2.870391e-12
2.812597e-12
2.768716e-12
2.720674e-12
3.310427e-12
2.468626e-12
2.351003e-12
2.804855e-12
2.433939e-12
3.136906e-12
3.102435e-12
3.072385e-12
2.465419e-12
2.764379e-12
2.530718e-12
2.481777e-12
2.674387e-12
2.756354e-12
2.961092e-12
2.875899e-12
2.602749e-12
2.869576e-12
2.540263e-12
2.743018e-12
2.911167e-12
2.696966e-12
2.934834e-12
2.984906e-12
2.937475e-12
3.106994e-12
2.767551e-12
2.852809e-12
2.913006e-12
2.899232e-12
2.906735e-12
2.900743e-12
3.065128e-12
2.540877e-12
2.720150e-12
2.861031e-12
2.448059e-12
3.176666e-12
2.713285e-12
3.262517e-12
2.846412e-12
3.055966e-12
2.959406e-12
3.069416e-12
2.460291e-12
3.154272e-12
2.502741e-12
2.933847e-12
3.170656e-12
2.627282e-12
2.993655e-12
2.761326e-12
2.871136e-12
2.981052e-12
2.361537e-12
2.958580e-12
2.686897e-12
2.830184e-12
3.028852e-12
2.826206e-12
2.714738e-12
2.610367e-12
2.626190e-12
2.670284e-12
2.845927e-12
3.106178e-12
3.077961e-12
2.716055e-12
2.714866e-12
2.582867e-12
2.253978e-12
2.950589e-12
2.617800e-12
2.615396e-12
2.857677e-12
2.733183e-12
2.664861e-12
2.575896e-12
2.644605e-12
2.970754e-12
2.606488e-12
2.952677e-12
2.916196e-12
3.173567e-12
3.159980e-12
3.033895e-12
2.612577e-12
2.635445e-12
2.968303e-12
2.775387e-12
2.615745e-12
2.460785e-12
2.530454e-12
2.752187e-12
2.808151e-12
2.755105e-12
2.549284e-12
2.741331e-12
2.633210e-12
2.700186e-12
2.908439e-12
2.937852e-12
2.911663e-12
2.663053e-12
2.798262e-12
2.539959e-12
2.882216e-12
3.066388e-12
2.684906e-12
2.802964e-12
3.143004e-12
3.347554e-12
2.490495e-12
2.771188e-12
3.319368e-12
3.115321e-12
2.597601e-12
2.877731e-12
2.795374e-12
2.665449e-12
2.822995e-12
2.388904e-12
2.835035e-12
2.780085e-12
3.063456e-12
2.922228e-12
2.618877e-12
2.721908e-12
2.593136e-12
3.128019e-12
2.835948e-12
2.631606e-12
2.754764e-12
2.942362e-12
2.401664e-12
2.717720e-12
2.892932e-12
3.030656e-12
3.268528e-12
2.818534e-12
2.694518e-12
2.519326e-12
2.870247e-12
2.966839e-12
2.627797e-12
2.769338e-12
2.843606e-12
2.432416e-12
2.701681e-12
2.872504e-12
2.425949e-12
2.748428e-12
2.541568e-12
2.639339e-12
2.867854e-12
2.825322e-12
2.229640e-12
3.028906e-12
2.967986e-12
2.757711e-12
2.861837e-12
2.838868e-12
3.031991e-12
2.915547e-12
2.672951e-12
2.939125e-12
2.939723e-12
2.719887e-12
2.575284e-12
2.787221e-12
3.004324e-12
3.387761e-12
2.423003e-12
3.005471e-12
2.718880e-12
2.525989e-12
2.785898e-12
2.760499e-12
2.983671e-12
2.508843e-12
2.688284e-12
2.634409e-12
2.548318e-12
2.778158e-12
2.523369e-12
2.977153e-12
2.571150e-12
2.861439e-12
3.057405e-12
2.971996e-12
2.630609e-12
2.584349e-12
2.546887e-12
2.421286e-12
2.748608e-12
2.433345e-12
3.126522e-12
2.748967e-12
2.891479e-12
2.796028e-12
2.487400e-12
2.919004e-12
2.594974e-12
3.053455e-12
2.952366e-12
3.086785e-12
2.958630e-12
2.727817e-12
2.829319e-12
2.571597e-12
2.745669e-12
2.635863e-12
2.629885e-12
2.347106e-12
3.033999e-12
2.746853e-12
2.815723e-12
2.731582e-12
2.917237e-12
2.933457e-12
2.515224e-12
2.705134e-12
2.842687e-12
2.636640e-12
2.673477e-12
3.074466e-12
3.001142e-12
2.227719e-12
2.147365e-12
3.123318e-12
2.699313e-12
2.981668e-12
2.674026e-12
2.686405e-12
2.879778e-12
3.097442e-12
3.063274e-12
2.610008e-12
2.517107e-12
3.168040e-12
2.736905e-12
3.150815e-12
3.029987e-12
3.437819e-12
2.839001e-12
2.459081e-12
2.912996e-12
2.452915e-12
2.503908e-12
2.590601e-12
2.473818e-12
2.600045e-12
2.640417e-12
3.159212e-12
2.647896e-12
2.870028e-12
2.508752e-12
2.367359e-12
3.102449e-12
2.806130e-12
2.537603e-12
3.137055e-12
2.780135e-12
2.704223e-12
2.663817e-12
2.663735e-12
2.940582e-12
2.906800e-12
3.042600e-12
2.742323e-12
2.730624e-12
3.136712e-12
3.063535e-12
2.838586e-12
2.487910e-12
2.789413e-12
2.837746e-12
2.994711e-12
2.820754e-12
2.663001e-12
2.317569e-12
2.751140e-12
3.028904e-12
2.706533e-12
2.742769e-12
2.864451e-12
2.747309e-12
2.717333e-12
2.812012e-12
2.704988e-12
2.762770e-12
3.061857e-12
2.555145e-12
2.682376e-12
2.990125e-12
3.359849e-12
3.016859e-12
2.833730e-12
2.525303e-12
2.950776e-12
2.589327e-12
2.995785e-12
2.516288e-12
3.038041e-12
3.366397e-12
3.043366e-12
2.548271e-12
3.026082e-12
2.512243e-12
2.738751e-12
2.666505e-12
2.475713e-12
2.693886e-12
2.930611e-12
2.655825e-12
2.588446e-12
2.897558e-12
2.735906e-12
2.409925e-12
2.603060e-12
2.551681e-12
3.076895e-12
2.790079e-12
2.625531e-12
2.808692e-12
2.727564e-12
2.828255e-12
2.260697e-12
2.799512e-12
2.890152e-12
2.673415e-12
2.516785e-12
3.331909e-12
3.295349e-12
2.672665e-12
2.571917e-12
2.636798e-12
2.649554e-12
2.492415e-12
2.637082e-12
3.030509e-12
2.785305e-12
2.540798e-12
2.989334e-12
2.685764e-12
2.746919e-12
2.664339e-12
2.552442e-12
2.801419e-12
2.997215e-12
3.151891e-12
2.990174e-12
2.472979e-12
2.857616e-12
2.830328e-12
2.935188e-12
2.971577e-12
2.616254e-12
3.041453e-12
2.931504e-12
2.334898e-12
2.795279e-12
2.854990e-12
2.675150e-12
3.072180e-12
2.770627e-12
2.380566e-12
2.768005e-12
2.727721e-12
3.013791e-12
2.560001e-12
2.131232e-12
2.455714e-12
2.349266e-12
2.691532e-12
2.632846e-12
2.577891e-12
3.002653e-12
2.722662e-12
2.572674e-12
2.799655e-12
2.539681e-12
2.797531e-12
2.325116e-12
2.533423e-12
2.978218e-12
2.680758e-12
2.721770e-12
3.128302e-12
2.854374e-12
2.984741e-12
3.161142e-12
2.934979e-12
2.691025e-12
2.675978e-12
2.592483e-12
2.706961e-12
2.432209e-12
2.933540e-12
3.029343e-12
2.889989e-12
3.047688e-12
2.585847e-12
2.815405e-12
2.731057e-12
2.574145e-12
2.886647e-12
2.921558e-12
3.065007e-12
2.683560e-12
2.704884e-12
2.776919e-12
2.769375e-12
2.652887e-12
2.765323e-12
2.778709e-12
2.692951e-12
2.661639e-12
2.686555e-12
3.044261e-12
2.505669e-12
2.885758e-12
2.693651e-12
2.891478e-12
2.783053e-12
2.524649e-12
2.928074e-12
3.295634e-12
2.889301e-12
2.703958e-12
2.471958e-12
2.726555e-12
2.825937e-12
2.941420e-12
2.842578e-12
2.751161e-12
2.934783e-12
3.159868e-12
3.028668e-12
3.170177e-12
2.872813e-12
2.513647e-12
2.763321e-12
2.907549e-12
2.730240e-12
2.831552e-12
2.522565e-12
2.771416e-12
3.333200e-12
2.964840e-12
2.792384e-12
2.743084e-12
2.950079e-12
2.656859e-12
2.769895e-12
2.930229e-12
2.416050e-12
2.676884e-12
2.668253e-12
2.644284e-12
2.580754e-12
2.870895e-12
2.735185e-12
3.255730e-12
2.762635e-12
2.869357e-12
3.238247e-12
2.925173e-12
2.416903e-12
3.030583e-12
2.657074e-12
2.590445e-12
2.624367e-12
3.087466e-12
2.593148e-12
2.241107e-12
2.804949e-12
2.537012e-12
3.254503e-12
2.609624e-12
2.897965e-12
2.644995e-12
2.893439e-12
3.218777e-12
2.899350e-12
2.577187e-12
3.268635e-12
2.758338e-12
2.857670e-12
2.876428e-12
2.799833e-12
2.448646e-12
2.753753e-12
2.568638e-12
2.882605e-12
2.844924e-12
2.756543e-12
2.805114e-12
2.826882e-12
2.833265e-12
3.105904e-12
2.510254e-12
2.937979e-12
2.793840e-12
2.765787e-12
3.347193e-12
2.492368e-12
2.564634e-12
2.829699e-12
2.519023e-12
2.777099e-12
2.670795e-12
2.702547e-12
3.062437e-12
3.073036e-12
2.787954e-12
2.593201e-12
2.622442e-12
3.157925e-12
2.803641e-12
2.484253e-12
2.791355e-12
2.761514e-12
3.034076e-12
2.588575e-12
2.916065e-12
2.586846e-12
2.955241e-12
2.757321e-12
2.867841e-12
3.027349e-12
2.903853e-12
2.765849e-12
2.542493e-12
2.720323e-12
2.842719e-12
2.407806e-12
2.750563e-12
2.770231e-12
2.700365e-12
3.010265e-12
2.733662e-12
2.758811e-12
2.709908e-12
2.944109e-12
2.449567e-12
2.652996e-12
2.922150e-12
2.792013e-12
3.142679e-12
3.113551e-12
2.715676e-12
2.635389e-12
3.006005e-12
2.911465e-12
2.556766e-12
2.590145e-12
3.086452e-12
2.640520e-12
2.681964e-12
2.455969e-12
2.936041e-12
3.018329e-12
2.928056e-12
2.730388e-12
2.502647e-12
3.272132e-12
2.327933e-12
2.589371e-12
2.708671e-12
2.719688e-12
2.755820e-12
2.446348e-12
2.580977e-12
2.719906e-12
3.259537e-12
2.875743e-12
2.704191e-12
2.823320e-12
3.021649e-12
2.728180e-12
2.710244e-12
3.173374e-12
2.994129e-12
2.632116e-12
2.909914e-12
3.016971e-12
3.001464e-12
2.714624e-12
2.733961e-12
2.695259e-12
2.857000e-12
2.897637e-12
2.762173e-12
2.621308e-12
2.795336e-12
2.632865e-12
3.038200e-12
3.068391e-12
2.976680e-12
2.854743e-12
2.692619e-12
2.569857e-12
2.710816e-12
2.888347e-12
3.110042e-12
2.630927e-12
2.494058e-12
2.340605e-12
2.535774e-12
2.699090e-12
3.075224e-12
2.636970e-12
3.150964e-12
2.778632e-12
2.677257e-12
2.233734e-12
2.944585e-12
2.368012e-12
2.871018e-12
2.597731e-12
2.694697e-12
2.924838e-12
2.701470e-12
2.601320e-12
2.728716e-12
2.902165e-12
2.609644e-12
2.591440e-12
2.669606e-12
2.975012e-12
3.204969e-12
2.990723e-12
2.610451e-12
2.963524e-12
2.489353e-12
3.172358e-12
2.733654e-12
2.518279e-12
2.757898e-12
2.969615e-12
2.807324e-12
2.714434e-12
2.965966e-12
2.931708e-12
2.679516e-12
2.606026e-12
2.351788e-12
2.801173e-12
3.064882e-12
2.726305e-12
2.645837e-12
2.378918e-12
2.675924e-12
2.685576e-12
2.720800e-12
2.791638e-12
2.614621e-12
2.985874e-12
2.496435e-12
2.666652e-12
2.772579e-12
2.791046e-12
3.012420e-12
3.162361e-12
3.025189e-12
2.691976e-12
2.657958e-12
2.909904e-12
2.742228e-12
2.979449e-12
2.831737e-12
3.077102e-12
3.139998e-12
3.008262e-12
2.549166e-12
3.083573e-12
3.003916e-12
2.760351e-12
2.923003e-12
2.986520e-12
2.716360e-12
2.710409e-12
2.760096e-12
2.761589e-12
3.172207e-12
3.092168e-12
2.826161e-12
2.753326e-12
3.135351e-12
3.008345e-12
3.125294e-12
3.096869e-12
2.601241e-12
2.943153e-12
3.000318e-12
2.698051e-12
2.514287e-12
2.712443e-12
2.842721e-12
3.064782e-12
2.738904e-12
2.612928e-12
2.871812e-12
2.473628e-12
2.671583e-12
2.588368e-12
2.862062e-12
2.846334e-12
2.974478e-12
2.907879e-12
2.792746e-12
1.948964e-12
2.972172e-12
3.018572e-12
2.586609e-12
2.505828e-12
3.060664e-12
2.478685e-12
2.790287e-12
3.178769e-12
2.713632e-12
2.670180e-12
2.985401e-12
2.376316e-12
3.049611e-12
2.896414e-12
3.122146e-12
2.774785e-12
2.970883e-12
2.695134e-12
3.111580e-12
2.781110e-12
3.027969e-12
2.834686e-12
3.027852e-12
2.808954e-12
3.261679e-12
2.920350e-12
2.639613e-12
2.878764e-12
2.378073e-12
2.922443e-12
2.804112e-12
2.597181e-12
2.398953e-12
2.662495e-12
2.997771e-12
2.698249e-12
2.839911e-12
2.737041e-12
2.930398e-12
2.696544e-12
2.491232e-12
2.869733e-12
2.775227e-12
3.002591e-12
2.920729e-12
2.909971e-12
2.926793e-12
2.213192e-12
2.744353e-12
3.240016e-12
2.682027e-12
2.874989e-12
3.006601e-12
3.179010e-12
2.863043e-12
2.601454e-12
3.295792e-12
2.714677e-12
2.717760e-12
2.679160e-12
2.530647e-12
2.683404e-12
2.683037e-12
2.626083e-12
3.073872e-12
2.436463e-12
2.607526e-12
3.012092e-12
2.543419e-12
2.684989e-12
2.947696e-12
2.635037e-12
2.890784e-12
2.913885e-12
2.660957e-12
2.547766e-12
2.620801e-12
2.803898e-12
2.876828e-12
2.641612e-12
3.146594e-12
2.823088e-12
2.875735e-12
2.817988e-12
3.017563e-12
2.871932e-12
2.988885e-12
2.795161e-12
2.890875e-12
2.685642e-12
2.528859e-12
2.567658e-12
2.764849e-12
2.889856e-12
2.956352e-12
2.509226e-12
2.902012e-12
2.684097e-12
2.458112e-12
2.819700e-12
3.179662e-12
2.794617e-12
2.654091e-12
2.726894e-12
2.592128e-12
3.174025e-12
2.887968e-12
2.820875e-12
3.239714e-12
3.056163e-12
2.626934e-12
2.946164e-12
2.815291e-12
2.784774e-12
2.883633e-12
2.916730e-12
2.918014e-12
2.498337e-12
2.713855e-12
2.680317e-12
2.661568e-12
3.184913e-12
2.581241e-12
2.836270e-12
2.840019e-12
2.693033e-12
2.477706e-12
2.629727e-12
2.459679e-12
2.645379e-12
2.903284e-12
2.869243e-12
3.165306e-12
2.613927e-12
2.605657e-12
2.957721e-12
2.678836e-12
2.687973e-12
2.814289e-12
2.837490e-12
2.740879e-12
2.826693e-12
3.031660e-12
2.546130e-12
2.359048e-12
2.818843e-12
2.912033e-12
2.762739e-12
2.564285e-12
2.813667e-12
2.757448e-12
2.958148e-12
2.883913e-12
2.588875e-12
2.491427e-12
2.947001e-12
3.270193e-12
2.961165e-12
2.842450e-12
2.891104e-12
2.246279e-12
2.670215e-12
3.114422e-12
2.760359e-12
2.684321e-12
2.657290e-12
3.286606e-12
2.665969e-12
2.576046e-12
3.124219e-12
2.765607e-12
2.346876e-12
2.599967e-12
2.793472e-12
2.824915e-12
2.766756e-12
2.683581e-12
3.021360e-12
2.357414e-12
2.819470e-12
3.027336e-12
2.705536e-12
2.739627e-12
2.812564e-12
2.865591e-12
2.836972e-12
2.796562e-12
2.804034e-12
2.518222e-12
2.767825e-12
2.676750e-12
2.990892e-12
2.538968e-12
2.677607e-12
2.719391e-12
2.539342e-12
3.343564e-12
2.712723e-12
2.453617e-12
3.170262e-12
2.847450e-12
2.896255e-12
2.909205e-12
3.133675e-12
2.418869e-12
2.561423e-12
2.568527e-12
2.528058e-12
2.917983e-12
2.510026e-12
2.574470e-12
3.151053e-12
3.252089e-12
2.654948e-12
2.950426e-12
2.589545e-12
2.667138e-12
2.818554e-12
2.597602e-12
2.862753e-12
2.615923e-12
2.778528e-12
2.838184e-12
2.638797e-12
2.966447e-12
2.688808e-12
2.956306e-12
2.907859e-12
2.403229e-12
2.996960e-12
2.590668e-12
2.891946e-12
2.818833e-12
2.607095e-12
2.703571e-12
3.090867e-12
3.056047e-12
2.765263e-12
2.572338e-12
2.319384e-12
2.759434e-12
2.688714e-12
2.691232e-12
2.769783e-12
2.990782e-12
2.611345e-12
2.912900e-12
2.520342e-12
2.754842e-12
2.663708e-12
2.750513e-12
2.813604e-12
2.951005e-12
3.034744e-12
2.769477e-12
2.646631e-12
2.448043e-12
2.989807e-12
2.390139e-12
3.124050e-12
2.601788e-12
2.583136e-12
2.774222e-12
2.372691e-12
2.565663e-12
2.428290e-12
2.804389e-12
2.867447e-12
2.929111e-12
2.604041e-12
2.201850e-12
2.944703e-12
2.875191e-12
3.228245e-12
2.867104e-12
2.918495e-12
2.377242e-12
2.710917e-12
2.809829e-12
2.873894e-12
2.809753e-12
2.913961e-12
2.960326e-12
2.764564e-12
3.040154e-12
2.703207e-12
2.951628e-12
2.537187e-12
2.889863e-12
2.626303e-12
2.426198e-12
2.948346e-12
3.109230e-12
3.032255e-12
2.766680e-12
2.619517e-12
2.463475e-12
2.821844e-12
2.623186e-12
2.611767e-12
3.076769e-12
3.271637e-12
3.288123e-12
2.406283e-12
3.018121e-12
2.584816e-12
2.453840e-12
3.267198e-12
2.681269e-12
2.816500e-12
2.721666e-12
3.140002e-12
2.730989e-12
2.479734e-12
2.324171e-12
2.762790e-12
2.729783e-12
2.642733e-12
3.100073e-12
2.728674e-12
3.104416e-12
2.796806e-12
3.001295e-12
2.764832e-12
2.876962e-12
2.637939e-12
3.217490e-12
2.654841e-12
2.834511e-12
2.793572e-12
2.967325e-12
2.719099e-12
3.024023e-12
2.491571e-12
2.554285e-12
2.496993e-12
2.836495e-12
2.892745e-12
2.802606e-12
2.864475e-12
2.515278e-12
2.780170e-12
2.222265e-12
2.893649e-12
2.763873e-12
2.783893e-12
2.481149e-12
2.914656e-12
2.961978e-12
3.173819e-12
3.337863e-12
2.557309e-12
2.714933e-12
2.834255e-12
2.725330e-12
2.724884e-12
2.620291e-12
3.140898e-12
2.520658e-12
2.698667e-12
3.064816e-12
2.953811e-12
2.709730e-12
2.561019e-12
3.140331e-12
2.559327e-12
2.673340e-12
2.609087e-12
2.691799e-12
2.393912e-12
2.491249e-12
2.969295e-12
3.183410e-12
2.724174e-12
3.102995e-12
3.088099e-12
2.470888e-12
2.772736e-12
2.988437e-12
2.684178e-12
2.793969e-12
2.957705e-12
2.692504e-12
2.486137e-12
2.568343e-12
2.261965e-12
2.803510e-12
2.564321e-12
2.571705e-12
2.792163e-12
2.469593e-12
2.502820e-12
2.929839e-12
2.919646e-12
2.701867e-12
2.740920e-12
3.219324e-12
2.525062e-12
2.761803e-12
2.767234e-12
2.715561e-12
2.875934e-12
2.669440e-12
2.745629e-12
2.674305e-12
2.683511e-12
2.554862e-12
2.436960e-12
2.854451e-12
2.935364e-12
3.152330e-12
2.520219e-12
2.698513e-12
2.960545e-12
2.893079e-12
2.564586e-12
2.619332e-12
2.738209e-12
2.929868e-12
2.683698e-12
2.636301e-12
3.312277e-12
2.893266e-12
2.506278e-12
2.647678e-12
3.056377e-12
2.754684e-12
2.921501e-12
2.918447e-12
2.723085e-12
2.821986e-12
2.747911e-12
2.594782e-12
2.621171e-12
2.641004e-12
2.809326e-12
2.885714e-12
2.744827e-12
2.984948e-12
2.966789e-12
2.770814e-12
2.771575e-12
2.486212e-12
2.367947e-12
2.858783e-12
2.951813e-12
3.038841e-12
2.680228e-12
2.424070e-12
3.152862e-12
3.037152e-12
2.752908e-12
3.022628e-12
2.700605e-12
2.932171e-12
2.875750e-12
2.657311e-12
3.381690e-12
2.747738e-12
2.478808e-12
2.644430e-12
2.574478e-12
2.899896e-12
2.498919e-12
2.614187e-12
2.803506e-12
3.187699e-12
3.161050e-12
2.769959e-12
2.778927e-12
2.457499e-12
2.953165e-12
2.559253e-12
2.594449e-12
2.674864e-12
2.932088e-12
2.879882e-12
2.892741e-12
2.951679e-12
3.008314e-12
2.785375e-12
2.379941e-12
2.928599e-12
2.514303e-12
2.457532e-12
2.375923e-12
2.535802e-12
2.740888e-12
2.655877e-12
2.706986e-12
3.031511e-12
2.880603e-12
2.999223e-12
3.244846e-12
2.826779e-12
3.012306e-12
2.614992e-12
2.659076e-12
2.683865e-12
2.840962e-12
3.076343e-12
2.831555e-12
2.777919e-12
2.435760e-12
2.715465e-12
3.253198e-12
3.034806e-12
2.723516e-12
2.854839e-12
2.400140e-12
2.885495e-12
2.683359e-12
2.750139e-12
2.398099e-12
2.886105e-12
2.441212e-12
3.132556e-12
2.782064e-12
2.783587e-12
2.598311e-12
3.179714e-12
2.954779e-12
2.637575e-12
2.585785e-12
2.478354e-12
2.479685e-12
2.672940e-12
3.137591e-12
2.824402e-12
3.127388e-12
2.775367e-12
2.388899e-12
2.612101e-12
3.103779e-12
2.767398e-12
2.888736e-12
2.371042e-12
2.691378e-12
3.002568e-12
2.923449e-12
2.749879e-12
2.890847e-12
2.660377e-12
2.813494e-12
2.963239e-12
2.728082e-12
2.740303e-12
2.902676e-12
3.036507e-12
3.037762e-12
2.883461e-12
2.809861e-12
2.697315e-12
2.857613e-12
2.508839e-12
2.771243e-12
2.678593e-12
2.779386e-12
2.615911e-12
3.007223e-12
2.709686e-12
2.722445e-12
2.979067e-12
2.971539e-12
3.163442e-12
2.919874e-12
2.839864e-12
2.996575e-12
3.109696e-12
2.923388e-12
2.443799e-12
3.010077e-12
2.776210e-12
2.705762e-12
2.929519e-12
2.833260e-12
2.540303e-12
2.555668e-12
3.097511e-12
2.445447e-12
2.702590e-12
3.201109e-12
2.434480e-12
2.747381e-12
3.262677e-12
2.680656e-12
2.817920e-12
3.322391e-12
2.818398e-12
2.908038e-12
2.971337e-12
2.677372e-12
3.172902e-12
2.878590e-12
2.669903e-12
2.737951e-12
2.959984e-12
2.548693e-12
2.799912e-12
2.127877e-12
2.987284e-12
2.599500e-12
2.712108e-12
3.193444e-12
2.572439e-12
2.697092e-12
2.484100e-12
2.802805e-12
2.687778e-12
2.483052e-12
2.605210e-12
2.731230e-12
3.021253e-12
2.791201e-12
2.723858e-12
2.590699e-12
3.085026e-12
2.699841e-12
2.697363e-12
2.482101e-12
2.558185e-12
2.681773e-12
2.794282e-12
2.764899e-12
2.752929e-12
2.957020e-12
2.798999e-12
2.894106e-12
2.825268e-12
2.612006e-12
2.755218e-12
3.052642e-12
2.790637e-12
2.751156e-12
2.573733e-12
2.491435e-12
3.032882e-12
2.509540e-12
2.880326e-12
2.777396e-12
2.997907e-12
2.754441e-12
2.860515e-12
3.179172e-12
2.648892e-12
3.106099e-12
2.755637e-12
2.807091e-12
2.412748e-12
2.708998e-12
2.945261e-12
2.431471e-12
2.892911e-12
2.670494e-12
2.941129e-12
3.089732e-12
2.721769e-12
2.981954e-12
2.679825e-12
2.559973e-12
2.862798e-12
2.510811e-12
2.708574e-12
2.652679e-12
2.998972e-12
2.384920e-12
2.945273e-12
2.742492e-12
2.830182e-12
2.954177e-12
2.795048e-12
2.853115e-12
2.788191e-12
2.790072e-12
3.022029e-12
3.023511e-12
2.373545e-12
2.886161e-12
2.661565e-12
2.571981e-12
2.981966e-12
2.536950e-12
2.751095e-12
2.829174e-12
2.516136e-12
2.975876e-12
2.575018e-12
2.902874e-12
3.001717e-12
3.072877e-12
2.976193e-12
2.526840e-12
2.898399e-12
3.131608e-12
2.616553e-12
2.526434e-12
2.511418e-12
2.823639e-12
2.541334e-12
3.008855e-12
3.183495e-12
2.773227e-12
2.640572e-12
2.940534e-12
2.637285e-12
2.607188e-12
2.932088e-12
2.926760e-12
2.849642e-12
2.472388e-12
2.744735e-12
3.148682e-12
2.600235e-12
2.650245e-12
2.633247e-12
2.974518e-12
2.924967e-12
2.940294e-12
2.702754e-12
2.597543e-12
2.587849e-12
2.754047e-12
2.839197e-12
2.758618e-12
2.693963e-12
2.842789e-12
2.878064e-12
2.809099e-12
2.940832e-12
3.336422e-12
2.681978e-12
2.385704e-12
2.895063e-12
2.941455e-12
2.528182e-12
2.711828e-12
2.961983e-12
2.786234e-12
2.439721e-12
2.777345e-12
3.056079e-12
2.756942e-12
2.538520e-12
2.755652e-12
2.348092e-12
2.410868e-12
2.865665e-12
2.956354e-12
2.991938e-12
3.133098e-12
2.908542e-12
2.567298e-12
2.932412e-12
3.027864e-12
2.708373e-12
2.512307e-12
2.647512e-12
3.102916e-12
3.027530e-12
2.961511e-12
2.951664e-12
2.572630e-12
2.939613e-12
2.915067e-12
2.531283e-12
2.809115e-12
2.773274e-12
2.732212e-12
2.864033e-12
2.634875e-12
2.736493e-12
3.043750e-12
2.693869e-12
2.477720e-12
2.820689e-12
2.677510e-12
2.596745e-12
2.442796e-12
2.751316e-12
3.042746e-12
2.831348e-12
2.840266e-12
3.169226e-12
2.459518e-12
2.681915e-12
2.783312e-12
2.726324e-12
2.783831e-12
2.970477e-12
3.082195e-12
2.582156e-12
2.619953e-12
2.852671e-12
2.909301e-12
2.877804e-12
2.938776e-12
2.988185e-12
2.756959e-12
2.469897e-12
2.802819e-12
3.022857e-12
2.727807e-12
2.837639e-12
2.787653e-12
3.295794e-12
2.743512e-12
2.822746e-12
2.706027e-12
3.257261e-12
2.767558e-12
2.809898e-12
2.613982e-12
2.791262e-12
2.697369e-12
2.629190e-12
2.756466e-12
2.630416e-12
3.086682e-12
3.068401e-12
2.530306e-12
2.680687e-12
2.803585e-12
2.487238e-12
2.871005e-12
2.402839e-12
2.758519e-12
2.599206e-12
2.457681e-12
2.587578e-12
2.970736e-12
2.676164e-12
2.424059e-12
3.096414e-12
2.683617e-12
2.523771e-12
2.511589e-12
2.608013e-12
3.006314e-12
2.559777e-12
2.498668e-12
2.755843e-12
2.822199e-12
2.781323e-12
2.757780e-12
2.573931e-12
2.563003e-12
3.216282e-12
2.745186e-12
2.789253e-12
2.963816e-12
2.303577e-12
2.791317e-12
3.083419e-12
2.930680e-12
2.882605e-12
2.758603e-12
2.615807e-12
2.876821e-12
2.646169e-12
3.016569e-12
2.521115e-12
2.944619e-12
3.173866e-12
2.744756e-12
2.632148e-12
3.124372e-12
2.646839e-12
2.895042e-12
2.635797e-12
2.882391e-12
2.921152e-12
2.553713e-12
2.847302e-12
3.005318e-12
2.726280e-12
2.802463e-12
3.010347e-12
3.192486e-12
3.202448e-12
2.510435e-12
2.917415e-12
2.303901e-12
3.235122e-12
2.609675e-12
2.640429e-12
2.923360e-12
2.781566e-12
2.814600e-12
2.660280e-12
2.740907e-12
2.341432e-12
2.509496e-12
2.880569e-12
2.393829e-12
2.841725e-12
3.289316e-12
2.630580e-12
2.700675e-12
2.811576e-12
2.761055e-12
2.521451e-12
2.996090e-12
3.092146e-12
2.854378e-12
2.500487e-12
2.823753e-12
2.687115e-12
2.984691e-12
2.590920e-12
2.731724e-12
3.032590e-12
2.626040e-12
2.831806e-12
3.070970e-12
2.498973e-12
2.931628e-12
2.954941e-12
2.870678e-12
2.667717e-12
2.714623e-12
2.536538e-12
2.882713e-12
2.759308e-12
2.368506e-12
2.853607e-12
2.952112e-12
2.924919e-12
2.925305e-12
2.944980e-12
2.820941e-12
2.678167e-12
2.835101e-12
2.855521e-12
2.609926e-12
2.453906e-12
2.576328e-12
2.722397e-12
3.107841e-12
2.632086e-12
2.862447e-12
3.146933e-12
2.993634e-12
2.638294e-12
3.266300e-12
2.870511e-12
2.603931e-12
2.710582e-12
2.709197e-12
2.523935e-12
2.759719e-12
2.941198e-12
2.725421e-12
2.497399e-12
2.802639e-12
2.848995e-12
2.600368e-12
2.795773e-12
2.900070e-12
2.942072e-12
2.758363e-12
2.894202e-12
2.962720e-12
2.586706e-12
2.863875e-12
2.865997e-12
2.881897e-12
3.001662e-12
2.592222e-12
3.054894e-12
2.667771e-12
2.640224e-12
2.658940e-12
2.552436e-12
2.871849e-12
2.924516e-12
2.778123e-12
2.871421e-12
2.579392e-12
2.939701e-12
2.440651e-12
2.588953e-12
2.804261e-12
3.135911e-12
2.524931e-12
2.635231e-12
3.125595e-12
2.923652e-12
2.763396e-12
2.710686e-12
3.355352e-12
2.846621e-12
2.661720e-12
2.906336e-12
2.950437e-12
2.675805e-12
2.595046e-12
3.216797e-12
2.683891e-12
2.958114e-12
2.985002e-12
2.375736e-12
2.629172e-12
2.819577e-12
2.582333e-12
2.929083e-12
2.945100e-12
2.800162e-12
2.892294e-12
2.752998e-12
2.748563e-12
2.542682e-12
2.735523e-12
2.895898e-12
2.263532e-12
2.830476e-12
3.104973e-12
2.890754e-12
3.059180e-12
2.770630e-12
2.508743e-12
2.645498e-12
3.110067e-12
2.244658e-12
2.971174e-12
3.120053e-12
2.633264e-12
2.684290e-12
2.841261e-12
2.655497e-12
2.731802e-12
2.466147e-12
2.790869e-12
3.098640e-12
3.083172e-12
2.799451e-12
3.192307e-12
3.119687e-12
2.662868e-12
2.529321e-12
2.968415e-12
2.659792e-12
2.710662e-12
2.795716e-12
2.815761e-12
2.314022e-12
2.815717e-12
2.988625e-12
3.136682e-12
2.668786e-12
2.570346e-12
3.017985e-12
3.027489e-12
3.313735e-12
2.992511e-12
2.625586e-12
3.051514e-12
2.885485e-12
2.641187e-12
2.861905e-12
2.790093e-12
3.032657e-12
2.756868e-12
2.932236e-12
2.787087e-12
3.024706e-12
2.479601e-12
2.800051e-12
2.436519e-12
2.760766e-12
2.433943e-12
2.561997e-12
2.828467e-12
2.388062e-12
2.592340e-12
3.284688e-12
2.897069e-12
2.776109e-12
2.566668e-12
2.772933e-12
2.655294e-12
2.973678e-12
2.673208e-12
2.859690e-12
2.780334e-12
2.911063e-12
2.904750e-12
2.872180e-12
2.524364e-12
2.699122e-12
2.933151e-12
2.428809e-12
2.570392e-12
2.770489e-12
2.592899e-12
2.662064e-12
2.860455e-12
3.247744e-12
2.755318e-12
2.655601e-12
2.321826e-12
2.984605e-12
2.885210e-12
2.921196e-12
2.868130e-12
2.681822e-12
2.771873e-12
2.591807e-12
2.747663e-12
2.310473e-12
2.748882e-12
2.856650e-12
2.842485e-12
3.111211e-12
2.573889e-12
2.757828e-12
2.402755e-12
2.640784e-12
2.939472e-12
2.840156e-12
2.438154e-12
2.922372e-12
3.117501e-12
2.563347e-12
2.596943e-12
2.967787e-12
2.581617e-12
2.572490e-12
2.241021e-12
2.634909e-12
2.881047e-12
2.817386e-12
2.871572e-12
2.623210e-12
2.675835e-12
2.673571e-12
2.591991e-12
2.911349e-12
2.456486e-12
2.761292e-12
2.986245e-12
2.814679e-12
2.863891e-12
2.761281e-12
3.020403e-12
2.990131e-12
2.824037e-12
2.469249e-12
2.706306e-12
2.675578e-12
2.485088e-12
2.534576e-12
3.138588e-12
2.873352e-12
2.897894e-12
2.685538e-12
2.930730e-12
2.688609e-12
2.304214e-12
2.727332e-12
2.547804e-12
2.581923e-12
2.601032e-12
2.780480e-12
2.595887e-12
2.897803e-12
2.856128e-12
2.757902e-12
2.887480e-12
2.505636e-12
2.873697e-12
2.958567e-12
2.633075e-12
2.758353e-12
3.163692e-12
2.686984e-12
2.939156e-12
2.643186e-12
2.922277e-12
3.081375e-12
2.837296e-12
2.813336e-12
2.860406e-12
2.816374e-12
2.625881e-12
2.542579e-12
3.103299e-12
3.066326e-12
2.955489e-12
2.792836e-12
2.837124e-12
2.867061e-12
2.767277e-12
2.716017e-12
2.803968e-12
2.571849e-12
2.712741e-12
2.990163e-12
2.539717e-12
2.774023e-12
2.336563e-12
2.491652e-12
2.912775e-12
3.172488e-12
2.975945e-12
2.769097e-12
3.185830e-12
2.696825e-12
2.463200e-12
2.366497e-12
2.420699e-12
2.479431e-12
2.582210e-12
2.678859e-12
3.049935e-12
2.568200e-12
2.713781e-12
2.597111e-12
3.149564e-12
2.571585e-12
2.788154e-12
2.161910e-12
2.831460e-12
3.021211e-12
2.614889e-12
2.301052e-12
2.531218e-12
2.931284e-12
2.380622e-12
2.662460e-12
3.337611e-12
2.686917e-12
2.582689e-12
2.682377e-12
2.568273e-12
2.517280e-12
2.614104e-12
2.693093e-12
2.275050e-12
2.741848e-12
2.474024e-12
2.714923e-12
2.598837e-12
2.748792e-12
2.710823e-12
1.894826e-12
2.871251e-12
2.595729e-12
2.858591e-12
2.700173e-12
2.580733e-12
2.818204e-12
2.662433e-12
2.677924e-12
3.223697e-12
3.104389e-12
2.658367e-12
2.668516e-12
2.717867e-12
2.671548e-12
2.749540e-12
3.105270e-12
2.546175e-12
2.825073e-12
2.726450e-12
2.760082e-12
2.679001e-12
2.916614e-12
2.908948e-12
2.583675e-12
2.843953e-12
2.348913e-12
2.747018e-12
2.492950e-12
2.574792e-12
2.711235e-12
2.723374e-12
3.094217e-12
2.589899e-12
2.760469e-12
2.338643e-12
2.623005e-12
2.835970e-12
2.675935e-12
2.517280e-12
2.722995e-12
2.743378e-12
2.627029e-12
2.850567e-12
2.367222e-12
2.694640e-12
2.673027e-12
2.874463e-12
2.689967e-12
3.049440e-12
2.813890e-12
2.700250e-12
2.675067e-12
2.791513e-12
2.811771e-12
3.038199e-12
2.597383e-12
2.813885e-12
2.902291e-12
2.744878e-12
2.450621e-12
2.588311e-12
2.705984e-12
2.796478e-12
2.956837e-12
2.898651e-12
2.455209e-12
3.155979e-12
2.647361e-12
2.981508e-12
2.783390e-12
2.851850e-12
2.612813e-12
2.968099e-12
2.896286e-12
2.566525e-12
2.736525e-12
2.909582e-12
2.708916e-12
2.414849e-12
3.165743e-12
2.947932e-12
2.924452e-12
3.015407e-12
2.749768e-12
2.796010e-12
2.900360e-12
2.864269e-12
2.598570e-12
2.928826e-12
2.756547e-12
2.880744e-12
2.336386e-12
2.702840e-12
2.658091e-12
2.832734e-12
2.815419e-12
2.261520e-12
2.528337e-12
2.783851e-12
2.443538e-12
2.405764e-12
2.743459e-12
2.956737e-12
2.880130e-12
2.504136e-12
2.723361e-12
2.388586e-12
2.988772e-12
3.094175e-12
2.919597e-12
2.627780e-12
2.769419e-12
3.210392e-12
2.768338e-12
2.483810e-12
2.687847e-12
2.832584e-12
2.815674e-12
2.841736e-12
2.588387e-12
2.809330e-12
3.087030e-12
2.721083e-12
2.967746e-12
2.525377e-12
3.094439e-12
2.386361e-12
2.270147e-12
2.925039e-12
2.946313e-12
2.714680e-12
2.603596e-12
2.504514e-12
2.562503e-12
3.197614e-12
2.572904e-12
2.565915e-12
2.716645e-12
3.048341e-12
2.564110e-12
3.319336e-12
2.580623e-12
2.990056e-12
3.140833e-12
2.653591e-12
2.552091e-12
2.679828e-12
2.774140e-12
2.718930e-12
2.818700e-12
2.519295e-12
2.939041e-12
2.757591e-12
3.309265e-12
2.949048e-12
3.063220e-12
2.584170e-12
2.652960e-12
2.944764e-12
3.433089e-12
2.720650e-12
2.756579e-12
2.759303e-12
2.939692e-12
2.341274e-12
2.526133e-12
3.157451e-12
3.020359e-12
2.868147e-12
2.926105e-12
2.435279e-12
3.137241e-12
2.576009e-12
2.771064e-12
2.805505e-12
2.694251e-12
3.082808e-12
2.785389e-12
3.075153e-12
2.886245e-12
2.962919e-12
3.176627e-12
2.667111e-12
2.877120e-12
2.820015e-12
2.777330e-12
3.161635e-12
2.801681e-12
2.688929e-12
2.739782e-12
2.744657e-12
2.923466e-12
2.527340e-12
2.984707e-12
2.672578e-12
3.260858e-12
3.025822e-12
2.485087e-12
3.062118e-12
2.308364e-12
3.277724e-12
2.846547e-12
3.028942e-12
2.708736e-12
2.816334e-12
2.693435e-12
2.739640e-12
2.596316e-12
2.794015e-12
2.492269e-12
2.526876e-12
2.769322e-12
2.447284e-12
2.953321e-12
2.885795e-12
2.794572e-12
2.519982e-12
2.818052e-12
2.868172e-12
2.570431e-12
2.857228e-12
2.994547e-12
2.579444e-12
2.684334e-12
3.022707e-12
2.787576e-12
2.894045e-12
2.791630e-12
3.146310e-12
2.618873e-12
2.811163e-12
3.338933e-12
3.102751e-12
2.822314e-12
2.432161e-12
2.419458e-12
2.906372e-12
3.084791e-12
2.863557e-12
2.893485e-12
2.967144e-12
2.622170e-12
2.821000e-12
2.650060e-12
2.830439e-12
2.772760e-12
2.646154e-12
2.670183e-12
2.480649e-12
2.858606e-12
3.201060e-12
3.062381e-12
2.747706e-12
3.212450e-12
3.080332e-12
2.575243e-12
2.227749e-12
2.661895e-12
3.118555e-12
2.523854e-12
2.692987e-12
2.932961e-12
3.157868e-12
2.853475e-12
2.932929e-12
2.598848e-12
2.784180e-12
2.533190e-12
2.617196e-12
2.816516e-12
2.787498e-12
2.958087e-12
2.845419e-12
2.872830e-12
2.982743e-12
2.840550e-12
3.012446e-12
2.636531e-12
2.701914e-12
2.929461e-12
3.020453e-12
2.803317e-12
2.664917e-12
2.947470e-12
3.022782e-12
2.489409e-12
3.093570e-12
2.611730e-12
3.132371e-12
2.998009e-12
2.896744e-12
2.448327e-12
2.775181e-12
2.843407e-12
2.443842e-12
3.061266e-12
2.744051e-12
2.645615e-12
2.641698e-12
2.793303e-12
2.855057e-12
2.917003e-12
2.822737e-12
2.683903e-12
3.191026e-12
2.797821e-12
2.813263e-12
2.766819e-12
2.862749e-12
2.589550e-12
2.765194e-12
2.963527e-12
2.576466e-12
2.632265e-12
2.856884e-12
2.716307e-12
2.493193e-12
3.112178e-12
2.748693e-12
2.750092e-12
2.906209e-12
2.733812e-12
2.448699e-12
2.690128e-12
2.869288e-12
2.735221e-12
2.352050e-12
2.679734e-12
2.849002e-12
2.665589e-12
2.860023e-12
2.577345e-12
2.925665e-12
2.863943e-12
2.335442e-12
3.199594e-12
2.746122e-12
2.767319e-12
2.776039e-12
2.897476e-12
2.526719e-12
2.796823e-12
2.686806e-12
2.824645e-12
2.821953e-12
2.955665e-12
2.961192e-12
2.620668e-12
2.789816e-12
2.780384e-12
2.856964e-12
2.864578e-12
2.723551e-12
2.683410e-12
2.897608e-12
2.753492e-12
2.690184e-12
2.998442e-12
2.743090e-12
2.691336e-12
2.681228e-12
2.675439e-12
2.812485e-12
2.685216e-12
2.662673e-12
2.826283e-12
3.016177e-12
2.773945e-12
2.511015e-12
3.094208e-12
2.997353e-12
2.866433e-12
2.799387e-12
2.883888e-12
2.640197e-12
2.539699e-12
3.165368e-12
3.029527e-12
3.153295e-12
2.584669e-12
3.040427e-12
2.954126e-12
2.661993e-12
2.529555e-12
2.996748e-12
2.884422e-12
3.021259e-12
2.938412e-12
2.536059e-12
3.127412e-12
2.880133e-12
2.845293e-12
2.845137e-12
2.230752e-12
2.640343e-12
2.709702e-12
2.775277e-12
2.859874e-12
2.491703e-12
3.058460e-12
2.937262e-12
2.896576e-12
2.845534e-12
3.051092e-12
2.690902e-12
2.815540e-12
2.484501e-12
2.664682e-12
2.987420e-12
2.637111e-12
2.745344e-12
2.663696e-12
3.017270e-12
2.970823e-12
2.996573e-12
2.856803e-12
3.016108e-12
2.648363e-12
2.971061e-12
3.024832e-12
3.021790e-12
2.752422e-12
2.732780e-12
2.714766e-12
2.942312e-12
2.684007e-12
2.793442e-12
3.551350e-12
3.277554e-12
3.066108e-12
3.133532e-12
2.644486e-12
2.698651e-12
2.765448e-12
3.041488e-12
3.175108e-12
2.521957e-12
2.705284e-12
2.622765e-12
2.856020e-12
2.840295e-12
2.772266e-12
2.242828e-12
2.275797e-12
2.799818e-12
2.817404e-12
2.656605e-12
3.294569e-12
2.837264e-12
2.582360e-12
2.909907e-12
2.943935e-12
2.856822e-12
2.399921e-12
2.562889e-12
2.434675e-12
2.716887e-12
2.536648e-12
2.684358e-12
2.819777e-12
2.976617e-12
2.758862e-12
2.504942e-12
2.697309e-12
2.982217e-12
2.611229e-12
2.900812e-12
2.800690e-12
2.989801e-12
2.502252e-12
2.977389e-12
2.726817e-12
3.171549e-12
2.403935e-12
2.934910e-12
2.554122e-12
2.880050e-12
3.095373e-12
2.725502e-12
3.073224e-12
2.462277e-12
2.574424e-12
2.610557e-12
2.997943e-12
2.671088e-12
2.995534e-12
2.627258e-12
2.463004e-12
2.928088e-12
2.616873e-12
2.805533e-12
2.973749e-12
3.102524e-12
2.666996e-12
2.749343e-12
2.790780e-12
2.636808e-12
2.774595e-12
2.535819e-12
2.857419e-12
2.838456e-12
2.856574e-12
2.923823e-12
2.726939e-12
2.925226e-12
2.914682e-12
2.881821e-12
2.977139e-12
2.977101e-12
2.722646e-12
2.783706e-12
2.625799e-12
2.714123e-12
2.694246e-12
2.702356e-12
2.597554e-12
2.876238e-12
2.884235e-12
2.579601e-12
2.712318e-12
2.829291e-12
3.184049e-12
3.092478e-12
2.899479e-12
2.841379e-12
2.893619e-12
2.810427e-12
2.982717e-12
3.216611e-12
2.825335e-12
2.900622e-12
2.834580e-12
2.654298e-12
2.536578e-12
2.205278e-12
3.044350e-12
2.967652e-12
2.827715e-12
2.851421e-12
2.787001e-12
2.797120e-12
2.459147e-12
2.441067e-12
2.977900e-12
2.164967e-12
2.632878e-12
2.856636e-12
2.871716e-12
2.483251e-12
3.057166e-12
2.646429e-12
2.551687e-12
2.792385e-12
3.275010e-12
2.862282e-12
2.424995e-12
3.119718e-12
2.735179e-12
2.268278e-12
2.989643e-12
2.766848e-12
3.009066e-12
2.746565e-12
2.682570e-12
2.695930e-12
2.641986e-12
2.560159e-12
2.625300e-12
2.614479e-12
2.852951e-12
2.727217e-12
2.803188e-12
2.848495e-12
2.544222e-12
2.679147e-12
2.753625e-12
2.930414e-12
2.369510e-12
3.074342e-12
2.755600e-12
2.938008e-12
2.808250e-12
3.029148e-12
2.775577e-12
3.216843e-12
2.526434e-12
2.421580e-12
2.586083e-12
2.731897e-12
2.537912e-12
3.096023e-12
2.882021e-12
2.888729e-12
2.893724e-12
2.972692e-12
2.726489e-12
2.862711e-12
2.789549e-12
3.196529e-12
2.434302e-12
2.603482e-12
2.831744e-12
2.630721e-12
2.787601e-12
2.554856e-12
2.683629e-12
2.727317e-12
2.742205e-12
2.522238e-12
3.238514e-12
2.993001e-12
2.676428e-12
2.505689e-12
2.755804e-12
3.081734e-12
2.468066e-12
3.002024e-12
3.328045e-12
2.865972e-12
2.740975e-12
2.743705e-12
2.794779e-12
2.762238e-12
2.893731e-12
2.994476e-12
2.532370e-12
2.754241e-12
2.765885e-12
2.822060e-12
2.661087e-12
2.695146e-12
2.524243e-12
2.623892e-12
2.604226e-12
2.852100e-12
2.599787e-12
2.782147e-12
2.806136e-12
2.784883e-12
3.113695e-12
2.989179e-12
2.417842e-12
2.560619e-12
3.209870e-12
2.515877e-12
2.413488e-12
2.526236e-12
2.788221e-12
2.990550e-12
3.237958e-12
2.459439e-12
2.615417e-12
3.250563e-12
2.961894e-12
2.689784e-12
2.477719e-12
2.596318e-12
2.676539e-12
3.064229e-12
2.845570e-12
2.670070e-12
2.966085e-12
2.853380e-12
2.906066e-12
2.632405e-12
2.536543e-12
3.145674e-12
2.723822e-12
2.677328e-12
3.028167e-12
2.487293e-12
3.047551e-12
2.395650e-12
2.946096e-12
2.658962e-12
2.581729e-12
3.026412e-12
2.997221e-12
3.030079e-12
2.737620e-12
2.907740e-12
2.708818e-12
2.473087e-12
2.824630e-12
3.291527e-12
2.781328e-12
2.978890e-12
2.717787e-12
2.920283e-12
2.870856e-12
3.220588e-12
3.226649e-12
2.683668e-12
2.811197e-12
2.960859e-12
3.088214e-12
2.618990e-12
2.653457e-12
2.827062e-12
2.901534e-12
2.487015e-12
2.661525e-12
2.675171e-12
2.697895e-12
3.039117e-12
2.303084e-12
2.674186e-12
2.994041e-12
3.097197e-12
2.610416e-12
2.669966e-12
2.739058e-12
2.934080e-12
2.867843e-12
3.118063e-12
2.839077e-12
2.436359e-12
2.379965e-12
3.099511e-12
2.760219e-12
3.021460e-12
2.644678e-12
2.841459e-12
2.948362e-12
2.785426e-12
2.838859e-12
3.010812e-12
3.001286e-12
2.854786e-12
2.800725e-12
2.942508e-12
2.828095e-12
2.856849e-12
2.768767e-12
2.588304e-12
3.021825e-12
2.701027e-12
2.786244e-12
2.966437e-12
2.825483e-12
2.705725e-12
3.105642e-12
2.325915e-12
2.553924e-12
2.659800e-12
2.910413e-12
2.980039e-12
2.405340e-12
2.586978e-12
2.934002e-12
2.681149e-12
2.819331e-12
2.873621e-12
2.509161e-12
2.905047e-12
3.095831e-12
2.833442e-12
2.725437e-12
2.670392e-12
3.009055e-12
2.849043e-12
2.834707e-12
2.861608e-12
3.008039e-12
2.635943e-12
2.604608e-12
2.703283e-12
2.727584e-12
2.696782e-12
2.934490e-12
3.275014e-12
2.703476e-12
2.381890e-12
2.762954e-12
2.823809e-12
2.827759e-12
2.963691e-12
2.943377e-12
2.539755e-12
2.891188e-12
2.769536e-12
2.698972e-12
2.482946e-12
2.812189e-12
2.885806e-12
2.582881e-12
3.243210e-12
2.671417e-12
2.688023e-12
2.537557e-12
3.001890e-12
2.465787e-12
3.028688e-12
2.699377e-12
2.445700e-12
2.921068e-12
3.017407e-12
3.042172e-12
3.008865e-12
2.606592e-12
2.431909e-12
2.724589e-12
2.813089e-12
2.608948e-12
2.719963e-12
2.986981e-12
2.801591e-12
3.031700e-12
2.996191e-12
2.871323e-12
2.394560e-12
3.006733e-12
2.618417e-12
2.904503e-12
2.615384e-12
2.847043e-12
2.756186e-12
2.690468e-12
2.857087e-12
3.100544e-12
2.857955e-12
2.719837e-12
2.772548e-12
2.585496e-12
2.544547e-12
2.754073e-12
2.832074e-12
2.779912e-12
2.877169e-12
2.909187e-12
2.981931e-12
2.648653e-12
2.492952e-12
2.316333e-12
2.658870e-12
3.130156e-12
2.493586e-12
2.508860e-12
2.704411e-12
2.444877e-12
2.962518e-12
2.683438e-12
3.097750e-12
3.084011e-12
2.888543e-12
2.741202e-12
2.536423e-12
2.657374e-12
2.813197e-12
2.879766e-12
2.977092e-12
3.050143e-12
2.922338e-12
3.144571e-12
2.546569e-12
2.696012e-12
2.909146e-12
2.775615e-12
2.505455e-12
2.661244e-12
2.823941e-12
2.571399e-12
2.224274e-12
2.650796e-12
2.882804e-12
2.887720e-12
2.955107e-12
3.427737e-12
2.529067e-12
2.699888e-12
2.968646e-12
2.846213e-12
3.053391e-12
2.688920e-12
3.025114e-12
2.923867e-12
2.973919e-12
2.553895e-12
2.903617e-12
2.762578e-12
2.799758e-12
2.702574e-12
2.535812e-12
2.919643e-12
2.484354e-12
2.701878e-12
3.114349e-12
2.617825e-12
2.645164e-12
2.973066e-12
2.976471e-12
2.495245e-12
2.686187e-12
3.058107e-12
2.487101e-12
2.747869e-12
2.829787e-12
2.925169e-12
2.920855e-12
2.483896e-12
2.992740e-12
2.973994e-12
2.874844e-12
2.726389e-12
3.137148e-12
2.920104e-12
3.063097e-12
2.710331e-12
2.894328e-12
2.474565e-12
2.775782e-12
3.055088e-12
2.815771e-12
2.369499e-12
2.700285e-12
2.724613e-12
2.910152e-12
2.996909e-12
2.662323e-12
2.931211e-12
3.261858e-12
2.667139e-12
2.745589e-12
2.746414e-12
2.435619e-12
2.996635e-12
2.501157e-12
2.787414e-12
2.585665e-12
2.928380e-12
2.692275e-12
2.756221e-12
2.829423e-12
3.016591e-12
2.703808e-12
2.779720e-12
2.503150e-12
2.760870e-12
3.098909e-12
2.930038e-12
3.019640e-12
2.276390e-12
2.828409e-12
2.524586e-12
2.890936e-12
3.185284e-12
2.740567e-12
2.976063e-12
2.767435e-12
3.075842e-12
2.476821e-12
2.632965e-12
2.759881e-12
3.119480e-12
2.494018e-12
2.832091e-12
2.952296e-12
2.737394e-12
2.857441e-12
2.665967e-12
2.605948e-12
2.680306e-12
2.675202e-12
2.648675e-12
3.075412e-12
2.735981e-12
2.760462e-12
3.182153e-12
3.038084e-12
2.652209e-12
2.607457e-12
2.829655e-12
3.262644e-12
3.024810e-12
2.737505e-12
2.823928e-12
2.711420e-12
2.733874e-12
2.818748e-12
3.076569e-12
2.880766e-12
2.837595e-12
2.768363e-12
2.648608e-12
2.550763e-12
2.726517e-12
2.565212e-12
2.858944e-12
3.091320e-12
2.920093e-12
2.836158e-12
2.596187e-12
2.637256e-12
3.075652e-12
2.862814e-12
2.802911e-12
2.486787e-12
3.026860e-12
2.965505e-12
2.477649e-12
2.906327e-12
3.168483e-12
2.945386e-12
3.064727e-12
2.763326e-12
3.093508e-12
2.790338e-12
2.669994e-12
2.943660e-12
3.047505e-12
2.793158e-12
2.702325e-12
2.431831e-12
2.811737e-12
2.802358e-12
2.806162e-12
2.548662e-12
2.666603e-12
2.606030e-12
3.131730e-12
2.742421e-12
2.873485e-12
2.654536e-12
2.921719e-12
2.694419e-12
2.631430e-12
2.737710e-12
2.685664e-12
2.506776e-12
2.989576e-12
2.671505e-12
2.802427e-12
2.672624e-12
3.045160e-12
2.950180e-12
2.985801e-12
3.057055e-12
2.872871e-12
2.630537e-12
3.070488e-12
2.668481e-12
2.788615e-12
2.965757e-12
2.569091e-12
3.241430e-12
2.652531e-12
2.483311e-12
2.515968e-12
2.342198e-12
2.673997e-12
2.677418e-12
2.874881e-12
2.780005e-12
2.909563e-12
2.395497e-12
2.466763e-12
2.731752e-12
2.546530e-12
2.597375e-12
2.705446e-12
2.510439e-12
2.577164e-12
2.844162e-12
3.001021e-12
2.882252e-12
3.018689e-12
2.453393e-12
2.712272e-12
2.898733e-12
2.657794e-12
3.027830e-12
2.965807e-12
2.559652e-12
3.036651e-12
2.948097e-12
3.150007e-12
2.867485e-12
3.015818e-12
2.834543e-12
2.977460e-12
2.645814e-12
2.964673e-12
2.561891e-12
2.662771e-12
2.898938e-12
2.950399e-12
2.590360e-12
2.568939e-12
3.029567e-12
3.116027e-12
2.992449e-12
2.371965e-12
2.602935e-12
2.668248e-12
2.684116e-12
2.875863e-12
2.592791e-12
2.639968e-12
2.376102e-12
2.551685e-12
2.991039e-12
3.087883e-12
2.749789e-12
2.912730e-12
2.396084e-12
3.113863e-12
3.012114e-12
3.031294e-12
2.826570e-12
2.827444e-12
2.632711e-12
2.643575e-12
3.023112e-12
2.895231e-12
2.879113e-12
2.602287e-12
2.920835e-12
2.710373e-12
2.699996e-12
2.775524e-12
2.791780e-12
2.644813e-12
3.192056e-12
2.853229e-12
2.939673e-12
2.582901e-12
2.490607e-12
2.756149e-12
2.926817e-12
2.868072e-12
3.032385e-12
2.255693e-12
3.058018e-12
2.801228e-12
2.522633e-12
2.825476e-12
2.596743e-12
2.926427e-12
2.612404e-12
2.728670e-12
2.352360e-12
2.705998e-12
2.882942e-12
3.006446e-12
2.635220e-12
2.326740e-12
2.850194e-12
2.898861e-12
3.118455e-12
2.834381e-12
3.030554e-12
2.429431e-12
2.773004e-12
2.897451e-12
2.798141e-12
2.778433e-12
2.812169e-12
3.189261e-12
3.142291e-12
2.654350e-12
2.549443e-12
2.708786e-12
2.486026e-12
2.939701e-12
2.650228e-12
2.935790e-12
3.183457e-12
2.657401e-12
2.980813e-12
2.873533e-12
3.170941e-12
2.573940e-12
2.637411e-12
2.973905e-12
2.713439e-12
3.143544e-12
2.760122e-12
3.248659e-12
2.909703e-12
2.833476e-12
2.428480e-12
2.879847e-12
2.800407e-12
2.759200e-12
2.750924e-12
3.252096e-12
2.656913e-12
2.605522e-12
3.054528e-12
2.744284e-12
3.353536e-12
2.748667e-12
3.148849e-12
2.527377e-12
2.498355e-12
2.971813e-12
2.789596e-12
2.998384e-12
2.969554e-12
2.974382e-12
2.323422e-12
2.788869e-12
2.758648e-12
2.697583e-12
2.853509e-12
3.239037e-12
2.868465e-12
2.506495e-12
2.593797e-12
2.918330e-12
2.625191e-12
2.693538e-12
2.936541e-12
2.956956e-12
3.007416e-12
2.926545e-12
3.066487e-12
2.601595e-12
2.529341e-12
2.710765e-12
2.676419e-12
2.809015e-12
3.000494e-12
2.560319e-12
2.839014e-12
2.513082e-12
2.701504e-12
2.947351e-12
2.618575e-12
3.052676e-12
2.874341e-12
2.445810e-12
2.634160e-12
2.949750e-12
2.455231e-12
3.080946e-12
2.786172e-12
2.590767e-12
2.858017e-12
2.791091e-12
2.422194e-12
2.849591e-12
2.972665e-12
2.843704e-12
2.687370e-12
2.628140e-12
2.658459e-12
2.527532e-12
2.648777e-12
2.961895e-12
2.875190e-12
2.655957e-12
2.571765e-12
3.023888e-12
2.725832e-12
2.907897e-12
2.682672e-12
2.557244e-12
3.101708e-12
2.620682e-12
2.888461e-12
2.750153e-12
2.837391e-12
2.788822e-12
2.870547e-12
2.842840e-12
2.874047e-12
2.753864e-12
2.756165e-12
3.013511e-12
2.881976e-12
2.636048e-12
2.557475e-12
2.732903e-12
2.505766e-12
3.128787e-12
2.664083e-12
2.525243e-12
3.108694e-12
2.456985e-12
2.511456e-12
2.809038e-12
2.814405e-12
2.773945e-12
2.563595e-12
2.613063e-12
2.708155e-12
2.888872e-12
2.730736e-12
3.272329e-12
2.921083e-12
2.443236e-12
2.468605e-12
2.536112e-12
2.795847e-12
2.907714e-12
3.150446e-12
2.794437e-12
2.519086e-12
2.761708e-12
2.478064e-12
3.117715e-12
2.808661e-12
2.754802e-12
2.851501e-12
2.698520e-12
2.651625e-12
2.843745e-12
2.467991e-12
2.487012e-12
2.563468e-12
2.834913e-12
2.994186e-12
2.888735e-12
2.865833e-12
2.889360e-12
2.770327e-12
2.870555e-12
2.179139e-12
2.812455e-12
2.988379e-12
3.077741e-12
2.464938e-12
2.741321e-12
2.411874e-12
2.832141e-12
2.719785e-12
2.718976e-12
2.605364e-12
2.655578e-12
2.897062e-12
2.959479e-12
2.911462e-12
3.076568e-12
2.536326e-12
2.474113e-12
2.789968e-12
3.083866e-12
2.524359e-12
2.583432e-12
2.829518e-12
2.669430e-12
2.800070e-12
2.745020e-12
2.400184e-12
2.560543e-12
3.110546e-12
2.772609e-12
2.742714e-12
2.839184e-12
2.944616e-12
2.486391e-12
2.589443e-12
2.479246e-12
2.975555e-12
2.813274e-12
2.456681e-12
2.666896e-12
2.837474e-12
2.872033e-12
2.934212e-12
2.904038e-12
2.659084e-12
2.779524e-12
2.751358e-12
2.658639e-12
2.896912e-12
2.762623e-12
2.395321e-12
2.226218e-12
2.980970e-12
2.440221e-12
3.260983e-12
2.919165e-12
3.272787e-12
2.436842e-12
3.097972e-12
2.335464e-12
2.985980e-12
2.922694e-12
2.722829e-12
3.037661e-12
2.750113e-12
2.400966e-12
2.868056e-12
2.452048e-12
2.790683e-12
3.021714e-12
2.947972e-12
2.907733e-12
2.953029e-12
2.597256e-12
2.565936e-12
2.989638e-12
2.940018e-12
2.673402e-12
2.873122e-12
2.841223e-12
2.805752e-12
2.702472e-12
2.976527e-12
2.839856e-12
2.564961e-12
3.003389e-12
3.442656e-12
2.410817e-12
2.863333e-12
3.154554e-12
2.977464e-12
2.327691e-12
2.789501e-12
2.906405e-12
2.769093e-12
2.938992e-12
2.563698e-12
3.335513e-12
2.848161e-12
2.736294e-12
3.056910e-12
2.463527e-12
2.930679e-12
2.554550e-12
2.174128e-12
2.690144e-12
2.509506e-12
2.272232e-12
2.708199e-12
2.950821e-12
2.717810e-12
2.882279e-12
3.105567e-12
3.291084e-12
2.789308e-12
3.042712e-12
3.183431e-12
2.412463e-12
2.779426e-12
3.198992e-12
2.891601e-12
2.748876e-12
2.699679e-12
2.919300e-12
3.030028e-12
2.761883e-12
3.015493e-12
2.424409e-12
3.178817e-12
2.983995e-12
2.460986e-12
2.458439e-12
2.828698e-12
3.051232e-12
2.928738e-12
2.917136e-12
2.937124e-12
2.378585e-12
2.938421e-12
2.488204e-12
2.686479e-12
2.744903e-12
2.883220e-12
2.878930e-12
3.070164e-12
2.689135e-12
2.988139e-12
2.807250e-12
3.049685e-12
2.903251e-12
2.915614e-12
3.077118e-12
2.965751e-12
2.838681e-12
3.075586e-12
2.499259e-12
2.973312e-12
2.628105e-12
2.777871e-12
2.487008e-12
2.485768e-12
2.597217e-12
2.439880e-12
2.609614e-12
2.915554e-12
2.497168e-12
2.378656e-12
2.481108e-12
3.131783e-12
2.550504e-12
2.918713e-12
2.811229e-12
2.542837e-12
2.661436e-12
3.107629e-12
3.056369e-12
2.786353e-12
2.886559e-12
2.736821e-12
2.888925e-12
2.546162e-12
2.612056e-12
2.421430e-12
2.643146e-12
2.983099e-12
2.799140e-12
2.677398e-12
2.395765e-12
2.937983e-12
3.044548e-12
3.046817e-12
2.588740e-12
2.948490e-12
3.032611e-12
3.046173e-12
2.771774e-12
2.526746e-12
3.097094e-12
2.730585e-12
2.742692e-12
2.693637e-12
2.290113e-12
2.567253e-12
2.644372e-12
2.672228e-12
2.868110e-12
2.796629e-12
2.902451e-12
2.666149e-12
2.529752e-12
2.523252e-12
2.628864e-12
2.608895e-12
2.872609e-12
3.316283e-12
2.876289e-12
2.506238e-12
2.928965e-12
3.016600e-12
2.708057e-12
2.707991e-12
2.701363e-12
2.926853e-12
2.660402e-12
2.442683e-12
2.919247e-12
2.237515e-12
2.818606e-12
2.703949e-12
2.488357e-12
2.934707e-12
2.411320e-12
2.484140e-12
2.643432e-12
2.625231e-12
2.745788e-12
3.124679e-12
2.639010e-12
2.676755e-12
2.567362e-12
2.542282e-12
3.016619e-12
2.745625e-12
2.823277e-12
2.841350e-12
3.016444e-12
2.926442e-12
2.769071e-12
2.793107e-12
3.250500e-12
3.230287e-12
2.423069e-12
2.822788e-12
2.471519e-12
2.896941e-12
2.665679e-12
2.611683e-12
2.898134e-12
2.790874e-12
2.771921e-12
2.712646e-12
2.664756e-12
3.062312e-12
2.638247e-12
2.815373e-12
2.774527e-12
3.015651e-12
2.746767e-12
2.696241e-12
2.863291e-12
2.587813e-12
2.877698e-12
2.988714e-12
2.947054e-12
2.587896e-12
2.835203e-12
2.756269e-12
3.164459e-12
2.664788e-12
2.677494e-12
2.971970e-12
2.934600e-12
2.557199e-12
2.717082e-12
2.883000e-12
2.885765e-12
2.943176e-12
2.538324e-12
2.463059e-12
2.449603e-12
2.753320e-12
2.866508e-12
2.741161e-12
2.769928e-12
2.578972e-12
2.692478e-12
2.775051e-12
2.650190e-12
2.774425e-12
2.902732e-12
2.954224e-12
2.888738e-12
2.694976e-12
2.314165e-12
3.123035e-12
3.127369e-12
2.464957e-12
2.726390e-12
2.561893e-12
2.430338e-12
2.793914e-12
2.706902e-12
2.957629e-12
2.634908e-12
2.981372e-12
2.919291e-12
2.904698e-12
2.526272e-12
2.871039e-12
2.939802e-12
2.724183e-12
3.121420e-12
2.747335e-12
2.402267e-12
2.844296e-12
2.751507e-12
2.803905e-12
2.790356e-12
2.847751e-12
2.816399e-12
2.941949e-12
2.767028e-12
2.818521e-12
2.845895e-12
2.553031e-12
3.059523e-12
2.606884e-12
2.969681e-12
2.711613e-12
2.740621e-12
2.957667e-12
2.912108e-12
2.857168e-12
2.943647e-12
3.097522e-12
3.142671e-12
2.411902e-12
3.153269e-12
2.350988e-12
2.935361e-12
2.559014e-12
2.760858e-12
3.129903e-12
2.627642e-12
2.387164e-12
2.818309e-12
2.583233e-12
2.760070e-12
2.759192e-12
2.856350e-12
2.316438e-12
2.944253e-12
2.411203e-12
2.843478e-12
2.763215e-12
2.635300e-12
2.612244e-12
2.578045e-12
2.714345e-12
3.049206e-12
2.926509e-12
2.636011e-12
2.861397e-12
3.219501e-12
3.046457e-12
2.555378e-12
2.952729e-12
2.623757e-12
2.604226e-12
2.613895e-12
2.733341e-12
2.829229e-12
2.727177e-12
2.870588e-12
2.396487e-12
2.764585e-12
2.688763e-12
2.962592e-12
2.632382e-12
3.098417e-12
2.589539e-12
3.004982e-12
2.873182e-12
2.752087e-12
2.546178e-12
3.091174e-12
2.726608e-12
2.863315e-12
2.882039e-12
2.841660e-12
2.793433e-12
2.812980e-12
2.793660e-12
2.897540e-12
2.869235e-12
2.625075e-12
3.028287e-12
2.967085e-12
2.759503e-12
2.083012e-12
2.455493e-12
2.541484e-12
2.763844e-12
2.755992e-12
2.533813e-12
2.325340e-12
3.337474e-12
2.840370e-12
3.038122e-12
2.884240e-12
2.753606e-12
2.668696e-12
2.716035e-12
2.665888e-12
3.280884e-12
3.071627e-12
2.753672e-12
2.916180e-12
2.742914e-12
3.011791e-12
3.208555e-12
2.608779e-12
2.985475e-12
2.519751e-12
3.181232e-12
2.846895e-12
2.791260e-12
2.749205e-12
3.104265e-12
2.652080e-12
2.956472e-12
3.187921e-12
2.480772e-12
3.012909e-12
3.066533e-12
2.706616e-12
2.909069e-12
2.713089e-12
1.987637e-12
2.572169e-12
2.975117e-12
2.912175e-12
2.780976e-12
2.787781e-12
2.767098e-12
2.892256e-12
2.950051e-12
2.749080e-12
2.760505e-12
2.555680e-12
3.178488e-12
2.677624e-12
2.849578e-12
2.492035e-12
2.711735e-12
3.138369e-12
2.674494e-12
2.712052e-12
2.745039e-12
2.985328e-12
2.805778e-12
2.944790e-12
2.681550e-12
3.490894e-12
2.673124e-12
2.755578e-12
2.680336e-12
2.933591e-12
2.692421e-12
2.708718e-12
2.938108e-12
2.711145e-12
3.298066e-12
2.583626e-12
2.793883e-12
2.692476e-12
2.814741e-12
2.876659e-12
2.330456e-12
2.863012e-12
2.794947e-12
2.689173e-12
2.888391e-12
2.749589e-12
3.086172e-12
2.759515e-12
2.466930e-12
3.261277e-12
2.860558e-12
3.269038e-12
2.447755e-12
2.734323e-12
3.051387e-12
2.566037e-12
2.513645e-12
2.838523e-12
2.266194e-12
3.070279e-12
2.805650e-12
2.553157e-12
2.766086e-12
2.896580e-12
2.882696e-12
2.856050e-12
2.866968e-12
2.602339e-12
2.505238e-12
2.687536e-12
2.874516e-12
3.182235e-12
2.760981e-12
2.534138e-12
2.830261e-12
2.606035e-12
2.660255e-12
2.786198e-12
2.837049e-12
2.566111e-12
2.787362e-12
2.636797e-12
2.754720e-12
2.939326e-12
2.941237e-12
3.368796e-12
2.634773e-12
2.671611e-12
2.688390e-12
2.742084e-12
2.907663e-12
2.316016e-12
2.742225e-12
2.400052e-12
3.301539e-12
3.142229e-12
3.125576e-12
2.646592e-12
2.730671e-12
2.715414e-12
2.800672e-12
3.025213e-12
2.863946e-12
3.205771e-12
3.063404e-12
2.895213e-12
3.038266e-12
2.574206e-12
3.063785e-12
2.945736e-12
2.746278e-12
2.921485e-12
2.674394e-12
2.674101e-12
3.025076e-12
2.882357e-12
2.723411e-12
2.831874e-12
3.166324e-12
3.130266e-12
2.943907e-12
2.730042e-12
2.646123e-12
2.388180e-12
2.506143e-12
2.943880e-12
2.900664e-12
3.217089e-12
2.613313e-12
2.896970e-12
2.620467e-12
2.815715e-12
2.919260e-12
2.603418e-12
2.637943e-12
2.796260e-12
2.483919e-12
2.340319e-12
3.052590e-12
2.657209e-12
2.906761e-12
2.554371e-12
2.937314e-12
2.684450e-12
2.567058e-12
3.053128e-12
2.683286e-12
2.705389e-12
2.446729e-12
2.568973e-12
2.490781e-12
2.832563e-12
3.022390e-12
2.909286e-12
2.816959e-12
2.931196e-12
2.726008e-12
2.845835e-12
2.933278e-12
2.485045e-12
2.757723e-12
3.331195e-12
2.550005e-12
3.039308e-12
2.961957e-12
2.501782e-12
2.812703e-12
3.076357e-12
3.165022e-12
2.888569e-12
2.963468e-12
2.631363e-12
2.311026e-12
2.653438e-12
3.175682e-12
2.945456e-12
2.887384e-12
2.879143e-12
2.914531e-12
2.604786e-12
2.687563e-12
3.168962e-12
2.736861e-12
2.791058e-12
2.618231e-12
2.757081e-12
2.843398e-12
3.143051e-12
2.806837e-12
2.724087e-12
2.761548e-12
2.420680e-12
2.837575e-12
3.398515e-12
3.078285e-12
2.748932e-12
2.524188e-12
3.017334e-12
2.569769e-12
2.925581e-12
2.485808e-12
2.502846e-12
3.253825e-12
3.207777e-12
3.059038e-12
2.811259e-12
2.976905e-12
2.658143e-12
2.653562e-12
2.951196e-12
2.718187e-12
2.490878e-12
2.954814e-12
2.932351e-12
2.782139e-12
2.872847e-12
2.929250e-12
2.793404e-12
3.156310e-12
3.188751e-12
2.407467e-12
2.762431e-12
2.571349e-12
3.028084e-12
2.848880e-12
2.866056e-12
3.023940e-12
3.025190e-12
2.668280e-12
2.944153e-12
2.636125e-12
2.626900e-12
2.761439e-12
2.965896e-12
2.639554e-12
2.873629e-12
2.915029e-12
2.823760e-12
2.828304e-12
2.831207e-12
2.905765e-12
2.604664e-12
2.547385e-12
2.967308e-12
2.904649e-12
2.829705e-12
2.759183e-12
2.965021e-12
2.952079e-12
2.744917e-12
2.819535e-12
2.988196e-12
2.657700e-12
2.849160e-12
2.386480e-12
3.027390e-12
2.846268e-12
2.723234e-12
2.783765e-12
2.735300e-12
2.743463e-12
2.992027e-12
2.698919e-12
3.113195e-12
2.672883e-12
2.841681e-12
2.908518e-12
2.769811e-12
2.707936e-12
2.684018e-12
2.707246e-12
2.910326e-12
2.951189e-12
2.780715e-12
3.045481e-12
2.796538e-12
3.020230e-12
2.675260e-12
2.937163e-12
2.441580e-12
2.262543e-12
2.681084e-12
2.875288e-12
2.764767e-12
3.089989e-12
2.274130e-12
2.844940e-12
3.124817e-12
2.666825e-12
2.661731e-12
2.704022e-12
2.976465e-12
3.212876e-12
2.764827e-12
2.845875e-12
2.976216e-12
2.481537e-12
2.777872e-12
2.917677e-12
2.874779e-12
2.703492e-12
2.514522e-12
2.916861e-12
2.699480e-12
2.740245e-12
2.776895e-12
2.568696e-12
2.924251e-12
3.042730e-12
2.194983e-12
2.306165e-12
2.679509e-12
2.653177e-12
2.496727e-12
2.727470e-12
2.782933e-12
2.453958e-12
2.736565e-12
2.698920e-12
2.696854e-12
2.650396e-12
2.667535e-12
2.694271e-12
3.150594e-12
2.618445e-12
2.729170e-12
2.895157e-12
3.049476e-12
3.016666e-12
2.775220e-12
2.884964e-12
2.720066e-12
2.711183e-12
2.918873e-12
2.470564e-12
2.565833e-12
2.814014e-12
2.499098e-12
2.665224e-12
2.651220e-12
2.515894e-12
3.078849e-12
3.027856e-12
3.120611e-12
2.799192e-12
2.878686e-12
2.451132e-12
2.843234e-12
3.206983e-12
2.743263e-12
2.802488e-12
2.640069e-12
2.628421e-12
3.003260e-12
2.916447e-12
2.968668e-12
2.966838e-12
2.894286e-12
2.510266e-12
2.484809e-12
2.770911e-12
2.615968e-12
2.740772e-12
3.084262e-12
2.816313e-12
2.856553e-12
3.015595e-12
2.647077e-12
2.827492e-12
2.788803e-12
2.192415e-12
2.762551e-12
2.428558e-12
3.054948e-12
2.962277e-12
3.023442e-12
2.922968e-12
2.392056e-12
2.473960e-12
3.069259e-12
2.782898e-12
2.755585e-12
2.774889e-12
2.856805e-12
2.787574e-12
2.706338e-12
3.315745e-12
2.402910e-12
2.867209e-12
2.648129e-12
2.441490e-12
2.986838e-12
2.477362e-12
2.465613e-12
3.113863e-12
2.775030e-12
2.645026e-12
2.871999e-12
2.935543e-12
3.023011e-12
2.749427e-12
2.287828e-12
2.741347e-12
2.723691e-12
3.108029e-12
3.158487e-12
2.669484e-12
3.111798e-12
2.809679e-12
2.156254e-12
2.774023e-12
3.286680e-12
2.770433e-12
2.925426e-12
2.764073e-12
2.905670e-12
2.483903e-12
3.127849e-12
2.451301e-12
2.337630e-12
2.330863e-12
2.639058e-12
2.848237e-12
2.808019e-12
2.664569e-12
2.980959e-12
2.953600e-12
2.970594e-12
2.862766e-12
2.637836e-12
2.486092e-12
2.877701e-12
2.672066e-12
2.747190e-12
2.732953e-12
2.828874e-12
2.853384e-12
3.066139e-12
2.477957e-12
2.544218e-12
2.827414e-12
2.744995e-12
2.807347e-12
3.481197e-12
2.702596e-12
3.010571e-12
3.157236e-12
2.945503e-12
2.704108e-12
2.917428e-12
2.998297e-12
2.831135e-12
2.702287e-12
3.077317e-12
2.607723e-12
2.693110e-12
3.237840e-12
2.467393e-12
2.770257e-12
2.755141e-12
2.597618e-12
2.559387e-12
2.916160e-12
2.711880e-12
2.835255e-12
2.677652e-12
2.983417e-12
2.756365e-12
2.729805e-12
2.767481e-12
2.887730e-12
2.791651e-12
2.892669e-12
2.936512e-12
3.066344e-12
2.934547e-12
2.762908e-12
2.846516e-12
2.397306e-12
2.808089e-12
2.619097e-12
2.615344e-12
2.688851e-12
3.058852e-12
2.722423e-12
3.053618e-12
2.764421e-12
2.660061e-12
2.741631e-12
2.934101e-12
2.769808e-12
2.961080e-12
2.670928e-12
2.992923e-12
2.807272e-12
2.827276e-12
2.413420e-12
2.390907e-12
3.275955e-12
2.460123e-12
2.828712e-12
2.961532e-12
2.505997e-12
2.837407e-12
2.685609e-12
2.504398e-12
2.882265e-12
2.617483e-12
2.854951e-12
3.053776e-12
2.608511e-12
2.564613e-12
2.930608e-12
2.125099e-12
2.871806e-12
2.438732e-12
2.625781e-12
2.917477e-12
2.782195e-12
2.879821e-12
2.492965e-12
2.637138e-12
2.611132e-12
2.519468e-12
2.640421e-12
2.606477e-12
2.644642e-12
2.818120e-12
3.089655e-12
2.959142e-12
3.111020e-12
3.199984e-12
3.098768e-12
2.713342e-12
2.498874e-12
2.996533e-12
2.519547e-12
2.900809e-12
3.020135e-12
2.786118e-12
3.048075e-12
2.645584e-12
2.295547e-12
2.702853e-12
2.706305e-12
2.519685e-12
2.582597e-12
2.919426e-12
2.420773e-12
2.905275e-12
2.455480e-12
2.710664e-12
2.852611e-12
2.561831e-12
2.560406e-12
2.761446e-12
3.102854e-12
2.621978e-12
2.681471e-12
2.787064e-12
2.518166e-12
3.006428e-12
2.731241e-12
2.279539e-12
2.630249e-12
2.909625e-12
2.882928e-12
2.676725e-12
2.462205e-12
2.761604e-12
2.960384e-12
3.000985e-12
2.386078e-12
2.532203e-12
2.816532e-12
3.102214e-12
2.792058e-12
2.434139e-12
2.698942e-12
2.574122e-12
3.275193e-12
2.644854e-12
3.103210e-12
2.801329e-12
2.874842e-12
2.666133e-12
3.060198e-12
2.668737e-12
3.034590e-12
2.775134e-12
2.326621e-12
2.944495e-12
2.480613e-12
2.504331e-12
3.011020e-12
3.166569e-12
3.202646e-12
2.887876e-12
2.509066e-12
2.467145e-12
3.009842e-12
2.881082e-12
2.687114e-12
2.669455e-12
2.934728e-12
2.605757e-12
2.498434e-12
2.830910e-12
2.819153e-12
2.535408e-12
2.638237e-12
2.504867e-12
3.149706e-12
2.727458e-12
2.595722e-12
2.552574e-12
2.936756e-12
2.337361e-12
2.789219e-12
2.691528e-12
2.986766e-12
2.499982e-12
3.165759e-12
3.016496e-12
2.647133e-12
2.613169e-12
2.874831e-12
2.635905e-12
3.092834e-12
2.692765e-12
2.662190e-12
3.032713e-12
2.876674e-12
3.031295e-12
2.852813e-12
2.822317e-12
2.682664e-12
2.867028e-12
2.784428e-12
2.805494e-12
2.642820e-12
3.284038e-12
2.488693e-12
2.896704e-12
2.904073e-12
2.697341e-12
2.674246e-12
2.374465e-12
2.816429e-12
3.076860e-12
2.950638e-12
2.837633e-12
2.968976e-12
2.929331e-12
2.807395e-12
3.195247e-12
2.779511e-12
2.769429e-12
2.492122e-12
3.162422e-12
2.985729e-12
2.967804e-12
2.636278e-12
2.835966e-12
2.971056e-12
2.754984e-12
2.731846e-12
2.391202e-12
2.602674e-12
2.757026e-12
2.978150e-12
2.380777e-12
3.011510e-12
2.725409e-12
2.621587e-12
2.837415e-12
2.555737e-12
3.001158e-12
2.879029e-12
2.795714e-12
2.380259e-12
2.795264e-12
2.493173e-12
2.686647e-12
2.663516e-12
2.706034e-12
2.825799e-12
2.582867e-12
3.032264e-12
2.534736e-12
2.548803e-12
2.929861e-12
2.999571e-12
2.783242e-12
2.853320e-12
2.702696e-12
2.465121e-12
2.802792e-12
2.835840e-12
2.690907e-12
2.301334e-12
2.995059e-12
2.904903e-12
2.986201e-12
2.698874e-12
2.742933e-12
2.833885e-12
2.704379e-12
3.117243e-12
2.362974e-12
2.786886e-12
2.773061e-12
2.546444e-12
2.607224e-12
2.867245e-12
2.732319e-12
2.698453e-12
2.889592e-12
2.627556e-12
2.815508e-12
2.454536e-12
2.374981e-12
3.112328e-12
2.481690e-12
2.849891e-12
2.832615e-12
2.929689e-12
2.607231e-12
2.697495e-12
2.827980e-12
2.803624e-12
2.532728e-12
2.626446e-12
2.670187e-12
2.868059e-12
2.904057e-12
2.979897e-12
2.863043e-12
3.410931e-12
2.930654e-12
2.830828e-12
2.750861e-12
2.680016e-12
2.523295e-12
3.056870e-12
2.902001e-12
2.590231e-12
2.958759e-12
2.924719e-12
2.603979e-12
2.705562e-12
2.532276e-12
2.750905e-12
2.786462e-12
2.717044e-12
2.866965e-12
2.928428e-12
2.289990e-12
2.694103e-12
2.583744e-12
3.053558e-12
2.757539e-12
2.829578e-12
2.893280e-12
2.740275e-12
2.624989e-12
3.032530e-12
2.708439e-12
2.826535e-12
2.647604e-12
2.858124e-12
2.795343e-12
3.105917e-12
2.909842e-12
2.761089e-12
2.892533e-12
2.849354e-12
2.948469e-12
2.510942e-12
2.654723e-12
2.763499e-12
2.641904e-12
2.728274e-12
2.943888e-12
2.876169e-12
3.205171e-12
3.042115e-12
2.715177e-12
2.622085e-12
2.812379e-12
2.794220e-12
2.476067e-12
2.566104e-12
2.823677e-12
3.024716e-12
2.910370e-12
2.803980e-12
2.982445e-12
2.363813e-12
2.731173e-12
2.850962e-12
2.875849e-12
3.052328e-12
2.669579e-12
2.694831e-12
2.781598e-12
2.611226e-12
2.767091e-12
2.742051e-12
2.311447e-12
3.075088e-12
3.129230e-12
2.882535e-12
2.727798e-12
2.702959e-12
2.373900e-12
2.593577e-12
2.991809e-12
3.086859e-12
2.914163e-12
2.755726e-12
2.809228e-12
2.691029e-12
3.260602e-12
2.845023e-12
2.601997e-12
2.941526e-12
2.671118e-12
2.524925e-12
2.701895e-12
2.896188e-12
2.843360e-12
2.801061e-12
2.508638e-12
2.416335e-12
2.832778e-12
2.977035e-12
2.961989e-12
2.959818e-12
2.706538e-12
2.656912e-12
2.466676e-12
2.875630e-12
2.978620e-12
2.650810e-12
2.560048e-12
3.270858e-12
2.723510e-12
2.817957e-12
2.732652e-12
2.371453e-12
2.691481e-12
3.129363e-12
2.768068e-12
2.840753e-12
2.996603e-12
2.923688e-12
2.370133e-12
2.477427e-12
2.831817e-12
2.557041e-12
2.726134e-12
2.546902e-12
2.314716e-12
2.841304e-12
2.470200e-12
3.132996e-12
2.960608e-12
2.561696e-12
2.640998e-12
3.326393e-12
2.686596e-12
2.436222e-12
2.809123e-12
2.748470e-12
2.741118e-12
2.769519e-12
2.549747e-12
2.404224e-12
2.562264e-12
2.884097e-12
2.778411e-12
2.816117e-12
2.885524e-12
2.754418e-12
3.007227e-12
2.703473e-12
2.293595e-12
2.780296e-12
3.099265e-12
2.838906e-12
2.937699e-12
2.832240e-12
2.583694e-12
2.724181e-12
2.468534e-12
3.069689e-12
2.652817e-12
2.551017e-12
2.330826e-12
3.049934e-12
2.861222e-12
3.052640e-12
2.774006e-12
2.887573e-12
2.609331e-12
2.476584e-12
2.757074e-12
2.934030e-12
3.235466e-12
2.685303e-12
2.688872e-12
3.175824e-12
2.872829e-12
2.908687e-12
2.564340e-12
2.943288e-12
3.033905e-12
3.032920e-12
2.772888e-12
2.991200e-12
2.945733e-12
2.613935e-12
2.449024e-12
2.752905e-12
2.816921e-12
2.849200e-12
2.490176e-12
2.676121e-12
2.638900e-12
2.597066e-12
2.652567e-12
2.841461e-12
2.840123e-12
2.521820e-12
2.957065e-12
2.777160e-12
2.588702e-12
3.005133e-12
2.606037e-12
2.679014e-12
2.724667e-12
2.592620e-12
2.894426e-12
2.836837e-12
2.689848e-12
2.766418e-12
2.494210e-12
2.902821e-12
2.698936e-12
2.619227e-12
2.337157e-12
2.567144e-12
2.654618e-12
2.842311e-12
2.885449e-12
2.383495e-12
2.760928e-12
2.909399e-12
2.969938e-12
2.496196e-12
2.699219e-12
2.417612e-12
3.152987e-12
2.996769e-12
2.933601e-12
2.799142e-12
2.718740e-12
2.855700e-12
2.623284e-12
2.937792e-12
2.752673e-12
2.631218e-12
3.072385e-12
3.006447e-12
2.861097e-12
3.217427e-12
2.904714e-12
3.326155e-12
2.930410e-12
2.921103e-12
2.776535e-12
3.135537e-12
2.780019e-12
3.290298e-12
2.857717e-12
2.982970e-12
2.787360e-12
2.568994e-12
3.102254e-12
2.954362e-12
2.529448e-12
2.874059e-12
2.762526e-12
3.090744e-12
2.839507e-12
3.005253e-12
3.191694e-12
2.549153e-12
2.879624e-12
2.994919e-12
2.653041e-12
2.899009e-12
2.657594e-12
2.550731e-12
2.463496e-12
2.829130e-12
2.777173e-12
2.744697e-12
2.711110e-12
3.203243e-12
2.909317e-12
2.641227e-12
2.605557e-12
2.871817e-12
2.750964e-12
3.195799e-12
2.890120e-12
2.762539e-12
2.873304e-12
2.891064e-12
2.639534e-12
3.052869e-12
2.415266e-12
2.844213e-12
2.631462e-12
2.941134e-12
3.058441e-12
2.585830e-12
2.954300e-12
2.433363e-12
2.492446e-12
2.346526e-12
3.026855e-12
2.413884e-12
2.966319e-12
2.801315e-12
2.936422e-12
2.890533e-12
3.120030e-12
2.819012e-12
2.742307e-12
3.073387e-12
2.842922e-12
2.985122e-12
2.839626e-12
2.778009e-12
2.605540e-12
2.835400e-12
2.793270e-12
2.854752e-12
3.032949e-12
2.727646e-12
3.171169e-12
2.914193e-12
2.787376e-12
2.981539e-12
2.455001e-12
2.730704e-12
2.347784e-12
2.925130e-12
2.606302e-12
2.953883e-12
2.632157e-12
2.446139e-12
2.749236e-12
2.796114e-12
3.145001e-12
2.723712e-12
2.714178e-12
2.872166e-12
2.592166e-12
2.865480e-12
2.578416e-12
3.075621e-12
2.907870e-12
2.997463e-12
2.642702e-12
2.751393e-12
2.741100e-12
3.024786e-12
2.821152e-12
2.817971e-12
2.756004e-12
2.549012e-12
2.595303e-12
2.515807e-12
2.855469e-12
2.582494e-12
2.981148e-12
2.824172e-12
2.865020e-12
3.085805e-12
2.980895e-12
2.591322e-12
2.634551e-12
2.875803e-12
2.818890e-12
2.841928e-12
2.913385e-12
2.645843e-12
2.709157e-12
2.643111e-12
2.579001e-12
2.840022e-12
2.545253e-12
2.699050e-12
2.863626e-12
2.713035e-12
2.328837e-12
2.949726e-12
2.986506e-12
2.976624e-12
3.016969e-12
2.657457e-12
2.795061e-12
2.934043e-12
2.560709e-12
2.581332e-12
3.090454e-12
2.659666e-12
2.757475e-12
2.830542e-12
3.071656e-12
2.567165e-12
2.560079e-12
2.676028e-12
2.660521e-12
2.462172e-12
2.921123e-12
2.868886e-12
3.113978e-12
2.542657e-12
3.099304e-12
2.809841e-12
2.929484e-12
2.995036e-12
2.689041e-12
2.840723e-12
3.009603e-12
2.287218e-12
2.475443e-12
2.780243e-12
2.977165e-12
2.666974e-12
2.426076e-12
2.561872e-12
2.773186e-12
2.436730e-12
2.616332e-12
2.486601e-12
2.948551e-12
2.582447e-12
2.457088e-12
2.341997e-12
2.827526e-12
2.727420e-12
2.312797e-12
2.951680e-12
2.823344e-12
2.987508e-12
2.915211e-12
2.616834e-12
3.106373e-12
2.948288e-12
2.598560e-12
3.241056e-12
2.665177e-12
2.593056e-12
2.576861e-12
2.976491e-12
2.795174e-12
2.742682e-12
2.920064e-12
2.851110e-12
2.926299e-12
2.643727e-12
3.055299e-12
2.709334e-12
2.654584e-12
2.289261e-12
2.714880e-12
2.669083e-12
2.913218e-12
2.754989e-12
2.477224e-12
2.914013e-12
2.539729e-12
2.804614e-12
2.753532e-12
2.815308e-12
2.432307e-12
2.849141e-12
2.459434e-12
2.287283e-12
2.963477e-12
3.361226e-12
2.854384e-12
2.907043e-12
2.886585e-12
2.854446e-12
2.877222e-12
2.188255e-12
2.919956e-12
3.180695e-12
2.881968e-12
2.904326e-12
3.062461e-12
2.932547e-12
2.999569e-12
2.577921e-12
2.639375e-12
2.823707e-12
2.774195e-12
2.896166e-12
2.873306e-12
2.938627e-12
2.738529e-12
2.924982e-12
2.719373e-12
2.791027e-12
3.003173e-12
2.868782e-12
2.542049e-12
2.936551e-12
2.650100e-12
2.814324e-12
2.643294e-12
2.971008e-12
2.611773e-12
3.001061e-12
2.718328e-12
2.824314e-12
2.883632e-12
2.733667e-12
2.704208e-12
2.427550e-12
3.061946e-12
2.907639e-12
2.816306e-12
2.765810e-12
2.955383e-12
2.411458e-12
2.736584e-12
2.755349e-12
2.724497e-12
3.171851e-12
2.843574e-12
2.833449e-12
2.847530e-12
2.331610e-12
2.899295e-12
2.767735e-12
3.058435e-12
2.518309e-12
2.797253e-12
2.546269e-12
2.773293e-12
3.272730e-12
2.814768e-12
2.599537e-12
2.922906e-12
2.915472e-12
2.837652e-12
3.204107e-12
3.009950e-12
2.738705e-12
2.468618e-12
2.943110e-12
2.638992e-12
2.558110e-12
2.926221e-12
2.979469e-12
2.480863e-12
2.995582e-12
2.753966e-12
3.184646e-12
2.860377e-12
3.007643e-12
2.980151e-12
2.795617e-12
2.706685e-12
2.617146e-12
2.599331e-12
2.829744e-12
3.121268e-12
2.496358e-12
2.761712e-12
3.379516e-12
2.985457e-12
3.045958e-12
2.902343e-12
2.714363e-12
3.207335e-12
2.885318e-12
2.932184e-12
2.920112e-12
2.670710e-12
2.706972e-12
3.071009e-12
2.715875e-12
2.663851e-12
3.300252e-12
3.130692e-12
2.791812e-12
2.510836e-12
2.468952e-12
2.509662e-12
2.849418e-12
3.002339e-12
2.779278e-12
2.841383e-12
2.410928e-12
3.065993e-12
2.783347e-12
2.559000e-12
2.915445e-12
2.652051e-12
2.897940e-12
2.684431e-12
3.034107e-12
2.841337e-12
2.505708e-12
2.725639e-12
2.768570e-12
2.697170e-12
2.693234e-12
2.962094e-12
2.559143e-12
2.666438e-12
2.756777e-12
2.739194e-12
2.836849e-12
2.528915e-12
2.433485e-12
2.532882e-12
2.469328e-12
2.855875e-12
2.956436e-12
3.298077e-12
2.898698e-12
3.150299e-12
3.307430e-12
2.657773e-12
2.323673e-12
2.519990e-12
3.132010e-12
2.576653e-12
2.779743e-12
2.719417e-12
2.763596e-12
2.794596e-12
2.343931e-12
2.607401e-12
2.898997e-12
3.054896e-12
2.805898e-12
2.471548e-12
2.782052e-12
3.015018e-12
3.152588e-12
2.981887e-12
2.886070e-12
2.859149e-12
3.021536e-12
2.856488e-12
2.880306e-12
2.856419e-12
2.727055e-12
2.728039e-12
2.556004e-12
3.043774e-12
2.576443e-12
2.578949e-12
2.714208e-12
2.828397e-12
2.447946e-12
3.017434e-12
2.446082e-12
2.829686e-12
2.519706e-12
2.612464e-12
2.739359e-12
3.122507e-12
2.663378e-12
2.921279e-12
2.442702e-12
2.893797e-12
3.031340e-12
2.667841e-12
2.610129e-12
2.883335e-12
2.715881e-12
2.704218e-12
3.078315e-12
2.450257e-12
2.418509e-12
2.689432e-12
2.513064e-12
2.599180e-12
2.972568e-12
2.753533e-12
2.618345e-12
2.775587e-12
2.763398e-12
3.013912e-12
2.780315e-12
2.800584e-12
2.639392e-12
2.782847e-12
2.707300e-12
2.726956e-12
2.715552e-12
2.656370e-12
2.945879e-12
2.657699e-12
2.850468e-12
2.774929e-12
2.653625e-12
2.570269e-12
2.484278e-12
2.437362e-12
2.870028e-12
2.548209e-12
2.562157e-12
2.798884e-12
2.920643e-12
2.420213e-12
3.014247e-12
2.694063e-12
2.701467e-12
2.528768e-12
2.988079e-12
2.620251e-12
2.592230e-12
2.451649e-12
3.061659e-12
2.749515e-12
2.540756e-12
2.738139e-12
2.702849e-12
2.588631e-12
2.765310e-12
2.661862e-12
2.552330e-12
2.950036e-12
2.914741e-12
2.739946e-12
2.757219e-12
2.721316e-12
2.846819e-12
3.252702e-12
2.649137e-12
3.156960e-12
2.686658e-12
2.868431e-12
2.785975e-12
2.581468e-12
2.304964e-12
2.711268e-12
2.691390e-12
2.626343e-12
2.623418e-12
2.777999e-12
2.936305e-12
2.665395e-12
3.235498e-12
2.611348e-12
2.762014e-12
2.657417e-12
2.765388e-12
2.678277e-12
2.902642e-12
3.041606e-12
3.181119e-12
2.810601e-12
2.962298e-12
2.541314e-12
2.670733e-12
3.248567e-12
2.891644e-12
2.825698e-12
2.622723e-12
2.847139e-12
2.798511e-12
3.046059e-12
3.021065e-12
2.870382e-12
2.849519e-12
2.861049e-12
2.587208e-12
2.851601e-12
3.085319e-12
2.970429e-12
3.182957e-12
3.327604e-12
2.717199e-12
2.814617e-12
2.717865e-12
2.861663e-12
3.004965e-12
2.850868e-12
2.639632e-12
2.589190e-12
2.609544e-12
2.852427e-12
2.831696e-12
2.892067e-12
2.926974e-12
3.012842e-12
2.769648e-12
2.635438e-12
2.591396e-12
2.540837e-12
2.771085e-12
2.624869e-12
2.642142e-12
2.628557e-12
2.956766e-12
3.087011e-12
2.696180e-12
3.050364e-12
2.991618e-12
2.598597e-12
2.855845e-12
2.465766e-12
2.852941e-12
2.619768e-12
2.734706e-12
3.201931e-12
2.994383e-12
2.582656e-12
2.822765e-12
2.535395e-12
2.397494e-12
2.691008e-12
2.468066e-12
2.883459e-12
3.281489e-12
3.090602e-12
3.017675e-12
2.915627e-12
2.801304e-12
3.155770e-12
2.337039e-12
2.888831e-12
2.633197e-12
2.807505e-12
2.718707e-12
3.012930e-12
2.501874e-12
3.028295e-12
2.377754e-12
2.529846e-12
2.541799e-12
2.950635e-12
3.032185e-12
3.090546e-12
2.891269e-12
2.865437e-12
2.867888e-12
3.058529e-12
2.813025e-12
2.764773e-12
2.775673e-12
2.902797e-12
2.502714e-12
2.722540e-12
2.830172e-12
2.698300e-12
2.344846e-12
2.881306e-12
2.593702e-12
2.862435e-12
2.609001e-12
3.020302e-12
2.854286e-12
3.095897e-12
2.540298e-12
2.811707e-12
2.810805e-12
2.832669e-12
2.633234e-12
2.461512e-12
2.412852e-12
3.008859e-12
2.533464e-12
2.591435e-12
2.742449e-12
2.755488e-12
2.622766e-12
2.946121e-12
2.908447e-12
2.767077e-12
2.744860e-12
2.727725e-12
2.857977e-12
2.478708e-12
2.472323e-12
2.735382e-12
2.711751e-12
2.784237e-12
2.621388e-12
3.055458e-12
3.124634e-12
3.117836e-12
2.899545e-12
2.704624e-12
3.068251e-12
2.913541e-12
2.489694e-12
2.597450e-12
3.019669e-12
2.813652e-12
2.652829e-12
2.922466e-12
2.739764e-12
2.755203e-12
2.883088e-12
2.936426e-12
2.392135e-12
3.096838e-12
2.635893e-12
2.896354e-12
2.912663e-12
2.724701e-12
2.951506e-12
2.790512e-12
2.656263e-12
2.699207e-12
2.796149e-12
2.614446e-12
2.478637e-12
2.785728e-12
2.813798e-12
3.012886e-12
3.138918e-12
2.882076e-12
2.669209e-12
2.941013e-12
3.026290e-12
3.127205e-12
3.077167e-12
2.810251e-12
2.668926e-12
2.908094e-12
3.071997e-12
3.064870e-12
2.892135e-12
2.754718e-12
3.189738e-12
3.316147e-12
3.102125e-12
2.641391e-12
2.919389e-12
3.253781e-12
2.515757e-12
2.972796e-12
2.665383e-12
2.838747e-12
2.832648e-12
2.589477e-12
2.708237e-12
2.679242e-12
2.522799e-12
2.495211e-12
2.647588e-12
2.460679e-12
2.834764e-12
2.820868e-12
2.812066e-12
2.916762e-12
2.967205e-12
2.529313e-12
2.762636e-12
2.973645e-12
2.504595e-12
2.567414e-12
2.865088e-12
2.797137e-12
2.882069e-12
2.939177e-12
3.011926e-12
3.036700e-12
3.060296e-12
2.911986e-12
2.777358e-12
2.746907e-12
2.967650e-12
3.118627e-12
3.045765e-12
2.816350e-12
2.623613e-12
2.678599e-12
2.864521e-12
2.584335e-12
3.156796e-12
2.623046e-12
2.862584e-12
2.906476e-12
2.773389e-12
2.788042e-12
2.758255e-12
2.522649e-12
2.836647e-12
3.030306e-12
2.731082e-12
2.590420e-12
3.113957e-12
3.086548e-12
3.093552e-12
2.582097e-12
3.073161e-12
2.710353e-12
2.777514e-12
3.034582e-12
2.943903e-12
2.941023e-12
2.622667e-12
2.892376e-12
2.958452e-12
3.025501e-12
2.770259e-12
2.242714e-12
2.663028e-12
2.675522e-12
2.970600e-12
2.699027e-12
2.871295e-12
3.025544e-12
2.756263e-12
2.285745e-12
3.035205e-12
2.791073e-12
2.431722e-12
2.753204e-12
2.861038e-12
3.243432e-12
2.622829e-12
2.826372e-12
2.719818e-12
2.978928e-12
2.739696e-12
2.987614e-12
2.890533e-12
2.717148e-12
2.619058e-12
2.731756e-12
2.850497e-12
2.321064e-12
2.925393e-12
2.726085e-12
2.719374e-12
2.882722e-12
2.938022e-12
2.488688e-12
2.598035e-12
2.728711e-12
2.903054e-12
2.702445e-12
2.474134e-12
2.704787e-12
2.363901e-12
2.346741e-12
2.734268e-12
2.492943e-12
2.845566e-12
2.551668e-12
2.933993e-12
3.038031e-12
2.739015e-12
2.966459e-12
2.727550e-12
2.617117e-12
2.608328e-12
2.668411e-12
2.567164e-12
3.002767e-12
2.858886e-12
2.740587e-12
2.998055e-12
2.695263e-12
2.763884e-12
2.782689e-12
2.572082e-12
2.915296e-12
2.804423e-12
2.932306e-12
3.007930e-12
2.732779e-12
2.626417e-12
2.593838e-12
2.660181e-12
3.411838e-12
2.601472e-12
3.003290e-12
3.000425e-12
2.966955e-12
2.580458e-12
2.716554e-12
2.700806e-12
2.869693e-12
2.935290e-12
2.922738e-12
2.891840e-12
2.686940e-12
2.578353e-12
2.936219e-12
2.680369e-12
2.821643e-12
2.574193e-12
2.913299e-12
2.531079e-12
2.452882e-12
2.667049e-12
2.665182e-12
3.075072e-12
3.207393e-12
2.535811e-12
2.948055e-12
2.582410e-12
2.869074e-12
3.030551e-12
3.193760e-12
3.096649e-12
2.720260e-12
2.757616e-12
3.016594e-12
2.617480e-12
2.650147e-12
3.025455e-12
2.813553e-12
2.656776e-12
3.071682e-12
2.452408e-12
2.709309e-12
2.659631e-12
2.848082e-12
2.822282e-12
2.718794e-12
2.818947e-12
2.837701e-12
2.535447e-12
2.636295e-12
2.815536e-12
2.965169e-12
2.982595e-12
2.565130e-12
2.972273e-12
2.703766e-12
2.888016e-12
2.686357e-12
2.667019e-12
2.952424e-12
2.863709e-12
2.893290e-12
2.837933e-12
2.866659e-12
3.184039e-12
2.709474e-12
2.743711e-12
2.756295e-12
2.694561e-12
2.682608e-12
2.655661e-12
2.644013e-12
2.322876e-12
2.871570e-12
2.526445e-12
2.845995e-12
3.243497e-12
2.662433e-12
2.830426e-12
2.885523e-12
3.055387e-12
2.932711e-12
2.634976e-12
2.748621e-12
2.799320e-12
3.054444e-12
2.621916e-12
2.213683e-12
2.802208e-12
2.668541e-12
2.907247e-12
2.711196e-12
2.894693e-12
2.632678e-12
2.807869e-12
2.880994e-12
2.618513e-12
2.598470e-12
2.887206e-12
2.139372e-12
2.725006e-12
2.886568e-12
2.366824e-12
2.895940e-12
2.798299e-12
2.879586e-12
2.931284e-12
2.680061e-12
2.946113e-12
2.739222e-12
2.622680e-12
2.675222e-12
2.669518e-12
2.562492e-12
2.841239e-12
3.072392e-12
2.874241e-12
3.046591e-12
2.811479e-12
2.616977e-12
2.554182e-12
2.967251e-12
2.918891e-12
2.648952e-12
2.757411e-12
2.549704e-12
2.474324e-12
2.610379e-12
3.126117e-12
3.013589e-12
2.920557e-12
2.655683e-12
2.687632e-12
2.524442e-12
3.091591e-12
2.691712e-12
3.013876e-12
2.888307e-12
2.580692e-12
2.899131e-12
2.917661e-12
2.782440e-12
3.123398e-12
2.850845e-12
3.096508e-12
2.618957e-12
2.959449e-12
2.711294e-12
2.803343e-12
2.790309e-12
2.429067e-12
2.731062e-12
2.816170e-12
2.863937e-12
2.728179e-12
2.897358e-12
2.936953e-12
2.694576e-12
2.630313e-12
2.297280e-12
2.799849e-12
2.588667e-12
2.726857e-12
2.634220e-12
3.000115e-12
2.888274e-12
2.917815e-12
2.702670e-12
2.194731e-12
2.963225e-12
2.909484e-12
2.897139e-12
2.899724e-12
2.700346e-12
2.665668e-12
3.016786e-12
2.793440e-12
2.900135e-12
2.441110e-12
3.393486e-12
3.045138e-12
2.998303e-12
2.818991e-12
2.592515e-12
2.507787e-12
2.967830e-12
2.875129e-12
2.758865e-12
2.514867e-12
2.804167e-12
2.664556e-12
3.057982e-12
2.799242e-12
2.871771e-12
2.584235e-12
2.998143e-12
2.869108e-12
2.865415e-12
2.562502e-12
2.788693e-12
2.492788e-12
2.847918e-12
2.520097e-12
2.240367e-12
2.503223e-12
2.331002e-12
2.818775e-12
2.700107e-12
2.912069e-12
2.808210e-12
2.921213e-12
2.485766e-12
2.581784e-12
3.265367e-12
2.796446e-12
2.525681e-12
2.908534e-12
2.606188e-12
2.558549e-12
3.079292e-12
2.790227e-12
2.969510e-12
3.248025e-12
2.616610e-12
2.899380e-12
2.696662e-12
3.088308e-12
3.060528e-12
2.294904e-12
2.502140e-12
2.495797e-12
2.800878e-12
2.695364e-12
2.681669e-12
2.596651e-12
2.621397e-12
2.897595e-12
2.717327e-12
2.887186e-12
2.971076e-12
2.861826e-12
2.771819e-12
2.610762e-12
2.822224e-12
2.634369e-12
2.917064e-12
3.072160e-12
2.825071e-12
2.509804e-12
2.511393e-12
2.832341e-12
3.025246e-12
2.591989e-12
2.793272e-12
3.077098e-12
2.585449e-12
2.863000e-12
3.114179e-12
2.825276e-12
2.908168e-12
3.003446e-12
2.764708e-12
2.456666e-12
2.767847e-12
2.490058e-12
3.055639e-12
2.695254e-12
2.835132e-12
2.918272e-12
3.100569e-12
2.599124e-12
2.773165e-12
2.876871e-12
2.758775e-12
2.853672e-12
3.031303e-12
2.982227e-12
2.880938e-12
2.650473e-12
2.773685e-12
2.780220e-12
2.777438e-12
3.000706e-12
2.813568e-12
2.483034e-12
2.836507e-12
2.527574e-12
2.556786e-12
2.855280e-12
2.685480e-12
2.262827e-12
2.663781e-12
2.848591e-12
2.947495e-12
2.602411e-12
3.047251e-12
2.481742e-12
2.787748e-12
2.925973e-12
2.369366e-12
3.248972e-12
2.735327e-12
2.829207e-12
2.671694e-12
2.635262e-12
2.769775e-12
2.613920e-12
2.849730e-12
2.691293e-12
2.718086e-12
2.599701e-12
2.678038e-12
2.514400e-12
2.943361e-12
2.679836e-12
3.042095e-12
2.775707e-12
2.642137e-12
2.554037e-12
2.566386e-12
2.499929e-12
2.927893e-12
2.939948e-12
2.833388e-12
2.947813e-12
2.422131e-12
2.721580e-12
3.157297e-12
2.663535e-12
2.843618e-12
2.489207e-12
3.239635e-12
2.746055e-12
2.526872e-12
2.723787e-12
2.787928e-12
2.515102e-12
2.755090e-12
2.784909e-12
3.024738e-12
3.105126e-12
3.004554e-12
2.782925e-12
3.098334e-12
3.213868e-12
2.934014e-12
2.398475e-12
2.381481e-12
2.733136e-12
2.594921e-12
2.895549e-12
2.634156e-12
3.035628e-12
2.387583e-12
2.681901e-12
2.951577e-12
3.002462e-12
3.147164e-12
2.953300e-12
2.549711e-12
2.635859e-12
2.729804e-12
2.640917e-12
2.656051e-12
2.502379e-12
2.496077e-12
2.744882e-12
2.761130e-12
2.562999e-12
3.339826e-12
2.572305e-12
2.887694e-12
2.699326e-12
3.047424e-12
2.830407e-12
2.721301e-12
2.742276e-12
2.494559e-12
2.780875e-12
2.739945e-12
2.958093e-12
3.020621e-12
2.830506e-12
3.062359e-12
2.882648e-12
2.928926e-12
2.671479e-12
2.702997e-12
2.914377e-12
2.908243e-12
2.736483e-12
2.573272e-12
3.333942e-12
2.757221e-12
2.774544e-12
2.393909e-12
2.774130e-12
2.380615e-12
2.551654e-12
2.888015e-12
2.730694e-12
2.882899e-12
2.601854e-12
3.059013e-12
3.000911e-12
2.750191e-12
3.012543e-12
3.009834e-12
2.685830e-12
2.403266e-12
2.620609e-12
2.967526e-12
2.676605e-12
2.471961e-12
2.472102e-12
2.444339e-12
3.000514e-12
2.678505e-12
2.883583e-12
2.822741e-12
2.417748e-12
2.324999e-12
2.692300e-12
2.997022e-12
2.864491e-12
2.410079e-12
2.884676e-12
2.707996e-12
2.811463e-12
2.798856e-12
2.303935e-12
2.699214e-12
3.075944e-12
2.689433e-12
2.933105e-12
2.676801e-12
2.691018e-12
2.519797e-12
2.529152e-12
2.723310e-12
2.646507e-12
2.681377e-12
2.690857e-12
2.754750e-12
2.980873e-12
2.615551e-12
2.493667e-12
2.380689e-12
3.002928e-12
2.346960e-12
2.552773e-12
2.735660e-12
2.668356e-12
2.385092e-12
2.886289e-12
2.695816e-12
3.148257e-12
2.658960e-12
2.637235e-12
3.268339e-12
2.698128e-12
2.810431e-12
2.571084e-12
2.820988e-12
2.527597e-12
2.680077e-12
2.913451e-12
2.608879e-12
3.297709e-12
2.550109e-12
2.868197e-12
2.792408e-12
2.862863e-12
2.596435e-12
2.497149e-12
2.848786e-12
2.966855e-12
2.772616e-12
2.655849e-12
2.606024e-12
2.692072e-12
2.724238e-12
3.196862e-12
2.714648e-12
2.375464e-12
3.058394e-12
3.024364e-12
2.416368e-12
2.820375e-12
2.721416e-12
2.706640e-12
2.412589e-12
2.617245e-12
2.742799e-12
2.863294e-12
2.643957e-12
2.531407e-12
2.992848e-12
2.824428e-12
2.499157e-12
2.443695e-12
3.058038e-12
2.884366e-12
2.498882e-12
2.731199e-12
2.593865e-12
2.713840e-12
2.724145e-12
2.749680e-12
2.855281e-12
3.006833e-12
2.711850e-12
3.122511e-12
2.706947e-12
2.984472e-12
3.046770e-12
3.106327e-12
2.741115e-12
2.812590e-12
2.812493e-12
2.810896e-12
2.819385e-12
2.567025e-12
2.921170e-12
2.824254e-12
3.105548e-12
2.831476e-12
2.855090e-12
3.170756e-12
2.667032e-12
2.312750e-12
2.843602e-12
3.033988e-12
2.950286e-12
3.380317e-12
2.436235e-12
3.048104e-12
2.849551e-12
2.877465e-12
2.897206e-12
2.648283e-12
2.466654e-12
2.618422e-12
2.874755e-12
2.904787e-12
2.697944e-12
2.773326e-12
2.689697e-12
2.882828e-12
2.604811e-12
2.987159e-12
2.743150e-12
3.117405e-12
2.761222e-12
2.897446e-12
2.698881e-12
2.765617e-12
2.541795e-12
2.673640e-12
2.500790e-12
2.181336e-12
2.700768e-12
2.674187e-12
2.468907e-12
2.518141e-12
2.739639e-12
2.537051e-12
2.583941e-12
2.767229e-12
2.626569e-12
3.018618e-12
2.567074e-12
2.956252e-12
2.574183e-12
2.712666e-12
2.436989e-12
2.666213e-12
2.102672e-12
2.628660e-12
2.812537e-12
2.796196e-12
3.040249e-12
2.678802e-12
3.002354e-12
2.703347e-12
3.272352e-12
2.679336e-12
2.704699e-12
2.934187e-12
2.735085e-12
3.026877e-12
3.070833e-12
2.470048e-12
2.479684e-12
2.658689e-12
2.749002e-12
2.920916e-12
3.091601e-12
2.745591e-12
3.413548e-12
3.127746e-12
2.931794e-12
2.689387e-12
2.523292e-12
2.486429e-12
2.704221e-12
2.888906e-12
2.565292e-12
2.987152e-12
2.769676e-12
2.662174e-12
2.291299e-12
2.791788e-12
3.123192e-12
2.828678e-12
3.035138e-12
2.760922e-12
2.269018e-12
2.866082e-12
3.004970e-12
2.683495e-12
2.724074e-12
3.164222e-12
2.743168e-12
2.411894e-12
2.960274e-12
2.712504e-12
2.441572e-12
2.920721e-12
2.725921e-12
2.572960e-12
2.937707e-12
3.093645e-12
2.840014e-12
2.994099e-12
2.714708e-12
2.559531e-12
2.707410e-12
2.424849e-12
3.059180e-12
2.262346e-12
2.517730e-12
2.717733e-12
3.457835e-12
3.222129e-12
3.191249e-12
2.845350e-12
2.884959e-12
2.921945e-12
2.561733e-12
2.924930e-12
3.100397e-12
2.789460e-12
2.334747e-12
2.552203e-12
2.969595e-12
2.543944e-12
2.620043e-12
2.928123e-12
2.811919e-12
3.100174e-12
2.611249e-12
2.794540e-12
2.866423e-12
2.862123e-12
3.067401e-12
2.772091e-12
3.257495e-12
2.462454e-12
3.172686e-12
2.267136e-12
2.940034e-12
2.939371e-12
2.902657e-12
2.301240e-12
2.981653e-12
3.311994e-12
2.945715e-12
2.660629e-12
3.005562e-12
2.781362e-12
2.991738e-12
2.690785e-12
3.031750e-12
2.644583e-12
2.979800e-12
2.898948e-12
2.550674e-12
2.644310e-12
2.479291e-12
3.125676e-12
3.071388e-12
2.726163e-12
2.806940e-12
2.704265e-12
2.587783e-12
2.590708e-12
2.679525e-12
2.680577e-12
3.193276e-12
2.831999e-12
2.791478e-12
2.823706e-12
2.092732e-12
2.850872e-12
2.732057e-12
2.677926e-12
2.958814e-12
2.979227e-12
2.793587e-12
2.846610e-12
2.428883e-12
2.862935e-12
3.023475e-12
2.804128e-12
2.796688e-12
2.581333e-12
3.219506e-12
2.679397e-12
2.683105e-12
2.712862e-12
3.014867e-12
2.955068e-12
2.784701e-12
2.795970e-12
2.602314e-12
2.977153e-12
2.853579e-12
2.849610e-12
3.231627e-12
2.737675e-12
2.939170e-12
2.467655e-12
2.639253e-12
3.115965e-12
2.803830e-12
2.685360e-12
2.605998e-12
2.444079e-12
2.867375e-12
2.561991e-12
2.306497e-12
2.666240e-12
2.677267e-12
2.982301e-12
2.805453e-12
2.695185e-12
3.073024e-12
2.975785e-12
2.637093e-12
2.555578e-12
2.766104e-12
2.588926e-12
2.769972e-12
3.110706e-12
2.402143e-12
2.286273e-12
2.831399e-12
3.153001e-12
2.857159e-12
2.887898e-12
2.866761e-12
3.007187e-12
2.845928e-12
2.860214e-12
2.266283e-12
2.492749e-12
2.754095e-12
2.671686e-12
2.692596e-12
2.836296e-12
2.752350e-12
3.160375e-12
2.619809e-12
2.980006e-12
2.974826e-12
2.640293e-12
2.890269e-12
2.429516e-12
2.679569e-12
2.550243e-12
3.028087e-12
2.437282e-12
2.577955e-12
3.132174e-12
2.990890e-12
2.772667e-12
2.605568e-12
3.333581e-12
2.784310e-12
2.240659e-12
2.448235e-12
3.065512e-12
2.614781e-12
3.057805e-12
2.934900e-12
3.301929e-12
3.108249e-12
2.837522e-12
2.773124e-12
2.877630e-12
2.972589e-12
2.891827e-12
2.973820e-12
2.962707e-12
2.859612e-12
2.813282e-12
2.444522e-12
2.492709e-12
2.632708e-12
2.646245e-12
2.829207e-12
2.669152e-12
3.050578e-12
2.545631e-12
2.721254e-12
2.976037e-12
2.910198e-12
2.535776e-12
2.743055e-12
2.606103e-12
2.623386e-12
2.889405e-12
2.310228e-12
3.234026e-12
2.326040e-12
2.589460e-12
2.574421e-12
2.581948e-12
2.843394e-12
2.772283e-12
3.278262e-12
2.993557e-12
2.864469e-12
2.889985e-12
3.262787e-12
2.613104e-12
2.941776e-12
2.699974e-12
2.306148e-12
2.897505e-12
2.811428e-12
3.075360e-12
2.952786e-12
2.942737e-12
2.998271e-12
2.567669e-12
2.987245e-12
2.861952e-12
3.008667e-12
2.926230e-12
2.419975e-12
2.655985e-12
2.491263e-12
2.689826e-12
2.781975e-12
3.154511e-12
2.735480e-12
2.640943e-12
2.947367e-12
2.716406e-12
2.609773e-12
2.962378e-12
2.462796e-12
2.587759e-12
2.300810e-12
2.842273e-12
2.888832e-12
2.840407e-12
2.997841e-12
2.982730e-12
2.752329e-12
2.612209e-12
2.523541e-12
2.576008e-12
3.231935e-12
3.037030e-12
2.755756e-12
2.749679e-12
3.248903e-12
3.161035e-12
2.636278e-12
2.532055e-12
2.605464e-12
2.830253e-12
2.818187e-12
2.862814e-12
2.753729e-12
2.731038e-12
2.419584e-12
2.985260e-12
2.459700e-12
2.762942e-12
2.658403e-12
2.937885e-12
2.712469e-12
3.018238e-12
2.738587e-12
2.670253e-12
2.490224e-12
2.921755e-12
2.560859e-12
2.631057e-12
3.189566e-12
2.950978e-12
2.546885e-12
2.778731e-12
2.963520e-12
2.544188e-12
2.404324e-12
3.257826e-12
3.350759e-12
3.082551e-12
2.666300e-12
2.924446e-12
2.634823e-12
2.374141e-12
2.654032e-12
2.803681e-12
2.781547e-12
2.730643e-12
2.978757e-12
3.222996e-12
3.047919e-12
3.142210e-12
2.889018e-12
2.602330e-12
2.663938e-12
2.934324e-12
2.647744e-12
2.501923e-12
2.929074e-12
2.750828e-12
2.855605e-12
2.995749e-12
2.574598e-12
2.802158e-12
2.629973e-12
3.092778e-12
2.670775e-12
2.756490e-12
3.020943e-12
3.032097e-12
2.714789e-12
3.025395e-12
2.610274e-12
2.870290e-12
3.052477e-12
2.714027e-12
2.937536e-12
2.585577e-12
2.910424e-12
2.790627e-12
2.964874e-12
2.940633e-12
2.687277e-12
2.873668e-12
3.032948e-12
2.789565e-12
2.601787e-12
2.647653e-12
2.690355e-12
2.928276e-12
2.409967e-12
3.026198e-12
3.112435e-12
3.018558e-12
2.630076e-12
2.333412e-12
3.125038e-12
2.920849e-12
3.074121e-12
2.516643e-12
3.055762e-12
3.006404e-12
2.574996e-12
2.738215e-12
2.976781e-12
3.195243e-12
2.674657e-12
2.867605e-12
3.012346e-12
2.559872e-12
2.719878e-12
2.959712e-12
2.667051e-12
2.902383e-12
2.955966e-12
2.653667e-12
2.762839e-12
2.901757e-12
2.902638e-12
2.798981e-12
3.066559e-12
2.840705e-12
2.952613e-12
3.011058e-12
2.663465e-12
3.027619e-12
3.067449e-12
2.771896e-12
2.947248e-12
2.682821e-12
2.689915e-12
3.121337e-12
2.333490e-12
2.286263e-12
2.785600e-12
2.728348e-12
2.524547e-12
2.802224e-12
3.058663e-12
2.803492e-12
2.821086e-12
2.810027e-12
2.808373e-12
3.028501e-12
2.592601e-12
2.803972e-12
2.621169e-12
2.450091e-12
2.900833e-12
3.087759e-12
2.788005e-12
2.577240e-12
2.539426e-12
2.493572e-12
2.943150e-12
2.424647e-12
2.779212e-12
2.603920e-12
2.587535e-12
2.842488e-12
2.987471e-12
2.829417e-12
2.645702e-12
2.928089e-12
3.204828e-12
2.791678e-12
2.824651e-12
2.822162e-12
2.789118e-12
2.858410e-12
3.108288e-12
2.725359e-12
2.643723e-12
2.577726e-12
2.792689e-12
3.034396e-12
2.563691e-12
2.492331e-12
2.695373e-12
2.944364e-12
2.660361e-12
3.036898e-12
2.935278e-12
2.245533e-12
2.533332e-12
2.790810e-12
2.788270e-12
3.134015e-12
2.339333e-12
2.949164e-12
2.665761e-12
3.264596e-12
2.595547e-12
2.914798e-12
2.949999e-12
2.877430e-12
2.364197e-12
2.779415e-12
2.771998e-12
2.971331e-12
2.789231e-12
2.793357e-12
2.951616e-12
2.332249e-12
2.796948e-12
2.677481e-12
2.790770e-12
2.769236e-12
2.713484e-12
2.892073e-12
2.669488e-12
2.799407e-12
2.703211e-12
2.456637e-12
2.924169e-12
2.640263e-12
2.589847e-12
2.942857e-12
2.162406e-12
2.823047e-12
2.656814e-12
3.179105e-12
2.896865e-12
3.117936e-12
2.417369e-12
2.350885e-12
2.981957e-12
2.488344e-12
2.654624e-12
3.157196e-12
2.302335e-12
3.350814e-12
2.575604e-12
2.340797e-12
2.736128e-12
2.667841e-12
2.897838e-12
2.442254e-12
3.099699e-12
2.670427e-12
3.453051e-12
3.215241e-12
2.453821e-12
2.986191e-12
3.062403e-12
2.968581e-12
2.708847e-12
2.775533e-12
2.845804e-12
2.908590e-12
2.670722e-12
2.845851e-12
3.442429e-12
2.498277e-12
2.409077e-12
3.108320e-12
2.653642e-12
2.938043e-12
2.788212e-12
2.505215e-12
2.904836e-12
3.146683e-12
2.690339e-12
2.684775e-12
3.088748e-12
3.006496e-12
2.664854e-12
2.476977e-12
2.449497e-12
2.652610e-12
2.619409e-12
2.716111e-12
2.861343e-12
2.617448e-12
2.806868e-12
2.776418e-12
2.917958e-12
3.199921e-12
2.937213e-12
2.597780e-12
3.017177e-12
2.957337e-12
2.937098e-12
2.612089e-12
3.079672e-12
2.444889e-12
3.112772e-12
3.039051e-12
2.912723e-12
2.634973e-12
2.514734e-12
2.380852e-12
3.122163e-12
2.907603e-12
2.620812e-12
2.733422e-12
2.629303e-12
3.012439e-12
2.999830e-12
2.654829e-12
2.441901e-12
2.261626e-12
2.607433e-12
2.948225e-12
2.837208e-12
2.815824e-12
2.951890e-12
3.010341e-12
2.900112e-12
2.907647e-12
2.952283e-12
2.658722e-12
2.610695e-12
2.474438e-12
2.705962e-12
2.478538e-12
2.863637e-12
2.999994e-12
2.514003e-12
2.721606e-12
2.523746e-12
2.299417e-12
3.071258e-12
3.051354e-12
3.063285e-12
2.518416e-12
2.784361e-12
2.665858e-12
3.004233e-12
2.515201e-12
2.923639e-12
2.878586e-12
2.763825e-12
2.753370e-12
3.126692e-12
2.838261e-12
2.862884e-12
3.201245e-12
2.795512e-12
3.006988e-12
2.559984e-12
2.715063e-12
2.409390e-12
2.725174e-12
2.817254e-12
2.745019e-12
2.732222e-12
3.132376e-12
2.860048e-12
3.135205e-12
2.662660e-12
2.840390e-12
2.832004e-12
2.725679e-12
2.850424e-12
2.993000e-12
2.672717e-12
2.797097e-12
3.134575e-12
3.061704e-12
2.658370e-12
2.748599e-12
2.703994e-12
2.565859e-12
2.660647e-12
2.435860e-12
2.714625e-12
2.786480e-12
3.021920e-12
3.237992e-12
2.791173e-12
2.717433e-12
2.550275e-12
2.631545e-12
3.067941e-12
3.051987e-12
2.707830e-12
2.601001e-12
3.006537e-12
2.958653e-12
2.913480e-12
2.742947e-12
2.813017e-12
2.958008e-12
2.863795e-12
3.187208e-12
2.823240e-12
2.596010e-12
2.477955e-12
2.549159e-12
2.716186e-12
2.550122e-12
3.088816e-12
2.747265e-12
2.644046e-12
2.692486e-12
2.771149e-12
2.668790e-12
2.627263e-12
2.563306e-12
2.682926e-12
2.718204e-12
2.934923e-12
2.556308e-12
2.911797e-12
2.717975e-12
2.483925e-12
2.850705e-12
2.772641e-12
2.675731e-12
2.872587e-12
2.549101e-12
3.024872e-12
2.935537e-12
2.154081e-12
2.659756e-12
2.546990e-12
2.928795e-12
2.558627e-12
2.834727e-12
2.754272e-12
2.863370e-12
3.013429e-12
2.861774e-12
2.351595e-12
3.162623e-12
2.624971e-12
2.913727e-12
2.710932e-12
2.828105e-12
2.609787e-12
2.885186e-12
2.947821e-12
2.870133e-12
2.792014e-12
2.566065e-12
2.747630e-12
2.732613e-12
2.667272e-12
2.676473e-12
3.042723e-12
2.618380e-12
2.675311e-12
2.755796e-12
2.721037e-12
3.125279e-12
2.967177e-12
2.466427e-12
2.435747e-12
2.403147e-12
2.945620e-12
2.769222e-12
2.652470e-12
2.807502e-12
2.498007e-12
2.543176e-12
2.830830e-12
2.804391e-12
2.642832e-12
3.126210e-12
2.760625e-12
2.517953e-12
2.553590e-12
2.291553e-12
2.486752e-12
2.769143e-12
2.126877e-12
2.969543e-12
2.591149e-12
2.834418e-12
2.840550e-12
3.052695e-12
3.187695e-12
2.639355e-12
2.985334e-12
2.466791e-12
2.934688e-12
2.860225e-12
2.742893e-12
2.777470e-12
2.622765e-12
2.745873e-12
2.715187e-12
2.421895e-12
2.518944e-12
2.854571e-12
2.833003e-12
2.929031e-12
2.780661e-12
3.011862e-12
3.142044e-12
2.605882e-12
2.803886e-12
2.566499e-12
2.639937e-12
2.479375e-12
2.872239e-12
3.212473e-12
3.282629e-12
2.973815e-12
3.026476e-12
2.678907e-12
2.541476e-12
2.786122e-12
2.774376e-12
2.468929e-12
2.583928e-12
2.825409e-12
2.994290e-12
1.972890e-12
2.821285e-12
3.034392e-12
2.625043e-12
2.561179e-12
3.167889e-12
2.734303e-12
2.938579e-12
2.876599e-12
2.300174e-12
2.474127e-12
2.557616e-12
2.710308e-12
2.905677e-12
2.688809e-12
2.594976e-12
2.669573e-12
2.514974e-12
2.811820e-12
2.841143e-12
2.868879e-12
2.969788e-12
2.864914e-12
3.222289e-12
2.508059e-12
3.057117e-12
3.076548e-12
3.193761e-12
2.441366e-12
2.856370e-12
2.818694e-12
2.632850e-12
2.623606e-12
2.895335e-12
3.027339e-12
2.923121e-12
2.523006e-12
2.714555e-12
3.044457e-12
2.757590e-12
2.949456e-12
2.879923e-12
2.605292e-12
2.755197e-12
2.873826e-12
3.153221e-12
2.898064e-12
2.975630e-12
2.853766e-12
3.272489e-12
2.663126e-12
2.935640e-12
3.035327e-12
2.515037e-12
2.995158e-12
2.876170e-12
2.497478e-12
3.235450e-12
2.709869e-12
2.832223e-12
3.075892e-12
2.814246e-12
2.560773e-12
2.731978e-12
2.749329e-12
2.524869e-12
2.922520e-12
2.910803e-12
2.611719e-12
2.931903e-12
2.809960e-12
2.805915e-12
2.960585e-12
2.433953e-12
2.489417e-12
2.451420e-12
2.813055e-12
2.765842e-12
2.666418e-12
2.753987e-12
2.942308e-12
2.950634e-12
2.809661e-12
2.504581e-12
2.817642e-12
2.605049e-12
3.028476e-12
2.589117e-12
2.832301e-12
3.083620e-12
2.610102e-12
2.789424e-12
2.766422e-12
2.627126e-12
3.004482e-12
2.933106e-12
2.766554e-12
3.007994e-12
2.927984e-12
2.874862e-12
2.420301e-12
2.899066e-12
3.089528e-12
2.570568e-12
2.716535e-12
2.646875e-12
2.731992e-12
2.636765e-12
3.235509e-12
2.965978e-12
2.634345e-12
2.879076e-12
2.476094e-12
2.911867e-12
2.951670e-12
2.891469e-12
2.597083e-12
2.747232e-12
2.902831e-12
2.382996e-12
2.673752e-12
3.082312e-12
3.108847e-12
2.850979e-12
2.778657e-12
2.820579e-12
3.076318e-12
3.002383e-12
2.600205e-12
3.251374e-12
3.200313e-12
2.980777e-12
2.283326e-12
2.679269e-12
2.710513e-12
2.795096e-12
2.594043e-12
2.774075e-12
2.880431e-12
3.115070e-12
2.846425e-12
2.736216e-12
2.892952e-12
2.590808e-12
2.949025e-12
3.135726e-12
3.188788e-12
2.945535e-12
2.032899e-12
2.615337e-12
2.804393e-12
3.039505e-12
2.834083e-12
2.971672e-12
3.151510e-12
2.797404e-12
2.674140e-12
2.757257e-12
3.085241e-12
2.622837e-12
2.418389e-12
2.824469e-12
2.707290e-12
2.921235e-12
3.037882e-12
2.696852e-12
2.800862e-12
2.768633e-12
2.811687e-12
2.487597e-12
3.220640e-12
3.241765e-12
2.421055e-12
2.886419e-12
2.667502e-12
3.042096e-12
2.861831e-12
3.297858e-12
2.360926e-12
2.602434e-12
2.846573e-12
2.529194e-12
2.922242e-12
2.906515e-12
2.830511e-12
3.058018e-12
2.694600e-12
2.980483e-12
2.990519e-12
2.550177e-12
2.832208e-12
2.750623e-12
2.361503e-12
2.459046e-12
3.064370e-12
2.765552e-12
2.875675e-12
2.582771e-12
2.722242e-12
2.518915e-12
2.679614e-12
2.972185e-12
3.211467e-12
2.781022e-12
2.823014e-12
2.738356e-12
2.268070e-12
2.488027e-12
2.679636e-12
2.710370e-12
2.664610e-12
3.006802e-12
2.736706e-12
3.025484e-12
2.982131e-12
2.707552e-12
3.117284e-12
2.858630e-12
2.702727e-12
2.918865e-12
2.414168e-12
2.798354e-12
2.653616e-12
2.964636e-12
3.079695e-12
2.702012e-12
2.511008e-12
2.656473e-12
2.958217e-12
2.929132e-12
2.670676e-12
3.049126e-12
2.845300e-12
2.454445e-12
2.821435e-12
2.581615e-12
2.667879e-12
2.406502e-12
2.651842e-12
2.800054e-12
2.596404e-12
2.611302e-12
2.497496e-12
3.100736e-12
2.699752e-12
2.730678e-12
2.919825e-12
2.750038e-12
3.160203e-12
2.426206e-12
2.539350e-12
2.754396e-12
2.767455e-12
2.713721e-12
2.893924e-12
2.629214e-12
2.747784e-12
2.432536e-12
2.436224e-12
2.977705e-12
2.823722e-12
2.519848e-12
2.767822e-12
2.666050e-12
2.888916e-12
2.624170e-12
2.672400e-12
2.712452e-12
2.368822e-12
3.053213e-12
2.558969e-12
3.019121e-12
2.500989e-12
2.818192e-12
2.760611e-12
2.250561e-12
2.966924e-12
2.677199e-12
2.672328e-12
2.513767e-12
2.873775e-12
3.145701e-12
2.704587e-12
2.994886e-12
2.948385e-12
2.971783e-12
2.456096e-12
2.473985e-12
2.869848e-12
3.105797e-12
2.959970e-12
2.921852e-12
2.629456e-12
2.734195e-12
2.773285e-12
2.514674e-12
2.830174e-12
2.522554e-12
3.224522e-12
3.000436e-12
2.644009e-12
2.545582e-12
2.733494e-12
2.791774e-12
2.771324e-12
2.910277e-12
2.978286e-12
2.718628e-12
2.933696e-12
2.692389e-12
2.996704e-12
2.744083e-12
2.743844e-12
2.772889e-12
2.684819e-12
2.876058e-12
2.690438e-12
2.360562e-12
2.715850e-12
2.815485e-12
2.671120e-12
2.579356e-12
2.576842e-12
2.821409e-12
2.670252e-12
2.895062e-12
2.988153e-12
2.306302e-12
2.656481e-12
2.596624e-12
2.878003e-12
3.071586e-12
2.998035e-12
2.413103e-12
2.381339e-12
3.212705e-12
3.093536e-12
2.639551e-12
2.616779e-12
2.679783e-12
2.742820e-12
2.799450e-12
2.597589e-12
2.729189e-12
2.437829e-12
2.556397e-12
2.799655e-12
3.040429e-12
3.218992e-12
2.605971e-12
3.211068e-12
2.810647e-12
2.991794e-12
2.616907e-12
2.377606e-12
2.555277e-12
2.787486e-12
2.653798e-12
2.672577e-12
2.981639e-12
3.145275e-12
2.879031e-12
2.851881e-12
2.787292e-12
2.733484e-12
3.041151e-12
3.049501e-12
2.940865e-12
2.453569e-12
2.628439e-12
2.794202e-12
2.855437e-12
2.831336e-12
2.620610e-12
2.758620e-12
2.192885e-12
2.572893e-12
2.621470e-12
2.707412e-12
2.880068e-12
2.477928e-12
2.644933e-12
3.047828e-12
2.702770e-12
2.631751e-12
2.735492e-12
3.003357e-12
2.782636e-12
2.676033e-12
2.405687e-12
2.719062e-12
2.891212e-12
2.786203e-12
2.847602e-12
3.222792e-12
3.192300e-12
3.326306e-12
3.050006e-12
2.812606e-12
3.046856e-12
3.082189e-12
2.419777e-12
2.952515e-12
2.717434e-12
2.769597e-12
2.688773e-12
2.515721e-12
2.533646e-12
3.007946e-12
2.475259e-12
2.792039e-12
2.508749e-12
2.647547e-12
2.869373e-12
2.738278e-12
2.507076e-12
2.560169e-12
2.951192e-12
2.948507e-12
2.688844e-12
2.397909e-12
2.659218e-12
3.009545e-12
2.838636e-12
2.565205e-12
2.470856e-12
2.733859e-12
2.595065e-12
2.535274e-12
2.396092e-12
3.015047e-12
3.204766e-12
2.530145e-12
2.809126e-12
2.279689e-12
2.805219e-12
2.870903e-12
2.835209e-12
2.846072e-12
2.914994e-12
2.776937e-12
2.750228e-12
2.910166e-12
2.929737e-12
2.782912e-12
2.710658e-12
2.750142e-12
3.234913e-12
2.361160e-12
2.814381e-12
2.880024e-12
3.063867e-12
2.831233e-12
3.023347e-12
2.891666e-12
2.775603e-12
2.923531e-12
2.670998e-12
2.718517e-12
3.233816e-12
2.762283e-12
2.964090e-12
3.079849e-12
3.080515e-12
2.604200e-12
2.873784e-12
2.872335e-12
2.954384e-12
2.767677e-12
2.916220e-12
2.540663e-12
2.520792e-12
2.636724e-12
2.724274e-12
2.868305e-12
2.793617e-12
2.863572e-12
3.020570e-12
3.113639e-12
2.730674e-12
2.705332e-12
2.551802e-12
2.626132e-12
2.771563e-12
3.152323e-12
2.540809e-12
2.607621e-12
3.246070e-12
2.845071e-12
2.726691e-12
2.800805e-12
2.897093e-12
2.521101e-12
2.387829e-12
2.705716e-12
2.727684e-12
2.934460e-12
2.737974e-12
2.888176e-12
2.730963e-12
2.286030e-12
2.776052e-12
2.369126e-12
2.299560e-12
2.771275e-12
2.905665e-12
2.903546e-12
2.543897e-12
2.584712e-12
3.126441e-12
2.931281e-12
2.883536e-12
3.020005e-12
2.230262e-12
2.673673e-12
2.994713e-12
2.668513e-12
3.065863e-12
2.927686e-12
2.703112e-12
2.943105e-12
2.948101e-12
2.849057e-12
3.145518e-12
2.692417e-12
2.956380e-12
2.803752e-12
2.219701e-12
3.034450e-12
2.737497e-12
2.921233e-12
2.935954e-12
2.874045e-12
2.859239e-12
2.567102e-12
2.811786e-12
2.731388e-12
2.862708e-12
2.805021e-12
2.554728e-12
2.857583e-12
2.502685e-12
2.752694e-12
2.825052e-12
2.797008e-12
2.814786e-12
2.757403e-12
2.908571e-12
3.415006e-12
2.842163e-12
2.392585e-12
2.807149e-12
3.145979e-12
2.754714e-12
3.087251e-12
3.171599e-12
2.675512e-12
2.741783e-12
2.598192e-12
2.815261e-12
2.432619e-12
2.641309e-12
2.840882e-12
2.715116e-12
3.017513e-12
2.690251e-12
2.559162e-12
3.028941e-12
3.009299e-12
2.410695e-12
2.774564e-12
2.816817e-12
2.624106e-12
2.659712e-12
2.759249e-12
3.058681e-12
2.896131e-12
2.543003e-12
2.648451e-12
2.692593e-12
3.073779e-12
2.828542e-12
2.671141e-12
2.967435e-12
3.213339e-12
2.683036e-12
2.734420e-12
2.834182e-12
2.492122e-12
2.621191e-12
2.550202e-12
2.748291e-12
2.729212e-12
2.817027e-12
2.997625e-12
2.797422e-12
2.567990e-12
2.961933e-12
2.795836e-12
2.649857e-12
2.681517e-12
2.830134e-12
2.923068e-12
2.791184e-12
2.816782e-12
2.610978e-12
2.837957e-12
2.978808e-12
2.649880e-12
2.765969e-12
2.515716e-12
2.490827e-12
2.651174e-12
2.521933e-12
2.518111e-12
2.747926e-12
2.593837e-12
2.750348e-12
2.530442e-12
2.646408e-12
3.006181e-12
3.169348e-12
2.526506e-12
2.895004e-12
2.325590e-12
3.114437e-12
2.952537e-12
2.735500e-12
2.912830e-12
3.167362e-12
2.788188e-12
2.666602e-12
2.803551e-12
3.033123e-12
3.141148e-12
2.477938e-12
2.861288e-12
2.937544e-12
2.679709e-12
2.808312e-12
2.878464e-12
2.801442e-12
3.342411e-12
2.712427e-12
2.860192e-12
2.593387e-12
2.644852e-12
3.215199e-12
3.301929e-12
3.183315e-12
2.678430e-12
2.720627e-12
2.608169e-12
2.723906e-12
2.437181e-12
3.100989e-12
2.814380e-12
2.718394e-12
2.576271e-12
2.731335e-12
2.969730e-12
3.141820e-12
2.540931e-12
2.616327e-12
2.681419e-12
3.128711e-12
2.340439e-12
2.865724e-12
2.863410e-12
2.649168e-12
2.643221e-12
2.806897e-12
2.469731e-12
2.728675e-12
2.827078e-12
2.868680e-12
2.695171e-12
2.877576e-12
2.507289e-12
2.568363e-12
3.079317e-12
3.129490e-12
2.524581e-12
2.535897e-12
2.862689e-12
2.857005e-12
2.581420e-12
2.822986e-12
2.855073e-12
3.108843e-12
2.436081e-12
2.759265e-12
2.444255e-12
2.873685e-12
2.411590e-12
2.804081e-12
3.003446e-12
2.843879e-12
3.042581e-12
2.524130e-12
2.684784e-12
2.742611e-12
2.684838e-12
2.777322e-12
2.783155e-12
3.000608e-12
2.479242e-12
2.812581e-12
2.874898e-12
2.762345e-12
2.605655e-12
2.895949e-12
2.737599e-12
2.814915e-12
3.183422e-12
2.915307e-12
2.915138e-12
2.294828e-12
2.507378e-12
2.805935e-12
2.999515e-12
2.785421e-12
2.461791e-12
2.447394e-12
2.601814e-12
2.550158e-12
2.636106e-12
2.579088e-12
2.932202e-12
2.629101e-12
2.790465e-12
3.226039e-12
2.874975e-12
2.731052e-12
3.216675e-12
2.264103e-12
2.725163e-12
2.417608e-12
2.956292e-12
2.730449e-12
2.978573e-12
2.694730e-12
2.491083e-12
3.124933e-12
2.624115e-12
2.821707e-12
2.618197e-12
2.993034e-12
3.035485e-12
2.675021e-12
2.819258e-12
2.811623e-12
2.850425e-12
2.663921e-12
2.335323e-12
2.983908e-12
2.581050e-12
2.848249e-12
2.602411e-12
2.563027e-12
2.700013e-12
3.118820e-12
2.644740e-12
2.465751e-12
2.701750e-12
2.591100e-12
2.768376e-12
3.156999e-12
3.369107e-12
2.608090e-12
2.742690e-12
2.961121e-12
2.560837e-12
2.076142e-12
2.722453e-12
2.616286e-12
2.875777e-12
3.086669e-12
2.833657e-12
2.707526e-12
3.017719e-12
2.868279e-12
2.856505e-12
2.619501e-12
2.726465e-12
3.360535e-12
2.387238e-12
2.964431e-12
3.021607e-12
3.186126e-12
3.130573e-12
2.349681e-12
2.944891e-12
2.735187e-12
3.003214e-12
2.520021e-12
2.614430e-12
2.568800e-12
2.526976e-12
2.766965e-12
2.692808e-12
3.104537e-12
2.591153e-12
2.723257e-12
3.070158e-12
3.164742e-12
2.736876e-12
2.800301e-12
2.627006e-12
2.797718e-12
2.776393e-12
2.664441e-12
2.568796e-12
3.030980e-12
2.394572e-12
3.002781e-12
2.927223e-12
2.769379e-12
2.799470e-12
3.265220e-12
2.578164e-12
2.772196e-12
2.665241e-12
2.903643e-12
3.116338e-12
2.787692e-12
2.504555e-12
2.553502e-12
2.708208e-12
2.885285e-12
2.684537e-12
2.886072e-12
2.842535e-12
2.639719e-12
2.895229e-12
2.582838e-12
2.537601e-12
2.743969e-12
2.900742e-12
2.904758e-12
2.781063e-12
3.046255e-12
2.478471e-12
3.103434e-12
2.493199e-12
2.823129e-12
2.815553e-12
2.867478e-12
2.995764e-12
2.829944e-12
3.192705e-12
2.920870e-12
2.949652e-12
2.775932e-12
2.665666e-12
2.736476e-12
2.719276e-12
2.505266e-12
2.950206e-12
2.692553e-12
2.906588e-12
2.611250e-12
2.483665e-12
2.738937e-12
2.601697e-12
2.292745e-12
2.829820e-12
2.431587e-12
2.995295e-12
2.948510e-12
2.804391e-12
2.649477e-12
2.533473e-12
3.037937e-12
2.878635e-12
3.191445e-12
2.980954e-12
2.647910e-12
3.071178e-12
2.564743e-12
2.504367e-12
2.675331e-12
2.711865e-12
3.075839e-12
2.962064e-12
2.923885e-12
2.920617e-12
2.626140e-12
2.513581e-12
2.445193e-12
2.779167e-12
3.254814e-12
2.832735e-12
2.871873e-12
2.424420e-12
2.710264e-12
3.008929e-12
2.533209e-12
2.740614e-12
2.390713e-12
2.679062e-12
2.706635e-12
2.900701e-12
3.127848e-12
2.996545e-12
2.317919e-12
3.008680e-12
2.514641e-12
2.637675e-12
3.187314e-12
2.807593e-12
2.663674e-12
2.980012e-12
2.902091e-12
3.000298e-12
2.729211e-12
2.572562e-12
2.564597e-12
2.788386e-12
2.891002e-12
2.807584e-12
2.925917e-12
2.668706e-12
2.471417e-12
2.766539e-12
2.697015e-12
2.897370e-12
2.784217e-12
3.147534e-12
2.786252e-12
2.464132e-12
3.144040e-12
3.012611e-12
2.917080e-12
2.720945e-12
2.356206e-12
2.747633e-12
2.482963e-12
2.663563e-12
2.858141e-12
2.794345e-12
2.741987e-12
2.897337e-12
2.983124e-12
2.909643e-12
2.831520e-12
3.032750e-12
2.759854e-12
2.886367e-12
2.537750e-12
2.936852e-12
2.718007e-12
2.588458e-12
2.945637e-12
2.783221e-12
2.593910e-12
2.480928e-12
2.494383e-12
2.351292e-12
2.643809e-12
3.025434e-12
2.828286e-12
2.381626e-12
2.783775e-12
2.553985e-12
2.844900e-12
2.714378e-12
2.654484e-12
2.621286e-12
2.705152e-12
2.867932e-12
3.098180e-12
2.814860e-12
3.172471e-12
2.510827e-12
2.749603e-12
2.810946e-12
2.877964e-12
2.697890e-12
2.655397e-12
2.784056e-12
2.802647e-12
2.379781e-12
2.878238e-12
2.836729e-12
3.039110e-12
2.641124e-12
2.662997e-12
2.704368e-12
2.644226e-12
2.328323e-12
2.998665e-12
2.785730e-12
2.734338e-12
2.713333e-12
2.961894e-12
2.474268e-12
2.922439e-12
2.918118e-12
2.726465e-12
3.078813e-12
2.651712e-12
2.818953e-12
2.838345e-12
2.983352e-12
2.716984e-12
2.534550e-12
2.814007e-12
2.260973e-12
2.812527e-12
2.815692e-12
2.514559e-12
2.577136e-12
3.279357e-12
2.589198e-12
2.800000e-12
2.838438e-12
2.667248e-12
2.969176e-12
2.574364e-12
2.544618e-12
2.784549e-12
2.846799e-12
2.535516e-12
2.613498e-12
2.974948e-12
2.495936e-12
2.758197e-12
2.643300e-12
2.689865e-12
2.908628e-12
2.950645e-12
2.594389e-12
2.929875e-12
3.040727e-12
3.009318e-12
2.622547e-12
2.489789e-12
2.845580e-12
2.935027e-12
2.756273e-12
2.490601e-12
2.663813e-12
3.040862e-12
2.884055e-12
2.948603e-12
2.718799e-12
2.519625e-12
2.968509e-12
3.068666e-12
2.990206e-12
2.721824e-12
2.552280e-12
2.918066e-12
2.384976e-12
2.536774e-12
2.872526e-12
2.653483e-12
2.936478e-12
3.074748e-12
2.714285e-12
2.657444e-12
2.901768e-12
2.545086e-12
2.698646e-12
2.782638e-12
2.551414e-12
3.241579e-12
2.723501e-12
3.045687e-12
2.796509e-12
2.696465e-12
3.011986e-12
2.822277e-12
3.196805e-12
2.378414e-12
2.743000e-12
2.934273e-12
3.063046e-12
2.486331e-12
2.834620e-12
2.903945e-12
2.876990e-12
2.982925e-12
2.891175e-12
2.728762e-12
2.752296e-12
2.640026e-12
2.474622e-12
2.611272e-12
2.526673e-12
2.567331e-12
2.757623e-12
2.683085e-12
2.709109e-12
2.691046e-12
3.042760e-12
2.757268e-12
2.873976e-12
2.727988e-12
2.993624e-12
2.603407e-12
2.673478e-12
2.708309e-12
2.853950e-12
2.676336e-12
2.854162e-12
2.827072e-12
2.562419e-12
2.491096e-12
2.910147e-12
2.816143e-12
2.878938e-12
2.905287e-12
2.869785e-12
2.887795e-12
2.432692e-12
2.976844e-12
2.799655e-12
2.778446e-12
2.555023e-12
3.020394e-12
2.719228e-12
2.584594e-12
2.956528e-12
2.694138e-12
2.581233e-12
2.776176e-12
3.175498e-12
2.706924e-12
2.694649e-12
2.337087e-12
2.564479e-12
3.251834e-12
3.112319e-12
2.637714e-12
2.760244e-12
2.771428e-12
2.445371e-12
2.275989e-12
3.105969e-12
2.470053e-12
2.597907e-12
2.711818e-12
2.690656e-12
3.034516e-12
2.930848e-12
2.982275e-12
2.678279e-12
3.384973e-12
2.686024e-12
2.937274e-12
2.377360e-12
2.992637e-12
2.949622e-12
2.783981e-12
2.504785e-12
2.611441e-12
3.262699e-12
2.544879e-12
2.890387e-12
2.736203e-12
2.916266e-12
3.143485e-12
2.968358e-12
3.002961e-12
2.449262e-12
2.551716e-12
3.031347e-12
3.173156e-12
2.589261e-12
2.498867e-12
3.159091e-12
2.840330e-12
2.756987e-12
2.306170e-12
2.840004e-12
2.814349e-12
2.700569e-12
2.705700e-12
3.062950e-12
2.390265e-12
2.649442e-12
2.734848e-12
2.914821e-12
2.627533e-12
2.862917e-12
2.911507e-12
2.820231e-12
2.824659e-12
3.243573e-12
2.691597e-12
2.503315e-12
2.765884e-12
2.950437e-12
3.124817e-12
2.790100e-12
2.984183e-12
2.884552e-12
2.846818e-12
2.326781e-12
2.765605e-12
2.647833e-12
2.541204e-12
2.893610e-12
2.818555e-12
2.973720e-12
2.695557e-12
2.430419e-12
2.897311e-12
2.852344e-12
2.741320e-12
2.708734e-12
3.055996e-12
2.897305e-12
2.644541e-12
2.884132e-12
2.578784e-12
2.625537e-12
2.623008e-12
2.400046e-12
2.602941e-12
2.956496e-12
2.453040e-12
2.813136e-12
2.712156e-12
2.680200e-12
2.635031e-12
2.626836e-12
2.528315e-12
2.720717e-12
2.858171e-12
2.512607e-12
2.241800e-12
2.437644e-12
2.984523e-12
2.956709e-12
2.879038e-12
2.617763e-12
3.036401e-12
3.048605e-12
2.693760e-12
2.972249e-12
2.871915e-12
2.928496e-12
2.885572e-12
3.123632e-12
3.075173e-12
2.851207e-12
2.894450e-12
2.870816e-12
2.600338e-12
2.867001e-12
2.937021e-12
2.696342e-12
2.253841e-12
2.502290e-12
2.922590e-12
2.850085e-12
2.474152e-12
2.807294e-12
2.658723e-12
2.638355e-12
2.721475e-12
2.799040e-12
2.620388e-12
3.082147e-12
3.054743e-12
2.435757e-12
2.868491e-12
2.841423e-12
2.608799e-12
3.030358e-12
3.067295e-12
2.393344e-12
2.436460e-12
2.779579e-12
2.862760e-12
2.436538e-12
3.090745e-12
2.557870e-12
2.828308e-12
3.109739e-12
2.839490e-12
3.130357e-12
3.062870e-12
2.905880e-12
2.472584e-12
2.311100e-12
2.749063e-12
2.792082e-12
2.542362e-12
2.761225e-12
2.696905e-12
2.765159e-12
2.687696e-12
2.901198e-12
2.816401e-12
2.526267e-12
2.650867e-12
3.054196e-12
2.461077e-12
2.936560e-12
2.625955e-12
2.874413e-12
2.322706e-12
3.026812e-12
3.051734e-12
2.816177e-12
2.688689e-12
2.820445e-12
3.043478e-12
2.850284e-12
3.247830e-12
2.823879e-12
2.801456e-12
3.020114e-12
3.049582e-12
2.966331e-12
2.596118e-12
2.584002e-12
2.606124e-12
2.581401e-12
2.876819e-12
2.753076e-12
2.823565e-12
2.858815e-12
2.861777e-12
2.718702e-12
2.816729e-12
2.607085e-12
3.029719e-12
2.985852e-12
2.776627e-12
2.816231e-12
2.757355e-12
2.843129e-12
2.590075e-12
2.680853e-12
3.050306e-12
2.408882e-12
2.713579e-12
3.398378e-12
2.718538e-12
2.498169e-12
2.445457e-12
2.504206e-12
2.464719e-12
2.758508e-12
2.890501e-12
2.512094e-12
3.030177e-12
2.678791e-12
2.566255e-12
2.907354e-12
2.444625e-12
2.588055e-12
2.773107e-12
2.746386e-12
2.880648e-12
2.684949e-12
2.807111e-12
2.393947e-12
2.499693e-12
2.928474e-12
3.221077e-12
2.486684e-12
2.644942e-12
3.082710e-12
3.049140e-12
2.264897e-12
3.143798e-12
2.961199e-12
2.746152e-12
2.437338e-12
2.650017e-12
2.642172e-12
2.703236e-12
2.764044e-12
2.887836e-12
2.885531e-12
3.370106e-12
2.651419e-12
2.646931e-12
2.695210e-12
2.807768e-12
2.763939e-12
3.194395e-12
2.428128e-12
2.926487e-12
2.752063e-12
3.093103e-12
2.866856e-12
2.402523e-12
2.966881e-12
3.172882e-12
2.965885e-12
2.851146e-12
2.662886e-12
2.746303e-12
2.657784e-12
2.938153e-12
2.416792e-12
2.553670e-12
2.681312e-12
2.666805e-12
2.395679e-12
2.965594e-12
2.666434e-12
2.984830e-12
2.867726e-12
2.695985e-12
2.721095e-12
2.838951e-12
3.026068e-12
2.580460e-12
2.650306e-12
3.018646e-12
2.445149e-12
2.102190e-12
2.223667e-12
2.826169e-12
2.601077e-12
2.829629e-12
2.881576e-12
2.548511e-12
2.792520e-12
2.687053e-12
3.343779e-12
2.932015e-12
2.869183e-12
2.343169e-12
2.948231e-12
2.861377e-12
2.776682e-12
2.730080e-12
2.520175e-12
2.938219e-12
2.681768e-12
2.511960e-12
2.309737e-12
2.917874e-12
2.450155e-12
2.567519e-12
2.980827e-12
2.719432e-12
3.405766e-12
2.616921e-12
3.150394e-12
2.963640e-12
2.806786e-12
2.738035e-12
2.703120e-12
2.861247e-12
2.873777e-12
2.576401e-12
3.200013e-12
3.149254e-12
2.842714e-12
2.597925e-12
2.582300e-12
3.121929e-12
2.915302e-12
2.751010e-12
2.664682e-12
2.551646e-12
3.033070e-12
2.567600e-12
2.948489e-12
2.566742e-12
2.377601e-12
2.558436e-12
2.634276e-12
2.704942e-12
2.653196e-12
2.928985e-12
2.833826e-12
2.793624e-12
2.791014e-12
2.450912e-12
2.698448e-12
3.009050e-12
2.486048e-12
2.846929e-12
2.848840e-12
2.815048e-12
2.952115e-12
2.826895e-12
3.368222e-12
2.697870e-12
3.134391e-12
3.021833e-12
2.870071e-12
2.620063e-12
2.736228e-12
2.848354e-12
2.879801e-12
2.458760e-12
2.869614e-12
2.766815e-12
2.537541e-12
2.428877e-12
2.630418e-12
2.870868e-12
2.650810e-12
3.047589e-12
3.114343e-12
2.915686e-12
2.947301e-12
3.108175e-12
2.718315e-12
2.802510e-12
2.483207e-12
2.713541e-12
3.203813e-12
2.514936e-12
3.301166e-12
2.839872e-12
3.094005e-12
2.443552e-12
2.205691e-12
2.445207e-12
2.918112e-12
3.042546e-12
2.987280e-12
2.673363e-12
3.019575e-12
2.828608e-12
2.221486e-12
2.484095e-12
2.323292e-12
2.920484e-12
2.460048e-12
2.480060e-12
2.853560e-12
2.749292e-12
2.653912e-12
2.493063e-12
2.787138e-12
2.710642e-12
2.830037e-12
2.571961e-12
2.835138e-12
2.873360e-12
2.592818e-12
2.677923e-12
2.076553e-12
2.676664e-12
2.966300e-12
2.780888e-12
2.265161e-12
2.718933e-12
2.601252e-12
2.830847e-12
2.693154e-12
2.920962e-12
2.680438e-12
2.448012e-12
3.249388e-12
2.932662e-12
2.344968e-12
2.874675e-12
2.732864e-12
2.866769e-12
2.292382e-12
2.716088e-12
3.003437e-12
2.906012e-12
2.872927e-12
2.879336e-12
2.328307e-12
2.711930e-12
2.633004e-12
2.913165e-12
2.658267e-12
3.173463e-12
2.795025e-12
2.902232e-12
2.763377e-12
2.491699e-12
2.655331e-12
2.909009e-12
2.771771e-12
2.705342e-12
2.767891e-12
3.006805e-12
2.797002e-12
2.600713e-12
2.535002e-12
2.448164e-12
2.561233e-12
2.687034e-12
2.740513e-12
2.727376e-12
2.718411e-12
3.110818e-12
2.918117e-12
2.935996e-12
2.752749e-12
2.650609e-12
2.789235e-12
2.907436e-12
2.496634e-12
2.654665e-12
2.573583e-12
3.127028e-12
2.879893e-12
2.878608e-12
2.842256e-12
2.756499e-12
2.753130e-12
3.364664e-12
3.053862e-12
2.806030e-12
2.724964e-12
2.813915e-12
2.375987e-12
2.901014e-12
2.754495e-12
2.943188e-12
2.421014e-12
2.902764e-12
2.662297e-12
2.603665e-12
3.123614e-12
2.867240e-12
3.183913e-12
2.735229e-12
2.937070e-12
2.628677e-12
2.784780e-12
2.461499e-12
3.038263e-12
2.933707e-12
2.999526e-12
2.761477e-12
2.849047e-12
2.684761e-12
2.671200e-12
2.916414e-12
2.508669e-12
2.560082e-12
2.994085e-12
2.763609e-12
2.960156e-12
3.153742e-12
3.044175e-12
2.616562e-12
2.823599e-12
2.854866e-12
2.698865e-12
2.932757e-12
2.528235e-12
3.089611e-12
2.504257e-12
2.592262e-12
2.809262e-12
2.851363e-12
3.008635e-12
2.743098e-12
2.810419e-12
2.820050e-12
3.100795e-12
2.652023e-12
2.394788e-12
2.798079e-12
2.778087e-12
3.028071e-12
2.519952e-12
2.955068e-12
3.083841e-12
2.818614e-12
2.833470e-12
2.694943e-12
2.928043e-12
2.786449e-12
2.905035e-12
2.591551e-12
2.908478e-12
2.614430e-12
2.648333e-12
2.996980e-12
2.518404e-12
2.952866e-12
2.840736e-12
3.036302e-12
2.834431e-12
2.856814e-12
2.506430e-12
2.945713e-12
2.683173e-12
2.431986e-12
2.478810e-12
2.965165e-12
2.747509e-12
2.783077e-12
2.869145e-12
2.761785e-12
2.412635e-12
2.542154e-12
2.662422e-12
2.580821e-12
2.666052e-12
2.638914e-12
2.561444e-12
2.641719e-12
2.857143e-12
3.102683e-12
2.904965e-12
2.891499e-12
3.016969e-12
2.943137e-12
2.699281e-12
2.400010e-12
2.801186e-12
2.693772e-12
2.891863e-12
2.644561e-12
2.795672e-12
2.740614e-12
2.800131e-12
2.520183e-12
2.590148e-12
2.867022e-12
2.859505e-12
2.750298e-12
2.860004e-12
2.820021e-12
2.425786e-12
2.962319e-12
2.515760e-12
2.851488e-12
3.372638e-12
2.675073e-12
2.720869e-12
2.863850e-12
3.057130e-12
2.933185e-12
2.419065e-12
2.735653e-12
2.927064e-12
2.803418e-12
2.540195e-12
2.966244e-12
2.578155e-12
2.568667e-12
2.576183e-12
2.765265e-12
2.472386e-12
2.790073e-12
2.486588e-12
2.770644e-12
2.730115e-12
2.655581e-12
2.824057e-12
2.527371e-12
2.974891e-12
2.725460e-12
3.256070e-12
3.100268e-12
2.543363e-12
2.917657e-12
2.511920e-12
3.091026e-12
3.030899e-12
2.717690e-12
3.033205e-12
2.672998e-12
2.857234e-12
2.862224e-12
2.802653e-12
2.828313e-12
2.663909e-12
2.833327e-12
2.433378e-12
2.861909e-12
2.447471e-12
3.203230e-12
2.815752e-12
2.844738e-12
2.576644e-12
2.901249e-12
3.086167e-12
2.951672e-12
2.760244e-12
2.715836e-12
2.180146e-12
2.822623e-12
2.694935e-12
2.689202e-12
2.637256e-12
2.491734e-12
2.947486e-12
3.041104e-12
2.530701e-12
2.589484e-12
2.656154e-12
2.549143e-12
3.046867e-12
2.806912e-12
2.747208e-12
2.991975e-12
2.797010e-12
2.474808e-12
2.521987e-12
2.827414e-12
2.432651e-12
2.774608e-12
2.634177e-12
3.112340e-12
2.691511e-12
2.631623e-12
2.692843e-12
2.852391e-12
2.676266e-12
2.949453e-12
2.817886e-12
3.055262e-12
2.800265e-12
2.746063e-12
2.495414e-12
2.729542e-12
2.686820e-12
2.871068e-12
2.518192e-12
3.100172e-12
2.817908e-12
2.474477e-12
3.123146e-12
2.808994e-12
2.678148e-12
2.450666e-12
2.965421e-12
2.913530e-12
2.798358e-12
2.966805e-12
2.788604e-12
2.656869e-12
2.959035e-12
2.651607e-12
2.992376e-12
2.717991e-12
2.817156e-12
2.847231e-12
2.660207e-12
2.552173e-12
2.713599e-12
2.655587e-12
2.675903e-12
2.981862e-12
2.903360e-12
2.560485e-12
2.768819e-12
2.784193e-12
2.908775e-12
2.824600e-12
2.435037e-12
2.786703e-12
2.401283e-12
2.475175e-12
2.914336e-12
2.570696e-12
2.739692e-12
2.900045e-12
2.460460e-12
2.789703e-12
2.710752e-12
2.736415e-12
2.637819e-12
3.003188e-12
3.011257e-12
3.199936e-12
2.611927e-12
2.725159e-12
2.577142e-12
2.666288e-12
2.676610e-12
2.629280e-12
2.862511e-12
2.929640e-12
2.175224e-12
2.831339e-12
2.653535e-12
2.735694e-12
2.723480e-12
2.788111e-12
2.840017e-12
3.138902e-12
2.957883e-12
2.843552e-12
2.914160e-12
2.832891e-12
2.364785e-12
2.877434e-12
2.546946e-12
2.733843e-12
2.926930e-12
2.888775e-12
2.935271e-12
3.246013e-12
2.940530e-12
2.772016e-12
3.031957e-12
2.735841e-12
2.530936e-12
2.762206e-12
2.793789e-12
2.812901e-12
2.595239e-12
2.987556e-12
2.895590e-12
2.324826e-12
2.831158e-12
2.663588e-12
2.653766e-12
2.943707e-12
2.759026e-12
2.666006e-12
3.264174e-12
2.683780e-12
2.453218e-12
2.606655e-12
2.892778e-12
3.116145e-12
2.939206e-12
2.862599e-12
2.990078e-12
2.842544e-12
2.606476e-12
3.195179e-12
2.545418e-12
2.462811e-12
2.739759e-12
2.567703e-12
2.867343e-12
2.900590e-12
2.863798e-12
2.786188e-12
3.017386e-12
2.649526e-12
2.798872e-12
2.534100e-12
2.699934e-12
2.807791e-12
2.820288e-12
2.792314e-12
2.833359e-12
2.811602e-12
3.006719e-12
2.984184e-12
2.505454e-12
2.263814e-12
3.290457e-12
2.694503e-12
3.006377e-12
2.671080e-12
2.496612e-12
2.472329e-12
2.558046e-12
2.961113e-12
2.978473e-12
2.289978e-12
2.551257e-12
2.932530e-12
2.786668e-12
2.643764e-12
2.804564e-12
2.487588e-12
2.811981e-12
2.865840e-12
3.025126e-12
2.777822e-12
2.632156e-12
2.596288e-12
2.911240e-12
2.617484e-12
2.628264e-12
2.846510e-12
3.022840e-12
2.885668e-12
2.458436e-12
3.002016e-12
2.985131e-12
2.780592e-12
2.904007e-12
2.947726e-12
2.754603e-12
3.140550e-12
2.615690e-12
2.286302e-12
2.705450e-12
2.615477e-12
2.502310e-12
2.713907e-12
3.104989e-12
2.641792e-12
2.883915e-12
2.929888e-12
2.832512e-12
2.774738e-12
2.628613e-12
2.623361e-12
2.574081e-12
2.829205e-12
2.666380e-12
2.857381e-12
2.916810e-12
2.711441e-12
2.649556e-12
2.557925e-12
2.517179e-12
2.800455e-12
3.029231e-12
2.861735e-12
3.091860e-12
2.833619e-12
2.779146e-12
2.630994e-12
2.761951e-12
2.987361e-12
2.654202e-12
2.868752e-12
2.481240e-12
2.806062e-12
2.771690e-12
2.723452e-12
2.664994e-12
2.957933e-12
2.971468e-12
2.978587e-12
2.868810e-12
2.654300e-12
2.338796e-12
2.674453e-12
2.873522e-12
3.067374e-12
2.434525e-12
2.379229e-12
2.519666e-12
2.990545e-12
2.840900e-12
3.158205e-12
2.591391e-12
3.004334e-12
2.866306e-12
2.814213e-12
2.694738e-12
2.802804e-12
2.465218e-12
2.959420e-12
2.635946e-12
2.737985e-12
2.576151e-12
2.384586e-12
2.548921e-12
3.030001e-12
2.943197e-12
2.565963e-12
2.677729e-12
2.641308e-12
2.960229e-12
2.408535e-12
3.103498e-12
2.432799e-12
2.966906e-12
2.540366e-12
2.621620e-12
2.691500e-12
2.616481e-12
2.905835e-12
2.951423e-12
2.447581e-12
2.379743e-12
2.659261e-12
2.888215e-12
2.505004e-12
2.939426e-12
2.580183e-12
2.866837e-12
2.935547e-12
2.814154e-12
2.810380e-12
2.812607e-12
3.059625e-12
2.688326e-12
2.805150e-12
2.874411e-12
2.349701e-12
2.755169e-12
2.859394e-12
2.517626e-12
2.735832e-12
3.171310e-12
2.353061e-12
2.787211e-12
3.019491e-12
3.082953e-12
2.819544e-12
3.108209e-12
2.633477e-12
3.034103e-12
2.935266e-12
2.408568e-12
2.924171e-12
2.915515e-12
2.490454e-12
2.496413e-12
3.253961e-12
3.071491e-12
2.527223e-12
3.132665e-12
2.641413e-12
2.661094e-12
2.541561e-12
2.861921e-12
2.780511e-12
2.750480e-12
2.805919e-12
2.802385e-12
3.009024e-12
2.611707e-12
2.870805e-12
2.788637e-12
2.774890e-12
2.717236e-12
2.528645e-12
2.720293e-12
3.217093e-12
3.093432e-12
2.575032e-12
2.617081e-12
2.832367e-12
3.246353e-12
2.222336e-12
3.070117e-12
2.720521e-12
3.011130e-12
2.662918e-12
2.772038e-12
2.949886e-12
2.524629e-12
2.441319e-12
2.710041e-12
2.467542e-12
2.464006e-12
3.346207e-12
2.621184e-12
2.946654e-12
2.675827e-12
3.020230e-12
2.864497e-12
3.031220e-12
2.918734e-12
2.798753e-12
2.560516e-12
2.808302e-12
2.798905e-12
2.331613e-12
2.271441e-12
2.778380e-12
2.884804e-12
2.610166e-12
3.057061e-12
2.973222e-12
2.765771e-12
2.581500e-12
3.086339e-12
2.724815e-12
2.607673e-12
2.428185e-12
3.219758e-12
2.857605e-12
2.940182e-12
2.528561e-12
2.626846e-12
2.925972e-12
2.972083e-12
3.060657e-12
2.943108e-12
2.774554e-12
3.011971e-12
2.773901e-12
2.611503e-12
2.680048e-12
2.634125e-12
2.929473e-12
2.732319e-12
2.676880e-12
2.708838e-12
2.736772e-12
2.734794e-12
3.571191e-12
3.131591e-12
2.570782e-12
2.568586e-12
2.534725e-12
2.643214e-12
2.863040e-12
2.645041e-12
2.461141e-12
2.821146e-12
2.684959e-12
2.722504e-12
2.788046e-12
2.308658e-12
2.656349e-12
2.849402e-12
3.183770e-12
3.015511e-12
3.178116e-12
2.772054e-12
2.696407e-12
2.977239e-12
2.641927e-12
2.765880e-12
3.255225e-12
2.656065e-12
2.659137e-12
2.572899e-12
2.749840e-12
2.626781e-12
2.870869e-12
3.145726e-12
2.934063e-12
2.693637e-12
2.894331e-12
2.730541e-12
2.975779e-12
2.997881e-12
2.737369e-12
3.035215e-12
2.650962e-12
2.361898e-12
2.904393e-12
2.788607e-12
2.842025e-12
3.017920e-12
3.019715e-12
2.736597e-12
3.104337e-12
3.129543e-12
2.471927e-12
2.814463e-12
2.677251e-12
3.379851e-12
2.082315e-12
2.570542e-12
2.666425e-12
2.632399e-12
2.803733e-12
2.646110e-12
3.030139e-12
2.753993e-12
2.818867e-12
2.982142e-12
2.465857e-12
2.983828e-12
2.737712e-12
2.638856e-12
3.209528e-12
2.571338e-12
2.718267e-12
3.027037e-12
2.472099e-12
3.302929e-12
2.865145e-12
2.804025e-12
3.210122e-12
2.875870e-12
3.070654e-12
2.971736e-12
2.483341e-12
2.404356e-12
2.380063e-12
2.676433e-12
2.366862e-12
2.610658e-12
2.462790e-12
2.778262e-12
2.446240e-12
2.483565e-12
3.159130e-12
2.777926e-12
2.938960e-12
2.781112e-12
2.696278e-12
3.034774e-12
2.820079e-12
2.424294e-12
2.303887e-12
2.971338e-12
2.476581e-12
2.670147e-12
2.507950e-12
2.951758e-12
2.571597e-12
2.571143e-12
2.692206e-12
2.845759e-12
2.667490e-12
2.883218e-12
2.520463e-12
2.432226e-12
2.990613e-12
2.695940e-12
2.789581e-12
3.156662e-12
2.623167e-12
2.623186e-12
2.843748e-12
2.347184e-12
2.770693e-12
2.719288e-12
2.764006e-12
2.935996e-12
2.829693e-12
2.670597e-12
3.033504e-12
2.810938e-12
2.272814e-12
2.914308e-12
2.417490e-12
2.423003e-12
2.991670e-12
2.838694e-12
2.849254e-12
2.809632e-12
3.032561e-12
2.591075e-12
3.087915e-12
2.790217e-12
2.565721e-12
2.765896e-12
2.957995e-12
2.953172e-12
2.936502e-12
3.010855e-12
3.217889e-12
2.547927e-12
3.013265e-12
3.065104e-12
2.693227e-12
2.924257e-12
2.767040e-12
2.939055e-12
3.740872e-12
3.029260e-12
3.207050e-12
2.620322e-12
2.650119e-12
3.147979e-12
2.815532e-12
2.808416e-12
3.005512e-12
3.027348e-12
2.721931e-12
2.820267e-12
2.761724e-12
2.725655e-12
2.928984e-12
3.028365e-12
2.804886e-12
2.948488e-12
2.649067e-12
2.453434e-12
2.822899e-12
3.087602e-12
2.664140e-12
2.803312e-12
2.598401e-12
3.342295e-12
2.961263e-12
2.416274e-12
2.630227e-12
2.892526e-12
2.659010e-12
2.606785e-12
2.724741e-12
2.951650e-12
2.634069e-12
2.639316e-12
2.628336e-12
2.970847e-12
2.470442e-12
2.840731e-12
2.837300e-12
3.089312e-12
2.812588e-12
2.884808e-12
2.554619e-12
2.842217e-12
2.723824e-12
2.846812e-12
2.657153e-12
3.149971e-12
2.600315e-12
2.857183e-12
2.412446e-12
2.949133e-12
2.218929e-12
3.269212e-12
3.041635e-12
2.839499e-12
2.701460e-12
2.642755e-12
2.715938e-12
2.996555e-12
2.809244e-12
2.340457e-12
2.603260e-12
2.624478e-12
2.921507e-12
2.781947e-12
2.937480e-12
2.650287e-12
2.604340e-12
3.110892e-12
2.777973e-12
2.630161e-12
2.622142e-12
2.944320e-12
2.712714e-12
2.599058e-12
2.832726e-12
3.088787e-12
2.937091e-12
2.668530e-12
2.754091e-12
2.998048e-12
2.707250e-12
2.584588e-12
2.577407e-12
2.759163e-12
2.878983e-12
2.647358e-12
2.652921e-12
2.963188e-12
2.776801e-12
2.629996e-12
3.052348e-12
2.582656e-12
2.453130e-12
3.016404e-12
3.153350e-12
2.939824e-12
2.718757e-12
3.036293e-12
2.810475e-12
2.404385e-12
3.031672e-12
2.736532e-12
2.772047e-12
3.157394e-12
2.999274e-12
3.034750e-12
2.880959e-12
2.741853e-12
2.757141e-12
2.727244e-12
2.628457e-12
2.858013e-12
2.837717e-12
3.103428e-12
2.509056e-12
2.897210e-12
2.775026e-12
2.682262e-12
2.276512e-12
2.617598e-12
2.769325e-12
2.855995e-12
2.405836e-12
2.819371e-12
2.632244e-12
2.559083e-12
2.927047e-12
2.714822e-12
2.832812e-12
2.506040e-12
2.673117e-12
2.576284e-12
3.213317e-12
2.867743e-12
2.594197e-12
2.777878e-12
2.856437e-12
2.684783e-12
2.896597e-12
2.973592e-12
2.714435e-12
2.996914e-12
2.512482e-12
2.613677e-12
2.752938e-12
2.998845e-12
2.827058e-12
3.154355e-12
2.674494e-12
2.840703e-12
2.689552e-12
2.942719e-12
2.638126e-12
2.668257e-12
3.203854e-12
2.610568e-12
2.872421e-12
2.674899e-12
2.834457e-12
2.570305e-12
2.580175e-12
2.923873e-12
2.606533e-12
2.985633e-12
2.499224e-12
2.757974e-12
2.914446e-12
3.133699e-12
2.559601e-12
2.688157e-12
3.149978e-12
2.380491e-12
2.740156e-12
2.539636e-12
2.677045e-12
2.721425e-12
2.948037e-12
2.858043e-12
2.608319e-12
2.754734e-12
2.896031e-12
2.927557e-12
2.630831e-12
2.764266e-12
2.746833e-12
3.107853e-12
2.398648e-12
2.909362e-12
2.919163e-12
2.376666e-12
2.721265e-12
3.046048e-12
2.991169e-12
2.969714e-12
2.745708e-12
2.889816e-12
2.421114e-12
3.024322e-12
2.849154e-12
2.765746e-12
2.912357e-12
2.866694e-12
2.808480e-12
2.591818e-12
2.709316e-12
2.466485e-12
2.940709e-12
2.900513e-12
2.718375e-12
2.557064e-12
3.045796e-12
3.161840e-12
2.291720e-12
2.854428e-12
2.457085e-12
2.788280e-12
2.494091e-12
2.762136e-12
2.722890e-12
2.732090e-12
2.255161e-12
2.610842e-12
3.137516e-12
3.013790e-12
2.704555e-12
2.631612e-12
3.199875e-12
2.880116e-12
2.927697e-12
2.830878e-12
2.855465e-12
2.982432e-12
2.543904e-12
3.282372e-12
2.932646e-12
2.779795e-12
2.554819e-12
2.545894e-12
2.808506e-12
2.805869e-12
2.947417e-12
2.994407e-12
2.683311e-12
3.101149e-12
2.409892e-12
2.505495e-12
2.660596e-12
2.909332e-12
3.092121e-12
2.817431e-12
2.852347e-12
2.206066e-12
2.716717e-12
2.192866e-12
3.059223e-12
2.776626e-12
2.915031e-12
2.633797e-12
2.494579e-12
2.583529e-12
2.990588e-12
2.587292e-12
3.028651e-12
2.991437e-12
3.023598e-12
2.397783e-12
2.670770e-12
2.410469e-12
2.783261e-12
2.534239e-12
2.833678e-12
2.962734e-12
2.751773e-12
2.988474e-12
2.552665e-12
2.593666e-12
3.197656e-12
2.303818e-12
2.518898e-12
3.093957e-12
2.856363e-12
3.064436e-12
2.920216e-12
2.683083e-12
2.989754e-12
2.864405e-12
2.838054e-12
3.040279e-12
2.758655e-12
2.768419e-12
2.816763e-12
2.818493e-12
2.879273e-12
2.719082e-12
2.951874e-12
2.843797e-12
2.929128e-12
2.611792e-12
3.181429e-12
2.633232e-12
2.871042e-12
3.447739e-12
3.061088e-12
2.821307e-12
3.191878e-12
2.914318e-12
3.354546e-12
3.075938e-12
2.520613e-12
2.829155e-12
2.790570e-12
2.721939e-12
2.764654e-12
3.215192e-12
2.674087e-12
2.819299e-12
2.696862e-12
3.110836e-12
2.976669e-12
2.894174e-12
2.645501e-12
2.873672e-12
2.652919e-12
2.411050e-12
2.653347e-12
2.888022e-12
2.899333e-12
2.853376e-12
3.055014e-12
2.850454e-12
3.051660e-12
3.041830e-12
2.842407e-12
2.654435e-12
2.442477e-12
2.579230e-12
2.964683e-12
2.699933e-12
3.094045e-12
3.102952e-12
2.836858e-12
2.635274e-12
2.284674e-12
2.990588e-12
2.920695e-12
2.587770e-12
2.877779e-12
2.417409e-12
2.682343e-12
2.895628e-12
2.761345e-12
2.871411e-12
2.537775e-12
2.928390e-12
2.933776e-12
2.967384e-12
2.735369e-12
2.874481e-12
3.227927e-12
2.802240e-12
2.878317e-12
2.990094e-12
3.059517e-12
2.532429e-12
2.867897e-12
2.537064e-12
3.257524e-12
2.832336e-12
2.666999e-12
2.555603e-12
2.949229e-12
2.761434e-12
2.842926e-12
3.070019e-12
2.680154e-12
2.433490e-12
2.747718e-12
2.960245e-12
2.829988e-12
2.590937e-12
2.873855e-12
2.695328e-12
2.396948e-12
2.805139e-12
2.605803e-12
2.921684e-12
2.783050e-12
2.704884e-12
2.358419e-12
2.728947e-12
2.781936e-12
2.791101e-12
3.334380e-12
2.664587e-12
2.531267e-12
2.670246e-12
2.724197e-12
3.178295e-12
2.857756e-12
2.237501e-12
2.969022e-12
2.915647e-12
2.818884e-12
2.943830e-12
2.449917e-12
2.850308e-12
2.481414e-12
2.383747e-12
2.861926e-12
2.749891e-12
2.443747e-12
2.824606e-12
2.458243e-12
2.500411e-12
3.084290e-12
2.309915e-12
2.831941e-12
2.694039e-12
2.736416e-12
2.383514e-12
2.742646e-12
2.946315e-12
2.723622e-12
3.116759e-12
2.805050e-12
3.016798e-12
2.763068e-12
2.974042e-12
3.166273e-12
3.033702e-12
3.152993e-12
2.475398e-12
2.789692e-12
2.640821e-12
3.002094e-12
2.774593e-12
2.827789e-12
2.436476e-12
2.995135e-12
2.529187e-12
2.654267e-12
2.553512e-12
2.884049e-12
3.001448e-12
2.635782e-12
2.933119e-12
2.581266e-12
3.120722e-12
2.986362e-12
3.079217e-12
2.519184e-12
2.867186e-12
3.028768e-12
2.781407e-12
3.121476e-12
2.721234e-12
3.106645e-12
2.947614e-12
2.540941e-12
3.586306e-12
2.707633e-12
2.889460e-12
2.719958e-12
2.717426e-12
3.192167e-12
2.965008e-12
2.829561e-12
2.769457e-12
3.151285e-12
2.630035e-12
2.529019e-12
2.860157e-12
3.003834e-12
2.481433e-12
2.720276e-12
3.061099e-12
2.769626e-12
2.519415e-12
2.862280e-12
2.902605e-12
2.471531e-12
3.226647e-12
2.356048e-12
2.316701e-12
2.494641e-12
2.859420e-12
2.933070e-12
2.925547e-12
2.599243e-12
3.247368e-12
2.703374e-12
2.706019e-12
2.940805e-12
3.132462e-12
3.001930e-12
3.113742e-12
2.963337e-12
2.557994e-12
2.646672e-12
2.244463e-12
2.611841e-12
2.369909e-12
3.118577e-12
2.911018e-12
2.704520e-12
2.434991e-12
3.474355e-12
3.342493e-12
2.924379e-12
3.115042e-12
2.713981e-12
2.704305e-12
2.852879e-12
2.985855e-12
2.595431e-12
2.776002e-12
3.023423e-12
2.954819e-12
2.990815e-12
2.362167e-12
2.746101e-12
2.950712e-12
3.052926e-12
2.634565e-12
2.721519e-12
2.589362e-12
2.528155e-12
2.914111e-12
3.029944e-12
2.635923e-12
2.915391e-12
2.822558e-12
2.389202e-12
3.057177e-12
2.399390e-12
2.698567e-12
3.056568e-12
2.334071e-12
2.461523e-12
2.779287e-12
2.921648e-12
3.006709e-12
2.897502e-12
2.967523e-12
2.689290e-12
2.879300e-12
2.851949e-12
2.538187e-12
3.029925e-12
2.685960e-12
3.047413e-12
3.133825e-12
2.726681e-12
2.728880e-12
2.547681e-12
2.699283e-12
2.305355e-12
2.939608e-12
2.811255e-12
2.643798e-12
2.752139e-12
2.607491e-12
2.894690e-12
2.882828e-12
2.601114e-12
2.641648e-12
2.623038e-12
3.024107e-12
3.140391e-12
2.491461e-12
2.950251e-12
2.815293e-12
2.476062e-12
2.943370e-12
2.836129e-12
2.756010e-12
2.557703e-12
2.842845e-12
2.625991e-12
2.728919e-12
2.927300e-12
2.365771e-12
2.990474e-12
2.604515e-12
2.554801e-12
2.713515e-12
2.597211e-12
2.599883e-12
2.737261e-12
2.339608e-12
2.771607e-12
2.755942e-12
2.343867e-12
2.731627e-12
2.531445e-12
2.434926e-12
2.511730e-12
3.238789e-12
2.762913e-12
2.721594e-12
2.616041e-12
2.692457e-12
2.923059e-12
2.985534e-12
2.710474e-12
2.638913e-12
2.831197e-12
2.741792e-12
2.684270e-12
2.750847e-12
2.646720e-12
2.764245e-12
2.749737e-12
3.090425e-12
2.904395e-12
2.701494e-12
2.793854e-12
2.371264e-12
2.621358e-12
3.152641e-12
2.625028e-12
3.149325e-12
2.613294e-12
2.450028e-12
2.930144e-12
2.757217e-12
2.165668e-12
2.683867e-12
2.610341e-12
2.707067e-12
2.864654e-12
2.758209e-12
2.988729e-12
2.572364e-12
2.752895e-12
2.653400e-12
2.578992e-12
2.665948e-12
2.565631e-12
2.717379e-12
2.870519e-12
2.932339e-12
2.847114e-12
2.945812e-12
2.956901e-12
2.565112e-12
2.803751e-12
2.677289e-12
2.522543e-12
2.566274e-12
2.791594e-12
2.739506e-12
2.927088e-12
2.891251e-12
3.298734e-12
3.344369e-12
2.614265e-12
2.765687e-12
3.047103e-12
2.998870e-12
2.873222e-12
2.749839e-12
3.330427e-12
3.025879e-12
2.904666e-12
2.485170e-12
3.040004e-12
2.521901e-12
3.037049e-12
2.838751e-12
2.699048e-12
2.631845e-12
3.124027e-12
2.750036e-12
2.822349e-12
2.817656e-12
2.711884e-12
3.057439e-12
3.010101e-12
2.818828e-12
2.748938e-12
2.773979e-12
3.127728e-12
2.481818e-12
2.726161e-12
3.092611e-12
2.986485e-12
2.978455e-12
2.900919e-12
2.631758e-12
2.838314e-12
2.676807e-12
2.650033e-12
2.828332e-12
2.857170e-12
2.593682e-12
3.218224e-12
3.330265e-12
2.669169e-12
2.470868e-12
2.410760e-12
2.716441e-12
2.585650e-12
2.571091e-12
2.737075e-12
2.979526e-12
2.915993e-12
2.697226e-12
2.407898e-12
2.718063e-12
2.574400e-12
2.799589e-12
2.265120e-12
2.968589e-12
2.746525e-12
2.987005e-12
2.404883e-12
2.634851e-12
2.246200e-12
3.114167e-12
2.593209e-12
3.071248e-12
2.823237e-12
2.792918e-12
2.835553e-12
2.523466e-12
2.745322e-12
2.572561e-12
2.738206e-12
2.859820e-12
3.152328e-12
2.978378e-12
2.949105e-12
2.947155e-12
2.705948e-12
2.488047e-12
3.398080e-12
2.640474e-12
2.932903e-12
3.060996e-12
2.867841e-12
2.487955e-12
2.996736e-12
2.684278e-12
2.683606e-12
2.954862e-12
2.897510e-12
2.910590e-12
2.823629e-12
2.976533e-12
3.089780e-12
2.771604e-12
3.344583e-12
2.936407e-12
2.983853e-12
3.074075e-12
2.693522e-12
2.884676e-12
2.742663e-12
3.079139e-12
2.661140e-12
2.828348e-12
2.830472e-12
2.622626e-12
2.922825e-12
2.990591e-12
2.626437e-12
2.930355e-12
2.866094e-12
2.648956e-12
2.657152e-12
2.626248e-12
2.617449e-12
2.452200e-12
2.600147e-12
2.924516e-12
3.029807e-12
2.323618e-12
2.787689e-12
2.408084e-12
2.890093e-12
2.524625e-12
2.809351e-12
2.658951e-12
2.551920e-12
2.294637e-12
3.161515e-12
2.472738e-12
2.430155e-12
2.409128e-12
2.580119e-12
2.774443e-12
2.503230e-12
2.738960e-12
2.845308e-12
2.728871e-12
3.133344e-12
2.850206e-12
2.659476e-12
2.518184e-12
2.716089e-12
3.027740e-12
3.436202e-12
2.086014e-12
2.726403e-12
2.858728e-12
2.629974e-12
2.795530e-12
2.793289e-12
2.661769e-12
3.075023e-12
2.661907e-12
2.804715e-12
2.727706e-12
2.820319e-12
2.655215e-12
2.820539e-12
2.966615e-12
2.938559e-12
2.930005e-12
2.367056e-12
2.892956e-12
2.702789e-12
2.252577e-12
2.363772e-12
2.709487e-12
3.033387e-12
2.807085e-12
2.509014e-12
2.697799e-12
2.745129e-12
3.209450e-12
2.597199e-12
3.001654e-12
2.607041e-12
2.951530e-12
2.480927e-12
2.527745e-12
2.538590e-12
3.197722e-12
2.989480e-12
2.816298e-12
2.942013e-12
2.230611e-12
2.365891e-12
2.415869e-12
2.752967e-12
3.145977e-12
2.268526e-12
2.982859e-12
2.628208e-12
3.037805e-12
2.744770e-12
2.712154e-12
2.697911e-12
3.152832e-12
2.623447e-12
3.125004e-12
2.881928e-12
2.958994e-12
3.626013e-12
3.027196e-12
2.495855e-12
2.528536e-12
2.779037e-12
2.707868e-12
2.689930e-12
2.509537e-12
2.751026e-12
3.006150e-12
2.813430e-12
2.320892e-12
3.096482e-12
2.668551e-12
3.104249e-12
2.634449e-12
2.789363e-12
2.427167e-12
3.068300e-12
2.450974e-12
2.753019e-12
2.699539e-12
3.173864e-12
3.151944e-12
2.780826e-12
2.362129e-12
2.733601e-12
3.087955e-12
2.768997e-12
2.618605e-12
2.717202e-12
2.616149e-12
2.526660e-12
2.764522e-12
2.876664e-12
2.810072e-12
2.799969e-12
2.949741e-12
2.495323e-12
2.792856e-12
2.585661e-12
2.544268e-12
2.794367e-12
2.922995e-12
2.678930e-12
2.738393e-12
2.650097e-12
2.685980e-12
2.907055e-12
2.640097e-12
2.965344e-12
2.797431e-12
2.741247e-12
2.887286e-12
2.693689e-12
2.967925e-12
3.116533e-12
2.588265e-12
2.955287e-12
2.876545e-12
2.665520e-12
2.803014e-12
2.989022e-12
3.047322e-12
3.096002e-12
2.904708e-12
3.145518e-12
2.539606e-12
3.006986e-12
2.665020e-12
2.928858e-12
2.543183e-12
2.861329e-12
3.121799e-12
2.680299e-12
3.002793e-12
2.687067e-12
3.056350e-12
2.490652e-12
2.725218e-12
2.661131e-12
2.741667e-12
2.915774e-12
2.795370e-12
2.658630e-12
2.686046e-12
2.506050e-12
2.838061e-12
2.961014e-12
2.770203e-12
2.800761e-12
2.943076e-12
2.817811e-12
3.061235e-12
2.944973e-12
2.404875e-12
2.518481e-12
2.737361e-12
2.982457e-12
2.431597e-12
2.846936e-12
2.845036e-12
2.885921e-12
3.042031e-12
2.884159e-12
3.275807e-12
2.650454e-12
2.385184e-12
3.303729e-12
2.806099e-12
3.104416e-12
2.485663e-12
2.998613e-12
2.855766e-12
2.602399e-12
2.291356e-12
2.530789e-12
2.910952e-12
2.630036e-12
2.733471e-12
3.150227e-12
2.831345e-12
1.991357e-12
2.608070e-12
2.726160e-12
2.372301e-12
2.630713e-12
3.209577e-12
3.006095e-12
2.633220e-12
2.698790e-12
2.758796e-12
2.955822e-12
2.564091e-12
2.916006e-12
3.219985e-12
2.814829e-12
2.570590e-12
2.864008e-12
2.917055e-12
2.748452e-12
2.408753e-12
2.944651e-12
2.697500e-12
2.902880e-12
2.800413e-12
2.935900e-12
2.615669e-12
2.713355e-12
2.812241e-12
2.867622e-12
2.514823e-12
2.446090e-12
2.716971e-12
2.893345e-12
2.744800e-12
2.668893e-12
2.523652e-12
2.545793e-12
3.041687e-12
2.684258e-12
2.504602e-12
2.870174e-12
2.987990e-12
2.799489e-12
2.357419e-12
2.617660e-12
2.909532e-12
2.575033e-12
2.707086e-12
2.828743e-12
2.617367e-12
2.782164e-12
2.855184e-12
2.844404e-12
2.962035e-12
2.625028e-12
2.837240e-12
2.754132e-12
3.028499e-12
2.627898e-12
2.858190e-12
2.433909e-12
2.938468e-12
2.506861e-12
2.797836e-12
3.094706e-12
2.720538e-12
2.746884e-12
3.089119e-12
2.818083e-12
3.060335e-12
2.886473e-12
3.066607e-12
2.631792e-12
2.592246e-12
2.550655e-12
2.500240e-12
2.855730e-12
2.714547e-12
2.911064e-12
3.028168e-12
2.945422e-12
2.956574e-12
2.680812e-12
2.731834e-12
2.908583e-12
2.622118e-12
2.952148e-12
2.676783e-12
2.721546e-12
2.884770e-12
2.590077e-12
2.876774e-12
2.552689e-12
2.780033e-12
2.530646e-12
3.007477e-12
2.852675e-12
2.715417e-12
2.839409e-12
3.134519e-12
2.665659e-12
2.482172e-12
3.225391e-12
2.676785e-12
2.916108e-12
2.698138e-12
2.625062e-12
2.784199e-12
2.456336e-12
2.851489e-12
2.785330e-12
2.790701e-12
2.625927e-12
2.484759e-12
2.770534e-12
2.586373e-12
2.953118e-12
3.236522e-12
2.733515e-12
3.044790e-12
2.916311e-12
2.963136e-12
2.741806e-12
2.946763e-12
2.828699e-12
2.908312e-12
3.100293e-12
2.680510e-12
2.919859e-12
2.563991e-12
2.831280e-12
2.592527e-12
2.558589e-12
2.909090e-12
2.779682e-12
3.019574e-12
2.999409e-12
2.876647e-12
2.569540e-12
2.747983e-12
2.811937e-12
2.867728e-12
2.570763e-12
2.704417e-12
2.993131e-12
2.801048e-12
2.403315e-12
3.254709e-12
2.739528e-12
2.555457e-12
2.467172e-12
3.169973e-12
2.980548e-12
2.589115e-12
2.694559e-12
2.404056e-12
2.588746e-12
2.514818e-12
2.930560e-12
2.872040e-12
2.852330e-12
2.680946e-12
2.397660e-12
2.350824e-12
2.859022e-12
3.055535e-12
2.620985e-12
2.623610e-12
2.782705e-12
2.807756e-12
3.005742e-12
2.781472e-12
2.819286e-12
2.501850e-12
3.168312e-12
2.566432e-12
2.694661e-12
2.453170e-12
3.081704e-12
3.203896e-12
2.723957e-12
2.650494e-12
2.660328e-12
3.288485e-12
2.976425e-12
2.681540e-12
2.872466e-12
2.949760e-12
2.704687e-12
2.579987e-12
2.784296e-12
2.508451e-12
3.045823e-12
2.660009e-12
2.805328e-12
2.783936e-12
2.789426e-12
3.159862e-12
2.737213e-12
2.270387e-12
2.873286e-12
2.700441e-12
2.907615e-12
2.582821e-12
2.874968e-12
3.198669e-12
2.877513e-12
3.140829e-12
2.338402e-12
2.865626e-12
2.642226e-12
2.670008e-12
2.450948e-12
2.751906e-12
2.727949e-12
2.879812e-12
2.711272e-12
2.209864e-12
2.714877e-12
2.947490e-12
2.576467e-12
2.882826e-12
1.996742e-12
2.620670e-12
2.764635e-12
2.544589e-12
2.797675e-12
2.590838e-12
3.125983e-12
2.840981e-12
2.462050e-12
2.914921e-12
3.090176e-12
3.048088e-12
2.538902e-12
2.529646e-12
2.521805e-12
2.592136e-12
2.614484e-12
2.940898e-12
2.863791e-12
2.943609e-12
2.954623e-12
2.972097e-12
2.653671e-12
2.592292e-12
3.005152e-12
3.213082e-12
2.961580e-12
2.417312e-12
3.096084e-12
2.855516e-12
3.071200e-12
2.715970e-12
2.742431e-12
2.908079e-12
3.197502e-12
2.618857e-12
3.047213e-12
2.975489e-12
2.612971e-12
2.656792e-12
3.011515e-12
2.672875e-12
2.975394e-12
2.652574e-12
2.515391e-12
2.781685e-12
2.358676e-12
2.646189e-12
2.375527e-12
2.641534e-12
2.922846e-12
2.761753e-12
2.839395e-12
2.718056e-12
2.755497e-12
2.569758e-12
2.664623e-12
2.610268e-12
2.668545e-12
3.117661e-12
2.877980e-12
2.735918e-12
2.826916e-12
2.672248e-12
2.420778e-12
3.022616e-12
2.759327e-12
2.941644e-12
2.866387e-12
2.741101e-12
2.674047e-12
2.795831e-12
2.626444e-12
2.669504e-12
2.968208e-12
3.042940e-12
2.676925e-12
2.899213e-12
2.829846e-12
2.744392e-12
3.215215e-12
3.032446e-12
2.797835e-12
2.738073e-12
2.999521e-12
2.797532e-12
2.439585e-12
2.810507e-12
2.815243e-12
2.856236e-12
2.880455e-12
2.651996e-12
2.845461e-12
2.842272e-12
2.795636e-12
2.806810e-12
3.139758e-12
2.781457e-12
2.807350e-12
2.849521e-12
2.980670e-12
2.885105e-12
3.181056e-12
2.718399e-12
2.693574e-12
2.591256e-12
2.593549e-12
2.619212e-12
2.448686e-12
2.812210e-12
2.527000e-12
2.951592e-12
2.830079e-12
2.772408e-12
2.889076e-12
2.674127e-12
3.119794e-12
2.942767e-12
2.816652e-12
3.012515e-12
2.808873e-12
2.851270e-12
2.942491e-12
2.716783e-12
2.514496e-12
2.654576e-12
2.421046e-12
2.534571e-12
2.908326e-12
2.739400e-12
2.576142e-12
3.075873e-12
2.728983e-12
3.018116e-12
2.619669e-12
2.963361e-12
2.863954e-12
3.002227e-12
2.533590e-12
2.791528e-12
2.545264e-12
3.005983e-12
3.104548e-12
2.665225e-12
2.849147e-12
3.074745e-12
2.548740e-12
3.040978e-12
2.677270e-12
2.778393e-12
2.689343e-12
2.972143e-12
2.931243e-12
2.851475e-12
3.166407e-12
2.516088e-12
2.816390e-12
3.089533e-12
2.934922e-12
2.677465e-12
2.633078e-12
2.753558e-12
3.275094e-12
2.416788e-12
2.587046e-12
2.965544e-12
2.675321e-12
2.952748e-12
2.824176e-12
3.108985e-12
2.583863e-12
2.997430e-12
2.847619e-12
3.293330e-12
3.233941e-12
2.836337e-12
2.826531e-12
2.831230e-12
2.841491e-12
2.666666e-12
2.752820e-12
2.965683e-12
2.606274e-12
2.636950e-12
2.862384e-12
2.606437e-12
2.280520e-12
2.510259e-12
2.732248e-12
2.722417e-12
2.720824e-12
2.388034e-12
2.861280e-12
2.302319e-12
2.647887e-12
2.579854e-12
2.450402e-12
2.745268e-12
3.150647e-12
3.052032e-12
2.556212e-12
2.936405e-12
2.516039e-12
2.675754e-12
2.831223e-12
2.831413e-12
3.013115e-12
3.007995e-12
3.056956e-12
2.860762e-12
2.803770e-12
2.620861e-12
2.867570e-12
2.758360e-12
2.798454e-12
2.505345e-12
2.814690e-12
2.564058e-12
2.842111e-12
2.725683e-12
2.466353e-12
2.380779e-12
2.714978e-12
2.658411e-12
2.995183e-12
2.647404e-12
2.511124e-12
2.808003e-12
3.108680e-12
2.646065e-12
2.688821e-12
2.475135e-12
2.573818e-12
3.030175e-12
2.816669e-12
3.175694e-12
2.514462e-12
2.595128e-12
2.836600e-12
2.578070e-12
2.930630e-12
2.742391e-12
2.598715e-12
3.107508e-12
3.119866e-12
2.595467e-12
2.627956e-12
2.436293e-12
2.422967e-12
2.326308e-12
2.551691e-12
2.754975e-12
2.799140e-12
2.735520e-12
2.940360e-12
2.716767e-12
2.830634e-12
2.980936e-12
2.958246e-12
2.911643e-12
2.481650e-12
2.869417e-12
2.841372e-12
2.806767e-12
2.688933e-12
2.571271e-12
3.081742e-12
2.896082e-12
3.074317e-12
2.485458e-12
2.927648e-12
2.555804e-12
2.589241e-12
2.653809e-12
2.966255e-12
2.799429e-12
2.621022e-12
2.665926e-12
2.661918e-12
2.934748e-12
2.835518e-12
2.969395e-12
2.898348e-12
2.798897e-12
2.478678e-12
3.083025e-12
3.116261e-12
2.927925e-12
2.961995e-12
2.502589e-12
2.818158e-12
3.032858e-12
2.583128e-12
2.948103e-12
2.969824e-12
2.884910e-12
3.038305e-12
2.709039e-12
2.931855e-12
3.019845e-12
2.902870e-12
3.009480e-12
2.715878e-12
2.982632e-12
2.787856e-12
3.123794e-12
2.578219e-12
2.518261e-12
2.479971e-12
2.618306e-12
2.872461e-12
2.477693e-12
2.839105e-12
2.556333e-12
2.355896e-12
2.588341e-12
2.826443e-12
2.664169e-12
2.984092e-12
2.681476e-12
2.587236e-12
2.128963e-12
2.994389e-12
2.868030e-12
2.895255e-12
2.579815e-12
2.409614e-12
2.726264e-12
2.629503e-12
3.009461e-12
3.150854e-12
2.837071e-12
2.490231e-12
3.192086e-12
2.382189e-12
2.786304e-12
2.573142e-12
3.247498e-12
2.694568e-12
2.908790e-12
2.950537e-12
2.902718e-12
3.033452e-12
2.193747e-12
2.813845e-12
2.704593e-12
3.237928e-12
3.054270e-12
2.691672e-12
3.127058e-12
2.776402e-12
3.122603e-12
3.220142e-12
2.865371e-12
2.671372e-12
2.314678e-12
2.490998e-12
2.783130e-12
2.966043e-12
3.110921e-12
2.670654e-12
3.010787e-12
2.744727e-12
2.934008e-12
2.911245e-12
2.837780e-12
3.274582e-12
2.472091e-12
2.799979e-12
2.399733e-12
3.183925e-12
2.982548e-12
2.815657e-12
3.245838e-12
2.960269e-12
2.970766e-12
3.017191e-12
2.810235e-12
2.767016e-12
2.523771e-12
2.444397e-12
3.006491e-12
2.861407e-12
2.866993e-12
2.850798e-12
3.056976e-12
2.661971e-12
2.690162e-12
2.672210e-12
3.113930e-12
2.915480e-12
2.795411e-12
2.535011e-12
2.664909e-12
2.967065e-12
2.812165e-12
2.731733e-12
2.508250e-12
2.806704e-12
2.756921e-12
2.374217e-12
2.914971e-12
2.662737e-12
2.926792e-12
2.733871e-12
3.451487e-12
2.786704e-12
3.257936e-12
2.760360e-12
2.974048e-12
3.061296e-12
2.708009e-12
2.579106e-12
3.095402e-12
2.670335e-12
2.858329e-12
2.478282e-12
2.713409e-12
3.028014e-12
3.101634e-12
2.664778e-12
2.591565e-12
2.623037e-12
2.759798e-12
2.901713e-12
2.562107e-12
2.535821e-12
2.812291e-12
2.861175e-12
3.109758e-12
2.600885e-12
2.325305e-12
3.214550e-12
2.923439e-12
2.737770e-12
2.769573e-12
2.641345e-12
2.734473e-12
2.534675e-12
2.557098e-12
2.842757e-12
2.765933e-12
3.001946e-12
2.921737e-12
2.274041e-12
2.987554e-12
2.911800e-12
2.605697e-12
3.153761e-12
2.585498e-12
3.119957e-12
2.584540e-12
2.863048e-12
2.939077e-12
3.266708e-12
2.737434e-12
2.493933e-12
2.735384e-12
2.635383e-12
2.509140e-12
2.398183e-12
2.720202e-12
2.384207e-12
3.217213e-12
2.580743e-12
3.238164e-12
2.531675e-12
3.028761e-12
2.952246e-12
3.022896e-12
2.916378e-12
2.561088e-12
2.557383e-12
3.064886e-12
2.832454e-12
2.884397e-12
2.826517e-12
2.506865e-12
2.744536e-12
3.058352e-12
2.932914e-12
2.650047e-12
2.722963e-12
2.755888e-12
2.893334e-12
2.744223e-12
2.833593e-12
2.928482e-12
2.848512e-12
2.693766e-12
2.921167e-12
2.794288e-12
2.935650e-12
2.571062e-12
2.639365e-12
2.811425e-12
2.876119e-12
2.594632e-12
3.095337e-12
2.868173e-12
3.199090e-12
2.889805e-12
2.700694e-12
3.198684e-12
3.112927e-12
2.959504e-12
2.649137e-12
2.659839e-12
2.824781e-12
2.620214e-12
2.880950e-12
2.554669e-12
2.744503e-12
2.767797e-12
2.384170e-12
2.907139e-12
2.976583e-12
3.137326e-12
3.039985e-12
2.739572e-12
2.774354e-12
2.538248e-12
2.788062e-12
2.933297e-12
2.694991e-12
2.721084e-12
2.481770e-12
2.962564e-12
3.060912e-12
2.769146e-12
3.025806e-12
2.684893e-12
3.036518e-12
2.884262e-12
3.274261e-12
2.732480e-12
2.767070e-12
2.778216e-12
2.747231e-12
2.653443e-12
2.735370e-12
2.828094e-12
2.813281e-12
2.951305e-12
3.079246e-12
2.487664e-12
3.047971e-12
2.631989e-12
2.835692e-12
2.896040e-12
2.972961e-12
3.024646e-12
2.872877e-12
2.750943e-12
2.873344e-12
2.979123e-12
2.757117e-12
2.553146e-12
2.853265e-12
2.837549e-12
2.861750e-12
2.665689e-12
2.814845e-12
3.014460e-12
3.013004e-12
2.837111e-12
2.923968e-12
2.874756e-12
3.226312e-12
2.912650e-12
3.253803e-12
2.298756e-12
2.911401e-12
2.986507e-12
2.637474e-12
2.662887e-12
2.742189e-12
2.432649e-12
2.582642e-12
2.851957e-12
2.600749e-12
2.566683e-12
2.599913e-12
2.928678e-12
2.860160e-12
2.749202e-12
2.563021e-12
2.690472e-12
2.797881e-12
2.814814e-12
2.700914e-12
2.738492e-12
3.169289e-12
2.649709e-12
2.311540e-12
2.627997e-12
3.188105e-12
2.339384e-12
2.660301e-12
2.806020e-12
2.309763e-12
2.697347e-12
2.902119e-12
2.752187e-12
2.758109e-12
2.536610e-12
2.701745e-12
2.939522e-12
2.806293e-12
2.846526e-12
2.825549e-12
2.639859e-12
2.966769e-12
2.818998e-12
2.712988e-12
2.673989e-12
2.824356e-12
2.293555e-12
3.024158e-12
2.893799e-12
2.847704e-12
2.862890e-12
2.860495e-12
2.717849e-12
2.877942e-12
2.609091e-12
2.894948e-12
2.573940e-12
2.871956e-12
2.635621e-12
2.590806e-12
2.874734e-12
2.853779e-12
2.613122e-12
2.989609e-12
2.677698e-12
2.708868e-12
2.397932e-12
2.936359e-12
2.796061e-12
2.771063e-12
2.972548e-12
3.017316e-12
2.812368e-12
2.669572e-12
3.270220e-12
2.894348e-12
2.419799e-12
2.837387e-12
2.567612e-12
2.711964e-12
3.189838e-12
2.840623e-12
2.945244e-12
2.907771e-12
2.279166e-12
2.930927e-12
2.606773e-12
2.880406e-12
2.271722e-12
2.998308e-12
3.036562e-12
2.694523e-12
3.054578e-12
2.879869e-12
2.570878e-12
2.983394e-12
2.311904e-12
2.771221e-12
2.768219e-12
2.972130e-12
2.724189e-12
2.873221e-12
2.546678e-12
2.772503e-12
3.102374e-12
2.577401e-12
2.207057e-12
2.548946e-12
2.882238e-12
2.530622e-12
2.618819e-12
2.449006e-12
2.603434e-12
2.592670e-12
2.732211e-12
2.532403e-12
2.837848e-12
2.811957e-12
2.623038e-12
3.036377e-12
2.874979e-12
2.507844e-12
2.896414e-12
2.264043e-12
3.051403e-12
2.971893e-12
2.849024e-12
2.748747e-12
3.023050e-12
2.991614e-12
2.619604e-12
2.632993e-12
2.719000e-12
2.944220e-12
2.900094e-12
2.923103e-12
2.608601e-12
2.740390e-12
2.717018e-12
2.449500e-12
2.620749e-12
2.761786e-12
2.759905e-12
2.752290e-12
2.525857e-12
2.588284e-12
2.551953e-12
2.934910e-12
2.903052e-12
2.973015e-12
2.623135e-12
2.707178e-12
2.840524e-12
2.850461e-12
2.278634e-12
2.663928e-12
2.844206e-12
2.614294e-12
3.258891e-12
2.669450e-12
2.699201e-12
2.737963e-12
2.782946e-12
2.990708e-12
2.514483e-12
2.821633e-12
2.695557e-12
2.942089e-12
2.707328e-12
2.868157e-12
3.103987e-12
2.520522e-12
2.973536e-12
2.672988e-12
2.643073e-12
2.819491e-12
3.048798e-12
2.660311e-12
2.670086e-12
2.828541e-12
2.629943e-12
2.404662e-12
2.788971e-12
2.640758e-12
2.566699e-12
2.698405e-12
2.897589e-12
2.820569e-12
3.025657e-12
2.875182e-12
3.014495e-12
2.940698e-12
2.671114e-12
2.606450e-12
3.138844e-12
2.818315e-12
2.453486e-12
2.442986e-12
2.536228e-12
3.137022e-12
2.631071e-12
2.988631e-12
2.413116e-12
2.830109e-12
2.566881e-12
2.992585e-12
3.359142e-12
2.696333e-12
3.028472e-12
2.798012e-12
3.143231e-12
2.437536e-12
2.705541e-12
2.660531e-12
2.655727e-12
2.852479e-12
2.481087e-12
2.993009e-12
3.015436e-12
2.842801e-12
2.863500e-12
2.489421e-12
2.564377e-12
2.967223e-12
2.391027e-12
2.570954e-12
2.653485e-12
3.310130e-12
3.030354e-12
3.096867e-12
2.795679e-12
2.747804e-12
2.979782e-12
2.848129e-12
2.843519e-12
2.871400e-12
2.958141e-12
2.975126e-12
3.012739e-12
2.872982e-12
2.637374e-12
2.505053e-12
2.378866e-12
2.939101e-12
2.628449e-12
2.733278e-12
2.691648e-12
2.950202e-12
3.116935e-12
2.744998e-12
3.346037e-12
2.755337e-12
2.779328e-12
2.503857e-12
2.720687e-12
2.662622e-12
2.822597e-12
3.041191e-12
2.944803e-12
2.769896e-12
2.665296e-12
2.795818e-12
2.640407e-12
2.606032e-12
2.701670e-12
3.184081e-12
2.815885e-12
2.809359e-12
2.595505e-12
2.806237e-12
2.958756e-12
2.451840e-12
2.466854e-12
2.808051e-12
3.230770e-12
2.570951e-12
2.954387e-12
2.885977e-12
2.559864e-12
2.815429e-12
2.795774e-12
2.620265e-12
2.891598e-12
3.200981e-12
2.607648e-12
2.464664e-12
2.670159e-12
2.684825e-12
2.803334e-12
2.927639e-12
2.833404e-12
2.863845e-12
2.480391e-12
2.609409e-12
2.508733e-12
2.813727e-12
3.219575e-12
2.732925e-12
2.946245e-12
2.671013e-12
2.794373e-12
2.435848e-12
2.759532e-12
2.748696e-12
2.775866e-12
2.496215e-12
2.598941e-12
3.069401e-12
2.583183e-12
3.010925e-12
2.946667e-12
2.428614e-12
2.487269e-12
2.814429e-12
2.714680e-12
2.915468e-12
2.657087e-12
2.891092e-12
2.900116e-12
3.241878e-12
2.436596e-12
3.515039e-12
2.923968e-12
2.887172e-12
2.735860e-12
2.607874e-12
2.782977e-12
2.636176e-12
2.637780e-12
2.596354e-12
2.958183e-12
2.784110e-12
2.757822e-12
2.955060e-12
2.974733e-12
2.668285e-12
2.736373e-12
2.676953e-12
2.628647e-12
2.574118e-12
3.088425e-12
2.449161e-12
2.984595e-12
3.063479e-12
3.006774e-12
2.784099e-12
2.579397e-12
2.768401e-12
2.655842e-12
2.880597e-12
2.821511e-12
2.871527e-12
3.061648e-12
2.622619e-12
3.104391e-12
2.571520e-12
2.627071e-12
2.510194e-12
2.790952e-12
2.313041e-12
2.996992e-12
2.569101e-12
2.335491e-12
3.274260e-12
2.857171e-12
2.857822e-12
2.918282e-12
2.791774e-12
3.083753e-12
3.120882e-12
2.764407e-12
2.583461e-12
2.899692e-12
2.990967e-12
2.752097e-12
3.167647e-12
2.792035e-12
2.601902e-12
2.724023e-12
2.960996e-12
2.977195e-12
2.569001e-12
2.693529e-12
2.966716e-12
2.762765e-12
2.572608e-12
2.983795e-12
2.502157e-12
2.915243e-12
2.780699e-12
2.669756e-12
2.738436e-12
2.605685e-12
2.735757e-12
3.091961e-12
2.890232e-12
2.735934e-12
2.356821e-12
2.902043e-12
2.905204e-12
2.778495e-12
2.969265e-12
2.720418e-12
2.723568e-12
2.622044e-12
2.534938e-12
2.492667e-12
2.909291e-12
2.693178e-12
2.652939e-12
2.648509e-12
2.714554e-12
2.764667e-12
2.706134e-12
2.660973e-12
2.908565e-12
2.709296e-12
3.025531e-12
2.982213e-12
3.130105e-12
2.663618e-12
2.882481e-12
2.814949e-12
2.939990e-12
2.872796e-12
2.754895e-12
2.900855e-12
2.638708e-12
2.854706e-12
2.800318e-12
3.178982e-12
2.735138e-12
2.466739e-12
2.720705e-12
2.866522e-12
2.746148e-12
2.253788e-12
2.739830e-12
2.677346e-12
2.848081e-12
2.922291e-12
2.607493e-12
2.855951e-12
2.697594e-12
3.000905e-12
2.791082e-12
2.879759e-12
2.805626e-12
2.688733e-12
2.937287e-12
2.897314e-12
2.733185e-12
3.006261e-12
2.667567e-12
2.430243e-12
2.995566e-12
2.850718e-12
2.886908e-12
2.750894e-12
3.008259e-12
3.001882e-12
2.975599e-12
3.008218e-12
2.880857e-12
2.726574e-12
2.622382e-12
2.923133e-12
2.573649e-12
2.761393e-12
3.088451e-12
2.746394e-12
2.867379e-12
3.413282e-12
3.048218e-12
2.897533e-12
2.874362e-12
2.850702e-12
2.823128e-12
2.479324e-12
3.076860e-12
2.620760e-12
2.309986e-12
3.088874e-12
3.094289e-12
3.129537e-12
2.407544e-12
2.700099e-12
2.984187e-12
2.862620e-12
2.911873e-12
2.833327e-12
2.343690e-12
2.689866e-12
2.578584e-12
2.974419e-12
2.745506e-12
2.514428e-12
3.116577e-12
2.459302e-12
2.773468e-12
2.989074e-12
2.654398e-12
2.756282e-12
2.814513e-12
2.765411e-12
2.509853e-12
2.713110e-12
2.420144e-12
2.395785e-12
3.198985e-12
2.844225e-12
2.768412e-12
2.789531e-12
2.727460e-12
3.109708e-12
2.733848e-12
2.711891e-12
2.572264e-12
2.673581e-12
2.679359e-12
3.005266e-12
2.686964e-12
2.725700e-12
3.106603e-12
2.602925e-12
2.997554e-12
2.627519e-12
2.680605e-12
2.701634e-12
2.926342e-12
2.787879e-12
2.706572e-12
2.958231e-12
2.704889e-12
2.988496e-12
2.703803e-12
2.941541e-12
2.746397e-12
2.564163e-12
2.911311e-12
2.988454e-12
2.985540e-12
2.797613e-12
2.770515e-12
3.038031e-12
2.718400e-12
2.924052e-12
2.411838e-12
2.814238e-12
2.702344e-12
2.941670e-12
2.313999e-12
3.001868e-12
2.524415e-12
2.817153e-12
3.206401e-12
2.862098e-12
2.774777e-12
2.815667e-12
3.041993e-12
3.218202e-12
3.197963e-12
2.979922e-12
2.763550e-12
3.082891e-12
3.209890e-12
3.036300e-12
3.058674e-12
2.711861e-12
2.747242e-12
2.684282e-12
2.576877e-12
3.069745e-12
2.663776e-12
2.827308e-12
2.681272e-12
2.510088e-12
2.520262e-12
2.796062e-12
2.731565e-12
2.894778e-12
2.838721e-12
2.945858e-12
2.700840e-12
2.533571e-12
2.664645e-12
2.762099e-12
3.053784e-12
2.646219e-12
2.465404e-12
2.792335e-12
2.752666e-12
2.840470e-12
2.970405e-12
2.560676e-12
3.079752e-12
3.078047e-12
2.923087e-12
2.767698e-12
2.516764e-12
2.809691e-12
2.678150e-12
2.884973e-12
3.075727e-12
2.844019e-12
2.907089e-12
2.599127e-12
3.044033e-12
3.122975e-12
2.864605e-12
2.267538e-12
3.106221e-12
2.708705e-12
3.333115e-12
2.570521e-12
3.068398e-12
2.752350e-12
2.571918e-12
3.212019e-12
2.978327e-12
2.589034e-12
2.676839e-12
2.891517e-12
3.014649e-12
2.521021e-12
2.688780e-12
2.929176e-12
2.017118e-12
2.874817e-12
2.432545e-12
2.508943e-12
2.914235e-12
3.119826e-12
2.794768e-12
2.770609e-12
2.683174e-12
2.587499e-12
2.922071e-12
2.597839e-12
2.887737e-12
3.317083e-12
3.201198e-12
2.437424e-12
2.753436e-12
2.615957e-12
2.614652e-12
2.667127e-12
2.421188e-12
2.831469e-12
2.534213e-12
2.543986e-12
2.872353e-12
3.071551e-12
2.693612e-12
2.730340e-12
2.570186e-12
3.110305e-12
2.609350e-12
2.781567e-12
3.086706e-12
2.960335e-12
2.757892e-12
2.974876e-12
2.579922e-12
2.625242e-12
2.678875e-12
3.207802e-12
3.130712e-12
2.673603e-12
2.795784e-12
3.412491e-12
2.743160e-12
2.920932e-12
2.486567e-12
2.874630e-12
2.828515e-12
2.731163e-12
2.655727e-12
3.099924e-12
2.693033e-12
3.193235e-12
2.998658e-12
2.454093e-12
2.737353e-12
2.785426e-12
2.473357e-12
2.943323e-12
2.975593e-12
2.900473e-12
2.559002e-12
2.895081e-12
3.085772e-12
3.160158e-12
2.868327e-12
2.765508e-12
2.599167e-12
2.927974e-12
2.466102e-12
2.741343e-12
2.688091e-12
2.903011e-12
2.992806e-12
2.756860e-12
2.317649e-12
2.610648e-12
2.571119e-12
3.194875e-12
2.956085e-12
3.031265e-12
2.663370e-12
2.736937e-12
3.046542e-12
3.009970e-12
2.597868e-12
2.660914e-12
2.671156e-12
2.571590e-12
2.703939e-12
2.834775e-12
2.612171e-12
2.925797e-12
3.011883e-12
2.716185e-12
3.075717e-12
2.699687e-12
2.532328e-12
2.451786e-12
2.941427e-12
2.934894e-12
2.918161e-12
3.135786e-12
2.598109e-12
2.693492e-12
2.997486e-12
2.809797e-12
2.793535e-12
2.851250e-12
2.615838e-12
2.666562e-12
2.841979e-12
2.718531e-12
2.740359e-12
2.532883e-12
2.762450e-12
2.469600e-12
2.870635e-12
2.730533e-12
3.176807e-12
3.060089e-12
2.923276e-12
2.787624e-12
3.103773e-12
2.802532e-12
2.907556e-12
2.903187e-12
2.955530e-12
2.930653e-12
2.819775e-12
2.926987e-12
3.259594e-12
2.808262e-12
2.507277e-12
2.566334e-12
2.914262e-12
2.897607e-12
2.736745e-12
2.376269e-12
2.603549e-12
3.116708e-12
2.741710e-12
2.733575e-12
2.821044e-12
2.889940e-12
2.394495e-12
2.563184e-12
2.868389e-12
2.831827e-12
3.017106e-12
2.516370e-12
3.075239e-12
2.808172e-12
2.730816e-12
2.744252e-12
2.741335e-12
2.942110e-12
2.961775e-12
2.844497e-12
3.171428e-12
2.628740e-12
2.804481e-12
2.668519e-12
2.633374e-12
2.639138e-12
2.755312e-12
2.606812e-12
2.701368e-12
2.624848e-12
3.273277e-12
2.729733e-12
2.297864e-12
2.717089e-12
2.880503e-12
3.052572e-12
2.627940e-12
2.838540e-12
2.567048e-12
2.933509e-12
3.186991e-12
2.809877e-12
2.898486e-12
2.760463e-12
2.827868e-12
2.614889e-12
2.569929e-12
2.491384e-12
2.700353e-12
2.577323e-12
2.582568e-12
2.825040e-12
2.736994e-12
2.646255e-12
2.858030e-12
2.552721e-12
3.048090e-12
2.757157e-12
2.722290e-12
2.646072e-12
2.813700e-12
2.681670e-12
2.529504e-12
2.733776e-12
2.996425e-12
2.541491e-12
2.722008e-12
2.885306e-12
2.893376e-12
2.837908e-12
2.837656e-12
3.001593e-12
2.928162e-12
2.531629e-12
2.805641e-12
2.815169e-12
2.647042e-12
2.995737e-12
2.547014e-12
2.982549e-12
2.878997e-12
2.816842e-12
2.317796e-12
3.217678e-12
2.795100e-12
2.990645e-12
3.275662e-12
2.709511e-12
2.625385e-12
2.959574e-12
2.952342e-12
2.717232e-12
2.858359e-12
2.930664e-12
2.601681e-12
2.563804e-12
2.840018e-12
2.725349e-12
2.635047e-12
2.503026e-12
2.082061e-12
2.832947e-12
2.559155e-12
2.229961e-12
2.953063e-12
2.630841e-12
2.284156e-12
2.964860e-12
2.972132e-12
2.930340e-12
2.592319e-12
2.811535e-12
2.678747e-12
3.178682e-12
2.859568e-12
2.819393e-12
2.723237e-12
2.933321e-12
3.014748e-12
2.876914e-12
2.790359e-12
2.558948e-12
2.587581e-12
2.447589e-12
2.436221e-12
3.087356e-12
2.302914e-12
2.671933e-12
2.582897e-12
2.990659e-12
2.830886e-12
2.631245e-12
3.116694e-12
2.852994e-12
2.817705e-12
2.591016e-12
3.032408e-12
2.606894e-12
2.795229e-12
2.427703e-12
2.452952e-12
2.975128e-12
2.599129e-12
2.570207e-12
2.772409e-12
2.793977e-12
2.899103e-12
2.794135e-12
2.798530e-12
2.705830e-12
3.167638e-12
2.880463e-12
2.871287e-12
2.424664e-12
2.715265e-12
2.689820e-12
2.731170e-12
2.702376e-12
2.960346e-12
2.725637e-12
2.909999e-12
2.925512e-12
2.802967e-12
2.769607e-12
2.595551e-12
2.902283e-12
3.036578e-12
2.934007e-12
2.817163e-12
3.019175e-12
3.040776e-12
2.517877e-12
2.360210e-12
2.904354e-12
2.905263e-12
3.016922e-12
2.983535e-12
2.534958e-12
2.819566e-12
2.811353e-12
2.849611e-12
2.496305e-12
2.740310e-12
3.203414e-12
2.749413e-12
3.192373e-12
2.826919e-12
2.865433e-12
3.048536e-12
2.472798e-12
3.200693e-12
2.723212e-12
2.845015e-12
2.731907e-12
2.974573e-12
3.165383e-12
2.549913e-12
2.362155e-12
2.845387e-12
2.715310e-12
2.836284e-12
2.735125e-12
2.781148e-12
2.922501e-12
3.009996e-12
2.529901e-12
2.836107e-12
2.757735e-12
2.598364e-12
2.978272e-12
2.719491e-12
2.801045e-12
2.466934e-12
2.783438e-12
3.025350e-12
2.868869e-12
2.402716e-12
3.151013e-12
2.513315e-12
3.050836e-12
2.526608e-12
3.199949e-12
2.581788e-12
2.604617e-12
3.247781e-12
2.819343e-12
2.490466e-12
2.429859e-12
3.255166e-12
3.015149e-12
2.633593e-12
2.581201e-12
3.113051e-12
2.653334e-12
2.571652e-12
2.838854e-12
3.063780e-12
2.671375e-12
2.978081e-12
2.777502e-12
3.156526e-12
2.997402e-12
2.409166e-12
3.198750e-12
2.414123e-12
2.808174e-12
2.761001e-12
2.697098e-12
3.002835e-12
2.866048e-12
2.926196e-12
3.025408e-12
2.683364e-12
3.064770e-12
2.657724e-12
2.782979e-12
2.359703e-12
2.884074e-12
2.788340e-12
2.591045e-12
2.936476e-12
2.880407e-12
2.922182e-12
2.487933e-12
2.892407e-12
2.660559e-12
2.928589e-12
2.694613e-12
3.276055e-12
2.709967e-12
3.232411e-12
2.738446e-12
2.814154e-12
3.151418e-12
2.846508e-12
2.638370e-12
2.804315e-12
2.952040e-12
2.613210e-12
2.695671e-12
3.013213e-12
3.099263e-12
2.620060e-12
2.607985e-12
2.528737e-12
2.539827e-12
2.704523e-12
2.637753e-12
2.689088e-12
2.485258e-12
2.746413e-12
2.861984e-12
2.949795e-12
2.627952e-12
2.995146e-12
2.885690e-12
2.536695e-12
2.807209e-12
3.188707e-12
2.677664e-12
2.908005e-12
2.950591e-12
2.866238e-12
2.588535e-12
3.357628e-12
2.929767e-12
2.613352e-12
2.476543e-12
2.651729e-12
2.446700e-12
2.263189e-12
2.879336e-12
2.934685e-12
2.674506e-12
2.712678e-12
2.768990e-12
2.967294e-12
2.803663e-12
2.870987e-12
3.136876e-12
2.822923e-12
2.848881e-12
2.341104e-12
2.842259e-12
2.637486e-12
2.502718e-12
2.947255e-12
2.799782e-12
2.970771e-12
2.648118e-12
2.645893e-12
2.683230e-12
2.800061e-12
2.473567e-12
2.686945e-12
2.642804e-12
2.639483e-12
2.904857e-12
3.102940e-12
3.064031e-12
2.736786e-12
2.679553e-12
2.714532e-12
3.012967e-12
2.542778e-12
3.117322e-12
2.880676e-12
2.834368e-12
3.170347e-12
2.599863e-12
2.868754e-12
2.575995e-12
2.643118e-12
2.590106e-12
2.894394e-12
3.161306e-12
2.860342e-12
2.747160e-12
2.835584e-12
2.621214e-12
2.529648e-12
2.772086e-12
2.499497e-12
2.724499e-12
2.897159e-12
2.940159e-12
2.853601e-12
2.718611e-12
2.866951e-12
2.660499e-12
2.858674e-12
2.823808e-12
2.671853e-12
2.462375e-12
3.030340e-12
2.514561e-12
2.941321e-12
2.637195e-12
3.016278e-12
3.177484e-12
2.661342e-12
2.820619e-12
2.783746e-12
2.874456e-12
2.988301e-12
2.750757e-12
2.804726e-12
2.725627e-12
2.589054e-12
2.660447e-12
2.730311e-12
2.877230e-12
2.517361e-12
3.076332e-12
2.737366e-12
2.612389e-12
3.302983e-12
2.868343e-12
2.706085e-12
2.661949e-12
2.644105e-12
3.232041e-12
2.852398e-12
3.079355e-12
2.820608e-12
2.545098e-12
2.896117e-12
3.025836e-12
2.496584e-12
3.280468e-12
2.923896e-12
2.622943e-12
2.543090e-12
2.615785e-12
2.624960e-12
2.856499e-12
2.740463e-12
2.776485e-12
2.967094e-12
3.037899e-12
2.955547e-12
2.684190e-12
2.634705e-12
2.607374e-12
3.072517e-12
2.451043e-12
3.077582e-12
2.971849e-12
2.840836e-12
2.938577e-12
2.713662e-12
2.851849e-12
2.446477e-12
2.689378e-12
2.146915e-12
2.566132e-12
2.612770e-12
3.057163e-12
2.854221e-12
2.466401e-12
2.791439e-12
2.609155e-12
2.936441e-12
2.959805e-12
2.484243e-12
2.628181e-12
2.795478e-12
2.864821e-12
2.246232e-12
2.886183e-12
2.563320e-12
2.857130e-12
3.123235e-12
2.463651e-12
3.009780e-12
2.425602e-12
2.752259e-12
2.768241e-12
3.020420e-12
2.952495e-12
2.717621e-12
2.576163e-12
2.814009e-12
2.549810e-12
2.859085e-12
2.779247e-12
2.636704e-12
2.943152e-12
2.827684e-12
3.205745e-12
2.800494e-12
2.753170e-12
2.355605e-12
2.870043e-12
2.675714e-12
2.766854e-12
2.717543e-12
2.940619e-12
2.810271e-12
3.044388e-12
2.319810e-12
2.847438e-12
2.743880e-12
2.697005e-12
2.839860e-12
3.199267e-12
2.938670e-12
2.571375e-12
2.985381e-12
2.716080e-12
2.705629e-12
2.796401e-12
1.913797e-12
2.765730e-12
2.790583e-12
2.559432e-12
2.570610e-12
2.504515e-12
3.282880e-12
2.589265e-12
2.876801e-12
2.480392e-12
2.941572e-12
2.741039e-12
3.097393e-12
2.782720e-12
2.612784e-12
2.642133e-12
3.075223e-12
2.785800e-12
3.125843e-12
2.885241e-12
2.721529e-12
2.454860e-12
3.013370e-12
3.109688e-12
2.625798e-12
2.910286e-12
3.038585e-12
2.595435e-12
2.865151e-12
2.447753e-12
2.419791e-12
2.615832e-12
2.858525e-12
3.085195e-12
2.964682e-12
3.039858e-12
2.369101e-12
2.837176e-12
2.537184e-12
2.889362e-12
2.950156e-12
2.563342e-12
2.878862e-12
2.455558e-12
2.698068e-12
3.150585e-12
2.323645e-12
2.639863e-12
3.127085e-12
2.580043e-12
2.657956e-12
2.877478e-12
2.723799e-12
2.647863e-12
2.928378e-12
2.579613e-12
2.890004e-12
2.674794e-12
2.718232e-12
3.009360e-12
3.034255e-12
2.466898e-12
3.008816e-12
2.746326e-12
2.654183e-12
2.909158e-12
2.994764e-12
3.191139e-12
2.296736e-12
2.546185e-12
2.865814e-12
2.868758e-12
2.968979e-12
2.740008e-12
2.917574e-12
3.098179e-12
2.890399e-12
2.947307e-12
2.481006e-12
2.668706e-12
2.786198e-12
3.143665e-12
2.809028e-12
2.526996e-12
2.891731e-12
2.564305e-12
2.588423e-12
3.299976e-12
2.727581e-12
2.700924e-12
2.919128e-12
3.069499e-12
2.325125e-12
2.286861e-12
2.897126e-12
2.564109e-12
2.548083e-12
2.636501e-12
2.663067e-12
2.921988e-12
3.067142e-12
2.806964e-12
2.657961e-12
2.452061e-12
2.693199e-12
2.768335e-12
2.799713e-12
2.693125e-12
3.278214e-12
2.811924e-12
2.721166e-12
2.927735e-12
2.930638e-12
2.487392e-12
2.400102e-12
2.892017e-12
2.981096e-12
2.439667e-12
2.774942e-12
2.998174e-12
2.977927e-12
2.626851e-12
2.660216e-12
2.245704e-12
2.795548e-12
2.735356e-12
3.116551e-12
2.870829e-12
3.128857e-12
2.596901e-12
2.632560e-12
2.600857e-12
2.849829e-12
2.829781e-12
2.776393e-12
2.645836e-12
2.373304e-12
2.720577e-12
2.725315e-12
2.311561e-12
2.762249e-12
2.827277e-12
2.495002e-12
2.998552e-12
2.842475e-12
3.004607e-12
2.904947e-12
2.577515e-12
3.123308e-12
2.842742e-12
2.770218e-12
2.992803e-12
2.999093e-12
2.803255e-12
2.328788e-12
2.900703e-12
2.461454e-12
2.820671e-12
2.741552e-12
3.098018e-12
2.868101e-12
2.721141e-12
2.623782e-12
2.596009e-12
2.768037e-12
3.025445e-12
3.095820e-12
3.276997e-12
2.637095e-12
2.795510e-12
2.648067e-12
2.953747e-12
2.702171e-12
2.829601e-12
2.966547e-12
2.324413e-12
2.966632e-12
2.526582e-12
2.524108e-12
2.360150e-12
3.015642e-12
2.940643e-12
2.622294e-12
2.688440e-12
3.184982e-12
2.701485e-12
2.679301e-12
2.703061e-12
2.428181e-12
3.062276e-12
2.444307e-12
3.046226e-12
2.703750e-12
2.793367e-12
2.880763e-12
2.491352e-12
2.629723e-12
2.371579e-12
3.163396e-12
2.438388e-12
2.351847e-12
2.838421e-12
2.581124e-12
2.280566e-12
2.663763e-12
2.986473e-12
3.053161e-12
2.800791e-12
3.187018e-12
2.894299e-12
2.787688e-12
2.720537e-12
2.509028e-12
2.862283e-12
2.433954e-12
3.189022e-12
3.203264e-12
2.669510e-12
3.024426e-12
2.540106e-12
2.471249e-12
2.722929e-12
2.293857e-12
2.678711e-12
2.661747e-12
2.227156e-12
2.885632e-12
2.353867e-12
2.507271e-12
2.570918e-12
2.741097e-12
3.056989e-12
3.137377e-12
2.750261e-12
2.628427e-12
2.711698e-12
2.939212e-12
2.806788e-12
2.780037e-12
2.648169e-12
2.748358e-12
2.882072e-12
2.666304e-12
2.691129e-12
2.878755e-12
2.388279e-12
3.510479e-12
2.487965e-12
2.648191e-12
2.648504e-12
2.729260e-12
2.800644e-12
2.508114e-12
2.595620e-12
2.523979e-12
2.679798e-12
2.572711e-12
2.867257e-12
2.744846e-12
2.853189e-12
2.547942e-12
2.915423e-12
2.711358e-12
2.879567e-12
2.979701e-12
2.506216e-12
2.724547e-12
3.043124e-12
2.628458e-12
3.060588e-12
2.784359e-12
2.880284e-12
3.025651e-12
2.791844e-12
3.038953e-12
2.683141e-12
2.765410e-12
2.969801e-12
2.385209e-12
2.549355e-12
3.018371e-12
2.759595e-12
2.938009e-12
2.721105e-12
2.706306e-12
2.651221e-12
2.454154e-12
2.940145e-12
2.519049e-12
2.473961e-12
2.890544e-12
3.121354e-12
2.782180e-12
2.609348e-12
2.327244e-12
3.141390e-12
2.649568e-12
3.226510e-12
2.842074e-12
3.061220e-12
2.575635e-12
2.866712e-12
2.641413e-12
2.752320e-12
2.869713e-12
2.973351e-12
2.436473e-12
2.460421e-12
2.228841e-12
3.063723e-12
2.876636e-12
2.790718e-12
2.496223e-12
2.511414e-12
2.530270e-12
2.732560e-12
2.943260e-12
2.377776e-12
2.820314e-12
2.694813e-12
3.260223e-12
2.756689e-12
3.010001e-12
2.707168e-12
2.897244e-12
2.653386e-12
2.680427e-12
2.595899e-12
2.378321e-12
2.429498e-12
2.966459e-12
2.961802e-12
2.726325e-12
2.705785e-12
2.919139e-12
2.712164e-12
2.994242e-12
2.977546e-12
2.753674e-12
2.846191e-12
2.650330e-12
2.555234e-12
2.745941e-12
2.777832e-12
2.526817e-12
2.681413e-12
3.010650e-12
2.977339e-12
2.874769e-12
3.332097e-12
2.701045e-12
2.912910e-12
2.586527e-12
2.952906e-12
2.659277e-12
2.698496e-12
2.979055e-12
2.663326e-12
3.110453e-12
2.896706e-12
2.565223e-12
2.814066e-12
2.983337e-12
2.895606e-12
2.912920e-12
2.438579e-12
2.778985e-12
2.938904e-12
2.602830e-12
2.885795e-12
2.856414e-12
2.999373e-12
2.852182e-12
2.685722e-12
2.407756e-12
2.893173e-12
2.955238e-12
3.086806e-12
3.039038e-12
3.210853e-12
2.624983e-12
2.786880e-12
2.989668e-12
3.272711e-12
2.727952e-12
2.594574e-12
2.837837e-12
2.722467e-12
2.956460e-12
2.937681e-12
2.445957e-12
2.670453e-12
2.874918e-12
2.838375e-12
2.729268e-12
2.991499e-12
2.541852e-12
2.831311e-12
2.802190e-12
2.824254e-12
2.701162e-12
2.714063e-12
2.932075e-12
2.660396e-12
2.422439e-12
3.217279e-12
2.761557e-12
2.817101e-12
2.947338e-12
2.836319e-12
2.895949e-12
2.977558e-12
2.625450e-12
2.520098e-12
2.980642e-12
2.753485e-12
3.040171e-12
2.606193e-12
3.046076e-12
2.807951e-12
2.920710e-12
2.803923e-12
3.122373e-12
2.861494e-12
2.755197e-12
2.847894e-12
2.783765e-12
3.056614e-12
2.906365e-12
2.702610e-12
2.617352e-12
3.033422e-12
2.874006e-12
2.613569e-12
2.503696e-12
2.516978e-12
2.707420e-12
3.117252e-12
2.799614e-12
2.572793e-12
3.002277e-12
2.713392e-12
2.705758e-12
3.223876e-12
2.913602e-12
2.516852e-12
2.487367e-12
2.944239e-12
2.689979e-12
2.933404e-12
2.764482e-12
2.564313e-12
2.958631e-12
3.295091e-12
2.746192e-12
3.331448e-12
2.843676e-12
2.667633e-12
2.873023e-12
3.015054e-12
2.443038e-12
2.803982e-12
2.489449e-12
2.845919e-12
2.666930e-12
2.630036e-12
2.989535e-12
3.032690e-12
2.918428e-12
3.062304e-12
3.105034e-12
2.476256e-12
3.107835e-12
2.406200e-12
2.644970e-12
3.030149e-12
2.729762e-12
3.452387e-12
2.807172e-12
2.446899e-12
2.478818e-12
2.895566e-12
2.975406e-12
2.959357e-12
2.373380e-12
2.647186e-12
2.780103e-12
2.991197e-12
2.590766e-12
2.354293e-12
2.481954e-12
3.211707e-12
2.745012e-12
2.761360e-12
2.641961e-12
2.854118e-12
2.751331e-12
3.016989e-12
2.666207e-12
2.768001e-12
3.080002e-12
2.765784e-12
2.653899e-12
2.531612e-12
3.006171e-12
3.082884e-12
2.838057e-12
2.943753e-12
2.525611e-12
2.915955e-12
2.757595e-12
2.400709e-12
2.707683e-12
3.060564e-12
2.892396e-12
2.873924e-12
2.687173e-12
2.497599e-12
2.798592e-12
2.678013e-12
2.604435e-12
2.994619e-12
3.106487e-12
2.201719e-12
2.750147e-12
3.126872e-12
2.614568e-12
2.820936e-12
2.773563e-12
2.940757e-12
2.660820e-12
2.850802e-12
2.738517e-12
3.053362e-12
2.869656e-12
2.311664e-12
3.087579e-12
2.542994e-12
2.368269e-12
3.071492e-12
2.000284e-12
3.135585e-12
2.686516e-12
2.730246e-12
2.354798e-12
2.672698e-12
3.083347e-12
2.847830e-12
3.051863e-12
2.752339e-12
2.969250e-12
2.739515e-12
2.600026e-12
2.716996e-12
2.775529e-12
2.741529e-12
2.541627e-12
2.914119e-12
2.809453e-12
2.455510e-12
3.037571e-12
2.715300e-12
2.919537e-12
2.832607e-12
2.305962e-12
2.540562e-12
2.592885e-12
2.859846e-12
2.628847e-12
2.591571e-12
2.581052e-12
3.193037e-12
2.600282e-12
3.166570e-12
2.980611e-12
2.742071e-12
3.015289e-12
2.771120e-12
2.397045e-12
2.910235e-12
2.450671e-12
2.643511e-12
2.952331e-12
2.800198e-12
3.080781e-12
2.749024e-12
2.497906e-12
2.929837e-12
3.112052e-12
3.127077e-12
3.348544e-12
2.200766e-12
2.470273e-12
2.954641e-12
3.437650e-12
2.574704e-12
2.863982e-12
2.858669e-12
3.019002e-12
2.938442e-12
2.636577e-12
2.926083e-12
2.801103e-12
2.911430e-12
2.842706e-12
2.775920e-12
2.782975e-12
2.658958e-12
2.712936e-12
2.537834e-12
2.976850e-12
2.804665e-12
2.846109e-12
2.930537e-12
2.760385e-12
2.176848e-12
3.072374e-12
3.223996e-12
2.755080e-12
2.764865e-12
3.150512e-12
2.290046e-12
2.497802e-12
3.129412e-12
2.667156e-12
2.731949e-12
3.265921e-12
3.010865e-12
2.710362e-12
2.566441e-12
2.792834e-12
2.425656e-12
2.538301e-12
2.729240e-12
2.713437e-12
2.525377e-12
2.749261e-12
2.888601e-12
2.811888e-12
2.844414e-12
2.831234e-12
2.722040e-12
2.912721e-12
2.783193e-12
2.739035e-12
2.335282e-12
2.436165e-12
2.619075e-12
3.052966e-12
2.646198e-12
2.786947e-12
2.252813e-12
2.470043e-12
2.868216e-12
2.290605e-12
2.808082e-12
2.807452e-12
3.074187e-12
2.441926e-12
2.996382e-12
2.886352e-12
2.478026e-12
3.047980e-12
2.699391e-12
2.885755e-12
3.160225e-12
2.870192e-12
3.133130e-12
2.962178e-12
2.613630e-12
2.719712e-12
2.616802e-12
2.744842e-12
2.415888e-12
2.511084e-12
2.256363e-12
2.786913e-12
2.616637e-12
2.608034e-12
2.674316e-12
3.175074e-12
2.942085e-12
2.994992e-12
3.068531e-12
2.541896e-12
2.421559e-12
2.819218e-12
2.983210e-12
2.869518e-12
2.578307e-12
2.872619e-12
2.687523e-12
2.716154e-12
2.556805e-12
2.654923e-12
2.404719e-12
3.167672e-12
2.558700e-12
2.982927e-12
2.871759e-12
3.067590e-12
2.807332e-12
2.574767e-12
2.458843e-12
2.535401e-12
2.740676e-12
2.539734e-12
2.969765e-12
2.570483e-12
2.887535e-12
2.839683e-12
2.733678e-12
3.131201e-12
2.749067e-12
3.175695e-12
2.502922e-12
2.638594e-12
2.947375e-12
3.162043e-12
2.478778e-12
3.061715e-12
2.543057e-12
2.936980e-12
3.016568e-12
2.995267e-12
2.411677e-12
2.783085e-12
2.140273e-12
2.659907e-12
2.925051e-12
2.417055e-12
2.719122e-12
2.967800e-12
2.451727e-12
2.529899e-12
2.816398e-12
3.038930e-12
2.516966e-12
2.408261e-12
2.800555e-12
2.846118e-12
2.720553e-12
2.941135e-12
2.984077e-12
3.053691e-12
2.801278e-12
2.965639e-12
2.558556e-12
2.750406e-12
2.814027e-12
2.720311e-12
2.975658e-12
2.600648e-12
2.903414e-12
3.262600e-12
3.119702e-12
2.701547e-12
2.851028e-12
2.380779e-12
2.817685e-12
2.688557e-12
2.667224e-12
2.690170e-12
2.661444e-12
2.864850e-12
3.106163e-12
2.519577e-12
2.884772e-12
2.514542e-12
3.062093e-12
2.998309e-12
3.031542e-12
2.712212e-12
2.368144e-12
3.161904e-12
3.109043e-12
2.701545e-12
2.507417e-12
2.770975e-12
2.894114e-12
3.180711e-12
2.815514e-12
3.010458e-12
2.759040e-12
2.565038e-12
2.689239e-12
2.466493e-12
2.852914e-12
2.264411e-12
2.772640e-12
2.696414e-12
2.766890e-12
3.115950e-12
2.763938e-12
3.057486e-12
2.615834e-12
2.865938e-12
2.744210e-12
2.709163e-12
2.659066e-12
2.839208e-12
3.321560e-12
2.611444e-12
2.978028e-12
2.992769e-12
2.907172e-12
2.784736e-12
2.935108e-12
2.345336e-12
2.544482e-12
2.537926e-12
2.761167e-12
3.060618e-12
2.849103e-12
2.569408e-12
3.251605e-12
2.925272e-12
2.557502e-12
2.698693e-12
2.887061e-12
2.566729e-12
3.103830e-12
2.888641e-12
2.746409e-12
2.981059e-12
2.813508e-12
2.965712e-12
2.980843e-12
2.735545e-12
3.022361e-12
3.018106e-12
2.514183e-12
2.556184e-12
2.464677e-12
2.682076e-12
2.663749e-12
2.625846e-12
2.626624e-12
2.863372e-12
3.184322e-12
3.048516e-12
2.924761e-12
2.901353e-12
2.562239e-12
2.640115e-12
3.094783e-12
2.541530e-12
2.712672e-12
2.977316e-12
2.664765e-12
2.715643e-12
2.857966e-12
2.419634e-12
3.044681e-12
2.656723e-12
2.988798e-12
3.038696e-12
2.776487e-12
2.795548e-12
2.712389e-12
3.083366e-12
2.527193e-12
2.594891e-12
2.642852e-12
2.642213e-12
2.837838e-12
3.009015e-12
2.630024e-12
2.868559e-12
3.247631e-12
2.946154e-12
2.751120e-12
2.934311e-12
2.918580e-12
2.849106e-12
2.809505e-12
2.621657e-12
2.620474e-12
3.020230e-12
2.505120e-12
3.067833e-12
2.356556e-12
2.876381e-12
3.026359e-12
2.940886e-12
2.249064e-12
2.396201e-12
2.746351e-12
2.912788e-12
3.135847e-12
2.654837e-12
2.975123e-12
3.043306e-12
2.573893e-12
3.044366e-12
2.853011e-12
2.475233e-12
2.565407e-12
2.524266e-12
3.378161e-12
2.871799e-12
2.677601e-12
3.251821e-12
2.926149e-12
2.800875e-12
2.853939e-12
2.868637e-12
2.393368e-12
2.517441e-12
2.946260e-12
2.856966e-12
2.877850e-12
2.249280e-12
3.083793e-12
3.039393e-12
2.923840e-12
2.701046e-12
2.775322e-12
2.834991e-12
2.742921e-12
2.734123e-12
2.996461e-12
3.174625e-12
2.953024e-12
2.841736e-12
2.869503e-12
3.010406e-12
2.964927e-12
2.605118e-12
2.610816e-12
3.011802e-12
2.645604e-12
2.971397e-12
2.993377e-12
3.242043e-12
2.770142e-12
2.954014e-12
3.101433e-12
2.510765e-12
3.086904e-12
2.777565e-12
3.279194e-12
2.881123e-12
3.065596e-12
2.397731e-12
2.745623e-12
2.709799e-12
2.759080e-12
2.490626e-12
2.785559e-12
2.929252e-12
2.809096e-12
2.700831e-12
2.816866e-12
2.630519e-12
2.854809e-12
2.889108e-12
2.513641e-12
3.145312e-12
2.640141e-12
2.677286e-12
2.722445e-12
2.964434e-12
2.425265e-12
2.855675e-12
2.903197e-12
2.964670e-12
2.866355e-12
2.881644e-12
2.761044e-12
3.020885e-12
2.771172e-12
2.479505e-12
2.746431e-12
2.328097e-12
2.763079e-12
2.841927e-12
2.636057e-12
2.720594e-12
2.817942e-12
2.914266e-12
2.894070e-12
2.619832e-12
2.935923e-12
2.624182e-12
2.872494e-12
2.639457e-12
3.265139e-12
2.667830e-12
3.075007e-12
2.753263e-12
2.453405e-12
2.873935e-12
2.601815e-12
2.568009e-12
2.567379e-12
2.428159e-12
2.649884e-12
2.629282e-12
2.790685e-12
2.993280e-12
2.755978e-12
2.612282e-12
2.925177e-12
3.033291e-12
2.877045e-12
2.634445e-12
2.564470e-12
2.729277e-12
2.923584e-12
2.602122e-12
3.239074e-12
3.064178e-12
3.112188e-12
2.529744e-12
2.615697e-12
2.695587e-12
2.888676e-12
2.614251e-12
2.689872e-12
2.909895e-12
2.828998e-12
2.747645e-12
2.910451e-12
2.447908e-12
2.379827e-12
2.990882e-12
2.786067e-12
2.855379e-12
2.537982e-12
2.529525e-12
3.006300e-12
2.488048e-12
2.685827e-12
2.455280e-12
2.783014e-12
2.776341e-12
2.952519e-12
2.916155e-12
2.940868e-12
3.177790e-12
2.752707e-12
2.728705e-12
3.400182e-12
2.587944e-12
2.831929e-12
2.907874e-12
2.839667e-12
2.429142e-12
2.521333e-12
2.638498e-12
2.658589e-12
2.612567e-12
2.974566e-12
2.762127e-12
2.688553e-12
2.623917e-12
2.619468e-12
3.068460e-12
2.586945e-12
2.729000e-12
2.528543e-12
3.115796e-12
2.462942e-12
2.629097e-12
3.231381e-12
3.054621e-12
2.868437e-12
2.753896e-12
2.480054e-12
2.846107e-12
2.846100e-12
2.716252e-12
2.993814e-12
2.912533e-12
2.861940e-12
2.975969e-12
3.274972e-12
2.752315e-12
2.789874e-12
2.854815e-12
2.737979e-12
2.786348e-12
2.950865e-12
2.480515e-12
2.573961e-12
2.929477e-12
2.539298e-12
2.921218e-12
3.154824e-12
2.760648e-12
2.710880e-12
2.755291e-12
3.318558e-12
2.824160e-12
2.812393e-12
3.312426e-12
2.707099e-12
2.496320e-12
2.559073e-12
2.530280e-12
2.162724e-12
2.877452e-12
3.062199e-12
3.042662e-12
2.843751e-12
2.867600e-12
2.906204e-12
2.447425e-12
2.789941e-12
2.082207e-12
2.797634e-12
2.691920e-12
2.890807e-12
2.878060e-12
3.005536e-12
2.533339e-12
2.887186e-12
2.236343e-12
2.639891e-12
2.615207e-12
2.966327e-12
3.102806e-12
3.008649e-12
2.753319e-12
2.618762e-12
2.745268e-12
2.758878e-12
2.583987e-12
2.673644e-12
2.930923e-12
2.464408e-12
2.718692e-12
2.735957e-12
2.629492e-12
2.985446e-12
2.967067e-12
3.128651e-12
3.175315e-12
2.486461e-12
2.761407e-12
2.907898e-12
2.759547e-12
2.755031e-12
2.879549e-12
2.974539e-12
2.707138e-12
2.781458e-12
2.494020e-12
2.745145e-12
2.667635e-12
2.630584e-12
2.900236e-12
2.765843e-12
2.870589e-12
2.806018e-12
2.682822e-12
2.532945e-12
2.929227e-12
2.840609e-12
3.022493e-12
2.558229e-12
2.581185e-12
2.568357e-12
2.919728e-12
2.795066e-12
2.369928e-12
2.740315e-12
2.998829e-12
2.767561e-12
2.604670e-12
2.924576e-12
2.753408e-12
2.613918e-12
2.687784e-12
3.047266e-12
2.861305e-12
2.779363e-12
2.937300e-12
3.279211e-12
3.020556e-12
3.246291e-12
2.646358e-12
3.099379e-12
2.982250e-12
2.597833e-12
2.938027e-12
2.866552e-12
2.928305e-12
2.662827e-12
2.604510e-12
3.041577e-12
3.047055e-12
2.389378e-12
2.536030e-12
3.077761e-12
3.016273e-12
2.782216e-12
2.743082e-12
2.772112e-12
2.649859e-12
2.609420e-12
2.640978e-12
3.033205e-12
2.523889e-12
2.711119e-12
2.855291e-12
2.893675e-12
2.932513e-12
2.990438e-12
3.024707e-12
3.061991e-12
2.454820e-12
2.709377e-12
2.742672e-12
3.070038e-12
3.168794e-12
2.506751e-12
2.868959e-12
2.893162e-12
2.962939e-12
2.792572e-12
2.812830e-12
2.529778e-12
2.625360e-12
3.058599e-12
2.981128e-12
2.643907e-12
2.786701e-12
2.805003e-12
2.554050e-12
2.850711e-12
2.929942e-12
2.692971e-12
2.680210e-12
2.840328e-12
2.942996e-12
3.073772e-12
3.025457e-12
2.280507e-12
2.910632e-12
2.560705e-12
2.482072e-12
2.850428e-12
2.617291e-12
2.590753e-12
2.882968e-12
2.640717e-12
2.524689e-12
2.853600e-12
3.170950e-12
2.917810e-12
2.772456e-12
2.462409e-12
2.588269e-12
2.738915e-12
2.850563e-12
2.816538e-12
2.868381e-12
2.618196e-12
2.864091e-12
2.671242e-12
2.787286e-12
2.607686e-12
2.658917e-12
2.691495e-12
2.721771e-12
2.786865e-12
3.061482e-12
3.531063e-12
2.890973e-12
2.749362e-12
2.802552e-12
2.561129e-12
3.134088e-12
2.447012e-12
2.992775e-12
2.537225e-12
2.802058e-12
2.668762e-12
2.583949e-12
2.774367e-12
2.922102e-12
3.188181e-12
3.171624e-12
2.690431e-12
3.082568e-12
2.595537e-12
2.489185e-12
2.784070e-12
2.770463e-12
3.000145e-12
2.775192e-12
3.028737e-12
2.392857e-12
2.891521e-12
2.622261e-12
3.017151e-12
2.972419e-12
2.789307e-12
3.193487e-12
2.740252e-12
3.009270e-12
3.165992e-12
2.578776e-12
2.692141e-12
3.533690e-12
2.702602e-12
3.194375e-12
2.690059e-12
2.943882e-12
2.742026e-12
3.035787e-12
3.110537e-12
2.821062e-12
2.439499e-12
2.865884e-12
3.049000e-12
2.945238e-12
2.869211e-12
2.556906e-12
2.724829e-12
2.684769e-12
2.691502e-12
2.603668e-12
2.418487e-12
2.735281e-12
2.560676e-12
2.811692e-12
2.830314e-12
2.684423e-12
2.548609e-12
2.867515e-12
2.654827e-12
2.703199e-12
2.987544e-12
2.653341e-12
2.976126e-12
2.845141e-12
2.571167e-12
2.600636e-12
2.864708e-12
2.731722e-12
2.973139e-12
2.790729e-12
2.779861e-12
3.043228e-12
2.386436e-12
2.803647e-12
2.932933e-12
2.837051e-12
2.423346e-12
2.745843e-12
2.787643e-12
2.613899e-12
2.953612e-12
2.683295e-12
2.817879e-12
2.954438e-12
2.603069e-12
2.969500e-12
2.996871e-12
2.384583e-12
2.666180e-12
2.313397e-12
2.701892e-12
3.154408e-12
2.632627e-12
2.917817e-12
3.355292e-12
2.777480e-12
2.879191e-12
2.451313e-12
2.575186e-12
3.038240e-12
2.918744e-12
3.126105e-12
2.984823e-12
2.529133e-12
2.753387e-12
2.890859e-12
3.412149e-12
2.787604e-12
2.650455e-12
2.949374e-12
2.698384e-12
2.654557e-12
2.462767e-12
2.787644e-12
2.686944e-12
2.696939e-12
2.511183e-12
2.982067e-12
2.916914e-12
2.916122e-12
3.037232e-12
2.649155e-12
2.785329e-12
2.805690e-12
2.739177e-12
2.800853e-12
2.701503e-12
2.569156e-12
2.904516e-12
2.437485e-12
2.774700e-12
2.814795e-12
2.516964e-12
2.393365e-12
2.663785e-12
2.906279e-12
2.926765e-12
2.706910e-12
2.654369e-12
3.012757e-12
2.629224e-12
2.658053e-12
2.988082e-12
2.334083e-12
2.790403e-12
3.127500e-12
3.070668e-12
3.001687e-12
2.920963e-12
2.985295e-12
2.880556e-12
3.260578e-12
3.428212e-12
2.903015e-12
2.865785e-12
2.681596e-12
2.905241e-12
2.829663e-12
2.849177e-12
2.892581e-12
2.926581e-12
2.588833e-12
2.829856e-12
2.731569e-12
2.810804e-12
2.567611e-12
2.877015e-12
2.640756e-12
2.910402e-12
2.685747e-12
2.532258e-12
2.376598e-12
2.853625e-12
2.765895e-12
2.688633e-12
2.646622e-12
2.995836e-12
2.578584e-12
2.900166e-12
2.857621e-12
2.633141e-12
2.568953e-12
3.026959e-12
3.053973e-12
2.723756e-12
2.884770e-12
2.785761e-12
2.968951e-12
2.755438e-12
2.868031e-12
2.780503e-12
2.586357e-12
2.645188e-12
2.934689e-12
2.791916e-12
2.880803e-12
2.897284e-12
2.492726e-12
3.026133e-12
3.159619e-12
2.976838e-12
2.310511e-12
3.013714e-12
2.938797e-12
3.232242e-12
3.087237e-12
3.244268e-12
2.857993e-12
3.045078e-12
2.897169e-12
2.695154e-12
2.764207e-12
2.992336e-12
2.626188e-12
2.738600e-12
2.809908e-12
3.090085e-12
2.884037e-12
2.832709e-12
2.962448e-12
2.956943e-12
2.471090e-12
2.543607e-12
2.694384e-12
3.082461e-12
2.590569e-12
3.032727e-12
3.139534e-12
2.723396e-12
2.890195e-12
2.906806e-12
2.843197e-12
2.538310e-12
2.465164e-12
2.538132e-12
2.746778e-12
2.593533e-12
2.532565e-12
2.496158e-12
2.764228e-12
2.643995e-12
2.412754e-12
2.662825e-12
2.378761e-12
2.627685e-12
2.440646e-12
2.629407e-12
2.519167e-12
3.203745e-12
2.794070e-12
2.828010e-12
2.458592e-12
3.034398e-12
2.812488e-12
2.768238e-12
2.902483e-12
2.615228e-12
2.878444e-12
2.871882e-12
2.597135e-12
2.591907e-12
2.560550e-12
2.965491e-12
2.852808e-12
2.896676e-12
2.698386e-12
2.588488e-12
2.774687e-12
2.883805e-12
2.676906e-12
2.849544e-12
2.897035e-12
2.663007e-12
2.754642e-12
2.976390e-12
2.438264e-12
2.891662e-12
2.541435e-12
2.822825e-12
2.692994e-12
3.383106e-12
2.870881e-12
2.673199e-12
2.738785e-12
2.787302e-12
2.790010e-12
3.159755e-12
2.843182e-12
2.660139e-12
2.373773e-12
2.838063e-12
2.932466e-12
2.454350e-12
2.972213e-12
3.054535e-12
2.569953e-12
3.029979e-12
2.762363e-12
2.569647e-12
2.835399e-12
2.719220e-12
2.781461e-12
2.749876e-12
3.185995e-12
2.742919e-12
2.932155e-12
2.659675e-12
2.582114e-12
2.741793e-12
2.739164e-12
2.840787e-12
2.995223e-12
2.369243e-12
2.890174e-12
2.513800e-12
3.126436e-12
2.945228e-12
2.731067e-12
2.870791e-12
2.847203e-12
2.838883e-12
2.750177e-12
3.134654e-12
2.644103e-12
2.879283e-12
2.867873e-12
2.845678e-12
2.809022e-12
2.659425e-12
2.516980e-12
2.960191e-12
2.689430e-12
3.146118e-12
3.014627e-12
2.736464e-12
3.129005e-12
2.527509e-12
2.531348e-12
2.533092e-12
2.726688e-12
2.507910e-12
2.791398e-12
2.691167e-12
3.036033e-12
2.870064e-12
2.878189e-12
2.793038e-12
2.450087e-12
2.819440e-12
2.802217e-12
2.575849e-12
2.765657e-12
2.609452e-12
2.870209e-12
2.658639e-12
2.673272e-12
2.817828e-12
2.600239e-12
2.818000e-12
3.106127e-12
3.026875e-12
2.780897e-12
2.873439e-12
2.802270e-12
2.968320e-12
2.849625e-12
2.601179e-12
2.705151e-12
2.912195e-12
2.979018e-12
2.623016e-12
2.530818e-12
2.880174e-12
2.941222e-12
2.679232e-12
2.632418e-12
3.093910e-12
2.984264e-12
2.391583e-12
3.056902e-12
3.324456e-12
3.007430e-12
2.715134e-12
2.720140e-12
2.686660e-12
2.840735e-12
2.640036e-12
2.952808e-12
2.695039e-12
3.009407e-12
2.663243e-12
2.580649e-12
2.714994e-12
2.848020e-12
2.881502e-12
2.845940e-12
2.770223e-12
2.715711e-12
3.092631e-12
2.819262e-12
2.950400e-12
3.191731e-12
3.118265e-12
2.750945e-12
2.680803e-12
2.769063e-12
2.941988e-12
2.592782e-12
2.764964e-12
2.661006e-12
3.065013e-12
2.823631e-12
2.682032e-12
3.012719e-12
2.605767e-12
3.200727e-12
3.016450e-12
3.099619e-12
2.856362e-12
2.956714e-12
2.902319e-12
2.667376e-12
3.147747e-12
2.919992e-12
2.982565e-12
2.530286e-12
2.922386e-12
2.662733e-12
2.512044e-12
3.054378e-12
2.490125e-12
2.783162e-12
2.410186e-12
2.761087e-12
2.693681e-12
3.000073e-12
2.493146e-12
2.768149e-12
2.478062e-12
2.816889e-12
2.848177e-12
3.010435e-12
2.753480e-12
2.895582e-12
2.970103e-12
2.910895e-12
2.514799e-12
2.896521e-12
2.602378e-12
2.602159e-12
2.882089e-12
2.578292e-12
2.810296e-12
2.797997e-12
3.106612e-12
2.838065e-12
2.649140e-12
2.535320e-12
2.938143e-12
2.605080e-12
2.624301e-12
2.878440e-12
2.843217e-12
2.555087e-12
2.706055e-12
2.650288e-12
2.644052e-12
2.550491e-12
2.847892e-12
2.524485e-12
2.850290e-12
2.706005e-12
2.724615e-12
2.724686e-12
2.533022e-12
2.692028e-12
2.684678e-12
2.792008e-12
2.820915e-12
2.804773e-12
2.774530e-12
2.946131e-12
2.697086e-12
2.417327e-12
2.779337e-12
2.647031e-12
2.854233e-12
3.045033e-12
2.563166e-12
2.683178e-12
2.550966e-12
3.182412e-12
2.773424e-12
2.520502e-12
2.646324e-12
2.735075e-12
2.990471e-12
2.667765e-12
2.497273e-12
3.030138e-12
2.806862e-12
3.243189e-12
2.809099e-12
2.924270e-12
2.858901e-12
2.910494e-12
2.620915e-12
2.632674e-12
2.747643e-12
2.922709e-12
3.167444e-12
2.988271e-12
2.843527e-12
3.172307e-12
2.607529e-12
3.309571e-12
2.731036e-12
2.949634e-12
2.827825e-12
2.721907e-12
3.123489e-12
2.665818e-12
2.721897e-12
2.717810e-12
2.945108e-12
2.555921e-12
2.858241e-12
3.157142e-12
2.796947e-12
2.371396e-12
2.690027e-12
2.731388e-12
2.678412e-12
2.614393e-12
3.051605e-12
2.447485e-12
2.610816e-12
2.704330e-12
3.025443e-12
2.851891e-12
2.490921e-12
2.737530e-12
2.811580e-12
2.764207e-12
2.838075e-12
2.099604e-12
2.406267e-12
2.534890e-12
2.884704e-12
2.716361e-12
2.808785e-12
2.821625e-12
3.108279e-12
3.050210e-12
2.567582e-12
2.650595e-12
2.476046e-12
2.859583e-12
2.646400e-12
2.497697e-12
2.952564e-12
2.617796e-12
2.917735e-12
2.994488e-12
2.971791e-12
2.800684e-12
2.755915e-12
2.889042e-12
2.817195e-12
2.735486e-12
2.860340e-12
2.704057e-12
3.080833e-12
2.767423e-12
2.843867e-12
2.890124e-12
2.597045e-12
2.351529e-12
2.499862e-12
2.871816e-12
2.799549e-12
3.208811e-12
2.558091e-12
2.497110e-12
2.585763e-12
2.787139e-12
2.652975e-12
2.718853e-12
2.673951e-12
2.881954e-12
2.927925e-12
2.697633e-12
2.764449e-12
2.864323e-12
2.883599e-12
2.860772e-12
2.747074e-12
3.074732e-12
2.678305e-12
3.108053e-12
3.016391e-12
3.075971e-12
2.900970e-12
2.989132e-12
2.670341e-12
3.057946e-12
3.109006e-12
2.876675e-12
3.020268e-12
2.649654e-12
2.764773e-12
3.125096e-12
2.466734e-12
2.930733e-12
2.907197e-12
2.543566e-12
2.712080e-12
2.935407e-12
2.501350e-12
3.140634e-12
2.649932e-12
2.525157e-12
2.717341e-12
2.548316e-12
3.233140e-12
2.862198e-12
2.728019e-12
3.036142e-12
2.694020e-12
2.740183e-12
2.724577e-12
2.806548e-12
2.707508e-12
2.859097e-12
2.974218e-12
2.949808e-12
2.723427e-12
3.146705e-12
3.036462e-12
2.740490e-12
2.628001e-12
2.675657e-12
3.040178e-12
2.340601e-12
2.474255e-12
2.445868e-12
3.009581e-12
2.843897e-12
2.476859e-12
2.344879e-12
3.260482e-12
2.594510e-12
3.003109e-12
2.945403e-12
2.539575e-12
2.930059e-12
3.091544e-12
2.747854e-12
2.847520e-12
2.796534e-12
2.607934e-12
2.879836e-12
2.965365e-12
2.522827e-12
2.731064e-12
2.874787e-12
2.413822e-12
3.087985e-12
2.830267e-12
3.244353e-12
2.634632e-12
3.237489e-12
2.688378e-12
2.630255e-12
3.018135e-12
2.453312e-12
2.990539e-12
2.792675e-12
3.058305e-12
2.902510e-12
2.507874e-12
2.713401e-12
2.735776e-12
3.132957e-12
3.239942e-12
2.743023e-12
2.418133e-12
2.959294e-12
2.740178e-12
2.499845e-12
3.320320e-12
3.093102e-12
2.828403e-12
2.811414e-12
2.850586e-12
3.112853e-12
2.774352e-12
3.002931e-12
2.718838e-12
2.869496e-12
2.418332e-12
3.019084e-12
3.025148e-12
2.753530e-12
2.892281e-12
3.087343e-12
2.435390e-12
2.778522e-12
2.922616e-12
2.697593e-12
3.020480e-12
2.990929e-12
2.478444e-12
2.770406e-12
2.138984e-12
2.794139e-12
2.896655e-12
2.856593e-12
3.135392e-12
3.001099e-12
3.118160e-12
2.436315e-12
2.669472e-12
3.186282e-12
2.977116e-12
2.961442e-12
2.768408e-12
2.595281e-12
3.071253e-12
3.062941e-12
2.404375e-12
2.721019e-12
2.658766e-12
2.518095e-12
2.910449e-12
2.783060e-12
2.650660e-12
2.945228e-12
2.770050e-12
2.425972e-12
2.929452e-12
2.711980e-12
2.915377e-12
2.686211e-12
3.022099e-12
2.735895e-12
2.795190e-12
3.023483e-12
2.974954e-12
2.888255e-12
2.870022e-12
2.690486e-12
2.513220e-12
2.612165e-12
3.005482e-12
2.867841e-12
2.732191e-12
2.985095e-12
2.863917e-12
2.879989e-12
2.786464e-12
2.795196e-12
2.762703e-12
2.424604e-12
2.857344e-12
2.697915e-12
2.986208e-12
2.948477e-12
2.627829e-12
2.550010e-12
3.062988e-12
2.774145e-12
2.907402e-12
2.860257e-12
2.760786e-12
3.005390e-12
2.492268e-12
2.710174e-12
3.186895e-12
2.538849e-12
2.868778e-12
2.824890e-12
3.020119e-12
3.172757e-12
2.496052e-12
2.364040e-12
2.715897e-12
2.912814e-12
2.713515e-12
2.954237e-12
2.615997e-12
2.996544e-12
2.461785e-12
3.075921e-12
2.694944e-12
2.646510e-12
2.689104e-12
2.706166e-12
2.691982e-12
3.020692e-12
2.645644e-12
2.744380e-12
2.516326e-12
2.718226e-12
2.699086e-12
2.820872e-12
2.899818e-12
2.925861e-12
2.783636e-12
2.772138e-12
2.747819e-12
2.920862e-12
3.067171e-12
2.833715e-12
2.936835e-12
2.640442e-12
2.969761e-12
3.085452e-12
2.769496e-12
2.849449e-12
2.872567e-12
2.617264e-12
2.822793e-12
2.752086e-12
2.969545e-12
2.573790e-12
3.026231e-12
2.799387e-12
2.789988e-12
2.640879e-12
3.074714e-12
2.806244e-12
2.482233e-12
2.398770e-12
2.429453e-12
2.807727e-12
2.573701e-12
3.386295e-12
2.690333e-12
2.613143e-12
2.963567e-12
2.831114e-12
2.879491e-12
2.993645e-12
2.991364e-12
2.906490e-12
2.742810e-12
2.841079e-12
2.606969e-12
2.672286e-12
2.720289e-12
2.893779e-12
2.966814e-12
2.747796e-12
2.574763e-12
2.460302e-12
2.720768e-12
2.725243e-12
2.483271e-12
3.107197e-12
2.721436e-12
2.691871e-12
2.463523e-12
2.655552e-12
2.814294e-12
2.493282e-12
2.958242e-12
2.428116e-12
3.054161e-12
3.106581e-12
2.944338e-12
2.369713e-12
2.921691e-12
3.152995e-12
2.635855e-12
2.775676e-12
2.822945e-12
2.734211e-12
2.875221e-12
3.184195e-12
2.853135e-12
2.972652e-12
2.861485e-12
2.842163e-12
2.717086e-12
2.724779e-12
2.831121e-12
2.742047e-12
2.317262e-12
3.034791e-12
2.723459e-12
3.102409e-12
2.805568e-12
2.972883e-12
3.123043e-12
2.919195e-12
3.014572e-12
2.914274e-12
2.945826e-12
2.903464e-12
2.643085e-12
2.271976e-12
3.129249e-12
3.059621e-12
2.883510e-12
2.860743e-12
2.734845e-12
3.067415e-12
2.901063e-12
2.677161e-12
2.669073e-12
3.306596e-12
2.834268e-12
2.704722e-12
2.981198e-12
2.984918e-12
3.052457e-12
2.641962e-12
2.552652e-12
2.540201e-12
2.906948e-12
2.671630e-12
2.960438e-12
2.768958e-12
2.748479e-12
2.649127e-12
1.955854e-12
2.701664e-12
2.939532e-12
2.640832e-12
2.541799e-12
3.003317e-12
2.248525e-12
2.465624e-12
2.883304e-12
2.834597e-12
2.410747e-12
2.273829e-12
2.826008e-12
2.349440e-12
2.851051e-12
2.798903e-12
2.709468e-12
2.729401e-12
2.815267e-12
3.144005e-12
2.666934e-12
2.743000e-12
2.690496e-12
2.777162e-12
2.620141e-12
2.718525e-12
2.699897e-12
3.033131e-12
2.456121e-12
2.609159e-12
2.555849e-12
2.659268e-12
3.023285e-12
3.048204e-12
2.889667e-12
2.777999e-12
3.000786e-12
2.831266e-12
2.380258e-12
2.505592e-12
2.700247e-12
2.591911e-12
2.524473e-12
2.435992e-12
3.103148e-12
3.083911e-12
2.622483e-12
2.499173e-12
2.624059e-12
3.096960e-12
2.712734e-12
3.098869e-12
2.496457e-12
2.932135e-12
2.724975e-12
2.501684e-12
2.423207e-12
2.555146e-12
3.010266e-12
2.528116e-12
2.932599e-12
3.056341e-12
2.470086e-12
2.726674e-12
2.464637e-12
2.693470e-12
2.922955e-12
2.658691e-12
2.704689e-12
2.787742e-12
2.577749e-12
2.788070e-12
2.567196e-12
2.905294e-12
3.156401e-12
2.737974e-12
2.896014e-12
3.041961e-12
2.914276e-12
2.770335e-12
2.657476e-12
2.954773e-12
2.642342e-12
2.657204e-12
2.757340e-12
2.912314e-12
3.103441e-12
2.771714e-12
2.182477e-12
2.797455e-12
3.134556e-12
2.999173e-12
2.757887e-12
2.527883e-12
2.651238e-12
2.730556e-12
2.873055e-12
2.740290e-12
2.665114e-12
2.835395e-12
3.125350e-12
2.724321e-12
2.510418e-12
2.790594e-12
2.606192e-12
2.680206e-12
2.985534e-12
2.788171e-12
2.893304e-12
2.934014e-12
2.955688e-12
2.709197e-12
2.864958e-12
2.934493e-12
2.914462e-12
2.992783e-12
2.660001e-12
2.646342e-12
2.802086e-12
2.901240e-12
2.561168e-12
2.829716e-12
2.373324e-12
2.489627e-12
2.563171e-12
3.003608e-12
2.483242e-12
2.472625e-12
2.993678e-12
2.702145e-12
3.191833e-12
2.940212e-12
2.972319e-12
2.670502e-12
3.423735e-12
2.435587e-12
2.797615e-12
2.879717e-12
2.522295e-12
2.772612e-12
2.825562e-12
2.788002e-12
2.158797e-12
2.823227e-12
2.804119e-12
2.638613e-12
2.945931e-12
2.418280e-12
2.635321e-12
2.565069e-12
2.744149e-12
2.557945e-12
2.729108e-12
2.307260e-12
2.568841e-12
2.987160e-12
2.613926e-12
2.272421e-12
2.700722e-12
3.025306e-12
2.649650e-12
2.723980e-12
3.220709e-12
2.984759e-12
2.572577e-12
2.542196e-12
2.896502e-12
3.055728e-12
2.719172e-12
2.980904e-12
2.620166e-12
2.552726e-12
2.405190e-12
2.864679e-12
2.802871e-12
2.699147e-12
2.925850e-12
3.053535e-12
2.878383e-12
2.583398e-12
2.180785e-12
2.813714e-12
2.848245e-12
2.822808e-12
2.809559e-12
3.089319e-12
3.057159e-12
2.998517e-12
2.585772e-12
2.466378e-12
2.948042e-12
2.653042e-12
3.128443e-12
2.754978e-12
2.745666e-12
3.020025e-12
2.806737e-12
2.588092e-12
2.912139e-12
2.811873e-12
2.867163e-12
2.847673e-12
2.415198e-12
2.840359e-12
3.070253e-12
2.990174e-12
2.585745e-12
3.187006e-12
2.546278e-12
2.778305e-12
2.504142e-12
3.020102e-12
3.155469e-12
2.778487e-12
2.711510e-12
2.578127e-12
2.926372e-12
2.875802e-12
3.012526e-12
2.704651e-12
2.948176e-12
2.659341e-12
2.576151e-12
2.958291e-12
2.812492e-12
2.631204e-12
3.203825e-12
2.905805e-12
2.744034e-12
2.808080e-12
3.030401e-12
3.010239e-12
2.645997e-12
2.454286e-12
3.237743e-12
2.946448e-12
2.602755e-12
2.736203e-12
3.147898e-12
2.875575e-12
2.849591e-12
2.262147e-12
2.989496e-12
3.197163e-12
3.140392e-12
3.027985e-12
3.067356e-12
3.284279e-12
3.019982e-12
2.484328e-12
2.711389e-12
2.531820e-12
2.567323e-12
2.251217e-12
2.948844e-12
2.892712e-12
2.717281e-12
2.779602e-12
2.882231e-12
2.581851e-12
2.942073e-12
2.936272e-12
2.756670e-12
3.126089e-12
3.385239e-12
2.747276e-12
2.460117e-12
2.839810e-12
2.750368e-12
3.022009e-12
2.893317e-12
2.854895e-12
2.318371e-12
2.711771e-12
2.585739e-12
2.507841e-12
3.267372e-12
2.790116e-12
2.442573e-12
2.787066e-12
2.820798e-12
2.656229e-12
2.734192e-12
2.500511e-12
3.165813e-12
2.498989e-12
2.964290e-12
2.742969e-12
2.472791e-12
2.840825e-12
2.716175e-12
2.515367e-12
2.845240e-12
2.808984e-12
2.785804e-12
3.028148e-12
2.545521e-12
2.806689e-12
2.443328e-12
2.749274e-12
3.138653e-12
2.778052e-12
2.890070e-12
2.866244e-12
2.628938e-12
2.473873e-12
2.976531e-12
2.740913e-12
3.275005e-12
2.547119e-12
2.411593e-12
3.040313e-12
2.881401e-12
2.381011e-12
2.663930e-12
2.934966e-12
2.818131e-12
2.646319e-12
2.714913e-12
3.338284e-12
2.809124e-12
2.566287e-12
2.442923e-12
2.607997e-12
2.806671e-12
3.055907e-12
2.598672e-12
2.706621e-12
2.827803e-12
2.669305e-12
3.029843e-12
2.931658e-12
2.894249e-12
2.423804e-12
2.722429e-12
2.645319e-12
2.770479e-12
2.609869e-12
2.964243e-12
2.561019e-12
2.709273e-12
2.652086e-12
2.515482e-12
2.864768e-12
2.433808e-12
2.743852e-12
2.504269e-12
2.779351e-12
2.747756e-12
3.007075e-12
2.921001e-12
2.540586e-12
2.866701e-12
2.712258e-12
3.036764e-12
2.490370e-12
2.828750e-12
2.575105e-12
2.770099e-12
2.597800e-12
3.178119e-12
2.760395e-12
2.500225e-12
2.983246e-12
2.801880e-12
3.179553e-12
2.537838e-12
2.585800e-12
2.856128e-12
2.580972e-12
3.058837e-12
2.695768e-12
2.834579e-12
2.941285e-12
2.698196e-12
2.980975e-12
2.781327e-12
2.565508e-12
2.695301e-12
2.652593e-12
2.532989e-12
2.556129e-12
2.869144e-12
2.830515e-12
2.627955e-12
2.545954e-12
2.862955e-12
2.877816e-12
2.824336e-12
3.167531e-12
2.722001e-12
3.187161e-12
2.593237e-12
3.005264e-12
2.709386e-12
2.820587e-12
3.172191e-12
2.489543e-12
2.350168e-12
2.744218e-12
2.511564e-12
2.804012e-12
2.716238e-12
2.759236e-12
3.118951e-12
2.736249e-12
3.071485e-12
2.742765e-12
2.509922e-12
2.626436e-12
2.508693e-12
2.977827e-12
3.123417e-12
2.898470e-12
2.601824e-12
2.712944e-12
3.045966e-12
2.736066e-12
2.936970e-12
2.456066e-12
2.769370e-12
2.782630e-12
2.963154e-12
2.859426e-12
2.871018e-12
3.058801e-12
2.519753e-12
2.859321e-12
2.722906e-12
2.713851e-12
3.149343e-12
2.958385e-12
2.613260e-12
2.939961e-12
2.586491e-12
2.683031e-12
2.583919e-12
2.383968e-12
2.882442e-12
2.848633e-12
2.535627e-12
2.768524e-12
3.353516e-12
2.442465e-12
3.114425e-12
2.919855e-12
2.937548e-12
2.289473e-12
2.926211e-12
2.867130e-12
2.819026e-12
2.859241e-12
2.853138e-12
2.617734e-12
2.677394e-12
2.728549e-12
2.593687e-12
3.108710e-12
2.280826e-12
2.571528e-12
2.977887e-12
2.734796e-12
2.985085e-12
2.595873e-12
2.731932e-12
2.691932e-12
2.904461e-12
2.674436e-12
3.183914e-12
2.906664e-12
2.856928e-12
3.084824e-12
2.373140e-12
2.893334e-12
2.816926e-12
2.684493e-12
2.747917e-12
2.812730e-12
2.562084e-12
2.485601e-12
2.640033e-12
2.900869e-12
2.713360e-12
2.843192e-12
2.998807e-12
2.849141e-12
3.010753e-12
2.631550e-12
2.742048e-12
2.729886e-12
2.731725e-12
2.894525e-12
2.599771e-12
2.798350e-12
2.766317e-12
3.023292e-12
2.762396e-12
2.797131e-12
2.761290e-12
2.504702e-12
3.196051e-12
2.633917e-12
2.905188e-12
2.914135e-12
2.767281e-12
2.856218e-12
2.675235e-12
2.692089e-12
3.042223e-12
2.635608e-12
2.451791e-12
2.753776e-12
2.658215e-12
2.679312e-12
2.920430e-12
2.509361e-12
2.851588e-12
2.852710e-12
2.794186e-12
2.550398e-12
2.636808e-12
2.786509e-12
2.669556e-12
2.505613e-12
2.687913e-12
2.490823e-12
2.447254e-12
2.880669e-12
2.874213e-12
2.763552e-12
2.259408e-12
2.711019e-12
3.058459e-12
3.018801e-12
2.800072e-12
2.682205e-12
2.464062e-12
2.395957e-12
2.923518e-12
3.124976e-12
2.651564e-12
2.735705e-12
2.445761e-12
2.369506e-12
3.025248e-12
2.381072e-12
2.641185e-12
2.978947e-12
2.713868e-12
2.468658e-12
2.779502e-12
2.482400e-12
2.847500e-12
2.918551e-12
2.836845e-12
2.857167e-12
2.590442e-12
2.826816e-12
3.387164e-12
3.047672e-12
2.706934e-12
2.606370e-12
2.496758e-12
2.840917e-12
2.357751e-12
2.758700e-12
2.591570e-12
3.081284e-12
2.786511e-12
2.882757e-12
2.548174e-12
2.890315e-12
3.238621e-12
3.202737e-12
2.652547e-12
2.449075e-12
2.323100e-12
2.810562e-12
3.213382e-12
2.589461e-12
3.237756e-12
2.459996e-12
3.010677e-12
2.690407e-12
2.801526e-12
2.895913e-12
3.237626e-12
2.594107e-12
3.253486e-12
2.713549e-12
3.147500e-12
2.710126e-12
2.918052e-12
2.737082e-12
2.610929e-12
2.509606e-12
2.622303e-12
3.077874e-12
2.786094e-12
2.945907e-12
3.024865e-12
2.736631e-12
3.103283e-12
2.530815e-12
2.736697e-12
2.539314e-12
2.987252e-12
2.476828e-12
2.981254e-12
2.809571e-12
3.091649e-12
2.607501e-12
2.502625e-12
3.098457e-12
2.711308e-12
2.753845e-12
2.547893e-12
2.919911e-12
2.722660e-12
2.936693e-12
2.988828e-12
2.544618e-12
2.775017e-12
2.738619e-12
2.986089e-12
2.714108e-12
3.197067e-12
3.034104e-12
3.039530e-12
2.694686e-12
2.586132e-12
2.859728e-12
2.823054e-12
2.741329e-12
2.841168e-12
2.660159e-12
2.344663e-12
3.010574e-12
2.998410e-12
2.895616e-12
2.791195e-12
2.770395e-12
2.583260e-12
2.649700e-12
2.950837e-12
2.847956e-12
2.780940e-12
2.871846e-12
2.898826e-12
2.510034e-12
2.981292e-12
2.797149e-12
2.594797e-12
2.878021e-12
2.299514e-12
3.071185e-12
2.612352e-12
2.768604e-12
3.077813e-12
2.431139e-12
2.729438e-12
2.761529e-12
2.827007e-12
3.146250e-12
2.978760e-12
3.019135e-12
2.762668e-12
2.985415e-12
2.929518e-12
2.827800e-12
3.330232e-12
2.695155e-12
2.763827e-12
2.524958e-12
2.624599e-12
2.918582e-12
2.653833e-12
2.732248e-12
3.094677e-12
2.384041e-12
2.493098e-12
2.374266e-12
2.531657e-12
2.534984e-12
2.680805e-12
2.541157e-12
2.834235e-12
2.339430e-12
2.693586e-12
2.815360e-12
2.821394e-12
2.729282e-12
2.574308e-12
2.694128e-12
2.967389e-12
2.807508e-12
2.975163e-12
2.959118e-12
2.458592e-12
2.506794e-12
2.739862e-12
3.052098e-12
2.868763e-12
2.649788e-12
2.889757e-12
2.739588e-12
2.925624e-12
2.937076e-12
2.720984e-12
2.910857e-12
2.641728e-12
2.812308e-12
2.468623e-12
3.257206e-12
2.780470e-12
2.588959e-12
3.007458e-12
2.631105e-12
2.983463e-12
2.668737e-12
2.894816e-12
2.610139e-12
2.621061e-12
2.777462e-12
3.103360e-12
2.808850e-12
2.689073e-12
2.693662e-12
2.716073e-12
3.036491e-12
2.632524e-12
3.012419e-12
2.778779e-12
2.842676e-12
2.478077e-12
2.995665e-12
2.881112e-12
2.925901e-12
2.933717e-12
2.598678e-12
2.790283e-12
2.864076e-12
2.664150e-12
2.908485e-12
2.745184e-12
2.859947e-12
2.868755e-12
2.511485e-12
2.787189e-12
3.092169e-12
2.673798e-12
3.013595e-12
2.754833e-12
2.877281e-12
3.133283e-12
2.583000e-12
2.890578e-12
2.831154e-12
2.643382e-12
2.751693e-12
2.722061e-12
3.217127e-12
2.981644e-12
2.904220e-12
2.966540e-12
2.915009e-12
2.509885e-12
2.367754e-12
3.363221e-12
2.576489e-12
2.793416e-12
2.878932e-12
2.933786e-12
3.069740e-12
2.809041e-12
2.468482e-12
2.848203e-12
2.382218e-12
3.032369e-12
2.587466e-12
2.798909e-12
2.954229e-12
3.050034e-12
3.217139e-12
2.953286e-12
2.393449e-12
2.755034e-12
2.946292e-12
2.769126e-12
2.620883e-12
2.903975e-12
2.870988e-12
2.521792e-12
3.113835e-12
2.705121e-12
2.985281e-12
2.469510e-12
2.429579e-12
2.372315e-12
2.940757e-12
2.793796e-12
2.520180e-12
2.837241e-12
2.878182e-12
2.778315e-12
2.421394e-12
2.662478e-12
2.146414e-12
2.406559e-12
2.475808e-12
2.501039e-12
2.776599e-12
2.725138e-12
2.800572e-12
3.137742e-12
2.879683e-12
3.066859e-12
2.971736e-12
2.827169e-12
2.852327e-12
2.798258e-12
2.465571e-12
2.801868e-12
3.171253e-12
2.978369e-12
2.705048e-12
2.458234e-12
3.075180e-12
2.921224e-12
2.559448e-12
2.532444e-12
3.016696e-12
2.929493e-12
2.599983e-12
2.928947e-12
2.567532e-12
2.555446e-12
2.735634e-12
2.835442e-12
2.765417e-12
3.196881e-12
2.893698e-12
2.893044e-12
2.824771e-12
2.713160e-12
2.614655e-12
2.679345e-12
2.964868e-12
2.580988e-12
2.862246e-12
2.772119e-12
2.717326e-12
2.648334e-12
3.085336e-12
3.018330e-12
2.949934e-12
2.606789e-12
2.551663e-12
2.369676e-12
3.060292e-12
2.769692e-12
2.254134e-12
2.743920e-12
2.829091e-12
2.769820e-12
2.897429e-12
3.078753e-12
3.195418e-12
3.085054e-12
2.541674e-12
2.673395e-12
2.529907e-12
2.527776e-12
2.734257e-12
2.900270e-12
2.832863e-12
2.888732e-12
2.775985e-12
2.730873e-12
2.880777e-12
2.218827e-12
2.091798e-12
2.456019e-12
2.745823e-12
2.448113e-12
2.930527e-12
2.761869e-12
2.714015e-12
2.831654e-12
2.965678e-12
2.987927e-12
3.293408e-12
2.671263e-12
2.274579e-12
2.821569e-12
2.762552e-12
2.690010e-12
2.755996e-12
2.716969e-12
3.023220e-12
2.942777e-12
2.361645e-12
2.696122e-12
2.965605e-12
2.928239e-12
2.598048e-12
3.098826e-12
2.630133e-12
2.574792e-12
2.550324e-12
2.929253e-12
3.082540e-12
2.459124e-12
3.071152e-12
3.331781e-12
2.978740e-12
2.867491e-12
3.215171e-12
3.038403e-12
2.867689e-12
2.714830e-12
3.070831e-12
2.886364e-12
3.269590e-12
3.029597e-12
2.900563e-12
2.831331e-12
2.808610e-12
3.079301e-12
2.886072e-12
2.576084e-12
2.227080e-12
2.783772e-12
2.678764e-12
2.493485e-12
3.222115e-12
2.686007e-12
2.747027e-12
3.154110e-12
2.619051e-12
2.451154e-12
2.296026e-12
2.859536e-12
2.873329e-12
3.066176e-12
2.432718e-12
2.694378e-12
3.210928e-12
2.449914e-12
2.489750e-12
2.513359e-12
2.745223e-12
2.921657e-12
3.014535e-12
2.659744e-12
2.872068e-12
2.861921e-12
2.516736e-12
2.646656e-12
2.795896e-12
2.902394e-12
2.841798e-12
3.016573e-12
2.680890e-12
2.915800e-12
2.962108e-12
2.654515e-12
2.739727e-12
2.729315e-12
2.592152e-12
2.747274e-12
2.662862e-12
2.559988e-12
2.749194e-12
2.890858e-12
2.873119e-12
3.122067e-12
2.664541e-12
2.866174e-12
2.483255e-12
2.702574e-12
2.877431e-12
2.605273e-12
2.591809e-12
2.597041e-12
2.923235e-12
2.859583e-12
2.687076e-12
2.706816e-12
2.914485e-12
3.020350e-12
2.770681e-12
2.826564e-12
2.730522e-12
3.174501e-12
2.354449e-12
2.530086e-12
2.703131e-12
3.186377e-12
2.685994e-12
2.484947e-12
3.068723e-12
2.872280e-12
2.716706e-12
2.621109e-12
2.769295e-12
2.564833e-12
2.831702e-12
2.499665e-12
2.585987e-12
2.682840e-12
2.803337e-12
2.565395e-12
2.763423e-12
1.935792e-12
2.764284e-12
2.789179e-12
2.797095e-12
2.535351e-12
2.869945e-12
2.819325e-12
2.626321e-12
2.999922e-12
2.650249e-12
2.710505e-12
2.596581e-12
2.629592e-12
2.930998e-12
2.591075e-12
2.779057e-12
2.786099e-12
2.727623e-12
2.451698e-12
2.301391e-12
2.807322e-12
3.036645e-12
2.670133e-12
2.721826e-12
2.743412e-12
3.026118e-12
3.187175e-12
2.949311e-12
2.883684e-12
2.701358e-12
2.906803e-12
2.979058e-12
2.604610e-12
2.858257e-12
2.640617e-12
2.577551e-12
2.758522e-12
2.876984e-12
2.795821e-12
3.192242e-12
2.823596e-12
2.338320e-12
2.725266e-12
3.022743e-12
2.705522e-12
3.260173e-12
3.160070e-12
2.535967e-12
3.093078e-12
2.797424e-12
2.551942e-12
3.268744e-12
2.632040e-12
2.968631e-12
2.675849e-12
2.631919e-12
3.166018e-12
2.810496e-12
3.072813e-12
2.499914e-12
2.790574e-12
2.850448e-12
2.496102e-12
2.693563e-12
2.946713e-12
2.472143e-12
2.579462e-12
2.993942e-12
2.508479e-12
2.923013e-12
3.134059e-12
3.118662e-12
2.520587e-12
2.624422e-12
2.687408e-12
2.742465e-12
2.842160e-12
2.447246e-12
3.021779e-12
2.889851e-12
2.767990e-12
3.042604e-12
2.641263e-12
2.849531e-12
2.912975e-12
3.102971e-12
2.928803e-12
2.814614e-12
2.936129e-12
2.794182e-12
2.712918e-12
2.706697e-12
2.792032e-12
2.546900e-12
2.442755e-12
2.861813e-12
2.286537e-12
2.713164e-12
3.137357e-12
3.041610e-12
2.420364e-12
2.493109e-12
2.526602e-12
2.285424e-12
2.809342e-12
2.803995e-12
2.799698e-12
2.343373e-12
2.460483e-12
2.929736e-12
2.255017e-12
2.849473e-12
3.267612e-12
3.094121e-12
2.651319e-12
2.659623e-12
2.760332e-12
2.695785e-12
2.947641e-12
2.343731e-12
2.575008e-12
2.780521e-12
2.889999e-12
2.980333e-12
2.941369e-12
2.750966e-12
3.013294e-12
2.809223e-12
2.464011e-12
2.720702e-12
2.956098e-12
2.750642e-12
2.340111e-12
3.305691e-12
2.494203e-12
2.766256e-12
2.524418e-12
2.789856e-12
3.036069e-12
2.648859e-12
3.005554e-12
3.033999e-12
2.477067e-12
2.737909e-12
2.825112e-12
2.998055e-12
2.829230e-12
2.800288e-12
2.750378e-12
3.315947e-12
3.101348e-12
2.430847e-12
2.865126e-12
2.468074e-12
2.662352e-12
2.663451e-12
2.986933e-12
2.452088e-12
2.214567e-12
2.968752e-12
2.522301e-12
2.827715e-12
2.666103e-12
2.701224e-12
2.675139e-12
2.657857e-12
2.643673e-12
2.976831e-12
2.775791e-12
2.700264e-12
2.812770e-12
2.776880e-12
2.432386e-12
2.902790e-12
2.637774e-12
2.606700e-12
2.804235e-12
2.587148e-12
2.417730e-12
2.639806e-12
2.438560e-12
2.926864e-12
2.553811e-12
2.376149e-12
2.817026e-12
2.810237e-12
2.919816e-12
2.706531e-12
3.039841e-12
2.877217e-12
2.796292e-12
2.968023e-12
2.550968e-12
2.840769e-12
3.139622e-12
2.844739e-12
2.716315e-12
2.803743e-12
2.938497e-12
2.776848e-12
2.503906e-12
2.879354e-12
2.889327e-12
2.730260e-12
2.750546e-12
2.565758e-12
2.632464e-12
2.633847e-12
2.841036e-12
2.551576e-12
2.908564e-12
2.897366e-12
2.464201e-12
2.720409e-12
2.854141e-12
2.438727e-12
2.846638e-12
2.851665e-12
2.437309e-12
2.619777e-12
3.174275e-12
2.745252e-12
2.807112e-12
3.028785e-12
2.984229e-12
2.996552e-12
2.494544e-12
2.279969e-12
2.287612e-12
2.904729e-12
2.585714e-12
2.667684e-12
2.637493e-12
2.826716e-12
2.769642e-12
2.695829e-12
2.943435e-12
2.508508e-12
2.754706e-12
2.749073e-12
2.762514e-12
2.585132e-12
2.661318e-12
2.848240e-12
2.990500e-12
2.833490e-12
3.165274e-12
2.995927e-12
2.692361e-12
2.925934e-12
2.898400e-12
2.655775e-12
2.828574e-12
2.664123e-12
3.024839e-12
3.087684e-12
2.902246e-12
2.985876e-12
2.498103e-12
2.919355e-12
2.976794e-12
2.668841e-12
2.997298e-12
2.895536e-12
2.912264e-12
2.962830e-12
2.533473e-12
2.533817e-12
2.708430e-12
2.895580e-12
2.671766e-12
2.922828e-12
2.703202e-12
2.689526e-12
2.605911e-12
2.284240e-12
2.451729e-12
3.062085e-12
2.547186e-12
2.386111e-12
3.222802e-12
2.869579e-12
2.732504e-12
2.792180e-12
2.664339e-12
2.878223e-12
3.198325e-12
2.634547e-12
2.622710e-12
3.075229e-12
2.952131e-12
3.142327e-12
2.858331e-12
3.013386e-12
1.933723e-12
2.730442e-12
2.876706e-12
2.797948e-12
2.791230e-12
2.323732e-12
2.599675e-12
2.698731e-12
2.635473e-12
3.003604e-12
2.926796e-12
2.701464e-12
2.511131e-12
3.174993e-12
2.616335e-12
2.627895e-12
2.537126e-12
2.146158e-12
2.797778e-12
2.860039e-12
2.797018e-12
3.038086e-12
2.785024e-12
2.629329e-12
2.549267e-12
2.763892e-12
3.308889e-12
2.829529e-12
2.772019e-12
2.407058e-12
2.734075e-12
3.247031e-12
2.441412e-12
2.726855e-12
2.607333e-12
2.581987e-12
2.752535e-12
2.966670e-12
2.352090e-12
2.363593e-12
2.656714e-12
3.304129e-12
2.677471e-12
2.703319e-12
2.662572e-12
2.858978e-12
3.194365e-12
3.034903e-12
3.014680e-12
2.702908e-12
3.194021e-12
2.836632e-12
2.522528e-12
3.018148e-12
2.884828e-12
3.070544e-12
2.671388e-12
3.043445e-12
2.821921e-12
3.002583e-12
2.676632e-12
2.955232e-12
2.789343e-12
2.636241e-12
2.768930e-12
2.981562e-12
2.799137e-12
2.580872e-12
3.100960e-12
2.699160e-12
3.086120e-12
2.742595e-12
3.168804e-12
3.115197e-12
2.313737e-12
2.759172e-12
2.812505e-12
3.067654e-12
2.609486e-12
2.950823e-12
2.771614e-12
2.782096e-12
2.646907e-12
3.008768e-12
2.306037e-12
2.723152e-12
2.690250e-12
2.421815e-12
2.820450e-12
3.175234e-12
2.831562e-12
2.630431e-12
2.729216e-12
2.685961e-12
3.072383e-12
2.590899e-12
2.944759e-12
2.910520e-12
2.528685e-12
2.921253e-12
2.826492e-12
2.903118e-12
2.828010e-12
2.870330e-12
2.263864e-12
2.731167e-12
2.758348e-12
3.081613e-12
2.804654e-12
2.784256e-12
3.081204e-12
2.609407e-12
2.750972e-12
2.726303e-12
3.015566e-12
2.759762e-12
2.806513e-12
3.027696e-12
2.615510e-12
2.585416e-12
2.556766e-12
2.493402e-12
2.914566e-12
2.890927e-12
2.319161e-12
2.759115e-12
2.824841e-12
2.708308e-12
2.721750e-12
2.757594e-12
2.522261e-12
2.886098e-12
2.614451e-12
2.916115e-12
2.936386e-12
2.674523e-12
3.077411e-12
2.846045e-12
2.931934e-12
2.697317e-12
2.830688e-12
2.573601e-12
2.713587e-12
2.887494e-12
2.640346e-12
2.670104e-12
2.759819e-12
2.778591e-12
2.903503e-12
3.340811e-12
2.682661e-12
2.758949e-12
2.644634e-12
2.901044e-12
2.702110e-12
2.575863e-12
2.900301e-12
2.410251e-12
2.923906e-12
2.552052e-12
3.164388e-12
2.951386e-12
2.753173e-12
2.659654e-12
2.881421e-12
2.793397e-12
3.062055e-12
2.522415e-12
2.718925e-12
3.000153e-12
2.876310e-12
2.730067e-12
2.995320e-12
2.821234e-12
2.795191e-12
2.452937e-12
2.969811e-12
2.907227e-12
2.498313e-12
2.677674e-12
2.175382e-12
2.835121e-12
2.909543e-12
2.753239e-12
2.606683e-12
2.647216e-12
2.822182e-12
2.737870e-12
2.658399e-12
3.096225e-12
2.689228e-12
2.908530e-12
3.063004e-12
2.588667e-12
2.958506e-12
2.786408e-12
2.880138e-12
2.825771e-12
2.822397e-12
3.041110e-12
2.558389e-12
3.239088e-12
2.924486e-12
2.789076e-12
2.721702e-12
2.510335e-12
2.698771e-12
2.492177e-12
2.520891e-12
2.397708e-12
2.760412e-12
3.034596e-12
2.561982e-12
2.235121e-12
2.557017e-12
3.219072e-12
2.741609e-12
2.994220e-12
2.905262e-12
3.046053e-12
2.647594e-12
3.049185e-12
2.698954e-12
2.899770e-12
3.067309e-12
2.599265e-12
2.970698e-12
2.771130e-12
2.603704e-12
2.640623e-12
2.771690e-12
2.887660e-12
2.854024e-12
3.264562e-12
2.371014e-12
2.959465e-12
2.889498e-12
3.073740e-12
2.739955e-12
2.641650e-12
2.694646e-12
2.841848e-12
2.833817e-12
3.022877e-12
3.003917e-12
2.948557e-12
2.710816e-12
2.971779e-12
2.863992e-12
2.932129e-12
2.631598e-12
2.955324e-12
2.942101e-12
3.240929e-12
2.994642e-12
2.830903e-12
2.619907e-12
2.796150e-12
2.787438e-12
2.489116e-12
2.789537e-12
2.819900e-12
2.839336e-12
2.889896e-12
2.756850e-12
2.994419e-12
2.721862e-12
2.682706e-12
2.804542e-12
2.352665e-12
2.817538e-12
2.884808e-12
2.190299e-12
2.961013e-12
2.369583e-12
2.616661e-12
2.817559e-12
3.154793e-12
2.755517e-12
2.667936e-12
2.877768e-12
2.680914e-12
2.862113e-12
2.738392e-12
3.072910e-12
2.732907e-12
2.875881e-12
2.776241e-12
2.666367e-12
2.641798e-12
2.628435e-12
2.735200e-12
3.214549e-12
3.292169e-12
2.514252e-12
2.680420e-12
2.959029e-12
3.203494e-12
2.966782e-12
2.676162e-12
3.032415e-12
2.586492e-12
2.787981e-12
2.764852e-12
3.313792e-12
2.446801e-12
2.885777e-12
2.310608e-12
2.698564e-12
3.067025e-12
2.350454e-12
2.961786e-12
3.069822e-12
3.005490e-12
2.607426e-12
3.069522e-12
2.636598e-12
3.155181e-12
2.874016e-12
2.753724e-12
2.513577e-12
2.857747e-12
2.814409e-12
3.181444e-12
2.535215e-12
2.964514e-12
2.958800e-12
2.583691e-12
2.515521e-12
2.616652e-12
2.635090e-12
2.780892e-12
2.978989e-12
2.710481e-12
2.727711e-12
3.150850e-12
2.990222e-12
2.537535e-12
2.832624e-12
2.547743e-12
2.969547e-12
2.852873e-12
3.088313e-12
2.887270e-12
3.145532e-12
2.663227e-12
2.874346e-12
2.821868e-12
2.579629e-12
2.600075e-12
2.595967e-12
2.567187e-12
2.807672e-12
3.180385e-12
2.906058e-12
2.954380e-12
2.134888e-12
3.165519e-12
2.857376e-12
2.647946e-12
2.661093e-12
2.931852e-12
2.871252e-12
2.649963e-12
2.571342e-12
2.980511e-12
2.678409e-12
2.673029e-12
2.778919e-12
2.473174e-12
2.436268e-12
2.760974e-12
2.941579e-12
2.855829e-12
3.128671e-12
2.581690e-12
2.497469e-12
2.817561e-12
2.581285e-12
2.655929e-12
2.706391e-12
2.715603e-12
2.882897e-12
2.850874e-12
3.304956e-12
2.528530e-12
3.070085e-12
2.944343e-12
3.009103e-12
2.918276e-12
2.363816e-12
2.917423e-12
2.406978e-12
3.163770e-12
2.971327e-12
2.808142e-12
3.032211e-12
2.904757e-12
2.494527e-12
2.917493e-12
2.770078e-12
3.083412e-12
3.220741e-12
2.612906e-12
2.663758e-12
2.779266e-12
2.591764e-12
2.530489e-12
2.993469e-12
2.947139e-12
3.042365e-12
2.676284e-12
2.614069e-12
2.610864e-12
2.715548e-12
2.508605e-12
2.822126e-12
2.859470e-12
2.892883e-12
2.777209e-12
2.783482e-12
3.135093e-12
2.776785e-12
2.589430e-12
2.653186e-12
2.568624e-12
2.666187e-12
2.511047e-12
3.078753e-12
3.108161e-12
2.700959e-12
2.781505e-12
2.457448e-12
2.547748e-12
2.933081e-12
2.551489e-12
2.689759e-12
3.101761e-12
2.847045e-12
2.450941e-12
2.741975e-12
2.723880e-12
2.708862e-12
2.319924e-12
2.802507e-12
2.674589e-12
2.733035e-12
2.663443e-12
2.914540e-12
2.797271e-12
2.886215e-12
2.982806e-12
2.929732e-12
2.729994e-12
2.618890e-12
2.794681e-12
2.520779e-12
2.693132e-12
2.494427e-12
3.070871e-12
2.906253e-12
2.791413e-12
2.938345e-12
2.682814e-12
2.365603e-12
2.602484e-12
2.965750e-12
2.602289e-12
3.031238e-12
2.151476e-12
2.487428e-12
2.794616e-12
2.317983e-12
2.736490e-12
2.765441e-12
3.007134e-12
3.265621e-12
2.844456e-12
2.352565e-12
2.902155e-12
2.640828e-12
3.044451e-12
2.473251e-12
2.686820e-12
2.767316e-12
2.748730e-12
3.235200e-12
2.799838e-12
2.860438e-12
2.782481e-12
2.867242e-12
2.403391e-12
2.635982e-12
2.629468e-12
2.600612e-12
2.462997e-12
2.788315e-12
2.657390e-12
2.936515e-12
2.683230e-12
2.836285e-12
2.789741e-12
2.922088e-12
2.919109e-12
2.544367e-12
2.713873e-12
2.754513e-12
2.617643e-12
2.885255e-12
2.818284e-12
2.751351e-12
3.170557e-12
2.960395e-12
2.822080e-12
3.172288e-12
2.616507e-12
2.541919e-12
2.644645e-12
2.923851e-12
3.080359e-12
2.602859e-12
3.042552e-12
2.885113e-12
2.762136e-12
3.122001e-12
2.199799e-12
2.484454e-12
2.586597e-12
2.765670e-12
2.907578e-12
3.229639e-12
2.718883e-12
2.996602e-12
2.832282e-12
2.736387e-12
2.908410e-12
2.876652e-12
3.073878e-12
2.973175e-12
2.740890e-12
3.123900e-12
3.042966e-12
2.792810e-12
2.745295e-12
2.767327e-12
2.750024e-12
2.986376e-12
2.861886e-12
3.021959e-12
2.574917e-12
2.489511e-12
2.945332e-12
2.783791e-12
2.800938e-12
3.437103e-12
2.686700e-12
2.687329e-12
2.850041e-12
2.611513e-12
2.930392e-12
2.839890e-12
2.826127e-12
2.423105e-12
2.695304e-12
2.764328e-12
2.491469e-12
2.910514e-12
2.627117e-12
2.883454e-12
2.719124e-12
3.033894e-12
2.541932e-12
2.493579e-12
2.832367e-12
2.881048e-12
3.110359e-12
2.954500e-12
2.693088e-12
2.617066e-12
2.762900e-12
2.738983e-12
3.126222e-12
2.920033e-12
3.030024e-12
3.113770e-12
2.528038e-12
2.985980e-12
3.053201e-12
3.170657e-12
2.287078e-12
2.739133e-12
2.535076e-12
2.925143e-12
2.252622e-12
2.963722e-12
2.879585e-12
2.924921e-12
3.016426e-12
2.665224e-12
2.647936e-12
2.371077e-12
2.938198e-12
2.776407e-12
2.757530e-12
2.966939e-12
3.331210e-12
2.884491e-12
2.972908e-12
2.527641e-12
2.716762e-12
2.877016e-12
2.741333e-12
3.096609e-12
2.973136e-12
2.907358e-12
3.094585e-12
2.734181e-12
2.543495e-12
2.984137e-12
2.414624e-12
2.981154e-12
2.568591e-12
2.970539e-12
2.673120e-12
2.802045e-12
2.950415e-12
2.830115e-12
2.767168e-12
2.946600e-12
2.695401e-12
2.916608e-12
2.813920e-12
2.642643e-12
2.583049e-12
2.664360e-12
2.949995e-12
2.462717e-12
2.816029e-12
2.711655e-12
2.904402e-12
2.610640e-12
2.896823e-12
3.003016e-12
2.776311e-12
2.940520e-12
2.796318e-12
2.840826e-12
2.536877e-12
2.512548e-12
2.767354e-12
2.834240e-12
2.808367e-12
2.362447e-12
2.639859e-12
2.755876e-12
2.592812e-12
3.219686e-12
2.490056e-12
3.013671e-12
3.159669e-12
2.318328e-12
2.712238e-12
2.760392e-12
2.682011e-12
2.438601e-12
2.427100e-12
2.591184e-12
2.832074e-12
2.799319e-12
2.433421e-12
2.824664e-12
2.696223e-12
2.888406e-12
3.194153e-12
2.977397e-12
2.892466e-12
2.897589e-12
2.470036e-12
2.991223e-12
2.622128e-12
2.764582e-12
2.870944e-12
2.672238e-12
2.342862e-12
2.486505e-12
2.649377e-12
2.982602e-12
3.065638e-12
2.507006e-12
2.663727e-12
2.585281e-12
2.999435e-12
2.691722e-12
2.878710e-12
2.838422e-12
2.870434e-12
2.605180e-12
2.560511e-12
2.878897e-12
2.892037e-12
2.983111e-12
2.525662e-12
2.706788e-12
2.591465e-12
2.612893e-12
2.456049e-12
2.896536e-12
3.069127e-12
2.683461e-12
2.950249e-12
2.445533e-12
2.927692e-12
2.442206e-12
2.308983e-12
2.458841e-12
2.958427e-12
2.309356e-12
2.787110e-12
2.731358e-12
2.801964e-12
2.913513e-12
2.929781e-12
2.544821e-12
2.312453e-12
2.729422e-12
2.565075e-12
2.742575e-12
2.868284e-12
2.914298e-12
2.618728e-12
2.968613e-12
2.919381e-12
2.912590e-12
2.808202e-12
2.862033e-12
2.671271e-12
2.824794e-12
3.285476e-12
2.738317e-12
3.180154e-12
2.457487e-12
2.951367e-12
2.576370e-12
2.672877e-12
2.950843e-12
2.486640e-12
2.702072e-12
2.792650e-12
3.129822e-12
2.741652e-12
2.953018e-12
2.627453e-12
2.651424e-12
2.905354e-12
2.837031e-12
2.792304e-12
2.472986e-12
2.959094e-12
2.616247e-12
2.276056e-12
2.912301e-12
2.923458e-12
2.653008e-12
2.978303e-12
2.966110e-12
2.861911e-12
2.572424e-12
3.031925e-12
2.632085e-12
2.540467e-12
2.776784e-12
2.984220e-12
3.114492e-12
3.111206e-12
2.741086e-12
2.708964e-12
3.009789e-12
2.783070e-12
2.186362e-12
2.798431e-12
2.749101e-12
2.852912e-12
2.875689e-12
2.695075e-12
2.371709e-12
2.882900e-12
2.862600e-12
2.973823e-12
2.731769e-12
2.830091e-12
2.720895e-12
2.513743e-12
2.502888e-12
2.923730e-12
3.101403e-12
2.907386e-12
2.801015e-12
2.590984e-12
2.676051e-12
3.195046e-12
3.099315e-12
2.309279e-12
2.789237e-12
2.739359e-12
3.535621e-12
2.503089e-12
3.017805e-12
2.875871e-12
2.747339e-12
2.836738e-12
2.623864e-12
2.598935e-12
2.988071e-12
3.153145e-12
2.781946e-12
2.616391e-12
3.211665e-12
3.011786e-12
2.454778e-12
2.819427e-12
2.859413e-12
2.933667e-12
2.601110e-12
2.442115e-12
2.542453e-12
3.198998e-12
2.897000e-12
2.405457e-12
2.662375e-12
3.344796e-12
3.003447e-12
3.137106e-12
2.557618e-12
2.911318e-12
2.505638e-12
3.117982e-12
2.416257e-12
2.594101e-12
2.755178e-12
2.734947e-12
2.414795e-12
3.014042e-12
2.933836e-12
3.191070e-12
2.841425e-12
2.941302e-12
3.070090e-12
2.734779e-12
2.687190e-12
2.493278e-12
2.754443e-12
2.786822e-12
2.832131e-12
2.789549e-12
2.658031e-12
2.758180e-12
2.759164e-12
2.540785e-12
3.138478e-12
3.049040e-12
2.794070e-12
2.902402e-12
2.784206e-12
2.869448e-12
3.206179e-12
2.756345e-12
2.887408e-12
2.669536e-12
2.838756e-12
2.522139e-12
2.897852e-12
2.596843e-12
2.997258e-12
2.977053e-12
3.022380e-12
2.725351e-12
2.258331e-12
2.560699e-12
3.095435e-12
2.758867e-12
3.142540e-12
2.745089e-12
2.888995e-12
2.885461e-12
2.728515e-12
2.704472e-12
2.848290e-12
2.640409e-12
3.100803e-12
3.144564e-12
2.720128e-12
2.722746e-12
2.696479e-12
2.632868e-12
2.567299e-12
2.890856e-12
2.941664e-12
2.877142e-12
3.079547e-12
3.030989e-12
2.962023e-12
2.639351e-12
3.010661e-12
2.800687e-12
2.442960e-12
2.680764e-12
2.987165e-12
2.817088e-12
2.605708e-12
2.982700e-12
2.553106e-12
3.180505e-12
2.784512e-12
2.971478e-12
2.664390e-12
2.950705e-12
2.737167e-12
2.995625e-12
2.479635e-12
2.623716e-12
2.865351e-12
2.728172e-12
2.875902e-12
2.905033e-12
2.481965e-12
3.029220e-12
3.118033e-12
2.879420e-12
2.992170e-12
2.688663e-12
3.016915e-12
2.767099e-12
2.645877e-12
2.849908e-12
2.663875e-12
2.725027e-12
2.646990e-12
3.102801e-12
2.607216e-12
2.573344e-12
2.474566e-12
2.681437e-12
2.738765e-12
2.758706e-12
2.816253e-12
2.577461e-12
3.106186e-12
3.081121e-12
3.174779e-12
2.560970e-12
2.960163e-12
3.039524e-12
2.722718e-12
2.537930e-12
2.851046e-12
2.760069e-12
2.795304e-12
3.012387e-12
2.742124e-12
3.093385e-12
2.896106e-12
2.719343e-12
2.254980e-12
2.428778e-12
3.062359e-12
3.281729e-12
2.981389e-12
2.648265e-12
2.592056e-12
2.700284e-12
2.548582e-12
3.065599e-12
2.638003e-12
3.064711e-12
2.814243e-12
3.151111e-12
2.729321e-12
2.613304e-12
2.848398e-12
2.598066e-12
2.583342e-12
2.788922e-12
2.583062e-12
2.538000e-12
2.562879e-12
2.852399e-12
2.936065e-12
3.067212e-12
2.917152e-12
2.643251e-12
2.939670e-12
3.086793e-12
2.779760e-12
2.659057e-12
3.114977e-12
2.694271e-12
3.407522e-12
2.932075e-12
2.716450e-12
2.419946e-12
2.801450e-12
2.675489e-12
2.756296e-12
2.756742e-12
2.969679e-12
2.527470e-12
2.599272e-12
2.565891e-12
2.421854e-12
2.334157e-12
2.596716e-12
2.750916e-12
2.809203e-12
2.693402e-12
3.065951e-12
2.605206e-12
2.749903e-12
3.056197e-12
2.935531e-12
2.187274e-12
2.289133e-12
2.494333e-12
2.693583e-12
2.773304e-12
2.480851e-12
3.114127e-12
2.639868e-12
2.721963e-12
2.265523e-12
2.628117e-12
2.764388e-12
2.813030e-12
2.924503e-12
2.907958e-12
2.387909e-12
2.776968e-12
2.802944e-12
2.637196e-12
2.966842e-12
2.655785e-12
2.917968e-12
2.754065e-12
2.482635e-12
2.821517e-12
2.848520e-12
2.732317e-12
2.758054e-12
3.011288e-12
2.735969e-12
2.843087e-12
2.417194e-12
2.915335e-12
2.559859e-12
2.796997e-12
2.189251e-12
2.454409e-12
2.977416e-12
3.098261e-12
2.828323e-12
2.669533e-12
2.631515e-12
2.857662e-12
2.663292e-12
2.653765e-12
2.710327e-12
3.155281e-12
2.449597e-12
2.923537e-12
2.744779e-12
2.359996e-12
2.091456e-12
3.105471e-12
2.559182e-12
2.701246e-12
3.232030e-12
3.071679e-12
2.622736e-12
2.495409e-12
2.773507e-12
2.671891e-12
2.837735e-12
3.062899e-12
2.631841e-12
3.041911e-12
2.594528e-12
2.728796e-12
3.250460e-12
2.612104e-12
2.742269e-12
2.611114e-12
3.211252e-12
2.945726e-12
2.994819e-12
2.770625e-12
2.794702e-12
2.688029e-12
2.922949e-12
3.024178e-12
2.862433e-12
2.701351e-12
2.511341e-12
2.977276e-12
2.922185e-12
3.230471e-12
2.934047e-12
2.847301e-12
2.920815e-12
2.656800e-12
2.609836e-12
2.889015e-12
2.884411e-12
3.232202e-12
2.551734e-12
2.480555e-12
2.526638e-12
2.607078e-12
2.881065e-12
2.924627e-12
2.708410e-12
2.779672e-12
2.964758e-12
3.075410e-12
2.734023e-12
2.995096e-12
2.770431e-12
2.825973e-12
2.894159e-12
3.111493e-12
2.650287e-12
2.736965e-12
2.777755e-12
2.547519e-12
2.656805e-12
2.498177e-12
2.617829e-12
2.604195e-12
2.504308e-12
2.879450e-12
2.833009e-12
3.156267e-12
3.073357e-12
2.820311e-12
2.684300e-12
2.090106e-12
2.926919e-12
3.230913e-12
3.033971e-12
2.818824e-12
2.847907e-12
2.530201e-12
2.973807e-12
2.473643e-12
3.091868e-12
2.924175e-12
3.060942e-12
2.349404e-12
2.820380e-12
3.216360e-12
2.574031e-12
2.666061e-12
2.855583e-12
2.700333e-12
2.683690e-12
2.882451e-12
2.694586e-12
2.637847e-12
2.749206e-12
3.437280e-12
3.078581e-12
2.449545e-12
2.317153e-12
2.764366e-12
2.613473e-12
2.852623e-12
3.210064e-12
2.622572e-12
2.910655e-12
2.925331e-12
2.886211e-12
2.819213e-12
2.511206e-12
2.897707e-12
2.906246e-12
2.405113e-12
3.062667e-12
2.710406e-12
2.681306e-12
2.598219e-12
2.730748e-12
2.768117e-12
2.643072e-12
2.604523e-12
2.903401e-12
3.010418e-12
2.858332e-12
2.576415e-12
3.005007e-12
2.855116e-12
2.839372e-12
2.966975e-12
2.503099e-12
2.501223e-12
2.329970e-12
2.765269e-12
2.811401e-12
2.569752e-12
3.078477e-12
2.676319e-12
2.338833e-12
2.533966e-12
3.046697e-12
2.619997e-12
2.807642e-12
2.838036e-12
3.227188e-12
2.870837e-12
2.761759e-12
2.777802e-12
2.842315e-12
2.749049e-12
2.502482e-12
2.669419e-12
2.765965e-12
2.591049e-12
2.745902e-12
2.804583e-12
2.219788e-12
2.760310e-12
2.695046e-12
2.929094e-12
2.591088e-12
2.726162e-12
2.817901e-12
2.812189e-12
2.686750e-12
2.876804e-12
2.573045e-12
2.575101e-12
2.747998e-12
2.854852e-12
2.847770e-12
2.663931e-12
2.992214e-12
2.810127e-12
2.892985e-12
2.539192e-12
3.259692e-12
3.005596e-12
2.828674e-12
3.234793e-12
2.709373e-12
2.690961e-12
2.590024e-12
2.402878e-12
2.782311e-12
2.318493e-12
2.527213e-12
2.720837e-12
2.269320e-12
3.010075e-12
2.851454e-12
2.725578e-12
2.826541e-12
3.178331e-12
2.746513e-12
2.880813e-12
2.738592e-12
2.814450e-12
2.532733e-12
2.512667e-12
2.240370e-12
2.541305e-12
3.147558e-12
2.654816e-12
2.521197e-12
2.646399e-12
2.988268e-12
2.738009e-12
2.747362e-12
2.929519e-12
2.504459e-12
2.756863e-12
2.919793e-12
2.634446e-12
2.745076e-12
2.631004e-12
2.688651e-12
3.050678e-12
2.517265e-12
2.419222e-12
3.188972e-12
2.638957e-12
2.752637e-12
2.793517e-12
2.833924e-12
2.963522e-12
3.222467e-12
2.430251e-12
3.007694e-12
2.895933e-12
2.813585e-12
2.757540e-12
2.727264e-12
3.342053e-12
2.385989e-12
2.523006e-12
2.852870e-12
2.844899e-12
2.600832e-12
2.713388e-12
2.976035e-12
2.895230e-12
3.254936e-12
2.994916e-12
2.753700e-12
2.686434e-12
2.813664e-12
3.091930e-12
2.790502e-12
2.826305e-12
2.531088e-12
2.882683e-12
2.612666e-12
2.747606e-12
2.934221e-12
2.877169e-12
3.196127e-12
2.493789e-12
2.594330e-12
3.190283e-12
2.731374e-12
2.713410e-12
2.804560e-12
2.404805e-12
2.851287e-12
2.687675e-12
3.063708e-12
2.959097e-12
2.775257e-12
2.693464e-12
3.004119e-12
3.219435e-12
2.779464e-12
2.585224e-12
2.901079e-12
2.630422e-12
2.548494e-12
2.421353e-12
2.985067e-12
3.056301e-12
2.659476e-12
2.716813e-12
2.632174e-12
2.444570e-12
3.005685e-12
2.754092e-12
2.625405e-12
3.041200e-12
2.961015e-12
3.130760e-12
2.833489e-12
2.852210e-12
3.118231e-12
3.092416e-12
2.484293e-12
2.423124e-12
2.946396e-12
2.508251e-12
2.690317e-12
3.059124e-12
2.671327e-12
2.471904e-12
2.539320e-12
2.553753e-12
2.447659e-12
2.812337e-12
2.712638e-12
3.296383e-12
2.311889e-12
2.658999e-12
2.631753e-12
2.902303e-12
3.053161e-12
2.449534e-12
2.952525e-12
2.977339e-12
2.856025e-12
2.818732e-12
2.735299e-12
3.187734e-12
2.774657e-12
2.942232e-12
2.861467e-12
2.745304e-12
3.076148e-12
2.593447e-12
3.057839e-12
2.811271e-12
3.146510e-12
2.769311e-12
2.903048e-12
2.924609e-12
2.620334e-12
2.789984e-12
2.963904e-12
2.647248e-12
2.670580e-12
2.386868e-12
2.567254e-12
2.491059e-12
2.792038e-12
2.739106e-12
2.799424e-12
2.843337e-12
2.977845e-12
2.862754e-12
2.933038e-12
2.516845e-12
3.069865e-12
2.495979e-12
2.604291e-12
2.541407e-12
2.793799e-12
2.700585e-12
2.872630e-12
2.651878e-12
2.750906e-12
2.600654e-12
2.609524e-12
3.077532e-12
3.144545e-12
2.832242e-12
3.258559e-12
2.737430e-12
3.015363e-12
2.616613e-12
2.450973e-12
2.790197e-12
2.826936e-12
2.856679e-12
2.859643e-12
2.879740e-12
2.706848e-12
3.088294e-12
2.996365e-12
2.957114e-12
2.678249e-12
2.852525e-12
2.795314e-12
3.039054e-12
2.793838e-12
2.474603e-12
2.775313e-12
2.633017e-12
2.764986e-12
2.713193e-12
2.905940e-12
2.603460e-12
3.002474e-12
2.665771e-12
2.613272e-12
2.856041e-12
2.404641e-12
2.878162e-12
2.926827e-12
2.422973e-12
3.291682e-12
2.751549e-12
2.864420e-12
2.802070e-12
2.629358e-12
2.607953e-12
2.860280e-12
2.865186e-12
3.069980e-12
2.813985e-12
2.693882e-12
2.790013e-12
2.933468e-12
2.960812e-12
2.881205e-12
2.691692e-12
2.489673e-12
2.843983e-12
3.005157e-12
2.777972e-12
2.828475e-12
2.743468e-12
2.736134e-12
2.677425e-12
3.282189e-12
2.489981e-12
2.966450e-12
2.448395e-12
2.700243e-12
2.631808e-12
3.029616e-12
2.656456e-12
2.784963e-12
2.598503e-12
2.660431e-12
3.011057e-12
2.704356e-12
2.892898e-12
2.914033e-12
2.872922e-12
3.109573e-12
2.918018e-12
3.331215e-12
2.789642e-12
2.852627e-12
2.581262e-12
2.849146e-12
2.617445e-12
2.675086e-12
2.772847e-12
2.994942e-12
2.879865e-12
2.524282e-12
2.786217e-12
2.990594e-12
2.917282e-12
3.195866e-12
3.045576e-12
2.765176e-12
2.622604e-12
2.479394e-12
2.858131e-12
2.221471e-12
2.923339e-12
2.790600e-12
2.936468e-12
2.967910e-12
2.819022e-12
3.191900e-12
2.747343e-12
3.169272e-12
2.352691e-12
2.847467e-12
2.830801e-12
2.763049e-12
2.646157e-12
2.820215e-12
2.571779e-12
2.531993e-12
2.839690e-12
2.595779e-12
3.377051e-12
2.390551e-12
2.643821e-12
2.770224e-12
3.020852e-12
2.592083e-12
2.867828e-12
2.645536e-12
3.112255e-12
2.920720e-12
2.946274e-12
2.759666e-12
2.999431e-12
2.337574e-12
2.621319e-12
2.996169e-12
2.519438e-12
2.874630e-12
2.946269e-12
2.969437e-12
2.510714e-12
2.468926e-12
2.594615e-12
2.973632e-12
2.674575e-12
2.744977e-12
2.644721e-12
2.684841e-12
2.563504e-12
2.777852e-12
2.564804e-12
3.042796e-12
2.768474e-12
2.357718e-12
3.368475e-12
2.413011e-12
2.919817e-12
2.442726e-12
2.736175e-12
2.632867e-12
2.595587e-12
2.347946e-12
2.895021e-12
2.706793e-12
2.934870e-12
2.729737e-12
2.564311e-12
2.549751e-12
2.527774e-12
2.252926e-12
2.807317e-12
2.965763e-12
2.972148e-12
2.819767e-12
2.802546e-12
3.156666e-12
3.093890e-12
2.564089e-12
2.883172e-12
2.697434e-12
2.824508e-12
3.243014e-12
3.103350e-12
2.679138e-12
2.548141e-12
2.637082e-12
2.898996e-12
2.927593e-12
2.565423e-12
3.052130e-12
2.585905e-12
3.062950e-12
2.616249e-12
2.469283e-12
3.119456e-12
2.698001e-12
3.478234e-12
2.882186e-12
2.480318e-12
2.774344e-12
2.508825e-12
2.911184e-12
2.887598e-12
2.715823e-12
2.690341e-12
2.626555e-12
3.057765e-12
2.919230e-12
2.736432e-12
2.705793e-12
2.895091e-12
2.531211e-12
2.606026e-12
3.139326e-12
3.076205e-12
3.002920e-12
2.466178e-12
2.453511e-12
2.681651e-12
2.837306e-12
2.856191e-12
2.759226e-12
3.068819e-12
2.616633e-12
2.741445e-12
2.909439e-12
3.124871e-12
2.633127e-12
2.888664e-12
2.802879e-12
2.834416e-12
2.553790e-12
2.676783e-12
2.702128e-12
2.333889e-12
2.555547e-12
2.474468e-12
2.580799e-12
3.083361e-12
3.319315e-12
2.663100e-12
3.031666e-12
2.693864e-12
2.639458e-12
2.878213e-12
2.383290e-12
2.513737e-12
3.215643e-12
2.987984e-12
2.454596e-12
2.500471e-12
2.518155e-12
2.242801e-12
2.473317e-12
2.801783e-12
3.044817e-12
2.641391e-12
2.389407e-12
2.573164e-12
3.077740e-12
2.755973e-12
3.034391e-12
2.771135e-12
2.605704e-12
2.634531e-12
2.478736e-12
2.749801e-12
3.178014e-12
3.029461e-12
2.569788e-12
2.667856e-12
3.032873e-12
2.893273e-12
3.213035e-12
3.146469e-12
2.853558e-12
2.683767e-12
3.044426e-12
2.358547e-12
2.795155e-12
2.787789e-12
2.778481e-12
2.824827e-12
2.754651e-12
2.585533e-12
2.676584e-12
2.927493e-12
2.581687e-12
2.697000e-12
2.787125e-12
2.388283e-12
2.735684e-12
2.897428e-12
2.723956e-12
2.650552e-12
2.957938e-12
2.674105e-12
2.897352e-12
2.532483e-12
2.504888e-12
3.194970e-12
2.653139e-12
3.045488e-12
3.081493e-12
2.886474e-12
2.729266e-12
3.070063e-12
3.044067e-12
3.047500e-12
2.588093e-12
2.797748e-12
2.617053e-12
2.590275e-12
2.492527e-12
2.829484e-12
2.770969e-12
2.706779e-12
1.929636e-12
2.835372e-12
2.723598e-12
2.652807e-12
2.781467e-12
2.782510e-12
2.637073e-12
2.998523e-12
2.863605e-12
2.693697e-12
2.865282e-12
3.189910e-12
2.951061e-12
2.768538e-12
2.819970e-12
2.443287e-12
2.471978e-12
2.458349e-12
2.529840e-12
2.624313e-12
2.811117e-12
2.541560e-12
2.846421e-12
2.583537e-12
3.043756e-12
2.428381e-12
2.950813e-12
2.748189e-12
2.859356e-12
2.518924e-12
2.474723e-12
2.985656e-12
3.361394e-12
2.721648e-12
2.636443e-12
2.707437e-12
2.682540e-12
2.938572e-12
2.699500e-12
2.832874e-12
2.995213e-12
2.934220e-12
2.769691e-12
2.734088e-12
2.663755e-12
2.507116e-12
2.878477e-12
2.556316e-12
3.014967e-12
2.799433e-12
3.048922e-12
3.007617e-12
2.636216e-12
2.919473e-12
2.611502e-12
2.888045e-12
2.967817e-12
2.958202e-12
2.577376e-12
2.669697e-12
3.019674e-12
2.942289e-12
2.149051e-12
2.710074e-12
2.856533e-12
2.928897e-12
2.978890e-12
2.631492e-12
2.704590e-12
2.393770e-12
2.872800e-12
2.882113e-12
2.745419e-12
3.054651e-12
2.778946e-12
2.822788e-12
2.440547e-12
3.245444e-12
2.407917e-12
2.854152e-12
2.773111e-12
3.151127e-12
2.841569e-12
3.064264e-12
2.849737e-12
2.684524e-12
2.704512e-12
2.668194e-12
2.996171e-12
2.755432e-12
3.204146e-12
2.278496e-12
2.334888e-12
2.464551e-12
2.825830e-12
2.437368e-12
2.745374e-12
3.102517e-12
2.415284e-12
2.702810e-12
3.178699e-12
3.232662e-12
3.033294e-12
3.333925e-12
2.640713e-12
2.767221e-12
2.776274e-12
3.068408e-12
2.971141e-12
3.231485e-12
3.090260e-12
2.779425e-12
2.324570e-12
3.285468e-12
2.612125e-12
3.189851e-12
2.603864e-12
2.661971e-12
2.563782e-12
2.759290e-12
2.978926e-12
2.462805e-12
3.014029e-12
2.792044e-12
2.899493e-12
2.672671e-12
2.843881e-12
2.477710e-12
2.762014e-12
2.474118e-12
2.604855e-12
2.894126e-12
2.546053e-12
2.867960e-12
3.266162e-12
2.606219e-12
2.561308e-12
2.616780e-12
2.860005e-12
2.600894e-12
2.820394e-12
2.720033e-12
2.853593e-12
2.989135e-12
2.587073e-12
2.845219e-12
3.058598e-12
2.778307e-12
2.976808e-12
2.663713e-12
3.011179e-12
2.716301e-12
2.830514e-12
3.136770e-12
2.924517e-12
2.993270e-12
2.989266e-12
2.948158e-12
3.073679e-12
2.685505e-12
2.308814e-12
2.796773e-12
2.903948e-12
2.882591e-12
2.445189e-12
3.008239e-12
3.453556e-12
2.971500e-12
2.844776e-12
2.857219e-12
2.983164e-12
2.602878e-12
3.206027e-12
2.729458e-12
2.785782e-12
2.799210e-12
2.546600e-12
2.726928e-12
2.869874e-12
2.586560e-12
2.623183e-12
2.751720e-12
3.038104e-12
2.748667e-12
2.906256e-12
2.831479e-12
2.476583e-12
2.394304e-12
2.843700e-12
3.212628e-12
2.675870e-12
2.166369e-12
2.617093e-12
2.608514e-12
2.775080e-12
2.688507e-12
2.835631e-12
2.719762e-12
2.767050e-12
2.330161e-12
2.701696e-12
2.589824e-12
2.521199e-12
2.475410e-12
2.925736e-12
2.753359e-12
3.101998e-12
2.822129e-12
2.928284e-12
2.718896e-12
2.933702e-12
3.066797e-12
3.100624e-12
2.431645e-12
2.303742e-12
2.938932e-12
2.710265e-12
3.095979e-12
2.418446e-12
2.436064e-12
2.496316e-12
3.021016e-12
2.585322e-12
2.505047e-12
2.798761e-12
2.785013e-12
2.539657e-12
3.083904e-12
2.799580e-12
2.634790e-12
2.620011e-12
2.928619e-12
2.890720e-12
2.867973e-12
2.623163e-12
2.615583e-12
3.030722e-12
2.821743e-12
3.143026e-12
2.832399e-12
2.903089e-12
2.772556e-12
2.540575e-12
2.815932e-12
2.654016e-12
2.745740e-12
2.950444e-12
2.776444e-12
2.873846e-12
2.916506e-12
2.729675e-12
2.544264e-12
2.660840e-12
2.866701e-12
2.981978e-12
2.975042e-12
2.805756e-12
3.263901e-12
2.764810e-12
2.750748e-12
2.704932e-12
2.817996e-12
2.992609e-12
2.824286e-12
2.678698e-12
2.892692e-12
3.190649e-12
3.035144e-12
2.968571e-12
3.158123e-12
2.660431e-12
2.600037e-12
2.737719e-12
3.045341e-12
2.446944e-12
2.888003e-12
2.782950e-12
3.076923e-12
2.779793e-12
2.979174e-12
2.685647e-12
2.898014e-12
2.680585e-12
2.815177e-12
2.703632e-12
2.701901e-12
3.196371e-12
3.190184e-12
3.386970e-12
2.912052e-12
2.429046e-12
3.003020e-12
2.783490e-12
2.897044e-12
2.592976e-12
2.666373e-12
2.744858e-12
2.872538e-12
2.469181e-12
2.939722e-12
2.862373e-12
2.765081e-12
2.947230e-12
2.784702e-12
2.754294e-12
2.709406e-12
2.839067e-12
2.673091e-12
2.649589e-12
3.117793e-12
2.811453e-12
2.755382e-12
2.745624e-12
2.751479e-12
3.061571e-12
2.842338e-12
2.661123e-12
2.249294e-12
2.844327e-12
2.765690e-12
2.510525e-12
2.780103e-12
2.977430e-12
2.980965e-12
2.670914e-12
2.880456e-12
2.774443e-12
3.268896e-12
2.740870e-12
2.968838e-12
3.041752e-12
2.974082e-12
2.854588e-12
2.573269e-12
2.858732e-12
3.056579e-12
2.979920e-12
2.518598e-12
2.553237e-12
2.675752e-12
2.722330e-12
2.802355e-12
2.949098e-12
2.740464e-12
2.880168e-12
2.671891e-12
3.286693e-12
2.535452e-12
2.939308e-12
2.578399e-12
2.965034e-12
2.725315e-12
2.570925e-12
2.746097e-12
2.589325e-12
2.368816e-12
2.703162e-12
2.841842e-12
2.894023e-12
2.460589e-12
2.391043e-12
3.197993e-12
2.689858e-12
2.700090e-12
2.674782e-12
2.823648e-12
2.852703e-12
2.573226e-12
2.704470e-12
2.733652e-12
3.162243e-12
2.586411e-12
2.682360e-12
2.902601e-12
2.327843e-12
2.725762e-12
2.943207e-12
2.520705e-12
2.779206e-12
2.712106e-12
3.195579e-12
2.799635e-12
2.856639e-12
3.075899e-12
3.074432e-12
2.957285e-12
3.038262e-12
2.642899e-12
3.439571e-12
2.604648e-12
2.658478e-12
3.175164e-12
3.193861e-12
3.029837e-12
2.631524e-12
3.086411e-12
2.771032e-12
2.578081e-12
2.450080e-12
2.597408e-12
2.581407e-12
2.916536e-12
2.903707e-12
2.814390e-12
2.962019e-12
2.772825e-12
2.749899e-12
2.885670e-12
3.068038e-12
2.656274e-12
2.665435e-12
2.851132e-12
2.553834e-12
2.511148e-12
2.989637e-12
2.559488e-12
2.849494e-12
2.739346e-12
3.139305e-12
2.875974e-12
2.443955e-12
2.940393e-12
2.947470e-12
2.870269e-12
2.264547e-12
2.837738e-12
2.847960e-12
3.191484e-12
2.603995e-12
2.900559e-12
2.827166e-12
2.661419e-12
2.377936e-12
2.544375e-12
2.996186e-12
2.666341e-12
2.823744e-12
2.735851e-12
3.098213e-12
2.727680e-12
2.772688e-12
2.686009e-12
2.613935e-12
2.678255e-12
2.562192e-12
2.695164e-12
2.950844e-12
2.636312e-12
2.317038e-12
2.400851e-12
2.379063e-12
2.761621e-12
2.877711e-12
2.663629e-12
2.918008e-12
2.581546e-12
2.899658e-12
2.597547e-12
2.612476e-12
3.181287e-12
2.754223e-12
3.061664e-12
3.097880e-12
2.882205e-12
2.805901e-12
2.423337e-12
2.926479e-12
2.719108e-12
2.829194e-12
3.025732e-12
2.611552e-12
2.818624e-12
2.553815e-12
2.557270e-12
2.858606e-12
2.688613e-12
2.857085e-12
2.683551e-12
2.758398e-12
3.098916e-12
2.897524e-12
2.635368e-12
2.873917e-12
2.789093e-12
2.802027e-12
2.741967e-12
2.830127e-12
2.950198e-12
2.652529e-12
2.603027e-12
3.001269e-12
2.832182e-12
2.843483e-12
2.820124e-12
2.704899e-12
2.548806e-12
2.958636e-12
3.243760e-12
2.707908e-12
2.115709e-12
2.804266e-12
3.078798e-12
2.857246e-12
2.684346e-12
2.643828e-12
2.464667e-12
2.790211e-12
2.718687e-12
2.850503e-12
2.859005e-12
2.413613e-12
2.953519e-12
2.600723e-12
2.850049e-12
2.766349e-12
2.694386e-12
3.206825e-12
3.110798e-12
2.655169e-12
2.852379e-12
2.801358e-12
3.150899e-12
2.964406e-12
2.891681e-12
2.880511e-12
2.798250e-12
2.814487e-12
2.873327e-12
2.294979e-12
2.439690e-12
2.669764e-12
3.036326e-12
2.663464e-12
2.844270e-12
3.207047e-12
3.368225e-12
2.731474e-12
3.061787e-12
2.776939e-12
2.830431e-12
3.003044e-12
2.373160e-12
2.680822e-12
3.010434e-12
2.746214e-12
2.753585e-12
2.861463e-12
2.668826e-12
2.500209e-12
2.615628e-12
3.098185e-12
2.813784e-12
2.583457e-12
3.102811e-12
2.482840e-12
2.633718e-12
3.044881e-12
2.781862e-12
2.784841e-12
2.550867e-12
3.338381e-12
2.911061e-12
2.614288e-12
2.687508e-12
2.743432e-12
2.935654e-12
2.608207e-12
3.116807e-12
2.906715e-12
2.661628e-12
2.647273e-12
2.606945e-12
2.311517e-12
3.019054e-12
3.040503e-12
2.713434e-12
2.824248e-12
2.755084e-12
2.826985e-12
2.683971e-12
3.217561e-12
2.824409e-12
2.924761e-12
2.776264e-12
2.807790e-12
2.809481e-12
2.649773e-12
2.806151e-12
2.833100e-12
2.923981e-12
2.807656e-12
3.115172e-12
2.883282e-12
3.214112e-12
2.726414e-12
2.700014e-12
2.610477e-12
3.075064e-12
2.717880e-12
2.585627e-12
2.898677e-12
2.744085e-12
2.597430e-12
2.701932e-12
2.785415e-12
2.707844e-12
2.667469e-12
2.867452e-12
2.759623e-12
2.737540e-12
2.779053e-12
3.086007e-12
3.139419e-12
2.645920e-12
2.664230e-12
2.420455e-12
2.787528e-12
2.802275e-12
2.874672e-12
2.602229e-12
3.218786e-12
2.340226e-12
2.559060e-12
2.984960e-12
3.005149e-12
3.127284e-12
2.713986e-12
2.961411e-12
2.929493e-12
2.838533e-12
2.608515e-12
2.805274e-12
2.682222e-12
3.278256e-12
2.667269e-12
2.579927e-12
3.046185e-12
3.072949e-12
2.701698e-12
2.785744e-12
2.651319e-12
2.956307e-12
3.018452e-12
2.495841e-12
2.699035e-12
2.418767e-12
2.812828e-12
2.982351e-12
2.816578e-12
3.012120e-12
3.037571e-12
2.692825e-12
2.312030e-12
2.481209e-12
2.805185e-12
2.659399e-12
2.882702e-12
2.658814e-12
2.461435e-12
2.655531e-12
2.839931e-12
2.887550e-12
2.597223e-12
2.634525e-12
2.782460e-12
2.865789e-12
2.971164e-12
2.759796e-12
2.708092e-12
2.633365e-12
2.492746e-12
2.981471e-12
2.871716e-12
2.600526e-12
2.939720e-12
2.777963e-12
2.717671e-12
2.783114e-12
2.857770e-12
2.823935e-12
2.404095e-12
2.598294e-12
2.715450e-12
2.723662e-12
2.499990e-12
3.133166e-12
2.970088e-12
2.535502e-12
2.531360e-12
2.520147e-12
2.639612e-12
3.224356e-12
2.580360e-12
2.653101e-12
3.043663e-12
2.768512e-12
2.826708e-12
2.810646e-12
2.886538e-12
2.808116e-12
2.721388e-12
2.450914e-12
2.888142e-12
2.951691e-12
2.377407e-12
2.846336e-12
2.422470e-12
2.804709e-12
2.978150e-12
2.408661e-12
2.866155e-12
2.837341e-12
2.571175e-12
2.726481e-12
2.967183e-12
2.423010e-12
3.075988e-12
3.075330e-12
2.631678e-12
2.654108e-12
2.755440e-12
2.940298e-12
2.915341e-12
2.680798e-12
2.777861e-12
3.040923e-12
2.900942e-12
2.785594e-12
3.045619e-12
2.570379e-12
2.584700e-12
3.004177e-12
2.887788e-12
3.096087e-12
2.814606e-12
2.837450e-12
2.612111e-12
3.013441e-12
2.449842e-12
2.784660e-12
3.126334e-12
2.932726e-12
3.102141e-12
2.732315e-12
2.851232e-12
2.703710e-12
2.752053e-12
2.573474e-12
2.802330e-12
3.075427e-12
2.842700e-12
2.891880e-12
2.630619e-12
2.810541e-12
3.162431e-12
2.823654e-12
2.583566e-12
2.691497e-12
2.728123e-12
2.762927e-12
2.670520e-12
2.571185e-12
2.614261e-12
2.698742e-12
2.933384e-12
2.542917e-12
3.048069e-12
2.590339e-12
2.759299e-12
2.992834e-12
2.849222e-12
2.397574e-12
3.042778e-12
2.742366e-12
2.798488e-12
2.608921e-12
2.813906e-12
2.878669e-12
2.513141e-12
3.082373e-12
2.729586e-12
2.722062e-12
2.951105e-12
2.736231e-12
2.781176e-12
2.837815e-12
2.749566e-12
2.944466e-12
2.609863e-12
2.899873e-12
2.727882e-12
2.869171e-12
2.560708e-12
2.487866e-12
3.058385e-12
2.157411e-12
3.252036e-12
2.767919e-12
2.654795e-12
2.696056e-12
2.807660e-12
2.676304e-12
2.512056e-12
2.387547e-12
2.576140e-12
2.404466e-12
2.633872e-12
2.869828e-12
2.848059e-12
2.795685e-12
2.680873e-12
2.641946e-12
3.042573e-12
2.549134e-12
2.855756e-12
2.984727e-12
2.585199e-12
2.432219e-12
2.613305e-12
3.119999e-12
2.860758e-12
2.655187e-12
2.437967e-12
2.674523e-12
2.757683e-12
2.528002e-12
2.711833e-12
2.539887e-12
2.778908e-12
2.725112e-12
2.824593e-12
2.935130e-12
3.035639e-12
2.587334e-12
2.861560e-12
2.460348e-12
2.491016e-12
2.895364e-12
2.921792e-12
2.747937e-12
2.881647e-12
2.770988e-12
2.638151e-12
2.896423e-12
2.685607e-12
3.020999e-12
2.645048e-12
2.711270e-12
3.093905e-12
2.794523e-12
2.845862e-12
2.691261e-12
2.730701e-12
2.558997e-12
2.064829e-12
2.970053e-12
2.608221e-12
2.770461e-12
2.956518e-12
2.860145e-12
2.705365e-12
2.720839e-12
2.505404e-12
2.468731e-12
2.814207e-12
2.474669e-12
2.929817e-12
2.173993e-12
2.791216e-12
2.891160e-12
2.965212e-12
2.917850e-12
3.060969e-12
2.850135e-12
3.375056e-12
2.912855e-12
2.531558e-12
2.703320e-12
3.000360e-12
3.020482e-12
2.660311e-12
2.972786e-12
3.148981e-12
2.973808e-12
2.864950e-12
2.623696e-12
2.621692e-12
2.857492e-12
2.431343e-12
2.865579e-12
2.666030e-12
2.560107e-12
2.832187e-12
2.450498e-12
2.329697e-12
2.627223e-12
2.803562e-12
2.608417e-12
2.368861e-12
2.672938e-12
2.590778e-12
2.812991e-12
3.086413e-12
2.878262e-12
2.959031e-12
2.922081e-12
2.926594e-12
2.760573e-12
2.678532e-12
2.793666e-12
2.957714e-12
3.104711e-12
2.584816e-12
3.094478e-12
2.652539e-12
2.833228e-12
2.997549e-12
2.991786e-12
2.907109e-12
2.472103e-12
2.762517e-12
2.731525e-12
3.158780e-12
2.883491e-12
2.989270e-12
2.789161e-12
3.092268e-12
2.808638e-12
2.511441e-12
2.693259e-12
2.669663e-12
2.530087e-12
2.967423e-12
2.558136e-12
2.774938e-12
2.919852e-12
2.718581e-12
2.862257e-12
3.215990e-12
2.708596e-12
3.025257e-12
3.400814e-12
2.555782e-12
2.720864e-12
2.735935e-12
2.627296e-12
3.024002e-12
2.648042e-12
2.971297e-12
2.577040e-12
3.002566e-12
2.811588e-12
2.577042e-12
2.514071e-12
2.640027e-12
2.646484e-12
2.764951e-12
2.838928e-12
2.912240e-12
2.927185e-12
3.125804e-12
3.038003e-12
2.757243e-12
3.033560e-12
2.673736e-12
2.653478e-12
2.561828e-12
2.864065e-12
2.411105e-12
2.680633e-12
2.831168e-12
2.693636e-12
2.303794e-12
2.677216e-12
2.846335e-12
2.742299e-12
3.113960e-12
3.200924e-12
3.005794e-12
3.411034e-12
2.615088e-12
2.723057e-12
3.134461e-12
3.249985e-12
2.937933e-12
2.975324e-12
2.827232e-12
3.062722e-12
2.954617e-12
2.797290e-12
2.767582e-12
2.642346e-12
3.042348e-12
3.254231e-12
2.975209e-12
2.705868e-12
2.818422e-12
2.830578e-12
2.944212e-12
2.941611e-12
2.650687e-12
2.870188e-12
3.119155e-12
2.682509e-12
2.802637e-12
2.770863e-12
2.613991e-12
2.992287e-12
2.867056e-12
2.670220e-12
3.065159e-12
2.716538e-12
2.726356e-12
2.654532e-12
2.796524e-12
2.654874e-12
3.146812e-12
3.085143e-12
3.117825e-12
2.613560e-12
2.929686e-12
2.747075e-12
2.703545e-12
2.941871e-12
2.722848e-12
2.791787e-12
2.896639e-12
2.987143e-12
2.642289e-12
2.788145e-12
3.076924e-12
2.355996e-12
2.743381e-12
2.770734e-12
3.301872e-12
2.804582e-12
2.772582e-12
2.939346e-12
3.168627e-12
3.118936e-12
2.969306e-12
3.002696e-12
2.768430e-12
2.671956e-12
2.779730e-12
2.960367e-12
2.845693e-12
2.465431e-12
2.819454e-12
2.293474e-12
2.758510e-12
2.760793e-12
2.738726e-12
2.592994e-12
3.185539e-12
2.938227e-12
2.453135e-12
2.580995e-12
2.836921e-12
2.881850e-12
3.604445e-12
2.945338e-12
2.938198e-12
2.449204e-12
2.576555e-12
2.869539e-12
2.720562e-12
2.666480e-12
2.802387e-12
2.907678e-12
2.731964e-12
2.301135e-12
2.841469e-12
2.908408e-12
2.895332e-12
2.493634e-12
3.073776e-12
2.887639e-12
2.566087e-12
2.791133e-12
3.124311e-12
2.483786e-12
2.929420e-12
3.071923e-12
3.030473e-12
2.725230e-12
2.697666e-12
2.518671e-12
2.354331e-12
3.200299e-12
2.822465e-12
2.854497e-12
3.006211e-12
2.590345e-12
2.535835e-12
2.687610e-12
2.793011e-12
2.774028e-12
2.625800e-12
3.022470e-12
3.160018e-12
2.474410e-12
2.773260e-12
3.172932e-12
2.537785e-12
2.671323e-12
2.973291e-12
3.056499e-12
2.639188e-12
2.928934e-12
2.524740e-12
2.622125e-12
2.738742e-12
3.045232e-12
2.807815e-12
2.762500e-12
2.529300e-12
2.923851e-12
2.622102e-12
2.717013e-12
2.877296e-12
2.704317e-12
2.627689e-12
3.109527e-12
2.728002e-12
2.764716e-12
2.184518e-12
2.544934e-12
2.933662e-12
2.880102e-12
2.489314e-12
2.844640e-12
2.716250e-12
2.933216e-12
2.529269e-12
2.702471e-12
3.149078e-12
2.687592e-12
2.703903e-12
2.531433e-12
2.667282e-12
2.547163e-12
2.602706e-12
3.208888e-12
2.738696e-12
3.056281e-12
3.087533e-12
2.940879e-12
2.514829e-12
3.092046e-12
2.744991e-12
2.768528e-12
2.967344e-12
2.582118e-12
2.262720e-12
2.801483e-12
2.648451e-12
2.738614e-12
2.736452e-12
2.743623e-12
2.725488e-12
3.036834e-12
2.273358e-12
2.842581e-12
2.612247e-12
2.592670e-12
3.221692e-12
2.780787e-12
2.819436e-12
2.714358e-12
2.712930e-12
2.773872e-12
2.746977e-12
2.716866e-12
2.799899e-12
2.662637e-12
2.714892e-12
2.533201e-12
2.910029e-12
2.714619e-12
2.770306e-12
2.649469e-12
2.809657e-12
3.049660e-12
2.796763e-12
3.133659e-12
2.923303e-12
2.794359e-12
2.937567e-12
2.669011e-12
2.862648e-12
2.831063e-12
2.683822e-12
3.232405e-12
2.661610e-12
2.295434e-12
3.095675e-12
2.613546e-12
2.491884e-12
2.712283e-12
2.822389e-12
2.340018e-12
2.914322e-12
2.787039e-12
2.553262e-12
2.759063e-12
2.598993e-12
2.967599e-12
3.075283e-12
2.657547e-12
3.020266e-12
2.840244e-12
2.670166e-12
3.274883e-12
2.985275e-12
3.028167e-12
2.756425e-12
2.511837e-12
2.660687e-12
2.812193e-12
2.691619e-12
2.518879e-12
2.801665e-12
2.522602e-12
2.417881e-12
3.015745e-12
2.825520e-12
2.981539e-12
2.638403e-12
2.912565e-12
3.027801e-12
2.860320e-12
3.061200e-12
2.668756e-12
2.347873e-12
3.196511e-12
2.571406e-12
3.109488e-12
3.153708e-12
2.943808e-12
2.718226e-12
2.669305e-12
3.131422e-12
2.790193e-12
2.837838e-12
2.824705e-12
2.607328e-12
2.702257e-12
2.868072e-12
2.487846e-12
2.871771e-12
2.445297e-12
3.297531e-12
2.664833e-12
2.980417e-12
2.620531e-12
2.939258e-12
3.194873e-12
2.836022e-12
2.595871e-12
2.788839e-12
2.571573e-12
2.699462e-12
2.390509e-12
2.604423e-12
3.138130e-12
2.938835e-12
2.975044e-12
3.153898e-12
2.982735e-12
2.957836e-12
2.719489e-12
2.422205e-12
2.778727e-12
2.324258e-12
2.651107e-12
2.759020e-12
2.958249e-12
2.594706e-12
2.732535e-12
2.793637e-12
2.497726e-12
3.041420e-12
2.846007e-12
2.729571e-12
2.437501e-12
2.737092e-12
2.833982e-12
2.645694e-12
2.510477e-12
2.938711e-12
2.739553e-12
2.577657e-12
2.791042e-12
3.097901e-12
3.011398e-12
2.844191e-12
2.860153e-12
2.537869e-12
2.329266e-12
2.902877e-12
2.974287e-12
3.109555e-12
2.938966e-12
2.930912e-12
2.762802e-12
2.666279e-12
3.233606e-12
2.763155e-12
2.822687e-12
2.741842e-12
2.832703e-12
2.576997e-12
2.911285e-12
2.790868e-12
2.637957e-12
2.624309e-12
2.981998e-12
2.888677e-12
2.919905e-12
2.878489e-12
2.912568e-12
3.055983e-12
2.634772e-12
2.573148e-12
2.886731e-12
2.829967e-12
2.512279e-12
2.792412e-12
2.653789e-12
2.855535e-12
2.701494e-12
2.880232e-12
3.001653e-12
2.887774e-12
2.839566e-12
2.379751e-12
2.973281e-12
3.012984e-12
2.811384e-12
2.671597e-12
2.835347e-12
2.924789e-12
2.946978e-12
2.745459e-12
2.805385e-12
3.025680e-12
2.708058e-12
2.964756e-12
2.658141e-12
2.552390e-12
2.304449e-12
2.644819e-12
2.907726e-12
2.743674e-12
2.858091e-12
3.043466e-12
2.964906e-12
2.636951e-12
2.802964e-12
2.865967e-12
2.410274e-12
2.746495e-12
3.057668e-12
2.909550e-12
2.806049e-12
2.910540e-12
2.781744e-12
2.470294e-12
3.067729e-12
2.704493e-12
2.552785e-12
2.924329e-12
2.642622e-12
2.313212e-12
2.444570e-12
2.799723e-12
2.571951e-12
2.646105e-12
3.120520e-12
2.587138e-12
2.942324e-12
3.112496e-12
2.753995e-12
2.920246e-12
3.071237e-12
2.960574e-12
2.788196e-12
2.688155e-12
2.583006e-12
2.782896e-12
2.770085e-12
2.818276e-12
2.674597e-12
2.992938e-12
2.740882e-12
2.652795e-12
2.790518e-12
2.525258e-12
2.885019e-12
3.030470e-12
2.818852e-12
2.968452e-12
3.128060e-12
2.630801e-12
2.781541e-12
2.904315e-12
2.779908e-12
2.941270e-12
2.934601e-12
2.597983e-12
2.923963e-12
2.924363e-12
2.773499e-12
2.838395e-12
2.785559e-12
3.024249e-12
3.001252e-12
2.741232e-12
2.606525e-12
2.739425e-12
2.902286e-12
2.685646e-12
2.938477e-12
2.814626e-12
3.097457e-12
2.783238e-12
2.854247e-12
2.608284e-12
2.742425e-12
2.560308e-12
3.124142e-12
2.906796e-12
2.739525e-12
2.727449e-12
2.601339e-12
3.021131e-12
3.044404e-12
2.696469e-12
2.663494e-12
2.750711e-12
2.738871e-12
2.873156e-12
2.941615e-12
3.060094e-12
2.874237e-12
2.625666e-12
3.079983e-12
3.140649e-12
2.585046e-12
3.229194e-12
2.454532e-12
2.325234e-12
2.617906e-12
2.968140e-12
2.423898e-12
2.608238e-12
2.542181e-12
3.002803e-12
2.864251e-12
2.463417e-12
2.410559e-12
2.810428e-12
3.028271e-12
2.806203e-12
2.773442e-12
2.880890e-12
2.464762e-12
2.764903e-12
2.344544e-12
2.638712e-12
2.884358e-12
3.220193e-12
2.558325e-12
2.708138e-12
2.680478e-12
2.395274e-12
2.609504e-12
3.202444e-12
3.169395e-12
2.816872e-12
2.711447e-12
2.760417e-12
2.343363e-12
2.683845e-12
2.698345e-12
2.599480e-12
3.179247e-12
2.715022e-12
3.011667e-12
3.025405e-12
2.841873e-12
3.268035e-12
2.786369e-12
2.850345e-12
2.735169e-12
2.857078e-12
2.991829e-12
2.872219e-12
2.496613e-12
2.844550e-12
2.687547e-12
2.689737e-12
2.841655e-12
2.527203e-12
2.574515e-12
2.409814e-12
3.081112e-12
2.854576e-12
2.782268e-12
2.866653e-12
2.783556e-12
2.682124e-12
3.007595e-12
3.162745e-12
3.058220e-12
2.824469e-12
3.191603e-12
3.171021e-12
2.948090e-12
2.583964e-12
3.074773e-12
2.738747e-12
2.544616e-12
2.642549e-12
2.310889e-12
3.105770e-12
3.100150e-12
2.490167e-12
2.859410e-12
2.881866e-12
2.792218e-12
2.592499e-12
3.173877e-12
2.470116e-12
2.812447e-12
2.578874e-12
2.497088e-12
2.623172e-12
2.492990e-12
3.036621e-12
2.701055e-12
2.727663e-12
2.886166e-12
2.988316e-12
2.513230e-12
2.809355e-12
2.727541e-12
3.381527e-12
2.992098e-12
2.462231e-12
2.726498e-12
2.906673e-12
2.649843e-12
2.560409e-12
2.474403e-12
2.935248e-12
2.864441e-12
2.804735e-12
2.670307e-12
2.663689e-12
2.928923e-12
2.470635e-12
2.526960e-12
2.789924e-12
2.414755e-12
3.243234e-12
2.718506e-12
2.730306e-12
2.304270e-12
2.898190e-12
2.490631e-12
2.792149e-12
2.827059e-12
2.746641e-12
2.652203e-12
2.527062e-12
2.577968e-12
2.764470e-12
2.809367e-12
3.149686e-12
2.579635e-12
2.583796e-12
2.477412e-12
2.746935e-12
2.721962e-12
2.605115e-12
2.746089e-12
3.059993e-12
2.773381e-12
3.032738e-12
2.533124e-12
2.849535e-12
2.640724e-12
3.099726e-12
2.914337e-12
2.743163e-12
2.779967e-12
3.172462e-12
2.475087e-12
2.784852e-12
2.700983e-12
2.658671e-12
2.812734e-12
2.728597e-12
2.803735e-12
2.434702e-12
2.421528e-12
2.844853e-12
2.916626e-12
2.534308e-12
3.089177e-12
3.047252e-12
2.545421e-12
2.431648e-12
3.040789e-12
2.433600e-12
3.000860e-12
2.378769e-12
2.769437e-12
2.533527e-12
2.860362e-12
2.808223e-12
3.018934e-12
2.375925e-12
2.699253e-12
3.062370e-12
2.663840e-12
2.628761e-12
2.795693e-12
3.024321e-12
2.593682e-12
2.991795e-12
3.142024e-12
2.870435e-12
2.779034e-12
2.767879e-12
2.879667e-12
3.277713e-12
2.516379e-12
3.009541e-12
2.688233e-12
2.370242e-12
2.794093e-12
2.839146e-12
2.582688e-12
2.905253e-12
3.209277e-12
3.070941e-12
2.549348e-12
2.836996e-12
3.055702e-12
2.542800e-12
3.077695e-12
2.577002e-12
2.734033e-12
2.936601e-12
3.122647e-12
2.464228e-12
2.192004e-12
2.801743e-12
2.727519e-12
2.131255e-12
2.766844e-12
2.821559e-12
2.396746e-12
2.837800e-12
2.766083e-12
2.929475e-12
3.021723e-12
2.776579e-12
2.432102e-12
2.776151e-12
2.673456e-12
2.994454e-12
2.854087e-12
3.007396e-12
2.783149e-12
2.458664e-12
2.684630e-12
3.009018e-12
2.740379e-12
2.945287e-12
2.844529e-12
2.683277e-12
2.811898e-12
2.409430e-12
2.868508e-12
2.838709e-12
2.879107e-12
2.935769e-12
2.511356e-12
2.658550e-12
2.622322e-12
2.631707e-12
2.867339e-12
2.440016e-12
3.268715e-12
2.321064e-12
2.970346e-12
2.814740e-12
2.516890e-12
2.569040e-12
2.697892e-12
2.948673e-12
2.772723e-12
2.906910e-12
2.943735e-12
2.709311e-12
2.641856e-12
2.520507e-12
3.046038e-12
2.754738e-12
2.923618e-12
2.621002e-12
2.546723e-12
2.894800e-12
3.048663e-12
2.724327e-12
2.304982e-12
2.712683e-12
2.925975e-12
3.123073e-12
2.794427e-12
2.659911e-12
2.640094e-12
2.975009e-12
2.549888e-12
3.088184e-12
3.054246e-12
3.181521e-12
2.943339e-12
3.014651e-12
2.963243e-12
2.745707e-12
3.007214e-12
2.881542e-12
3.194161e-12
2.637468e-12
2.801036e-12
3.179014e-12
2.471511e-12
2.445941e-12
2.713574e-12
2.596240e-12
2.509747e-12
2.686950e-12
2.591862e-12
2.923350e-12
2.929307e-12
2.740542e-12
2.763950e-12
2.420758e-12
2.759079e-12
2.820009e-12
2.722553e-12
2.404872e-12
2.248106e-12
2.895938e-12
2.337038e-12
2.581238e-12
2.792317e-12
2.632510e-12
2.387752e-12
2.829336e-12
2.983746e-12
3.110325e-12
2.777103e-12
3.352718e-12
2.588733e-12
2.615811e-12
2.497633e-12
2.898171e-12
2.963055e-12
2.873258e-12
2.618930e-12
2.810033e-12
3.159536e-12
3.222753e-12
2.702398e-12
2.960665e-12
2.837674e-12
2.705079e-12
2.542698e-12
3.200763e-12
2.617094e-12
2.921034e-12
2.753767e-12
2.777931e-12
2.651373e-12
2.435043e-12
2.370213e-12
2.866579e-12
2.914880e-12
3.155955e-12
2.921871e-12
3.047998e-12
2.910249e-12
2.563041e-12
2.882598e-12
2.870518e-12
2.563281e-12
2.593467e-12
2.651812e-12
3.055981e-12
2.983364e-12
3.065422e-12
3.141188e-12
3.036140e-12
2.546715e-12
2.749173e-12
2.698888e-12
2.647978e-12
3.085678e-12
2.725409e-12
2.852616e-12
2.934631e-12
2.416625e-12
3.059422e-12
2.608347e-12
2.770647e-12
2.870462e-12
2.976273e-12
2.953276e-12
2.912424e-12
2.636767e-12
2.930719e-12
2.689062e-12
2.404192e-12
2.923826e-12
2.917220e-12
3.300328e-12
3.020840e-12
3.014471e-12
2.741868e-12
2.693818e-12
2.728168e-12
2.974024e-12
3.051808e-12
2.370928e-12
2.558182e-12
2.325631e-12
2.558124e-12
2.845184e-12
2.754523e-12
3.090076e-12
2.838643e-12
2.959692e-12
2.629620e-12
2.725698e-12
2.833977e-12
2.990482e-12
2.777471e-12
2.849107e-12
2.815047e-12
2.783357e-12
2.853454e-12
2.958156e-12
2.670061e-12
3.055031e-12
2.472224e-12
2.674320e-12
2.785324e-12
2.671911e-12
2.571091e-12
2.785867e-12
2.914186e-12
3.006462e-12
2.609187e-12
2.830150e-12
2.749756e-12
2.553920e-12
2.894723e-12
2.229682e-12
3.072319e-12
2.861453e-12
2.476352e-12
2.548397e-12
2.665330e-12
2.804904e-12
2.792348e-12
2.882498e-12
2.831138e-12
2.514602e-12
2.913854e-12
2.856422e-12
2.554403e-12
3.084176e-12
2.233886e-12
2.947876e-12
2.866631e-12
2.909949e-12
2.548224e-12
3.033347e-12
2.635334e-12
2.752097e-12
2.530683e-12
2.638528e-12
2.538652e-12
2.714413e-12
2.660206e-12
2.777039e-12
2.882427e-12
2.709246e-12
2.666157e-12
2.802468e-12
2.540726e-12
3.183593e-12
2.824354e-12
3.093944e-12
2.866460e-12
3.018150e-12
2.756760e-12
2.938821e-12
2.593089e-12
2.868973e-12
3.170838e-12
3.095066e-12
3.182950e-12
2.665952e-12
2.457458e-12
2.574449e-12
3.162635e-12
2.672953e-12
2.473328e-12
3.148228e-12
2.703031e-12
2.447925e-12
2.844681e-12
2.923541e-12
2.990752e-12
2.586713e-12
2.590911e-12
3.068619e-12
2.678163e-12
2.492779e-12
2.912596e-12
2.795613e-12
3.167387e-12
2.837401e-12
2.873577e-12
2.892997e-12
2.735698e-12
2.579320e-12
2.706339e-12
2.802448e-12
2.620041e-12
2.800294e-12
2.919511e-12
2.869726e-12
2.800919e-12
2.676862e-12
2.790713e-12
2.700263e-12
2.991993e-12
2.764002e-12
2.896026e-12
2.916301e-12
3.119847e-12
3.007363e-12
2.551084e-12
2.931370e-12
2.691761e-12
2.509014e-12
2.747951e-12
2.742390e-12
2.991157e-12
2.490769e-12
2.923050e-12
2.920381e-12
3.086166e-12
2.352065e-12
2.944950e-12
2.802972e-12
2.825220e-12
2.240757e-12
2.979811e-12
2.775597e-12
3.113806e-12
2.509003e-12
2.961777e-12
2.699902e-12
2.033168e-12
2.477139e-12
2.752915e-12
2.697234e-12
2.854034e-12
2.758910e-12
3.069822e-12
2.983311e-12
2.935750e-12
2.901324e-12
2.887158e-12
2.961959e-12
3.014540e-12
2.590909e-12
2.731816e-12
2.621565e-12
2.701455e-12
2.931797e-12
3.129283e-12
2.880999e-12
2.876543e-12
2.930881e-12
2.845349e-12
2.513612e-12
2.732111e-12
3.183606e-12
2.886690e-12
2.796913e-12
2.741387e-12
2.533399e-12
2.264723e-12
2.888660e-12
3.029142e-12
2.981622e-12
2.462258e-12
2.643166e-12
2.998449e-12
2.703157e-12
3.262212e-12
2.517332e-12
2.797760e-12
2.871589e-12
2.919632e-12
2.732312e-12
2.821281e-12
3.175111e-12
2.448520e-12
2.977384e-12
2.543730e-12
2.569778e-12
2.830791e-12
2.448084e-12
2.699609e-12
2.896946e-12
2.583618e-12
2.817436e-12
2.303633e-12
2.715383e-12
2.564024e-12
2.928364e-12
2.588119e-12
2.843979e-12
2.634553e-12
2.623246e-12
2.535921e-12
2.892738e-12
2.810238e-12
2.310897e-12
2.535528e-12
2.819689e-12
2.774473e-12
2.474925e-12
2.988008e-12
2.542802e-12
2.986939e-12
3.031294e-12
2.795797e-12
2.723889e-12
2.631483e-12
2.630803e-12
2.441475e-12
2.918573e-12
2.180676e-12
3.192569e-12
2.891514e-12
3.211323e-12
3.256772e-12
2.598601e-12
2.551261e-12
2.845679e-12
2.484050e-12
2.716993e-12
3.121394e-12
2.449513e-12
2.570770e-12
2.761610e-12
3.370731e-12
2.766172e-12
2.813888e-12
3.173421e-12
2.699990e-12
2.773539e-12
2.886249e-12
2.729239e-12
2.635908e-12
3.094014e-12
2.728176e-12
2.727831e-12
2.706128e-12
2.668635e-12
2.979287e-12
2.682541e-12
2.659526e-12
2.456711e-12
2.654856e-12
2.746029e-12
2.765598e-12
2.964366e-12
2.972383e-12
3.172066e-12
2.517917e-12
2.398714e-12
2.821066e-12
2.978148e-12
2.470689e-12
2.450605e-12
3.125511e-12
2.682438e-12
2.775152e-12
2.833460e-12
2.395854e-12
2.746691e-12
2.891005e-12
2.747711e-12
2.790546e-12
2.641498e-12
2.892530e-12
2.676633e-12
2.835888e-12
2.729587e-12
2.565766e-12
2.615212e-12
2.866734e-12
3.148323e-12
2.436396e-12
2.615515e-12
2.903945e-12
2.451519e-12
2.827059e-12
2.757899e-12
2.786602e-12
2.937028e-12
2.959929e-12
2.476755e-12
2.892181e-12
2.729487e-12
3.074201e-12
2.774720e-12
2.596883e-12
3.154967e-12
2.966517e-12
2.951127e-12
2.728624e-12
2.644801e-12
2.539096e-12
2.782538e-12
2.669502e-12
2.326735e-12
2.910548e-12
2.646113e-12
2.756909e-12
2.973766e-12
2.931635e-12
2.834326e-12
2.670837e-12
3.118284e-12
2.691096e-12
2.894117e-12
2.845127e-12
2.675969e-12
2.780468e-12
2.774672e-12
2.765192e-12
2.679743e-12
3.008059e-12
2.646674e-12
3.205198e-12
2.588070e-12
3.132113e-12
2.967042e-12
2.512210e-12
2.924943e-12
2.684808e-12
2.828142e-12
2.933089e-12
2.889992e-12
2.394637e-12
2.904086e-12
3.004174e-12
2.639501e-12
3.001422e-12
2.867947e-12
2.944387e-12
2.296126e-12
2.623154e-12
2.419316e-12
2.592952e-12
2.920566e-12
2.707246e-12
2.800397e-12
2.513255e-12
2.328290e-12
2.552885e-12
2.894760e-12
2.911162e-12
2.525850e-12
2.719023e-12
2.957304e-12
2.964740e-12
3.154235e-12
2.883252e-12
2.993726e-12
2.404521e-12
2.638386e-12
2.712055e-12
2.637133e-12
3.310430e-12
3.132463e-12
2.695867e-12
2.848583e-12
2.141035e-12
2.755435e-12
2.671460e-12
2.863281e-12
2.720708e-12
2.953569e-12
2.854085e-12
2.837114e-12
2.570072e-12
2.854170e-12
3.103037e-12
2.904491e-12
2.910919e-12
2.760712e-12
2.794391e-12
2.636576e-12
2.999411e-12
3.140702e-12
2.835888e-12
2.631621e-12
2.873650e-12
2.866349e-12
2.970556e-12
2.790264e-12
2.710273e-12
3.053586e-12
2.906105e-12
2.521372e-12
2.801901e-12
2.796656e-12
2.794217e-12
2.760736e-12
2.582117e-12
2.528903e-12
2.894545e-12
2.730739e-12
2.729958e-12
2.576525e-12
2.748530e-12
2.855216e-12
2.857412e-12
2.068465e-12
2.946720e-12
2.757816e-12
2.958904e-12
2.677368e-12
2.661479e-12
3.274872e-12
2.814779e-12
3.020220e-12
2.610446e-12
2.849718e-12
2.680654e-12
2.919486e-12
2.735883e-12
2.891660e-12
3.233164e-12
2.950595e-12
3.150819e-12
2.549096e-12
2.776346e-12
2.629805e-12
2.721911e-12
2.941903e-12
2.801280e-12
2.589541e-12
3.035411e-12
2.836901e-12
3.255020e-12
2.869506e-12
2.793625e-12
2.905948e-12
2.670196e-12
2.480975e-12
3.088681e-12
2.512149e-12
3.169081e-12
2.683495e-12
3.262702e-12
2.759213e-12
2.320438e-12
2.822778e-12
2.420185e-12
2.665879e-12
2.649822e-12
3.079827e-12
2.674228e-12
3.059611e-12
3.079528e-12
2.843627e-12
2.801202e-12
2.812075e-12
2.652946e-12
3.111836e-12
2.542378e-12
2.816702e-12
2.583503e-12
3.052378e-12
2.645748e-12
2.955306e-12
2.712223e-12
3.124631e-12
2.865054e-12
3.068557e-12
2.766177e-12
2.684496e-12
2.733003e-12
2.627597e-12
2.733684e-12
3.266695e-12
2.909903e-12
2.825111e-12
2.964890e-12
2.718321e-12
2.974082e-12
2.661238e-12
2.795800e-12
2.298566e-12
2.586485e-12
2.612701e-12
2.727008e-12
2.434479e-12
2.930762e-12
2.963796e-12
2.887158e-12
3.060790e-12
3.175470e-12
3.252840e-12
2.615999e-12
2.594406e-12
2.644993e-12
2.814530e-12
2.839418e-12
2.753393e-12
2.978076e-12
2.616376e-12
2.722107e-12
2.779928e-12
2.637831e-12
2.523426e-12
2.695639e-12
2.509500e-12
2.991774e-12
2.663976e-12
3.042769e-12
2.705982e-12
3.009025e-12
2.446107e-12
2.898099e-12
2.872232e-12
2.901151e-12
2.861757e-12
2.865000e-12
2.640600e-12
2.751735e-12
3.245760e-12
2.624162e-12
3.363576e-12
2.888038e-12
2.371001e-12
2.659936e-12
2.795754e-12
2.538418e-12
3.171730e-12
2.497554e-12
2.686992e-12
2.935602e-12
3.080217e-12
2.659344e-12
2.570638e-12
2.471085e-12
2.664798e-12
2.542179e-12
2.993353e-12
2.581581e-12
2.643735e-12
2.627232e-12
2.844091e-12
2.829657e-12
3.090656e-12
2.658757e-12
2.594102e-12
2.678382e-12
2.646547e-12
3.133100e-12
2.942882e-12
2.665959e-12
3.002420e-12
2.888701e-12
2.899996e-12
2.966476e-12
2.420997e-12
2.696812e-12
2.834736e-12
2.476773e-12
2.670204e-12
2.758867e-12
3.136121e-12
2.987086e-12
2.563353e-12
2.563943e-12
2.873636e-12
2.579103e-12
2.779459e-12
2.571375e-12
2.433704e-12
2.778608e-12
2.717447e-12
2.887267e-12
2.853696e-12
2.861106e-12
2.971064e-12
2.722143e-12
2.998180e-12
2.810443e-12
2.966703e-12
2.585196e-12
2.575283e-12
2.322517e-12
2.625782e-12
2.359052e-12
2.588037e-12
2.915059e-12
2.674509e-12
3.079142e-12
3.153407e-12
3.051629e-12
2.886596e-12
2.792923e-12
3.041254e-12
2.100359e-12
2.598705e-12
2.772474e-12
2.803260e-12
3.039536e-12
2.573451e-12
2.911881e-12
2.835518e-12
2.925931e-12
2.914849e-12
2.706031e-12
2.779268e-12
2.669037e-12
2.436291e-12
2.463070e-12
1.871428e-12
2.684454e-12
2.567600e-12
2.801633e-12
2.618372e-12
2.466210e-12
2.732514e-12
2.894662e-12
2.507562e-12
2.947187e-12
2.539127e-12
2.417869e-12
2.768812e-12
3.060574e-12
3.020123e-12
2.919660e-12
2.872080e-12
2.400377e-12
3.015923e-12
2.854580e-12
2.622189e-12
2.355080e-12
2.355335e-12
2.923525e-12
2.629908e-12
2.612049e-12
2.733452e-12
2.942902e-12
2.687066e-12
2.966752e-12
2.892751e-12
2.555903e-12
2.913172e-12
2.758781e-12
2.984584e-12
2.454649e-12
2.925583e-12
2.902803e-12
2.897095e-12
2.709134e-12
2.805093e-12
2.785314e-12
2.655911e-12
3.249455e-12
2.647500e-12
2.534743e-12
2.740839e-12
2.685771e-12
2.641710e-12
2.563793e-12
3.127579e-12
2.696825e-12
2.861132e-12
2.487365e-12
2.683889e-12
2.405132e-12
3.269986e-12
3.205335e-12
2.842256e-12
2.558997e-12
2.461387e-12
2.742799e-12
3.086002e-12
2.805580e-12
2.873070e-12
3.152356e-12
2.823253e-12
2.723687e-12
3.056019e-12
2.394515e-12
2.790521e-12
2.918151e-12
2.392315e-12
2.946709e-12
2.813740e-12
2.730277e-12
3.083188e-12
2.449133e-12
2.604392e-12
2.515634e-12
2.573640e-12
2.622197e-12
2.972031e-12
2.836270e-12
2.578072e-12
2.446241e-12
2.396119e-12
2.775625e-12
2.447649e-12
2.720058e-12
2.525223e-12
2.566211e-12
2.775034e-12
2.668950e-12
2.478890e-12
2.869371e-12
2.762852e-12
2.605183e-12
2.678112e-12
2.758798e-12
2.463734e-12
2.639020e-12
2.791528e-12
3.004938e-12
2.780512e-12
2.933798e-12
2.551616e-12
2.381201e-12
3.100433e-12
2.779276e-12
3.016646e-12
2.650459e-12
2.737118e-12
3.116091e-12
2.236209e-12
2.741852e-12
3.067082e-12
2.623716e-12
2.627025e-12
2.859400e-12
2.696281e-12
2.339801e-12
2.499567e-12
2.827414e-12
2.715859e-12
2.958196e-12
2.689887e-12
2.840284e-12
3.138507e-12
2.654511e-12
2.956194e-12
2.813638e-12
2.868622e-12
3.390171e-12
2.596361e-12
2.310781e-12
2.885825e-12
2.427126e-12
2.423977e-12
2.660603e-12
2.656374e-12
2.441472e-12
2.933311e-12
2.843586e-12
2.656297e-12
2.566892e-12
3.008013e-12
2.438369e-12
2.842044e-12
2.970003e-12
2.865074e-12
2.499063e-12
3.292665e-12
2.879704e-12
2.891577e-12
2.970537e-12
2.551588e-12
2.662065e-12
2.697682e-12
2.643681e-12
2.904544e-12
2.858989e-12
2.922833e-12
2.797112e-12
2.505990e-12
2.678383e-12
2.888265e-12
2.783197e-12
3.166048e-12
2.475849e-12
2.697711e-12
2.462420e-12
2.875898e-12
2.635443e-12
2.899936e-12
2.520677e-12
2.709883e-12
2.645317e-12
2.567520e-12
2.548332e-12
2.858143e-12
2.699879e-12
3.143185e-12
2.912363e-12
2.547483e-12
3.028063e-12
2.926880e-12
2.899879e-12
2.951501e-12
2.683308e-12
2.635002e-12
3.146497e-12
2.777611e-12
2.668144e-12
2.795391e-12
3.099645e-12
2.803516e-12
2.726968e-12
2.844646e-12
2.952956e-12
2.802924e-12
2.896238e-12
2.891931e-12
2.683297e-12
2.432013e-12
3.045736e-12
2.879214e-12
2.849459e-12
2.697445e-12
2.557083e-12
2.829040e-12
3.142955e-12
2.895809e-12
2.851572e-12
2.755109e-12
2.612037e-12
2.850012e-12
3.125404e-12
2.662939e-12
2.851056e-12
3.231117e-12
2.905568e-12
2.917281e-12
2.705666e-12
2.876195e-12
2.912660e-12
2.575201e-12
2.534459e-12
3.084342e-12
2.646638e-12
2.722965e-12
2.570701e-12
2.740250e-12
2.709431e-12
2.890103e-12
2.591677e-12
2.944727e-12
3.034339e-12
3.034862e-12
2.856057e-12
3.089840e-12
2.578826e-12
3.025930e-12
2.430601e-12
2.524179e-12
3.016898e-12
2.785860e-12
2.883476e-12
2.437201e-12
2.478748e-12
2.810284e-12
2.784387e-12
2.696206e-12
2.701041e-12
2.762126e-12
3.028881e-12
2.376024e-12
2.844888e-12
3.136821e-12
2.862038e-12
3.215809e-12
3.002470e-12
2.509693e-12
2.860964e-12
2.804097e-12
2.687205e-12
2.766344e-12
3.153839e-12
2.602525e-12
2.723422e-12
2.559966e-12
2.701326e-12
2.691484e-12
2.870381e-12
2.945285e-12
3.275145e-12
2.706486e-12
2.996861e-12
2.883902e-12
3.007802e-12
2.509906e-12
2.633972e-12
2.661326e-12
2.880346e-12
2.647130e-12
2.782049e-12
2.851802e-12
2.758162e-12
2.906943e-12
2.926778e-12
2.351533e-12
2.790744e-12
2.775291e-12
2.587815e-12
2.668433e-12
2.773999e-12
2.594071e-12
3.067144e-12
2.840191e-12
2.262773e-12
3.016998e-12
2.307874e-12
2.807085e-12
2.547250e-12
2.849709e-12
2.881915e-12
2.949901e-12
2.892970e-12
2.787459e-12
2.823062e-12
2.853406e-12
2.756035e-12
2.815439e-12
2.676605e-12
2.955124e-12
2.510612e-12
2.728051e-12
3.022053e-12
2.462081e-12
2.750854e-12
2.582117e-12
2.855762e-12
2.883824e-12
2.375902e-12
2.380682e-12
2.977023e-12
2.679473e-12
2.501247e-12
2.821054e-12
2.676051e-12
2.556272e-12
3.158477e-12
2.929923e-12
2.699941e-12
2.758049e-12
2.768744e-12
2.634890e-12
2.758689e-12
2.946704e-12
2.723639e-12
2.916291e-12
3.051299e-12
2.825128e-12
3.281208e-12
2.845916e-12
2.859547e-12
2.928139e-12
3.090167e-12
2.790022e-12
3.252045e-12
3.058905e-12
2.293689e-12
2.897405e-12
2.437226e-12
3.035878e-12
2.787410e-12
2.983078e-12
2.573538e-12
2.787517e-12
2.550607e-12
2.812388e-12
3.386011e-12
2.857505e-12
2.964898e-12
2.670042e-12
2.724707e-12
2.790656e-12
2.843084e-12
2.839285e-12
2.381795e-12
3.054992e-12
2.568397e-12
3.269605e-12
2.791611e-12
2.671238e-12
2.574686e-12
2.251947e-12
3.030120e-12
2.606039e-12
2.640127e-12
2.580646e-12
2.913925e-12
2.548509e-12
2.903715e-12
2.748381e-12
2.582966e-12
2.629149e-12
2.441539e-12
2.557419e-12
2.672055e-12
2.907510e-12
3.058162e-12
2.704921e-12
2.897451e-12
3.130001e-12
2.770444e-12
2.999746e-12
2.404263e-12
2.933560e-12
2.746956e-12
2.445620e-12
3.013702e-12
2.808803e-12
2.577102e-12
2.762006e-12
2.746543e-12
2.712187e-12
2.508576e-12
3.009893e-12
2.911216e-12
2.840346e-12
2.517881e-12
2.523340e-12
3.084710e-12
2.654432e-12
2.894141e-12
2.863690e-12
2.694002e-12
2.665727e-12
2.801699e-12
3.006303e-12
3.139220e-12
3.096500e-12
2.942728e-12
2.812843e-12
3.091357e-12
2.725121e-12
2.657456e-12
2.626498e-12
2.809783e-12
2.901752e-12
2.401307e-12
2.662574e-12
2.431730e-12
2.737929e-12
2.909288e-12
2.701174e-12
2.902409e-12
2.799408e-12
3.214751e-12
2.736459e-12
3.244633e-12
2.293965e-12
2.411018e-12
2.990783e-12
3.070322e-12
2.597017e-12
2.807392e-12
2.989455e-12
2.733341e-12
3.112076e-12
2.841951e-12
2.708181e-12
2.602438e-12
2.807611e-12
2.569617e-12
2.573701e-12
2.610082e-12
2.603499e-12
3.137577e-12
3.077544e-12
2.890260e-12
2.500004e-12
2.746768e-12
2.535217e-12
2.760854e-12
2.956699e-12
2.807603e-12
3.001897e-12
2.415093e-12
2.347583e-12
2.704856e-12
2.567689e-12
2.892445e-12
3.152751e-12
2.738299e-12
2.840102e-12
3.044264e-12
2.937624e-12
2.714271e-12
2.958744e-12
2.821551e-12
2.851020e-12
2.804107e-12
2.689959e-12
2.447979e-12
3.050852e-12
2.628209e-12
2.610840e-12
2.918575e-12
2.893220e-12
2.836586e-12
2.854299e-12
2.477406e-12
2.932127e-12
3.003822e-12
2.573643e-12
2.209926e-12
2.588272e-12
2.332408e-12
2.817987e-12
2.546551e-12
2.562347e-12
2.581214e-12
2.726858e-12
2.770369e-12
2.675186e-12
2.521476e-12
2.810388e-12
2.642368e-12
2.340371e-12
2.777670e-12
2.960373e-12
2.639661e-12
2.821544e-12
3.108567e-12
2.579795e-12
2.954193e-12
2.513670e-12
2.895945e-12
2.592479e-12
2.317296e-12
3.001356e-12
2.551923e-12
2.676446e-12
3.079150e-12
2.713900e-12
2.878285e-12
3.338486e-12
2.997258e-12
3.261770e-12
2.602451e-12
3.073471e-12
2.706016e-12
2.919319e-12
3.033894e-12
2.542482e-12
3.079878e-12
2.760756e-12
2.515106e-12
2.717050e-12
2.518412e-12
2.471963e-12
2.867876e-12
2.869229e-12
2.986932e-12
2.734407e-12
2.905184e-12
2.913831e-12
3.084630e-12
2.542701e-12
2.841442e-12
2.565485e-12
2.645357e-12
2.609819e-12
2.795052e-12
2.477559e-12
2.478255e-12
2.603599e-12
2.821608e-12
2.690892e-12
2.899580e-12
2.983652e-12
2.894800e-12
3.532735e-12
2.462610e-12
2.953786e-12
2.211218e-12
2.611643e-12
2.889390e-12
3.081295e-12
2.050032e-12
2.766010e-12
2.834768e-12
2.321648e-12
2.520453e-12
2.642303e-12
2.591600e-12
2.793655e-12
2.627297e-12
3.086958e-12
2.799411e-12
2.913140e-12
3.039380e-12
2.785649e-12
2.422325e-12
2.348551e-12
2.912693e-12
2.868181e-12
2.665756e-12
3.061999e-12
2.891963e-12
2.826489e-12
2.600945e-12
2.624065e-12
3.103975e-12
3.051622e-12
2.697337e-12
2.840888e-12
2.974725e-12
3.123775e-12
2.997881e-12
2.628443e-12
2.970723e-12
2.754974e-12
2.886314e-12
2.795226e-12
2.625680e-12
2.764846e-12
2.554065e-12
2.572705e-12
2.927351e-12
3.230056e-12
3.055530e-12
2.973280e-12
2.633147e-12
3.118255e-12
2.898100e-12
2.898317e-12
2.421739e-12
2.847842e-12
2.406409e-12
2.502288e-12
2.466617e-12
2.771441e-12
2.835142e-12
3.031132e-12
2.812497e-12
2.758134e-12
3.016378e-12
2.973606e-12
2.715147e-12
3.084133e-12
2.542740e-12
3.152697e-12
2.640754e-12
2.885448e-12
2.630501e-12
2.756807e-12
3.109636e-12
2.448645e-12
3.051832e-12
3.074795e-12
3.033992e-12
2.893059e-12
2.518663e-12
3.004953e-12
2.600281e-12
2.571772e-12
3.336080e-12
2.928277e-12
2.672894e-12
3.123689e-12
2.983391e-12
2.769640e-12
2.661694e-12
3.466320e-12
2.713099e-12
3.285697e-12
2.866534e-12
2.632036e-12
2.860827e-12
2.870463e-12
2.354877e-12
3.307450e-12
2.864282e-12
3.031801e-12
2.550606e-12
3.061282e-12
2.898936e-12
2.929798e-12
2.812485e-12
2.839144e-12
2.536396e-12
2.922891e-12
3.049923e-12
2.833967e-12
2.818102e-12
2.937012e-12
2.364333e-12
2.504521e-12
3.050779e-12
2.580924e-12
2.852142e-12
2.874515e-12
2.738777e-12
2.445858e-12
2.630068e-12
2.721094e-12
2.819813e-12
2.734016e-12
2.264446e-12
3.463915e-12
2.812850e-12
2.638990e-12
2.406541e-12
2.594197e-12
2.469942e-12
2.793581e-12
2.606406e-12
3.159308e-12
2.701387e-12
3.026167e-12
2.881938e-12
3.040053e-12
2.985760e-12
2.845697e-12
2.495431e-12
2.927006e-12
2.930903e-12
2.716767e-12
3.030932e-12
3.163231e-12
2.904673e-12
2.805621e-12
3.018481e-12
2.879584e-12
2.718023e-12
2.743381e-12
2.829287e-12
2.992411e-12
2.651352e-12
3.008606e-12
2.994616e-12
2.552621e-12
2.838016e-12
2.981678e-12
2.703238e-12
3.020113e-12
2.527165e-12
2.821376e-12
2.309970e-12
2.945701e-12
2.829057e-12
2.613628e-12
2.551743e-12
2.928496e-12
2.196419e-12
2.750398e-12
2.631879e-12
2.749027e-12
2.913991e-12
2.856637e-12
3.365945e-12
3.011116e-12
3.056736e-12
2.563850e-12
2.766974e-12
2.593960e-12
3.128123e-12
2.385570e-12
2.959367e-12
2.723079e-12
3.101694e-12
2.386617e-12
2.898853e-12
3.118761e-12
2.537563e-12
2.674647e-12
2.945442e-12
2.679180e-12
2.770454e-12
2.607440e-12
2.563291e-12
2.898755e-12
2.477111e-12
3.130508e-12
2.702936e-12
2.676732e-12
3.285620e-12
3.042702e-12
2.909808e-12
3.147240e-12
2.828455e-12
2.416225e-12
3.102557e-12
2.881416e-12
2.585190e-12
3.047623e-12
3.095770e-12
2.776612e-12
3.190540e-12
3.067330e-12
2.759664e-12
3.074788e-12
2.689264e-12
2.833887e-12
2.382256e-12
3.037498e-12
3.193546e-12
2.716946e-12
2.324884e-12
2.759101e-12
2.535449e-12
2.552477e-12
2.767590e-12
3.133149e-12
2.287800e-12
2.540728e-12
2.870208e-12
2.558496e-12
2.961630e-12
2.450470e-12
2.657998e-12
2.698940e-12
2.806914e-12
3.067463e-12
2.522197e-12
2.877139e-12
2.838124e-12
2.783541e-12
2.871594e-12
2.895151e-12
2.779941e-12
3.186880e-12
2.669955e-12
2.667192e-12
2.628677e-12
2.761456e-12
2.932375e-12
2.493453e-12
2.930116e-12
2.572517e-12
2.954998e-12
2.623932e-12
3.019644e-12
2.628082e-12
2.621873e-12
2.615084e-12
2.814263e-12
2.976317e-12
2.969517e-12
2.157830e-12
2.543279e-12
3.003564e-12
2.948330e-12
2.805262e-12
2.997851e-12
2.633153e-12
2.861195e-12
2.632594e-12
2.536801e-12
2.899934e-12
2.730832e-12
2.678257e-12
2.919973e-12
2.942371e-12
2.614386e-12
2.903601e-12
2.817144e-12
2.678587e-12
2.930618e-12
2.489607e-12
2.948799e-12
2.642306e-12
2.634558e-12
2.747105e-12
2.947372e-12
2.678872e-12
2.892551e-12
3.197949e-12
2.997992e-12
2.383995e-12
2.541459e-12
2.625980e-12
2.955753e-12
2.602303e-12
2.883928e-12
2.998735e-12
2.466697e-12
2.713760e-12
2.918632e-12
3.027420e-12
2.626418e-12
2.475505e-12
2.917553e-12
2.767696e-12
2.671731e-12
3.045638e-12
2.793463e-12
2.349524e-12
2.625049e-12
2.935309e-12
2.913608e-12
2.834754e-12
2.921307e-12
2.796152e-12
2.531817e-12
2.529353e-12
2.916063e-12
2.576089e-12
2.897477e-12
3.061746e-12
2.984804e-12
2.636322e-12
2.809419e-12
2.772303e-12
2.941456e-12
2.471803e-12
3.153582e-12
2.709875e-12
2.665556e-12
2.581642e-12
3.127999e-12
2.568820e-12
2.759966e-12
3.133815e-12
2.812158e-12
2.665728e-12
2.876623e-12
2.623256e-12
2.972759e-12
3.050963e-12
3.078849e-12
2.619612e-12
2.482800e-12
3.186898e-12
3.105944e-12
2.567436e-12
2.966253e-12
2.875308e-12
2.705613e-12
2.639698e-12
2.852177e-12
2.566992e-12
3.108889e-12
2.881742e-12
2.669657e-12
2.736107e-12
2.990836e-12
2.677286e-12
2.812575e-12
2.644852e-12
3.083491e-12
2.738438e-12
2.618298e-12
2.716826e-12
2.412201e-12
2.742471e-12
2.749166e-12
2.998962e-12
2.984274e-12
2.952696e-12
2.586149e-12
2.902430e-12
2.746510e-12
3.023294e-12
2.550915e-12
2.783990e-12
3.035416e-12
2.484903e-12
2.859370e-12
2.798465e-12
2.711471e-12
3.105134e-12
2.901511e-12
2.372754e-12
2.378901e-12
2.592936e-12
2.867139e-12
2.918096e-12
2.767494e-12
2.735603e-12
2.514113e-12
2.544671e-12
3.409775e-12
2.867038e-12
2.695585e-12
2.820006e-12
2.864169e-12
2.800142e-12
2.611016e-12
3.080170e-12
2.406817e-12
2.892445e-12
2.748973e-12
2.630592e-12
3.133326e-12
2.995752e-12
2.384644e-12
2.807350e-12
2.838810e-12
2.590219e-12
3.005224e-12
2.413362e-12
2.851744e-12
2.485812e-12
2.554142e-12
3.028178e-12
2.367811e-12
2.406983e-12
2.733679e-12
2.944799e-12
2.882321e-12
2.715990e-12
2.860653e-12
3.129674e-12
2.939791e-12
2.725973e-12
2.766199e-12
2.852252e-12
2.857104e-12
2.554154e-12
2.645205e-12
2.667621e-12
3.039114e-12
2.877780e-12
3.036011e-12
2.857531e-12
2.706010e-12
2.862561e-12
2.939640e-12
2.880269e-12
3.027317e-12
2.650134e-12
2.748145e-12
2.757142e-12
2.616725e-12
2.368775e-12
2.800025e-12
2.940872e-12
2.587885e-12
2.790199e-12
2.925393e-12
3.012263e-12
2.594545e-12
3.164787e-12
2.701955e-12
2.857250e-12
2.750222e-12
2.921097e-12
2.795568e-12
2.775466e-12
3.044165e-12
3.183088e-12
2.398075e-12
3.049549e-12
3.076643e-12
3.082056e-12
2.811490e-12
2.696670e-12
2.803366e-12
3.139765e-12
2.506230e-12
2.626734e-12
2.696748e-12
2.932499e-12
2.993398e-12
2.721597e-12
2.838674e-12
2.571264e-12
2.539534e-12
2.868016e-12
3.154193e-12
2.832148e-12
3.109083e-12
2.761661e-12
2.886250e-12
2.856953e-12
2.675988e-12
2.913922e-12
2.635595e-12
3.308503e-12
2.611015e-12
2.760768e-12
2.550406e-12
3.085275e-12
2.481666e-12
3.240002e-12
2.716810e-12
2.679563e-12
2.716029e-12
2.771909e-12
2.737918e-12
2.489967e-12
2.921651e-12
3.134073e-12
2.783102e-12
2.531078e-12
2.736952e-12
3.138158e-12
2.805508e-12
2.885135e-12
2.669358e-12
3.367749e-12
2.904740e-12
2.534951e-12
2.483588e-12
2.396249e-12
2.981073e-12
2.591648e-12
3.023799e-12
3.043990e-12
2.665103e-12
2.751545e-12
2.925359e-12
2.882286e-12
2.577109e-12
3.081377e-12
2.777619e-12
3.004624e-12
2.881200e-12
2.610612e-12
2.744999e-12
2.475155e-12
2.507942e-12
2.764013e-12
2.871145e-12
3.331105e-12
2.666796e-12
3.404934e-12
2.640750e-12
2.774734e-12
2.528330e-12
2.467185e-12
2.867440e-12
2.855425e-12
2.889097e-12
3.210759e-12
2.933025e-12
2.675395e-12
3.065076e-12
2.598118e-12
2.688198e-12
3.223946e-12
2.908591e-12
2.393978e-12
2.797368e-12
2.478401e-12
2.960621e-12
2.812672e-12
2.532448e-12
2.714824e-12
2.877886e-12
2.903763e-12
2.274779e-12
2.835744e-12
2.736905e-12
2.940451e-12
2.842182e-12
2.960448e-12
2.239119e-12
2.802322e-12
2.354157e-12
2.845184e-12
2.637251e-12
2.501687e-12
2.746528e-12
2.764014e-12
2.762911e-12
2.924640e-12
2.521169e-12
2.609453e-12
2.830032e-12
2.497150e-12
3.110745e-12
2.845021e-12
2.389757e-12
2.847185e-12
2.858039e-12
2.760695e-12
2.934443e-12
2.714677e-12
2.404530e-12
2.997090e-12
2.767814e-12
2.536415e-12
2.872129e-12
2.696785e-12
2.575038e-12
2.896194e-12
2.585648e-12
2.847403e-12
2.841663e-12
2.798437e-12
2.803356e-12
2.591758e-12
2.834715e-12
2.831157e-12
2.847591e-12
2.770525e-12
2.282605e-12
2.861024e-12
2.790615e-12
2.920618e-12
2.810765e-12
2.965099e-12
2.748903e-12
2.768466e-12
2.884526e-12
2.668911e-12
2.794099e-12
2.852229e-12
2.492633e-12
2.720015e-12
3.251852e-12
2.562698e-12
2.833568e-12
2.947549e-12
3.138134e-12
2.935210e-12
2.751182e-12
2.687406e-12
3.109437e-12
2.696162e-12
2.818631e-12
2.754338e-12
2.747300e-12
2.555352e-12
2.849429e-12
2.697882e-12
2.896921e-12
2.967317e-12
2.818652e-12
2.590294e-12
2.986694e-12
2.969742e-12
2.630247e-12
3.213852e-12
2.260436e-12
3.038872e-12
2.924615e-12
2.632079e-12
2.207377e-12
2.924587e-12
2.532638e-12
2.629137e-12
2.911274e-12
2.795389e-12
2.716073e-12
2.365906e-12
2.628983e-12
2.760189e-12
2.676576e-12
2.602964e-12
2.240702e-12
2.894595e-12
2.619118e-12
2.984124e-12
2.711079e-12
2.849092e-12
2.845544e-12
3.101503e-12
2.607622e-12
3.211384e-12
3.272595e-12
2.798107e-12
2.906006e-12
2.575805e-12
2.796806e-12
3.126323e-12
2.822088e-12
2.864762e-12
2.693156e-12
2.902224e-12
3.272813e-12
2.731143e-12
2.799534e-12
3.172067e-12
3.365614e-12
2.812889e-12
2.673117e-12
2.392125e-12
3.187377e-12
2.809726e-12
3.279381e-12
2.755473e-12
2.681209e-12
3.005001e-12
2.570471e-12
2.781810e-12
2.877694e-12
2.735462e-12
2.843807e-12
2.673988e-12
2.663547e-12
2.832979e-12
2.542491e-12
2.986193e-12
2.465436e-12
2.816409e-12
2.388789e-12
2.554316e-12
3.381850e-12
2.861719e-12
2.658150e-12
2.673073e-12
2.590656e-12
2.832557e-12
3.061042e-12
2.591890e-12
3.056888e-12
2.818479e-12
2.973602e-12
2.686749e-12
2.749491e-12
2.883753e-12
2.673375e-12
2.792105e-12
2.649793e-12
2.541594e-12
2.657780e-12
2.761565e-12
2.524038e-12
2.733759e-12
2.706063e-12
2.784564e-12
2.696204e-12
2.915406e-12
2.865769e-12
2.660429e-12
2.507867e-12
2.838131e-12
2.801104e-12
3.219451e-12
2.875025e-12
3.243202e-12
2.765926e-12
2.653451e-12
2.995442e-12
3.482890e-12
2.703055e-12
3.046460e-12
3.016625e-12
2.432037e-12
3.020389e-12
2.565986e-12
2.833493e-12
2.703644e-12
2.283688e-12
2.247888e-12
2.484245e-12
3.068814e-12
2.649618e-12
2.889008e-12
2.837393e-12
3.310708e-12
2.749456e-12
2.977602e-12
2.811003e-12
2.946709e-12
2.609806e-12
2.659507e-12
2.784342e-12
2.807030e-12
2.825611e-12
3.157187e-12
3.042212e-12
2.811892e-12
2.329499e-12
2.774460e-12
2.953286e-12
2.790550e-12
2.750715e-12
2.642317e-12
2.599578e-12
2.888486e-12
2.917416e-12
2.861216e-12
2.825004e-12
2.515496e-12
2.891741e-12
2.934596e-12
2.440413e-12
3.079648e-12
2.910120e-12
2.729372e-12
3.212766e-12
2.835459e-12
3.017050e-12
2.988097e-12
3.074358e-12
2.731452e-12
2.981298e-12
3.037232e-12
2.728898e-12
3.072965e-12
2.543061e-12
3.262640e-12
2.937277e-12
2.728549e-12
2.974413e-12
2.496807e-12
2.955093e-12
2.842661e-12
2.832935e-12
3.034318e-12
3.154749e-12
2.782527e-12
2.993611e-12
3.001081e-12
2.631614e-12
2.236968e-12
3.082948e-12
2.571512e-12
2.558865e-12
2.983168e-12
2.659349e-12
2.573922e-12
3.089885e-12
2.981435e-12
2.398902e-12
2.485902e-12
2.720415e-12
2.944626e-12
2.972077e-12
3.163655e-12
2.979436e-12
2.582181e-12
2.851386e-12
2.399390e-12
2.551739e-12
2.586023e-12
2.837498e-12
2.622275e-12
2.623670e-12
2.409638e-12
3.057402e-12
2.953359e-12
2.872303e-12
3.069496e-12
3.057503e-12
2.730461e-12
2.810762e-12
2.856934e-12
2.617843e-12
2.734548e-12
2.522910e-12
2.851520e-12
2.743549e-12
3.141392e-12
2.535444e-12
2.779461e-12
2.722112e-12
2.684308e-12
2.850030e-12
2.882098e-12
2.801843e-12
3.031056e-12
3.026017e-12
2.954020e-12
2.844047e-12
2.668382e-12
2.934762e-12
3.016306e-12
3.354000e-12
2.867791e-12
3.147744e-12
2.491423e-12
2.410365e-12
3.215537e-12
2.909948e-12
2.886826e-12
2.733273e-12
2.341141e-12
2.329423e-12
2.585383e-12
2.887124e-12
2.767252e-12
2.522326e-12
2.122275e-12
2.786626e-12
2.257815e-12
2.756339e-12
3.027752e-12
2.781155e-12
2.731628e-12
2.795661e-12
3.051686e-12
2.828493e-12
2.749466e-12
3.151806e-12
2.924866e-12
2.716550e-12
3.184408e-12
2.967450e-12
2.562040e-12
2.993752e-12
2.797420e-12
2.857946e-12
2.492024e-12
2.908020e-12
2.853677e-12
2.805679e-12
3.122745e-12
2.874554e-12
2.801746e-12
3.265826e-12
2.542275e-12
2.576798e-12
2.875347e-12
2.885788e-12
2.797017e-12
2.724631e-12
3.233404e-12
2.949152e-12
3.137573e-12
3.029397e-12
2.842136e-12
3.004355e-12
2.548165e-12
2.611404e-12
2.810973e-12
2.606392e-12
3.030143e-12
2.669752e-12
3.047707e-12
3.003723e-12
2.986638e-12
3.070017e-12
2.794784e-12
2.785346e-12
2.772679e-12
2.613508e-12
2.799519e-12
2.296261e-12
3.049270e-12
2.563947e-12
2.929121e-12
2.818281e-12
2.670670e-12
2.692044e-12
2.518295e-12
2.542247e-12
2.474624e-12
2.668655e-12
2.612440e-12
2.885680e-12
2.710716e-12
2.465152e-12
2.402313e-12
2.932823e-12
2.740605e-12
2.763885e-12
2.489565e-12
2.924859e-12
2.712128e-12
2.595619e-12
2.640325e-12
2.330677e-12
2.865257e-12
2.217370e-12
3.245714e-12
2.881633e-12
2.441556e-12
2.799374e-12
2.131762e-12
2.585536e-12
3.018055e-12
2.680871e-12
2.977952e-12
2.490213e-12
2.464836e-12
2.835220e-12
2.907175e-12
2.492993e-12
2.577659e-12
2.627486e-12
2.686248e-12
2.855156e-12
2.426484e-12
2.577035e-12
2.556015e-12
3.033473e-12
2.757076e-12
2.502888e-12
2.891441e-12
2.676618e-12
3.187257e-12
2.621484e-12
2.713837e-12
3.009217e-12
3.039464e-12
2.759788e-12
2.789240e-12
3.044813e-12
2.449504e-12
2.750141e-12
2.575762e-12
2.657339e-12
2.781981e-12
2.961309e-12
2.708919e-12
2.485467e-12
3.314462e-12
2.759446e-12
3.120451e-12
3.059570e-12
2.525712e-12
2.636325e-12
2.499671e-12
2.847684e-12
2.563818e-12
3.009522e-12
3.045855e-12
2.895280e-12
2.876159e-12
3.210400e-12
2.878725e-12
2.685952e-12
2.320983e-12
3.049906e-12
2.698655e-12
2.421275e-12
2.750055e-12
3.065948e-12
2.743368e-12
3.180408e-12
3.040204e-12
2.642157e-12
3.116699e-12
3.147902e-12
2.495710e-12
2.857567e-12
2.621113e-12
2.569244e-12
2.815218e-12
2.711036e-12
2.919554e-12
3.024839e-12
3.042801e-12
2.685163e-12
3.123533e-12
2.430080e-12
2.703963e-12
2.577089e-12
3.113340e-12
2.807931e-12
2.929267e-12
2.999878e-12
3.094206e-12
2.857681e-12
2.580599e-12
2.833075e-12
2.767428e-12
2.879228e-12
3.045743e-12
2.841153e-12
2.583953e-12
2.630124e-12
3.202949e-12
2.724058e-12
2.719036e-12
2.639101e-12
2.817615e-12
2.717243e-12
2.782640e-12
2.505755e-12
2.608305e-12
2.794319e-12
2.753684e-12
2.696105e-12
2.803987e-12
3.016601e-12
3.069470e-12
2.659096e-12
3.056602e-12
2.880868e-12
2.720662e-12
3.079240e-12
2.558485e-12
2.888211e-12
2.829552e-12
2.849793e-12
2.860947e-12
2.625526e-12
2.760461e-12
2.690045e-12
2.523074e-12
2.858159e-12
2.760926e-12
2.502749e-12
2.998065e-12
2.873118e-12
2.844697e-12
2.325546e-12
2.665701e-12
2.466117e-12
2.841921e-12
2.919383e-12
3.175356e-12
2.635908e-12
2.690368e-12
2.728907e-12
2.697372e-12
3.094048e-12
2.847620e-12
2.513826e-12
2.904876e-12
2.820727e-12
2.722184e-12
2.892093e-12
2.620102e-12
3.009259e-12
2.587354e-12
2.547912e-12
2.606812e-12
2.168967e-12
2.617785e-12
3.005380e-12
3.002435e-12
2.738236e-12
2.795142e-12
3.035465e-12
2.776402e-12
3.125227e-12
2.720958e-12
2.892082e-12
3.036761e-12
2.804539e-12
3.067505e-12
2.726727e-12
2.503213e-12
2.664323e-12
2.512543e-12
2.308214e-12
2.826503e-12
2.869640e-12
2.551672e-12
2.942007e-12
2.383478e-12
2.338823e-12
2.955747e-12
3.045178e-12
3.037983e-12
2.638335e-12
2.943618e-12
2.926655e-12
2.926511e-12
2.647354e-12
3.026732e-12
2.923754e-12
2.721859e-12
2.651942e-12
2.783057e-12
2.584896e-12
3.153895e-12
2.680852e-12
2.850643e-12
2.817283e-12
2.651078e-12
2.689961e-12
3.056278e-12
2.716821e-12
2.849931e-12
3.199859e-12
3.036842e-12
2.615359e-12
3.047554e-12
2.687902e-12
2.797354e-12
2.888552e-12
2.883076e-12
2.906666e-12
2.731985e-12
2.922580e-12
2.916311e-12
2.976989e-12
2.495982e-12
2.890845e-12
2.414485e-12
2.707886e-12
2.778878e-12
2.862431e-12
3.093620e-12
2.822641e-12
2.630914e-12
2.778835e-12
2.674121e-12
2.779885e-12
2.812003e-12
2.522625e-12
2.749589e-12
3.190101e-12
2.929006e-12
2.212515e-12
2.651779e-12
2.938123e-12
2.694117e-12
2.673087e-12
2.839397e-12
2.370259e-12
2.969010e-12
2.900204e-12
2.544997e-12
2.658568e-12
2.761176e-12
2.848005e-12
2.671377e-12
2.670567e-12
2.474631e-12
3.027621e-12
2.717406e-12
2.772582e-12
2.344278e-12
2.549323e-12
3.286232e-12
2.823738e-12
2.452469e-12
2.992694e-12
2.781806e-12
2.818392e-12
2.502328e-12
2.371520e-12
2.497343e-12
2.220236e-12
2.684479e-12
2.736088e-12
2.967906e-12
2.522182e-12
2.789798e-12
2.884885e-12
2.473961e-12
2.357829e-12
3.385618e-12
2.822881e-12
2.885212e-12
2.496689e-12
2.774828e-12
3.000140e-12
2.551088e-12
2.908290e-12
2.490332e-12
2.812786e-12
2.577152e-12
2.333643e-12
2.905215e-12
3.130094e-12
2.746531e-12
3.032874e-12
2.890808e-12
2.701331e-12
2.432033e-12
2.926619e-12
2.876763e-12
2.746384e-12
2.892479e-12
3.317303e-12
2.898953e-12
2.758157e-12
2.520844e-12
2.785905e-12
3.035531e-12
2.915814e-12
3.137109e-12
2.697695e-12
2.654129e-12
2.827895e-12
2.503087e-12
3.166373e-12
2.814448e-12
2.478293e-12
2.400835e-12
2.803010e-12
3.326878e-12
2.747133e-12
2.769643e-12
2.505776e-12
2.860705e-12
2.852897e-12
2.750125e-12
2.695947e-12
2.724686e-12
2.576834e-12
2.575855e-12
2.818337e-12
2.932278e-12
2.595406e-12
3.002220e-12
2.531324e-12
3.026270e-12
2.883812e-12
2.962867e-12
2.796842e-12
2.845673e-12
3.101339e-12
2.678878e-12
2.760130e-12
3.105028e-12
2.936388e-12
2.463819e-12
2.746775e-12
2.686637e-12
2.870817e-12
2.395060e-12
2.823815e-12
2.853290e-12
2.861206e-12
2.621732e-12
2.918679e-12
2.889233e-12
2.572014e-12
2.832836e-12
2.878125e-12
3.102474e-12
2.595251e-12
2.867594e-12
2.660313e-12
2.633287e-12
2.585989e-12
2.657476e-12
2.918184e-12
2.588127e-12
3.257342e-12
2.993629e-12
2.874473e-12
2.659659e-12
3.128574e-12
2.723210e-12
2.584600e-12
2.871535e-12
2.539674e-12
3.025612e-12
2.784374e-12
3.338716e-12
2.912575e-12
2.706922e-12
2.875586e-12
3.126469e-12
2.749175e-12
2.562542e-12
2.843321e-12
3.019731e-12
2.450434e-12
2.867743e-12
2.480423e-12
2.111595e-12
3.051499e-12
2.412279e-12
2.929980e-12
2.908377e-12
2.829393e-12
3.091655e-12
2.643339e-12
2.774518e-12
2.657935e-12
2.799673e-12
2.919623e-12
2.760977e-12
2.883766e-12
2.602961e-12
2.949647e-12
2.294320e-12
3.010378e-12
2.675112e-12
3.234122e-12
2.842567e-12
2.596831e-12
2.939965e-12
3.012905e-12
2.578601e-12
2.514837e-12
3.056257e-12
2.728412e-12
2.764274e-12
2.605356e-12
2.926223e-12
2.530860e-12
2.535943e-12
2.610924e-12
2.604331e-12
2.792509e-12
2.638161e-12
2.854456e-12
2.718925e-12
2.732077e-12
2.814110e-12
2.432900e-12
2.966375e-12
2.732415e-12
2.884478e-12
2.429894e-12
2.618150e-12
2.780566e-12
3.211330e-12
2.812759e-12
2.919033e-12
2.859026e-12
3.015960e-12
2.458802e-12
2.800950e-12
2.916060e-12
2.912995e-12
2.780446e-12
2.551535e-12
3.148945e-12
2.501060e-12
2.775796e-12
2.677771e-12
3.441171e-12
3.305413e-12
2.891142e-12
2.861715e-12
2.693088e-12
2.524263e-12
3.081314e-12
2.380386e-12
2.916337e-12
2.896239e-12
2.779973e-12
2.849834e-12
2.703243e-12
2.838015e-12
2.799056e-12
2.955686e-12
3.070820e-12
2.569556e-12
2.889649e-12
2.573921e-12
2.641447e-12
2.664461e-12
2.820992e-12
2.980160e-12
3.039696e-12
2.761770e-12
2.868510e-12
2.901157e-12
2.439152e-12
2.568719e-12
2.995730e-12
2.805545e-12
2.555638e-12
2.878114e-12
2.764328e-12
2.616494e-12
2.909538e-12
2.685745e-12
2.793871e-12
2.806581e-12
2.759568e-12
3.150586e-12
2.832177e-12
2.792484e-12
2.676965e-12
3.003147e-12
2.978536e-12
2.765199e-12
2.885061e-12
2.801630e-12
2.826691e-12
2.957770e-12
2.824186e-12
2.971819e-12
2.773442e-12
2.715068e-12
2.758243e-12
2.543930e-12
2.569804e-12
3.074004e-12
2.950268e-12
2.795119e-12
2.839489e-12
2.727187e-12
2.381949e-12
2.719749e-12
2.511280e-12
2.988877e-12
3.077122e-12
2.894306e-12
2.382692e-12
2.893904e-12
2.829042e-12
2.407072e-12
2.738963e-12
2.773429e-12
2.658923e-12
3.061981e-12
2.967511e-12
2.545967e-12
2.631187e-12
2.537850e-12
3.220687e-12
2.935802e-12
2.895026e-12
2.844299e-12
2.850527e-12
2.838087e-12
2.543228e-12
2.526659e-12
3.041116e-12
2.754567e-12
2.657403e-12
2.394686e-12
3.024540e-12
2.928652e-12
2.786498e-12
2.520894e-12
2.802622e-12
2.674827e-12
3.365927e-12
2.774234e-12
2.701865e-12
2.983385e-12
2.523845e-12
2.344560e-12
2.980877e-12
2.740295e-12
2.582984e-12
2.898384e-12
2.655461e-12
3.021817e-12
2.966739e-12
2.564680e-12
2.675368e-12
2.701468e-12
2.760452e-12
3.058237e-12
2.773330e-12
2.947503e-12
2.568070e-12
2.635537e-12
2.977778e-12
2.544850e-12
3.287382e-12
2.797017e-12
2.658397e-12
2.500943e-12
2.789190e-12
2.359322e-12
2.731575e-12
2.732346e-12
2.677143e-12
2.648436e-12
2.674574e-12
3.077413e-12
3.323350e-12
3.124364e-12
2.690331e-12
2.968441e-12
2.755491e-12
2.708159e-12
2.266162e-12
2.831651e-12
3.152367e-12
2.589004e-12
2.972769e-12
2.755203e-12
2.152343e-12
3.046661e-12
2.433328e-12
2.699550e-12
2.685198e-12
2.806107e-12
2.769199e-12
2.942732e-12
3.098317e-12
2.963295e-12
2.850386e-12
2.989683e-12
2.803524e-12
2.900246e-12
2.402866e-12
3.085612e-12
2.818368e-12
3.186174e-12
2.310163e-12
2.926018e-12
2.837335e-12
2.773831e-12
2.229795e-12
2.999533e-12
3.055979e-12
2.830396e-12
3.033632e-12
2.906750e-12
3.429044e-12
3.039340e-12
2.388878e-12
3.006927e-12
2.772253e-12
2.949588e-12
2.905904e-12
2.907684e-12
3.037050e-12
3.109510e-12
2.690721e-12
2.660065e-12
2.735530e-12
2.842114e-12
2.713245e-12
3.074749e-12
2.804092e-12
2.881566e-12
2.835754e-12
2.894584e-12
3.000271e-12
2.592372e-12
2.932095e-12
2.711720e-12
2.874533e-12
3.013523e-12
3.121880e-12
2.785298e-12
2.848636e-12
2.961969e-12
3.112012e-12
2.649039e-12
2.688773e-12
2.763734e-12
2.360773e-12
2.814037e-12
2.899940e-12
3.099621e-12
3.227674e-12
2.841733e-12
2.668839e-12
2.246134e-12
2.554582e-12
2.873927e-12
2.815664e-12
2.769831e-12
2.864049e-12
3.061214e-12
2.680382e-12
2.405349e-12
2.843225e-12
3.004485e-12
2.565673e-12
2.337514e-12
2.469904e-12
2.809670e-12
3.156847e-12
2.525128e-12
2.989127e-12
2.781664e-12
2.285234e-12
3.108745e-12
2.234947e-12
2.964395e-12
2.670546e-12
2.626358e-12
2.997894e-12
3.038695e-12
2.584209e-12
2.861250e-12
2.523449e-12
2.913975e-12
2.723651e-12
2.561258e-12
2.769713e-12
2.727919e-12
2.694943e-12
2.139883e-12
2.513125e-12
3.089215e-12
2.627074e-12
2.909345e-12
3.026804e-12
3.167898e-12
2.590654e-12
2.771926e-12
3.479302e-12
2.796452e-12
2.764860e-12
2.997000e-12
2.518497e-12
2.764704e-12
2.713199e-12
2.928147e-12
2.684447e-12
2.623704e-12
2.941772e-12
2.980026e-12
2.388917e-12
3.146372e-12
2.391061e-12
3.060033e-12
2.700001e-12
2.796404e-12
2.368051e-12
2.957871e-12
2.877341e-12
2.507624e-12
2.473262e-12
2.647718e-12
2.354081e-12
2.426058e-12
2.868290e-12
2.567154e-12
2.833649e-12
2.665421e-12
2.754202e-12
3.035318e-12
3.140329e-12
2.526750e-12
2.732229e-12
2.351332e-12
2.757234e-12
2.884819e-12
2.704322e-12
3.028203e-12
3.039264e-12
2.917014e-12
2.795986e-12
2.534367e-12
3.043448e-12
2.895764e-12
3.044864e-12
2.754373e-12
3.017645e-12
2.724089e-12
2.837955e-12
2.879884e-12
3.214006e-12
2.933237e-12
2.730116e-12
2.574618e-12
2.851111e-12
2.573453e-12
2.743985e-12
2.692876e-12
2.499780e-12
2.726450e-12
3.042485e-12
3.141739e-12
2.920324e-12
2.594167e-12
2.800736e-12
2.909201e-12
3.203132e-12
2.780961e-12
2.935912e-12
3.091048e-12
3.007638e-12
2.714739e-12
2.924235e-12
2.632946e-12
2.549291e-12
2.778182e-12
2.671880e-12
2.461364e-12
2.687217e-12
2.692828e-12
2.509668e-12
2.705389e-12
2.902690e-12
2.762234e-12
2.919137e-12
2.835561e-12
3.035333e-12
2.853779e-12
3.142366e-12
2.551902e-12
2.770747e-12
2.484973e-12
2.771074e-12
2.742939e-12
2.739150e-12
2.963208e-12
3.119661e-12
2.992911e-12
2.786643e-12
2.690194e-12
2.417112e-12
2.526562e-12
2.909286e-12
3.072075e-12
2.578734e-12
2.572986e-12
2.402322e-12
2.455543e-12
2.541252e-12
2.841717e-12
2.504826e-12
2.447838e-12
2.756711e-12
2.765420e-12
2.907121e-12
2.468223e-12
2.936414e-12
2.913196e-12
2.977294e-12
3.140717e-12
2.758553e-12
2.830535e-12
2.719409e-12
2.557372e-12
2.499735e-12
3.203569e-12
2.863848e-12
2.732594e-12
2.427761e-12
2.675024e-12
2.553464e-12
2.603419e-12
2.482058e-12
2.833006e-12
2.426982e-12
2.962767e-12
2.655620e-12
2.950107e-12
2.759539e-12
2.719485e-12
2.679239e-12
2.973285e-12
2.301187e-12
2.921180e-12
2.633498e-12
2.527705e-12
2.555627e-12
2.857886e-12
2.903049e-12
2.670162e-12
2.660637e-12
2.295599e-12
2.495783e-12
3.065367e-12
2.665514e-12
2.581605e-12
2.743673e-12
2.731257e-12
2.689449e-12
2.516081e-12
2.672692e-12
3.245428e-12
3.033124e-12
2.684743e-12
2.605039e-12
2.486532e-12
2.964500e-12
2.931481e-12
3.083295e-12
2.679887e-12
2.512433e-12
2.540621e-12
2.696759e-12
2.602450e-12
2.610928e-12
2.797929e-12
3.274039e-12
2.341887e-12
3.017331e-12
2.801149e-12
3.115107e-12
2.832043e-12
2.509076e-12
2.547810e-12
3.032681e-12
2.878984e-12
2.881717e-12
2.899236e-12
2.638333e-12
2.768689e-12
2.989755e-12
3.129455e-12
2.776859e-12
2.959710e-12
2.694996e-12
2.788073e-12
3.011619e-12
2.879701e-12
2.952985e-12
2.518185e-12
2.831296e-12
2.367276e-12
3.011480e-12
2.598117e-12
2.830094e-12
2.886703e-12
2.772875e-12
2.592498e-12
2.877744e-12
2.700031e-12
2.174032e-12
2.753408e-12
2.842452e-12
2.708314e-12
2.458776e-12
2.870825e-12
3.221146e-12
2.230851e-12
2.637004e-12
3.068228e-12
2.675484e-12
2.365623e-12
3.247782e-12
2.784480e-12
3.087877e-12
2.577601e-12
2.937272e-12
2.613845e-12
2.878077e-12
2.782899e-12
2.404913e-12
2.582533e-12
2.998606e-12
2.565767e-12
2.822916e-12
2.759075e-12
2.679501e-12
2.968726e-12
2.672630e-12
2.836520e-12
2.859504e-12
3.053375e-12
2.566425e-12
2.731915e-12
2.602050e-12
3.235463e-12
2.458635e-12
2.929847e-12
2.702719e-12
2.859775e-12
3.148922e-12
3.048867e-12
2.757744e-12
2.748653e-12
2.461022e-12
2.902189e-12
2.840721e-12
2.881297e-12
2.709256e-12
3.071956e-12
3.155736e-12
2.717738e-12
2.271538e-12
2.648481e-12
2.639571e-12
3.038141e-12
2.663045e-12
2.501672e-12
3.237828e-12
2.900313e-12
2.869682e-12
3.031138e-12
2.483889e-12
2.916678e-12
2.946769e-12
2.360982e-12
2.755663e-12
2.868399e-12
2.499204e-12
2.620063e-12
2.907951e-12
2.878305e-12
2.839808e-12
2.672768e-12
2.976459e-12
2.491851e-12
2.714071e-12
2.693210e-12
2.854403e-12
2.987601e-12
2.174574e-12
2.683466e-12
2.916139e-12
2.695997e-12
3.158367e-12
2.772933e-12
2.775705e-12
2.723058e-12
2.392356e-12
2.761694e-12
2.505631e-12
2.598600e-12
2.441978e-12
2.823507e-12
2.870452e-12
2.998556e-12
2.818484e-12
3.227842e-12
2.837524e-12
3.237041e-12
2.844693e-12
2.759543e-12
3.107404e-12
2.640203e-12
3.072399e-12
2.773554e-12
2.689149e-12
3.146100e-12
2.653267e-12
2.870615e-12
2.529261e-12
2.716167e-12
2.876152e-12
2.345143e-12
2.664594e-12
2.606782e-12
2.783615e-12
2.895167e-12
3.147038e-12
2.588830e-12
2.967388e-12
3.276439e-12
2.895753e-12
2.551820e-12
3.090985e-12
2.691680e-12
2.839164e-12
2.618936e-12
2.876399e-12
2.610581e-12
2.890593e-12
3.066518e-12
2.622215e-12
2.570845e-12
2.688125e-12
2.751253e-12
2.815769e-12
2.745622e-12
2.664927e-12
2.480491e-12
2.524091e-12
3.134131e-12
2.979000e-12
3.302313e-12
2.710110e-12
2.878680e-12
2.934989e-12
2.812256e-12
2.178665e-12
2.770700e-12
2.949504e-12
2.772914e-12
2.346244e-12
2.584950e-12
2.435703e-12
2.879605e-12
2.631461e-12
2.597900e-12
3.034904e-12
2.516810e-12
2.931671e-12
2.645639e-12
2.728033e-12
2.677952e-12
3.171642e-12
2.895142e-12
3.216367e-12
2.865603e-12
2.557723e-12
2.443744e-12
2.643608e-12
2.716496e-12
2.511302e-12
3.117552e-12
2.476237e-12
2.757765e-12
2.798222e-12
2.956858e-12
2.624233e-12
2.994683e-12
2.922324e-12
2.904491e-12
2.658612e-12
2.637315e-12
2.582800e-12
2.838162e-12
2.989700e-12
2.788307e-12
2.544782e-12
2.836422e-12
2.960573e-12
2.550137e-12
3.091038e-12
2.559613e-12
3.090792e-12
2.859678e-12
3.105839e-12
2.362875e-12
3.120882e-12
2.750447e-12
2.513691e-12
2.709264e-12
2.831873e-12
2.455404e-12
2.710574e-12
2.244377e-12
2.916057e-12
2.823888e-12
2.610004e-12
2.903048e-12
2.619345e-12
2.437404e-12
2.504481e-12
2.632569e-12
2.602708e-12
2.298342e-12
2.894801e-12
2.823702e-12
2.607224e-12
2.717058e-12
3.075891e-12
2.174313e-12
2.720604e-12
3.009047e-12
2.748994e-12
2.916974e-12
2.559162e-12
2.511195e-12
2.682062e-12
2.452980e-12
2.678585e-12
2.773504e-12
2.887337e-12
3.021582e-12
2.770032e-12
2.603226e-12
2.974263e-12
2.818429e-12
2.780573e-12
2.772595e-12
2.761322e-12
2.843517e-12
2.868540e-12
3.354704e-12
2.411294e-12
2.868867e-12
2.762092e-12
2.797481e-12
2.627882e-12
2.639949e-12
2.351571e-12
2.845152e-12
2.769416e-12
2.713663e-12
2.980660e-12
3.048217e-12
3.126476e-12
2.860754e-12
2.765569e-12
2.928855e-12
3.036760e-12
2.571753e-12
2.981581e-12
2.992199e-12
2.916197e-12
2.732407e-12
2.815633e-12
2.355418e-12
2.680287e-12
2.615241e-12
3.082180e-12
2.987570e-12
2.431666e-12
2.378962e-12
2.544394e-12
2.622496e-12
3.148670e-12
2.760150e-12
3.045954e-12
2.760126e-12
2.720780e-12
2.929860e-12
3.081412e-12
2.855787e-12
2.732359e-12
2.867874e-12
3.054133e-12
2.916923e-12
2.511279e-12
3.145924e-12
2.624095e-12
2.844630e-12
2.985370e-12
2.827734e-12
2.924928e-12
2.642122e-12
2.667238e-12
2.691008e-12
2.611664e-12
2.857083e-12
2.896213e-12
3.321306e-12
3.053284e-12
3.328946e-12
3.107181e-12
2.668331e-12
2.867016e-12
2.690923e-12
2.706144e-12
2.392409e-12
2.693603e-12
2.250470e-12
2.966914e-12
2.619124e-12
3.225803e-12
2.762146e-12
2.968052e-12
2.951362e-12
2.658367e-12
3.218399e-12
2.585062e-12
2.896766e-12
2.667036e-12
2.458082e-12
2.852565e-12
2.603840e-12
2.734551e-12
2.425072e-12
2.854297e-12
2.886677e-12
2.603051e-12
2.523065e-12
2.932508e-12
2.543059e-12
2.266682e-12
2.452895e-12
2.969910e-12
2.756954e-12
3.038661e-12
2.598956e-12
3.227553e-12
2.502790e-12
2.939583e-12
2.652556e-12
2.776363e-12
2.518865e-12
2.916238e-12
2.799049e-12
2.833634e-12
2.430049e-12
2.937917e-12
3.144919e-12
2.961808e-12
2.924019e-12
2.994780e-12
2.716605e-12
2.062781e-12
2.584589e-12
2.926980e-12
2.606957e-12
3.010242e-12
2.895138e-12
2.592291e-12
2.827477e-12
2.885534e-12
2.731292e-12
2.711470e-12
3.103634e-12
2.809509e-12
3.141334e-12
2.979586e-12
2.555236e-12
2.911351e-12
2.968407e-12
2.590715e-12
2.705710e-12
2.417998e-12
2.574826e-12
2.970304e-12
2.633663e-12
2.729042e-12
2.790395e-12
3.163055e-12
2.881245e-12
2.684001e-12
2.946654e-12
2.624314e-12
2.870712e-12
2.425927e-12
2.793314e-12
2.828684e-12
2.651444e-12
2.755640e-12
2.825012e-12
2.849359e-12
2.901289e-12
3.022535e-12
2.543330e-12
2.664967e-12
2.655330e-12
2.157389e-12
2.554285e-12
3.111863e-12
2.695783e-12
2.708640e-12
2.613975e-12
2.949589e-12
3.156345e-12
2.672922e-12
2.637197e-12
3.191835e-12
2.732204e-12
3.167793e-12
3.054025e-12
2.449639e-12
2.920892e-12
3.108699e-12
2.733995e-12
3.022798e-12
2.971753e-12
3.031811e-12
2.738160e-12
2.743199e-12
2.317815e-12
2.634876e-12
3.130238e-12
2.705862e-12
2.572817e-12
2.802701e-12
2.691193e-12
2.899171e-12
2.808582e-12
2.965272e-12
2.713478e-12
3.174272e-12
2.603030e-12
2.572163e-12
2.566163e-12
2.794725e-12
3.054940e-12
2.609127e-12
2.854688e-12
2.796330e-12
2.710076e-12
2.858629e-12
2.593761e-12
3.221837e-12
2.538706e-12
2.553423e-12
2.771764e-12
2.937090e-12
3.097031e-12
2.555441e-12
2.884281e-12
2.446474e-12
2.862638e-12
3.126771e-12
2.933476e-12
2.540049e-12
2.933017e-12
2.968392e-12
2.663337e-12
2.742320e-12
2.496029e-12
2.737350e-12
2.687952e-12
2.850845e-12
2.822483e-12
2.613644e-12
2.896428e-12
2.271256e-12
3.609497e-12
2.822310e-12
3.007519e-12
2.785351e-12
2.268346e-12
2.636963e-12
2.501980e-12
2.392685e-12
2.317840e-12
2.520202e-12
2.859074e-12
2.507420e-12
3.609147e-12
2.829077e-12
2.659331e-12
2.587324e-12
3.086598e-12
2.687756e-12
2.646068e-12
2.746526e-12
3.049453e-12
2.292806e-12
2.919338e-12
2.808580e-12
2.781507e-12
2.744575e-12
2.799514e-12
2.913867e-12
2.894609e-12
2.926901e-12
2.479645e-12
2.659086e-12
2.460117e-12
3.035358e-12
2.879728e-12
2.493876e-12
2.373187e-12
2.707070e-12
2.666249e-12
2.678010e-12
2.923389e-12
2.486762e-12
3.329034e-12
3.066055e-12
2.587328e-12
2.726597e-12
2.598582e-12
2.980567e-12
2.686512e-12
2.843133e-12
2.701730e-12
2.757210e-12
2.647426e-12
2.726600e-12
2.809743e-12
3.000437e-12
2.411083e-12
2.871909e-12
2.425604e-12
2.572282e-12
2.811615e-12
2.513596e-12
2.852326e-12
2.567089e-12
2.301605e-12
2.726777e-12
2.807702e-12
2.825920e-12
2.441060e-12
2.814850e-12
2.516817e-12
2.515995e-12
3.005177e-12
2.581944e-12
2.900671e-12
2.826953e-12
3.042107e-12
2.282797e-12
2.517437e-12
2.695163e-12
2.376720e-12
2.606455e-12
2.682336e-12
2.494756e-12
2.945663e-12
3.089226e-12
2.272075e-12
2.962180e-12
2.706823e-12
2.409855e-12
2.502603e-12
2.875872e-12
2.711725e-12
2.687264e-12
2.737880e-12
2.502507e-12
2.905455e-12
2.658689e-12
2.348657e-12
2.673558e-12
2.651572e-12
3.156296e-12
2.471471e-12
3.354663e-12
2.906850e-12
2.961893e-12
2.713939e-12
2.928473e-12
2.579785e-12
2.434571e-12
2.777519e-12
3.004049e-12
2.859232e-12
2.866697e-12
2.798513e-12
2.697915e-12
2.929190e-12
2.719001e-12
2.662668e-12
2.619310e-12
3.040820e-12
2.486892e-12
2.431063e-12
2.768532e-12
3.014763e-12
2.759117e-12
2.820688e-12
2.963073e-12
2.655966e-12
2.873486e-12
2.595080e-12
2.545677e-12
3.410331e-12
2.827659e-12
2.741067e-12
2.964772e-12
2.539926e-12
3.163531e-12
2.663729e-12
2.458032e-12
2.954747e-12
2.523435e-12
2.516068e-12
2.293608e-12
2.420355e-12
2.930958e-12
2.784771e-12
2.833570e-12
3.008514e-12
2.763996e-12
2.512896e-12
2.692979e-12
2.504030e-12
2.740114e-12
2.802206e-12
2.726939e-12
2.622341e-12
3.124015e-12
2.902089e-12
2.373025e-12
2.595442e-12
2.865505e-12
2.989643e-12
2.437172e-12
2.924022e-12
2.608306e-12
2.777778e-12
2.586172e-12
2.796686e-12
2.882064e-12
2.770218e-12
2.965795e-12
2.677975e-12
2.760368e-12
2.811608e-12
2.557537e-12
2.924498e-12
2.609905e-12
2.679574e-12
2.938216e-12
2.499597e-12
3.124884e-12
3.124854e-12
2.649262e-12
2.645537e-12
2.489168e-12
2.919665e-12
2.810545e-12
2.547949e-12
2.816084e-12
2.725812e-12
2.805562e-12
2.662800e-12
3.076399e-12
2.624632e-12
2.362732e-12
2.739103e-12
2.857586e-12
2.836048e-12
2.505840e-12
2.900640e-12
2.861043e-12
2.601380e-12
2.966107e-12
2.670732e-12
2.618674e-12
2.611286e-12
2.735116e-12
2.898781e-12
2.428491e-12
2.733435e-12
2.786103e-12
2.935024e-12
2.376831e-12
2.945146e-12
2.613450e-12
3.078577e-12
2.945355e-12
2.767348e-12
2.987878e-12
2.831808e-12
3.049476e-12
2.556261e-12
3.143192e-12
2.783863e-12
2.476858e-12
2.741959e-12
2.616619e-12
2.846034e-12
2.624431e-12
2.603271e-12
3.162038e-12
2.684996e-12
2.635166e-12
3.015073e-12
2.718028e-12
2.684670e-12
2.826968e-12
2.355893e-12
2.462285e-12
2.557244e-12
2.801732e-12
2.625429e-12
2.794053e-12
3.173507e-12
2.745813e-12
3.062990e-12
3.077805e-12
2.654011e-12
3.054895e-12
2.496751e-12
2.648859e-12
2.676481e-12
2.855844e-12
2.559619e-12
3.058431e-12
2.889372e-12
2.895151e-12
2.439939e-12
2.328329e-12
2.558868e-12
2.196992e-12
3.045317e-12
3.023910e-12
2.482496e-12
2.810796e-12
2.784213e-12
3.348035e-12
2.555846e-12
2.893088e-12
3.043798e-12
2.623069e-12
2.930522e-12
2.743324e-12
2.585407e-12
3.104323e-12
2.480814e-12
3.288189e-12
2.842369e-12
2.933278e-12
2.819185e-12
2.679490e-12
3.212151e-12
2.645127e-12
2.528556e-12
2.705127e-12
2.583433e-12
2.882093e-12
2.934326e-12
2.647717e-12
2.937757e-12
3.090338e-12
2.879148e-12
2.792455e-12
2.941383e-12
2.731478e-12
2.704955e-12
2.867026e-12
2.708905e-12
3.110807e-12
2.388047e-12
3.200769e-12
2.617407e-12
2.662251e-12
2.973175e-12
2.749338e-12
2.959529e-12
2.688626e-12
2.956200e-12
2.506224e-12
3.019628e-12
2.992709e-12
3.248322e-12
2.814746e-12
3.040644e-12
2.328750e-12
3.077585e-12
2.569364e-12
2.614167e-12
2.885120e-12
3.087850e-12
2.510971e-12
2.689081e-12
2.611733e-12
2.910227e-12
2.784642e-12
2.742205e-12
2.807813e-12
2.842756e-12
2.464892e-12
2.972972e-12
2.550066e-12
2.624678e-12
2.819541e-12
2.591941e-12
3.050165e-12
2.921732e-12
2.971544e-12
2.747577e-12
2.785243e-12
2.757534e-12
2.175433e-12
2.691789e-12
2.708110e-12
2.512261e-12
2.581001e-12
2.760110e-12
2.399121e-12
3.222910e-12
2.546425e-12
2.528386e-12
2.632203e-12
2.475994e-12
2.897259e-12
2.758839e-12
2.717207e-12
2.233091e-12
2.949191e-12
2.620620e-12
2.781209e-12
2.906845e-12
2.852094e-12
3.387983e-12
3.217221e-12
2.486768e-12
2.949974e-12
2.440911e-12
2.189665e-12
2.769041e-12
3.008438e-12
2.634928e-12
2.636666e-12
3.292164e-12
2.320456e-12
2.812751e-12
3.040227e-12
2.920607e-12
3.075977e-12
2.605044e-12
2.725553e-12
2.879712e-12
3.046980e-12
2.587781e-12
2.818982e-12
2.869192e-12
2.783522e-12
2.712956e-12
2.973488e-12
2.503526e-12
2.769724e-12
2.869098e-12
2.907446e-12
2.969797e-12
2.443562e-12
2.969421e-12
2.920301e-12
2.814146e-12
2.432935e-12
3.244893e-12
2.716717e-12
2.590101e-12
2.842680e-12
2.695113e-12
2.779483e-12
2.637674e-12
2.689653e-12
2.833732e-12
2.640035e-12
2.764243e-12
2.467922e-12
2.903275e-12
3.119519e-12
3.045335e-12
2.795259e-12
2.679714e-12
2.729100e-12
3.242050e-12
2.856234e-12
2.606997e-12
2.833496e-12
2.931757e-12
2.966949e-12
2.704609e-12
2.600135e-12
2.820293e-12
3.081312e-12
2.672183e-12
2.619486e-12
2.858143e-12
3.026425e-12
2.528841e-12
2.765011e-12
2.952809e-12
2.719918e-12
3.110410e-12
2.688177e-12
2.773394e-12
2.868413e-12
2.787447e-12
3.169779e-12
2.787231e-12
2.705961e-12
2.755033e-12
2.786126e-12
2.789008e-12
2.648735e-12
2.818520e-12
3.021748e-12
2.915629e-12
2.720865e-12
2.611787e-12
2.919073e-12
2.995927e-12
2.685029e-12
2.798027e-12
3.157365e-12
2.630034e-12
2.537350e-12
3.133281e-12
3.068630e-12
3.010270e-12
3.137247e-12
2.958527e-12
2.639813e-12
2.676411e-12
2.933019e-12
2.437104e-12
2.655944e-12
3.000629e-12
2.676373e-12
2.864502e-12
2.760545e-12
2.836294e-12
2.739767e-12
3.041355e-12
2.958722e-12
2.990375e-12
2.855440e-12
2.615878e-12
2.512791e-12
2.548888e-12
2.585143e-12
2.869637e-12
3.089392e-12
3.219688e-12
2.746079e-12
2.865976e-12
2.743033e-12
2.899191e-12
2.720693e-12
2.552292e-12
2.872274e-12
2.899903e-12
3.012390e-12
2.329486e-12
3.082129e-12
2.789809e-12
2.650031e-12
2.718021e-12
2.731873e-12
2.983579e-12
2.647307e-12
2.890850e-12
2.829039e-12
2.579098e-12
3.028664e-12
2.740418e-12
3.031594e-12
2.970512e-12
3.041938e-12
3.140023e-12
3.092391e-12
2.758331e-12
2.703315e-12
2.555731e-12
2.703734e-12
2.641283e-12
2.356369e-12
2.613539e-12
2.788528e-12
2.828019e-12
2.296507e-12
2.619740e-12
2.796412e-12
3.352747e-12
2.515321e-12
3.128047e-12
3.088917e-12
2.610310e-12
3.023765e-12
2.926772e-12
2.616547e-12
2.788059e-12
2.837519e-12
2.889675e-12
2.852394e-12
2.789167e-12
3.074026e-12
2.542485e-12
2.698606e-12
2.943368e-12
2.155250e-12
2.632162e-12
2.859889e-12
2.578101e-12
2.906718e-12
2.767321e-12
2.628445e-12
2.465504e-12
2.714359e-12
2.879967e-12
2.733294e-12
3.174816e-12
2.561224e-12
3.169555e-12
2.469691e-12
3.132292e-12
2.225842e-12
2.757711e-12
2.692278e-12
2.700809e-12
2.711314e-12
3.395668e-12
2.564713e-12
3.259028e-12
3.190265e-12
2.985857e-12
3.184703e-12
2.740824e-12
2.763979e-12
2.696370e-12
2.626816e-12
2.882617e-12
3.043664e-12
2.368578e-12
2.991944e-12
3.181116e-12
2.376805e-12
2.686655e-12
2.896845e-12
2.421453e-12
2.423329e-12
2.758928e-12
2.736714e-12
2.898213e-12
2.642292e-12
2.410242e-12
2.278400e-12
2.721758e-12
3.009175e-12
2.658003e-12
2.735014e-12
2.842781e-12
2.499412e-12
2.738708e-12
3.088541e-12
2.643874e-12
2.584128e-12
3.127496e-12
2.910260e-12
2.781771e-12
2.916528e-12
3.360841e-12
2.442514e-12
2.604158e-12
2.503005e-12
2.473087e-12
3.023671e-12
2.632082e-12
2.851365e-12
2.544159e-12
2.561734e-12
2.995962e-12
2.764014e-12
2.975557e-12
2.560179e-12
2.740502e-12
2.788178e-12
2.788095e-12
2.750931e-12
2.573677e-12
2.852813e-12
2.567161e-12
2.796961e-12
2.997313e-12
2.787501e-12
2.776392e-12
2.871363e-12
2.957441e-12
2.921651e-12
2.617098e-12
2.897971e-12
2.723119e-12
2.890327e-12
3.037478e-12
2.385390e-12
2.616585e-12
2.919745e-12
2.818077e-12
2.911766e-12
2.995249e-12
2.755644e-12
2.855764e-12
2.570864e-12
3.117095e-12
2.830633e-12
2.202621e-12
2.889446e-12
2.786753e-12
2.447925e-12
3.071928e-12
2.985293e-12
3.110209e-12
3.032069e-12
3.362635e-12
2.828296e-12
2.868930e-12
3.067403e-12
2.876516e-12
2.720884e-12
2.913798e-12
2.466943e-12
2.697328e-12
2.956946e-12
2.957068e-12
2.908247e-12
2.706991e-12
2.935003e-12
2.828006e-12
3.050582e-12
2.932507e-12
3.050971e-12
2.643419e-12
2.559163e-12
2.541613e-12
2.843187e-12
3.139859e-12
2.544193e-12
2.707187e-12
2.680837e-12
2.511970e-12
2.246902e-12
2.705390e-12
3.180914e-12
2.693900e-12
2.698308e-12
2.727878e-12
2.671221e-12
3.163124e-12
2.904801e-12
3.160108e-12
2.635473e-12
2.694587e-12
2.523988e-12
2.661742e-12
2.888891e-12
2.859714e-12
3.138406e-12
2.660687e-12
2.951411e-12
2.840139e-12
2.969348e-12
2.623325e-12
3.036461e-12
2.318840e-12
2.903334e-12
2.411827e-12
3.043988e-12
2.587229e-12
2.464536e-12
2.849196e-12
2.478192e-12
2.424096e-12
2.566753e-12
2.840371e-12
3.347163e-12
2.789459e-12
3.389364e-12
2.951682e-12
2.909342e-12
2.582236e-12
3.101235e-12
2.940521e-12
2.448585e-12
2.890296e-12
2.744581e-12
2.506911e-12
2.850063e-12
2.731800e-12
2.535798e-12
2.932246e-12
2.278657e-12
2.805197e-12
2.872144e-12
2.836160e-12
2.835684e-12
2.704586e-12
2.722830e-12
2.499406e-12
3.285683e-12
3.155115e-12
2.694166e-12
2.913893e-12
3.024061e-12
2.777409e-12
2.977073e-12
2.636621e-12
2.402949e-12
2.823808e-12
2.814901e-12
2.722886e-12
2.518515e-12
2.765929e-12
2.693926e-12
2.989476e-12
2.638300e-12
2.764270e-12
2.631398e-12
2.908139e-12
2.662594e-12
2.912411e-12
3.012832e-12
2.500849e-12
3.035322e-12
2.933410e-12
2.639886e-12
2.592443e-12
2.833246e-12
2.540202e-12
2.778153e-12
2.610775e-12
2.553867e-12
2.641706e-12
2.496175e-12
2.903438e-12
2.793415e-12
3.047090e-12
2.788170e-12
3.195030e-12
2.499340e-12
2.857322e-12
3.072895e-12
2.902882e-12
2.688448e-12
3.065598e-12
2.727702e-12
2.737237e-12
2.809955e-12
2.127500e-12
2.766921e-12
3.302239e-12
2.737067e-12
2.836137e-12
2.998960e-12
2.718850e-12
2.753340e-12
2.784067e-12
2.564864e-12
2.954072e-12
2.790661e-12
2.694378e-12
2.897771e-12
2.658680e-12
2.784893e-12
2.749858e-12
3.100833e-12
2.887912e-12
2.860989e-12
2.992162e-12
2.580427e-12
2.147739e-12
2.842863e-12
2.983798e-12
2.757667e-12
3.328478e-12
3.145680e-12
2.915889e-12
2.964463e-12
2.798914e-12
2.884130e-12
3.267519e-12
2.853182e-12
2.918266e-12
2.228591e-12
2.909591e-12
2.990735e-12
3.270573e-12
2.709113e-12
2.664574e-12
2.614003e-12
2.990728e-12
2.348157e-12
2.507522e-12
3.037125e-12
3.079968e-12
2.737785e-12
2.896420e-12
3.069489e-12
2.587038e-12
2.805765e-12
2.986187e-12
2.701936e-12
3.079529e-12
2.740981e-12
2.964234e-12
3.125507e-12
2.334285e-12
2.557213e-12
3.219588e-12
2.943857e-12
3.216504e-12
2.677535e-12
2.473774e-12
3.027548e-12
2.657434e-12
2.784777e-12
2.459122e-12
3.121611e-12
2.834823e-12
2.539295e-12
2.523681e-12
2.785888e-12
2.457450e-12
3.048185e-12
3.063365e-12
2.687217e-12
2.853678e-12
2.585119e-12
2.948602e-12
2.407416e-12
2.800815e-12
3.060687e-12
2.451464e-12
2.704540e-12
2.929558e-12
3.096919e-12
2.789222e-12
3.025957e-12
2.798955e-12
2.906460e-12
2.623774e-12
2.436416e-12
3.234506e-12
2.488929e-12
2.826700e-12
2.691918e-12
2.552996e-12
3.023213e-12
2.805549e-12
2.902365e-12
2.727622e-12
2.748658e-12
2.955991e-12
2.711367e-12
3.128828e-12
3.065684e-12
2.521218e-12
3.066494e-12
3.047381e-12
2.565725e-12
2.798563e-12
2.931442e-12
2.628348e-12
2.767980e-12
3.012456e-12
2.998317e-12
2.840190e-12
3.367128e-12
2.388621e-12
2.790362e-12
2.879511e-12
2.818728e-12
2.782907e-12
3.121748e-12
2.986711e-12
2.686573e-12
2.394454e-12
2.804390e-12
2.538669e-12
2.714104e-12
2.706471e-12
2.613351e-12
2.704283e-12
2.689276e-12
2.910319e-12
2.498485e-12
2.598555e-12
3.070227e-12
2.690754e-12
2.680636e-12
3.075497e-12
2.944289e-12
2.762886e-12
2.792026e-12
2.848978e-12
2.207305e-12
2.401384e-12
2.790048e-12
2.946293e-12
3.169362e-12
2.807515e-12
2.696974e-12
2.629341e-12
2.874710e-12
2.772569e-12
2.934022e-12
2.734979e-12
2.655937e-12
2.708367e-12
3.279245e-12
2.922210e-12
2.700542e-12
2.920057e-12
2.855228e-12
2.911700e-12
2.742458e-12
3.063918e-12
2.353259e-12
2.931311e-12
2.749036e-12
3.001423e-12
2.945118e-12
2.638976e-12
2.958971e-12
2.782368e-12
2.692503e-12
2.501949e-12
2.643350e-12
2.288134e-12
2.512427e-12
2.791518e-12
2.880376e-12
2.428592e-12
2.840567e-12
2.919763e-12
2.868947e-12
3.076817e-12
2.441158e-12
2.718085e-12
2.814415e-12
2.593537e-12
3.130691e-12
2.423052e-12
3.241633e-12
2.590503e-12
2.631046e-12
2.497737e-12
3.020005e-12
2.887904e-12
2.692583e-12
2.475724e-12
2.946256e-12
2.747657e-12
2.860068e-12
2.422546e-12
2.511603e-12
2.655778e-12
2.369672e-12
2.759830e-12
2.975715e-12
2.893419e-12
2.862718e-12
2.702753e-12
3.105474e-12
2.828317e-12
2.713968e-12
2.547937e-12
2.697822e-12
2.107800e-12
3.149139e-12
2.962416e-12
2.654200e-12
2.922505e-12
2.836515e-12
2.934967e-12
2.510997e-12
2.949226e-12
2.854872e-12
2.724733e-12
2.739627e-12
2.975058e-12
2.175236e-12
2.525721e-12
3.008517e-12
2.951106e-12
2.861050e-12
2.881844e-12
2.787863e-12
2.860269e-12
2.943001e-12
2.980064e-12
2.765557e-12
2.671631e-12
2.860715e-12
2.487819e-12
2.866361e-12
2.695767e-12
2.880831e-12
2.344560e-12
2.781229e-12
2.899405e-12
2.780435e-12
2.582811e-12
2.765116e-12
2.829098e-12
2.779335e-12
2.434610e-12
3.112909e-12
2.741655e-12
2.684391e-12
2.859022e-12
2.522511e-12
2.642392e-12
2.759991e-12
2.864562e-12
2.945219e-12
2.941907e-12
2.352690e-12
2.641790e-12
2.805243e-12
2.694909e-12
2.698455e-12
2.755717e-12
2.849139e-12
2.744054e-12
2.925662e-12
3.310806e-12
2.490508e-12
2.658819e-12
3.014700e-12
2.381717e-12
2.612400e-12
2.625664e-12
2.490788e-12
2.901348e-12
2.329223e-12
2.618720e-12
2.814181e-12
2.899122e-12
2.558485e-12
2.737552e-12
2.789243e-12
2.675463e-12
2.783927e-12
3.222336e-12
2.501552e-12
2.895257e-12
3.068065e-12
2.606432e-12
2.645620e-12
2.425010e-12
2.914216e-12
2.827605e-12
2.709053e-12
2.617826e-12
2.960565e-12
2.653905e-12
2.640638e-12
2.828113e-12
2.559006e-12
3.174701e-12
3.252108e-12
3.062852e-12
2.552784e-12
2.996136e-12
2.824883e-12
2.760888e-12
2.472833e-12
2.558395e-12
2.784160e-12
2.731288e-12
2.893494e-12
2.892882e-12
2.525207e-12
2.984731e-12
2.552950e-12
2.863810e-12
2.969144e-12
2.572624e-12
2.695177e-12
2.553386e-12
2.762289e-12
2.616721e-12
2.768893e-12
2.359350e-12
2.514859e-12
2.939784e-12
2.320224e-12
2.785958e-12
2.578289e-12
2.724048e-12
2.776921e-12
3.113124e-12
2.683686e-12
2.797315e-12
2.809070e-12
2.757376e-12
2.642525e-12
2.911558e-12
2.825816e-12
3.167049e-12
2.660449e-12
2.552098e-12
2.666149e-12
2.667332e-12
2.453167e-12
2.664662e-12
2.980745e-12
3.044847e-12
2.221364e-12
2.906795e-12
2.495081e-12
3.058722e-12
2.623469e-12
2.736719e-12
2.865489e-12
2.585797e-12
3.110911e-12
3.339670e-12
2.952078e-12
2.859332e-12
2.293461e-12
2.605678e-12
2.955750e-12
2.771636e-12
2.830581e-12
2.968994e-12
2.544459e-12
2.977788e-12
2.800460e-12
2.598218e-12
2.927170e-12
2.563502e-12
3.354790e-12
2.689673e-12
2.355038e-12
2.846123e-12
3.099428e-12
2.813924e-12
2.968583e-12
2.489977e-12
3.016325e-12
2.950645e-12
3.159906e-12
2.740144e-12
2.752425e-12
2.677625e-12
3.020814e-12
2.611307e-12
2.635132e-12
2.888089e-12
2.761948e-12
2.822445e-12
2.832667e-12
2.783217e-12
2.977558e-12
2.989878e-12
2.868221e-12
3.138459e-12
2.892404e-12
2.991539e-12
2.952857e-12
2.884468e-12
2.670551e-12
2.453575e-12
3.236803e-12
2.696109e-12
2.634597e-12
2.769491e-12
2.741049e-12
2.422331e-12
2.952227e-12
2.808961e-12
2.924366e-12
2.828311e-12
3.055403e-12
2.993197e-12
2.863101e-12
2.577445e-12
2.686060e-12
2.720092e-12
2.853640e-12
2.853239e-12
2.559224e-12
2.695974e-12
3.034447e-12
3.197355e-12
2.322442e-12
3.167554e-12
2.961584e-12
3.074106e-12
2.910232e-12
2.862786e-12
2.427927e-12
2.965893e-12
2.781748e-12
2.935589e-12
3.120003e-12
2.664635e-12
3.010761e-12
2.733665e-12
2.741389e-12
2.722806e-12
2.707385e-12
2.968164e-12
2.661985e-12
2.436300e-12
2.569329e-12
2.952165e-12
3.151890e-12
2.767397e-12
2.869716e-12
2.755233e-12
2.878513e-12
2.556487e-12
3.103447e-12
3.043466e-12
3.151880e-12
3.121852e-12
3.115353e-12
2.598147e-12
2.443204e-12
2.858159e-12
2.710444e-12
2.915754e-12
2.505647e-12
2.873651e-12
2.720000e-12
2.532972e-12
2.548668e-12
3.100187e-12
2.889658e-12
2.647038e-12
3.084966e-12
2.936412e-12
2.741760e-12
2.705983e-12
2.876888e-12
2.747967e-12
2.516113e-12
2.676741e-12
2.786744e-12
3.058939e-12
3.066700e-12
2.895624e-12
2.709819e-12
2.986123e-12
3.085746e-12
2.937950e-12
2.955996e-12
2.358194e-12
2.927582e-12
2.625860e-12
2.384527e-12
2.512910e-12
2.760168e-12
2.961089e-12
2.565200e-12
2.433895e-12
2.775153e-12
2.627264e-12
3.070271e-12
2.289468e-12
2.550857e-12
2.878877e-12
3.017936e-12
2.883920e-12
2.841364e-12
3.245127e-12
2.683914e-12
2.971087e-12
2.408175e-12
2.862049e-12
2.780408e-12
3.049539e-12
2.984716e-12
2.849790e-12
2.862003e-12
3.020642e-12
2.626607e-12
2.325583e-12
3.098579e-12
2.825802e-12
2.890255e-12
2.846202e-12
3.195402e-12
2.694347e-12
2.945082e-12
3.061299e-12
2.579988e-12
3.046053e-12
2.970269e-12
2.743638e-12
2.061982e-12
2.878684e-12
2.972825e-12
2.746059e-12
2.957708e-12
2.752841e-12
2.372791e-12
2.792344e-12
2.907707e-12
2.650089e-12
2.813394e-12
2.789410e-12
2.535471e-12
2.541919e-12
3.173628e-12
2.846300e-12
2.688703e-12
3.087472e-12
2.322036e-12
2.797113e-12
2.635261e-12
2.867537e-12
2.909571e-12
2.717460e-12
2.648340e-12
2.256553e-12
2.892411e-12
3.181307e-12
2.516342e-12
2.602859e-12
2.501142e-12
2.913911e-12
3.027820e-12
2.607881e-12
2.777584e-12
3.134605e-12
2.401638e-12
2.762833e-12
3.099852e-12
2.925569e-12
2.871844e-12
2.318732e-12
2.752974e-12
2.904947e-12
2.845687e-12
2.764278e-12
3.069851e-12
2.597077e-12
2.993417e-12
2.639900e-12
3.074074e-12
3.128111e-12
2.586965e-12
2.936538e-12
2.967435e-12
2.989788e-12
2.578197e-12
2.826114e-12
2.406327e-12
2.652151e-12
2.766318e-12
2.924450e-12
2.771742e-12
2.995863e-12
2.953478e-12
2.940116e-12
2.834574e-12
2.591846e-12
2.617275e-12
2.664799e-12
3.039246e-12
2.821731e-12
2.939154e-12
2.295135e-12
2.683228e-12
2.714879e-12
2.609477e-12
2.896942e-12
2.721585e-12
2.216874e-12
2.689168e-12
2.760973e-12
2.415573e-12
2.959579e-12
2.600945e-12
2.654997e-12
2.756309e-12
3.117913e-12
3.130602e-12
2.858796e-12
2.977455e-12
2.998568e-12
2.630990e-12
2.793514e-12
2.966080e-12
2.881228e-12
2.664725e-12
2.602804e-12
2.592261e-12
2.347615e-12
2.856587e-12
3.199811e-12
2.656583e-12
3.179068e-12
2.576775e-12
2.321413e-12
2.762973e-12
2.720791e-12
2.469507e-12
2.611242e-12
2.955191e-12
3.231762e-12
2.725419e-12
2.508120e-12
2.667443e-12
2.626230e-12
2.522300e-12
3.065283e-12
2.749722e-12
3.118132e-12
2.858320e-12
2.546075e-12
2.683646e-12
2.709778e-12
3.088943e-12
2.754442e-12
2.688523e-12
2.713191e-12
2.823794e-12
2.925874e-12
2.919875e-12
2.668748e-12
2.853072e-12
2.880023e-12
2.552875e-12
2.832217e-12
2.971835e-12
2.630064e-12
2.903880e-12
3.041871e-12
2.597234e-12
3.088919e-12
2.680171e-12
2.457227e-12
2.417860e-12
2.804078e-12
2.633619e-12
3.001605e-12
2.722261e-12
2.768311e-12
2.659956e-12
3.108337e-12
2.761653e-12
3.033100e-12
2.771390e-12
3.097162e-12
2.807379e-12
2.689989e-12
3.101869e-12
2.707718e-12
3.112629e-12
2.557442e-12
2.728410e-12
2.632044e-12
2.622288e-12
2.903097e-12
2.509311e-12
2.874598e-12
2.936095e-12
2.441626e-12
2.648406e-12
2.729794e-12
2.715546e-12
2.468605e-12
2.816555e-12
2.880023e-12
2.888022e-12
2.666446e-12
2.557656e-12
2.667887e-12
2.831001e-12
2.523136e-12
3.150700e-12
2.666159e-12
2.722840e-12
2.489216e-12
2.327449e-12
2.742540e-12
2.720700e-12
2.276207e-12
2.573277e-12
2.750030e-12
2.776231e-12
2.878436e-12
2.599044e-12
2.789919e-12
2.835606e-12
2.917218e-12
2.642501e-12
2.773105e-12
2.868726e-12
2.784514e-12
2.620428e-12
3.004107e-12
2.675499e-12
3.298551e-12
3.343381e-12
2.701979e-12
3.151790e-12
2.964541e-12
2.626274e-12
2.668955e-12
2.601926e-12
2.603911e-12
2.676476e-12
2.913308e-12
2.791757e-12
2.580214e-12
2.985886e-12
3.059353e-12
2.560374e-12
3.162601e-12
2.971637e-12
2.889504e-12
2.991931e-12
2.553528e-12
2.190116e-12
2.787485e-12
2.559655e-12
2.790131e-12
2.489246e-12
3.081701e-12
2.990226e-12
3.014720e-12
2.565882e-12
2.389246e-12
2.806408e-12
2.480647e-12
2.823571e-12
2.882499e-12
2.632467e-12
2.519269e-12
2.720203e-12
2.813314e-12
2.819076e-12
2.916366e-12
2.823943e-12
2.948005e-12
2.781427e-12
3.009130e-12
2.483629e-12
2.970090e-12
2.501207e-12
2.600133e-12
2.445194e-12
2.725148e-12
2.517385e-12
2.478318e-12
2.857166e-12
2.913082e-12
2.528555e-12
2.766820e-12
3.099537e-12
2.957892e-12
2.503619e-12
3.090766e-12
2.795466e-12
2.820895e-12
2.501863e-12
2.596508e-12
2.677816e-12
2.633372e-12
2.546780e-12
2.905619e-12
2.630049e-12
2.856425e-12
2.485412e-12
2.500261e-12
2.872900e-12
2.244268e-12
2.542964e-12
2.795536e-12
3.172991e-12
2.329087e-12
2.599401e-12
2.753268e-12
2.746865e-12
2.653532e-12
2.786931e-12
3.119754e-12
2.981776e-12
2.444407e-12
2.953553e-12
2.680670e-12
2.900344e-12
2.665335e-12
3.102373e-12
2.829994e-12
2.672084e-12
2.896609e-12
2.961828e-12
2.778981e-12
2.897947e-12
2.711190e-12
2.874645e-12
2.439905e-12
2.298881e-12
2.802761e-12
2.861238e-12
2.985878e-12
2.826636e-12
2.863844e-12
2.251049e-12
2.372618e-12
2.912537e-12
2.939733e-12
2.994301e-12
2.539774e-12
2.755178e-12
2.226794e-12
2.616004e-12
2.850375e-12
3.151095e-12
2.840329e-12
3.002403e-12
2.541223e-12
2.437773e-12
2.968003e-12
2.777821e-12
2.336869e-12
2.771512e-12
3.199622e-12
2.872119e-12
2.691749e-12
3.148355e-12
2.763331e-12
2.763898e-12
2.659030e-12
2.649770e-12
3.028510e-12
3.181805e-12
3.013070e-12
2.690178e-12
2.760259e-12
2.687993e-12
2.846022e-12
2.547521e-12
3.234863e-12
2.478042e-12
2.881633e-12
2.551837e-12
2.973454e-12
2.786396e-12
3.246469e-12
2.565163e-12
2.925086e-12
2.590565e-12
2.495549e-12
2.640792e-12
2.535497e-12
3.155719e-12
2.586986e-12
2.461245e-12
2.744239e-12
2.952122e-12
2.924086e-12
2.844785e-12
2.865254e-12
2.581144e-12
2.795221e-12
2.527775e-12
2.838188e-12
2.643386e-12
3.112515e-12
2.660753e-12
2.557634e-12
2.581284e-12
2.779682e-12
3.105189e-12
2.642507e-12
3.029205e-12
2.296181e-12
2.628804e-12
2.376641e-12
2.936888e-12
2.958724e-12
2.759189e-12
2.728077e-12
3.016543e-12
2.390698e-12
2.673222e-12
2.338844e-12
3.325228e-12
2.779195e-12
2.759857e-12
2.410980e-12
3.551511e-12
2.582844e-12
2.602241e-12
2.929312e-12
2.740424e-12
2.668762e-12
2.857535e-12
2.968788e-12
2.805200e-12
2.871215e-12
2.878640e-12
2.456096e-12
2.454458e-12
2.782291e-12
2.906497e-12
2.828897e-12
3.141991e-12
2.845994e-12
2.394579e-12
2.901510e-12
2.907418e-12
2.673951e-12
2.244246e-12
2.662747e-12
3.312735e-12
2.698866e-12
2.819149e-12
2.711774e-12
2.901033e-12
2.671452e-12
2.968767e-12
2.907962e-12
2.679345e-12
2.682454e-12
2.609330e-12
2.414456e-12
2.275979e-12
2.885843e-12
2.674933e-12
2.588365e-12
2.895670e-12
2.810511e-12
2.923625e-12
2.535777e-12
2.515763e-12
2.900336e-12
2.986280e-12
2.644806e-12
2.480686e-12
2.910372e-12
2.746920e-12
3.238276e-12
2.767384e-12
2.746485e-12
2.663678e-12
2.822579e-12
2.839458e-12
2.701101e-12
3.193974e-12
2.764524e-12
2.922410e-12
3.046212e-12
2.648748e-12
2.573288e-12
2.903925e-12
2.539723e-12
2.768997e-12
2.757134e-12
2.688642e-12
2.432742e-12
2.775031e-12
3.117977e-12
2.611230e-12
3.001471e-12
2.881497e-12
2.652716e-12
2.706149e-12
2.818829e-12
2.618550e-12
2.560813e-12
2.859578e-12
2.913912e-12
3.107561e-12
2.584203e-12
2.528403e-12
2.845896e-12
2.849552e-12
2.989033e-12
2.580127e-12
2.799276e-12
2.691564e-12
2.902736e-12
2.934679e-12
2.409971e-12
2.849956e-12
2.539894e-12
2.816145e-12
3.181348e-12
2.947112e-12
2.642199e-12
3.052443e-12
3.033613e-12
2.768577e-12
2.797962e-12
2.745928e-12
2.489235e-12
2.792351e-12
2.948651e-12
3.159353e-12
2.846097e-12
3.181614e-12
2.696631e-12
2.924858e-12
2.587408e-12
2.709263e-12
2.554891e-12
2.866506e-12
2.808691e-12
3.099290e-12
2.878721e-12
3.127408e-12
2.823672e-12
2.736247e-12
2.670600e-12
2.830861e-12
3.016560e-12
2.694784e-12
3.151118e-12
2.324261e-12
2.716149e-12
2.602604e-12
2.826396e-12
2.927045e-12
2.772437e-12
2.886596e-12
2.934246e-12
2.939899e-12
3.064422e-12
2.907724e-12
2.935021e-12
2.949381e-12
2.856337e-12
2.618145e-12
2.808952e-12
2.903304e-12
2.147145e-12
2.599442e-12
3.174211e-12
2.500440e-12
2.153944e-12
2.894390e-12
2.646589e-12
2.672584e-12
2.213224e-12
2.790731e-12
2.641452e-12
2.532952e-12
2.665952e-12
2.707326e-12
2.687494e-12
2.545837e-12
2.507149e-12
2.526499e-12
2.964880e-12
2.791906e-12
2.836708e-12
2.888797e-12
2.668756e-12
2.426629e-12
2.795847e-12
2.759419e-12
2.622376e-12
2.788116e-12
2.619425e-12
2.644159e-12
2.711156e-12
2.742124e-12
2.842429e-12
2.750349e-12
2.755909e-12
3.062018e-12
2.936987e-12
2.707023e-12
3.035438e-12
2.843323e-12
2.745376e-12
2.744200e-12
2.733624e-12
2.395936e-12
2.860993e-12
2.421482e-12
2.657133e-12
2.954899e-12
2.687364e-12
2.473927e-12
2.663391e-12
2.913527e-12
2.402041e-12
2.909211e-12
2.740786e-12
2.916046e-12
2.783100e-12
3.314523e-12
2.993123e-12
3.317104e-12
2.517406e-12
2.742443e-12
3.086948e-12
2.853993e-12
2.711346e-12
3.225267e-12
3.113267e-12
2.774901e-12
2.749335e-12
3.085826e-12
2.060938e-12
2.639054e-12
2.706271e-12
2.983764e-12
3.208735e-12
2.666956e-12
2.953475e-12
2.892953e-12
3.261236e-12
2.922941e-12
3.114158e-12
2.718445e-12
3.059331e-12
2.673359e-12
3.003041e-12
2.741158e-12
2.451826e-12
2.743752e-12
3.040594e-12
2.691048e-12
2.658876e-12
2.496344e-12
2.646823e-12
2.548413e-12
2.432822e-12
2.866509e-12
2.871189e-12
2.829909e-12
2.660616e-12
2.541663e-12
3.083062e-12
2.548443e-12
2.811046e-12
2.299306e-12
2.774733e-12
2.635065e-12
2.712213e-12
2.476673e-12
2.900483e-12
2.532683e-12
3.011814e-12
2.703439e-12
2.943805e-12
2.898942e-12
3.056512e-12
2.749715e-12
2.464393e-12
2.670415e-12
2.976711e-12
2.711693e-12
2.864694e-12
2.911253e-12
3.124611e-12
2.457722e-12
2.703855e-12
2.625612e-12
2.906837e-12
3.050910e-12
2.881388e-12
2.436766e-12
2.853338e-12
2.940175e-12
2.955480e-12
3.004089e-12
3.086636e-12
2.811227e-12
2.767455e-12
2.876564e-12
2.791256e-12
2.789861e-12
2.905131e-12
3.056509e-12
2.861516e-12
3.157638e-12
2.975713e-12
2.926082e-12
2.589390e-12
2.698017e-12
2.697000e-12
2.962538e-12
2.499962e-12
2.901420e-12
2.888669e-12
2.994768e-12
2.643631e-12
2.742635e-12
3.003003e-12
2.879827e-12
2.810117e-12
2.698949e-12
2.859111e-12
3.175354e-12
2.822694e-12
2.588567e-12
2.606831e-12
2.698601e-12
2.583765e-12
3.041970e-12
2.681518e-12
2.581311e-12
2.923979e-12
2.933321e-12
3.002136e-12
3.039549e-12
2.578749e-12
3.065567e-12
2.551821e-12
3.023475e-12
2.445369e-12
2.690875e-12
2.901205e-12
3.128704e-12
2.636198e-12
2.739806e-12
2.684964e-12
2.878467e-12
3.242863e-12
3.099343e-12
2.812934e-12
2.968887e-12
2.819802e-12
2.436626e-12
2.856126e-12
2.645494e-12
2.995833e-12
2.777013e-12
3.276543e-12
2.728250e-12
2.625868e-12
2.900239e-12
2.721761e-12
3.087812e-12
2.812433e-12
2.624979e-12
2.382091e-12
2.701742e-12
2.874902e-12
2.585731e-12
2.530898e-12
2.480594e-12
2.672100e-12
2.753506e-12
2.997458e-12
2.471836e-12
3.058512e-12
3.025116e-12
2.826412e-12
3.025954e-12
2.840408e-12
2.517510e-12
2.479401e-12
2.773416e-12
2.604910e-12
2.936904e-12
2.862291e-12
3.260044e-12
2.607784e-12
2.832356e-12
2.578854e-12
2.856309e-12
2.732077e-12
2.492791e-12
2.205368e-12
2.668295e-12
2.476899e-12
3.011669e-12
2.443424e-12
2.788095e-12
3.049287e-12
2.465447e-12
2.763295e-12
2.594511e-12
2.486343e-12
2.753250e-12
2.829082e-12
2.611483e-12
2.719190e-12
2.745146e-12
2.908594e-12
3.013299e-12
3.460858e-12
2.597224e-12
2.507355e-12
2.989860e-12
2.539785e-12
2.623395e-12
2.664537e-12
2.839680e-12
2.867395e-12
2.665045e-12
2.640382e-12
2.420569e-12
2.956883e-12
2.595168e-12
2.693004e-12
2.970771e-12
2.958379e-12
3.113607e-12
3.007370e-12
2.886966e-12
2.235799e-12
2.779321e-12
2.888576e-12
2.942241e-12
2.359038e-12
2.706167e-12
2.519368e-12
2.682990e-12
2.688924e-12
2.744299e-12
2.748062e-12
2.668326e-12
2.618381e-12
3.089444e-12
2.825262e-12
2.605496e-12
2.844842e-12
2.769334e-12
3.043756e-12
2.690471e-12
2.745188e-12
3.206484e-12
3.015197e-12
2.900144e-12
2.706218e-12
2.419830e-12
2.979740e-12
2.996133e-12
2.733495e-12
2.959739e-12
2.820589e-12
2.938380e-12
2.765199e-12
3.252648e-12
2.813453e-12
2.812102e-12
2.771439e-12
2.797632e-12
3.129179e-12
3.065109e-12
2.617876e-12
2.614136e-12
2.943743e-12
2.617410e-12
2.715715e-12
2.532854e-12
2.702428e-12
2.776072e-12
2.911808e-12
3.007212e-12
3.109361e-12
2.519506e-12
2.528648e-12
2.738283e-12
2.700299e-12
2.678838e-12
2.703055e-12
2.824543e-12
3.193890e-12
2.721516e-12
2.941230e-12
2.857059e-12
3.030835e-12
3.246411e-12
2.541738e-12
2.607270e-12
2.341983e-12
2.884860e-12
2.230992e-12
2.598244e-12
2.724626e-12
2.693852e-12
2.681382e-12
3.023239e-12
2.900418e-12
2.943359e-12
2.710512e-12
2.675260e-12
2.680197e-12
2.925612e-12
2.299598e-12
2.975928e-12
2.947268e-12
2.897438e-12
2.515517e-12
2.664305e-12
2.949061e-12
2.711421e-12
2.824977e-12
2.996510e-12
2.444437e-12
2.745705e-12
2.870609e-12
2.717777e-12
2.661354e-12
2.580085e-12
2.781747e-12
3.285867e-12
2.755586e-12
3.063865e-12
3.006170e-12
2.577858e-12
2.559556e-12
2.898443e-12
2.718201e-12
2.849961e-12
2.750127e-12
2.244634e-12
3.040986e-12
3.012652e-12
2.799803e-12
2.610676e-12
2.644306e-12
2.673041e-12
2.365726e-12
2.712947e-12
3.139292e-12
2.561322e-12
2.931926e-12
3.086150e-12
2.834490e-12
2.563872e-12
2.894475e-12
2.941464e-12
2.923005e-12
2.791323e-12
2.888187e-12
2.532905e-12
2.898781e-12
2.995043e-12
2.860365e-12
2.689675e-12
2.839139e-12
2.764637e-12
2.586137e-12
2.546265e-12
2.970462e-12
2.732673e-12
2.510364e-12
2.885647e-12
2.619212e-12
2.648920e-12
2.754875e-12
3.205051e-12
2.575582e-12
2.710513e-12
2.543878e-12
2.817395e-12
2.747726e-12
3.105610e-12
2.925892e-12
2.889923e-12
3.133814e-12
3.220777e-12
3.033159e-12
3.090237e-12
2.868623e-12
2.944999e-12
2.959013e-12
2.733149e-12
2.352007e-12
2.813697e-12
2.777008e-12
2.922360e-12
2.837997e-12
3.169562e-12
2.939728e-12
3.244969e-12
2.548979e-12
2.776139e-12
2.542027e-12
2.821445e-12
2.852142e-12
2.589751e-12
3.136120e-12
2.861358e-12
2.798218e-12
2.555286e-12
2.868433e-12
2.451705e-12
2.826291e-12
2.377258e-12
2.609516e-12
2.729013e-12
2.801617e-12
2.500084e-12
2.709464e-12
3.109801e-12
2.831674e-12
2.893609e-12
2.986581e-12
2.801189e-12
2.417426e-12
3.178782e-12
2.735037e-12
2.934672e-12
2.878163e-12
2.717636e-12
2.972822e-12
2.779376e-12
2.423645e-12
3.261780e-12
2.693648e-12
2.834114e-12
2.703801e-12
2.712665e-12
2.737548e-12
2.848580e-12
2.591996e-12
2.973187e-12
2.765102e-12
2.989445e-12
2.880966e-12
2.603380e-12
2.554232e-12
2.841998e-12
2.581503e-12
2.604101e-12
2.922545e-12
2.852719e-12
2.762087e-12
3.156206e-12
2.730762e-12
2.488211e-12
2.999411e-12
2.697438e-12
2.905528e-12
2.636893e-12
3.017255e-12
2.735909e-12
2.559503e-12
2.537017e-12
2.797952e-12
3.214065e-12
2.756425e-12
2.502680e-12
2.905302e-12
2.653705e-12
2.822085e-12
2.844184e-12
2.959661e-12
2.758859e-12
2.973311e-12
2.473880e-12
2.952689e-12
2.746713e-12
2.640291e-12
2.538311e-12
2.908232e-12
3.164382e-12
2.882901e-12
2.915765e-12
2.700498e-12
2.711310e-12
2.616521e-12
2.718260e-12
2.686856e-12
2.829988e-12
2.790100e-12
2.753791e-12
2.685313e-12
2.632928e-12
3.047799e-12
2.614032e-12
3.027760e-12
2.785348e-12
2.661642e-12
3.443941e-12
2.727608e-12
3.141574e-12
2.608690e-12
2.833445e-12
2.679006e-12
2.827876e-12
2.740817e-12
2.780097e-12
2.843261e-12
2.800826e-12
2.926003e-12
2.527716e-12
2.603277e-12
3.079482e-12
2.770223e-12
3.098232e-12
2.764379e-12
2.993261e-12
2.962779e-12
2.650972e-12
2.813867e-12
2.901372e-12
3.247375e-12
2.738944e-12
2.639377e-12
2.697092e-12
2.460701e-12
2.620288e-12
2.743885e-12
2.965016e-12
2.676758e-12
2.905335e-12
2.594093e-12
2.604837e-12
2.988477e-12
2.895631e-12
2.221464e-12
2.872601e-12
2.767941e-12
3.209131e-12
2.700156e-12
2.730269e-12
2.814265e-12
2.890986e-12
3.054227e-12
2.650821e-12
2.854615e-12
2.632422e-12
2.565596e-12
2.545851e-12
2.559323e-12
2.701068e-12
2.527675e-12
2.691344e-12
3.215540e-12
2.853948e-12
2.458727e-12
2.572602e-12
2.797268e-12
2.613608e-12
2.959984e-12
2.727111e-12
2.790472e-12
2.778684e-12
2.517722e-12
2.821772e-12
3.047699e-12
2.715418e-12
2.369838e-12
2.835954e-12
2.922122e-12
2.724320e-12
2.818514e-12
2.720702e-12
2.565886e-12
2.846054e-12
2.740206e-12
2.862889e-12
2.612692e-12
2.685098e-12
2.368829e-12
2.721618e-12
2.822972e-12
2.715644e-12
2.403114e-12
2.654360e-12
3.029128e-12
2.800837e-12
2.876648e-12
2.888623e-12
3.059387e-12
2.446838e-12
3.183424e-12
2.898193e-12
3.148369e-12
2.491277e-12
2.905980e-12
2.802486e-12
2.902034e-12
2.470391e-12
2.583690e-12
2.724423e-12
2.999219e-12
2.791819e-12
2.542156e-12
3.143221e-12
2.429227e-12
2.743119e-12
2.503766e-12
2.562325e-12
3.212358e-12
2.676577e-12
2.904182e-12
2.379689e-12
2.668638e-12
3.174219e-12
3.015546e-12
2.726361e-12
2.172552e-12
2.824694e-12
2.837817e-12
2.831476e-12
3.178599e-12
2.696542e-12
2.702975e-12
2.721781e-12
2.786381e-12
2.386492e-12
2.710686e-12
2.684801e-12
3.050343e-12
2.482496e-12
2.426927e-12
2.874452e-12
2.258163e-12
2.983228e-12
2.922398e-12
2.938144e-12
2.609784e-12
2.522928e-12
2.980825e-12
3.057278e-12
2.823431e-12
3.051680e-12
3.002726e-12
3.047035e-12
3.289580e-12
2.651289e-12
3.001853e-12
3.062475e-12
2.731261e-12
2.197892e-12
2.924609e-12
3.024905e-12
2.705244e-12
2.557237e-12
3.143914e-12
3.049170e-12
2.518839e-12
2.558286e-12
2.340994e-12
2.777293e-12
2.221300e-12
2.657597e-12
2.913264e-12
2.870870e-12
2.941855e-12
2.698128e-12
2.231196e-12
2.887985e-12
3.204338e-12
2.607185e-12
2.661187e-12
2.743184e-12
2.722598e-12
2.942498e-12
2.491295e-12
2.508933e-12
2.777167e-12
2.739206e-12
2.879577e-12
2.995809e-12
2.830177e-12
2.885249e-12
2.866046e-12
2.868632e-12
2.542279e-12
2.855252e-12
2.549970e-12
2.680398e-12
2.926333e-12
2.843467e-12
2.739176e-12
2.615022e-12
3.457640e-12
2.953266e-12
2.806809e-12
2.634744e-12
2.934011e-12
2.628204e-12
2.687053e-12
3.011734e-12
2.787759e-12
2.789153e-12
2.756130e-12
3.001170e-12
2.612851e-12
2.910320e-12
2.627587e-12
2.910993e-12
2.985885e-12
2.473674e-12
2.905003e-12
2.882498e-12
2.699922e-12
2.790133e-12
2.888467e-12
3.252068e-12
2.869459e-12
3.099424e-12
2.632128e-12
2.966049e-12
2.843631e-12
2.826381e-12
2.506826e-12
3.030668e-12
2.606591e-12
2.956318e-12
2.879066e-12
2.961478e-12
2.656430e-12
2.698638e-12
2.628495e-12
2.696829e-12
3.197702e-12
2.514977e-12
3.037839e-12
2.999009e-12
2.744474e-12
3.083690e-12
2.999955e-12
2.778249e-12
2.635663e-12
2.510666e-12
3.067967e-12
2.749678e-12
2.957321e-12
2.709778e-12
2.606846e-12
3.006885e-12
2.621583e-12
2.640688e-12
3.040566e-12
2.551725e-12
2.701414e-12
2.685588e-12
2.991065e-12
2.750474e-12
2.496973e-12
2.654775e-12
2.452575e-12
2.889662e-12
2.769098e-12
2.653593e-12
2.845661e-12
2.662856e-12
2.762898e-12
2.500011e-12
2.440995e-12
2.941815e-12
2.558581e-12
2.730241e-12
2.823207e-12
2.599677e-12
2.793362e-12
2.691906e-12
2.790041e-12
2.668808e-12
2.565349e-12
2.429496e-12
2.910345e-12
2.796126e-12
2.720272e-12
2.977196e-12
3.026013e-12
2.809737e-12
2.697665e-12
2.805961e-12
3.104070e-12
2.550645e-12
2.786853e-12
2.536728e-12
2.990813e-12
2.679053e-12
2.646906e-12
2.326275e-12
2.541353e-12
2.600154e-12
2.443010e-12
2.714910e-12
2.639951e-12
2.923753e-12
2.862061e-12
2.164072e-12
3.202721e-12
2.937550e-12
2.973324e-12
2.629948e-12
2.801812e-12
2.915067e-12
2.494879e-12
2.530257e-12
3.062042e-12
2.664215e-12
2.702204e-12
2.839693e-12
2.817910e-12
2.457156e-12
2.456619e-12
2.957696e-12
2.781309e-12
2.897032e-12
2.781395e-12
2.765646e-12
2.770374e-12
2.571349e-12
2.962218e-12
2.928040e-12
2.521616e-12
2.479301e-12
2.419219e-12
2.722371e-12
2.651313e-12
2.848625e-12
2.234843e-12
2.499758e-12
2.647759e-12
2.937551e-12
2.817037e-12
2.543541e-12
2.613535e-12
3.131897e-12
2.446135e-12
2.866144e-12
3.044566e-12
2.629672e-12
2.786727e-12
2.735145e-12
2.783380e-12
2.986192e-12
2.742717e-12
2.739926e-12
2.727975e-12
2.910068e-12
2.915052e-12
2.907534e-12
2.838314e-12
3.183328e-12
2.527048e-12
2.810799e-12
2.985772e-12
3.002054e-12
2.527738e-12
3.148469e-12
2.875849e-12
2.778387e-12
2.531496e-12
2.463264e-12
2.843644e-12
3.065156e-12
2.394997e-12
3.105732e-12
3.109796e-12
2.171856e-12
2.760272e-12
2.632041e-12
2.821487e-12
2.869163e-12
2.850843e-12
2.927254e-12
2.741713e-12
2.890893e-12
2.927031e-12
2.407026e-12
2.771974e-12
2.842364e-12
2.675715e-12
2.525882e-12
2.473794e-12
2.803096e-12
2.761995e-12
2.852457e-12
2.773337e-12
2.768881e-12
2.572900e-12
2.558418e-12
3.373862e-12
2.549243e-12
3.145574e-12
2.714303e-12
2.835712e-12
2.949993e-12
2.767354e-12
3.127326e-12
2.707810e-12
2.803376e-12
2.837199e-12
2.550469e-12
2.336544e-12
2.674193e-12
3.019762e-12
2.742124e-12
2.663549e-12
2.585411e-12
2.498605e-12
2.487179e-12
2.532857e-12
2.230761e-12
2.512486e-12
2.873283e-12
2.615108e-12
3.117497e-12
2.800966e-12
2.722221e-12
2.517720e-12
3.093632e-12
2.497321e-12
2.616806e-12
2.955741e-12
3.110579e-12
2.825461e-12
2.192551e-12
2.115961e-12
2.788054e-12
3.122213e-12
2.551514e-12
2.580446e-12
2.950456e-12
2.713110e-12
2.737544e-12
2.931079e-12
2.832143e-12
2.808220e-12
2.969135e-12
2.552200e-12
3.034712e-12
2.745678e-12
2.960492e-12
2.484053e-12
3.074941e-12
3.071433e-12
3.488439e-12
2.623739e-12
2.767937e-12
2.448498e-12
2.856975e-12
2.616311e-12
2.902101e-12
2.747156e-12
2.764813e-12
2.833443e-12
3.015595e-12
3.003094e-12
2.716620e-12
3.047406e-12
2.601020e-12
2.693278e-12
2.837389e-12
2.815541e-12
2.647981e-12
2.841730e-12
3.079699e-12
3.001445e-12
2.611145e-12
3.262822e-12
2.810132e-12
2.921102e-12
2.924262e-12
2.896296e-12
2.414911e-12
2.510219e-12
2.265634e-12
2.583219e-12
3.289048e-12
2.779849e-12
2.411753e-12
3.116143e-12
3.074400e-12
2.704713e-12
2.878281e-12
2.597948e-12
3.043598e-12
2.942324e-12
2.699467e-12
2.412753e-12
2.555167e-12
2.582633e-12
2.696222e-12
2.625737e-12
2.865035e-12
2.868004e-12
3.117123e-12
3.038249e-12
2.764753e-12
2.713263e-12
2.764857e-12
2.623600e-12
3.163440e-12
2.905411e-12
2.759254e-12
2.791989e-12
3.004853e-12
2.893366e-12
2.478036e-12
2.894019e-12
3.172964e-12
2.702780e-12
2.930328e-12
2.878377e-12
3.145217e-12
2.757880e-12
2.959539e-12
2.607943e-12
2.912075e-12
2.968965e-12
2.824066e-12
2.593972e-12
2.742068e-12
2.882765e-12
2.642635e-12
2.828713e-12
2.874471e-12
2.368233e-12
3.084542e-12
2.809006e-12
2.820776e-12
2.632434e-12
2.582187e-12
3.072353e-12
2.904251e-12
2.898172e-12
2.610548e-12
2.821564e-12
2.535503e-12
2.709402e-12
2.614220e-12
2.464115e-12
2.823200e-12
3.050921e-12
2.525799e-12
2.650846e-12
2.679316e-12
2.856639e-12
3.083645e-12
2.716934e-12
3.364032e-12
2.913023e-12
2.821666e-12
2.700685e-12
2.733743e-12
3.051355e-12
2.405339e-12
2.759663e-12
2.711287e-12
2.927844e-12
2.556479e-12
2.605318e-12
2.689636e-12
3.169952e-12
2.939828e-12
2.998174e-12
2.844570e-12
2.765290e-12
2.834387e-12
2.602109e-12
2.873183e-12
3.059106e-12
2.920919e-12
2.476567e-12
2.831990e-12
3.206208e-12
2.753038e-12
2.556979e-12
2.675191e-12
3.139957e-12
2.900300e-12
2.407545e-12
2.680072e-12
3.178282e-12
2.864282e-12
2.967186e-12
2.977248e-12
2.925524e-12
2.994279e-12
2.643552e-12
2.937929e-12
2.737554e-12
2.668830e-12
2.676918e-12
2.964137e-12
2.649995e-12
2.572688e-12
3.257365e-12
3.155920e-12
2.367600e-12
2.496792e-12
2.303410e-12
2.751243e-12
2.620278e-12
2.777339e-12
2.996677e-12
3.025526e-12
2.660515e-12
3.125935e-12
3.250472e-12
2.635489e-12
2.598889e-12
2.774179e-12
2.799739e-12
2.747978e-12
2.909701e-12
2.763518e-12
2.704883e-12
2.399909e-12
2.938894e-12
3.119580e-12
2.985608e-12
2.617379e-12
2.873081e-12
2.527114e-12
2.764403e-12
2.887601e-12
2.943524e-12
2.663810e-12
2.579399e-12
2.810749e-12
2.596643e-12
2.626329e-12
2.460651e-12
3.083016e-12
2.811834e-12
2.575427e-12
2.916259e-12
2.000865e-12
2.615855e-12
2.744145e-12
2.621421e-12
2.784169e-12
2.800114e-12
2.976299e-12
2.502751e-12
2.673546e-12
2.563666e-12
2.770052e-12
2.573037e-12
2.828399e-12
3.176052e-12
2.731496e-12
2.549653e-12
2.820721e-12
2.413393e-12
2.564065e-12
2.584163e-12
2.702331e-12
3.314615e-12
2.888440e-12
2.462812e-12
2.640576e-12
2.393622e-12
3.388977e-12
2.829913e-12
2.755324e-12
2.744936e-12
2.783147e-12
2.122056e-12
2.512439e-12
2.897932e-12
2.939733e-12
2.661460e-12
2.946714e-12
2.852841e-12
2.578422e-12
2.662811e-12
3.104471e-12
2.415941e-12
2.642980e-12
2.904545e-12
2.750079e-12
2.661316e-12
3.085795e-12
3.011758e-12
2.477680e-12
2.558543e-12
2.787883e-12
2.861144e-12
2.616539e-12
2.675129e-12
2.615508e-12
2.736404e-12
2.589795e-12
2.589018e-12
2.691583e-12
2.829417e-12
2.754256e-12
2.851246e-12
3.027498e-12
2.619267e-12
2.800652e-12
2.590688e-12
3.155350e-12
2.886401e-12
2.659741e-12
2.784510e-12
2.466770e-12
2.650402e-12
3.057300e-12
2.455103e-12
2.465872e-12
3.217459e-12
2.781066e-12
2.611836e-12
2.715444e-12
3.105628e-12
2.802212e-12
2.858623e-12
3.067816e-12
2.705853e-12
3.095096e-12
2.863165e-12
2.846905e-12
2.983218e-12
3.035078e-12
2.722347e-12
2.400752e-12
3.007279e-12
2.576722e-12
2.305763e-12
2.446837e-12
2.593313e-12
2.605780e-12
2.706518e-12
2.486058e-12
3.152890e-12
2.987834e-12
2.558204e-12
2.966955e-12
2.624042e-12
2.653503e-12
2.833577e-12
2.487295e-12
2.955017e-12
2.568922e-12
2.634486e-12
2.641497e-12
2.771302e-12
2.642772e-12
3.098130e-12
3.022253e-12
2.748255e-12
2.109568e-12
2.770056e-12
2.791377e-12
2.646954e-12
2.782632e-12
2.500013e-12
2.822741e-12
2.856599e-12
2.973821e-12
2.917384e-12
2.862320e-12
2.461411e-12
3.138622e-12
2.673839e-12
2.832092e-12
3.189973e-12
2.910909e-12
2.047058e-12
3.215506e-12
3.012376e-12
2.471956e-12
2.820440e-12
2.747970e-12
2.630869e-12
2.649127e-12
2.611430e-12
2.952146e-12
2.952167e-12
2.688136e-12
2.960840e-12
2.641949e-12
2.758444e-12
3.087207e-12
2.774375e-12
2.647424e-12
2.877996e-12
2.824450e-12
2.635181e-12
2.679953e-12
3.075530e-12
3.187925e-12
3.051992e-12
2.134466e-12
2.435773e-12
2.413575e-12
2.675190e-12
2.970097e-12
2.822493e-12
3.050086e-12
2.741630e-12
3.083110e-12
3.005769e-12
2.928713e-12
2.707460e-12
2.726251e-12
2.375732e-12
2.803974e-12
3.074854e-12
2.681377e-12
2.894200e-12
3.080817e-12
2.826609e-12
2.781411e-12
3.257142e-12
2.961040e-12
2.575090e-12
2.793001e-12
2.910887e-12
2.962077e-12
2.884934e-12
2.474025e-12
2.519779e-12
2.673639e-12
3.011033e-12
2.617880e-12
2.448161e-12
2.823532e-12
2.724100e-12
2.814125e-12
2.608918e-12
2.470467e-12
2.941804e-12
2.522077e-12
2.789807e-12
2.820691e-12
2.568062e-12
2.708779e-12
2.625004e-12
2.514506e-12
2.759700e-12
2.663979e-12
2.714798e-12
2.880379e-12
3.042805e-12
2.766279e-12
2.983822e-12
2.741937e-12
2.773626e-12
2.785405e-12
2.061496e-12
3.259638e-12
2.639838e-12
2.548973e-12
2.486391e-12
2.886362e-12
2.655560e-12
2.774241e-12
2.695567e-12
3.010159e-12
3.019075e-12
2.880799e-12
2.513710e-12
2.603784e-12
2.716689e-12
2.691532e-12
2.642455e-12
2.633504e-12
2.652632e-12
3.009436e-12
2.950147e-12
2.934987e-12
2.777303e-12
2.935335e-12
3.378841e-12
2.834540e-12
2.822719e-12
2.369012e-12
2.751387e-12
2.710248e-12
3.001824e-12
2.906028e-12
2.686823e-12
2.729615e-12
2.731414e-12
2.800219e-12
3.207045e-12
3.203669e-12
2.323141e-12
2.353128e-12
2.563406e-12
2.549111e-12
2.550972e-12
2.660860e-12
2.952330e-12
2.269541e-12
2.631169e-12
2.851070e-12
2.747152e-12
2.598670e-12
2.886042e-12
2.886289e-12
2.654663e-12
2.531102e-12
3.179955e-12
3.285559e-12
2.901579e-12
2.404269e-12
2.967940e-12
2.321797e-12
2.894914e-12
3.231542e-12
3.055965e-12
2.867008e-12
2.764925e-12
2.535708e-12
2.789322e-12
2.975339e-12
2.753383e-12
2.741130e-12
3.035538e-12
2.896018e-12
2.581682e-12
2.904665e-12
2.905316e-12
2.732332e-12
2.821184e-12
2.873469e-12
2.894654e-12
2.519776e-12
2.870198e-12
2.990503e-12
2.450005e-12
2.915909e-12
3.033809e-12
2.950481e-12
2.806679e-12
2.652446e-12
2.920129e-12
2.367756e-12
2.699488e-12
2.565817e-12
3.079605e-12
2.496690e-12
2.592579e-12
2.743902e-12
2.551573e-12
3.032048e-12
3.011040e-12
2.481197e-12
2.819164e-12
3.034936e-12
2.499702e-12
3.059380e-12
2.406203e-12
3.384928e-12
2.951942e-12
2.600970e-12
2.492320e-12
2.925623e-12
2.468330e-12
2.790568e-12
2.584701e-12
2.493171e-12
2.912620e-12
3.161282e-12
2.542811e-12
2.937745e-12
2.579363e-12
2.933628e-12
2.915332e-12
2.429403e-12
2.912312e-12
2.974676e-12
2.867702e-12
2.810637e-12
2.306413e-12
2.307953e-12
2.528642e-12
2.321148e-12
2.727310e-12
2.930802e-12
2.730734e-12
3.259054e-12
3.152861e-12
2.894998e-12
2.896249e-12
3.125847e-12
3.022062e-12
2.534548e-12
2.776417e-12
2.327949e-12
2.640324e-12
2.547133e-12
2.932846e-12
2.817382e-12
2.681100e-12
2.546736e-12
3.015041e-12
2.741758e-12
2.916895e-12
2.872887e-12
2.651478e-12
3.152204e-12
2.600984e-12
3.257215e-12
2.876961e-12
2.276478e-12
2.802603e-12
2.349961e-12
2.979921e-12
3.068485e-12
3.020485e-12
2.877686e-12
2.686324e-12
2.632678e-12
2.733081e-12
2.758789e-12
2.900272e-12
2.881862e-12
2.673494e-12
3.318504e-12
2.830943e-12
3.085091e-12
2.810755e-12
3.127318e-12
3.095531e-12
2.348081e-12
2.830455e-12
3.233838e-12
2.627521e-12
2.713555e-12
2.845544e-12
2.756706e-12
2.433678e-12
2.643083e-12
2.708005e-12
2.780221e-12
2.440837e-12
2.770308e-12
2.993072e-12
2.545134e-12
2.420911e-12
2.728805e-12
2.574412e-12
3.031960e-12
2.674244e-12
2.894830e-12
2.503226e-12
2.822072e-12
2.934750e-12
3.294914e-12
2.671750e-12
2.989722e-12
2.850471e-12
2.782991e-12
3.078923e-12
2.866706e-12
3.006390e-12
2.846811e-12
2.963350e-12
2.281511e-12
3.497346e-12
3.183920e-12
2.507260e-12
2.872308e-12
3.077783e-12
2.498470e-12
2.634556e-12
3.209641e-12
2.775823e-12
3.073705e-12
2.636394e-12
2.631582e-12
2.877955e-12
2.860134e-12
2.786676e-12
2.106393e-12
2.957027e-12
2.842974e-12
2.681409e-12
2.413558e-12
2.722202e-12
2.710129e-12
2.656538e-12
2.942447e-12
2.561538e-12
2.618879e-12
2.801406e-12
2.681470e-12
2.966371e-12
2.935670e-12
2.995471e-12
2.629975e-12
2.824558e-12
3.060855e-12
3.057718e-12
2.894050e-12
2.721264e-12
2.970181e-12
2.681477e-12
2.983542e-12
2.357160e-12
2.476050e-12
2.552567e-12
3.198239e-12
3.053005e-12
2.724727e-12
2.593146e-12
2.380207e-12
2.592748e-12
2.935126e-12
2.651910e-12
2.558393e-12
2.710856e-12
2.710877e-12
2.985211e-12
2.800281e-12
2.649710e-12
2.705326e-12
3.093100e-12
3.008517e-12
2.538801e-12
3.120971e-12
2.959689e-12
2.682319e-12
2.762156e-12
2.613609e-12
3.151634e-12
2.810674e-12
2.700094e-12
2.848457e-12
3.432555e-12
2.645021e-12
2.432852e-12
2.736995e-12
3.329412e-12
2.735029e-12
2.933941e-12
2.518262e-12
2.447490e-12
2.562320e-12
2.973527e-12
3.038779e-12
2.923486e-12
2.891652e-12
2.660003e-12
2.780659e-12
2.852011e-12
2.942425e-12
2.731209e-12
2.583679e-12
3.047285e-12
2.782172e-12
2.768830e-12
2.875118e-12
2.417189e-12
2.888164e-12
2.694280e-12
2.674770e-12
2.864215e-12
2.839002e-12
2.783406e-12
2.979620e-12
2.008994e-12
2.681640e-12
2.751238e-12
2.902763e-12
2.749144e-12
2.622670e-12
2.568114e-12
2.783374e-12
2.929345e-12
2.756017e-12
2.665648e-12
2.396239e-12
2.531234e-12
2.595699e-12
2.538537e-12
3.021982e-12
2.795548e-12
2.780466e-12
2.750131e-12
3.286845e-12
2.365088e-12
2.473941e-12
3.093981e-12
2.905338e-12
2.711736e-12
3.046701e-12
2.724352e-12
3.143669e-12
3.015426e-12
2.929116e-12
2.683506e-12
3.237659e-12
2.674179e-12
2.697066e-12
3.075439e-12
2.782912e-12
3.085807e-12
2.956730e-12
2.504844e-12
2.848902e-12
3.000605e-12
2.580066e-12
3.167656e-12
2.722104e-12
2.833444e-12
2.789757e-12
2.818238e-12
2.786332e-12
)
;
boundaryField
{
    inlet
    {
        type            zeroGradient;
    }
    outlet
    {
        type            zeroGradient;
    }
    walls
    {
        type            zeroGradient;
    }
    emptyWalls
    {
        type            empty;
    }
}