fmmob,sfdry,sfbet,epcap,fmoil,floil,epoil
51573.61843196589,0.21782055778678375,20438.51137320214,1.3050958582502976,0.8169972312206228,0.28523195915465543,3.724533893992533
52028.9596853781,0.21188408351539526,20732.57304052106,1.2970988590506372,0.860477124074515,0.3022324148188868,3.9187837932972807
48134.93408146753,0.22568557033954292,19436.49375562794,1.385207345914586,0.8414555308587028,0.2943254633694774,3.9758673704899956
52066.879280695095,0.20906968722813724,19211.045966795893,1.349821697578205,0.8296573879275385,0.2995266139624348,3.964698378436754
50661.796231127046,0.21827769806882522,19401.510424845186,1.3095315216670833,0.8263132257807302,0.3087639900250899,3.8641451638011812
47987.702024997045,0.21725729880102757,19650.77776840653,1.2679790543397886,0.8399078100657238,0.28948431090271776,3.8862236453098697
48892.491094335244,0.21257577677688738,19525.23380322662,1.3519852604344826,0.7822638770956822,0.2825049640054563,3.985825855410699
50234.40759602492,0.20730702392474581,20802.83857432296,1.3391381609556952,0.8462510485982226,0.3035967468354277,3.801429164960605
52287.53417717149,0.20479040219276937,19054.870944849506,1.264704511916834,0.8581305428896273,0.2910288273890626,3.746541441260825
52324.44267599638,0.21330391345595268,20134.87017663674,1.270869128781701,0.7825327326034142,0.29751043198214966,3.8774713564189254
48288.06540838774,0.20820815622269148,19277.483305934376,1.3846188591978543,0.8497169126014442,0.28565843283240916,3.7487079379712744
52352.96390880308,0.21985416825059323,20625.119510497694,1.3205772036170256,0.8450017419386945,0.2825191087962572,3.873700418073581
52285.83474121473,0.21221279776007676,19286.784055771484,1.257910843751544,0.8639143664871968,0.28478305161265577,3.653841336117069
49926.87824361421,0.22234354188056643,19954.390227741897,1.2620611476188721,0.8005858478303913,0.30464284171004347,4.016287206911827
51501.402344444,0.22003593836065624,20946.16231065631,1.273559428663203,0.8575283235698045,0.2891282239076826,3.7147786398722213
48209.43169313607,0.21652705626572413,19661.53726677942,1.3729779565808786,0.8346865428444424,0.2915745924551668,3.868088186002181
49608.80641313137,0.208052383738944,19046.420030549925,1.31648483165863,0.7905178510589178,0.29944709394331176,3.76868812564265
52078.67762594533,0.22483375648580806,19378.752867315994,1.3290391751074409,0.8039196431984714,0.3043624304591648,3.910327975893492
51461.03664779777,0.20995442377814777,19746.189052584898,1.320267683489347,0.8447143418216078,0.30285485347141416,3.6463630340620634
52297.462131964516,0.2241284892476514,19618.168019858687,1.263904463028976,0.848143485803867,0.2912881789486715,3.661230342002762
50778.70349578293,0.20906106370098637,19410.557051276555,1.3735291082475647,0.7904300217026378,0.28585094309517284,3.990437446711291
47678.558392870946,0.21228162186431687,20820.059754116628,1.2930694773032145,0.820511147288901,0.29932180177894224,3.6692402527960217
51745.64652934389,0.2061312575158966,20315.461625476466,1.2904910842289394,0.7998787936203435,0.28035635648296664,3.7628589296450374
52169.966238787754,0.21801250578730438,20871.91702246711,1.3334430505743509,0.8577888607084662,0.2885951932078135,3.8370194286776274
50893.675774288866,0.20813326308669183,19826.256489377432,1.3178136190778382,0.808212552614929,0.29908871754515853,3.7300399408771163
51288.70065289167,0.20521859881068183,20828.47162556971,1.3036038881294965,0.8524258554626583,0.2977162000983075,3.843417622035824
51215.66234062458,0.21979822980243655,18964.13947752188,1.3415562250545876,0.8032353807480165,0.28984603153822974,3.9344881264261797
49461.13509767084,0.21171990938000848,20170.0625249894,1.378886273606743,0.8541145801847546,0.30942406191104094,3.8353743873653316
50777.389450887786,0.21845326172681243,20550.64613514741,1.3369081670420657,0.7973444248650456,0.2838854574651973,3.9923072396981745
48355.93343905781,0.21250317492304738,19417.29815916023,1.2923131761022524,0.84433165281389,0.3019583710978073,3.69194975486953
51030.23044009804,0.21773794980253455,20812.77500846235,1.2820544433803474,0.7844580293992346,0.28487020209323044,3.795146234060435
47659.1642318871,0.20471547101455156,20475.209236790815,1.312959612178539,0.834714512627928,0.29307209863702854,3.742918080055134
48884.61492480445,0.2238272547532451,20601.26683170685,1.2585497540171937,0.828503476120201,0.30480117493403075,3.864542991370047
47730.85695315577,0.22146201110999444,20096.55985926671,1.3706939507803617,0.8128285055905404,0.29086733206291726,3.6496089276595227
47985.65890617924,0.2202857209133685,20533.70041991985,1.3355431857328555,0.799342731627901,0.2824990224026493,3.660022824717756
51617.289141636466,0.22173192549263135,19608.9371856993,1.281844553435968,0.847044507893532,0.2966793035993534,3.7592171347287726
50974.14311487909,0.21249108585044887,19398.306642371077,1.323631012554812,0.7938199984142554,0.28833094161455713,3.6732994635782914
49085.4974003043,0.21752150349480365,19575.71075232841,1.2620601903140307,0.8221064236671509,0.28414561303963587,3.700726078473052
52251.110244191776,0.2166231394836105,20118.624339664468,1.3688449596505396,0.7829072049677106,0.3008898180445799,3.777694385787803
47672.23040251454,0.21564611165244785,20608.17871133794,1.3134616693857162,0.7972081696420436,0.29458419477177605,3.650866772977148
49693.72179828199,0.21016399975017158,19531.9726706368,1.3273420096840405,0.821784466606966,0.28564012939900424,3.907076512917296
49407.79228546504,0.20959552263273235,19755.59601216593,1.3298323158793588,0.8508360061124343,0.2832358288765949,3.8810913385527397
51327.58394074501,0.2139602335647174,20672.304310374126,1.3448301783394099,0.7934589885157355,0.2861967376537348,3.7022630911785903
51475.999505685315,0.20914582575957077,20178.905402681718,1.3040091101660973,0.842111458063987,0.2842250073167707,3.659435548445911
48434.36302277189,0.221545666047681,20929.919637717936,1.2652840124834288,0.838724807185436,0.289801780042934,3.7912785601479584
49948.82197894115,0.22545124120076337,19358.879255995314,1.3152339305941687,0.7846887426082751,0.3082910789188419,3.812864181745437
49727.9310035545,0.20489482693079186,20602.782124468577,1.2612701660011754,0.8220829527949762,0.2959478515381671,3.7132134543946567
50731.565050556324,0.2157667800993456,20300.843929810784,1.3524737486467389,0.8617954307558806,0.28755672844307334,3.9684267429218067
51046.82415429036,0.20612216022786917,19449.154192729417,1.2599700028258063,0.7911047485205623,0.29314964946860017,3.8644817792573014
51273.433409911806,0.2214949659719498,19901.692325006217,1.3810056752478788,0.8430164936167273,0.2999880896035072,3.644457280644894
48880.12538499289,0.22551661555855732,19748.65507731995,1.3530173853826437,0.8344019548612343,0.2964070234731099,3.979860497478776
50898.51338426837,0.20568934455555163,20148.379306937368,1.3787870878060804,0.8307512537374263,0.29821710758234315,3.8089924784674807
50775.490019869205,0.2244470647805175,20549.542917778683,1.322765382571426,0.8228866327981933,0.3057124754274348,3.6578566177452427
48313.05867597315,0.20464081697318895,19162.112198725885,1.2867735239581677,0.8285842738593849,0.29148053051974415,3.6763192904456834
48094.98840779188,0.21895253019554664,20591.27717728215,1.289291413318498,0.8169512998849819,0.3023441906565759,4.017747359059498
49991.82025991072,0.22110033432178922,20630.46722844062,1.3552104867132881,0.7881245061057202,0.2848725555279579,3.967193497383426
52298.71979258041,0.21573395770947865,19659.739957578877,1.3861705791034633,0.8057652815795875,0.28196465262790166,3.871089258356247
49201.928633330666,0.22328522819501956,19810.488577918586,1.302070829565035,0.828047874394666,0.2902713553810672,3.645961654211975
50426.33875489888,0.22357860532648202,20094.117240733307,1.3544025208097077,0.8339733444428775,0.3043567042491179,3.7590794126519502
48619.05969745568,0.21770765896073066,20350.645337888618,1.269487406468583,0.8584528531996605,0.29138765625816093,3.813137164730091
51256.33529652826,0.20721418333687,20433.727165189623,1.3338196748320628,0.8623204016788938,0.3089418454992132,3.673543895038985
48775.47557729635,0.20893273426481068,20464.478880488467,1.3118316259623517,0.7895529957362899,0.2981068984242038,3.854167162812111
50029.78525832571,0.2081660331316443,19728.811883320606,1.351477850088182,0.8363107859255967,0.2902279668836971,3.760362398547762
50995.38361328343,0.20514912707541852,19808.958457574678,1.2894513721324627,0.8314582096276516,0.30762551980760144,3.8080534172349356
51954.51626267899,0.20654924565882943,20860.407591713814,1.2674740947371885,0.8208452101430822,0.3067535284818878,3.856790820391451
52296.45712602722,0.21750353492934224,20095.577877704614,1.3145222769353637,0.8111698969874436,0.3053458405910465,3.664292916518457
50236.07764981902,0.22445271171846293,20647.695498166253,1.3395038428063686,0.820990105746414,0.28782536155350885,3.6575950395699968
48193.1222141434,0.21187079821579757,19503.808906014954,1.2723923277744205,0.8370751121047195,0.28867211727629927,3.750826027676663
48246.47002779529,0.21307852543627953,20194.035612229138,1.3147678429797571,0.8608287997125893,0.30325843385765394,3.835312721908976
48787.54127061868,0.22541351246516572,20126.28156080401,1.3411055670210499,0.7891816350511776,0.3009411592332103,3.8506815659583973
51703.58627991831,0.22457995256425814,20874.619589284946,1.3641964795988204,0.8475042044454123,0.29477909739982255,3.7280930105118846
48771.410894857654,0.21879786058632109,19123.875876459664,1.29564695960231,0.8304708439073949,0.30879619858013735,3.9849480062472193
51571.42413034408,0.22549849863973565,19950.99528874988,1.3081022287865676,0.8569237928749459,0.2942967640827542,3.9516585050138424
48717.624843624944,0.22073687482515678,19993.07140461362,1.3717569568497359,0.790172942944451,0.3095997127559965,3.805777709775765
52146.31811593614,0.21148903418441672,19132.38117432708,1.3474965532782843,0.8059881491161949,0.29472206934450973,4.011485342942217
49249.91882992404,0.21849120999858884,20757.309626981798,1.2869013301889962,0.7860957093030977,0.29510187519654324,3.856952995771572
48482.97625215604,0.209499553665991,20716.855932327173,1.3553237828565576,0.823339749263202,0.3029287998396114,3.725363872069957
48755.419289880156,0.21060340589287932,19828.28438527715,1.293381289883252,0.8450873243812611,0.2916984922210911,3.945862962330425
50580.223380733194,0.2188738349814558,20512.036612769745,1.2915996547740203,0.8051396964624211,0.29362114815634616,3.808352622758333
49866.444244513645,0.21559870685400415,19248.6877207721,1.2557568407798134,0.8003971482288755,0.28416919206043595,3.7313132011333123
49258.29753531498,0.213099260538262,20189.032774885436,1.304449341745328,0.809115137588086,0.30262593668324445,4.001295943417444
51654.14313948146,0.21720672168778254,19472.44424039187,1.3126688203346955,0.8191525862208984,0.2969244895555326,3.690242287791463
50426.32045576362,0.2203861812023603,19841.584141821953,1.2951478277339856,0.842536755722321,0.29938477967386845,3.8318080073554586
50248.618041455695,0.2167959632466321,20636.279025392498,1.293372649673454,0.823813589382069,0.30379271286216025,4.0076057501545215
52085.96831914905,0.2161135390711233,19343.92881286885,1.2869864044037085,0.8133309179895345,0.2867532231650103,3.8837623017583676
48929.195094101866,0.21679676830329087,19558.683987441418,1.3786859048839504,0.8563712687465268,0.3055577777463808,3.870884593007498
51286.00114555361,0.21525412827910723,19916.6726626299,1.3685811308132516,0.8612907127402085,0.30693950311455165,3.8153851973322372
51268.645471392476,0.20602574363047202,19626.435027522693,1.307423853203838,0.833556403115067,0.2888645866087679,3.8567666729894103
49402.22923487678,0.21972075789947904,20545.47922989549,1.318281263685773,0.7927161652955188,0.3016631578653631,3.9844095720379014
50339.10820362611,0.2256673563928827,20922.53771250276,1.329585983897831,0.8327362363564481,0.2902636512289535,3.7796295024804123
47879.27144781532,0.2118724875565738,19269.799871671177,1.3196287213590987,0.8133725545645251,0.2882940961921972,3.723198278454744
47769.75059333303,0.22513206452644324,19425.07516753598,1.2905921166762109,0.8634252454249121,0.2852731004019486,3.7977329682169483
50153.98776504486,0.21169864836795774,20353.462082172442,1.3856946727664188,0.8054558855356831,0.2998385376614372,3.740355273736437
51395.836150510055,0.2233106930278466,19701.565967081606,1.2792135594767549,0.8399695546552046,0.2960576238987163,3.805785348447773
52170.053421145916,0.21402593959732602,20895.041280836595,1.3687748533624635,0.8258974453646981,0.30470872783746733,3.8758000084491746
48149.53104236865,0.21313868671394753,20892.24958359847,1.2592607627752626,0.7977512684761299,0.2881371813790738,3.8402572077284476
50344.11830436096,0.20893123946968195,20236.677608595703,1.2988016543873968,0.8385905088060592,0.2854465955283726,3.783158714622166
49846.95320529103,0.20695157362829644,20668.39725932405,1.3538594781429287,0.7860024467607817,0.292969997809012,3.9699193529181804
47559.510347506206,0.21089166376168653,19754.25737902613,1.3400708091257951,0.7970289277220568,0.2942818236150556,3.7505934608450993
49185.613221994405,0.21986124528079387,20213.201941965028,1.2773063348662848,0.7856076800221885,0.30341401678325497,3.7887413721676353
48310.91154096621,0.22108174956905116,20918.047095632588,1.3807362938054337,0.854688915617995,0.2841042221220609,3.8337827889588585
51471.422703419536,0.21916643372221828,20068.657424944613,1.326715998095316,0.8509650779511847,0.2817649941140689,3.6593103182056006
49056.07521022402,0.20446074842365583,20815.015872105207,1.2881617202001836,0.7915741766761479,0.2987614410706544,3.7241942353157005
50142.66567753106,0.22237908676722595,20389.58469597149,1.331379402131662,0.8156271424593319,0.2811080827795956,3.6809945889704054
48328.24364749891,0.22408013795261994,19918.15684104062,1.3758844587323087,0.7917448129562304,0.28426774098452545,3.6734531197287894
50509.909707008184,0.2208255157444894,20227.367029899055,1.3732583011036748,0.8289332145820575,0.30073939016134305,3.9763584168378276
48814.85642270072,0.20516718690260355,20723.33554744976,1.3186891241559031,0.8599848080799792,0.2954625292448998,3.648427999915775
50770.39549238391,0.2123810019465797,19348.979816447347,1.3134359510625895,0.8029504986512832,0.2962561813992858,3.956748691400689
50946.07251570004,0.2193933019263924,19741.255716540643,1.2961328291920013,0.8633159253129533,0.30410026351460706,3.829780975587196
51240.757964118544,0.2199345304783499,20931.889728478134,1.262256949278778,0.8106392017779517,0.30366373787585094,3.6791692819877517
49752.707992512485,0.20907195701928705,19755.19147578722,1.354525893267291,0.7990113913714293,0.2950550790676221,3.823343552919365
47919.106889984665,0.21003467673312734,20266.9186797405,1.2723802620764173,0.8366475752716872,0.288410645707112,3.8650563463111767
48644.88484358409,0.21872017004758856,20750.68950545385,1.301967311930915,0.8619562693631275,0.28378011576253714,3.670175714145095
52066.68680750835,0.2145160822511275,20938.286644153184,1.307244554346342,0.83309819531262,0.3064046339246539,4.010016337860659
48261.890094846116,0.21765990287235001,20255.560745783907,1.3719273541513808,0.7870791685574714,0.3088735252378076,3.885560284265627
51629.08488744774,0.20933356605177955,19168.830673571752,1.2577557443729592,0.8125898345857594,0.30805452622990687,3.812125264830608
50191.71217630029,0.2080581607217138,19024.547491436737,1.3664530630073433,0.7955325013664278,0.29907477990911463,3.966210228882056
52480.67358313443,0.22208733279249807,20185.592021898712,1.2930041320489172,0.8008841858281055,0.2829224094852203,3.736234685896797
47890.87764376592,0.2207388158606082,20083.9530019865,1.2880202947830677,0.786146770520084,0.2824538893895149,3.9509806182271716
49713.39134887723,0.2243412828720428,20871.619492321624,1.3194649497867978,0.8560645448655222,0.2856323026179233,3.761548849248125
48033.26385090292,0.2065696114593138,20440.98041149068,1.3512556708370762,0.8471379069018791,0.2811847860290563,3.9958857132704986
52309.49040427527,0.2081678913704227,20274.219616377988,1.2817155863032372,0.8125490789347143,0.3016356210873532,3.7290701587770076
47523.17112067034,0.20638054857208285,19996.510070231958,1.2835200867381629,0.8503281022524893,0.28450268489341995,4.001936060213873
51374.55232355751,0.2147799217413541,19470.989091561372,1.3839237894023615,0.8438905840073383,0.2990098410899368,3.831142713984867
51586.51610326717,0.2084047746050807,20871.677564997764,1.3333164481808684,0.833029332904645,0.303550502981202,3.8517147121569826
51843.47352681755,0.22351166883654022,20030.207054839473,1.295161712666147,0.814283868783885,0.2969544672349651,4.015945163563688
47922.17922755455,0.206380427468159,19012.888976022437,1.3827835508701032,0.8114185762273524,0.2913837107547099,3.9307055538423445
49498.913245494485,0.2051995597928972,20341.6473545052,1.3733076146290832,0.7891625575314348,0.3044867904075902,3.7557419951179254
48799.35201425327,0.21623184584980237,19989.33373505215,1.28005236548426,0.8099700173995429,0.28924398447044186,3.6577978535172644
51500.34240112154,0.22085864394453392,19070.265958550644,1.2551876906844364,0.8270055898917442,0.2896715063773365,3.652517040129182
49657.069137317725,0.21095671123616977,20728.122285290287,1.348973993133947,0.8197530560476071,0.3034069067957964,3.9467636571936855
52053.23797214762,0.2080981233052582,19611.25347381547,1.3695767088149944,0.834970730333749,0.2951102248931896,3.7933504433812857
48409.23514151426,0.21153754708232594,19410.753889752883,1.270578474889599,0.8241127652363164,0.2879494035920402,3.782669244708497
48819.01458260995,0.20876813119643636,19179.827540780403,1.2601049352257214,0.8488772983627577,0.3018580279626192,3.8358505239458003
48227.69490192358,0.21521827917495287,19572.790813339943,1.3339714968092735,0.7898481778527298,0.28505702396804883,3.977075409629549
48180.34279354332,0.22373683295020214,19408.222482660796,1.3347798140938985,0.8200136260411255,0.3074217190520155,3.790995829157418
51846.46103820045,0.21777186468102483,20253.23434859792,1.3231707214202981,0.8303919793944703,0.28680559214862383,3.8669496305518596
50398.52293682785,0.2064329786094647,19084.489448573662,1.2559417280807226,0.7972542614054287,0.2827164571617661,3.671931321056648
50249.30100918166,0.21265337718361663,19501.98560282253,1.3459580973299903,0.8321624710683033,0.2824241958353937,3.7642300350022926
48224.773991118636,0.20542425722730862,19514.73137393393,1.3799192915896477,0.7861248250666149,0.3029517739010304,3.6910809715791406
51765.15558860947,0.21502758263386912,20708.23218815348,1.3703441658989233,0.8292323278577413,0.3043714722874831,3.729365778732708
50610.27565742533,0.2135320051955113,19838.939065604973,1.2699138193784179,0.8511749689605079,0.3020925532907747,3.780682453703384
49254.76190446135,0.22569754751451207,20460.54867121138,1.3017886099715317,0.8229774476290366,0.30261833922174985,3.7391013155301662
50066.24769933527,0.22169945549139944,20156.07626975162,1.2869098553257872,0.8179817482543532,0.3086052519132609,3.7181598519212447
49509.04016875971,0.2146915109028074,20515.11554512105,1.3289700302299456,0.79411739795112,0.29400953638193705,3.878178896196401
47879.83345845421,0.22348062674469896,19179.79162416346,1.3358912509073397,0.7841773988087237,0.3034663963960244,3.941701148696042
48699.58076776829,0.2072072517874919,20904.734950894155,1.2946868808762817,0.8441239235511118,0.2927157584684776,3.71544831802511
48116.59467417583,0.21263510566057364,20645.4503675817,1.3603845204451803,0.8473695432180957,0.308090033773673,3.978647244740961
48419.53894141208,0.22418815883745968,19053.539762852735,1.3600542588905977,0.8060096254205553,0.2802887747406532,3.921033014477297
48699.76262832451,0.2239761173969465,19882.57265841232,1.3581322883267621,0.7913315151972838,0.3091974032610623,3.8409248483536285
49586.335345421845,0.2195918412492778,19602.178283521327,1.3013301029219686,0.8127200412303113,0.29707072837809934,4.006855679751264
47748.27215162871,0.2175442537478717,20209.759224374502,1.2621226804501868,0.8500679552181721,0.29047088135504984,3.85183078922689
52013.58054957641,0.2116306896401889,19411.94683173646,1.3485698799029557,0.8511282126948768,0.29669634006671747,3.7189599243257847
52223.93594860823,0.22437458752383005,20109.37052169617,1.386115847096258,0.8365991245632068,0.28909364872379645,3.9639160098758244
49954.3204623404,0.20693264187420057,20155.796859277594,1.276413143693584,0.8608695200154387,0.28494264826450927,3.965537138932528
49946.26319200009,0.2199575852723727,20149.25879618655,1.2699521133385772,0.8594686025289409,0.2998750604332415,3.7555507499639
49188.59704910689,0.218149264797155,19847.113621365912,1.3755408437596124,0.7911251682229338,0.3004339821066081,3.760786857740036
52000.26923208831,0.22216276769188986,19023.169804062163,1.3185768871072145,0.8352040570712657,0.30362607618927456,3.9571231297178304
49346.233905601075,0.21281306790670368,19977.560595901363,1.3674735662603035,0.8214201734532178,0.2905344209109669,3.824142297303672
48056.013776468935,0.22037117750125368,19765.92167273641,1.3619396133900656,0.7873246529474127,0.2876272046339155,3.655513080660551
51401.26034160569,0.2222072409752798,19168.05184304804,1.2796209357980457,0.8557365718612837,0.29042759986616895,3.933397629795752
49448.69418480627,0.21118289854328856,19869.951879739918,1.287605101076102,0.8227720396115143,0.2899446614895323,3.7989375220544788
48708.45642956917,0.21612362476245464,19852.01109358328,1.262108345944616,0.8453282721950652,0.3076108232203174,3.742791412006703
49519.560727940574,0.2253012763473287,20052.024969929815,1.3353938083975574,0.7868178114815926,0.30255413675738424,3.7632835161208855
47982.27262584194,0.2160601334598935,20559.281612430954,1.357622403901879,0.8034502493616015,0.28875303968602817,3.776077919648252
48159.86646303168,0.21135410760654194,20350.69589520819,1.3224615661717904,0.8354330090442139,0.2981323063463836,3.9398170553881675
52210.252953877425,0.21756863843632226,20692.60983032359,1.2586157866840164,0.7928456018300163,0.30284786624499704,3.6504569636366986
52280.672701149015,0.21200368627654737,19056.623344095657,1.3857798956949843,0.8344023141406799,0.3052114941561077,3.913746354694136
50376.04297539233,0.2205149551852918,19390.764216253665,1.3211241639278513,0.8135308167158559,0.3068584451604291,3.9696263425743257
47798.89771473578,0.21314886609683908,19869.485810172177,1.2988068680275686,0.8448669557430278,0.29782336085357686,3.7450313172752514
48673.899566862034,0.21483541974427617,20864.774524277374,1.277919962786669,0.8355849606414499,0.282271816266174,3.8870262115668166
49265.792856110354,0.2191869795123511,20528.64048717398,1.3375965677595316,0.813246550072751,0.28668227956085135,3.724393011425615
51605.970200989796,0.22516377852921537,19853.98984503979,1.3309253114137156,0.8065415293595379,0.30589755050035683,3.873671773429081
47577.01718825778,0.21129673165060825,19617.68923198943,1.3541551692958111,0.8098434854182068,0.2924694266974051,3.6643998657661117
47715.11900828904,0.2222627684361894,19070.39514879676,1.2752298334504868,0.8574776539714318,0.29975566998403885,4.005627473553747
48344.950147313524,0.22014005288638086,20430.606079272708,1.3020815886711714,0.8194007587348565,0.3033628027895033,3.8690855023999373
50745.57737478226,0.22476475081216019,19963.555075490727,1.2739659007125157,0.8182674991988255,0.2875626372248749,3.7824977992920137
51158.61192829335,0.20493633653433552,19351.35119921301,1.3673152712578973,0.8192294929543574,0.2966055460211652,3.64734905225776
50738.72981568153,0.21192268320292465,19804.75113444707,1.2995825926947315,0.8596467093560604,0.2870227691564996,3.963840350074135
49754.618532154724,0.21849705743717512,19289.03710603098,1.2913034567048696,0.7998834897948793,0.2804539265371258,3.86662597704559
50235.044461431724,0.21030228352169253,20452.1307087551,1.2557440495487708,0.8544717501051817,0.3028658622184217,3.960118523028405
48981.60402803886,0.20920323594732546,19687.359929049457,1.3608825710543715,0.7834857472984735,0.280894080860675,3.8287666376795766
51223.46403537078,0.219539263850377,20831.42650150357,1.320657634413965,0.8099772498904306,0.2918465513208678,3.63867747753935
48444.775075162725,0.21767831771535612,18986.75921911688,1.3259990393389163,0.8448940587806504,0.2876999345948364,3.9873793050157103
50933.877166826576,0.21694808603777216,20606.46653801371,1.369997544502477,0.810062744635046,0.2862743991811282,3.7928267252964796
48417.55577868635,0.21844941627572095,20202.548995035777,1.3504376354208378,0.8327777670619074,0.29978724428288994,3.9159263716776005
49342.42298245168,0.2052724254719481,20027.299297738653,1.343204151574247,0.819133641640163,0.3072348913608834,3.6934779902198507
50628.092803648455,0.21174887338296627,20250.26273258322,1.2785731513633196,0.7826863821962773,0.28045362515843,3.9476397749881458
51401.137175756885,0.21395382247764846,20402.125916951496,1.3276704363789344,0.831154380082821,0.3022694844106834,3.9837548889432943
47905.62884432892,0.20942945743808236,19141.004685021555,1.3817494978946812,0.8313590750699023,0.3038402884280053,3.9333685798948
52146.92985484365,0.2196234677858678,20703.25999894378,1.33368446286939,0.8352970562141204,0.3070300687615946,3.9254010243100934
51378.563393042015,0.2226579192781352,18981.152477172243,1.3617621906261905,0.8100559080615167,0.30899993109386603,3.7907190922590575
49933.958162015864,0.21030241544504888,19539.63374055824,1.385006724077461,0.822448528733813,0.2837859729884006,3.9042675433815353
49679.2929429046,0.21996759283906045,19311.43018261596,1.3719806195371989,0.8396059956943656,0.2955596080207974,3.85205190063635
49733.91874714903,0.2072119021891696,20800.45706505491,1.283197868111242,0.854916154097647,0.3044982569448014,3.859428601881104
49031.74736008279,0.22223953980761893,19088.519971469934,1.2595246310993766,0.7863812607386539,0.2990421725629163,3.7676488171396363
50042.543276905635,0.20722993688846073,20111.78098901909,1.3145434528443594,0.7899451885299136,0.3083903561185384,3.9051600607568964
50053.85782086055,0.2168965017858741,20223.616688937822,1.2567722609503862,0.8353271232444083,0.3081843280101921,3.6972125299619982
51588.13854161131,0.21212237120978117,20251.782183206058,1.3175271899604573,0.8447330343487497,0.30876485473729354,3.636229382299458
51474.15708441727,0.22159533021021377,20677.420915004437,1.380603135685274,0.8631590208935023,0.28223665355992256,3.8507277261143393
50721.59065096846,0.21508128689418735,19064.125296167007,1.2878365960169875,0.7921642303335032,0.2931572764129737,3.844789474616074
49393.04691330134,0.2147762782825521,20582.12607167883,1.3059964519532383,0.811846471519174,0.28971477831291026,3.846451784448999
51557.902291412385,0.22310654755277845,20007.700320325213,1.3119423490258817,0.8375037364302294,0.28420453572281296,3.9014492183559897
50164.12794399727,0.21184254897818755,20337.72936844177,1.3647101046353483,0.8127748974911995,0.28422026193165817,3.9906019890292184
49253.63551788442,0.2139130364662926,19376.24776808226,1.3638858448734976,0.8529126338477431,0.30402545597940156,3.996999285203797
52195.007809999435,0.2249659011671337,20036.343492768454,1.3147911166849768,0.8058796866061502,0.2957305457996494,3.9813288761328787
51879.71405746492,0.20515940265516266,20354.02794294616,1.3052219984500881,0.7928349917250875,0.3081055806321524,3.8668414758020146
50250.781714492114,0.22516860418402365,20860.586941734637,1.3772572345092478,0.8372091373373773,0.3094060322608423,3.990110473997592
50612.37543000614,0.2083179471271311,19839.361614932575,1.352815443186299,0.7985227439257595,0.2923418783054901,3.680405333094206
50435.223522657085,0.21859308645086162,19122.868672471228,1.3523913289991554,0.8533288008119498,0.29120004237570307,3.7660747370716203
48538.71146366514,0.21685845171559673,19066.89359434481,1.380037603469489,0.8436702475923378,0.2869421957271283,3.649706740759443
49006.23165139745,0.21876491695270997,20208.25371976846,1.3223341710876175,0.8163649451944213,0.29340791328530363,3.841684141783364
49854.616742587954,0.2120119740576852,20540.877237664423,1.3595572403248608,0.7818690166659119,0.28810353240823117,3.917787462228835
48652.44080105779,0.21758598618202835,20331.426709051997,1.3146821196576686,0.7941508651738619,0.29379334362204,3.705003851765794
51721.54396347694,0.22168974402965613,19641.389185119257,1.3671291492672208,0.8043865630170932,0.2930207071795037,3.7987745973776326
48473.821447835246,0.20466403576440403,20841.399250987382,1.306525912571996,0.853650579060645,0.28790889131159064,3.673218877154954
48629.60890486199,0.20605328042808232,19990.279684831898,1.3524895371699805,0.8313329691439421,0.284194577996802,3.751692893567983
48353.540235739296,0.22520823584447514,20855.356985269864,1.3839375334261799,0.808283809668013,0.2926172383484308,3.9342029235990204
48638.321489082766,0.21825401494693009,19099.32329343736,1.324077805590216,0.8052473200277545,0.29520238508165497,3.8411447514784713
49678.493420519495,0.20922161304753356,19365.528736405784,1.3117418113558612,0.8176764908160402,0.28981757437250294,3.929973637399338
49055.51143325206,0.21292505957717867,20498.680488894024,1.2823155827096842,0.8562293699122769,0.30044831961238117,3.880173733181987
52116.89821051622,0.2068734411424208,20776.304703381327,1.2976713222289176,0.8579861945824309,0.2933212585752867,3.977457833613344
49651.03695664792,0.21002143466004158,20513.688542182048,1.2695959558453704,0.8234355688165399,0.29310206085520707,3.6588762112707567
48424.08160062068,0.20979369265742098,19542.090721348926,1.3045152481653828,0.8334999829029234,0.3036441937090694,3.702917770565659
52024.40484339946,0.21138080263296652,19255.432216017398,1.298530315643606,0.8410454211774844,0.3043089129056813,3.7949802024476185
52398.741891780424,0.20752303127655333,20644.081492015997,1.3001420932469092,0.7838180301358996,0.3024373232844312,3.9187683375435496
49694.34986563052,0.21173216468389644,20518.28490923083,1.36289140025767,0.8291669449143448,0.3035330502689777,3.9773837990860934
48055.59611720299,0.2068656567676161,19492.80884679188,1.3251856300107823,0.7856797863924703,0.29503738986599104,3.645544060431615
48790.323479560335,0.2232592907416177,19406.982356108187,1.3237902226080231,0.8166243332544961,0.2966278667195651,3.688295370959715
49543.59923056276,0.20627698538637912,19592.941318092457,1.3572363125571365,0.820344529704331,0.29885711728234116,3.7979482604672055
50474.48037004307,0.22424587346131103,20607.475799776337,1.270836712020035,0.7837122833100111,0.28314068036296614,3.928249707425096
48811.05873890423,0.21282892933424294,20592.753478228948,1.3375719650683051,0.7872055936948403,0.2874974473671382,3.836352111714344
50514.21544691041,0.20526913143362674,20091.012286711346,1.3007422913612272,0.8578916064301794,0.29841389169754373,3.924390016069878
51056.07890216842,0.2116110303179559,20093.30012427655,1.2991532208694474,0.8258099577026133,0.289246318749407,3.7006318642808758
48608.7336700862,0.22007327241592353,19523.106453636265,1.3308568480226268,0.8120373493984839,0.3028755442811627,3.893102625162272
48087.08825427903,0.22133566638267682,20347.27145080591,1.3690761623838652,0.8118027705762032,0.2881332582248291,3.872408404648889
48983.379366091634,0.21596547681226044,20541.034596846745,1.2811801818337432,0.7943080526975169,0.28141543597542307,3.6382699984367126
49093.891509629415,0.21900380445415688,19833.47016702169,1.3437807723044592,0.7941627876674683,0.2889985724372231,3.9189343080874757
49620.83379856904,0.22346310296257244,19842.700145323986,1.3740819241064677,0.8107210121417369,0.2966627667652639,4.015187167412259
50039.29142330559,0.20542802348327424,19881.496504688395,1.2812586636918635,0.8095000096735225,0.30883769689709767,3.6847050054147714
47927.57898545022,0.21077871966391584,19509.183178612857,1.2943533361925406,0.8463754917479153,0.30057917897845826,3.7736450223573725
48812.411173491666,0.20524311846112828,20299.873760241106,1.3205403277017917,0.8219086371168212,0.30142750125243395,3.708773738658077
51505.073113848695,0.20845275041812666,20755.31073009526,1.3725063490055462,0.8201028764595109,0.2967413590273131,3.909049984793544
47646.10138781073,0.2197335647541053,20765.00916820251,1.3211868673216418,0.7926520849964158,0.2959839491302079,3.7037197052123965
52144.270697390224,0.21976769538023488,20443.157903540774,1.291541071085635,0.8548000180541067,0.3060838580756565,4.0133170166194745
51151.654314277264,0.22312268002975782,19472.220456631676,1.3254858754018908,0.8373660761292475,0.2918464084853728,3.6421555670133436
49943.0448690179,0.21677230873647932,20328.327490947846,1.3308083660550831,0.8505836382092958,0.2937629746710271,3.6508801089043006
50392.625305117195,0.20576971321081297,19215.502177623646,1.3094814614673518,0.8358789570402481,0.28639323354671203,3.9434672945714415
48686.41789885761,0.2240890082590655,19198.884160478003,1.2569002798565458,0.8628263671656599,0.30258955830802264,3.964692507689973
49794.24414089965,0.2214579999855488,19333.35119222276,1.3477852305328724,0.8624867064566527,0.2963774148312658,3.8523548424646794
52315.44269643456,0.2103978574130378,19243.2355384951,1.3218912987114315,0.8024375930191135,0.29079295169254843,3.924248923002369
50234.02859369484,0.2159387595060893,20119.66201246109,1.3053152516022013,0.8332521689015222,0.3009294347960095,3.8344683010965954
50105.67915402001,0.22542268909486812,19098.85657171053,1.2635274557568361,0.8417843514255361,0.2834720636523153,3.859875641606567
48657.97193354262,0.21963707844322236,20593.040813259686,1.30231841280332,0.8228494169464995,0.280445017595944,3.7086435291155873
49944.488719600835,0.22228784634259502,20394.691431670588,1.2858945891385092,0.8517908686751482,0.2978704113541399,3.8283170480732
50620.30044086845,0.2135651020616709,20799.586785844884,1.2818328853866328,0.7975625681580812,0.2996956939653451,3.6551350299174485
50895.67770432874,0.21436843138554063,19935.314003931253,1.3624502829359935,0.7920670336883844,0.2973601897012804,3.6571178409138567
49477.576078342965,0.21630533833745796,20258.99138240709,1.3069227098136977,0.7820796516753858,0.3070935724986287,3.763930044948822
49337.183242722385,0.21003546818591645,20728.296338533564,1.2620272800708032,0.7944380146155057,0.29901218148729675,3.877097250409104
52439.910015808164,0.22035389705430183,20026.858521065697,1.304494313489793,0.8258114358681533,0.2957540569114439,3.9770099098055205
47688.69433119776,0.2150835871294005,19515.499303293655,1.3573267308368748,0.8238751457027321,0.2879088808632597,3.893358888936314
51925.84004101238,0.21815640782486478,20899.535248170527,1.2767858157170295,0.813553266914105,0.2817595405870299,3.897901696399216
52066.43413819619,0.21086653001366523,19025.16890347333,1.3754541162985428,0.8074120881408607,0.3018425288102194,3.901911532356575
51480.91936792606,0.2072325796756801,19603.357923255324,1.2971170837769996,0.7821426133253991,0.28509659603209453,3.9417454894678925
47993.56139327787,0.2144748180766476,20893.66217966618,1.2985138941803096,0.8489444532493151,0.2885217116678415,3.888463597487256
48809.35591935358,0.21204287453760304,19680.740087484966,1.2819295320195638,0.8343918391070912,0.28790310971533506,3.8346297350410743
49176.784199813985,0.22119443871056876,19569.253489697356,1.3562990666757733,0.8187483310317679,0.2963893308104581,3.762605524413414
50898.63975688669,0.22102636014814836,19193.72020723835,1.264193452976668,0.8019382588925549,0.29621741979083605,3.99315789719609
48182.765686776846,0.21862301260645123,20779.452579561374,1.3804494845325985,0.8479685925775453,0.30349933892944525,3.729976728056813
51106.1374929087,0.2071203329827182,19222.779020334598,1.2758495125861995,0.8496628040188703,0.3059033638817934,3.831288678236192
48033.80930803621,0.20471345157487517,19615.07519419754,1.2927894989515725,0.8519852904455077,0.30348244563969673,3.9189696551542053
50768.7867433428,0.21628657517625896,20742.97238533777,1.345719756056751,0.8203048194721773,0.30884812174892445,3.7329202975680076
49970.86968319635,0.210717608888494,19949.29931180531,1.273595891702552,0.8617385254923946,0.28557380923581227,3.959255287110387
51395.258616156374,0.22444730884827935,20180.00004321904,1.3225966465288614,0.8510843824363343,0.3077026694031186,3.841601697295515
51075.18539200347,0.22533942817500746,20115.850271336854,1.3502372870955592,0.7883145173829763,0.2815819803431943,3.9839590985058178
52018.602802781585,0.21041233836122658,20345.51658362169,1.377650442415383,0.8014043884554127,0.28734905361599417,3.7698653431630538
51954.612521653944,0.221467636169458,19011.018023794953,1.351660918587148,0.8491360835284142,0.2805112233879087,3.9935988326152585
49170.81526368748,0.22351639405580098,20005.6259620386,1.3540049235395062,0.8152497032285551,0.30006200926222976,3.9906882370100107
50993.729161673975,0.21709682140158335,19016.485328607872,1.308756919570237,0.8202274957584764,0.30694199028551217,3.8605629279235307
48489.049133429646,0.22325635981806213,20602.64893405845,1.2865868529871591,0.8601614307481145,0.2971362811925439,3.674594368827429
47652.70473152318,0.2245402281357095,19630.772481931926,1.3237543477584695,0.8612699366709249,0.28483610806470466,3.776053422131613
51220.37130183731,0.2160568988795279,20641.68836296666,1.283890119270386,0.84483294453565,0.2950698392949473,3.7412160862322503
50000.11217795101,0.21991031672877867,19443.408786376665,1.3662294421050245,0.8291341144713199,0.2969981199090527,3.737485513763953
49899.6107057303,0.2166503034039472,20112.575048474424,1.342523437285676,0.8572306295945532,0.2858040173843261,3.7223463411358138
52023.611190336815,0.2048059356282875,20823.16537375418,1.3627746811704888,0.8226240872434466,0.28981379567227766,3.636155462534056
50549.33324211279,0.2138504160331235,19047.835648308206,1.3598212309735496,0.795512818633708,0.3013731016137449,3.9774039211251706
50588.33194794227,0.2181454920830391,19060.185430044625,1.3169187973891876,0.8086796082386687,0.2965613969028509,3.8092034960229237
51797.21152823106,0.215455863482457,18993.63297806938,1.295838249770097,0.8062466915246004,0.2844473113246091,3.8570117188064565
51527.44712264843,0.2122547222067595,20312.049635821444,1.3457792185965654,0.8277979658529935,0.2914707250026737,3.7564322397182104
50383.607578073425,0.2243983953263436,20146.763910633304,1.3853131787098147,0.7874033408911046,0.2919487927337257,4.016060258087831
48414.61234707457,0.22208495572732007,19179.989918858733,1.356658265000517,0.7875268767431536,0.2972638800229761,4.012185806535735
48699.66005284359,0.2225053378190208,20541.00947469806,1.364537629852398,0.7955763711243897,0.28082234432997805,4.004782477917669
51932.559665380504,0.2122594861578401,20185.11192134286,1.3482237975159863,0.8598241690143438,0.2972886118074486,3.890629706985265
47643.370762320534,0.21700346836719753,19092.57598035398,1.3335939409033677,0.848602576770215,0.30774978473785214,3.9135507340985316
49949.50694256112,0.2230098801399225,19090.71155027316,1.3544046712629039,0.8403205035322941,0.28340274701704715,3.763488085634696
48339.63572841128,0.22432028458290276,19223.83474029708,1.320567003125314,0.8617012097260597,0.30184841788266337,3.8357151376832435
52393.403248205796,0.21862198189876958,20526.33818271573,1.3692340235949934,0.864020524762836,0.30888042221520506,3.7402627157183144
51063.472358394574,0.20869569384560474,19136.83492355804,1.2639364583944952,0.8631175305954462,0.29821212339156666,3.9105736541822913
50002.35812077422,0.21830778772934564,19427.048240054577,1.3828949187021364,0.7942021253709546,0.3014801355592781,3.9333973188180544
49855.44187270969,0.20579910835124396,19438.577585670486,1.267995708811369,0.8607328056064919,0.28918119360902855,3.666673276813767
47798.0943378982,0.21299462867442132,19161.620314254495,1.3272056731207418,0.8255067797519927,0.2937911606253163,3.7204487197340743
50909.85952074532,0.21858902796396124,20664.913756656373,1.3081823249761964,0.7879473203811901,0.28166684408887976,3.71370529836802
47712.155687503706,0.2243251016802375,20345.408533528236,1.269090004528364,0.8075128603922642,0.2916178871026685,3.874492804366267
47857.227323003215,0.22168542569312272,20416.315555860245,1.3506123511204902,0.8555225551936384,0.2909206332173201,3.9131859977160453
50108.24921232142,0.21466778784445228,20250.308595787552,1.336017438165592,0.850551432043258,0.2887337296298548,3.9549611746321145
47983.65012890434,0.2205201080164085,19982.45977871939,1.358380098231636,0.7820433025924433,0.30434302570878313,3.6428812626633285
51590.74276929812,0.2132165202554695,19603.64432950232,1.3298005789405412,0.834539270339372,0.2935405787986217,3.713000417602687
51587.735460396434,0.22514339884926982,20272.74351257311,1.3621252608651846,0.8479519259296959,0.30404565935071565,3.815171876506921
51112.19796183421,0.2254914560764629,19187.043141820403,1.3311420911378349,0.8020242611516594,0.30356010158321783,3.780461835963385
48249.327212389835,0.22282917187417087,19247.395741292305,1.379656256506484,0.787127259674333,0.28859725725900404,3.7659186818944135
50798.026264541535,0.2126110011821172,18991.93050413899,1.3700688288751957,0.8035071066828157,0.28226512253943875,3.6600858484317795
50092.97471255269,0.21402694930284089,20876.26200194762,1.3220042516695039,0.7903038857319359,0.28187045648256065,3.9270132619699503
52364.87277381931,0.20955377474921869,20888.393939516558,1.359153540098146,0.8216600757438308,0.2990569178605299,3.789748780229637
50744.95746356178,0.22111509650001981,19199.601711757907,1.3174373476628503,0.8163241912761954,0.2927664246459044,3.89370067441908
51501.652876762004,0.22323100852003563,19884.983003415047,1.364434704370323,0.8132300853606498,0.30696317476802376,3.8465466547279314
49768.988543634594,0.2238948011477999,20262.604536592426,1.2975498177829838,0.854830768965521,0.29256096606699195,3.6553426576458166
49661.957518917305,0.2162531258578789,19531.42020543257,1.3838989573035338,0.8164618834711174,0.28479472066174744,3.7533286953065232
51626.568977010225,0.21712566420904342,20457.800596234007,1.2917016784187612,0.8052106796201114,0.2961799782812256,4.005125712310785
47917.34907429457,0.20745084948725728,20065.94551246115,1.2645709493157216,0.7858153081520808,0.3078941953548291,3.992125539875597
48165.85503803581,0.22359383991751838,19805.94622811917,1.3541866383356922,0.7998873603642256,0.29974817441499674,3.7803208282472016
48366.94306559503,0.21393346198402047,19485.55214426203,1.3647500167725637,0.8015341859593584,0.2918923945261325,3.8720323824580305
49454.68901161868,0.2086719552984752,20456.20346789546,1.3767908621290426,0.784257973483164,0.2878902209936895,3.8509315288158983
51656.89871419535,0.22359249629594524,20744.760768386233,1.2981499091541788,0.8396501885809158,0.30526340871913105,3.953505583580403
51516.8219580122,0.22064558909652437,20405.745847745784,1.361167549585591,0.7824784061577681,0.3081291542107272,4.002161307243675
47802.35589584947,0.22322345560910642,19764.126118635704,1.326052869029005,0.8321287719869909,0.2913714951998519,3.6645460135143635
49496.288853067876,0.21037642968753364,20824.440101306125,1.3161512535263764,0.8154357689322315,0.282234765444029,3.975496936626849
50134.37915254148,0.21872435870872353,19462.077772600915,1.363371108137902,0.8023383113371392,0.28560666217593894,3.8508985784950527
49583.997339653935,0.21853201794498808,20016.160665014602,1.380696849467891,0.8355474352972077,0.2972345546488593,3.710029706512978
50784.29945486854,0.20689052236883979,20857.235966400858,1.2650256486949938,0.8082088043728478,0.28573360843215534,3.7203999830677157
50639.86679595052,0.21300734609572147,19486.656335197993,1.3485654475792117,0.7903822158460071,0.28884772650056234,3.9057455190356203
48959.92039980857,0.21016866945328733,19451.418818076232,1.285983783230866,0.8259269908183909,0.29386909115457266,3.8640306015135133
49658.2558512436,0.21965839942374155,20803.207076877497,1.3076441031746815,0.7954188209558598,0.29048583450983784,3.860025507180501
47577.435628180094,0.21034276420502213,19089.321785368134,1.2903692367943629,0.8545570052037115,0.2896358886379236,4.006292710493338
52420.31862189577,0.22351827542226416,19549.803771188926,1.3649250091222704,0.836699412091558,0.2938174800985671,3.8582832088512458
48335.84204957328,0.22202144618474154,20132.709150641953,1.3864388803467338,0.8516192070845516,0.2872089001428475,3.673843571471881
48031.08172464332,0.21263557002550093,19358.08179498589,1.340782104821888,0.8446170055442487,0.2810686851088907,3.69940889989367
49362.048700277686,0.21495491327373,20221.08698177934,1.347942168980948,0.8482672336512137,0.29967437695070265,3.6747212952650194
48490.59201271487,0.2191883116424586,20545.248664371367,1.3781072524516729,0.8339419861128271,0.2849347051003399,3.6916187669934417
49948.438190080116,0.22218893352364866,19953.393599466617,1.3457889015999833,0.8403181674371831,0.3039285467160862,3.8926578362848394
49197.46706695379,0.21735703832802825,20250.87021121854,1.3300295526562993,0.8385270092693934,0.2923031032691244,3.8805218126790773
52258.15232388864,0.21660684895841276,20540.430196184472,1.3052599586191465,0.8082640089715858,0.2899080604269762,3.7781810473597104
52101.66019918282,0.21125990667484001,19418.080667302776,1.3387779499434567,0.8256046710974136,0.3022574344927555,3.6979814841388974
47763.38498840397,0.21406312891831256,20151.17368217741,1.3029325008465127,0.8537138627112897,0.302267381650181,3.784718847937981
51189.29047758498,0.2195966050395124,19176.862444874656,1.308796528677354,0.7863386151627763,0.28538167144126164,3.9418010319678856
48845.59713199278,0.22326470847343388,19981.452478125848,1.3036552334843619,0.8230329838248993,0.28371757165377587,3.788651048936041
49614.17807504404,0.21974839692256404,20623.992178286117,1.3168254762475662,0.8174664125556841,0.2853841069693607,3.924634073811223
50239.354506074225,0.20465017465661728,20789.476265457415,1.3214509686978113,0.8562724490614133,0.29875857033761927,3.748627024542452
52213.68492138467,0.21875769404325815,19946.464719263437,1.3752317768548696,0.8337140898224156,0.30508576253874276,3.8805802619828946
49588.72052158331,0.213677939721085,19506.334188917455,1.28221953801595,0.8627538810769334,0.29529744421812054,3.9743843349839225
52415.26233234928,0.2136631338520748,20254.277321692847,1.299679545504142,0.8300119879427056,0.28514003044532715,3.7158804996055537
49007.27474356033,0.20676629161937163,20782.51111358233,1.330791994664662,0.851034385398089,0.3013220058316711,3.8194824279235737
51005.49377950463,0.2217656563246495,19969.6297097619,1.319273775248656,0.8204333741417063,0.30700760024108337,3.6788903389885923
50831.69425792213,0.21123439193055593,20896.012010186183,1.2895891280097072,0.826721797733803,0.28669686336288036,3.6863078612394964
50195.63232521428,0.2095439044560448,19346.07148948414,1.331514296456107,0.796590269153492,0.3059433627132848,3.6601436638863754
50990.52760090154,0.2116183342541505,19174.314042658923,1.3709770890346547,0.8340661976442072,0.28649916033666867,3.6659971132426654
50832.639567012935,0.21232738101020615,19545.7218152704,1.2630015243769912,0.8611015072128176,0.30493161573819416,3.875585358550692
48390.66227200169,0.21600090655128362,19743.354978445645,1.3131897815456797,0.8257993317444774,0.3055993998307042,3.7930675088629706
48140.07199860086,0.2163312833167185,19791.907588280243,1.2660804819766778,0.8213222529633352,0.2956896354527341,3.880038272831385
52495.4019738068,0.21276017791541602,19573.89333851265,1.3293536889977386,0.8471687186330346,0.29433220243081276,3.963454349643374
48355.60533178216,0.2128098139099237,20336.71712600979,1.3261929276565163,0.7894803390625313,0.30650155241494764,3.927870165097554
47663.00410265264,0.2153303952130488,19135.78430737664,1.3564104486258388,0.8543398023774884,0.28216974791231225,4.009226545351616
50305.9989635483,0.21838690665506208,19754.666794978908,1.2857412249574796,0.7821687919727599,0.2952789556921448,3.934744303695697
51909.33250225905,0.22469467676269664,19541.385704039774,1.3325404861824626,0.8239488442880127,0.2985635394396207,3.993697691997178
50845.87652267197,0.2197804930580412,19563.961074157625,1.3155804478072337,0.8376875571046015,0.3018902394749176,3.9185235343814404
48452.16633589977,0.21285171452529025,19163.094455816874,1.368685659030267,0.8284110313352568,0.2870348888110818,3.7327102850277907
49344.582730319475,0.22213523379559091,20137.186071105716,1.342246448076613,0.8212271466271297,0.280895220333124,3.91090708393933
49803.629686302054,0.20713827434716722,19516.541394908294,1.3016974378429265,0.8082282070733835,0.28435017224614234,3.9010572779901533
52408.189754853745,0.2055500355967063,19262.167133774303,1.3008133099517818,0.8313600174131127,0.30295046968382006,3.9315991624895616
48282.024761132816,0.20606131162476518,18953.814041834295,1.2884661613157427,0.8570024706972569,0.3088580728367905,3.9216099786912504
51777.61402922956,0.20777381384408872,19518.27285707137,1.3807789680038258,0.838021216315818,0.29166043527283275,3.757495429295807
50723.82268435044,0.21122072828632205,20051.3676955843,1.2943423507557417,0.8597661646727954,0.3095561197990124,3.8309919273249595
49381.36105139416,0.21073712570989991,20689.94987204985,1.2758754428745125,0.7900050254108798,0.28987860729658005,3.9315025405310395
48454.61847618152,0.20450114130930228,19036.79558353832,1.3026773411936488,0.8239076804582325,0.28429625056755187,3.854866501816344
49641.26496489693,0.21585795951776693,20757.42035302532,1.3529192031698212,0.7909135623970452,0.2916002320854523,4.000688523236812
49910.11030515928,0.20630051289149814,19213.793302298505,1.348199391324888,0.8267250525043048,0.2968477570593174,3.7013107208921974
48103.05806648581,0.20740006941350797,20615.789251505517,1.347537856036269,0.8385370794854642,0.29894814509000156,3.9828488708954777
50447.537423475296,0.21781953595082154,20549.43440792363,1.2557724265170591,0.7939824181402314,0.29622738835470097,3.923524373036983
48630.93839876338,0.22272538884571888,20783.670783537287,1.3044010539285384,0.84584327339514,0.28954230602088193,3.745169261166405
49423.09562184705,0.22519576507163233,19226.420798599524,1.3740375713085602,0.814691916484688,0.28495013834034894,3.87575993812673
50414.93191373837,0.21652302619065195,19959.44097352711,1.297003351789005,0.8557800857351051,0.2847521788913594,3.812774246194338
48759.03061236157,0.2256822796133614,19760.39216783401,1.3338246541566763,0.8071197108240743,0.2842900478217088,3.6851863991720797
48952.2033213849,0.21615114383015394,19298.77646226176,1.2942887436045933,0.7868745093351996,0.30118919193261107,3.845899510369748
50585.45442196612,0.215332356779067,20099.991306873366,1.2714643997678445,0.7999124751882271,0.29396350174917424,4.006681217981625
48826.404549050145,0.21135966441879073,20161.904775482704,1.306251783829597,0.7886671507177669,0.28359149990823185,3.8048571654233867
51621.88133344417,0.21349503866545802,19380.319252129877,1.3629665509789477,0.8600675360813558,0.300925926142803,3.8618118959445358
52413.31699860975,0.21482383445248052,19989.764848837593,1.3845633105305435,0.7831973053885052,0.28555959105570566,3.67811831356624
51151.24396133799,0.20577729730412847,20925.925690230575,1.3688188572414333,0.7912872120509478,0.3039582083726704,3.7121334719464194
49219.38502057492,0.2233363931339534,19929.880749014723,1.2660227385248821,0.7828713385532895,0.2954117050916444,3.6980163622501854
50420.34666639226,0.20563962220759366,20338.77205631823,1.299561753923534,0.7996455091994338,0.2964289316724779,3.649762991426807
48038.84507621871,0.21362797654822613,19773.28654563859,1.28614266287776,0.7827904856213989,0.2863814204037815,3.7400217289003423
52031.540753248664,0.22202253439230618,19021.879596498995,1.2969320917458396,0.8347235745572413,0.30339537180058374,3.7237221248548384
51898.26862240952,0.21273249571101022,19536.698954157226,1.3849956343631618,0.8243983543234513,0.29578144416525426,3.7728650523936786
51588.80279685321,0.21743970995666312,20551.37626686618,1.3273739427349727,0.8020581184830746,0.2970951892249424,3.687062950896161
48803.63999527732,0.22185077580426749,19643.77147117334,1.3539260913607198,0.7977954060863927,0.29270020238281463,4.017812152384139
50471.78125332166,0.22330405333984604,19118.715309923624,1.3661586141570523,0.789328648581582,0.3015241111425725,3.8321744311060666
47612.56296370116,0.22426889999097524,19972.157210031004,1.2769961302929862,0.812172749061105,0.282407580179551,3.784078780822096
49626.29660107067,0.20835186993219612,19684.332648665313,1.3742491941871542,0.7824913565454641,0.29779842658892486,3.7312686504659074
49063.59443410308,0.2098095184055036,20427.761612250535,1.268836897285315,0.8314523185714613,0.3056783322520707,3.7752407536086956
48307.42372155875,0.22355411222406643,19999.35662706428,1.3533767980398197,0.8212597454354023,0.29348963128708905,3.788369321006579
48393.83093376184,0.21700727999830133,20557.51915053017,1.3513000329883873,0.8072080857906915,0.2995010330184818,3.9901453007179275
49614.42844550042,0.21508256175970722,20582.237802203814,1.3497277344387686,0.8431177780397539,0.2892024569985436,3.825267490555885
47971.14669443867,0.21742540615996453,19330.49560596245,1.2725763365174017,0.8509284455439101,0.2981694785531088,3.868785866717739
50492.6183437837,0.22186757820798533,19199.268446444403,1.313838726836099,0.803448147034919,0.28847761814303685,3.63749019900323
49854.62128179167,0.2156856171440979,20590.387975587088,1.3221607932434447,0.8241717924468066,0.30383708903578666,3.860573798114794
50979.74656650804,0.20859461457579126,20225.105751922816,1.3250277674171491,0.8186195107008709,0.3037369889789666,3.9331848690961495
50999.43924964146,0.21400870951213122,18984.65900475502,1.3685186214576432,0.8099316772802247,0.30839556365008314,3.8871540044366344
50692.65379135919,0.21345008477613367,20739.92948214127,1.344477460706071,0.8509113705630126,0.2933579758773041,3.837836033230273
47668.01918033215,0.225020134116658,19980.673238954358,1.3614012339867867,0.862709132873942,0.29372804297326516,3.9516733888839153
47844.030495590254,0.2175811836638697,20038.821267000763,1.3251271830554785,0.8334080284383352,0.2979446055795693,4.003973403540727
49097.99867590248,0.21920088396623708,20162.352205455813,1.3812238402808028,0.7967689465408184,0.30510734402838324,3.755716941983628
50154.32140347063,0.21973353915838656,20469.57025459116,1.2637580243815705,0.7919743004873684,0.2811704133620773,3.940694451495584
50772.22853878533,0.21170824659118367,20658.917009394416,1.3264845314261384,0.8295814248033693,0.28577446917767807,3.7447867779014166
49538.095985205764,0.21536529404129418,19716.322554421866,1.2921573313756414,0.8088884966221159,0.3080860347808839,3.6413502688655432
51599.9061139097,0.2162189345882602,19121.375131291366,1.3184769344338845,0.8039217384705648,0.3082137030933519,3.67168111100545
51091.79471602942,0.20761464721095194,20416.577231068637,1.3454205055161772,0.8271346782434401,0.29361303954049284,3.7614523000905606
52343.24665115547,0.21633420497957814,19614.81871858574,1.2824609331600503,0.7967065405550298,0.30416956025913905,3.752590231471199
50156.669532828375,0.2191882707158318,20627.800322074916,1.335288066593276,0.8376898808528448,0.3076519364209478,3.642547070320182
49125.7284091028,0.21341879401777009,19694.087999493033,1.2980378723709702,0.7864331627481362,0.30009515978916157,3.697726775322323
48028.14601664511,0.22222981404454076,20604.78946371709,1.371309915431995,0.7846529062828039,0.29123380224937484,3.8055647676444515
50554.793293731,0.21997482192248155,19304.654664778314,1.272571428424978,0.8054304688274074,0.29221802288394977,3.929092890303855
51394.011209120465,0.2119906674048441,19210.89212276416,1.268478069044117,0.7882192008708097,0.2931953056928644,3.8963666463824786
49617.26459481369,0.21401556599484806,20707.867746923668,1.3816493429039924,0.85596709948803,0.3002701514207428,3.909103205812605
47954.116428937195,0.2125573828197317,19040.437861293056,1.2751483541570399,0.851525669443796,0.29396957469793594,3.811608142014069
48832.35745389536,0.2209244248083865,20322.5064368692,1.275100280512709,0.814415984293509,0.3083712929597243,3.9874540195038994
48268.28358795653,0.2200368287722477,20416.376945342516,1.2754984968822805,0.7957764163353984,0.290713590473013,4.014118646705374
48905.026512669356,0.21350097366909435,19824.659012303095,1.266782118126638,0.8172762253872614,0.2902511154246138,3.99255644687134
49700.425695008606,0.21916568034387915,19710.278639230717,1.3149794845613532,0.8161047526654552,0.3066778713781635,3.812274985040929
50135.71370880326,0.2245720899741219,20906.916592493915,1.343311121020239,0.8418272346719603,0.2963403106186243,3.981963714288206
49787.12182843837,0.22111100086198243,19748.491878110202,1.36476495218567,0.8153027837746872,0.3023538696612783,3.7835450478653283
51876.85799302092,0.21941979494981798,19830.67289396739,1.3593400615863016,0.8601837537154249,0.2839338773745671,3.866424434557743
50090.26054180552,0.20660068614977342,19265.33173565107,1.3490991122403215,0.8569063672212907,0.29362042713458436,3.850084084633453
52218.11312274194,0.21263350912886442,19602.938396712507,1.3173801304160193,0.8601513982488355,0.2824551084344451,3.9593528744721334
50688.54549036087,0.21695445170371475,19579.053547703563,1.3485544949314785,0.8103258989895235,0.29981854810100345,3.74464485618778
52288.46969920792,0.214126671031276,20737.02882448899,1.381509657442777,0.8057370983828867,0.301007723436878,3.8895019890624685
48703.5351774008,0.2053323097148875,19445.31323763176,1.3217629517795584,0.854825472781697,0.30735904176509343,3.866134204156831
50880.61151931876,0.20916678305643474,19572.304636745735,1.2952475165334387,0.7991355345689883,0.2997221212978281,3.886878369706985
48945.32285837238,0.22218506481272335,19768.19347154413,1.35928405738024,0.7926211398806576,0.3006080951188082,3.754261774944699
50859.040827071076,0.20458636089297533,20364.981733657787,1.2861767178899524,0.8246884575268666,0.30543484648944136,3.7625700849533668
50975.702497758684,0.2228197835987011,19239.057002143687,1.2859014042753691,0.8563695843028452,0.2940531008191868,3.7076731177509483
47839.96384235005,0.20592848464019733,20690.787522813178,1.3163367905562149,0.8149782383896345,0.2937751211166189,3.674181539936526
48773.950782985026,0.21863441568675343,19118.396014023154,1.3367709964406271,0.7996071510537978,0.3040300735297505,3.7453180252109135
48620.20015412109,0.2150045434720437,19873.66698754442,1.3362350137621313,0.788330259471198,0.30458063346882264,3.77144199503157
50839.16363506858,0.2089368666731283,19013.126102203998,1.271148617395554,0.8586408266232706,0.28586786504404293,3.8406860018536655
51721.96078263602,0.21653973809618793,20455.135062754165,1.2713031250920246,0.83146632946802,0.28100735964538903,4.014841780696383
49222.31205650521,0.2068770667448535,20349.08512571159,1.2925270327501774,0.8129176058555969,0.28192604133461796,3.646433752331715
51402.59826365679,0.21868007400925604,19380.451931097163,1.3521403037817301,0.8365738576107606,0.2844665996186411,3.907187902377058
50876.660328735,0.2171410892846405,20308.90984761922,1.3092838004040592,0.8470472587637545,0.2853068527578563,3.9820535906333343
47533.576571592384,0.20545348738383748,20064.29889797641,1.3644585080273497,0.809296402288877,0.2987124210492541,3.9670029041520225
50510.85243790898,0.20546137489868216,20649.604410667256,1.3784785747301707,0.8388558245346718,0.28112069862785516,3.681256099902571
49433.85597260492,0.2075287636955531,20066.838156146758,1.3076667055432059,0.7986240302307233,0.29418380182483905,4.0012338194878465
52079.95622065713,0.20467185293546006,20751.53845977489,1.2618471233152488,0.860752128941738,0.30026406172583314,3.8043827326935933
47505.75528564554,0.21360627423248446,19789.437819506304,1.330403684105702,0.840433811162145,0.2836362745903751,3.9708034352290484
49812.245796211646,0.22214276171858058,19666.96606381413,1.35371720378756,0.795586412531836,0.2872138857578913,3.9666669937580505
49621.745199076875,0.21752388868626282,19928.030097172075,1.2972541740255668,0.8182905613479577,0.28877787776346137,3.7715661251398034
49804.58183014482,0.21543278242918096,19463.14447129937,1.320066623492634,0.8339453706762211,0.2853463106817956,3.877189745444204
51350.79864304305,0.22282316679307262,20806.19269163983,1.2842303288662729,0.8583862982220387,0.2897993306201338,3.9665129979831275
49112.35903593389,0.20635050524047102,19883.67984434982,1.379028061404897,0.8254139387814461,0.3038827479202578,3.643683536796992
51423.696473803706,0.22377312236851554,19459.245661861107,1.3186625287241922,0.8334088450909231,0.2890891941268998,3.665049111581986
49856.78576855306,0.2065723589239403,19812.780802319758,1.3262834830760484,0.8378813973405115,0.30313095883286256,3.7798186113255614
47678.81366634559,0.2153654302990843,20354.047372448425,1.2841516428708497,0.8578291561559113,0.2965567395017765,3.692746415038986
48379.372078417655,0.20732785447479687,19755.14808663327,1.2676243347405738,0.7944282499073773,0.29661340578800177,3.6486988819871393
51108.790166955514,0.21627646730666458,19315.27095693805,1.262897851514297,0.8152408213227056,0.3018040949559387,3.935016963061409
49867.4299648266,0.20434846191486744,20660.72097671263,1.3632071223798738,0.8075667747047606,0.303071932263448,3.76088669067738
48263.60600219116,0.22073366297036198,20117.981442950513,1.3568622840543096,0.8389578842738504,0.30682498958649335,3.94849819137575
49205.623035245546,0.22249724836885307,19697.789671446397,1.280801406067707,0.8551536119807005,0.2843259311124823,3.7020940105211504
50536.94606884174,0.22396165731045536,19394.780620802954,1.3731951082164724,0.8222322205253871,0.30367526608337286,3.894400256278173
48458.72627730899,0.22546981790784865,19389.393264835107,1.3453460493162095,0.8481692748250076,0.2858376945395508,3.97074230400557
51192.134199884706,0.21511036168867467,19994.353723835873,1.3417194201728102,0.8087159222363263,0.28110474428420523,3.925413399276048
48714.24799159085,0.21008556492497657,19817.178313408083,1.3857793567165588,0.827105053643847,0.2840079221780641,3.7235277609719946
52087.12171024691,0.20641613600630657,20431.401456655614,1.2594006858712854,0.8138469507614939,0.28419520274564397,3.773017723100413
48845.30793343009,0.21516874986283505,19093.04701649518,1.3109938570230304,0.8556590272978585,0.28403517331125383,3.7746328988049895
51327.500083107196,0.21684059620259039,20642.930205612378,1.319676843177706,0.8374946826667387,0.30784016389431285,3.738000478687788
48443.30988395745,0.22065207256208094,20308.861067943024,1.3320309405487274,0.8500270688476244,0.2883102866270949,3.764735767124667
48937.490865330656,0.20603369695587667,19225.119786187668,1.2659499336554887,0.79091031216844,0.30805903805166257,3.6689298403346062
47955.56731843267,0.21847431815127835,20665.01236621448,1.3421564266200652,0.8048304096339918,0.2990754397934141,3.808461878822166
50381.04690331504,0.21536504881618357,19351.169078710813,1.2618595196637687,0.8450264564369016,0.30598965921599763,3.809649923416154
50916.816216473264,0.2079275323767971,20164.143143919602,1.3285073135588366,0.7996314578562654,0.29107866052686765,3.6467618895712
50232.965572951616,0.2244289940831346,20035.874742390504,1.3490085354107262,0.784653313148537,0.2872179561972759,3.8794688866657645
49628.64420935594,0.2169453883085653,19276.337760604845,1.3194029935968554,0.8177782211841917,0.2857758880243405,3.658404877775155
50722.213907156685,0.21372364563635807,18963.777870913058,1.3365350453241798,0.8589538833666305,0.29634665331534826,3.7004013528424236
50738.08815086342,0.2245012570016926,20491.61286859499,1.2831900176260642,0.8034199216391626,0.2877759354239863,3.8976769374192575
50895.08377046601,0.21835214713552853,20478.251174729405,1.340241509258305,0.8287400546370204,0.28927179643033485,3.8478829105193655
50678.933552570415,0.21396683274909828,19792.533357961955,1.305232846678699,0.8114412155957602,0.28070868424674805,3.6379599135404064
52225.870565547004,0.22230349454547288,19065.842296042396,1.2686504661886877,0.7840588191635935,0.29758089876795635,3.745900187910106
48544.67461213011,0.21570140530319845,20121.065255492285,1.3048192716285587,0.8230344995228104,0.3086454701717024,3.779779245833404
51046.40851355273,0.2161585719145124,19299.939712645893,1.289673912671893,0.8499133268938347,0.30532050638862845,3.691712883869037
48681.152884968986,0.21887140889679224,20406.078267829787,1.2868238294314613,0.8031642532089028,0.28048423876400125,3.6641740146407833
48096.981238986526,0.2121445829643234,20018.410644632353,1.3372382670544734,0.7856263360462473,0.29895375340466174,3.8119762987321284
50536.519703428174,0.20939474803316122,19457.36325406407,1.3240287573810123,0.8021346130172621,0.29084908848760554,3.777399928991658
49750.68848482948,0.2166968550878705,20782.02821282974,1.3095387063118806,0.8362282555029706,0.283614758650726,3.9512081622959405
49793.62746824434,0.22288807167545893,20465.098086782255,1.2837203278929668,0.8089604175789261,0.2962041288284642,3.84136489557532
50809.72375952826,0.21299570034462734,20722.126310794887,1.3683649328216616,0.8361265411747826,0.2925344308056984,3.9485134049440145
51351.4275740183,0.20667122553203848,19089.752351351915,1.3686891902608818,0.7829202394271928,0.2955044056735623,3.811837742337174
49251.09006720553,0.21379268548962957,19318.63875007804,1.2924583434277142,0.8409469846045439,0.30639062485298185,3.641020740764072
50810.04799179567,0.21070396462609883,20422.959945900246,1.336243395345651,0.814039078238691,0.28465717929409345,3.6375570726083213
49580.79294984898,0.21287981735701159,20342.446131036195,1.357920563193589,0.784607482870224,0.29307295741851724,3.6992649901900783
51709.645763456545,0.22216731661424238,20502.600846883528,1.3810853298385062,0.815265067625805,0.28199164484315453,3.7756947936460175
51664.58409537608,0.21292801624963253,19953.797321211718,1.376429588826489,0.840802118508737,0.2914903866798901,3.910509149337305
48782.20496114573,0.21263878266980804,19801.36617186524,1.30578415443942,0.8576759869365465,0.3015598993171645,3.696661425794853
50567.303684064376,0.2119996512076473,20171.91807589473,1.2764351424672686,0.8628344956698443,0.28305601725372953,3.742335841844621
50411.245822636134,0.20726549022429305,20659.764923266663,1.3602008625523723,0.8627855378333655,0.2999321167245189,3.8824679439296284
50203.696685622046,0.20984279917341744,20290.740232415545,1.2699852494296688,0.8556159914527528,0.28899381635398924,3.745563027887666
51849.705161790036,0.2061165246686154,19997.066129198764,1.2759306898550227,0.8530973741511415,0.29790760153917767,3.7588529526300607
48823.89513237815,0.2134820427473448,19548.636743163508,1.3019548941569454,0.8477690880134935,0.2847296336991612,3.695128007437828
49090.3703774053,0.20978157987255197,20356.918311909132,1.3669389063566755,0.8275247594774252,0.2931231246471049,3.784008683940397
48096.072705270955,0.21064744075924904,19713.81369759782,1.3319353961222453,0.816323177740613,0.28062412786548996,3.9784470703894375
52199.147351724605,0.21338445585164945,20085.031570613966,1.3323840695782108,0.7923121822925233,0.28700617693039315,3.975398380357477
50727.75937486262,0.20681295607755767,20723.7826058459,1.3772531983402734,0.8357252871558051,0.28802854977966535,3.786285820525029
49897.31612474444,0.21489393886170988,20634.1838315456,1.3309178391641658,0.8529543122625483,0.2953358643457724,3.8941476779204187
50696.58480520054,0.21943775539205757,20745.603118885218,1.256268013874243,0.8044494511897172,0.28659500419929973,3.732172372271438
50223.580552633815,0.20948682751264044,20825.811167435877,1.3618687394565405,0.8509954920471465,0.2904602388314333,3.999210296037238
50736.55740146564,0.22112900676158112,20579.2931360978,1.335373584301992,0.7876731566033672,0.30231060418827893,3.8747158677218883
50219.42966999819,0.2058429259025099,18955.208868428133,1.3183465971776993,0.8130245877776008,0.2924517738689657,3.7148489771978412
51105.23310289906,0.21271849368010648,18958.665941627143,1.2904109449102499,0.8039203444043711,0.28189470056570487,3.6776150301536963
50112.47652888551,0.20432297364373259,19127.000288555908,1.2890445323258581,0.7944354130139847,0.2917558301701218,3.852200645894091
52468.52312060426,0.20899455317656002,19472.65106565262,1.318491359696222,0.8337812654276308,0.29424727624523445,3.740637390728808
48593.38316199817,0.2042779622270628,18997.98334792866,1.2849818100333785,0.8078876473764877,0.30459696113607665,3.662884945034408
48028.99136625114,0.2083173629263868,19798.54921351773,1.2613703635977538,0.8607849054632108,0.2892074853485448,3.696288547186718
48048.48732261597,0.20731340717865088,19632.92461297391,1.2773068437010322,0.8228908693146175,0.3044928091099118,3.654601417354019
47817.95685487553,0.21001363398115258,20032.501096948872,1.2890907572538581,0.842637480926502,0.29693755301710983,3.89622421035582
49522.89997928813,0.20801017940471933,20800.20731975323,1.2810939186031687,0.7828997915498339,0.2818542576975573,3.9348279494060856
49741.86456033248,0.2072309528892408,19548.006396883182,1.3349620537785771,0.831670567414905,0.2879204183326411,3.9446286606064898
49329.08088419086,0.2171260406229091,19626.979163733307,1.3637612515546875,0.8292919437558491,0.29762855476046685,3.737086010115042
51317.52320424407,0.2236227449721786,20667.162813877545,1.362032236568919,0.8482972769603445,0.2944021416554343,3.978510699281574
50639.481898070844,0.2244466649665111,19631.75422997704,1.3609255098175543,0.8357538714629794,0.28611019320104225,3.868326275886844
51359.90192777123,0.20900546580269017,19228.050204084924,1.3484917770233313,0.8541281969196511,0.28730087353632433,3.6411612009470917
52164.2678513941,0.2146274345710229,19965.558915928443,1.36847381455343,0.8561152917638899,0.30326570763732974,3.767309802150481
52363.70427001507,0.2123342389923822,20661.529671398923,1.3581312648279826,0.7943787641041531,0.29846064261519345,3.839883494205281
48460.14174713888,0.2155112707947662,19719.205667675815,1.281871564023354,0.797699341144177,0.2845017995884246,3.8758947382376254
48194.37101414578,0.20994476076129467,20340.403399023395,1.3861706433158745,0.8469472958831936,0.3013758945950408,3.8066163649475184
50981.331685414974,0.20571968024012283,20205.168834692144,1.267317800177842,0.7868460300776323,0.2920944396451425,3.9460601299001663
47969.10013387433,0.21363103216582222,19851.024367932092,1.3408967096502107,0.8139327779389194,0.2938903683438403,3.6910756715176394
50127.02201929668,0.20798784030334752,19897.367794487276,1.2833748191001035,0.8065371898057162,0.3011148191919099,4.008717201855132
50151.72109196432,0.20481130282533044,20847.164175239548,1.2871656367930002,0.8422730063111977,0.29208571110868,3.954729977241499
51805.69905696666,0.22477558289272967,19119.077635769714,1.299822759050368,0.7904264215842266,0.2806743693167874,3.7658067142700937
49924.26666776051,0.21350782517697747,19510.758695400425,1.2810876151807653,0.8470789626257067,0.2824518930267052,3.8714846905073497
49467.28180607633,0.22492350932172878,19844.279582122734,1.3219026890536005,0.8462685919884799,0.29768651116092204,3.751897485744297
50857.15569837013,0.22064191140606434,20124.70467167065,1.3805451295207323,0.8256663301519028,0.29340704484809044,3.6697940223133014
51206.28971727103,0.2044079962137112,20703.38010613697,1.3070776135378859,0.8027008977318889,0.3075853077732703,3.8352379255398046
50100.262336951935,0.21887083076989297,19888.355537856893,1.332157805406022,0.787689562346459,0.2830493539957096,3.951489069648397
49238.563356387625,0.219427941216351,19825.149859024932,1.3350735701902976,0.8333536141553766,0.29132485411757625,3.928004718396467
48249.98626915841,0.2181202689120587,20441.138955249815,1.3493543227423133,0.7838812849916166,0.29635696648879023,3.998311563133757
50430.46033615731,0.21612466165691618,19885.981379286455,1.3079929523355684,0.7869560971335342,0.28354451203343567,3.763298541453573
48810.72658863904,0.2089393376903405,20669.85056536046,1.3683830839980067,0.7925170661415053,0.30693166541515715,3.784802878963259
47722.27046139119,0.2208558735926804,19883.191464701067,1.3765460661435192,0.8189355381492559,0.29893167145871996,3.6932130091283693
51274.6663361559,0.20915260895740967,19946.218451809804,1.354135817302042,0.8371832399548281,0.30695964348285903,3.7633586817861473
48713.92678910481,0.2122235914579282,19924.924155558812,1.2926766642562453,0.8523079215952489,0.2988513117151484,3.8475428876473003
49712.011565009714,0.22340496965205245,19410.290205622292,1.3602093655800118,0.8228720584161529,0.2806697341677395,3.8462474927066475
50938.98042560054,0.22266210351615762,19123.17670365607,1.2738093661601126,0.7858649646821733,0.2895860947096289,3.6970431339009404
49296.141052009305,0.21290232132098905,19086.92971064977,1.3216010801793525,0.8076784032175307,0.28355018678092203,3.6804601400059536
51181.700371506005,0.21108741102617978,20724.83991493513,1.3356218783907592,0.8346562451033986,0.29881916236573086,3.78817525109802
49473.53737639382,0.21733566175865227,19417.66953291097,1.3479215487399372,0.8465696207694796,0.2820409287129768,3.953820275894445
50917.079334839895,0.22381919737393136,20671.383541168812,1.305589204887722,0.805647085588401,0.3001328502001162,3.7064499612962725
51020.23715167133,0.22379561103771897,20372.4115105508,1.351209081973274,0.8228245372795441,0.2943344530543014,3.827300709400306
49711.52706691685,0.2169692797915099,20693.761921120495,1.372160306231684,0.8492071688949031,0.2892636011766698,3.6839905514574864
47597.8881177666,0.21140028525771434,20823.814003804662,1.2623275632396114,0.8308290584751552,0.295481822976874,3.9665433089850355
49154.28940107035,0.22259086802801326,19231.180110702262,1.2732083788531237,0.8259977453139679,0.3011073333707995,3.9290453049105905
49621.54748416569,0.21376155470038505,19738.330788977753,1.3689608836896228,0.8090808594730211,0.30425152400744937,3.851628098056614
48851.35211716033,0.2236936427816858,20908.722845281532,1.3106627103447803,0.8157321056204913,0.2895663460302581,3.7847381986430535
48485.26899047728,0.20496335722797074,20238.864081840824,1.3092846024564546,0.8471967136085587,0.2894334143462776,3.8232256837511316
51608.60592480655,0.21569716937375286,20740.8375100106,1.3816525710891185,0.8100960365479197,0.2904268176976134,3.975068197472006
49649.60704691633,0.21965469294984422,19914.549658846412,1.3540574032017387,0.8199225343701102,0.29990599434628773,3.9820119773597655
51938.85477128177,0.20810498964216848,18980.6156850021,1.3845397187937045,0.8121218878599124,0.3056516130808503,3.8263834532118355
49455.914977305816,0.21148545790472284,20195.146287147418,1.285797437923161,0.8377786619934302,0.30272248800053514,3.838185153857952
51345.57193694148,0.20828582839436824,19413.535249406716,1.267661555155615,0.8285782143229574,0.3060872085110278,3.9837924652072014
49483.957585068085,0.21117143443843286,20004.730755739383,1.3057533085168165,0.8354912344365436,0.30595144717272016,3.857079625662907
51542.57047943673,0.21293291929144945,20398.858962907692,1.321036003979508,0.8222686614857303,0.2853473168901316,3.9325429591694485
51275.385495035414,0.21604417544692472,20164.294503334146,1.3302808002780449,0.8146431127332415,0.3053316074757591,3.8887657251096113
49386.977724175515,0.20529787974481872,20126.291059361523,1.3839630339296465,0.8211469504005342,0.30855785710066125,3.8153878253426745
48580.09457980697,0.21613374086334727,19817.20250586595,1.3200561694120971,0.7873301613689171,0.3029711061795786,3.7197550681147864
51452.03608983457,0.21015844520400626,19439.624922546514,1.3079066266503825,0.8156776444952107,0.30606295284381113,3.8662610929836245
52246.51955924898,0.2094422874472834,19808.275905787126,1.3863882135864614,0.8616062681808033,0.28223869755286557,3.706165918068383
49137.827170376026,0.20947762135724082,18972.804023765944,1.2894278369024064,0.8461033408422767,0.29933037037040616,3.7112369681260597
50856.3218522587,0.2075644281571566,20167.098790843498,1.342839394288775,0.8418481722386104,0.2898108494176365,3.965534394459227
49693.22491293478,0.2248129517616725,20863.66050045373,1.3823282989959933,0.8448630456975132,0.29914023391829525,3.683735968849864
51667.502977944874,0.2243667195736069,19142.915814481454,1.3436090519055874,0.8441166001579101,0.30620265541268327,3.8827135638653836
51344.271262148075,0.22185236039997724,19023.503173943394,1.294470998534986,0.8512511470928174,0.29127231142793497,3.8030116790827013
48336.267727473605,0.21990762972819095,20720.539047094873,1.325111814192304,0.8452339087510359,0.3028687579490177,3.8700939593315584
51809.90239351036,0.2080299521579239,19445.148023289705,1.2551432854402769,0.8623937944346081,0.28520855643022597,3.9178845201272834
52449.36076815752,0.21199797600641274,18970.28553722541,1.3716985017220396,0.7910148821221824,0.295581878166014,3.751715044429373
50072.117282528525,0.2083089844117945,20578.265941538837,1.308369107550356,0.8144471322615382,0.29875994047561616,3.652093743872993
51921.40511563478,0.20427576553206092,19232.79637591479,1.2947392579784296,0.8223465915640934,0.3013104537310831,3.9553987319763912
50440.130276542484,0.21105301954524966,20707.833548366587,1.3805218282250564,0.8030911870848418,0.2892886851076624,3.776984240315388
48273.76174328022,0.21929176520753668,19142.776688250597,1.315801626322541,0.784892320013704,0.28802876972807595,3.8887445525720423
48499.31411428726,0.21769298637384937,19655.857401991037,1.2929482362086124,0.8620415828856738,0.30727210346607875,3.9784420126230167
49534.774185694536,0.2159258367698928,20136.374032736047,1.26612917895594,0.841634858073513,0.29839351078074106,3.740547712522587
51243.52859107846,0.2136892998728349,20119.937368764793,1.3318561543757608,0.794027505540748,0.2829986642705031,4.017545747166952
51627.919078930776,0.21042968625087466,20284.525119548085,1.2751703749322323,0.7940217220716825,0.29876706746131176,3.9549570390572564
51449.81514972266,0.21503567079505384,20245.31409453613,1.2646057578449894,0.8398570233564804,0.2859148266752868,3.938497229190296
49092.62122699496,0.2206232429918974,19817.071289340493,1.3316426070193548,0.8132057668937271,0.3031704583568979,3.8869356834145177
50170.320636853634,0.22064177304895735,19231.31872440302,1.292864648791658,0.7881386618548538,0.30575276490980374,3.8437136644732974
47949.75339385291,0.21663520188217597,20452.59936841029,1.3027596431493937,0.8156621602315857,0.2900906575489522,3.7836329448516914
48058.52872096602,0.2203247510092969,19434.8646532065,1.3506993420536426,0.7936181226015365,0.28424471298019194,3.9503182198977633
48181.4627446915,0.2181289918785984,20250.166348343733,1.3683329726804234,0.8476011259196695,0.3028312811707472,3.863484518479839
50893.26152400094,0.20689921964397687,20662.961251364763,1.300909662208718,0.858409423826261,0.2896491051387998,3.9347841334298326
49975.885095448306,0.21509455399199448,19120.819089735072,1.381996594463547,0.7822384130292613,0.287695195575674,4.013633052674467
48448.5520300879,0.2117161182235151,20891.81787761712,1.3809164717119633,0.8353483398510892,0.28615220103775957,3.937314729429283
49975.02912495111,0.20623117522330972,19015.262571440435,1.2821675374792902,0.8376932215446199,0.2822857906445517,3.962062823322872
48238.041109883445,0.20742876356269915,20619.132078137492,1.3564351458832495,0.8027231598792585,0.29653136668612884,3.8214940297306854
47774.87073453094,0.20851064857292761,20619.748129600866,1.336261761326935,0.851243789129274,0.29216244288357446,3.970036448948374
51753.56337144504,0.2187038101053347,19051.96571518446,1.3763396605924512,0.8060428071177991,0.3023784161240825,3.76341327873576
50302.79763677443,0.21352749043239064,20041.542986737204,1.3345451722057742,0.7840606096157594,0.2946219133219927,3.7142247312798062
52148.04433378331,0.21917968405821792,20834.12383011268,1.347702459959038,0.7895291795064063,0.2916011906200401,3.8248404498580233
50983.33600277614,0.20977086811030818,19593.838774390628,1.35318946158246,0.8475159332196724,0.28206155105164127,3.6475936688606123
50413.9548258792,0.2044598109725309,20561.4012735677,1.3058220107631746,0.8403984361379786,0.2865538989792752,3.9523627285317544
51576.986057387105,0.2156940860278091,20152.290516729354,1.2881736505500094,0.8463243783102177,0.29629426425171007,3.7367813214243046
51895.06952298589,0.21025692725293874,20527.79282792046,1.2598059613139545,0.8331988336029033,0.2923640160616724,3.894928994493134
52444.55808039795,0.22459394830067841,20546.87414491341,1.317317431688077,0.8497816923640649,0.306828414578486,3.939461881364085
47502.61187678472,0.22373853022996504,19051.38170732853,1.3401640545863156,0.7847323587528174,0.28191054134109705,3.89659164703499
51827.192955065126,0.2126927183834434,19517.481274512687,1.2918019291271101,0.815220590219736,0.29333352279930514,3.884695560172636
50562.83234741999,0.20478438752766473,20256.14636384003,1.3233594261941248,0.8023977385598325,0.2961154695517376,3.7264806795012304
52449.75102854415,0.21868589112630787,19929.3624139303,1.2874025629590384,0.8214278100671476,0.28420478771020163,3.818352311482578
50138.400346692215,0.22224916866060668,20893.340212836552,1.2942508298414825,0.8543430601899364,0.2962079431142582,3.994017652799776
49897.616926051094,0.22513724222369216,20445.73737040428,1.3408776277172503,0.8049503604880903,0.30554236167803916,3.7279203136645878
51506.73802760976,0.2054740570368578,20085.34309372892,1.3727030556593145,0.8311594285160971,0.28609151221823326,3.7156778816538347
48639.21467853021,0.21393196197376924,19548.93350609711,1.368702164252308,0.7840084112106982,0.28484046848807376,3.739925044986258
49990.47145598195,0.21677311148733017,19463.439013218365,1.2826797816402977,0.7946228502339078,0.2820606441505091,3.932555326778586
52004.26244266002,0.21901271301167052,20721.194769851038,1.3076703057229244,0.8504808646599561,0.2997516826735012,3.762481148421725
50373.306095650936,0.21971780418081396,19843.86772125169,1.3722393473917271,0.7978897241246664,0.2807987779369743,3.866446688239785
51725.890925270185,0.2182258761663959,20580.394570325934,1.288837350372496,0.8501415552890653,0.2888375366286564,3.706072488395012
51193.20145997701,0.219878662844622,19148.682916980553,1.3826644919369373,0.8096735608981247,0.3089778028847525,3.6691205019806965
50429.93517913238,0.2122877248155596,20667.38893968317,1.3367406863285696,0.8370828920263996,0.30280689340095845,3.753871916524474
48733.672629929875,0.2167540147890766,19007.619871281546,1.2767921757587375,0.7861597480588634,0.28743867594117556,3.724007165302431
50832.08108659734,0.2067465480247571,20746.317086341445,1.3640908917080097,0.8422836361634983,0.3003724238009605,3.9835958847808364
47917.41406801312,0.20548956876611973,20747.87132354972,1.3415670586696578,0.8229573503146235,0.2843167080516424,3.994195639158781
50629.79892585792,0.2253149523154837,19998.091489186638,1.327136386354158,0.8594835848529888,0.29882944417725366,3.6478500323528764
50804.72278973671,0.21037371012750328,19192.298027731034,1.288150598340962,0.8056982698670505,0.30553193343346563,3.862838723455908
51148.759276586105,0.21704194742440633,19307.199213185446,1.2602546583997474,0.8128409231415143,0.3067940508314756,3.652418965613273
51953.760581626615,0.2249364621667421,20361.184651044685,1.2857788920009865,0.791212066263871,0.29052686786584,3.79826031814367
52411.51611441803,0.20824423266328443,20611.062713992163,1.3026530188786056,0.8612572132082267,0.29459615070196543,3.8352591554503817
51345.14542667948,0.20840035604350607,19021.99347203262,1.3386294101251335,0.8174457019815821,0.30029576602387115,3.9572478966043283
50407.23243937699,0.21159534824987053,20464.388227219937,1.3852135585109306,0.7888095514417348,0.30102159579048954,3.8748488582030287
52141.56531157094,0.22430730476008873,20861.93879511232,1.282315392955749,0.8408324687564023,0.29384607967400844,3.7333168312082696
50400.45182879221,0.2126493520372783,19636.52667741871,1.3549607886795172,0.8235586013357208,0.29099603276726305,3.9818753359422407
47584.9146916863,0.2101241592219992,20225.796200302288,1.372033943282182,0.8088516211047719,0.2885178241148695,3.9292959405709085
48104.29785549279,0.20751686221670715,19636.796594880798,1.317331564439548,0.8438650368120483,0.28249803078939595,3.8509820874686143
51813.55359349835,0.21278784011898422,19384.36043538417,1.2759424767942067,0.850653279364856,0.2933664366458646,3.978990657322989
49921.48255606051,0.2123065330394517,20520.970250925937,1.3620726357841941,0.8027308557923889,0.28513833574825814,3.776513989997516
51724.278372881316,0.2070689662014246,20395.064469293215,1.3178966741339089,0.8258331788818433,0.2920130947175768,3.7648996563583754
48547.02542010468,0.21360337543475597,19508.783615050976,1.2703115830097207,0.8176640986729501,0.3074072477918586,3.8724859447503737
50261.45670769388,0.20621753309507113,20114.45070026544,1.370632692948851,0.7948290511907461,0.2953343643729531,3.6689048848669996
50649.416925322104,0.21746447959727833,19792.40653382972,1.338858120727063,0.8312696030621923,0.30721719874664805,3.7793529053552355
47659.95507881283,0.20448605048425245,19136.177069974965,1.2678008662150042,0.8590021975506668,0.28296205119585466,3.7073607345034594
50573.567095585706,0.2165750982401625,19000.434513388464,1.3749548521692554,0.7907185310331909,0.30954459664259504,3.9458385642585827
49312.057311365264,0.2212291919475539,19932.335879002672,1.2595756164415102,0.8559184720781864,0.28309479187526937,3.9124370842670046
47747.662895210306,0.20931038562274368,19507.642705202998,1.2602009345923004,0.8271532687749755,0.28948785105594477,3.8938477574503167
49947.849945886606,0.2138824238394771,19630.315542481374,1.3855398184309895,0.8170214553253903,0.3034185657756244,3.985430688376589
48462.551980310374,0.21649120094062604,19525.762470982576,1.3455945891566106,0.7943909423388558,0.29802080760998895,3.9498317354232846
48115.41873772973,0.2055701310092532,19293.45195432271,1.304710642360694,0.8022230360068581,0.2939942964267563,3.8456469183881805
48527.4708545384,0.21492021104125753,19749.030311991453,1.3215712337947294,0.8186684517218095,0.2890448747125757,3.641597768079573
48232.574553074446,0.2180597775435839,20344.310889073506,1.3558077792338252,0.8256980769224589,0.2841785971432716,3.6718864689943236
48445.36087236307,0.20900721319773274,19358.834492072383,1.2614063606545733,0.8110377883527725,0.28895276415989113,3.832647998145882
47713.262054555715,0.22224671357893544,20281.821344536573,1.350845043436049,0.8454773490500167,0.28516549894658705,4.000165105651468
50675.98958429941,0.22512811747601405,19836.416848369503,1.347595436540798,0.8544123580236684,0.2896045662644772,3.958289519762725
48909.33427940215,0.22244701708540324,19816.924054823514,1.3155694780898317,0.8422657792930852,0.2834902705641503,3.993479186531764
50192.9833902267,0.21512898830164678,19302.10268757722,1.3318711442629885,0.8152993705834349,0.3047965948615053,4.00817518767138
50975.81519722166,0.21024582563962246,19337.938611961978,1.2997437627497268,0.8315739107630502,0.3089119862479391,3.7782158494784466
49995.58006741295,0.22030227026930632,20182.260556635287,1.2774896171453547,0.8346129457516251,0.2866890025369056,3.758458694348552
50179.00527875557,0.2093440032584267,19489.17616270741,1.3076834486552638,0.7923405206040653,0.30107929003760286,3.9353989716541027
49725.91582648021,0.22483292355481116,20069.057473573735,1.3764525673993129,0.8226866013486501,0.2814009039262608,3.7168672500751314
48119.66138799035,0.21758559077567208,20837.34406354984,1.2848106022690806,0.8074016279582262,0.29843070615292155,4.002717549174445
49951.78646734009,0.217155636128414,20377.87091331915,1.3026389845615585,0.8294666783777165,0.29999624303135497,3.9916501190511204
51764.99077670408,0.20796099678542487,20307.543212511046,1.2978246418850454,0.8595090155182966,0.2813474452161573,3.77561467483383
51869.637029308666,0.2061924548700793,20866.464259707638,1.2659911972155418,0.8169871298434443,0.28034836957143966,3.767647971548136
48851.47166146349,0.20973813735683716,20499.291952358177,1.3226731169892818,0.7845764707082983,0.28445269844782234,3.9007392591873336
48542.30679375657,0.222709266422073,20164.9152978126,1.364971443353621,0.8583424082240849,0.30569096103727844,3.9098942989245677
50324.89785369101,0.22383794164805257,20843.764706870035,1.374449443156757,0.8579760392846991,0.28839310377514304,3.941941456086704
50701.559125813794,0.2192921259953539,19071.485039052804,1.3505370200108333,0.8113386594793199,0.2959349003414518,3.8628476916759737
49585.14475821443,0.21984142063300283,19488.58112875937,1.3055437483900965,0.8032471042733395,0.2956555284115807,3.6728388771199634
48529.87757766122,0.20919255069543616,20920.926687740663,1.2943180530957987,0.8466085488331723,0.29699472259117804,3.8497741579701694
52239.665606465845,0.21663514931090913,20493.052430527583,1.3463251070779274,0.8239532186302014,0.29007446033229584,3.6521405278365595
47910.35603548863,0.2216785042576707,19900.8318284158,1.371258360034139,0.8281459847239893,0.2924457882923898,3.925595659643862
48028.54713290861,0.2129326324202574,20310.894613330136,1.3770828314365384,0.8382085267890123,0.2924732705005977,3.8880971093924606
48210.20560951999,0.2255014442447945,19784.284836088187,1.2656834916264423,0.789454239797115,0.30927569263643473,3.8650630821423677
48332.302204382104,0.2061849745222181,19710.897659771897,1.3187111052250635,0.8536632489873464,0.28195330928500373,3.7225208907543266
50604.79321967654,0.21115023220192686,19377.97442620504,1.2718938138620355,0.8594537875420817,0.2919480151337585,3.9087884859359843
50368.548824205995,0.21524529218461233,19716.461288322615,1.2883595641357368,0.7897997056723376,0.3035939571738192,3.9129170734901884
47760.38945142935,0.2055530368812172,19011.687164262657,1.3717213187408206,0.8514661301797234,0.2977784711521565,3.767382217033123
52156.00692304125,0.21985229035623566,19894.780524842725,1.2808781802354914,0.8566932591026507,0.28938211122996266,3.648183741056859
51143.308408391356,0.21621594859408283,19617.578510253355,1.2709808177907531,0.7827833758680682,0.30685318573725073,3.9585017851187203
51189.20826898795,0.215631237903347,20899.310384199427,1.3267721086361746,0.8249490865182508,0.28299724619944755,3.930443853866617
47817.02250346409,0.2220946222887137,20060.609859546414,1.2965114008400498,0.835373416022131,0.28966130051934413,3.8306917679079464
51802.20281519116,0.22271331923254378,20640.875757378228,1.3054176048804849,0.8135474623630983,0.3064153676338402,3.906204846782555
52172.025594806066,0.22121412185124992,19766.586671331814,1.3595123366227286,0.8352875586703431,0.299644234366552,3.938432254360883
52421.99156120486,0.2110834106551139,19874.226236728915,1.3658056092472683,0.8446328413836179,0.3004432482638966,3.762197033274667
51794.69408341933,0.2139724602559041,20600.98190808863,1.3448092265809262,0.8292289562678358,0.29423148443740854,3.985313476825829
51427.79494632515,0.22042290135607376,20929.950383738145,1.3100253971645046,0.8338569459390168,0.2844167026737629,3.856354989270386
50066.887092937875,0.20661202667363973,19997.7755602809,1.3398757435715538,0.8047461895199082,0.30830228400642606,3.745832879215443
48388.01230252933,0.20660946092476892,20798.74659481474,1.2832301597484501,0.8509685375964244,0.30628747064306666,3.737779182021635
49492.947483679214,0.2100524987696446,20426.84861373624,1.3364914734441644,0.8169785168984758,0.29315443710967615,3.976321189121105
48169.65625493986,0.2155297029260207,20084.522962062983,1.3441427503662196,0.8338325217381772,0.3048812256269641,3.7757569252496674
47654.447743724755,0.2251619981550162,20885.211437571103,1.334345202316818,0.8504443325791592,0.28984173031761323,3.693060888829812
52195.708530347736,0.21952378673348064,20597.376342538748,1.3006974854789042,0.8040862636554782,0.2910953593452187,3.9978095609509245
49006.53032293196,0.21095498882067196,20866.92051160078,1.303087420747351,0.8148359005869783,0.3036977642471182,3.884724674897202
48977.66917237678,0.21051632824442612,20241.960400560827,1.2776026502494469,0.8274651529556437,0.28317960712914425,4.011543515507799
49164.68140918088,0.22253268275355437,19709.749103453378,1.3600172631220904,0.8183801188673245,0.3083275559509921,3.7098301546975443
49835.34093514426,0.22385041961616886,19903.266488356257,1.3200312991148446,0.7892886132429546,0.2802934807258604,3.9528097910689928
50740.99203233079,0.21799443716643538,20771.720175938935,1.3017956790858038,0.8431125818119362,0.28896417755055676,3.824628059595595
47626.14090746518,0.20974046140580552,18982.13344225691,1.3573355845165689,0.7845342514776289,0.2816794092952818,3.8617409457675347
51711.03306209667,0.20615631556069408,19265.104225231757,1.2862319150132122,0.8172178113245376,0.29331084132273116,3.6528296219934924
50295.162724943475,0.22227249513205036,19893.277913677048,1.3665524986147757,0.7849166856007119,0.3035504678697204,3.85166813476329
51770.49974636722,0.2168214503141614,20035.768431216286,1.362813212845208,0.8621581550748718,0.3071988581587953,3.8781074048178694
49239.3959716363,0.2246343378110145,19071.583609609686,1.3667367668927761,0.8248385744294772,0.29598100361957524,3.826272779232727
49730.133240275514,0.20556212197763893,20265.270459728024,1.3038516829991025,0.8567125472386001,0.3039702551124698,3.658467962812665
47771.197422205645,0.21681978802213486,20727.32243024119,1.3055746211190198,0.8133913039262831,0.2968484805200256,3.832802950598239
48385.537668945544,0.2103798238416608,19171.217049199848,1.3687323202187396,0.8546404190972635,0.30240085533287214,3.6560077031621807
50814.04030980487,0.22204624172913767,19825.857362865136,1.3162324043798388,0.8028379492479538,0.28052229545418933,3.9585079359956055
49154.14497601652,0.20835620847499403,19511.559028766613,1.330319419849521,0.8566648019918925,0.2943151531298021,3.863231273513471
51992.430689171495,0.21376439418736198,20918.06639334015,1.3468000294295055,0.8554723246030282,0.28763472103249643,3.9001029064535424
48090.77599223355,0.2127083473869029,20166.973621132136,1.3818871717864825,0.8146479623495245,0.2893335886233557,3.8833436855993613
52442.089643924905,0.22202134054941944,19458.7296678023,1.327117944559247,0.8332891461511034,0.3087749985805537,3.8742404251009614
50199.910495189644,0.21880272850892601,19217.066380062482,1.3390417653503313,0.8285632566530947,0.2864097286375337,4.000691578971202
51034.58709661382,0.20871346523916956,20039.784757980753,1.3303648978274145,0.8554683281721233,0.2956040494568293,3.7033664657894905
52497.458100488526,0.21108925161223066,20603.96884328449,1.377421514624947,0.7994758456583276,0.28690361081723126,3.817396218647012
48939.24672407569,0.2071269361851567,20622.327510690535,1.3690534317728968,0.7821676087742372,0.29698233727800866,3.95803786135476
49572.61269446554,0.21868645212377766,20615.030550833675,1.2773857650394504,0.8543218542429097,0.3096958240191859,3.825837914353166
49824.199708125685,0.21652630812244172,19358.912291416364,1.2785561417529756,0.8012005105638341,0.28414002743357036,3.927422289153108
51319.78539245978,0.20789999191956948,20038.613310001303,1.287116926963024,0.8020023584191645,0.3084129592546368,3.7044890266832002
51591.02019453835,0.20742459920876233,20698.010729476984,1.354260052803598,0.8345974719920005,0.2839043865891851,3.9003337613040805
48001.10770097746,0.21448571394275032,19193.895171908487,1.2812556509529585,0.8069123648034568,0.2857440270698645,3.9856003917268077
48390.58476943383,0.22377420195489942,20660.919783231846,1.384796441569676,0.8497985928184493,0.29932182996220563,3.6978989964331745
49298.1745674104,0.21612176307439043,20747.553157829843,1.3486932725974852,0.8545775809109595,0.28403098778622105,3.7994823850227912
47783.52344534145,0.20495820769412235,19387.14092225326,1.2781251148231072,0.8596541944422033,0.2826489548342769,3.651666709209392
50109.4283683064,0.20540805291836445,19106.07327444511,1.3683310855307989,0.8140124563507002,0.2996971980995227,3.722043092447049
49179.244873384625,0.2215588594140164,19898.559245161334,1.375083256910037,0.84779864132577,0.28105826610690693,3.8905857450804353
48378.34514837831,0.21395455937612412,20618.379794140652,1.3819856928935306,0.7947804236005456,0.30931280412445217,3.9691136866096066
48544.733369965674,0.2124768939355391,19888.940036573462,1.3303262209097553,0.833301112154986,0.2961602629402391,3.767577537143942
52025.76779502232,0.22122733962932836,19777.97102880274,1.329306346329294,0.8393764945321195,0.29127813004291836,3.6460791736450227
50876.95588668124,0.21208216769424557,19955.478796380747,1.278286945140104,0.7889170131958118,0.30109867914116173,3.9821016768367667
49842.34099951998,0.21569552360247657,19202.75272019931,1.3228070038756168,0.8255660788404886,0.30819863554500326,3.8159255217335297
52060.662371198116,0.21955061917859722,19216.409224228737,1.3274031400943274,0.8549790247721686,0.29152718179089393,3.984084579983777
48020.05787389689,0.22298674513691072,20689.098353456466,1.2767831501701248,0.8035497124740062,0.3006908023709776,3.761167859820133
51227.730368508586,0.21131682665095292,20155.385611697264,1.3201932703901362,0.8011728487325463,0.29801110371583306,3.9001353259736184
51181.33727798319,0.2182275375460522,19481.77694347733,1.3256389910336124,0.8509537898417047,0.30312010250807775,3.6423273422498093
50309.30712640819,0.2252089771820593,20677.781147213584,1.28121242581383,0.8226329444464446,0.2977091090675282,3.8317251394643908
48420.97048757763,0.2058832982678239,19068.42836915683,1.3372706133193328,0.7943897519557821,0.29134730432561445,3.7626350944121696
50486.05675168928,0.2168709120922796,19865.719000778663,1.2584262635017405,0.8008422192231215,0.3053441513880758,3.764280233639048
48999.684950448944,0.21314855970212723,20393.308239978538,1.2970622859812164,0.8359996106680706,0.2869091881281385,4.000495363027236
48170.61466414341,0.21089643316902473,19628.80330743418,1.3253592384956336,0.8281806517760582,0.3037602693876165,3.9228684204479607
48563.00766679421,0.20992243189282608,19752.93361456799,1.298116810722161,0.8058675051085001,0.30965798968551206,3.763442802592725
51974.70837720407,0.22056347469922438,20003.82460562868,1.3344993572046668,0.8330657002420546,0.2885486692009373,3.8778350929384566
47857.264063935225,0.22564714359428967,20736.500250356705,1.3027613132969722,0.8407690151024627,0.3012062387632207,3.7946793428104364
48712.4327946836,0.20826128604903943,20505.329513335055,1.2727730160929676,0.8049541641048004,0.2998569409810092,3.856276472605401
47768.77196104357,0.22104462327349744,19090.88836732466,1.375664763818606,0.8157800809485888,0.29248764822885,4.002850852315001
49708.61028532212,0.20845965659207472,19508.675134598983,1.3395678224062153,0.8116595302139827,0.2949489621170911,3.8713351172886417
47566.416002336264,0.22558571792336843,19709.3428201987,1.3419740641972857,0.8461585634108081,0.3082491292524778,3.6932761609310396
51985.95675486786,0.2214986237499322,20677.52173003416,1.344161136766033,0.7930005925521529,0.30836885943904563,3.956456195935341
48483.29095683816,0.2133708742629211,19790.320936974345,1.3533060740466336,0.8560903210474378,0.30187123769474267,3.913553506038526
47966.852583775464,0.21992057316310454,19431.055559616307,1.3662016574179974,0.8056870498677708,0.2915980601364018,3.6773054408808648
49036.8344979396,0.21496460202425635,20144.82076024529,1.3232004118543685,0.8229636173188366,0.28143244050063543,3.697399234539913
49780.288334218705,0.22164329074477945,19908.911785185974,1.2750118554620775,0.8463394889470512,0.2974465407849635,3.749315837800044
48008.34696812378,0.2119149420698425,20745.102266161226,1.3052357506334396,0.837572207760013,0.2969090229305739,3.7977549993641073
52476.948638275455,0.20582473384153085,20817.24492963805,1.3634066629303672,0.7941795053805554,0.29072788721473447,3.837874197879228
49160.46416726249,0.21695631628840925,20584.18423345318,1.2775872345111838,0.8391817831725541,0.3062159242195495,3.7409297645018067
48986.73407943961,0.22381903836065503,20366.773412909133,1.2985397346752956,0.7924677734490019,0.2986736389233567,3.9525087921817716
47810.226106598166,0.2084159676275821,20435.225037956992,1.3826209494707131,0.8597013794543132,0.2986584586170279,3.9390487186255747
48991.21985943882,0.21354590751798955,20747.421016120516,1.3614612519995282,0.8548016951926878,0.288974371632954,3.7404133569507185
47731.7563244909,0.2203569341749622,19082.653410655184,1.2843010255506497,0.8242348796447496,0.28245305784333613,3.871276246988933
50027.140712288514,0.20509246646292303,19622.64278683499,1.3870200295079773,0.8377653397901735,0.2889143268345749,3.674513461996041
51307.129433450566,0.2245959872808179,18961.148469854554,1.2633698819350407,0.8622400933497079,0.2871748243520814,3.8920449232948955
50655.34999606797,0.22066897645877087,20604.550728283026,1.311156319899224,0.7921753873514744,0.290453972737046,3.7685986779974243
47949.45825388046,0.21626464183595553,19964.833577719837,1.3083630698910476,0.843759603117579,0.30528046559214195,3.891865967404367
47904.31211565157,0.20820262330601413,19682.99406011738,1.307828689961024,0.8499163721482418,0.28498074926516,3.748662167689825
51386.20268274472,0.21495589952290736,19404.64623670052,1.2697349812599685,0.846161715904713,0.28490699910026346,3.8960497829857683
52025.673721117855,0.21538368040503209,20019.48926064581,1.3110014531446914,0.7975596434742018,0.2952554484544468,3.7863469526262024
50168.859758835,0.22562622472884708,19530.022308447184,1.335999411100195,0.8171271823317073,0.2980473795017503,3.785598874797645
48045.77106021229,0.22262931118644952,19088.899940403182,1.3854728958483074,0.7830397902876708,0.28501121057073564,3.714854855250383
51629.04428927799,0.22494168470380738,19122.016637406017,1.2839988928846973,0.8086209957216309,0.2989959025830674,3.9129239214341625
49190.48859401086,0.2188472316930062,19088.837238927335,1.3017241103919508,0.7929359769559502,0.3051462469876809,3.9491981612516818
48969.86526513242,0.21292527985929374,19770.08391580525,1.2901205522407515,0.8189275871295149,0.3033269417524133,3.9902106956240875
51231.567138518396,0.22435205035282813,19198.645857707215,1.2934568902867993,0.8289482267536968,0.28805470745344786,3.8324037208672723
47551.68309171698,0.21455891773109836,19836.31810236116,1.27983625843358,0.8470335161072154,0.28953361938787664,3.7095659363719173
47742.23669626611,0.209233519650757,20745.88477524378,1.2579697562809438,0.8163943230011937,0.28565426935988025,3.8663801773085247
50839.58060786812,0.21277024034296016,19658.009808562394,1.3143162924353946,0.8256777575992607,0.2934504615400891,3.711493557935099
50517.33991915385,0.21940916571492497,19192.255348507293,1.28713486954744,0.8580354714639057,0.28988701919013254,3.7927072385199443
50130.512328977806,0.21625901924305183,20087.876495760196,1.3697087765601383,0.8558444352461815,0.28850458055384115,3.962121731404049
51148.54724111614,0.2205175600692289,20698.190289099155,1.32477948237917,0.8266897886939775,0.30773703529829843,3.7998596012461756
51036.267426577106,0.22565284275893804,19647.907079322264,1.3757072557115473,0.8560125010990213,0.29204092618239513,3.9898995383038214
51406.885258996386,0.22494227519388263,19036.132404792996,1.3836061763894818,0.7861153381427998,0.2914429831269052,3.7784268427979355
48939.88487807086,0.21575394276300738,19236.46774017984,1.3322847691392936,0.8483979872873728,0.297738970259967,3.902868885478302
50962.65993193259,0.22497320779439187,19105.30270557845,1.2706666480511928,0.8094126468827836,0.28227094723544466,3.860916948687516
50283.34917482006,0.20673595640239706,20429.85054565527,1.3773449549978307,0.800670620549566,0.28630451103204335,3.674251473136881
49482.60396290796,0.2053561383044494,19863.267629001406,1.333359378044761,0.8495336687692441,0.3015967392040149,3.793473566579946
47807.95333526982,0.21079350233118632,20285.65738405448,1.371675581780562,0.810509705851159,0.2972168545785041,3.989535838485721
51400.877657455865,0.2167241244125683,20347.495920828238,1.311023270496679,0.7954682299988055,0.28615685885729053,3.6569091662239734
49187.919320260226,0.21566573572527306,20092.35763871956,1.3351687006752817,0.7841653926470795,0.30513267018567464,3.7826249958555396
50539.329536314726,0.2236259739920426,20206.74321719911,1.2642978692452513,0.8604769316823428,0.29275003502981045,3.727742972525982
51206.27024751109,0.21587183414116026,20703.639030554652,1.3771124381593005,0.8378379255733709,0.29632015339661844,3.7228323538759893
48024.066209867495,0.21353758313341867,20273.89172055794,1.3397686908723188,0.8526742620418398,0.2958250378232507,3.7723199721555405
48139.44189891498,0.21591734022988135,20698.95015569023,1.2687544061292695,0.8591373963135053,0.28571068071345096,3.989304050115653
50247.70053507599,0.21956691832447472,19885.196452582262,1.3474497322343773,0.8378299632740747,0.2826598465626588,3.8279561171397805
49926.1470429248,0.20460850632821498,19234.465376531647,1.3072357518382227,0.8573539744972238,0.2939407618779369,3.9430490447459934
51952.37839592219,0.22146979896424374,19088.428242179016,1.2661659175776512,0.8029757245151652,0.2811513658831646,3.769699107657048
51494.801394064394,0.2073139504858615,20377.413601805143,1.2832826584034964,0.8547363724635082,0.2930820326477007,3.8111877969110357
51171.70541847985,0.21453720116741154,19566.93212622506,1.2878163343648221,0.8575695216267263,0.29670701635902796,3.9996346927868833
47756.65943056186,0.2097719601148621,20291.472123564567,1.2848908794586518,0.8065452211150189,0.2990940728145425,3.6865427380779328
47864.42649549488,0.2121854713097345,20254.079566667417,1.3478168800534942,0.7878900749128991,0.28125941369213137,3.662556581128661
47942.6372983736,0.2184779456373564,20011.94243249848,1.354573556507275,0.8450069158872193,0.3011920631950903,3.9058673677524784
51491.75432056976,0.20789658948926776,20379.1385283658,1.3272465643333886,0.7888415673656906,0.28524505647940873,3.9922126522508115
52215.04069785352,0.21024385643943888,19959.597192931047,1.3280651597733146,0.8418272837504769,0.2977547829597054,3.6773263797758817
50918.57786204179,0.20851176858204754,19926.05872021793,1.3382486657839718,0.8187113176672685,0.29818791512013043,3.88505438134506
48160.414778567814,0.2084440379656116,19945.68742651485,1.3851288631629985,0.8354477649827535,0.30303460781611335,3.6915479811110594
51113.62269828383,0.21127705243952447,20819.771228882233,1.3387381506140037,0.7958000039516099,0.2819100716644006,3.9012296127615516
48051.76740321174,0.2231772639981528,19729.116957179067,1.3342701864153215,0.8255882725638934,0.30546439183497903,3.8750723333895634
48087.46426075917,0.21437869009783858,19186.204605626514,1.375053597030278,0.8340118106293628,0.2915863876035599,3.6523829447474103
50703.58961482963,0.21293534150167523,19432.144990172623,1.3303575193358428,0.7830101011442355,0.2920387593503513,3.9410154484678
49144.07107378401,0.2081034767431041,20318.892446785147,1.2992589715967369,0.8205615608895115,0.2898498158192484,4.013072834539381
50769.06011297887,0.22508188741716678,20626.810962043895,1.38138808281287,0.8547946274271351,0.29663400825934116,3.8027922422553773
51245.657315517594,0.21301029836275634,20887.93854263158,1.3130638444532081,0.7912345402563051,0.2889648930449785,3.767585386558162
50415.92865727438,0.22240647902439414,19381.763377544048,1.3344137766034208,0.8182711367808098,0.2910505400600135,3.654328101520873
51200.16163993889,0.21747948958831326,20469.384976104382,1.3500966579634661,0.8361307911956958,0.29054692569581253,3.721835153418188
48674.134573739524,0.21234713817770384,20117.785185466775,1.3446166189348003,0.8061098154530304,0.2988416096383741,3.8580036439980265
51174.78770848026,0.2231094076107476,19756.38839725463,1.283055465234633,0.8600653194446762,0.29985104138380364,3.865796341953686
52352.99262543307,0.221124327186585,19970.030473826348,1.2657324478435321,0.8389897581746452,0.3095168419301984,3.7322887933915756
51834.65145875958,0.2142465170912625,19941.31021707467,1.2912087297816874,0.7988701771738214,0.308108657233781,3.8860665531239467
47931.17264931748,0.22175050392665008,20251.979843350768,1.36954917885222,0.8275069394262395,0.2905852619250604,3.658648584449743
49332.18308159599,0.22356654894937258,20436.19375852277,1.328841068603204,0.8542146192753308,0.2859434393738583,3.99558168068156
49345.99402165009,0.2134786286769688,19554.89717090883,1.3163273285527088,0.8277616879462392,0.30737749608199305,3.6710614521115943
50925.14236330805,0.2114380825218777,19131.27581072824,1.3117927489930912,0.8437670931504612,0.28876641548480625,3.7634633542613356
50489.70817691945,0.21707791274557278,20600.301137556067,1.3571935400346966,0.8555003352004885,0.2965003531115843,3.8848066983688763
51446.819718209525,0.2236428023871911,19729.726082798777,1.3413328876511925,0.8511337754432404,0.30737006253752264,3.828496654114257
49338.264592189385,0.21934442866123302,20499.233182271335,1.3418360367871485,0.7926195049817615,0.2829064314030875,3.8388350513185068
48530.13929752597,0.2123652846945236,19310.341345091532,1.2762208614956436,0.7974173687560187,0.2878520409149916,3.7807406517733924
47933.33273697766,0.22005155239674531,19170.675613386986,1.312066978839259,0.7944945580824573,0.29284791475237565,3.929910866893301
51359.66958549554,0.2247632099091311,20758.290884492817,1.3216718717433644,0.7842286400042376,0.29729283705620174,3.743767061413961
48528.3726073238,0.21592048193172636,20700.82025282539,1.3045313943108472,0.7825976871458762,0.30678588114922745,3.884126677149079
49441.35815523901,0.21586227539572636,20947.086166067278,1.318407171330143,0.8309379783642986,0.2866876557012896,3.988569748824725
50258.892659786135,0.21093885725148603,20676.68809868388,1.3001838673055348,0.8319747593967873,0.3087774405919657,3.7621981306266195
48644.7662601155,0.20578154329637854,19026.070656956326,1.3576110447425038,0.8574773984544685,0.293052450652021,3.9469531549234844
50709.70310199594,0.20816258004413396,20039.141471804458,1.3056689842216933,0.8422231766896079,0.30340226148364774,3.937078142355159
49922.401861990904,0.20624926192771956,20942.744283456228,1.3489466040055418,0.8066343941578997,0.2957443984163045,3.6832282128832365
48259.227625581334,0.21421501882688823,19971.96126772086,1.3184813031164766,0.8226357796242043,0.2900226671583214,3.695882214524113
51409.65983294001,0.20445064900859702,20695.156790991765,1.3512747073422597,0.8030968168339168,0.29298201257948253,3.7944698385363247
48003.031611812105,0.2239230571023195,19092.591837311396,1.3788015754670662,0.8421639141470403,0.3014280972300716,3.898692261975756
48970.331668793144,0.21806894739136173,20922.639779971854,1.323279306576977,0.7914594098107166,0.3072782563044582,3.887353284462685
48686.865098527895,0.20428050975135165,20793.31329194568,1.374245381693583,0.8432492206561005,0.3065058256273577,3.895877388012611
50154.36128513964,0.20490328335864072,20078.200534601558,1.2837732480254935,0.8484956435138519,0.2842238287221183,3.6392422812914385
47957.493656697065,0.20873210980106435,19813.26679708032,1.3703022748368408,0.8431827319637197,0.2837874262842192,3.684868883790825
49526.57709940296,0.2140317721175451,19626.499907686702,1.2658737363080657,0.8095968947515308,0.3066068464219734,3.927996972134805
48024.23123557878,0.20698621971649037,20390.343238555266,1.3164297913289886,0.8299399458899106,0.2995160234817051,3.9578510610743756
48061.419810780135,0.20443592528937893,18979.742855493354,1.2578469295929338,0.8204447582378738,0.281438203261988,3.9215072266647453
51422.13945371957,0.21988221142469333,19698.75008458777,1.361723860659696,0.7890319123360636,0.2951391209248597,3.997119130331869
48957.85158953466,0.21186350402021661,20793.257014682375,1.2786235750545216,0.8500534441729739,0.3066363772296901,3.987624634269682
50517.66719375443,0.22102958784106452,20042.7268978184,1.2767983158094067,0.8383032495045168,0.2916289897010904,3.7210205308901085
52322.11333607951,0.21363811779515876,19897.90430515549,1.278939818012114,0.8038508520343806,0.2888655303968118,3.830737902880507
49662.4249698518,0.21363592782100377,19943.091950288188,1.3462887700134105,0.8616384973659588,0.2871540788141893,3.937118172251838
50973.7609730897,0.20530808337766446,19568.897307032687,1.2831881608900129,0.7969746168793982,0.2861779765422909,3.8355923476152705
51290.49637644727,0.20531708588266687,20849.420929887612,1.2943296519760406,0.8065351379583651,0.2914690288665025,3.871925897338534
49663.2116307355,0.20620865377138065,20911.576595341674,1.3564470729265925,0.8156905165036934,0.2977963091963351,3.849288716296199
50777.49019901769,0.2170217961760486,19977.058391567443,1.321151927502739,0.801313060099599,0.2881673862614482,3.915400648193516
48048.775253615255,0.20943330718613395,20932.716687851786,1.3750903009396116,0.7979030530566532,0.29861205793804335,3.6599139898499735
52168.79924192666,0.22233943569240108,19861.908185620174,1.2625923684979166,0.8399027147148588,0.30398473564152734,3.8242394038133902
48437.30403210843,0.22268007442794802,19802.451557379736,1.3126449297208864,0.7967091212766988,0.2833171521264211,3.72364192943291
48830.894194538196,0.22496766232045412,19377.863483701833,1.330544851889951,0.8248379991449686,0.3017625890711168,3.7647695669933485
51489.15130105799,0.21476134540245298,19338.032713456403,1.3295953718065652,0.8062249410564383,0.2993834128002502,3.846761903596012
49938.01887716962,0.2089866671622256,20613.844720710815,1.363776168530602,0.8199369494058014,0.2942523113889662,3.9202585066881865
51344.791320294345,0.20911348577808764,20402.1410137119,1.271607655110449,0.8579966278927048,0.30777090724617134,3.793439332233306
49480.03372608937,0.21579093779702574,20009.342659342023,1.2945954263122095,0.7996176764109628,0.2830950885405935,3.829915535900776
48864.69397061845,0.22063535874803966,20606.51607131116,1.2552303194804668,0.7819330307011271,0.29792365409178007,3.6850077269902166
47686.17317035164,0.21172269373464833,19973.689490519817,1.3805912819773052,0.8564636938085161,0.28714015892185857,3.717867605766984
50866.474570543265,0.21416648282691722,20053.66388327782,1.3561781458961568,0.837817452125209,0.2812036859771056,3.74771590374703
49647.82229625926,0.21799546088728616,19378.00336356171,1.3541972798250546,0.8242305335800543,0.2973558482813706,3.807851923739392
49758.69617452368,0.22397272487863717,20125.202149513847,1.2732940449863173,0.8248162689160995,0.305094845494048,3.727605965997085
50549.28584645108,0.2077238103386421,19237.312634569542,1.3010951115830907,0.790320199069926,0.29667846114960766,3.7364009359198382
47797.01648429139,0.2196361611896007,19056.685938011175,1.2749420880417166,0.8638932641779032,0.305026548204468,3.9768586502119505
49079.05719169433,0.2166713858381368,20315.69929103534,1.3205668015978718,0.8113931338345217,0.2862960920732063,3.859965712465177
51363.610654314674,0.21356592800999605,20166.576159431796,1.3617729626097004,0.8333074658796114,0.29857701916097795,3.994880776193433
50982.164945030476,0.22326121982656852,19390.713589888415,1.3385519676135755,0.8142240646968417,0.28538361617525876,3.872189169030364
48126.6609055459,0.21270061274060362,19763.028484891183,1.3458878378452253,0.7824806192646832,0.2887914246540018,3.731600176439024
48150.757251947114,0.20809796578149622,20209.166349801148,1.3394372257786795,0.8267269500708418,0.2807958365919106,3.6748910831809702
47961.76169359601,0.21786667197688261,20060.33871132728,1.3512934000367753,0.8237497838169539,0.30094414350954235,3.8447434649824204
47539.101467846674,0.2176660119177154,19207.020228766334,1.3685356180380774,0.8021599051424511,0.3083366954669288,3.8050504767908926
49615.54692582083,0.21130074433492485,19290.05067165295,1.3377708056206652,0.7855860311046529,0.30234577538384466,3.9002893981720064
50777.865874689574,0.2215137542931021,18954.493839142924,1.2788061203613301,0.8511243579938311,0.30257345798974666,3.926287480619579
51114.612623460125,0.22573877396067168,19786.73413003826,1.3306837947705337,0.7858209682189434,0.2962416277256215,3.788508488159584
50156.046467912194,0.22534103046004114,19927.02892935851,1.2765570892583333,0.8078831769440151,0.28857085474993127,3.85279910779732
48044.089691365225,0.20698129425718942,19271.43834208918,1.374639434269525,0.8463254191251526,0.2874738079832599,3.714326968069969
50658.831867642446,0.20924316313817853,20282.842961561397,1.2651669819161115,0.8618785249143178,0.2886963874258203,3.9967383992051584
48132.49932664652,0.20475809803315181,18988.251136257255,1.2996704272837154,0.8301159938448219,0.3086624651017854,3.8319011029110333
48171.51652156787,0.21730980112363987,19191.252336255886,1.3316495780111612,0.8458830087958771,0.2870555126962305,3.7413695746136035
47992.970463554986,0.20663240040767372,20851.989991211594,1.3177285643047296,0.8417394996158829,0.29610098169636445,3.723341706741191
48210.13624215964,0.21301037941938558,20899.328672009724,1.361332836230393,0.8354262134035009,0.28629774344041997,4.000335704229861
48341.256492457636,0.22325765134323217,19014.17450464347,1.3250657924227718,0.8365478161583382,0.2930542181892748,3.8994913514920095
48481.244611284776,0.21603485471574663,19937.794278288107,1.284977694809946,0.8591115775828176,0.2844452531878392,3.906552901385739
49087.398875747174,0.21218356614929976,20673.630645636964,1.3486729652234553,0.8258871881685733,0.2913297213614964,3.8870540149679114
49082.144995731454,0.20872943863048696,19437.037951754755,1.2745843602783604,0.8146416217451514,0.3036600384902293,3.9337608425283257
48587.816547114104,0.21373028044527295,20616.868976619004,1.341887147539609,0.8370286655378246,0.30422806170022326,3.8577956990330775
48755.20923007868,0.22480821727178138,20575.61442884372,1.3386990945762813,0.8181059870272007,0.30691183174054537,3.8282361721337423
51964.61202642989,0.20691655720793292,20207.301342630883,1.2852413558186282,0.7927855256552343,0.2961910841578919,3.9719404720045617
51016.11612278145,0.21437140978613956,18956.96520612886,1.2790223208175238,0.8179964684556086,0.3043769677108219,3.7860316856918117
50278.689713596934,0.22267327104731716,19710.049259755233,1.276925166271985,0.8269209976890906,0.3011482910373066,3.7285066087393495
48422.168338788266,0.20518289513868948,20756.78936450241,1.2747130968028355,0.8143697237320773,0.28152466113065594,3.7434285105911727
48560.154212661604,0.21911994062182807,20309.801571804048,1.2817329312417969,0.8146277851494181,0.28455540642238164,3.9819058659091664
47886.73404056338,0.22529818753351333,19708.25214579871,1.3811000709295995,0.8436859939876604,0.287133402050736,3.904563807135256
52069.00205389784,0.21034025981758092,20213.249647851157,1.2570514915567328,0.8248394334802915,0.28752768189349887,3.9621144268121022
51033.57608848465,0.2071262807498801,19437.822697328826,1.3814376456576134,0.8222126386694976,0.2852733409176168,3.7805722499984324
50288.94483377438,0.21898351321487278,20092.469077849775,1.2583439508974068,0.7891482763128458,0.28718417663385565,3.8779073780596702
49067.14494968296,0.223803272948612,20911.048903683964,1.3832337185949433,0.8024950894035385,0.28837610174059647,3.6477268036467208
48331.01781451076,0.21738368312123973,20647.615627716506,1.2942623888997942,0.8186841075747959,0.30832239547202434,3.98774683530069
50612.486296399475,0.22359963012330653,19517.971150449677,1.324312153764886,0.8343541817475253,0.29047679400513393,3.815422132864916
52439.673674762475,0.20840882566669047,20314.003040578184,1.3688650098364188,0.8402373474907747,0.28902099716536844,3.8346169493328652
48352.160115284416,0.22047012850199738,19666.95843930909,1.3733650877477148,0.8635426103038607,0.2921805731417755,3.928917645492934
48788.96125286006,0.21169460540829266,20921.41890607389,1.2799182943698142,0.858569637808621,0.28916600406095216,3.7643200927031515
49483.99659316572,0.21325044640750832,19120.052660033598,1.3422310535388855,0.7894404875528022,0.30259067696724723,3.875214505505448
47869.97384788469,0.20759797635263016,19451.860243291594,1.3792866068930876,0.8603263397638646,0.2908624448748891,3.7607553983915523
50920.48033481005,0.22185851255442707,20571.136497553438,1.3838409113010905,0.7952480827206803,0.28393453736258584,3.7547105910695757
49511.94166348081,0.21768585584869496,19120.92409223678,1.2692082469236436,0.8617184536824712,0.29845688550443195,3.882904202862593
52414.176006969756,0.22012904906462893,20012.351657665004,1.2785825880217407,0.8309836485515458,0.2907378238845404,3.801623787659617
49510.91992611242,0.2215599170451995,20549.74284340016,1.353569443524142,0.8016206919038815,0.29095667650524015,3.6750246819461436
50603.35973599789,0.20569528713760832,20426.452367632523,1.2614847918264704,0.7876352917896191,0.2822704044480609,3.72602497493771
48271.84902739636,0.22469199180486968,19235.117645703405,1.2643667329073827,0.8065433920034685,0.3058312752174617,4.007551275994577
49406.72602222236,0.21494790573697645,19826.09904452052,1.3195634811353725,0.848804739006722,0.2937579378415087,3.9031180412276076
48305.6698592468,0.22048563695106121,19651.50884296487,1.3672209737857561,0.788163222646727,0.2825396538638814,3.8880216129223912
51290.56215663709,0.22021170901955425,19907.102506909392,1.386659174736284,0.8110231357546336,0.3069451752785201,3.7604474526116674
51855.55560957694,0.22211928587776744,20124.369783247566,1.255530264122105,0.7927144949638586,0.28856002848343476,3.643235847708965
49253.88372442946,0.2076147897051293,19243.382361962944,1.3266284460022042,0.794868183576537,0.2983593963557357,3.853969860950156
50927.67854373769,0.21408213749185528,20758.634561452505,1.3687340941046282,0.7869647023481093,0.2997748092917498,3.649555366975261
48970.743168839246,0.21753916066602919,20229.68752542278,1.3750472651324954,0.8396117183128382,0.28615072557895543,3.736967048461804
50153.146519284426,0.22429194213351158,19277.564445024138,1.3666208092768726,0.78896744366964,0.3085695937133872,3.7086149827637267
51662.11693142592,0.22220439706452605,20081.491629048305,1.371049108060749,0.8326115898159723,0.2998706265383354,3.8075969662663067
50487.4509593629,0.22350160560136054,20811.074193269502,1.353520673594588,0.7961514012993848,0.2962183452619464,3.929814336989124
49176.55665352623,0.21677414828036265,20514.78825795084,1.2704703471242755,0.8354603076279824,0.30588458171411737,3.875961182744143
48996.125116665535,0.21677905633677852,20320.44583827308,1.3221918401281008,0.8228927142124103,0.29668290027823796,3.7560858020641494
49762.96270784662,0.22263090768785404,19882.60747354057,1.2772526760190348,0.8052652296690717,0.28088124445046714,3.7474149075926357
49613.22826610231,0.2049996125510305,19471.834600854727,1.3647398295721662,0.8502050664979155,0.29448907628080445,3.6655916781998945
49298.03158986118,0.22328653205292326,20088.19000129865,1.3775402341751875,0.8492010183283788,0.30408557458467483,3.701452904990945
50291.595999346486,0.2130162124441536,19448.797472461712,1.2773388930502951,0.8590613419289134,0.30196227630157596,3.911683988114497
51212.726828509694,0.20503221365462837,19589.50667508419,1.3716916999779722,0.7818768377287917,0.2971329796605446,3.6698819741424633
49621.67391812845,0.22029218076886098,20769.550453272797,1.306186688380506,0.8345540331873585,0.2805150531743526,3.9868967300083433
49646.77894288103,0.20757881857114877,20718.51398178385,1.305487425695802,0.7824553735155048,0.3014392736780047,3.800087369115155
48124.36379359906,0.20734402906650964,20537.705901210877,1.2908089312560431,0.7906084570808021,0.2935080844559228,3.6661599428206553
47622.17008025187,0.21727811964646057,20799.49056529792,1.3695973631685239,0.7906391802108825,0.2997086946784732,3.854609552344091
48950.926325653636,0.20972133814710442,19309.285701797875,1.3529024745975586,0.8120630743092005,0.3024696462055417,3.9539692646819455
49087.60291449613,0.21121931540762517,19984.99459073175,1.314113987649862,0.8015697137582862,0.3039898009074766,3.768587658917458
50768.450669832375,0.21288850473371046,20203.375606236572,1.348693293119438,0.8103373385997003,0.2811100896743086,3.934113521954652
52284.67962035342,0.21298702641012424,20774.298780072306,1.3796961624713566,0.8023937124534387,0.30325460939058446,3.906731423363783
52178.654363924405,0.21255310947905962,20277.116666408423,1.2779509710856027,0.813705393054044,0.29698683970823053,3.86180364073324
49789.431669271835,0.21736073921251603,19728.939681870263,1.2872611691116873,0.8165014578866814,0.2824954404921214,3.779925487547798
48702.39198416042,0.20783815053732427,20428.815124925222,1.3396167373326142,0.8345283608966685,0.2876728438171203,3.786366836976883
51319.489721432394,0.20829397957369783,20583.681545118918,1.3617677125576637,0.8466656096743288,0.2841869085942593,3.7995637953010153
51296.63691565548,0.20628452070203654,20150.187862387105,1.3676803099524586,0.8040705410639808,0.2969019806925895,3.797541900562033
51203.24032489307,0.21119850486436717,19122.069143682893,1.3075413411582326,0.8513097482877424,0.29620894784317653,3.719432323244516
51218.44170743663,0.22079633397935522,20792.604212174658,1.2702067321355721,0.8427905476922599,0.28228318270602026,3.8257618323508598
48029.60208366383,0.20928353705286845,19059.427641556533,1.2655551137292123,0.8498381903956209,0.3094087105870398,3.6509081393487546
50907.80215235158,0.22016785759692165,20003.914780591345,1.3025677726125093,0.7968444219589562,0.28765731549263623,3.8518052740587634
49816.3028929686,0.21914559589738217,19189.612286856398,1.3644484231074707,0.7872353978407899,0.28955645325007456,3.6544570105594096
48560.816026274675,0.22196768158737717,19710.885265530804,1.2832999421991442,0.8320818265718952,0.28911937998968246,3.9694720318234538
47992.59368844054,0.22205151730649897,20574.100903365143,1.3594464267880717,0.839587796203336,0.28149015162587854,3.964781475543494
51617.87236963919,0.2105574105811804,19439.47135156552,1.3414343263026995,0.7910361377595889,0.29582308837089893,3.765101314746701
48375.0486869104,0.2109014387120891,20716.923204891682,1.2584039457889633,0.789736293182289,0.28780265884616546,4.008411458356573
48317.84954892497,0.21549514066650285,20374.230355544503,1.358751047367096,0.8310517194620001,0.2923069447770846,4.001042395582154
50829.93608205555,0.21124392833863015,19706.906133973876,1.3768205782805618,0.8486967438322193,0.3082016229622637,4.013995255759343
51971.94687677122,0.22213461397545048,19449.094623936886,1.3199845646018908,0.8488897837231891,0.30736878861454664,3.696008554124817
50082.791041756354,0.2216713380009926,19456.94322175235,1.3651229396412055,0.7892106622313017,0.28382668848257947,3.636766852657428
51013.511534752375,0.2162254626174901,20483.150971081235,1.2723018218338562,0.8420342374483089,0.29771237262411765,3.7306284708303536
48267.951883097005,0.20990372672519836,19051.974460669244,1.3553173965432108,0.8562373962232385,0.2908597391083401,3.7681752292020585
52267.28534943124,0.21888217334954568,20319.650692379775,1.3772397494668704,0.8190686760878355,0.3014695545080265,3.724948725389488
50204.420406207384,0.20927354262701126,20189.954853691248,1.3649506705785341,0.7876675957643143,0.29569475719927274,3.9249295561692326
50898.66949105234,0.21406314533918192,20442.135836787606,1.2892168933486199,0.8017071921620554,0.2879448788834714,3.722112523917744
47682.815090242264,0.21251818823199775,20902.12501844961,1.283090175468532,0.8420824944234901,0.29479583952822264,3.807269230027092
51546.019256468964,0.21582993093200747,19718.407457757927,1.3239477826604333,0.7851824599687497,0.30549715907075026,3.734939435637253
51243.09435888098,0.22557163000068203,19471.610176615875,1.3074408730189881,0.8167882233830979,0.3016199853688203,3.767985560453095
48100.9350899354,0.22048723863607336,20703.051724348177,1.3182404022753293,0.8263097016636312,0.2861237539036504,3.9812108585558614
50125.225823813045,0.22532977926275305,20560.66148710374,1.3862446707883262,0.8603500310586832,0.28488993329520246,3.640510622285455
49129.16814381625,0.2092978267742512,19872.4365541605,1.3348016042726605,0.7990429425657299,0.2911790278334898,3.6862516671548438
50232.24719951534,0.2156140204038823,19133.96856740882,1.3797724321798333,0.7914241315192682,0.30568702414616494,3.784161577797996
49494.40376191599,0.20535587515168852,20078.21630642003,1.3197374166197946,0.8350339115875768,0.300450497529249,3.9573556606638056
49575.46693306523,0.22052282262616937,19326.32886385147,1.3128027405459166,0.7907722326893074,0.2989588374390463,3.7172670141236637
48403.68880127397,0.21719256497492348,20013.22072385999,1.3570178011125682,0.8627917968630244,0.2844190370900148,3.9935642039905885
48776.933702440256,0.22267912724612748,19660.7914769379,1.3532411935401103,0.8022887143641092,0.28258941622946243,4.006792605049359
47602.678873290926,0.22549795849404947,19580.49309198721,1.3134576273182028,0.8317530757668746,0.30609628775210773,3.7792614493285526
52118.378063102035,0.22423391615715077,20402.349230341173,1.2619513069365766,0.8490640209498492,0.2926526466865844,4.012557009754527
50768.49944504126,0.21305457106893452,19981.46685197641,1.2665512656131945,0.8501634616975462,0.29463607641270595,3.682372195316112
52163.06786024282,0.20425734143768998,20529.836571335392,1.3603639450092135,0.8220979370607326,0.29382960208300585,3.926868423807644
48317.56184263763,0.21587888393940544,19360.46269981112,1.3415524314681737,0.8444579354785179,0.29546247886342136,3.8573717161361576
52105.48627946099,0.20871620837291527,20305.32162473179,1.2592215266102718,0.857163383079205,0.28827383451071603,3.8733666088024545
51473.28942694377,0.20896459714592225,19057.208657562856,1.3285385282008855,0.8560002389005567,0.28708160522251347,3.8231363528188806
50386.97098353325,0.21125483464878575,20550.838862913184,1.3500357854012583,0.799481747079054,0.3067862552677251,3.720016350427459
49700.177978801265,0.20631291245706307,20306.244434444532,1.269534903267214,0.8268731290220064,0.30705657113601015,3.690810175385443
48788.06868356219,0.22032197372737353,20839.787845442705,1.2835691184066247,0.8464315902859387,0.29805746414091017,3.8787317424199546
51259.73196933725,0.2203429425839558,19135.158495035284,1.3620857704829343,0.7978525020569586,0.2910244762509469,3.942734485909307
48643.34741052751,0.21593093781132983,20764.834549303465,1.27326723472703,0.8433189772093943,0.29790841977019467,3.8919224752132466
47820.935436959495,0.21151984480526714,19969.856308921142,1.3714488844168415,0.8209884418715238,0.29997037081481087,3.8161324518695374
51336.647553882874,0.22214517372484135,20179.23261245441,1.3769517557492894,0.82985218123504,0.3066396406820891,3.99710177440501
50856.01092678268,0.21613030182755807,19583.06204576749,1.256635009850654,0.8032931071364064,0.28282639795525666,3.8620097280262713
51076.0625739292,0.22483717701468345,19107.087525623265,1.3047727373269795,0.7888308884276177,0.29615080530474597,3.722426367508471
50710.30414216926,0.22344591636533703,20649.475061677396,1.2771179241139405,0.8063863336524445,0.29288927311221524,3.8973569790966787
49595.24146812441,0.2119148277682306,19240.83117936228,1.326313431317896,0.8573297462355672,0.29845602808654154,3.7583600209032633
49453.81041102087,0.21599764069932556,19691.619156344754,1.2683796076539662,0.8205736472629954,0.2967368383702267,3.9222611267157244
51580.700514376615,0.2117036576519814,20194.170908997097,1.2601372692320352,0.804027179631203,0.2869125953018922,4.017639405462189
49087.139318279245,0.2176402599991713,20942.616045350584,1.3782295656652854,0.8446424702525553,0.2833333261335437,3.7388769536897253
51572.698864503254,0.22137743073413052,19984.601545825157,1.3832972877263632,0.8453997642565582,0.28054434085346586,3.9922765096132107
51445.36757469479,0.22028631038312396,20928.56987422488,1.3026285914482865,0.7836029590642256,0.28199502247022235,3.9021573251762396
51761.31945171923,0.20694902897412862,19404.4362527989,1.340049533837587,0.8542728636425474,0.28976824492997766,3.672105727735405
50028.18308785878,0.22193147114531894,19746.520346908328,1.2639258386065753,0.8475394061545029,0.3032445569520225,3.7297452803116893
50678.30694430688,0.20479073578071277,20342.154535575723,1.282415174726505,0.808528799132634,0.2901466182960669,3.993343444978304
52254.47207689068,0.21316022093986667,19081.458315109776,1.2601816681590745,0.8369123554894049,0.2985272740688376,3.8192634202804916
49719.82077509405,0.21997526056141814,20444.084856844835,1.3169523652768709,0.8062349849537938,0.3095401286651916,3.97339336748986
47800.09409889738,0.22104954100593321,19791.19886030946,1.2747777770637336,0.8583850531945981,0.29936616800109583,3.9338870831292154
51833.749484996595,0.21214664717532442,20571.078253374857,1.3859016442884315,0.8050553437934623,0.2961733866993948,3.6426472426976404
