/*--------------------------------*- C++ -*----------------------------------*\
  =========                 |
  \\      /  F ield         | OpenFOAM: The Open Source CFD Toolbox
   \\    /   O peration     | Website:  https://openfoam.org
    \\  /    A nd           | Version:  9
     \\/     M anipulation  |
\*---------------------------------------------------------------------------*/
FoamFile
{
    format      ascii;
    class       vectorField;
    location    "constant/polyMesh";
    object      points;
}
// * * * * * * * * * * * * * * * * * * * * * * * * * * * * * * * * * * * * * //


5408
(
(0 0 0)
(2.789117647 0 0)
(5.578235294 0 0)
(8.367352941 0 0)
(11.15647059 0 0)
(13.94558824 0 0)
(16.73470588 0 0)
(19.52382353 0 0)
(22.31294118 0 0)
(25.10205882 0 0)
(27.89117647 0 0)
(30.68029412 0 0)
(33.46941176 0 0)
(36.25852941 0 0)
(39.04764706 0 0)
(41.83676471 0 0)
(44.62588235 0 0)
(47.415 0 0)
(50.20411765 0 0)
(52.99323529 0 0)
(55.78235294 0 0)
(58.57147059 0 0)
(61.36058824 0 0)
(64.14970588 0 0)
(66.93882353 0 0)
(69.72794118 0 0)
(72.51705882 0 0)
(75.30617647 0 0)
(78.09529412 0 0)
(80.88441176 0 0)
(83.67352941 0 0)
(86.46264706 0 0)
(89.25176471 0 0)
(92.04088235 0 0)
(94.83 0 0)
(97.61911765 0 0)
(100.4082353 0 0)
(103.1973529 0 0)
(105.9864706 0 0)
(108.7755882 0 0)
(111.5647059 0 0)
(114.3538235 0 0)
(117.1429412 0 0)
(119.9320588 0 0)
(122.7211765 0 0)
(125.5102941 0 0)
(128.2994118 0 0)
(131.0885294 0 0)
(133.8776471 0 0)
(136.6667647 0 0)
(139.4558824 0 0)
(142.245 0 0)
(0 0.4340540412 0)
(2.789117647 0.4340540412 0)
(5.578235294 0.4340540412 0)
(8.367352941 0.4340540412 0)
(11.15647059 0.4340540412 0)
(13.94558824 0.4340540412 0)
(16.73470588 0.4340540412 0)
(19.52382353 0.4340540412 0)
(22.31294118 0.4340540412 0)
(25.10205882 0.4340540412 0)
(27.89117647 0.4340540412 0)
(30.68029412 0.4340540412 0)
(33.46941176 0.4340540412 0)
(36.25852941 0.4340540412 0)
(39.04764706 0.4340540412 0)
(41.83676471 0.4340540412 0)
(44.62588235 0.4340540412 0)
(47.415 0.4340540412 0)
(50.20411765 0.4340540412 0)
(52.99323529 0.4340540412 0)
(55.78235294 0.4340540412 0)
(58.57147059 0.4340540412 0)
(61.36058824 0.4340540412 0)
(64.14970588 0.4340540412 0)
(66.93882353 0.4340540412 0)
(69.72794118 0.4340540412 0)
(72.51705882 0.4340540412 0)
(75.30617647 0.4340540412 0)
(78.09529412 0.4340540412 0)
(80.88441176 0.4340540412 0)
(83.67352941 0.4340540412 0)
(86.46264706 0.4340540412 0)
(89.25176471 0.4340540412 0)
(92.04088235 0.4340540412 0)
(94.83 0.4340540412 0)
(97.61911765 0.4340540412 0)
(100.4082353 0.4340540412 0)
(103.1973529 0.4340540412 0)
(105.9864706 0.4340540412 0)
(108.7755882 0.4340540412 0)
(111.5647059 0.4340540412 0)
(114.3538235 0.4340540412 0)
(117.1429412 0.4340540412 0)
(119.9320588 0.4340540412 0)
(122.7211765 0.4340540412 0)
(125.5102941 0.4340540412 0)
(128.2994118 0.4340540412 0)
(131.0885294 0.4340540412 0)
(133.8776471 0.4340540412 0)
(136.6667647 0.4340540412 0)
(139.4558824 0.4340540412 0)
(142.245 0.4340540412 0)
(0 0.8949091475 0)
(2.789117647 0.8949091475 0)
(5.578235294 0.8949091475 0)
(8.367352941 0.8949091475 0)
(11.15647059 0.8949091475 0)
(13.94558824 0.8949091475 0)
(16.73470588 0.8949091475 0)
(19.52382353 0.8949091475 0)
(22.31294118 0.8949091475 0)
(25.10205882 0.8949091475 0)
(27.89117647 0.8949091475 0)
(30.68029412 0.8949091475 0)
(33.46941176 0.8949091475 0)
(36.25852941 0.8949091475 0)
(39.04764706 0.8949091475 0)
(41.83676471 0.8949091475 0)
(44.62588235 0.8949091475 0)
(47.415 0.8949091475 0)
(50.20411765 0.8949091475 0)
(52.99323529 0.8949091475 0)
(55.78235294 0.8949091475 0)
(58.57147059 0.8949091475 0)
(61.36058824 0.8949091475 0)
(64.14970588 0.8949091475 0)
(66.93882353 0.8949091475 0)
(69.72794118 0.8949091475 0)
(72.51705882 0.8949091475 0)
(75.30617647 0.8949091475 0)
(78.09529412 0.8949091475 0)
(80.88441176 0.8949091475 0)
(83.67352941 0.8949091475 0)
(86.46264706 0.8949091475 0)
(89.25176471 0.8949091475 0)
(92.04088235 0.8949091475 0)
(94.83 0.8949091475 0)
(97.61911765 0.8949091475 0)
(100.4082353 0.8949091475 0)
(103.1973529 0.8949091475 0)
(105.9864706 0.8949091475 0)
(108.7755882 0.8949091475 0)
(111.5647059 0.8949091475 0)
(114.3538235 0.8949091475 0)
(117.1429412 0.8949091475 0)
(119.9320588 0.8949091475 0)
(122.7211765 0.8949091475 0)
(125.5102941 0.8949091475 0)
(128.2994118 0.8949091475 0)
(131.0885294 0.8949091475 0)
(133.8776471 0.8949091475 0)
(136.6667647 0.8949091475 0)
(139.4558824 0.8949091475 0)
(142.245 0.8949091475 0)
(0 1.384220175 0)
(2.789117647 1.384220175 0)
(5.578235294 1.384220175 0)
(8.367352941 1.384220175 0)
(11.15647059 1.384220175 0)
(13.94558824 1.384220175 0)
(16.73470588 1.384220175 0)
(19.52382353 1.384220175 0)
(22.31294118 1.384220175 0)
(25.10205882 1.384220175 0)
(27.89117647 1.384220175 0)
(30.68029412 1.384220175 0)
(33.46941176 1.384220175 0)
(36.25852941 1.384220175 0)
(39.04764706 1.384220175 0)
(41.83676471 1.384220175 0)
(44.62588235 1.384220175 0)
(47.415 1.384220175 0)
(50.20411765 1.384220175 0)
(52.99323529 1.384220175 0)
(55.78235294 1.384220175 0)
(58.57147059 1.384220175 0)
(61.36058824 1.384220175 0)
(64.14970588 1.384220175 0)
(66.93882353 1.384220175 0)
(69.72794118 1.384220175 0)
(72.51705882 1.384220175 0)
(75.30617647 1.384220175 0)
(78.09529412 1.384220175 0)
(80.88441176 1.384220175 0)
(83.67352941 1.384220175 0)
(86.46264706 1.384220175 0)
(89.25176471 1.384220175 0)
(92.04088235 1.384220175 0)
(94.83 1.384220175 0)
(97.61911765 1.384220175 0)
(100.4082353 1.384220175 0)
(103.1973529 1.384220175 0)
(105.9864706 1.384220175 0)
(108.7755882 1.384220175 0)
(111.5647059 1.384220175 0)
(114.3538235 1.384220175 0)
(117.1429412 1.384220175 0)
(119.9320588 1.384220175 0)
(122.7211765 1.384220175 0)
(125.5102941 1.384220175 0)
(128.2994118 1.384220175 0)
(131.0885294 1.384220175 0)
(133.8776471 1.384220175 0)
(136.6667647 1.384220175 0)
(139.4558824 1.384220175 0)
(142.245 1.384220175 0)
(0 1.903744162 0)
(2.789117647 1.903744162 0)
(5.578235294 1.903744162 0)
(8.367352941 1.903744162 0)
(11.15647059 1.903744162 0)
(13.94558824 1.903744162 0)
(16.73470588 1.903744162 0)
(19.52382353 1.903744162 0)
(22.31294118 1.903744162 0)
(25.10205882 1.903744162 0)
(27.89117647 1.903744162 0)
(30.68029412 1.903744162 0)
(33.46941176 1.903744162 0)
(36.25852941 1.903744162 0)
(39.04764706 1.903744162 0)
(41.83676471 1.903744162 0)
(44.62588235 1.903744162 0)
(47.415 1.903744162 0)
(50.20411765 1.903744162 0)
(52.99323529 1.903744162 0)
(55.78235294 1.903744162 0)
(58.57147059 1.903744162 0)
(61.36058824 1.903744162 0)
(64.14970588 1.903744162 0)
(66.93882353 1.903744162 0)
(69.72794118 1.903744162 0)
(72.51705882 1.903744162 0)
(75.30617647 1.903744162 0)
(78.09529412 1.903744162 0)
(80.88441176 1.903744162 0)
(83.67352941 1.903744162 0)
(86.46264706 1.903744162 0)
(89.25176471 1.903744162 0)
(92.04088235 1.903744162 0)
(94.83 1.903744162 0)
(97.61911765 1.903744162 0)
(100.4082353 1.903744162 0)
(103.1973529 1.903744162 0)
(105.9864706 1.903744162 0)
(108.7755882 1.903744162 0)
(111.5647059 1.903744162 0)
(114.3538235 1.903744162 0)
(117.1429412 1.903744162 0)
(119.9320588 1.903744162 0)
(122.7211765 1.903744162 0)
(125.5102941 1.903744162 0)
(128.2994118 1.903744162 0)
(131.0885294 1.903744162 0)
(133.8776471 1.903744162 0)
(136.6667647 1.903744162 0)
(139.4558824 1.903744162 0)
(142.245 1.903744162 0)
(0 2.455346634 0)
(2.789117647 2.455346634 0)
(5.578235294 2.455346634 0)
(8.367352941 2.455346634 0)
(11.15647059 2.455346634 0)
(13.94558824 2.455346634 0)
(16.73470588 2.455346634 0)
(19.52382353 2.455346634 0)
(22.31294118 2.455346634 0)
(25.10205882 2.455346634 0)
(27.89117647 2.455346634 0)
(30.68029412 2.455346634 0)
(33.46941176 2.455346634 0)
(36.25852941 2.455346634 0)
(39.04764706 2.455346634 0)
(41.83676471 2.455346634 0)
(44.62588235 2.455346634 0)
(47.415 2.455346634 0)
(50.20411765 2.455346634 0)
(52.99323529 2.455346634 0)
(55.78235294 2.455346634 0)
(58.57147059 2.455346634 0)
(61.36058824 2.455346634 0)
(64.14970588 2.455346634 0)
(66.93882353 2.455346634 0)
(69.72794118 2.455346634 0)
(72.51705882 2.455346634 0)
(75.30617647 2.455346634 0)
(78.09529412 2.455346634 0)
(80.88441176 2.455346634 0)
(83.67352941 2.455346634 0)
(86.46264706 2.455346634 0)
(89.25176471 2.455346634 0)
(92.04088235 2.455346634 0)
(94.83 2.455346634 0)
(97.61911765 2.455346634 0)
(100.4082353 2.455346634 0)
(103.1973529 2.455346634 0)
(105.9864706 2.455346634 0)
(108.7755882 2.455346634 0)
(111.5647059 2.455346634 0)
(114.3538235 2.455346634 0)
(117.1429412 2.455346634 0)
(119.9320588 2.455346634 0)
(122.7211765 2.455346634 0)
(125.5102941 2.455346634 0)
(128.2994118 2.455346634 0)
(131.0885294 2.455346634 0)
(133.8776471 2.455346634 0)
(136.6667647 2.455346634 0)
(139.4558824 2.455346634 0)
(142.245 2.455346634 0)
(0 3.041008306 0)
(2.789117647 3.041008306 0)
(5.578235294 3.041008306 0)
(8.367352941 3.041008306 0)
(11.15647059 3.041008306 0)
(13.94558824 3.041008306 0)
(16.73470588 3.041008306 0)
(19.52382353 3.041008306 0)
(22.31294118 3.041008306 0)
(25.10205882 3.041008306 0)
(27.89117647 3.041008306 0)
(30.68029412 3.041008306 0)
(33.46941176 3.041008306 0)
(36.25852941 3.041008306 0)
(39.04764706 3.041008306 0)
(41.83676471 3.041008306 0)
(44.62588235 3.041008306 0)
(47.415 3.041008306 0)
(50.20411765 3.041008306 0)
(52.99323529 3.041008306 0)
(55.78235294 3.041008306 0)
(58.57147059 3.041008306 0)
(61.36058824 3.041008306 0)
(64.14970588 3.041008306 0)
(66.93882353 3.041008306 0)
(69.72794118 3.041008306 0)
(72.51705882 3.041008306 0)
(75.30617647 3.041008306 0)
(78.09529412 3.041008306 0)
(80.88441176 3.041008306 0)
(83.67352941 3.041008306 0)
(86.46264706 3.041008306 0)
(89.25176471 3.041008306 0)
(92.04088235 3.041008306 0)
(94.83 3.041008306 0)
(97.61911765 3.041008306 0)
(100.4082353 3.041008306 0)
(103.1973529 3.041008306 0)
(105.9864706 3.041008306 0)
(108.7755882 3.041008306 0)
(111.5647059 3.041008306 0)
(114.3538235 3.041008306 0)
(117.1429412 3.041008306 0)
(119.9320588 3.041008306 0)
(122.7211765 3.041008306 0)
(125.5102941 3.041008306 0)
(128.2994118 3.041008306 0)
(131.0885294 3.041008306 0)
(133.8776471 3.041008306 0)
(136.6667647 3.041008306 0)
(139.4558824 3.041008306 0)
(142.245 3.041008306 0)
(0 3.662832196 0)
(2.789117647 3.662832196 0)
(5.578235294 3.662832196 0)
(8.367352941 3.662832196 0)
(11.15647059 3.662832196 0)
(13.94558824 3.662832196 0)
(16.73470588 3.662832196 0)
(19.52382353 3.662832196 0)
(22.31294118 3.662832196 0)
(25.10205882 3.662832196 0)
(27.89117647 3.662832196 0)
(30.68029412 3.662832196 0)
(33.46941176 3.662832196 0)
(36.25852941 3.662832196 0)
(39.04764706 3.662832196 0)
(41.83676471 3.662832196 0)
(44.62588235 3.662832196 0)
(47.415 3.662832196 0)
(50.20411765 3.662832196 0)
(52.99323529 3.662832196 0)
(55.78235294 3.662832196 0)
(58.57147059 3.662832196 0)
(61.36058824 3.662832196 0)
(64.14970588 3.662832196 0)
(66.93882353 3.662832196 0)
(69.72794118 3.662832196 0)
(72.51705882 3.662832196 0)
(75.30617647 3.662832196 0)
(78.09529412 3.662832196 0)
(80.88441176 3.662832196 0)
(83.67352941 3.662832196 0)
(86.46264706 3.662832196 0)
(89.25176471 3.662832196 0)
(92.04088235 3.662832196 0)
(94.83 3.662832196 0)
(97.61911765 3.662832196 0)
(100.4082353 3.662832196 0)
(103.1973529 3.662832196 0)
(105.9864706 3.662832196 0)
(108.7755882 3.662832196 0)
(111.5647059 3.662832196 0)
(114.3538235 3.662832196 0)
(117.1429412 3.662832196 0)
(119.9320588 3.662832196 0)
(122.7211765 3.662832196 0)
(125.5102941 3.662832196 0)
(128.2994118 3.662832196 0)
(131.0885294 3.662832196 0)
(133.8776471 3.662832196 0)
(136.6667647 3.662832196 0)
(139.4558824 3.662832196 0)
(142.245 3.662832196 0)
(0 4.323051173 0)
(2.789117647 4.323051173 0)
(5.578235294 4.323051173 0)
(8.367352941 4.323051173 0)
(11.15647059 4.323051173 0)
(13.94558824 4.323051173 0)
(16.73470588 4.323051173 0)
(19.52382353 4.323051173 0)
(22.31294118 4.323051173 0)
(25.10205882 4.323051173 0)
(27.89117647 4.323051173 0)
(30.68029412 4.323051173 0)
(33.46941176 4.323051173 0)
(36.25852941 4.323051173 0)
(39.04764706 4.323051173 0)
(41.83676471 4.323051173 0)
(44.62588235 4.323051173 0)
(47.415 4.323051173 0)
(50.20411765 4.323051173 0)
(52.99323529 4.323051173 0)
(55.78235294 4.323051173 0)
(58.57147059 4.323051173 0)
(61.36058824 4.323051173 0)
(64.14970588 4.323051173 0)
(66.93882353 4.323051173 0)
(69.72794118 4.323051173 0)
(72.51705882 4.323051173 0)
(75.30617647 4.323051173 0)
(78.09529412 4.323051173 0)
(80.88441176 4.323051173 0)
(83.67352941 4.323051173 0)
(86.46264706 4.323051173 0)
(89.25176471 4.323051173 0)
(92.04088235 4.323051173 0)
(94.83 4.323051173 0)
(97.61911765 4.323051173 0)
(100.4082353 4.323051173 0)
(103.1973529 4.323051173 0)
(105.9864706 4.323051173 0)
(108.7755882 4.323051173 0)
(111.5647059 4.323051173 0)
(114.3538235 4.323051173 0)
(117.1429412 4.323051173 0)
(119.9320588 4.323051173 0)
(122.7211765 4.323051173 0)
(125.5102941 4.323051173 0)
(128.2994118 4.323051173 0)
(131.0885294 4.323051173 0)
(133.8776471 4.323051173 0)
(136.6667647 4.323051173 0)
(139.4558824 4.323051173 0)
(142.245 4.323051173 0)
(0 5.024035977 0)
(2.789117647 5.024035977 0)
(5.578235294 5.024035977 0)
(8.367352941 5.024035977 0)
(11.15647059 5.024035977 0)
(13.94558824 5.024035977 0)
(16.73470588 5.024035977 0)
(19.52382353 5.024035977 0)
(22.31294118 5.024035977 0)
(25.10205882 5.024035977 0)
(27.89117647 5.024035977 0)
(30.68029412 5.024035977 0)
(33.46941176 5.024035977 0)
(36.25852941 5.024035977 0)
(39.04764706 5.024035977 0)
(41.83676471 5.024035977 0)
(44.62588235 5.024035977 0)
(47.415 5.024035977 0)
(50.20411765 5.024035977 0)
(52.99323529 5.024035977 0)
(55.78235294 5.024035977 0)
(58.57147059 5.024035977 0)
(61.36058824 5.024035977 0)
(64.14970588 5.024035977 0)
(66.93882353 5.024035977 0)
(69.72794118 5.024035977 0)
(72.51705882 5.024035977 0)
(75.30617647 5.024035977 0)
(78.09529412 5.024035977 0)
(80.88441176 5.024035977 0)
(83.67352941 5.024035977 0)
(86.46264706 5.024035977 0)
(89.25176471 5.024035977 0)
(92.04088235 5.024035977 0)
(94.83 5.024035977 0)
(97.61911765 5.024035977 0)
(100.4082353 5.024035977 0)
(103.1973529 5.024035977 0)
(105.9864706 5.024035977 0)
(108.7755882 5.024035977 0)
(111.5647059 5.024035977 0)
(114.3538235 5.024035977 0)
(117.1429412 5.024035977 0)
(119.9320588 5.024035977 0)
(122.7211765 5.024035977 0)
(125.5102941 5.024035977 0)
(128.2994118 5.024035977 0)
(131.0885294 5.024035977 0)
(133.8776471 5.024035977 0)
(136.6667647 5.024035977 0)
(139.4558824 5.024035977 0)
(142.245 5.024035977 0)
(0 5.768303731 0)
(2.789117647 5.768303731 0)
(5.578235294 5.768303731 0)
(8.367352941 5.768303731 0)
(11.15647059 5.768303731 0)
(13.94558824 5.768303731 0)
(16.73470588 5.768303731 0)
(19.52382353 5.768303731 0)
(22.31294118 5.768303731 0)
(25.10205882 5.768303731 0)
(27.89117647 5.768303731 0)
(30.68029412 5.768303731 0)
(33.46941176 5.768303731 0)
(36.25852941 5.768303731 0)
(39.04764706 5.768303731 0)
(41.83676471 5.768303731 0)
(44.62588235 5.768303731 0)
(47.415 5.768303731 0)
(50.20411765 5.768303731 0)
(52.99323529 5.768303731 0)
(55.78235294 5.768303731 0)
(58.57147059 5.768303731 0)
(61.36058824 5.768303731 0)
(64.14970588 5.768303731 0)
(66.93882353 5.768303731 0)
(69.72794118 5.768303731 0)
(72.51705882 5.768303731 0)
(75.30617647 5.768303731 0)
(78.09529412 5.768303731 0)
(80.88441176 5.768303731 0)
(83.67352941 5.768303731 0)
(86.46264706 5.768303731 0)
(89.25176471 5.768303731 0)
(92.04088235 5.768303731 0)
(94.83 5.768303731 0)
(97.61911765 5.768303731 0)
(100.4082353 5.768303731 0)
(103.1973529 5.768303731 0)
(105.9864706 5.768303731 0)
(108.7755882 5.768303731 0)
(111.5647059 5.768303731 0)
(114.3538235 5.768303731 0)
(117.1429412 5.768303731 0)
(119.9320588 5.768303731 0)
(122.7211765 5.768303731 0)
(125.5102941 5.768303731 0)
(128.2994118 5.768303731 0)
(131.0885294 5.768303731 0)
(133.8776471 5.768303731 0)
(136.6667647 5.768303731 0)
(139.4558824 5.768303731 0)
(142.245 5.768303731 0)
(0 6.558526981 0)
(2.789117647 6.558526981 0)
(5.578235294 6.558526981 0)
(8.367352941 6.558526981 0)
(11.15647059 6.558526981 0)
(13.94558824 6.558526981 0)
(16.73470588 6.558526981 0)
(19.52382353 6.558526981 0)
(22.31294118 6.558526981 0)
(25.10205882 6.558526981 0)
(27.89117647 6.558526981 0)
(30.68029412 6.558526981 0)
(33.46941176 6.558526981 0)
(36.25852941 6.558526981 0)
(39.04764706 6.558526981 0)
(41.83676471 6.558526981 0)
(44.62588235 6.558526981 0)
(47.415 6.558526981 0)
(50.20411765 6.558526981 0)
(52.99323529 6.558526981 0)
(55.78235294 6.558526981 0)
(58.57147059 6.558526981 0)
(61.36058824 6.558526981 0)
(64.14970588 6.558526981 0)
(66.93882353 6.558526981 0)
(69.72794118 6.558526981 0)
(72.51705882 6.558526981 0)
(75.30617647 6.558526981 0)
(78.09529412 6.558526981 0)
(80.88441176 6.558526981 0)
(83.67352941 6.558526981 0)
(86.46264706 6.558526981 0)
(89.25176471 6.558526981 0)
(92.04088235 6.558526981 0)
(94.83 6.558526981 0)
(97.61911765 6.558526981 0)
(100.4082353 6.558526981 0)
(103.1973529 6.558526981 0)
(105.9864706 6.558526981 0)
(108.7755882 6.558526981 0)
(111.5647059 6.558526981 0)
(114.3538235 6.558526981 0)
(117.1429412 6.558526981 0)
(119.9320588 6.558526981 0)
(122.7211765 6.558526981 0)
(125.5102941 6.558526981 0)
(128.2994118 6.558526981 0)
(131.0885294 6.558526981 0)
(133.8776471 6.558526981 0)
(136.6667647 6.558526981 0)
(139.4558824 6.558526981 0)
(142.245 6.558526981 0)
(0 7.39754329 0)
(2.789117647 7.39754329 0)
(5.578235294 7.39754329 0)
(8.367352941 7.39754329 0)
(11.15647059 7.39754329 0)
(13.94558824 7.39754329 0)
(16.73470588 7.39754329 0)
(19.52382353 7.39754329 0)
(22.31294118 7.39754329 0)
(25.10205882 7.39754329 0)
(27.89117647 7.39754329 0)
(30.68029412 7.39754329 0)
(33.46941176 7.39754329 0)
(36.25852941 7.39754329 0)
(39.04764706 7.39754329 0)
(41.83676471 7.39754329 0)
(44.62588235 7.39754329 0)
(47.415 7.39754329 0)
(50.20411765 7.39754329 0)
(52.99323529 7.39754329 0)
(55.78235294 7.39754329 0)
(58.57147059 7.39754329 0)
(61.36058824 7.39754329 0)
(64.14970588 7.39754329 0)
(66.93882353 7.39754329 0)
(69.72794118 7.39754329 0)
(72.51705882 7.39754329 0)
(75.30617647 7.39754329 0)
(78.09529412 7.39754329 0)
(80.88441176 7.39754329 0)
(83.67352941 7.39754329 0)
(86.46264706 7.39754329 0)
(89.25176471 7.39754329 0)
(92.04088235 7.39754329 0)
(94.83 7.39754329 0)
(97.61911765 7.39754329 0)
(100.4082353 7.39754329 0)
(103.1973529 7.39754329 0)
(105.9864706 7.39754329 0)
(108.7755882 7.39754329 0)
(111.5647059 7.39754329 0)
(114.3538235 7.39754329 0)
(117.1429412 7.39754329 0)
(119.9320588 7.39754329 0)
(122.7211765 7.39754329 0)
(125.5102941 7.39754329 0)
(128.2994118 7.39754329 0)
(131.0885294 7.39754329 0)
(133.8776471 7.39754329 0)
(136.6667647 7.39754329 0)
(139.4558824 7.39754329 0)
(142.245 7.39754329 0)
(0 8.288365432 0)
(2.789117647 8.288365432 0)
(5.578235294 8.288365432 0)
(8.367352941 8.288365432 0)
(11.15647059 8.288365432 0)
(13.94558824 8.288365432 0)
(16.73470588 8.288365432 0)
(19.52382353 8.288365432 0)
(22.31294118 8.288365432 0)
(25.10205882 8.288365432 0)
(27.89117647 8.288365432 0)
(30.68029412 8.288365432 0)
(33.46941176 8.288365432 0)
(36.25852941 8.288365432 0)
(39.04764706 8.288365432 0)
(41.83676471 8.288365432 0)
(44.62588235 8.288365432 0)
(47.415 8.288365432 0)
(50.20411765 8.288365432 0)
(52.99323529 8.288365432 0)
(55.78235294 8.288365432 0)
(58.57147059 8.288365432 0)
(61.36058824 8.288365432 0)
(64.14970588 8.288365432 0)
(66.93882353 8.288365432 0)
(69.72794118 8.288365432 0)
(72.51705882 8.288365432 0)
(75.30617647 8.288365432 0)
(78.09529412 8.288365432 0)
(80.88441176 8.288365432 0)
(83.67352941 8.288365432 0)
(86.46264706 8.288365432 0)
(89.25176471 8.288365432 0)
(92.04088235 8.288365432 0)
(94.83 8.288365432 0)
(97.61911765 8.288365432 0)
(100.4082353 8.288365432 0)
(103.1973529 8.288365432 0)
(105.9864706 8.288365432 0)
(108.7755882 8.288365432 0)
(111.5647059 8.288365432 0)
(114.3538235 8.288365432 0)
(117.1429412 8.288365432 0)
(119.9320588 8.288365432 0)
(122.7211765 8.288365432 0)
(125.5102941 8.288365432 0)
(128.2994118 8.288365432 0)
(131.0885294 8.288365432 0)
(133.8776471 8.288365432 0)
(136.6667647 8.288365432 0)
(139.4558824 8.288365432 0)
(142.245 8.288365432 0)
(0 9.234192204 0)
(2.789117647 9.234192204 0)
(5.578235294 9.234192204 0)
(8.367352941 9.234192204 0)
(11.15647059 9.234192204 0)
(13.94558824 9.234192204 0)
(16.73470588 9.234192204 0)
(19.52382353 9.234192204 0)
(22.31294118 9.234192204 0)
(25.10205882 9.234192204 0)
(27.89117647 9.234192204 0)
(30.68029412 9.234192204 0)
(33.46941176 9.234192204 0)
(36.25852941 9.234192204 0)
(39.04764706 9.234192204 0)
(41.83676471 9.234192204 0)
(44.62588235 9.234192204 0)
(47.415 9.234192204 0)
(50.20411765 9.234192204 0)
(52.99323529 9.234192204 0)
(55.78235294 9.234192204 0)
(58.57147059 9.234192204 0)
(61.36058824 9.234192204 0)
(64.14970588 9.234192204 0)
(66.93882353 9.234192204 0)
(69.72794118 9.234192204 0)
(72.51705882 9.234192204 0)
(75.30617647 9.234192204 0)
(78.09529412 9.234192204 0)
(80.88441176 9.234192204 0)
(83.67352941 9.234192204 0)
(86.46264706 9.234192204 0)
(89.25176471 9.234192204 0)
(92.04088235 9.234192204 0)
(94.83 9.234192204 0)
(97.61911765 9.234192204 0)
(100.4082353 9.234192204 0)
(103.1973529 9.234192204 0)
(105.9864706 9.234192204 0)
(108.7755882 9.234192204 0)
(111.5647059 9.234192204 0)
(114.3538235 9.234192204 0)
(117.1429412 9.234192204 0)
(119.9320588 9.234192204 0)
(122.7211765 9.234192204 0)
(125.5102941 9.234192204 0)
(128.2994118 9.234192204 0)
(131.0885294 9.234192204 0)
(133.8776471 9.234192204 0)
(136.6667647 9.234192204 0)
(139.4558824 9.234192204 0)
(142.245 9.234192204 0)
(0 10.23841992 0)
(2.789117647 10.23841992 0)
(5.578235294 10.23841992 0)
(8.367352941 10.23841992 0)
(11.15647059 10.23841992 0)
(13.94558824 10.23841992 0)
(16.73470588 10.23841992 0)
(19.52382353 10.23841992 0)
(22.31294118 10.23841992 0)
(25.10205882 10.23841992 0)
(27.89117647 10.23841992 0)
(30.68029412 10.23841992 0)
(33.46941176 10.23841992 0)
(36.25852941 10.23841992 0)
(39.04764706 10.23841992 0)
(41.83676471 10.23841992 0)
(44.62588235 10.23841992 0)
(47.415 10.23841992 0)
(50.20411765 10.23841992 0)
(52.99323529 10.23841992 0)
(55.78235294 10.23841992 0)
(58.57147059 10.23841992 0)
(61.36058824 10.23841992 0)
(64.14970588 10.23841992 0)
(66.93882353 10.23841992 0)
(69.72794118 10.23841992 0)
(72.51705882 10.23841992 0)
(75.30617647 10.23841992 0)
(78.09529412 10.23841992 0)
(80.88441176 10.23841992 0)
(83.67352941 10.23841992 0)
(86.46264706 10.23841992 0)
(89.25176471 10.23841992 0)
(92.04088235 10.23841992 0)
(94.83 10.23841992 0)
(97.61911765 10.23841992 0)
(100.4082353 10.23841992 0)
(103.1973529 10.23841992 0)
(105.9864706 10.23841992 0)
(108.7755882 10.23841992 0)
(111.5647059 10.23841992 0)
(114.3538235 10.23841992 0)
(117.1429412 10.23841992 0)
(119.9320588 10.23841992 0)
(122.7211765 10.23841992 0)
(125.5102941 10.23841992 0)
(128.2994118 10.23841992 0)
(131.0885294 10.23841992 0)
(133.8776471 10.23841992 0)
(136.6667647 10.23841992 0)
(139.4558824 10.23841992 0)
(142.245 10.23841992 0)
(0 11.30465459 0)
(2.789117647 11.30465459 0)
(5.578235294 11.30465459 0)
(8.367352941 11.30465459 0)
(11.15647059 11.30465459 0)
(13.94558824 11.30465459 0)
(16.73470588 11.30465459 0)
(19.52382353 11.30465459 0)
(22.31294118 11.30465459 0)
(25.10205882 11.30465459 0)
(27.89117647 11.30465459 0)
(30.68029412 11.30465459 0)
(33.46941176 11.30465459 0)
(36.25852941 11.30465459 0)
(39.04764706 11.30465459 0)
(41.83676471 11.30465459 0)
(44.62588235 11.30465459 0)
(47.415 11.30465459 0)
(50.20411765 11.30465459 0)
(52.99323529 11.30465459 0)
(55.78235294 11.30465459 0)
(58.57147059 11.30465459 0)
(61.36058824 11.30465459 0)
(64.14970588 11.30465459 0)
(66.93882353 11.30465459 0)
(69.72794118 11.30465459 0)
(72.51705882 11.30465459 0)
(75.30617647 11.30465459 0)
(78.09529412 11.30465459 0)
(80.88441176 11.30465459 0)
(83.67352941 11.30465459 0)
(86.46264706 11.30465459 0)
(89.25176471 11.30465459 0)
(92.04088235 11.30465459 0)
(94.83 11.30465459 0)
(97.61911765 11.30465459 0)
(100.4082353 11.30465459 0)
(103.1973529 11.30465459 0)
(105.9864706 11.30465459 0)
(108.7755882 11.30465459 0)
(111.5647059 11.30465459 0)
(114.3538235 11.30465459 0)
(117.1429412 11.30465459 0)
(119.9320588 11.30465459 0)
(122.7211765 11.30465459 0)
(125.5102941 11.30465459 0)
(128.2994118 11.30465459 0)
(131.0885294 11.30465459 0)
(133.8776471 11.30465459 0)
(136.6667647 11.30465459 0)
(139.4558824 11.30465459 0)
(142.245 11.30465459 0)
(0 12.43672491 0)
(2.789117647 12.43672491 0)
(5.578235294 12.43672491 0)
(8.367352941 12.43672491 0)
(11.15647059 12.43672491 0)
(13.94558824 12.43672491 0)
(16.73470588 12.43672491 0)
(19.52382353 12.43672491 0)
(22.31294118 12.43672491 0)
(25.10205882 12.43672491 0)
(27.89117647 12.43672491 0)
(30.68029412 12.43672491 0)
(33.46941176 12.43672491 0)
(36.25852941 12.43672491 0)
(39.04764706 12.43672491 0)
(41.83676471 12.43672491 0)
(44.62588235 12.43672491 0)
(47.415 12.43672491 0)
(50.20411765 12.43672491 0)
(52.99323529 12.43672491 0)
(55.78235294 12.43672491 0)
(58.57147059 12.43672491 0)
(61.36058824 12.43672491 0)
(64.14970588 12.43672491 0)
(66.93882353 12.43672491 0)
(69.72794118 12.43672491 0)
(72.51705882 12.43672491 0)
(75.30617647 12.43672491 0)
(78.09529412 12.43672491 0)
(80.88441176 12.43672491 0)
(83.67352941 12.43672491 0)
(86.46264706 12.43672491 0)
(89.25176471 12.43672491 0)
(92.04088235 12.43672491 0)
(94.83 12.43672491 0)
(97.61911765 12.43672491 0)
(100.4082353 12.43672491 0)
(103.1973529 12.43672491 0)
(105.9864706 12.43672491 0)
(108.7755882 12.43672491 0)
(111.5647059 12.43672491 0)
(114.3538235 12.43672491 0)
(117.1429412 12.43672491 0)
(119.9320588 12.43672491 0)
(122.7211765 12.43672491 0)
(125.5102941 12.43672491 0)
(128.2994118 12.43672491 0)
(131.0885294 12.43672491 0)
(133.8776471 12.43672491 0)
(136.6667647 12.43672491 0)
(139.4558824 12.43672491 0)
(142.245 12.43672491 0)
(0 13.63869595 0)
(2.789117647 13.63869595 0)
(5.578235294 13.63869595 0)
(8.367352941 13.63869595 0)
(11.15647059 13.63869595 0)
(13.94558824 13.63869595 0)
(16.73470588 13.63869595 0)
(19.52382353 13.63869595 0)
(22.31294118 13.63869595 0)
(25.10205882 13.63869595 0)
(27.89117647 13.63869595 0)
(30.68029412 13.63869595 0)
(33.46941176 13.63869595 0)
(36.25852941 13.63869595 0)
(39.04764706 13.63869595 0)
(41.83676471 13.63869595 0)
(44.62588235 13.63869595 0)
(47.415 13.63869595 0)
(50.20411765 13.63869595 0)
(52.99323529 13.63869595 0)
(55.78235294 13.63869595 0)
(58.57147059 13.63869595 0)
(61.36058824 13.63869595 0)
(64.14970588 13.63869595 0)
(66.93882353 13.63869595 0)
(69.72794118 13.63869595 0)
(72.51705882 13.63869595 0)
(75.30617647 13.63869595 0)
(78.09529412 13.63869595 0)
(80.88441176 13.63869595 0)
(83.67352941 13.63869595 0)
(86.46264706 13.63869595 0)
(89.25176471 13.63869595 0)
(92.04088235 13.63869595 0)
(94.83 13.63869595 0)
(97.61911765 13.63869595 0)
(100.4082353 13.63869595 0)
(103.1973529 13.63869595 0)
(105.9864706 13.63869595 0)
(108.7755882 13.63869595 0)
(111.5647059 13.63869595 0)
(114.3538235 13.63869595 0)
(117.1429412 13.63869595 0)
(119.9320588 13.63869595 0)
(122.7211765 13.63869595 0)
(125.5102941 13.63869595 0)
(128.2994118 13.63869595 0)
(131.0885294 13.63869595 0)
(133.8776471 13.63869595 0)
(136.6667647 13.63869595 0)
(139.4558824 13.63869595 0)
(142.245 13.63869595 0)
(0 14.91488379 0)
(2.789117647 14.91488379 0)
(5.578235294 14.91488379 0)
(8.367352941 14.91488379 0)
(11.15647059 14.91488379 0)
(13.94558824 14.91488379 0)
(16.73470588 14.91488379 0)
(19.52382353 14.91488379 0)
(22.31294118 14.91488379 0)
(25.10205882 14.91488379 0)
(27.89117647 14.91488379 0)
(30.68029412 14.91488379 0)
(33.46941176 14.91488379 0)
(36.25852941 14.91488379 0)
(39.04764706 14.91488379 0)
(41.83676471 14.91488379 0)
(44.62588235 14.91488379 0)
(47.415 14.91488379 0)
(50.20411765 14.91488379 0)
(52.99323529 14.91488379 0)
(55.78235294 14.91488379 0)
(58.57147059 14.91488379 0)
(61.36058824 14.91488379 0)
(64.14970588 14.91488379 0)
(66.93882353 14.91488379 0)
(69.72794118 14.91488379 0)
(72.51705882 14.91488379 0)
(75.30617647 14.91488379 0)
(78.09529412 14.91488379 0)
(80.88441176 14.91488379 0)
(83.67352941 14.91488379 0)
(86.46264706 14.91488379 0)
(89.25176471 14.91488379 0)
(92.04088235 14.91488379 0)
(94.83 14.91488379 0)
(97.61911765 14.91488379 0)
(100.4082353 14.91488379 0)
(103.1973529 14.91488379 0)
(105.9864706 14.91488379 0)
(108.7755882 14.91488379 0)
(111.5647059 14.91488379 0)
(114.3538235 14.91488379 0)
(117.1429412 14.91488379 0)
(119.9320588 14.91488379 0)
(122.7211765 14.91488379 0)
(125.5102941 14.91488379 0)
(128.2994118 14.91488379 0)
(131.0885294 14.91488379 0)
(133.8776471 14.91488379 0)
(136.6667647 14.91488379 0)
(139.4558824 14.91488379 0)
(142.245 14.91488379 0)
(0 16.26987102 0)
(2.789117647 16.26987102 0)
(5.578235294 16.26987102 0)
(8.367352941 16.26987102 0)
(11.15647059 16.26987102 0)
(13.94558824 16.26987102 0)
(16.73470588 16.26987102 0)
(19.52382353 16.26987102 0)
(22.31294118 16.26987102 0)
(25.10205882 16.26987102 0)
(27.89117647 16.26987102 0)
(30.68029412 16.26987102 0)
(33.46941176 16.26987102 0)
(36.25852941 16.26987102 0)
(39.04764706 16.26987102 0)
(41.83676471 16.26987102 0)
(44.62588235 16.26987102 0)
(47.415 16.26987102 0)
(50.20411765 16.26987102 0)
(52.99323529 16.26987102 0)
(55.78235294 16.26987102 0)
(58.57147059 16.26987102 0)
(61.36058824 16.26987102 0)
(64.14970588 16.26987102 0)
(66.93882353 16.26987102 0)
(69.72794118 16.26987102 0)
(72.51705882 16.26987102 0)
(75.30617647 16.26987102 0)
(78.09529412 16.26987102 0)
(80.88441176 16.26987102 0)
(83.67352941 16.26987102 0)
(86.46264706 16.26987102 0)
(89.25176471 16.26987102 0)
(92.04088235 16.26987102 0)
(94.83 16.26987102 0)
(97.61911765 16.26987102 0)
(100.4082353 16.26987102 0)
(103.1973529 16.26987102 0)
(105.9864706 16.26987102 0)
(108.7755882 16.26987102 0)
(111.5647059 16.26987102 0)
(114.3538235 16.26987102 0)
(117.1429412 16.26987102 0)
(119.9320588 16.26987102 0)
(122.7211765 16.26987102 0)
(125.5102941 16.26987102 0)
(128.2994118 16.26987102 0)
(131.0885294 16.26987102 0)
(133.8776471 16.26987102 0)
(136.6667647 16.26987102 0)
(139.4558824 16.26987102 0)
(142.245 16.26987102 0)
(0 17.70852318 0)
(2.789117647 17.70852318 0)
(5.578235294 17.70852318 0)
(8.367352941 17.70852318 0)
(11.15647059 17.70852318 0)
(13.94558824 17.70852318 0)
(16.73470588 17.70852318 0)
(19.52382353 17.70852318 0)
(22.31294118 17.70852318 0)
(25.10205882 17.70852318 0)
(27.89117647 17.70852318 0)
(30.68029412 17.70852318 0)
(33.46941176 17.70852318 0)
(36.25852941 17.70852318 0)
(39.04764706 17.70852318 0)
(41.83676471 17.70852318 0)
(44.62588235 17.70852318 0)
(47.415 17.70852318 0)
(50.20411765 17.70852318 0)
(52.99323529 17.70852318 0)
(55.78235294 17.70852318 0)
(58.57147059 17.70852318 0)
(61.36058824 17.70852318 0)
(64.14970588 17.70852318 0)
(66.93882353 17.70852318 0)
(69.72794118 17.70852318 0)
(72.51705882 17.70852318 0)
(75.30617647 17.70852318 0)
(78.09529412 17.70852318 0)
(80.88441176 17.70852318 0)
(83.67352941 17.70852318 0)
(86.46264706 17.70852318 0)
(89.25176471 17.70852318 0)
(92.04088235 17.70852318 0)
(94.83 17.70852318 0)
(97.61911765 17.70852318 0)
(100.4082353 17.70852318 0)
(103.1973529 17.70852318 0)
(105.9864706 17.70852318 0)
(108.7755882 17.70852318 0)
(111.5647059 17.70852318 0)
(114.3538235 17.70852318 0)
(117.1429412 17.70852318 0)
(119.9320588 17.70852318 0)
(122.7211765 17.70852318 0)
(125.5102941 17.70852318 0)
(128.2994118 17.70852318 0)
(131.0885294 17.70852318 0)
(133.8776471 17.70852318 0)
(136.6667647 17.70852318 0)
(139.4558824 17.70852318 0)
(142.245 17.70852318 0)
(0 19.23600624 0)
(2.789117647 19.23600624 0)
(5.578235294 19.23600624 0)
(8.367352941 19.23600624 0)
(11.15647059 19.23600624 0)
(13.94558824 19.23600624 0)
(16.73470588 19.23600624 0)
(19.52382353 19.23600624 0)
(22.31294118 19.23600624 0)
(25.10205882 19.23600624 0)
(27.89117647 19.23600624 0)
(30.68029412 19.23600624 0)
(33.46941176 19.23600624 0)
(36.25852941 19.23600624 0)
(39.04764706 19.23600624 0)
(41.83676471 19.23600624 0)
(44.62588235 19.23600624 0)
(47.415 19.23600624 0)
(50.20411765 19.23600624 0)
(52.99323529 19.23600624 0)
(55.78235294 19.23600624 0)
(58.57147059 19.23600624 0)
(61.36058824 19.23600624 0)
(64.14970588 19.23600624 0)
(66.93882353 19.23600624 0)
(69.72794118 19.23600624 0)
(72.51705882 19.23600624 0)
(75.30617647 19.23600624 0)
(78.09529412 19.23600624 0)
(80.88441176 19.23600624 0)
(83.67352941 19.23600624 0)
(86.46264706 19.23600624 0)
(89.25176471 19.23600624 0)
(92.04088235 19.23600624 0)
(94.83 19.23600624 0)
(97.61911765 19.23600624 0)
(100.4082353 19.23600624 0)
(103.1973529 19.23600624 0)
(105.9864706 19.23600624 0)
(108.7755882 19.23600624 0)
(111.5647059 19.23600624 0)
(114.3538235 19.23600624 0)
(117.1429412 19.23600624 0)
(119.9320588 19.23600624 0)
(122.7211765 19.23600624 0)
(125.5102941 19.23600624 0)
(128.2994118 19.23600624 0)
(131.0885294 19.23600624 0)
(133.8776471 19.23600624 0)
(136.6667647 19.23600624 0)
(139.4558824 19.23600624 0)
(142.245 19.23600624 0)
(0 20.85780514 0)
(2.789117647 20.85780514 0)
(5.578235294 20.85780514 0)
(8.367352941 20.85780514 0)
(11.15647059 20.85780514 0)
(13.94558824 20.85780514 0)
(16.73470588 20.85780514 0)
(19.52382353 20.85780514 0)
(22.31294118 20.85780514 0)
(25.10205882 20.85780514 0)
(27.89117647 20.85780514 0)
(30.68029412 20.85780514 0)
(33.46941176 20.85780514 0)
(36.25852941 20.85780514 0)
(39.04764706 20.85780514 0)
(41.83676471 20.85780514 0)
(44.62588235 20.85780514 0)
(47.415 20.85780514 0)
(50.20411765 20.85780514 0)
(52.99323529 20.85780514 0)
(55.78235294 20.85780514 0)
(58.57147059 20.85780514 0)
(61.36058824 20.85780514 0)
(64.14970588 20.85780514 0)
(66.93882353 20.85780514 0)
(69.72794118 20.85780514 0)
(72.51705882 20.85780514 0)
(75.30617647 20.85780514 0)
(78.09529412 20.85780514 0)
(80.88441176 20.85780514 0)
(83.67352941 20.85780514 0)
(86.46264706 20.85780514 0)
(89.25176471 20.85780514 0)
(92.04088235 20.85780514 0)
(94.83 20.85780514 0)
(97.61911765 20.85780514 0)
(100.4082353 20.85780514 0)
(103.1973529 20.85780514 0)
(105.9864706 20.85780514 0)
(108.7755882 20.85780514 0)
(111.5647059 20.85780514 0)
(114.3538235 20.85780514 0)
(117.1429412 20.85780514 0)
(119.9320588 20.85780514 0)
(122.7211765 20.85780514 0)
(125.5102941 20.85780514 0)
(128.2994118 20.85780514 0)
(131.0885294 20.85780514 0)
(133.8776471 20.85780514 0)
(136.6667647 20.85780514 0)
(139.4558824 20.85780514 0)
(142.245 20.85780514 0)
(0 22.5797435 0)
(2.789117647 22.5797435 0)
(5.578235294 22.5797435 0)
(8.367352941 22.5797435 0)
(11.15647059 22.5797435 0)
(13.94558824 22.5797435 0)
(16.73470588 22.5797435 0)
(19.52382353 22.5797435 0)
(22.31294118 22.5797435 0)
(25.10205882 22.5797435 0)
(27.89117647 22.5797435 0)
(30.68029412 22.5797435 0)
(33.46941176 22.5797435 0)
(36.25852941 22.5797435 0)
(39.04764706 22.5797435 0)
(41.83676471 22.5797435 0)
(44.62588235 22.5797435 0)
(47.415 22.5797435 0)
(50.20411765 22.5797435 0)
(52.99323529 22.5797435 0)
(55.78235294 22.5797435 0)
(58.57147059 22.5797435 0)
(61.36058824 22.5797435 0)
(64.14970588 22.5797435 0)
(66.93882353 22.5797435 0)
(69.72794118 22.5797435 0)
(72.51705882 22.5797435 0)
(75.30617647 22.5797435 0)
(78.09529412 22.5797435 0)
(80.88441176 22.5797435 0)
(83.67352941 22.5797435 0)
(86.46264706 22.5797435 0)
(89.25176471 22.5797435 0)
(92.04088235 22.5797435 0)
(94.83 22.5797435 0)
(97.61911765 22.5797435 0)
(100.4082353 22.5797435 0)
(103.1973529 22.5797435 0)
(105.9864706 22.5797435 0)
(108.7755882 22.5797435 0)
(111.5647059 22.5797435 0)
(114.3538235 22.5797435 0)
(117.1429412 22.5797435 0)
(119.9320588 22.5797435 0)
(122.7211765 22.5797435 0)
(125.5102941 22.5797435 0)
(128.2994118 22.5797435 0)
(131.0885294 22.5797435 0)
(133.8776471 22.5797435 0)
(136.6667647 22.5797435 0)
(139.4558824 22.5797435 0)
(142.245 22.5797435 0)
(0 24.40800453 0)
(2.789117647 24.40800453 0)
(5.578235294 24.40800453 0)
(8.367352941 24.40800453 0)
(11.15647059 24.40800453 0)
(13.94558824 24.40800453 0)
(16.73470588 24.40800453 0)
(19.52382353 24.40800453 0)
(22.31294118 24.40800453 0)
(25.10205882 24.40800453 0)
(27.89117647 24.40800453 0)
(30.68029412 24.40800453 0)
(33.46941176 24.40800453 0)
(36.25852941 24.40800453 0)
(39.04764706 24.40800453 0)
(41.83676471 24.40800453 0)
(44.62588235 24.40800453 0)
(47.415 24.40800453 0)
(50.20411765 24.40800453 0)
(52.99323529 24.40800453 0)
(55.78235294 24.40800453 0)
(58.57147059 24.40800453 0)
(61.36058824 24.40800453 0)
(64.14970588 24.40800453 0)
(66.93882353 24.40800453 0)
(69.72794118 24.40800453 0)
(72.51705882 24.40800453 0)
(75.30617647 24.40800453 0)
(78.09529412 24.40800453 0)
(80.88441176 24.40800453 0)
(83.67352941 24.40800453 0)
(86.46264706 24.40800453 0)
(89.25176471 24.40800453 0)
(92.04088235 24.40800453 0)
(94.83 24.40800453 0)
(97.61911765 24.40800453 0)
(100.4082353 24.40800453 0)
(103.1973529 24.40800453 0)
(105.9864706 24.40800453 0)
(108.7755882 24.40800453 0)
(111.5647059 24.40800453 0)
(114.3538235 24.40800453 0)
(117.1429412 24.40800453 0)
(119.9320588 24.40800453 0)
(122.7211765 24.40800453 0)
(125.5102941 24.40800453 0)
(128.2994118 24.40800453 0)
(131.0885294 24.40800453 0)
(133.8776471 24.40800453 0)
(136.6667647 24.40800453 0)
(139.4558824 24.40800453 0)
(142.245 24.40800453 0)
(0 26.34915321 0)
(2.789117647 26.34915321 0)
(5.578235294 26.34915321 0)
(8.367352941 26.34915321 0)
(11.15647059 26.34915321 0)
(13.94558824 26.34915321 0)
(16.73470588 26.34915321 0)
(19.52382353 26.34915321 0)
(22.31294118 26.34915321 0)
(25.10205882 26.34915321 0)
(27.89117647 26.34915321 0)
(30.68029412 26.34915321 0)
(33.46941176 26.34915321 0)
(36.25852941 26.34915321 0)
(39.04764706 26.34915321 0)
(41.83676471 26.34915321 0)
(44.62588235 26.34915321 0)
(47.415 26.34915321 0)
(50.20411765 26.34915321 0)
(52.99323529 26.34915321 0)
(55.78235294 26.34915321 0)
(58.57147059 26.34915321 0)
(61.36058824 26.34915321 0)
(64.14970588 26.34915321 0)
(66.93882353 26.34915321 0)
(69.72794118 26.34915321 0)
(72.51705882 26.34915321 0)
(75.30617647 26.34915321 0)
(78.09529412 26.34915321 0)
(80.88441176 26.34915321 0)
(83.67352941 26.34915321 0)
(86.46264706 26.34915321 0)
(89.25176471 26.34915321 0)
(92.04088235 26.34915321 0)
(94.83 26.34915321 0)
(97.61911765 26.34915321 0)
(100.4082353 26.34915321 0)
(103.1973529 26.34915321 0)
(105.9864706 26.34915321 0)
(108.7755882 26.34915321 0)
(111.5647059 26.34915321 0)
(114.3538235 26.34915321 0)
(117.1429412 26.34915321 0)
(119.9320588 26.34915321 0)
(122.7211765 26.34915321 0)
(125.5102941 26.34915321 0)
(128.2994118 26.34915321 0)
(131.0885294 26.34915321 0)
(133.8776471 26.34915321 0)
(136.6667647 26.34915321 0)
(139.4558824 26.34915321 0)
(142.245 26.34915321 0)
(0 28.4101599 0)
(2.789117647 28.4101599 0)
(5.578235294 28.4101599 0)
(8.367352941 28.4101599 0)
(11.15647059 28.4101599 0)
(13.94558824 28.4101599 0)
(16.73470588 28.4101599 0)
(19.52382353 28.4101599 0)
(22.31294118 28.4101599 0)
(25.10205882 28.4101599 0)
(27.89117647 28.4101599 0)
(30.68029412 28.4101599 0)
(33.46941176 28.4101599 0)
(36.25852941 28.4101599 0)
(39.04764706 28.4101599 0)
(41.83676471 28.4101599 0)
(44.62588235 28.4101599 0)
(47.415 28.4101599 0)
(50.20411765 28.4101599 0)
(52.99323529 28.4101599 0)
(55.78235294 28.4101599 0)
(58.57147059 28.4101599 0)
(61.36058824 28.4101599 0)
(64.14970588 28.4101599 0)
(66.93882353 28.4101599 0)
(69.72794118 28.4101599 0)
(72.51705882 28.4101599 0)
(75.30617647 28.4101599 0)
(78.09529412 28.4101599 0)
(80.88441176 28.4101599 0)
(83.67352941 28.4101599 0)
(86.46264706 28.4101599 0)
(89.25176471 28.4101599 0)
(92.04088235 28.4101599 0)
(94.83 28.4101599 0)
(97.61911765 28.4101599 0)
(100.4082353 28.4101599 0)
(103.1973529 28.4101599 0)
(105.9864706 28.4101599 0)
(108.7755882 28.4101599 0)
(111.5647059 28.4101599 0)
(114.3538235 28.4101599 0)
(117.1429412 28.4101599 0)
(119.9320588 28.4101599 0)
(122.7211765 28.4101599 0)
(125.5102941 28.4101599 0)
(128.2994118 28.4101599 0)
(131.0885294 28.4101599 0)
(133.8776471 28.4101599 0)
(136.6667647 28.4101599 0)
(139.4558824 28.4101599 0)
(142.245 28.4101599 0)
(0 30.59842535 0)
(2.789117647 30.59842535 0)
(5.578235294 30.59842535 0)
(8.367352941 30.59842535 0)
(11.15647059 30.59842535 0)
(13.94558824 30.59842535 0)
(16.73470588 30.59842535 0)
(19.52382353 30.59842535 0)
(22.31294118 30.59842535 0)
(25.10205882 30.59842535 0)
(27.89117647 30.59842535 0)
(30.68029412 30.59842535 0)
(33.46941176 30.59842535 0)
(36.25852941 30.59842535 0)
(39.04764706 30.59842535 0)
(41.83676471 30.59842535 0)
(44.62588235 30.59842535 0)
(47.415 30.59842535 0)
(50.20411765 30.59842535 0)
(52.99323529 30.59842535 0)
(55.78235294 30.59842535 0)
(58.57147059 30.59842535 0)
(61.36058824 30.59842535 0)
(64.14970588 30.59842535 0)
(66.93882353 30.59842535 0)
(69.72794118 30.59842535 0)
(72.51705882 30.59842535 0)
(75.30617647 30.59842535 0)
(78.09529412 30.59842535 0)
(80.88441176 30.59842535 0)
(83.67352941 30.59842535 0)
(86.46264706 30.59842535 0)
(89.25176471 30.59842535 0)
(92.04088235 30.59842535 0)
(94.83 30.59842535 0)
(97.61911765 30.59842535 0)
(100.4082353 30.59842535 0)
(103.1973529 30.59842535 0)
(105.9864706 30.59842535 0)
(108.7755882 30.59842535 0)
(111.5647059 30.59842535 0)
(114.3538235 30.59842535 0)
(117.1429412 30.59842535 0)
(119.9320588 30.59842535 0)
(122.7211765 30.59842535 0)
(125.5102941 30.59842535 0)
(128.2994118 30.59842535 0)
(131.0885294 30.59842535 0)
(133.8776471 30.59842535 0)
(136.6667647 30.59842535 0)
(139.4558824 30.59842535 0)
(142.245 30.59842535 0)
(0 32.92180724 0)
(2.789117647 32.92180724 0)
(5.578235294 32.92180724 0)
(8.367352941 32.92180724 0)
(11.15647059 32.92180724 0)
(13.94558824 32.92180724 0)
(16.73470588 32.92180724 0)
(19.52382353 32.92180724 0)
(22.31294118 32.92180724 0)
(25.10205882 32.92180724 0)
(27.89117647 32.92180724 0)
(30.68029412 32.92180724 0)
(33.46941176 32.92180724 0)
(36.25852941 32.92180724 0)
(39.04764706 32.92180724 0)
(41.83676471 32.92180724 0)
(44.62588235 32.92180724 0)
(47.415 32.92180724 0)
(50.20411765 32.92180724 0)
(52.99323529 32.92180724 0)
(55.78235294 32.92180724 0)
(58.57147059 32.92180724 0)
(61.36058824 32.92180724 0)
(64.14970588 32.92180724 0)
(66.93882353 32.92180724 0)
(69.72794118 32.92180724 0)
(72.51705882 32.92180724 0)
(75.30617647 32.92180724 0)
(78.09529412 32.92180724 0)
(80.88441176 32.92180724 0)
(83.67352941 32.92180724 0)
(86.46264706 32.92180724 0)
(89.25176471 32.92180724 0)
(92.04088235 32.92180724 0)
(94.83 32.92180724 0)
(97.61911765 32.92180724 0)
(100.4082353 32.92180724 0)
(103.1973529 32.92180724 0)
(105.9864706 32.92180724 0)
(108.7755882 32.92180724 0)
(111.5647059 32.92180724 0)
(114.3538235 32.92180724 0)
(117.1429412 32.92180724 0)
(119.9320588 32.92180724 0)
(122.7211765 32.92180724 0)
(125.5102941 32.92180724 0)
(128.2994118 32.92180724 0)
(131.0885294 32.92180724 0)
(133.8776471 32.92180724 0)
(136.6667647 32.92180724 0)
(139.4558824 32.92180724 0)
(142.245 32.92180724 0)
(0 35.38864849 0)
(2.789117647 35.38864849 0)
(5.578235294 35.38864849 0)
(8.367352941 35.38864849 0)
(11.15647059 35.38864849 0)
(13.94558824 35.38864849 0)
(16.73470588 35.38864849 0)
(19.52382353 35.38864849 0)
(22.31294118 35.38864849 0)
(25.10205882 35.38864849 0)
(27.89117647 35.38864849 0)
(30.68029412 35.38864849 0)
(33.46941176 35.38864849 0)
(36.25852941 35.38864849 0)
(39.04764706 35.38864849 0)
(41.83676471 35.38864849 0)
(44.62588235 35.38864849 0)
(47.415 35.38864849 0)
(50.20411765 35.38864849 0)
(52.99323529 35.38864849 0)
(55.78235294 35.38864849 0)
(58.57147059 35.38864849 0)
(61.36058824 35.38864849 0)
(64.14970588 35.38864849 0)
(66.93882353 35.38864849 0)
(69.72794118 35.38864849 0)
(72.51705882 35.38864849 0)
(75.30617647 35.38864849 0)
(78.09529412 35.38864849 0)
(80.88441176 35.38864849 0)
(83.67352941 35.38864849 0)
(86.46264706 35.38864849 0)
(89.25176471 35.38864849 0)
(92.04088235 35.38864849 0)
(94.83 35.38864849 0)
(97.61911765 35.38864849 0)
(100.4082353 35.38864849 0)
(103.1973529 35.38864849 0)
(105.9864706 35.38864849 0)
(108.7755882 35.38864849 0)
(111.5647059 35.38864849 0)
(114.3538235 35.38864849 0)
(117.1429412 35.38864849 0)
(119.9320588 35.38864849 0)
(122.7211765 35.38864849 0)
(125.5102941 35.38864849 0)
(128.2994118 35.38864849 0)
(131.0885294 35.38864849 0)
(133.8776471 35.38864849 0)
(136.6667647 35.38864849 0)
(139.4558824 35.38864849 0)
(142.245 35.38864849 0)
(0 38.00780712 0)
(2.789117647 38.00780712 0)
(5.578235294 38.00780712 0)
(8.367352941 38.00780712 0)
(11.15647059 38.00780712 0)
(13.94558824 38.00780712 0)
(16.73470588 38.00780712 0)
(19.52382353 38.00780712 0)
(22.31294118 38.00780712 0)
(25.10205882 38.00780712 0)
(27.89117647 38.00780712 0)
(30.68029412 38.00780712 0)
(33.46941176 38.00780712 0)
(36.25852941 38.00780712 0)
(39.04764706 38.00780712 0)
(41.83676471 38.00780712 0)
(44.62588235 38.00780712 0)
(47.415 38.00780712 0)
(50.20411765 38.00780712 0)
(52.99323529 38.00780712 0)
(55.78235294 38.00780712 0)
(58.57147059 38.00780712 0)
(61.36058824 38.00780712 0)
(64.14970588 38.00780712 0)
(66.93882353 38.00780712 0)
(69.72794118 38.00780712 0)
(72.51705882 38.00780712 0)
(75.30617647 38.00780712 0)
(78.09529412 38.00780712 0)
(80.88441176 38.00780712 0)
(83.67352941 38.00780712 0)
(86.46264706 38.00780712 0)
(89.25176471 38.00780712 0)
(92.04088235 38.00780712 0)
(94.83 38.00780712 0)
(97.61911765 38.00780712 0)
(100.4082353 38.00780712 0)
(103.1973529 38.00780712 0)
(105.9864706 38.00780712 0)
(108.7755882 38.00780712 0)
(111.5647059 38.00780712 0)
(114.3538235 38.00780712 0)
(117.1429412 38.00780712 0)
(119.9320588 38.00780712 0)
(122.7211765 38.00780712 0)
(125.5102941 38.00780712 0)
(128.2994118 38.00780712 0)
(131.0885294 38.00780712 0)
(133.8776471 38.00780712 0)
(136.6667647 38.00780712 0)
(139.4558824 38.00780712 0)
(142.245 38.00780712 0)
(0 40.78868809 0)
(2.789117647 40.78868809 0)
(5.578235294 40.78868809 0)
(8.367352941 40.78868809 0)
(11.15647059 40.78868809 0)
(13.94558824 40.78868809 0)
(16.73470588 40.78868809 0)
(19.52382353 40.78868809 0)
(22.31294118 40.78868809 0)
(25.10205882 40.78868809 0)
(27.89117647 40.78868809 0)
(30.68029412 40.78868809 0)
(33.46941176 40.78868809 0)
(36.25852941 40.78868809 0)
(39.04764706 40.78868809 0)
(41.83676471 40.78868809 0)
(44.62588235 40.78868809 0)
(47.415 40.78868809 0)
(50.20411765 40.78868809 0)
(52.99323529 40.78868809 0)
(55.78235294 40.78868809 0)
(58.57147059 40.78868809 0)
(61.36058824 40.78868809 0)
(64.14970588 40.78868809 0)
(66.93882353 40.78868809 0)
(69.72794118 40.78868809 0)
(72.51705882 40.78868809 0)
(75.30617647 40.78868809 0)
(78.09529412 40.78868809 0)
(80.88441176 40.78868809 0)
(83.67352941 40.78868809 0)
(86.46264706 40.78868809 0)
(89.25176471 40.78868809 0)
(92.04088235 40.78868809 0)
(94.83 40.78868809 0)
(97.61911765 40.78868809 0)
(100.4082353 40.78868809 0)
(103.1973529 40.78868809 0)
(105.9864706 40.78868809 0)
(108.7755882 40.78868809 0)
(111.5647059 40.78868809 0)
(114.3538235 40.78868809 0)
(117.1429412 40.78868809 0)
(119.9320588 40.78868809 0)
(122.7211765 40.78868809 0)
(125.5102941 40.78868809 0)
(128.2994118 40.78868809 0)
(131.0885294 40.78868809 0)
(133.8776471 40.78868809 0)
(136.6667647 40.78868809 0)
(139.4558824 40.78868809 0)
(142.245 40.78868809 0)
(0 43.74127712 0)
(2.789117647 43.74127712 0)
(5.578235294 43.74127712 0)
(8.367352941 43.74127712 0)
(11.15647059 43.74127712 0)
(13.94558824 43.74127712 0)
(16.73470588 43.74127712 0)
(19.52382353 43.74127712 0)
(22.31294118 43.74127712 0)
(25.10205882 43.74127712 0)
(27.89117647 43.74127712 0)
(30.68029412 43.74127712 0)
(33.46941176 43.74127712 0)
(36.25852941 43.74127712 0)
(39.04764706 43.74127712 0)
(41.83676471 43.74127712 0)
(44.62588235 43.74127712 0)
(47.415 43.74127712 0)
(50.20411765 43.74127712 0)
(52.99323529 43.74127712 0)
(55.78235294 43.74127712 0)
(58.57147059 43.74127712 0)
(61.36058824 43.74127712 0)
(64.14970588 43.74127712 0)
(66.93882353 43.74127712 0)
(69.72794118 43.74127712 0)
(72.51705882 43.74127712 0)
(75.30617647 43.74127712 0)
(78.09529412 43.74127712 0)
(80.88441176 43.74127712 0)
(83.67352941 43.74127712 0)
(86.46264706 43.74127712 0)
(89.25176471 43.74127712 0)
(92.04088235 43.74127712 0)
(94.83 43.74127712 0)
(97.61911765 43.74127712 0)
(100.4082353 43.74127712 0)
(103.1973529 43.74127712 0)
(105.9864706 43.74127712 0)
(108.7755882 43.74127712 0)
(111.5647059 43.74127712 0)
(114.3538235 43.74127712 0)
(117.1429412 43.74127712 0)
(119.9320588 43.74127712 0)
(122.7211765 43.74127712 0)
(125.5102941 43.74127712 0)
(128.2994118 43.74127712 0)
(131.0885294 43.74127712 0)
(133.8776471 43.74127712 0)
(136.6667647 43.74127712 0)
(139.4558824 43.74127712 0)
(142.245 43.74127712 0)
(0 46.87617646 0)
(2.789117647 46.87617646 0)
(5.578235294 46.87617646 0)
(8.367352941 46.87617646 0)
(11.15647059 46.87617646 0)
(13.94558824 46.87617646 0)
(16.73470588 46.87617646 0)
(19.52382353 46.87617646 0)
(22.31294118 46.87617646 0)
(25.10205882 46.87617646 0)
(27.89117647 46.87617646 0)
(30.68029412 46.87617646 0)
(33.46941176 46.87617646 0)
(36.25852941 46.87617646 0)
(39.04764706 46.87617646 0)
(41.83676471 46.87617646 0)
(44.62588235 46.87617646 0)
(47.415 46.87617646 0)
(50.20411765 46.87617646 0)
(52.99323529 46.87617646 0)
(55.78235294 46.87617646 0)
(58.57147059 46.87617646 0)
(61.36058824 46.87617646 0)
(64.14970588 46.87617646 0)
(66.93882353 46.87617646 0)
(69.72794118 46.87617646 0)
(72.51705882 46.87617646 0)
(75.30617647 46.87617646 0)
(78.09529412 46.87617646 0)
(80.88441176 46.87617646 0)
(83.67352941 46.87617646 0)
(86.46264706 46.87617646 0)
(89.25176471 46.87617646 0)
(92.04088235 46.87617646 0)
(94.83 46.87617646 0)
(97.61911765 46.87617646 0)
(100.4082353 46.87617646 0)
(103.1973529 46.87617646 0)
(105.9864706 46.87617646 0)
(108.7755882 46.87617646 0)
(111.5647059 46.87617646 0)
(114.3538235 46.87617646 0)
(117.1429412 46.87617646 0)
(119.9320588 46.87617646 0)
(122.7211765 46.87617646 0)
(125.5102941 46.87617646 0)
(128.2994118 46.87617646 0)
(131.0885294 46.87617646 0)
(133.8776471 46.87617646 0)
(136.6667647 46.87617646 0)
(139.4558824 46.87617646 0)
(142.245 46.87617646 0)
(0 50.20464305 0)
(2.789117647 50.20464305 0)
(5.578235294 50.20464305 0)
(8.367352941 50.20464305 0)
(11.15647059 50.20464305 0)
(13.94558824 50.20464305 0)
(16.73470588 50.20464305 0)
(19.52382353 50.20464305 0)
(22.31294118 50.20464305 0)
(25.10205882 50.20464305 0)
(27.89117647 50.20464305 0)
(30.68029412 50.20464305 0)
(33.46941176 50.20464305 0)
(36.25852941 50.20464305 0)
(39.04764706 50.20464305 0)
(41.83676471 50.20464305 0)
(44.62588235 50.20464305 0)
(47.415 50.20464305 0)
(50.20411765 50.20464305 0)
(52.99323529 50.20464305 0)
(55.78235294 50.20464305 0)
(58.57147059 50.20464305 0)
(61.36058824 50.20464305 0)
(64.14970588 50.20464305 0)
(66.93882353 50.20464305 0)
(69.72794118 50.20464305 0)
(72.51705882 50.20464305 0)
(75.30617647 50.20464305 0)
(78.09529412 50.20464305 0)
(80.88441176 50.20464305 0)
(83.67352941 50.20464305 0)
(86.46264706 50.20464305 0)
(89.25176471 50.20464305 0)
(92.04088235 50.20464305 0)
(94.83 50.20464305 0)
(97.61911765 50.20464305 0)
(100.4082353 50.20464305 0)
(103.1973529 50.20464305 0)
(105.9864706 50.20464305 0)
(108.7755882 50.20464305 0)
(111.5647059 50.20464305 0)
(114.3538235 50.20464305 0)
(117.1429412 50.20464305 0)
(119.9320588 50.20464305 0)
(122.7211765 50.20464305 0)
(125.5102941 50.20464305 0)
(128.2994118 50.20464305 0)
(131.0885294 50.20464305 0)
(133.8776471 50.20464305 0)
(136.6667647 50.20464305 0)
(139.4558824 50.20464305 0)
(142.245 50.20464305 0)
(0 53.73862885 0)
(2.789117647 53.73862885 0)
(5.578235294 53.73862885 0)
(8.367352941 53.73862885 0)
(11.15647059 53.73862885 0)
(13.94558824 53.73862885 0)
(16.73470588 53.73862885 0)
(19.52382353 53.73862885 0)
(22.31294118 53.73862885 0)
(25.10205882 53.73862885 0)
(27.89117647 53.73862885 0)
(30.68029412 53.73862885 0)
(33.46941176 53.73862885 0)
(36.25852941 53.73862885 0)
(39.04764706 53.73862885 0)
(41.83676471 53.73862885 0)
(44.62588235 53.73862885 0)
(47.415 53.73862885 0)
(50.20411765 53.73862885 0)
(52.99323529 53.73862885 0)
(55.78235294 53.73862885 0)
(58.57147059 53.73862885 0)
(61.36058824 53.73862885 0)
(64.14970588 53.73862885 0)
(66.93882353 53.73862885 0)
(69.72794118 53.73862885 0)
(72.51705882 53.73862885 0)
(75.30617647 53.73862885 0)
(78.09529412 53.73862885 0)
(80.88441176 53.73862885 0)
(83.67352941 53.73862885 0)
(86.46264706 53.73862885 0)
(89.25176471 53.73862885 0)
(92.04088235 53.73862885 0)
(94.83 53.73862885 0)
(97.61911765 53.73862885 0)
(100.4082353 53.73862885 0)
(103.1973529 53.73862885 0)
(105.9864706 53.73862885 0)
(108.7755882 53.73862885 0)
(111.5647059 53.73862885 0)
(114.3538235 53.73862885 0)
(117.1429412 53.73862885 0)
(119.9320588 53.73862885 0)
(122.7211765 53.73862885 0)
(125.5102941 53.73862885 0)
(128.2994118 53.73862885 0)
(131.0885294 53.73862885 0)
(133.8776471 53.73862885 0)
(136.6667647 53.73862885 0)
(139.4558824 53.73862885 0)
(142.245 53.73862885 0)
(0 57.49082386 0)
(2.789117647 57.49082386 0)
(5.578235294 57.49082386 0)
(8.367352941 57.49082386 0)
(11.15647059 57.49082386 0)
(13.94558824 57.49082386 0)
(16.73470588 57.49082386 0)
(19.52382353 57.49082386 0)
(22.31294118 57.49082386 0)
(25.10205882 57.49082386 0)
(27.89117647 57.49082386 0)
(30.68029412 57.49082386 0)
(33.46941176 57.49082386 0)
(36.25852941 57.49082386 0)
(39.04764706 57.49082386 0)
(41.83676471 57.49082386 0)
(44.62588235 57.49082386 0)
(47.415 57.49082386 0)
(50.20411765 57.49082386 0)
(52.99323529 57.49082386 0)
(55.78235294 57.49082386 0)
(58.57147059 57.49082386 0)
(61.36058824 57.49082386 0)
(64.14970588 57.49082386 0)
(66.93882353 57.49082386 0)
(69.72794118 57.49082386 0)
(72.51705882 57.49082386 0)
(75.30617647 57.49082386 0)
(78.09529412 57.49082386 0)
(80.88441176 57.49082386 0)
(83.67352941 57.49082386 0)
(86.46264706 57.49082386 0)
(89.25176471 57.49082386 0)
(92.04088235 57.49082386 0)
(94.83 57.49082386 0)
(97.61911765 57.49082386 0)
(100.4082353 57.49082386 0)
(103.1973529 57.49082386 0)
(105.9864706 57.49082386 0)
(108.7755882 57.49082386 0)
(111.5647059 57.49082386 0)
(114.3538235 57.49082386 0)
(117.1429412 57.49082386 0)
(119.9320588 57.49082386 0)
(122.7211765 57.49082386 0)
(125.5102941 57.49082386 0)
(128.2994118 57.49082386 0)
(131.0885294 57.49082386 0)
(133.8776471 57.49082386 0)
(136.6667647 57.49082386 0)
(139.4558824 57.49082386 0)
(142.245 57.49082386 0)
(0 61.47470158 0)
(2.789117647 61.47470158 0)
(5.578235294 61.47470158 0)
(8.367352941 61.47470158 0)
(11.15647059 61.47470158 0)
(13.94558824 61.47470158 0)
(16.73470588 61.47470158 0)
(19.52382353 61.47470158 0)
(22.31294118 61.47470158 0)
(25.10205882 61.47470158 0)
(27.89117647 61.47470158 0)
(30.68029412 61.47470158 0)
(33.46941176 61.47470158 0)
(36.25852941 61.47470158 0)
(39.04764706 61.47470158 0)
(41.83676471 61.47470158 0)
(44.62588235 61.47470158 0)
(47.415 61.47470158 0)
(50.20411765 61.47470158 0)
(52.99323529 61.47470158 0)
(55.78235294 61.47470158 0)
(58.57147059 61.47470158 0)
(61.36058824 61.47470158 0)
(64.14970588 61.47470158 0)
(66.93882353 61.47470158 0)
(69.72794118 61.47470158 0)
(72.51705882 61.47470158 0)
(75.30617647 61.47470158 0)
(78.09529412 61.47470158 0)
(80.88441176 61.47470158 0)
(83.67352941 61.47470158 0)
(86.46264706 61.47470158 0)
(89.25176471 61.47470158 0)
(92.04088235 61.47470158 0)
(94.83 61.47470158 0)
(97.61911765 61.47470158 0)
(100.4082353 61.47470158 0)
(103.1973529 61.47470158 0)
(105.9864706 61.47470158 0)
(108.7755882 61.47470158 0)
(111.5647059 61.47470158 0)
(114.3538235 61.47470158 0)
(117.1429412 61.47470158 0)
(119.9320588 61.47470158 0)
(122.7211765 61.47470158 0)
(125.5102941 61.47470158 0)
(128.2994118 61.47470158 0)
(131.0885294 61.47470158 0)
(133.8776471 61.47470158 0)
(136.6667647 61.47470158 0)
(139.4558824 61.47470158 0)
(142.245 61.47470158 0)
(0 65.7045675 0)
(2.789117647 65.7045675 0)
(5.578235294 65.7045675 0)
(8.367352941 65.7045675 0)
(11.15647059 65.7045675 0)
(13.94558824 65.7045675 0)
(16.73470588 65.7045675 0)
(19.52382353 65.7045675 0)
(22.31294118 65.7045675 0)
(25.10205882 65.7045675 0)
(27.89117647 65.7045675 0)
(30.68029412 65.7045675 0)
(33.46941176 65.7045675 0)
(36.25852941 65.7045675 0)
(39.04764706 65.7045675 0)
(41.83676471 65.7045675 0)
(44.62588235 65.7045675 0)
(47.415 65.7045675 0)
(50.20411765 65.7045675 0)
(52.99323529 65.7045675 0)
(55.78235294 65.7045675 0)
(58.57147059 65.7045675 0)
(61.36058824 65.7045675 0)
(64.14970588 65.7045675 0)
(66.93882353 65.7045675 0)
(69.72794118 65.7045675 0)
(72.51705882 65.7045675 0)
(75.30617647 65.7045675 0)
(78.09529412 65.7045675 0)
(80.88441176 65.7045675 0)
(83.67352941 65.7045675 0)
(86.46264706 65.7045675 0)
(89.25176471 65.7045675 0)
(92.04088235 65.7045675 0)
(94.83 65.7045675 0)
(97.61911765 65.7045675 0)
(100.4082353 65.7045675 0)
(103.1973529 65.7045675 0)
(105.9864706 65.7045675 0)
(108.7755882 65.7045675 0)
(111.5647059 65.7045675 0)
(114.3538235 65.7045675 0)
(117.1429412 65.7045675 0)
(119.9320588 65.7045675 0)
(122.7211765 65.7045675 0)
(125.5102941 65.7045675 0)
(128.2994118 65.7045675 0)
(131.0885294 65.7045675 0)
(133.8776471 65.7045675 0)
(136.6667647 65.7045675 0)
(139.4558824 65.7045675 0)
(142.245 65.7045675 0)
(0 70.19561037 0)
(2.789117647 70.19561037 0)
(5.578235294 70.19561037 0)
(8.367352941 70.19561037 0)
(11.15647059 70.19561037 0)
(13.94558824 70.19561037 0)
(16.73470588 70.19561037 0)
(19.52382353 70.19561037 0)
(22.31294118 70.19561037 0)
(25.10205882 70.19561037 0)
(27.89117647 70.19561037 0)
(30.68029412 70.19561037 0)
(33.46941176 70.19561037 0)
(36.25852941 70.19561037 0)
(39.04764706 70.19561037 0)
(41.83676471 70.19561037 0)
(44.62588235 70.19561037 0)
(47.415 70.19561037 0)
(50.20411765 70.19561037 0)
(52.99323529 70.19561037 0)
(55.78235294 70.19561037 0)
(58.57147059 70.19561037 0)
(61.36058824 70.19561037 0)
(64.14970588 70.19561037 0)
(66.93882353 70.19561037 0)
(69.72794118 70.19561037 0)
(72.51705882 70.19561037 0)
(75.30617647 70.19561037 0)
(78.09529412 70.19561037 0)
(80.88441176 70.19561037 0)
(83.67352941 70.19561037 0)
(86.46264706 70.19561037 0)
(89.25176471 70.19561037 0)
(92.04088235 70.19561037 0)
(94.83 70.19561037 0)
(97.61911765 70.19561037 0)
(100.4082353 70.19561037 0)
(103.1973529 70.19561037 0)
(105.9864706 70.19561037 0)
(108.7755882 70.19561037 0)
(111.5647059 70.19561037 0)
(114.3538235 70.19561037 0)
(117.1429412 70.19561037 0)
(119.9320588 70.19561037 0)
(122.7211765 70.19561037 0)
(125.5102941 70.19561037 0)
(128.2994118 70.19561037 0)
(131.0885294 70.19561037 0)
(133.8776471 70.19561037 0)
(136.6667647 70.19561037 0)
(139.4558824 70.19561037 0)
(142.245 70.19561037 0)
(0 74.9639568 0)
(2.789117647 74.9639568 0)
(5.578235294 74.9639568 0)
(8.367352941 74.9639568 0)
(11.15647059 74.9639568 0)
(13.94558824 74.9639568 0)
(16.73470588 74.9639568 0)
(19.52382353 74.9639568 0)
(22.31294118 74.9639568 0)
(25.10205882 74.9639568 0)
(27.89117647 74.9639568 0)
(30.68029412 74.9639568 0)
(33.46941176 74.9639568 0)
(36.25852941 74.9639568 0)
(39.04764706 74.9639568 0)
(41.83676471 74.9639568 0)
(44.62588235 74.9639568 0)
(47.415 74.9639568 0)
(50.20411765 74.9639568 0)
(52.99323529 74.9639568 0)
(55.78235294 74.9639568 0)
(58.57147059 74.9639568 0)
(61.36058824 74.9639568 0)
(64.14970588 74.9639568 0)
(66.93882353 74.9639568 0)
(69.72794118 74.9639568 0)
(72.51705882 74.9639568 0)
(75.30617647 74.9639568 0)
(78.09529412 74.9639568 0)
(80.88441176 74.9639568 0)
(83.67352941 74.9639568 0)
(86.46264706 74.9639568 0)
(89.25176471 74.9639568 0)
(92.04088235 74.9639568 0)
(94.83 74.9639568 0)
(97.61911765 74.9639568 0)
(100.4082353 74.9639568 0)
(103.1973529 74.9639568 0)
(105.9864706 74.9639568 0)
(108.7755882 74.9639568 0)
(111.5647059 74.9639568 0)
(114.3538235 74.9639568 0)
(117.1429412 74.9639568 0)
(119.9320588 74.9639568 0)
(122.7211765 74.9639568 0)
(125.5102941 74.9639568 0)
(128.2994118 74.9639568 0)
(131.0885294 74.9639568 0)
(133.8776471 74.9639568 0)
(136.6667647 74.9639568 0)
(139.4558824 74.9639568 0)
(142.245 74.9639568 0)
(0 80.02672916 0)
(2.789117647 80.02672916 0)
(5.578235294 80.02672916 0)
(8.367352941 80.02672916 0)
(11.15647059 80.02672916 0)
(13.94558824 80.02672916 0)
(16.73470588 80.02672916 0)
(19.52382353 80.02672916 0)
(22.31294118 80.02672916 0)
(25.10205882 80.02672916 0)
(27.89117647 80.02672916 0)
(30.68029412 80.02672916 0)
(33.46941176 80.02672916 0)
(36.25852941 80.02672916 0)
(39.04764706 80.02672916 0)
(41.83676471 80.02672916 0)
(44.62588235 80.02672916 0)
(47.415 80.02672916 0)
(50.20411765 80.02672916 0)
(52.99323529 80.02672916 0)
(55.78235294 80.02672916 0)
(58.57147059 80.02672916 0)
(61.36058824 80.02672916 0)
(64.14970588 80.02672916 0)
(66.93882353 80.02672916 0)
(69.72794118 80.02672916 0)
(72.51705882 80.02672916 0)
(75.30617647 80.02672916 0)
(78.09529412 80.02672916 0)
(80.88441176 80.02672916 0)
(83.67352941 80.02672916 0)
(86.46264706 80.02672916 0)
(89.25176471 80.02672916 0)
(92.04088235 80.02672916 0)
(94.83 80.02672916 0)
(97.61911765 80.02672916 0)
(100.4082353 80.02672916 0)
(103.1973529 80.02672916 0)
(105.9864706 80.02672916 0)
(108.7755882 80.02672916 0)
(111.5647059 80.02672916 0)
(114.3538235 80.02672916 0)
(117.1429412 80.02672916 0)
(119.9320588 80.02672916 0)
(122.7211765 80.02672916 0)
(125.5102941 80.02672916 0)
(128.2994118 80.02672916 0)
(131.0885294 80.02672916 0)
(133.8776471 80.02672916 0)
(136.6667647 80.02672916 0)
(139.4558824 80.02672916 0)
(142.245 80.02672916 0)
(0 85.40210705 0)
(2.789117647 85.40210705 0)
(5.578235294 85.40210705 0)
(8.367352941 85.40210705 0)
(11.15647059 85.40210705 0)
(13.94558824 85.40210705 0)
(16.73470588 85.40210705 0)
(19.52382353 85.40210705 0)
(22.31294118 85.40210705 0)
(25.10205882 85.40210705 0)
(27.89117647 85.40210705 0)
(30.68029412 85.40210705 0)
(33.46941176 85.40210705 0)
(36.25852941 85.40210705 0)
(39.04764706 85.40210705 0)
(41.83676471 85.40210705 0)
(44.62588235 85.40210705 0)
(47.415 85.40210705 0)
(50.20411765 85.40210705 0)
(52.99323529 85.40210705 0)
(55.78235294 85.40210705 0)
(58.57147059 85.40210705 0)
(61.36058824 85.40210705 0)
(64.14970588 85.40210705 0)
(66.93882353 85.40210705 0)
(69.72794118 85.40210705 0)
(72.51705882 85.40210705 0)
(75.30617647 85.40210705 0)
(78.09529412 85.40210705 0)
(80.88441176 85.40210705 0)
(83.67352941 85.40210705 0)
(86.46264706 85.40210705 0)
(89.25176471 85.40210705 0)
(92.04088235 85.40210705 0)
(94.83 85.40210705 0)
(97.61911765 85.40210705 0)
(100.4082353 85.40210705 0)
(103.1973529 85.40210705 0)
(105.9864706 85.40210705 0)
(108.7755882 85.40210705 0)
(111.5647059 85.40210705 0)
(114.3538235 85.40210705 0)
(117.1429412 85.40210705 0)
(119.9320588 85.40210705 0)
(122.7211765 85.40210705 0)
(125.5102941 85.40210705 0)
(128.2994118 85.40210705 0)
(131.0885294 85.40210705 0)
(133.8776471 85.40210705 0)
(136.6667647 85.40210705 0)
(139.4558824 85.40210705 0)
(142.245 85.40210705 0)
(0 91.10939257 0)
(2.789117647 91.10939257 0)
(5.578235294 91.10939257 0)
(8.367352941 91.10939257 0)
(11.15647059 91.10939257 0)
(13.94558824 91.10939257 0)
(16.73470588 91.10939257 0)
(19.52382353 91.10939257 0)
(22.31294118 91.10939257 0)
(25.10205882 91.10939257 0)
(27.89117647 91.10939257 0)
(30.68029412 91.10939257 0)
(33.46941176 91.10939257 0)
(36.25852941 91.10939257 0)
(39.04764706 91.10939257 0)
(41.83676471 91.10939257 0)
(44.62588235 91.10939257 0)
(47.415 91.10939257 0)
(50.20411765 91.10939257 0)
(52.99323529 91.10939257 0)
(55.78235294 91.10939257 0)
(58.57147059 91.10939257 0)
(61.36058824 91.10939257 0)
(64.14970588 91.10939257 0)
(66.93882353 91.10939257 0)
(69.72794118 91.10939257 0)
(72.51705882 91.10939257 0)
(75.30617647 91.10939257 0)
(78.09529412 91.10939257 0)
(80.88441176 91.10939257 0)
(83.67352941 91.10939257 0)
(86.46264706 91.10939257 0)
(89.25176471 91.10939257 0)
(92.04088235 91.10939257 0)
(94.83 91.10939257 0)
(97.61911765 91.10939257 0)
(100.4082353 91.10939257 0)
(103.1973529 91.10939257 0)
(105.9864706 91.10939257 0)
(108.7755882 91.10939257 0)
(111.5647059 91.10939257 0)
(114.3538235 91.10939257 0)
(117.1429412 91.10939257 0)
(119.9320588 91.10939257 0)
(122.7211765 91.10939257 0)
(125.5102941 91.10939257 0)
(128.2994118 91.10939257 0)
(131.0885294 91.10939257 0)
(133.8776471 91.10939257 0)
(136.6667647 91.10939257 0)
(139.4558824 91.10939257 0)
(142.245 91.10939257 0)
(0 97.16907969 0)
(2.789117647 97.16907969 0)
(5.578235294 97.16907969 0)
(8.367352941 97.16907969 0)
(11.15647059 97.16907969 0)
(13.94558824 97.16907969 0)
(16.73470588 97.16907969 0)
(19.52382353 97.16907969 0)
(22.31294118 97.16907969 0)
(25.10205882 97.16907969 0)
(27.89117647 97.16907969 0)
(30.68029412 97.16907969 0)
(33.46941176 97.16907969 0)
(36.25852941 97.16907969 0)
(39.04764706 97.16907969 0)
(41.83676471 97.16907969 0)
(44.62588235 97.16907969 0)
(47.415 97.16907969 0)
(50.20411765 97.16907969 0)
(52.99323529 97.16907969 0)
(55.78235294 97.16907969 0)
(58.57147059 97.16907969 0)
(61.36058824 97.16907969 0)
(64.14970588 97.16907969 0)
(66.93882353 97.16907969 0)
(69.72794118 97.16907969 0)
(72.51705882 97.16907969 0)
(75.30617647 97.16907969 0)
(78.09529412 97.16907969 0)
(80.88441176 97.16907969 0)
(83.67352941 97.16907969 0)
(86.46264706 97.16907969 0)
(89.25176471 97.16907969 0)
(92.04088235 97.16907969 0)
(94.83 97.16907969 0)
(97.61911765 97.16907969 0)
(100.4082353 97.16907969 0)
(103.1973529 97.16907969 0)
(105.9864706 97.16907969 0)
(108.7755882 97.16907969 0)
(111.5647059 97.16907969 0)
(114.3538235 97.16907969 0)
(117.1429412 97.16907969 0)
(119.9320588 97.16907969 0)
(122.7211765 97.16907969 0)
(125.5102941 97.16907969 0)
(128.2994118 97.16907969 0)
(131.0885294 97.16907969 0)
(133.8776471 97.16907969 0)
(136.6667647 97.16907969 0)
(139.4558824 97.16907969 0)
(142.245 97.16907969 0)
(0 103.6029277 0)
(2.789117647 103.6029277 0)
(5.578235294 103.6029277 0)
(8.367352941 103.6029277 0)
(11.15647059 103.6029277 0)
(13.94558824 103.6029277 0)
(16.73470588 103.6029277 0)
(19.52382353 103.6029277 0)
(22.31294118 103.6029277 0)
(25.10205882 103.6029277 0)
(27.89117647 103.6029277 0)
(30.68029412 103.6029277 0)
(33.46941176 103.6029277 0)
(36.25852941 103.6029277 0)
(39.04764706 103.6029277 0)
(41.83676471 103.6029277 0)
(44.62588235 103.6029277 0)
(47.415 103.6029277 0)
(50.20411765 103.6029277 0)
(52.99323529 103.6029277 0)
(55.78235294 103.6029277 0)
(58.57147059 103.6029277 0)
(61.36058824 103.6029277 0)
(64.14970588 103.6029277 0)
(66.93882353 103.6029277 0)
(69.72794118 103.6029277 0)
(72.51705882 103.6029277 0)
(75.30617647 103.6029277 0)
(78.09529412 103.6029277 0)
(80.88441176 103.6029277 0)
(83.67352941 103.6029277 0)
(86.46264706 103.6029277 0)
(89.25176471 103.6029277 0)
(92.04088235 103.6029277 0)
(94.83 103.6029277 0)
(97.61911765 103.6029277 0)
(100.4082353 103.6029277 0)
(103.1973529 103.6029277 0)
(105.9864706 103.6029277 0)
(108.7755882 103.6029277 0)
(111.5647059 103.6029277 0)
(114.3538235 103.6029277 0)
(117.1429412 103.6029277 0)
(119.9320588 103.6029277 0)
(122.7211765 103.6029277 0)
(125.5102941 103.6029277 0)
(128.2994118 103.6029277 0)
(131.0885294 103.6029277 0)
(133.8776471 103.6029277 0)
(136.6667647 103.6029277 0)
(139.4558824 103.6029277 0)
(142.245 103.6029277 0)
(0 110.4340396 0)
(2.789117647 110.4340396 0)
(5.578235294 110.4340396 0)
(8.367352941 110.4340396 0)
(11.15647059 110.4340396 0)
(13.94558824 110.4340396 0)
(16.73470588 110.4340396 0)
(19.52382353 110.4340396 0)
(22.31294118 110.4340396 0)
(25.10205882 110.4340396 0)
(27.89117647 110.4340396 0)
(30.68029412 110.4340396 0)
(33.46941176 110.4340396 0)
(36.25852941 110.4340396 0)
(39.04764706 110.4340396 0)
(41.83676471 110.4340396 0)
(44.62588235 110.4340396 0)
(47.415 110.4340396 0)
(50.20411765 110.4340396 0)
(52.99323529 110.4340396 0)
(55.78235294 110.4340396 0)
(58.57147059 110.4340396 0)
(61.36058824 110.4340396 0)
(64.14970588 110.4340396 0)
(66.93882353 110.4340396 0)
(69.72794118 110.4340396 0)
(72.51705882 110.4340396 0)
(75.30617647 110.4340396 0)
(78.09529412 110.4340396 0)
(80.88441176 110.4340396 0)
(83.67352941 110.4340396 0)
(86.46264706 110.4340396 0)
(89.25176471 110.4340396 0)
(92.04088235 110.4340396 0)
(94.83 110.4340396 0)
(97.61911765 110.4340396 0)
(100.4082353 110.4340396 0)
(103.1973529 110.4340396 0)
(105.9864706 110.4340396 0)
(108.7755882 110.4340396 0)
(111.5647059 110.4340396 0)
(114.3538235 110.4340396 0)
(117.1429412 110.4340396 0)
(119.9320588 110.4340396 0)
(122.7211765 110.4340396 0)
(125.5102941 110.4340396 0)
(128.2994118 110.4340396 0)
(131.0885294 110.4340396 0)
(133.8776471 110.4340396 0)
(136.6667647 110.4340396 0)
(139.4558824 110.4340396 0)
(142.245 110.4340396 0)
(0 117.6869448 0)
(2.789117647 117.6869448 0)
(5.578235294 117.6869448 0)
(8.367352941 117.6869448 0)
(11.15647059 117.6869448 0)
(13.94558824 117.6869448 0)
(16.73470588 117.6869448 0)
(19.52382353 117.6869448 0)
(22.31294118 117.6869448 0)
(25.10205882 117.6869448 0)
(27.89117647 117.6869448 0)
(30.68029412 117.6869448 0)
(33.46941176 117.6869448 0)
(36.25852941 117.6869448 0)
(39.04764706 117.6869448 0)
(41.83676471 117.6869448 0)
(44.62588235 117.6869448 0)
(47.415 117.6869448 0)
(50.20411765 117.6869448 0)
(52.99323529 117.6869448 0)
(55.78235294 117.6869448 0)
(58.57147059 117.6869448 0)
(61.36058824 117.6869448 0)
(64.14970588 117.6869448 0)
(66.93882353 117.6869448 0)
(69.72794118 117.6869448 0)
(72.51705882 117.6869448 0)
(75.30617647 117.6869448 0)
(78.09529412 117.6869448 0)
(80.88441176 117.6869448 0)
(83.67352941 117.6869448 0)
(86.46264706 117.6869448 0)
(89.25176471 117.6869448 0)
(92.04088235 117.6869448 0)
(94.83 117.6869448 0)
(97.61911765 117.6869448 0)
(100.4082353 117.6869448 0)
(103.1973529 117.6869448 0)
(105.9864706 117.6869448 0)
(108.7755882 117.6869448 0)
(111.5647059 117.6869448 0)
(114.3538235 117.6869448 0)
(117.1429412 117.6869448 0)
(119.9320588 117.6869448 0)
(122.7211765 117.6869448 0)
(125.5102941 117.6869448 0)
(128.2994118 117.6869448 0)
(131.0885294 117.6869448 0)
(133.8776471 117.6869448 0)
(136.6667647 117.6869448 0)
(139.4558824 117.6869448 0)
(142.245 117.6869448 0)
(0 125.3876873 0)
(2.789117647 125.3876873 0)
(5.578235294 125.3876873 0)
(8.367352941 125.3876873 0)
(11.15647059 125.3876873 0)
(13.94558824 125.3876873 0)
(16.73470588 125.3876873 0)
(19.52382353 125.3876873 0)
(22.31294118 125.3876873 0)
(25.10205882 125.3876873 0)
(27.89117647 125.3876873 0)
(30.68029412 125.3876873 0)
(33.46941176 125.3876873 0)
(36.25852941 125.3876873 0)
(39.04764706 125.3876873 0)
(41.83676471 125.3876873 0)
(44.62588235 125.3876873 0)
(47.415 125.3876873 0)
(50.20411765 125.3876873 0)
(52.99323529 125.3876873 0)
(55.78235294 125.3876873 0)
(58.57147059 125.3876873 0)
(61.36058824 125.3876873 0)
(64.14970588 125.3876873 0)
(66.93882353 125.3876873 0)
(69.72794118 125.3876873 0)
(72.51705882 125.3876873 0)
(75.30617647 125.3876873 0)
(78.09529412 125.3876873 0)
(80.88441176 125.3876873 0)
(83.67352941 125.3876873 0)
(86.46264706 125.3876873 0)
(89.25176471 125.3876873 0)
(92.04088235 125.3876873 0)
(94.83 125.3876873 0)
(97.61911765 125.3876873 0)
(100.4082353 125.3876873 0)
(103.1973529 125.3876873 0)
(105.9864706 125.3876873 0)
(108.7755882 125.3876873 0)
(111.5647059 125.3876873 0)
(114.3538235 125.3876873 0)
(117.1429412 125.3876873 0)
(119.9320588 125.3876873 0)
(122.7211765 125.3876873 0)
(125.5102941 125.3876873 0)
(128.2994118 125.3876873 0)
(131.0885294 125.3876873 0)
(133.8776471 125.3876873 0)
(136.6667647 125.3876873 0)
(139.4558824 125.3876873 0)
(142.245 125.3876873 0)
(0 133.5639192 0)
(2.789117647 133.5639192 0)
(5.578235294 133.5639192 0)
(8.367352941 133.5639192 0)
(11.15647059 133.5639192 0)
(13.94558824 133.5639192 0)
(16.73470588 133.5639192 0)
(19.52382353 133.5639192 0)
(22.31294118 133.5639192 0)
(25.10205882 133.5639192 0)
(27.89117647 133.5639192 0)
(30.68029412 133.5639192 0)
(33.46941176 133.5639192 0)
(36.25852941 133.5639192 0)
(39.04764706 133.5639192 0)
(41.83676471 133.5639192 0)
(44.62588235 133.5639192 0)
(47.415 133.5639192 0)
(50.20411765 133.5639192 0)
(52.99323529 133.5639192 0)
(55.78235294 133.5639192 0)
(58.57147059 133.5639192 0)
(61.36058824 133.5639192 0)
(64.14970588 133.5639192 0)
(66.93882353 133.5639192 0)
(69.72794118 133.5639192 0)
(72.51705882 133.5639192 0)
(75.30617647 133.5639192 0)
(78.09529412 133.5639192 0)
(80.88441176 133.5639192 0)
(83.67352941 133.5639192 0)
(86.46264706 133.5639192 0)
(89.25176471 133.5639192 0)
(92.04088235 133.5639192 0)
(94.83 133.5639192 0)
(97.61911765 133.5639192 0)
(100.4082353 133.5639192 0)
(103.1973529 133.5639192 0)
(105.9864706 133.5639192 0)
(108.7755882 133.5639192 0)
(111.5647059 133.5639192 0)
(114.3538235 133.5639192 0)
(117.1429412 133.5639192 0)
(119.9320588 133.5639192 0)
(122.7211765 133.5639192 0)
(125.5102941 133.5639192 0)
(128.2994118 133.5639192 0)
(131.0885294 133.5639192 0)
(133.8776471 133.5639192 0)
(136.6667647 133.5639192 0)
(139.4558824 133.5639192 0)
(142.245 133.5639192 0)
(0 142.245 0)
(2.789117647 142.245 0)
(5.578235294 142.245 0)
(8.367352941 142.245 0)
(11.15647059 142.245 0)
(13.94558824 142.245 0)
(16.73470588 142.245 0)
(19.52382353 142.245 0)
(22.31294118 142.245 0)
(25.10205882 142.245 0)
(27.89117647 142.245 0)
(30.68029412 142.245 0)
(33.46941176 142.245 0)
(36.25852941 142.245 0)
(39.04764706 142.245 0)
(41.83676471 142.245 0)
(44.62588235 142.245 0)
(47.415 142.245 0)
(50.20411765 142.245 0)
(52.99323529 142.245 0)
(55.78235294 142.245 0)
(58.57147059 142.245 0)
(61.36058824 142.245 0)
(64.14970588 142.245 0)
(66.93882353 142.245 0)
(69.72794118 142.245 0)
(72.51705882 142.245 0)
(75.30617647 142.245 0)
(78.09529412 142.245 0)
(80.88441176 142.245 0)
(83.67352941 142.245 0)
(86.46264706 142.245 0)
(89.25176471 142.245 0)
(92.04088235 142.245 0)
(94.83 142.245 0)
(97.61911765 142.245 0)
(100.4082353 142.245 0)
(103.1973529 142.245 0)
(105.9864706 142.245 0)
(108.7755882 142.245 0)
(111.5647059 142.245 0)
(114.3538235 142.245 0)
(117.1429412 142.245 0)
(119.9320588 142.245 0)
(122.7211765 142.245 0)
(125.5102941 142.245 0)
(128.2994118 142.245 0)
(131.0885294 142.245 0)
(133.8776471 142.245 0)
(136.6667647 142.245 0)
(139.4558824 142.245 0)
(142.245 142.245 0)
(0 0 10)
(2.789117647 0 10)
(5.578235294 0 10)
(8.367352941 0 10)
(11.15647059 0 10)
(13.94558824 0 10)
(16.73470588 0 10)
(19.52382353 0 10)
(22.31294118 0 10)
(25.10205882 0 10)
(27.89117647 0 10)
(30.68029412 0 10)
(33.46941176 0 10)
(36.25852941 0 10)
(39.04764706 0 10)
(41.83676471 0 10)
(44.62588235 0 10)
(47.415 0 10)
(50.20411765 0 10)
(52.99323529 0 10)
(55.78235294 0 10)
(58.57147059 0 10)
(61.36058824 0 10)
(64.14970588 0 10)
(66.93882353 0 10)
(69.72794118 0 10)
(72.51705882 0 10)
(75.30617647 0 10)
(78.09529412 0 10)
(80.88441176 0 10)
(83.67352941 0 10)
(86.46264706 0 10)
(89.25176471 0 10)
(92.04088235 0 10)
(94.83 0 10)
(97.61911765 0 10)
(100.4082353 0 10)
(103.1973529 0 10)
(105.9864706 0 10)
(108.7755882 0 10)
(111.5647059 0 10)
(114.3538235 0 10)
(117.1429412 0 10)
(119.9320588 0 10)
(122.7211765 0 10)
(125.5102941 0 10)
(128.2994118 0 10)
(131.0885294 0 10)
(133.8776471 0 10)
(136.6667647 0 10)
(139.4558824 0 10)
(142.245 0 10)
(0 0.4340540412 10)
(2.789117647 0.4340540412 10)
(5.578235294 0.4340540412 10)
(8.367352941 0.4340540412 10)
(11.15647059 0.4340540412 10)
(13.94558824 0.4340540412 10)
(16.73470588 0.4340540412 10)
(19.52382353 0.4340540412 10)
(22.31294118 0.4340540412 10)
(25.10205882 0.4340540412 10)
(27.89117647 0.4340540412 10)
(30.68029412 0.4340540412 10)
(33.46941176 0.4340540412 10)
(36.25852941 0.4340540412 10)
(39.04764706 0.4340540412 10)
(41.83676471 0.4340540412 10)
(44.62588235 0.4340540412 10)
(47.415 0.4340540412 10)
(50.20411765 0.4340540412 10)
(52.99323529 0.4340540412 10)
(55.78235294 0.4340540412 10)
(58.57147059 0.4340540412 10)
(61.36058824 0.4340540412 10)
(64.14970588 0.4340540412 10)
(66.93882353 0.4340540412 10)
(69.72794118 0.4340540412 10)
(72.51705882 0.4340540412 10)
(75.30617647 0.4340540412 10)
(78.09529412 0.4340540412 10)
(80.88441176 0.4340540412 10)
(83.67352941 0.4340540412 10)
(86.46264706 0.4340540412 10)
(89.25176471 0.4340540412 10)
(92.04088235 0.4340540412 10)
(94.83 0.4340540412 10)
(97.61911765 0.4340540412 10)
(100.4082353 0.4340540412 10)
(103.1973529 0.4340540412 10)
(105.9864706 0.4340540412 10)
(108.7755882 0.4340540412 10)
(111.5647059 0.4340540412 10)
(114.3538235 0.4340540412 10)
(117.1429412 0.4340540412 10)
(119.9320588 0.4340540412 10)
(122.7211765 0.4340540412 10)
(125.5102941 0.4340540412 10)
(128.2994118 0.4340540412 10)
(131.0885294 0.4340540412 10)
(133.8776471 0.4340540412 10)
(136.6667647 0.4340540412 10)
(139.4558824 0.4340540412 10)
(142.245 0.4340540412 10)
(0 0.8949091475 10)
(2.789117647 0.8949091475 10)
(5.578235294 0.8949091475 10)
(8.367352941 0.8949091475 10)
(11.15647059 0.8949091475 10)
(13.94558824 0.8949091475 10)
(16.73470588 0.8949091475 10)
(19.52382353 0.8949091475 10)
(22.31294118 0.8949091475 10)
(25.10205882 0.8949091475 10)
(27.89117647 0.8949091475 10)
(30.68029412 0.8949091475 10)
(33.46941176 0.8949091475 10)
(36.25852941 0.8949091475 10)
(39.04764706 0.8949091475 10)
(41.83676471 0.8949091475 10)
(44.62588235 0.8949091475 10)
(47.415 0.8949091475 10)
(50.20411765 0.8949091475 10)
(52.99323529 0.8949091475 10)
(55.78235294 0.8949091475 10)
(58.57147059 0.8949091475 10)
(61.36058824 0.8949091475 10)
(64.14970588 0.8949091475 10)
(66.93882353 0.8949091475 10)
(69.72794118 0.8949091475 10)
(72.51705882 0.8949091475 10)
(75.30617647 0.8949091475 10)
(78.09529412 0.8949091475 10)
(80.88441176 0.8949091475 10)
(83.67352941 0.8949091475 10)
(86.46264706 0.8949091475 10)
(89.25176471 0.8949091475 10)
(92.04088235 0.8949091475 10)
(94.83 0.8949091475 10)
(97.61911765 0.8949091475 10)
(100.4082353 0.8949091475 10)
(103.1973529 0.8949091475 10)
(105.9864706 0.8949091475 10)
(108.7755882 0.8949091475 10)
(111.5647059 0.8949091475 10)
(114.3538235 0.8949091475 10)
(117.1429412 0.8949091475 10)
(119.9320588 0.8949091475 10)
(122.7211765 0.8949091475 10)
(125.5102941 0.8949091475 10)
(128.2994118 0.8949091475 10)
(131.0885294 0.8949091475 10)
(133.8776471 0.8949091475 10)
(136.6667647 0.8949091475 10)
(139.4558824 0.8949091475 10)
(142.245 0.8949091475 10)
(0 1.384220175 10)
(2.789117647 1.384220175 10)
(5.578235294 1.384220175 10)
(8.367352941 1.384220175 10)
(11.15647059 1.384220175 10)
(13.94558824 1.384220175 10)
(16.73470588 1.384220175 10)
(19.52382353 1.384220175 10)
(22.31294118 1.384220175 10)
(25.10205882 1.384220175 10)
(27.89117647 1.384220175 10)
(30.68029412 1.384220175 10)
(33.46941176 1.384220175 10)
(36.25852941 1.384220175 10)
(39.04764706 1.384220175 10)
(41.83676471 1.384220175 10)
(44.62588235 1.384220175 10)
(47.415 1.384220175 10)
(50.20411765 1.384220175 10)
(52.99323529 1.384220175 10)
(55.78235294 1.384220175 10)
(58.57147059 1.384220175 10)
(61.36058824 1.384220175 10)
(64.14970588 1.384220175 10)
(66.93882353 1.384220175 10)
(69.72794118 1.384220175 10)
(72.51705882 1.384220175 10)
(75.30617647 1.384220175 10)
(78.09529412 1.384220175 10)
(80.88441176 1.384220175 10)
(83.67352941 1.384220175 10)
(86.46264706 1.384220175 10)
(89.25176471 1.384220175 10)
(92.04088235 1.384220175 10)
(94.83 1.384220175 10)
(97.61911765 1.384220175 10)
(100.4082353 1.384220175 10)
(103.1973529 1.384220175 10)
(105.9864706 1.384220175 10)
(108.7755882 1.384220175 10)
(111.5647059 1.384220175 10)
(114.3538235 1.384220175 10)
(117.1429412 1.384220175 10)
(119.9320588 1.384220175 10)
(122.7211765 1.384220175 10)
(125.5102941 1.384220175 10)
(128.2994118 1.384220175 10)
(131.0885294 1.384220175 10)
(133.8776471 1.384220175 10)
(136.6667647 1.384220175 10)
(139.4558824 1.384220175 10)
(142.245 1.384220175 10)
(0 1.903744162 10)
(2.789117647 1.903744162 10)
(5.578235294 1.903744162 10)
(8.367352941 1.903744162 10)
(11.15647059 1.903744162 10)
(13.94558824 1.903744162 10)
(16.73470588 1.903744162 10)
(19.52382353 1.903744162 10)
(22.31294118 1.903744162 10)
(25.10205882 1.903744162 10)
(27.89117647 1.903744162 10)
(30.68029412 1.903744162 10)
(33.46941176 1.903744162 10)
(36.25852941 1.903744162 10)
(39.04764706 1.903744162 10)
(41.83676471 1.903744162 10)
(44.62588235 1.903744162 10)
(47.415 1.903744162 10)
(50.20411765 1.903744162 10)
(52.99323529 1.903744162 10)
(55.78235294 1.903744162 10)
(58.57147059 1.903744162 10)
(61.36058824 1.903744162 10)
(64.14970588 1.903744162 10)
(66.93882353 1.903744162 10)
(69.72794118 1.903744162 10)
(72.51705882 1.903744162 10)
(75.30617647 1.903744162 10)
(78.09529412 1.903744162 10)
(80.88441176 1.903744162 10)
(83.67352941 1.903744162 10)
(86.46264706 1.903744162 10)
(89.25176471 1.903744162 10)
(92.04088235 1.903744162 10)
(94.83 1.903744162 10)
(97.61911765 1.903744162 10)
(100.4082353 1.903744162 10)
(103.1973529 1.903744162 10)
(105.9864706 1.903744162 10)
(108.7755882 1.903744162 10)
(111.5647059 1.903744162 10)
(114.3538235 1.903744162 10)
(117.1429412 1.903744162 10)
(119.9320588 1.903744162 10)
(122.7211765 1.903744162 10)
(125.5102941 1.903744162 10)
(128.2994118 1.903744162 10)
(131.0885294 1.903744162 10)
(133.8776471 1.903744162 10)
(136.6667647 1.903744162 10)
(139.4558824 1.903744162 10)
(142.245 1.903744162 10)
(0 2.455346634 10)
(2.789117647 2.455346634 10)
(5.578235294 2.455346634 10)
(8.367352941 2.455346634 10)
(11.15647059 2.455346634 10)
(13.94558824 2.455346634 10)
(16.73470588 2.455346634 10)
(19.52382353 2.455346634 10)
(22.31294118 2.455346634 10)
(25.10205882 2.455346634 10)
(27.89117647 2.455346634 10)
(30.68029412 2.455346634 10)
(33.46941176 2.455346634 10)
(36.25852941 2.455346634 10)
(39.04764706 2.455346634 10)
(41.83676471 2.455346634 10)
(44.62588235 2.455346634 10)
(47.415 2.455346634 10)
(50.20411765 2.455346634 10)
(52.99323529 2.455346634 10)
(55.78235294 2.455346634 10)
(58.57147059 2.455346634 10)
(61.36058824 2.455346634 10)
(64.14970588 2.455346634 10)
(66.93882353 2.455346634 10)
(69.72794118 2.455346634 10)
(72.51705882 2.455346634 10)
(75.30617647 2.455346634 10)
(78.09529412 2.455346634 10)
(80.88441176 2.455346634 10)
(83.67352941 2.455346634 10)
(86.46264706 2.455346634 10)
(89.25176471 2.455346634 10)
(92.04088235 2.455346634 10)
(94.83 2.455346634 10)
(97.61911765 2.455346634 10)
(100.4082353 2.455346634 10)
(103.1973529 2.455346634 10)
(105.9864706 2.455346634 10)
(108.7755882 2.455346634 10)
(111.5647059 2.455346634 10)
(114.3538235 2.455346634 10)
(117.1429412 2.455346634 10)
(119.9320588 2.455346634 10)
(122.7211765 2.455346634 10)
(125.5102941 2.455346634 10)
(128.2994118 2.455346634 10)
(131.0885294 2.455346634 10)
(133.8776471 2.455346634 10)
(136.6667647 2.455346634 10)
(139.4558824 2.455346634 10)
(142.245 2.455346634 10)
(0 3.041008306 10)
(2.789117647 3.041008306 10)
(5.578235294 3.041008306 10)
(8.367352941 3.041008306 10)
(11.15647059 3.041008306 10)
(13.94558824 3.041008306 10)
(16.73470588 3.041008306 10)
(19.52382353 3.041008306 10)
(22.31294118 3.041008306 10)
(25.10205882 3.041008306 10)
(27.89117647 3.041008306 10)
(30.68029412 3.041008306 10)
(33.46941176 3.041008306 10)
(36.25852941 3.041008306 10)
(39.04764706 3.041008306 10)
(41.83676471 3.041008306 10)
(44.62588235 3.041008306 10)
(47.415 3.041008306 10)
(50.20411765 3.041008306 10)
(52.99323529 3.041008306 10)
(55.78235294 3.041008306 10)
(58.57147059 3.041008306 10)
(61.36058824 3.041008306 10)
(64.14970588 3.041008306 10)
(66.93882353 3.041008306 10)
(69.72794118 3.041008306 10)
(72.51705882 3.041008306 10)
(75.30617647 3.041008306 10)
(78.09529412 3.041008306 10)
(80.88441176 3.041008306 10)
(83.67352941 3.041008306 10)
(86.46264706 3.041008306 10)
(89.25176471 3.041008306 10)
(92.04088235 3.041008306 10)
(94.83 3.041008306 10)
(97.61911765 3.041008306 10)
(100.4082353 3.041008306 10)
(103.1973529 3.041008306 10)
(105.9864706 3.041008306 10)
(108.7755882 3.041008306 10)
(111.5647059 3.041008306 10)
(114.3538235 3.041008306 10)
(117.1429412 3.041008306 10)
(119.9320588 3.041008306 10)
(122.7211765 3.041008306 10)
(125.5102941 3.041008306 10)
(128.2994118 3.041008306 10)
(131.0885294 3.041008306 10)
(133.8776471 3.041008306 10)
(136.6667647 3.041008306 10)
(139.4558824 3.041008306 10)
(142.245 3.041008306 10)
(0 3.662832196 10)
(2.789117647 3.662832196 10)
(5.578235294 3.662832196 10)
(8.367352941 3.662832196 10)
(11.15647059 3.662832196 10)
(13.94558824 3.662832196 10)
(16.73470588 3.662832196 10)
(19.52382353 3.662832196 10)
(22.31294118 3.662832196 10)
(25.10205882 3.662832196 10)
(27.89117647 3.662832196 10)
(30.68029412 3.662832196 10)
(33.46941176 3.662832196 10)
(36.25852941 3.662832196 10)
(39.04764706 3.662832196 10)
(41.83676471 3.662832196 10)
(44.62588235 3.662832196 10)
(47.415 3.662832196 10)
(50.20411765 3.662832196 10)
(52.99323529 3.662832196 10)
(55.78235294 3.662832196 10)
(58.57147059 3.662832196 10)
(61.36058824 3.662832196 10)
(64.14970588 3.662832196 10)
(66.93882353 3.662832196 10)
(69.72794118 3.662832196 10)
(72.51705882 3.662832196 10)
(75.30617647 3.662832196 10)
(78.09529412 3.662832196 10)
(80.88441176 3.662832196 10)
(83.67352941 3.662832196 10)
(86.46264706 3.662832196 10)
(89.25176471 3.662832196 10)
(92.04088235 3.662832196 10)
(94.83 3.662832196 10)
(97.61911765 3.662832196 10)
(100.4082353 3.662832196 10)
(103.1973529 3.662832196 10)
(105.9864706 3.662832196 10)
(108.7755882 3.662832196 10)
(111.5647059 3.662832196 10)
(114.3538235 3.662832196 10)
(117.1429412 3.662832196 10)
(119.9320588 3.662832196 10)
(122.7211765 3.662832196 10)
(125.5102941 3.662832196 10)
(128.2994118 3.662832196 10)
(131.0885294 3.662832196 10)
(133.8776471 3.662832196 10)
(136.6667647 3.662832196 10)
(139.4558824 3.662832196 10)
(142.245 3.662832196 10)
(0 4.323051173 10)
(2.789117647 4.323051173 10)
(5.578235294 4.323051173 10)
(8.367352941 4.323051173 10)
(11.15647059 4.323051173 10)
(13.94558824 4.323051173 10)
(16.73470588 4.323051173 10)
(19.52382353 4.323051173 10)
(22.31294118 4.323051173 10)
(25.10205882 4.323051173 10)
(27.89117647 4.323051173 10)
(30.68029412 4.323051173 10)
(33.46941176 4.323051173 10)
(36.25852941 4.323051173 10)
(39.04764706 4.323051173 10)
(41.83676471 4.323051173 10)
(44.62588235 4.323051173 10)
(47.415 4.323051173 10)
(50.20411765 4.323051173 10)
(52.99323529 4.323051173 10)
(55.78235294 4.323051173 10)
(58.57147059 4.323051173 10)
(61.36058824 4.323051173 10)
(64.14970588 4.323051173 10)
(66.93882353 4.323051173 10)
(69.72794118 4.323051173 10)
(72.51705882 4.323051173 10)
(75.30617647 4.323051173 10)
(78.09529412 4.323051173 10)
(80.88441176 4.323051173 10)
(83.67352941 4.323051173 10)
(86.46264706 4.323051173 10)
(89.25176471 4.323051173 10)
(92.04088235 4.323051173 10)
(94.83 4.323051173 10)
(97.61911765 4.323051173 10)
(100.4082353 4.323051173 10)
(103.1973529 4.323051173 10)
(105.9864706 4.323051173 10)
(108.7755882 4.323051173 10)
(111.5647059 4.323051173 10)
(114.3538235 4.323051173 10)
(117.1429412 4.323051173 10)
(119.9320588 4.323051173 10)
(122.7211765 4.323051173 10)
(125.5102941 4.323051173 10)
(128.2994118 4.323051173 10)
(131.0885294 4.323051173 10)
(133.8776471 4.323051173 10)
(136.6667647 4.323051173 10)
(139.4558824 4.323051173 10)
(142.245 4.323051173 10)
(0 5.024035977 10)
(2.789117647 5.024035977 10)
(5.578235294 5.024035977 10)
(8.367352941 5.024035977 10)
(11.15647059 5.024035977 10)
(13.94558824 5.024035977 10)
(16.73470588 5.024035977 10)
(19.52382353 5.024035977 10)
(22.31294118 5.024035977 10)
(25.10205882 5.024035977 10)
(27.89117647 5.024035977 10)
(30.68029412 5.024035977 10)
(33.46941176 5.024035977 10)
(36.25852941 5.024035977 10)
(39.04764706 5.024035977 10)
(41.83676471 5.024035977 10)
(44.62588235 5.024035977 10)
(47.415 5.024035977 10)
(50.20411765 5.024035977 10)
(52.99323529 5.024035977 10)
(55.78235294 5.024035977 10)
(58.57147059 5.024035977 10)
(61.36058824 5.024035977 10)
(64.14970588 5.024035977 10)
(66.93882353 5.024035977 10)
(69.72794118 5.024035977 10)
(72.51705882 5.024035977 10)
(75.30617647 5.024035977 10)
(78.09529412 5.024035977 10)
(80.88441176 5.024035977 10)
(83.67352941 5.024035977 10)
(86.46264706 5.024035977 10)
(89.25176471 5.024035977 10)
(92.04088235 5.024035977 10)
(94.83 5.024035977 10)
(97.61911765 5.024035977 10)
(100.4082353 5.024035977 10)
(103.1973529 5.024035977 10)
(105.9864706 5.024035977 10)
(108.7755882 5.024035977 10)
(111.5647059 5.024035977 10)
(114.3538235 5.024035977 10)
(117.1429412 5.024035977 10)
(119.9320588 5.024035977 10)
(122.7211765 5.024035977 10)
(125.5102941 5.024035977 10)
(128.2994118 5.024035977 10)
(131.0885294 5.024035977 10)
(133.8776471 5.024035977 10)
(136.6667647 5.024035977 10)
(139.4558824 5.024035977 10)
(142.245 5.024035977 10)
(0 5.768303731 10)
(2.789117647 5.768303731 10)
(5.578235294 5.768303731 10)
(8.367352941 5.768303731 10)
(11.15647059 5.768303731 10)
(13.94558824 5.768303731 10)
(16.73470588 5.768303731 10)
(19.52382353 5.768303731 10)
(22.31294118 5.768303731 10)
(25.10205882 5.768303731 10)
(27.89117647 5.768303731 10)
(30.68029412 5.768303731 10)
(33.46941176 5.768303731 10)
(36.25852941 5.768303731 10)
(39.04764706 5.768303731 10)
(41.83676471 5.768303731 10)
(44.62588235 5.768303731 10)
(47.415 5.768303731 10)
(50.20411765 5.768303731 10)
(52.99323529 5.768303731 10)
(55.78235294 5.768303731 10)
(58.57147059 5.768303731 10)
(61.36058824 5.768303731 10)
(64.14970588 5.768303731 10)
(66.93882353 5.768303731 10)
(69.72794118 5.768303731 10)
(72.51705882 5.768303731 10)
(75.30617647 5.768303731 10)
(78.09529412 5.768303731 10)
(80.88441176 5.768303731 10)
(83.67352941 5.768303731 10)
(86.46264706 5.768303731 10)
(89.25176471 5.768303731 10)
(92.04088235 5.768303731 10)
(94.83 5.768303731 10)
(97.61911765 5.768303731 10)
(100.4082353 5.768303731 10)
(103.1973529 5.768303731 10)
(105.9864706 5.768303731 10)
(108.7755882 5.768303731 10)
(111.5647059 5.768303731 10)
(114.3538235 5.768303731 10)
(117.1429412 5.768303731 10)
(119.9320588 5.768303731 10)
(122.7211765 5.768303731 10)
(125.5102941 5.768303731 10)
(128.2994118 5.768303731 10)
(131.0885294 5.768303731 10)
(133.8776471 5.768303731 10)
(136.6667647 5.768303731 10)
(139.4558824 5.768303731 10)
(142.245 5.768303731 10)
(0 6.558526981 10)
(2.789117647 6.558526981 10)
(5.578235294 6.558526981 10)
(8.367352941 6.558526981 10)
(11.15647059 6.558526981 10)
(13.94558824 6.558526981 10)
(16.73470588 6.558526981 10)
(19.52382353 6.558526981 10)
(22.31294118 6.558526981 10)
(25.10205882 6.558526981 10)
(27.89117647 6.558526981 10)
(30.68029412 6.558526981 10)
(33.46941176 6.558526981 10)
(36.25852941 6.558526981 10)
(39.04764706 6.558526981 10)
(41.83676471 6.558526981 10)
(44.62588235 6.558526981 10)
(47.415 6.558526981 10)
(50.20411765 6.558526981 10)
(52.99323529 6.558526981 10)
(55.78235294 6.558526981 10)
(58.57147059 6.558526981 10)
(61.36058824 6.558526981 10)
(64.14970588 6.558526981 10)
(66.93882353 6.558526981 10)
(69.72794118 6.558526981 10)
(72.51705882 6.558526981 10)
(75.30617647 6.558526981 10)
(78.09529412 6.558526981 10)
(80.88441176 6.558526981 10)
(83.67352941 6.558526981 10)
(86.46264706 6.558526981 10)
(89.25176471 6.558526981 10)
(92.04088235 6.558526981 10)
(94.83 6.558526981 10)
(97.61911765 6.558526981 10)
(100.4082353 6.558526981 10)
(103.1973529 6.558526981 10)
(105.9864706 6.558526981 10)
(108.7755882 6.558526981 10)
(111.5647059 6.558526981 10)
(114.3538235 6.558526981 10)
(117.1429412 6.558526981 10)
(119.9320588 6.558526981 10)
(122.7211765 6.558526981 10)
(125.5102941 6.558526981 10)
(128.2994118 6.558526981 10)
(131.0885294 6.558526981 10)
(133.8776471 6.558526981 10)
(136.6667647 6.558526981 10)
(139.4558824 6.558526981 10)
(142.245 6.558526981 10)
(0 7.39754329 10)
(2.789117647 7.39754329 10)
(5.578235294 7.39754329 10)
(8.367352941 7.39754329 10)
(11.15647059 7.39754329 10)
(13.94558824 7.39754329 10)
(16.73470588 7.39754329 10)
(19.52382353 7.39754329 10)
(22.31294118 7.39754329 10)
(25.10205882 7.39754329 10)
(27.89117647 7.39754329 10)
(30.68029412 7.39754329 10)
(33.46941176 7.39754329 10)
(36.25852941 7.39754329 10)
(39.04764706 7.39754329 10)
(41.83676471 7.39754329 10)
(44.62588235 7.39754329 10)
(47.415 7.39754329 10)
(50.20411765 7.39754329 10)
(52.99323529 7.39754329 10)
(55.78235294 7.39754329 10)
(58.57147059 7.39754329 10)
(61.36058824 7.39754329 10)
(64.14970588 7.39754329 10)
(66.93882353 7.39754329 10)
(69.72794118 7.39754329 10)
(72.51705882 7.39754329 10)
(75.30617647 7.39754329 10)
(78.09529412 7.39754329 10)
(80.88441176 7.39754329 10)
(83.67352941 7.39754329 10)
(86.46264706 7.39754329 10)
(89.25176471 7.39754329 10)
(92.04088235 7.39754329 10)
(94.83 7.39754329 10)
(97.61911765 7.39754329 10)
(100.4082353 7.39754329 10)
(103.1973529 7.39754329 10)
(105.9864706 7.39754329 10)
(108.7755882 7.39754329 10)
(111.5647059 7.39754329 10)
(114.3538235 7.39754329 10)
(117.1429412 7.39754329 10)
(119.9320588 7.39754329 10)
(122.7211765 7.39754329 10)
(125.5102941 7.39754329 10)
(128.2994118 7.39754329 10)
(131.0885294 7.39754329 10)
(133.8776471 7.39754329 10)
(136.6667647 7.39754329 10)
(139.4558824 7.39754329 10)
(142.245 7.39754329 10)
(0 8.288365432 10)
(2.789117647 8.288365432 10)
(5.578235294 8.288365432 10)
(8.367352941 8.288365432 10)
(11.15647059 8.288365432 10)
(13.94558824 8.288365432 10)
(16.73470588 8.288365432 10)
(19.52382353 8.288365432 10)
(22.31294118 8.288365432 10)
(25.10205882 8.288365432 10)
(27.89117647 8.288365432 10)
(30.68029412 8.288365432 10)
(33.46941176 8.288365432 10)
(36.25852941 8.288365432 10)
(39.04764706 8.288365432 10)
(41.83676471 8.288365432 10)
(44.62588235 8.288365432 10)
(47.415 8.288365432 10)
(50.20411765 8.288365432 10)
(52.99323529 8.288365432 10)
(55.78235294 8.288365432 10)
(58.57147059 8.288365432 10)
(61.36058824 8.288365432 10)
(64.14970588 8.288365432 10)
(66.93882353 8.288365432 10)
(69.72794118 8.288365432 10)
(72.51705882 8.288365432 10)
(75.30617647 8.288365432 10)
(78.09529412 8.288365432 10)
(80.88441176 8.288365432 10)
(83.67352941 8.288365432 10)
(86.46264706 8.288365432 10)
(89.25176471 8.288365432 10)
(92.04088235 8.288365432 10)
(94.83 8.288365432 10)
(97.61911765 8.288365432 10)
(100.4082353 8.288365432 10)
(103.1973529 8.288365432 10)
(105.9864706 8.288365432 10)
(108.7755882 8.288365432 10)
(111.5647059 8.288365432 10)
(114.3538235 8.288365432 10)
(117.1429412 8.288365432 10)
(119.9320588 8.288365432 10)
(122.7211765 8.288365432 10)
(125.5102941 8.288365432 10)
(128.2994118 8.288365432 10)
(131.0885294 8.288365432 10)
(133.8776471 8.288365432 10)
(136.6667647 8.288365432 10)
(139.4558824 8.288365432 10)
(142.245 8.288365432 10)
(0 9.234192204 10)
(2.789117647 9.234192204 10)
(5.578235294 9.234192204 10)
(8.367352941 9.234192204 10)
(11.15647059 9.234192204 10)
(13.94558824 9.234192204 10)
(16.73470588 9.234192204 10)
(19.52382353 9.234192204 10)
(22.31294118 9.234192204 10)
(25.10205882 9.234192204 10)
(27.89117647 9.234192204 10)
(30.68029412 9.234192204 10)
(33.46941176 9.234192204 10)
(36.25852941 9.234192204 10)
(39.04764706 9.234192204 10)
(41.83676471 9.234192204 10)
(44.62588235 9.234192204 10)
(47.415 9.234192204 10)
(50.20411765 9.234192204 10)
(52.99323529 9.234192204 10)
(55.78235294 9.234192204 10)
(58.57147059 9.234192204 10)
(61.36058824 9.234192204 10)
(64.14970588 9.234192204 10)
(66.93882353 9.234192204 10)
(69.72794118 9.234192204 10)
(72.51705882 9.234192204 10)
(75.30617647 9.234192204 10)
(78.09529412 9.234192204 10)
(80.88441176 9.234192204 10)
(83.67352941 9.234192204 10)
(86.46264706 9.234192204 10)
(89.25176471 9.234192204 10)
(92.04088235 9.234192204 10)
(94.83 9.234192204 10)
(97.61911765 9.234192204 10)
(100.4082353 9.234192204 10)
(103.1973529 9.234192204 10)
(105.9864706 9.234192204 10)
(108.7755882 9.234192204 10)
(111.5647059 9.234192204 10)
(114.3538235 9.234192204 10)
(117.1429412 9.234192204 10)
(119.9320588 9.234192204 10)
(122.7211765 9.234192204 10)
(125.5102941 9.234192204 10)
(128.2994118 9.234192204 10)
(131.0885294 9.234192204 10)
(133.8776471 9.234192204 10)
(136.6667647 9.234192204 10)
(139.4558824 9.234192204 10)
(142.245 9.234192204 10)
(0 10.23841992 10)
(2.789117647 10.23841992 10)
(5.578235294 10.23841992 10)
(8.367352941 10.23841992 10)
(11.15647059 10.23841992 10)
(13.94558824 10.23841992 10)
(16.73470588 10.23841992 10)
(19.52382353 10.23841992 10)
(22.31294118 10.23841992 10)
(25.10205882 10.23841992 10)
(27.89117647 10.23841992 10)
(30.68029412 10.23841992 10)
(33.46941176 10.23841992 10)
(36.25852941 10.23841992 10)
(39.04764706 10.23841992 10)
(41.83676471 10.23841992 10)
(44.62588235 10.23841992 10)
(47.415 10.23841992 10)
(50.20411765 10.23841992 10)
(52.99323529 10.23841992 10)
(55.78235294 10.23841992 10)
(58.57147059 10.23841992 10)
(61.36058824 10.23841992 10)
(64.14970588 10.23841992 10)
(66.93882353 10.23841992 10)
(69.72794118 10.23841992 10)
(72.51705882 10.23841992 10)
(75.30617647 10.23841992 10)
(78.09529412 10.23841992 10)
(80.88441176 10.23841992 10)
(83.67352941 10.23841992 10)
(86.46264706 10.23841992 10)
(89.25176471 10.23841992 10)
(92.04088235 10.23841992 10)
(94.83 10.23841992 10)
(97.61911765 10.23841992 10)
(100.4082353 10.23841992 10)
(103.1973529 10.23841992 10)
(105.9864706 10.23841992 10)
(108.7755882 10.23841992 10)
(111.5647059 10.23841992 10)
(114.3538235 10.23841992 10)
(117.1429412 10.23841992 10)
(119.9320588 10.23841992 10)
(122.7211765 10.23841992 10)
(125.5102941 10.23841992 10)
(128.2994118 10.23841992 10)
(131.0885294 10.23841992 10)
(133.8776471 10.23841992 10)
(136.6667647 10.23841992 10)
(139.4558824 10.23841992 10)
(142.245 10.23841992 10)
(0 11.30465459 10)
(2.789117647 11.30465459 10)
(5.578235294 11.30465459 10)
(8.367352941 11.30465459 10)
(11.15647059 11.30465459 10)
(13.94558824 11.30465459 10)
(16.73470588 11.30465459 10)
(19.52382353 11.30465459 10)
(22.31294118 11.30465459 10)
(25.10205882 11.30465459 10)
(27.89117647 11.30465459 10)
(30.68029412 11.30465459 10)
(33.46941176 11.30465459 10)
(36.25852941 11.30465459 10)
(39.04764706 11.30465459 10)
(41.83676471 11.30465459 10)
(44.62588235 11.30465459 10)
(47.415 11.30465459 10)
(50.20411765 11.30465459 10)
(52.99323529 11.30465459 10)
(55.78235294 11.30465459 10)
(58.57147059 11.30465459 10)
(61.36058824 11.30465459 10)
(64.14970588 11.30465459 10)
(66.93882353 11.30465459 10)
(69.72794118 11.30465459 10)
(72.51705882 11.30465459 10)
(75.30617647 11.30465459 10)
(78.09529412 11.30465459 10)
(80.88441176 11.30465459 10)
(83.67352941 11.30465459 10)
(86.46264706 11.30465459 10)
(89.25176471 11.30465459 10)
(92.04088235 11.30465459 10)
(94.83 11.30465459 10)
(97.61911765 11.30465459 10)
(100.4082353 11.30465459 10)
(103.1973529 11.30465459 10)
(105.9864706 11.30465459 10)
(108.7755882 11.30465459 10)
(111.5647059 11.30465459 10)
(114.3538235 11.30465459 10)
(117.1429412 11.30465459 10)
(119.9320588 11.30465459 10)
(122.7211765 11.30465459 10)
(125.5102941 11.30465459 10)
(128.2994118 11.30465459 10)
(131.0885294 11.30465459 10)
(133.8776471 11.30465459 10)
(136.6667647 11.30465459 10)
(139.4558824 11.30465459 10)
(142.245 11.30465459 10)
(0 12.43672491 10)
(2.789117647 12.43672491 10)
(5.578235294 12.43672491 10)
(8.367352941 12.43672491 10)
(11.15647059 12.43672491 10)
(13.94558824 12.43672491 10)
(16.73470588 12.43672491 10)
(19.52382353 12.43672491 10)
(22.31294118 12.43672491 10)
(25.10205882 12.43672491 10)
(27.89117647 12.43672491 10)
(30.68029412 12.43672491 10)
(33.46941176 12.43672491 10)
(36.25852941 12.43672491 10)
(39.04764706 12.43672491 10)
(41.83676471 12.43672491 10)
(44.62588235 12.43672491 10)
(47.415 12.43672491 10)
(50.20411765 12.43672491 10)
(52.99323529 12.43672491 10)
(55.78235294 12.43672491 10)
(58.57147059 12.43672491 10)
(61.36058824 12.43672491 10)
(64.14970588 12.43672491 10)
(66.93882353 12.43672491 10)
(69.72794118 12.43672491 10)
(72.51705882 12.43672491 10)
(75.30617647 12.43672491 10)
(78.09529412 12.43672491 10)
(80.88441176 12.43672491 10)
(83.67352941 12.43672491 10)
(86.46264706 12.43672491 10)
(89.25176471 12.43672491 10)
(92.04088235 12.43672491 10)
(94.83 12.43672491 10)
(97.61911765 12.43672491 10)
(100.4082353 12.43672491 10)
(103.1973529 12.43672491 10)
(105.9864706 12.43672491 10)
(108.7755882 12.43672491 10)
(111.5647059 12.43672491 10)
(114.3538235 12.43672491 10)
(117.1429412 12.43672491 10)
(119.9320588 12.43672491 10)
(122.7211765 12.43672491 10)
(125.5102941 12.43672491 10)
(128.2994118 12.43672491 10)
(131.0885294 12.43672491 10)
(133.8776471 12.43672491 10)
(136.6667647 12.43672491 10)
(139.4558824 12.43672491 10)
(142.245 12.43672491 10)
(0 13.63869595 10)
(2.789117647 13.63869595 10)
(5.578235294 13.63869595 10)
(8.367352941 13.63869595 10)
(11.15647059 13.63869595 10)
(13.94558824 13.63869595 10)
(16.73470588 13.63869595 10)
(19.52382353 13.63869595 10)
(22.31294118 13.63869595 10)
(25.10205882 13.63869595 10)
(27.89117647 13.63869595 10)
(30.68029412 13.63869595 10)
(33.46941176 13.63869595 10)
(36.25852941 13.63869595 10)
(39.04764706 13.63869595 10)
(41.83676471 13.63869595 10)
(44.62588235 13.63869595 10)
(47.415 13.63869595 10)
(50.20411765 13.63869595 10)
(52.99323529 13.63869595 10)
(55.78235294 13.63869595 10)
(58.57147059 13.63869595 10)
(61.36058824 13.63869595 10)
(64.14970588 13.63869595 10)
(66.93882353 13.63869595 10)
(69.72794118 13.63869595 10)
(72.51705882 13.63869595 10)
(75.30617647 13.63869595 10)
(78.09529412 13.63869595 10)
(80.88441176 13.63869595 10)
(83.67352941 13.63869595 10)
(86.46264706 13.63869595 10)
(89.25176471 13.63869595 10)
(92.04088235 13.63869595 10)
(94.83 13.63869595 10)
(97.61911765 13.63869595 10)
(100.4082353 13.63869595 10)
(103.1973529 13.63869595 10)
(105.9864706 13.63869595 10)
(108.7755882 13.63869595 10)
(111.5647059 13.63869595 10)
(114.3538235 13.63869595 10)
(117.1429412 13.63869595 10)
(119.9320588 13.63869595 10)
(122.7211765 13.63869595 10)
(125.5102941 13.63869595 10)
(128.2994118 13.63869595 10)
(131.0885294 13.63869595 10)
(133.8776471 13.63869595 10)
(136.6667647 13.63869595 10)
(139.4558824 13.63869595 10)
(142.245 13.63869595 10)
(0 14.91488379 10)
(2.789117647 14.91488379 10)
(5.578235294 14.91488379 10)
(8.367352941 14.91488379 10)
(11.15647059 14.91488379 10)
(13.94558824 14.91488379 10)
(16.73470588 14.91488379 10)
(19.52382353 14.91488379 10)
(22.31294118 14.91488379 10)
(25.10205882 14.91488379 10)
(27.89117647 14.91488379 10)
(30.68029412 14.91488379 10)
(33.46941176 14.91488379 10)
(36.25852941 14.91488379 10)
(39.04764706 14.91488379 10)
(41.83676471 14.91488379 10)
(44.62588235 14.91488379 10)
(47.415 14.91488379 10)
(50.20411765 14.91488379 10)
(52.99323529 14.91488379 10)
(55.78235294 14.91488379 10)
(58.57147059 14.91488379 10)
(61.36058824 14.91488379 10)
(64.14970588 14.91488379 10)
(66.93882353 14.91488379 10)
(69.72794118 14.91488379 10)
(72.51705882 14.91488379 10)
(75.30617647 14.91488379 10)
(78.09529412 14.91488379 10)
(80.88441176 14.91488379 10)
(83.67352941 14.91488379 10)
(86.46264706 14.91488379 10)
(89.25176471 14.91488379 10)
(92.04088235 14.91488379 10)
(94.83 14.91488379 10)
(97.61911765 14.91488379 10)
(100.4082353 14.91488379 10)
(103.1973529 14.91488379 10)
(105.9864706 14.91488379 10)
(108.7755882 14.91488379 10)
(111.5647059 14.91488379 10)
(114.3538235 14.91488379 10)
(117.1429412 14.91488379 10)
(119.9320588 14.91488379 10)
(122.7211765 14.91488379 10)
(125.5102941 14.91488379 10)
(128.2994118 14.91488379 10)
(131.0885294 14.91488379 10)
(133.8776471 14.91488379 10)
(136.6667647 14.91488379 10)
(139.4558824 14.91488379 10)
(142.245 14.91488379 10)
(0 16.26987102 10)
(2.789117647 16.26987102 10)
(5.578235294 16.26987102 10)
(8.367352941 16.26987102 10)
(11.15647059 16.26987102 10)
(13.94558824 16.26987102 10)
(16.73470588 16.26987102 10)
(19.52382353 16.26987102 10)
(22.31294118 16.26987102 10)
(25.10205882 16.26987102 10)
(27.89117647 16.26987102 10)
(30.68029412 16.26987102 10)
(33.46941176 16.26987102 10)
(36.25852941 16.26987102 10)
(39.04764706 16.26987102 10)
(41.83676471 16.26987102 10)
(44.62588235 16.26987102 10)
(47.415 16.26987102 10)
(50.20411765 16.26987102 10)
(52.99323529 16.26987102 10)
(55.78235294 16.26987102 10)
(58.57147059 16.26987102 10)
(61.36058824 16.26987102 10)
(64.14970588 16.26987102 10)
(66.93882353 16.26987102 10)
(69.72794118 16.26987102 10)
(72.51705882 16.26987102 10)
(75.30617647 16.26987102 10)
(78.09529412 16.26987102 10)
(80.88441176 16.26987102 10)
(83.67352941 16.26987102 10)
(86.46264706 16.26987102 10)
(89.25176471 16.26987102 10)
(92.04088235 16.26987102 10)
(94.83 16.26987102 10)
(97.61911765 16.26987102 10)
(100.4082353 16.26987102 10)
(103.1973529 16.26987102 10)
(105.9864706 16.26987102 10)
(108.7755882 16.26987102 10)
(111.5647059 16.26987102 10)
(114.3538235 16.26987102 10)
(117.1429412 16.26987102 10)
(119.9320588 16.26987102 10)
(122.7211765 16.26987102 10)
(125.5102941 16.26987102 10)
(128.2994118 16.26987102 10)
(131.0885294 16.26987102 10)
(133.8776471 16.26987102 10)
(136.6667647 16.26987102 10)
(139.4558824 16.26987102 10)
(142.245 16.26987102 10)
(0 17.70852318 10)
(2.789117647 17.70852318 10)
(5.578235294 17.70852318 10)
(8.367352941 17.70852318 10)
(11.15647059 17.70852318 10)
(13.94558824 17.70852318 10)
(16.73470588 17.70852318 10)
(19.52382353 17.70852318 10)
(22.31294118 17.70852318 10)
(25.10205882 17.70852318 10)
(27.89117647 17.70852318 10)
(30.68029412 17.70852318 10)
(33.46941176 17.70852318 10)
(36.25852941 17.70852318 10)
(39.04764706 17.70852318 10)
(41.83676471 17.70852318 10)
(44.62588235 17.70852318 10)
(47.415 17.70852318 10)
(50.20411765 17.70852318 10)
(52.99323529 17.70852318 10)
(55.78235294 17.70852318 10)
(58.57147059 17.70852318 10)
(61.36058824 17.70852318 10)
(64.14970588 17.70852318 10)
(66.93882353 17.70852318 10)
(69.72794118 17.70852318 10)
(72.51705882 17.70852318 10)
(75.30617647 17.70852318 10)
(78.09529412 17.70852318 10)
(80.88441176 17.70852318 10)
(83.67352941 17.70852318 10)
(86.46264706 17.70852318 10)
(89.25176471 17.70852318 10)
(92.04088235 17.70852318 10)
(94.83 17.70852318 10)
(97.61911765 17.70852318 10)
(100.4082353 17.70852318 10)
(103.1973529 17.70852318 10)
(105.9864706 17.70852318 10)
(108.7755882 17.70852318 10)
(111.5647059 17.70852318 10)
(114.3538235 17.70852318 10)
(117.1429412 17.70852318 10)
(119.9320588 17.70852318 10)
(122.7211765 17.70852318 10)
(125.5102941 17.70852318 10)
(128.2994118 17.70852318 10)
(131.0885294 17.70852318 10)
(133.8776471 17.70852318 10)
(136.6667647 17.70852318 10)
(139.4558824 17.70852318 10)
(142.245 17.70852318 10)
(0 19.23600624 10)
(2.789117647 19.23600624 10)
(5.578235294 19.23600624 10)
(8.367352941 19.23600624 10)
(11.15647059 19.23600624 10)
(13.94558824 19.23600624 10)
(16.73470588 19.23600624 10)
(19.52382353 19.23600624 10)
(22.31294118 19.23600624 10)
(25.10205882 19.23600624 10)
(27.89117647 19.23600624 10)
(30.68029412 19.23600624 10)
(33.46941176 19.23600624 10)
(36.25852941 19.23600624 10)
(39.04764706 19.23600624 10)
(41.83676471 19.23600624 10)
(44.62588235 19.23600624 10)
(47.415 19.23600624 10)
(50.20411765 19.23600624 10)
(52.99323529 19.23600624 10)
(55.78235294 19.23600624 10)
(58.57147059 19.23600624 10)
(61.36058824 19.23600624 10)
(64.14970588 19.23600624 10)
(66.93882353 19.23600624 10)
(69.72794118 19.23600624 10)
(72.51705882 19.23600624 10)
(75.30617647 19.23600624 10)
(78.09529412 19.23600624 10)
(80.88441176 19.23600624 10)
(83.67352941 19.23600624 10)
(86.46264706 19.23600624 10)
(89.25176471 19.23600624 10)
(92.04088235 19.23600624 10)
(94.83 19.23600624 10)
(97.61911765 19.23600624 10)
(100.4082353 19.23600624 10)
(103.1973529 19.23600624 10)
(105.9864706 19.23600624 10)
(108.7755882 19.23600624 10)
(111.5647059 19.23600624 10)
(114.3538235 19.23600624 10)
(117.1429412 19.23600624 10)
(119.9320588 19.23600624 10)
(122.7211765 19.23600624 10)
(125.5102941 19.23600624 10)
(128.2994118 19.23600624 10)
(131.0885294 19.23600624 10)
(133.8776471 19.23600624 10)
(136.6667647 19.23600624 10)
(139.4558824 19.23600624 10)
(142.245 19.23600624 10)
(0 20.85780514 10)
(2.789117647 20.85780514 10)
(5.578235294 20.85780514 10)
(8.367352941 20.85780514 10)
(11.15647059 20.85780514 10)
(13.94558824 20.85780514 10)
(16.73470588 20.85780514 10)
(19.52382353 20.85780514 10)
(22.31294118 20.85780514 10)
(25.10205882 20.85780514 10)
(27.89117647 20.85780514 10)
(30.68029412 20.85780514 10)
(33.46941176 20.85780514 10)
(36.25852941 20.85780514 10)
(39.04764706 20.85780514 10)
(41.83676471 20.85780514 10)
(44.62588235 20.85780514 10)
(47.415 20.85780514 10)
(50.20411765 20.85780514 10)
(52.99323529 20.85780514 10)
(55.78235294 20.85780514 10)
(58.57147059 20.85780514 10)
(61.36058824 20.85780514 10)
(64.14970588 20.85780514 10)
(66.93882353 20.85780514 10)
(69.72794118 20.85780514 10)
(72.51705882 20.85780514 10)
(75.30617647 20.85780514 10)
(78.09529412 20.85780514 10)
(80.88441176 20.85780514 10)
(83.67352941 20.85780514 10)
(86.46264706 20.85780514 10)
(89.25176471 20.85780514 10)
(92.04088235 20.85780514 10)
(94.83 20.85780514 10)
(97.61911765 20.85780514 10)
(100.4082353 20.85780514 10)
(103.1973529 20.85780514 10)
(105.9864706 20.85780514 10)
(108.7755882 20.85780514 10)
(111.5647059 20.85780514 10)
(114.3538235 20.85780514 10)
(117.1429412 20.85780514 10)
(119.9320588 20.85780514 10)
(122.7211765 20.85780514 10)
(125.5102941 20.85780514 10)
(128.2994118 20.85780514 10)
(131.0885294 20.85780514 10)
(133.8776471 20.85780514 10)
(136.6667647 20.85780514 10)
(139.4558824 20.85780514 10)
(142.245 20.85780514 10)
(0 22.5797435 10)
(2.789117647 22.5797435 10)
(5.578235294 22.5797435 10)
(8.367352941 22.5797435 10)
(11.15647059 22.5797435 10)
(13.94558824 22.5797435 10)
(16.73470588 22.5797435 10)
(19.52382353 22.5797435 10)
(22.31294118 22.5797435 10)
(25.10205882 22.5797435 10)
(27.89117647 22.5797435 10)
(30.68029412 22.5797435 10)
(33.46941176 22.5797435 10)
(36.25852941 22.5797435 10)
(39.04764706 22.5797435 10)
(41.83676471 22.5797435 10)
(44.62588235 22.5797435 10)
(47.415 22.5797435 10)
(50.20411765 22.5797435 10)
(52.99323529 22.5797435 10)
(55.78235294 22.5797435 10)
(58.57147059 22.5797435 10)
(61.36058824 22.5797435 10)
(64.14970588 22.5797435 10)
(66.93882353 22.5797435 10)
(69.72794118 22.5797435 10)
(72.51705882 22.5797435 10)
(75.30617647 22.5797435 10)
(78.09529412 22.5797435 10)
(80.88441176 22.5797435 10)
(83.67352941 22.5797435 10)
(86.46264706 22.5797435 10)
(89.25176471 22.5797435 10)
(92.04088235 22.5797435 10)
(94.83 22.5797435 10)
(97.61911765 22.5797435 10)
(100.4082353 22.5797435 10)
(103.1973529 22.5797435 10)
(105.9864706 22.5797435 10)
(108.7755882 22.5797435 10)
(111.5647059 22.5797435 10)
(114.3538235 22.5797435 10)
(117.1429412 22.5797435 10)
(119.9320588 22.5797435 10)
(122.7211765 22.5797435 10)
(125.5102941 22.5797435 10)
(128.2994118 22.5797435 10)
(131.0885294 22.5797435 10)
(133.8776471 22.5797435 10)
(136.6667647 22.5797435 10)
(139.4558824 22.5797435 10)
(142.245 22.5797435 10)
(0 24.40800453 10)
(2.789117647 24.40800453 10)
(5.578235294 24.40800453 10)
(8.367352941 24.40800453 10)
(11.15647059 24.40800453 10)
(13.94558824 24.40800453 10)
(16.73470588 24.40800453 10)
(19.52382353 24.40800453 10)
(22.31294118 24.40800453 10)
(25.10205882 24.40800453 10)
(27.89117647 24.40800453 10)
(30.68029412 24.40800453 10)
(33.46941176 24.40800453 10)
(36.25852941 24.40800453 10)
(39.04764706 24.40800453 10)
(41.83676471 24.40800453 10)
(44.62588235 24.40800453 10)
(47.415 24.40800453 10)
(50.20411765 24.40800453 10)
(52.99323529 24.40800453 10)
(55.78235294 24.40800453 10)
(58.57147059 24.40800453 10)
(61.36058824 24.40800453 10)
(64.14970588 24.40800453 10)
(66.93882353 24.40800453 10)
(69.72794118 24.40800453 10)
(72.51705882 24.40800453 10)
(75.30617647 24.40800453 10)
(78.09529412 24.40800453 10)
(80.88441176 24.40800453 10)
(83.67352941 24.40800453 10)
(86.46264706 24.40800453 10)
(89.25176471 24.40800453 10)
(92.04088235 24.40800453 10)
(94.83 24.40800453 10)
(97.61911765 24.40800453 10)
(100.4082353 24.40800453 10)
(103.1973529 24.40800453 10)
(105.9864706 24.40800453 10)
(108.7755882 24.40800453 10)
(111.5647059 24.40800453 10)
(114.3538235 24.40800453 10)
(117.1429412 24.40800453 10)
(119.9320588 24.40800453 10)
(122.7211765 24.40800453 10)
(125.5102941 24.40800453 10)
(128.2994118 24.40800453 10)
(131.0885294 24.40800453 10)
(133.8776471 24.40800453 10)
(136.6667647 24.40800453 10)
(139.4558824 24.40800453 10)
(142.245 24.40800453 10)
(0 26.34915321 10)
(2.789117647 26.34915321 10)
(5.578235294 26.34915321 10)
(8.367352941 26.34915321 10)
(11.15647059 26.34915321 10)
(13.94558824 26.34915321 10)
(16.73470588 26.34915321 10)
(19.52382353 26.34915321 10)
(22.31294118 26.34915321 10)
(25.10205882 26.34915321 10)
(27.89117647 26.34915321 10)
(30.68029412 26.34915321 10)
(33.46941176 26.34915321 10)
(36.25852941 26.34915321 10)
(39.04764706 26.34915321 10)
(41.83676471 26.34915321 10)
(44.62588235 26.34915321 10)
(47.415 26.34915321 10)
(50.20411765 26.34915321 10)
(52.99323529 26.34915321 10)
(55.78235294 26.34915321 10)
(58.57147059 26.34915321 10)
(61.36058824 26.34915321 10)
(64.14970588 26.34915321 10)
(66.93882353 26.34915321 10)
(69.72794118 26.34915321 10)
(72.51705882 26.34915321 10)
(75.30617647 26.34915321 10)
(78.09529412 26.34915321 10)
(80.88441176 26.34915321 10)
(83.67352941 26.34915321 10)
(86.46264706 26.34915321 10)
(89.25176471 26.34915321 10)
(92.04088235 26.34915321 10)
(94.83 26.34915321 10)
(97.61911765 26.34915321 10)
(100.4082353 26.34915321 10)
(103.1973529 26.34915321 10)
(105.9864706 26.34915321 10)
(108.7755882 26.34915321 10)
(111.5647059 26.34915321 10)
(114.3538235 26.34915321 10)
(117.1429412 26.34915321 10)
(119.9320588 26.34915321 10)
(122.7211765 26.34915321 10)
(125.5102941 26.34915321 10)
(128.2994118 26.34915321 10)
(131.0885294 26.34915321 10)
(133.8776471 26.34915321 10)
(136.6667647 26.34915321 10)
(139.4558824 26.34915321 10)
(142.245 26.34915321 10)
(0 28.4101599 10)
(2.789117647 28.4101599 10)
(5.578235294 28.4101599 10)
(8.367352941 28.4101599 10)
(11.15647059 28.4101599 10)
(13.94558824 28.4101599 10)
(16.73470588 28.4101599 10)
(19.52382353 28.4101599 10)
(22.31294118 28.4101599 10)
(25.10205882 28.4101599 10)
(27.89117647 28.4101599 10)
(30.68029412 28.4101599 10)
(33.46941176 28.4101599 10)
(36.25852941 28.4101599 10)
(39.04764706 28.4101599 10)
(41.83676471 28.4101599 10)
(44.62588235 28.4101599 10)
(47.415 28.4101599 10)
(50.20411765 28.4101599 10)
(52.99323529 28.4101599 10)
(55.78235294 28.4101599 10)
(58.57147059 28.4101599 10)
(61.36058824 28.4101599 10)
(64.14970588 28.4101599 10)
(66.93882353 28.4101599 10)
(69.72794118 28.4101599 10)
(72.51705882 28.4101599 10)
(75.30617647 28.4101599 10)
(78.09529412 28.4101599 10)
(80.88441176 28.4101599 10)
(83.67352941 28.4101599 10)
(86.46264706 28.4101599 10)
(89.25176471 28.4101599 10)
(92.04088235 28.4101599 10)
(94.83 28.4101599 10)
(97.61911765 28.4101599 10)
(100.4082353 28.4101599 10)
(103.1973529 28.4101599 10)
(105.9864706 28.4101599 10)
(108.7755882 28.4101599 10)
(111.5647059 28.4101599 10)
(114.3538235 28.4101599 10)
(117.1429412 28.4101599 10)
(119.9320588 28.4101599 10)
(122.7211765 28.4101599 10)
(125.5102941 28.4101599 10)
(128.2994118 28.4101599 10)
(131.0885294 28.4101599 10)
(133.8776471 28.4101599 10)
(136.6667647 28.4101599 10)
(139.4558824 28.4101599 10)
(142.245 28.4101599 10)
(0 30.59842535 10)
(2.789117647 30.59842535 10)
(5.578235294 30.59842535 10)
(8.367352941 30.59842535 10)
(11.15647059 30.59842535 10)
(13.94558824 30.59842535 10)
(16.73470588 30.59842535 10)
(19.52382353 30.59842535 10)
(22.31294118 30.59842535 10)
(25.10205882 30.59842535 10)
(27.89117647 30.59842535 10)
(30.68029412 30.59842535 10)
(33.46941176 30.59842535 10)
(36.25852941 30.59842535 10)
(39.04764706 30.59842535 10)
(41.83676471 30.59842535 10)
(44.62588235 30.59842535 10)
(47.415 30.59842535 10)
(50.20411765 30.59842535 10)
(52.99323529 30.59842535 10)
(55.78235294 30.59842535 10)
(58.57147059 30.59842535 10)
(61.36058824 30.59842535 10)
(64.14970588 30.59842535 10)
(66.93882353 30.59842535 10)
(69.72794118 30.59842535 10)
(72.51705882 30.59842535 10)
(75.30617647 30.59842535 10)
(78.09529412 30.59842535 10)
(80.88441176 30.59842535 10)
(83.67352941 30.59842535 10)
(86.46264706 30.59842535 10)
(89.25176471 30.59842535 10)
(92.04088235 30.59842535 10)
(94.83 30.59842535 10)
(97.61911765 30.59842535 10)
(100.4082353 30.59842535 10)
(103.1973529 30.59842535 10)
(105.9864706 30.59842535 10)
(108.7755882 30.59842535 10)
(111.5647059 30.59842535 10)
(114.3538235 30.59842535 10)
(117.1429412 30.59842535 10)
(119.9320588 30.59842535 10)
(122.7211765 30.59842535 10)
(125.5102941 30.59842535 10)
(128.2994118 30.59842535 10)
(131.0885294 30.59842535 10)
(133.8776471 30.59842535 10)
(136.6667647 30.59842535 10)
(139.4558824 30.59842535 10)
(142.245 30.59842535 10)
(0 32.92180724 10)
(2.789117647 32.92180724 10)
(5.578235294 32.92180724 10)
(8.367352941 32.92180724 10)
(11.15647059 32.92180724 10)
(13.94558824 32.92180724 10)
(16.73470588 32.92180724 10)
(19.52382353 32.92180724 10)
(22.31294118 32.92180724 10)
(25.10205882 32.92180724 10)
(27.89117647 32.92180724 10)
(30.68029412 32.92180724 10)
(33.46941176 32.92180724 10)
(36.25852941 32.92180724 10)
(39.04764706 32.92180724 10)
(41.83676471 32.92180724 10)
(44.62588235 32.92180724 10)
(47.415 32.92180724 10)
(50.20411765 32.92180724 10)
(52.99323529 32.92180724 10)
(55.78235294 32.92180724 10)
(58.57147059 32.92180724 10)
(61.36058824 32.92180724 10)
(64.14970588 32.92180724 10)
(66.93882353 32.92180724 10)
(69.72794118 32.92180724 10)
(72.51705882 32.92180724 10)
(75.30617647 32.92180724 10)
(78.09529412 32.92180724 10)
(80.88441176 32.92180724 10)
(83.67352941 32.92180724 10)
(86.46264706 32.92180724 10)
(89.25176471 32.92180724 10)
(92.04088235 32.92180724 10)
(94.83 32.92180724 10)
(97.61911765 32.92180724 10)
(100.4082353 32.92180724 10)
(103.1973529 32.92180724 10)
(105.9864706 32.92180724 10)
(108.7755882 32.92180724 10)
(111.5647059 32.92180724 10)
(114.3538235 32.92180724 10)
(117.1429412 32.92180724 10)
(119.9320588 32.92180724 10)
(122.7211765 32.92180724 10)
(125.5102941 32.92180724 10)
(128.2994118 32.92180724 10)
(131.0885294 32.92180724 10)
(133.8776471 32.92180724 10)
(136.6667647 32.92180724 10)
(139.4558824 32.92180724 10)
(142.245 32.92180724 10)
(0 35.38864849 10)
(2.789117647 35.38864849 10)
(5.578235294 35.38864849 10)
(8.367352941 35.38864849 10)
(11.15647059 35.38864849 10)
(13.94558824 35.38864849 10)
(16.73470588 35.38864849 10)
(19.52382353 35.38864849 10)
(22.31294118 35.38864849 10)
(25.10205882 35.38864849 10)
(27.89117647 35.38864849 10)
(30.68029412 35.38864849 10)
(33.46941176 35.38864849 10)
(36.25852941 35.38864849 10)
(39.04764706 35.38864849 10)
(41.83676471 35.38864849 10)
(44.62588235 35.38864849 10)
(47.415 35.38864849 10)
(50.20411765 35.38864849 10)
(52.99323529 35.38864849 10)
(55.78235294 35.38864849 10)
(58.57147059 35.38864849 10)
(61.36058824 35.38864849 10)
(64.14970588 35.38864849 10)
(66.93882353 35.38864849 10)
(69.72794118 35.38864849 10)
(72.51705882 35.38864849 10)
(75.30617647 35.38864849 10)
(78.09529412 35.38864849 10)
(80.88441176 35.38864849 10)
(83.67352941 35.38864849 10)
(86.46264706 35.38864849 10)
(89.25176471 35.38864849 10)
(92.04088235 35.38864849 10)
(94.83 35.38864849 10)
(97.61911765 35.38864849 10)
(100.4082353 35.38864849 10)
(103.1973529 35.38864849 10)
(105.9864706 35.38864849 10)
(108.7755882 35.38864849 10)
(111.5647059 35.38864849 10)
(114.3538235 35.38864849 10)
(117.1429412 35.38864849 10)
(119.9320588 35.38864849 10)
(122.7211765 35.38864849 10)
(125.5102941 35.38864849 10)
(128.2994118 35.38864849 10)
(131.0885294 35.38864849 10)
(133.8776471 35.38864849 10)
(136.6667647 35.38864849 10)
(139.4558824 35.38864849 10)
(142.245 35.38864849 10)
(0 38.00780712 10)
(2.789117647 38.00780712 10)
(5.578235294 38.00780712 10)
(8.367352941 38.00780712 10)
(11.15647059 38.00780712 10)
(13.94558824 38.00780712 10)
(16.73470588 38.00780712 10)
(19.52382353 38.00780712 10)
(22.31294118 38.00780712 10)
(25.10205882 38.00780712 10)
(27.89117647 38.00780712 10)
(30.68029412 38.00780712 10)
(33.46941176 38.00780712 10)
(36.25852941 38.00780712 10)
(39.04764706 38.00780712 10)
(41.83676471 38.00780712 10)
(44.62588235 38.00780712 10)
(47.415 38.00780712 10)
(50.20411765 38.00780712 10)
(52.99323529 38.00780712 10)
(55.78235294 38.00780712 10)
(58.57147059 38.00780712 10)
(61.36058824 38.00780712 10)
(64.14970588 38.00780712 10)
(66.93882353 38.00780712 10)
(69.72794118 38.00780712 10)
(72.51705882 38.00780712 10)
(75.30617647 38.00780712 10)
(78.09529412 38.00780712 10)
(80.88441176 38.00780712 10)
(83.67352941 38.00780712 10)
(86.46264706 38.00780712 10)
(89.25176471 38.00780712 10)
(92.04088235 38.00780712 10)
(94.83 38.00780712 10)
(97.61911765 38.00780712 10)
(100.4082353 38.00780712 10)
(103.1973529 38.00780712 10)
(105.9864706 38.00780712 10)
(108.7755882 38.00780712 10)
(111.5647059 38.00780712 10)
(114.3538235 38.00780712 10)
(117.1429412 38.00780712 10)
(119.9320588 38.00780712 10)
(122.7211765 38.00780712 10)
(125.5102941 38.00780712 10)
(128.2994118 38.00780712 10)
(131.0885294 38.00780712 10)
(133.8776471 38.00780712 10)
(136.6667647 38.00780712 10)
(139.4558824 38.00780712 10)
(142.245 38.00780712 10)
(0 40.78868809 10)
(2.789117647 40.78868809 10)
(5.578235294 40.78868809 10)
(8.367352941 40.78868809 10)
(11.15647059 40.78868809 10)
(13.94558824 40.78868809 10)
(16.73470588 40.78868809 10)
(19.52382353 40.78868809 10)
(22.31294118 40.78868809 10)
(25.10205882 40.78868809 10)
(27.89117647 40.78868809 10)
(30.68029412 40.78868809 10)
(33.46941176 40.78868809 10)
(36.25852941 40.78868809 10)
(39.04764706 40.78868809 10)
(41.83676471 40.78868809 10)
(44.62588235 40.78868809 10)
(47.415 40.78868809 10)
(50.20411765 40.78868809 10)
(52.99323529 40.78868809 10)
(55.78235294 40.78868809 10)
(58.57147059 40.78868809 10)
(61.36058824 40.78868809 10)
(64.14970588 40.78868809 10)
(66.93882353 40.78868809 10)
(69.72794118 40.78868809 10)
(72.51705882 40.78868809 10)
(75.30617647 40.78868809 10)
(78.09529412 40.78868809 10)
(80.88441176 40.78868809 10)
(83.67352941 40.78868809 10)
(86.46264706 40.78868809 10)
(89.25176471 40.78868809 10)
(92.04088235 40.78868809 10)
(94.83 40.78868809 10)
(97.61911765 40.78868809 10)
(100.4082353 40.78868809 10)
(103.1973529 40.78868809 10)
(105.9864706 40.78868809 10)
(108.7755882 40.78868809 10)
(111.5647059 40.78868809 10)
(114.3538235 40.78868809 10)
(117.1429412 40.78868809 10)
(119.9320588 40.78868809 10)
(122.7211765 40.78868809 10)
(125.5102941 40.78868809 10)
(128.2994118 40.78868809 10)
(131.0885294 40.78868809 10)
(133.8776471 40.78868809 10)
(136.6667647 40.78868809 10)
(139.4558824 40.78868809 10)
(142.245 40.78868809 10)
(0 43.74127712 10)
(2.789117647 43.74127712 10)
(5.578235294 43.74127712 10)
(8.367352941 43.74127712 10)
(11.15647059 43.74127712 10)
(13.94558824 43.74127712 10)
(16.73470588 43.74127712 10)
(19.52382353 43.74127712 10)
(22.31294118 43.74127712 10)
(25.10205882 43.74127712 10)
(27.89117647 43.74127712 10)
(30.68029412 43.74127712 10)
(33.46941176 43.74127712 10)
(36.25852941 43.74127712 10)
(39.04764706 43.74127712 10)
(41.83676471 43.74127712 10)
(44.62588235 43.74127712 10)
(47.415 43.74127712 10)
(50.20411765 43.74127712 10)
(52.99323529 43.74127712 10)
(55.78235294 43.74127712 10)
(58.57147059 43.74127712 10)
(61.36058824 43.74127712 10)
(64.14970588 43.74127712 10)
(66.93882353 43.74127712 10)
(69.72794118 43.74127712 10)
(72.51705882 43.74127712 10)
(75.30617647 43.74127712 10)
(78.09529412 43.74127712 10)
(80.88441176 43.74127712 10)
(83.67352941 43.74127712 10)
(86.46264706 43.74127712 10)
(89.25176471 43.74127712 10)
(92.04088235 43.74127712 10)
(94.83 43.74127712 10)
(97.61911765 43.74127712 10)
(100.4082353 43.74127712 10)
(103.1973529 43.74127712 10)
(105.9864706 43.74127712 10)
(108.7755882 43.74127712 10)
(111.5647059 43.74127712 10)
(114.3538235 43.74127712 10)
(117.1429412 43.74127712 10)
(119.9320588 43.74127712 10)
(122.7211765 43.74127712 10)
(125.5102941 43.74127712 10)
(128.2994118 43.74127712 10)
(131.0885294 43.74127712 10)
(133.8776471 43.74127712 10)
(136.6667647 43.74127712 10)
(139.4558824 43.74127712 10)
(142.245 43.74127712 10)
(0 46.87617646 10)
(2.789117647 46.87617646 10)
(5.578235294 46.87617646 10)
(8.367352941 46.87617646 10)
(11.15647059 46.87617646 10)
(13.94558824 46.87617646 10)
(16.73470588 46.87617646 10)
(19.52382353 46.87617646 10)
(22.31294118 46.87617646 10)
(25.10205882 46.87617646 10)
(27.89117647 46.87617646 10)
(30.68029412 46.87617646 10)
(33.46941176 46.87617646 10)
(36.25852941 46.87617646 10)
(39.04764706 46.87617646 10)
(41.83676471 46.87617646 10)
(44.62588235 46.87617646 10)
(47.415 46.87617646 10)
(50.20411765 46.87617646 10)
(52.99323529 46.87617646 10)
(55.78235294 46.87617646 10)
(58.57147059 46.87617646 10)
(61.36058824 46.87617646 10)
(64.14970588 46.87617646 10)
(66.93882353 46.87617646 10)
(69.72794118 46.87617646 10)
(72.51705882 46.87617646 10)
(75.30617647 46.87617646 10)
(78.09529412 46.87617646 10)
(80.88441176 46.87617646 10)
(83.67352941 46.87617646 10)
(86.46264706 46.87617646 10)
(89.25176471 46.87617646 10)
(92.04088235 46.87617646 10)
(94.83 46.87617646 10)
(97.61911765 46.87617646 10)
(100.4082353 46.87617646 10)
(103.1973529 46.87617646 10)
(105.9864706 46.87617646 10)
(108.7755882 46.87617646 10)
(111.5647059 46.87617646 10)
(114.3538235 46.87617646 10)
(117.1429412 46.87617646 10)
(119.9320588 46.87617646 10)
(122.7211765 46.87617646 10)
(125.5102941 46.87617646 10)
(128.2994118 46.87617646 10)
(131.0885294 46.87617646 10)
(133.8776471 46.87617646 10)
(136.6667647 46.87617646 10)
(139.4558824 46.87617646 10)
(142.245 46.87617646 10)
(0 50.20464305 10)
(2.789117647 50.20464305 10)
(5.578235294 50.20464305 10)
(8.367352941 50.20464305 10)
(11.15647059 50.20464305 10)
(13.94558824 50.20464305 10)
(16.73470588 50.20464305 10)
(19.52382353 50.20464305 10)
(22.31294118 50.20464305 10)
(25.10205882 50.20464305 10)
(27.89117647 50.20464305 10)
(30.68029412 50.20464305 10)
(33.46941176 50.20464305 10)
(36.25852941 50.20464305 10)
(39.04764706 50.20464305 10)
(41.83676471 50.20464305 10)
(44.62588235 50.20464305 10)
(47.415 50.20464305 10)
(50.20411765 50.20464305 10)
(52.99323529 50.20464305 10)
(55.78235294 50.20464305 10)
(58.57147059 50.20464305 10)
(61.36058824 50.20464305 10)
(64.14970588 50.20464305 10)
(66.93882353 50.20464305 10)
(69.72794118 50.20464305 10)
(72.51705882 50.20464305 10)
(75.30617647 50.20464305 10)
(78.09529412 50.20464305 10)
(80.88441176 50.20464305 10)
(83.67352941 50.20464305 10)
(86.46264706 50.20464305 10)
(89.25176471 50.20464305 10)
(92.04088235 50.20464305 10)
(94.83 50.20464305 10)
(97.61911765 50.20464305 10)
(100.4082353 50.20464305 10)
(103.1973529 50.20464305 10)
(105.9864706 50.20464305 10)
(108.7755882 50.20464305 10)
(111.5647059 50.20464305 10)
(114.3538235 50.20464305 10)
(117.1429412 50.20464305 10)
(119.9320588 50.20464305 10)
(122.7211765 50.20464305 10)
(125.5102941 50.20464305 10)
(128.2994118 50.20464305 10)
(131.0885294 50.20464305 10)
(133.8776471 50.20464305 10)
(136.6667647 50.20464305 10)
(139.4558824 50.20464305 10)
(142.245 50.20464305 10)
(0 53.73862885 10)
(2.789117647 53.73862885 10)
(5.578235294 53.73862885 10)
(8.367352941 53.73862885 10)
(11.15647059 53.73862885 10)
(13.94558824 53.73862885 10)
(16.73470588 53.73862885 10)
(19.52382353 53.73862885 10)
(22.31294118 53.73862885 10)
(25.10205882 53.73862885 10)
(27.89117647 53.73862885 10)
(30.68029412 53.73862885 10)
(33.46941176 53.73862885 10)
(36.25852941 53.73862885 10)
(39.04764706 53.73862885 10)
(41.83676471 53.73862885 10)
(44.62588235 53.73862885 10)
(47.415 53.73862885 10)
(50.20411765 53.73862885 10)
(52.99323529 53.73862885 10)
(55.78235294 53.73862885 10)
(58.57147059 53.73862885 10)
(61.36058824 53.73862885 10)
(64.14970588 53.73862885 10)
(66.93882353 53.73862885 10)
(69.72794118 53.73862885 10)
(72.51705882 53.73862885 10)
(75.30617647 53.73862885 10)
(78.09529412 53.73862885 10)
(80.88441176 53.73862885 10)
(83.67352941 53.73862885 10)
(86.46264706 53.73862885 10)
(89.25176471 53.73862885 10)
(92.04088235 53.73862885 10)
(94.83 53.73862885 10)
(97.61911765 53.73862885 10)
(100.4082353 53.73862885 10)
(103.1973529 53.73862885 10)
(105.9864706 53.73862885 10)
(108.7755882 53.73862885 10)
(111.5647059 53.73862885 10)
(114.3538235 53.73862885 10)
(117.1429412 53.73862885 10)
(119.9320588 53.73862885 10)
(122.7211765 53.73862885 10)
(125.5102941 53.73862885 10)
(128.2994118 53.73862885 10)
(131.0885294 53.73862885 10)
(133.8776471 53.73862885 10)
(136.6667647 53.73862885 10)
(139.4558824 53.73862885 10)
(142.245 53.73862885 10)
(0 57.49082386 10)
(2.789117647 57.49082386 10)
(5.578235294 57.49082386 10)
(8.367352941 57.49082386 10)
(11.15647059 57.49082386 10)
(13.94558824 57.49082386 10)
(16.73470588 57.49082386 10)
(19.52382353 57.49082386 10)
(22.31294118 57.49082386 10)
(25.10205882 57.49082386 10)
(27.89117647 57.49082386 10)
(30.68029412 57.49082386 10)
(33.46941176 57.49082386 10)
(36.25852941 57.49082386 10)
(39.04764706 57.49082386 10)
(41.83676471 57.49082386 10)
(44.62588235 57.49082386 10)
(47.415 57.49082386 10)
(50.20411765 57.49082386 10)
(52.99323529 57.49082386 10)
(55.78235294 57.49082386 10)
(58.57147059 57.49082386 10)
(61.36058824 57.49082386 10)
(64.14970588 57.49082386 10)
(66.93882353 57.49082386 10)
(69.72794118 57.49082386 10)
(72.51705882 57.49082386 10)
(75.30617647 57.49082386 10)
(78.09529412 57.49082386 10)
(80.88441176 57.49082386 10)
(83.67352941 57.49082386 10)
(86.46264706 57.49082386 10)
(89.25176471 57.49082386 10)
(92.04088235 57.49082386 10)
(94.83 57.49082386 10)
(97.61911765 57.49082386 10)
(100.4082353 57.49082386 10)
(103.1973529 57.49082386 10)
(105.9864706 57.49082386 10)
(108.7755882 57.49082386 10)
(111.5647059 57.49082386 10)
(114.3538235 57.49082386 10)
(117.1429412 57.49082386 10)
(119.9320588 57.49082386 10)
(122.7211765 57.49082386 10)
(125.5102941 57.49082386 10)
(128.2994118 57.49082386 10)
(131.0885294 57.49082386 10)
(133.8776471 57.49082386 10)
(136.6667647 57.49082386 10)
(139.4558824 57.49082386 10)
(142.245 57.49082386 10)
(0 61.47470158 10)
(2.789117647 61.47470158 10)
(5.578235294 61.47470158 10)
(8.367352941 61.47470158 10)
(11.15647059 61.47470158 10)
(13.94558824 61.47470158 10)
(16.73470588 61.47470158 10)
(19.52382353 61.47470158 10)
(22.31294118 61.47470158 10)
(25.10205882 61.47470158 10)
(27.89117647 61.47470158 10)
(30.68029412 61.47470158 10)
(33.46941176 61.47470158 10)
(36.25852941 61.47470158 10)
(39.04764706 61.47470158 10)
(41.83676471 61.47470158 10)
(44.62588235 61.47470158 10)
(47.415 61.47470158 10)
(50.20411765 61.47470158 10)
(52.99323529 61.47470158 10)
(55.78235294 61.47470158 10)
(58.57147059 61.47470158 10)
(61.36058824 61.47470158 10)
(64.14970588 61.47470158 10)
(66.93882353 61.47470158 10)
(69.72794118 61.47470158 10)
(72.51705882 61.47470158 10)
(75.30617647 61.47470158 10)
(78.09529412 61.47470158 10)
(80.88441176 61.47470158 10)
(83.67352941 61.47470158 10)
(86.46264706 61.47470158 10)
(89.25176471 61.47470158 10)
(92.04088235 61.47470158 10)
(94.83 61.47470158 10)
(97.61911765 61.47470158 10)
(100.4082353 61.47470158 10)
(103.1973529 61.47470158 10)
(105.9864706 61.47470158 10)
(108.7755882 61.47470158 10)
(111.5647059 61.47470158 10)
(114.3538235 61.47470158 10)
(117.1429412 61.47470158 10)
(119.9320588 61.47470158 10)
(122.7211765 61.47470158 10)
(125.5102941 61.47470158 10)
(128.2994118 61.47470158 10)
(131.0885294 61.47470158 10)
(133.8776471 61.47470158 10)
(136.6667647 61.47470158 10)
(139.4558824 61.47470158 10)
(142.245 61.47470158 10)
(0 65.7045675 10)
(2.789117647 65.7045675 10)
(5.578235294 65.7045675 10)
(8.367352941 65.7045675 10)
(11.15647059 65.7045675 10)
(13.94558824 65.7045675 10)
(16.73470588 65.7045675 10)
(19.52382353 65.7045675 10)
(22.31294118 65.7045675 10)
(25.10205882 65.7045675 10)
(27.89117647 65.7045675 10)
(30.68029412 65.7045675 10)
(33.46941176 65.7045675 10)
(36.25852941 65.7045675 10)
(39.04764706 65.7045675 10)
(41.83676471 65.7045675 10)
(44.62588235 65.7045675 10)
(47.415 65.7045675 10)
(50.20411765 65.7045675 10)
(52.99323529 65.7045675 10)
(55.78235294 65.7045675 10)
(58.57147059 65.7045675 10)
(61.36058824 65.7045675 10)
(64.14970588 65.7045675 10)
(66.93882353 65.7045675 10)
(69.72794118 65.7045675 10)
(72.51705882 65.7045675 10)
(75.30617647 65.7045675 10)
(78.09529412 65.7045675 10)
(80.88441176 65.7045675 10)
(83.67352941 65.7045675 10)
(86.46264706 65.7045675 10)
(89.25176471 65.7045675 10)
(92.04088235 65.7045675 10)
(94.83 65.7045675 10)
(97.61911765 65.7045675 10)
(100.4082353 65.7045675 10)
(103.1973529 65.7045675 10)
(105.9864706 65.7045675 10)
(108.7755882 65.7045675 10)
(111.5647059 65.7045675 10)
(114.3538235 65.7045675 10)
(117.1429412 65.7045675 10)
(119.9320588 65.7045675 10)
(122.7211765 65.7045675 10)
(125.5102941 65.7045675 10)
(128.2994118 65.7045675 10)
(131.0885294 65.7045675 10)
(133.8776471 65.7045675 10)
(136.6667647 65.7045675 10)
(139.4558824 65.7045675 10)
(142.245 65.7045675 10)
(0 70.19561037 10)
(2.789117647 70.19561037 10)
(5.578235294 70.19561037 10)
(8.367352941 70.19561037 10)
(11.15647059 70.19561037 10)
(13.94558824 70.19561037 10)
(16.73470588 70.19561037 10)
(19.52382353 70.19561037 10)
(22.31294118 70.19561037 10)
(25.10205882 70.19561037 10)
(27.89117647 70.19561037 10)
(30.68029412 70.19561037 10)
(33.46941176 70.19561037 10)
(36.25852941 70.19561037 10)
(39.04764706 70.19561037 10)
(41.83676471 70.19561037 10)
(44.62588235 70.19561037 10)
(47.415 70.19561037 10)
(50.20411765 70.19561037 10)
(52.99323529 70.19561037 10)
(55.78235294 70.19561037 10)
(58.57147059 70.19561037 10)
(61.36058824 70.19561037 10)
(64.14970588 70.19561037 10)
(66.93882353 70.19561037 10)
(69.72794118 70.19561037 10)
(72.51705882 70.19561037 10)
(75.30617647 70.19561037 10)
(78.09529412 70.19561037 10)
(80.88441176 70.19561037 10)
(83.67352941 70.19561037 10)
(86.46264706 70.19561037 10)
(89.25176471 70.19561037 10)
(92.04088235 70.19561037 10)
(94.83 70.19561037 10)
(97.61911765 70.19561037 10)
(100.4082353 70.19561037 10)
(103.1973529 70.19561037 10)
(105.9864706 70.19561037 10)
(108.7755882 70.19561037 10)
(111.5647059 70.19561037 10)
(114.3538235 70.19561037 10)
(117.1429412 70.19561037 10)
(119.9320588 70.19561037 10)
(122.7211765 70.19561037 10)
(125.5102941 70.19561037 10)
(128.2994118 70.19561037 10)
(131.0885294 70.19561037 10)
(133.8776471 70.19561037 10)
(136.6667647 70.19561037 10)
(139.4558824 70.19561037 10)
(142.245 70.19561037 10)
(0 74.9639568 10)
(2.789117647 74.9639568 10)
(5.578235294 74.9639568 10)
(8.367352941 74.9639568 10)
(11.15647059 74.9639568 10)
(13.94558824 74.9639568 10)
(16.73470588 74.9639568 10)
(19.52382353 74.9639568 10)
(22.31294118 74.9639568 10)
(25.10205882 74.9639568 10)
(27.89117647 74.9639568 10)
(30.68029412 74.9639568 10)
(33.46941176 74.9639568 10)
(36.25852941 74.9639568 10)
(39.04764706 74.9639568 10)
(41.83676471 74.9639568 10)
(44.62588235 74.9639568 10)
(47.415 74.9639568 10)
(50.20411765 74.9639568 10)
(52.99323529 74.9639568 10)
(55.78235294 74.9639568 10)
(58.57147059 74.9639568 10)
(61.36058824 74.9639568 10)
(64.14970588 74.9639568 10)
(66.93882353 74.9639568 10)
(69.72794118 74.9639568 10)
(72.51705882 74.9639568 10)
(75.30617647 74.9639568 10)
(78.09529412 74.9639568 10)
(80.88441176 74.9639568 10)
(83.67352941 74.9639568 10)
(86.46264706 74.9639568 10)
(89.25176471 74.9639568 10)
(92.04088235 74.9639568 10)
(94.83 74.9639568 10)
(97.61911765 74.9639568 10)
(100.4082353 74.9639568 10)
(103.1973529 74.9639568 10)
(105.9864706 74.9639568 10)
(108.7755882 74.9639568 10)
(111.5647059 74.9639568 10)
(114.3538235 74.9639568 10)
(117.1429412 74.9639568 10)
(119.9320588 74.9639568 10)
(122.7211765 74.9639568 10)
(125.5102941 74.9639568 10)
(128.2994118 74.9639568 10)
(131.0885294 74.9639568 10)
(133.8776471 74.9639568 10)
(136.6667647 74.9639568 10)
(139.4558824 74.9639568 10)
(142.245 74.9639568 10)
(0 80.02672916 10)
(2.789117647 80.02672916 10)
(5.578235294 80.02672916 10)
(8.367352941 80.02672916 10)
(11.15647059 80.02672916 10)
(13.94558824 80.02672916 10)
(16.73470588 80.02672916 10)
(19.52382353 80.02672916 10)
(22.31294118 80.02672916 10)
(25.10205882 80.02672916 10)
(27.89117647 80.02672916 10)
(30.68029412 80.02672916 10)
(33.46941176 80.02672916 10)
(36.25852941 80.02672916 10)
(39.04764706 80.02672916 10)
(41.83676471 80.02672916 10)
(44.62588235 80.02672916 10)
(47.415 80.02672916 10)
(50.20411765 80.02672916 10)
(52.99323529 80.02672916 10)
(55.78235294 80.02672916 10)
(58.57147059 80.02672916 10)
(61.36058824 80.02672916 10)
(64.14970588 80.02672916 10)
(66.93882353 80.02672916 10)
(69.72794118 80.02672916 10)
(72.51705882 80.02672916 10)
(75.30617647 80.02672916 10)
(78.09529412 80.02672916 10)
(80.88441176 80.02672916 10)
(83.67352941 80.02672916 10)
(86.46264706 80.02672916 10)
(89.25176471 80.02672916 10)
(92.04088235 80.02672916 10)
(94.83 80.02672916 10)
(97.61911765 80.02672916 10)
(100.4082353 80.02672916 10)
(103.1973529 80.02672916 10)
(105.9864706 80.02672916 10)
(108.7755882 80.02672916 10)
(111.5647059 80.02672916 10)
(114.3538235 80.02672916 10)
(117.1429412 80.02672916 10)
(119.9320588 80.02672916 10)
(122.7211765 80.02672916 10)
(125.5102941 80.02672916 10)
(128.2994118 80.02672916 10)
(131.0885294 80.02672916 10)
(133.8776471 80.02672916 10)
(136.6667647 80.02672916 10)
(139.4558824 80.02672916 10)
(142.245 80.02672916 10)
(0 85.40210705 10)
(2.789117647 85.40210705 10)
(5.578235294 85.40210705 10)
(8.367352941 85.40210705 10)
(11.15647059 85.40210705 10)
(13.94558824 85.40210705 10)
(16.73470588 85.40210705 10)
(19.52382353 85.40210705 10)
(22.31294118 85.40210705 10)
(25.10205882 85.40210705 10)
(27.89117647 85.40210705 10)
(30.68029412 85.40210705 10)
(33.46941176 85.40210705 10)
(36.25852941 85.40210705 10)
(39.04764706 85.40210705 10)
(41.83676471 85.40210705 10)
(44.62588235 85.40210705 10)
(47.415 85.40210705 10)
(50.20411765 85.40210705 10)
(52.99323529 85.40210705 10)
(55.78235294 85.40210705 10)
(58.57147059 85.40210705 10)
(61.36058824 85.40210705 10)
(64.14970588 85.40210705 10)
(66.93882353 85.40210705 10)
(69.72794118 85.40210705 10)
(72.51705882 85.40210705 10)
(75.30617647 85.40210705 10)
(78.09529412 85.40210705 10)
(80.88441176 85.40210705 10)
(83.67352941 85.40210705 10)
(86.46264706 85.40210705 10)
(89.25176471 85.40210705 10)
(92.04088235 85.40210705 10)
(94.83 85.40210705 10)
(97.61911765 85.40210705 10)
(100.4082353 85.40210705 10)
(103.1973529 85.40210705 10)
(105.9864706 85.40210705 10)
(108.7755882 85.40210705 10)
(111.5647059 85.40210705 10)
(114.3538235 85.40210705 10)
(117.1429412 85.40210705 10)
(119.9320588 85.40210705 10)
(122.7211765 85.40210705 10)
(125.5102941 85.40210705 10)
(128.2994118 85.40210705 10)
(131.0885294 85.40210705 10)
(133.8776471 85.40210705 10)
(136.6667647 85.40210705 10)
(139.4558824 85.40210705 10)
(142.245 85.40210705 10)
(0 91.10939257 10)
(2.789117647 91.10939257 10)
(5.578235294 91.10939257 10)
(8.367352941 91.10939257 10)
(11.15647059 91.10939257 10)
(13.94558824 91.10939257 10)
(16.73470588 91.10939257 10)
(19.52382353 91.10939257 10)
(22.31294118 91.10939257 10)
(25.10205882 91.10939257 10)
(27.89117647 91.10939257 10)
(30.68029412 91.10939257 10)
(33.46941176 91.10939257 10)
(36.25852941 91.10939257 10)
(39.04764706 91.10939257 10)
(41.83676471 91.10939257 10)
(44.62588235 91.10939257 10)
(47.415 91.10939257 10)
(50.20411765 91.10939257 10)
(52.99323529 91.10939257 10)
(55.78235294 91.10939257 10)
(58.57147059 91.10939257 10)
(61.36058824 91.10939257 10)
(64.14970588 91.10939257 10)
(66.93882353 91.10939257 10)
(69.72794118 91.10939257 10)
(72.51705882 91.10939257 10)
(75.30617647 91.10939257 10)
(78.09529412 91.10939257 10)
(80.88441176 91.10939257 10)
(83.67352941 91.10939257 10)
(86.46264706 91.10939257 10)
(89.25176471 91.10939257 10)
(92.04088235 91.10939257 10)
(94.83 91.10939257 10)
(97.61911765 91.10939257 10)
(100.4082353 91.10939257 10)
(103.1973529 91.10939257 10)
(105.9864706 91.10939257 10)
(108.7755882 91.10939257 10)
(111.5647059 91.10939257 10)
(114.3538235 91.10939257 10)
(117.1429412 91.10939257 10)
(119.9320588 91.10939257 10)
(122.7211765 91.10939257 10)
(125.5102941 91.10939257 10)
(128.2994118 91.10939257 10)
(131.0885294 91.10939257 10)
(133.8776471 91.10939257 10)
(136.6667647 91.10939257 10)
(139.4558824 91.10939257 10)
(142.245 91.10939257 10)
(0 97.16907969 10)
(2.789117647 97.16907969 10)
(5.578235294 97.16907969 10)
(8.367352941 97.16907969 10)
(11.15647059 97.16907969 10)
(13.94558824 97.16907969 10)
(16.73470588 97.16907969 10)
(19.52382353 97.16907969 10)
(22.31294118 97.16907969 10)
(25.10205882 97.16907969 10)
(27.89117647 97.16907969 10)
(30.68029412 97.16907969 10)
(33.46941176 97.16907969 10)
(36.25852941 97.16907969 10)
(39.04764706 97.16907969 10)
(41.83676471 97.16907969 10)
(44.62588235 97.16907969 10)
(47.415 97.16907969 10)
(50.20411765 97.16907969 10)
(52.99323529 97.16907969 10)
(55.78235294 97.16907969 10)
(58.57147059 97.16907969 10)
(61.36058824 97.16907969 10)
(64.14970588 97.16907969 10)
(66.93882353 97.16907969 10)
(69.72794118 97.16907969 10)
(72.51705882 97.16907969 10)
(75.30617647 97.16907969 10)
(78.09529412 97.16907969 10)
(80.88441176 97.16907969 10)
(83.67352941 97.16907969 10)
(86.46264706 97.16907969 10)
(89.25176471 97.16907969 10)
(92.04088235 97.16907969 10)
(94.83 97.16907969 10)
(97.61911765 97.16907969 10)
(100.4082353 97.16907969 10)
(103.1973529 97.16907969 10)
(105.9864706 97.16907969 10)
(108.7755882 97.16907969 10)
(111.5647059 97.16907969 10)
(114.3538235 97.16907969 10)
(117.1429412 97.16907969 10)
(119.9320588 97.16907969 10)
(122.7211765 97.16907969 10)
(125.5102941 97.16907969 10)
(128.2994118 97.16907969 10)
(131.0885294 97.16907969 10)
(133.8776471 97.16907969 10)
(136.6667647 97.16907969 10)
(139.4558824 97.16907969 10)
(142.245 97.16907969 10)
(0 103.6029277 10)
(2.789117647 103.6029277 10)
(5.578235294 103.6029277 10)
(8.367352941 103.6029277 10)
(11.15647059 103.6029277 10)
(13.94558824 103.6029277 10)
(16.73470588 103.6029277 10)
(19.52382353 103.6029277 10)
(22.31294118 103.6029277 10)
(25.10205882 103.6029277 10)
(27.89117647 103.6029277 10)
(30.68029412 103.6029277 10)
(33.46941176 103.6029277 10)
(36.25852941 103.6029277 10)
(39.04764706 103.6029277 10)
(41.83676471 103.6029277 10)
(44.62588235 103.6029277 10)
(47.415 103.6029277 10)
(50.20411765 103.6029277 10)
(52.99323529 103.6029277 10)
(55.78235294 103.6029277 10)
(58.57147059 103.6029277 10)
(61.36058824 103.6029277 10)
(64.14970588 103.6029277 10)
(66.93882353 103.6029277 10)
(69.72794118 103.6029277 10)
(72.51705882 103.6029277 10)
(75.30617647 103.6029277 10)
(78.09529412 103.6029277 10)
(80.88441176 103.6029277 10)
(83.67352941 103.6029277 10)
(86.46264706 103.6029277 10)
(89.25176471 103.6029277 10)
(92.04088235 103.6029277 10)
(94.83 103.6029277 10)
(97.61911765 103.6029277 10)
(100.4082353 103.6029277 10)
(103.1973529 103.6029277 10)
(105.9864706 103.6029277 10)
(108.7755882 103.6029277 10)
(111.5647059 103.6029277 10)
(114.3538235 103.6029277 10)
(117.1429412 103.6029277 10)
(119.9320588 103.6029277 10)
(122.7211765 103.6029277 10)
(125.5102941 103.6029277 10)
(128.2994118 103.6029277 10)
(131.0885294 103.6029277 10)
(133.8776471 103.6029277 10)
(136.6667647 103.6029277 10)
(139.4558824 103.6029277 10)
(142.245 103.6029277 10)
(0 110.4340396 10)
(2.789117647 110.4340396 10)
(5.578235294 110.4340396 10)
(8.367352941 110.4340396 10)
(11.15647059 110.4340396 10)
(13.94558824 110.4340396 10)
(16.73470588 110.4340396 10)
(19.52382353 110.4340396 10)
(22.31294118 110.4340396 10)
(25.10205882 110.4340396 10)
(27.89117647 110.4340396 10)
(30.68029412 110.4340396 10)
(33.46941176 110.4340396 10)
(36.25852941 110.4340396 10)
(39.04764706 110.4340396 10)
(41.83676471 110.4340396 10)
(44.62588235 110.4340396 10)
(47.415 110.4340396 10)
(50.20411765 110.4340396 10)
(52.99323529 110.4340396 10)
(55.78235294 110.4340396 10)
(58.57147059 110.4340396 10)
(61.36058824 110.4340396 10)
(64.14970588 110.4340396 10)
(66.93882353 110.4340396 10)
(69.72794118 110.4340396 10)
(72.51705882 110.4340396 10)
(75.30617647 110.4340396 10)
(78.09529412 110.4340396 10)
(80.88441176 110.4340396 10)
(83.67352941 110.4340396 10)
(86.46264706 110.4340396 10)
(89.25176471 110.4340396 10)
(92.04088235 110.4340396 10)
(94.83 110.4340396 10)
(97.61911765 110.4340396 10)
(100.4082353 110.4340396 10)
(103.1973529 110.4340396 10)
(105.9864706 110.4340396 10)
(108.7755882 110.4340396 10)
(111.5647059 110.4340396 10)
(114.3538235 110.4340396 10)
(117.1429412 110.4340396 10)
(119.9320588 110.4340396 10)
(122.7211765 110.4340396 10)
(125.5102941 110.4340396 10)
(128.2994118 110.4340396 10)
(131.0885294 110.4340396 10)
(133.8776471 110.4340396 10)
(136.6667647 110.4340396 10)
(139.4558824 110.4340396 10)
(142.245 110.4340396 10)
(0 117.6869448 10)
(2.789117647 117.6869448 10)
(5.578235294 117.6869448 10)
(8.367352941 117.6869448 10)
(11.15647059 117.6869448 10)
(13.94558824 117.6869448 10)
(16.73470588 117.6869448 10)
(19.52382353 117.6869448 10)
(22.31294118 117.6869448 10)
(25.10205882 117.6869448 10)
(27.89117647 117.6869448 10)
(30.68029412 117.6869448 10)
(33.46941176 117.6869448 10)
(36.25852941 117.6869448 10)
(39.04764706 117.6869448 10)
(41.83676471 117.6869448 10)
(44.62588235 117.6869448 10)
(47.415 117.6869448 10)
(50.20411765 117.6869448 10)
(52.99323529 117.6869448 10)
(55.78235294 117.6869448 10)
(58.57147059 117.6869448 10)
(61.36058824 117.6869448 10)
(64.14970588 117.6869448 10)
(66.93882353 117.6869448 10)
(69.72794118 117.6869448 10)
(72.51705882 117.6869448 10)
(75.30617647 117.6869448 10)
(78.09529412 117.6869448 10)
(80.88441176 117.6869448 10)
(83.67352941 117.6869448 10)
(86.46264706 117.6869448 10)
(89.25176471 117.6869448 10)
(92.04088235 117.6869448 10)
(94.83 117.6869448 10)
(97.61911765 117.6869448 10)
(100.4082353 117.6869448 10)
(103.1973529 117.6869448 10)
(105.9864706 117.6869448 10)
(108.7755882 117.6869448 10)
(111.5647059 117.6869448 10)
(114.3538235 117.6869448 10)
(117.1429412 117.6869448 10)
(119.9320588 117.6869448 10)
(122.7211765 117.6869448 10)
(125.5102941 117.6869448 10)
(128.2994118 117.6869448 10)
(131.0885294 117.6869448 10)
(133.8776471 117.6869448 10)
(136.6667647 117.6869448 10)
(139.4558824 117.6869448 10)
(142.245 117.6869448 10)
(0 125.3876873 10)
(2.789117647 125.3876873 10)
(5.578235294 125.3876873 10)
(8.367352941 125.3876873 10)
(11.15647059 125.3876873 10)
(13.94558824 125.3876873 10)
(16.73470588 125.3876873 10)
(19.52382353 125.3876873 10)
(22.31294118 125.3876873 10)
(25.10205882 125.3876873 10)
(27.89117647 125.3876873 10)
(30.68029412 125.3876873 10)
(33.46941176 125.3876873 10)
(36.25852941 125.3876873 10)
(39.04764706 125.3876873 10)
(41.83676471 125.3876873 10)
(44.62588235 125.3876873 10)
(47.415 125.3876873 10)
(50.20411765 125.3876873 10)
(52.99323529 125.3876873 10)
(55.78235294 125.3876873 10)
(58.57147059 125.3876873 10)
(61.36058824 125.3876873 10)
(64.14970588 125.3876873 10)
(66.93882353 125.3876873 10)
(69.72794118 125.3876873 10)
(72.51705882 125.3876873 10)
(75.30617647 125.3876873 10)
(78.09529412 125.3876873 10)
(80.88441176 125.3876873 10)
(83.67352941 125.3876873 10)
(86.46264706 125.3876873 10)
(89.25176471 125.3876873 10)
(92.04088235 125.3876873 10)
(94.83 125.3876873 10)
(97.61911765 125.3876873 10)
(100.4082353 125.3876873 10)
(103.1973529 125.3876873 10)
(105.9864706 125.3876873 10)
(108.7755882 125.3876873 10)
(111.5647059 125.3876873 10)
(114.3538235 125.3876873 10)
(117.1429412 125.3876873 10)
(119.9320588 125.3876873 10)
(122.7211765 125.3876873 10)
(125.5102941 125.3876873 10)
(128.2994118 125.3876873 10)
(131.0885294 125.3876873 10)
(133.8776471 125.3876873 10)
(136.6667647 125.3876873 10)
(139.4558824 125.3876873 10)
(142.245 125.3876873 10)
(0 133.5639192 10)
(2.789117647 133.5639192 10)
(5.578235294 133.5639192 10)
(8.367352941 133.5639192 10)
(11.15647059 133.5639192 10)
(13.94558824 133.5639192 10)
(16.73470588 133.5639192 10)
(19.52382353 133.5639192 10)
(22.31294118 133.5639192 10)
(25.10205882 133.5639192 10)
(27.89117647 133.5639192 10)
(30.68029412 133.5639192 10)
(33.46941176 133.5639192 10)
(36.25852941 133.5639192 10)
(39.04764706 133.5639192 10)
(41.83676471 133.5639192 10)
(44.62588235 133.5639192 10)
(47.415 133.5639192 10)
(50.20411765 133.5639192 10)
(52.99323529 133.5639192 10)
(55.78235294 133.5639192 10)
(58.57147059 133.5639192 10)
(61.36058824 133.5639192 10)
(64.14970588 133.5639192 10)
(66.93882353 133.5639192 10)
(69.72794118 133.5639192 10)
(72.51705882 133.5639192 10)
(75.30617647 133.5639192 10)
(78.09529412 133.5639192 10)
(80.88441176 133.5639192 10)
(83.67352941 133.5639192 10)
(86.46264706 133.5639192 10)
(89.25176471 133.5639192 10)
(92.04088235 133.5639192 10)
(94.83 133.5639192 10)
(97.61911765 133.5639192 10)
(100.4082353 133.5639192 10)
(103.1973529 133.5639192 10)
(105.9864706 133.5639192 10)
(108.7755882 133.5639192 10)
(111.5647059 133.5639192 10)
(114.3538235 133.5639192 10)
(117.1429412 133.5639192 10)
(119.9320588 133.5639192 10)
(122.7211765 133.5639192 10)
(125.5102941 133.5639192 10)
(128.2994118 133.5639192 10)
(131.0885294 133.5639192 10)
(133.8776471 133.5639192 10)
(136.6667647 133.5639192 10)
(139.4558824 133.5639192 10)
(142.245 133.5639192 10)
(0 142.245 10)
(2.789117647 142.245 10)
(5.578235294 142.245 10)
(8.367352941 142.245 10)
(11.15647059 142.245 10)
(13.94558824 142.245 10)
(16.73470588 142.245 10)
(19.52382353 142.245 10)
(22.31294118 142.245 10)
(25.10205882 142.245 10)
(27.89117647 142.245 10)
(30.68029412 142.245 10)
(33.46941176 142.245 10)
(36.25852941 142.245 10)
(39.04764706 142.245 10)
(41.83676471 142.245 10)
(44.62588235 142.245 10)
(47.415 142.245 10)
(50.20411765 142.245 10)
(52.99323529 142.245 10)
(55.78235294 142.245 10)
(58.57147059 142.245 10)
(61.36058824 142.245 10)
(64.14970588 142.245 10)
(66.93882353 142.245 10)
(69.72794118 142.245 10)
(72.51705882 142.245 10)
(75.30617647 142.245 10)
(78.09529412 142.245 10)
(80.88441176 142.245 10)
(83.67352941 142.245 10)
(86.46264706 142.245 10)
(89.25176471 142.245 10)
(92.04088235 142.245 10)
(94.83 142.245 10)
(97.61911765 142.245 10)
(100.4082353 142.245 10)
(103.1973529 142.245 10)
(105.9864706 142.245 10)
(108.7755882 142.245 10)
(111.5647059 142.245 10)
(114.3538235 142.245 10)
(117.1429412 142.245 10)
(119.9320588 142.245 10)
(122.7211765 142.245 10)
(125.5102941 142.245 10)
(128.2994118 142.245 10)
(131.0885294 142.245 10)
(133.8776471 142.245 10)
(136.6667647 142.245 10)
(139.4558824 142.245 10)
(142.245 142.245 10)
)


// ************************************************************************* //
