/*--------------------------------*- C++ -*----------------------------------*\
  =========                 |
  \      /  F ield         | OpenFOAM: The Open Source CFD Toolbox
   \    /   O peration     | Website:  https://openfoam.org
    \  /    A nd           | Version:  9
     \/     M anipulation  |
\*---------------------------------------------------------------------------*/
FoamFile
{
    format      ascii;
    class       volScalarField;
    location    "0";
    object      K;
}
// * * * * * * * * * * * * * * * * * * * * * * * * * * * * * * * * * * * * * //

dimensions      [0 0 0 0 0 0 0];

internalField   nonuniform List<scalar> 
13200
(
1e-13
1e-13
1e-13
1e-13
1e-13
1e-13
2.839973262032086e-13
3.176470588235294e-13
3.176470588235294e-13
3.176470588235294e-13
3.176470588235294e-13
3.176470588235294e-13
3.176470588235294e-13
3.176470588235294e-13
3.176470588235294e-13
3.176470588235294e-13
3.176470588235294e-13
3.176470588235294e-13
3.176470588235294e-13
3.176470588235294e-13
3.176470588235294e-13
3.176470588235294e-13
3.176470588235294e-13
3.176470588235294e-13
3.176470588235294e-13
3.176470588235294e-13
3.176470588235294e-13
3.176470588235294e-13
3.176470588235294e-13
3.176470588235294e-13
3.176470588235294e-13
3.176470588235294e-13
3.176470588235294e-13
3.176470588235294e-13
3.176470588235294e-13
3.176470588235294e-13
3.176470588235294e-13
3.176470588235294e-13
3.176470588235294e-13
3.176470588235294e-13
3.176470588235294e-13
3.176470588235294e-13
3.176470588235294e-13
3.176470588235294e-13
3.176470588235294e-13
3.176470588235294e-13
3.176470588235294e-13
3.176470588235294e-13
3.176470588235294e-13
3.176470588235294e-13
3.176470588235294e-13
3.176470588235294e-13
3.176470588235294e-13
3.176470588235294e-13
3.176470588235294e-13
3.176470588235294e-13
3.176470588235294e-13
3.176470588235294e-13
3.176470588235294e-13
3.1647058823529414e-13
3.1985294117647065e-13
1.5473262032085613e-13
1e-13
1e-13
1e-13
1e-13
1e-13
1e-13
1e-13
1e-13
1e-13
1e-13
1e-13
1e-13
1e-13
1e-13
1e-13
1e-13
1e-13
1e-13
1e-13
1e-13
1e-13
1e-13
1e-13
1e-13
1e-13
1e-13
1e-13
1e-13
1e-13
1e-13
1e-13
1e-13
1e-13
1e-13
1e-13
1e-13
1e-13
1e-13
1e-13
1e-13
1e-13
1e-13
1e-13
1e-13
1e-13
1e-13
1e-13
1e-13
1e-13
1e-13
1e-13
1e-13
1e-13
1e-13
1.3475935828876946e-13
2.386497326203209e-13
2.3764705882352945e-13
2.3764705882352945e-13
2.3797136809269164e-13
2.3804901960784316e-13
2.3804901960784316e-13
2.3804901960784316e-13
2.3804901960784316e-13
2.3804901960784316e-13
2.3804901960784316e-13
2.3804901960784316e-13
2.3804901960784316e-13
2.3804901960784316e-13
2.3804901960784316e-13
2.3804901960784316e-13
2.3764705882352945e-13
2.3804901960784316e-13
2.3764705882352945e-13
2.3804901960784316e-13
2.3804901960784316e-13
2.3804901960784316e-13
2.3823384581105175e-13
2.3804901960784316e-13
2.3764705882352945e-13
2.3764705882352945e-13
2.3764705882352945e-13
2.3764705882352945e-13
2.3804901960784316e-13
2.3764705882352945e-13
2.3687254901960784e-13
2.3804901960784316e-13
2.3804901960784316e-13
2.3804901960784316e-13
2.3804901960784316e-13
2.3804901960784316e-13
2.3804901960784316e-13
2.3804901960784316e-13
2.3804901960784316e-13
2.3804901960784316e-13
2.3804901960784316e-13
2.3804901960784316e-13
2.3764705882352945e-13
2.3764705882352945e-13
2.3804901960784316e-13
2.3804901960784316e-13
2.3804901960784316e-13
2.3767903297682717e-13
2.3764705882352945e-13
2.3804901960784316e-13
2.3764705882352945e-13
2.3764705882352945e-13
2.373742201426025e-13
2.3823384581105175e-13
2.3696936274509803e-13
2.302941176470591e-13
1.5330213903743324e-13
1.5411764705882353e-13
1.5490641711229944e-13
1.5451960784313727e-13
1.5451960784313727e-13
1.5451960784313727e-13
1.5451960784313727e-13
1.5451960784313727e-13
1.5451960784313727e-13
1.5451960784313727e-13
1.5451960784313727e-13
1.5451960784313727e-13
1.5451960784313727e-13
1.5529411764705885e-13
1.5451960784313727e-13
1.5451960784313727e-13
1.5451960784313727e-13
1.5451960784313727e-13
1.5451960784313727e-13
1.5451960784313727e-13
1.5451960784313727e-13
1.5451960784313727e-13
1.5451960784313727e-13
1.5451960784313727e-13
1.5536263368983958e-13
1.5451960784313727e-13
1.5529411764705885e-13
1.5451960784313727e-13
1.5451960784313727e-13
1.5451960784313727e-13
1.5451960784313727e-13
1.5451960784313727e-13
1.5451960784313727e-13
1.5451960784313727e-13
1.5451960784313727e-13
1.5451960784313727e-13
1.5451960784313727e-13
1.5451960784313727e-13
1.5451960784313727e-13
1.5451960784313727e-13
1.5451960784313727e-13
1.5451960784313727e-13
1.5451960784313727e-13
1.5451960784313727e-13
1.5451960784313727e-13
1.5451960784313727e-13
1.5425011140819966e-13
1.5294117647058824e-13
1e-13
1e-13
1e-13
1.0000300802139038e-13
1.0113402406417112e-13
1.0014705882352942e-13
2.839973262032086e-13
3.176470588235294e-13
3.176470588235294e-13
3.176470588235294e-13
3.176470588235294e-13
3.176470588235294e-13
3.176470588235294e-13
3.176470588235294e-13
3.176470588235294e-13
3.176470588235294e-13
3.176470588235294e-13
3.176470588235294e-13
3.176470588235294e-13
3.176470588235294e-13
3.176470588235294e-13
3.176470588235294e-13
3.176470588235294e-13
3.176470588235294e-13
3.176470588235294e-13
3.176470588235294e-13
3.176470588235294e-13
3.176470588235294e-13
3.176470588235294e-13
3.176470588235294e-13
3.176470588235294e-13
3.176470588235294e-13
3.176470588235294e-13
3.176470588235294e-13
3.176470588235294e-13
3.176470588235294e-13
3.176470588235294e-13
3.176470588235294e-13
3.176470588235294e-13
3.176470588235294e-13
3.176470588235294e-13
3.176470588235294e-13
3.176470588235294e-13
3.176470588235294e-13
3.176470588235294e-13
3.176470588235294e-13
3.176470588235294e-13
3.176470588235294e-13
3.176470588235294e-13
3.176470588235294e-13
3.176470588235294e-13
3.176470588235294e-13
3.176470588235294e-13
3.176470588235294e-13
3.176470588235294e-13
3.176470588235294e-13
3.176470588235294e-13
3.176470588235294e-13
3.1782085561497327e-13
3.1647058823529414e-13
3.2029411764705885e-13
1.5470320855615026e-13
1e-13
1e-13
1e-13
1e-13
1e-13
1e-13
1e-13
1e-13
1e-13
1e-13
1e-13
1e-13
1e-13
1e-13
1e-13
1e-13
1e-13
1e-13
1e-13
1e-13
1e-13
1e-13
1e-13
1e-13
1e-13
1e-13
1e-13
1e-13
1e-13
1e-13
1e-13
1e-13
1e-13
1e-13
1e-13
1e-13
1e-13
1e-13
1e-13
1e-13
1e-13
1e-13
1e-13
1e-13
1e-13
1e-13
1e-13
1e-13
1e-13
1e-13
1e-13
1e-13
1e-13
1.0073529411764706e-13
1.3475935828876946e-13
2.398262032085562e-13
2.387433155080215e-13
2.3764705882352945e-13
2.3764705882352945e-13
2.3764705882352945e-13
2.3764705882352945e-13
2.3764705882352945e-13
2.3764705882352945e-13
2.3764705882352945e-13
2.3764705882352945e-13
2.3764705882352945e-13
2.3764705882352945e-13
2.3767012032085567e-13
2.3764705882352945e-13
2.371256684491979e-13
2.3764705882352945e-13
2.3764705882352945e-13
2.3764705882352945e-13
2.3764705882352945e-13
2.3764705882352945e-13
2.3764705882352945e-13
2.3764705882352945e-13
2.3764705882352945e-13
2.3764705882352945e-13
2.3764705882352945e-13
2.3764705882352945e-13
2.3764705882352945e-13
2.3764705882352945e-13
2.364715909090909e-13
2.3647058823529413e-13
2.3764705882352945e-13
2.3764705882352945e-13
2.3764705882352945e-13
2.3764705882352945e-13
2.3764705882352945e-13
2.3764705882352945e-13
2.3764705882352945e-13
2.3764705882352945e-13
2.3764705882352945e-13
2.3764705882352945e-13
2.3764705882352945e-13
2.3764705882352945e-13
2.3764705882352945e-13
2.3764705882352945e-13
2.3764705882352945e-13
2.3764705882352945e-13
2.3764705882352945e-13
2.3764705882352945e-13
2.3764705882352945e-13
2.3764705882352945e-13
2.3764705882352945e-13
2.3724298128342247e-13
2.388235294117647e-13
2.3647426470588237e-13
2.30294451871658e-13
1.5447860962566854e-13
1.5296423796791443e-13
1.5490641711229944e-13
1.536092914438502e-13
1.5411764705882353e-13
1.5411764705882353e-13
1.5411764705882353e-13
1.5411764705882353e-13
1.5411764705882353e-13
1.5411764705882353e-13
1.5411764705882353e-13
1.5411764705882353e-13
1.5411764705882353e-13
1.5411764705882353e-13
1.5411764705882353e-13
1.5411764705882353e-13
1.5411764705882353e-13
1.5411764705882353e-13
1.5411764705882353e-13
1.5411764705882353e-13
1.5411764705882353e-13
1.5411764705882353e-13
1.5411764705882353e-13
1.5411764705882353e-13
1.5411764705882353e-13
1.5411764705882353e-13
1.5411764705882353e-13
1.5411764705882353e-13
1.5411764705882353e-13
1.5411764705882353e-13
1.5411764705882353e-13
1.5411764705882353e-13
1.5411764705882353e-13
1.5411764705882353e-13
1.5411764705882353e-13
1.5411764705882353e-13
1.5411764705882353e-13
1.5411764705882353e-13
1.5411764705882353e-13
1.5411764705882353e-13
1.5411764705882353e-13
1.5411764705882353e-13
1.5411764705882353e-13
1.5411764705882353e-13
1.5411764705882353e-13
1.5411764705882353e-13
1.5449565508021396e-13
1.524328208556149e-13
1e-13
1e-13
1e-13
1e-13
1e-13
1.0004289215686275e-13
2.6999442959001787e-13
3.0073473707664885e-13
3.0044117647058824e-13
3.0044117647058824e-13
3.0044117647058824e-13
3.0044117647058824e-13
3.0044117647058824e-13
3.0044117647058824e-13
3.0044117647058824e-13
3.0044117647058824e-13
3.0044117647058824e-13
3.0044117647058824e-13
3.0044117647058824e-13
3.0044117647058824e-13
3.0044117647058824e-13
3.0044117647058824e-13
3.0044117647058824e-13
3.0044117647058824e-13
3.0044117647058824e-13
3.0044117647058824e-13
3.0044117647058824e-13
3.0044117647058824e-13
3.0044117647058824e-13
3.0044117647058824e-13
3.0044117647058824e-13
3.0044117647058824e-13
3.0044117647058824e-13
3.0044117647058824e-13
3.0044117647058824e-13
3.0044117647058824e-13
3.0044117647058824e-13
3.0044117647058824e-13
3.0044117647058824e-13
3.0044117647058824e-13
3.0044117647058824e-13
3.0044117647058824e-13
3.0044117647058824e-13
3.0044117647058824e-13
3.0044117647058824e-13
3.0044117647058824e-13
3.0044117647058824e-13
3.0044117647058824e-13
3.0044117647058824e-13
3.0044117647058824e-13
3.0044117647058824e-13
3.0044117647058824e-13
3.0044117647058824e-13
3.0044117647058824e-13
3.0044117647058824e-13
3.0044117647058824e-13
3.0044117647058824e-13
3.0044117647058824e-13
3.003180704099822e-13
3.000083556149733e-13
3.0295955882352943e-13
1.578799019607848e-13
1.1137254901960785e-13
1.1137254901960785e-13
1.1137254901960785e-13
1.1137254901960785e-13
1.1137254901960785e-13
1.1137254901960785e-13
1.1137254901960785e-13
1.1137254901960785e-13
1.1137254901960785e-13
1.1137254901960785e-13
1.1137254901960785e-13
1.1137254901960785e-13
1.1137254901960785e-13
1.1137254901960785e-13
1.1137254901960785e-13
1.1137254901960785e-13
1.1137254901960785e-13
1.1137254901960785e-13
1.1137254901960785e-13
1.1137254901960785e-13
1.1137254901960785e-13
1.1137254901960785e-13
1.1137254901960785e-13
1.1137254901960785e-13
1.1137254901960785e-13
1.1137254901960785e-13
1.1137254901960785e-13
1.1137254901960785e-13
1.1137254901960785e-13
1.1137254901960785e-13
1.1137254901960785e-13
1.1137254901960785e-13
1.1137254901960785e-13
1.1137254901960785e-13
1.1137254901960785e-13
1.1137254901960785e-13
1.1137254901960785e-13
1.1137254901960785e-13
1.1137254901960785e-13
1.1137254901960785e-13
1.1137254901960785e-13
1.1137254901960785e-13
1.1137254901960785e-13
1.1137254901960785e-13
1.1137254901960785e-13
1.1137254901960785e-13
1.1137254901960785e-13
1.1137254901960785e-13
1.1137254901960785e-13
1.1137254901960785e-13
1.1137254901960785e-13
1.1171568627450981e-13
1.1194741532976828e-13
1.1210784313725491e-13
1.3930258467023123e-13
2.3029411764705883e-13
2.3143048128342254e-13
2.3029411764705883e-13
2.300172682709448e-13
2.307843137254902e-13
2.3098317736185385e-13
2.311274509803922e-13
2.311274509803922e-13
2.311274509803922e-13
2.299509803921569e-13
2.311274509803922e-13
2.311274509803922e-13
2.311274509803922e-13
2.311274509803922e-13
2.311274509803922e-13
2.311274509803922e-13
2.311274509803922e-13
2.311274509803922e-13
2.311274509803922e-13
2.311274509803922e-13
2.311274509803922e-13
2.311274509803922e-13
2.311274509803922e-13
2.311274509803922e-13
2.311274509803922e-13
2.311274509803922e-13
2.311274509803922e-13
2.311274509803922e-13
2.311274509803922e-13
2.311274509803922e-13
2.311274509803922e-13
2.311274509803922e-13
2.311274509803922e-13
2.311274509803922e-13
2.311274509803922e-13
2.311274509803922e-13
2.311274509803922e-13
2.311274509803922e-13
2.311274509803922e-13
2.311274509803922e-13
2.311274509803922e-13
2.311274509803922e-13
2.311274509803922e-13
2.311274509803922e-13
2.311274509803922e-13
2.311274509803922e-13
2.3036040552584676e-13
2.311274509803922e-13
2.311274509803922e-13
2.311274509803922e-13
2.304991087344029e-13
2.311274509803922e-13
2.314081996434938e-13
2.311274509803922e-13
2.2268159536541912e-13
1.6336062834224612e-13
1.654590017825313e-13
1.6794563279857395e-13
1.668137254901961e-13
1.668137254901961e-13
1.668137254901961e-13
1.668137254901961e-13
1.668137254901961e-13
1.668137254901961e-13
1.668137254901961e-13
1.668137254901961e-13
1.668137254901961e-13
1.668137254901961e-13
1.668137254901961e-13
1.668137254901961e-13
1.668137254901961e-13
1.668137254901961e-13
1.668137254901961e-13
1.668137254901961e-13
1.668137254901961e-13
1.668137254901961e-13
1.668137254901961e-13
1.668137254901961e-13
1.668137254901961e-13
1.668137254901961e-13
1.668137254901961e-13
1.668137254901961e-13
1.668137254901961e-13
1.668137254901961e-13
1.668137254901961e-13
1.668137254901961e-13
1.668137254901961e-13
1.668137254901961e-13
1.668137254901961e-13
1.668137254901961e-13
1.668137254901961e-13
1.668137254901961e-13
1.668137254901961e-13
1.668137254901961e-13
1.668137254901961e-13
1.668137254901961e-13
1.668137254901961e-13
1.668137254901961e-13
1.668137254901961e-13
1.668137254901961e-13
1.668137254901961e-13
1.6591187611408205e-13
1.630408868092691e-13
1e-13
1e-13
1e-13
1e-13
1.0161864973262032e-13
1e-13
1.0017078877005348e-13
1e-13
1e-13
1e-13
1e-13
1e-13
1e-13
1e-13
1e-13
1e-13
1e-13
1e-13
1e-13
1e-13
1e-13
1e-13
1e-13
1e-13
1e-13
1e-13
1e-13
1e-13
1e-13
1e-13
1e-13
1e-13
1e-13
1e-13
1e-13
1e-13
1e-13
1e-13
1e-13
1e-13
1e-13
1e-13
1e-13
1e-13
1e-13
1e-13
1e-13
1e-13
1e-13
1e-13
1e-13
1e-13
1e-13
1e-13
1e-13
1e-13
1e-13
1e-13
1.0039271390374331e-13
1.007156862745098e-13
1.0017279411764706e-13
2.052670454545451e-13
2.3907843137254903e-13
2.3907843137254903e-13
2.3907843137254903e-13
2.3907843137254903e-13
2.3907843137254903e-13
2.3907843137254903e-13
2.3907843137254903e-13
2.3907843137254903e-13
2.3907843137254903e-13
2.3907843137254903e-13
2.3907843137254903e-13
2.3907843137254903e-13
2.3907843137254903e-13
2.3907843137254903e-13
2.3907843137254903e-13
2.3907843137254903e-13
2.3907843137254903e-13
2.3907843137254903e-13
2.3907843137254903e-13
2.3907843137254903e-13
2.3907843137254903e-13
2.3907843137254903e-13
2.3907843137254903e-13
2.3907843137254903e-13
2.3907843137254903e-13
2.3907843137254903e-13
2.3907843137254903e-13
2.3907843137254903e-13
2.3907843137254903e-13
2.3907843137254903e-13
2.3907843137254903e-13
2.3907843137254903e-13
2.3907843137254903e-13
2.3907843137254903e-13
2.3907843137254903e-13
2.3907843137254903e-13
2.3907843137254903e-13
2.3907843137254903e-13
2.3907843137254903e-13
2.3907843137254903e-13
2.3907843137254903e-13
2.3907843137254903e-13
2.3907843137254903e-13
2.383627450980392e-13
2.383627450980392e-13
2.383627450980392e-13
2.383627450980392e-13
2.3907843137254903e-13
2.3907843137254903e-13
2.3907843137254903e-13
2.3856606506238866e-13
2.3764705882352945e-13
2.3872872103386814e-13
2.392450980392157e-13
2.1609625668449234e-13
1.5239928698752226e-13
1.5344206773618533e-13
1.5343861408199646e-13
1.5457843137254904e-13
1.5411764705882353e-13
1.5411764705882353e-13
1.5457843137254904e-13
1.5457843137254904e-13
1.5411764705882353e-13
1.5411764705882353e-13
1.5412288324420677e-13
1.5529411764705885e-13
1.5411764705882353e-13
1.5411764705882353e-13
1.5411764705882353e-13
1.5411764705882353e-13
1.5411764705882353e-13
1.5411764705882353e-13
1.5411764705882353e-13
1.5411764705882353e-13
1.5411764705882353e-13
1.5411764705882353e-13
1.5411764705882353e-13
1.5411764705882353e-13
1.5411764705882353e-13
1.5411764705882353e-13
1.5411764705882353e-13
1.5411764705882353e-13
1.5457843137254904e-13
1.5457843137254904e-13
1.5411764705882353e-13
1.5411764705882353e-13
1.5411764705882353e-13
1.5411764705882353e-13
1.5411764705882353e-13
1.5411764705882353e-13
1.5411764705882353e-13
1.5411764705882353e-13
1.5411764705882353e-13
1.5411764705882353e-13
1.5411764705882353e-13
1.5411764705882353e-13
1.5411764705882353e-13
1.5411764705882353e-13
1.5411764705882353e-13
1.5411764705882353e-13
1.5411764705882353e-13
1.5411764705882353e-13
1.5457843137254904e-13
1.5411764705882353e-13
1.5411764705882353e-13
1.5365407754010696e-13
1.5340196078431372e-13
1.5325490196078432e-13
1.652941176470583e-13
3.1881729055258454e-13
3.176410427807487e-13
3.191324643493761e-13
3.181585338680927e-13
3.1836274509803923e-13
3.1836274509803923e-13
3.1836274509803923e-13
3.1836274509803923e-13
3.1836274509803923e-13
3.1836274509803923e-13
3.1836274509803923e-13
3.1836274509803923e-13
3.1836274509803923e-13
3.1836274509803923e-13
3.1836274509803923e-13
3.1836274509803923e-13
3.1836274509803923e-13
3.1836274509803923e-13
3.1836274509803923e-13
3.1836274509803923e-13
3.1836274509803923e-13
3.1836274509803923e-13
3.1836274509803923e-13
3.1836274509803923e-13
3.1836274509803923e-13
3.1836274509803923e-13
3.1836274509803923e-13
3.1836274509803923e-13
3.1836274509803923e-13
3.1836274509803923e-13
3.1836274509803923e-13
3.1836274509803923e-13
3.1836274509803923e-13
3.1836274509803923e-13
3.1836274509803923e-13
3.1836274509803923e-13
3.1836274509803923e-13
3.1836274509803923e-13
3.1836274509803923e-13
3.1836274509803923e-13
3.1836274509803923e-13
3.1836274509803923e-13
3.1836274509803923e-13
3.1836274509803923e-13
3.1836274509803923e-13
3.1836274509803923e-13
3.1805381016042785e-13
3.158869206773618e-13
1e-13
1e-13
1e-13
1e-13
1e-13
1e-13
1e-13
1e-13
1e-13
1e-13
1e-13
1e-13
1e-13
1e-13
1e-13
1e-13
1e-13
1e-13
1e-13
1e-13
1e-13
1e-13
1e-13
1e-13
1e-13
1e-13
1e-13
1e-13
1e-13
1e-13
1e-13
1e-13
1e-13
1e-13
1e-13
1e-13
1e-13
1e-13
1e-13
1e-13
1e-13
1e-13
1e-13
1e-13
1e-13
1e-13
1e-13
1e-13
1e-13
1e-13
1e-13
1e-13
1e-13
1e-13
1e-13
1e-13
1e-13
1e-13
1e-13
1e-13
1e-13
2.062834224598927e-13
2.377352941176471e-13
2.377352941176471e-13
2.377352941176471e-13
2.377302807486631e-13
2.3764705882352945e-13
2.3764705882352945e-13
2.3764705882352945e-13
2.38355614973262e-13
2.3764705882352945e-13
2.3764705882352945e-13
2.3647058823529413e-13
2.3766009358288773e-13
2.377352941176471e-13
2.377352941176471e-13
2.377352941176471e-13
2.384896390374332e-13
2.3819284759358296e-13
2.3764705882352945e-13
2.377352941176471e-13
2.3764705882352945e-13
2.377352941176471e-13
2.3764705882352945e-13
2.377352941176471e-13
2.3764705882352945e-13
2.377352941176471e-13
2.377352941176471e-13
2.377352941176471e-13
2.377352941176471e-13
2.3764705882352945e-13
2.3765608288770056e-13
2.377352941176471e-13
2.377242647058824e-13
2.377352941176471e-13
2.377352941176471e-13
2.377352941176471e-13
2.3764705882352945e-13
2.3764705882352945e-13
2.377352941176471e-13
2.377352941176471e-13
2.3764705882352945e-13
2.3764705882352945e-13
2.3764705882352945e-13
2.3764705882352945e-13
2.377352941176471e-13
2.377352941176471e-13
2.377352941176471e-13
2.377352941176471e-13
2.3876169786096254e-13
2.377352941176471e-13
2.3764705882352945e-13
2.377352941176471e-13
2.377352941176471e-13
2.377352941176471e-13
2.3700000000000005e-13
2.1585394385026774e-13
1.542058823529412e-13
1.542058823529412e-13
1.542058823529412e-13
1.542058823529412e-13
1.542058823529412e-13
1.542058823529412e-13
1.5529411764705885e-13
1.542058823529412e-13
1.542058823529412e-13
1.542058823529412e-13
1.542058823529412e-13
1.542058823529412e-13
1.5529411764705885e-13
1.542058823529412e-13
1.542058823529412e-13
1.542058823529412e-13
1.542058823529412e-13
1.542058823529412e-13
1.542058823529412e-13
1.542058823529412e-13
1.542058823529412e-13
1.542058823529412e-13
1.542058823529412e-13
1.542058823529412e-13
1.542058823529412e-13
1.542058823529412e-13
1.542058823529412e-13
1.542058823529412e-13
1.542058823529412e-13
1.542058823529412e-13
1.542058823529412e-13
1.542058823529412e-13
1.542058823529412e-13
1.5486129679144388e-13
1.542058823529412e-13
1.542058823529412e-13
1.542058823529412e-13
1.542058823529412e-13
1.542058823529412e-13
1.542058823529412e-13
1.542058823529412e-13
1.542058823529412e-13
1.5461397058823532e-13
1.542058823529412e-13
1.5538235294117649e-13
1.542058823529412e-13
1.5529411764705885e-13
1.542058823529412e-13
1.542058823529412e-13
1.542058823529412e-13
1.5529411764705885e-13
1.5458923796791446e-13
1.542058823529412e-13
1.540588235294118e-13
1.6762032085561448e-13
3.1798128342245973e-13
3.176470588235294e-13
3.176470588235294e-13
3.176470588235294e-13
3.176470588235294e-13
3.176470588235294e-13
3.176470588235294e-13
3.176470588235294e-13
3.176470588235294e-13
3.176470588235294e-13
3.176470588235294e-13
3.176470588235294e-13
3.176470588235294e-13
3.176470588235294e-13
3.176470588235294e-13
3.176470588235294e-13
3.176470588235294e-13
3.176470588235294e-13
3.176470588235294e-13
3.176470588235294e-13
3.176470588235294e-13
3.176470588235294e-13
3.176470588235294e-13
3.176470588235294e-13
3.176470588235294e-13
3.176470588235294e-13
3.176470588235294e-13
3.176470588235294e-13
3.176470588235294e-13
3.176470588235294e-13
3.176470588235294e-13
3.176470588235294e-13
3.176470588235294e-13
3.176470588235294e-13
3.176470588235294e-13
3.176470588235294e-13
3.176470588235294e-13
3.176470588235294e-13
3.176470588235294e-13
3.176470588235294e-13
3.176470588235294e-13
3.176470588235294e-13
3.176470588235294e-13
3.176470588235294e-13
3.176470588235294e-13
3.176470588235294e-13
3.176470588235294e-13
3.1647058823529414e-13
1e-13
1e-13
1e-13
1e-13
1e-13
1e-13
1e-13
1e-13
1e-13
1e-13
1e-13
1e-13
1e-13
1e-13
1e-13
1e-13
1e-13
1e-13
1e-13
1e-13
1e-13
1e-13
1e-13
1e-13
1e-13
1e-13
1e-13
1e-13
1e-13
1e-13
1e-13
1e-13
1e-13
1e-13
1e-13
1e-13
1e-13
1e-13
1e-13
1e-13
1e-13
1e-13
1e-13
1e-13
1e-13
1e-13
1e-13
1e-13
1e-13
1e-13
1e-13
1e-13
1e-13
1e-13
1e-13
1e-13
1e-13
1e-13
1e-13
1e-13
1e-13
2.062834224598927e-13
2.3764705882352945e-13
2.3764705882352945e-13
2.3764705882352945e-13
2.3764705882352945e-13
2.3764705882352945e-13
2.3764705882352945e-13
2.3764705882352945e-13
2.38355614973262e-13
2.3764705882352945e-13
2.3764705882352945e-13
2.3647058823529413e-13
2.3764705882352945e-13
2.3764705882352945e-13
2.3764705882352945e-13
2.3764705882352945e-13
2.3764705882352945e-13
2.381417112299466e-13
2.3764705882352945e-13
2.3764705882352945e-13
2.3764705882352945e-13
2.3764705882352945e-13
2.3764705882352945e-13
2.3764705882352945e-13
2.3764705882352945e-13
2.3764705882352945e-13
2.3764705882352945e-13
2.3764705882352945e-13
2.3764705882352945e-13
2.3764705882352945e-13
2.3764705882352945e-13
2.3764705882352945e-13
2.3764705882352945e-13
2.3764705882352945e-13
2.3764705882352945e-13
2.3764705882352945e-13
2.3764705882352945e-13
2.3764705882352945e-13
2.3764705882352945e-13
2.3764705882352945e-13
2.3764705882352945e-13
2.3764705882352945e-13
2.3764705882352945e-13
2.3764705882352945e-13
2.3764705882352945e-13
2.3764705882352945e-13
2.3764705882352945e-13
2.3764705882352945e-13
2.387566844919786e-13
2.3764705882352945e-13
2.3764705882352945e-13
2.3764705882352945e-13
2.3764705882352945e-13
2.3764705882352945e-13
2.369117647058824e-13
2.1548128342246027e-13
1.5411764705882353e-13
1.5411764705882353e-13
1.5411764705882353e-13
1.5411764705882353e-13
1.5411764705882353e-13
1.5411764705882353e-13
1.5529411764705885e-13
1.5411764705882353e-13
1.5411764705882353e-13
1.5411764705882353e-13
1.5411764705882353e-13
1.5411764705882353e-13
1.5529411764705885e-13
1.5411764705882353e-13
1.5411764705882353e-13
1.5411764705882353e-13
1.5411764705882353e-13
1.5411764705882353e-13
1.5411764705882353e-13
1.5411764705882353e-13
1.5411764705882353e-13
1.5411764705882353e-13
1.5411764705882353e-13
1.5411764705882353e-13
1.5411764705882353e-13
1.5411764705882353e-13
1.5411764705882353e-13
1.5411764705882353e-13
1.5411764705882353e-13
1.5411764705882353e-13
1.5411764705882353e-13
1.5411764705882353e-13
1.5411764705882353e-13
1.5482620320855618e-13
1.5411764705882353e-13
1.5411764705882353e-13
1.5411764705882353e-13
1.5411764705882353e-13
1.5411764705882353e-13
1.5411764705882353e-13
1.5411764705882353e-13
1.5411764705882353e-13
1.5411764705882353e-13
1.5411764705882353e-13
1.5529411764705885e-13
1.5411764705882353e-13
1.5411764705882353e-13
1.5411764705882353e-13
1.5411764705882353e-13
1.5411764705882353e-13
1.5411764705882353e-13
1.5453208556149735e-13
1.5411764705882353e-13
1.5397058823529413e-13
1.6762032085561448e-13
3.1798128342245973e-13
3.176470588235294e-13
3.176470588235294e-13
3.176470588235294e-13
3.176470588235294e-13
3.176470588235294e-13
3.176470588235294e-13
3.176470588235294e-13
3.176470588235294e-13
3.176470588235294e-13
3.176470588235294e-13
3.176470588235294e-13
3.176470588235294e-13
3.176470588235294e-13
3.176470588235294e-13
3.176470588235294e-13
3.176470588235294e-13
3.176470588235294e-13
3.176470588235294e-13
3.176470588235294e-13
3.176470588235294e-13
3.176470588235294e-13
3.176470588235294e-13
3.176470588235294e-13
3.176470588235294e-13
3.176470588235294e-13
3.176470588235294e-13
3.176470588235294e-13
3.176470588235294e-13
3.176470588235294e-13
3.176470588235294e-13
3.176470588235294e-13
3.176470588235294e-13
3.176470588235294e-13
3.176470588235294e-13
3.176470588235294e-13
3.176470588235294e-13
3.176470588235294e-13
3.176470588235294e-13
3.176470588235294e-13
3.176470588235294e-13
3.176470588235294e-13
3.176470588235294e-13
3.176470588235294e-13
3.176470588235294e-13
3.176470588235294e-13
3.176470588235294e-13
3.1647058823529414e-13
1e-13
1e-13
1e-13
1e-13
1e-13
1e-13
1e-13
1e-13
1e-13
1e-13
1e-13
1e-13
1e-13
1e-13
1e-13
1e-13
1e-13
1e-13
1e-13
1e-13
1e-13
1e-13
1e-13
1e-13
1e-13
1e-13
1e-13
1e-13
1e-13
1e-13
1e-13
1e-13
1e-13
1e-13
1e-13
1e-13
1e-13
1e-13
1e-13
1e-13
1e-13
1e-13
1e-13
1e-13
1e-13
1e-13
1e-13
1e-13
1e-13
1e-13
1e-13
1e-13
1e-13
1e-13
1e-13
1e-13
1e-13
1e-13
1e-13
1e-13
1e-13
2.062834224598927e-13
2.3764705882352945e-13
2.3764705882352945e-13
2.3764705882352945e-13
2.3764705882352945e-13
2.3764705882352945e-13
2.3764705882352945e-13
2.3764705882352945e-13
2.38355614973262e-13
2.3764705882352945e-13
2.3764705882352945e-13
2.3647058823529413e-13
2.3764705882352945e-13
2.3764705882352945e-13
2.3764705882352945e-13
2.3764705882352945e-13
2.3764705882352945e-13
2.381417112299466e-13
2.3764705882352945e-13
2.3764705882352945e-13
2.3764705882352945e-13
2.3764705882352945e-13
2.3764705882352945e-13
2.3764705882352945e-13
2.3764705882352945e-13
2.3764705882352945e-13
2.3764705882352945e-13
2.3764705882352945e-13
2.3764705882352945e-13
2.3764705882352945e-13
2.3764705882352945e-13
2.3764705882352945e-13
2.3764705882352945e-13
2.3764705882352945e-13
2.3764705882352945e-13
2.3764705882352945e-13
2.3764705882352945e-13
2.3764705882352945e-13
2.3764705882352945e-13
2.3764705882352945e-13
2.3764705882352945e-13
2.3764705882352945e-13
2.3764705882352945e-13
2.3764705882352945e-13
2.3764705882352945e-13
2.3764705882352945e-13
2.3764705882352945e-13
2.3764705882352945e-13
2.387566844919786e-13
2.3764705882352945e-13
2.3764705882352945e-13
2.3764705882352945e-13
2.3764705882352945e-13
2.3764705882352945e-13
2.369117647058824e-13
2.1565296345811089e-13
1.5411764705882353e-13
1.5411764705882353e-13
1.5411764705882353e-13
1.5411764705882353e-13
1.5411764705882353e-13
1.5411764705882353e-13
1.5529411764705885e-13
1.5411764705882353e-13
1.5411764705882353e-13
1.5411764705882353e-13
1.5411764705882353e-13
1.5411764705882353e-13
1.5529411764705885e-13
1.5411764705882353e-13
1.5411764705882353e-13
1.5411764705882353e-13
1.5411764705882353e-13
1.5411764705882353e-13
1.5411764705882353e-13
1.5411764705882353e-13
1.5411764705882353e-13
1.5411764705882353e-13
1.5411764705882353e-13
1.5411764705882353e-13
1.5411764705882353e-13
1.5411764705882353e-13
1.5411764705882353e-13
1.5411764705882353e-13
1.5411764705882353e-13
1.5411764705882353e-13
1.5411764705882353e-13
1.5411764705882353e-13
1.5411764705882353e-13
1.5482620320855618e-13
1.5411764705882353e-13
1.5411764705882353e-13
1.5411764705882353e-13
1.5411764705882353e-13
1.5411764705882353e-13
1.5411764705882353e-13
1.5411764705882353e-13
1.5411764705882353e-13
1.5436397058823532e-13
1.5411764705882353e-13
1.5529411764705885e-13
1.5411764705882353e-13
1.5477450980392158e-13
1.5411764705882353e-13
1.5411764705882353e-13
1.5411764705882353e-13
1.5442368538324423e-13
1.5453208556149735e-13
1.5411764705882353e-13
1.5397058823529413e-13
1.6762032085561448e-13
3.1798128342245973e-13
3.176470588235294e-13
3.176470588235294e-13
3.176470588235294e-13
3.176470588235294e-13
3.176470588235294e-13
3.176470588235294e-13
3.176470588235294e-13
3.176470588235294e-13
3.176470588235294e-13
3.176470588235294e-13
3.176470588235294e-13
3.176470588235294e-13
3.176470588235294e-13
3.176470588235294e-13
3.176470588235294e-13
3.176470588235294e-13
3.176470588235294e-13
3.176470588235294e-13
3.176470588235294e-13
3.176470588235294e-13
3.176470588235294e-13
3.176470588235294e-13
3.176470588235294e-13
3.176470588235294e-13
3.176470588235294e-13
3.176470588235294e-13
3.176470588235294e-13
3.176470588235294e-13
3.176470588235294e-13
3.176470588235294e-13
3.176470588235294e-13
3.176470588235294e-13
3.176470588235294e-13
3.176470588235294e-13
3.176470588235294e-13
3.176470588235294e-13
3.176470588235294e-13
3.176470588235294e-13
3.176470588235294e-13
3.176470588235294e-13
3.176470588235294e-13
3.176470588235294e-13
3.176470588235294e-13
3.176470588235294e-13
3.176470588235294e-13
3.176470588235294e-13
3.1647058823529414e-13
1e-13
1e-13
1e-13
1e-13
1e-13
1e-13
1e-13
1e-13
1e-13
1e-13
1e-13
1e-13
1e-13
1e-13
1e-13
1e-13
1e-13
1e-13
1e-13
1e-13
1e-13
1e-13
1e-13
1e-13
1e-13
1e-13
1e-13
1e-13
1e-13
1e-13
1e-13
1e-13
1e-13
1e-13
1e-13
1e-13
1e-13
1e-13
1e-13
1e-13
1e-13
1e-13
1e-13
1e-13
1e-13
1e-13
1e-13
1e-13
1e-13
1e-13
1e-13
1e-13
1e-13
1e-13
1e-13
1e-13
1e-13
1e-13
1e-13
1e-13
1e-13
2.062834224598927e-13
2.386764705882353e-13
2.386764705882353e-13
2.386764705882353e-13
2.3861798128342245e-13
2.3764705882352945e-13
2.3764705882352945e-13
2.3764705882352945e-13
2.38355614973262e-13
2.3764705882352945e-13
2.3764705882352945e-13
2.3647058823529413e-13
2.377991310160428e-13
2.386764705882353e-13
2.386764705882353e-13
2.386764705882353e-13
2.387784090909091e-13
2.3873830213903744e-13
2.3764705882352945e-13
2.386764705882353e-13
2.3764705882352945e-13
2.386764705882353e-13
2.3764705882352945e-13
2.386764705882353e-13
2.3764705882352945e-13
2.386764705882353e-13
2.386764705882353e-13
2.386764705882353e-13
2.386764705882353e-13
2.3764705882352945e-13
2.377523395721925e-13
2.386764705882353e-13
2.3854779411764706e-13
2.386764705882353e-13
2.386764705882353e-13
2.386764705882353e-13
2.3764705882352945e-13
2.3764705882352945e-13
2.386764705882353e-13
2.386764705882353e-13
2.3764705882352945e-13
2.3764705882352945e-13
2.3764705882352945e-13
2.3764705882352945e-13
2.386764705882353e-13
2.386764705882353e-13
2.386764705882353e-13
2.387015374331551e-13
2.3881517379679146e-13
2.386764705882353e-13
2.3764705882352945e-13
2.386764705882353e-13
2.386764705882353e-13
2.386764705882353e-13
2.3799632352941176e-13
2.1665775401069556e-13
1.5514705882352945e-13
1.5514705882352945e-13
1.5528241978609628e-13
1.5514705882352945e-13
1.5514705882352945e-13
1.5514705882352945e-13
1.5529411764705885e-13
1.5514705882352945e-13
1.5514705882352945e-13
1.5514705882352945e-13
1.5514705882352945e-13
1.5514705882352945e-13
1.5529411764705885e-13
1.5514705882352945e-13
1.5514705882352945e-13
1.5514705882352945e-13
1.5514705882352945e-13
1.5514705882352945e-13
1.5514705882352945e-13
1.5514705882352945e-13
1.5514705882352945e-13
1.5514705882352945e-13
1.5514705882352945e-13
1.5514705882352945e-13
1.5514705882352945e-13
1.5514705882352945e-13
1.5514705882352945e-13
1.5514705882352945e-13
1.5514705882352945e-13
1.5514705882352945e-13
1.5514705882352945e-13
1.5514705882352945e-13
1.5514705882352945e-13
1.55235628342246e-13
1.5514705882352945e-13
1.5514705882352945e-13
1.5514705882352945e-13
1.5514705882352945e-13
1.5514705882352945e-13
1.5514705882352945e-13
1.5514705882352945e-13
1.5514705882352945e-13
1.5520220588235297e-13
1.5514705882352945e-13
1.5632352941176472e-13
1.5514705882352945e-13
1.5529411764705885e-13
1.5514705882352945e-13
1.5514705882352945e-13
1.5514705882352945e-13
1.5529411764705885e-13
1.5519886363636366e-13
1.5514705882352945e-13
1.550183823529412e-13
1.6762032085561448e-13
3.1798128342245973e-13
3.176470588235294e-13
3.176470588235294e-13
3.176470588235294e-13
3.176470588235294e-13
3.176470588235294e-13
3.176470588235294e-13
3.176470588235294e-13
3.176470588235294e-13
3.176470588235294e-13
3.176470588235294e-13
3.176470588235294e-13
3.176470588235294e-13
3.176470588235294e-13
3.176470588235294e-13
3.176470588235294e-13
3.176470588235294e-13
3.176470588235294e-13
3.176470588235294e-13
3.176470588235294e-13
3.176470588235294e-13
3.176470588235294e-13
3.176470588235294e-13
3.176470588235294e-13
3.176470588235294e-13
3.176470588235294e-13
3.176470588235294e-13
3.176470588235294e-13
3.176470588235294e-13
3.176470588235294e-13
3.176470588235294e-13
3.176470588235294e-13
3.176470588235294e-13
3.176470588235294e-13
3.176470588235294e-13
3.176470588235294e-13
3.176470588235294e-13
3.176470588235294e-13
3.176470588235294e-13
3.176470588235294e-13
3.176470588235294e-13
3.176470588235294e-13
3.176470588235294e-13
3.176470588235294e-13
3.176470588235294e-13
3.176470588235294e-13
3.176470588235294e-13
3.1647058823529414e-13
1e-13
1e-13
1e-13
1e-13
1e-13
1e-13
1e-13
1e-13
1e-13
1e-13
1e-13
1e-13
1e-13
1e-13
1e-13
1e-13
1e-13
1e-13
1e-13
1e-13
1e-13
1e-13
1e-13
1e-13
1e-13
1e-13
1e-13
1e-13
1e-13
1e-13
1e-13
1e-13
1e-13
1e-13
1e-13
1e-13
1e-13
1e-13
1e-13
1e-13
1e-13
1e-13
1e-13
1e-13
1e-13
1e-13
1e-13
1e-13
1e-13
1e-13
1e-13
1e-13
1e-13
1e-13
1e-13
1e-13
1e-13
1e-13
1e-13
1e-13
1e-13
2.062834224598927e-13
2.3764705882352945e-13
2.3764705882352945e-13
2.3764705882352945e-13
2.3764705882352945e-13
2.3764705882352945e-13
2.3764705882352945e-13
2.3764705882352945e-13
2.38355614973262e-13
2.3764705882352945e-13
2.3764705882352945e-13
2.3647058823529413e-13
2.3764705882352945e-13
2.3764705882352945e-13
2.3764705882352945e-13
2.3764705882352945e-13
2.3830626114081996e-13
2.381417112299466e-13
2.3764705882352945e-13
2.3764705882352945e-13
2.3764705882352945e-13
2.3764705882352945e-13
2.3764705882352945e-13
2.3764705882352945e-13
2.3764705882352945e-13
2.3764705882352945e-13
2.3764705882352945e-13
2.3764705882352945e-13
2.3764705882352945e-13
2.3764705882352945e-13
2.3764705882352945e-13
2.3764705882352945e-13
2.3764705882352945e-13
2.3764705882352945e-13
2.3764705882352945e-13
2.3764705882352945e-13
2.3764705882352945e-13
2.3764705882352945e-13
2.3764705882352945e-13
2.3764705882352945e-13
2.3764705882352945e-13
2.3764705882352945e-13
2.3764705882352945e-13
2.3764705882352945e-13
2.3764705882352945e-13
2.3764705882352945e-13
2.3764705882352945e-13
2.3764705882352945e-13
2.387566844919786e-13
2.3764705882352945e-13
2.3764705882352945e-13
2.3764705882352945e-13
2.3764705882352945e-13
2.3764705882352945e-13
2.369117647058824e-13
2.1643226381461715e-13
1.5411764705882353e-13
1.5411764705882353e-13
1.5499298128342244e-13
1.5411764705882353e-13
1.5411764705882353e-13
1.5411764705882353e-13
1.5529411764705885e-13
1.5411764705882353e-13
1.5411764705882353e-13
1.5411764705882353e-13
1.5411764705882353e-13
1.5411764705882353e-13
1.5529411764705885e-13
1.5411764705882353e-13
1.5411764705882353e-13
1.5411764705882353e-13
1.5411764705882353e-13
1.5411764705882353e-13
1.5411764705882353e-13
1.5411764705882353e-13
1.5411764705882353e-13
1.5411764705882353e-13
1.5411764705882353e-13
1.5411764705882353e-13
1.5411764705882353e-13
1.5411764705882353e-13
1.5411764705882353e-13
1.5411764705882353e-13
1.5411764705882353e-13
1.5411764705882353e-13
1.5411764705882353e-13
1.5411764705882353e-13
1.5411764705882353e-13
1.5482620320855618e-13
1.5411764705882353e-13
1.5411764705882353e-13
1.5411764705882353e-13
1.5411764705882353e-13
1.5411764705882353e-13
1.5411764705882353e-13
1.5411764705882353e-13
1.5411764705882353e-13
1.5447426470588237e-13
1.5411764705882353e-13
1.5529411764705885e-13
1.5411764705882353e-13
1.5508656417112303e-13
1.5411764705882353e-13
1.5411764705882353e-13
1.5411764705882353e-13
1.5517368538324425e-13
1.5453208556149735e-13
1.5411764705882353e-13
1.5408946078431373e-13
1.6762032085561448e-13
3.1798128342245973e-13
3.176470588235294e-13
3.176470588235294e-13
3.176470588235294e-13
3.176470588235294e-13
3.176470588235294e-13
3.176470588235294e-13
3.176470588235294e-13
3.176470588235294e-13
3.176470588235294e-13
3.176470588235294e-13
3.176470588235294e-13
3.176470588235294e-13
3.176470588235294e-13
3.176470588235294e-13
3.176470588235294e-13
3.176470588235294e-13
3.176470588235294e-13
3.176470588235294e-13
3.176470588235294e-13
3.176470588235294e-13
3.176470588235294e-13
3.176470588235294e-13
3.176470588235294e-13
3.176470588235294e-13
3.176470588235294e-13
3.176470588235294e-13
3.176470588235294e-13
3.176470588235294e-13
3.176470588235294e-13
3.176470588235294e-13
3.176470588235294e-13
3.176470588235294e-13
3.176470588235294e-13
3.176470588235294e-13
3.176470588235294e-13
3.176470588235294e-13
3.176470588235294e-13
3.176470588235294e-13
3.176470588235294e-13
3.176470588235294e-13
3.176470588235294e-13
3.176470588235294e-13
3.176470588235294e-13
3.176470588235294e-13
3.176470588235294e-13
3.176470588235294e-13
3.1647058823529414e-13
1e-13
1e-13
1e-13
1e-13
1e-13
1e-13
1e-13
1e-13
1e-13
1e-13
1e-13
1e-13
1e-13
1e-13
1e-13
1e-13
1e-13
1e-13
1e-13
1e-13
1e-13
1e-13
1e-13
1e-13
1e-13
1e-13
1e-13
1e-13
1e-13
1e-13
1e-13
1e-13
1e-13
1e-13
1e-13
1e-13
1e-13
1e-13
1e-13
1e-13
1e-13
1e-13
1e-13
1e-13
1e-13
1e-13
1e-13
1e-13
1e-13
1e-13
1e-13
1e-13
1e-13
1e-13
1e-13
1e-13
1e-13
1e-13
1e-13
1e-13
1e-13
2.062834224598927e-13
2.3764705882352945e-13
2.3764705882352945e-13
2.3764705882352945e-13
2.3764705882352945e-13
2.3764705882352945e-13
2.3764705882352945e-13
2.3764705882352945e-13
2.38355614973262e-13
2.3764705882352945e-13
2.3764705882352945e-13
2.3647058823529413e-13
2.3764705882352945e-13
2.3764705882352945e-13
2.3764705882352945e-13
2.3764705882352945e-13
2.3764705882352945e-13
2.381417112299466e-13
2.3764705882352945e-13
2.3764705882352945e-13
2.3764705882352945e-13
2.3764705882352945e-13
2.3764705882352945e-13
2.3764705882352945e-13
2.3764705882352945e-13
2.3764705882352945e-13
2.3764705882352945e-13
2.3764705882352945e-13
2.3764705882352945e-13
2.3764705882352945e-13
2.3764705882352945e-13
2.3764705882352945e-13
2.3764705882352945e-13
2.3764705882352945e-13
2.3764705882352945e-13
2.3764705882352945e-13
2.3764705882352945e-13
2.3764705882352945e-13
2.3764705882352945e-13
2.3764705882352945e-13
2.3764705882352945e-13
2.3764705882352945e-13
2.3764705882352945e-13
2.3764705882352945e-13
2.3764705882352945e-13
2.3764705882352945e-13
2.3764705882352945e-13
2.3764705882352945e-13
2.387566844919786e-13
2.3764705882352945e-13
2.3764705882352945e-13
2.3764705882352945e-13
2.3764705882352945e-13
2.3764705882352945e-13
2.369117647058824e-13
2.1548128342246027e-13
1.5411764705882353e-13
1.5411764705882353e-13
1.5411764705882353e-13
1.5411764705882353e-13
1.5411764705882353e-13
1.5411764705882353e-13
1.5529411764705885e-13
1.5411764705882353e-13
1.5411764705882353e-13
1.5411764705882353e-13
1.5411764705882353e-13
1.5411764705882353e-13
1.5529411764705885e-13
1.5411764705882353e-13
1.5411764705882353e-13
1.5411764705882353e-13
1.5411764705882353e-13
1.5411764705882353e-13
1.5411764705882353e-13
1.5411764705882353e-13
1.5411764705882353e-13
1.5411764705882353e-13
1.5411764705882353e-13
1.5411764705882353e-13
1.5411764705882353e-13
1.5411764705882353e-13
1.5411764705882353e-13
1.5411764705882353e-13
1.5411764705882353e-13
1.5411764705882353e-13
1.5411764705882353e-13
1.5411764705882353e-13
1.5411764705882353e-13
1.5482620320855618e-13
1.5411764705882353e-13
1.5411764705882353e-13
1.5411764705882353e-13
1.5411764705882353e-13
1.5411764705882353e-13
1.5411764705882353e-13
1.5411764705882353e-13
1.5411764705882353e-13
1.5411764705882353e-13
1.5411764705882353e-13
1.5529411764705885e-13
1.5411764705882353e-13
1.5411764705882353e-13
1.5411764705882353e-13
1.5411764705882353e-13
1.5411764705882353e-13
1.5411764705882353e-13
1.5453208556149735e-13
1.5411764705882353e-13
1.5397058823529413e-13
1.6762032085561448e-13
3.1798128342245973e-13
3.176470588235294e-13
3.176470588235294e-13
3.176470588235294e-13
3.176470588235294e-13
3.176470588235294e-13
3.176470588235294e-13
3.176470588235294e-13
3.176470588235294e-13
3.176470588235294e-13
3.176470588235294e-13
3.176470588235294e-13
3.176470588235294e-13
3.176470588235294e-13
3.176470588235294e-13
3.176470588235294e-13
3.176470588235294e-13
3.176470588235294e-13
3.176470588235294e-13
3.176470588235294e-13
3.176470588235294e-13
3.176470588235294e-13
3.176470588235294e-13
3.176470588235294e-13
3.176470588235294e-13
3.176470588235294e-13
3.176470588235294e-13
3.176470588235294e-13
3.176470588235294e-13
3.176470588235294e-13
3.176470588235294e-13
3.176470588235294e-13
3.176470588235294e-13
3.176470588235294e-13
3.176470588235294e-13
3.176470588235294e-13
3.176470588235294e-13
3.176470588235294e-13
3.176470588235294e-13
3.176470588235294e-13
3.176470588235294e-13
3.176470588235294e-13
3.176470588235294e-13
3.176470588235294e-13
3.176470588235294e-13
3.176470588235294e-13
3.176470588235294e-13
3.1647058823529414e-13
1e-13
1e-13
1e-13
1e-13
1e-13
1e-13
1e-13
1e-13
1e-13
1e-13
1e-13
1e-13
1e-13
1e-13
1e-13
1e-13
1e-13
1e-13
1e-13
1e-13
1e-13
1e-13
1e-13
1e-13
1e-13
1e-13
1e-13
1e-13
1e-13
1e-13
1e-13
1e-13
1e-13
1e-13
1e-13
1e-13
1e-13
1e-13
1e-13
1e-13
1e-13
1e-13
1e-13
1e-13
1e-13
1e-13
1e-13
1e-13
1e-13
1e-13
1e-13
1e-13
1e-13
1e-13
1e-13
1e-13
1e-13
1e-13
1e-13
1e-13
1e-13
2.062834224598927e-13
2.3764705882352945e-13
2.3764705882352945e-13
2.3764705882352945e-13
2.3764705882352945e-13
2.3764705882352945e-13
2.3764705882352945e-13
2.3764705882352945e-13
2.38355614973262e-13
2.3764705882352945e-13
2.3764705882352945e-13
2.3647058823529413e-13
2.3764705882352945e-13
2.3764705882352945e-13
2.3764705882352945e-13
2.3764705882352945e-13
2.3764705882352945e-13
2.381417112299466e-13
2.3764705882352945e-13
2.3764705882352945e-13
2.3764705882352945e-13
2.3764705882352945e-13
2.3764705882352945e-13
2.3764705882352945e-13
2.3764705882352945e-13
2.3764705882352945e-13
2.3764705882352945e-13
2.3764705882352945e-13
2.3764705882352945e-13
2.3764705882352945e-13
2.3764705882352945e-13
2.3764705882352945e-13
2.3764705882352945e-13
2.3764705882352945e-13
2.3764705882352945e-13
2.3764705882352945e-13
2.3764705882352945e-13
2.3764705882352945e-13
2.3764705882352945e-13
2.3764705882352945e-13
2.3764705882352945e-13
2.3764705882352945e-13
2.3764705882352945e-13
2.3764705882352945e-13
2.3764705882352945e-13
2.3764705882352945e-13
2.3764705882352945e-13
2.3764705882352945e-13
2.387566844919786e-13
2.3764705882352945e-13
2.3764705882352945e-13
2.3764705882352945e-13
2.3764705882352945e-13
2.3764705882352945e-13
2.369117647058824e-13
2.1548128342246027e-13
1.5411764705882353e-13
1.5411764705882353e-13
1.5411764705882353e-13
1.5411764705882353e-13
1.5411764705882353e-13
1.5411764705882353e-13
1.5529411764705885e-13
1.5411764705882353e-13
1.5411764705882353e-13
1.5411764705882353e-13
1.5411764705882353e-13
1.5411764705882353e-13
1.5529411764705885e-13
1.5411764705882353e-13
1.5411764705882353e-13
1.5411764705882353e-13
1.5411764705882353e-13
1.5411764705882353e-13
1.5411764705882353e-13
1.5411764705882353e-13
1.5411764705882353e-13
1.5411764705882353e-13
1.5411764705882353e-13
1.5411764705882353e-13
1.5411764705882353e-13
1.5411764705882353e-13
1.5411764705882353e-13
1.5411764705882353e-13
1.5411764705882353e-13
1.5411764705882353e-13
1.5411764705882353e-13
1.5411764705882353e-13
1.5411764705882353e-13
1.5482620320855618e-13
1.5411764705882353e-13
1.5411764705882353e-13
1.5411764705882353e-13
1.5411764705882353e-13
1.5411764705882353e-13
1.5411764705882353e-13
1.5411764705882353e-13
1.5411764705882353e-13
1.5411764705882353e-13
1.5411764705882353e-13
1.5529411764705885e-13
1.5411764705882353e-13
1.5419485294117652e-13
1.5411764705882353e-13
1.5411764705882353e-13
1.5411764705882353e-13
1.545698529411765e-13
1.5453208556149735e-13
1.5411764705882353e-13
1.5397058823529413e-13
1.6762032085561448e-13
3.1798128342245973e-13
3.176470588235294e-13
3.176470588235294e-13
3.176470588235294e-13
3.176470588235294e-13
3.176470588235294e-13
3.176470588235294e-13
3.176470588235294e-13
3.176470588235294e-13
3.176470588235294e-13
3.176470588235294e-13
3.176470588235294e-13
3.176470588235294e-13
3.176470588235294e-13
3.176470588235294e-13
3.176470588235294e-13
3.176470588235294e-13
3.176470588235294e-13
3.176470588235294e-13
3.176470588235294e-13
3.176470588235294e-13
3.176470588235294e-13
3.176470588235294e-13
3.176470588235294e-13
3.176470588235294e-13
3.176470588235294e-13
3.176470588235294e-13
3.176470588235294e-13
3.176470588235294e-13
3.176470588235294e-13
3.176470588235294e-13
3.176470588235294e-13
3.176470588235294e-13
3.176470588235294e-13
3.176470588235294e-13
3.176470588235294e-13
3.176470588235294e-13
3.176470588235294e-13
3.176470588235294e-13
3.176470588235294e-13
3.176470588235294e-13
3.176470588235294e-13
3.176470588235294e-13
3.176470588235294e-13
3.176470588235294e-13
3.176470588235294e-13
3.176470588235294e-13
3.1647058823529414e-13
1e-13
1e-13
1e-13
1e-13
1e-13
1e-13
1e-13
1e-13
1e-13
1e-13
1e-13
1e-13
1e-13
1e-13
1e-13
1e-13
1e-13
1e-13
1e-13
1e-13
1e-13
1e-13
1e-13
1e-13
1e-13
1e-13
1e-13
1e-13
1e-13
1e-13
1e-13
1e-13
1e-13
1e-13
1e-13
1e-13
1e-13
1e-13
1e-13
1e-13
1e-13
1e-13
1e-13
1e-13
1e-13
1e-13
1e-13
1e-13
1e-13
1e-13
1e-13
1e-13
1e-13
1e-13
1e-13
1e-13
1e-13
1e-13
1e-13
1e-13
1e-13
2.062834224598927e-13
2.388235294117647e-13
2.388235294117647e-13
2.388235294117647e-13
2.387566844919786e-13
2.3764705882352945e-13
2.3764705882352945e-13
2.3764705882352945e-13
2.38355614973262e-13
2.3764705882352945e-13
2.3764705882352945e-13
2.3647058823529413e-13
2.3782085561497326e-13
2.388235294117647e-13
2.388235294117647e-13
2.388235294117647e-13
2.388235294117647e-13
2.388235294117647e-13
2.3764705882352945e-13
2.388235294117647e-13
2.3764705882352945e-13
2.388235294117647e-13
2.3764705882352945e-13
2.388235294117647e-13
2.3764705882352945e-13
2.388235294117647e-13
2.388235294117647e-13
2.388235294117647e-13
2.388235294117647e-13
2.3764705882352945e-13
2.377673796791444e-13
2.388235294117647e-13
2.386764705882353e-13
2.388235294117647e-13
2.388235294117647e-13
2.388235294117647e-13
2.3764705882352945e-13
2.3764705882352945e-13
2.388235294117647e-13
2.388235294117647e-13
2.3764705882352945e-13
2.3764705882352945e-13
2.3764705882352945e-13
2.3764705882352945e-13
2.388235294117647e-13
2.388235294117647e-13
2.388235294117647e-13
2.388235294117647e-13
2.388235294117647e-13
2.388235294117647e-13
2.3764705882352945e-13
2.388235294117647e-13
2.388235294117647e-13
2.388235294117647e-13
2.3808823529411766e-13
2.1665775401069556e-13
1.5529411764705885e-13
1.5529411764705885e-13
1.5529411764705885e-13
1.5529411764705885e-13
1.5529411764705885e-13
1.5529411764705885e-13
1.5529411764705885e-13
1.5529411764705885e-13
1.5529411764705885e-13
1.5529411764705885e-13
1.5529411764705885e-13
1.5529411764705885e-13
1.5529411764705885e-13
1.5529411764705885e-13
1.5529411764705885e-13
1.5529411764705885e-13
1.5529411764705885e-13
1.5529411764705885e-13
1.5529411764705885e-13
1.5529411764705885e-13
1.5529411764705885e-13
1.5529411764705885e-13
1.5529411764705885e-13
1.5529411764705885e-13
1.5529411764705885e-13
1.5529411764705885e-13
1.5529411764705885e-13
1.5529411764705885e-13
1.5529411764705885e-13
1.5529411764705885e-13
1.5529411764705885e-13
1.5529411764705885e-13
1.5529411764705885e-13
1.5529411764705885e-13
1.5529411764705885e-13
1.5529411764705885e-13
1.5529411764705885e-13
1.5529411764705885e-13
1.5529411764705885e-13
1.5529411764705885e-13
1.5529411764705885e-13
1.5529411764705885e-13
1.5529411764705885e-13
1.5529411764705885e-13
1.5647058823529412e-13
1.5529411764705885e-13
1.5529411764705885e-13
1.5529411764705885e-13
1.5529411764705885e-13
1.5529411764705885e-13
1.5529411764705885e-13
1.5529411764705885e-13
1.5529411764705885e-13
1.5514705882352945e-13
1.6762032085561448e-13
3.1798128342245973e-13
3.176470588235294e-13
3.176470588235294e-13
3.176470588235294e-13
3.176470588235294e-13
3.176470588235294e-13
3.176470588235294e-13
3.176470588235294e-13
3.176470588235294e-13
3.176470588235294e-13
3.176470588235294e-13
3.176470588235294e-13
3.176470588235294e-13
3.176470588235294e-13
3.176470588235294e-13
3.176470588235294e-13
3.176470588235294e-13
3.176470588235294e-13
3.176470588235294e-13
3.176470588235294e-13
3.176470588235294e-13
3.176470588235294e-13
3.176470588235294e-13
3.176470588235294e-13
3.176470588235294e-13
3.176470588235294e-13
3.176470588235294e-13
3.176470588235294e-13
3.176470588235294e-13
3.176470588235294e-13
3.176470588235294e-13
3.176470588235294e-13
3.176470588235294e-13
3.176470588235294e-13
3.176470588235294e-13
3.176470588235294e-13
3.176470588235294e-13
3.176470588235294e-13
3.176470588235294e-13
3.176470588235294e-13
3.176470588235294e-13
3.176470588235294e-13
3.176470588235294e-13
3.176470588235294e-13
3.176470588235294e-13
3.176470588235294e-13
3.176470588235294e-13
3.1647058823529414e-13
1e-13
1e-13
1e-13
1e-13
1e-13
1e-13
1e-13
1e-13
1e-13
1e-13
1e-13
1e-13
1e-13
1e-13
1e-13
1e-13
1e-13
1e-13
1e-13
1e-13
1e-13
1e-13
1e-13
1e-13
1e-13
1e-13
1e-13
1e-13
1e-13
1e-13
1e-13
1e-13
1e-13
1e-13
1e-13
1e-13
1e-13
1e-13
1e-13
1e-13
1e-13
1e-13
1e-13
1e-13
1e-13
1e-13
1e-13
1e-13
1e-13
1e-13
1e-13
1e-13
1e-13
1e-13
1e-13
1e-13
1e-13
1e-13
1e-13
1e-13
1e-13
2.062834224598927e-13
2.3764705882352945e-13
2.3764705882352945e-13
2.3764705882352945e-13
2.3764705882352945e-13
2.3764705882352945e-13
2.3764705882352945e-13
2.3764705882352945e-13
2.38355614973262e-13
2.3764705882352945e-13
2.3764705882352945e-13
2.3647058823529413e-13
2.3764705882352945e-13
2.3764705882352945e-13
2.3764705882352945e-13
2.3764705882352945e-13
2.380887923351159e-13
2.381417112299466e-13
2.3764705882352945e-13
2.3764705882352945e-13
2.3764705882352945e-13
2.3764705882352945e-13
2.3764705882352945e-13
2.3764705882352945e-13
2.3764705882352945e-13
2.3764705882352945e-13
2.3764705882352945e-13
2.3764705882352945e-13
2.3764705882352945e-13
2.3764705882352945e-13
2.3764705882352945e-13
2.3764705882352945e-13
2.3764705882352945e-13
2.3764705882352945e-13
2.3764705882352945e-13
2.3764705882352945e-13
2.3764705882352945e-13
2.3764705882352945e-13
2.3764705882352945e-13
2.3764705882352945e-13
2.3764705882352945e-13
2.3764705882352945e-13
2.3764705882352945e-13
2.3764705882352945e-13
2.3764705882352945e-13
2.3764705882352945e-13
2.3764705882352945e-13
2.377556818181818e-13
2.387566844919786e-13
2.3764705882352945e-13
2.3764705882352945e-13
2.3764705882352945e-13
2.3764705882352945e-13
2.3764705882352945e-13
2.3754901960784317e-13
2.1611853832442107e-13
1.5411764705882353e-13
1.5411764705882353e-13
1.547042112299465e-13
1.542407531194296e-13
1.5411764705882353e-13
1.5411764705882353e-13
1.5529411764705885e-13
1.5411764705882353e-13
1.5411764705882353e-13
1.5411764705882353e-13
1.5411764705882353e-13
1.5411764705882353e-13
1.5529411764705885e-13
1.5411764705882353e-13
1.5411764705882353e-13
1.5411764705882353e-13
1.5411764705882353e-13
1.5411764705882353e-13
1.5411764705882353e-13
1.5411764705882353e-13
1.5411764705882353e-13
1.5411764705882353e-13
1.5411764705882353e-13
1.5411764705882353e-13
1.5411764705882353e-13
1.5411764705882353e-13
1.5411764705882353e-13
1.5411764705882353e-13
1.5411764705882353e-13
1.5411764705882353e-13
1.5411764705882353e-13
1.5411764705882353e-13
1.5411764705882353e-13
1.5482620320855618e-13
1.5411764705882353e-13
1.5411764705882353e-13
1.5411764705882353e-13
1.5411764705882353e-13
1.5411764705882353e-13
1.5411764705882353e-13
1.5411764705882353e-13
1.5411764705882353e-13
1.5435661764705884e-13
1.5411764705882353e-13
1.5529411764705885e-13
1.5411764705882353e-13
1.547977941176471e-13
1.5411764705882353e-13
1.5411764705882353e-13
1.5411764705882353e-13
1.5500612745098043e-13
1.5453208556149735e-13
1.5411764705882353e-13
1.5405024509803921e-13
1.6762032085561448e-13
3.1798128342245973e-13
3.176470588235294e-13
3.176470588235294e-13
3.176470588235294e-13
3.176470588235294e-13
3.176470588235294e-13
3.176470588235294e-13
3.176470588235294e-13
3.176470588235294e-13
3.176470588235294e-13
3.176470588235294e-13
3.176470588235294e-13
3.176470588235294e-13
3.176470588235294e-13
3.176470588235294e-13
3.176470588235294e-13
3.176470588235294e-13
3.176470588235294e-13
3.176470588235294e-13
3.176470588235294e-13
3.176470588235294e-13
3.176470588235294e-13
3.176470588235294e-13
3.176470588235294e-13
3.176470588235294e-13
3.176470588235294e-13
3.176470588235294e-13
3.176470588235294e-13
3.176470588235294e-13
3.176470588235294e-13
3.176470588235294e-13
3.176470588235294e-13
3.176470588235294e-13
3.176470588235294e-13
3.176470588235294e-13
3.176470588235294e-13
3.176470588235294e-13
3.176470588235294e-13
3.176470588235294e-13
3.176470588235294e-13
3.176470588235294e-13
3.176470588235294e-13
3.176470588235294e-13
3.176470588235294e-13
3.176470588235294e-13
3.176470588235294e-13
3.176470588235294e-13
3.1647058823529414e-13
1e-13
1e-13
1e-13
1e-13
1e-13
1e-13
1e-13
1e-13
1e-13
1e-13
1e-13
1e-13
1e-13
1e-13
1e-13
1e-13
1e-13
1e-13
1e-13
1e-13
1e-13
1e-13
1e-13
1e-13
1e-13
1e-13
1e-13
1e-13
1e-13
1e-13
1e-13
1e-13
1e-13
1e-13
1e-13
1e-13
1e-13
1e-13
1e-13
1e-13
1e-13
1e-13
1e-13
1e-13
1e-13
1e-13
1e-13
1e-13
1e-13
1e-13
1e-13
1e-13
1e-13
1e-13
1e-13
1e-13
1e-13
1e-13
1e-13
1e-13
1e-13
2.062834224598927e-13
2.3764705882352945e-13
2.3764705882352945e-13
2.3764705882352945e-13
2.3764705882352945e-13
2.3764705882352945e-13
2.3764705882352945e-13
2.3764705882352945e-13
2.38355614973262e-13
2.3764705882352945e-13
2.3764705882352945e-13
2.3647058823529413e-13
2.3764705882352945e-13
2.3764705882352945e-13
2.3764705882352945e-13
2.3764705882352945e-13
2.3764705882352945e-13
2.381417112299466e-13
2.3764705882352945e-13
2.3764705882352945e-13
2.3764705882352945e-13
2.3764705882352945e-13
2.3764705882352945e-13
2.3764705882352945e-13
2.3764705882352945e-13
2.3764705882352945e-13
2.3764705882352945e-13
2.3764705882352945e-13
2.3764705882352945e-13
2.3764705882352945e-13
2.3764705882352945e-13
2.3764705882352945e-13
2.3764705882352945e-13
2.3764705882352945e-13
2.3764705882352945e-13
2.3764705882352945e-13
2.3764705882352945e-13
2.3764705882352945e-13
2.3764705882352945e-13
2.3764705882352945e-13
2.3764705882352945e-13
2.3764705882352945e-13
2.3764705882352945e-13
2.3764705882352945e-13
2.3764705882352945e-13
2.3764705882352945e-13
2.3764705882352945e-13
2.3764705882352945e-13
2.387566844919786e-13
2.3764705882352945e-13
2.3764705882352945e-13
2.3764705882352945e-13
2.3764705882352945e-13
2.3764705882352945e-13
2.369117647058824e-13
2.1548128342246027e-13
1.5411764705882353e-13
1.5411764705882353e-13
1.5411764705882353e-13
1.5411764705882353e-13
1.5411764705882353e-13
1.5411764705882353e-13
1.5529411764705885e-13
1.5411764705882353e-13
1.5411764705882353e-13
1.5411764705882353e-13
1.5411764705882353e-13
1.5411764705882353e-13
1.5529411764705885e-13
1.5411764705882353e-13
1.5411764705882353e-13
1.5411764705882353e-13
1.5411764705882353e-13
1.5411764705882353e-13
1.5411764705882353e-13
1.5411764705882353e-13
1.5411764705882353e-13
1.5411764705882353e-13
1.5411764705882353e-13
1.5411764705882353e-13
1.5411764705882353e-13
1.5411764705882353e-13
1.5411764705882353e-13
1.5411764705882353e-13
1.5411764705882353e-13
1.5411764705882353e-13
1.5411764705882353e-13
1.5411764705882353e-13
1.5411764705882353e-13
1.5482620320855618e-13
1.5411764705882353e-13
1.5411764705882353e-13
1.5411764705882353e-13
1.5411764705882353e-13
1.5411764705882353e-13
1.5411764705882353e-13
1.5411764705882353e-13
1.5411764705882353e-13
1.5411764705882353e-13
1.5411764705882353e-13
1.5529411764705885e-13
1.5411764705882353e-13
1.5413870320855617e-13
1.5411764705882353e-13
1.5411764705882353e-13
1.5411764705882353e-13
1.5411764705882353e-13
1.5453208556149735e-13
1.5411764705882353e-13
1.5397058823529413e-13
1.6762032085561448e-13
3.1798128342245973e-13
3.176470588235294e-13
3.176470588235294e-13
3.176470588235294e-13
3.176470588235294e-13
3.176470588235294e-13
3.176470588235294e-13
3.176470588235294e-13
3.176470588235294e-13
3.176470588235294e-13
3.176470588235294e-13
3.176470588235294e-13
3.176470588235294e-13
3.176470588235294e-13
3.176470588235294e-13
3.176470588235294e-13
3.176470588235294e-13
3.176470588235294e-13
3.176470588235294e-13
3.176470588235294e-13
3.176470588235294e-13
3.176470588235294e-13
3.176470588235294e-13
3.176470588235294e-13
3.176470588235294e-13
3.176470588235294e-13
3.176470588235294e-13
3.176470588235294e-13
3.176470588235294e-13
3.176470588235294e-13
3.176470588235294e-13
3.176470588235294e-13
3.176470588235294e-13
3.176470588235294e-13
3.176470588235294e-13
3.176470588235294e-13
3.176470588235294e-13
3.176470588235294e-13
3.176470588235294e-13
3.176470588235294e-13
3.176470588235294e-13
3.176470588235294e-13
3.176470588235294e-13
3.176470588235294e-13
3.176470588235294e-13
3.176470588235294e-13
3.176470588235294e-13
3.1647058823529414e-13
1e-13
1e-13
1e-13
1e-13
1e-13
1e-13
1e-13
1e-13
1e-13
1e-13
1e-13
1e-13
1e-13
1e-13
1e-13
1e-13
1e-13
1e-13
1e-13
1e-13
1e-13
1e-13
1e-13
1e-13
1e-13
1e-13
1e-13
1e-13
1e-13
1e-13
1e-13
1e-13
1e-13
1e-13
1e-13
1e-13
1e-13
1e-13
1e-13
1e-13
1e-13
1e-13
1e-13
1e-13
1e-13
1e-13
1e-13
1e-13
1e-13
1e-13
1e-13
1e-13
1e-13
1e-13
1e-13
1e-13
1e-13
1e-13
1e-13
1e-13
1e-13
2.062834224598927e-13
2.3764705882352945e-13
2.3764705882352945e-13
2.3764705882352945e-13
2.3764705882352945e-13
2.3764705882352945e-13
2.3764705882352945e-13
2.3764705882352945e-13
2.38355614973262e-13
2.3764705882352945e-13
2.3764705882352945e-13
2.3647058823529413e-13
2.3764705882352945e-13
2.3764705882352945e-13
2.3764705882352945e-13
2.3764705882352945e-13
2.3772181372549025e-13
2.381417112299466e-13
2.3764705882352945e-13
2.3764705882352945e-13
2.3764705882352945e-13
2.3764705882352945e-13
2.3764705882352945e-13
2.3764705882352945e-13
2.3764705882352945e-13
2.3764705882352945e-13
2.3764705882352945e-13
2.3764705882352945e-13
2.3764705882352945e-13
2.3764705882352945e-13
2.3764705882352945e-13
2.3764705882352945e-13
2.3764705882352945e-13
2.3764705882352945e-13
2.3764705882352945e-13
2.3764705882352945e-13
2.3764705882352945e-13
2.3764705882352945e-13
2.3764705882352945e-13
2.3764705882352945e-13
2.3764705882352945e-13
2.3764705882352945e-13
2.3764705882352945e-13
2.3764705882352945e-13
2.3764705882352945e-13
2.3764705882352945e-13
2.3764705882352945e-13
2.3764705882352945e-13
2.387566844919786e-13
2.3764705882352945e-13
2.3764705882352945e-13
2.3764705882352945e-13
2.3764705882352945e-13
2.3764705882352945e-13
2.36952205882353e-13
2.1558912655971518e-13
1.5411764705882353e-13
1.5411764705882353e-13
1.542169117647059e-13
1.5411764705882353e-13
1.5411764705882353e-13
1.5411764705882353e-13
1.5529411764705885e-13
1.5411764705882353e-13
1.5411764705882353e-13
1.5411764705882353e-13
1.5411764705882353e-13
1.5411764705882353e-13
1.5529411764705885e-13
1.5411764705882353e-13
1.5411764705882353e-13
1.5411764705882353e-13
1.5411764705882353e-13
1.5411764705882353e-13
1.5411764705882353e-13
1.5411764705882353e-13
1.5411764705882353e-13
1.5411764705882353e-13
1.5411764705882353e-13
1.5411764705882353e-13
1.5411764705882353e-13
1.5411764705882353e-13
1.5411764705882353e-13
1.5411764705882353e-13
1.5411764705882353e-13
1.5411764705882353e-13
1.5411764705882353e-13
1.5411764705882353e-13
1.5411764705882353e-13
1.5482620320855618e-13
1.5411764705882353e-13
1.5411764705882353e-13
1.5411764705882353e-13
1.5411764705882353e-13
1.5411764705882353e-13
1.5411764705882353e-13
1.5411764705882353e-13
1.5411764705882353e-13
1.5415808823529412e-13
1.5411764705882353e-13
1.5529411764705885e-13
1.5411764705882353e-13
1.5431049465240647e-13
1.5411764705882353e-13
1.5411764705882353e-13
1.5411764705882353e-13
1.5472337344028527e-13
1.5453208556149735e-13
1.5411764705882353e-13
1.53984068627451e-13
1.6762032085561448e-13
3.1798128342245973e-13
3.176470588235294e-13
3.176470588235294e-13
3.176470588235294e-13
3.176470588235294e-13
3.176470588235294e-13
3.176470588235294e-13
3.176470588235294e-13
3.176470588235294e-13
3.176470588235294e-13
3.176470588235294e-13
3.176470588235294e-13
3.176470588235294e-13
3.176470588235294e-13
3.176470588235294e-13
3.176470588235294e-13
3.176470588235294e-13
3.176470588235294e-13
3.176470588235294e-13
3.176470588235294e-13
3.176470588235294e-13
3.176470588235294e-13
3.176470588235294e-13
3.176470588235294e-13
3.176470588235294e-13
3.176470588235294e-13
3.176470588235294e-13
3.176470588235294e-13
3.176470588235294e-13
3.176470588235294e-13
3.176470588235294e-13
3.176470588235294e-13
3.176470588235294e-13
3.176470588235294e-13
3.176470588235294e-13
3.176470588235294e-13
3.176470588235294e-13
3.176470588235294e-13
3.176470588235294e-13
3.176470588235294e-13
3.176470588235294e-13
3.176470588235294e-13
3.176470588235294e-13
3.176470588235294e-13
3.176470588235294e-13
3.176470588235294e-13
3.176470588235294e-13
3.1647058823529414e-13
1e-13
1e-13
1e-13
1e-13
1e-13
1e-13
1e-13
1e-13
1e-13
1e-13
1e-13
1e-13
1e-13
1e-13
1e-13
1e-13
1e-13
1e-13
1e-13
1e-13
1e-13
1e-13
1e-13
1e-13
1e-13
1e-13
1e-13
1e-13
1e-13
1e-13
1e-13
1e-13
1e-13
1e-13
1e-13
1e-13
1e-13
1e-13
1e-13
1e-13
1e-13
1e-13
1e-13
1e-13
1e-13
1e-13
1e-13
1e-13
1e-13
1e-13
1e-13
1e-13
1e-13
1e-13
1e-13
1e-13
1e-13
1e-13
1e-13
1e-13
1e-13
2.062834224598927e-13
2.3764705882352945e-13
2.3764705882352945e-13
2.3764705882352945e-13
2.3764705882352945e-13
2.3764705882352945e-13
2.3764705882352945e-13
2.3764705882352945e-13
2.38355614973262e-13
2.3764705882352945e-13
2.3764705882352945e-13
2.3764705882352945e-13
2.3764705882352945e-13
2.3764705882352945e-13
2.3764705882352945e-13
2.3764705882352945e-13
2.3764705882352945e-13
2.381417112299466e-13
2.3764705882352945e-13
2.3764705882352945e-13
2.3764705882352945e-13
2.388235294117647e-13
2.3764705882352945e-13
2.388235294117647e-13
2.3764705882352945e-13
2.3764705882352945e-13
2.3764705882352945e-13
2.3764705882352945e-13
2.3764705882352945e-13
2.3764705882352945e-13
2.377673796791444e-13
2.3764705882352945e-13
2.3764705882352945e-13
2.3764705882352945e-13
2.3764705882352945e-13
2.3764705882352945e-13
2.3764705882352945e-13
2.3764705882352945e-13
2.3764705882352945e-13
2.388235294117647e-13
2.3764705882352945e-13
2.386497326203208e-13
2.3764705882352945e-13
2.388235294117647e-13
2.3764705882352945e-13
2.3764705882352945e-13
2.3764705882352945e-13
2.3764705882352945e-13
2.387566844919786e-13
2.3764705882352945e-13
2.3764705882352945e-13
2.3764705882352945e-13
2.3764705882352945e-13
2.388235294117647e-13
2.369117647058824e-13
2.157887700534763e-13
1.5411764705882353e-13
1.5529411764705885e-13
1.5529411764705885e-13
1.5411764705882353e-13
1.5529411764705885e-13
1.5529411764705885e-13
1.5529411764705885e-13
1.5529411764705885e-13
1.5529411764705885e-13
1.5529411764705885e-13
1.5529411764705885e-13
1.5529411764705885e-13
1.5529411764705885e-13
1.5529411764705885e-13
1.5529411764705885e-13
1.5529411764705885e-13
1.5529411764705885e-13
1.5529411764705885e-13
1.5529411764705885e-13
1.5529411764705885e-13
1.5529411764705885e-13
1.5529411764705885e-13
1.5529411764705885e-13
1.5529411764705885e-13
1.5529411764705885e-13
1.5529411764705885e-13
1.5529411764705885e-13
1.5529411764705885e-13
1.5529411764705885e-13
1.5529411764705885e-13
1.5529411764705885e-13
1.5529411764705885e-13
1.5529411764705885e-13
1.5529411764705885e-13
1.5529411764705885e-13
1.5529411764705885e-13
1.5529411764705885e-13
1.5529411764705885e-13
1.5529411764705885e-13
1.5529411764705885e-13
1.5529411764705885e-13
1.5529411764705885e-13
1.5529411764705885e-13
1.5529411764705885e-13
1.5647058823529412e-13
1.5529411764705885e-13
1.5529411764705885e-13
1.5529411764705885e-13
1.5529411764705885e-13
1.5529411764705885e-13
1.5529411764705885e-13
1.5529411764705885e-13
1.5411764705882353e-13
1.5397058823529413e-13
1.6645721925133637e-13
3.1798128342245973e-13
3.1647058823529414e-13
3.1685828877005353e-13
3.1733856951871657e-13
3.176470588235294e-13
3.176470588235294e-13
3.176470588235294e-13
3.176470588235294e-13
3.176470588235294e-13
3.176470588235294e-13
3.176470588235294e-13
3.176470588235294e-13
3.176470588235294e-13
3.176470588235294e-13
3.176470588235294e-13
3.176470588235294e-13
3.176470588235294e-13
3.176470588235294e-13
3.176470588235294e-13
3.176470588235294e-13
3.176470588235294e-13
3.176470588235294e-13
3.176470588235294e-13
3.176470588235294e-13
3.176470588235294e-13
3.176470588235294e-13
3.176470588235294e-13
3.176470588235294e-13
3.176470588235294e-13
3.176470588235294e-13
3.176470588235294e-13
3.176470588235294e-13
3.176470588235294e-13
3.176470588235294e-13
3.176470588235294e-13
3.176470588235294e-13
3.176470588235294e-13
3.176470588235294e-13
3.176470588235294e-13
3.176470588235294e-13
3.176470588235294e-13
3.176470588235294e-13
3.176470588235294e-13
3.176470588235294e-13
3.176470588235294e-13
3.176470588235294e-13
3.176470588235294e-13
3.1647058823529414e-13
1e-13
1e-13
1e-13
1e-13
1e-13
1e-13
1e-13
1e-13
1e-13
1e-13
1e-13
1e-13
1e-13
1e-13
1e-13
1e-13
1e-13
1e-13
1e-13
1e-13
1e-13
1e-13
1e-13
1e-13
1e-13
1e-13
1e-13
1e-13
1e-13
1e-13
1e-13
1e-13
1e-13
1e-13
1e-13
1e-13
1e-13
1e-13
1e-13
1e-13
1e-13
1e-13
1e-13
1e-13
1e-13
1e-13
1e-13
1e-13
1e-13
1e-13
1e-13
1e-13
1e-13
1e-13
1e-13
1e-13
1e-13
1e-13
1e-13
1e-13
1e-13
2.062834224598927e-13
2.3764705882352945e-13
2.3764705882352945e-13
2.3764705882352945e-13
2.3764705882352945e-13
2.3764705882352945e-13
2.3764705882352945e-13
2.3764705882352945e-13
2.378419117647059e-13
2.3764705882352945e-13
2.3764705882352945e-13
2.3647058823529413e-13
2.3764705882352945e-13
2.3764705882352945e-13
2.3764705882352945e-13
2.3764705882352945e-13
2.3764705882352945e-13
2.377830882352942e-13
2.3764705882352945e-13
2.3764705882352945e-13
2.3764705882352945e-13
2.379705882352942e-13
2.3764705882352945e-13
2.379705882352942e-13
2.3764705882352945e-13
2.3764705882352945e-13
2.3764705882352945e-13
2.3764705882352945e-13
2.3764705882352945e-13
2.3764705882352945e-13
2.3764705882352945e-13
2.3764705882352945e-13
2.3764705882352945e-13
2.3764705882352945e-13
2.3764705882352945e-13
2.3764705882352945e-13
2.3764705882352945e-13
2.3764705882352945e-13
2.3764705882352945e-13
2.379705882352942e-13
2.3679411764705886e-13
2.3764705882352945e-13
2.3764705882352945e-13
2.3764705882352945e-13
2.3764705882352945e-13
2.3764705882352945e-13
2.3764705882352945e-13
2.3764705882352945e-13
2.37952205882353e-13
2.3764705882352945e-13
2.3764705882352945e-13
2.3764705882352945e-13
2.3764705882352945e-13
2.3764705882352945e-13
2.369117647058824e-13
2.157887700534763e-13
1.5411764705882353e-13
1.5411764705882353e-13
1.544154411764706e-13
1.5418014705882354e-13
1.5411764705882353e-13
1.5497058823529413e-13
1.5529411764705885e-13
1.5529411764705885e-13
1.5529411764705885e-13
1.5529411764705885e-13
1.5529411764705885e-13
1.5529411764705885e-13
1.5529411764705885e-13
1.5444117647058826e-13
1.5444117647058826e-13
1.5481918449197858e-13
1.5529411764705885e-13
1.5529411764705885e-13
1.5529411764705885e-13
1.5529411764705885e-13
1.5529411764705885e-13
1.5529411764705885e-13
1.5529411764705885e-13
1.5529411764705885e-13
1.5529411764705885e-13
1.5529411764705885e-13
1.5529411764705885e-13
1.5444117647058826e-13
1.5444117647058826e-13
1.5444117647058826e-13
1.5444117647058826e-13
1.5476102941176474e-13
1.5444117647058826e-13
1.5529411764705885e-13
1.5444117647058826e-13
1.5529411764705885e-13
1.5529411764705885e-13
1.5529411764705885e-13
1.5458656417112308e-13
1.5444117647058826e-13
1.5444117647058826e-13
1.5444117647058826e-13
1.5476102941176474e-13
1.5444117647058826e-13
1.5529411764705885e-13
1.5444117647058826e-13
1.5529411764705885e-13
1.5444117647058826e-13
1.5444117647058826e-13
1.5444117647058826e-13
1.5483856951871664e-13
1.5453208556149735e-13
1.5411764705882353e-13
1.5401102941176472e-13
1.6847326203208505e-13
3.1798128342245973e-13
3.1647058823529414e-13
3.176470588235294e-13
3.176470588235294e-13
3.176470588235294e-13
3.176470588235294e-13
3.176470588235294e-13
3.176470588235294e-13
3.176470588235294e-13
3.176470588235294e-13
3.176470588235294e-13
3.176470588235294e-13
3.176470588235294e-13
3.176470588235294e-13
3.176470588235294e-13
3.176470588235294e-13
3.176470588235294e-13
3.176470588235294e-13
3.176470588235294e-13
3.176470588235294e-13
3.176470588235294e-13
3.176470588235294e-13
3.176470588235294e-13
3.176470588235294e-13
3.176470588235294e-13
3.176470588235294e-13
3.176470588235294e-13
3.176470588235294e-13
3.176470588235294e-13
3.176470588235294e-13
3.176470588235294e-13
3.176470588235294e-13
3.176470588235294e-13
3.176470588235294e-13
3.176470588235294e-13
3.176470588235294e-13
3.176470588235294e-13
3.176470588235294e-13
3.176470588235294e-13
3.176470588235294e-13
3.176470588235294e-13
3.176470588235294e-13
3.176470588235294e-13
3.176470588235294e-13
3.176470588235294e-13
3.176470588235294e-13
3.176470588235294e-13
3.1647058823529414e-13
1e-13
1e-13
1e-13
1e-13
1e-13
1e-13
1.0397170231729059e-13
1.0338235294117651e-13
1.0450980392156867e-13
1.0450980392156867e-13
1.0450980392156867e-13
1.0450980392156867e-13
1.0450980392156867e-13
1.0450980392156867e-13
1.0450980392156867e-13
1.045588235294118e-13
1.045588235294118e-13
1.045588235294118e-13
1.045588235294118e-13
1.0450980392156867e-13
1.0450980392156867e-13
1.0450980392156867e-13
1.0450980392156867e-13
1.0450980392156867e-13
1.0450980392156867e-13
1.0450980392156867e-13
1.0450980392156867e-13
1.0450980392156867e-13
1.0450980392156867e-13
1.0450980392156867e-13
1.0450980392156867e-13
1.0450980392156867e-13
1.0450980392156867e-13
1.0450980392156867e-13
1.0450980392156867e-13
1.045588235294118e-13
1.045588235294118e-13
1.045588235294118e-13
1.045588235294118e-13
1.045588235294118e-13
1.045588235294118e-13
1.045588235294118e-13
1.0452595811051698e-13
1.0450980392156867e-13
1.0450980392156867e-13
1.0450980392156867e-13
1.045203877005348e-13
1.045588235294118e-13
1.045588235294118e-13
1.045588235294118e-13
1.0450980392156867e-13
1.0450980392156867e-13
1.0450980392156867e-13
1.0450980392156867e-13
1.0450980392156867e-13
1.045588235294118e-13
1.0450980392156867e-13
1.0450980392156867e-13
1.0338235294117651e-13
1.0425133689839574e-13
1.0411764705882357e-13
2.0510528074866276e-13
2.3539215686274505e-13
2.3539215686274505e-13
2.3539215686274505e-13
2.3539215686274505e-13
2.3431372549019606e-13
2.3426470588235295e-13
2.3426470588235295e-13
2.3431372549019606e-13
2.3426470588235295e-13
2.354411764705882e-13
2.3426470588235295e-13
2.3543393493761134e-13
2.3539215686274505e-13
2.3539215686274505e-13
2.3539215686274505e-13
2.35046234402852e-13
2.347877673796791e-13
2.3478999554367194e-13
2.3499498663101606e-13
2.3426470588235295e-13
2.3431372549019606e-13
2.3426470588235295e-13
2.3431372549019606e-13
2.35148729946524e-13
2.3539215686274505e-13
2.3539215686274505e-13
2.3539215686274505e-13
2.3540831105169337e-13
2.3539215686274505e-13
2.354411764705882e-13
2.354411764705882e-13
2.3539215686274505e-13
2.3426470588235295e-13
2.3539215686274505e-13
2.3426470588235295e-13
2.3539215686274505e-13
2.3539215686274505e-13
2.354411764705882e-13
2.354411764705882e-13
2.3426470588235295e-13
2.3431372549019606e-13
2.3426470588235295e-13
2.3431372549019606e-13
2.3426470588235295e-13
2.3426470588235295e-13
2.3426470588235295e-13
2.3426470588235295e-13
2.354411764705882e-13
2.3539215686274505e-13
2.3539215686274505e-13
2.3539215686274505e-13
2.3426470588235295e-13
2.3601771390374325e-13
2.34234068627451e-13
2.1610684046345847e-13
1.5958834670231737e-13
1.5971646613190743e-13
1.586274509803922e-13
1.586274509803922e-13
1.586274509803922e-13
1.586274509803922e-13
1.586274509803922e-13
1.586274509803922e-13
1.586274509803922e-13
1.586274509803922e-13
1.586274509803922e-13
1.586274509803922e-13
1.586274509803922e-13
1.586274509803922e-13
1.5857843137254907e-13
1.5860015597147956e-13
1.586274509803922e-13
1.586274509803922e-13
1.586274509803922e-13
1.586274509803922e-13
1.586274509803922e-13
1.586274509803922e-13
1.586274509803922e-13
1.586274509803922e-13
1.586274509803922e-13
1.586274509803922e-13
1.586274509803922e-13
1.586274509803922e-13
1.586274509803922e-13
1.586274509803922e-13
1.586274509803922e-13
1.586274509803922e-13
1.5860349821746885e-13
1.586274509803922e-13
1.5857843137254907e-13
1.586274509803922e-13
1.586274509803922e-13
1.586274509803922e-13
1.586274509803922e-13
1.586274509803922e-13
1.586274509803922e-13
1.586274509803922e-13
1.586274509803922e-13
1.5857843137254907e-13
1.586274509803922e-13
1.5857843137254907e-13
1.586274509803922e-13
1.586274509803922e-13
1.586274509803922e-13
1.586274509803922e-13
1.586274509803922e-13
1.586274509803922e-13
1.586274509803922e-13
1.5745098039215694e-13
1.7320632798573934e-13
3.112115641711228e-13
3.1067736185383233e-13
3.113029188948307e-13
3.1040998217468794e-13
3.109313725490195e-13
3.109313725490195e-13
3.109313725490195e-13
3.109313725490195e-13
3.109313725490195e-13
3.109313725490195e-13
3.109313725490195e-13
3.109313725490195e-13
3.109313725490195e-13
3.109313725490195e-13
3.109313725490195e-13
3.109313725490195e-13
3.109313725490195e-13
3.109313725490195e-13
3.109313725490195e-13
3.109313725490195e-13
3.109313725490195e-13
3.109313725490195e-13
3.109313725490195e-13
3.109313725490195e-13
3.109313725490195e-13
3.109313725490195e-13
3.109313725490195e-13
3.109313725490195e-13
3.109313725490195e-13
3.109313725490195e-13
3.109313725490195e-13
3.109313725490195e-13
3.109313725490195e-13
3.109313725490195e-13
3.109313725490195e-13
3.109313725490195e-13
3.109313725490195e-13
3.109313725490195e-13
3.109313725490195e-13
3.109313725490195e-13
3.109313725490195e-13
3.109313725490195e-13
3.109313725490195e-13
3.109313725490195e-13
3.109313725490195e-13
3.109313725490195e-13
3.101754679144385e-13
3.1075423351158655e-13
1e-13
1e-13
1e-13
1e-13
1e-13
1.0075490196078431e-13
2.1679868538324425e-13
2.3849019607843137e-13
2.3849019607843137e-13
2.3849019607843137e-13
2.3849019607843137e-13
2.3849019607843137e-13
2.3849019607843137e-13
2.3849019607843137e-13
2.3849019607843137e-13
2.389117647058824e-13
2.389117647058824e-13
2.389117647058824e-13
2.389117647058824e-13
2.3849019607843137e-13
2.3849019607843137e-13
2.3849019607843137e-13
2.3849019607843137e-13
2.3849019607843137e-13
2.3849019607843137e-13
2.3849019607843137e-13
2.3849019607843137e-13
2.3849019607843137e-13
2.3849019607843137e-13
2.3849019607843137e-13
2.3849019607843137e-13
2.3849019607843137e-13
2.3849019607843137e-13
2.3849019607843137e-13
2.3849019607843137e-13
2.389117647058824e-13
2.389117647058824e-13
2.389117647058824e-13
2.389117647058824e-13
2.389117647058824e-13
2.389117647058824e-13
2.389117647058824e-13
2.3862912210338683e-13
2.3849019607843137e-13
2.3849019607843137e-13
2.3849019607843137e-13
2.389117647058824e-13
2.389117647058824e-13
2.389117647058824e-13
2.389117647058824e-13
2.3859079768270946e-13
2.3849019607843137e-13
2.3849019607843137e-13
2.3849019607843137e-13
2.379669117647059e-13
2.389117647058824e-13
2.3849019607843137e-13
2.3849019607843137e-13
2.373760026737968e-13
2.397768493761141e-13
2.3967769607843136e-13
1.72348819073084e-13
1.5327450980392156e-13
1.5327450980392156e-13
1.5327450980392156e-13
1.5327450980392156e-13
1.5251960784313725e-13
1.5251960784313725e-13
1.5251960784313725e-13
1.5251960784313725e-13
1.5251960784313725e-13
1.5353799019607842e-13
1.5251960784313725e-13
1.5369607843137255e-13
1.5328888146167557e-13
1.5369607843137255e-13
1.5369607843137255e-13
1.5356673351158644e-13
1.5251960784313725e-13
1.5287132352941175e-13
1.532816399286988e-13
1.5251960784313725e-13
1.5251960784313725e-13
1.5251960784313725e-13
1.5251960784313725e-13
1.5311151960784313e-13
1.5327450980392156e-13
1.5327450980392156e-13
1.5327450980392156e-13
1.5327450980392156e-13
1.5327450980392156e-13
1.5327450980392156e-13
1.5327450980392156e-13
1.5369607843137255e-13
1.5359547682709446e-13
1.5369607843137255e-13
1.5349966577540105e-13
1.5327450980392156e-13
1.5327450980392156e-13
1.5327450980392156e-13
1.5327450980392156e-13
1.5327450980392156e-13
1.5327450980392156e-13
1.5327450980392156e-13
1.5327450980392156e-13
1.5327450980392156e-13
1.5327450980392156e-13
1.5327450980392156e-13
1.5327450980392156e-13
1.5327450980392156e-13
1.5327450980392156e-13
1.5327450980392156e-13
1.5357631461675577e-13
1.5251960784313725e-13
1.5288848039215686e-13
1.5137377450980393e-13
1.9584157754010627e-13
3.203100490196079e-13
3.188973930481284e-13
3.196666666666667e-13
3.183443627450981e-13
3.184901960784314e-13
3.184901960784314e-13
3.184901960784314e-13
3.184901960784314e-13
3.184901960784314e-13
3.184901960784314e-13
3.184901960784314e-13
3.184901960784314e-13
3.184901960784314e-13
3.184901960784314e-13
3.184901960784314e-13
3.184901960784314e-13
3.184901960784314e-13
3.184901960784314e-13
3.184901960784314e-13
3.1849498663101606e-13
3.184901960784314e-13
3.184901960784314e-13
3.184901960784314e-13
3.184901960784314e-13
3.184901960784314e-13
3.184901960784314e-13
3.184901960784314e-13
3.184901960784314e-13
3.184901960784314e-13
3.184901960784314e-13
3.184901960784314e-13
3.184901960784314e-13
3.184901960784314e-13
3.184901960784314e-13
3.184901960784314e-13
3.184901960784314e-13
3.184901960784314e-13
3.184901960784314e-13
3.184901960784314e-13
3.184901960784314e-13
3.184901960784314e-13
3.184901960784314e-13
3.184901960784314e-13
3.184901960784314e-13
3.184901960784314e-13
3.184901960784314e-13
3.184901960784314e-13
3.184901960784314e-13
3.184901960784314e-13
3.184901960784314e-13
3.184901960784314e-13
3.1924509803921574e-13
3.193456996434938e-13
3.2056862745098046e-13
2.9858366755793295e-13
1.0424030748663118e-13
1e-13
1.0139995543672013e-13
1e-13
1e-13
1e-13
1e-13
1e-13
1e-13
1e-13
1e-13
1e-13
1e-13
1e-13
1e-13
1e-13
1e-13
1e-13
1e-13
1e-13
1e-13
1e-13
1e-13
1e-13
1e-13
1e-13
1e-13
1e-13
1e-13
1e-13
1e-13
1e-13
1e-13
1e-13
1e-13
1e-13
1e-13
1e-13
1e-13
1e-13
1e-13
1e-13
1e-13
1e-13
1e-13
1e-13
1e-13
1.0127629233511592e-13
1e-13
1e-13
1e-13
1e-13
1.0037800802139038e-13
1.0009926470588236e-13
2.175564839572193e-13
2.37264705882353e-13
2.3764705882352945e-13
2.3764705882352945e-13
2.3764705882352945e-13
2.3764705882352945e-13
2.3764705882352945e-13
2.3764705882352945e-13
2.3764705882352945e-13
2.3851604278074866e-13
2.388235294117647e-13
2.388235294117647e-13
2.388235294117647e-13
2.3764705882352945e-13
2.3764705882352945e-13
2.3764705882352945e-13
2.3764705882352945e-13
2.3764705882352945e-13
2.3764705882352945e-13
2.3764705882352945e-13
2.3764705882352945e-13
2.3764705882352945e-13
2.3764705882352945e-13
2.3764705882352945e-13
2.3764705882352945e-13
2.3764705882352945e-13
2.3764705882352945e-13
2.3764705882352945e-13
2.3764705882352945e-13
2.388235294117647e-13
2.388235294117647e-13
2.388235294117647e-13
2.388235294117647e-13
2.388235294117647e-13
2.388235294117647e-13
2.388235294117647e-13
2.3764705882352945e-13
2.3764705882352945e-13
2.3764705882352945e-13
2.3764705882352945e-13
2.379010695187166e-13
2.388235294117647e-13
2.388235294117647e-13
2.388235294117647e-13
2.3764705882352945e-13
2.3764705882352945e-13
2.3764705882352945e-13
2.3764705882352945e-13
2.3764705882352945e-13
2.388235294117647e-13
2.3764705882352945e-13
2.3764705882352945e-13
2.377035427807487e-13
2.3703208556149733e-13
2.3855514705882354e-13
1.7272426470588257e-13
1.5529411764705885e-13
1.5529411764705885e-13
1.5529411764705885e-13
1.5522727272727275e-13
1.5411764705882353e-13
1.5411764705882353e-13
1.5411764705882353e-13
1.5411764705882353e-13
1.5411764705882353e-13
1.546139705882353e-13
1.5411764705882353e-13
1.5496824866310162e-13
1.5529411764705885e-13
1.5529411764705885e-13
1.5529411764705885e-13
1.5529411764705885e-13
1.5411764705882353e-13
1.5411764705882353e-13
1.5463201871657756e-13
1.5411764705882353e-13
1.5411764705882353e-13
1.5411764705882353e-13
1.5411764705882353e-13
1.5411764705882353e-13
1.5529411764705885e-13
1.5529411764705885e-13
1.5529411764705885e-13
1.5529411764705885e-13
1.5529411764705885e-13
1.5529411764705885e-13
1.5529411764705885e-13
1.5529411764705885e-13
1.5529411764705885e-13
1.5529411764705885e-13
1.5529411764705885e-13
1.5529411764705885e-13
1.5529411764705885e-13
1.5529411764705885e-13
1.5529411764705885e-13
1.5529411764705885e-13
1.5529411764705885e-13
1.5529411764705885e-13
1.5529411764705885e-13
1.5529411764705885e-13
1.5529411764705885e-13
1.5529411764705885e-13
1.5529411764705885e-13
1.5529411764705885e-13
1.5529411764705885e-13
1.5529411764705885e-13
1.5502038770053478e-13
1.552085561497326e-13
1.5608255347593583e-13
1.540294117647059e-13
1.948913770053469e-13
3.2088536096256695e-13
3.168529411764706e-13
3.180294117647059e-13
3.1716143048128345e-13
3.172352941176471e-13
3.172352941176471e-13
3.172352941176471e-13
3.172352941176471e-13
3.172352941176471e-13
3.172352941176471e-13
3.172352941176471e-13
3.172352941176471e-13
3.172352941176471e-13
3.172352941176471e-13
3.172352941176471e-13
3.172352941176471e-13
3.172352941176471e-13
3.172352941176471e-13
3.172352941176471e-13
3.172352941176471e-13
3.172352941176471e-13
3.172352941176471e-13
3.172352941176471e-13
3.172352941176471e-13
3.172352941176471e-13
3.172352941176471e-13
3.172352941176471e-13
3.172352941176471e-13
3.172352941176471e-13
3.172352941176471e-13
3.172352941176471e-13
3.172352941176471e-13
3.172352941176471e-13
3.172352941176471e-13
3.172352941176471e-13
3.172352941176471e-13
3.172352941176471e-13
3.172352941176471e-13
3.172352941176471e-13
3.172352941176471e-13
3.172352941176471e-13
3.172352941176471e-13
3.172352941176471e-13
3.172352941176471e-13
3.172352941176471e-13
3.172352941176471e-13
3.172352941176471e-13
3.172352941176471e-13
3.172352941176471e-13
3.172352941176471e-13
3.168529411764706e-13
3.176470588235294e-13
3.179381684491979e-13
3.1709926470588234e-13
2.980792112299472e-13
1.0217814171123015e-13
1.0038235294117648e-13
1e-13
1e-13
1e-13
1e-13
1e-13
1e-13
1e-13
1e-13
1e-13
1e-13
1e-13
1e-13
1e-13
1e-13
1e-13
1e-13
1e-13
1e-13
1e-13
1e-13
1e-13
1e-13
1e-13
1e-13
1e-13
1e-13
1e-13
1e-13
1e-13
1e-13
1e-13
1e-13
1e-13
1e-13
1e-13
1e-13
1e-13
1e-13
1e-13
1e-13
1e-13
1e-13
1e-13
1e-13
1e-13
1e-13
1e-13
1e-13
1e-13
1e-13
1e-13
1e-13
2.1695187165775404e-13
2.3764705882352945e-13
2.3764705882352945e-13
2.3764705882352945e-13
2.3764705882352945e-13
2.376489527629234e-13
2.3765686274509807e-13
2.3765686274509807e-13
2.3765686274509807e-13
2.3765686274509807e-13
2.3765686274509807e-13
2.3765686274509807e-13
2.3765686274509807e-13
2.3764705882352945e-13
2.3764705882352945e-13
2.3764705882352945e-13
2.3771390374331557e-13
2.3764705882352945e-13
2.3764705882352945e-13
2.3764705882352945e-13
2.3764705882352945e-13
2.3764705882352945e-13
2.3764705882352945e-13
2.3764705882352945e-13
2.3764705882352945e-13
2.3764705882352945e-13
2.3764705882352945e-13
2.3764705882352945e-13
2.3764705882352945e-13
2.3765686274509807e-13
2.3765686274509807e-13
2.3765686274509807e-13
2.3765686274509807e-13
2.3765686274509807e-13
2.3765686274509807e-13
2.3765686274509807e-13
2.3765686274509807e-13
2.3765686274509807e-13
2.3765686274509807e-13
2.3765686274509807e-13
2.3765686274509807e-13
2.3765686274509807e-13
2.3765686274509807e-13
2.3765686274509807e-13
2.3764705882352945e-13
2.3764705882352945e-13
2.3764705882352945e-13
2.3764705882352945e-13
2.3764705882352945e-13
2.3764705882352945e-13
2.3764705882352945e-13
2.3764705882352945e-13
2.3764705882352945e-13
2.3647058823529413e-13
2.383823529411765e-13
1.7270053475935852e-13
1.5412745098039216e-13
1.5412745098039216e-13
1.5412745098039216e-13
1.5412745098039216e-13
1.5412745098039216e-13
1.5412745098039216e-13
1.5412745098039216e-13
1.5412745098039216e-13
1.5412745098039216e-13
1.5485661764705883e-13
1.5412745098039216e-13
1.5412745098039216e-13
1.5412745098039216e-13
1.5412745098039216e-13
1.5412745098039216e-13
1.5412745098039216e-13
1.5412745098039216e-13
1.5412745098039216e-13
1.5412745098039216e-13
1.5412745098039216e-13
1.5412745098039216e-13
1.5412745098039216e-13
1.5412745098039216e-13
1.5412745098039216e-13
1.5412745098039216e-13
1.5412745098039216e-13
1.5412745098039216e-13
1.5412745098039216e-13
1.5412745098039216e-13
1.5412745098039216e-13
1.5412745098039216e-13
1.5529411764705885e-13
1.5412745098039216e-13
1.552975713012478e-13
1.547505570409982e-13
1.5412745098039216e-13
1.5412745098039216e-13
1.5412745098039216e-13
1.5412745098039216e-13
1.5412745098039216e-13
1.5412745098039216e-13
1.5412745098039216e-13
1.5412745098039216e-13
1.5412745098039216e-13
1.5529411764705885e-13
1.5412745098039216e-13
1.5412745098039216e-13
1.5412745098039216e-13
1.5412745098039216e-13
1.5412745098039216e-13
1.5412745098039216e-13
1.5411764705882353e-13
1.5529411764705885e-13
1.5323529411764707e-13
1.9486631016042715e-13
3.186497326203209e-13
3.176470588235294e-13
3.1656417112299473e-13
3.174197860962567e-13
3.176470588235294e-13
3.176470588235294e-13
3.176470588235294e-13
3.176470588235294e-13
3.176470588235294e-13
3.176470588235294e-13
3.176470588235294e-13
3.176470588235294e-13
3.176470588235294e-13
3.176470588235294e-13
3.176470588235294e-13
3.176470588235294e-13
3.176470588235294e-13
3.176470588235294e-13
3.176470588235294e-13
3.176470588235294e-13
3.176470588235294e-13
3.176470588235294e-13
3.176470588235294e-13
3.176470588235294e-13
3.176470588235294e-13
3.176470588235294e-13
3.176470588235294e-13
3.176470588235294e-13
3.176470588235294e-13
3.176470588235294e-13
3.176470588235294e-13
3.176470588235294e-13
3.176470588235294e-13
3.176470588235294e-13
3.176470588235294e-13
3.176470588235294e-13
3.176470588235294e-13
3.176470588235294e-13
3.176470588235294e-13
3.176470588235294e-13
3.176470588235294e-13
3.176470588235294e-13
3.176470588235294e-13
3.176470588235294e-13
3.176470588235294e-13
3.176470588235294e-13
3.176470588235294e-13
3.176470588235294e-13
3.176470588235294e-13
3.176470588235294e-13
3.176470588235294e-13
3.176470588235294e-13
3.176470588235294e-13
3.177941176470588e-13
2.980748663101611e-13
1.0213903743315528e-13
1e-13
1e-13
1e-13
1e-13
1e-13
1e-13
1e-13
1e-13
1e-13
1e-13
1e-13
1e-13
1e-13
1e-13
1e-13
1e-13
1e-13
1e-13
1e-13
1e-13
1e-13
1e-13
1e-13
1e-13
1e-13
1e-13
1e-13
1e-13
1e-13
1e-13
1e-13
1e-13
1e-13
1e-13
1e-13
1e-13
1e-13
1e-13
1e-13
1e-13
1e-13
1e-13
1e-13
1e-13
1e-13
1e-13
1e-13
1e-13
1e-13
1e-13
1e-13
1e-13
1e-13
2.1695187165775404e-13
2.3764705882352945e-13
2.3764705882352945e-13
2.3764705882352945e-13
2.3764705882352945e-13
2.3764705882352945e-13
2.3764705882352945e-13
2.3764705882352945e-13
2.3764705882352945e-13
2.3764705882352945e-13
2.3764705882352945e-13
2.3764705882352945e-13
2.3764705882352945e-13
2.3764705882352945e-13
2.3764705882352945e-13
2.3764705882352945e-13
2.3771390374331557e-13
2.3764705882352945e-13
2.3764705882352945e-13
2.3764705882352945e-13
2.3764705882352945e-13
2.3764705882352945e-13
2.3764705882352945e-13
2.3764705882352945e-13
2.3764705882352945e-13
2.3764705882352945e-13
2.3764705882352945e-13
2.3764705882352945e-13
2.3764705882352945e-13
2.3764705882352945e-13
2.3764705882352945e-13
2.3764705882352945e-13
2.3764705882352945e-13
2.3764705882352945e-13
2.3764705882352945e-13
2.3764705882352945e-13
2.3764705882352945e-13
2.3764705882352945e-13
2.3764705882352945e-13
2.3764705882352945e-13
2.3764705882352945e-13
2.3764705882352945e-13
2.3764705882352945e-13
2.3764705882352945e-13
2.3764705882352945e-13
2.3764705882352945e-13
2.3764705882352945e-13
2.3764705882352945e-13
2.3764705882352945e-13
2.3764705882352945e-13
2.3764705882352945e-13
2.3764705882352945e-13
2.3764705882352945e-13
2.3647058823529413e-13
2.383823529411765e-13
1.7270053475935852e-13
1.5411764705882353e-13
1.5411764705882353e-13
1.5411764705882353e-13
1.5411764705882353e-13
1.5411764705882353e-13
1.5411764705882353e-13
1.5411764705882353e-13
1.5411764705882353e-13
1.5411764705882353e-13
1.548529411764706e-13
1.5411764705882353e-13
1.5411764705882353e-13
1.5411764705882353e-13
1.5411764705882353e-13
1.5411764705882353e-13
1.5411764705882353e-13
1.5411764705882353e-13
1.5411764705882353e-13
1.5411764705882353e-13
1.5411764705882353e-13
1.5411764705882353e-13
1.5411764705882353e-13
1.5411764705882353e-13
1.5411764705882353e-13
1.5411764705882353e-13
1.5411764705882353e-13
1.5411764705882353e-13
1.5411764705882353e-13
1.5411764705882353e-13
1.5411764705882353e-13
1.5411764705882353e-13
1.5411764705882353e-13
1.5411764705882353e-13
1.5453208556149735e-13
1.5411764705882353e-13
1.5411764705882353e-13
1.5411764705882353e-13
1.5411764705882353e-13
1.5411764705882353e-13
1.5411764705882353e-13
1.5411764705882353e-13
1.5411764705882353e-13
1.5411764705882353e-13
1.5411764705882353e-13
1.5529411764705885e-13
1.5411764705882353e-13
1.5411764705882353e-13
1.5411764705882353e-13
1.5411764705882353e-13
1.5411764705882353e-13
1.5411764705882353e-13
1.5411764705882353e-13
1.5529411764705885e-13
1.5323529411764707e-13
1.9486631016042715e-13
3.186497326203209e-13
3.176470588235294e-13
3.1656417112299473e-13
3.174197860962567e-13
3.176470588235294e-13
3.176470588235294e-13
3.176470588235294e-13
3.176470588235294e-13
3.176470588235294e-13
3.176470588235294e-13
3.176470588235294e-13
3.176470588235294e-13
3.176470588235294e-13
3.176470588235294e-13
3.176470588235294e-13
3.176470588235294e-13
3.176470588235294e-13
3.176470588235294e-13
3.176470588235294e-13
3.176470588235294e-13
3.176470588235294e-13
3.176470588235294e-13
3.176470588235294e-13
3.176470588235294e-13
3.176470588235294e-13
3.176470588235294e-13
3.176470588235294e-13
3.176470588235294e-13
3.176470588235294e-13
3.176470588235294e-13
3.176470588235294e-13
3.176470588235294e-13
3.176470588235294e-13
3.176470588235294e-13
3.176470588235294e-13
3.176470588235294e-13
3.176470588235294e-13
3.176470588235294e-13
3.176470588235294e-13
3.176470588235294e-13
3.176470588235294e-13
3.176470588235294e-13
3.176470588235294e-13
3.176470588235294e-13
3.176470588235294e-13
3.176470588235294e-13
3.176470588235294e-13
3.176470588235294e-13
3.176470588235294e-13
3.176470588235294e-13
3.176470588235294e-13
3.176470588235294e-13
3.176470588235294e-13
3.177941176470588e-13
2.980748663101611e-13
1.0213903743315528e-13
1e-13
1e-13
1e-13
1e-13
1e-13
1e-13
1e-13
1e-13
1e-13
1e-13
1e-13
1e-13
1e-13
1e-13
1e-13
1e-13
1e-13
1e-13
1e-13
1e-13
1e-13
1e-13
1e-13
1e-13
1e-13
1e-13
1e-13
1e-13
1e-13
1e-13
1e-13
1e-13
1e-13
1e-13
1e-13
1e-13
1e-13
1e-13
1e-13
1e-13
1e-13
1e-13
1e-13
1e-13
1e-13
1e-13
1e-13
1e-13
1e-13
1e-13
1e-13
1e-13
1e-13
2.1695187165775404e-13
2.3764705882352945e-13
2.3764705882352945e-13
2.3764705882352945e-13
2.3764705882352945e-13
2.3764705882352945e-13
2.3764705882352945e-13
2.3764705882352945e-13
2.3764705882352945e-13
2.3764705882352945e-13
2.3764705882352945e-13
2.3764705882352945e-13
2.3764705882352945e-13
2.3764705882352945e-13
2.3764705882352945e-13
2.3764705882352945e-13
2.3771390374331557e-13
2.3764705882352945e-13
2.3764705882352945e-13
2.3764705882352945e-13
2.3764705882352945e-13
2.3764705882352945e-13
2.3764705882352945e-13
2.3764705882352945e-13
2.3764705882352945e-13
2.3764705882352945e-13
2.3764705882352945e-13
2.3764705882352945e-13
2.3764705882352945e-13
2.3764705882352945e-13
2.3764705882352945e-13
2.3764705882352945e-13
2.3764705882352945e-13
2.3764705882352945e-13
2.3764705882352945e-13
2.3764705882352945e-13
2.3764705882352945e-13
2.3764705882352945e-13
2.3764705882352945e-13
2.3764705882352945e-13
2.3764705882352945e-13
2.3764705882352945e-13
2.3764705882352945e-13
2.3764705882352945e-13
2.3764705882352945e-13
2.3764705882352945e-13
2.3764705882352945e-13
2.3764705882352945e-13
2.3764705882352945e-13
2.3764705882352945e-13
2.3764705882352945e-13
2.3764705882352945e-13
2.3764705882352945e-13
2.3647058823529413e-13
2.383823529411765e-13
1.7270053475935852e-13
1.5411764705882353e-13
1.5411764705882353e-13
1.5411764705882353e-13
1.5411764705882353e-13
1.5411764705882353e-13
1.5411764705882353e-13
1.5411764705882353e-13
1.5411764705882353e-13
1.5411764705882353e-13
1.548529411764706e-13
1.5411764705882353e-13
1.5411764705882353e-13
1.5411764705882353e-13
1.5411764705882353e-13
1.5411764705882353e-13
1.5411764705882353e-13
1.5411764705882353e-13
1.5411764705882353e-13
1.5411764705882353e-13
1.5411764705882353e-13
1.5411764705882353e-13
1.5411764705882353e-13
1.5411764705882353e-13
1.5411764705882353e-13
1.5411764705882353e-13
1.5411764705882353e-13
1.5411764705882353e-13
1.5411764705882353e-13
1.5411764705882353e-13
1.5411764705882353e-13
1.5411764705882353e-13
1.548529411764706e-13
1.5411764705882353e-13
1.5500835561497328e-13
1.5411764705882353e-13
1.5411764705882353e-13
1.5411764705882353e-13
1.5411764705882353e-13
1.5411764705882353e-13
1.5411764705882353e-13
1.5411764705882353e-13
1.5411764705882353e-13
1.5411764705882353e-13
1.5411764705882353e-13
1.5529411764705885e-13
1.5411764705882353e-13
1.5411764705882353e-13
1.5411764705882353e-13
1.5411764705882353e-13
1.5411764705882353e-13
1.5411764705882353e-13
1.5411764705882353e-13
1.5529411764705885e-13
1.5323529411764707e-13
1.9486631016042715e-13
3.186497326203209e-13
3.176470588235294e-13
3.1656417112299473e-13
3.174197860962567e-13
3.176470588235294e-13
3.176470588235294e-13
3.176470588235294e-13
3.176470588235294e-13
3.176470588235294e-13
3.176470588235294e-13
3.176470588235294e-13
3.176470588235294e-13
3.176470588235294e-13
3.176470588235294e-13
3.176470588235294e-13
3.176470588235294e-13
3.176470588235294e-13
3.176470588235294e-13
3.176470588235294e-13
3.176470588235294e-13
3.176470588235294e-13
3.176470588235294e-13
3.176470588235294e-13
3.176470588235294e-13
3.176470588235294e-13
3.176470588235294e-13
3.176470588235294e-13
3.176470588235294e-13
3.176470588235294e-13
3.176470588235294e-13
3.176470588235294e-13
3.176470588235294e-13
3.176470588235294e-13
3.176470588235294e-13
3.176470588235294e-13
3.176470588235294e-13
3.176470588235294e-13
3.176470588235294e-13
3.176470588235294e-13
3.176470588235294e-13
3.176470588235294e-13
3.176470588235294e-13
3.176470588235294e-13
3.176470588235294e-13
3.176470588235294e-13
3.176470588235294e-13
3.176470588235294e-13
3.176470588235294e-13
3.176470588235294e-13
3.176470588235294e-13
3.176470588235294e-13
3.176470588235294e-13
3.176470588235294e-13
3.177941176470588e-13
2.980748663101611e-13
1.0213903743315528e-13
1e-13
1e-13
1e-13
1e-13
1e-13
1e-13
1e-13
1e-13
1e-13
1e-13
1e-13
1e-13
1e-13
1e-13
1e-13
1e-13
1e-13
1e-13
1e-13
1e-13
1e-13
1e-13
1e-13
1e-13
1e-13
1e-13
1e-13
1e-13
1e-13
1e-13
1e-13
1e-13
1e-13
1e-13
1e-13
1e-13
1e-13
1e-13
1e-13
1e-13
1e-13
1e-13
1e-13
1e-13
1e-13
1e-13
1e-13
1e-13
1e-13
1e-13
1e-13
1e-13
1e-13
2.1695187165775404e-13
2.3764705882352945e-13
2.3764705882352945e-13
2.3764705882352945e-13
2.3764705882352945e-13
2.378610739750446e-13
2.387549019607843e-13
2.387549019607843e-13
2.387549019607843e-13
2.387549019607843e-13
2.387549019607843e-13
2.387549019607843e-13
2.387549019607843e-13
2.3764705882352945e-13
2.3764705882352945e-13
2.3764705882352945e-13
2.3771390374331557e-13
2.3764705882352945e-13
2.3764705882352945e-13
2.3764705882352945e-13
2.3764705882352945e-13
2.3764705882352945e-13
2.3764705882352945e-13
2.3764705882352945e-13
2.3764705882352945e-13
2.3764705882352945e-13
2.3764705882352945e-13
2.3764705882352945e-13
2.3764705882352945e-13
2.387549019607843e-13
2.387549019607843e-13
2.387549019607843e-13
2.387549019607843e-13
2.387549019607843e-13
2.387549019607843e-13
2.387549019607843e-13
2.387549019607843e-13
2.387549019607843e-13
2.387549019607843e-13
2.387549019607843e-13
2.387549019607843e-13
2.387549019607843e-13
2.387549019607843e-13
2.387549019607843e-13
2.3764705882352945e-13
2.3764705882352945e-13
2.3764705882352945e-13
2.3764705882352945e-13
2.3764705882352945e-13
2.3764705882352945e-13
2.3764705882352945e-13
2.3764705882352945e-13
2.3764705882352945e-13
2.3647058823529413e-13
2.383823529411765e-13
1.7270053475935852e-13
1.5522549019607846e-13
1.5522549019607846e-13
1.5522549019607846e-13
1.5522549019607846e-13
1.5522549019607846e-13
1.5522549019607846e-13
1.5522549019607846e-13
1.5522549019607846e-13
1.5522549019607846e-13
1.552683823529412e-13
1.5522549019607846e-13
1.5522549019607846e-13
1.5522549019607846e-13
1.5522549019607846e-13
1.5522549019607846e-13
1.5522549019607846e-13
1.5522549019607846e-13
1.5522549019607846e-13
1.5522549019607846e-13
1.5522549019607846e-13
1.5522549019607846e-13
1.5522549019607846e-13
1.5522549019607846e-13
1.5522549019607846e-13
1.5522549019607846e-13
1.5522549019607846e-13
1.5522549019607846e-13
1.5522549019607846e-13
1.5522549019607846e-13
1.5522549019607846e-13
1.5522549019607846e-13
1.5529411764705885e-13
1.5527774064171126e-13
1.5568438057041004e-13
1.5526214349376115e-13
1.5522549019607846e-13
1.5522549019607846e-13
1.5522549019607846e-13
1.5522549019607846e-13
1.5522549019607846e-13
1.5522549019607846e-13
1.5522549019607846e-13
1.5522549019607846e-13
1.5522549019607846e-13
1.5529411764705885e-13
1.5522549019607846e-13
1.5522549019607846e-13
1.5522549019607846e-13
1.5522549019607846e-13
1.5522549019607846e-13
1.5522549019607846e-13
1.5411764705882353e-13
1.5529411764705885e-13
1.5323529411764707e-13
1.9486631016042715e-13
3.186497326203209e-13
3.176470588235294e-13
3.1656417112299473e-13
3.174197860962567e-13
3.176470588235294e-13
3.176470588235294e-13
3.176470588235294e-13
3.176470588235294e-13
3.176470588235294e-13
3.176470588235294e-13
3.176470588235294e-13
3.176470588235294e-13
3.176470588235294e-13
3.176470588235294e-13
3.176470588235294e-13
3.176470588235294e-13
3.176470588235294e-13
3.176470588235294e-13
3.176470588235294e-13
3.176470588235294e-13
3.176470588235294e-13
3.176470588235294e-13
3.176470588235294e-13
3.176470588235294e-13
3.176470588235294e-13
3.176470588235294e-13
3.176470588235294e-13
3.176470588235294e-13
3.176470588235294e-13
3.176470588235294e-13
3.176470588235294e-13
3.176470588235294e-13
3.176470588235294e-13
3.176470588235294e-13
3.176470588235294e-13
3.176470588235294e-13
3.176470588235294e-13
3.176470588235294e-13
3.176470588235294e-13
3.176470588235294e-13
3.176470588235294e-13
3.176470588235294e-13
3.176470588235294e-13
3.176470588235294e-13
3.176470588235294e-13
3.176470588235294e-13
3.176470588235294e-13
3.176470588235294e-13
3.176470588235294e-13
3.176470588235294e-13
3.176470588235294e-13
3.176470588235294e-13
3.176470588235294e-13
3.177941176470588e-13
2.980748663101611e-13
1.0213903743315528e-13
1e-13
1e-13
1e-13
1e-13
1e-13
1e-13
1e-13
1e-13
1e-13
1e-13
1e-13
1e-13
1e-13
1e-13
1e-13
1e-13
1e-13
1e-13
1e-13
1e-13
1e-13
1e-13
1e-13
1e-13
1e-13
1e-13
1e-13
1e-13
1e-13
1e-13
1e-13
1e-13
1e-13
1e-13
1e-13
1e-13
1e-13
1e-13
1e-13
1e-13
1e-13
1e-13
1e-13
1e-13
1e-13
1e-13
1e-13
1e-13
1e-13
1e-13
1e-13
1e-13
1e-13
2.1695187165775404e-13
2.3764705882352945e-13
2.3764705882352945e-13
2.3764705882352945e-13
2.3764705882352945e-13
2.3764705882352945e-13
2.3764705882352945e-13
2.3764705882352945e-13
2.3764705882352945e-13
2.3764705882352945e-13
2.3764705882352945e-13
2.3764705882352945e-13
2.3764705882352945e-13
2.3764705882352945e-13
2.3764705882352945e-13
2.3764705882352945e-13
2.3771390374331557e-13
2.3764705882352945e-13
2.3764705882352945e-13
2.3764705882352945e-13
2.3764705882352945e-13
2.3764705882352945e-13
2.3764705882352945e-13
2.3764705882352945e-13
2.3764705882352945e-13
2.3764705882352945e-13
2.3764705882352945e-13
2.3764705882352945e-13
2.3764705882352945e-13
2.3764705882352945e-13
2.3764705882352945e-13
2.3764705882352945e-13
2.3764705882352945e-13
2.3764705882352945e-13
2.3764705882352945e-13
2.3764705882352945e-13
2.3764705882352945e-13
2.3764705882352945e-13
2.3764705882352945e-13
2.3764705882352945e-13
2.3764705882352945e-13
2.3764705882352945e-13
2.3764705882352945e-13
2.3764705882352945e-13
2.3764705882352945e-13
2.3764705882352945e-13
2.3764705882352945e-13
2.3764705882352945e-13
2.3764705882352945e-13
2.3764705882352945e-13
2.3764705882352945e-13
2.3764705882352945e-13
2.3764705882352945e-13
2.3647058823529413e-13
2.383823529411765e-13
1.7270053475935852e-13
1.5411764705882353e-13
1.5411764705882353e-13
1.5411764705882353e-13
1.5411764705882353e-13
1.5411764705882353e-13
1.5411764705882353e-13
1.5411764705882353e-13
1.5411764705882353e-13
1.5411764705882353e-13
1.548529411764706e-13
1.5411764705882353e-13
1.5411764705882353e-13
1.5411764705882353e-13
1.5411764705882353e-13
1.5411764705882353e-13
1.5411764705882353e-13
1.5411764705882353e-13
1.5411764705882353e-13
1.5411764705882353e-13
1.5411764705882353e-13
1.5411764705882353e-13
1.5411764705882353e-13
1.5411764705882353e-13
1.5411764705882353e-13
1.5411764705882353e-13
1.5411764705882353e-13
1.5411764705882353e-13
1.5411764705882353e-13
1.5411764705882353e-13
1.5411764705882353e-13
1.5411764705882353e-13
1.5525612745098043e-13
1.5411764705882353e-13
1.550972593582888e-13
1.5458366755793225e-13
1.5411764705882353e-13
1.5411764705882353e-13
1.5411764705882353e-13
1.5411764705882353e-13
1.5411764705882353e-13
1.5411764705882353e-13
1.5411764705882353e-13
1.5411764705882353e-13
1.5411764705882353e-13
1.5529411764705885e-13
1.5411764705882353e-13
1.5411764705882353e-13
1.5411764705882353e-13
1.5411764705882353e-13
1.5411764705882353e-13
1.5411764705882353e-13
1.5411764705882353e-13
1.5529411764705885e-13
1.5323529411764707e-13
1.9486631016042715e-13
3.186497326203209e-13
3.176470588235294e-13
3.1656417112299473e-13
3.174197860962567e-13
3.176470588235294e-13
3.176470588235294e-13
3.176470588235294e-13
3.176470588235294e-13
3.176470588235294e-13
3.176470588235294e-13
3.176470588235294e-13
3.176470588235294e-13
3.176470588235294e-13
3.176470588235294e-13
3.176470588235294e-13
3.176470588235294e-13
3.176470588235294e-13
3.176470588235294e-13
3.176470588235294e-13
3.176470588235294e-13
3.176470588235294e-13
3.176470588235294e-13
3.176470588235294e-13
3.176470588235294e-13
3.176470588235294e-13
3.176470588235294e-13
3.176470588235294e-13
3.176470588235294e-13
3.176470588235294e-13
3.176470588235294e-13
3.176470588235294e-13
3.176470588235294e-13
3.176470588235294e-13
3.176470588235294e-13
3.176470588235294e-13
3.176470588235294e-13
3.176470588235294e-13
3.176470588235294e-13
3.176470588235294e-13
3.176470588235294e-13
3.176470588235294e-13
3.176470588235294e-13
3.176470588235294e-13
3.176470588235294e-13
3.176470588235294e-13
3.176470588235294e-13
3.176470588235294e-13
3.176470588235294e-13
3.176470588235294e-13
3.176470588235294e-13
3.176470588235294e-13
3.176470588235294e-13
3.176470588235294e-13
3.177941176470588e-13
2.980748663101611e-13
1.0213903743315528e-13
1e-13
1e-13
1e-13
1e-13
1e-13
1e-13
1e-13
1e-13
1e-13
1e-13
1e-13
1e-13
1e-13
1e-13
1e-13
1e-13
1e-13
1e-13
1e-13
1e-13
1e-13
1e-13
1e-13
1e-13
1e-13
1e-13
1e-13
1e-13
1e-13
1e-13
1e-13
1e-13
1e-13
1e-13
1e-13
1e-13
1e-13
1e-13
1e-13
1e-13
1e-13
1e-13
1e-13
1e-13
1e-13
1e-13
1e-13
1e-13
1e-13
1e-13
1e-13
1e-13
1e-13
2.1695187165775404e-13
2.3764705882352945e-13
2.3764705882352945e-13
2.3764705882352945e-13
2.3764705882352945e-13
2.3764705882352945e-13
2.3764705882352945e-13
2.3764705882352945e-13
2.3764705882352945e-13
2.3764705882352945e-13
2.3764705882352945e-13
2.3764705882352945e-13
2.3764705882352945e-13
2.3764705882352945e-13
2.3764705882352945e-13
2.3764705882352945e-13
2.3771390374331557e-13
2.3764705882352945e-13
2.3764705882352945e-13
2.3764705882352945e-13
2.3764705882352945e-13
2.3764705882352945e-13
2.3764705882352945e-13
2.3764705882352945e-13
2.3764705882352945e-13
2.3764705882352945e-13
2.3764705882352945e-13
2.3764705882352945e-13
2.3764705882352945e-13
2.3764705882352945e-13
2.3764705882352945e-13
2.3764705882352945e-13
2.3764705882352945e-13
2.3764705882352945e-13
2.3764705882352945e-13
2.3764705882352945e-13
2.3764705882352945e-13
2.3764705882352945e-13
2.3764705882352945e-13
2.3764705882352945e-13
2.3764705882352945e-13
2.3764705882352945e-13
2.3764705882352945e-13
2.3764705882352945e-13
2.3764705882352945e-13
2.3764705882352945e-13
2.3764705882352945e-13
2.3764705882352945e-13
2.3764705882352945e-13
2.3764705882352945e-13
2.3764705882352945e-13
2.3764705882352945e-13
2.3764705882352945e-13
2.3647058823529413e-13
2.383823529411765e-13
1.7270053475935852e-13
1.5411764705882353e-13
1.5411764705882353e-13
1.5411764705882353e-13
1.5411764705882353e-13
1.5411764705882353e-13
1.5411764705882353e-13
1.5411764705882353e-13
1.5411764705882353e-13
1.5411764705882353e-13
1.548529411764706e-13
1.5411764705882353e-13
1.5411764705882353e-13
1.5411764705882353e-13
1.5411764705882353e-13
1.5411764705882353e-13
1.5411764705882353e-13
1.5411764705882353e-13
1.5411764705882353e-13
1.5411764705882353e-13
1.5411764705882353e-13
1.5411764705882353e-13
1.5411764705882353e-13
1.5411764705882353e-13
1.5411764705882353e-13
1.5411764705882353e-13
1.5411764705882353e-13
1.5411764705882353e-13
1.5411764705882353e-13
1.5411764705882353e-13
1.5411764705882353e-13
1.5411764705882353e-13
1.5411764705882353e-13
1.5411764705882353e-13
1.5453208556149735e-13
1.5411764705882353e-13
1.5411764705882353e-13
1.5411764705882353e-13
1.5411764705882353e-13
1.5411764705882353e-13
1.5411764705882353e-13
1.5411764705882353e-13
1.5411764705882353e-13
1.5411764705882353e-13
1.5411764705882353e-13
1.5529411764705885e-13
1.5411764705882353e-13
1.5411764705882353e-13
1.5411764705882353e-13
1.5411764705882353e-13
1.5411764705882353e-13
1.5411764705882353e-13
1.5411764705882353e-13
1.5529411764705885e-13
1.5323529411764707e-13
1.9486631016042715e-13
3.186497326203209e-13
3.176470588235294e-13
3.1656417112299473e-13
3.174197860962567e-13
3.176470588235294e-13
3.176470588235294e-13
3.176470588235294e-13
3.176470588235294e-13
3.176470588235294e-13
3.176470588235294e-13
3.176470588235294e-13
3.176470588235294e-13
3.176470588235294e-13
3.176470588235294e-13
3.176470588235294e-13
3.176470588235294e-13
3.176470588235294e-13
3.176470588235294e-13
3.176470588235294e-13
3.176470588235294e-13
3.176470588235294e-13
3.176470588235294e-13
3.176470588235294e-13
3.176470588235294e-13
3.176470588235294e-13
3.176470588235294e-13
3.176470588235294e-13
3.176470588235294e-13
3.176470588235294e-13
3.176470588235294e-13
3.176470588235294e-13
3.176470588235294e-13
3.176470588235294e-13
3.176470588235294e-13
3.176470588235294e-13
3.176470588235294e-13
3.176470588235294e-13
3.176470588235294e-13
3.176470588235294e-13
3.176470588235294e-13
3.176470588235294e-13
3.176470588235294e-13
3.176470588235294e-13
3.176470588235294e-13
3.176470588235294e-13
3.176470588235294e-13
3.176470588235294e-13
3.176470588235294e-13
3.176470588235294e-13
3.176470588235294e-13
3.176470588235294e-13
3.176470588235294e-13
3.176470588235294e-13
3.177941176470588e-13
2.980748663101611e-13
1.0213903743315528e-13
1e-13
1e-13
1e-13
1e-13
1e-13
1e-13
1e-13
1e-13
1e-13
1e-13
1e-13
1e-13
1e-13
1e-13
1e-13
1e-13
1e-13
1e-13
1e-13
1e-13
1e-13
1e-13
1e-13
1e-13
1e-13
1e-13
1e-13
1e-13
1e-13
1e-13
1e-13
1e-13
1e-13
1e-13
1e-13
1e-13
1e-13
1e-13
1e-13
1e-13
1e-13
1e-13
1e-13
1e-13
1e-13
1e-13
1e-13
1e-13
1e-13
1e-13
1e-13
1e-13
1e-13
2.1695187165775404e-13
2.3764705882352945e-13
2.3764705882352945e-13
2.3764705882352945e-13
2.3764705882352945e-13
2.3764705882352945e-13
2.3764705882352945e-13
2.3764705882352945e-13
2.3764705882352945e-13
2.3764705882352945e-13
2.3764705882352945e-13
2.3764705882352945e-13
2.3764705882352945e-13
2.3764705882352945e-13
2.3764705882352945e-13
2.3764705882352945e-13
2.3771390374331557e-13
2.3764705882352945e-13
2.3764705882352945e-13
2.3764705882352945e-13
2.3764705882352945e-13
2.3764705882352945e-13
2.3764705882352945e-13
2.3764705882352945e-13
2.3764705882352945e-13
2.3764705882352945e-13
2.3764705882352945e-13
2.3764705882352945e-13
2.3764705882352945e-13
2.3764705882352945e-13
2.3764705882352945e-13
2.3764705882352945e-13
2.3764705882352945e-13
2.3764705882352945e-13
2.3764705882352945e-13
2.3764705882352945e-13
2.3764705882352945e-13
2.3764705882352945e-13
2.3764705882352945e-13
2.3764705882352945e-13
2.3764705882352945e-13
2.3764705882352945e-13
2.3764705882352945e-13
2.3764705882352945e-13
2.3764705882352945e-13
2.3764705882352945e-13
2.3764705882352945e-13
2.3764705882352945e-13
2.3764705882352945e-13
2.3764705882352945e-13
2.3764705882352945e-13
2.3764705882352945e-13
2.3764705882352945e-13
2.3647058823529413e-13
2.383823529411765e-13
1.7270053475935852e-13
1.5411764705882353e-13
1.5411764705882353e-13
1.5411764705882353e-13
1.5411764705882353e-13
1.5411764705882353e-13
1.5411764705882353e-13
1.5411764705882353e-13
1.5411764705882353e-13
1.5411764705882353e-13
1.548529411764706e-13
1.5411764705882353e-13
1.5411764705882353e-13
1.5411764705882353e-13
1.5411764705882353e-13
1.5411764705882353e-13
1.5411764705882353e-13
1.5411764705882353e-13
1.5411764705882353e-13
1.5411764705882353e-13
1.5411764705882353e-13
1.5411764705882353e-13
1.5411764705882353e-13
1.5411764705882353e-13
1.5411764705882353e-13
1.5411764705882353e-13
1.5411764705882353e-13
1.5411764705882353e-13
1.5411764705882353e-13
1.5411764705882353e-13
1.5411764705882353e-13
1.5411764705882353e-13
1.550355392156863e-13
1.5411764705882353e-13
1.55211564171123e-13
1.5411764705882353e-13
1.5411764705882353e-13
1.5411764705882353e-13
1.5411764705882353e-13
1.5411764705882353e-13
1.5411764705882353e-13
1.5411764705882353e-13
1.5411764705882353e-13
1.5411764705882353e-13
1.5411764705882353e-13
1.5529411764705885e-13
1.5411764705882353e-13
1.5411764705882353e-13
1.5411764705882353e-13
1.5411764705882353e-13
1.5411764705882353e-13
1.5411764705882353e-13
1.5411764705882353e-13
1.5529411764705885e-13
1.5323529411764707e-13
1.9486631016042715e-13
3.186497326203209e-13
3.176470588235294e-13
3.1656417112299473e-13
3.174197860962567e-13
3.176470588235294e-13
3.176470588235294e-13
3.176470588235294e-13
3.176470588235294e-13
3.176470588235294e-13
3.176470588235294e-13
3.176470588235294e-13
3.176470588235294e-13
3.176470588235294e-13
3.176470588235294e-13
3.176470588235294e-13
3.176470588235294e-13
3.176470588235294e-13
3.176470588235294e-13
3.176470588235294e-13
3.176470588235294e-13
3.176470588235294e-13
3.176470588235294e-13
3.176470588235294e-13
3.176470588235294e-13
3.176470588235294e-13
3.176470588235294e-13
3.176470588235294e-13
3.176470588235294e-13
3.176470588235294e-13
3.176470588235294e-13
3.176470588235294e-13
3.176470588235294e-13
3.176470588235294e-13
3.176470588235294e-13
3.176470588235294e-13
3.176470588235294e-13
3.176470588235294e-13
3.176470588235294e-13
3.176470588235294e-13
3.176470588235294e-13
3.176470588235294e-13
3.176470588235294e-13
3.176470588235294e-13
3.176470588235294e-13
3.176470588235294e-13
3.176470588235294e-13
3.176470588235294e-13
3.176470588235294e-13
3.176470588235294e-13
3.176470588235294e-13
3.176470588235294e-13
3.176470588235294e-13
3.176470588235294e-13
3.177941176470588e-13
2.980748663101611e-13
1.0213903743315528e-13
1e-13
1e-13
1e-13
1e-13
1e-13
1e-13
1e-13
1e-13
1e-13
1e-13
1e-13
1e-13
1e-13
1e-13
1e-13
1e-13
1e-13
1e-13
1e-13
1e-13
1e-13
1e-13
1e-13
1e-13
1e-13
1e-13
1e-13
1e-13
1e-13
1e-13
1e-13
1e-13
1e-13
1e-13
1e-13
1e-13
1e-13
1e-13
1e-13
1e-13
1e-13
1e-13
1e-13
1e-13
1e-13
1e-13
1e-13
1e-13
1e-13
1e-13
1e-13
1e-13
1e-13
2.1695187165775404e-13
2.3764705882352945e-13
2.3764705882352945e-13
2.3764705882352945e-13
2.3764705882352945e-13
2.378743315508022e-13
2.388235294117647e-13
2.388235294117647e-13
2.388235294117647e-13
2.388235294117647e-13
2.388235294117647e-13
2.388235294117647e-13
2.388235294117647e-13
2.3764705882352945e-13
2.3764705882352945e-13
2.3764705882352945e-13
2.3771390374331557e-13
2.3764705882352945e-13
2.3764705882352945e-13
2.3764705882352945e-13
2.3764705882352945e-13
2.3764705882352945e-13
2.3764705882352945e-13
2.3764705882352945e-13
2.3764705882352945e-13
2.3764705882352945e-13
2.3764705882352945e-13
2.3764705882352945e-13
2.3764705882352945e-13
2.388235294117647e-13
2.388235294117647e-13
2.388235294117647e-13
2.388235294117647e-13
2.388235294117647e-13
2.388235294117647e-13
2.388235294117647e-13
2.388235294117647e-13
2.388235294117647e-13
2.388235294117647e-13
2.388235294117647e-13
2.388235294117647e-13
2.388235294117647e-13
2.388235294117647e-13
2.388235294117647e-13
2.3764705882352945e-13
2.3764705882352945e-13
2.3764705882352945e-13
2.3764705882352945e-13
2.3764705882352945e-13
2.3764705882352945e-13
2.3764705882352945e-13
2.3764705882352945e-13
2.3764705882352945e-13
2.3647058823529413e-13
2.383823529411765e-13
1.7270053475935852e-13
1.5529411764705885e-13
1.5529411764705885e-13
1.5529411764705885e-13
1.5529411764705885e-13
1.5529411764705885e-13
1.5529411764705885e-13
1.5529411764705885e-13
1.5529411764705885e-13
1.5529411764705885e-13
1.5529411764705885e-13
1.5529411764705885e-13
1.5529411764705885e-13
1.5529411764705885e-13
1.5529411764705885e-13
1.5529411764705885e-13
1.5529411764705885e-13
1.5529411764705885e-13
1.5529411764705885e-13
1.5529411764705885e-13
1.5529411764705885e-13
1.5529411764705885e-13
1.5529411764705885e-13
1.5529411764705885e-13
1.5529411764705885e-13
1.5529411764705885e-13
1.5529411764705885e-13
1.5529411764705885e-13
1.5529411764705885e-13
1.5529411764705885e-13
1.5529411764705885e-13
1.5529411764705885e-13
1.5529411764705885e-13
1.5529411764705885e-13
1.5570855614973267e-13
1.5529411764705885e-13
1.5529411764705885e-13
1.5529411764705885e-13
1.5529411764705885e-13
1.5529411764705885e-13
1.5529411764705885e-13
1.5529411764705885e-13
1.5529411764705885e-13
1.5529411764705885e-13
1.5529411764705885e-13
1.5529411764705885e-13
1.5529411764705885e-13
1.5529411764705885e-13
1.5529411764705885e-13
1.5529411764705885e-13
1.5529411764705885e-13
1.5529411764705885e-13
1.5411764705882353e-13
1.5529411764705885e-13
1.5323529411764707e-13
1.9486631016042715e-13
3.186497326203209e-13
3.176470588235294e-13
3.1656417112299473e-13
3.174197860962567e-13
3.176470588235294e-13
3.176470588235294e-13
3.176470588235294e-13
3.176470588235294e-13
3.176470588235294e-13
3.176470588235294e-13
3.176470588235294e-13
3.176470588235294e-13
3.176470588235294e-13
3.176470588235294e-13
3.176470588235294e-13
3.176470588235294e-13
3.176470588235294e-13
3.176470588235294e-13
3.176470588235294e-13
3.176470588235294e-13
3.176470588235294e-13
3.176470588235294e-13
3.176470588235294e-13
3.176470588235294e-13
3.176470588235294e-13
3.176470588235294e-13
3.176470588235294e-13
3.176470588235294e-13
3.176470588235294e-13
3.176470588235294e-13
3.176470588235294e-13
3.176470588235294e-13
3.176470588235294e-13
3.176470588235294e-13
3.176470588235294e-13
3.176470588235294e-13
3.176470588235294e-13
3.176470588235294e-13
3.176470588235294e-13
3.176470588235294e-13
3.176470588235294e-13
3.176470588235294e-13
3.176470588235294e-13
3.176470588235294e-13
3.176470588235294e-13
3.176470588235294e-13
3.176470588235294e-13
3.176470588235294e-13
3.176470588235294e-13
3.176470588235294e-13
3.176470588235294e-13
3.176470588235294e-13
3.176470588235294e-13
3.177941176470588e-13
2.980748663101611e-13
1.0213903743315528e-13
1e-13
1e-13
1e-13
1e-13
1e-13
1e-13
1e-13
1e-13
1e-13
1e-13
1e-13
1e-13
1e-13
1e-13
1e-13
1e-13
1e-13
1e-13
1e-13
1e-13
1e-13
1e-13
1e-13
1e-13
1e-13
1e-13
1e-13
1e-13
1e-13
1e-13
1e-13
1e-13
1e-13
1e-13
1e-13
1e-13
1e-13
1e-13
1e-13
1e-13
1e-13
1e-13
1e-13
1e-13
1e-13
1e-13
1e-13
1e-13
1e-13
1e-13
1e-13
1e-13
1e-13
2.1695187165775404e-13
2.3764705882352945e-13
2.3764705882352945e-13
2.3764705882352945e-13
2.3764705882352945e-13
2.3764705882352945e-13
2.3764705882352945e-13
2.3764705882352945e-13
2.3764705882352945e-13
2.3764705882352945e-13
2.3764705882352945e-13
2.3764705882352945e-13
2.3764705882352945e-13
2.3764705882352945e-13
2.3764705882352945e-13
2.3764705882352945e-13
2.3771390374331557e-13
2.3764705882352945e-13
2.3764705882352945e-13
2.3764705882352945e-13
2.3764705882352945e-13
2.3764705882352945e-13
2.3764705882352945e-13
2.3764705882352945e-13
2.3764705882352945e-13
2.3764705882352945e-13
2.3764705882352945e-13
2.3764705882352945e-13
2.3764705882352945e-13
2.3764705882352945e-13
2.3764705882352945e-13
2.3764705882352945e-13
2.3764705882352945e-13
2.3764705882352945e-13
2.3764705882352945e-13
2.3764705882352945e-13
2.3764705882352945e-13
2.3764705882352945e-13
2.3764705882352945e-13
2.3764705882352945e-13
2.3764705882352945e-13
2.3764705882352945e-13
2.3764705882352945e-13
2.3764705882352945e-13
2.3764705882352945e-13
2.3764705882352945e-13
2.3764705882352945e-13
2.3764705882352945e-13
2.3764705882352945e-13
2.3764705882352945e-13
2.3764705882352945e-13
2.3764705882352945e-13
2.3764705882352945e-13
2.3647058823529413e-13
2.383823529411765e-13
1.7270053475935852e-13
1.5411764705882353e-13
1.5411764705882353e-13
1.5411764705882353e-13
1.5411764705882353e-13
1.5411764705882353e-13
1.5411764705882353e-13
1.5411764705882353e-13
1.5411764705882353e-13
1.5411764705882353e-13
1.548529411764706e-13
1.5411764705882353e-13
1.5411764705882353e-13
1.5411764705882353e-13
1.5411764705882353e-13
1.5411764705882353e-13
1.5411764705882353e-13
1.5411764705882353e-13
1.5411764705882353e-13
1.5411764705882353e-13
1.5411764705882353e-13
1.5411764705882353e-13
1.5411764705882353e-13
1.5411764705882353e-13
1.5411764705882353e-13
1.5411764705882353e-13
1.5411764705882353e-13
1.5411764705882353e-13
1.5411764705882353e-13
1.5411764705882353e-13
1.5411764705882353e-13
1.5411764705882353e-13
1.552169117647059e-13
1.5454311497326202e-13
1.5529411764705885e-13
1.5441610962566843e-13
1.5411764705882353e-13
1.5411764705882353e-13
1.5411764705882353e-13
1.5411764705882353e-13
1.5411764705882353e-13
1.5411764705882353e-13
1.5411764705882353e-13
1.5411764705882353e-13
1.5411764705882353e-13
1.5529411764705885e-13
1.5411764705882353e-13
1.5411764705882353e-13
1.5411764705882353e-13
1.5411764705882353e-13
1.5411764705882353e-13
1.5411764705882353e-13
1.5411764705882353e-13
1.5529411764705885e-13
1.5323529411764707e-13
1.9486631016042715e-13
3.186497326203209e-13
3.176470588235294e-13
3.1656417112299473e-13
3.174197860962567e-13
3.176470588235294e-13
3.176470588235294e-13
3.176470588235294e-13
3.176470588235294e-13
3.176470588235294e-13
3.176470588235294e-13
3.176470588235294e-13
3.176470588235294e-13
3.176470588235294e-13
3.176470588235294e-13
3.176470588235294e-13
3.176470588235294e-13
3.176470588235294e-13
3.176470588235294e-13
3.176470588235294e-13
3.176470588235294e-13
3.176470588235294e-13
3.176470588235294e-13
3.176470588235294e-13
3.176470588235294e-13
3.176470588235294e-13
3.176470588235294e-13
3.176470588235294e-13
3.176470588235294e-13
3.176470588235294e-13
3.176470588235294e-13
3.176470588235294e-13
3.176470588235294e-13
3.176470588235294e-13
3.176470588235294e-13
3.176470588235294e-13
3.176470588235294e-13
3.176470588235294e-13
3.176470588235294e-13
3.176470588235294e-13
3.176470588235294e-13
3.176470588235294e-13
3.176470588235294e-13
3.176470588235294e-13
3.176470588235294e-13
3.176470588235294e-13
3.176470588235294e-13
3.176470588235294e-13
3.176470588235294e-13
3.176470588235294e-13
3.176470588235294e-13
3.176470588235294e-13
3.176470588235294e-13
3.176470588235294e-13
3.177941176470588e-13
2.980748663101611e-13
1.0213903743315528e-13
1e-13
1e-13
1e-13
1e-13
1e-13
1e-13
1e-13
1e-13
1e-13
1e-13
1e-13
1e-13
1e-13
1e-13
1e-13
1e-13
1e-13
1e-13
1e-13
1e-13
1e-13
1e-13
1e-13
1e-13
1e-13
1e-13
1e-13
1e-13
1e-13
1e-13
1e-13
1e-13
1e-13
1e-13
1e-13
1e-13
1e-13
1e-13
1e-13
1e-13
1e-13
1e-13
1e-13
1e-13
1e-13
1e-13
1e-13
1e-13
1e-13
1e-13
1e-13
1e-13
1e-13
2.1695187165775404e-13
2.3764705882352945e-13
2.3764705882352945e-13
2.3764705882352945e-13
2.3764705882352945e-13
2.3764705882352945e-13
2.3764705882352945e-13
2.3764705882352945e-13
2.3764705882352945e-13
2.3764705882352945e-13
2.3764705882352945e-13
2.3764705882352945e-13
2.3764705882352945e-13
2.3764705882352945e-13
2.3764705882352945e-13
2.3764705882352945e-13
2.3771390374331557e-13
2.3764705882352945e-13
2.3764705882352945e-13
2.3764705882352945e-13
2.3764705882352945e-13
2.3764705882352945e-13
2.3764705882352945e-13
2.3764705882352945e-13
2.3764705882352945e-13
2.3764705882352945e-13
2.3764705882352945e-13
2.3764705882352945e-13
2.3764705882352945e-13
2.3764705882352945e-13
2.3764705882352945e-13
2.3764705882352945e-13
2.3764705882352945e-13
2.3764705882352945e-13
2.3764705882352945e-13
2.3764705882352945e-13
2.3764705882352945e-13
2.3764705882352945e-13
2.3764705882352945e-13
2.3764705882352945e-13
2.3764705882352945e-13
2.3764705882352945e-13
2.3764705882352945e-13
2.3764705882352945e-13
2.3764705882352945e-13
2.3764705882352945e-13
2.3764705882352945e-13
2.3764705882352945e-13
2.3764705882352945e-13
2.3764705882352945e-13
2.3764705882352945e-13
2.3764705882352945e-13
2.3764705882352945e-13
2.3647058823529413e-13
2.383823529411765e-13
1.7270053475935852e-13
1.5411764705882353e-13
1.5411764705882353e-13
1.5411764705882353e-13
1.5411764705882353e-13
1.5411764705882353e-13
1.5411764705882353e-13
1.5411764705882353e-13
1.5411764705882353e-13
1.5411764705882353e-13
1.548529411764706e-13
1.5411764705882353e-13
1.5411764705882353e-13
1.5411764705882353e-13
1.5411764705882353e-13
1.5411764705882353e-13
1.5411764705882353e-13
1.5411764705882353e-13
1.5411764705882353e-13
1.5411764705882353e-13
1.5411764705882353e-13
1.5411764705882353e-13
1.5411764705882353e-13
1.5411764705882353e-13
1.5411764705882353e-13
1.5411764705882353e-13
1.5411764705882353e-13
1.5411764705882353e-13
1.5411764705882353e-13
1.5411764705882353e-13
1.5411764705882353e-13
1.5411764705882353e-13
1.5428063725490197e-13
1.5411764705882353e-13
1.5453208556149735e-13
1.5411764705882353e-13
1.5411764705882353e-13
1.5411764705882353e-13
1.5411764705882353e-13
1.5411764705882353e-13
1.5411764705882353e-13
1.5411764705882353e-13
1.5411764705882353e-13
1.5411764705882353e-13
1.5411764705882353e-13
1.5529411764705885e-13
1.5411764705882353e-13
1.5411764705882353e-13
1.5411764705882353e-13
1.5411764705882353e-13
1.5411764705882353e-13
1.5411764705882353e-13
1.5411764705882353e-13
1.5529411764705885e-13
1.5323529411764707e-13
1.9486631016042715e-13
3.186497326203209e-13
3.176470588235294e-13
3.1656417112299473e-13
3.174197860962567e-13
3.176470588235294e-13
3.176470588235294e-13
3.176470588235294e-13
3.176470588235294e-13
3.176470588235294e-13
3.176470588235294e-13
3.176470588235294e-13
3.176470588235294e-13
3.176470588235294e-13
3.176470588235294e-13
3.176470588235294e-13
3.176470588235294e-13
3.176470588235294e-13
3.176470588235294e-13
3.176470588235294e-13
3.176470588235294e-13
3.176470588235294e-13
3.176470588235294e-13
3.176470588235294e-13
3.176470588235294e-13
3.176470588235294e-13
3.176470588235294e-13
3.176470588235294e-13
3.176470588235294e-13
3.176470588235294e-13
3.176470588235294e-13
3.176470588235294e-13
3.176470588235294e-13
3.176470588235294e-13
3.176470588235294e-13
3.176470588235294e-13
3.176470588235294e-13
3.176470588235294e-13
3.176470588235294e-13
3.176470588235294e-13
3.176470588235294e-13
3.176470588235294e-13
3.176470588235294e-13
3.176470588235294e-13
3.176470588235294e-13
3.176470588235294e-13
3.176470588235294e-13
3.176470588235294e-13
3.176470588235294e-13
3.176470588235294e-13
3.176470588235294e-13
3.176470588235294e-13
3.176470588235294e-13
3.176470588235294e-13
3.177941176470588e-13
2.980748663101611e-13
1.0213903743315528e-13
1e-13
1e-13
1e-13
1e-13
1e-13
1e-13
1e-13
1e-13
1e-13
1e-13
1e-13
1e-13
1e-13
1e-13
1e-13
1e-13
1e-13
1e-13
1e-13
1e-13
1e-13
1e-13
1e-13
1e-13
1e-13
1e-13
1e-13
1e-13
1e-13
1e-13
1e-13
1e-13
1e-13
1e-13
1e-13
1e-13
1e-13
1e-13
1e-13
1e-13
1e-13
1e-13
1e-13
1e-13
1e-13
1e-13
1e-13
1e-13
1e-13
1e-13
1e-13
1e-13
1e-13
2.1695187165775404e-13
2.3764705882352945e-13
2.3764705882352945e-13
2.3764705882352945e-13
2.3764705882352945e-13
2.3764705882352945e-13
2.3764705882352945e-13
2.3764705882352945e-13
2.3764705882352945e-13
2.3764705882352945e-13
2.3764705882352945e-13
2.3764705882352945e-13
2.3764705882352945e-13
2.3764705882352945e-13
2.3764705882352945e-13
2.3764705882352945e-13
2.3771390374331557e-13
2.3764705882352945e-13
2.3764705882352945e-13
2.3764705882352945e-13
2.3764705882352945e-13
2.3764705882352945e-13
2.3764705882352945e-13
2.3764705882352945e-13
2.3764705882352945e-13
2.3764705882352945e-13
2.3764705882352945e-13
2.3764705882352945e-13
2.3764705882352945e-13
2.3764705882352945e-13
2.3764705882352945e-13
2.3764705882352945e-13
2.3764705882352945e-13
2.3764705882352945e-13
2.3764705882352945e-13
2.3764705882352945e-13
2.3764705882352945e-13
2.3764705882352945e-13
2.3764705882352945e-13
2.3764705882352945e-13
2.3764705882352945e-13
2.3764705882352945e-13
2.3764705882352945e-13
2.3764705882352945e-13
2.3764705882352945e-13
2.3764705882352945e-13
2.3764705882352945e-13
2.3764705882352945e-13
2.3764705882352945e-13
2.3764705882352945e-13
2.3764705882352945e-13
2.3764705882352945e-13
2.3764705882352945e-13
2.3647058823529413e-13
2.383823529411765e-13
1.7270053475935852e-13
1.5411764705882353e-13
1.5411764705882353e-13
1.5411764705882353e-13
1.5411764705882353e-13
1.5411764705882353e-13
1.5411764705882353e-13
1.5411764705882353e-13
1.5411764705882353e-13
1.5411764705882353e-13
1.548529411764706e-13
1.5411764705882353e-13
1.5411764705882353e-13
1.5411764705882353e-13
1.5411764705882353e-13
1.5411764705882353e-13
1.5411764705882353e-13
1.5411764705882353e-13
1.5411764705882353e-13
1.5411764705882353e-13
1.5411764705882353e-13
1.5411764705882353e-13
1.5411764705882353e-13
1.5411764705882353e-13
1.5411764705882353e-13
1.5411764705882353e-13
1.5411764705882353e-13
1.5411764705882353e-13
1.5411764705882353e-13
1.5411764705882353e-13
1.5411764705882353e-13
1.5411764705882353e-13
1.5517034313725494e-13
1.542594696969697e-13
1.5529411764705885e-13
1.5421713458110516e-13
1.5411764705882353e-13
1.5411764705882353e-13
1.5411764705882353e-13
1.5411764705882353e-13
1.5411764705882353e-13
1.5411764705882353e-13
1.5411764705882353e-13
1.5411764705882353e-13
1.5411764705882353e-13
1.5529411764705885e-13
1.5411764705882353e-13
1.5411764705882353e-13
1.5411764705882353e-13
1.5411764705882353e-13
1.5411764705882353e-13
1.5411764705882353e-13
1.5411764705882353e-13
1.5529411764705885e-13
1.5323529411764707e-13
1.9486631016042715e-13
3.186497326203209e-13
3.176470588235294e-13
3.1656417112299473e-13
3.174197860962567e-13
3.176470588235294e-13
3.176470588235294e-13
3.176470588235294e-13
3.176470588235294e-13
3.176470588235294e-13
3.176470588235294e-13
3.176470588235294e-13
3.176470588235294e-13
3.176470588235294e-13
3.176470588235294e-13
3.176470588235294e-13
3.176470588235294e-13
3.176470588235294e-13
3.176470588235294e-13
3.176470588235294e-13
3.176470588235294e-13
3.176470588235294e-13
3.176470588235294e-13
3.176470588235294e-13
3.176470588235294e-13
3.176470588235294e-13
3.176470588235294e-13
3.176470588235294e-13
3.176470588235294e-13
3.176470588235294e-13
3.176470588235294e-13
3.176470588235294e-13
3.176470588235294e-13
3.176470588235294e-13
3.176470588235294e-13
3.176470588235294e-13
3.176470588235294e-13
3.176470588235294e-13
3.176470588235294e-13
3.176470588235294e-13
3.176470588235294e-13
3.176470588235294e-13
3.176470588235294e-13
3.176470588235294e-13
3.176470588235294e-13
3.176470588235294e-13
3.176470588235294e-13
3.176470588235294e-13
3.176470588235294e-13
3.176470588235294e-13
3.176470588235294e-13
3.176470588235294e-13
3.176470588235294e-13
3.176470588235294e-13
3.177941176470588e-13
2.980748663101611e-13
1.0213903743315528e-13
1e-13
1e-13
1e-13
1e-13
1e-13
1e-13
1e-13
1e-13
1e-13
1e-13
1e-13
1e-13
1e-13
1e-13
1e-13
1e-13
1e-13
1e-13
1e-13
1e-13
1e-13
1e-13
1e-13
1e-13
1e-13
1e-13
1e-13
1e-13
1e-13
1e-13
1e-13
1e-13
1e-13
1e-13
1e-13
1e-13
1e-13
1e-13
1e-13
1e-13
1e-13
1e-13
1e-13
1e-13
1e-13
1e-13
1e-13
1e-13
1e-13
1e-13
1.0006316844919786e-13
1.0063101604278075e-13
1.0055882352941177e-13
2.1515775401069521e-13
2.378646390374332e-13
2.3764705882352945e-13
2.3764705882352945e-13
2.3764705882352945e-13
2.378743315508022e-13
2.388235294117647e-13
2.388235294117647e-13
2.388235294117647e-13
2.3764705882352945e-13
2.3764705882352945e-13
2.3764705882352945e-13
2.3764705882352945e-13
2.3764705882352945e-13
2.3764705882352945e-13
2.3764705882352945e-13
2.3764705882352945e-13
2.3764705882352945e-13
2.3764705882352945e-13
2.3764705882352945e-13
2.3764705882352945e-13
2.3764705882352945e-13
2.3764705882352945e-13
2.3764705882352945e-13
2.3764705882352945e-13
2.3764705882352945e-13
2.3764705882352945e-13
2.3764705882352945e-13
2.3764705882352945e-13
2.3764705882352945e-13
2.3764705882352945e-13
2.3764705882352945e-13
2.3764705882352945e-13
2.3764705882352945e-13
2.3764705882352945e-13
2.3764705882352945e-13
2.3764705882352945e-13
2.3764705882352945e-13
2.3764705882352945e-13
2.3764705882352945e-13
2.3764705882352945e-13
2.3764705882352945e-13
2.3764705882352945e-13
2.3764705882352945e-13
2.3764705882352945e-13
2.3764705882352945e-13
2.3764705882352945e-13
2.3764705882352945e-13
2.3764705882352945e-13
2.3764705882352945e-13
2.3764705882352945e-13
2.3764705882352945e-13
2.3699699197860966e-13
2.3711931818181816e-13
2.3982720588235295e-13
1.7267045454545475e-13
1.5529411764705885e-13
1.5529411764705885e-13
1.5529411764705885e-13
1.5529411764705885e-13
1.5529411764705885e-13
1.5529411764705885e-13
1.5529411764705885e-13
1.5529411764705885e-13
1.5529411764705885e-13
1.5529411764705885e-13
1.5529411764705885e-13
1.5529411764705885e-13
1.5529411764705885e-13
1.5529411764705885e-13
1.5529411764705885e-13
1.5529411764705885e-13
1.5529411764705885e-13
1.5529411764705885e-13
1.5529411764705885e-13
1.5529411764705885e-13
1.5529411764705885e-13
1.5529411764705885e-13
1.5529411764705885e-13
1.5529411764705885e-13
1.5529411764705885e-13
1.5529411764705885e-13
1.5529411764705885e-13
1.5529411764705885e-13
1.5529411764705885e-13
1.5529411764705885e-13
1.5529411764705885e-13
1.5529411764705885e-13
1.5529411764705885e-13
1.5529411764705885e-13
1.5529411764705885e-13
1.5529411764705885e-13
1.5529411764705885e-13
1.5529411764705885e-13
1.5529411764705885e-13
1.5529411764705885e-13
1.5529411764705885e-13
1.5529411764705885e-13
1.5529411764705885e-13
1.5529411764705885e-13
1.5529411764705885e-13
1.5529411764705885e-13
1.5529411764705885e-13
1.5529411764705885e-13
1.5529411764705885e-13
1.5529411764705885e-13
1.5445187165775405e-13
1.5566610962566845e-13
1.5560995989304814e-13
1.536764705882353e-13
1.9354110962566777e-13
3.187409759358289e-13
3.1591410427807484e-13
3.1651971925133697e-13
3.174197860962567e-13
3.176470588235294e-13
3.176470588235294e-13
3.176470588235294e-13
3.176470588235294e-13
3.176470588235294e-13
3.176470588235294e-13
3.176470588235294e-13
3.176470588235294e-13
3.176470588235294e-13
3.176470588235294e-13
3.176470588235294e-13
3.176470588235294e-13
3.176470588235294e-13
3.176470588235294e-13
3.176470588235294e-13
3.176470588235294e-13
3.176470588235294e-13
3.176470588235294e-13
3.176470588235294e-13
3.176470588235294e-13
3.176470588235294e-13
3.176470588235294e-13
3.176470588235294e-13
3.176470588235294e-13
3.176470588235294e-13
3.176470588235294e-13
3.176470588235294e-13
3.176470588235294e-13
3.176470588235294e-13
3.176470588235294e-13
3.176470588235294e-13
3.176470588235294e-13
3.176470588235294e-13
3.176470588235294e-13
3.176470588235294e-13
3.176470588235294e-13
3.176470588235294e-13
3.176470588235294e-13
3.176470588235294e-13
3.176470588235294e-13
3.176470588235294e-13
3.176470588235294e-13
3.176470588235294e-13
3.176470588235294e-13
3.176470588235294e-13
3.176470588235294e-13
3.1676905080213904e-13
3.172326203208556e-13
3.1647058823529414e-13
3.177941176470588e-13
2.986336898395729e-13
1.0257754010695205e-13
1.0013335561497329e-13
1e-13
1e-13
1e-13
1e-13
1e-13
1e-13
1e-13
1e-13
1e-13
1e-13
1e-13
1e-13
1e-13
1e-13
1e-13
1e-13
1e-13
1e-13
1e-13
1e-13
1e-13
1e-13
1e-13
1e-13
1e-13
1e-13
1e-13
1e-13
1e-13
1e-13
1e-13
1e-13
1e-13
1e-13
1e-13
1e-13
1e-13
1e-13
1e-13
1e-13
1e-13
1e-13
1e-13
1e-13
1e-13
1.002737299465241e-13
1e-13
1e-13
1e-13
1e-13
1e-13
1e-13
2.1723262032085564e-13
2.396418226381462e-13
2.390686274509804e-13
2.390686274509804e-13
2.390686274509804e-13
2.393137254901961e-13
2.393137254901961e-13
2.393137254901961e-13
2.393137254901961e-13
2.391326871657754e-13
2.390686274509804e-13
2.390686274509804e-13
2.390686274509804e-13
2.390686274509804e-13
2.390686274509804e-13
2.390686274509804e-13
2.390686274509804e-13
2.390686274509804e-13
2.390686274509804e-13
2.390686274509804e-13
2.390686274509804e-13
2.390686274509804e-13
2.390686274509804e-13
2.390686274509804e-13
2.390686274509804e-13
2.390686274509804e-13
2.390686274509804e-13
2.390686274509804e-13
2.390686274509804e-13
2.390686274509804e-13
2.390686274509804e-13
2.390686274509804e-13
2.390686274509804e-13
2.390686274509804e-13
2.390686274509804e-13
2.390686274509804e-13
2.390686274509804e-13
2.390686274509804e-13
2.390686274509804e-13
2.390686274509804e-13
2.390686274509804e-13
2.390686274509804e-13
2.390686274509804e-13
2.390686274509804e-13
2.390686274509804e-13
2.390686274509804e-13
2.390686274509804e-13
2.390686274509804e-13
2.390686274509804e-13
2.390686274509804e-13
2.390686274509804e-13
2.390686274509804e-13
2.388235294117647e-13
2.390686274509804e-13
2.4120710784313727e-13
1.7079712566844945e-13
1.5034313725490196e-13
1.5034313725490196e-13
1.5034313725490196e-13
1.5034313725490196e-13
1.5034313725490196e-13
1.5034313725490196e-13
1.5034313725490196e-13
1.5034313725490196e-13
1.5034313725490196e-13
1.5034313725490196e-13
1.5034313725490196e-13
1.5034313725490196e-13
1.5034313725490196e-13
1.5034313725490196e-13
1.5034313725490196e-13
1.5034313725490196e-13
1.5034313725490196e-13
1.5034313725490196e-13
1.5034313725490196e-13
1.5034313725490196e-13
1.5034313725490196e-13
1.5034313725490196e-13
1.5034313725490196e-13
1.5034313725490196e-13
1.5034313725490196e-13
1.5034313725490196e-13
1.5034313725490196e-13
1.5034313725490196e-13
1.5034313725490196e-13
1.5034313725490196e-13
1.5034313725490196e-13
1.5034313725490196e-13
1.5034313725490196e-13
1.5034313725490196e-13
1.5034313725490196e-13
1.5034313725490196e-13
1.5034313725490196e-13
1.5034313725490196e-13
1.5034313725490196e-13
1.5034313725490196e-13
1.5034313725490196e-13
1.5034313725490196e-13
1.5034313725490196e-13
1.5034313725490196e-13
1.5034313725490196e-13
1.5034313725490196e-13
1.5034313725490196e-13
1.5034313725490196e-13
1.5034313725490196e-13
1.5034313725490196e-13
1.5034313725490196e-13
1.4916666666666667e-13
1.5034313725490196e-13
1.5028799019607844e-13
1.9202205882352865e-13
3.236007130124778e-13
3.2053030303030304e-13
3.2174075311942974e-13
3.2142156862745106e-13
3.2142156862745106e-13
3.2142156862745106e-13
3.2142156862745106e-13
3.2150790998217477e-13
3.2166666666666674e-13
3.2166666666666674e-13
3.2166666666666674e-13
3.2144663547237083e-13
3.2142156862745106e-13
3.2142156862745106e-13
3.2142156862745106e-13
3.2142156862745106e-13
3.2142156862745106e-13
3.2142156862745106e-13
3.2142156862745106e-13
3.2142156862745106e-13
3.2142156862745106e-13
3.2142156862745106e-13
3.2142156862745106e-13
3.2142156862745106e-13
3.2142156862745106e-13
3.2142156862745106e-13
3.2142156862745106e-13
3.2142156862745106e-13
3.2142156862745106e-13
3.2142156862745106e-13
3.2142156862745106e-13
3.2142156862745106e-13
3.2142156862745106e-13
3.2142156862745106e-13
3.2142156862745106e-13
3.2142156862745106e-13
3.2142156862745106e-13
3.2142156862745106e-13
3.2142156862745106e-13
3.2142156862745106e-13
3.2142156862745106e-13
3.2142156862745106e-13
3.2142156862745106e-13
3.2142156862745106e-13
3.2142156862745106e-13
3.2142156862745106e-13
3.2142156862745106e-13
3.2142156862745106e-13
3.2142156862745106e-13
3.2142156862745106e-13
3.2246713458110525e-13
3.225980392156863e-13
3.2241143048128345e-13
3.2274509803921573e-13
3.0298852495543747e-13
1.0216856060606077e-13
1.0068237522281643e-13
1.0125724153297684e-13
1.002450980392157e-13
1.002450980392157e-13
1.002450980392157e-13
1.002450980392157e-13
1.002450980392157e-13
1.002450980392157e-13
1.002450980392157e-13
1.002450980392157e-13
1.002450980392157e-13
1.002450980392157e-13
1.002450980392157e-13
1.002450980392157e-13
1.002450980392157e-13
1.002450980392157e-13
1.002450980392157e-13
1.002450980392157e-13
1.002450980392157e-13
1.002450980392157e-13
1.002450980392157e-13
1.002450980392157e-13
1.002450980392157e-13
1.002450980392157e-13
1.002450980392157e-13
1.002450980392157e-13
1.002450980392157e-13
1.002450980392157e-13
1.002450980392157e-13
1.002450980392157e-13
1.002450980392157e-13
1.002450980392157e-13
1.002450980392157e-13
1.002450980392157e-13
1.002450980392157e-13
1.002450980392157e-13
1.002450980392157e-13
1.002450980392157e-13
1.002450980392157e-13
1.002450980392157e-13
1.002450980392157e-13
1.002450980392157e-13
1.002450980392157e-13
1.002450980392157e-13
1.002450980392157e-13
1.002450980392157e-13
1.0103665329768265e-13
1e-13
1e-13
1e-13
1e-13
1e-13
1e-13
1.441469474153298e-13
1.523992869875223e-13
1.528137254901961e-13
1.528137254901961e-13
1.528137254901961e-13
1.5268627450980395e-13
1.5268627450980395e-13
1.5268627450980395e-13
1.5268627450980395e-13
1.528137254901961e-13
1.528137254901961e-13
1.528137254901961e-13
1.528137254901961e-13
1.528137254901961e-13
1.528137254901961e-13
1.528137254901961e-13
1.528137254901961e-13
1.5299253565062392e-13
1.535647281639929e-13
1.53230949197861e-13
1.5332631461675582e-13
1.528137254901961e-13
1.528137254901961e-13
1.528137254901961e-13
1.528137254901961e-13
1.528137254901961e-13
1.528137254901961e-13
1.528137254901961e-13
1.528137254901961e-13
1.528137254901961e-13
1.5349320409982177e-13
1.528137254901961e-13
1.5371568627450984e-13
1.5163725490196081e-13
1.5163725490196081e-13
1.5163725490196081e-13
1.527717245989305e-13
1.528137254901961e-13
1.528137254901961e-13
1.528137254901961e-13
1.528137254901961e-13
1.528137254901961e-13
1.528137254901961e-13
1.528137254901961e-13
1.528137254901961e-13
1.528137254901961e-13
1.528137254901961e-13
1.528137254901961e-13
1.5268627450980395e-13
1.528137254901961e-13
1.5280358734402853e-13
1.528137254901961e-13
1.528137254901961e-13
1.523454768270945e-13
1.5048039215686277e-13
2.8127551247771795e-13
3.2038235294117647e-13
3.2038235294117647e-13
3.2038235294117647e-13
3.2038235294117647e-13
3.2038235294117647e-13
3.2038235294117647e-13
3.2038235294117647e-13
3.2038235294117647e-13
3.2038235294117647e-13
3.2038235294117647e-13
3.2038235294117647e-13
3.2038235294117647e-13
3.2038235294117647e-13
3.2038235294117647e-13
3.2038235294117647e-13
3.2038235294117647e-13
3.2038235294117647e-13
3.2038235294117647e-13
3.2038235294117647e-13
3.2038235294117647e-13
3.2038235294117647e-13
3.2038235294117647e-13
3.2038235294117647e-13
3.2038235294117647e-13
3.2038235294117647e-13
3.2038235294117647e-13
3.2038235294117647e-13
3.2038235294117647e-13
3.2038235294117647e-13
3.2038235294117647e-13
3.2038235294117647e-13
3.2038235294117647e-13
3.2038235294117647e-13
3.2038235294117647e-13
3.2038235294117647e-13
3.2038235294117647e-13
3.2038235294117647e-13
3.2038235294117647e-13
3.2038235294117647e-13
3.2038235294117647e-13
3.2038235294117647e-13
3.2038235294117647e-13
3.2038235294117647e-13
3.2038235294117647e-13
3.2038235294117647e-13
3.2038235294117647e-13
3.2038235294117647e-13
3.2038235294117647e-13
3.2038235294117647e-13
3.2038235294117647e-13
3.2038235294117647e-13
3.2038235294117647e-13
3.197807486631016e-13
3.208235294117647e-13
2.635373217468815e-13
1e-13
1e-13
1e-13
1e-13
1e-13
1e-13
1e-13
1e-13
1e-13
1e-13
1e-13
1e-13
1e-13
1e-13
1e-13
1e-13
1e-13
1e-13
1e-13
1e-13
1e-13
1e-13
1e-13
1e-13
1e-13
1e-13
1e-13
1e-13
1e-13
1e-13
1e-13
1e-13
1e-13
1e-13
1e-13
1e-13
1e-13
1e-13
1e-13
1e-13
1e-13
1e-13
1e-13
1e-13
1e-13
1e-13
1e-13
1e-13
1e-13
1e-13
1e-13
1e-13
1e-13
1e-13
1.0834904188948265e-13
2.3967346256684477e-13
2.414322638146167e-13
2.39078431372549e-13
2.398609625668448e-13
2.403823529411764e-13
2.403823529411764e-13
2.403823529411764e-13
2.3920588235294113e-13
2.3920588235294113e-13
2.3920588235294113e-13
2.3920588235294113e-13
2.3957542335115864e-13
2.3920588235294113e-13
2.3920588235294113e-13
2.3952774064171113e-13
2.403823529411764e-13
2.403823529411764e-13
2.403823529411764e-13
2.403823529411764e-13
2.3920588235294113e-13
2.395992647058823e-13
2.3920588235294113e-13
2.402549019607843e-13
2.3920588235294113e-13
2.3920588235294113e-13
2.3920588235294113e-13
2.3920588235294113e-13
2.403823529411764e-13
2.403823529411764e-13
2.403823529411764e-13
2.39807486631016e-13
2.3920588235294113e-13
2.3920588235294113e-13
2.3920588235294113e-13
2.3924598930481275e-13
2.403823529411764e-13
2.403823529411764e-13
2.403823529411764e-13
2.3920588235294113e-13
2.3920588235294113e-13
2.3920588235294113e-13
2.3920588235294113e-13
2.4025122549019606e-13
2.403823529411764e-13
2.393333333333333e-13
2.403823529411764e-13
2.403823529411764e-13
2.380858957219251e-13
1e-13
1e-13
1e-13
1e-13
1e-13
1e-13
1.454812834224599e-13
1.5411764705882353e-13
1.5411764705882353e-13
1.5411764705882353e-13
1.5411764705882353e-13
1.5411764705882353e-13
1.5411764705882353e-13
1.5411764705882353e-13
1.5411764705882353e-13
1.5411764705882353e-13
1.5411764705882353e-13
1.5411764705882353e-13
1.5411764705882353e-13
1.5411764705882353e-13
1.5411764705882353e-13
1.5411764705882353e-13
1.5411764705882353e-13
1.5473295454545455e-13
1.5447560160427807e-13
1.5431651069518717e-13
1.5494819518716578e-13
1.5411764705882353e-13
1.5411764705882353e-13
1.5411764705882353e-13
1.5411764705882353e-13
1.5411764705882353e-13
1.5411764705882353e-13
1.5411764705882353e-13
1.5411764705882353e-13
1.5411764705882353e-13
1.5487967914438505e-13
1.5411764705882353e-13
1.5411764705882353e-13
1.5411764705882353e-13
1.5411764705882353e-13
1.5411764705882353e-13
1.5411764705882353e-13
1.5411764705882353e-13
1.5411764705882353e-13
1.5411764705882353e-13
1.5411764705882353e-13
1.5411764705882353e-13
1.5411764705882353e-13
1.5411764705882353e-13
1.5411764705882353e-13
1.5411764705882353e-13
1.5411764705882353e-13
1.5411764705882353e-13
1.5411764705882353e-13
1.5411764705882353e-13
1.5411764705882353e-13
1.5411764705882353e-13
1.5411764705882353e-13
1.5411764705882353e-13
1.5191176470588235e-13
2.793048128342242e-13
3.176470588235294e-13
3.176470588235294e-13
3.176470588235294e-13
3.176470588235294e-13
3.176470588235294e-13
3.176470588235294e-13
3.176470588235294e-13
3.176470588235294e-13
3.176470588235294e-13
3.176470588235294e-13
3.176470588235294e-13
3.176470588235294e-13
3.176470588235294e-13
3.176470588235294e-13
3.176470588235294e-13
3.176470588235294e-13
3.176470588235294e-13
3.176470588235294e-13
3.176470588235294e-13
3.176470588235294e-13
3.176470588235294e-13
3.176470588235294e-13
3.176470588235294e-13
3.176470588235294e-13
3.176470588235294e-13
3.176470588235294e-13
3.176470588235294e-13
3.176470588235294e-13
3.176470588235294e-13
3.176470588235294e-13
3.176470588235294e-13
3.176470588235294e-13
3.176470588235294e-13
3.176470588235294e-13
3.176470588235294e-13
3.176470588235294e-13
3.176470588235294e-13
3.176470588235294e-13
3.176470588235294e-13
3.176470588235294e-13
3.176470588235294e-13
3.176470588235294e-13
3.176470588235294e-13
3.176470588235294e-13
3.176470588235294e-13
3.176470588235294e-13
3.176470588235294e-13
3.176470588235294e-13
3.176470588235294e-13
3.176470588235294e-13
3.176470588235294e-13
3.176470588235294e-13
3.176470588235294e-13
3.1808823529411767e-13
2.625133689839582e-13
1e-13
1e-13
1e-13
1e-13
1e-13
1e-13
1e-13
1e-13
1e-13
1e-13
1e-13
1e-13
1e-13
1e-13
1e-13
1e-13
1e-13
1e-13
1e-13
1e-13
1e-13
1e-13
1e-13
1e-13
1e-13
1e-13
1e-13
1e-13
1e-13
1e-13
1e-13
1e-13
1e-13
1e-13
1e-13
1e-13
1e-13
1e-13
1e-13
1e-13
1e-13
1e-13
1e-13
1e-13
1e-13
1e-13
1e-13
1e-13
1e-13
1e-13
1e-13
1e-13
1e-13
1e-13
1.110695187165771e-13
2.381016042780747e-13
2.3764705882352945e-13
2.3764705882352945e-13
2.3764705882352945e-13
2.3764705882352945e-13
2.3764705882352945e-13
2.388235294117647e-13
2.3764705882352945e-13
2.3764705882352945e-13
2.3764705882352945e-13
2.3764705882352945e-13
2.3764705882352945e-13
2.3647058823529413e-13
2.3764705882352945e-13
2.3764705882352945e-13
2.3764705882352945e-13
2.3764705882352945e-13
2.3764705882352945e-13
2.3764705882352945e-13
2.3764705882352945e-13
2.3764705882352945e-13
2.3764705882352945e-13
2.3764705882352945e-13
2.3764705882352945e-13
2.3764705882352945e-13
2.3764705882352945e-13
2.3764705882352945e-13
2.3764705882352945e-13
2.3764705882352945e-13
2.3764705882352945e-13
2.3764705882352945e-13
2.3764705882352945e-13
2.3764705882352945e-13
2.3764705882352945e-13
2.3764705882352945e-13
2.3764705882352945e-13
2.3764705882352945e-13
2.3764705882352945e-13
2.3764705882352945e-13
2.3764705882352945e-13
2.3764705882352945e-13
2.3764705882352945e-13
2.3756250000000003e-13
2.3764705882352945e-13
2.365217245989305e-13
2.3764705882352945e-13
2.3764705882352945e-13
2.3647058823529413e-13
1e-13
1e-13
1e-13
1e-13
1e-13
1e-13
1.454812834224599e-13
1.5529411764705885e-13
1.5529411764705885e-13
1.5529411764705885e-13
1.5529411764705885e-13
1.5529411764705885e-13
1.5529411764705885e-13
1.5529411764705885e-13
1.5529411764705885e-13
1.5529411764705885e-13
1.5529411764705885e-13
1.5529411764705885e-13
1.5529411764705885e-13
1.5529411764705885e-13
1.5529411764705885e-13
1.5529411764705885e-13
1.5529411764705885e-13
1.5529411764705885e-13
1.5529411764705885e-13
1.5529411764705885e-13
1.5529411764705885e-13
1.5529411764705885e-13
1.5529411764705885e-13
1.5529411764705885e-13
1.5529411764705885e-13
1.5529411764705885e-13
1.5529411764705885e-13
1.5529411764705885e-13
1.5529411764705885e-13
1.5529411764705885e-13
1.5529411764705885e-13
1.5529411764705885e-13
1.5529411764705885e-13
1.5529411764705885e-13
1.5529411764705885e-13
1.5529411764705885e-13
1.5529411764705885e-13
1.5529411764705885e-13
1.5529411764705885e-13
1.5529411764705885e-13
1.5529411764705885e-13
1.5529411764705885e-13
1.5529411764705885e-13
1.5529411764705885e-13
1.5529411764705885e-13
1.5529411764705885e-13
1.5529411764705885e-13
1.5529411764705885e-13
1.5529411764705885e-13
1.5529411764705885e-13
1.5529411764705885e-13
1.5529411764705885e-13
1.542914438502674e-13
1.5411764705882353e-13
1.5191176470588235e-13
2.793048128342242e-13
3.176470588235294e-13
3.176470588235294e-13
3.176470588235294e-13
3.176470588235294e-13
3.176470588235294e-13
3.176470588235294e-13
3.176470588235294e-13
3.176470588235294e-13
3.176470588235294e-13
3.176470588235294e-13
3.176470588235294e-13
3.176470588235294e-13
3.176470588235294e-13
3.176470588235294e-13
3.176470588235294e-13
3.176470588235294e-13
3.176470588235294e-13
3.176470588235294e-13
3.176470588235294e-13
3.176470588235294e-13
3.176470588235294e-13
3.176470588235294e-13
3.176470588235294e-13
3.176470588235294e-13
3.176470588235294e-13
3.176470588235294e-13
3.176470588235294e-13
3.176470588235294e-13
3.176470588235294e-13
3.176470588235294e-13
3.176470588235294e-13
3.176470588235294e-13
3.176470588235294e-13
3.176470588235294e-13
3.176470588235294e-13
3.176470588235294e-13
3.176470588235294e-13
3.176470588235294e-13
3.176470588235294e-13
3.176470588235294e-13
3.176470588235294e-13
3.176470588235294e-13
3.176470588235294e-13
3.176470588235294e-13
3.176470588235294e-13
3.176470588235294e-13
3.176470588235294e-13
3.176470588235294e-13
3.176470588235294e-13
3.176470588235294e-13
3.176470588235294e-13
3.176470588235294e-13
3.176470588235294e-13
3.1808823529411767e-13
2.625133689839582e-13
1e-13
1e-13
1e-13
1e-13
1e-13
1e-13
1e-13
1e-13
1e-13
1e-13
1e-13
1e-13
1e-13
1e-13
1e-13
1e-13
1e-13
1e-13
1e-13
1e-13
1e-13
1e-13
1e-13
1e-13
1e-13
1e-13
1e-13
1e-13
1e-13
1e-13
1e-13
1e-13
1e-13
1e-13
1e-13
1e-13
1e-13
1e-13
1e-13
1e-13
1e-13
1e-13
1e-13
1e-13
1e-13
1e-13
1e-13
1e-13
1e-13
1e-13
1e-13
1e-13
1e-13
1e-13
1.110695187165771e-13
2.381016042780747e-13
2.3764705882352945e-13
2.3764705882352945e-13
2.3830213903743313e-13
2.3830213903743323e-13
2.3803475935828874e-13
2.388235294117647e-13
2.3764705882352945e-13
2.3764705882352945e-13
2.388235294117647e-13
2.388235294117647e-13
2.3764705882352945e-13
2.3647058823529413e-13
2.3764705882352945e-13
2.3764705882352945e-13
2.388235294117647e-13
2.388235294117647e-13
2.388235294117647e-13
2.388235294117647e-13
2.3764705882352945e-13
2.3764705882352945e-13
2.3764705882352945e-13
2.3764705882352945e-13
2.3764705882352945e-13
2.3764705882352945e-13
2.3764705882352945e-13
2.3764705882352945e-13
2.388235294117647e-13
2.388235294117647e-13
2.388235294117647e-13
2.3764705882352945e-13
2.3764705882352945e-13
2.3764705882352945e-13
2.3764705882352945e-13
2.3768716577540106e-13
2.388235294117647e-13
2.388235294117647e-13
2.388235294117647e-13
2.388235294117647e-13
2.388235294117647e-13
2.388235294117647e-13
2.388235294117647e-13
2.386764705882353e-13
2.3766042780748666e-13
2.3764705882352945e-13
2.3764705882352945e-13
2.3764705882352945e-13
2.3647058823529413e-13
1e-13
1e-13
1e-13
1e-13
1e-13
1e-13
1.454812834224599e-13
1.5411764705882353e-13
1.5411764705882353e-13
1.5411764705882353e-13
1.5411764705882353e-13
1.5411764705882353e-13
1.5411764705882353e-13
1.5411764705882353e-13
1.5411764705882353e-13
1.5411764705882353e-13
1.5411764705882353e-13
1.5411764705882353e-13
1.5411764705882353e-13
1.5411764705882353e-13
1.5411764705882353e-13
1.5411764705882353e-13
1.5411764705882353e-13
1.5430648395721926e-13
1.5491076203208558e-13
1.5455826648841357e-13
1.5525902406417116e-13
1.5411764705882353e-13
1.5411764705882353e-13
1.5411764705882353e-13
1.5411764705882353e-13
1.5411764705882353e-13
1.5411764705882353e-13
1.5411764705882353e-13
1.5411764705882353e-13
1.5411764705882353e-13
1.5487967914438505e-13
1.5411764705882353e-13
1.5411764705882353e-13
1.5411764705882353e-13
1.5411764705882353e-13
1.5411764705882353e-13
1.5411764705882353e-13
1.5411764705882353e-13
1.5411764705882353e-13
1.5411764705882353e-13
1.5411764705882353e-13
1.5411764705882353e-13
1.5411764705882353e-13
1.5411764705882353e-13
1.5411764705882353e-13
1.5411764705882353e-13
1.5411764705882353e-13
1.5411764705882353e-13
1.5411764705882353e-13
1.5411764705882353e-13
1.5411764705882353e-13
1.5411764705882353e-13
1.5411764705882353e-13
1.5411764705882353e-13
1.5191176470588235e-13
2.793048128342242e-13
3.176470588235294e-13
3.176470588235294e-13
3.176470588235294e-13
3.176470588235294e-13
3.176470588235294e-13
3.176470588235294e-13
3.176470588235294e-13
3.176470588235294e-13
3.176470588235294e-13
3.176470588235294e-13
3.176470588235294e-13
3.176470588235294e-13
3.176470588235294e-13
3.176470588235294e-13
3.176470588235294e-13
3.176470588235294e-13
3.176470588235294e-13
3.176470588235294e-13
3.176470588235294e-13
3.176470588235294e-13
3.176470588235294e-13
3.176470588235294e-13
3.176470588235294e-13
3.176470588235294e-13
3.176470588235294e-13
3.176470588235294e-13
3.176470588235294e-13
3.176470588235294e-13
3.176470588235294e-13
3.176470588235294e-13
3.176470588235294e-13
3.176470588235294e-13
3.176470588235294e-13
3.176470588235294e-13
3.176470588235294e-13
3.176470588235294e-13
3.176470588235294e-13
3.176470588235294e-13
3.176470588235294e-13
3.176470588235294e-13
3.176470588235294e-13
3.176470588235294e-13
3.176470588235294e-13
3.176470588235294e-13
3.176470588235294e-13
3.176470588235294e-13
3.176470588235294e-13
3.176470588235294e-13
3.176470588235294e-13
3.176470588235294e-13
3.176470588235294e-13
3.176470588235294e-13
3.176470588235294e-13
3.1808823529411767e-13
2.625133689839582e-13
1e-13
1e-13
1e-13
1e-13
1e-13
1e-13
1e-13
1e-13
1e-13
1e-13
1e-13
1e-13
1e-13
1e-13
1e-13
1e-13
1e-13
1e-13
1e-13
1e-13
1e-13
1e-13
1e-13
1e-13
1e-13
1e-13
1e-13
1e-13
1e-13
1e-13
1e-13
1e-13
1e-13
1e-13
1e-13
1e-13
1e-13
1e-13
1e-13
1e-13
1e-13
1e-13
1e-13
1e-13
1e-13
1e-13
1e-13
1e-13
1e-13
1e-13
1e-13
1e-13
1e-13
1e-13
1.110695187165771e-13
2.381016042780747e-13
2.3764705882352945e-13
2.3764705882352945e-13
2.3764705882352945e-13
2.3764705882352945e-13
2.3764705882352945e-13
2.388235294117647e-13
2.3764705882352945e-13
2.3764705882352945e-13
2.3764705882352945e-13
2.3764705882352945e-13
2.3764705882352945e-13
2.3647058823529413e-13
2.3764705882352945e-13
2.3764705882352945e-13
2.3764705882352945e-13
2.3764705882352945e-13
2.3764705882352945e-13
2.3764705882352945e-13
2.3764705882352945e-13
2.3764705882352945e-13
2.3764705882352945e-13
2.3764705882352945e-13
2.3764705882352945e-13
2.3764705882352945e-13
2.3764705882352945e-13
2.3764705882352945e-13
2.3764705882352945e-13
2.3764705882352945e-13
2.3764705882352945e-13
2.3764705882352945e-13
2.3764705882352945e-13
2.3764705882352945e-13
2.3764705882352945e-13
2.3764705882352945e-13
2.3764705882352945e-13
2.3764705882352945e-13
2.3764705882352945e-13
2.3764705882352945e-13
2.3764705882352945e-13
2.3764705882352945e-13
2.3764705882352945e-13
2.376384803921569e-13
2.3764705882352945e-13
2.3658389037433157e-13
2.3764705882352945e-13
2.3764705882352945e-13
2.3647058823529413e-13
1e-13
1e-13
1e-13
1e-13
1e-13
1e-13
1.454812834224599e-13
1.5411764705882353e-13
1.5411764705882353e-13
1.5411764705882353e-13
1.5411764705882353e-13
1.5411764705882353e-13
1.5411764705882353e-13
1.5411764705882353e-13
1.5411764705882353e-13
1.5411764705882353e-13
1.5411764705882353e-13
1.5411764705882353e-13
1.5411764705882353e-13
1.5411764705882353e-13
1.5411764705882353e-13
1.5411764705882353e-13
1.5411764705882353e-13
1.5411764705882353e-13
1.5411764705882353e-13
1.5411764705882353e-13
1.5411764705882353e-13
1.5411764705882353e-13
1.5411764705882353e-13
1.5411764705882353e-13
1.5411764705882353e-13
1.5411764705882353e-13
1.5411764705882353e-13
1.5411764705882353e-13
1.5411764705882353e-13
1.5411764705882353e-13
1.5487967914438505e-13
1.5411764705882353e-13
1.5411764705882353e-13
1.5411764705882353e-13
1.5411764705882353e-13
1.5411764705882353e-13
1.5411764705882353e-13
1.5411764705882353e-13
1.5411764705882353e-13
1.5411764705882353e-13
1.5411764705882353e-13
1.5411764705882353e-13
1.5411764705882353e-13
1.5411764705882353e-13
1.5411764705882353e-13
1.5411764705882353e-13
1.5411764705882353e-13
1.5411764705882353e-13
1.5411764705882353e-13
1.5411764705882353e-13
1.5411764705882353e-13
1.5411764705882353e-13
1.5411764705882353e-13
1.5411764705882353e-13
1.5191176470588235e-13
2.793048128342242e-13
3.176470588235294e-13
3.176470588235294e-13
3.176470588235294e-13
3.176470588235294e-13
3.176470588235294e-13
3.176470588235294e-13
3.176470588235294e-13
3.176470588235294e-13
3.176470588235294e-13
3.176470588235294e-13
3.176470588235294e-13
3.176470588235294e-13
3.176470588235294e-13
3.176470588235294e-13
3.176470588235294e-13
3.176470588235294e-13
3.176470588235294e-13
3.176470588235294e-13
3.176470588235294e-13
3.176470588235294e-13
3.176470588235294e-13
3.176470588235294e-13
3.176470588235294e-13
3.176470588235294e-13
3.176470588235294e-13
3.176470588235294e-13
3.176470588235294e-13
3.176470588235294e-13
3.176470588235294e-13
3.176470588235294e-13
3.176470588235294e-13
3.176470588235294e-13
3.176470588235294e-13
3.176470588235294e-13
3.176470588235294e-13
3.176470588235294e-13
3.176470588235294e-13
3.176470588235294e-13
3.176470588235294e-13
3.176470588235294e-13
3.176470588235294e-13
3.176470588235294e-13
3.176470588235294e-13
3.176470588235294e-13
3.176470588235294e-13
3.176470588235294e-13
3.176470588235294e-13
3.176470588235294e-13
3.176470588235294e-13
3.176470588235294e-13
3.176470588235294e-13
3.176470588235294e-13
3.176470588235294e-13
3.1808823529411767e-13
2.625133689839582e-13
1e-13
1e-13
1e-13
1e-13
1e-13
1e-13
1e-13
1e-13
1e-13
1e-13
1e-13
1e-13
1e-13
1e-13
1e-13
1e-13
1e-13
1e-13
1e-13
1e-13
1e-13
1e-13
1e-13
1e-13
1e-13
1e-13
1e-13
1e-13
1e-13
1e-13
1e-13
1e-13
1e-13
1e-13
1e-13
1e-13
1e-13
1e-13
1e-13
1e-13
1e-13
1e-13
1e-13
1e-13
1e-13
1e-13
1e-13
1e-13
1e-13
1e-13
1e-13
1e-13
1e-13
1e-13
1.110695187165771e-13
2.381016042780747e-13
2.3764705882352945e-13
2.3764705882352945e-13
2.3764705882352945e-13
2.3764705882352945e-13
2.3764705882352945e-13
2.388235294117647e-13
2.3764705882352945e-13
2.3764705882352945e-13
2.3764705882352945e-13
2.3764705882352945e-13
2.3764705882352945e-13
2.3647058823529413e-13
2.3764705882352945e-13
2.3764705882352945e-13
2.3764705882352945e-13
2.3764705882352945e-13
2.3764705882352945e-13
2.3764705882352945e-13
2.3764705882352945e-13
2.3764705882352945e-13
2.3764705882352945e-13
2.3764705882352945e-13
2.3764705882352945e-13
2.3764705882352945e-13
2.3764705882352945e-13
2.3764705882352945e-13
2.3764705882352945e-13
2.3764705882352945e-13
2.3764705882352945e-13
2.3764705882352945e-13
2.3764705882352945e-13
2.3764705882352945e-13
2.3764705882352945e-13
2.3764705882352945e-13
2.3764705882352945e-13
2.3764705882352945e-13
2.3764705882352945e-13
2.3764705882352945e-13
2.3764705882352945e-13
2.3764705882352945e-13
2.3764705882352945e-13
2.3750000000000005e-13
2.3648395721925134e-13
2.3647058823529413e-13
2.3764705882352945e-13
2.3764705882352945e-13
2.3647058823529413e-13
1e-13
1e-13
1e-13
1e-13
1e-13
1e-13
1.454812834224599e-13
1.5411764705882353e-13
1.5411764705882353e-13
1.5411764705882353e-13
1.5411764705882353e-13
1.5411764705882353e-13
1.5411764705882353e-13
1.5411764705882353e-13
1.5411764705882353e-13
1.5411764705882353e-13
1.5411764705882353e-13
1.5411764705882353e-13
1.5411764705882353e-13
1.5411764705882353e-13
1.5411764705882353e-13
1.5411764705882353e-13
1.5411764705882353e-13
1.5425635026737968e-13
1.5470020053475937e-13
1.544412878787879e-13
1.5510862299465242e-13
1.5411764705882353e-13
1.5411764705882353e-13
1.5411764705882353e-13
1.5411764705882353e-13
1.5411764705882353e-13
1.5411764705882353e-13
1.5411764705882353e-13
1.5411764705882353e-13
1.5411764705882353e-13
1.5487967914438505e-13
1.5411764705882353e-13
1.5411764705882353e-13
1.5411764705882353e-13
1.5411764705882353e-13
1.5411764705882353e-13
1.5411764705882353e-13
1.5411764705882353e-13
1.5411764705882353e-13
1.5411764705882353e-13
1.5411764705882353e-13
1.5411764705882353e-13
1.5411764705882353e-13
1.5411764705882353e-13
1.5411764705882353e-13
1.5411764705882353e-13
1.5411764705882353e-13
1.5411764705882353e-13
1.5411764705882353e-13
1.5411764705882353e-13
1.5411764705882353e-13
1.5411764705882353e-13
1.5411764705882353e-13
1.5411764705882353e-13
1.5191176470588235e-13
2.793048128342242e-13
3.176470588235294e-13
3.176470588235294e-13
3.176470588235294e-13
3.176470588235294e-13
3.176470588235294e-13
3.176470588235294e-13
3.176470588235294e-13
3.176470588235294e-13
3.176470588235294e-13
3.176470588235294e-13
3.176470588235294e-13
3.176470588235294e-13
3.176470588235294e-13
3.176470588235294e-13
3.176470588235294e-13
3.176470588235294e-13
3.176470588235294e-13
3.176470588235294e-13
3.176470588235294e-13
3.176470588235294e-13
3.176470588235294e-13
3.176470588235294e-13
3.176470588235294e-13
3.176470588235294e-13
3.176470588235294e-13
3.176470588235294e-13
3.176470588235294e-13
3.176470588235294e-13
3.176470588235294e-13
3.176470588235294e-13
3.176470588235294e-13
3.176470588235294e-13
3.176470588235294e-13
3.176470588235294e-13
3.176470588235294e-13
3.176470588235294e-13
3.176470588235294e-13
3.176470588235294e-13
3.176470588235294e-13
3.176470588235294e-13
3.176470588235294e-13
3.176470588235294e-13
3.176470588235294e-13
3.176470588235294e-13
3.176470588235294e-13
3.176470588235294e-13
3.176470588235294e-13
3.176470588235294e-13
3.176470588235294e-13
3.176470588235294e-13
3.176470588235294e-13
3.176470588235294e-13
3.176470588235294e-13
3.1808823529411767e-13
2.625133689839582e-13
1e-13
1e-13
1e-13
1e-13
1e-13
1e-13
1e-13
1e-13
1e-13
1e-13
1e-13
1e-13
1e-13
1e-13
1e-13
1e-13
1e-13
1e-13
1e-13
1e-13
1e-13
1e-13
1e-13
1e-13
1e-13
1e-13
1e-13
1e-13
1e-13
1e-13
1e-13
1e-13
1e-13
1e-13
1e-13
1e-13
1e-13
1e-13
1e-13
1e-13
1e-13
1e-13
1e-13
1e-13
1e-13
1e-13
1e-13
1e-13
1e-13
1e-13
1e-13
1e-13
1e-13
1e-13
1.110695187165771e-13
2.381016042780747e-13
2.3764705882352945e-13
2.3764705882352945e-13
2.3764705882352945e-13
2.3764705882352945e-13
2.3764705882352945e-13
2.388235294117647e-13
2.3764705882352945e-13
2.3764705882352945e-13
2.3764705882352945e-13
2.3764705882352945e-13
2.3764705882352945e-13
2.3647058823529413e-13
2.3764705882352945e-13
2.3764705882352945e-13
2.3764705882352945e-13
2.3764705882352945e-13
2.3764705882352945e-13
2.3764705882352945e-13
2.3764705882352945e-13
2.3764705882352945e-13
2.3764705882352945e-13
2.3764705882352945e-13
2.3764705882352945e-13
2.3764705882352945e-13
2.3764705882352945e-13
2.3764705882352945e-13
2.3764705882352945e-13
2.3764705882352945e-13
2.3764705882352945e-13
2.3764705882352945e-13
2.3764705882352945e-13
2.3764705882352945e-13
2.3764705882352945e-13
2.3764705882352945e-13
2.3764705882352945e-13
2.3764705882352945e-13
2.3764705882352945e-13
2.3764705882352945e-13
2.3764705882352945e-13
2.3764705882352945e-13
2.3764705882352945e-13
2.3760171568627457e-13
2.3764705882352945e-13
2.3655381016042785e-13
2.3764705882352945e-13
2.3764705882352945e-13
2.3647058823529413e-13
1e-13
1e-13
1e-13
1e-13
1e-13
1e-13
1.454812834224599e-13
1.5529411764705885e-13
1.5529411764705885e-13
1.5529411764705885e-13
1.5529411764705885e-13
1.5529411764705885e-13
1.5529411764705885e-13
1.5529411764705885e-13
1.5529411764705885e-13
1.5529411764705885e-13
1.5529411764705885e-13
1.5529411764705885e-13
1.5529411764705885e-13
1.5529411764705885e-13
1.5529411764705885e-13
1.5529411764705885e-13
1.5529411764705885e-13
1.5529411764705885e-13
1.5529411764705885e-13
1.5529411764705885e-13
1.5529411764705885e-13
1.5529411764705885e-13
1.5529411764705885e-13
1.5529411764705885e-13
1.5529411764705885e-13
1.5529411764705885e-13
1.5529411764705885e-13
1.5529411764705885e-13
1.5529411764705885e-13
1.5529411764705885e-13
1.5529411764705885e-13
1.5529411764705885e-13
1.5529411764705885e-13
1.5529411764705885e-13
1.5529411764705885e-13
1.5529411764705885e-13
1.5529411764705885e-13
1.5529411764705885e-13
1.5529411764705885e-13
1.5529411764705885e-13
1.5529411764705885e-13
1.5529411764705885e-13
1.5529411764705885e-13
1.5529411764705885e-13
1.5529411764705885e-13
1.5529411764705885e-13
1.5529411764705885e-13
1.5529411764705885e-13
1.5529411764705885e-13
1.5529411764705885e-13
1.5529411764705885e-13
1.5529411764705885e-13
1.542914438502674e-13
1.5411764705882353e-13
1.5191176470588235e-13
2.793048128342242e-13
3.176470588235294e-13
3.176470588235294e-13
3.176470588235294e-13
3.176470588235294e-13
3.176470588235294e-13
3.176470588235294e-13
3.176470588235294e-13
3.176470588235294e-13
3.176470588235294e-13
3.176470588235294e-13
3.176470588235294e-13
3.176470588235294e-13
3.176470588235294e-13
3.176470588235294e-13
3.176470588235294e-13
3.176470588235294e-13
3.176470588235294e-13
3.176470588235294e-13
3.176470588235294e-13
3.176470588235294e-13
3.176470588235294e-13
3.176470588235294e-13
3.176470588235294e-13
3.176470588235294e-13
3.176470588235294e-13
3.176470588235294e-13
3.176470588235294e-13
3.176470588235294e-13
3.176470588235294e-13
3.176470588235294e-13
3.176470588235294e-13
3.176470588235294e-13
3.176470588235294e-13
3.176470588235294e-13
3.176470588235294e-13
3.176470588235294e-13
3.176470588235294e-13
3.176470588235294e-13
3.176470588235294e-13
3.176470588235294e-13
3.176470588235294e-13
3.176470588235294e-13
3.176470588235294e-13
3.176470588235294e-13
3.176470588235294e-13
3.176470588235294e-13
3.176470588235294e-13
3.176470588235294e-13
3.176470588235294e-13
3.176470588235294e-13
3.176470588235294e-13
3.176470588235294e-13
3.176470588235294e-13
3.1808823529411767e-13
2.625133689839582e-13
1e-13
1e-13
1e-13
1e-13
1e-13
1e-13
1e-13
1e-13
1e-13
1e-13
1e-13
1e-13
1e-13
1e-13
1e-13
1e-13
1e-13
1e-13
1e-13
1e-13
1e-13
1e-13
1e-13
1e-13
1e-13
1e-13
1e-13
1e-13
1e-13
1e-13
1e-13
1e-13
1e-13
1e-13
1e-13
1e-13
1e-13
1e-13
1e-13
1e-13
1e-13
1e-13
1e-13
1e-13
1e-13
1e-13
1e-13
1e-13
1e-13
1e-13
1e-13
1e-13
1e-13
1e-13
1.110695187165771e-13
2.381016042780747e-13
2.3764705882352945e-13
2.3764705882352945e-13
2.3830213903743313e-13
2.3830213903743323e-13
2.3803475935828874e-13
2.388235294117647e-13
2.3764705882352945e-13
2.3764705882352945e-13
2.388235294117647e-13
2.388235294117647e-13
2.3764705882352945e-13
2.3647058823529413e-13
2.3764705882352945e-13
2.3764705882352945e-13
2.388235294117647e-13
2.388235294117647e-13
2.388235294117647e-13
2.388235294117647e-13
2.3764705882352945e-13
2.3764705882352945e-13
2.3764705882352945e-13
2.3764705882352945e-13
2.3764705882352945e-13
2.3764705882352945e-13
2.3764705882352945e-13
2.3764705882352945e-13
2.388235294117647e-13
2.388235294117647e-13
2.388235294117647e-13
2.3764705882352945e-13
2.3764705882352945e-13
2.3764705882352945e-13
2.3764705882352945e-13
2.3768716577540106e-13
2.388235294117647e-13
2.388235294117647e-13
2.388235294117647e-13
2.388235294117647e-13
2.388235294117647e-13
2.388235294117647e-13
2.388235294117647e-13
2.386764705882353e-13
2.3766042780748666e-13
2.3764705882352945e-13
2.3764705882352945e-13
2.3764705882352945e-13
2.3647058823529413e-13
1e-13
1e-13
1e-13
1e-13
1e-13
1e-13
1.454812834224599e-13
1.5411764705882353e-13
1.5411764705882353e-13
1.5411764705882353e-13
1.5411764705882353e-13
1.5411764705882353e-13
1.5411764705882353e-13
1.5411764705882353e-13
1.5411764705882353e-13
1.5411764705882353e-13
1.5411764705882353e-13
1.5411764705882353e-13
1.5411764705882353e-13
1.5411764705882353e-13
1.5411764705882353e-13
1.5411764705882353e-13
1.5411764705882353e-13
1.5497693850267383e-13
1.546861631016043e-13
1.5443348930481285e-13
1.5509859625668453e-13
1.5411764705882353e-13
1.5411764705882353e-13
1.5411764705882353e-13
1.5411764705882353e-13
1.5411764705882353e-13
1.5411764705882353e-13
1.5411764705882353e-13
1.5411764705882353e-13
1.5411764705882353e-13
1.5487967914438505e-13
1.5411764705882353e-13
1.5411764705882353e-13
1.5411764705882353e-13
1.5411764705882353e-13
1.5411764705882353e-13
1.5411764705882353e-13
1.5411764705882353e-13
1.5411764705882353e-13
1.5411764705882353e-13
1.5411764705882353e-13
1.5411764705882353e-13
1.5411764705882353e-13
1.5411764705882353e-13
1.5411764705882353e-13
1.5411764705882353e-13
1.5411764705882353e-13
1.5411764705882353e-13
1.5411764705882353e-13
1.5411764705882353e-13
1.5411764705882353e-13
1.5411764705882353e-13
1.5411764705882353e-13
1.5411764705882353e-13
1.5191176470588235e-13
2.793048128342242e-13
3.176470588235294e-13
3.176470588235294e-13
3.176470588235294e-13
3.176470588235294e-13
3.176470588235294e-13
3.176470588235294e-13
3.176470588235294e-13
3.176470588235294e-13
3.176470588235294e-13
3.176470588235294e-13
3.176470588235294e-13
3.176470588235294e-13
3.176470588235294e-13
3.176470588235294e-13
3.176470588235294e-13
3.176470588235294e-13
3.176470588235294e-13
3.176470588235294e-13
3.176470588235294e-13
3.176470588235294e-13
3.176470588235294e-13
3.176470588235294e-13
3.176470588235294e-13
3.176470588235294e-13
3.176470588235294e-13
3.176470588235294e-13
3.176470588235294e-13
3.176470588235294e-13
3.176470588235294e-13
3.176470588235294e-13
3.176470588235294e-13
3.176470588235294e-13
3.176470588235294e-13
3.176470588235294e-13
3.176470588235294e-13
3.176470588235294e-13
3.176470588235294e-13
3.176470588235294e-13
3.176470588235294e-13
3.176470588235294e-13
3.176470588235294e-13
3.176470588235294e-13
3.176470588235294e-13
3.176470588235294e-13
3.176470588235294e-13
3.176470588235294e-13
3.176470588235294e-13
3.176470588235294e-13
3.176470588235294e-13
3.176470588235294e-13
3.176470588235294e-13
3.176470588235294e-13
3.176470588235294e-13
3.1808823529411767e-13
2.625133689839582e-13
1e-13
1e-13
1e-13
1e-13
1e-13
1e-13
1e-13
1e-13
1e-13
1e-13
1e-13
1e-13
1e-13
1e-13
1e-13
1e-13
1e-13
1e-13
1e-13
1e-13
1e-13
1e-13
1e-13
1e-13
1e-13
1e-13
1e-13
1e-13
1e-13
1e-13
1e-13
1e-13
1e-13
1e-13
1e-13
1e-13
1e-13
1e-13
1e-13
1e-13
1e-13
1e-13
1e-13
1e-13
1e-13
1e-13
1e-13
1e-13
1e-13
1e-13
1e-13
1e-13
1e-13
1e-13
1.110695187165771e-13
2.381016042780747e-13
2.3764705882352945e-13
2.3764705882352945e-13
2.3764705882352945e-13
2.3764705882352945e-13
2.3764705882352945e-13
2.388235294117647e-13
2.3764705882352945e-13
2.3764705882352945e-13
2.3764705882352945e-13
2.3764705882352945e-13
2.3764705882352945e-13
2.3647058823529413e-13
2.3764705882352945e-13
2.3764705882352945e-13
2.3764705882352945e-13
2.3764705882352945e-13
2.3764705882352945e-13
2.3764705882352945e-13
2.3764705882352945e-13
2.3764705882352945e-13
2.3764705882352945e-13
2.3764705882352945e-13
2.3764705882352945e-13
2.3764705882352945e-13
2.3764705882352945e-13
2.3764705882352945e-13
2.3764705882352945e-13
2.3764705882352945e-13
2.3764705882352945e-13
2.3764705882352945e-13
2.3764705882352945e-13
2.3764705882352945e-13
2.3764705882352945e-13
2.3764705882352945e-13
2.3764705882352945e-13
2.3764705882352945e-13
2.3764705882352945e-13
2.3764705882352945e-13
2.3764705882352945e-13
2.3764705882352945e-13
2.3764705882352945e-13
2.375992647058824e-13
2.3764705882352945e-13
2.3655180481283424e-13
2.3764705882352945e-13
2.3764705882352945e-13
2.3647058823529413e-13
1e-13
1e-13
1e-13
1e-13
1e-13
1e-13
1.454812834224599e-13
1.5411764705882353e-13
1.5411764705882353e-13
1.5411764705882353e-13
1.5411764705882353e-13
1.5411764705882353e-13
1.5411764705882353e-13
1.5411764705882353e-13
1.5411764705882353e-13
1.5411764705882353e-13
1.5411764705882353e-13
1.5411764705882353e-13
1.5411764705882353e-13
1.5411764705882353e-13
1.5411764705882353e-13
1.5411764705882353e-13
1.5411764705882353e-13
1.5411764705882353e-13
1.5411764705882353e-13
1.5411764705882353e-13
1.5411764705882353e-13
1.5411764705882353e-13
1.5411764705882353e-13
1.5411764705882353e-13
1.5411764705882353e-13
1.5411764705882353e-13
1.5411764705882353e-13
1.5411764705882353e-13
1.5411764705882353e-13
1.5411764705882353e-13
1.5487967914438505e-13
1.5411764705882353e-13
1.5411764705882353e-13
1.5411764705882353e-13
1.5411764705882353e-13
1.5411764705882353e-13
1.5411764705882353e-13
1.5411764705882353e-13
1.5411764705882353e-13
1.5411764705882353e-13
1.5411764705882353e-13
1.5411764705882353e-13
1.5411764705882353e-13
1.5411764705882353e-13
1.5411764705882353e-13
1.5411764705882353e-13
1.5411764705882353e-13
1.5411764705882353e-13
1.5411764705882353e-13
1.5411764705882353e-13
1.5411764705882353e-13
1.5411764705882353e-13
1.5411764705882353e-13
1.5411764705882353e-13
1.5191176470588235e-13
2.793048128342242e-13
3.176470588235294e-13
3.176470588235294e-13
3.176470588235294e-13
3.176470588235294e-13
3.176470588235294e-13
3.176470588235294e-13
3.176470588235294e-13
3.176470588235294e-13
3.176470588235294e-13
3.176470588235294e-13
3.176470588235294e-13
3.176470588235294e-13
3.176470588235294e-13
3.176470588235294e-13
3.176470588235294e-13
3.176470588235294e-13
3.176470588235294e-13
3.176470588235294e-13
3.176470588235294e-13
3.176470588235294e-13
3.176470588235294e-13
3.176470588235294e-13
3.176470588235294e-13
3.176470588235294e-13
3.176470588235294e-13
3.176470588235294e-13
3.176470588235294e-13
3.176470588235294e-13
3.176470588235294e-13
3.176470588235294e-13
3.176470588235294e-13
3.176470588235294e-13
3.176470588235294e-13
3.176470588235294e-13
3.176470588235294e-13
3.176470588235294e-13
3.176470588235294e-13
3.176470588235294e-13
3.176470588235294e-13
3.176470588235294e-13
3.176470588235294e-13
3.176470588235294e-13
3.176470588235294e-13
3.176470588235294e-13
3.176470588235294e-13
3.176470588235294e-13
3.176470588235294e-13
3.176470588235294e-13
3.176470588235294e-13
3.176470588235294e-13
3.176470588235294e-13
3.176470588235294e-13
3.176470588235294e-13
3.1808823529411767e-13
2.625133689839582e-13
1e-13
1e-13
1e-13
1e-13
1e-13
1e-13
1e-13
1e-13
1e-13
1e-13
1e-13
1e-13
1e-13
1e-13
1e-13
1e-13
1e-13
1e-13
1e-13
1e-13
1e-13
1e-13
1e-13
1e-13
1e-13
1e-13
1e-13
1e-13
1e-13
1e-13
1e-13
1e-13
1e-13
1e-13
1e-13
1e-13
1e-13
1e-13
1e-13
1e-13
1e-13
1e-13
1e-13
1e-13
1e-13
1e-13
1e-13
1e-13
1e-13
1e-13
1e-13
1e-13
1e-13
1e-13
1.110695187165771e-13
2.381016042780747e-13
2.3764705882352945e-13
2.3764705882352945e-13
2.3764705882352945e-13
2.3764705882352945e-13
2.3764705882352945e-13
2.388235294117647e-13
2.3764705882352945e-13
2.3764705882352945e-13
2.3764705882352945e-13
2.3764705882352945e-13
2.3764705882352945e-13
2.3647058823529413e-13
2.3764705882352945e-13
2.3764705882352945e-13
2.3764705882352945e-13
2.3764705882352945e-13
2.3764705882352945e-13
2.3764705882352945e-13
2.3764705882352945e-13
2.3764705882352945e-13
2.3764705882352945e-13
2.3764705882352945e-13
2.3764705882352945e-13
2.3764705882352945e-13
2.3764705882352945e-13
2.3764705882352945e-13
2.3764705882352945e-13
2.3764705882352945e-13
2.3764705882352945e-13
2.3764705882352945e-13
2.3764705882352945e-13
2.3764705882352945e-13
2.3764705882352945e-13
2.3764705882352945e-13
2.3764705882352945e-13
2.3764705882352945e-13
2.3764705882352945e-13
2.3764705882352945e-13
2.3764705882352945e-13
2.3764705882352945e-13
2.3764705882352945e-13
2.3750000000000005e-13
2.3648395721925134e-13
2.3647058823529413e-13
2.3764705882352945e-13
2.3764705882352945e-13
2.3647058823529413e-13
1e-13
1e-13
1e-13
1e-13
1e-13
1e-13
1.454812834224599e-13
1.5411764705882353e-13
1.5411764705882353e-13
1.5411764705882353e-13
1.5411764705882353e-13
1.5411764705882353e-13
1.5411764705882353e-13
1.5411764705882353e-13
1.5411764705882353e-13
1.5411764705882353e-13
1.5411764705882353e-13
1.5411764705882353e-13
1.5411764705882353e-13
1.5411764705882353e-13
1.5411764705882353e-13
1.5411764705882353e-13
1.5411764705882353e-13
1.5430982620320857e-13
1.5492479946524064e-13
1.545660650623886e-13
1.546685606060606e-13
1.5411764705882353e-13
1.5411764705882353e-13
1.5411764705882353e-13
1.5411764705882353e-13
1.5411764705882353e-13
1.5411764705882353e-13
1.5411764705882353e-13
1.5411764705882353e-13
1.5411764705882353e-13
1.5487967914438505e-13
1.5411764705882353e-13
1.5411764705882353e-13
1.5411764705882353e-13
1.5411764705882353e-13
1.5411764705882353e-13
1.5411764705882353e-13
1.5411764705882353e-13
1.5411764705882353e-13
1.5411764705882353e-13
1.5411764705882353e-13
1.5411764705882353e-13
1.5411764705882353e-13
1.5411764705882353e-13
1.5411764705882353e-13
1.5411764705882353e-13
1.5411764705882353e-13
1.5411764705882353e-13
1.5411764705882353e-13
1.5411764705882353e-13
1.5411764705882353e-13
1.5411764705882353e-13
1.5411764705882353e-13
1.5411764705882353e-13
1.5191176470588235e-13
2.793048128342242e-13
3.176470588235294e-13
3.176470588235294e-13
3.176470588235294e-13
3.176470588235294e-13
3.176470588235294e-13
3.176470588235294e-13
3.176470588235294e-13
3.176470588235294e-13
3.176470588235294e-13
3.176470588235294e-13
3.176470588235294e-13
3.176470588235294e-13
3.176470588235294e-13
3.176470588235294e-13
3.176470588235294e-13
3.176470588235294e-13
3.176470588235294e-13
3.176470588235294e-13
3.176470588235294e-13
3.176470588235294e-13
3.176470588235294e-13
3.176470588235294e-13
3.176470588235294e-13
3.176470588235294e-13
3.176470588235294e-13
3.176470588235294e-13
3.176470588235294e-13
3.176470588235294e-13
3.176470588235294e-13
3.176470588235294e-13
3.176470588235294e-13
3.176470588235294e-13
3.176470588235294e-13
3.176470588235294e-13
3.176470588235294e-13
3.176470588235294e-13
3.176470588235294e-13
3.176470588235294e-13
3.176470588235294e-13
3.176470588235294e-13
3.176470588235294e-13
3.176470588235294e-13
3.176470588235294e-13
3.176470588235294e-13
3.176470588235294e-13
3.176470588235294e-13
3.176470588235294e-13
3.176470588235294e-13
3.176470588235294e-13
3.176470588235294e-13
3.176470588235294e-13
3.176470588235294e-13
3.176470588235294e-13
3.1808823529411767e-13
2.625133689839582e-13
1e-13
1e-13
1e-13
1e-13
1e-13
1e-13
1e-13
1e-13
1e-13
1e-13
1e-13
1e-13
1e-13
1e-13
1e-13
1e-13
1e-13
1e-13
1e-13
1e-13
1e-13
1e-13
1e-13
1e-13
1e-13
1e-13
1e-13
1e-13
1e-13
1e-13
1e-13
1e-13
1e-13
1e-13
1e-13
1e-13
1e-13
1e-13
1e-13
1e-13
1e-13
1e-13
1e-13
1e-13
1e-13
1e-13
1e-13
1e-13
1e-13
1e-13
1e-13
1e-13
1e-13
1e-13
1.110695187165771e-13
2.381016042780747e-13
2.3764705882352945e-13
2.3764705882352945e-13
2.3764705882352945e-13
2.3764705882352945e-13
2.3764705882352945e-13
2.388235294117647e-13
2.3764705882352945e-13
2.3764705882352945e-13
2.3764705882352945e-13
2.3764705882352945e-13
2.3764705882352945e-13
2.3647058823529413e-13
2.3764705882352945e-13
2.3764705882352945e-13
2.3764705882352945e-13
2.3764705882352945e-13
2.3764705882352945e-13
2.3764705882352945e-13
2.3764705882352945e-13
2.3764705882352945e-13
2.3764705882352945e-13
2.3764705882352945e-13
2.3764705882352945e-13
2.3764705882352945e-13
2.3764705882352945e-13
2.3764705882352945e-13
2.3764705882352945e-13
2.3764705882352945e-13
2.3764705882352945e-13
2.3764705882352945e-13
2.3764705882352945e-13
2.3764705882352945e-13
2.3764705882352945e-13
2.3764705882352945e-13
2.3764705882352945e-13
2.3764705882352945e-13
2.3764705882352945e-13
2.3764705882352945e-13
2.3764705882352945e-13
2.3764705882352945e-13
2.3764705882352945e-13
2.3764093137254907e-13
2.3759859625668453e-13
2.3647058823529413e-13
2.3764705882352945e-13
2.3764705882352945e-13
2.3647058823529413e-13
1e-13
1e-13
1e-13
1e-13
1e-13
1e-13
1.454812834224599e-13
1.5529411764705885e-13
1.5529411764705885e-13
1.5529411764705885e-13
1.5529411764705885e-13
1.5529411764705885e-13
1.5529411764705885e-13
1.5529411764705885e-13
1.5529411764705885e-13
1.5529411764705885e-13
1.5529411764705885e-13
1.5529411764705885e-13
1.5529411764705885e-13
1.5529411764705885e-13
1.5529411764705885e-13
1.5529411764705885e-13
1.5529411764705885e-13
1.5529411764705885e-13
1.5529411764705885e-13
1.5529411764705885e-13
1.5529411764705885e-13
1.5529411764705885e-13
1.5529411764705885e-13
1.5529411764705885e-13
1.5529411764705885e-13
1.5529411764705885e-13
1.5529411764705885e-13
1.5529411764705885e-13
1.5529411764705885e-13
1.5529411764705885e-13
1.5529411764705885e-13
1.5529411764705885e-13
1.5529411764705885e-13
1.5529411764705885e-13
1.5529411764705885e-13
1.5529411764705885e-13
1.5529411764705885e-13
1.5529411764705885e-13
1.5529411764705885e-13
1.5529411764705885e-13
1.5529411764705885e-13
1.5529411764705885e-13
1.5529411764705885e-13
1.5529411764705885e-13
1.5529411764705885e-13
1.5529411764705885e-13
1.5529411764705885e-13
1.5529411764705885e-13
1.5529411764705885e-13
1.5529411764705885e-13
1.5529411764705885e-13
1.5529411764705885e-13
1.542914438502674e-13
1.5411764705882353e-13
1.5191176470588235e-13
2.793048128342242e-13
3.176470588235294e-13
3.176470588235294e-13
3.176470588235294e-13
3.176470588235294e-13
3.176470588235294e-13
3.176470588235294e-13
3.176470588235294e-13
3.176470588235294e-13
3.176470588235294e-13
3.176470588235294e-13
3.176470588235294e-13
3.176470588235294e-13
3.176470588235294e-13
3.176470588235294e-13
3.176470588235294e-13
3.176470588235294e-13
3.176470588235294e-13
3.176470588235294e-13
3.176470588235294e-13
3.176470588235294e-13
3.176470588235294e-13
3.176470588235294e-13
3.176470588235294e-13
3.176470588235294e-13
3.176470588235294e-13
3.176470588235294e-13
3.176470588235294e-13
3.176470588235294e-13
3.176470588235294e-13
3.176470588235294e-13
3.176470588235294e-13
3.176470588235294e-13
3.176470588235294e-13
3.176470588235294e-13
3.176470588235294e-13
3.176470588235294e-13
3.176470588235294e-13
3.176470588235294e-13
3.176470588235294e-13
3.176470588235294e-13
3.176470588235294e-13
3.176470588235294e-13
3.176470588235294e-13
3.176470588235294e-13
3.176470588235294e-13
3.176470588235294e-13
3.176470588235294e-13
3.176470588235294e-13
3.176470588235294e-13
3.176470588235294e-13
3.176470588235294e-13
3.176470588235294e-13
3.176470588235294e-13
3.1808823529411767e-13
2.625133689839582e-13
1e-13
1e-13
1e-13
1e-13
1e-13
1e-13
1e-13
1e-13
1e-13
1e-13
1e-13
1e-13
1e-13
1e-13
1e-13
1e-13
1e-13
1e-13
1e-13
1e-13
1e-13
1e-13
1e-13
1e-13
1e-13
1e-13
1e-13
1e-13
1e-13
1e-13
1e-13
1e-13
1e-13
1e-13
1e-13
1e-13
1e-13
1e-13
1e-13
1e-13
1e-13
1e-13
1e-13
1e-13
1e-13
1e-13
1e-13
1e-13
1e-13
1e-13
1e-13
1e-13
1e-13
1e-13
1.110695187165771e-13
2.381016042780747e-13
2.3764705882352945e-13
2.3764705882352945e-13
2.3830213903743313e-13
2.3830213903743323e-13
2.3803475935828874e-13
2.388235294117647e-13
2.3764705882352945e-13
2.3764705882352945e-13
2.388235294117647e-13
2.388235294117647e-13
2.3764705882352945e-13
2.3647058823529413e-13
2.3764705882352945e-13
2.3764705882352945e-13
2.388235294117647e-13
2.388235294117647e-13
2.388235294117647e-13
2.388235294117647e-13
2.3764705882352945e-13
2.3764705882352945e-13
2.3764705882352945e-13
2.3764705882352945e-13
2.3764705882352945e-13
2.3764705882352945e-13
2.3764705882352945e-13
2.3764705882352945e-13
2.388235294117647e-13
2.388235294117647e-13
2.388235294117647e-13
2.3764705882352945e-13
2.3764705882352945e-13
2.3764705882352945e-13
2.3764705882352945e-13
2.3768716577540106e-13
2.388235294117647e-13
2.388235294117647e-13
2.388235294117647e-13
2.388235294117647e-13
2.388235294117647e-13
2.388235294117647e-13
2.388235294117647e-13
2.386764705882353e-13
2.3766042780748666e-13
2.3764705882352945e-13
2.3764705882352945e-13
2.3764705882352945e-13
2.3647058823529413e-13
1e-13
1e-13
1e-13
1e-13
1e-13
1e-13
1.454812834224599e-13
1.5411764705882353e-13
1.5411764705882353e-13
1.5411764705882353e-13
1.5411764705882353e-13
1.5411764705882353e-13
1.5411764705882353e-13
1.5411764705882353e-13
1.5411764705882353e-13
1.5411764705882353e-13
1.5411764705882353e-13
1.5411764705882353e-13
1.5411764705882353e-13
1.5411764705882353e-13
1.5411764705882353e-13
1.5411764705882353e-13
1.5411764705882353e-13
1.5471668894830662e-13
1.5509636809269165e-13
1.5487488859180038e-13
1.5493816844919787e-13
1.5411764705882353e-13
1.5411764705882353e-13
1.5411764705882353e-13
1.5411764705882353e-13
1.5411764705882353e-13
1.5411764705882353e-13
1.5411764705882353e-13
1.5411764705882353e-13
1.5411764705882353e-13
1.5487967914438505e-13
1.5411764705882353e-13
1.5411764705882353e-13
1.5411764705882353e-13
1.5411764705882353e-13
1.5411764705882353e-13
1.5411764705882353e-13
1.5411764705882353e-13
1.5411764705882353e-13
1.5411764705882353e-13
1.5411764705882353e-13
1.5411764705882353e-13
1.5411764705882353e-13
1.5411764705882353e-13
1.5411764705882353e-13
1.5411764705882353e-13
1.5411764705882353e-13
1.5411764705882353e-13
1.5411764705882353e-13
1.5411764705882353e-13
1.5411764705882353e-13
1.5411764705882353e-13
1.5411764705882353e-13
1.5411764705882353e-13
1.5191176470588235e-13
2.793048128342242e-13
3.176470588235294e-13
3.176470588235294e-13
3.176470588235294e-13
3.176470588235294e-13
3.176470588235294e-13
3.176470588235294e-13
3.176470588235294e-13
3.176470588235294e-13
3.176470588235294e-13
3.176470588235294e-13
3.176470588235294e-13
3.176470588235294e-13
3.176470588235294e-13
3.176470588235294e-13
3.176470588235294e-13
3.176470588235294e-13
3.176470588235294e-13
3.176470588235294e-13
3.176470588235294e-13
3.176470588235294e-13
3.176470588235294e-13
3.176470588235294e-13
3.176470588235294e-13
3.176470588235294e-13
3.176470588235294e-13
3.176470588235294e-13
3.176470588235294e-13
3.176470588235294e-13
3.176470588235294e-13
3.176470588235294e-13
3.176470588235294e-13
3.176470588235294e-13
3.176470588235294e-13
3.176470588235294e-13
3.176470588235294e-13
3.176470588235294e-13
3.176470588235294e-13
3.176470588235294e-13
3.176470588235294e-13
3.176470588235294e-13
3.176470588235294e-13
3.176470588235294e-13
3.176470588235294e-13
3.176470588235294e-13
3.176470588235294e-13
3.176470588235294e-13
3.176470588235294e-13
3.176470588235294e-13
3.176470588235294e-13
3.176470588235294e-13
3.176470588235294e-13
3.176470588235294e-13
3.176470588235294e-13
3.1808823529411767e-13
2.625133689839582e-13
1e-13
1e-13
1e-13
1e-13
1e-13
1e-13
1e-13
1e-13
1e-13
1e-13
1e-13
1e-13
1e-13
1e-13
1e-13
1e-13
1e-13
1e-13
1e-13
1e-13
1e-13
1e-13
1e-13
1e-13
1e-13
1e-13
1e-13
1e-13
1e-13
1e-13
1e-13
1e-13
1e-13
1e-13
1e-13
1e-13
1e-13
1e-13
1e-13
1e-13
1e-13
1e-13
1e-13
1e-13
1e-13
1e-13
1e-13
1e-13
1e-13
1e-13
1e-13
1e-13
1e-13
1e-13
1.110695187165771e-13
2.381016042780747e-13
2.3764705882352945e-13
2.3764705882352945e-13
2.3764705882352945e-13
2.3764705882352945e-13
2.3764705882352945e-13
2.388235294117647e-13
2.3764705882352945e-13
2.3764705882352945e-13
2.3764705882352945e-13
2.3764705882352945e-13
2.3764705882352945e-13
2.3647058823529413e-13
2.3764705882352945e-13
2.3764705882352945e-13
2.3764705882352945e-13
2.3764705882352945e-13
2.3764705882352945e-13
2.3764705882352945e-13
2.3764705882352945e-13
2.3764705882352945e-13
2.3764705882352945e-13
2.3764705882352945e-13
2.3764705882352945e-13
2.3764705882352945e-13
2.3764705882352945e-13
2.3764705882352945e-13
2.3764705882352945e-13
2.3764705882352945e-13
2.3764705882352945e-13
2.3764705882352945e-13
2.3764705882352945e-13
2.3764705882352945e-13
2.3764705882352945e-13
2.3764705882352945e-13
2.3764705882352945e-13
2.3764705882352945e-13
2.3764705882352945e-13
2.3764705882352945e-13
2.3764705882352945e-13
2.3764705882352945e-13
2.3764705882352945e-13
2.375600490196079e-13
2.3764705882352945e-13
2.365197192513369e-13
2.3764705882352945e-13
2.3764705882352945e-13
2.3647058823529413e-13
1e-13
1e-13
1e-13
1e-13
1e-13
1e-13
1.454812834224599e-13
1.5411764705882353e-13
1.5411764705882353e-13
1.5411764705882353e-13
1.5411764705882353e-13
1.5411764705882353e-13
1.5411764705882353e-13
1.5411764705882353e-13
1.5411764705882353e-13
1.5411764705882353e-13
1.5411764705882353e-13
1.5411764705882353e-13
1.5411764705882353e-13
1.5411764705882353e-13
1.5411764705882353e-13
1.5411764705882353e-13
1.5411764705882353e-13
1.5411764705882353e-13
1.5411764705882353e-13
1.5411764705882353e-13
1.5417034313725491e-13
1.5411764705882353e-13
1.5411764705882353e-13
1.5411764705882353e-13
1.5411764705882353e-13
1.5411764705882353e-13
1.5411764705882353e-13
1.5411764705882353e-13
1.5411764705882353e-13
1.5411764705882353e-13
1.5487967914438505e-13
1.5411764705882353e-13
1.5411764705882353e-13
1.5411764705882353e-13
1.5411764705882353e-13
1.5411764705882353e-13
1.5411764705882353e-13
1.5411764705882353e-13
1.5411764705882353e-13
1.5411764705882353e-13
1.5411764705882353e-13
1.5411764705882353e-13
1.5411764705882353e-13
1.5411764705882353e-13
1.5411764705882353e-13
1.5411764705882353e-13
1.5411764705882353e-13
1.5411764705882353e-13
1.5411764705882353e-13
1.5411764705882353e-13
1.5411764705882353e-13
1.5411764705882353e-13
1.5411764705882353e-13
1.5411764705882353e-13
1.5191176470588235e-13
2.793048128342242e-13
3.176470588235294e-13
3.176470588235294e-13
3.176470588235294e-13
3.176470588235294e-13
3.176470588235294e-13
3.176470588235294e-13
3.176470588235294e-13
3.176470588235294e-13
3.176470588235294e-13
3.176470588235294e-13
3.176470588235294e-13
3.176470588235294e-13
3.176470588235294e-13
3.176470588235294e-13
3.176470588235294e-13
3.176470588235294e-13
3.176470588235294e-13
3.176470588235294e-13
3.176470588235294e-13
3.176470588235294e-13
3.176470588235294e-13
3.176470588235294e-13
3.176470588235294e-13
3.176470588235294e-13
3.176470588235294e-13
3.176470588235294e-13
3.176470588235294e-13
3.176470588235294e-13
3.176470588235294e-13
3.176470588235294e-13
3.176470588235294e-13
3.176470588235294e-13
3.176470588235294e-13
3.176470588235294e-13
3.176470588235294e-13
3.176470588235294e-13
3.176470588235294e-13
3.176470588235294e-13
3.176470588235294e-13
3.176470588235294e-13
3.176470588235294e-13
3.176470588235294e-13
3.176470588235294e-13
3.176470588235294e-13
3.176470588235294e-13
3.176470588235294e-13
3.176470588235294e-13
3.176470588235294e-13
3.176470588235294e-13
3.176470588235294e-13
3.176470588235294e-13
3.176470588235294e-13
3.176470588235294e-13
3.1808823529411767e-13
2.625133689839582e-13
1e-13
1e-13
1e-13
1e-13
1e-13
1e-13
1e-13
1e-13
1e-13
1e-13
1e-13
1e-13
1e-13
1e-13
1e-13
1e-13
1e-13
1e-13
1e-13
1e-13
1e-13
1e-13
1e-13
1e-13
1e-13
1e-13
1e-13
1e-13
1e-13
1e-13
1e-13
1e-13
1e-13
1e-13
1e-13
1e-13
1e-13
1e-13
1e-13
1e-13
1e-13
1e-13
1e-13
1e-13
1e-13
1e-13
1e-13
1e-13
1e-13
1e-13
1e-13
1e-13
1e-13
1e-13
1.110695187165771e-13
2.381016042780747e-13
2.3764705882352945e-13
2.3764705882352945e-13
2.3764705882352945e-13
2.3764705882352945e-13
2.3764705882352945e-13
2.388235294117647e-13
2.3764705882352945e-13
2.3764705882352945e-13
2.3764705882352945e-13
2.3764705882352945e-13
2.3764705882352945e-13
2.3647058823529413e-13
2.3764705882352945e-13
2.3764705882352945e-13
2.3764705882352945e-13
2.3764705882352945e-13
2.3764705882352945e-13
2.3764705882352945e-13
2.3764705882352945e-13
2.3764705882352945e-13
2.3764705882352945e-13
2.3764705882352945e-13
2.3764705882352945e-13
2.3764705882352945e-13
2.3764705882352945e-13
2.3764705882352945e-13
2.3764705882352945e-13
2.3764705882352945e-13
2.3764705882352945e-13
2.3764705882352945e-13
2.3764705882352945e-13
2.3764705882352945e-13
2.3764705882352945e-13
2.3764705882352945e-13
2.3764705882352945e-13
2.3764705882352945e-13
2.3764705882352945e-13
2.3764705882352945e-13
2.3764705882352945e-13
2.3764705882352945e-13
2.3764705882352945e-13
2.3750000000000005e-13
2.365905748663102e-13
2.3647058823529413e-13
2.3764705882352945e-13
2.3764705882352945e-13
2.3647058823529413e-13
1e-13
1e-13
1e-13
1e-13
1e-13
1e-13
1.454812834224599e-13
1.5411764705882353e-13
1.5411764705882353e-13
1.5411764705882353e-13
1.5411764705882353e-13
1.5411764705882353e-13
1.5411764705882353e-13
1.5411764705882353e-13
1.5411764705882353e-13
1.5411764705882353e-13
1.5411764705882353e-13
1.5411764705882353e-13
1.5411764705882353e-13
1.5411764705882353e-13
1.5411764705882353e-13
1.5411764705882353e-13
1.5411764705882353e-13
1.5453776737967913e-13
1.5503509358288771e-13
1.5474498663101605e-13
1.548278743315508e-13
1.5411764705882353e-13
1.5411764705882353e-13
1.5411764705882353e-13
1.5411764705882353e-13
1.5411764705882353e-13
1.5411764705882353e-13
1.5411764705882353e-13
1.5411764705882353e-13
1.5411764705882353e-13
1.5487967914438505e-13
1.5411764705882353e-13
1.5411764705882353e-13
1.5411764705882353e-13
1.5411764705882353e-13
1.5411764705882353e-13
1.5411764705882353e-13
1.5411764705882353e-13
1.5411764705882353e-13
1.5411764705882353e-13
1.5411764705882353e-13
1.5411764705882353e-13
1.5411764705882353e-13
1.5411764705882353e-13
1.5411764705882353e-13
1.5411764705882353e-13
1.5411764705882353e-13
1.5411764705882353e-13
1.5411764705882353e-13
1.5411764705882353e-13
1.5411764705882353e-13
1.5411764705882353e-13
1.5411764705882353e-13
1.5411764705882353e-13
1.5191176470588235e-13
2.793048128342242e-13
3.176470588235294e-13
3.176470588235294e-13
3.176470588235294e-13
3.176470588235294e-13
3.176470588235294e-13
3.176470588235294e-13
3.176470588235294e-13
3.176470588235294e-13
3.176470588235294e-13
3.176470588235294e-13
3.176470588235294e-13
3.176470588235294e-13
3.176470588235294e-13
3.176470588235294e-13
3.176470588235294e-13
3.176470588235294e-13
3.176470588235294e-13
3.176470588235294e-13
3.176470588235294e-13
3.176470588235294e-13
3.176470588235294e-13
3.176470588235294e-13
3.176470588235294e-13
3.176470588235294e-13
3.176470588235294e-13
3.176470588235294e-13
3.176470588235294e-13
3.176470588235294e-13
3.176470588235294e-13
3.176470588235294e-13
3.176470588235294e-13
3.176470588235294e-13
3.176470588235294e-13
3.176470588235294e-13
3.176470588235294e-13
3.176470588235294e-13
3.176470588235294e-13
3.176470588235294e-13
3.176470588235294e-13
3.176470588235294e-13
3.176470588235294e-13
3.176470588235294e-13
3.176470588235294e-13
3.176470588235294e-13
3.176470588235294e-13
3.176470588235294e-13
3.176470588235294e-13
3.176470588235294e-13
3.176470588235294e-13
3.176470588235294e-13
3.176470588235294e-13
3.176470588235294e-13
3.176470588235294e-13
3.1808823529411767e-13
2.625133689839582e-13
1e-13
1e-13
1e-13
1e-13
1e-13
1e-13
1e-13
1e-13
1e-13
1e-13
1e-13
1e-13
1e-13
1e-13
1e-13
1e-13
1e-13
1e-13
1e-13
1e-13
1e-13
1e-13
1e-13
1e-13
1e-13
1e-13
1e-13
1e-13
1e-13
1e-13
1e-13
1e-13
1e-13
1e-13
1e-13
1e-13
1e-13
1e-13
1e-13
1e-13
1e-13
1e-13
1e-13
1e-13
1e-13
1e-13
1e-13
1e-13
1e-13
1e-13
1e-13
1e-13
1e-13
1e-13
1.110695187165771e-13
2.381016042780747e-13
2.3764705882352945e-13
2.3764705882352945e-13
2.3764705882352945e-13
2.3764705882352945e-13
2.3764705882352945e-13
2.388235294117647e-13
2.3764705882352945e-13
2.3764705882352945e-13
2.3764705882352945e-13
2.3764705882352945e-13
2.3764705882352945e-13
2.3647058823529413e-13
2.3764705882352945e-13
2.3764705882352945e-13
2.3764705882352945e-13
2.3764705882352945e-13
2.3764705882352945e-13
2.3764705882352945e-13
2.3764705882352945e-13
2.3764705882352945e-13
2.3764705882352945e-13
2.3764705882352945e-13
2.3764705882352945e-13
2.3764705882352945e-13
2.3764705882352945e-13
2.3764705882352945e-13
2.3764705882352945e-13
2.3764705882352945e-13
2.3764705882352945e-13
2.3764705882352945e-13
2.3764705882352945e-13
2.3764705882352945e-13
2.3764705882352945e-13
2.3764705882352945e-13
2.3764705882352945e-13
2.3764705882352945e-13
2.3764705882352945e-13
2.3764705882352945e-13
2.3764705882352945e-13
2.3764705882352945e-13
2.3764705882352945e-13
2.3753308823529416e-13
2.3764705882352945e-13
2.364976604278075e-13
2.3764705882352945e-13
2.3764705882352945e-13
2.3647058823529413e-13
1e-13
1e-13
1e-13
1.0006517379679144e-13
1e-13
1.0006740196078432e-13
1.4204991087344021e-13
1.5059436274509786e-13
1.5078431372549002e-13
1.5078431372549002e-13
1.5078431372549002e-13
1.5078431372549002e-13
1.5078431372549002e-13
1.5078431372549002e-13
1.5078431372549002e-13
1.5078431372549002e-13
1.5078431372549002e-13
1.5078431372549002e-13
1.5078431372549002e-13
1.5078431372549002e-13
1.5078431372549002e-13
1.5078431372549002e-13
1.5078431372549002e-13
1.5078431372549002e-13
1.5078431372549002e-13
1.5078431372549002e-13
1.5078431372549002e-13
1.5078431372549002e-13
1.5078431372549002e-13
1.5078431372549002e-13
1.5078431372549002e-13
1.5078431372549002e-13
1.5078431372549002e-13
1.5078431372549002e-13
1.5078431372549002e-13
1.5078431372549002e-13
1.5078431372549002e-13
1.5078431372549002e-13
1.5078431372549002e-13
1.5078431372549002e-13
1.5078431372549002e-13
1.5078431372549002e-13
1.5078431372549002e-13
1.5078431372549002e-13
1.5078431372549002e-13
1.5078431372549002e-13
1.5078431372549002e-13
1.5078431372549002e-13
1.5078431372549002e-13
1.5078431372549002e-13
1.5078431372549002e-13
1.5078431372549002e-13
1.5078431372549002e-13
1.5078431372549002e-13
1.5078431372549002e-13
1.5078431372549002e-13
1.5078431372549002e-13
1.5078431372549002e-13
1.4978553921568602e-13
1.502879901960783e-13
1.478431372549018e-13
2.819100935828873e-13
3.215196078431375e-13
3.215196078431375e-13
3.215196078431375e-13
3.215196078431375e-13
3.215196078431375e-13
3.215196078431375e-13
3.215196078431375e-13
3.215196078431375e-13
3.215196078431375e-13
3.215196078431375e-13
3.215196078431375e-13
3.215196078431375e-13
3.215196078431375e-13
3.215196078431375e-13
3.215196078431375e-13
3.215196078431375e-13
3.215196078431375e-13
3.215196078431375e-13
3.215196078431375e-13
3.215196078431375e-13
3.215196078431375e-13
3.215196078431375e-13
3.215196078431375e-13
3.215196078431375e-13
3.215196078431375e-13
3.215196078431375e-13
3.215196078431375e-13
3.215196078431375e-13
3.215196078431375e-13
3.215196078431375e-13
3.215196078431375e-13
3.215196078431375e-13
3.215196078431375e-13
3.215196078431375e-13
3.215196078431375e-13
3.215196078431375e-13
3.215196078431375e-13
3.215196078431375e-13
3.215196078431375e-13
3.215196078431375e-13
3.215196078431375e-13
3.215196078431375e-13
3.215196078431375e-13
3.215196078431375e-13
3.215196078431375e-13
3.215196078431375e-13
3.215196078431375e-13
3.215196078431375e-13
3.215196078431375e-13
3.215196078431375e-13
3.215196078431375e-13
3.2098039215686295e-13
3.2205882352941203e-13
3.233762254901963e-13
2.651164215686286e-13
1.0009413992869873e-13
1e-13
1e-13
1e-13
1e-13
1e-13
1e-13
1e-13
1e-13
1e-13
1e-13
1e-13
1e-13
1e-13
1e-13
1e-13
1e-13
1e-13
1e-13
1e-13
1e-13
1e-13
1e-13
1e-13
1e-13
1e-13
1e-13
1e-13
1e-13
1e-13
1e-13
1e-13
1e-13
1e-13
1e-13
1e-13
1e-13
1e-13
1e-13
1e-13
1e-13
1e-13
1e-13
1e-13
1e-13
1e-13
1e-13
1e-13
1.011764705882353e-13
1e-13
1e-13
1e-13
1e-13
1.0014705882352942e-13
1.0828152852049853e-13
2.4307319518716575e-13
2.411307932263815e-13
2.401776960784314e-13
2.3936274509803926e-13
2.3936274509803926e-13
2.3936274509803926e-13
2.3936274509803926e-13
2.3936274509803926e-13
2.3936274509803926e-13
2.3936274509803926e-13
2.3936274509803926e-13
2.3936274509803926e-13
2.3936274509803926e-13
2.3936274509803926e-13
2.3936274509803926e-13
2.3936274509803926e-13
2.3936274509803926e-13
2.3936274509803926e-13
2.3936274509803926e-13
2.3936274509803926e-13
2.3936274509803926e-13
2.3936274509803926e-13
2.3936274509803926e-13
2.3936274509803926e-13
2.3936274509803926e-13
2.3936274509803926e-13
2.3936274509803926e-13
2.3936274509803926e-13
2.3936274509803926e-13
2.3936274509803926e-13
2.3936274509803926e-13
2.3936274509803926e-13
2.3936274509803926e-13
2.3936274509803926e-13
2.3936274509803926e-13
2.3936274509803926e-13
2.3936274509803926e-13
2.3936274509803926e-13
2.3936274509803926e-13
2.3936274509803926e-13
2.3936274509803926e-13
2.3936274509803926e-13
2.3936274509803926e-13
2.3936274509803926e-13
2.3936274509803926e-13
2.3936274509803926e-13
2.4028966131907324e-13
2.3961954099821757e-13
1e-13
1e-13
1e-13
1.0010327540106951e-13
1e-13
1.0088357843137256e-13
2.8565574866310163e-13
3.210321969696971e-13
3.206764705882354e-13
3.206764705882354e-13
3.206764705882354e-13
3.206764705882354e-13
3.206764705882354e-13
3.206764705882354e-13
3.206764705882354e-13
3.206764705882354e-13
3.206764705882354e-13
3.206764705882354e-13
3.206764705882354e-13
3.206764705882354e-13
3.206764705882354e-13
3.206764705882354e-13
3.206764705882354e-13
3.206764705882354e-13
3.206764705882354e-13
3.206764705882354e-13
3.206764705882354e-13
3.206764705882354e-13
3.206764705882354e-13
3.206764705882354e-13
3.206764705882354e-13
3.206764705882354e-13
3.206764705882354e-13
3.206764705882354e-13
3.206764705882354e-13
3.206764705882354e-13
3.206764705882354e-13
3.206764705882354e-13
3.206764705882354e-13
3.206764705882354e-13
3.206764705882354e-13
3.206764705882354e-13
3.206764705882354e-13
3.206764705882354e-13
3.206764705882354e-13
3.206764705882354e-13
3.206764705882354e-13
3.206764705882354e-13
3.206764705882354e-13
3.206764705882354e-13
3.206764705882354e-13
3.206764705882354e-13
3.206764705882354e-13
3.206764705882354e-13
3.206764705882354e-13
3.206764705882354e-13
3.206764705882354e-13
3.206764705882354e-13
3.2050980392156877e-13
3.1937689393939404e-13
3.231776960784315e-13
1.5505938057041054e-13
1e-13
1e-13
1e-13
1e-13
1e-13
1e-13
1e-13
1e-13
1e-13
1e-13
1e-13
1e-13
1e-13
1e-13
1e-13
1e-13
1e-13
1e-13
1e-13
1e-13
1e-13
1e-13
1e-13
1e-13
1e-13
1e-13
1e-13
1e-13
1e-13
1e-13
1e-13
1e-13
1e-13
1e-13
1e-13
1e-13
1e-13
1e-13
1e-13
1e-13
1e-13
1e-13
1e-13
1e-13
1e-13
1e-13
1e-13
1e-13
1e-13
1e-13
1e-13
1e-13
1e-13
1e-13
1.3105581550802064e-13
2.4052729500891274e-13
2.40843137254902e-13
2.397469919786097e-13
2.4067647058823536e-13
2.4067647058823536e-13
2.4067647058823536e-13
2.4067647058823536e-13
2.4067647058823536e-13
2.4067647058823536e-13
2.4067647058823536e-13
2.4067647058823536e-13
2.4067647058823536e-13
2.4067647058823536e-13
2.4067647058823536e-13
2.4067647058823536e-13
2.4067647058823536e-13
2.4067647058823536e-13
2.4067647058823536e-13
2.4067647058823536e-13
2.4067647058823536e-13
2.4067647058823536e-13
2.4067647058823536e-13
2.4067647058823536e-13
2.4067647058823536e-13
2.4067647058823536e-13
2.4067647058823536e-13
2.4067647058823536e-13
2.4067647058823536e-13
2.4071089572192517e-13
2.4067647058823536e-13
2.4067647058823536e-13
2.4067647058823536e-13
2.4067647058823536e-13
2.4067647058823536e-13
2.4067647058823536e-13
2.4067647058823536e-13
2.4067647058823536e-13
2.4067647058823536e-13
2.4067647058823536e-13
2.4067647058823536e-13
2.4067647058823536e-13
2.4067647058823536e-13
2.4067647058823536e-13
2.4067647058823536e-13
2.4067647058823536e-13
2.4067647058823536e-13
2.4067647058823536e-13
2.4067647058823536e-13
2.418529411764707e-13
2.4067647058823536e-13
2.411469474153299e-13
2.4067647058823536e-13
2.4067647058823536e-13
2.418529411764707e-13
2.3247849821746913e-13
1.5162165775401076e-13
1.514655748663102e-13
1.524417335115864e-13
1.5334837344028516e-13
1.5327450980392154e-13
1.5327450980392154e-13
1.5327450980392154e-13
1.5327450980392154e-13
1.5327450980392154e-13
1.5327450980392154e-13
1.5327450980392154e-13
1.5327450980392154e-13
1.522647058823529e-13
1.5327450980392154e-13
1.522647058823529e-13
1.5327450980392154e-13
1.5327450980392154e-13
1.5327450980392154e-13
1.5327450980392154e-13
1.5301058377896611e-13
1.5327450980392154e-13
1.522647058823529e-13
1.5327450980392154e-13
1.522647058823529e-13
1.5327450980392154e-13
1.522647058823529e-13
1.5327450980392154e-13
1.5327450980392154e-13
1.5327450980392154e-13
1.5327450980392154e-13
1.5327450980392154e-13
1.5327450980392154e-13
1.5327450980392154e-13
1.5327450980392154e-13
1.5327450980392154e-13
1.5327450980392154e-13
1.5327450980392154e-13
1.5327450980392154e-13
1.5327450980392154e-13
1.5327450980392154e-13
1.5327450980392154e-13
1.5327450980392154e-13
1.5327450980392154e-13
1.5327450980392154e-13
1.5327450980392154e-13
1.5327450980392154e-13
1.5327450980392154e-13
1.496931818181817e-13
1e-13
1e-13
1e-13
1e-13
1e-13
1.0018014705882354e-13
2.8305247326203215e-13
3.180614973262032e-13
3.176470588235294e-13
3.176470588235294e-13
3.176470588235294e-13
3.176470588235294e-13
3.176470588235294e-13
3.176470588235294e-13
3.176470588235294e-13
3.176470588235294e-13
3.176470588235294e-13
3.176470588235294e-13
3.176470588235294e-13
3.176470588235294e-13
3.176470588235294e-13
3.176470588235294e-13
3.176470588235294e-13
3.176470588235294e-13
3.176470588235294e-13
3.176470588235294e-13
3.176470588235294e-13
3.176470588235294e-13
3.176470588235294e-13
3.176470588235294e-13
3.176470588235294e-13
3.176470588235294e-13
3.176470588235294e-13
3.176470588235294e-13
3.176470588235294e-13
3.176470588235294e-13
3.176470588235294e-13
3.176470588235294e-13
3.176470588235294e-13
3.176470588235294e-13
3.176470588235294e-13
3.176470588235294e-13
3.176470588235294e-13
3.176470588235294e-13
3.176470588235294e-13
3.176470588235294e-13
3.176470588235294e-13
3.176470588235294e-13
3.176470588235294e-13
3.176470588235294e-13
3.176470588235294e-13
3.176470588235294e-13
3.176470588235294e-13
3.176470588235294e-13
3.176470588235294e-13
3.176470588235294e-13
3.176470588235294e-13
3.176470588235294e-13
3.176470588235294e-13
3.1652439839572194e-13
3.1985294117647065e-13
1.5483322192513422e-13
1e-13
1e-13
1e-13
1e-13
1e-13
1e-13
1e-13
1e-13
1e-13
1e-13
1e-13
1e-13
1e-13
1e-13
1e-13
1e-13
1e-13
1e-13
1e-13
1e-13
1e-13
1e-13
1e-13
1e-13
1e-13
1e-13
1e-13
1e-13
1e-13
1e-13
1e-13
1e-13
1e-13
1e-13
1e-13
1e-13
1e-13
1e-13
1e-13
1e-13
1e-13
1e-13
1e-13
1e-13
1e-13
1e-13
1e-13
1e-13
1e-13
1e-13
1e-13
1e-13
1e-13
1e-13
1.3496524064171066e-13
2.3982787433155086e-13
2.3764705882352945e-13
2.3745755347593585e-13
2.376072860962567e-13
2.3764705882352945e-13
2.3764705882352945e-13
2.3764705882352945e-13
2.3764705882352945e-13
2.3764705882352945e-13
2.3764705882352945e-13
2.3764705882352945e-13
2.3764705882352945e-13
2.3764705882352945e-13
2.3764705882352945e-13
2.3764705882352945e-13
2.3647058823529413e-13
2.3764705882352945e-13
2.3647058823529413e-13
2.3647058823529413e-13
2.3764705882352945e-13
2.3764705882352945e-13
2.3764705882352945e-13
2.3764705882352945e-13
2.3764705882352945e-13
2.3764705882352945e-13
2.3764705882352945e-13
2.3764705882352945e-13
2.3647058823529413e-13
2.3764705882352945e-13
2.3647058823529413e-13
2.3647058823529413e-13
2.3764705882352945e-13
2.3764705882352945e-13
2.3764705882352945e-13
2.3764705882352945e-13
2.3764705882352945e-13
2.3764705882352945e-13
2.3764705882352945e-13
2.3764705882352945e-13
2.3764705882352945e-13
2.3764705882352945e-13
2.3764705882352945e-13
2.3764705882352945e-13
2.3764705882352945e-13
2.3764705882352945e-13
2.3764705882352945e-13
2.365641711229947e-13
2.3647058823529413e-13
2.3764705882352945e-13
2.3647058823529413e-13
2.3647058823529413e-13
2.3647058823529413e-13
2.3764705882352945e-13
2.367977941176471e-13
2.3167413101604306e-13
1.534659090909092e-13
1.53033756684492e-13
1.5543215240641714e-13
1.5402640374331548e-13
1.5411764705882353e-13
1.5411764705882353e-13
1.5411764705882353e-13
1.5411764705882353e-13
1.5411764705882353e-13
1.5411764705882353e-13
1.5411764705882353e-13
1.5411764705882353e-13
1.5411764705882353e-13
1.5529411764705885e-13
1.5411764705882353e-13
1.5411764705882353e-13
1.5411764705882353e-13
1.5411764705882353e-13
1.5411764705882353e-13
1.5411764705882353e-13
1.5411764705882353e-13
1.5411764705882353e-13
1.5411764705882353e-13
1.5411764705882353e-13
1.5431818181818178e-13
1.5411764705882353e-13
1.5411764705882353e-13
1.5411764705882353e-13
1.5411764705882353e-13
1.5411764705882353e-13
1.5411764705882353e-13
1.5411764705882353e-13
1.5411764705882353e-13
1.5411764705882353e-13
1.5411764705882353e-13
1.5411764705882353e-13
1.5411764705882353e-13
1.5411764705882353e-13
1.5411764705882353e-13
1.5411764705882353e-13
1.5411764705882353e-13
1.5411764705882353e-13
1.5411764705882353e-13
1.5411764705882353e-13
1.5411764705882353e-13
1.5411764705882353e-13
1.5397961229946524e-13
1.5241978609625663e-13
1e-13
1e-13
1e-13
1e-13
1e-13
1e-13
2.839973262032086e-13
3.176470588235294e-13
3.176470588235294e-13
3.176470588235294e-13
3.176470588235294e-13
3.176470588235294e-13
3.176470588235294e-13
3.176470588235294e-13
3.176470588235294e-13
3.176470588235294e-13
3.176470588235294e-13
3.176470588235294e-13
3.176470588235294e-13
3.176470588235294e-13
3.176470588235294e-13
3.176470588235294e-13
3.176470588235294e-13
3.176470588235294e-13
3.176470588235294e-13
3.176470588235294e-13
3.176470588235294e-13
3.176470588235294e-13
3.176470588235294e-13
3.176470588235294e-13
3.176470588235294e-13
3.176470588235294e-13
3.176470588235294e-13
3.176470588235294e-13
3.176470588235294e-13
3.176470588235294e-13
3.176470588235294e-13
3.176470588235294e-13
3.176470588235294e-13
3.176470588235294e-13
3.176470588235294e-13
3.176470588235294e-13
3.176470588235294e-13
3.176470588235294e-13
3.176470588235294e-13
3.176470588235294e-13
3.176470588235294e-13
3.176470588235294e-13
3.176470588235294e-13
3.176470588235294e-13
3.176470588235294e-13
3.176470588235294e-13
3.176470588235294e-13
3.176470588235294e-13
3.176470588235294e-13
3.176470588235294e-13
3.176470588235294e-13
3.176470588235294e-13
3.176470588235294e-13
3.1647058823529414e-13
3.1985294117647065e-13
1.5473262032085613e-13
1e-13
1e-13
1e-13
1e-13
1e-13
1e-13
1e-13
1e-13
1e-13
1e-13
1e-13
1e-13
1e-13
1e-13
1e-13
1e-13
1e-13
1e-13
1e-13
1e-13
1e-13
1e-13
1e-13
1e-13
1e-13
1e-13
1e-13
1e-13
1e-13
1e-13
1e-13
1e-13
1e-13
1e-13
1e-13
1e-13
1e-13
1e-13
1e-13
1e-13
1e-13
1e-13
1e-13
1e-13
1e-13
1e-13
1e-13
1e-13
1e-13
1e-13
1e-13
1e-13
1e-13
1e-13
1.3475935828876946e-13
2.386497326203209e-13
2.3764705882352945e-13
2.3764705882352945e-13
2.3764705882352945e-13
2.3764705882352945e-13
2.3764705882352945e-13
2.3764705882352945e-13
2.3764705882352945e-13
2.3764705882352945e-13
2.3764705882352945e-13
2.3764705882352945e-13
2.3764705882352945e-13
2.3764705882352945e-13
2.3764705882352945e-13
2.3764705882352945e-13
2.3764705882352945e-13
2.3764705882352945e-13
2.3764705882352945e-13
2.3764705882352945e-13
2.3764705882352945e-13
2.3764705882352945e-13
2.3792780748663105e-13
2.3764705882352945e-13
2.3764705882352945e-13
2.3764705882352945e-13
2.3764705882352945e-13
2.3764705882352945e-13
2.3764705882352945e-13
2.3764705882352945e-13
2.3647058823529413e-13
2.3764705882352945e-13
2.3764705882352945e-13
2.3764705882352945e-13
2.3764705882352945e-13
2.3764705882352945e-13
2.3764705882352945e-13
2.3764705882352945e-13
2.3764705882352945e-13
2.3764705882352945e-13
2.3764705882352945e-13
2.3764705882352945e-13
2.3764705882352945e-13
2.3764705882352945e-13
2.3764705882352945e-13
2.3764705882352945e-13
2.3764705882352945e-13
2.3764705882352945e-13
2.3764705882352945e-13
2.3764705882352945e-13
2.3764705882352945e-13
2.3764705882352945e-13
2.368452540106952e-13
2.383682040998218e-13
2.3704901960784317e-13
2.302941176470591e-13
1.5330213903743324e-13
1.5411764705882353e-13
1.5490641711229944e-13
1.5411764705882353e-13
1.5411764705882353e-13
1.5411764705882353e-13
1.5411764705882353e-13
1.5411764705882353e-13
1.5411764705882353e-13
1.5411764705882353e-13
1.5411764705882353e-13
1.5411764705882353e-13
1.5411764705882353e-13
1.5529411764705885e-13
1.5411764705882353e-13
1.5411764705882353e-13
1.5411764705882353e-13
1.5411764705882353e-13
1.5411764705882353e-13
1.5411764705882353e-13
1.5411764705882353e-13
1.5411764705882353e-13
1.5434770499108736e-13
1.5411764705882353e-13
1.5529411764705885e-13
1.5411764705882353e-13
1.5526013814616754e-13
1.5411764705882353e-13
1.5411764705882353e-13
1.5411764705882353e-13
1.5411764705882353e-13
1.5411764705882353e-13
1.5411764705882353e-13
1.5411764705882353e-13
1.5411764705882353e-13
1.5411764705882353e-13
1.5411764705882353e-13
1.5411764705882353e-13
1.5411764705882353e-13
1.5411764705882353e-13
1.5411764705882353e-13
1.5411764705882353e-13
1.5411764705882353e-13
1.5411764705882353e-13
1.5411764705882353e-13
1.5411764705882353e-13
1.5411764705882353e-13
1.5294117647058824e-13
1e-13
1e-13
1e-13
1e-13
1e-13
1e-13
2.839973262032086e-13
3.176470588235294e-13
3.176470588235294e-13
3.176470588235294e-13
3.176470588235294e-13
3.176470588235294e-13
3.176470588235294e-13
3.176470588235294e-13
3.176470588235294e-13
3.176470588235294e-13
3.176470588235294e-13
3.176470588235294e-13
3.176470588235294e-13
3.176470588235294e-13
3.176470588235294e-13
3.176470588235294e-13
3.176470588235294e-13
3.176470588235294e-13
3.176470588235294e-13
3.176470588235294e-13
3.176470588235294e-13
3.176470588235294e-13
3.176470588235294e-13
3.176470588235294e-13
3.176470588235294e-13
3.176470588235294e-13
3.176470588235294e-13
3.176470588235294e-13
3.176470588235294e-13
3.176470588235294e-13
3.176470588235294e-13
3.176470588235294e-13
3.176470588235294e-13
3.176470588235294e-13
3.176470588235294e-13
3.176470588235294e-13
3.176470588235294e-13
3.176470588235294e-13
3.176470588235294e-13
3.176470588235294e-13
3.176470588235294e-13
3.176470588235294e-13
3.176470588235294e-13
3.176470588235294e-13
3.176470588235294e-13
3.176470588235294e-13
3.176470588235294e-13
3.176470588235294e-13
3.176470588235294e-13
3.176470588235294e-13
3.176470588235294e-13
3.176470588235294e-13
3.176470588235294e-13
3.1647058823529414e-13
3.1985294117647065e-13
1.5473262032085613e-13
1e-13
1e-13
1e-13
1e-13
1e-13
1e-13
1e-13
1e-13
1e-13
1e-13
1e-13
1e-13
1e-13
1e-13
1e-13
1e-13
1e-13
1e-13
1e-13
1e-13
1e-13
1e-13
1e-13
1e-13
1e-13
1e-13
1e-13
1e-13
1e-13
1e-13
1e-13
1e-13
1e-13
1e-13
1e-13
1e-13
1e-13
1e-13
1e-13
1e-13
1e-13
1e-13
1e-13
1e-13
1e-13
1e-13
1e-13
1e-13
1e-13
1e-13
1e-13
1e-13
1e-13
1e-13
1.3475935828876946e-13
2.386497326203209e-13
2.3764705882352945e-13
2.3764705882352945e-13
2.38596256684492e-13
2.388235294117647e-13
2.388235294117647e-13
2.388235294117647e-13
2.388235294117647e-13
2.388235294117647e-13
2.388235294117647e-13
2.388235294117647e-13
2.388235294117647e-13
2.388235294117647e-13
2.388235294117647e-13
2.388235294117647e-13
2.3764705882352945e-13
2.388235294117647e-13
2.3764705882352945e-13
2.388235294117647e-13
2.388235294117647e-13
2.388235294117647e-13
2.388235294117647e-13
2.388235294117647e-13
2.3764705882352945e-13
2.3764705882352945e-13
2.3764705882352945e-13
2.3764705882352945e-13
2.388235294117647e-13
2.3764705882352945e-13
2.3764705882352945e-13
2.388235294117647e-13
2.388235294117647e-13
2.388235294117647e-13
2.388235294117647e-13
2.388235294117647e-13
2.388235294117647e-13
2.388235294117647e-13
2.388235294117647e-13
2.388235294117647e-13
2.388235294117647e-13
2.388235294117647e-13
2.3764705882352945e-13
2.3764705882352945e-13
2.388235294117647e-13
2.388235294117647e-13
2.388235294117647e-13
2.3774064171123003e-13
2.3764705882352945e-13
2.388235294117647e-13
2.3764705882352945e-13
2.3764705882352945e-13
2.3764705882352945e-13
2.388235294117647e-13
2.3764705882352945e-13
2.302941176470591e-13
1.5330213903743324e-13
1.5411764705882353e-13
1.5490641711229944e-13
1.5529411764705885e-13
1.5529411764705885e-13
1.5529411764705885e-13
1.5529411764705885e-13
1.5529411764705885e-13
1.5529411764705885e-13
1.5529411764705885e-13
1.5529411764705885e-13
1.5529411764705885e-13
1.5529411764705885e-13
1.5529411764705885e-13
1.5529411764705885e-13
1.5529411764705885e-13
1.5529411764705885e-13
1.5529411764705885e-13
1.5529411764705885e-13
1.5529411764705885e-13
1.5529411764705885e-13
1.5529411764705885e-13
1.5529411764705885e-13
1.5529411764705885e-13
1.554946524064171e-13
1.5529411764705885e-13
1.5529411764705885e-13
1.5529411764705885e-13
1.5529411764705885e-13
1.5529411764705885e-13
1.5529411764705885e-13
1.5529411764705885e-13
1.5529411764705885e-13
1.5529411764705885e-13
1.5529411764705885e-13
1.5529411764705885e-13
1.5529411764705885e-13
1.5529411764705885e-13
1.5529411764705885e-13
1.5529411764705885e-13
1.5529411764705885e-13
1.5529411764705885e-13
1.5529411764705885e-13
1.5529411764705885e-13
1.5529411764705885e-13
1.5529411764705885e-13
1.5450534759358295e-13
1.5294117647058824e-13
1e-13
1e-13
1e-13
1e-13
1e-13
1e-13
2.839973262032086e-13
3.176470588235294e-13
3.176470588235294e-13
3.176470588235294e-13
3.176470588235294e-13
3.176470588235294e-13
3.176470588235294e-13
3.176470588235294e-13
3.176470588235294e-13
3.176470588235294e-13
3.176470588235294e-13
3.176470588235294e-13
3.176470588235294e-13
3.176470588235294e-13
3.176470588235294e-13
3.176470588235294e-13
3.176470588235294e-13
3.176470588235294e-13
3.176470588235294e-13
3.176470588235294e-13
3.176470588235294e-13
3.176470588235294e-13
3.176470588235294e-13
3.176470588235294e-13
3.176470588235294e-13
3.176470588235294e-13
3.176470588235294e-13
3.176470588235294e-13
3.176470588235294e-13
3.176470588235294e-13
3.176470588235294e-13
3.176470588235294e-13
3.176470588235294e-13
3.176470588235294e-13
3.176470588235294e-13
3.176470588235294e-13
3.176470588235294e-13
3.176470588235294e-13
3.176470588235294e-13
3.176470588235294e-13
3.176470588235294e-13
3.176470588235294e-13
3.176470588235294e-13
3.176470588235294e-13
3.176470588235294e-13
3.176470588235294e-13
3.176470588235294e-13
3.176470588235294e-13
3.176470588235294e-13
3.176470588235294e-13
3.176470588235294e-13
3.176470588235294e-13
3.176470588235294e-13
3.1647058823529414e-13
3.1985294117647065e-13
1.5473262032085613e-13
1e-13
1e-13
1e-13
1e-13
1e-13
1e-13
1e-13
1e-13
1e-13
1e-13
1e-13
1e-13
1e-13
1e-13
1e-13
1e-13
1e-13
1e-13
1e-13
1e-13
1e-13
1e-13
1e-13
1e-13
1e-13
1e-13
1e-13
1e-13
1e-13
1e-13
1e-13
1e-13
1e-13
1e-13
1e-13
1e-13
1e-13
1e-13
1e-13
1e-13
1e-13
1e-13
1e-13
1e-13
1e-13
1e-13
1e-13
1e-13
1e-13
1e-13
1e-13
1e-13
1e-13
1e-13
1.3475935828876946e-13
2.386497326203209e-13
2.3764705882352945e-13
2.3764705882352945e-13
2.3764705882352945e-13
2.3764705882352945e-13
2.3764705882352945e-13
2.3764705882352945e-13
2.3764705882352945e-13
2.3764705882352945e-13
2.3764705882352945e-13
2.3764705882352945e-13
2.3764705882352945e-13
2.3764705882352945e-13
2.3764705882352945e-13
2.3764705882352945e-13
2.3764705882352945e-13
2.3764705882352945e-13
2.3764705882352945e-13
2.3764705882352945e-13
2.3764705882352945e-13
2.3764705882352945e-13
2.3792780748663105e-13
2.3764705882352945e-13
2.3764705882352945e-13
2.3764705882352945e-13
2.3764705882352945e-13
2.3764705882352945e-13
2.3764705882352945e-13
2.3764705882352945e-13
2.3647058823529413e-13
2.3764705882352945e-13
2.3764705882352945e-13
2.3764705882352945e-13
2.3764705882352945e-13
2.3764705882352945e-13
2.3764705882352945e-13
2.3764705882352945e-13
2.3764705882352945e-13
2.3764705882352945e-13
2.3764705882352945e-13
2.3764705882352945e-13
2.3764705882352945e-13
2.3764705882352945e-13
2.3764705882352945e-13
2.3764705882352945e-13
2.3764705882352945e-13
2.3764705882352945e-13
2.3764705882352945e-13
2.3764705882352945e-13
2.3764705882352945e-13
2.3764705882352945e-13
2.3713736631016044e-13
2.3789271390374333e-13
2.365992647058824e-13
2.302941176470591e-13
1.5330213903743324e-13
1.5411764705882353e-13
1.5490641711229944e-13
1.5411764705882353e-13
1.5411764705882353e-13
1.5411764705882353e-13
1.5411764705882353e-13
1.5411764705882353e-13
1.5411764705882353e-13
1.5411764705882353e-13
1.5411764705882353e-13
1.5411764705882353e-13
1.5411764705882353e-13
1.5529411764705885e-13
1.5411764705882353e-13
1.5411764705882353e-13
1.5411764705882353e-13
1.5411764705882353e-13
1.5411764705882353e-13
1.5411764705882353e-13
1.5411764705882353e-13
1.5411764705882353e-13
1.5411764705882353e-13
1.5411764705882353e-13
1.5529411764705885e-13
1.5411764705882353e-13
1.5514705882352945e-13
1.5411764705882353e-13
1.5411764705882353e-13
1.5411764705882353e-13
1.5411764705882353e-13
1.5411764705882353e-13
1.5411764705882353e-13
1.5411764705882353e-13
1.5411764705882353e-13
1.5411764705882353e-13
1.5411764705882353e-13
1.5411764705882353e-13
1.5411764705882353e-13
1.5411764705882353e-13
1.5411764705882353e-13
1.5411764705882353e-13
1.5411764705882353e-13
1.5411764705882353e-13
1.5411764705882353e-13
1.5411764705882353e-13
1.5411764705882353e-13
1.5294117647058824e-13
1e-13
1e-13
1e-13
1e-13
1e-13
1e-13
2.839973262032086e-13
3.176470588235294e-13
3.176470588235294e-13
3.176470588235294e-13
3.176470588235294e-13
3.176470588235294e-13
3.176470588235294e-13
3.176470588235294e-13
3.176470588235294e-13
3.176470588235294e-13
3.176470588235294e-13
3.176470588235294e-13
3.176470588235294e-13
3.176470588235294e-13
3.176470588235294e-13
3.176470588235294e-13
3.176470588235294e-13
3.176470588235294e-13
3.176470588235294e-13
3.176470588235294e-13
3.176470588235294e-13
3.176470588235294e-13
3.176470588235294e-13
3.176470588235294e-13
3.176470588235294e-13
3.176470588235294e-13
3.176470588235294e-13
3.176470588235294e-13
3.176470588235294e-13
3.176470588235294e-13
3.176470588235294e-13
3.176470588235294e-13
3.176470588235294e-13
3.176470588235294e-13
3.176470588235294e-13
3.176470588235294e-13
3.176470588235294e-13
3.176470588235294e-13
3.176470588235294e-13
3.176470588235294e-13
3.176470588235294e-13
3.176470588235294e-13
3.176470588235294e-13
3.176470588235294e-13
3.176470588235294e-13
3.176470588235294e-13
3.176470588235294e-13
3.176470588235294e-13
3.176470588235294e-13
3.176470588235294e-13
3.176470588235294e-13
3.176470588235294e-13
3.176470588235294e-13
3.1647058823529414e-13
3.1985294117647065e-13
1.5473262032085613e-13
1e-13
1e-13
1e-13
1e-13
1e-13
1e-13
1e-13
1e-13
1e-13
1e-13
1e-13
1e-13
1e-13
1e-13
1e-13
1e-13
1e-13
1e-13
1e-13
1e-13
1e-13
1e-13
1e-13
1e-13
1e-13
1e-13
1e-13
1e-13
1e-13
1e-13
1e-13
1e-13
1e-13
1e-13
1e-13
1e-13
1e-13
1e-13
1e-13
1e-13
1e-13
1e-13
1e-13
1e-13
1e-13
1e-13
1e-13
1e-13
1e-13
1e-13
1e-13
1e-13
1e-13
1e-13
1.3475935828876946e-13
2.386497326203209e-13
2.3764705882352945e-13
2.3764705882352945e-13
2.3764705882352945e-13
2.3764705882352945e-13
2.3764705882352945e-13
2.3764705882352945e-13
2.3764705882352945e-13
2.3764705882352945e-13
2.3764705882352945e-13
2.3764705882352945e-13
2.3764705882352945e-13
2.3764705882352945e-13
2.3764705882352945e-13
2.3764705882352945e-13
2.3764705882352945e-13
2.3764705882352945e-13
2.3764705882352945e-13
2.3764705882352945e-13
2.3764705882352945e-13
2.3764705882352945e-13
2.3792780748663105e-13
2.3764705882352945e-13
2.3764705882352945e-13
2.3764705882352945e-13
2.3764705882352945e-13
2.3764705882352945e-13
2.3764705882352945e-13
2.3764705882352945e-13
2.3647058823529413e-13
2.3764705882352945e-13
2.3764705882352945e-13
2.3764705882352945e-13
2.3764705882352945e-13
2.3764705882352945e-13
2.3764705882352945e-13
2.3764705882352945e-13
2.3764705882352945e-13
2.3764705882352945e-13
2.3764705882352945e-13
2.3764705882352945e-13
2.3764705882352945e-13
2.3764705882352945e-13
2.3764705882352945e-13
2.3764705882352945e-13
2.3764705882352945e-13
2.3764705882352945e-13
2.3764705882352945e-13
2.3764705882352945e-13
2.3764705882352945e-13
2.3764705882352945e-13
2.3647058823529413e-13
2.3764705882352945e-13
2.3647058823529413e-13
2.302941176470591e-13
1.5330213903743324e-13
1.5411764705882353e-13
1.5490641711229944e-13
1.5411764705882353e-13
1.5411764705882353e-13
1.5411764705882353e-13
1.5411764705882353e-13
1.5411764705882353e-13
1.5411764705882353e-13
1.5411764705882353e-13
1.5411764705882353e-13
1.5411764705882353e-13
1.5411764705882353e-13
1.5529411764705885e-13
1.5411764705882353e-13
1.5411764705882353e-13
1.5411764705882353e-13
1.5411764705882353e-13
1.5411764705882353e-13
1.5411764705882353e-13
1.5411764705882353e-13
1.5411764705882353e-13
1.5411764705882353e-13
1.5411764705882353e-13
1.5431818181818178e-13
1.5411764705882353e-13
1.5411764705882353e-13
1.5411764705882353e-13
1.5411764705882353e-13
1.5411764705882353e-13
1.5411764705882353e-13
1.5411764705882353e-13
1.5411764705882353e-13
1.5411764705882353e-13
1.5411764705882353e-13
1.5411764705882353e-13
1.5411764705882353e-13
1.5411764705882353e-13
1.5411764705882353e-13
1.5411764705882353e-13
1.5411764705882353e-13
1.5411764705882353e-13
1.5411764705882353e-13
1.5411764705882353e-13
1.5411764705882353e-13
1.5411764705882353e-13
1.5411764705882353e-13
1.5294117647058824e-13
1e-13
1e-13
1e-13
1e-13
1e-13
1e-13
2.839973262032086e-13
3.176470588235294e-13
3.176470588235294e-13
3.176470588235294e-13
3.176470588235294e-13
3.176470588235294e-13
3.176470588235294e-13
3.176470588235294e-13
3.176470588235294e-13
3.176470588235294e-13
3.176470588235294e-13
3.176470588235294e-13
3.176470588235294e-13
3.176470588235294e-13
3.176470588235294e-13
3.176470588235294e-13
3.176470588235294e-13
3.176470588235294e-13
3.176470588235294e-13
3.176470588235294e-13
3.176470588235294e-13
3.176470588235294e-13
3.176470588235294e-13
3.176470588235294e-13
3.176470588235294e-13
3.176470588235294e-13
3.176470588235294e-13
3.176470588235294e-13
3.176470588235294e-13
3.176470588235294e-13
3.176470588235294e-13
3.176470588235294e-13
3.176470588235294e-13
3.176470588235294e-13
3.176470588235294e-13
3.176470588235294e-13
3.176470588235294e-13
3.176470588235294e-13
3.176470588235294e-13
3.176470588235294e-13
3.176470588235294e-13
3.176470588235294e-13
3.176470588235294e-13
3.176470588235294e-13
3.176470588235294e-13
3.176470588235294e-13
3.176470588235294e-13
3.176470588235294e-13
3.176470588235294e-13
3.176470588235294e-13
3.176470588235294e-13
3.176470588235294e-13
3.176470588235294e-13
3.1647058823529414e-13
3.1985294117647065e-13
1.5473262032085613e-13
1e-13
1e-13
1e-13
1e-13
1e-13
1e-13
1e-13
1e-13
1e-13
1e-13
1e-13
1e-13
1e-13
1e-13
1e-13
1e-13
1e-13
1e-13
1e-13
1e-13
1e-13
1e-13
1e-13
1e-13
1e-13
1e-13
1e-13
1e-13
1e-13
1e-13
1e-13
1e-13
1e-13
1e-13
1e-13
1e-13
1e-13
1e-13
1e-13
1e-13
1e-13
1e-13
1e-13
1e-13
1e-13
1e-13
1e-13
1e-13
1e-13
1e-13
1e-13
1e-13
1e-13
1e-13
1.3475935828876946e-13
2.386497326203209e-13
2.3764705882352945e-13
2.3764705882352945e-13
2.3764705882352945e-13
2.3764705882352945e-13
2.3764705882352945e-13
2.3764705882352945e-13
2.3764705882352945e-13
2.3764705882352945e-13
2.3764705882352945e-13
2.3764705882352945e-13
2.3764705882352945e-13
2.3764705882352945e-13
2.3764705882352945e-13
2.3764705882352945e-13
2.3764705882352945e-13
2.3764705882352945e-13
2.3764705882352945e-13
2.3764705882352945e-13
2.3764705882352945e-13
2.3764705882352945e-13
2.3792780748663105e-13
2.3764705882352945e-13
2.3764705882352945e-13
2.3764705882352945e-13
2.3764705882352945e-13
2.3764705882352945e-13
2.3764705882352945e-13
2.3764705882352945e-13
2.3647058823529413e-13
2.3764705882352945e-13
2.3764705882352945e-13
2.3764705882352945e-13
2.3764705882352945e-13
2.3764705882352945e-13
2.3764705882352945e-13
2.3764705882352945e-13
2.3764705882352945e-13
2.3764705882352945e-13
2.3764705882352945e-13
2.3764705882352945e-13
2.3764705882352945e-13
2.3764705882352945e-13
2.3764705882352945e-13
2.3764705882352945e-13
2.3764705882352945e-13
2.3764705882352945e-13
2.3764705882352945e-13
2.3764705882352945e-13
2.3764705882352945e-13
2.3764705882352945e-13
2.370484625668449e-13
2.3785995989304815e-13
2.365821078431373e-13
2.302941176470591e-13
1.5330213903743324e-13
1.5411764705882353e-13
1.5490641711229944e-13
1.5411764705882353e-13
1.5411764705882353e-13
1.5411764705882353e-13
1.5411764705882353e-13
1.5411764705882353e-13
1.5411764705882353e-13
1.5411764705882353e-13
1.5411764705882353e-13
1.5411764705882353e-13
1.5411764705882353e-13
1.5529411764705885e-13
1.5411764705882353e-13
1.5411764705882353e-13
1.5411764705882353e-13
1.5411764705882353e-13
1.5411764705882353e-13
1.5411764705882353e-13
1.5411764705882353e-13
1.5411764705882353e-13
1.5411764705882353e-13
1.5411764705882353e-13
1.5529411764705885e-13
1.5411764705882353e-13
1.5500980392156864e-13
1.5411764705882353e-13
1.5411764705882353e-13
1.5411764705882353e-13
1.5411764705882353e-13
1.5411764705882353e-13
1.5411764705882353e-13
1.5411764705882353e-13
1.5411764705882353e-13
1.5411764705882353e-13
1.5411764705882353e-13
1.5411764705882353e-13
1.5411764705882353e-13
1.5411764705882353e-13
1.5411764705882353e-13
1.5411764705882353e-13
1.5411764705882353e-13
1.5411764705882353e-13
1.5411764705882353e-13
1.5411764705882353e-13
1.5411764705882353e-13
1.5294117647058824e-13
1e-13
1e-13
1e-13
1e-13
1e-13
1e-13
2.839973262032086e-13
3.176470588235294e-13
3.176470588235294e-13
3.176470588235294e-13
3.176470588235294e-13
3.176470588235294e-13
3.176470588235294e-13
3.176470588235294e-13
3.176470588235294e-13
3.176470588235294e-13
3.176470588235294e-13
3.176470588235294e-13
3.176470588235294e-13
3.176470588235294e-13
3.176470588235294e-13
3.176470588235294e-13
3.176470588235294e-13
3.176470588235294e-13
3.176470588235294e-13
3.176470588235294e-13
3.176470588235294e-13
3.176470588235294e-13
3.176470588235294e-13
3.176470588235294e-13
3.176470588235294e-13
3.176470588235294e-13
3.176470588235294e-13
3.176470588235294e-13
3.176470588235294e-13
3.176470588235294e-13
3.176470588235294e-13
3.176470588235294e-13
3.176470588235294e-13
3.176470588235294e-13
3.176470588235294e-13
3.176470588235294e-13
3.176470588235294e-13
3.176470588235294e-13
3.176470588235294e-13
3.176470588235294e-13
3.176470588235294e-13
3.176470588235294e-13
3.176470588235294e-13
3.176470588235294e-13
3.176470588235294e-13
3.176470588235294e-13
3.176470588235294e-13
3.176470588235294e-13
3.176470588235294e-13
3.176470588235294e-13
3.176470588235294e-13
3.176470588235294e-13
3.176470588235294e-13
3.1647058823529414e-13
3.1985294117647065e-13
1.5473262032085613e-13
1e-13
1e-13
1e-13
1e-13
1e-13
1e-13
1e-13
1e-13
1e-13
1e-13
1e-13
1e-13
1e-13
1e-13
1e-13
1e-13
1e-13
1e-13
1e-13
1e-13
1e-13
1e-13
1e-13
1e-13
1e-13
1e-13
1e-13
1e-13
1e-13
1e-13
1e-13
1e-13
1e-13
1e-13
1e-13
1e-13
1e-13
1e-13
1e-13
1e-13
1e-13
1e-13
1e-13
1e-13
1e-13
1e-13
1e-13
1e-13
1e-13
1e-13
1e-13
1e-13
1e-13
1e-13
1.3475935828876946e-13
2.386497326203209e-13
2.3764705882352945e-13
2.3764705882352945e-13
2.38596256684492e-13
2.388235294117647e-13
2.388235294117647e-13
2.388235294117647e-13
2.388235294117647e-13
2.388235294117647e-13
2.388235294117647e-13
2.388235294117647e-13
2.388235294117647e-13
2.388235294117647e-13
2.388235294117647e-13
2.388235294117647e-13
2.3764705882352945e-13
2.388235294117647e-13
2.3764705882352945e-13
2.388235294117647e-13
2.388235294117647e-13
2.388235294117647e-13
2.388235294117647e-13
2.388235294117647e-13
2.3764705882352945e-13
2.3764705882352945e-13
2.3764705882352945e-13
2.3764705882352945e-13
2.388235294117647e-13
2.3764705882352945e-13
2.3764705882352945e-13
2.388235294117647e-13
2.388235294117647e-13
2.388235294117647e-13
2.388235294117647e-13
2.388235294117647e-13
2.388235294117647e-13
2.388235294117647e-13
2.388235294117647e-13
2.388235294117647e-13
2.388235294117647e-13
2.388235294117647e-13
2.3764705882352945e-13
2.3764705882352945e-13
2.388235294117647e-13
2.388235294117647e-13
2.388235294117647e-13
2.3774064171123003e-13
2.3764705882352945e-13
2.388235294117647e-13
2.3764705882352945e-13
2.3764705882352945e-13
2.3764705882352945e-13
2.388235294117647e-13
2.3764705882352945e-13
2.302941176470591e-13
1.5330213903743324e-13
1.5411764705882353e-13
1.5490641711229944e-13
1.5529411764705885e-13
1.5529411764705885e-13
1.5529411764705885e-13
1.5529411764705885e-13
1.5529411764705885e-13
1.5529411764705885e-13
1.5529411764705885e-13
1.5529411764705885e-13
1.5529411764705885e-13
1.5529411764705885e-13
1.5529411764705885e-13
1.5529411764705885e-13
1.5529411764705885e-13
1.5529411764705885e-13
1.5529411764705885e-13
1.5529411764705885e-13
1.5529411764705885e-13
1.5529411764705885e-13
1.5529411764705885e-13
1.5529411764705885e-13
1.5529411764705885e-13
1.554946524064171e-13
1.5529411764705885e-13
1.5529411764705885e-13
1.5529411764705885e-13
1.5529411764705885e-13
1.5529411764705885e-13
1.5529411764705885e-13
1.5529411764705885e-13
1.5529411764705885e-13
1.5529411764705885e-13
1.5529411764705885e-13
1.5529411764705885e-13
1.5529411764705885e-13
1.5529411764705885e-13
1.5529411764705885e-13
1.5529411764705885e-13
1.5529411764705885e-13
1.5529411764705885e-13
1.5529411764705885e-13
1.5529411764705885e-13
1.5529411764705885e-13
1.5529411764705885e-13
1.5450534759358295e-13
1.5294117647058824e-13
1e-13
1e-13
1e-13
1e-13
1e-13
1e-13
2.839973262032086e-13
3.176470588235294e-13
3.176470588235294e-13
3.176470588235294e-13
3.176470588235294e-13
3.176470588235294e-13
3.176470588235294e-13
3.176470588235294e-13
3.176470588235294e-13
3.176470588235294e-13
3.176470588235294e-13
3.176470588235294e-13
3.176470588235294e-13
3.176470588235294e-13
3.176470588235294e-13
3.176470588235294e-13
3.176470588235294e-13
3.176470588235294e-13
3.176470588235294e-13
3.176470588235294e-13
3.176470588235294e-13
3.176470588235294e-13
3.176470588235294e-13
3.176470588235294e-13
3.176470588235294e-13
3.176470588235294e-13
3.176470588235294e-13
3.176470588235294e-13
3.176470588235294e-13
3.176470588235294e-13
3.176470588235294e-13
3.176470588235294e-13
3.176470588235294e-13
3.176470588235294e-13
3.176470588235294e-13
3.176470588235294e-13
3.176470588235294e-13
3.176470588235294e-13
3.176470588235294e-13
3.176470588235294e-13
3.176470588235294e-13
3.176470588235294e-13
3.176470588235294e-13
3.176470588235294e-13
3.176470588235294e-13
3.176470588235294e-13
3.176470588235294e-13
3.176470588235294e-13
3.176470588235294e-13
3.176470588235294e-13
3.176470588235294e-13
3.176470588235294e-13
3.176470588235294e-13
3.1647058823529414e-13
3.1985294117647065e-13
1.5473262032085613e-13
1e-13
1e-13
1e-13
1e-13
1e-13
1e-13
1e-13
1e-13
1e-13
1e-13
1e-13
1e-13
1e-13
1e-13
1e-13
1e-13
1e-13
1e-13
1e-13
1e-13
1e-13
1e-13
1e-13
1e-13
1e-13
1e-13
1e-13
1e-13
1e-13
1e-13
1e-13
1e-13
1e-13
1e-13
1e-13
1e-13
1e-13
1e-13
1e-13
1e-13
1e-13
1e-13
1e-13
1e-13
1e-13
1e-13
1e-13
1e-13
1e-13
1e-13
1e-13
1e-13
1e-13
1e-13
1.3475935828876946e-13
2.386497326203209e-13
2.3764705882352945e-13
2.3764705882352945e-13
2.3764705882352945e-13
2.3764705882352945e-13
2.3764705882352945e-13
2.3764705882352945e-13
2.3764705882352945e-13
2.3764705882352945e-13
2.3764705882352945e-13
2.3764705882352945e-13
2.3764705882352945e-13
2.3764705882352945e-13
2.3764705882352945e-13
2.3764705882352945e-13
2.3764705882352945e-13
2.3764705882352945e-13
2.3764705882352945e-13
2.3764705882352945e-13
2.3764705882352945e-13
2.3764705882352945e-13
2.3792780748663105e-13
2.3764705882352945e-13
2.3764705882352945e-13
2.3764705882352945e-13
2.3764705882352945e-13
2.3764705882352945e-13
2.3764705882352945e-13
2.3764705882352945e-13
2.3647058823529413e-13
2.3764705882352945e-13
2.3764705882352945e-13
2.3764705882352945e-13
2.3764705882352945e-13
2.3764705882352945e-13
2.3764705882352945e-13
2.3764705882352945e-13
2.3764705882352945e-13
2.3764705882352945e-13
2.3764705882352945e-13
2.3764705882352945e-13
2.3764705882352945e-13
2.3764705882352945e-13
2.3764705882352945e-13
2.3764705882352945e-13
2.3764705882352945e-13
2.3764705882352945e-13
2.3764705882352945e-13
2.3764705882352945e-13
2.3764705882352945e-13
2.3764705882352945e-13
2.369341577540107e-13
2.384727049910874e-13
2.3718627450980395e-13
2.302941176470591e-13
1.5330213903743324e-13
1.5411764705882353e-13
1.5490641711229944e-13
1.5411764705882353e-13
1.5411764705882353e-13
1.5411764705882353e-13
1.5411764705882353e-13
1.5411764705882353e-13
1.5411764705882353e-13
1.5411764705882353e-13
1.5411764705882353e-13
1.5411764705882353e-13
1.5411764705882353e-13
1.5529411764705885e-13
1.5411764705882353e-13
1.5411764705882353e-13
1.5411764705882353e-13
1.5411764705882353e-13
1.5411764705882353e-13
1.5411764705882353e-13
1.5411764705882353e-13
1.5411764705882353e-13
1.5440229500891266e-13
1.5411764705882353e-13
1.5529411764705885e-13
1.5411764705882353e-13
1.552679367201426e-13
1.5411764705882353e-13
1.5411764705882353e-13
1.5411764705882353e-13
1.5411764705882353e-13
1.5411764705882353e-13
1.5411764705882353e-13
1.5411764705882353e-13
1.5411764705882353e-13
1.5411764705882353e-13
1.5411764705882353e-13
1.5411764705882353e-13
1.5411764705882353e-13
1.5411764705882353e-13
1.5411764705882353e-13
1.5411764705882353e-13
1.5411764705882353e-13
1.5411764705882353e-13
1.5411764705882353e-13
1.5411764705882353e-13
1.5411764705882353e-13
1.5294117647058824e-13
1e-13
1e-13
1e-13
1e-13
1e-13
1e-13
2.839973262032086e-13
3.176470588235294e-13
3.176470588235294e-13
3.176470588235294e-13
3.176470588235294e-13
3.176470588235294e-13
3.176470588235294e-13
3.176470588235294e-13
3.176470588235294e-13
3.176470588235294e-13
3.176470588235294e-13
3.176470588235294e-13
3.176470588235294e-13
3.176470588235294e-13
3.176470588235294e-13
3.176470588235294e-13
3.176470588235294e-13
3.176470588235294e-13
3.176470588235294e-13
3.176470588235294e-13
3.176470588235294e-13
3.176470588235294e-13
3.176470588235294e-13
3.176470588235294e-13
3.176470588235294e-13
3.176470588235294e-13
3.176470588235294e-13
3.176470588235294e-13
3.176470588235294e-13
3.176470588235294e-13
3.176470588235294e-13
3.176470588235294e-13
3.176470588235294e-13
3.176470588235294e-13
3.176470588235294e-13
3.176470588235294e-13
3.176470588235294e-13
3.176470588235294e-13
3.176470588235294e-13
3.176470588235294e-13
3.176470588235294e-13
3.176470588235294e-13
3.176470588235294e-13
3.176470588235294e-13
3.176470588235294e-13
3.176470588235294e-13
3.176470588235294e-13
3.176470588235294e-13
3.176470588235294e-13
3.176470588235294e-13
3.176470588235294e-13
3.176470588235294e-13
3.176470588235294e-13
3.1647058823529414e-13
3.1985294117647065e-13
1.5473262032085613e-13
1e-13
1e-13
1e-13
1e-13
1e-13
1e-13
1e-13
1e-13
1e-13
1e-13
1e-13
1e-13
1e-13
1e-13
1e-13
1e-13
1e-13
1e-13
1e-13
1e-13
1e-13
1e-13
1e-13
1e-13
1e-13
1e-13
1e-13
1e-13
1e-13
1e-13
1e-13
1e-13
1e-13
1e-13
1e-13
1e-13
1e-13
1e-13
1e-13
1e-13
1e-13
1e-13
1e-13
1e-13
1e-13
1e-13
1e-13
1e-13
1e-13
1e-13
1e-13
1e-13
1e-13
1e-13
1.3475935828876946e-13
2.386497326203209e-13
2.3764705882352945e-13
2.3764705882352945e-13
2.3764705882352945e-13
2.3764705882352945e-13
2.3764705882352945e-13
2.3764705882352945e-13
2.3764705882352945e-13
2.3764705882352945e-13
2.3764705882352945e-13
2.3764705882352945e-13
2.3764705882352945e-13
2.3764705882352945e-13
2.3764705882352945e-13
2.3764705882352945e-13
2.3764705882352945e-13
2.3764705882352945e-13
2.3764705882352945e-13
2.3764705882352945e-13
2.3764705882352945e-13
2.3764705882352945e-13
2.3792780748663105e-13
2.3764705882352945e-13
2.3764705882352945e-13
2.3764705882352945e-13
2.3764705882352945e-13
2.3764705882352945e-13
2.3764705882352945e-13
2.3764705882352945e-13
2.3647058823529413e-13
2.3764705882352945e-13
2.3764705882352945e-13
2.3764705882352945e-13
2.3764705882352945e-13
2.3764705882352945e-13
2.3764705882352945e-13
2.3764705882352945e-13
2.3764705882352945e-13
2.3764705882352945e-13
2.3764705882352945e-13
2.3764705882352945e-13
2.3764705882352945e-13
2.3764705882352945e-13
2.3764705882352945e-13
2.3764705882352945e-13
2.3764705882352945e-13
2.3764705882352945e-13
2.3764705882352945e-13
2.3764705882352945e-13
2.3764705882352945e-13
2.3764705882352945e-13
2.3647058823529413e-13
2.3764705882352945e-13
2.3647058823529413e-13
2.302941176470591e-13
1.5330213903743324e-13
1.5411764705882353e-13
1.5490641711229944e-13
1.5411764705882353e-13
1.5411764705882353e-13
1.5411764705882353e-13
1.5411764705882353e-13
1.5411764705882353e-13
1.5411764705882353e-13
1.5411764705882353e-13
1.5411764705882353e-13
1.5411764705882353e-13
1.5411764705882353e-13
1.5529411764705885e-13
1.5411764705882353e-13
1.5411764705882353e-13
1.5411764705882353e-13
1.5411764705882353e-13
1.5411764705882353e-13
1.5411764705882353e-13
1.5411764705882353e-13
1.5411764705882353e-13
1.5411764705882353e-13
1.5411764705882353e-13
1.5431818181818178e-13
1.5411764705882353e-13
1.5411764705882353e-13
1.5411764705882353e-13
1.5411764705882353e-13
1.5411764705882353e-13
1.5411764705882353e-13
1.5411764705882353e-13
1.5411764705882353e-13
1.5411764705882353e-13
1.5411764705882353e-13
1.5411764705882353e-13
1.5411764705882353e-13
1.5411764705882353e-13
1.5411764705882353e-13
1.5411764705882353e-13
1.5411764705882353e-13
1.5411764705882353e-13
1.5411764705882353e-13
1.5411764705882353e-13
1.5411764705882353e-13
1.5411764705882353e-13
1.5411764705882353e-13
1.5294117647058824e-13
1e-13
1e-13
1e-13
1e-13
1e-13
1e-13
2.839973262032086e-13
3.176470588235294e-13
3.176470588235294e-13
3.176470588235294e-13
3.176470588235294e-13
3.176470588235294e-13
3.176470588235294e-13
3.176470588235294e-13
3.176470588235294e-13
3.176470588235294e-13
3.176470588235294e-13
3.176470588235294e-13
3.176470588235294e-13
3.176470588235294e-13
3.176470588235294e-13
3.176470588235294e-13
3.176470588235294e-13
3.176470588235294e-13
3.176470588235294e-13
3.176470588235294e-13
3.176470588235294e-13
3.176470588235294e-13
3.176470588235294e-13
3.176470588235294e-13
3.176470588235294e-13
3.176470588235294e-13
3.176470588235294e-13
3.176470588235294e-13
3.176470588235294e-13
3.176470588235294e-13
3.176470588235294e-13
3.176470588235294e-13
3.176470588235294e-13
3.176470588235294e-13
3.176470588235294e-13
3.176470588235294e-13
3.176470588235294e-13
3.176470588235294e-13
3.176470588235294e-13
3.176470588235294e-13
3.176470588235294e-13
3.176470588235294e-13
3.176470588235294e-13
3.176470588235294e-13
3.176470588235294e-13
3.176470588235294e-13
3.176470588235294e-13
3.176470588235294e-13
3.176470588235294e-13
3.176470588235294e-13
3.176470588235294e-13
3.176470588235294e-13
3.176470588235294e-13
3.1647058823529414e-13
3.1985294117647065e-13
1.5473262032085613e-13
1e-13
1e-13
1e-13
1e-13
1e-13
1e-13
1e-13
1e-13
1e-13
1e-13
1e-13
1e-13
1e-13
1e-13
1e-13
1e-13
1e-13
1e-13
1e-13
1e-13
1e-13
1e-13
1e-13
1e-13
1e-13
1e-13
1e-13
1e-13
1e-13
1e-13
1e-13
1e-13
1e-13
1e-13
1e-13
1e-13
1e-13
1e-13
1e-13
1e-13
1e-13
1e-13
1e-13
1e-13
1e-13
1e-13
1e-13
1e-13
1e-13
1e-13
1e-13
1e-13
1e-13
1e-13
1.3475935828876946e-13
2.386497326203209e-13
2.3764705882352945e-13
2.3764705882352945e-13
2.3764705882352945e-13
2.3764705882352945e-13
2.3764705882352945e-13
2.3764705882352945e-13
2.3764705882352945e-13
2.3764705882352945e-13
2.3764705882352945e-13
2.3764705882352945e-13
2.3764705882352945e-13
2.3764705882352945e-13
2.3764705882352945e-13
2.3764705882352945e-13
2.3764705882352945e-13
2.3764705882352945e-13
2.3764705882352945e-13
2.3764705882352945e-13
2.3764705882352945e-13
2.3764705882352945e-13
2.3792780748663105e-13
2.3764705882352945e-13
2.3764705882352945e-13
2.3764705882352945e-13
2.3764705882352945e-13
2.3764705882352945e-13
2.3764705882352945e-13
2.3764705882352945e-13
2.3647058823529413e-13
2.3764705882352945e-13
2.3764705882352945e-13
2.3764705882352945e-13
2.3764705882352945e-13
2.3764705882352945e-13
2.3764705882352945e-13
2.3764705882352945e-13
2.3764705882352945e-13
2.3764705882352945e-13
2.3764705882352945e-13
2.3764705882352945e-13
2.3764705882352945e-13
2.3764705882352945e-13
2.3764705882352945e-13
2.3764705882352945e-13
2.3764705882352945e-13
2.3764705882352945e-13
2.3764705882352945e-13
2.3764705882352945e-13
2.3764705882352945e-13
2.3764705882352945e-13
2.3648963903743313e-13
2.3795020053475937e-13
2.3664338235294116e-13
2.302941176470591e-13
1.5330213903743324e-13
1.5411764705882353e-13
1.5490641711229944e-13
1.5411764705882353e-13
1.5411764705882353e-13
1.5411764705882353e-13
1.5411764705882353e-13
1.5411764705882353e-13
1.5411764705882353e-13
1.5411764705882353e-13
1.5411764705882353e-13
1.5411764705882353e-13
1.5411764705882353e-13
1.5529411764705885e-13
1.5411764705882353e-13
1.5411764705882353e-13
1.5411764705882353e-13
1.5411764705882353e-13
1.5411764705882353e-13
1.5411764705882353e-13
1.5411764705882353e-13
1.5411764705882353e-13
1.5412934491978608e-13
1.5413870320855614e-13
1.5529411764705885e-13
1.5411764705882353e-13
1.5529411764705885e-13
1.5411764705882353e-13
1.5411764705882353e-13
1.5411764705882353e-13
1.5411764705882353e-13
1.5411764705882353e-13
1.5411764705882353e-13
1.5411764705882353e-13
1.5411764705882353e-13
1.5411764705882353e-13
1.5411764705882353e-13
1.5411764705882353e-13
1.5411764705882353e-13
1.5411764705882353e-13
1.5411764705882353e-13
1.5411764705882353e-13
1.5411764705882353e-13
1.5411764705882353e-13
1.5411764705882353e-13
1.5411764705882353e-13
1.5411764705882353e-13
1.5294117647058824e-13
1e-13
1e-13
1e-13
1e-13
1e-13
1e-13
2.839973262032086e-13
3.176470588235294e-13
3.176470588235294e-13
3.176470588235294e-13
3.176470588235294e-13
3.176470588235294e-13
3.176470588235294e-13
3.176470588235294e-13
3.176470588235294e-13
3.176470588235294e-13
3.176470588235294e-13
3.176470588235294e-13
3.176470588235294e-13
3.176470588235294e-13
3.176470588235294e-13
3.176470588235294e-13
3.176470588235294e-13
3.176470588235294e-13
3.176470588235294e-13
3.176470588235294e-13
3.176470588235294e-13
3.176470588235294e-13
3.176470588235294e-13
3.176470588235294e-13
3.176470588235294e-13
3.176470588235294e-13
3.176470588235294e-13
3.176470588235294e-13
3.176470588235294e-13
3.176470588235294e-13
3.176470588235294e-13
3.176470588235294e-13
3.176470588235294e-13
3.176470588235294e-13
3.176470588235294e-13
3.176470588235294e-13
3.176470588235294e-13
3.176470588235294e-13
3.176470588235294e-13
3.176470588235294e-13
3.176470588235294e-13
3.176470588235294e-13
3.176470588235294e-13
3.176470588235294e-13
3.176470588235294e-13
3.176470588235294e-13
3.176470588235294e-13
3.176470588235294e-13
3.176470588235294e-13
3.176470588235294e-13
3.176470588235294e-13
3.176470588235294e-13
3.176470588235294e-13
3.1647058823529414e-13
3.1985294117647065e-13
1.5473262032085613e-13
1e-13
1e-13
1e-13
1e-13
1e-13
1e-13
1e-13
1e-13
1e-13
1e-13
1e-13
1e-13
1e-13
1e-13
1e-13
1e-13
1e-13
1e-13
1e-13
1e-13
1e-13
1e-13
1e-13
1e-13
1e-13
1e-13
1e-13
1e-13
1e-13
1e-13
1e-13
1e-13
1e-13
1e-13
1e-13
1e-13
1e-13
1e-13
1e-13
1e-13
1e-13
1e-13
1e-13
1e-13
1e-13
1e-13
1e-13
1e-13
1e-13
1e-13
1e-13
1e-13
1e-13
1e-13
1.3475935828876946e-13
2.386497326203209e-13
2.3764705882352945e-13
2.3764705882352945e-13
2.38596256684492e-13
2.388235294117647e-13
2.388235294117647e-13
2.388235294117647e-13
2.388235294117647e-13
2.388235294117647e-13
2.388235294117647e-13
2.388235294117647e-13
2.388235294117647e-13
2.388235294117647e-13
2.388235294117647e-13
2.388235294117647e-13
2.3764705882352945e-13
2.388235294117647e-13
2.3764705882352945e-13
2.388235294117647e-13
2.388235294117647e-13
2.388235294117647e-13
2.388235294117647e-13
2.388235294117647e-13
2.3764705882352945e-13
2.3764705882352945e-13
2.3764705882352945e-13
2.3764705882352945e-13
2.388235294117647e-13
2.3764705882352945e-13
2.3764705882352945e-13
2.388235294117647e-13
2.388235294117647e-13
2.388235294117647e-13
2.388235294117647e-13
2.388235294117647e-13
2.388235294117647e-13
2.388235294117647e-13
2.388235294117647e-13
2.388235294117647e-13
2.388235294117647e-13
2.388235294117647e-13
2.3764705882352945e-13
2.3764705882352945e-13
2.388235294117647e-13
2.388235294117647e-13
2.388235294117647e-13
2.3774064171123003e-13
2.3764705882352945e-13
2.388235294117647e-13
2.3764705882352945e-13
2.3764705882352945e-13
2.3764705882352945e-13
2.388235294117647e-13
2.3764705882352945e-13
2.302941176470591e-13
1.5330213903743324e-13
1.5411764705882353e-13
1.5490641711229944e-13
1.5529411764705885e-13
1.5529411764705885e-13
1.5529411764705885e-13
1.5529411764705885e-13
1.5529411764705885e-13
1.5529411764705885e-13
1.5529411764705885e-13
1.5529411764705885e-13
1.5529411764705885e-13
1.5529411764705885e-13
1.5529411764705885e-13
1.5529411764705885e-13
1.5529411764705885e-13
1.5529411764705885e-13
1.5529411764705885e-13
1.5529411764705885e-13
1.5529411764705885e-13
1.5529411764705885e-13
1.5529411764705885e-13
1.5529411764705885e-13
1.5529411764705885e-13
1.554946524064171e-13
1.5529411764705885e-13
1.5529411764705885e-13
1.5529411764705885e-13
1.5529411764705885e-13
1.5529411764705885e-13
1.5529411764705885e-13
1.5529411764705885e-13
1.5529411764705885e-13
1.5529411764705885e-13
1.5529411764705885e-13
1.5529411764705885e-13
1.5529411764705885e-13
1.5529411764705885e-13
1.5529411764705885e-13
1.5529411764705885e-13
1.5529411764705885e-13
1.5529411764705885e-13
1.5529411764705885e-13
1.5529411764705885e-13
1.5529411764705885e-13
1.5529411764705885e-13
1.5450534759358295e-13
1.5294117647058824e-13
)
;
boundaryField
{
    inlet
    {
        type            zeroGradient;
    }
    outlet
    {
        type            zeroGradient;
    }
    walls
    {
        type            zeroGradient;
    }
    emptyWalls
    {
        type            empty;
    }
}