/*--------------------------------*- C++ -*----------------------------------*\
  =========                 |
  \\      /  F ield         | OpenFOAM: The Open Source CFD Toolbox
   \\    /   O peration     | Website:  https://openfoam.org
    \\  /    A nd           | Version:  9
     \\/     M anipulation  |
\*---------------------------------------------------------------------------*/
FoamFile
{
    format      ascii;
    class       vectorField;
    location    "constant/polyMesh";
    object      points;
}
// * * * * * * * * * * * * * * * * * * * * * * * * * * * * * * * * * * * * * //


10302
(
(0 0 0)
(20 0 0)
(40 0 0)
(60 0 0)
(80 0 0)
(100 0 0)
(120 0 0)
(140 0 0)
(160 0 0)
(180 0 0)
(200 0 0)
(220 0 0)
(240 0 0)
(260 0 0)
(280 0 0)
(300 0 0)
(320 0 0)
(340 0 0)
(360 0 0)
(380 0 0)
(400 0 0)
(420 0 0)
(440 0 0)
(460 0 0)
(480 0 0)
(500 0 0)
(520 0 0)
(540 0 0)
(560 0 0)
(580 0 0)
(600 0 0)
(620 0 0)
(640 0 0)
(660 0 0)
(680 0 0)
(700 0 0)
(720 0 0)
(740 0 0)
(760 0 0)
(780 0 0)
(800 0 0)
(820 0 0)
(840 0 0)
(860 0 0)
(880 0 0)
(900 0 0)
(920 0 0)
(940 0 0)
(960 0 0)
(980 0 0)
(1000 0 0)
(1020 0 0)
(1040 0 0)
(1060 0 0)
(1080 0 0)
(1100 0 0)
(1120 0 0)
(1140 0 0)
(1160 0 0)
(1180 0 0)
(1200 0 0)
(1220 0 0)
(1240 0 0)
(1260 0 0)
(1280 0 0)
(1300 0 0)
(1320 0 0)
(1340 0 0)
(1360 0 0)
(1380 0 0)
(1400 0 0)
(1420 0 0)
(1440 0 0)
(1460 0 0)
(1480 0 0)
(1500 0 0)
(1520 0 0)
(1540 0 0)
(1560 0 0)
(1580 0 0)
(1600 0 0)
(1620 0 0)
(1640 0 0)
(1660 0 0)
(1680 0 0)
(1700 0 0)
(1720 0 0)
(1740 0 0)
(1760 0 0)
(1780 0 0)
(1800 0 0)
(1820 0 0)
(1840 0 0)
(1860 0 0)
(1880 0 0)
(1900 0 0)
(1920 0 0)
(1940 0 0)
(1960 0 0)
(1980 0 0)
(2000 0 0)
(0 2 0)
(20 2 0)
(40 2 0)
(60 2 0)
(80 2 0)
(100 2 0)
(120 2 0)
(140 2 0)
(160 2 0)
(180 2 0)
(200 2 0)
(220 2 0)
(240 2 0)
(260 2 0)
(280 2 0)
(300 2 0)
(320 2 0)
(340 2 0)
(360 2 0)
(380 2 0)
(400 2 0)
(420 2 0)
(440 2 0)
(460 2 0)
(480 2 0)
(500 2 0)
(520 2 0)
(540 2 0)
(560 2 0)
(580 2 0)
(600 2 0)
(620 2 0)
(640 2 0)
(660 2 0)
(680 2 0)
(700 2 0)
(720 2 0)
(740 2 0)
(760 2 0)
(780 2 0)
(800 2 0)
(820 2 0)
(840 2 0)
(860 2 0)
(880 2 0)
(900 2 0)
(920 2 0)
(940 2 0)
(960 2 0)
(980 2 0)
(1000 2 0)
(1020 2 0)
(1040 2 0)
(1060 2 0)
(1080 2 0)
(1100 2 0)
(1120 2 0)
(1140 2 0)
(1160 2 0)
(1180 2 0)
(1200 2 0)
(1220 2 0)
(1240 2 0)
(1260 2 0)
(1280 2 0)
(1300 2 0)
(1320 2 0)
(1340 2 0)
(1360 2 0)
(1380 2 0)
(1400 2 0)
(1420 2 0)
(1440 2 0)
(1460 2 0)
(1480 2 0)
(1500 2 0)
(1520 2 0)
(1540 2 0)
(1560 2 0)
(1580 2 0)
(1600 2 0)
(1620 2 0)
(1640 2 0)
(1660 2 0)
(1680 2 0)
(1700 2 0)
(1720 2 0)
(1740 2 0)
(1760 2 0)
(1780 2 0)
(1800 2 0)
(1820 2 0)
(1840 2 0)
(1860 2 0)
(1880 2 0)
(1900 2 0)
(1920 2 0)
(1940 2 0)
(1960 2 0)
(1980 2 0)
(2000 2 0)
(0 4 0)
(20 4 0)
(40 4 0)
(60 4 0)
(80 4 0)
(100 4 0)
(120 4 0)
(140 4 0)
(160 4 0)
(180 4 0)
(200 4 0)
(220 4 0)
(240 4 0)
(260 4 0)
(280 4 0)
(300 4 0)
(320 4 0)
(340 4 0)
(360 4 0)
(380 4 0)
(400 4 0)
(420 4 0)
(440 4 0)
(460 4 0)
(480 4 0)
(500 4 0)
(520 4 0)
(540 4 0)
(560 4 0)
(580 4 0)
(600 4 0)
(620 4 0)
(640 4 0)
(660 4 0)
(680 4 0)
(700 4 0)
(720 4 0)
(740 4 0)
(760 4 0)
(780 4 0)
(800 4 0)
(820 4 0)
(840 4 0)
(860 4 0)
(880 4 0)
(900 4 0)
(920 4 0)
(940 4 0)
(960 4 0)
(980 4 0)
(1000 4 0)
(1020 4 0)
(1040 4 0)
(1060 4 0)
(1080 4 0)
(1100 4 0)
(1120 4 0)
(1140 4 0)
(1160 4 0)
(1180 4 0)
(1200 4 0)
(1220 4 0)
(1240 4 0)
(1260 4 0)
(1280 4 0)
(1300 4 0)
(1320 4 0)
(1340 4 0)
(1360 4 0)
(1380 4 0)
(1400 4 0)
(1420 4 0)
(1440 4 0)
(1460 4 0)
(1480 4 0)
(1500 4 0)
(1520 4 0)
(1540 4 0)
(1560 4 0)
(1580 4 0)
(1600 4 0)
(1620 4 0)
(1640 4 0)
(1660 4 0)
(1680 4 0)
(1700 4 0)
(1720 4 0)
(1740 4 0)
(1760 4 0)
(1780 4 0)
(1800 4 0)
(1820 4 0)
(1840 4 0)
(1860 4 0)
(1880 4 0)
(1900 4 0)
(1920 4 0)
(1940 4 0)
(1960 4 0)
(1980 4 0)
(2000 4 0)
(0 6 0)
(20 6 0)
(40 6 0)
(60 6 0)
(80 6 0)
(100 6 0)
(120 6 0)
(140 6 0)
(160 6 0)
(180 6 0)
(200 6 0)
(220 6 0)
(240 6 0)
(260 6 0)
(280 6 0)
(300 6 0)
(320 6 0)
(340 6 0)
(360 6 0)
(380 6 0)
(400 6 0)
(420 6 0)
(440 6 0)
(460 6 0)
(480 6 0)
(500 6 0)
(520 6 0)
(540 6 0)
(560 6 0)
(580 6 0)
(600 6 0)
(620 6 0)
(640 6 0)
(660 6 0)
(680 6 0)
(700 6 0)
(720 6 0)
(740 6 0)
(760 6 0)
(780 6 0)
(800 6 0)
(820 6 0)
(840 6 0)
(860 6 0)
(880 6 0)
(900 6 0)
(920 6 0)
(940 6 0)
(960 6 0)
(980 6 0)
(1000 6 0)
(1020 6 0)
(1040 6 0)
(1060 6 0)
(1080 6 0)
(1100 6 0)
(1120 6 0)
(1140 6 0)
(1160 6 0)
(1180 6 0)
(1200 6 0)
(1220 6 0)
(1240 6 0)
(1260 6 0)
(1280 6 0)
(1300 6 0)
(1320 6 0)
(1340 6 0)
(1360 6 0)
(1380 6 0)
(1400 6 0)
(1420 6 0)
(1440 6 0)
(1460 6 0)
(1480 6 0)
(1500 6 0)
(1520 6 0)
(1540 6 0)
(1560 6 0)
(1580 6 0)
(1600 6 0)
(1620 6 0)
(1640 6 0)
(1660 6 0)
(1680 6 0)
(1700 6 0)
(1720 6 0)
(1740 6 0)
(1760 6 0)
(1780 6 0)
(1800 6 0)
(1820 6 0)
(1840 6 0)
(1860 6 0)
(1880 6 0)
(1900 6 0)
(1920 6 0)
(1940 6 0)
(1960 6 0)
(1980 6 0)
(2000 6 0)
(0 8 0)
(20 8 0)
(40 8 0)
(60 8 0)
(80 8 0)
(100 8 0)
(120 8 0)
(140 8 0)
(160 8 0)
(180 8 0)
(200 8 0)
(220 8 0)
(240 8 0)
(260 8 0)
(280 8 0)
(300 8 0)
(320 8 0)
(340 8 0)
(360 8 0)
(380 8 0)
(400 8 0)
(420 8 0)
(440 8 0)
(460 8 0)
(480 8 0)
(500 8 0)
(520 8 0)
(540 8 0)
(560 8 0)
(580 8 0)
(600 8 0)
(620 8 0)
(640 8 0)
(660 8 0)
(680 8 0)
(700 8 0)
(720 8 0)
(740 8 0)
(760 8 0)
(780 8 0)
(800 8 0)
(820 8 0)
(840 8 0)
(860 8 0)
(880 8 0)
(900 8 0)
(920 8 0)
(940 8 0)
(960 8 0)
(980 8 0)
(1000 8 0)
(1020 8 0)
(1040 8 0)
(1060 8 0)
(1080 8 0)
(1100 8 0)
(1120 8 0)
(1140 8 0)
(1160 8 0)
(1180 8 0)
(1200 8 0)
(1220 8 0)
(1240 8 0)
(1260 8 0)
(1280 8 0)
(1300 8 0)
(1320 8 0)
(1340 8 0)
(1360 8 0)
(1380 8 0)
(1400 8 0)
(1420 8 0)
(1440 8 0)
(1460 8 0)
(1480 8 0)
(1500 8 0)
(1520 8 0)
(1540 8 0)
(1560 8 0)
(1580 8 0)
(1600 8 0)
(1620 8 0)
(1640 8 0)
(1660 8 0)
(1680 8 0)
(1700 8 0)
(1720 8 0)
(1740 8 0)
(1760 8 0)
(1780 8 0)
(1800 8 0)
(1820 8 0)
(1840 8 0)
(1860 8 0)
(1880 8 0)
(1900 8 0)
(1920 8 0)
(1940 8 0)
(1960 8 0)
(1980 8 0)
(2000 8 0)
(0 10 0)
(20 10 0)
(40 10 0)
(60 10 0)
(80 10 0)
(100 10 0)
(120 10 0)
(140 10 0)
(160 10 0)
(180 10 0)
(200 10 0)
(220 10 0)
(240 10 0)
(260 10 0)
(280 10 0)
(300 10 0)
(320 10 0)
(340 10 0)
(360 10 0)
(380 10 0)
(400 10 0)
(420 10 0)
(440 10 0)
(460 10 0)
(480 10 0)
(500 10 0)
(520 10 0)
(540 10 0)
(560 10 0)
(580 10 0)
(600 10 0)
(620 10 0)
(640 10 0)
(660 10 0)
(680 10 0)
(700 10 0)
(720 10 0)
(740 10 0)
(760 10 0)
(780 10 0)
(800 10 0)
(820 10 0)
(840 10 0)
(860 10 0)
(880 10 0)
(900 10 0)
(920 10 0)
(940 10 0)
(960 10 0)
(980 10 0)
(1000 10 0)
(1020 10 0)
(1040 10 0)
(1060 10 0)
(1080 10 0)
(1100 10 0)
(1120 10 0)
(1140 10 0)
(1160 10 0)
(1180 10 0)
(1200 10 0)
(1220 10 0)
(1240 10 0)
(1260 10 0)
(1280 10 0)
(1300 10 0)
(1320 10 0)
(1340 10 0)
(1360 10 0)
(1380 10 0)
(1400 10 0)
(1420 10 0)
(1440 10 0)
(1460 10 0)
(1480 10 0)
(1500 10 0)
(1520 10 0)
(1540 10 0)
(1560 10 0)
(1580 10 0)
(1600 10 0)
(1620 10 0)
(1640 10 0)
(1660 10 0)
(1680 10 0)
(1700 10 0)
(1720 10 0)
(1740 10 0)
(1760 10 0)
(1780 10 0)
(1800 10 0)
(1820 10 0)
(1840 10 0)
(1860 10 0)
(1880 10 0)
(1900 10 0)
(1920 10 0)
(1940 10 0)
(1960 10 0)
(1980 10 0)
(2000 10 0)
(0 12 0)
(20 12 0)
(40 12 0)
(60 12 0)
(80 12 0)
(100 12 0)
(120 12 0)
(140 12 0)
(160 12 0)
(180 12 0)
(200 12 0)
(220 12 0)
(240 12 0)
(260 12 0)
(280 12 0)
(300 12 0)
(320 12 0)
(340 12 0)
(360 12 0)
(380 12 0)
(400 12 0)
(420 12 0)
(440 12 0)
(460 12 0)
(480 12 0)
(500 12 0)
(520 12 0)
(540 12 0)
(560 12 0)
(580 12 0)
(600 12 0)
(620 12 0)
(640 12 0)
(660 12 0)
(680 12 0)
(700 12 0)
(720 12 0)
(740 12 0)
(760 12 0)
(780 12 0)
(800 12 0)
(820 12 0)
(840 12 0)
(860 12 0)
(880 12 0)
(900 12 0)
(920 12 0)
(940 12 0)
(960 12 0)
(980 12 0)
(1000 12 0)
(1020 12 0)
(1040 12 0)
(1060 12 0)
(1080 12 0)
(1100 12 0)
(1120 12 0)
(1140 12 0)
(1160 12 0)
(1180 12 0)
(1200 12 0)
(1220 12 0)
(1240 12 0)
(1260 12 0)
(1280 12 0)
(1300 12 0)
(1320 12 0)
(1340 12 0)
(1360 12 0)
(1380 12 0)
(1400 12 0)
(1420 12 0)
(1440 12 0)
(1460 12 0)
(1480 12 0)
(1500 12 0)
(1520 12 0)
(1540 12 0)
(1560 12 0)
(1580 12 0)
(1600 12 0)
(1620 12 0)
(1640 12 0)
(1660 12 0)
(1680 12 0)
(1700 12 0)
(1720 12 0)
(1740 12 0)
(1760 12 0)
(1780 12 0)
(1800 12 0)
(1820 12 0)
(1840 12 0)
(1860 12 0)
(1880 12 0)
(1900 12 0)
(1920 12 0)
(1940 12 0)
(1960 12 0)
(1980 12 0)
(2000 12 0)
(0 14 0)
(20 14 0)
(40 14 0)
(60 14 0)
(80 14 0)
(100 14 0)
(120 14 0)
(140 14 0)
(160 14 0)
(180 14 0)
(200 14 0)
(220 14 0)
(240 14 0)
(260 14 0)
(280 14 0)
(300 14 0)
(320 14 0)
(340 14 0)
(360 14 0)
(380 14 0)
(400 14 0)
(420 14 0)
(440 14 0)
(460 14 0)
(480 14 0)
(500 14 0)
(520 14 0)
(540 14 0)
(560 14 0)
(580 14 0)
(600 14 0)
(620 14 0)
(640 14 0)
(660 14 0)
(680 14 0)
(700 14 0)
(720 14 0)
(740 14 0)
(760 14 0)
(780 14 0)
(800 14 0)
(820 14 0)
(840 14 0)
(860 14 0)
(880 14 0)
(900 14 0)
(920 14 0)
(940 14 0)
(960 14 0)
(980 14 0)
(1000 14 0)
(1020 14 0)
(1040 14 0)
(1060 14 0)
(1080 14 0)
(1100 14 0)
(1120 14 0)
(1140 14 0)
(1160 14 0)
(1180 14 0)
(1200 14 0)
(1220 14 0)
(1240 14 0)
(1260 14 0)
(1280 14 0)
(1300 14 0)
(1320 14 0)
(1340 14 0)
(1360 14 0)
(1380 14 0)
(1400 14 0)
(1420 14 0)
(1440 14 0)
(1460 14 0)
(1480 14 0)
(1500 14 0)
(1520 14 0)
(1540 14 0)
(1560 14 0)
(1580 14 0)
(1600 14 0)
(1620 14 0)
(1640 14 0)
(1660 14 0)
(1680 14 0)
(1700 14 0)
(1720 14 0)
(1740 14 0)
(1760 14 0)
(1780 14 0)
(1800 14 0)
(1820 14 0)
(1840 14 0)
(1860 14 0)
(1880 14 0)
(1900 14 0)
(1920 14 0)
(1940 14 0)
(1960 14 0)
(1980 14 0)
(2000 14 0)
(0 16 0)
(20 16 0)
(40 16 0)
(60 16 0)
(80 16 0)
(100 16 0)
(120 16 0)
(140 16 0)
(160 16 0)
(180 16 0)
(200 16 0)
(220 16 0)
(240 16 0)
(260 16 0)
(280 16 0)
(300 16 0)
(320 16 0)
(340 16 0)
(360 16 0)
(380 16 0)
(400 16 0)
(420 16 0)
(440 16 0)
(460 16 0)
(480 16 0)
(500 16 0)
(520 16 0)
(540 16 0)
(560 16 0)
(580 16 0)
(600 16 0)
(620 16 0)
(640 16 0)
(660 16 0)
(680 16 0)
(700 16 0)
(720 16 0)
(740 16 0)
(760 16 0)
(780 16 0)
(800 16 0)
(820 16 0)
(840 16 0)
(860 16 0)
(880 16 0)
(900 16 0)
(920 16 0)
(940 16 0)
(960 16 0)
(980 16 0)
(1000 16 0)
(1020 16 0)
(1040 16 0)
(1060 16 0)
(1080 16 0)
(1100 16 0)
(1120 16 0)
(1140 16 0)
(1160 16 0)
(1180 16 0)
(1200 16 0)
(1220 16 0)
(1240 16 0)
(1260 16 0)
(1280 16 0)
(1300 16 0)
(1320 16 0)
(1340 16 0)
(1360 16 0)
(1380 16 0)
(1400 16 0)
(1420 16 0)
(1440 16 0)
(1460 16 0)
(1480 16 0)
(1500 16 0)
(1520 16 0)
(1540 16 0)
(1560 16 0)
(1580 16 0)
(1600 16 0)
(1620 16 0)
(1640 16 0)
(1660 16 0)
(1680 16 0)
(1700 16 0)
(1720 16 0)
(1740 16 0)
(1760 16 0)
(1780 16 0)
(1800 16 0)
(1820 16 0)
(1840 16 0)
(1860 16 0)
(1880 16 0)
(1900 16 0)
(1920 16 0)
(1940 16 0)
(1960 16 0)
(1980 16 0)
(2000 16 0)
(0 18 0)
(20 18 0)
(40 18 0)
(60 18 0)
(80 18 0)
(100 18 0)
(120 18 0)
(140 18 0)
(160 18 0)
(180 18 0)
(200 18 0)
(220 18 0)
(240 18 0)
(260 18 0)
(280 18 0)
(300 18 0)
(320 18 0)
(340 18 0)
(360 18 0)
(380 18 0)
(400 18 0)
(420 18 0)
(440 18 0)
(460 18 0)
(480 18 0)
(500 18 0)
(520 18 0)
(540 18 0)
(560 18 0)
(580 18 0)
(600 18 0)
(620 18 0)
(640 18 0)
(660 18 0)
(680 18 0)
(700 18 0)
(720 18 0)
(740 18 0)
(760 18 0)
(780 18 0)
(800 18 0)
(820 18 0)
(840 18 0)
(860 18 0)
(880 18 0)
(900 18 0)
(920 18 0)
(940 18 0)
(960 18 0)
(980 18 0)
(1000 18 0)
(1020 18 0)
(1040 18 0)
(1060 18 0)
(1080 18 0)
(1100 18 0)
(1120 18 0)
(1140 18 0)
(1160 18 0)
(1180 18 0)
(1200 18 0)
(1220 18 0)
(1240 18 0)
(1260 18 0)
(1280 18 0)
(1300 18 0)
(1320 18 0)
(1340 18 0)
(1360 18 0)
(1380 18 0)
(1400 18 0)
(1420 18 0)
(1440 18 0)
(1460 18 0)
(1480 18 0)
(1500 18 0)
(1520 18 0)
(1540 18 0)
(1560 18 0)
(1580 18 0)
(1600 18 0)
(1620 18 0)
(1640 18 0)
(1660 18 0)
(1680 18 0)
(1700 18 0)
(1720 18 0)
(1740 18 0)
(1760 18 0)
(1780 18 0)
(1800 18 0)
(1820 18 0)
(1840 18 0)
(1860 18 0)
(1880 18 0)
(1900 18 0)
(1920 18 0)
(1940 18 0)
(1960 18 0)
(1980 18 0)
(2000 18 0)
(0 20 0)
(20 20 0)
(40 20 0)
(60 20 0)
(80 20 0)
(100 20 0)
(120 20 0)
(140 20 0)
(160 20 0)
(180 20 0)
(200 20 0)
(220 20 0)
(240 20 0)
(260 20 0)
(280 20 0)
(300 20 0)
(320 20 0)
(340 20 0)
(360 20 0)
(380 20 0)
(400 20 0)
(420 20 0)
(440 20 0)
(460 20 0)
(480 20 0)
(500 20 0)
(520 20 0)
(540 20 0)
(560 20 0)
(580 20 0)
(600 20 0)
(620 20 0)
(640 20 0)
(660 20 0)
(680 20 0)
(700 20 0)
(720 20 0)
(740 20 0)
(760 20 0)
(780 20 0)
(800 20 0)
(820 20 0)
(840 20 0)
(860 20 0)
(880 20 0)
(900 20 0)
(920 20 0)
(940 20 0)
(960 20 0)
(980 20 0)
(1000 20 0)
(1020 20 0)
(1040 20 0)
(1060 20 0)
(1080 20 0)
(1100 20 0)
(1120 20 0)
(1140 20 0)
(1160 20 0)
(1180 20 0)
(1200 20 0)
(1220 20 0)
(1240 20 0)
(1260 20 0)
(1280 20 0)
(1300 20 0)
(1320 20 0)
(1340 20 0)
(1360 20 0)
(1380 20 0)
(1400 20 0)
(1420 20 0)
(1440 20 0)
(1460 20 0)
(1480 20 0)
(1500 20 0)
(1520 20 0)
(1540 20 0)
(1560 20 0)
(1580 20 0)
(1600 20 0)
(1620 20 0)
(1640 20 0)
(1660 20 0)
(1680 20 0)
(1700 20 0)
(1720 20 0)
(1740 20 0)
(1760 20 0)
(1780 20 0)
(1800 20 0)
(1820 20 0)
(1840 20 0)
(1860 20 0)
(1880 20 0)
(1900 20 0)
(1920 20 0)
(1940 20 0)
(1960 20 0)
(1980 20 0)
(2000 20 0)
(0 22 0)
(20 22 0)
(40 22 0)
(60 22 0)
(80 22 0)
(100 22 0)
(120 22 0)
(140 22 0)
(160 22 0)
(180 22 0)
(200 22 0)
(220 22 0)
(240 22 0)
(260 22 0)
(280 22 0)
(300 22 0)
(320 22 0)
(340 22 0)
(360 22 0)
(380 22 0)
(400 22 0)
(420 22 0)
(440 22 0)
(460 22 0)
(480 22 0)
(500 22 0)
(520 22 0)
(540 22 0)
(560 22 0)
(580 22 0)
(600 22 0)
(620 22 0)
(640 22 0)
(660 22 0)
(680 22 0)
(700 22 0)
(720 22 0)
(740 22 0)
(760 22 0)
(780 22 0)
(800 22 0)
(820 22 0)
(840 22 0)
(860 22 0)
(880 22 0)
(900 22 0)
(920 22 0)
(940 22 0)
(960 22 0)
(980 22 0)
(1000 22 0)
(1020 22 0)
(1040 22 0)
(1060 22 0)
(1080 22 0)
(1100 22 0)
(1120 22 0)
(1140 22 0)
(1160 22 0)
(1180 22 0)
(1200 22 0)
(1220 22 0)
(1240 22 0)
(1260 22 0)
(1280 22 0)
(1300 22 0)
(1320 22 0)
(1340 22 0)
(1360 22 0)
(1380 22 0)
(1400 22 0)
(1420 22 0)
(1440 22 0)
(1460 22 0)
(1480 22 0)
(1500 22 0)
(1520 22 0)
(1540 22 0)
(1560 22 0)
(1580 22 0)
(1600 22 0)
(1620 22 0)
(1640 22 0)
(1660 22 0)
(1680 22 0)
(1700 22 0)
(1720 22 0)
(1740 22 0)
(1760 22 0)
(1780 22 0)
(1800 22 0)
(1820 22 0)
(1840 22 0)
(1860 22 0)
(1880 22 0)
(1900 22 0)
(1920 22 0)
(1940 22 0)
(1960 22 0)
(1980 22 0)
(2000 22 0)
(0 24 0)
(20 24 0)
(40 24 0)
(60 24 0)
(80 24 0)
(100 24 0)
(120 24 0)
(140 24 0)
(160 24 0)
(180 24 0)
(200 24 0)
(220 24 0)
(240 24 0)
(260 24 0)
(280 24 0)
(300 24 0)
(320 24 0)
(340 24 0)
(360 24 0)
(380 24 0)
(400 24 0)
(420 24 0)
(440 24 0)
(460 24 0)
(480 24 0)
(500 24 0)
(520 24 0)
(540 24 0)
(560 24 0)
(580 24 0)
(600 24 0)
(620 24 0)
(640 24 0)
(660 24 0)
(680 24 0)
(700 24 0)
(720 24 0)
(740 24 0)
(760 24 0)
(780 24 0)
(800 24 0)
(820 24 0)
(840 24 0)
(860 24 0)
(880 24 0)
(900 24 0)
(920 24 0)
(940 24 0)
(960 24 0)
(980 24 0)
(1000 24 0)
(1020 24 0)
(1040 24 0)
(1060 24 0)
(1080 24 0)
(1100 24 0)
(1120 24 0)
(1140 24 0)
(1160 24 0)
(1180 24 0)
(1200 24 0)
(1220 24 0)
(1240 24 0)
(1260 24 0)
(1280 24 0)
(1300 24 0)
(1320 24 0)
(1340 24 0)
(1360 24 0)
(1380 24 0)
(1400 24 0)
(1420 24 0)
(1440 24 0)
(1460 24 0)
(1480 24 0)
(1500 24 0)
(1520 24 0)
(1540 24 0)
(1560 24 0)
(1580 24 0)
(1600 24 0)
(1620 24 0)
(1640 24 0)
(1660 24 0)
(1680 24 0)
(1700 24 0)
(1720 24 0)
(1740 24 0)
(1760 24 0)
(1780 24 0)
(1800 24 0)
(1820 24 0)
(1840 24 0)
(1860 24 0)
(1880 24 0)
(1900 24 0)
(1920 24 0)
(1940 24 0)
(1960 24 0)
(1980 24 0)
(2000 24 0)
(0 26 0)
(20 26 0)
(40 26 0)
(60 26 0)
(80 26 0)
(100 26 0)
(120 26 0)
(140 26 0)
(160 26 0)
(180 26 0)
(200 26 0)
(220 26 0)
(240 26 0)
(260 26 0)
(280 26 0)
(300 26 0)
(320 26 0)
(340 26 0)
(360 26 0)
(380 26 0)
(400 26 0)
(420 26 0)
(440 26 0)
(460 26 0)
(480 26 0)
(500 26 0)
(520 26 0)
(540 26 0)
(560 26 0)
(580 26 0)
(600 26 0)
(620 26 0)
(640 26 0)
(660 26 0)
(680 26 0)
(700 26 0)
(720 26 0)
(740 26 0)
(760 26 0)
(780 26 0)
(800 26 0)
(820 26 0)
(840 26 0)
(860 26 0)
(880 26 0)
(900 26 0)
(920 26 0)
(940 26 0)
(960 26 0)
(980 26 0)
(1000 26 0)
(1020 26 0)
(1040 26 0)
(1060 26 0)
(1080 26 0)
(1100 26 0)
(1120 26 0)
(1140 26 0)
(1160 26 0)
(1180 26 0)
(1200 26 0)
(1220 26 0)
(1240 26 0)
(1260 26 0)
(1280 26 0)
(1300 26 0)
(1320 26 0)
(1340 26 0)
(1360 26 0)
(1380 26 0)
(1400 26 0)
(1420 26 0)
(1440 26 0)
(1460 26 0)
(1480 26 0)
(1500 26 0)
(1520 26 0)
(1540 26 0)
(1560 26 0)
(1580 26 0)
(1600 26 0)
(1620 26 0)
(1640 26 0)
(1660 26 0)
(1680 26 0)
(1700 26 0)
(1720 26 0)
(1740 26 0)
(1760 26 0)
(1780 26 0)
(1800 26 0)
(1820 26 0)
(1840 26 0)
(1860 26 0)
(1880 26 0)
(1900 26 0)
(1920 26 0)
(1940 26 0)
(1960 26 0)
(1980 26 0)
(2000 26 0)
(0 28 0)
(20 28 0)
(40 28 0)
(60 28 0)
(80 28 0)
(100 28 0)
(120 28 0)
(140 28 0)
(160 28 0)
(180 28 0)
(200 28 0)
(220 28 0)
(240 28 0)
(260 28 0)
(280 28 0)
(300 28 0)
(320 28 0)
(340 28 0)
(360 28 0)
(380 28 0)
(400 28 0)
(420 28 0)
(440 28 0)
(460 28 0)
(480 28 0)
(500 28 0)
(520 28 0)
(540 28 0)
(560 28 0)
(580 28 0)
(600 28 0)
(620 28 0)
(640 28 0)
(660 28 0)
(680 28 0)
(700 28 0)
(720 28 0)
(740 28 0)
(760 28 0)
(780 28 0)
(800 28 0)
(820 28 0)
(840 28 0)
(860 28 0)
(880 28 0)
(900 28 0)
(920 28 0)
(940 28 0)
(960 28 0)
(980 28 0)
(1000 28 0)
(1020 28 0)
(1040 28 0)
(1060 28 0)
(1080 28 0)
(1100 28 0)
(1120 28 0)
(1140 28 0)
(1160 28 0)
(1180 28 0)
(1200 28 0)
(1220 28 0)
(1240 28 0)
(1260 28 0)
(1280 28 0)
(1300 28 0)
(1320 28 0)
(1340 28 0)
(1360 28 0)
(1380 28 0)
(1400 28 0)
(1420 28 0)
(1440 28 0)
(1460 28 0)
(1480 28 0)
(1500 28 0)
(1520 28 0)
(1540 28 0)
(1560 28 0)
(1580 28 0)
(1600 28 0)
(1620 28 0)
(1640 28 0)
(1660 28 0)
(1680 28 0)
(1700 28 0)
(1720 28 0)
(1740 28 0)
(1760 28 0)
(1780 28 0)
(1800 28 0)
(1820 28 0)
(1840 28 0)
(1860 28 0)
(1880 28 0)
(1900 28 0)
(1920 28 0)
(1940 28 0)
(1960 28 0)
(1980 28 0)
(2000 28 0)
(0 30 0)
(20 30 0)
(40 30 0)
(60 30 0)
(80 30 0)
(100 30 0)
(120 30 0)
(140 30 0)
(160 30 0)
(180 30 0)
(200 30 0)
(220 30 0)
(240 30 0)
(260 30 0)
(280 30 0)
(300 30 0)
(320 30 0)
(340 30 0)
(360 30 0)
(380 30 0)
(400 30 0)
(420 30 0)
(440 30 0)
(460 30 0)
(480 30 0)
(500 30 0)
(520 30 0)
(540 30 0)
(560 30 0)
(580 30 0)
(600 30 0)
(620 30 0)
(640 30 0)
(660 30 0)
(680 30 0)
(700 30 0)
(720 30 0)
(740 30 0)
(760 30 0)
(780 30 0)
(800 30 0)
(820 30 0)
(840 30 0)
(860 30 0)
(880 30 0)
(900 30 0)
(920 30 0)
(940 30 0)
(960 30 0)
(980 30 0)
(1000 30 0)
(1020 30 0)
(1040 30 0)
(1060 30 0)
(1080 30 0)
(1100 30 0)
(1120 30 0)
(1140 30 0)
(1160 30 0)
(1180 30 0)
(1200 30 0)
(1220 30 0)
(1240 30 0)
(1260 30 0)
(1280 30 0)
(1300 30 0)
(1320 30 0)
(1340 30 0)
(1360 30 0)
(1380 30 0)
(1400 30 0)
(1420 30 0)
(1440 30 0)
(1460 30 0)
(1480 30 0)
(1500 30 0)
(1520 30 0)
(1540 30 0)
(1560 30 0)
(1580 30 0)
(1600 30 0)
(1620 30 0)
(1640 30 0)
(1660 30 0)
(1680 30 0)
(1700 30 0)
(1720 30 0)
(1740 30 0)
(1760 30 0)
(1780 30 0)
(1800 30 0)
(1820 30 0)
(1840 30 0)
(1860 30 0)
(1880 30 0)
(1900 30 0)
(1920 30 0)
(1940 30 0)
(1960 30 0)
(1980 30 0)
(2000 30 0)
(0 32 0)
(20 32 0)
(40 32 0)
(60 32 0)
(80 32 0)
(100 32 0)
(120 32 0)
(140 32 0)
(160 32 0)
(180 32 0)
(200 32 0)
(220 32 0)
(240 32 0)
(260 32 0)
(280 32 0)
(300 32 0)
(320 32 0)
(340 32 0)
(360 32 0)
(380 32 0)
(400 32 0)
(420 32 0)
(440 32 0)
(460 32 0)
(480 32 0)
(500 32 0)
(520 32 0)
(540 32 0)
(560 32 0)
(580 32 0)
(600 32 0)
(620 32 0)
(640 32 0)
(660 32 0)
(680 32 0)
(700 32 0)
(720 32 0)
(740 32 0)
(760 32 0)
(780 32 0)
(800 32 0)
(820 32 0)
(840 32 0)
(860 32 0)
(880 32 0)
(900 32 0)
(920 32 0)
(940 32 0)
(960 32 0)
(980 32 0)
(1000 32 0)
(1020 32 0)
(1040 32 0)
(1060 32 0)
(1080 32 0)
(1100 32 0)
(1120 32 0)
(1140 32 0)
(1160 32 0)
(1180 32 0)
(1200 32 0)
(1220 32 0)
(1240 32 0)
(1260 32 0)
(1280 32 0)
(1300 32 0)
(1320 32 0)
(1340 32 0)
(1360 32 0)
(1380 32 0)
(1400 32 0)
(1420 32 0)
(1440 32 0)
(1460 32 0)
(1480 32 0)
(1500 32 0)
(1520 32 0)
(1540 32 0)
(1560 32 0)
(1580 32 0)
(1600 32 0)
(1620 32 0)
(1640 32 0)
(1660 32 0)
(1680 32 0)
(1700 32 0)
(1720 32 0)
(1740 32 0)
(1760 32 0)
(1780 32 0)
(1800 32 0)
(1820 32 0)
(1840 32 0)
(1860 32 0)
(1880 32 0)
(1900 32 0)
(1920 32 0)
(1940 32 0)
(1960 32 0)
(1980 32 0)
(2000 32 0)
(0 34 0)
(20 34 0)
(40 34 0)
(60 34 0)
(80 34 0)
(100 34 0)
(120 34 0)
(140 34 0)
(160 34 0)
(180 34 0)
(200 34 0)
(220 34 0)
(240 34 0)
(260 34 0)
(280 34 0)
(300 34 0)
(320 34 0)
(340 34 0)
(360 34 0)
(380 34 0)
(400 34 0)
(420 34 0)
(440 34 0)
(460 34 0)
(480 34 0)
(500 34 0)
(520 34 0)
(540 34 0)
(560 34 0)
(580 34 0)
(600 34 0)
(620 34 0)
(640 34 0)
(660 34 0)
(680 34 0)
(700 34 0)
(720 34 0)
(740 34 0)
(760 34 0)
(780 34 0)
(800 34 0)
(820 34 0)
(840 34 0)
(860 34 0)
(880 34 0)
(900 34 0)
(920 34 0)
(940 34 0)
(960 34 0)
(980 34 0)
(1000 34 0)
(1020 34 0)
(1040 34 0)
(1060 34 0)
(1080 34 0)
(1100 34 0)
(1120 34 0)
(1140 34 0)
(1160 34 0)
(1180 34 0)
(1200 34 0)
(1220 34 0)
(1240 34 0)
(1260 34 0)
(1280 34 0)
(1300 34 0)
(1320 34 0)
(1340 34 0)
(1360 34 0)
(1380 34 0)
(1400 34 0)
(1420 34 0)
(1440 34 0)
(1460 34 0)
(1480 34 0)
(1500 34 0)
(1520 34 0)
(1540 34 0)
(1560 34 0)
(1580 34 0)
(1600 34 0)
(1620 34 0)
(1640 34 0)
(1660 34 0)
(1680 34 0)
(1700 34 0)
(1720 34 0)
(1740 34 0)
(1760 34 0)
(1780 34 0)
(1800 34 0)
(1820 34 0)
(1840 34 0)
(1860 34 0)
(1880 34 0)
(1900 34 0)
(1920 34 0)
(1940 34 0)
(1960 34 0)
(1980 34 0)
(2000 34 0)
(0 36 0)
(20 36 0)
(40 36 0)
(60 36 0)
(80 36 0)
(100 36 0)
(120 36 0)
(140 36 0)
(160 36 0)
(180 36 0)
(200 36 0)
(220 36 0)
(240 36 0)
(260 36 0)
(280 36 0)
(300 36 0)
(320 36 0)
(340 36 0)
(360 36 0)
(380 36 0)
(400 36 0)
(420 36 0)
(440 36 0)
(460 36 0)
(480 36 0)
(500 36 0)
(520 36 0)
(540 36 0)
(560 36 0)
(580 36 0)
(600 36 0)
(620 36 0)
(640 36 0)
(660 36 0)
(680 36 0)
(700 36 0)
(720 36 0)
(740 36 0)
(760 36 0)
(780 36 0)
(800 36 0)
(820 36 0)
(840 36 0)
(860 36 0)
(880 36 0)
(900 36 0)
(920 36 0)
(940 36 0)
(960 36 0)
(980 36 0)
(1000 36 0)
(1020 36 0)
(1040 36 0)
(1060 36 0)
(1080 36 0)
(1100 36 0)
(1120 36 0)
(1140 36 0)
(1160 36 0)
(1180 36 0)
(1200 36 0)
(1220 36 0)
(1240 36 0)
(1260 36 0)
(1280 36 0)
(1300 36 0)
(1320 36 0)
(1340 36 0)
(1360 36 0)
(1380 36 0)
(1400 36 0)
(1420 36 0)
(1440 36 0)
(1460 36 0)
(1480 36 0)
(1500 36 0)
(1520 36 0)
(1540 36 0)
(1560 36 0)
(1580 36 0)
(1600 36 0)
(1620 36 0)
(1640 36 0)
(1660 36 0)
(1680 36 0)
(1700 36 0)
(1720 36 0)
(1740 36 0)
(1760 36 0)
(1780 36 0)
(1800 36 0)
(1820 36 0)
(1840 36 0)
(1860 36 0)
(1880 36 0)
(1900 36 0)
(1920 36 0)
(1940 36 0)
(1960 36 0)
(1980 36 0)
(2000 36 0)
(0 38 0)
(20 38 0)
(40 38 0)
(60 38 0)
(80 38 0)
(100 38 0)
(120 38 0)
(140 38 0)
(160 38 0)
(180 38 0)
(200 38 0)
(220 38 0)
(240 38 0)
(260 38 0)
(280 38 0)
(300 38 0)
(320 38 0)
(340 38 0)
(360 38 0)
(380 38 0)
(400 38 0)
(420 38 0)
(440 38 0)
(460 38 0)
(480 38 0)
(500 38 0)
(520 38 0)
(540 38 0)
(560 38 0)
(580 38 0)
(600 38 0)
(620 38 0)
(640 38 0)
(660 38 0)
(680 38 0)
(700 38 0)
(720 38 0)
(740 38 0)
(760 38 0)
(780 38 0)
(800 38 0)
(820 38 0)
(840 38 0)
(860 38 0)
(880 38 0)
(900 38 0)
(920 38 0)
(940 38 0)
(960 38 0)
(980 38 0)
(1000 38 0)
(1020 38 0)
(1040 38 0)
(1060 38 0)
(1080 38 0)
(1100 38 0)
(1120 38 0)
(1140 38 0)
(1160 38 0)
(1180 38 0)
(1200 38 0)
(1220 38 0)
(1240 38 0)
(1260 38 0)
(1280 38 0)
(1300 38 0)
(1320 38 0)
(1340 38 0)
(1360 38 0)
(1380 38 0)
(1400 38 0)
(1420 38 0)
(1440 38 0)
(1460 38 0)
(1480 38 0)
(1500 38 0)
(1520 38 0)
(1540 38 0)
(1560 38 0)
(1580 38 0)
(1600 38 0)
(1620 38 0)
(1640 38 0)
(1660 38 0)
(1680 38 0)
(1700 38 0)
(1720 38 0)
(1740 38 0)
(1760 38 0)
(1780 38 0)
(1800 38 0)
(1820 38 0)
(1840 38 0)
(1860 38 0)
(1880 38 0)
(1900 38 0)
(1920 38 0)
(1940 38 0)
(1960 38 0)
(1980 38 0)
(2000 38 0)
(0 40 0)
(20 40 0)
(40 40 0)
(60 40 0)
(80 40 0)
(100 40 0)
(120 40 0)
(140 40 0)
(160 40 0)
(180 40 0)
(200 40 0)
(220 40 0)
(240 40 0)
(260 40 0)
(280 40 0)
(300 40 0)
(320 40 0)
(340 40 0)
(360 40 0)
(380 40 0)
(400 40 0)
(420 40 0)
(440 40 0)
(460 40 0)
(480 40 0)
(500 40 0)
(520 40 0)
(540 40 0)
(560 40 0)
(580 40 0)
(600 40 0)
(620 40 0)
(640 40 0)
(660 40 0)
(680 40 0)
(700 40 0)
(720 40 0)
(740 40 0)
(760 40 0)
(780 40 0)
(800 40 0)
(820 40 0)
(840 40 0)
(860 40 0)
(880 40 0)
(900 40 0)
(920 40 0)
(940 40 0)
(960 40 0)
(980 40 0)
(1000 40 0)
(1020 40 0)
(1040 40 0)
(1060 40 0)
(1080 40 0)
(1100 40 0)
(1120 40 0)
(1140 40 0)
(1160 40 0)
(1180 40 0)
(1200 40 0)
(1220 40 0)
(1240 40 0)
(1260 40 0)
(1280 40 0)
(1300 40 0)
(1320 40 0)
(1340 40 0)
(1360 40 0)
(1380 40 0)
(1400 40 0)
(1420 40 0)
(1440 40 0)
(1460 40 0)
(1480 40 0)
(1500 40 0)
(1520 40 0)
(1540 40 0)
(1560 40 0)
(1580 40 0)
(1600 40 0)
(1620 40 0)
(1640 40 0)
(1660 40 0)
(1680 40 0)
(1700 40 0)
(1720 40 0)
(1740 40 0)
(1760 40 0)
(1780 40 0)
(1800 40 0)
(1820 40 0)
(1840 40 0)
(1860 40 0)
(1880 40 0)
(1900 40 0)
(1920 40 0)
(1940 40 0)
(1960 40 0)
(1980 40 0)
(2000 40 0)
(0 42 0)
(20 42 0)
(40 42 0)
(60 42 0)
(80 42 0)
(100 42 0)
(120 42 0)
(140 42 0)
(160 42 0)
(180 42 0)
(200 42 0)
(220 42 0)
(240 42 0)
(260 42 0)
(280 42 0)
(300 42 0)
(320 42 0)
(340 42 0)
(360 42 0)
(380 42 0)
(400 42 0)
(420 42 0)
(440 42 0)
(460 42 0)
(480 42 0)
(500 42 0)
(520 42 0)
(540 42 0)
(560 42 0)
(580 42 0)
(600 42 0)
(620 42 0)
(640 42 0)
(660 42 0)
(680 42 0)
(700 42 0)
(720 42 0)
(740 42 0)
(760 42 0)
(780 42 0)
(800 42 0)
(820 42 0)
(840 42 0)
(860 42 0)
(880 42 0)
(900 42 0)
(920 42 0)
(940 42 0)
(960 42 0)
(980 42 0)
(1000 42 0)
(1020 42 0)
(1040 42 0)
(1060 42 0)
(1080 42 0)
(1100 42 0)
(1120 42 0)
(1140 42 0)
(1160 42 0)
(1180 42 0)
(1200 42 0)
(1220 42 0)
(1240 42 0)
(1260 42 0)
(1280 42 0)
(1300 42 0)
(1320 42 0)
(1340 42 0)
(1360 42 0)
(1380 42 0)
(1400 42 0)
(1420 42 0)
(1440 42 0)
(1460 42 0)
(1480 42 0)
(1500 42 0)
(1520 42 0)
(1540 42 0)
(1560 42 0)
(1580 42 0)
(1600 42 0)
(1620 42 0)
(1640 42 0)
(1660 42 0)
(1680 42 0)
(1700 42 0)
(1720 42 0)
(1740 42 0)
(1760 42 0)
(1780 42 0)
(1800 42 0)
(1820 42 0)
(1840 42 0)
(1860 42 0)
(1880 42 0)
(1900 42 0)
(1920 42 0)
(1940 42 0)
(1960 42 0)
(1980 42 0)
(2000 42 0)
(0 44 0)
(20 44 0)
(40 44 0)
(60 44 0)
(80 44 0)
(100 44 0)
(120 44 0)
(140 44 0)
(160 44 0)
(180 44 0)
(200 44 0)
(220 44 0)
(240 44 0)
(260 44 0)
(280 44 0)
(300 44 0)
(320 44 0)
(340 44 0)
(360 44 0)
(380 44 0)
(400 44 0)
(420 44 0)
(440 44 0)
(460 44 0)
(480 44 0)
(500 44 0)
(520 44 0)
(540 44 0)
(560 44 0)
(580 44 0)
(600 44 0)
(620 44 0)
(640 44 0)
(660 44 0)
(680 44 0)
(700 44 0)
(720 44 0)
(740 44 0)
(760 44 0)
(780 44 0)
(800 44 0)
(820 44 0)
(840 44 0)
(860 44 0)
(880 44 0)
(900 44 0)
(920 44 0)
(940 44 0)
(960 44 0)
(980 44 0)
(1000 44 0)
(1020 44 0)
(1040 44 0)
(1060 44 0)
(1080 44 0)
(1100 44 0)
(1120 44 0)
(1140 44 0)
(1160 44 0)
(1180 44 0)
(1200 44 0)
(1220 44 0)
(1240 44 0)
(1260 44 0)
(1280 44 0)
(1300 44 0)
(1320 44 0)
(1340 44 0)
(1360 44 0)
(1380 44 0)
(1400 44 0)
(1420 44 0)
(1440 44 0)
(1460 44 0)
(1480 44 0)
(1500 44 0)
(1520 44 0)
(1540 44 0)
(1560 44 0)
(1580 44 0)
(1600 44 0)
(1620 44 0)
(1640 44 0)
(1660 44 0)
(1680 44 0)
(1700 44 0)
(1720 44 0)
(1740 44 0)
(1760 44 0)
(1780 44 0)
(1800 44 0)
(1820 44 0)
(1840 44 0)
(1860 44 0)
(1880 44 0)
(1900 44 0)
(1920 44 0)
(1940 44 0)
(1960 44 0)
(1980 44 0)
(2000 44 0)
(0 46 0)
(20 46 0)
(40 46 0)
(60 46 0)
(80 46 0)
(100 46 0)
(120 46 0)
(140 46 0)
(160 46 0)
(180 46 0)
(200 46 0)
(220 46 0)
(240 46 0)
(260 46 0)
(280 46 0)
(300 46 0)
(320 46 0)
(340 46 0)
(360 46 0)
(380 46 0)
(400 46 0)
(420 46 0)
(440 46 0)
(460 46 0)
(480 46 0)
(500 46 0)
(520 46 0)
(540 46 0)
(560 46 0)
(580 46 0)
(600 46 0)
(620 46 0)
(640 46 0)
(660 46 0)
(680 46 0)
(700 46 0)
(720 46 0)
(740 46 0)
(760 46 0)
(780 46 0)
(800 46 0)
(820 46 0)
(840 46 0)
(860 46 0)
(880 46 0)
(900 46 0)
(920 46 0)
(940 46 0)
(960 46 0)
(980 46 0)
(1000 46 0)
(1020 46 0)
(1040 46 0)
(1060 46 0)
(1080 46 0)
(1100 46 0)
(1120 46 0)
(1140 46 0)
(1160 46 0)
(1180 46 0)
(1200 46 0)
(1220 46 0)
(1240 46 0)
(1260 46 0)
(1280 46 0)
(1300 46 0)
(1320 46 0)
(1340 46 0)
(1360 46 0)
(1380 46 0)
(1400 46 0)
(1420 46 0)
(1440 46 0)
(1460 46 0)
(1480 46 0)
(1500 46 0)
(1520 46 0)
(1540 46 0)
(1560 46 0)
(1580 46 0)
(1600 46 0)
(1620 46 0)
(1640 46 0)
(1660 46 0)
(1680 46 0)
(1700 46 0)
(1720 46 0)
(1740 46 0)
(1760 46 0)
(1780 46 0)
(1800 46 0)
(1820 46 0)
(1840 46 0)
(1860 46 0)
(1880 46 0)
(1900 46 0)
(1920 46 0)
(1940 46 0)
(1960 46 0)
(1980 46 0)
(2000 46 0)
(0 48 0)
(20 48 0)
(40 48 0)
(60 48 0)
(80 48 0)
(100 48 0)
(120 48 0)
(140 48 0)
(160 48 0)
(180 48 0)
(200 48 0)
(220 48 0)
(240 48 0)
(260 48 0)
(280 48 0)
(300 48 0)
(320 48 0)
(340 48 0)
(360 48 0)
(380 48 0)
(400 48 0)
(420 48 0)
(440 48 0)
(460 48 0)
(480 48 0)
(500 48 0)
(520 48 0)
(540 48 0)
(560 48 0)
(580 48 0)
(600 48 0)
(620 48 0)
(640 48 0)
(660 48 0)
(680 48 0)
(700 48 0)
(720 48 0)
(740 48 0)
(760 48 0)
(780 48 0)
(800 48 0)
(820 48 0)
(840 48 0)
(860 48 0)
(880 48 0)
(900 48 0)
(920 48 0)
(940 48 0)
(960 48 0)
(980 48 0)
(1000 48 0)
(1020 48 0)
(1040 48 0)
(1060 48 0)
(1080 48 0)
(1100 48 0)
(1120 48 0)
(1140 48 0)
(1160 48 0)
(1180 48 0)
(1200 48 0)
(1220 48 0)
(1240 48 0)
(1260 48 0)
(1280 48 0)
(1300 48 0)
(1320 48 0)
(1340 48 0)
(1360 48 0)
(1380 48 0)
(1400 48 0)
(1420 48 0)
(1440 48 0)
(1460 48 0)
(1480 48 0)
(1500 48 0)
(1520 48 0)
(1540 48 0)
(1560 48 0)
(1580 48 0)
(1600 48 0)
(1620 48 0)
(1640 48 0)
(1660 48 0)
(1680 48 0)
(1700 48 0)
(1720 48 0)
(1740 48 0)
(1760 48 0)
(1780 48 0)
(1800 48 0)
(1820 48 0)
(1840 48 0)
(1860 48 0)
(1880 48 0)
(1900 48 0)
(1920 48 0)
(1940 48 0)
(1960 48 0)
(1980 48 0)
(2000 48 0)
(0 50 0)
(20 50 0)
(40 50 0)
(60 50 0)
(80 50 0)
(100 50 0)
(120 50 0)
(140 50 0)
(160 50 0)
(180 50 0)
(200 50 0)
(220 50 0)
(240 50 0)
(260 50 0)
(280 50 0)
(300 50 0)
(320 50 0)
(340 50 0)
(360 50 0)
(380 50 0)
(400 50 0)
(420 50 0)
(440 50 0)
(460 50 0)
(480 50 0)
(500 50 0)
(520 50 0)
(540 50 0)
(560 50 0)
(580 50 0)
(600 50 0)
(620 50 0)
(640 50 0)
(660 50 0)
(680 50 0)
(700 50 0)
(720 50 0)
(740 50 0)
(760 50 0)
(780 50 0)
(800 50 0)
(820 50 0)
(840 50 0)
(860 50 0)
(880 50 0)
(900 50 0)
(920 50 0)
(940 50 0)
(960 50 0)
(980 50 0)
(1000 50 0)
(1020 50 0)
(1040 50 0)
(1060 50 0)
(1080 50 0)
(1100 50 0)
(1120 50 0)
(1140 50 0)
(1160 50 0)
(1180 50 0)
(1200 50 0)
(1220 50 0)
(1240 50 0)
(1260 50 0)
(1280 50 0)
(1300 50 0)
(1320 50 0)
(1340 50 0)
(1360 50 0)
(1380 50 0)
(1400 50 0)
(1420 50 0)
(1440 50 0)
(1460 50 0)
(1480 50 0)
(1500 50 0)
(1520 50 0)
(1540 50 0)
(1560 50 0)
(1580 50 0)
(1600 50 0)
(1620 50 0)
(1640 50 0)
(1660 50 0)
(1680 50 0)
(1700 50 0)
(1720 50 0)
(1740 50 0)
(1760 50 0)
(1780 50 0)
(1800 50 0)
(1820 50 0)
(1840 50 0)
(1860 50 0)
(1880 50 0)
(1900 50 0)
(1920 50 0)
(1940 50 0)
(1960 50 0)
(1980 50 0)
(2000 50 0)
(0 52 0)
(20 52 0)
(40 52 0)
(60 52 0)
(80 52 0)
(100 52 0)
(120 52 0)
(140 52 0)
(160 52 0)
(180 52 0)
(200 52 0)
(220 52 0)
(240 52 0)
(260 52 0)
(280 52 0)
(300 52 0)
(320 52 0)
(340 52 0)
(360 52 0)
(380 52 0)
(400 52 0)
(420 52 0)
(440 52 0)
(460 52 0)
(480 52 0)
(500 52 0)
(520 52 0)
(540 52 0)
(560 52 0)
(580 52 0)
(600 52 0)
(620 52 0)
(640 52 0)
(660 52 0)
(680 52 0)
(700 52 0)
(720 52 0)
(740 52 0)
(760 52 0)
(780 52 0)
(800 52 0)
(820 52 0)
(840 52 0)
(860 52 0)
(880 52 0)
(900 52 0)
(920 52 0)
(940 52 0)
(960 52 0)
(980 52 0)
(1000 52 0)
(1020 52 0)
(1040 52 0)
(1060 52 0)
(1080 52 0)
(1100 52 0)
(1120 52 0)
(1140 52 0)
(1160 52 0)
(1180 52 0)
(1200 52 0)
(1220 52 0)
(1240 52 0)
(1260 52 0)
(1280 52 0)
(1300 52 0)
(1320 52 0)
(1340 52 0)
(1360 52 0)
(1380 52 0)
(1400 52 0)
(1420 52 0)
(1440 52 0)
(1460 52 0)
(1480 52 0)
(1500 52 0)
(1520 52 0)
(1540 52 0)
(1560 52 0)
(1580 52 0)
(1600 52 0)
(1620 52 0)
(1640 52 0)
(1660 52 0)
(1680 52 0)
(1700 52 0)
(1720 52 0)
(1740 52 0)
(1760 52 0)
(1780 52 0)
(1800 52 0)
(1820 52 0)
(1840 52 0)
(1860 52 0)
(1880 52 0)
(1900 52 0)
(1920 52 0)
(1940 52 0)
(1960 52 0)
(1980 52 0)
(2000 52 0)
(0 54 0)
(20 54 0)
(40 54 0)
(60 54 0)
(80 54 0)
(100 54 0)
(120 54 0)
(140 54 0)
(160 54 0)
(180 54 0)
(200 54 0)
(220 54 0)
(240 54 0)
(260 54 0)
(280 54 0)
(300 54 0)
(320 54 0)
(340 54 0)
(360 54 0)
(380 54 0)
(400 54 0)
(420 54 0)
(440 54 0)
(460 54 0)
(480 54 0)
(500 54 0)
(520 54 0)
(540 54 0)
(560 54 0)
(580 54 0)
(600 54 0)
(620 54 0)
(640 54 0)
(660 54 0)
(680 54 0)
(700 54 0)
(720 54 0)
(740 54 0)
(760 54 0)
(780 54 0)
(800 54 0)
(820 54 0)
(840 54 0)
(860 54 0)
(880 54 0)
(900 54 0)
(920 54 0)
(940 54 0)
(960 54 0)
(980 54 0)
(1000 54 0)
(1020 54 0)
(1040 54 0)
(1060 54 0)
(1080 54 0)
(1100 54 0)
(1120 54 0)
(1140 54 0)
(1160 54 0)
(1180 54 0)
(1200 54 0)
(1220 54 0)
(1240 54 0)
(1260 54 0)
(1280 54 0)
(1300 54 0)
(1320 54 0)
(1340 54 0)
(1360 54 0)
(1380 54 0)
(1400 54 0)
(1420 54 0)
(1440 54 0)
(1460 54 0)
(1480 54 0)
(1500 54 0)
(1520 54 0)
(1540 54 0)
(1560 54 0)
(1580 54 0)
(1600 54 0)
(1620 54 0)
(1640 54 0)
(1660 54 0)
(1680 54 0)
(1700 54 0)
(1720 54 0)
(1740 54 0)
(1760 54 0)
(1780 54 0)
(1800 54 0)
(1820 54 0)
(1840 54 0)
(1860 54 0)
(1880 54 0)
(1900 54 0)
(1920 54 0)
(1940 54 0)
(1960 54 0)
(1980 54 0)
(2000 54 0)
(0 56 0)
(20 56 0)
(40 56 0)
(60 56 0)
(80 56 0)
(100 56 0)
(120 56 0)
(140 56 0)
(160 56 0)
(180 56 0)
(200 56 0)
(220 56 0)
(240 56 0)
(260 56 0)
(280 56 0)
(300 56 0)
(320 56 0)
(340 56 0)
(360 56 0)
(380 56 0)
(400 56 0)
(420 56 0)
(440 56 0)
(460 56 0)
(480 56 0)
(500 56 0)
(520 56 0)
(540 56 0)
(560 56 0)
(580 56 0)
(600 56 0)
(620 56 0)
(640 56 0)
(660 56 0)
(680 56 0)
(700 56 0)
(720 56 0)
(740 56 0)
(760 56 0)
(780 56 0)
(800 56 0)
(820 56 0)
(840 56 0)
(860 56 0)
(880 56 0)
(900 56 0)
(920 56 0)
(940 56 0)
(960 56 0)
(980 56 0)
(1000 56 0)
(1020 56 0)
(1040 56 0)
(1060 56 0)
(1080 56 0)
(1100 56 0)
(1120 56 0)
(1140 56 0)
(1160 56 0)
(1180 56 0)
(1200 56 0)
(1220 56 0)
(1240 56 0)
(1260 56 0)
(1280 56 0)
(1300 56 0)
(1320 56 0)
(1340 56 0)
(1360 56 0)
(1380 56 0)
(1400 56 0)
(1420 56 0)
(1440 56 0)
(1460 56 0)
(1480 56 0)
(1500 56 0)
(1520 56 0)
(1540 56 0)
(1560 56 0)
(1580 56 0)
(1600 56 0)
(1620 56 0)
(1640 56 0)
(1660 56 0)
(1680 56 0)
(1700 56 0)
(1720 56 0)
(1740 56 0)
(1760 56 0)
(1780 56 0)
(1800 56 0)
(1820 56 0)
(1840 56 0)
(1860 56 0)
(1880 56 0)
(1900 56 0)
(1920 56 0)
(1940 56 0)
(1960 56 0)
(1980 56 0)
(2000 56 0)
(0 58 0)
(20 58 0)
(40 58 0)
(60 58 0)
(80 58 0)
(100 58 0)
(120 58 0)
(140 58 0)
(160 58 0)
(180 58 0)
(200 58 0)
(220 58 0)
(240 58 0)
(260 58 0)
(280 58 0)
(300 58 0)
(320 58 0)
(340 58 0)
(360 58 0)
(380 58 0)
(400 58 0)
(420 58 0)
(440 58 0)
(460 58 0)
(480 58 0)
(500 58 0)
(520 58 0)
(540 58 0)
(560 58 0)
(580 58 0)
(600 58 0)
(620 58 0)
(640 58 0)
(660 58 0)
(680 58 0)
(700 58 0)
(720 58 0)
(740 58 0)
(760 58 0)
(780 58 0)
(800 58 0)
(820 58 0)
(840 58 0)
(860 58 0)
(880 58 0)
(900 58 0)
(920 58 0)
(940 58 0)
(960 58 0)
(980 58 0)
(1000 58 0)
(1020 58 0)
(1040 58 0)
(1060 58 0)
(1080 58 0)
(1100 58 0)
(1120 58 0)
(1140 58 0)
(1160 58 0)
(1180 58 0)
(1200 58 0)
(1220 58 0)
(1240 58 0)
(1260 58 0)
(1280 58 0)
(1300 58 0)
(1320 58 0)
(1340 58 0)
(1360 58 0)
(1380 58 0)
(1400 58 0)
(1420 58 0)
(1440 58 0)
(1460 58 0)
(1480 58 0)
(1500 58 0)
(1520 58 0)
(1540 58 0)
(1560 58 0)
(1580 58 0)
(1600 58 0)
(1620 58 0)
(1640 58 0)
(1660 58 0)
(1680 58 0)
(1700 58 0)
(1720 58 0)
(1740 58 0)
(1760 58 0)
(1780 58 0)
(1800 58 0)
(1820 58 0)
(1840 58 0)
(1860 58 0)
(1880 58 0)
(1900 58 0)
(1920 58 0)
(1940 58 0)
(1960 58 0)
(1980 58 0)
(2000 58 0)
(0 60 0)
(20 60 0)
(40 60 0)
(60 60 0)
(80 60 0)
(100 60 0)
(120 60 0)
(140 60 0)
(160 60 0)
(180 60 0)
(200 60 0)
(220 60 0)
(240 60 0)
(260 60 0)
(280 60 0)
(300 60 0)
(320 60 0)
(340 60 0)
(360 60 0)
(380 60 0)
(400 60 0)
(420 60 0)
(440 60 0)
(460 60 0)
(480 60 0)
(500 60 0)
(520 60 0)
(540 60 0)
(560 60 0)
(580 60 0)
(600 60 0)
(620 60 0)
(640 60 0)
(660 60 0)
(680 60 0)
(700 60 0)
(720 60 0)
(740 60 0)
(760 60 0)
(780 60 0)
(800 60 0)
(820 60 0)
(840 60 0)
(860 60 0)
(880 60 0)
(900 60 0)
(920 60 0)
(940 60 0)
(960 60 0)
(980 60 0)
(1000 60 0)
(1020 60 0)
(1040 60 0)
(1060 60 0)
(1080 60 0)
(1100 60 0)
(1120 60 0)
(1140 60 0)
(1160 60 0)
(1180 60 0)
(1200 60 0)
(1220 60 0)
(1240 60 0)
(1260 60 0)
(1280 60 0)
(1300 60 0)
(1320 60 0)
(1340 60 0)
(1360 60 0)
(1380 60 0)
(1400 60 0)
(1420 60 0)
(1440 60 0)
(1460 60 0)
(1480 60 0)
(1500 60 0)
(1520 60 0)
(1540 60 0)
(1560 60 0)
(1580 60 0)
(1600 60 0)
(1620 60 0)
(1640 60 0)
(1660 60 0)
(1680 60 0)
(1700 60 0)
(1720 60 0)
(1740 60 0)
(1760 60 0)
(1780 60 0)
(1800 60 0)
(1820 60 0)
(1840 60 0)
(1860 60 0)
(1880 60 0)
(1900 60 0)
(1920 60 0)
(1940 60 0)
(1960 60 0)
(1980 60 0)
(2000 60 0)
(0 62 0)
(20 62 0)
(40 62 0)
(60 62 0)
(80 62 0)
(100 62 0)
(120 62 0)
(140 62 0)
(160 62 0)
(180 62 0)
(200 62 0)
(220 62 0)
(240 62 0)
(260 62 0)
(280 62 0)
(300 62 0)
(320 62 0)
(340 62 0)
(360 62 0)
(380 62 0)
(400 62 0)
(420 62 0)
(440 62 0)
(460 62 0)
(480 62 0)
(500 62 0)
(520 62 0)
(540 62 0)
(560 62 0)
(580 62 0)
(600 62 0)
(620 62 0)
(640 62 0)
(660 62 0)
(680 62 0)
(700 62 0)
(720 62 0)
(740 62 0)
(760 62 0)
(780 62 0)
(800 62 0)
(820 62 0)
(840 62 0)
(860 62 0)
(880 62 0)
(900 62 0)
(920 62 0)
(940 62 0)
(960 62 0)
(980 62 0)
(1000 62 0)
(1020 62 0)
(1040 62 0)
(1060 62 0)
(1080 62 0)
(1100 62 0)
(1120 62 0)
(1140 62 0)
(1160 62 0)
(1180 62 0)
(1200 62 0)
(1220 62 0)
(1240 62 0)
(1260 62 0)
(1280 62 0)
(1300 62 0)
(1320 62 0)
(1340 62 0)
(1360 62 0)
(1380 62 0)
(1400 62 0)
(1420 62 0)
(1440 62 0)
(1460 62 0)
(1480 62 0)
(1500 62 0)
(1520 62 0)
(1540 62 0)
(1560 62 0)
(1580 62 0)
(1600 62 0)
(1620 62 0)
(1640 62 0)
(1660 62 0)
(1680 62 0)
(1700 62 0)
(1720 62 0)
(1740 62 0)
(1760 62 0)
(1780 62 0)
(1800 62 0)
(1820 62 0)
(1840 62 0)
(1860 62 0)
(1880 62 0)
(1900 62 0)
(1920 62 0)
(1940 62 0)
(1960 62 0)
(1980 62 0)
(2000 62 0)
(0 64 0)
(20 64 0)
(40 64 0)
(60 64 0)
(80 64 0)
(100 64 0)
(120 64 0)
(140 64 0)
(160 64 0)
(180 64 0)
(200 64 0)
(220 64 0)
(240 64 0)
(260 64 0)
(280 64 0)
(300 64 0)
(320 64 0)
(340 64 0)
(360 64 0)
(380 64 0)
(400 64 0)
(420 64 0)
(440 64 0)
(460 64 0)
(480 64 0)
(500 64 0)
(520 64 0)
(540 64 0)
(560 64 0)
(580 64 0)
(600 64 0)
(620 64 0)
(640 64 0)
(660 64 0)
(680 64 0)
(700 64 0)
(720 64 0)
(740 64 0)
(760 64 0)
(780 64 0)
(800 64 0)
(820 64 0)
(840 64 0)
(860 64 0)
(880 64 0)
(900 64 0)
(920 64 0)
(940 64 0)
(960 64 0)
(980 64 0)
(1000 64 0)
(1020 64 0)
(1040 64 0)
(1060 64 0)
(1080 64 0)
(1100 64 0)
(1120 64 0)
(1140 64 0)
(1160 64 0)
(1180 64 0)
(1200 64 0)
(1220 64 0)
(1240 64 0)
(1260 64 0)
(1280 64 0)
(1300 64 0)
(1320 64 0)
(1340 64 0)
(1360 64 0)
(1380 64 0)
(1400 64 0)
(1420 64 0)
(1440 64 0)
(1460 64 0)
(1480 64 0)
(1500 64 0)
(1520 64 0)
(1540 64 0)
(1560 64 0)
(1580 64 0)
(1600 64 0)
(1620 64 0)
(1640 64 0)
(1660 64 0)
(1680 64 0)
(1700 64 0)
(1720 64 0)
(1740 64 0)
(1760 64 0)
(1780 64 0)
(1800 64 0)
(1820 64 0)
(1840 64 0)
(1860 64 0)
(1880 64 0)
(1900 64 0)
(1920 64 0)
(1940 64 0)
(1960 64 0)
(1980 64 0)
(2000 64 0)
(0 66 0)
(20 66 0)
(40 66 0)
(60 66 0)
(80 66 0)
(100 66 0)
(120 66 0)
(140 66 0)
(160 66 0)
(180 66 0)
(200 66 0)
(220 66 0)
(240 66 0)
(260 66 0)
(280 66 0)
(300 66 0)
(320 66 0)
(340 66 0)
(360 66 0)
(380 66 0)
(400 66 0)
(420 66 0)
(440 66 0)
(460 66 0)
(480 66 0)
(500 66 0)
(520 66 0)
(540 66 0)
(560 66 0)
(580 66 0)
(600 66 0)
(620 66 0)
(640 66 0)
(660 66 0)
(680 66 0)
(700 66 0)
(720 66 0)
(740 66 0)
(760 66 0)
(780 66 0)
(800 66 0)
(820 66 0)
(840 66 0)
(860 66 0)
(880 66 0)
(900 66 0)
(920 66 0)
(940 66 0)
(960 66 0)
(980 66 0)
(1000 66 0)
(1020 66 0)
(1040 66 0)
(1060 66 0)
(1080 66 0)
(1100 66 0)
(1120 66 0)
(1140 66 0)
(1160 66 0)
(1180 66 0)
(1200 66 0)
(1220 66 0)
(1240 66 0)
(1260 66 0)
(1280 66 0)
(1300 66 0)
(1320 66 0)
(1340 66 0)
(1360 66 0)
(1380 66 0)
(1400 66 0)
(1420 66 0)
(1440 66 0)
(1460 66 0)
(1480 66 0)
(1500 66 0)
(1520 66 0)
(1540 66 0)
(1560 66 0)
(1580 66 0)
(1600 66 0)
(1620 66 0)
(1640 66 0)
(1660 66 0)
(1680 66 0)
(1700 66 0)
(1720 66 0)
(1740 66 0)
(1760 66 0)
(1780 66 0)
(1800 66 0)
(1820 66 0)
(1840 66 0)
(1860 66 0)
(1880 66 0)
(1900 66 0)
(1920 66 0)
(1940 66 0)
(1960 66 0)
(1980 66 0)
(2000 66 0)
(0 68 0)
(20 68 0)
(40 68 0)
(60 68 0)
(80 68 0)
(100 68 0)
(120 68 0)
(140 68 0)
(160 68 0)
(180 68 0)
(200 68 0)
(220 68 0)
(240 68 0)
(260 68 0)
(280 68 0)
(300 68 0)
(320 68 0)
(340 68 0)
(360 68 0)
(380 68 0)
(400 68 0)
(420 68 0)
(440 68 0)
(460 68 0)
(480 68 0)
(500 68 0)
(520 68 0)
(540 68 0)
(560 68 0)
(580 68 0)
(600 68 0)
(620 68 0)
(640 68 0)
(660 68 0)
(680 68 0)
(700 68 0)
(720 68 0)
(740 68 0)
(760 68 0)
(780 68 0)
(800 68 0)
(820 68 0)
(840 68 0)
(860 68 0)
(880 68 0)
(900 68 0)
(920 68 0)
(940 68 0)
(960 68 0)
(980 68 0)
(1000 68 0)
(1020 68 0)
(1040 68 0)
(1060 68 0)
(1080 68 0)
(1100 68 0)
(1120 68 0)
(1140 68 0)
(1160 68 0)
(1180 68 0)
(1200 68 0)
(1220 68 0)
(1240 68 0)
(1260 68 0)
(1280 68 0)
(1300 68 0)
(1320 68 0)
(1340 68 0)
(1360 68 0)
(1380 68 0)
(1400 68 0)
(1420 68 0)
(1440 68 0)
(1460 68 0)
(1480 68 0)
(1500 68 0)
(1520 68 0)
(1540 68 0)
(1560 68 0)
(1580 68 0)
(1600 68 0)
(1620 68 0)
(1640 68 0)
(1660 68 0)
(1680 68 0)
(1700 68 0)
(1720 68 0)
(1740 68 0)
(1760 68 0)
(1780 68 0)
(1800 68 0)
(1820 68 0)
(1840 68 0)
(1860 68 0)
(1880 68 0)
(1900 68 0)
(1920 68 0)
(1940 68 0)
(1960 68 0)
(1980 68 0)
(2000 68 0)
(0 70 0)
(20 70 0)
(40 70 0)
(60 70 0)
(80 70 0)
(100 70 0)
(120 70 0)
(140 70 0)
(160 70 0)
(180 70 0)
(200 70 0)
(220 70 0)
(240 70 0)
(260 70 0)
(280 70 0)
(300 70 0)
(320 70 0)
(340 70 0)
(360 70 0)
(380 70 0)
(400 70 0)
(420 70 0)
(440 70 0)
(460 70 0)
(480 70 0)
(500 70 0)
(520 70 0)
(540 70 0)
(560 70 0)
(580 70 0)
(600 70 0)
(620 70 0)
(640 70 0)
(660 70 0)
(680 70 0)
(700 70 0)
(720 70 0)
(740 70 0)
(760 70 0)
(780 70 0)
(800 70 0)
(820 70 0)
(840 70 0)
(860 70 0)
(880 70 0)
(900 70 0)
(920 70 0)
(940 70 0)
(960 70 0)
(980 70 0)
(1000 70 0)
(1020 70 0)
(1040 70 0)
(1060 70 0)
(1080 70 0)
(1100 70 0)
(1120 70 0)
(1140 70 0)
(1160 70 0)
(1180 70 0)
(1200 70 0)
(1220 70 0)
(1240 70 0)
(1260 70 0)
(1280 70 0)
(1300 70 0)
(1320 70 0)
(1340 70 0)
(1360 70 0)
(1380 70 0)
(1400 70 0)
(1420 70 0)
(1440 70 0)
(1460 70 0)
(1480 70 0)
(1500 70 0)
(1520 70 0)
(1540 70 0)
(1560 70 0)
(1580 70 0)
(1600 70 0)
(1620 70 0)
(1640 70 0)
(1660 70 0)
(1680 70 0)
(1700 70 0)
(1720 70 0)
(1740 70 0)
(1760 70 0)
(1780 70 0)
(1800 70 0)
(1820 70 0)
(1840 70 0)
(1860 70 0)
(1880 70 0)
(1900 70 0)
(1920 70 0)
(1940 70 0)
(1960 70 0)
(1980 70 0)
(2000 70 0)
(0 72 0)
(20 72 0)
(40 72 0)
(60 72 0)
(80 72 0)
(100 72 0)
(120 72 0)
(140 72 0)
(160 72 0)
(180 72 0)
(200 72 0)
(220 72 0)
(240 72 0)
(260 72 0)
(280 72 0)
(300 72 0)
(320 72 0)
(340 72 0)
(360 72 0)
(380 72 0)
(400 72 0)
(420 72 0)
(440 72 0)
(460 72 0)
(480 72 0)
(500 72 0)
(520 72 0)
(540 72 0)
(560 72 0)
(580 72 0)
(600 72 0)
(620 72 0)
(640 72 0)
(660 72 0)
(680 72 0)
(700 72 0)
(720 72 0)
(740 72 0)
(760 72 0)
(780 72 0)
(800 72 0)
(820 72 0)
(840 72 0)
(860 72 0)
(880 72 0)
(900 72 0)
(920 72 0)
(940 72 0)
(960 72 0)
(980 72 0)
(1000 72 0)
(1020 72 0)
(1040 72 0)
(1060 72 0)
(1080 72 0)
(1100 72 0)
(1120 72 0)
(1140 72 0)
(1160 72 0)
(1180 72 0)
(1200 72 0)
(1220 72 0)
(1240 72 0)
(1260 72 0)
(1280 72 0)
(1300 72 0)
(1320 72 0)
(1340 72 0)
(1360 72 0)
(1380 72 0)
(1400 72 0)
(1420 72 0)
(1440 72 0)
(1460 72 0)
(1480 72 0)
(1500 72 0)
(1520 72 0)
(1540 72 0)
(1560 72 0)
(1580 72 0)
(1600 72 0)
(1620 72 0)
(1640 72 0)
(1660 72 0)
(1680 72 0)
(1700 72 0)
(1720 72 0)
(1740 72 0)
(1760 72 0)
(1780 72 0)
(1800 72 0)
(1820 72 0)
(1840 72 0)
(1860 72 0)
(1880 72 0)
(1900 72 0)
(1920 72 0)
(1940 72 0)
(1960 72 0)
(1980 72 0)
(2000 72 0)
(0 74 0)
(20 74 0)
(40 74 0)
(60 74 0)
(80 74 0)
(100 74 0)
(120 74 0)
(140 74 0)
(160 74 0)
(180 74 0)
(200 74 0)
(220 74 0)
(240 74 0)
(260 74 0)
(280 74 0)
(300 74 0)
(320 74 0)
(340 74 0)
(360 74 0)
(380 74 0)
(400 74 0)
(420 74 0)
(440 74 0)
(460 74 0)
(480 74 0)
(500 74 0)
(520 74 0)
(540 74 0)
(560 74 0)
(580 74 0)
(600 74 0)
(620 74 0)
(640 74 0)
(660 74 0)
(680 74 0)
(700 74 0)
(720 74 0)
(740 74 0)
(760 74 0)
(780 74 0)
(800 74 0)
(820 74 0)
(840 74 0)
(860 74 0)
(880 74 0)
(900 74 0)
(920 74 0)
(940 74 0)
(960 74 0)
(980 74 0)
(1000 74 0)
(1020 74 0)
(1040 74 0)
(1060 74 0)
(1080 74 0)
(1100 74 0)
(1120 74 0)
(1140 74 0)
(1160 74 0)
(1180 74 0)
(1200 74 0)
(1220 74 0)
(1240 74 0)
(1260 74 0)
(1280 74 0)
(1300 74 0)
(1320 74 0)
(1340 74 0)
(1360 74 0)
(1380 74 0)
(1400 74 0)
(1420 74 0)
(1440 74 0)
(1460 74 0)
(1480 74 0)
(1500 74 0)
(1520 74 0)
(1540 74 0)
(1560 74 0)
(1580 74 0)
(1600 74 0)
(1620 74 0)
(1640 74 0)
(1660 74 0)
(1680 74 0)
(1700 74 0)
(1720 74 0)
(1740 74 0)
(1760 74 0)
(1780 74 0)
(1800 74 0)
(1820 74 0)
(1840 74 0)
(1860 74 0)
(1880 74 0)
(1900 74 0)
(1920 74 0)
(1940 74 0)
(1960 74 0)
(1980 74 0)
(2000 74 0)
(0 76 0)
(20 76 0)
(40 76 0)
(60 76 0)
(80 76 0)
(100 76 0)
(120 76 0)
(140 76 0)
(160 76 0)
(180 76 0)
(200 76 0)
(220 76 0)
(240 76 0)
(260 76 0)
(280 76 0)
(300 76 0)
(320 76 0)
(340 76 0)
(360 76 0)
(380 76 0)
(400 76 0)
(420 76 0)
(440 76 0)
(460 76 0)
(480 76 0)
(500 76 0)
(520 76 0)
(540 76 0)
(560 76 0)
(580 76 0)
(600 76 0)
(620 76 0)
(640 76 0)
(660 76 0)
(680 76 0)
(700 76 0)
(720 76 0)
(740 76 0)
(760 76 0)
(780 76 0)
(800 76 0)
(820 76 0)
(840 76 0)
(860 76 0)
(880 76 0)
(900 76 0)
(920 76 0)
(940 76 0)
(960 76 0)
(980 76 0)
(1000 76 0)
(1020 76 0)
(1040 76 0)
(1060 76 0)
(1080 76 0)
(1100 76 0)
(1120 76 0)
(1140 76 0)
(1160 76 0)
(1180 76 0)
(1200 76 0)
(1220 76 0)
(1240 76 0)
(1260 76 0)
(1280 76 0)
(1300 76 0)
(1320 76 0)
(1340 76 0)
(1360 76 0)
(1380 76 0)
(1400 76 0)
(1420 76 0)
(1440 76 0)
(1460 76 0)
(1480 76 0)
(1500 76 0)
(1520 76 0)
(1540 76 0)
(1560 76 0)
(1580 76 0)
(1600 76 0)
(1620 76 0)
(1640 76 0)
(1660 76 0)
(1680 76 0)
(1700 76 0)
(1720 76 0)
(1740 76 0)
(1760 76 0)
(1780 76 0)
(1800 76 0)
(1820 76 0)
(1840 76 0)
(1860 76 0)
(1880 76 0)
(1900 76 0)
(1920 76 0)
(1940 76 0)
(1960 76 0)
(1980 76 0)
(2000 76 0)
(0 78 0)
(20 78 0)
(40 78 0)
(60 78 0)
(80 78 0)
(100 78 0)
(120 78 0)
(140 78 0)
(160 78 0)
(180 78 0)
(200 78 0)
(220 78 0)
(240 78 0)
(260 78 0)
(280 78 0)
(300 78 0)
(320 78 0)
(340 78 0)
(360 78 0)
(380 78 0)
(400 78 0)
(420 78 0)
(440 78 0)
(460 78 0)
(480 78 0)
(500 78 0)
(520 78 0)
(540 78 0)
(560 78 0)
(580 78 0)
(600 78 0)
(620 78 0)
(640 78 0)
(660 78 0)
(680 78 0)
(700 78 0)
(720 78 0)
(740 78 0)
(760 78 0)
(780 78 0)
(800 78 0)
(820 78 0)
(840 78 0)
(860 78 0)
(880 78 0)
(900 78 0)
(920 78 0)
(940 78 0)
(960 78 0)
(980 78 0)
(1000 78 0)
(1020 78 0)
(1040 78 0)
(1060 78 0)
(1080 78 0)
(1100 78 0)
(1120 78 0)
(1140 78 0)
(1160 78 0)
(1180 78 0)
(1200 78 0)
(1220 78 0)
(1240 78 0)
(1260 78 0)
(1280 78 0)
(1300 78 0)
(1320 78 0)
(1340 78 0)
(1360 78 0)
(1380 78 0)
(1400 78 0)
(1420 78 0)
(1440 78 0)
(1460 78 0)
(1480 78 0)
(1500 78 0)
(1520 78 0)
(1540 78 0)
(1560 78 0)
(1580 78 0)
(1600 78 0)
(1620 78 0)
(1640 78 0)
(1660 78 0)
(1680 78 0)
(1700 78 0)
(1720 78 0)
(1740 78 0)
(1760 78 0)
(1780 78 0)
(1800 78 0)
(1820 78 0)
(1840 78 0)
(1860 78 0)
(1880 78 0)
(1900 78 0)
(1920 78 0)
(1940 78 0)
(1960 78 0)
(1980 78 0)
(2000 78 0)
(0 80 0)
(20 80 0)
(40 80 0)
(60 80 0)
(80 80 0)
(100 80 0)
(120 80 0)
(140 80 0)
(160 80 0)
(180 80 0)
(200 80 0)
(220 80 0)
(240 80 0)
(260 80 0)
(280 80 0)
(300 80 0)
(320 80 0)
(340 80 0)
(360 80 0)
(380 80 0)
(400 80 0)
(420 80 0)
(440 80 0)
(460 80 0)
(480 80 0)
(500 80 0)
(520 80 0)
(540 80 0)
(560 80 0)
(580 80 0)
(600 80 0)
(620 80 0)
(640 80 0)
(660 80 0)
(680 80 0)
(700 80 0)
(720 80 0)
(740 80 0)
(760 80 0)
(780 80 0)
(800 80 0)
(820 80 0)
(840 80 0)
(860 80 0)
(880 80 0)
(900 80 0)
(920 80 0)
(940 80 0)
(960 80 0)
(980 80 0)
(1000 80 0)
(1020 80 0)
(1040 80 0)
(1060 80 0)
(1080 80 0)
(1100 80 0)
(1120 80 0)
(1140 80 0)
(1160 80 0)
(1180 80 0)
(1200 80 0)
(1220 80 0)
(1240 80 0)
(1260 80 0)
(1280 80 0)
(1300 80 0)
(1320 80 0)
(1340 80 0)
(1360 80 0)
(1380 80 0)
(1400 80 0)
(1420 80 0)
(1440 80 0)
(1460 80 0)
(1480 80 0)
(1500 80 0)
(1520 80 0)
(1540 80 0)
(1560 80 0)
(1580 80 0)
(1600 80 0)
(1620 80 0)
(1640 80 0)
(1660 80 0)
(1680 80 0)
(1700 80 0)
(1720 80 0)
(1740 80 0)
(1760 80 0)
(1780 80 0)
(1800 80 0)
(1820 80 0)
(1840 80 0)
(1860 80 0)
(1880 80 0)
(1900 80 0)
(1920 80 0)
(1940 80 0)
(1960 80 0)
(1980 80 0)
(2000 80 0)
(0 82 0)
(20 82 0)
(40 82 0)
(60 82 0)
(80 82 0)
(100 82 0)
(120 82 0)
(140 82 0)
(160 82 0)
(180 82 0)
(200 82 0)
(220 82 0)
(240 82 0)
(260 82 0)
(280 82 0)
(300 82 0)
(320 82 0)
(340 82 0)
(360 82 0)
(380 82 0)
(400 82 0)
(420 82 0)
(440 82 0)
(460 82 0)
(480 82 0)
(500 82 0)
(520 82 0)
(540 82 0)
(560 82 0)
(580 82 0)
(600 82 0)
(620 82 0)
(640 82 0)
(660 82 0)
(680 82 0)
(700 82 0)
(720 82 0)
(740 82 0)
(760 82 0)
(780 82 0)
(800 82 0)
(820 82 0)
(840 82 0)
(860 82 0)
(880 82 0)
(900 82 0)
(920 82 0)
(940 82 0)
(960 82 0)
(980 82 0)
(1000 82 0)
(1020 82 0)
(1040 82 0)
(1060 82 0)
(1080 82 0)
(1100 82 0)
(1120 82 0)
(1140 82 0)
(1160 82 0)
(1180 82 0)
(1200 82 0)
(1220 82 0)
(1240 82 0)
(1260 82 0)
(1280 82 0)
(1300 82 0)
(1320 82 0)
(1340 82 0)
(1360 82 0)
(1380 82 0)
(1400 82 0)
(1420 82 0)
(1440 82 0)
(1460 82 0)
(1480 82 0)
(1500 82 0)
(1520 82 0)
(1540 82 0)
(1560 82 0)
(1580 82 0)
(1600 82 0)
(1620 82 0)
(1640 82 0)
(1660 82 0)
(1680 82 0)
(1700 82 0)
(1720 82 0)
(1740 82 0)
(1760 82 0)
(1780 82 0)
(1800 82 0)
(1820 82 0)
(1840 82 0)
(1860 82 0)
(1880 82 0)
(1900 82 0)
(1920 82 0)
(1940 82 0)
(1960 82 0)
(1980 82 0)
(2000 82 0)
(0 84 0)
(20 84 0)
(40 84 0)
(60 84 0)
(80 84 0)
(100 84 0)
(120 84 0)
(140 84 0)
(160 84 0)
(180 84 0)
(200 84 0)
(220 84 0)
(240 84 0)
(260 84 0)
(280 84 0)
(300 84 0)
(320 84 0)
(340 84 0)
(360 84 0)
(380 84 0)
(400 84 0)
(420 84 0)
(440 84 0)
(460 84 0)
(480 84 0)
(500 84 0)
(520 84 0)
(540 84 0)
(560 84 0)
(580 84 0)
(600 84 0)
(620 84 0)
(640 84 0)
(660 84 0)
(680 84 0)
(700 84 0)
(720 84 0)
(740 84 0)
(760 84 0)
(780 84 0)
(800 84 0)
(820 84 0)
(840 84 0)
(860 84 0)
(880 84 0)
(900 84 0)
(920 84 0)
(940 84 0)
(960 84 0)
(980 84 0)
(1000 84 0)
(1020 84 0)
(1040 84 0)
(1060 84 0)
(1080 84 0)
(1100 84 0)
(1120 84 0)
(1140 84 0)
(1160 84 0)
(1180 84 0)
(1200 84 0)
(1220 84 0)
(1240 84 0)
(1260 84 0)
(1280 84 0)
(1300 84 0)
(1320 84 0)
(1340 84 0)
(1360 84 0)
(1380 84 0)
(1400 84 0)
(1420 84 0)
(1440 84 0)
(1460 84 0)
(1480 84 0)
(1500 84 0)
(1520 84 0)
(1540 84 0)
(1560 84 0)
(1580 84 0)
(1600 84 0)
(1620 84 0)
(1640 84 0)
(1660 84 0)
(1680 84 0)
(1700 84 0)
(1720 84 0)
(1740 84 0)
(1760 84 0)
(1780 84 0)
(1800 84 0)
(1820 84 0)
(1840 84 0)
(1860 84 0)
(1880 84 0)
(1900 84 0)
(1920 84 0)
(1940 84 0)
(1960 84 0)
(1980 84 0)
(2000 84 0)
(0 86 0)
(20 86 0)
(40 86 0)
(60 86 0)
(80 86 0)
(100 86 0)
(120 86 0)
(140 86 0)
(160 86 0)
(180 86 0)
(200 86 0)
(220 86 0)
(240 86 0)
(260 86 0)
(280 86 0)
(300 86 0)
(320 86 0)
(340 86 0)
(360 86 0)
(380 86 0)
(400 86 0)
(420 86 0)
(440 86 0)
(460 86 0)
(480 86 0)
(500 86 0)
(520 86 0)
(540 86 0)
(560 86 0)
(580 86 0)
(600 86 0)
(620 86 0)
(640 86 0)
(660 86 0)
(680 86 0)
(700 86 0)
(720 86 0)
(740 86 0)
(760 86 0)
(780 86 0)
(800 86 0)
(820 86 0)
(840 86 0)
(860 86 0)
(880 86 0)
(900 86 0)
(920 86 0)
(940 86 0)
(960 86 0)
(980 86 0)
(1000 86 0)
(1020 86 0)
(1040 86 0)
(1060 86 0)
(1080 86 0)
(1100 86 0)
(1120 86 0)
(1140 86 0)
(1160 86 0)
(1180 86 0)
(1200 86 0)
(1220 86 0)
(1240 86 0)
(1260 86 0)
(1280 86 0)
(1300 86 0)
(1320 86 0)
(1340 86 0)
(1360 86 0)
(1380 86 0)
(1400 86 0)
(1420 86 0)
(1440 86 0)
(1460 86 0)
(1480 86 0)
(1500 86 0)
(1520 86 0)
(1540 86 0)
(1560 86 0)
(1580 86 0)
(1600 86 0)
(1620 86 0)
(1640 86 0)
(1660 86 0)
(1680 86 0)
(1700 86 0)
(1720 86 0)
(1740 86 0)
(1760 86 0)
(1780 86 0)
(1800 86 0)
(1820 86 0)
(1840 86 0)
(1860 86 0)
(1880 86 0)
(1900 86 0)
(1920 86 0)
(1940 86 0)
(1960 86 0)
(1980 86 0)
(2000 86 0)
(0 88 0)
(20 88 0)
(40 88 0)
(60 88 0)
(80 88 0)
(100 88 0)
(120 88 0)
(140 88 0)
(160 88 0)
(180 88 0)
(200 88 0)
(220 88 0)
(240 88 0)
(260 88 0)
(280 88 0)
(300 88 0)
(320 88 0)
(340 88 0)
(360 88 0)
(380 88 0)
(400 88 0)
(420 88 0)
(440 88 0)
(460 88 0)
(480 88 0)
(500 88 0)
(520 88 0)
(540 88 0)
(560 88 0)
(580 88 0)
(600 88 0)
(620 88 0)
(640 88 0)
(660 88 0)
(680 88 0)
(700 88 0)
(720 88 0)
(740 88 0)
(760 88 0)
(780 88 0)
(800 88 0)
(820 88 0)
(840 88 0)
(860 88 0)
(880 88 0)
(900 88 0)
(920 88 0)
(940 88 0)
(960 88 0)
(980 88 0)
(1000 88 0)
(1020 88 0)
(1040 88 0)
(1060 88 0)
(1080 88 0)
(1100 88 0)
(1120 88 0)
(1140 88 0)
(1160 88 0)
(1180 88 0)
(1200 88 0)
(1220 88 0)
(1240 88 0)
(1260 88 0)
(1280 88 0)
(1300 88 0)
(1320 88 0)
(1340 88 0)
(1360 88 0)
(1380 88 0)
(1400 88 0)
(1420 88 0)
(1440 88 0)
(1460 88 0)
(1480 88 0)
(1500 88 0)
(1520 88 0)
(1540 88 0)
(1560 88 0)
(1580 88 0)
(1600 88 0)
(1620 88 0)
(1640 88 0)
(1660 88 0)
(1680 88 0)
(1700 88 0)
(1720 88 0)
(1740 88 0)
(1760 88 0)
(1780 88 0)
(1800 88 0)
(1820 88 0)
(1840 88 0)
(1860 88 0)
(1880 88 0)
(1900 88 0)
(1920 88 0)
(1940 88 0)
(1960 88 0)
(1980 88 0)
(2000 88 0)
(0 90 0)
(20 90 0)
(40 90 0)
(60 90 0)
(80 90 0)
(100 90 0)
(120 90 0)
(140 90 0)
(160 90 0)
(180 90 0)
(200 90 0)
(220 90 0)
(240 90 0)
(260 90 0)
(280 90 0)
(300 90 0)
(320 90 0)
(340 90 0)
(360 90 0)
(380 90 0)
(400 90 0)
(420 90 0)
(440 90 0)
(460 90 0)
(480 90 0)
(500 90 0)
(520 90 0)
(540 90 0)
(560 90 0)
(580 90 0)
(600 90 0)
(620 90 0)
(640 90 0)
(660 90 0)
(680 90 0)
(700 90 0)
(720 90 0)
(740 90 0)
(760 90 0)
(780 90 0)
(800 90 0)
(820 90 0)
(840 90 0)
(860 90 0)
(880 90 0)
(900 90 0)
(920 90 0)
(940 90 0)
(960 90 0)
(980 90 0)
(1000 90 0)
(1020 90 0)
(1040 90 0)
(1060 90 0)
(1080 90 0)
(1100 90 0)
(1120 90 0)
(1140 90 0)
(1160 90 0)
(1180 90 0)
(1200 90 0)
(1220 90 0)
(1240 90 0)
(1260 90 0)
(1280 90 0)
(1300 90 0)
(1320 90 0)
(1340 90 0)
(1360 90 0)
(1380 90 0)
(1400 90 0)
(1420 90 0)
(1440 90 0)
(1460 90 0)
(1480 90 0)
(1500 90 0)
(1520 90 0)
(1540 90 0)
(1560 90 0)
(1580 90 0)
(1600 90 0)
(1620 90 0)
(1640 90 0)
(1660 90 0)
(1680 90 0)
(1700 90 0)
(1720 90 0)
(1740 90 0)
(1760 90 0)
(1780 90 0)
(1800 90 0)
(1820 90 0)
(1840 90 0)
(1860 90 0)
(1880 90 0)
(1900 90 0)
(1920 90 0)
(1940 90 0)
(1960 90 0)
(1980 90 0)
(2000 90 0)
(0 92 0)
(20 92 0)
(40 92 0)
(60 92 0)
(80 92 0)
(100 92 0)
(120 92 0)
(140 92 0)
(160 92 0)
(180 92 0)
(200 92 0)
(220 92 0)
(240 92 0)
(260 92 0)
(280 92 0)
(300 92 0)
(320 92 0)
(340 92 0)
(360 92 0)
(380 92 0)
(400 92 0)
(420 92 0)
(440 92 0)
(460 92 0)
(480 92 0)
(500 92 0)
(520 92 0)
(540 92 0)
(560 92 0)
(580 92 0)
(600 92 0)
(620 92 0)
(640 92 0)
(660 92 0)
(680 92 0)
(700 92 0)
(720 92 0)
(740 92 0)
(760 92 0)
(780 92 0)
(800 92 0)
(820 92 0)
(840 92 0)
(860 92 0)
(880 92 0)
(900 92 0)
(920 92 0)
(940 92 0)
(960 92 0)
(980 92 0)
(1000 92 0)
(1020 92 0)
(1040 92 0)
(1060 92 0)
(1080 92 0)
(1100 92 0)
(1120 92 0)
(1140 92 0)
(1160 92 0)
(1180 92 0)
(1200 92 0)
(1220 92 0)
(1240 92 0)
(1260 92 0)
(1280 92 0)
(1300 92 0)
(1320 92 0)
(1340 92 0)
(1360 92 0)
(1380 92 0)
(1400 92 0)
(1420 92 0)
(1440 92 0)
(1460 92 0)
(1480 92 0)
(1500 92 0)
(1520 92 0)
(1540 92 0)
(1560 92 0)
(1580 92 0)
(1600 92 0)
(1620 92 0)
(1640 92 0)
(1660 92 0)
(1680 92 0)
(1700 92 0)
(1720 92 0)
(1740 92 0)
(1760 92 0)
(1780 92 0)
(1800 92 0)
(1820 92 0)
(1840 92 0)
(1860 92 0)
(1880 92 0)
(1900 92 0)
(1920 92 0)
(1940 92 0)
(1960 92 0)
(1980 92 0)
(2000 92 0)
(0 94 0)
(20 94 0)
(40 94 0)
(60 94 0)
(80 94 0)
(100 94 0)
(120 94 0)
(140 94 0)
(160 94 0)
(180 94 0)
(200 94 0)
(220 94 0)
(240 94 0)
(260 94 0)
(280 94 0)
(300 94 0)
(320 94 0)
(340 94 0)
(360 94 0)
(380 94 0)
(400 94 0)
(420 94 0)
(440 94 0)
(460 94 0)
(480 94 0)
(500 94 0)
(520 94 0)
(540 94 0)
(560 94 0)
(580 94 0)
(600 94 0)
(620 94 0)
(640 94 0)
(660 94 0)
(680 94 0)
(700 94 0)
(720 94 0)
(740 94 0)
(760 94 0)
(780 94 0)
(800 94 0)
(820 94 0)
(840 94 0)
(860 94 0)
(880 94 0)
(900 94 0)
(920 94 0)
(940 94 0)
(960 94 0)
(980 94 0)
(1000 94 0)
(1020 94 0)
(1040 94 0)
(1060 94 0)
(1080 94 0)
(1100 94 0)
(1120 94 0)
(1140 94 0)
(1160 94 0)
(1180 94 0)
(1200 94 0)
(1220 94 0)
(1240 94 0)
(1260 94 0)
(1280 94 0)
(1300 94 0)
(1320 94 0)
(1340 94 0)
(1360 94 0)
(1380 94 0)
(1400 94 0)
(1420 94 0)
(1440 94 0)
(1460 94 0)
(1480 94 0)
(1500 94 0)
(1520 94 0)
(1540 94 0)
(1560 94 0)
(1580 94 0)
(1600 94 0)
(1620 94 0)
(1640 94 0)
(1660 94 0)
(1680 94 0)
(1700 94 0)
(1720 94 0)
(1740 94 0)
(1760 94 0)
(1780 94 0)
(1800 94 0)
(1820 94 0)
(1840 94 0)
(1860 94 0)
(1880 94 0)
(1900 94 0)
(1920 94 0)
(1940 94 0)
(1960 94 0)
(1980 94 0)
(2000 94 0)
(0 96 0)
(20 96 0)
(40 96 0)
(60 96 0)
(80 96 0)
(100 96 0)
(120 96 0)
(140 96 0)
(160 96 0)
(180 96 0)
(200 96 0)
(220 96 0)
(240 96 0)
(260 96 0)
(280 96 0)
(300 96 0)
(320 96 0)
(340 96 0)
(360 96 0)
(380 96 0)
(400 96 0)
(420 96 0)
(440 96 0)
(460 96 0)
(480 96 0)
(500 96 0)
(520 96 0)
(540 96 0)
(560 96 0)
(580 96 0)
(600 96 0)
(620 96 0)
(640 96 0)
(660 96 0)
(680 96 0)
(700 96 0)
(720 96 0)
(740 96 0)
(760 96 0)
(780 96 0)
(800 96 0)
(820 96 0)
(840 96 0)
(860 96 0)
(880 96 0)
(900 96 0)
(920 96 0)
(940 96 0)
(960 96 0)
(980 96 0)
(1000 96 0)
(1020 96 0)
(1040 96 0)
(1060 96 0)
(1080 96 0)
(1100 96 0)
(1120 96 0)
(1140 96 0)
(1160 96 0)
(1180 96 0)
(1200 96 0)
(1220 96 0)
(1240 96 0)
(1260 96 0)
(1280 96 0)
(1300 96 0)
(1320 96 0)
(1340 96 0)
(1360 96 0)
(1380 96 0)
(1400 96 0)
(1420 96 0)
(1440 96 0)
(1460 96 0)
(1480 96 0)
(1500 96 0)
(1520 96 0)
(1540 96 0)
(1560 96 0)
(1580 96 0)
(1600 96 0)
(1620 96 0)
(1640 96 0)
(1660 96 0)
(1680 96 0)
(1700 96 0)
(1720 96 0)
(1740 96 0)
(1760 96 0)
(1780 96 0)
(1800 96 0)
(1820 96 0)
(1840 96 0)
(1860 96 0)
(1880 96 0)
(1900 96 0)
(1920 96 0)
(1940 96 0)
(1960 96 0)
(1980 96 0)
(2000 96 0)
(0 98 0)
(20 98 0)
(40 98 0)
(60 98 0)
(80 98 0)
(100 98 0)
(120 98 0)
(140 98 0)
(160 98 0)
(180 98 0)
(200 98 0)
(220 98 0)
(240 98 0)
(260 98 0)
(280 98 0)
(300 98 0)
(320 98 0)
(340 98 0)
(360 98 0)
(380 98 0)
(400 98 0)
(420 98 0)
(440 98 0)
(460 98 0)
(480 98 0)
(500 98 0)
(520 98 0)
(540 98 0)
(560 98 0)
(580 98 0)
(600 98 0)
(620 98 0)
(640 98 0)
(660 98 0)
(680 98 0)
(700 98 0)
(720 98 0)
(740 98 0)
(760 98 0)
(780 98 0)
(800 98 0)
(820 98 0)
(840 98 0)
(860 98 0)
(880 98 0)
(900 98 0)
(920 98 0)
(940 98 0)
(960 98 0)
(980 98 0)
(1000 98 0)
(1020 98 0)
(1040 98 0)
(1060 98 0)
(1080 98 0)
(1100 98 0)
(1120 98 0)
(1140 98 0)
(1160 98 0)
(1180 98 0)
(1200 98 0)
(1220 98 0)
(1240 98 0)
(1260 98 0)
(1280 98 0)
(1300 98 0)
(1320 98 0)
(1340 98 0)
(1360 98 0)
(1380 98 0)
(1400 98 0)
(1420 98 0)
(1440 98 0)
(1460 98 0)
(1480 98 0)
(1500 98 0)
(1520 98 0)
(1540 98 0)
(1560 98 0)
(1580 98 0)
(1600 98 0)
(1620 98 0)
(1640 98 0)
(1660 98 0)
(1680 98 0)
(1700 98 0)
(1720 98 0)
(1740 98 0)
(1760 98 0)
(1780 98 0)
(1800 98 0)
(1820 98 0)
(1840 98 0)
(1860 98 0)
(1880 98 0)
(1900 98 0)
(1920 98 0)
(1940 98 0)
(1960 98 0)
(1980 98 0)
(2000 98 0)
(0 100 0)
(20 100 0)
(40 100 0)
(60 100 0)
(80 100 0)
(100 100 0)
(120 100 0)
(140 100 0)
(160 100 0)
(180 100 0)
(200 100 0)
(220 100 0)
(240 100 0)
(260 100 0)
(280 100 0)
(300 100 0)
(320 100 0)
(340 100 0)
(360 100 0)
(380 100 0)
(400 100 0)
(420 100 0)
(440 100 0)
(460 100 0)
(480 100 0)
(500 100 0)
(520 100 0)
(540 100 0)
(560 100 0)
(580 100 0)
(600 100 0)
(620 100 0)
(640 100 0)
(660 100 0)
(680 100 0)
(700 100 0)
(720 100 0)
(740 100 0)
(760 100 0)
(780 100 0)
(800 100 0)
(820 100 0)
(840 100 0)
(860 100 0)
(880 100 0)
(900 100 0)
(920 100 0)
(940 100 0)
(960 100 0)
(980 100 0)
(1000 100 0)
(1020 100 0)
(1040 100 0)
(1060 100 0)
(1080 100 0)
(1100 100 0)
(1120 100 0)
(1140 100 0)
(1160 100 0)
(1180 100 0)
(1200 100 0)
(1220 100 0)
(1240 100 0)
(1260 100 0)
(1280 100 0)
(1300 100 0)
(1320 100 0)
(1340 100 0)
(1360 100 0)
(1380 100 0)
(1400 100 0)
(1420 100 0)
(1440 100 0)
(1460 100 0)
(1480 100 0)
(1500 100 0)
(1520 100 0)
(1540 100 0)
(1560 100 0)
(1580 100 0)
(1600 100 0)
(1620 100 0)
(1640 100 0)
(1660 100 0)
(1680 100 0)
(1700 100 0)
(1720 100 0)
(1740 100 0)
(1760 100 0)
(1780 100 0)
(1800 100 0)
(1820 100 0)
(1840 100 0)
(1860 100 0)
(1880 100 0)
(1900 100 0)
(1920 100 0)
(1940 100 0)
(1960 100 0)
(1980 100 0)
(2000 100 0)
(0 0 750)
(20 0 750)
(40 0 750)
(60 0 750)
(80 0 750)
(100 0 750)
(120 0 750)
(140 0 750)
(160 0 750)
(180 0 750)
(200 0 750)
(220 0 750)
(240 0 750)
(260 0 750)
(280 0 750)
(300 0 750)
(320 0 750)
(340 0 750)
(360 0 750)
(380 0 750)
(400 0 750)
(420 0 750)
(440 0 750)
(460 0 750)
(480 0 750)
(500 0 750)
(520 0 750)
(540 0 750)
(560 0 750)
(580 0 750)
(600 0 750)
(620 0 750)
(640 0 750)
(660 0 750)
(680 0 750)
(700 0 750)
(720 0 750)
(740 0 750)
(760 0 750)
(780 0 750)
(800 0 750)
(820 0 750)
(840 0 750)
(860 0 750)
(880 0 750)
(900 0 750)
(920 0 750)
(940 0 750)
(960 0 750)
(980 0 750)
(1000 0 750)
(1020 0 750)
(1040 0 750)
(1060 0 750)
(1080 0 750)
(1100 0 750)
(1120 0 750)
(1140 0 750)
(1160 0 750)
(1180 0 750)
(1200 0 750)
(1220 0 750)
(1240 0 750)
(1260 0 750)
(1280 0 750)
(1300 0 750)
(1320 0 750)
(1340 0 750)
(1360 0 750)
(1380 0 750)
(1400 0 750)
(1420 0 750)
(1440 0 750)
(1460 0 750)
(1480 0 750)
(1500 0 750)
(1520 0 750)
(1540 0 750)
(1560 0 750)
(1580 0 750)
(1600 0 750)
(1620 0 750)
(1640 0 750)
(1660 0 750)
(1680 0 750)
(1700 0 750)
(1720 0 750)
(1740 0 750)
(1760 0 750)
(1780 0 750)
(1800 0 750)
(1820 0 750)
(1840 0 750)
(1860 0 750)
(1880 0 750)
(1900 0 750)
(1920 0 750)
(1940 0 750)
(1960 0 750)
(1980 0 750)
(2000 0 750)
(0 2 750)
(20 2 750)
(40 2 750)
(60 2 750)
(80 2 750)
(100 2 750)
(120 2 750)
(140 2 750)
(160 2 750)
(180 2 750)
(200 2 750)
(220 2 750)
(240 2 750)
(260 2 750)
(280 2 750)
(300 2 750)
(320 2 750)
(340 2 750)
(360 2 750)
(380 2 750)
(400 2 750)
(420 2 750)
(440 2 750)
(460 2 750)
(480 2 750)
(500 2 750)
(520 2 750)
(540 2 750)
(560 2 750)
(580 2 750)
(600 2 750)
(620 2 750)
(640 2 750)
(660 2 750)
(680 2 750)
(700 2 750)
(720 2 750)
(740 2 750)
(760 2 750)
(780 2 750)
(800 2 750)
(820 2 750)
(840 2 750)
(860 2 750)
(880 2 750)
(900 2 750)
(920 2 750)
(940 2 750)
(960 2 750)
(980 2 750)
(1000 2 750)
(1020 2 750)
(1040 2 750)
(1060 2 750)
(1080 2 750)
(1100 2 750)
(1120 2 750)
(1140 2 750)
(1160 2 750)
(1180 2 750)
(1200 2 750)
(1220 2 750)
(1240 2 750)
(1260 2 750)
(1280 2 750)
(1300 2 750)
(1320 2 750)
(1340 2 750)
(1360 2 750)
(1380 2 750)
(1400 2 750)
(1420 2 750)
(1440 2 750)
(1460 2 750)
(1480 2 750)
(1500 2 750)
(1520 2 750)
(1540 2 750)
(1560 2 750)
(1580 2 750)
(1600 2 750)
(1620 2 750)
(1640 2 750)
(1660 2 750)
(1680 2 750)
(1700 2 750)
(1720 2 750)
(1740 2 750)
(1760 2 750)
(1780 2 750)
(1800 2 750)
(1820 2 750)
(1840 2 750)
(1860 2 750)
(1880 2 750)
(1900 2 750)
(1920 2 750)
(1940 2 750)
(1960 2 750)
(1980 2 750)
(2000 2 750)
(0 4 750)
(20 4 750)
(40 4 750)
(60 4 750)
(80 4 750)
(100 4 750)
(120 4 750)
(140 4 750)
(160 4 750)
(180 4 750)
(200 4 750)
(220 4 750)
(240 4 750)
(260 4 750)
(280 4 750)
(300 4 750)
(320 4 750)
(340 4 750)
(360 4 750)
(380 4 750)
(400 4 750)
(420 4 750)
(440 4 750)
(460 4 750)
(480 4 750)
(500 4 750)
(520 4 750)
(540 4 750)
(560 4 750)
(580 4 750)
(600 4 750)
(620 4 750)
(640 4 750)
(660 4 750)
(680 4 750)
(700 4 750)
(720 4 750)
(740 4 750)
(760 4 750)
(780 4 750)
(800 4 750)
(820 4 750)
(840 4 750)
(860 4 750)
(880 4 750)
(900 4 750)
(920 4 750)
(940 4 750)
(960 4 750)
(980 4 750)
(1000 4 750)
(1020 4 750)
(1040 4 750)
(1060 4 750)
(1080 4 750)
(1100 4 750)
(1120 4 750)
(1140 4 750)
(1160 4 750)
(1180 4 750)
(1200 4 750)
(1220 4 750)
(1240 4 750)
(1260 4 750)
(1280 4 750)
(1300 4 750)
(1320 4 750)
(1340 4 750)
(1360 4 750)
(1380 4 750)
(1400 4 750)
(1420 4 750)
(1440 4 750)
(1460 4 750)
(1480 4 750)
(1500 4 750)
(1520 4 750)
(1540 4 750)
(1560 4 750)
(1580 4 750)
(1600 4 750)
(1620 4 750)
(1640 4 750)
(1660 4 750)
(1680 4 750)
(1700 4 750)
(1720 4 750)
(1740 4 750)
(1760 4 750)
(1780 4 750)
(1800 4 750)
(1820 4 750)
(1840 4 750)
(1860 4 750)
(1880 4 750)
(1900 4 750)
(1920 4 750)
(1940 4 750)
(1960 4 750)
(1980 4 750)
(2000 4 750)
(0 6 750)
(20 6 750)
(40 6 750)
(60 6 750)
(80 6 750)
(100 6 750)
(120 6 750)
(140 6 750)
(160 6 750)
(180 6 750)
(200 6 750)
(220 6 750)
(240 6 750)
(260 6 750)
(280 6 750)
(300 6 750)
(320 6 750)
(340 6 750)
(360 6 750)
(380 6 750)
(400 6 750)
(420 6 750)
(440 6 750)
(460 6 750)
(480 6 750)
(500 6 750)
(520 6 750)
(540 6 750)
(560 6 750)
(580 6 750)
(600 6 750)
(620 6 750)
(640 6 750)
(660 6 750)
(680 6 750)
(700 6 750)
(720 6 750)
(740 6 750)
(760 6 750)
(780 6 750)
(800 6 750)
(820 6 750)
(840 6 750)
(860 6 750)
(880 6 750)
(900 6 750)
(920 6 750)
(940 6 750)
(960 6 750)
(980 6 750)
(1000 6 750)
(1020 6 750)
(1040 6 750)
(1060 6 750)
(1080 6 750)
(1100 6 750)
(1120 6 750)
(1140 6 750)
(1160 6 750)
(1180 6 750)
(1200 6 750)
(1220 6 750)
(1240 6 750)
(1260 6 750)
(1280 6 750)
(1300 6 750)
(1320 6 750)
(1340 6 750)
(1360 6 750)
(1380 6 750)
(1400 6 750)
(1420 6 750)
(1440 6 750)
(1460 6 750)
(1480 6 750)
(1500 6 750)
(1520 6 750)
(1540 6 750)
(1560 6 750)
(1580 6 750)
(1600 6 750)
(1620 6 750)
(1640 6 750)
(1660 6 750)
(1680 6 750)
(1700 6 750)
(1720 6 750)
(1740 6 750)
(1760 6 750)
(1780 6 750)
(1800 6 750)
(1820 6 750)
(1840 6 750)
(1860 6 750)
(1880 6 750)
(1900 6 750)
(1920 6 750)
(1940 6 750)
(1960 6 750)
(1980 6 750)
(2000 6 750)
(0 8 750)
(20 8 750)
(40 8 750)
(60 8 750)
(80 8 750)
(100 8 750)
(120 8 750)
(140 8 750)
(160 8 750)
(180 8 750)
(200 8 750)
(220 8 750)
(240 8 750)
(260 8 750)
(280 8 750)
(300 8 750)
(320 8 750)
(340 8 750)
(360 8 750)
(380 8 750)
(400 8 750)
(420 8 750)
(440 8 750)
(460 8 750)
(480 8 750)
(500 8 750)
(520 8 750)
(540 8 750)
(560 8 750)
(580 8 750)
(600 8 750)
(620 8 750)
(640 8 750)
(660 8 750)
(680 8 750)
(700 8 750)
(720 8 750)
(740 8 750)
(760 8 750)
(780 8 750)
(800 8 750)
(820 8 750)
(840 8 750)
(860 8 750)
(880 8 750)
(900 8 750)
(920 8 750)
(940 8 750)
(960 8 750)
(980 8 750)
(1000 8 750)
(1020 8 750)
(1040 8 750)
(1060 8 750)
(1080 8 750)
(1100 8 750)
(1120 8 750)
(1140 8 750)
(1160 8 750)
(1180 8 750)
(1200 8 750)
(1220 8 750)
(1240 8 750)
(1260 8 750)
(1280 8 750)
(1300 8 750)
(1320 8 750)
(1340 8 750)
(1360 8 750)
(1380 8 750)
(1400 8 750)
(1420 8 750)
(1440 8 750)
(1460 8 750)
(1480 8 750)
(1500 8 750)
(1520 8 750)
(1540 8 750)
(1560 8 750)
(1580 8 750)
(1600 8 750)
(1620 8 750)
(1640 8 750)
(1660 8 750)
(1680 8 750)
(1700 8 750)
(1720 8 750)
(1740 8 750)
(1760 8 750)
(1780 8 750)
(1800 8 750)
(1820 8 750)
(1840 8 750)
(1860 8 750)
(1880 8 750)
(1900 8 750)
(1920 8 750)
(1940 8 750)
(1960 8 750)
(1980 8 750)
(2000 8 750)
(0 10 750)
(20 10 750)
(40 10 750)
(60 10 750)
(80 10 750)
(100 10 750)
(120 10 750)
(140 10 750)
(160 10 750)
(180 10 750)
(200 10 750)
(220 10 750)
(240 10 750)
(260 10 750)
(280 10 750)
(300 10 750)
(320 10 750)
(340 10 750)
(360 10 750)
(380 10 750)
(400 10 750)
(420 10 750)
(440 10 750)
(460 10 750)
(480 10 750)
(500 10 750)
(520 10 750)
(540 10 750)
(560 10 750)
(580 10 750)
(600 10 750)
(620 10 750)
(640 10 750)
(660 10 750)
(680 10 750)
(700 10 750)
(720 10 750)
(740 10 750)
(760 10 750)
(780 10 750)
(800 10 750)
(820 10 750)
(840 10 750)
(860 10 750)
(880 10 750)
(900 10 750)
(920 10 750)
(940 10 750)
(960 10 750)
(980 10 750)
(1000 10 750)
(1020 10 750)
(1040 10 750)
(1060 10 750)
(1080 10 750)
(1100 10 750)
(1120 10 750)
(1140 10 750)
(1160 10 750)
(1180 10 750)
(1200 10 750)
(1220 10 750)
(1240 10 750)
(1260 10 750)
(1280 10 750)
(1300 10 750)
(1320 10 750)
(1340 10 750)
(1360 10 750)
(1380 10 750)
(1400 10 750)
(1420 10 750)
(1440 10 750)
(1460 10 750)
(1480 10 750)
(1500 10 750)
(1520 10 750)
(1540 10 750)
(1560 10 750)
(1580 10 750)
(1600 10 750)
(1620 10 750)
(1640 10 750)
(1660 10 750)
(1680 10 750)
(1700 10 750)
(1720 10 750)
(1740 10 750)
(1760 10 750)
(1780 10 750)
(1800 10 750)
(1820 10 750)
(1840 10 750)
(1860 10 750)
(1880 10 750)
(1900 10 750)
(1920 10 750)
(1940 10 750)
(1960 10 750)
(1980 10 750)
(2000 10 750)
(0 12 750)
(20 12 750)
(40 12 750)
(60 12 750)
(80 12 750)
(100 12 750)
(120 12 750)
(140 12 750)
(160 12 750)
(180 12 750)
(200 12 750)
(220 12 750)
(240 12 750)
(260 12 750)
(280 12 750)
(300 12 750)
(320 12 750)
(340 12 750)
(360 12 750)
(380 12 750)
(400 12 750)
(420 12 750)
(440 12 750)
(460 12 750)
(480 12 750)
(500 12 750)
(520 12 750)
(540 12 750)
(560 12 750)
(580 12 750)
(600 12 750)
(620 12 750)
(640 12 750)
(660 12 750)
(680 12 750)
(700 12 750)
(720 12 750)
(740 12 750)
(760 12 750)
(780 12 750)
(800 12 750)
(820 12 750)
(840 12 750)
(860 12 750)
(880 12 750)
(900 12 750)
(920 12 750)
(940 12 750)
(960 12 750)
(980 12 750)
(1000 12 750)
(1020 12 750)
(1040 12 750)
(1060 12 750)
(1080 12 750)
(1100 12 750)
(1120 12 750)
(1140 12 750)
(1160 12 750)
(1180 12 750)
(1200 12 750)
(1220 12 750)
(1240 12 750)
(1260 12 750)
(1280 12 750)
(1300 12 750)
(1320 12 750)
(1340 12 750)
(1360 12 750)
(1380 12 750)
(1400 12 750)
(1420 12 750)
(1440 12 750)
(1460 12 750)
(1480 12 750)
(1500 12 750)
(1520 12 750)
(1540 12 750)
(1560 12 750)
(1580 12 750)
(1600 12 750)
(1620 12 750)
(1640 12 750)
(1660 12 750)
(1680 12 750)
(1700 12 750)
(1720 12 750)
(1740 12 750)
(1760 12 750)
(1780 12 750)
(1800 12 750)
(1820 12 750)
(1840 12 750)
(1860 12 750)
(1880 12 750)
(1900 12 750)
(1920 12 750)
(1940 12 750)
(1960 12 750)
(1980 12 750)
(2000 12 750)
(0 14 750)
(20 14 750)
(40 14 750)
(60 14 750)
(80 14 750)
(100 14 750)
(120 14 750)
(140 14 750)
(160 14 750)
(180 14 750)
(200 14 750)
(220 14 750)
(240 14 750)
(260 14 750)
(280 14 750)
(300 14 750)
(320 14 750)
(340 14 750)
(360 14 750)
(380 14 750)
(400 14 750)
(420 14 750)
(440 14 750)
(460 14 750)
(480 14 750)
(500 14 750)
(520 14 750)
(540 14 750)
(560 14 750)
(580 14 750)
(600 14 750)
(620 14 750)
(640 14 750)
(660 14 750)
(680 14 750)
(700 14 750)
(720 14 750)
(740 14 750)
(760 14 750)
(780 14 750)
(800 14 750)
(820 14 750)
(840 14 750)
(860 14 750)
(880 14 750)
(900 14 750)
(920 14 750)
(940 14 750)
(960 14 750)
(980 14 750)
(1000 14 750)
(1020 14 750)
(1040 14 750)
(1060 14 750)
(1080 14 750)
(1100 14 750)
(1120 14 750)
(1140 14 750)
(1160 14 750)
(1180 14 750)
(1200 14 750)
(1220 14 750)
(1240 14 750)
(1260 14 750)
(1280 14 750)
(1300 14 750)
(1320 14 750)
(1340 14 750)
(1360 14 750)
(1380 14 750)
(1400 14 750)
(1420 14 750)
(1440 14 750)
(1460 14 750)
(1480 14 750)
(1500 14 750)
(1520 14 750)
(1540 14 750)
(1560 14 750)
(1580 14 750)
(1600 14 750)
(1620 14 750)
(1640 14 750)
(1660 14 750)
(1680 14 750)
(1700 14 750)
(1720 14 750)
(1740 14 750)
(1760 14 750)
(1780 14 750)
(1800 14 750)
(1820 14 750)
(1840 14 750)
(1860 14 750)
(1880 14 750)
(1900 14 750)
(1920 14 750)
(1940 14 750)
(1960 14 750)
(1980 14 750)
(2000 14 750)
(0 16 750)
(20 16 750)
(40 16 750)
(60 16 750)
(80 16 750)
(100 16 750)
(120 16 750)
(140 16 750)
(160 16 750)
(180 16 750)
(200 16 750)
(220 16 750)
(240 16 750)
(260 16 750)
(280 16 750)
(300 16 750)
(320 16 750)
(340 16 750)
(360 16 750)
(380 16 750)
(400 16 750)
(420 16 750)
(440 16 750)
(460 16 750)
(480 16 750)
(500 16 750)
(520 16 750)
(540 16 750)
(560 16 750)
(580 16 750)
(600 16 750)
(620 16 750)
(640 16 750)
(660 16 750)
(680 16 750)
(700 16 750)
(720 16 750)
(740 16 750)
(760 16 750)
(780 16 750)
(800 16 750)
(820 16 750)
(840 16 750)
(860 16 750)
(880 16 750)
(900 16 750)
(920 16 750)
(940 16 750)
(960 16 750)
(980 16 750)
(1000 16 750)
(1020 16 750)
(1040 16 750)
(1060 16 750)
(1080 16 750)
(1100 16 750)
(1120 16 750)
(1140 16 750)
(1160 16 750)
(1180 16 750)
(1200 16 750)
(1220 16 750)
(1240 16 750)
(1260 16 750)
(1280 16 750)
(1300 16 750)
(1320 16 750)
(1340 16 750)
(1360 16 750)
(1380 16 750)
(1400 16 750)
(1420 16 750)
(1440 16 750)
(1460 16 750)
(1480 16 750)
(1500 16 750)
(1520 16 750)
(1540 16 750)
(1560 16 750)
(1580 16 750)
(1600 16 750)
(1620 16 750)
(1640 16 750)
(1660 16 750)
(1680 16 750)
(1700 16 750)
(1720 16 750)
(1740 16 750)
(1760 16 750)
(1780 16 750)
(1800 16 750)
(1820 16 750)
(1840 16 750)
(1860 16 750)
(1880 16 750)
(1900 16 750)
(1920 16 750)
(1940 16 750)
(1960 16 750)
(1980 16 750)
(2000 16 750)
(0 18 750)
(20 18 750)
(40 18 750)
(60 18 750)
(80 18 750)
(100 18 750)
(120 18 750)
(140 18 750)
(160 18 750)
(180 18 750)
(200 18 750)
(220 18 750)
(240 18 750)
(260 18 750)
(280 18 750)
(300 18 750)
(320 18 750)
(340 18 750)
(360 18 750)
(380 18 750)
(400 18 750)
(420 18 750)
(440 18 750)
(460 18 750)
(480 18 750)
(500 18 750)
(520 18 750)
(540 18 750)
(560 18 750)
(580 18 750)
(600 18 750)
(620 18 750)
(640 18 750)
(660 18 750)
(680 18 750)
(700 18 750)
(720 18 750)
(740 18 750)
(760 18 750)
(780 18 750)
(800 18 750)
(820 18 750)
(840 18 750)
(860 18 750)
(880 18 750)
(900 18 750)
(920 18 750)
(940 18 750)
(960 18 750)
(980 18 750)
(1000 18 750)
(1020 18 750)
(1040 18 750)
(1060 18 750)
(1080 18 750)
(1100 18 750)
(1120 18 750)
(1140 18 750)
(1160 18 750)
(1180 18 750)
(1200 18 750)
(1220 18 750)
(1240 18 750)
(1260 18 750)
(1280 18 750)
(1300 18 750)
(1320 18 750)
(1340 18 750)
(1360 18 750)
(1380 18 750)
(1400 18 750)
(1420 18 750)
(1440 18 750)
(1460 18 750)
(1480 18 750)
(1500 18 750)
(1520 18 750)
(1540 18 750)
(1560 18 750)
(1580 18 750)
(1600 18 750)
(1620 18 750)
(1640 18 750)
(1660 18 750)
(1680 18 750)
(1700 18 750)
(1720 18 750)
(1740 18 750)
(1760 18 750)
(1780 18 750)
(1800 18 750)
(1820 18 750)
(1840 18 750)
(1860 18 750)
(1880 18 750)
(1900 18 750)
(1920 18 750)
(1940 18 750)
(1960 18 750)
(1980 18 750)
(2000 18 750)
(0 20 750)
(20 20 750)
(40 20 750)
(60 20 750)
(80 20 750)
(100 20 750)
(120 20 750)
(140 20 750)
(160 20 750)
(180 20 750)
(200 20 750)
(220 20 750)
(240 20 750)
(260 20 750)
(280 20 750)
(300 20 750)
(320 20 750)
(340 20 750)
(360 20 750)
(380 20 750)
(400 20 750)
(420 20 750)
(440 20 750)
(460 20 750)
(480 20 750)
(500 20 750)
(520 20 750)
(540 20 750)
(560 20 750)
(580 20 750)
(600 20 750)
(620 20 750)
(640 20 750)
(660 20 750)
(680 20 750)
(700 20 750)
(720 20 750)
(740 20 750)
(760 20 750)
(780 20 750)
(800 20 750)
(820 20 750)
(840 20 750)
(860 20 750)
(880 20 750)
(900 20 750)
(920 20 750)
(940 20 750)
(960 20 750)
(980 20 750)
(1000 20 750)
(1020 20 750)
(1040 20 750)
(1060 20 750)
(1080 20 750)
(1100 20 750)
(1120 20 750)
(1140 20 750)
(1160 20 750)
(1180 20 750)
(1200 20 750)
(1220 20 750)
(1240 20 750)
(1260 20 750)
(1280 20 750)
(1300 20 750)
(1320 20 750)
(1340 20 750)
(1360 20 750)
(1380 20 750)
(1400 20 750)
(1420 20 750)
(1440 20 750)
(1460 20 750)
(1480 20 750)
(1500 20 750)
(1520 20 750)
(1540 20 750)
(1560 20 750)
(1580 20 750)
(1600 20 750)
(1620 20 750)
(1640 20 750)
(1660 20 750)
(1680 20 750)
(1700 20 750)
(1720 20 750)
(1740 20 750)
(1760 20 750)
(1780 20 750)
(1800 20 750)
(1820 20 750)
(1840 20 750)
(1860 20 750)
(1880 20 750)
(1900 20 750)
(1920 20 750)
(1940 20 750)
(1960 20 750)
(1980 20 750)
(2000 20 750)
(0 22 750)
(20 22 750)
(40 22 750)
(60 22 750)
(80 22 750)
(100 22 750)
(120 22 750)
(140 22 750)
(160 22 750)
(180 22 750)
(200 22 750)
(220 22 750)
(240 22 750)
(260 22 750)
(280 22 750)
(300 22 750)
(320 22 750)
(340 22 750)
(360 22 750)
(380 22 750)
(400 22 750)
(420 22 750)
(440 22 750)
(460 22 750)
(480 22 750)
(500 22 750)
(520 22 750)
(540 22 750)
(560 22 750)
(580 22 750)
(600 22 750)
(620 22 750)
(640 22 750)
(660 22 750)
(680 22 750)
(700 22 750)
(720 22 750)
(740 22 750)
(760 22 750)
(780 22 750)
(800 22 750)
(820 22 750)
(840 22 750)
(860 22 750)
(880 22 750)
(900 22 750)
(920 22 750)
(940 22 750)
(960 22 750)
(980 22 750)
(1000 22 750)
(1020 22 750)
(1040 22 750)
(1060 22 750)
(1080 22 750)
(1100 22 750)
(1120 22 750)
(1140 22 750)
(1160 22 750)
(1180 22 750)
(1200 22 750)
(1220 22 750)
(1240 22 750)
(1260 22 750)
(1280 22 750)
(1300 22 750)
(1320 22 750)
(1340 22 750)
(1360 22 750)
(1380 22 750)
(1400 22 750)
(1420 22 750)
(1440 22 750)
(1460 22 750)
(1480 22 750)
(1500 22 750)
(1520 22 750)
(1540 22 750)
(1560 22 750)
(1580 22 750)
(1600 22 750)
(1620 22 750)
(1640 22 750)
(1660 22 750)
(1680 22 750)
(1700 22 750)
(1720 22 750)
(1740 22 750)
(1760 22 750)
(1780 22 750)
(1800 22 750)
(1820 22 750)
(1840 22 750)
(1860 22 750)
(1880 22 750)
(1900 22 750)
(1920 22 750)
(1940 22 750)
(1960 22 750)
(1980 22 750)
(2000 22 750)
(0 24 750)
(20 24 750)
(40 24 750)
(60 24 750)
(80 24 750)
(100 24 750)
(120 24 750)
(140 24 750)
(160 24 750)
(180 24 750)
(200 24 750)
(220 24 750)
(240 24 750)
(260 24 750)
(280 24 750)
(300 24 750)
(320 24 750)
(340 24 750)
(360 24 750)
(380 24 750)
(400 24 750)
(420 24 750)
(440 24 750)
(460 24 750)
(480 24 750)
(500 24 750)
(520 24 750)
(540 24 750)
(560 24 750)
(580 24 750)
(600 24 750)
(620 24 750)
(640 24 750)
(660 24 750)
(680 24 750)
(700 24 750)
(720 24 750)
(740 24 750)
(760 24 750)
(780 24 750)
(800 24 750)
(820 24 750)
(840 24 750)
(860 24 750)
(880 24 750)
(900 24 750)
(920 24 750)
(940 24 750)
(960 24 750)
(980 24 750)
(1000 24 750)
(1020 24 750)
(1040 24 750)
(1060 24 750)
(1080 24 750)
(1100 24 750)
(1120 24 750)
(1140 24 750)
(1160 24 750)
(1180 24 750)
(1200 24 750)
(1220 24 750)
(1240 24 750)
(1260 24 750)
(1280 24 750)
(1300 24 750)
(1320 24 750)
(1340 24 750)
(1360 24 750)
(1380 24 750)
(1400 24 750)
(1420 24 750)
(1440 24 750)
(1460 24 750)
(1480 24 750)
(1500 24 750)
(1520 24 750)
(1540 24 750)
(1560 24 750)
(1580 24 750)
(1600 24 750)
(1620 24 750)
(1640 24 750)
(1660 24 750)
(1680 24 750)
(1700 24 750)
(1720 24 750)
(1740 24 750)
(1760 24 750)
(1780 24 750)
(1800 24 750)
(1820 24 750)
(1840 24 750)
(1860 24 750)
(1880 24 750)
(1900 24 750)
(1920 24 750)
(1940 24 750)
(1960 24 750)
(1980 24 750)
(2000 24 750)
(0 26 750)
(20 26 750)
(40 26 750)
(60 26 750)
(80 26 750)
(100 26 750)
(120 26 750)
(140 26 750)
(160 26 750)
(180 26 750)
(200 26 750)
(220 26 750)
(240 26 750)
(260 26 750)
(280 26 750)
(300 26 750)
(320 26 750)
(340 26 750)
(360 26 750)
(380 26 750)
(400 26 750)
(420 26 750)
(440 26 750)
(460 26 750)
(480 26 750)
(500 26 750)
(520 26 750)
(540 26 750)
(560 26 750)
(580 26 750)
(600 26 750)
(620 26 750)
(640 26 750)
(660 26 750)
(680 26 750)
(700 26 750)
(720 26 750)
(740 26 750)
(760 26 750)
(780 26 750)
(800 26 750)
(820 26 750)
(840 26 750)
(860 26 750)
(880 26 750)
(900 26 750)
(920 26 750)
(940 26 750)
(960 26 750)
(980 26 750)
(1000 26 750)
(1020 26 750)
(1040 26 750)
(1060 26 750)
(1080 26 750)
(1100 26 750)
(1120 26 750)
(1140 26 750)
(1160 26 750)
(1180 26 750)
(1200 26 750)
(1220 26 750)
(1240 26 750)
(1260 26 750)
(1280 26 750)
(1300 26 750)
(1320 26 750)
(1340 26 750)
(1360 26 750)
(1380 26 750)
(1400 26 750)
(1420 26 750)
(1440 26 750)
(1460 26 750)
(1480 26 750)
(1500 26 750)
(1520 26 750)
(1540 26 750)
(1560 26 750)
(1580 26 750)
(1600 26 750)
(1620 26 750)
(1640 26 750)
(1660 26 750)
(1680 26 750)
(1700 26 750)
(1720 26 750)
(1740 26 750)
(1760 26 750)
(1780 26 750)
(1800 26 750)
(1820 26 750)
(1840 26 750)
(1860 26 750)
(1880 26 750)
(1900 26 750)
(1920 26 750)
(1940 26 750)
(1960 26 750)
(1980 26 750)
(2000 26 750)
(0 28 750)
(20 28 750)
(40 28 750)
(60 28 750)
(80 28 750)
(100 28 750)
(120 28 750)
(140 28 750)
(160 28 750)
(180 28 750)
(200 28 750)
(220 28 750)
(240 28 750)
(260 28 750)
(280 28 750)
(300 28 750)
(320 28 750)
(340 28 750)
(360 28 750)
(380 28 750)
(400 28 750)
(420 28 750)
(440 28 750)
(460 28 750)
(480 28 750)
(500 28 750)
(520 28 750)
(540 28 750)
(560 28 750)
(580 28 750)
(600 28 750)
(620 28 750)
(640 28 750)
(660 28 750)
(680 28 750)
(700 28 750)
(720 28 750)
(740 28 750)
(760 28 750)
(780 28 750)
(800 28 750)
(820 28 750)
(840 28 750)
(860 28 750)
(880 28 750)
(900 28 750)
(920 28 750)
(940 28 750)
(960 28 750)
(980 28 750)
(1000 28 750)
(1020 28 750)
(1040 28 750)
(1060 28 750)
(1080 28 750)
(1100 28 750)
(1120 28 750)
(1140 28 750)
(1160 28 750)
(1180 28 750)
(1200 28 750)
(1220 28 750)
(1240 28 750)
(1260 28 750)
(1280 28 750)
(1300 28 750)
(1320 28 750)
(1340 28 750)
(1360 28 750)
(1380 28 750)
(1400 28 750)
(1420 28 750)
(1440 28 750)
(1460 28 750)
(1480 28 750)
(1500 28 750)
(1520 28 750)
(1540 28 750)
(1560 28 750)
(1580 28 750)
(1600 28 750)
(1620 28 750)
(1640 28 750)
(1660 28 750)
(1680 28 750)
(1700 28 750)
(1720 28 750)
(1740 28 750)
(1760 28 750)
(1780 28 750)
(1800 28 750)
(1820 28 750)
(1840 28 750)
(1860 28 750)
(1880 28 750)
(1900 28 750)
(1920 28 750)
(1940 28 750)
(1960 28 750)
(1980 28 750)
(2000 28 750)
(0 30 750)
(20 30 750)
(40 30 750)
(60 30 750)
(80 30 750)
(100 30 750)
(120 30 750)
(140 30 750)
(160 30 750)
(180 30 750)
(200 30 750)
(220 30 750)
(240 30 750)
(260 30 750)
(280 30 750)
(300 30 750)
(320 30 750)
(340 30 750)
(360 30 750)
(380 30 750)
(400 30 750)
(420 30 750)
(440 30 750)
(460 30 750)
(480 30 750)
(500 30 750)
(520 30 750)
(540 30 750)
(560 30 750)
(580 30 750)
(600 30 750)
(620 30 750)
(640 30 750)
(660 30 750)
(680 30 750)
(700 30 750)
(720 30 750)
(740 30 750)
(760 30 750)
(780 30 750)
(800 30 750)
(820 30 750)
(840 30 750)
(860 30 750)
(880 30 750)
(900 30 750)
(920 30 750)
(940 30 750)
(960 30 750)
(980 30 750)
(1000 30 750)
(1020 30 750)
(1040 30 750)
(1060 30 750)
(1080 30 750)
(1100 30 750)
(1120 30 750)
(1140 30 750)
(1160 30 750)
(1180 30 750)
(1200 30 750)
(1220 30 750)
(1240 30 750)
(1260 30 750)
(1280 30 750)
(1300 30 750)
(1320 30 750)
(1340 30 750)
(1360 30 750)
(1380 30 750)
(1400 30 750)
(1420 30 750)
(1440 30 750)
(1460 30 750)
(1480 30 750)
(1500 30 750)
(1520 30 750)
(1540 30 750)
(1560 30 750)
(1580 30 750)
(1600 30 750)
(1620 30 750)
(1640 30 750)
(1660 30 750)
(1680 30 750)
(1700 30 750)
(1720 30 750)
(1740 30 750)
(1760 30 750)
(1780 30 750)
(1800 30 750)
(1820 30 750)
(1840 30 750)
(1860 30 750)
(1880 30 750)
(1900 30 750)
(1920 30 750)
(1940 30 750)
(1960 30 750)
(1980 30 750)
(2000 30 750)
(0 32 750)
(20 32 750)
(40 32 750)
(60 32 750)
(80 32 750)
(100 32 750)
(120 32 750)
(140 32 750)
(160 32 750)
(180 32 750)
(200 32 750)
(220 32 750)
(240 32 750)
(260 32 750)
(280 32 750)
(300 32 750)
(320 32 750)
(340 32 750)
(360 32 750)
(380 32 750)
(400 32 750)
(420 32 750)
(440 32 750)
(460 32 750)
(480 32 750)
(500 32 750)
(520 32 750)
(540 32 750)
(560 32 750)
(580 32 750)
(600 32 750)
(620 32 750)
(640 32 750)
(660 32 750)
(680 32 750)
(700 32 750)
(720 32 750)
(740 32 750)
(760 32 750)
(780 32 750)
(800 32 750)
(820 32 750)
(840 32 750)
(860 32 750)
(880 32 750)
(900 32 750)
(920 32 750)
(940 32 750)
(960 32 750)
(980 32 750)
(1000 32 750)
(1020 32 750)
(1040 32 750)
(1060 32 750)
(1080 32 750)
(1100 32 750)
(1120 32 750)
(1140 32 750)
(1160 32 750)
(1180 32 750)
(1200 32 750)
(1220 32 750)
(1240 32 750)
(1260 32 750)
(1280 32 750)
(1300 32 750)
(1320 32 750)
(1340 32 750)
(1360 32 750)
(1380 32 750)
(1400 32 750)
(1420 32 750)
(1440 32 750)
(1460 32 750)
(1480 32 750)
(1500 32 750)
(1520 32 750)
(1540 32 750)
(1560 32 750)
(1580 32 750)
(1600 32 750)
(1620 32 750)
(1640 32 750)
(1660 32 750)
(1680 32 750)
(1700 32 750)
(1720 32 750)
(1740 32 750)
(1760 32 750)
(1780 32 750)
(1800 32 750)
(1820 32 750)
(1840 32 750)
(1860 32 750)
(1880 32 750)
(1900 32 750)
(1920 32 750)
(1940 32 750)
(1960 32 750)
(1980 32 750)
(2000 32 750)
(0 34 750)
(20 34 750)
(40 34 750)
(60 34 750)
(80 34 750)
(100 34 750)
(120 34 750)
(140 34 750)
(160 34 750)
(180 34 750)
(200 34 750)
(220 34 750)
(240 34 750)
(260 34 750)
(280 34 750)
(300 34 750)
(320 34 750)
(340 34 750)
(360 34 750)
(380 34 750)
(400 34 750)
(420 34 750)
(440 34 750)
(460 34 750)
(480 34 750)
(500 34 750)
(520 34 750)
(540 34 750)
(560 34 750)
(580 34 750)
(600 34 750)
(620 34 750)
(640 34 750)
(660 34 750)
(680 34 750)
(700 34 750)
(720 34 750)
(740 34 750)
(760 34 750)
(780 34 750)
(800 34 750)
(820 34 750)
(840 34 750)
(860 34 750)
(880 34 750)
(900 34 750)
(920 34 750)
(940 34 750)
(960 34 750)
(980 34 750)
(1000 34 750)
(1020 34 750)
(1040 34 750)
(1060 34 750)
(1080 34 750)
(1100 34 750)
(1120 34 750)
(1140 34 750)
(1160 34 750)
(1180 34 750)
(1200 34 750)
(1220 34 750)
(1240 34 750)
(1260 34 750)
(1280 34 750)
(1300 34 750)
(1320 34 750)
(1340 34 750)
(1360 34 750)
(1380 34 750)
(1400 34 750)
(1420 34 750)
(1440 34 750)
(1460 34 750)
(1480 34 750)
(1500 34 750)
(1520 34 750)
(1540 34 750)
(1560 34 750)
(1580 34 750)
(1600 34 750)
(1620 34 750)
(1640 34 750)
(1660 34 750)
(1680 34 750)
(1700 34 750)
(1720 34 750)
(1740 34 750)
(1760 34 750)
(1780 34 750)
(1800 34 750)
(1820 34 750)
(1840 34 750)
(1860 34 750)
(1880 34 750)
(1900 34 750)
(1920 34 750)
(1940 34 750)
(1960 34 750)
(1980 34 750)
(2000 34 750)
(0 36 750)
(20 36 750)
(40 36 750)
(60 36 750)
(80 36 750)
(100 36 750)
(120 36 750)
(140 36 750)
(160 36 750)
(180 36 750)
(200 36 750)
(220 36 750)
(240 36 750)
(260 36 750)
(280 36 750)
(300 36 750)
(320 36 750)
(340 36 750)
(360 36 750)
(380 36 750)
(400 36 750)
(420 36 750)
(440 36 750)
(460 36 750)
(480 36 750)
(500 36 750)
(520 36 750)
(540 36 750)
(560 36 750)
(580 36 750)
(600 36 750)
(620 36 750)
(640 36 750)
(660 36 750)
(680 36 750)
(700 36 750)
(720 36 750)
(740 36 750)
(760 36 750)
(780 36 750)
(800 36 750)
(820 36 750)
(840 36 750)
(860 36 750)
(880 36 750)
(900 36 750)
(920 36 750)
(940 36 750)
(960 36 750)
(980 36 750)
(1000 36 750)
(1020 36 750)
(1040 36 750)
(1060 36 750)
(1080 36 750)
(1100 36 750)
(1120 36 750)
(1140 36 750)
(1160 36 750)
(1180 36 750)
(1200 36 750)
(1220 36 750)
(1240 36 750)
(1260 36 750)
(1280 36 750)
(1300 36 750)
(1320 36 750)
(1340 36 750)
(1360 36 750)
(1380 36 750)
(1400 36 750)
(1420 36 750)
(1440 36 750)
(1460 36 750)
(1480 36 750)
(1500 36 750)
(1520 36 750)
(1540 36 750)
(1560 36 750)
(1580 36 750)
(1600 36 750)
(1620 36 750)
(1640 36 750)
(1660 36 750)
(1680 36 750)
(1700 36 750)
(1720 36 750)
(1740 36 750)
(1760 36 750)
(1780 36 750)
(1800 36 750)
(1820 36 750)
(1840 36 750)
(1860 36 750)
(1880 36 750)
(1900 36 750)
(1920 36 750)
(1940 36 750)
(1960 36 750)
(1980 36 750)
(2000 36 750)
(0 38 750)
(20 38 750)
(40 38 750)
(60 38 750)
(80 38 750)
(100 38 750)
(120 38 750)
(140 38 750)
(160 38 750)
(180 38 750)
(200 38 750)
(220 38 750)
(240 38 750)
(260 38 750)
(280 38 750)
(300 38 750)
(320 38 750)
(340 38 750)
(360 38 750)
(380 38 750)
(400 38 750)
(420 38 750)
(440 38 750)
(460 38 750)
(480 38 750)
(500 38 750)
(520 38 750)
(540 38 750)
(560 38 750)
(580 38 750)
(600 38 750)
(620 38 750)
(640 38 750)
(660 38 750)
(680 38 750)
(700 38 750)
(720 38 750)
(740 38 750)
(760 38 750)
(780 38 750)
(800 38 750)
(820 38 750)
(840 38 750)
(860 38 750)
(880 38 750)
(900 38 750)
(920 38 750)
(940 38 750)
(960 38 750)
(980 38 750)
(1000 38 750)
(1020 38 750)
(1040 38 750)
(1060 38 750)
(1080 38 750)
(1100 38 750)
(1120 38 750)
(1140 38 750)
(1160 38 750)
(1180 38 750)
(1200 38 750)
(1220 38 750)
(1240 38 750)
(1260 38 750)
(1280 38 750)
(1300 38 750)
(1320 38 750)
(1340 38 750)
(1360 38 750)
(1380 38 750)
(1400 38 750)
(1420 38 750)
(1440 38 750)
(1460 38 750)
(1480 38 750)
(1500 38 750)
(1520 38 750)
(1540 38 750)
(1560 38 750)
(1580 38 750)
(1600 38 750)
(1620 38 750)
(1640 38 750)
(1660 38 750)
(1680 38 750)
(1700 38 750)
(1720 38 750)
(1740 38 750)
(1760 38 750)
(1780 38 750)
(1800 38 750)
(1820 38 750)
(1840 38 750)
(1860 38 750)
(1880 38 750)
(1900 38 750)
(1920 38 750)
(1940 38 750)
(1960 38 750)
(1980 38 750)
(2000 38 750)
(0 40 750)
(20 40 750)
(40 40 750)
(60 40 750)
(80 40 750)
(100 40 750)
(120 40 750)
(140 40 750)
(160 40 750)
(180 40 750)
(200 40 750)
(220 40 750)
(240 40 750)
(260 40 750)
(280 40 750)
(300 40 750)
(320 40 750)
(340 40 750)
(360 40 750)
(380 40 750)
(400 40 750)
(420 40 750)
(440 40 750)
(460 40 750)
(480 40 750)
(500 40 750)
(520 40 750)
(540 40 750)
(560 40 750)
(580 40 750)
(600 40 750)
(620 40 750)
(640 40 750)
(660 40 750)
(680 40 750)
(700 40 750)
(720 40 750)
(740 40 750)
(760 40 750)
(780 40 750)
(800 40 750)
(820 40 750)
(840 40 750)
(860 40 750)
(880 40 750)
(900 40 750)
(920 40 750)
(940 40 750)
(960 40 750)
(980 40 750)
(1000 40 750)
(1020 40 750)
(1040 40 750)
(1060 40 750)
(1080 40 750)
(1100 40 750)
(1120 40 750)
(1140 40 750)
(1160 40 750)
(1180 40 750)
(1200 40 750)
(1220 40 750)
(1240 40 750)
(1260 40 750)
(1280 40 750)
(1300 40 750)
(1320 40 750)
(1340 40 750)
(1360 40 750)
(1380 40 750)
(1400 40 750)
(1420 40 750)
(1440 40 750)
(1460 40 750)
(1480 40 750)
(1500 40 750)
(1520 40 750)
(1540 40 750)
(1560 40 750)
(1580 40 750)
(1600 40 750)
(1620 40 750)
(1640 40 750)
(1660 40 750)
(1680 40 750)
(1700 40 750)
(1720 40 750)
(1740 40 750)
(1760 40 750)
(1780 40 750)
(1800 40 750)
(1820 40 750)
(1840 40 750)
(1860 40 750)
(1880 40 750)
(1900 40 750)
(1920 40 750)
(1940 40 750)
(1960 40 750)
(1980 40 750)
(2000 40 750)
(0 42 750)
(20 42 750)
(40 42 750)
(60 42 750)
(80 42 750)
(100 42 750)
(120 42 750)
(140 42 750)
(160 42 750)
(180 42 750)
(200 42 750)
(220 42 750)
(240 42 750)
(260 42 750)
(280 42 750)
(300 42 750)
(320 42 750)
(340 42 750)
(360 42 750)
(380 42 750)
(400 42 750)
(420 42 750)
(440 42 750)
(460 42 750)
(480 42 750)
(500 42 750)
(520 42 750)
(540 42 750)
(560 42 750)
(580 42 750)
(600 42 750)
(620 42 750)
(640 42 750)
(660 42 750)
(680 42 750)
(700 42 750)
(720 42 750)
(740 42 750)
(760 42 750)
(780 42 750)
(800 42 750)
(820 42 750)
(840 42 750)
(860 42 750)
(880 42 750)
(900 42 750)
(920 42 750)
(940 42 750)
(960 42 750)
(980 42 750)
(1000 42 750)
(1020 42 750)
(1040 42 750)
(1060 42 750)
(1080 42 750)
(1100 42 750)
(1120 42 750)
(1140 42 750)
(1160 42 750)
(1180 42 750)
(1200 42 750)
(1220 42 750)
(1240 42 750)
(1260 42 750)
(1280 42 750)
(1300 42 750)
(1320 42 750)
(1340 42 750)
(1360 42 750)
(1380 42 750)
(1400 42 750)
(1420 42 750)
(1440 42 750)
(1460 42 750)
(1480 42 750)
(1500 42 750)
(1520 42 750)
(1540 42 750)
(1560 42 750)
(1580 42 750)
(1600 42 750)
(1620 42 750)
(1640 42 750)
(1660 42 750)
(1680 42 750)
(1700 42 750)
(1720 42 750)
(1740 42 750)
(1760 42 750)
(1780 42 750)
(1800 42 750)
(1820 42 750)
(1840 42 750)
(1860 42 750)
(1880 42 750)
(1900 42 750)
(1920 42 750)
(1940 42 750)
(1960 42 750)
(1980 42 750)
(2000 42 750)
(0 44 750)
(20 44 750)
(40 44 750)
(60 44 750)
(80 44 750)
(100 44 750)
(120 44 750)
(140 44 750)
(160 44 750)
(180 44 750)
(200 44 750)
(220 44 750)
(240 44 750)
(260 44 750)
(280 44 750)
(300 44 750)
(320 44 750)
(340 44 750)
(360 44 750)
(380 44 750)
(400 44 750)
(420 44 750)
(440 44 750)
(460 44 750)
(480 44 750)
(500 44 750)
(520 44 750)
(540 44 750)
(560 44 750)
(580 44 750)
(600 44 750)
(620 44 750)
(640 44 750)
(660 44 750)
(680 44 750)
(700 44 750)
(720 44 750)
(740 44 750)
(760 44 750)
(780 44 750)
(800 44 750)
(820 44 750)
(840 44 750)
(860 44 750)
(880 44 750)
(900 44 750)
(920 44 750)
(940 44 750)
(960 44 750)
(980 44 750)
(1000 44 750)
(1020 44 750)
(1040 44 750)
(1060 44 750)
(1080 44 750)
(1100 44 750)
(1120 44 750)
(1140 44 750)
(1160 44 750)
(1180 44 750)
(1200 44 750)
(1220 44 750)
(1240 44 750)
(1260 44 750)
(1280 44 750)
(1300 44 750)
(1320 44 750)
(1340 44 750)
(1360 44 750)
(1380 44 750)
(1400 44 750)
(1420 44 750)
(1440 44 750)
(1460 44 750)
(1480 44 750)
(1500 44 750)
(1520 44 750)
(1540 44 750)
(1560 44 750)
(1580 44 750)
(1600 44 750)
(1620 44 750)
(1640 44 750)
(1660 44 750)
(1680 44 750)
(1700 44 750)
(1720 44 750)
(1740 44 750)
(1760 44 750)
(1780 44 750)
(1800 44 750)
(1820 44 750)
(1840 44 750)
(1860 44 750)
(1880 44 750)
(1900 44 750)
(1920 44 750)
(1940 44 750)
(1960 44 750)
(1980 44 750)
(2000 44 750)
(0 46 750)
(20 46 750)
(40 46 750)
(60 46 750)
(80 46 750)
(100 46 750)
(120 46 750)
(140 46 750)
(160 46 750)
(180 46 750)
(200 46 750)
(220 46 750)
(240 46 750)
(260 46 750)
(280 46 750)
(300 46 750)
(320 46 750)
(340 46 750)
(360 46 750)
(380 46 750)
(400 46 750)
(420 46 750)
(440 46 750)
(460 46 750)
(480 46 750)
(500 46 750)
(520 46 750)
(540 46 750)
(560 46 750)
(580 46 750)
(600 46 750)
(620 46 750)
(640 46 750)
(660 46 750)
(680 46 750)
(700 46 750)
(720 46 750)
(740 46 750)
(760 46 750)
(780 46 750)
(800 46 750)
(820 46 750)
(840 46 750)
(860 46 750)
(880 46 750)
(900 46 750)
(920 46 750)
(940 46 750)
(960 46 750)
(980 46 750)
(1000 46 750)
(1020 46 750)
(1040 46 750)
(1060 46 750)
(1080 46 750)
(1100 46 750)
(1120 46 750)
(1140 46 750)
(1160 46 750)
(1180 46 750)
(1200 46 750)
(1220 46 750)
(1240 46 750)
(1260 46 750)
(1280 46 750)
(1300 46 750)
(1320 46 750)
(1340 46 750)
(1360 46 750)
(1380 46 750)
(1400 46 750)
(1420 46 750)
(1440 46 750)
(1460 46 750)
(1480 46 750)
(1500 46 750)
(1520 46 750)
(1540 46 750)
(1560 46 750)
(1580 46 750)
(1600 46 750)
(1620 46 750)
(1640 46 750)
(1660 46 750)
(1680 46 750)
(1700 46 750)
(1720 46 750)
(1740 46 750)
(1760 46 750)
(1780 46 750)
(1800 46 750)
(1820 46 750)
(1840 46 750)
(1860 46 750)
(1880 46 750)
(1900 46 750)
(1920 46 750)
(1940 46 750)
(1960 46 750)
(1980 46 750)
(2000 46 750)
(0 48 750)
(20 48 750)
(40 48 750)
(60 48 750)
(80 48 750)
(100 48 750)
(120 48 750)
(140 48 750)
(160 48 750)
(180 48 750)
(200 48 750)
(220 48 750)
(240 48 750)
(260 48 750)
(280 48 750)
(300 48 750)
(320 48 750)
(340 48 750)
(360 48 750)
(380 48 750)
(400 48 750)
(420 48 750)
(440 48 750)
(460 48 750)
(480 48 750)
(500 48 750)
(520 48 750)
(540 48 750)
(560 48 750)
(580 48 750)
(600 48 750)
(620 48 750)
(640 48 750)
(660 48 750)
(680 48 750)
(700 48 750)
(720 48 750)
(740 48 750)
(760 48 750)
(780 48 750)
(800 48 750)
(820 48 750)
(840 48 750)
(860 48 750)
(880 48 750)
(900 48 750)
(920 48 750)
(940 48 750)
(960 48 750)
(980 48 750)
(1000 48 750)
(1020 48 750)
(1040 48 750)
(1060 48 750)
(1080 48 750)
(1100 48 750)
(1120 48 750)
(1140 48 750)
(1160 48 750)
(1180 48 750)
(1200 48 750)
(1220 48 750)
(1240 48 750)
(1260 48 750)
(1280 48 750)
(1300 48 750)
(1320 48 750)
(1340 48 750)
(1360 48 750)
(1380 48 750)
(1400 48 750)
(1420 48 750)
(1440 48 750)
(1460 48 750)
(1480 48 750)
(1500 48 750)
(1520 48 750)
(1540 48 750)
(1560 48 750)
(1580 48 750)
(1600 48 750)
(1620 48 750)
(1640 48 750)
(1660 48 750)
(1680 48 750)
(1700 48 750)
(1720 48 750)
(1740 48 750)
(1760 48 750)
(1780 48 750)
(1800 48 750)
(1820 48 750)
(1840 48 750)
(1860 48 750)
(1880 48 750)
(1900 48 750)
(1920 48 750)
(1940 48 750)
(1960 48 750)
(1980 48 750)
(2000 48 750)
(0 50 750)
(20 50 750)
(40 50 750)
(60 50 750)
(80 50 750)
(100 50 750)
(120 50 750)
(140 50 750)
(160 50 750)
(180 50 750)
(200 50 750)
(220 50 750)
(240 50 750)
(260 50 750)
(280 50 750)
(300 50 750)
(320 50 750)
(340 50 750)
(360 50 750)
(380 50 750)
(400 50 750)
(420 50 750)
(440 50 750)
(460 50 750)
(480 50 750)
(500 50 750)
(520 50 750)
(540 50 750)
(560 50 750)
(580 50 750)
(600 50 750)
(620 50 750)
(640 50 750)
(660 50 750)
(680 50 750)
(700 50 750)
(720 50 750)
(740 50 750)
(760 50 750)
(780 50 750)
(800 50 750)
(820 50 750)
(840 50 750)
(860 50 750)
(880 50 750)
(900 50 750)
(920 50 750)
(940 50 750)
(960 50 750)
(980 50 750)
(1000 50 750)
(1020 50 750)
(1040 50 750)
(1060 50 750)
(1080 50 750)
(1100 50 750)
(1120 50 750)
(1140 50 750)
(1160 50 750)
(1180 50 750)
(1200 50 750)
(1220 50 750)
(1240 50 750)
(1260 50 750)
(1280 50 750)
(1300 50 750)
(1320 50 750)
(1340 50 750)
(1360 50 750)
(1380 50 750)
(1400 50 750)
(1420 50 750)
(1440 50 750)
(1460 50 750)
(1480 50 750)
(1500 50 750)
(1520 50 750)
(1540 50 750)
(1560 50 750)
(1580 50 750)
(1600 50 750)
(1620 50 750)
(1640 50 750)
(1660 50 750)
(1680 50 750)
(1700 50 750)
(1720 50 750)
(1740 50 750)
(1760 50 750)
(1780 50 750)
(1800 50 750)
(1820 50 750)
(1840 50 750)
(1860 50 750)
(1880 50 750)
(1900 50 750)
(1920 50 750)
(1940 50 750)
(1960 50 750)
(1980 50 750)
(2000 50 750)
(0 52 750)
(20 52 750)
(40 52 750)
(60 52 750)
(80 52 750)
(100 52 750)
(120 52 750)
(140 52 750)
(160 52 750)
(180 52 750)
(200 52 750)
(220 52 750)
(240 52 750)
(260 52 750)
(280 52 750)
(300 52 750)
(320 52 750)
(340 52 750)
(360 52 750)
(380 52 750)
(400 52 750)
(420 52 750)
(440 52 750)
(460 52 750)
(480 52 750)
(500 52 750)
(520 52 750)
(540 52 750)
(560 52 750)
(580 52 750)
(600 52 750)
(620 52 750)
(640 52 750)
(660 52 750)
(680 52 750)
(700 52 750)
(720 52 750)
(740 52 750)
(760 52 750)
(780 52 750)
(800 52 750)
(820 52 750)
(840 52 750)
(860 52 750)
(880 52 750)
(900 52 750)
(920 52 750)
(940 52 750)
(960 52 750)
(980 52 750)
(1000 52 750)
(1020 52 750)
(1040 52 750)
(1060 52 750)
(1080 52 750)
(1100 52 750)
(1120 52 750)
(1140 52 750)
(1160 52 750)
(1180 52 750)
(1200 52 750)
(1220 52 750)
(1240 52 750)
(1260 52 750)
(1280 52 750)
(1300 52 750)
(1320 52 750)
(1340 52 750)
(1360 52 750)
(1380 52 750)
(1400 52 750)
(1420 52 750)
(1440 52 750)
(1460 52 750)
(1480 52 750)
(1500 52 750)
(1520 52 750)
(1540 52 750)
(1560 52 750)
(1580 52 750)
(1600 52 750)
(1620 52 750)
(1640 52 750)
(1660 52 750)
(1680 52 750)
(1700 52 750)
(1720 52 750)
(1740 52 750)
(1760 52 750)
(1780 52 750)
(1800 52 750)
(1820 52 750)
(1840 52 750)
(1860 52 750)
(1880 52 750)
(1900 52 750)
(1920 52 750)
(1940 52 750)
(1960 52 750)
(1980 52 750)
(2000 52 750)
(0 54 750)
(20 54 750)
(40 54 750)
(60 54 750)
(80 54 750)
(100 54 750)
(120 54 750)
(140 54 750)
(160 54 750)
(180 54 750)
(200 54 750)
(220 54 750)
(240 54 750)
(260 54 750)
(280 54 750)
(300 54 750)
(320 54 750)
(340 54 750)
(360 54 750)
(380 54 750)
(400 54 750)
(420 54 750)
(440 54 750)
(460 54 750)
(480 54 750)
(500 54 750)
(520 54 750)
(540 54 750)
(560 54 750)
(580 54 750)
(600 54 750)
(620 54 750)
(640 54 750)
(660 54 750)
(680 54 750)
(700 54 750)
(720 54 750)
(740 54 750)
(760 54 750)
(780 54 750)
(800 54 750)
(820 54 750)
(840 54 750)
(860 54 750)
(880 54 750)
(900 54 750)
(920 54 750)
(940 54 750)
(960 54 750)
(980 54 750)
(1000 54 750)
(1020 54 750)
(1040 54 750)
(1060 54 750)
(1080 54 750)
(1100 54 750)
(1120 54 750)
(1140 54 750)
(1160 54 750)
(1180 54 750)
(1200 54 750)
(1220 54 750)
(1240 54 750)
(1260 54 750)
(1280 54 750)
(1300 54 750)
(1320 54 750)
(1340 54 750)
(1360 54 750)
(1380 54 750)
(1400 54 750)
(1420 54 750)
(1440 54 750)
(1460 54 750)
(1480 54 750)
(1500 54 750)
(1520 54 750)
(1540 54 750)
(1560 54 750)
(1580 54 750)
(1600 54 750)
(1620 54 750)
(1640 54 750)
(1660 54 750)
(1680 54 750)
(1700 54 750)
(1720 54 750)
(1740 54 750)
(1760 54 750)
(1780 54 750)
(1800 54 750)
(1820 54 750)
(1840 54 750)
(1860 54 750)
(1880 54 750)
(1900 54 750)
(1920 54 750)
(1940 54 750)
(1960 54 750)
(1980 54 750)
(2000 54 750)
(0 56 750)
(20 56 750)
(40 56 750)
(60 56 750)
(80 56 750)
(100 56 750)
(120 56 750)
(140 56 750)
(160 56 750)
(180 56 750)
(200 56 750)
(220 56 750)
(240 56 750)
(260 56 750)
(280 56 750)
(300 56 750)
(320 56 750)
(340 56 750)
(360 56 750)
(380 56 750)
(400 56 750)
(420 56 750)
(440 56 750)
(460 56 750)
(480 56 750)
(500 56 750)
(520 56 750)
(540 56 750)
(560 56 750)
(580 56 750)
(600 56 750)
(620 56 750)
(640 56 750)
(660 56 750)
(680 56 750)
(700 56 750)
(720 56 750)
(740 56 750)
(760 56 750)
(780 56 750)
(800 56 750)
(820 56 750)
(840 56 750)
(860 56 750)
(880 56 750)
(900 56 750)
(920 56 750)
(940 56 750)
(960 56 750)
(980 56 750)
(1000 56 750)
(1020 56 750)
(1040 56 750)
(1060 56 750)
(1080 56 750)
(1100 56 750)
(1120 56 750)
(1140 56 750)
(1160 56 750)
(1180 56 750)
(1200 56 750)
(1220 56 750)
(1240 56 750)
(1260 56 750)
(1280 56 750)
(1300 56 750)
(1320 56 750)
(1340 56 750)
(1360 56 750)
(1380 56 750)
(1400 56 750)
(1420 56 750)
(1440 56 750)
(1460 56 750)
(1480 56 750)
(1500 56 750)
(1520 56 750)
(1540 56 750)
(1560 56 750)
(1580 56 750)
(1600 56 750)
(1620 56 750)
(1640 56 750)
(1660 56 750)
(1680 56 750)
(1700 56 750)
(1720 56 750)
(1740 56 750)
(1760 56 750)
(1780 56 750)
(1800 56 750)
(1820 56 750)
(1840 56 750)
(1860 56 750)
(1880 56 750)
(1900 56 750)
(1920 56 750)
(1940 56 750)
(1960 56 750)
(1980 56 750)
(2000 56 750)
(0 58 750)
(20 58 750)
(40 58 750)
(60 58 750)
(80 58 750)
(100 58 750)
(120 58 750)
(140 58 750)
(160 58 750)
(180 58 750)
(200 58 750)
(220 58 750)
(240 58 750)
(260 58 750)
(280 58 750)
(300 58 750)
(320 58 750)
(340 58 750)
(360 58 750)
(380 58 750)
(400 58 750)
(420 58 750)
(440 58 750)
(460 58 750)
(480 58 750)
(500 58 750)
(520 58 750)
(540 58 750)
(560 58 750)
(580 58 750)
(600 58 750)
(620 58 750)
(640 58 750)
(660 58 750)
(680 58 750)
(700 58 750)
(720 58 750)
(740 58 750)
(760 58 750)
(780 58 750)
(800 58 750)
(820 58 750)
(840 58 750)
(860 58 750)
(880 58 750)
(900 58 750)
(920 58 750)
(940 58 750)
(960 58 750)
(980 58 750)
(1000 58 750)
(1020 58 750)
(1040 58 750)
(1060 58 750)
(1080 58 750)
(1100 58 750)
(1120 58 750)
(1140 58 750)
(1160 58 750)
(1180 58 750)
(1200 58 750)
(1220 58 750)
(1240 58 750)
(1260 58 750)
(1280 58 750)
(1300 58 750)
(1320 58 750)
(1340 58 750)
(1360 58 750)
(1380 58 750)
(1400 58 750)
(1420 58 750)
(1440 58 750)
(1460 58 750)
(1480 58 750)
(1500 58 750)
(1520 58 750)
(1540 58 750)
(1560 58 750)
(1580 58 750)
(1600 58 750)
(1620 58 750)
(1640 58 750)
(1660 58 750)
(1680 58 750)
(1700 58 750)
(1720 58 750)
(1740 58 750)
(1760 58 750)
(1780 58 750)
(1800 58 750)
(1820 58 750)
(1840 58 750)
(1860 58 750)
(1880 58 750)
(1900 58 750)
(1920 58 750)
(1940 58 750)
(1960 58 750)
(1980 58 750)
(2000 58 750)
(0 60 750)
(20 60 750)
(40 60 750)
(60 60 750)
(80 60 750)
(100 60 750)
(120 60 750)
(140 60 750)
(160 60 750)
(180 60 750)
(200 60 750)
(220 60 750)
(240 60 750)
(260 60 750)
(280 60 750)
(300 60 750)
(320 60 750)
(340 60 750)
(360 60 750)
(380 60 750)
(400 60 750)
(420 60 750)
(440 60 750)
(460 60 750)
(480 60 750)
(500 60 750)
(520 60 750)
(540 60 750)
(560 60 750)
(580 60 750)
(600 60 750)
(620 60 750)
(640 60 750)
(660 60 750)
(680 60 750)
(700 60 750)
(720 60 750)
(740 60 750)
(760 60 750)
(780 60 750)
(800 60 750)
(820 60 750)
(840 60 750)
(860 60 750)
(880 60 750)
(900 60 750)
(920 60 750)
(940 60 750)
(960 60 750)
(980 60 750)
(1000 60 750)
(1020 60 750)
(1040 60 750)
(1060 60 750)
(1080 60 750)
(1100 60 750)
(1120 60 750)
(1140 60 750)
(1160 60 750)
(1180 60 750)
(1200 60 750)
(1220 60 750)
(1240 60 750)
(1260 60 750)
(1280 60 750)
(1300 60 750)
(1320 60 750)
(1340 60 750)
(1360 60 750)
(1380 60 750)
(1400 60 750)
(1420 60 750)
(1440 60 750)
(1460 60 750)
(1480 60 750)
(1500 60 750)
(1520 60 750)
(1540 60 750)
(1560 60 750)
(1580 60 750)
(1600 60 750)
(1620 60 750)
(1640 60 750)
(1660 60 750)
(1680 60 750)
(1700 60 750)
(1720 60 750)
(1740 60 750)
(1760 60 750)
(1780 60 750)
(1800 60 750)
(1820 60 750)
(1840 60 750)
(1860 60 750)
(1880 60 750)
(1900 60 750)
(1920 60 750)
(1940 60 750)
(1960 60 750)
(1980 60 750)
(2000 60 750)
(0 62 750)
(20 62 750)
(40 62 750)
(60 62 750)
(80 62 750)
(100 62 750)
(120 62 750)
(140 62 750)
(160 62 750)
(180 62 750)
(200 62 750)
(220 62 750)
(240 62 750)
(260 62 750)
(280 62 750)
(300 62 750)
(320 62 750)
(340 62 750)
(360 62 750)
(380 62 750)
(400 62 750)
(420 62 750)
(440 62 750)
(460 62 750)
(480 62 750)
(500 62 750)
(520 62 750)
(540 62 750)
(560 62 750)
(580 62 750)
(600 62 750)
(620 62 750)
(640 62 750)
(660 62 750)
(680 62 750)
(700 62 750)
(720 62 750)
(740 62 750)
(760 62 750)
(780 62 750)
(800 62 750)
(820 62 750)
(840 62 750)
(860 62 750)
(880 62 750)
(900 62 750)
(920 62 750)
(940 62 750)
(960 62 750)
(980 62 750)
(1000 62 750)
(1020 62 750)
(1040 62 750)
(1060 62 750)
(1080 62 750)
(1100 62 750)
(1120 62 750)
(1140 62 750)
(1160 62 750)
(1180 62 750)
(1200 62 750)
(1220 62 750)
(1240 62 750)
(1260 62 750)
(1280 62 750)
(1300 62 750)
(1320 62 750)
(1340 62 750)
(1360 62 750)
(1380 62 750)
(1400 62 750)
(1420 62 750)
(1440 62 750)
(1460 62 750)
(1480 62 750)
(1500 62 750)
(1520 62 750)
(1540 62 750)
(1560 62 750)
(1580 62 750)
(1600 62 750)
(1620 62 750)
(1640 62 750)
(1660 62 750)
(1680 62 750)
(1700 62 750)
(1720 62 750)
(1740 62 750)
(1760 62 750)
(1780 62 750)
(1800 62 750)
(1820 62 750)
(1840 62 750)
(1860 62 750)
(1880 62 750)
(1900 62 750)
(1920 62 750)
(1940 62 750)
(1960 62 750)
(1980 62 750)
(2000 62 750)
(0 64 750)
(20 64 750)
(40 64 750)
(60 64 750)
(80 64 750)
(100 64 750)
(120 64 750)
(140 64 750)
(160 64 750)
(180 64 750)
(200 64 750)
(220 64 750)
(240 64 750)
(260 64 750)
(280 64 750)
(300 64 750)
(320 64 750)
(340 64 750)
(360 64 750)
(380 64 750)
(400 64 750)
(420 64 750)
(440 64 750)
(460 64 750)
(480 64 750)
(500 64 750)
(520 64 750)
(540 64 750)
(560 64 750)
(580 64 750)
(600 64 750)
(620 64 750)
(640 64 750)
(660 64 750)
(680 64 750)
(700 64 750)
(720 64 750)
(740 64 750)
(760 64 750)
(780 64 750)
(800 64 750)
(820 64 750)
(840 64 750)
(860 64 750)
(880 64 750)
(900 64 750)
(920 64 750)
(940 64 750)
(960 64 750)
(980 64 750)
(1000 64 750)
(1020 64 750)
(1040 64 750)
(1060 64 750)
(1080 64 750)
(1100 64 750)
(1120 64 750)
(1140 64 750)
(1160 64 750)
(1180 64 750)
(1200 64 750)
(1220 64 750)
(1240 64 750)
(1260 64 750)
(1280 64 750)
(1300 64 750)
(1320 64 750)
(1340 64 750)
(1360 64 750)
(1380 64 750)
(1400 64 750)
(1420 64 750)
(1440 64 750)
(1460 64 750)
(1480 64 750)
(1500 64 750)
(1520 64 750)
(1540 64 750)
(1560 64 750)
(1580 64 750)
(1600 64 750)
(1620 64 750)
(1640 64 750)
(1660 64 750)
(1680 64 750)
(1700 64 750)
(1720 64 750)
(1740 64 750)
(1760 64 750)
(1780 64 750)
(1800 64 750)
(1820 64 750)
(1840 64 750)
(1860 64 750)
(1880 64 750)
(1900 64 750)
(1920 64 750)
(1940 64 750)
(1960 64 750)
(1980 64 750)
(2000 64 750)
(0 66 750)
(20 66 750)
(40 66 750)
(60 66 750)
(80 66 750)
(100 66 750)
(120 66 750)
(140 66 750)
(160 66 750)
(180 66 750)
(200 66 750)
(220 66 750)
(240 66 750)
(260 66 750)
(280 66 750)
(300 66 750)
(320 66 750)
(340 66 750)
(360 66 750)
(380 66 750)
(400 66 750)
(420 66 750)
(440 66 750)
(460 66 750)
(480 66 750)
(500 66 750)
(520 66 750)
(540 66 750)
(560 66 750)
(580 66 750)
(600 66 750)
(620 66 750)
(640 66 750)
(660 66 750)
(680 66 750)
(700 66 750)
(720 66 750)
(740 66 750)
(760 66 750)
(780 66 750)
(800 66 750)
(820 66 750)
(840 66 750)
(860 66 750)
(880 66 750)
(900 66 750)
(920 66 750)
(940 66 750)
(960 66 750)
(980 66 750)
(1000 66 750)
(1020 66 750)
(1040 66 750)
(1060 66 750)
(1080 66 750)
(1100 66 750)
(1120 66 750)
(1140 66 750)
(1160 66 750)
(1180 66 750)
(1200 66 750)
(1220 66 750)
(1240 66 750)
(1260 66 750)
(1280 66 750)
(1300 66 750)
(1320 66 750)
(1340 66 750)
(1360 66 750)
(1380 66 750)
(1400 66 750)
(1420 66 750)
(1440 66 750)
(1460 66 750)
(1480 66 750)
(1500 66 750)
(1520 66 750)
(1540 66 750)
(1560 66 750)
(1580 66 750)
(1600 66 750)
(1620 66 750)
(1640 66 750)
(1660 66 750)
(1680 66 750)
(1700 66 750)
(1720 66 750)
(1740 66 750)
(1760 66 750)
(1780 66 750)
(1800 66 750)
(1820 66 750)
(1840 66 750)
(1860 66 750)
(1880 66 750)
(1900 66 750)
(1920 66 750)
(1940 66 750)
(1960 66 750)
(1980 66 750)
(2000 66 750)
(0 68 750)
(20 68 750)
(40 68 750)
(60 68 750)
(80 68 750)
(100 68 750)
(120 68 750)
(140 68 750)
(160 68 750)
(180 68 750)
(200 68 750)
(220 68 750)
(240 68 750)
(260 68 750)
(280 68 750)
(300 68 750)
(320 68 750)
(340 68 750)
(360 68 750)
(380 68 750)
(400 68 750)
(420 68 750)
(440 68 750)
(460 68 750)
(480 68 750)
(500 68 750)
(520 68 750)
(540 68 750)
(560 68 750)
(580 68 750)
(600 68 750)
(620 68 750)
(640 68 750)
(660 68 750)
(680 68 750)
(700 68 750)
(720 68 750)
(740 68 750)
(760 68 750)
(780 68 750)
(800 68 750)
(820 68 750)
(840 68 750)
(860 68 750)
(880 68 750)
(900 68 750)
(920 68 750)
(940 68 750)
(960 68 750)
(980 68 750)
(1000 68 750)
(1020 68 750)
(1040 68 750)
(1060 68 750)
(1080 68 750)
(1100 68 750)
(1120 68 750)
(1140 68 750)
(1160 68 750)
(1180 68 750)
(1200 68 750)
(1220 68 750)
(1240 68 750)
(1260 68 750)
(1280 68 750)
(1300 68 750)
(1320 68 750)
(1340 68 750)
(1360 68 750)
(1380 68 750)
(1400 68 750)
(1420 68 750)
(1440 68 750)
(1460 68 750)
(1480 68 750)
(1500 68 750)
(1520 68 750)
(1540 68 750)
(1560 68 750)
(1580 68 750)
(1600 68 750)
(1620 68 750)
(1640 68 750)
(1660 68 750)
(1680 68 750)
(1700 68 750)
(1720 68 750)
(1740 68 750)
(1760 68 750)
(1780 68 750)
(1800 68 750)
(1820 68 750)
(1840 68 750)
(1860 68 750)
(1880 68 750)
(1900 68 750)
(1920 68 750)
(1940 68 750)
(1960 68 750)
(1980 68 750)
(2000 68 750)
(0 70 750)
(20 70 750)
(40 70 750)
(60 70 750)
(80 70 750)
(100 70 750)
(120 70 750)
(140 70 750)
(160 70 750)
(180 70 750)
(200 70 750)
(220 70 750)
(240 70 750)
(260 70 750)
(280 70 750)
(300 70 750)
(320 70 750)
(340 70 750)
(360 70 750)
(380 70 750)
(400 70 750)
(420 70 750)
(440 70 750)
(460 70 750)
(480 70 750)
(500 70 750)
(520 70 750)
(540 70 750)
(560 70 750)
(580 70 750)
(600 70 750)
(620 70 750)
(640 70 750)
(660 70 750)
(680 70 750)
(700 70 750)
(720 70 750)
(740 70 750)
(760 70 750)
(780 70 750)
(800 70 750)
(820 70 750)
(840 70 750)
(860 70 750)
(880 70 750)
(900 70 750)
(920 70 750)
(940 70 750)
(960 70 750)
(980 70 750)
(1000 70 750)
(1020 70 750)
(1040 70 750)
(1060 70 750)
(1080 70 750)
(1100 70 750)
(1120 70 750)
(1140 70 750)
(1160 70 750)
(1180 70 750)
(1200 70 750)
(1220 70 750)
(1240 70 750)
(1260 70 750)
(1280 70 750)
(1300 70 750)
(1320 70 750)
(1340 70 750)
(1360 70 750)
(1380 70 750)
(1400 70 750)
(1420 70 750)
(1440 70 750)
(1460 70 750)
(1480 70 750)
(1500 70 750)
(1520 70 750)
(1540 70 750)
(1560 70 750)
(1580 70 750)
(1600 70 750)
(1620 70 750)
(1640 70 750)
(1660 70 750)
(1680 70 750)
(1700 70 750)
(1720 70 750)
(1740 70 750)
(1760 70 750)
(1780 70 750)
(1800 70 750)
(1820 70 750)
(1840 70 750)
(1860 70 750)
(1880 70 750)
(1900 70 750)
(1920 70 750)
(1940 70 750)
(1960 70 750)
(1980 70 750)
(2000 70 750)
(0 72 750)
(20 72 750)
(40 72 750)
(60 72 750)
(80 72 750)
(100 72 750)
(120 72 750)
(140 72 750)
(160 72 750)
(180 72 750)
(200 72 750)
(220 72 750)
(240 72 750)
(260 72 750)
(280 72 750)
(300 72 750)
(320 72 750)
(340 72 750)
(360 72 750)
(380 72 750)
(400 72 750)
(420 72 750)
(440 72 750)
(460 72 750)
(480 72 750)
(500 72 750)
(520 72 750)
(540 72 750)
(560 72 750)
(580 72 750)
(600 72 750)
(620 72 750)
(640 72 750)
(660 72 750)
(680 72 750)
(700 72 750)
(720 72 750)
(740 72 750)
(760 72 750)
(780 72 750)
(800 72 750)
(820 72 750)
(840 72 750)
(860 72 750)
(880 72 750)
(900 72 750)
(920 72 750)
(940 72 750)
(960 72 750)
(980 72 750)
(1000 72 750)
(1020 72 750)
(1040 72 750)
(1060 72 750)
(1080 72 750)
(1100 72 750)
(1120 72 750)
(1140 72 750)
(1160 72 750)
(1180 72 750)
(1200 72 750)
(1220 72 750)
(1240 72 750)
(1260 72 750)
(1280 72 750)
(1300 72 750)
(1320 72 750)
(1340 72 750)
(1360 72 750)
(1380 72 750)
(1400 72 750)
(1420 72 750)
(1440 72 750)
(1460 72 750)
(1480 72 750)
(1500 72 750)
(1520 72 750)
(1540 72 750)
(1560 72 750)
(1580 72 750)
(1600 72 750)
(1620 72 750)
(1640 72 750)
(1660 72 750)
(1680 72 750)
(1700 72 750)
(1720 72 750)
(1740 72 750)
(1760 72 750)
(1780 72 750)
(1800 72 750)
(1820 72 750)
(1840 72 750)
(1860 72 750)
(1880 72 750)
(1900 72 750)
(1920 72 750)
(1940 72 750)
(1960 72 750)
(1980 72 750)
(2000 72 750)
(0 74 750)
(20 74 750)
(40 74 750)
(60 74 750)
(80 74 750)
(100 74 750)
(120 74 750)
(140 74 750)
(160 74 750)
(180 74 750)
(200 74 750)
(220 74 750)
(240 74 750)
(260 74 750)
(280 74 750)
(300 74 750)
(320 74 750)
(340 74 750)
(360 74 750)
(380 74 750)
(400 74 750)
(420 74 750)
(440 74 750)
(460 74 750)
(480 74 750)
(500 74 750)
(520 74 750)
(540 74 750)
(560 74 750)
(580 74 750)
(600 74 750)
(620 74 750)
(640 74 750)
(660 74 750)
(680 74 750)
(700 74 750)
(720 74 750)
(740 74 750)
(760 74 750)
(780 74 750)
(800 74 750)
(820 74 750)
(840 74 750)
(860 74 750)
(880 74 750)
(900 74 750)
(920 74 750)
(940 74 750)
(960 74 750)
(980 74 750)
(1000 74 750)
(1020 74 750)
(1040 74 750)
(1060 74 750)
(1080 74 750)
(1100 74 750)
(1120 74 750)
(1140 74 750)
(1160 74 750)
(1180 74 750)
(1200 74 750)
(1220 74 750)
(1240 74 750)
(1260 74 750)
(1280 74 750)
(1300 74 750)
(1320 74 750)
(1340 74 750)
(1360 74 750)
(1380 74 750)
(1400 74 750)
(1420 74 750)
(1440 74 750)
(1460 74 750)
(1480 74 750)
(1500 74 750)
(1520 74 750)
(1540 74 750)
(1560 74 750)
(1580 74 750)
(1600 74 750)
(1620 74 750)
(1640 74 750)
(1660 74 750)
(1680 74 750)
(1700 74 750)
(1720 74 750)
(1740 74 750)
(1760 74 750)
(1780 74 750)
(1800 74 750)
(1820 74 750)
(1840 74 750)
(1860 74 750)
(1880 74 750)
(1900 74 750)
(1920 74 750)
(1940 74 750)
(1960 74 750)
(1980 74 750)
(2000 74 750)
(0 76 750)
(20 76 750)
(40 76 750)
(60 76 750)
(80 76 750)
(100 76 750)
(120 76 750)
(140 76 750)
(160 76 750)
(180 76 750)
(200 76 750)
(220 76 750)
(240 76 750)
(260 76 750)
(280 76 750)
(300 76 750)
(320 76 750)
(340 76 750)
(360 76 750)
(380 76 750)
(400 76 750)
(420 76 750)
(440 76 750)
(460 76 750)
(480 76 750)
(500 76 750)
(520 76 750)
(540 76 750)
(560 76 750)
(580 76 750)
(600 76 750)
(620 76 750)
(640 76 750)
(660 76 750)
(680 76 750)
(700 76 750)
(720 76 750)
(740 76 750)
(760 76 750)
(780 76 750)
(800 76 750)
(820 76 750)
(840 76 750)
(860 76 750)
(880 76 750)
(900 76 750)
(920 76 750)
(940 76 750)
(960 76 750)
(980 76 750)
(1000 76 750)
(1020 76 750)
(1040 76 750)
(1060 76 750)
(1080 76 750)
(1100 76 750)
(1120 76 750)
(1140 76 750)
(1160 76 750)
(1180 76 750)
(1200 76 750)
(1220 76 750)
(1240 76 750)
(1260 76 750)
(1280 76 750)
(1300 76 750)
(1320 76 750)
(1340 76 750)
(1360 76 750)
(1380 76 750)
(1400 76 750)
(1420 76 750)
(1440 76 750)
(1460 76 750)
(1480 76 750)
(1500 76 750)
(1520 76 750)
(1540 76 750)
(1560 76 750)
(1580 76 750)
(1600 76 750)
(1620 76 750)
(1640 76 750)
(1660 76 750)
(1680 76 750)
(1700 76 750)
(1720 76 750)
(1740 76 750)
(1760 76 750)
(1780 76 750)
(1800 76 750)
(1820 76 750)
(1840 76 750)
(1860 76 750)
(1880 76 750)
(1900 76 750)
(1920 76 750)
(1940 76 750)
(1960 76 750)
(1980 76 750)
(2000 76 750)
(0 78 750)
(20 78 750)
(40 78 750)
(60 78 750)
(80 78 750)
(100 78 750)
(120 78 750)
(140 78 750)
(160 78 750)
(180 78 750)
(200 78 750)
(220 78 750)
(240 78 750)
(260 78 750)
(280 78 750)
(300 78 750)
(320 78 750)
(340 78 750)
(360 78 750)
(380 78 750)
(400 78 750)
(420 78 750)
(440 78 750)
(460 78 750)
(480 78 750)
(500 78 750)
(520 78 750)
(540 78 750)
(560 78 750)
(580 78 750)
(600 78 750)
(620 78 750)
(640 78 750)
(660 78 750)
(680 78 750)
(700 78 750)
(720 78 750)
(740 78 750)
(760 78 750)
(780 78 750)
(800 78 750)
(820 78 750)
(840 78 750)
(860 78 750)
(880 78 750)
(900 78 750)
(920 78 750)
(940 78 750)
(960 78 750)
(980 78 750)
(1000 78 750)
(1020 78 750)
(1040 78 750)
(1060 78 750)
(1080 78 750)
(1100 78 750)
(1120 78 750)
(1140 78 750)
(1160 78 750)
(1180 78 750)
(1200 78 750)
(1220 78 750)
(1240 78 750)
(1260 78 750)
(1280 78 750)
(1300 78 750)
(1320 78 750)
(1340 78 750)
(1360 78 750)
(1380 78 750)
(1400 78 750)
(1420 78 750)
(1440 78 750)
(1460 78 750)
(1480 78 750)
(1500 78 750)
(1520 78 750)
(1540 78 750)
(1560 78 750)
(1580 78 750)
(1600 78 750)
(1620 78 750)
(1640 78 750)
(1660 78 750)
(1680 78 750)
(1700 78 750)
(1720 78 750)
(1740 78 750)
(1760 78 750)
(1780 78 750)
(1800 78 750)
(1820 78 750)
(1840 78 750)
(1860 78 750)
(1880 78 750)
(1900 78 750)
(1920 78 750)
(1940 78 750)
(1960 78 750)
(1980 78 750)
(2000 78 750)
(0 80 750)
(20 80 750)
(40 80 750)
(60 80 750)
(80 80 750)
(100 80 750)
(120 80 750)
(140 80 750)
(160 80 750)
(180 80 750)
(200 80 750)
(220 80 750)
(240 80 750)
(260 80 750)
(280 80 750)
(300 80 750)
(320 80 750)
(340 80 750)
(360 80 750)
(380 80 750)
(400 80 750)
(420 80 750)
(440 80 750)
(460 80 750)
(480 80 750)
(500 80 750)
(520 80 750)
(540 80 750)
(560 80 750)
(580 80 750)
(600 80 750)
(620 80 750)
(640 80 750)
(660 80 750)
(680 80 750)
(700 80 750)
(720 80 750)
(740 80 750)
(760 80 750)
(780 80 750)
(800 80 750)
(820 80 750)
(840 80 750)
(860 80 750)
(880 80 750)
(900 80 750)
(920 80 750)
(940 80 750)
(960 80 750)
(980 80 750)
(1000 80 750)
(1020 80 750)
(1040 80 750)
(1060 80 750)
(1080 80 750)
(1100 80 750)
(1120 80 750)
(1140 80 750)
(1160 80 750)
(1180 80 750)
(1200 80 750)
(1220 80 750)
(1240 80 750)
(1260 80 750)
(1280 80 750)
(1300 80 750)
(1320 80 750)
(1340 80 750)
(1360 80 750)
(1380 80 750)
(1400 80 750)
(1420 80 750)
(1440 80 750)
(1460 80 750)
(1480 80 750)
(1500 80 750)
(1520 80 750)
(1540 80 750)
(1560 80 750)
(1580 80 750)
(1600 80 750)
(1620 80 750)
(1640 80 750)
(1660 80 750)
(1680 80 750)
(1700 80 750)
(1720 80 750)
(1740 80 750)
(1760 80 750)
(1780 80 750)
(1800 80 750)
(1820 80 750)
(1840 80 750)
(1860 80 750)
(1880 80 750)
(1900 80 750)
(1920 80 750)
(1940 80 750)
(1960 80 750)
(1980 80 750)
(2000 80 750)
(0 82 750)
(20 82 750)
(40 82 750)
(60 82 750)
(80 82 750)
(100 82 750)
(120 82 750)
(140 82 750)
(160 82 750)
(180 82 750)
(200 82 750)
(220 82 750)
(240 82 750)
(260 82 750)
(280 82 750)
(300 82 750)
(320 82 750)
(340 82 750)
(360 82 750)
(380 82 750)
(400 82 750)
(420 82 750)
(440 82 750)
(460 82 750)
(480 82 750)
(500 82 750)
(520 82 750)
(540 82 750)
(560 82 750)
(580 82 750)
(600 82 750)
(620 82 750)
(640 82 750)
(660 82 750)
(680 82 750)
(700 82 750)
(720 82 750)
(740 82 750)
(760 82 750)
(780 82 750)
(800 82 750)
(820 82 750)
(840 82 750)
(860 82 750)
(880 82 750)
(900 82 750)
(920 82 750)
(940 82 750)
(960 82 750)
(980 82 750)
(1000 82 750)
(1020 82 750)
(1040 82 750)
(1060 82 750)
(1080 82 750)
(1100 82 750)
(1120 82 750)
(1140 82 750)
(1160 82 750)
(1180 82 750)
(1200 82 750)
(1220 82 750)
(1240 82 750)
(1260 82 750)
(1280 82 750)
(1300 82 750)
(1320 82 750)
(1340 82 750)
(1360 82 750)
(1380 82 750)
(1400 82 750)
(1420 82 750)
(1440 82 750)
(1460 82 750)
(1480 82 750)
(1500 82 750)
(1520 82 750)
(1540 82 750)
(1560 82 750)
(1580 82 750)
(1600 82 750)
(1620 82 750)
(1640 82 750)
(1660 82 750)
(1680 82 750)
(1700 82 750)
(1720 82 750)
(1740 82 750)
(1760 82 750)
(1780 82 750)
(1800 82 750)
(1820 82 750)
(1840 82 750)
(1860 82 750)
(1880 82 750)
(1900 82 750)
(1920 82 750)
(1940 82 750)
(1960 82 750)
(1980 82 750)
(2000 82 750)
(0 84 750)
(20 84 750)
(40 84 750)
(60 84 750)
(80 84 750)
(100 84 750)
(120 84 750)
(140 84 750)
(160 84 750)
(180 84 750)
(200 84 750)
(220 84 750)
(240 84 750)
(260 84 750)
(280 84 750)
(300 84 750)
(320 84 750)
(340 84 750)
(360 84 750)
(380 84 750)
(400 84 750)
(420 84 750)
(440 84 750)
(460 84 750)
(480 84 750)
(500 84 750)
(520 84 750)
(540 84 750)
(560 84 750)
(580 84 750)
(600 84 750)
(620 84 750)
(640 84 750)
(660 84 750)
(680 84 750)
(700 84 750)
(720 84 750)
(740 84 750)
(760 84 750)
(780 84 750)
(800 84 750)
(820 84 750)
(840 84 750)
(860 84 750)
(880 84 750)
(900 84 750)
(920 84 750)
(940 84 750)
(960 84 750)
(980 84 750)
(1000 84 750)
(1020 84 750)
(1040 84 750)
(1060 84 750)
(1080 84 750)
(1100 84 750)
(1120 84 750)
(1140 84 750)
(1160 84 750)
(1180 84 750)
(1200 84 750)
(1220 84 750)
(1240 84 750)
(1260 84 750)
(1280 84 750)
(1300 84 750)
(1320 84 750)
(1340 84 750)
(1360 84 750)
(1380 84 750)
(1400 84 750)
(1420 84 750)
(1440 84 750)
(1460 84 750)
(1480 84 750)
(1500 84 750)
(1520 84 750)
(1540 84 750)
(1560 84 750)
(1580 84 750)
(1600 84 750)
(1620 84 750)
(1640 84 750)
(1660 84 750)
(1680 84 750)
(1700 84 750)
(1720 84 750)
(1740 84 750)
(1760 84 750)
(1780 84 750)
(1800 84 750)
(1820 84 750)
(1840 84 750)
(1860 84 750)
(1880 84 750)
(1900 84 750)
(1920 84 750)
(1940 84 750)
(1960 84 750)
(1980 84 750)
(2000 84 750)
(0 86 750)
(20 86 750)
(40 86 750)
(60 86 750)
(80 86 750)
(100 86 750)
(120 86 750)
(140 86 750)
(160 86 750)
(180 86 750)
(200 86 750)
(220 86 750)
(240 86 750)
(260 86 750)
(280 86 750)
(300 86 750)
(320 86 750)
(340 86 750)
(360 86 750)
(380 86 750)
(400 86 750)
(420 86 750)
(440 86 750)
(460 86 750)
(480 86 750)
(500 86 750)
(520 86 750)
(540 86 750)
(560 86 750)
(580 86 750)
(600 86 750)
(620 86 750)
(640 86 750)
(660 86 750)
(680 86 750)
(700 86 750)
(720 86 750)
(740 86 750)
(760 86 750)
(780 86 750)
(800 86 750)
(820 86 750)
(840 86 750)
(860 86 750)
(880 86 750)
(900 86 750)
(920 86 750)
(940 86 750)
(960 86 750)
(980 86 750)
(1000 86 750)
(1020 86 750)
(1040 86 750)
(1060 86 750)
(1080 86 750)
(1100 86 750)
(1120 86 750)
(1140 86 750)
(1160 86 750)
(1180 86 750)
(1200 86 750)
(1220 86 750)
(1240 86 750)
(1260 86 750)
(1280 86 750)
(1300 86 750)
(1320 86 750)
(1340 86 750)
(1360 86 750)
(1380 86 750)
(1400 86 750)
(1420 86 750)
(1440 86 750)
(1460 86 750)
(1480 86 750)
(1500 86 750)
(1520 86 750)
(1540 86 750)
(1560 86 750)
(1580 86 750)
(1600 86 750)
(1620 86 750)
(1640 86 750)
(1660 86 750)
(1680 86 750)
(1700 86 750)
(1720 86 750)
(1740 86 750)
(1760 86 750)
(1780 86 750)
(1800 86 750)
(1820 86 750)
(1840 86 750)
(1860 86 750)
(1880 86 750)
(1900 86 750)
(1920 86 750)
(1940 86 750)
(1960 86 750)
(1980 86 750)
(2000 86 750)
(0 88 750)
(20 88 750)
(40 88 750)
(60 88 750)
(80 88 750)
(100 88 750)
(120 88 750)
(140 88 750)
(160 88 750)
(180 88 750)
(200 88 750)
(220 88 750)
(240 88 750)
(260 88 750)
(280 88 750)
(300 88 750)
(320 88 750)
(340 88 750)
(360 88 750)
(380 88 750)
(400 88 750)
(420 88 750)
(440 88 750)
(460 88 750)
(480 88 750)
(500 88 750)
(520 88 750)
(540 88 750)
(560 88 750)
(580 88 750)
(600 88 750)
(620 88 750)
(640 88 750)
(660 88 750)
(680 88 750)
(700 88 750)
(720 88 750)
(740 88 750)
(760 88 750)
(780 88 750)
(800 88 750)
(820 88 750)
(840 88 750)
(860 88 750)
(880 88 750)
(900 88 750)
(920 88 750)
(940 88 750)
(960 88 750)
(980 88 750)
(1000 88 750)
(1020 88 750)
(1040 88 750)
(1060 88 750)
(1080 88 750)
(1100 88 750)
(1120 88 750)
(1140 88 750)
(1160 88 750)
(1180 88 750)
(1200 88 750)
(1220 88 750)
(1240 88 750)
(1260 88 750)
(1280 88 750)
(1300 88 750)
(1320 88 750)
(1340 88 750)
(1360 88 750)
(1380 88 750)
(1400 88 750)
(1420 88 750)
(1440 88 750)
(1460 88 750)
(1480 88 750)
(1500 88 750)
(1520 88 750)
(1540 88 750)
(1560 88 750)
(1580 88 750)
(1600 88 750)
(1620 88 750)
(1640 88 750)
(1660 88 750)
(1680 88 750)
(1700 88 750)
(1720 88 750)
(1740 88 750)
(1760 88 750)
(1780 88 750)
(1800 88 750)
(1820 88 750)
(1840 88 750)
(1860 88 750)
(1880 88 750)
(1900 88 750)
(1920 88 750)
(1940 88 750)
(1960 88 750)
(1980 88 750)
(2000 88 750)
(0 90 750)
(20 90 750)
(40 90 750)
(60 90 750)
(80 90 750)
(100 90 750)
(120 90 750)
(140 90 750)
(160 90 750)
(180 90 750)
(200 90 750)
(220 90 750)
(240 90 750)
(260 90 750)
(280 90 750)
(300 90 750)
(320 90 750)
(340 90 750)
(360 90 750)
(380 90 750)
(400 90 750)
(420 90 750)
(440 90 750)
(460 90 750)
(480 90 750)
(500 90 750)
(520 90 750)
(540 90 750)
(560 90 750)
(580 90 750)
(600 90 750)
(620 90 750)
(640 90 750)
(660 90 750)
(680 90 750)
(700 90 750)
(720 90 750)
(740 90 750)
(760 90 750)
(780 90 750)
(800 90 750)
(820 90 750)
(840 90 750)
(860 90 750)
(880 90 750)
(900 90 750)
(920 90 750)
(940 90 750)
(960 90 750)
(980 90 750)
(1000 90 750)
(1020 90 750)
(1040 90 750)
(1060 90 750)
(1080 90 750)
(1100 90 750)
(1120 90 750)
(1140 90 750)
(1160 90 750)
(1180 90 750)
(1200 90 750)
(1220 90 750)
(1240 90 750)
(1260 90 750)
(1280 90 750)
(1300 90 750)
(1320 90 750)
(1340 90 750)
(1360 90 750)
(1380 90 750)
(1400 90 750)
(1420 90 750)
(1440 90 750)
(1460 90 750)
(1480 90 750)
(1500 90 750)
(1520 90 750)
(1540 90 750)
(1560 90 750)
(1580 90 750)
(1600 90 750)
(1620 90 750)
(1640 90 750)
(1660 90 750)
(1680 90 750)
(1700 90 750)
(1720 90 750)
(1740 90 750)
(1760 90 750)
(1780 90 750)
(1800 90 750)
(1820 90 750)
(1840 90 750)
(1860 90 750)
(1880 90 750)
(1900 90 750)
(1920 90 750)
(1940 90 750)
(1960 90 750)
(1980 90 750)
(2000 90 750)
(0 92 750)
(20 92 750)
(40 92 750)
(60 92 750)
(80 92 750)
(100 92 750)
(120 92 750)
(140 92 750)
(160 92 750)
(180 92 750)
(200 92 750)
(220 92 750)
(240 92 750)
(260 92 750)
(280 92 750)
(300 92 750)
(320 92 750)
(340 92 750)
(360 92 750)
(380 92 750)
(400 92 750)
(420 92 750)
(440 92 750)
(460 92 750)
(480 92 750)
(500 92 750)
(520 92 750)
(540 92 750)
(560 92 750)
(580 92 750)
(600 92 750)
(620 92 750)
(640 92 750)
(660 92 750)
(680 92 750)
(700 92 750)
(720 92 750)
(740 92 750)
(760 92 750)
(780 92 750)
(800 92 750)
(820 92 750)
(840 92 750)
(860 92 750)
(880 92 750)
(900 92 750)
(920 92 750)
(940 92 750)
(960 92 750)
(980 92 750)
(1000 92 750)
(1020 92 750)
(1040 92 750)
(1060 92 750)
(1080 92 750)
(1100 92 750)
(1120 92 750)
(1140 92 750)
(1160 92 750)
(1180 92 750)
(1200 92 750)
(1220 92 750)
(1240 92 750)
(1260 92 750)
(1280 92 750)
(1300 92 750)
(1320 92 750)
(1340 92 750)
(1360 92 750)
(1380 92 750)
(1400 92 750)
(1420 92 750)
(1440 92 750)
(1460 92 750)
(1480 92 750)
(1500 92 750)
(1520 92 750)
(1540 92 750)
(1560 92 750)
(1580 92 750)
(1600 92 750)
(1620 92 750)
(1640 92 750)
(1660 92 750)
(1680 92 750)
(1700 92 750)
(1720 92 750)
(1740 92 750)
(1760 92 750)
(1780 92 750)
(1800 92 750)
(1820 92 750)
(1840 92 750)
(1860 92 750)
(1880 92 750)
(1900 92 750)
(1920 92 750)
(1940 92 750)
(1960 92 750)
(1980 92 750)
(2000 92 750)
(0 94 750)
(20 94 750)
(40 94 750)
(60 94 750)
(80 94 750)
(100 94 750)
(120 94 750)
(140 94 750)
(160 94 750)
(180 94 750)
(200 94 750)
(220 94 750)
(240 94 750)
(260 94 750)
(280 94 750)
(300 94 750)
(320 94 750)
(340 94 750)
(360 94 750)
(380 94 750)
(400 94 750)
(420 94 750)
(440 94 750)
(460 94 750)
(480 94 750)
(500 94 750)
(520 94 750)
(540 94 750)
(560 94 750)
(580 94 750)
(600 94 750)
(620 94 750)
(640 94 750)
(660 94 750)
(680 94 750)
(700 94 750)
(720 94 750)
(740 94 750)
(760 94 750)
(780 94 750)
(800 94 750)
(820 94 750)
(840 94 750)
(860 94 750)
(880 94 750)
(900 94 750)
(920 94 750)
(940 94 750)
(960 94 750)
(980 94 750)
(1000 94 750)
(1020 94 750)
(1040 94 750)
(1060 94 750)
(1080 94 750)
(1100 94 750)
(1120 94 750)
(1140 94 750)
(1160 94 750)
(1180 94 750)
(1200 94 750)
(1220 94 750)
(1240 94 750)
(1260 94 750)
(1280 94 750)
(1300 94 750)
(1320 94 750)
(1340 94 750)
(1360 94 750)
(1380 94 750)
(1400 94 750)
(1420 94 750)
(1440 94 750)
(1460 94 750)
(1480 94 750)
(1500 94 750)
(1520 94 750)
(1540 94 750)
(1560 94 750)
(1580 94 750)
(1600 94 750)
(1620 94 750)
(1640 94 750)
(1660 94 750)
(1680 94 750)
(1700 94 750)
(1720 94 750)
(1740 94 750)
(1760 94 750)
(1780 94 750)
(1800 94 750)
(1820 94 750)
(1840 94 750)
(1860 94 750)
(1880 94 750)
(1900 94 750)
(1920 94 750)
(1940 94 750)
(1960 94 750)
(1980 94 750)
(2000 94 750)
(0 96 750)
(20 96 750)
(40 96 750)
(60 96 750)
(80 96 750)
(100 96 750)
(120 96 750)
(140 96 750)
(160 96 750)
(180 96 750)
(200 96 750)
(220 96 750)
(240 96 750)
(260 96 750)
(280 96 750)
(300 96 750)
(320 96 750)
(340 96 750)
(360 96 750)
(380 96 750)
(400 96 750)
(420 96 750)
(440 96 750)
(460 96 750)
(480 96 750)
(500 96 750)
(520 96 750)
(540 96 750)
(560 96 750)
(580 96 750)
(600 96 750)
(620 96 750)
(640 96 750)
(660 96 750)
(680 96 750)
(700 96 750)
(720 96 750)
(740 96 750)
(760 96 750)
(780 96 750)
(800 96 750)
(820 96 750)
(840 96 750)
(860 96 750)
(880 96 750)
(900 96 750)
(920 96 750)
(940 96 750)
(960 96 750)
(980 96 750)
(1000 96 750)
(1020 96 750)
(1040 96 750)
(1060 96 750)
(1080 96 750)
(1100 96 750)
(1120 96 750)
(1140 96 750)
(1160 96 750)
(1180 96 750)
(1200 96 750)
(1220 96 750)
(1240 96 750)
(1260 96 750)
(1280 96 750)
(1300 96 750)
(1320 96 750)
(1340 96 750)
(1360 96 750)
(1380 96 750)
(1400 96 750)
(1420 96 750)
(1440 96 750)
(1460 96 750)
(1480 96 750)
(1500 96 750)
(1520 96 750)
(1540 96 750)
(1560 96 750)
(1580 96 750)
(1600 96 750)
(1620 96 750)
(1640 96 750)
(1660 96 750)
(1680 96 750)
(1700 96 750)
(1720 96 750)
(1740 96 750)
(1760 96 750)
(1780 96 750)
(1800 96 750)
(1820 96 750)
(1840 96 750)
(1860 96 750)
(1880 96 750)
(1900 96 750)
(1920 96 750)
(1940 96 750)
(1960 96 750)
(1980 96 750)
(2000 96 750)
(0 98 750)
(20 98 750)
(40 98 750)
(60 98 750)
(80 98 750)
(100 98 750)
(120 98 750)
(140 98 750)
(160 98 750)
(180 98 750)
(200 98 750)
(220 98 750)
(240 98 750)
(260 98 750)
(280 98 750)
(300 98 750)
(320 98 750)
(340 98 750)
(360 98 750)
(380 98 750)
(400 98 750)
(420 98 750)
(440 98 750)
(460 98 750)
(480 98 750)
(500 98 750)
(520 98 750)
(540 98 750)
(560 98 750)
(580 98 750)
(600 98 750)
(620 98 750)
(640 98 750)
(660 98 750)
(680 98 750)
(700 98 750)
(720 98 750)
(740 98 750)
(760 98 750)
(780 98 750)
(800 98 750)
(820 98 750)
(840 98 750)
(860 98 750)
(880 98 750)
(900 98 750)
(920 98 750)
(940 98 750)
(960 98 750)
(980 98 750)
(1000 98 750)
(1020 98 750)
(1040 98 750)
(1060 98 750)
(1080 98 750)
(1100 98 750)
(1120 98 750)
(1140 98 750)
(1160 98 750)
(1180 98 750)
(1200 98 750)
(1220 98 750)
(1240 98 750)
(1260 98 750)
(1280 98 750)
(1300 98 750)
(1320 98 750)
(1340 98 750)
(1360 98 750)
(1380 98 750)
(1400 98 750)
(1420 98 750)
(1440 98 750)
(1460 98 750)
(1480 98 750)
(1500 98 750)
(1520 98 750)
(1540 98 750)
(1560 98 750)
(1580 98 750)
(1600 98 750)
(1620 98 750)
(1640 98 750)
(1660 98 750)
(1680 98 750)
(1700 98 750)
(1720 98 750)
(1740 98 750)
(1760 98 750)
(1780 98 750)
(1800 98 750)
(1820 98 750)
(1840 98 750)
(1860 98 750)
(1880 98 750)
(1900 98 750)
(1920 98 750)
(1940 98 750)
(1960 98 750)
(1980 98 750)
(2000 98 750)
(0 100 750)
(20 100 750)
(40 100 750)
(60 100 750)
(80 100 750)
(100 100 750)
(120 100 750)
(140 100 750)
(160 100 750)
(180 100 750)
(200 100 750)
(220 100 750)
(240 100 750)
(260 100 750)
(280 100 750)
(300 100 750)
(320 100 750)
(340 100 750)
(360 100 750)
(380 100 750)
(400 100 750)
(420 100 750)
(440 100 750)
(460 100 750)
(480 100 750)
(500 100 750)
(520 100 750)
(540 100 750)
(560 100 750)
(580 100 750)
(600 100 750)
(620 100 750)
(640 100 750)
(660 100 750)
(680 100 750)
(700 100 750)
(720 100 750)
(740 100 750)
(760 100 750)
(780 100 750)
(800 100 750)
(820 100 750)
(840 100 750)
(860 100 750)
(880 100 750)
(900 100 750)
(920 100 750)
(940 100 750)
(960 100 750)
(980 100 750)
(1000 100 750)
(1020 100 750)
(1040 100 750)
(1060 100 750)
(1080 100 750)
(1100 100 750)
(1120 100 750)
(1140 100 750)
(1160 100 750)
(1180 100 750)
(1200 100 750)
(1220 100 750)
(1240 100 750)
(1260 100 750)
(1280 100 750)
(1300 100 750)
(1320 100 750)
(1340 100 750)
(1360 100 750)
(1380 100 750)
(1400 100 750)
(1420 100 750)
(1440 100 750)
(1460 100 750)
(1480 100 750)
(1500 100 750)
(1520 100 750)
(1540 100 750)
(1560 100 750)
(1580 100 750)
(1600 100 750)
(1620 100 750)
(1640 100 750)
(1660 100 750)
(1680 100 750)
(1700 100 750)
(1720 100 750)
(1740 100 750)
(1760 100 750)
(1780 100 750)
(1800 100 750)
(1820 100 750)
(1840 100 750)
(1860 100 750)
(1880 100 750)
(1900 100 750)
(1920 100 750)
(1940 100 750)
(1960 100 750)
(1980 100 750)
(2000 100 750)
)


// ************************************************************************* //
