/*--------------------------------*- C++ -*----------------------------------*\
  =========                 |
  \\      /  F ield         | OpenFOAM: The Open Source CFD Toolbox
   \\    /   O peration     | Website:  https://openfoam.org
    \\  /    A nd           | Version:  9
     \\/     M anipulation  |
\*---------------------------------------------------------------------------*/
FoamFile
{
    format      ascii;
    class       vectorField;
    location    "constant/polyMesh";
    object      points;
}
// * * * * * * * * * * * * * * * * * * * * * * * * * * * * * * * * * * * * * //


6882
(
(0 0 0)
(18.18181818 0 0)
(36.36363636 0 0)
(54.54545455 0 0)
(72.72727273 0 0)
(90.90909091 0 0)
(109.0909091 0 0)
(127.2727273 0 0)
(145.4545455 0 0)
(163.6363636 0 0)
(181.8181818 0 0)
(200 0 0)
(218.1818182 0 0)
(236.3636364 0 0)
(254.5454545 0 0)
(272.7272727 0 0)
(290.9090909 0 0)
(309.0909091 0 0)
(327.2727273 0 0)
(345.4545455 0 0)
(363.6363636 0 0)
(381.8181818 0 0)
(400 0 0)
(418.1818182 0 0)
(436.3636364 0 0)
(454.5454545 0 0)
(472.7272727 0 0)
(490.9090909 0 0)
(509.0909091 0 0)
(527.2727273 0 0)
(545.4545455 0 0)
(563.6363636 0 0)
(581.8181818 0 0)
(600 0 0)
(618.1818182 0 0)
(636.3636364 0 0)
(654.5454545 0 0)
(672.7272727 0 0)
(690.9090909 0 0)
(709.0909091 0 0)
(727.2727273 0 0)
(745.4545455 0 0)
(763.6363636 0 0)
(781.8181818 0 0)
(800 0 0)
(818.1818182 0 0)
(836.3636364 0 0)
(854.5454545 0 0)
(872.7272727 0 0)
(890.9090909 0 0)
(909.0909091 0 0)
(927.2727273 0 0)
(945.4545455 0 0)
(963.6363636 0 0)
(981.8181818 0 0)
(1000 0 0)
(1018.181818 0 0)
(1036.363636 0 0)
(1054.545455 0 0)
(1072.727273 0 0)
(1090.909091 0 0)
(1109.090909 0 0)
(1127.272727 0 0)
(1145.454545 0 0)
(1163.636364 0 0)
(1181.818182 0 0)
(1200 0 0)
(1218.181818 0 0)
(1236.363636 0 0)
(1254.545455 0 0)
(1272.727273 0 0)
(1290.909091 0 0)
(1309.090909 0 0)
(1327.272727 0 0)
(1345.454545 0 0)
(1363.636364 0 0)
(1381.818182 0 0)
(1400 0 0)
(1418.181818 0 0)
(1436.363636 0 0)
(1454.545455 0 0)
(1472.727273 0 0)
(1490.909091 0 0)
(1509.090909 0 0)
(1527.272727 0 0)
(1545.454545 0 0)
(1563.636364 0 0)
(1581.818182 0 0)
(1600 0 0)
(1618.181818 0 0)
(1636.363636 0 0)
(1654.545455 0 0)
(1672.727273 0 0)
(1690.909091 0 0)
(1709.090909 0 0)
(1727.272727 0 0)
(1745.454545 0 0)
(1763.636364 0 0)
(1781.818182 0 0)
(1800 0 0)
(1818.181818 0 0)
(1836.363636 0 0)
(1854.545455 0 0)
(1872.727273 0 0)
(1890.909091 0 0)
(1909.090909 0 0)
(1927.272727 0 0)
(1945.454545 0 0)
(1963.636364 0 0)
(1981.818182 0 0)
(2000 0 0)
(0 3.333333333 0)
(18.18181818 3.333333333 0)
(36.36363636 3.333333333 0)
(54.54545455 3.333333333 0)
(72.72727273 3.333333333 0)
(90.90909091 3.333333333 0)
(109.0909091 3.333333333 0)
(127.2727273 3.333333333 0)
(145.4545455 3.333333333 0)
(163.6363636 3.333333333 0)
(181.8181818 3.333333333 0)
(200 3.333333333 0)
(218.1818182 3.333333333 0)
(236.3636364 3.333333333 0)
(254.5454545 3.333333333 0)
(272.7272727 3.333333333 0)
(290.9090909 3.333333333 0)
(309.0909091 3.333333333 0)
(327.2727273 3.333333333 0)
(345.4545455 3.333333333 0)
(363.6363636 3.333333333 0)
(381.8181818 3.333333333 0)
(400 3.333333333 0)
(418.1818182 3.333333333 0)
(436.3636364 3.333333333 0)
(454.5454545 3.333333333 0)
(472.7272727 3.333333333 0)
(490.9090909 3.333333333 0)
(509.0909091 3.333333333 0)
(527.2727273 3.333333333 0)
(545.4545455 3.333333333 0)
(563.6363636 3.333333333 0)
(581.8181818 3.333333333 0)
(600 3.333333333 0)
(618.1818182 3.333333333 0)
(636.3636364 3.333333333 0)
(654.5454545 3.333333333 0)
(672.7272727 3.333333333 0)
(690.9090909 3.333333333 0)
(709.0909091 3.333333333 0)
(727.2727273 3.333333333 0)
(745.4545455 3.333333333 0)
(763.6363636 3.333333333 0)
(781.8181818 3.333333333 0)
(800 3.333333333 0)
(818.1818182 3.333333333 0)
(836.3636364 3.333333333 0)
(854.5454545 3.333333333 0)
(872.7272727 3.333333333 0)
(890.9090909 3.333333333 0)
(909.0909091 3.333333333 0)
(927.2727273 3.333333333 0)
(945.4545455 3.333333333 0)
(963.6363636 3.333333333 0)
(981.8181818 3.333333333 0)
(1000 3.333333333 0)
(1018.181818 3.333333333 0)
(1036.363636 3.333333333 0)
(1054.545455 3.333333333 0)
(1072.727273 3.333333333 0)
(1090.909091 3.333333333 0)
(1109.090909 3.333333333 0)
(1127.272727 3.333333333 0)
(1145.454545 3.333333333 0)
(1163.636364 3.333333333 0)
(1181.818182 3.333333333 0)
(1200 3.333333333 0)
(1218.181818 3.333333333 0)
(1236.363636 3.333333333 0)
(1254.545455 3.333333333 0)
(1272.727273 3.333333333 0)
(1290.909091 3.333333333 0)
(1309.090909 3.333333333 0)
(1327.272727 3.333333333 0)
(1345.454545 3.333333333 0)
(1363.636364 3.333333333 0)
(1381.818182 3.333333333 0)
(1400 3.333333333 0)
(1418.181818 3.333333333 0)
(1436.363636 3.333333333 0)
(1454.545455 3.333333333 0)
(1472.727273 3.333333333 0)
(1490.909091 3.333333333 0)
(1509.090909 3.333333333 0)
(1527.272727 3.333333333 0)
(1545.454545 3.333333333 0)
(1563.636364 3.333333333 0)
(1581.818182 3.333333333 0)
(1600 3.333333333 0)
(1618.181818 3.333333333 0)
(1636.363636 3.333333333 0)
(1654.545455 3.333333333 0)
(1672.727273 3.333333333 0)
(1690.909091 3.333333333 0)
(1709.090909 3.333333333 0)
(1727.272727 3.333333333 0)
(1745.454545 3.333333333 0)
(1763.636364 3.333333333 0)
(1781.818182 3.333333333 0)
(1800 3.333333333 0)
(1818.181818 3.333333333 0)
(1836.363636 3.333333333 0)
(1854.545455 3.333333333 0)
(1872.727273 3.333333333 0)
(1890.909091 3.333333333 0)
(1909.090909 3.333333333 0)
(1927.272727 3.333333333 0)
(1945.454545 3.333333333 0)
(1963.636364 3.333333333 0)
(1981.818182 3.333333333 0)
(2000 3.333333333 0)
(0 6.666666667 0)
(18.18181818 6.666666667 0)
(36.36363636 6.666666667 0)
(54.54545455 6.666666667 0)
(72.72727273 6.666666667 0)
(90.90909091 6.666666667 0)
(109.0909091 6.666666667 0)
(127.2727273 6.666666667 0)
(145.4545455 6.666666667 0)
(163.6363636 6.666666667 0)
(181.8181818 6.666666667 0)
(200 6.666666667 0)
(218.1818182 6.666666667 0)
(236.3636364 6.666666667 0)
(254.5454545 6.666666667 0)
(272.7272727 6.666666667 0)
(290.9090909 6.666666667 0)
(309.0909091 6.666666667 0)
(327.2727273 6.666666667 0)
(345.4545455 6.666666667 0)
(363.6363636 6.666666667 0)
(381.8181818 6.666666667 0)
(400 6.666666667 0)
(418.1818182 6.666666667 0)
(436.3636364 6.666666667 0)
(454.5454545 6.666666667 0)
(472.7272727 6.666666667 0)
(490.9090909 6.666666667 0)
(509.0909091 6.666666667 0)
(527.2727273 6.666666667 0)
(545.4545455 6.666666667 0)
(563.6363636 6.666666667 0)
(581.8181818 6.666666667 0)
(600 6.666666667 0)
(618.1818182 6.666666667 0)
(636.3636364 6.666666667 0)
(654.5454545 6.666666667 0)
(672.7272727 6.666666667 0)
(690.9090909 6.666666667 0)
(709.0909091 6.666666667 0)
(727.2727273 6.666666667 0)
(745.4545455 6.666666667 0)
(763.6363636 6.666666667 0)
(781.8181818 6.666666667 0)
(800 6.666666667 0)
(818.1818182 6.666666667 0)
(836.3636364 6.666666667 0)
(854.5454545 6.666666667 0)
(872.7272727 6.666666667 0)
(890.9090909 6.666666667 0)
(909.0909091 6.666666667 0)
(927.2727273 6.666666667 0)
(945.4545455 6.666666667 0)
(963.6363636 6.666666667 0)
(981.8181818 6.666666667 0)
(1000 6.666666667 0)
(1018.181818 6.666666667 0)
(1036.363636 6.666666667 0)
(1054.545455 6.666666667 0)
(1072.727273 6.666666667 0)
(1090.909091 6.666666667 0)
(1109.090909 6.666666667 0)
(1127.272727 6.666666667 0)
(1145.454545 6.666666667 0)
(1163.636364 6.666666667 0)
(1181.818182 6.666666667 0)
(1200 6.666666667 0)
(1218.181818 6.666666667 0)
(1236.363636 6.666666667 0)
(1254.545455 6.666666667 0)
(1272.727273 6.666666667 0)
(1290.909091 6.666666667 0)
(1309.090909 6.666666667 0)
(1327.272727 6.666666667 0)
(1345.454545 6.666666667 0)
(1363.636364 6.666666667 0)
(1381.818182 6.666666667 0)
(1400 6.666666667 0)
(1418.181818 6.666666667 0)
(1436.363636 6.666666667 0)
(1454.545455 6.666666667 0)
(1472.727273 6.666666667 0)
(1490.909091 6.666666667 0)
(1509.090909 6.666666667 0)
(1527.272727 6.666666667 0)
(1545.454545 6.666666667 0)
(1563.636364 6.666666667 0)
(1581.818182 6.666666667 0)
(1600 6.666666667 0)
(1618.181818 6.666666667 0)
(1636.363636 6.666666667 0)
(1654.545455 6.666666667 0)
(1672.727273 6.666666667 0)
(1690.909091 6.666666667 0)
(1709.090909 6.666666667 0)
(1727.272727 6.666666667 0)
(1745.454545 6.666666667 0)
(1763.636364 6.666666667 0)
(1781.818182 6.666666667 0)
(1800 6.666666667 0)
(1818.181818 6.666666667 0)
(1836.363636 6.666666667 0)
(1854.545455 6.666666667 0)
(1872.727273 6.666666667 0)
(1890.909091 6.666666667 0)
(1909.090909 6.666666667 0)
(1927.272727 6.666666667 0)
(1945.454545 6.666666667 0)
(1963.636364 6.666666667 0)
(1981.818182 6.666666667 0)
(2000 6.666666667 0)
(0 10 0)
(18.18181818 10 0)
(36.36363636 10 0)
(54.54545455 10 0)
(72.72727273 10 0)
(90.90909091 10 0)
(109.0909091 10 0)
(127.2727273 10 0)
(145.4545455 10 0)
(163.6363636 10 0)
(181.8181818 10 0)
(200 10 0)
(218.1818182 10 0)
(236.3636364 10 0)
(254.5454545 10 0)
(272.7272727 10 0)
(290.9090909 10 0)
(309.0909091 10 0)
(327.2727273 10 0)
(345.4545455 10 0)
(363.6363636 10 0)
(381.8181818 10 0)
(400 10 0)
(418.1818182 10 0)
(436.3636364 10 0)
(454.5454545 10 0)
(472.7272727 10 0)
(490.9090909 10 0)
(509.0909091 10 0)
(527.2727273 10 0)
(545.4545455 10 0)
(563.6363636 10 0)
(581.8181818 10 0)
(600 10 0)
(618.1818182 10 0)
(636.3636364 10 0)
(654.5454545 10 0)
(672.7272727 10 0)
(690.9090909 10 0)
(709.0909091 10 0)
(727.2727273 10 0)
(745.4545455 10 0)
(763.6363636 10 0)
(781.8181818 10 0)
(800 10 0)
(818.1818182 10 0)
(836.3636364 10 0)
(854.5454545 10 0)
(872.7272727 10 0)
(890.9090909 10 0)
(909.0909091 10 0)
(927.2727273 10 0)
(945.4545455 10 0)
(963.6363636 10 0)
(981.8181818 10 0)
(1000 10 0)
(1018.181818 10 0)
(1036.363636 10 0)
(1054.545455 10 0)
(1072.727273 10 0)
(1090.909091 10 0)
(1109.090909 10 0)
(1127.272727 10 0)
(1145.454545 10 0)
(1163.636364 10 0)
(1181.818182 10 0)
(1200 10 0)
(1218.181818 10 0)
(1236.363636 10 0)
(1254.545455 10 0)
(1272.727273 10 0)
(1290.909091 10 0)
(1309.090909 10 0)
(1327.272727 10 0)
(1345.454545 10 0)
(1363.636364 10 0)
(1381.818182 10 0)
(1400 10 0)
(1418.181818 10 0)
(1436.363636 10 0)
(1454.545455 10 0)
(1472.727273 10 0)
(1490.909091 10 0)
(1509.090909 10 0)
(1527.272727 10 0)
(1545.454545 10 0)
(1563.636364 10 0)
(1581.818182 10 0)
(1600 10 0)
(1618.181818 10 0)
(1636.363636 10 0)
(1654.545455 10 0)
(1672.727273 10 0)
(1690.909091 10 0)
(1709.090909 10 0)
(1727.272727 10 0)
(1745.454545 10 0)
(1763.636364 10 0)
(1781.818182 10 0)
(1800 10 0)
(1818.181818 10 0)
(1836.363636 10 0)
(1854.545455 10 0)
(1872.727273 10 0)
(1890.909091 10 0)
(1909.090909 10 0)
(1927.272727 10 0)
(1945.454545 10 0)
(1963.636364 10 0)
(1981.818182 10 0)
(2000 10 0)
(0 13.33333333 0)
(18.18181818 13.33333333 0)
(36.36363636 13.33333333 0)
(54.54545455 13.33333333 0)
(72.72727273 13.33333333 0)
(90.90909091 13.33333333 0)
(109.0909091 13.33333333 0)
(127.2727273 13.33333333 0)
(145.4545455 13.33333333 0)
(163.6363636 13.33333333 0)
(181.8181818 13.33333333 0)
(200 13.33333333 0)
(218.1818182 13.33333333 0)
(236.3636364 13.33333333 0)
(254.5454545 13.33333333 0)
(272.7272727 13.33333333 0)
(290.9090909 13.33333333 0)
(309.0909091 13.33333333 0)
(327.2727273 13.33333333 0)
(345.4545455 13.33333333 0)
(363.6363636 13.33333333 0)
(381.8181818 13.33333333 0)
(400 13.33333333 0)
(418.1818182 13.33333333 0)
(436.3636364 13.33333333 0)
(454.5454545 13.33333333 0)
(472.7272727 13.33333333 0)
(490.9090909 13.33333333 0)
(509.0909091 13.33333333 0)
(527.2727273 13.33333333 0)
(545.4545455 13.33333333 0)
(563.6363636 13.33333333 0)
(581.8181818 13.33333333 0)
(600 13.33333333 0)
(618.1818182 13.33333333 0)
(636.3636364 13.33333333 0)
(654.5454545 13.33333333 0)
(672.7272727 13.33333333 0)
(690.9090909 13.33333333 0)
(709.0909091 13.33333333 0)
(727.2727273 13.33333333 0)
(745.4545455 13.33333333 0)
(763.6363636 13.33333333 0)
(781.8181818 13.33333333 0)
(800 13.33333333 0)
(818.1818182 13.33333333 0)
(836.3636364 13.33333333 0)
(854.5454545 13.33333333 0)
(872.7272727 13.33333333 0)
(890.9090909 13.33333333 0)
(909.0909091 13.33333333 0)
(927.2727273 13.33333333 0)
(945.4545455 13.33333333 0)
(963.6363636 13.33333333 0)
(981.8181818 13.33333333 0)
(1000 13.33333333 0)
(1018.181818 13.33333333 0)
(1036.363636 13.33333333 0)
(1054.545455 13.33333333 0)
(1072.727273 13.33333333 0)
(1090.909091 13.33333333 0)
(1109.090909 13.33333333 0)
(1127.272727 13.33333333 0)
(1145.454545 13.33333333 0)
(1163.636364 13.33333333 0)
(1181.818182 13.33333333 0)
(1200 13.33333333 0)
(1218.181818 13.33333333 0)
(1236.363636 13.33333333 0)
(1254.545455 13.33333333 0)
(1272.727273 13.33333333 0)
(1290.909091 13.33333333 0)
(1309.090909 13.33333333 0)
(1327.272727 13.33333333 0)
(1345.454545 13.33333333 0)
(1363.636364 13.33333333 0)
(1381.818182 13.33333333 0)
(1400 13.33333333 0)
(1418.181818 13.33333333 0)
(1436.363636 13.33333333 0)
(1454.545455 13.33333333 0)
(1472.727273 13.33333333 0)
(1490.909091 13.33333333 0)
(1509.090909 13.33333333 0)
(1527.272727 13.33333333 0)
(1545.454545 13.33333333 0)
(1563.636364 13.33333333 0)
(1581.818182 13.33333333 0)
(1600 13.33333333 0)
(1618.181818 13.33333333 0)
(1636.363636 13.33333333 0)
(1654.545455 13.33333333 0)
(1672.727273 13.33333333 0)
(1690.909091 13.33333333 0)
(1709.090909 13.33333333 0)
(1727.272727 13.33333333 0)
(1745.454545 13.33333333 0)
(1763.636364 13.33333333 0)
(1781.818182 13.33333333 0)
(1800 13.33333333 0)
(1818.181818 13.33333333 0)
(1836.363636 13.33333333 0)
(1854.545455 13.33333333 0)
(1872.727273 13.33333333 0)
(1890.909091 13.33333333 0)
(1909.090909 13.33333333 0)
(1927.272727 13.33333333 0)
(1945.454545 13.33333333 0)
(1963.636364 13.33333333 0)
(1981.818182 13.33333333 0)
(2000 13.33333333 0)
(0 16.66666667 0)
(18.18181818 16.66666667 0)
(36.36363636 16.66666667 0)
(54.54545455 16.66666667 0)
(72.72727273 16.66666667 0)
(90.90909091 16.66666667 0)
(109.0909091 16.66666667 0)
(127.2727273 16.66666667 0)
(145.4545455 16.66666667 0)
(163.6363636 16.66666667 0)
(181.8181818 16.66666667 0)
(200 16.66666667 0)
(218.1818182 16.66666667 0)
(236.3636364 16.66666667 0)
(254.5454545 16.66666667 0)
(272.7272727 16.66666667 0)
(290.9090909 16.66666667 0)
(309.0909091 16.66666667 0)
(327.2727273 16.66666667 0)
(345.4545455 16.66666667 0)
(363.6363636 16.66666667 0)
(381.8181818 16.66666667 0)
(400 16.66666667 0)
(418.1818182 16.66666667 0)
(436.3636364 16.66666667 0)
(454.5454545 16.66666667 0)
(472.7272727 16.66666667 0)
(490.9090909 16.66666667 0)
(509.0909091 16.66666667 0)
(527.2727273 16.66666667 0)
(545.4545455 16.66666667 0)
(563.6363636 16.66666667 0)
(581.8181818 16.66666667 0)
(600 16.66666667 0)
(618.1818182 16.66666667 0)
(636.3636364 16.66666667 0)
(654.5454545 16.66666667 0)
(672.7272727 16.66666667 0)
(690.9090909 16.66666667 0)
(709.0909091 16.66666667 0)
(727.2727273 16.66666667 0)
(745.4545455 16.66666667 0)
(763.6363636 16.66666667 0)
(781.8181818 16.66666667 0)
(800 16.66666667 0)
(818.1818182 16.66666667 0)
(836.3636364 16.66666667 0)
(854.5454545 16.66666667 0)
(872.7272727 16.66666667 0)
(890.9090909 16.66666667 0)
(909.0909091 16.66666667 0)
(927.2727273 16.66666667 0)
(945.4545455 16.66666667 0)
(963.6363636 16.66666667 0)
(981.8181818 16.66666667 0)
(1000 16.66666667 0)
(1018.181818 16.66666667 0)
(1036.363636 16.66666667 0)
(1054.545455 16.66666667 0)
(1072.727273 16.66666667 0)
(1090.909091 16.66666667 0)
(1109.090909 16.66666667 0)
(1127.272727 16.66666667 0)
(1145.454545 16.66666667 0)
(1163.636364 16.66666667 0)
(1181.818182 16.66666667 0)
(1200 16.66666667 0)
(1218.181818 16.66666667 0)
(1236.363636 16.66666667 0)
(1254.545455 16.66666667 0)
(1272.727273 16.66666667 0)
(1290.909091 16.66666667 0)
(1309.090909 16.66666667 0)
(1327.272727 16.66666667 0)
(1345.454545 16.66666667 0)
(1363.636364 16.66666667 0)
(1381.818182 16.66666667 0)
(1400 16.66666667 0)
(1418.181818 16.66666667 0)
(1436.363636 16.66666667 0)
(1454.545455 16.66666667 0)
(1472.727273 16.66666667 0)
(1490.909091 16.66666667 0)
(1509.090909 16.66666667 0)
(1527.272727 16.66666667 0)
(1545.454545 16.66666667 0)
(1563.636364 16.66666667 0)
(1581.818182 16.66666667 0)
(1600 16.66666667 0)
(1618.181818 16.66666667 0)
(1636.363636 16.66666667 0)
(1654.545455 16.66666667 0)
(1672.727273 16.66666667 0)
(1690.909091 16.66666667 0)
(1709.090909 16.66666667 0)
(1727.272727 16.66666667 0)
(1745.454545 16.66666667 0)
(1763.636364 16.66666667 0)
(1781.818182 16.66666667 0)
(1800 16.66666667 0)
(1818.181818 16.66666667 0)
(1836.363636 16.66666667 0)
(1854.545455 16.66666667 0)
(1872.727273 16.66666667 0)
(1890.909091 16.66666667 0)
(1909.090909 16.66666667 0)
(1927.272727 16.66666667 0)
(1945.454545 16.66666667 0)
(1963.636364 16.66666667 0)
(1981.818182 16.66666667 0)
(2000 16.66666667 0)
(0 20 0)
(18.18181818 20 0)
(36.36363636 20 0)
(54.54545455 20 0)
(72.72727273 20 0)
(90.90909091 20 0)
(109.0909091 20 0)
(127.2727273 20 0)
(145.4545455 20 0)
(163.6363636 20 0)
(181.8181818 20 0)
(200 20 0)
(218.1818182 20 0)
(236.3636364 20 0)
(254.5454545 20 0)
(272.7272727 20 0)
(290.9090909 20 0)
(309.0909091 20 0)
(327.2727273 20 0)
(345.4545455 20 0)
(363.6363636 20 0)
(381.8181818 20 0)
(400 20 0)
(418.1818182 20 0)
(436.3636364 20 0)
(454.5454545 20 0)
(472.7272727 20 0)
(490.9090909 20 0)
(509.0909091 20 0)
(527.2727273 20 0)
(545.4545455 20 0)
(563.6363636 20 0)
(581.8181818 20 0)
(600 20 0)
(618.1818182 20 0)
(636.3636364 20 0)
(654.5454545 20 0)
(672.7272727 20 0)
(690.9090909 20 0)
(709.0909091 20 0)
(727.2727273 20 0)
(745.4545455 20 0)
(763.6363636 20 0)
(781.8181818 20 0)
(800 20 0)
(818.1818182 20 0)
(836.3636364 20 0)
(854.5454545 20 0)
(872.7272727 20 0)
(890.9090909 20 0)
(909.0909091 20 0)
(927.2727273 20 0)
(945.4545455 20 0)
(963.6363636 20 0)
(981.8181818 20 0)
(1000 20 0)
(1018.181818 20 0)
(1036.363636 20 0)
(1054.545455 20 0)
(1072.727273 20 0)
(1090.909091 20 0)
(1109.090909 20 0)
(1127.272727 20 0)
(1145.454545 20 0)
(1163.636364 20 0)
(1181.818182 20 0)
(1200 20 0)
(1218.181818 20 0)
(1236.363636 20 0)
(1254.545455 20 0)
(1272.727273 20 0)
(1290.909091 20 0)
(1309.090909 20 0)
(1327.272727 20 0)
(1345.454545 20 0)
(1363.636364 20 0)
(1381.818182 20 0)
(1400 20 0)
(1418.181818 20 0)
(1436.363636 20 0)
(1454.545455 20 0)
(1472.727273 20 0)
(1490.909091 20 0)
(1509.090909 20 0)
(1527.272727 20 0)
(1545.454545 20 0)
(1563.636364 20 0)
(1581.818182 20 0)
(1600 20 0)
(1618.181818 20 0)
(1636.363636 20 0)
(1654.545455 20 0)
(1672.727273 20 0)
(1690.909091 20 0)
(1709.090909 20 0)
(1727.272727 20 0)
(1745.454545 20 0)
(1763.636364 20 0)
(1781.818182 20 0)
(1800 20 0)
(1818.181818 20 0)
(1836.363636 20 0)
(1854.545455 20 0)
(1872.727273 20 0)
(1890.909091 20 0)
(1909.090909 20 0)
(1927.272727 20 0)
(1945.454545 20 0)
(1963.636364 20 0)
(1981.818182 20 0)
(2000 20 0)
(0 23.33333333 0)
(18.18181818 23.33333333 0)
(36.36363636 23.33333333 0)
(54.54545455 23.33333333 0)
(72.72727273 23.33333333 0)
(90.90909091 23.33333333 0)
(109.0909091 23.33333333 0)
(127.2727273 23.33333333 0)
(145.4545455 23.33333333 0)
(163.6363636 23.33333333 0)
(181.8181818 23.33333333 0)
(200 23.33333333 0)
(218.1818182 23.33333333 0)
(236.3636364 23.33333333 0)
(254.5454545 23.33333333 0)
(272.7272727 23.33333333 0)
(290.9090909 23.33333333 0)
(309.0909091 23.33333333 0)
(327.2727273 23.33333333 0)
(345.4545455 23.33333333 0)
(363.6363636 23.33333333 0)
(381.8181818 23.33333333 0)
(400 23.33333333 0)
(418.1818182 23.33333333 0)
(436.3636364 23.33333333 0)
(454.5454545 23.33333333 0)
(472.7272727 23.33333333 0)
(490.9090909 23.33333333 0)
(509.0909091 23.33333333 0)
(527.2727273 23.33333333 0)
(545.4545455 23.33333333 0)
(563.6363636 23.33333333 0)
(581.8181818 23.33333333 0)
(600 23.33333333 0)
(618.1818182 23.33333333 0)
(636.3636364 23.33333333 0)
(654.5454545 23.33333333 0)
(672.7272727 23.33333333 0)
(690.9090909 23.33333333 0)
(709.0909091 23.33333333 0)
(727.2727273 23.33333333 0)
(745.4545455 23.33333333 0)
(763.6363636 23.33333333 0)
(781.8181818 23.33333333 0)
(800 23.33333333 0)
(818.1818182 23.33333333 0)
(836.3636364 23.33333333 0)
(854.5454545 23.33333333 0)
(872.7272727 23.33333333 0)
(890.9090909 23.33333333 0)
(909.0909091 23.33333333 0)
(927.2727273 23.33333333 0)
(945.4545455 23.33333333 0)
(963.6363636 23.33333333 0)
(981.8181818 23.33333333 0)
(1000 23.33333333 0)
(1018.181818 23.33333333 0)
(1036.363636 23.33333333 0)
(1054.545455 23.33333333 0)
(1072.727273 23.33333333 0)
(1090.909091 23.33333333 0)
(1109.090909 23.33333333 0)
(1127.272727 23.33333333 0)
(1145.454545 23.33333333 0)
(1163.636364 23.33333333 0)
(1181.818182 23.33333333 0)
(1200 23.33333333 0)
(1218.181818 23.33333333 0)
(1236.363636 23.33333333 0)
(1254.545455 23.33333333 0)
(1272.727273 23.33333333 0)
(1290.909091 23.33333333 0)
(1309.090909 23.33333333 0)
(1327.272727 23.33333333 0)
(1345.454545 23.33333333 0)
(1363.636364 23.33333333 0)
(1381.818182 23.33333333 0)
(1400 23.33333333 0)
(1418.181818 23.33333333 0)
(1436.363636 23.33333333 0)
(1454.545455 23.33333333 0)
(1472.727273 23.33333333 0)
(1490.909091 23.33333333 0)
(1509.090909 23.33333333 0)
(1527.272727 23.33333333 0)
(1545.454545 23.33333333 0)
(1563.636364 23.33333333 0)
(1581.818182 23.33333333 0)
(1600 23.33333333 0)
(1618.181818 23.33333333 0)
(1636.363636 23.33333333 0)
(1654.545455 23.33333333 0)
(1672.727273 23.33333333 0)
(1690.909091 23.33333333 0)
(1709.090909 23.33333333 0)
(1727.272727 23.33333333 0)
(1745.454545 23.33333333 0)
(1763.636364 23.33333333 0)
(1781.818182 23.33333333 0)
(1800 23.33333333 0)
(1818.181818 23.33333333 0)
(1836.363636 23.33333333 0)
(1854.545455 23.33333333 0)
(1872.727273 23.33333333 0)
(1890.909091 23.33333333 0)
(1909.090909 23.33333333 0)
(1927.272727 23.33333333 0)
(1945.454545 23.33333333 0)
(1963.636364 23.33333333 0)
(1981.818182 23.33333333 0)
(2000 23.33333333 0)
(0 26.66666667 0)
(18.18181818 26.66666667 0)
(36.36363636 26.66666667 0)
(54.54545455 26.66666667 0)
(72.72727273 26.66666667 0)
(90.90909091 26.66666667 0)
(109.0909091 26.66666667 0)
(127.2727273 26.66666667 0)
(145.4545455 26.66666667 0)
(163.6363636 26.66666667 0)
(181.8181818 26.66666667 0)
(200 26.66666667 0)
(218.1818182 26.66666667 0)
(236.3636364 26.66666667 0)
(254.5454545 26.66666667 0)
(272.7272727 26.66666667 0)
(290.9090909 26.66666667 0)
(309.0909091 26.66666667 0)
(327.2727273 26.66666667 0)
(345.4545455 26.66666667 0)
(363.6363636 26.66666667 0)
(381.8181818 26.66666667 0)
(400 26.66666667 0)
(418.1818182 26.66666667 0)
(436.3636364 26.66666667 0)
(454.5454545 26.66666667 0)
(472.7272727 26.66666667 0)
(490.9090909 26.66666667 0)
(509.0909091 26.66666667 0)
(527.2727273 26.66666667 0)
(545.4545455 26.66666667 0)
(563.6363636 26.66666667 0)
(581.8181818 26.66666667 0)
(600 26.66666667 0)
(618.1818182 26.66666667 0)
(636.3636364 26.66666667 0)
(654.5454545 26.66666667 0)
(672.7272727 26.66666667 0)
(690.9090909 26.66666667 0)
(709.0909091 26.66666667 0)
(727.2727273 26.66666667 0)
(745.4545455 26.66666667 0)
(763.6363636 26.66666667 0)
(781.8181818 26.66666667 0)
(800 26.66666667 0)
(818.1818182 26.66666667 0)
(836.3636364 26.66666667 0)
(854.5454545 26.66666667 0)
(872.7272727 26.66666667 0)
(890.9090909 26.66666667 0)
(909.0909091 26.66666667 0)
(927.2727273 26.66666667 0)
(945.4545455 26.66666667 0)
(963.6363636 26.66666667 0)
(981.8181818 26.66666667 0)
(1000 26.66666667 0)
(1018.181818 26.66666667 0)
(1036.363636 26.66666667 0)
(1054.545455 26.66666667 0)
(1072.727273 26.66666667 0)
(1090.909091 26.66666667 0)
(1109.090909 26.66666667 0)
(1127.272727 26.66666667 0)
(1145.454545 26.66666667 0)
(1163.636364 26.66666667 0)
(1181.818182 26.66666667 0)
(1200 26.66666667 0)
(1218.181818 26.66666667 0)
(1236.363636 26.66666667 0)
(1254.545455 26.66666667 0)
(1272.727273 26.66666667 0)
(1290.909091 26.66666667 0)
(1309.090909 26.66666667 0)
(1327.272727 26.66666667 0)
(1345.454545 26.66666667 0)
(1363.636364 26.66666667 0)
(1381.818182 26.66666667 0)
(1400 26.66666667 0)
(1418.181818 26.66666667 0)
(1436.363636 26.66666667 0)
(1454.545455 26.66666667 0)
(1472.727273 26.66666667 0)
(1490.909091 26.66666667 0)
(1509.090909 26.66666667 0)
(1527.272727 26.66666667 0)
(1545.454545 26.66666667 0)
(1563.636364 26.66666667 0)
(1581.818182 26.66666667 0)
(1600 26.66666667 0)
(1618.181818 26.66666667 0)
(1636.363636 26.66666667 0)
(1654.545455 26.66666667 0)
(1672.727273 26.66666667 0)
(1690.909091 26.66666667 0)
(1709.090909 26.66666667 0)
(1727.272727 26.66666667 0)
(1745.454545 26.66666667 0)
(1763.636364 26.66666667 0)
(1781.818182 26.66666667 0)
(1800 26.66666667 0)
(1818.181818 26.66666667 0)
(1836.363636 26.66666667 0)
(1854.545455 26.66666667 0)
(1872.727273 26.66666667 0)
(1890.909091 26.66666667 0)
(1909.090909 26.66666667 0)
(1927.272727 26.66666667 0)
(1945.454545 26.66666667 0)
(1963.636364 26.66666667 0)
(1981.818182 26.66666667 0)
(2000 26.66666667 0)
(0 30 0)
(18.18181818 30 0)
(36.36363636 30 0)
(54.54545455 30 0)
(72.72727273 30 0)
(90.90909091 30 0)
(109.0909091 30 0)
(127.2727273 30 0)
(145.4545455 30 0)
(163.6363636 30 0)
(181.8181818 30 0)
(200 30 0)
(218.1818182 30 0)
(236.3636364 30 0)
(254.5454545 30 0)
(272.7272727 30 0)
(290.9090909 30 0)
(309.0909091 30 0)
(327.2727273 30 0)
(345.4545455 30 0)
(363.6363636 30 0)
(381.8181818 30 0)
(400 30 0)
(418.1818182 30 0)
(436.3636364 30 0)
(454.5454545 30 0)
(472.7272727 30 0)
(490.9090909 30 0)
(509.0909091 30 0)
(527.2727273 30 0)
(545.4545455 30 0)
(563.6363636 30 0)
(581.8181818 30 0)
(600 30 0)
(618.1818182 30 0)
(636.3636364 30 0)
(654.5454545 30 0)
(672.7272727 30 0)
(690.9090909 30 0)
(709.0909091 30 0)
(727.2727273 30 0)
(745.4545455 30 0)
(763.6363636 30 0)
(781.8181818 30 0)
(800 30 0)
(818.1818182 30 0)
(836.3636364 30 0)
(854.5454545 30 0)
(872.7272727 30 0)
(890.9090909 30 0)
(909.0909091 30 0)
(927.2727273 30 0)
(945.4545455 30 0)
(963.6363636 30 0)
(981.8181818 30 0)
(1000 30 0)
(1018.181818 30 0)
(1036.363636 30 0)
(1054.545455 30 0)
(1072.727273 30 0)
(1090.909091 30 0)
(1109.090909 30 0)
(1127.272727 30 0)
(1145.454545 30 0)
(1163.636364 30 0)
(1181.818182 30 0)
(1200 30 0)
(1218.181818 30 0)
(1236.363636 30 0)
(1254.545455 30 0)
(1272.727273 30 0)
(1290.909091 30 0)
(1309.090909 30 0)
(1327.272727 30 0)
(1345.454545 30 0)
(1363.636364 30 0)
(1381.818182 30 0)
(1400 30 0)
(1418.181818 30 0)
(1436.363636 30 0)
(1454.545455 30 0)
(1472.727273 30 0)
(1490.909091 30 0)
(1509.090909 30 0)
(1527.272727 30 0)
(1545.454545 30 0)
(1563.636364 30 0)
(1581.818182 30 0)
(1600 30 0)
(1618.181818 30 0)
(1636.363636 30 0)
(1654.545455 30 0)
(1672.727273 30 0)
(1690.909091 30 0)
(1709.090909 30 0)
(1727.272727 30 0)
(1745.454545 30 0)
(1763.636364 30 0)
(1781.818182 30 0)
(1800 30 0)
(1818.181818 30 0)
(1836.363636 30 0)
(1854.545455 30 0)
(1872.727273 30 0)
(1890.909091 30 0)
(1909.090909 30 0)
(1927.272727 30 0)
(1945.454545 30 0)
(1963.636364 30 0)
(1981.818182 30 0)
(2000 30 0)
(0 33.33333333 0)
(18.18181818 33.33333333 0)
(36.36363636 33.33333333 0)
(54.54545455 33.33333333 0)
(72.72727273 33.33333333 0)
(90.90909091 33.33333333 0)
(109.0909091 33.33333333 0)
(127.2727273 33.33333333 0)
(145.4545455 33.33333333 0)
(163.6363636 33.33333333 0)
(181.8181818 33.33333333 0)
(200 33.33333333 0)
(218.1818182 33.33333333 0)
(236.3636364 33.33333333 0)
(254.5454545 33.33333333 0)
(272.7272727 33.33333333 0)
(290.9090909 33.33333333 0)
(309.0909091 33.33333333 0)
(327.2727273 33.33333333 0)
(345.4545455 33.33333333 0)
(363.6363636 33.33333333 0)
(381.8181818 33.33333333 0)
(400 33.33333333 0)
(418.1818182 33.33333333 0)
(436.3636364 33.33333333 0)
(454.5454545 33.33333333 0)
(472.7272727 33.33333333 0)
(490.9090909 33.33333333 0)
(509.0909091 33.33333333 0)
(527.2727273 33.33333333 0)
(545.4545455 33.33333333 0)
(563.6363636 33.33333333 0)
(581.8181818 33.33333333 0)
(600 33.33333333 0)
(618.1818182 33.33333333 0)
(636.3636364 33.33333333 0)
(654.5454545 33.33333333 0)
(672.7272727 33.33333333 0)
(690.9090909 33.33333333 0)
(709.0909091 33.33333333 0)
(727.2727273 33.33333333 0)
(745.4545455 33.33333333 0)
(763.6363636 33.33333333 0)
(781.8181818 33.33333333 0)
(800 33.33333333 0)
(818.1818182 33.33333333 0)
(836.3636364 33.33333333 0)
(854.5454545 33.33333333 0)
(872.7272727 33.33333333 0)
(890.9090909 33.33333333 0)
(909.0909091 33.33333333 0)
(927.2727273 33.33333333 0)
(945.4545455 33.33333333 0)
(963.6363636 33.33333333 0)
(981.8181818 33.33333333 0)
(1000 33.33333333 0)
(1018.181818 33.33333333 0)
(1036.363636 33.33333333 0)
(1054.545455 33.33333333 0)
(1072.727273 33.33333333 0)
(1090.909091 33.33333333 0)
(1109.090909 33.33333333 0)
(1127.272727 33.33333333 0)
(1145.454545 33.33333333 0)
(1163.636364 33.33333333 0)
(1181.818182 33.33333333 0)
(1200 33.33333333 0)
(1218.181818 33.33333333 0)
(1236.363636 33.33333333 0)
(1254.545455 33.33333333 0)
(1272.727273 33.33333333 0)
(1290.909091 33.33333333 0)
(1309.090909 33.33333333 0)
(1327.272727 33.33333333 0)
(1345.454545 33.33333333 0)
(1363.636364 33.33333333 0)
(1381.818182 33.33333333 0)
(1400 33.33333333 0)
(1418.181818 33.33333333 0)
(1436.363636 33.33333333 0)
(1454.545455 33.33333333 0)
(1472.727273 33.33333333 0)
(1490.909091 33.33333333 0)
(1509.090909 33.33333333 0)
(1527.272727 33.33333333 0)
(1545.454545 33.33333333 0)
(1563.636364 33.33333333 0)
(1581.818182 33.33333333 0)
(1600 33.33333333 0)
(1618.181818 33.33333333 0)
(1636.363636 33.33333333 0)
(1654.545455 33.33333333 0)
(1672.727273 33.33333333 0)
(1690.909091 33.33333333 0)
(1709.090909 33.33333333 0)
(1727.272727 33.33333333 0)
(1745.454545 33.33333333 0)
(1763.636364 33.33333333 0)
(1781.818182 33.33333333 0)
(1800 33.33333333 0)
(1818.181818 33.33333333 0)
(1836.363636 33.33333333 0)
(1854.545455 33.33333333 0)
(1872.727273 33.33333333 0)
(1890.909091 33.33333333 0)
(1909.090909 33.33333333 0)
(1927.272727 33.33333333 0)
(1945.454545 33.33333333 0)
(1963.636364 33.33333333 0)
(1981.818182 33.33333333 0)
(2000 33.33333333 0)
(0 36.66666667 0)
(18.18181818 36.66666667 0)
(36.36363636 36.66666667 0)
(54.54545455 36.66666667 0)
(72.72727273 36.66666667 0)
(90.90909091 36.66666667 0)
(109.0909091 36.66666667 0)
(127.2727273 36.66666667 0)
(145.4545455 36.66666667 0)
(163.6363636 36.66666667 0)
(181.8181818 36.66666667 0)
(200 36.66666667 0)
(218.1818182 36.66666667 0)
(236.3636364 36.66666667 0)
(254.5454545 36.66666667 0)
(272.7272727 36.66666667 0)
(290.9090909 36.66666667 0)
(309.0909091 36.66666667 0)
(327.2727273 36.66666667 0)
(345.4545455 36.66666667 0)
(363.6363636 36.66666667 0)
(381.8181818 36.66666667 0)
(400 36.66666667 0)
(418.1818182 36.66666667 0)
(436.3636364 36.66666667 0)
(454.5454545 36.66666667 0)
(472.7272727 36.66666667 0)
(490.9090909 36.66666667 0)
(509.0909091 36.66666667 0)
(527.2727273 36.66666667 0)
(545.4545455 36.66666667 0)
(563.6363636 36.66666667 0)
(581.8181818 36.66666667 0)
(600 36.66666667 0)
(618.1818182 36.66666667 0)
(636.3636364 36.66666667 0)
(654.5454545 36.66666667 0)
(672.7272727 36.66666667 0)
(690.9090909 36.66666667 0)
(709.0909091 36.66666667 0)
(727.2727273 36.66666667 0)
(745.4545455 36.66666667 0)
(763.6363636 36.66666667 0)
(781.8181818 36.66666667 0)
(800 36.66666667 0)
(818.1818182 36.66666667 0)
(836.3636364 36.66666667 0)
(854.5454545 36.66666667 0)
(872.7272727 36.66666667 0)
(890.9090909 36.66666667 0)
(909.0909091 36.66666667 0)
(927.2727273 36.66666667 0)
(945.4545455 36.66666667 0)
(963.6363636 36.66666667 0)
(981.8181818 36.66666667 0)
(1000 36.66666667 0)
(1018.181818 36.66666667 0)
(1036.363636 36.66666667 0)
(1054.545455 36.66666667 0)
(1072.727273 36.66666667 0)
(1090.909091 36.66666667 0)
(1109.090909 36.66666667 0)
(1127.272727 36.66666667 0)
(1145.454545 36.66666667 0)
(1163.636364 36.66666667 0)
(1181.818182 36.66666667 0)
(1200 36.66666667 0)
(1218.181818 36.66666667 0)
(1236.363636 36.66666667 0)
(1254.545455 36.66666667 0)
(1272.727273 36.66666667 0)
(1290.909091 36.66666667 0)
(1309.090909 36.66666667 0)
(1327.272727 36.66666667 0)
(1345.454545 36.66666667 0)
(1363.636364 36.66666667 0)
(1381.818182 36.66666667 0)
(1400 36.66666667 0)
(1418.181818 36.66666667 0)
(1436.363636 36.66666667 0)
(1454.545455 36.66666667 0)
(1472.727273 36.66666667 0)
(1490.909091 36.66666667 0)
(1509.090909 36.66666667 0)
(1527.272727 36.66666667 0)
(1545.454545 36.66666667 0)
(1563.636364 36.66666667 0)
(1581.818182 36.66666667 0)
(1600 36.66666667 0)
(1618.181818 36.66666667 0)
(1636.363636 36.66666667 0)
(1654.545455 36.66666667 0)
(1672.727273 36.66666667 0)
(1690.909091 36.66666667 0)
(1709.090909 36.66666667 0)
(1727.272727 36.66666667 0)
(1745.454545 36.66666667 0)
(1763.636364 36.66666667 0)
(1781.818182 36.66666667 0)
(1800 36.66666667 0)
(1818.181818 36.66666667 0)
(1836.363636 36.66666667 0)
(1854.545455 36.66666667 0)
(1872.727273 36.66666667 0)
(1890.909091 36.66666667 0)
(1909.090909 36.66666667 0)
(1927.272727 36.66666667 0)
(1945.454545 36.66666667 0)
(1963.636364 36.66666667 0)
(1981.818182 36.66666667 0)
(2000 36.66666667 0)
(0 40 0)
(18.18181818 40 0)
(36.36363636 40 0)
(54.54545455 40 0)
(72.72727273 40 0)
(90.90909091 40 0)
(109.0909091 40 0)
(127.2727273 40 0)
(145.4545455 40 0)
(163.6363636 40 0)
(181.8181818 40 0)
(200 40 0)
(218.1818182 40 0)
(236.3636364 40 0)
(254.5454545 40 0)
(272.7272727 40 0)
(290.9090909 40 0)
(309.0909091 40 0)
(327.2727273 40 0)
(345.4545455 40 0)
(363.6363636 40 0)
(381.8181818 40 0)
(400 40 0)
(418.1818182 40 0)
(436.3636364 40 0)
(454.5454545 40 0)
(472.7272727 40 0)
(490.9090909 40 0)
(509.0909091 40 0)
(527.2727273 40 0)
(545.4545455 40 0)
(563.6363636 40 0)
(581.8181818 40 0)
(600 40 0)
(618.1818182 40 0)
(636.3636364 40 0)
(654.5454545 40 0)
(672.7272727 40 0)
(690.9090909 40 0)
(709.0909091 40 0)
(727.2727273 40 0)
(745.4545455 40 0)
(763.6363636 40 0)
(781.8181818 40 0)
(800 40 0)
(818.1818182 40 0)
(836.3636364 40 0)
(854.5454545 40 0)
(872.7272727 40 0)
(890.9090909 40 0)
(909.0909091 40 0)
(927.2727273 40 0)
(945.4545455 40 0)
(963.6363636 40 0)
(981.8181818 40 0)
(1000 40 0)
(1018.181818 40 0)
(1036.363636 40 0)
(1054.545455 40 0)
(1072.727273 40 0)
(1090.909091 40 0)
(1109.090909 40 0)
(1127.272727 40 0)
(1145.454545 40 0)
(1163.636364 40 0)
(1181.818182 40 0)
(1200 40 0)
(1218.181818 40 0)
(1236.363636 40 0)
(1254.545455 40 0)
(1272.727273 40 0)
(1290.909091 40 0)
(1309.090909 40 0)
(1327.272727 40 0)
(1345.454545 40 0)
(1363.636364 40 0)
(1381.818182 40 0)
(1400 40 0)
(1418.181818 40 0)
(1436.363636 40 0)
(1454.545455 40 0)
(1472.727273 40 0)
(1490.909091 40 0)
(1509.090909 40 0)
(1527.272727 40 0)
(1545.454545 40 0)
(1563.636364 40 0)
(1581.818182 40 0)
(1600 40 0)
(1618.181818 40 0)
(1636.363636 40 0)
(1654.545455 40 0)
(1672.727273 40 0)
(1690.909091 40 0)
(1709.090909 40 0)
(1727.272727 40 0)
(1745.454545 40 0)
(1763.636364 40 0)
(1781.818182 40 0)
(1800 40 0)
(1818.181818 40 0)
(1836.363636 40 0)
(1854.545455 40 0)
(1872.727273 40 0)
(1890.909091 40 0)
(1909.090909 40 0)
(1927.272727 40 0)
(1945.454545 40 0)
(1963.636364 40 0)
(1981.818182 40 0)
(2000 40 0)
(0 43.33333333 0)
(18.18181818 43.33333333 0)
(36.36363636 43.33333333 0)
(54.54545455 43.33333333 0)
(72.72727273 43.33333333 0)
(90.90909091 43.33333333 0)
(109.0909091 43.33333333 0)
(127.2727273 43.33333333 0)
(145.4545455 43.33333333 0)
(163.6363636 43.33333333 0)
(181.8181818 43.33333333 0)
(200 43.33333333 0)
(218.1818182 43.33333333 0)
(236.3636364 43.33333333 0)
(254.5454545 43.33333333 0)
(272.7272727 43.33333333 0)
(290.9090909 43.33333333 0)
(309.0909091 43.33333333 0)
(327.2727273 43.33333333 0)
(345.4545455 43.33333333 0)
(363.6363636 43.33333333 0)
(381.8181818 43.33333333 0)
(400 43.33333333 0)
(418.1818182 43.33333333 0)
(436.3636364 43.33333333 0)
(454.5454545 43.33333333 0)
(472.7272727 43.33333333 0)
(490.9090909 43.33333333 0)
(509.0909091 43.33333333 0)
(527.2727273 43.33333333 0)
(545.4545455 43.33333333 0)
(563.6363636 43.33333333 0)
(581.8181818 43.33333333 0)
(600 43.33333333 0)
(618.1818182 43.33333333 0)
(636.3636364 43.33333333 0)
(654.5454545 43.33333333 0)
(672.7272727 43.33333333 0)
(690.9090909 43.33333333 0)
(709.0909091 43.33333333 0)
(727.2727273 43.33333333 0)
(745.4545455 43.33333333 0)
(763.6363636 43.33333333 0)
(781.8181818 43.33333333 0)
(800 43.33333333 0)
(818.1818182 43.33333333 0)
(836.3636364 43.33333333 0)
(854.5454545 43.33333333 0)
(872.7272727 43.33333333 0)
(890.9090909 43.33333333 0)
(909.0909091 43.33333333 0)
(927.2727273 43.33333333 0)
(945.4545455 43.33333333 0)
(963.6363636 43.33333333 0)
(981.8181818 43.33333333 0)
(1000 43.33333333 0)
(1018.181818 43.33333333 0)
(1036.363636 43.33333333 0)
(1054.545455 43.33333333 0)
(1072.727273 43.33333333 0)
(1090.909091 43.33333333 0)
(1109.090909 43.33333333 0)
(1127.272727 43.33333333 0)
(1145.454545 43.33333333 0)
(1163.636364 43.33333333 0)
(1181.818182 43.33333333 0)
(1200 43.33333333 0)
(1218.181818 43.33333333 0)
(1236.363636 43.33333333 0)
(1254.545455 43.33333333 0)
(1272.727273 43.33333333 0)
(1290.909091 43.33333333 0)
(1309.090909 43.33333333 0)
(1327.272727 43.33333333 0)
(1345.454545 43.33333333 0)
(1363.636364 43.33333333 0)
(1381.818182 43.33333333 0)
(1400 43.33333333 0)
(1418.181818 43.33333333 0)
(1436.363636 43.33333333 0)
(1454.545455 43.33333333 0)
(1472.727273 43.33333333 0)
(1490.909091 43.33333333 0)
(1509.090909 43.33333333 0)
(1527.272727 43.33333333 0)
(1545.454545 43.33333333 0)
(1563.636364 43.33333333 0)
(1581.818182 43.33333333 0)
(1600 43.33333333 0)
(1618.181818 43.33333333 0)
(1636.363636 43.33333333 0)
(1654.545455 43.33333333 0)
(1672.727273 43.33333333 0)
(1690.909091 43.33333333 0)
(1709.090909 43.33333333 0)
(1727.272727 43.33333333 0)
(1745.454545 43.33333333 0)
(1763.636364 43.33333333 0)
(1781.818182 43.33333333 0)
(1800 43.33333333 0)
(1818.181818 43.33333333 0)
(1836.363636 43.33333333 0)
(1854.545455 43.33333333 0)
(1872.727273 43.33333333 0)
(1890.909091 43.33333333 0)
(1909.090909 43.33333333 0)
(1927.272727 43.33333333 0)
(1945.454545 43.33333333 0)
(1963.636364 43.33333333 0)
(1981.818182 43.33333333 0)
(2000 43.33333333 0)
(0 46.66666667 0)
(18.18181818 46.66666667 0)
(36.36363636 46.66666667 0)
(54.54545455 46.66666667 0)
(72.72727273 46.66666667 0)
(90.90909091 46.66666667 0)
(109.0909091 46.66666667 0)
(127.2727273 46.66666667 0)
(145.4545455 46.66666667 0)
(163.6363636 46.66666667 0)
(181.8181818 46.66666667 0)
(200 46.66666667 0)
(218.1818182 46.66666667 0)
(236.3636364 46.66666667 0)
(254.5454545 46.66666667 0)
(272.7272727 46.66666667 0)
(290.9090909 46.66666667 0)
(309.0909091 46.66666667 0)
(327.2727273 46.66666667 0)
(345.4545455 46.66666667 0)
(363.6363636 46.66666667 0)
(381.8181818 46.66666667 0)
(400 46.66666667 0)
(418.1818182 46.66666667 0)
(436.3636364 46.66666667 0)
(454.5454545 46.66666667 0)
(472.7272727 46.66666667 0)
(490.9090909 46.66666667 0)
(509.0909091 46.66666667 0)
(527.2727273 46.66666667 0)
(545.4545455 46.66666667 0)
(563.6363636 46.66666667 0)
(581.8181818 46.66666667 0)
(600 46.66666667 0)
(618.1818182 46.66666667 0)
(636.3636364 46.66666667 0)
(654.5454545 46.66666667 0)
(672.7272727 46.66666667 0)
(690.9090909 46.66666667 0)
(709.0909091 46.66666667 0)
(727.2727273 46.66666667 0)
(745.4545455 46.66666667 0)
(763.6363636 46.66666667 0)
(781.8181818 46.66666667 0)
(800 46.66666667 0)
(818.1818182 46.66666667 0)
(836.3636364 46.66666667 0)
(854.5454545 46.66666667 0)
(872.7272727 46.66666667 0)
(890.9090909 46.66666667 0)
(909.0909091 46.66666667 0)
(927.2727273 46.66666667 0)
(945.4545455 46.66666667 0)
(963.6363636 46.66666667 0)
(981.8181818 46.66666667 0)
(1000 46.66666667 0)
(1018.181818 46.66666667 0)
(1036.363636 46.66666667 0)
(1054.545455 46.66666667 0)
(1072.727273 46.66666667 0)
(1090.909091 46.66666667 0)
(1109.090909 46.66666667 0)
(1127.272727 46.66666667 0)
(1145.454545 46.66666667 0)
(1163.636364 46.66666667 0)
(1181.818182 46.66666667 0)
(1200 46.66666667 0)
(1218.181818 46.66666667 0)
(1236.363636 46.66666667 0)
(1254.545455 46.66666667 0)
(1272.727273 46.66666667 0)
(1290.909091 46.66666667 0)
(1309.090909 46.66666667 0)
(1327.272727 46.66666667 0)
(1345.454545 46.66666667 0)
(1363.636364 46.66666667 0)
(1381.818182 46.66666667 0)
(1400 46.66666667 0)
(1418.181818 46.66666667 0)
(1436.363636 46.66666667 0)
(1454.545455 46.66666667 0)
(1472.727273 46.66666667 0)
(1490.909091 46.66666667 0)
(1509.090909 46.66666667 0)
(1527.272727 46.66666667 0)
(1545.454545 46.66666667 0)
(1563.636364 46.66666667 0)
(1581.818182 46.66666667 0)
(1600 46.66666667 0)
(1618.181818 46.66666667 0)
(1636.363636 46.66666667 0)
(1654.545455 46.66666667 0)
(1672.727273 46.66666667 0)
(1690.909091 46.66666667 0)
(1709.090909 46.66666667 0)
(1727.272727 46.66666667 0)
(1745.454545 46.66666667 0)
(1763.636364 46.66666667 0)
(1781.818182 46.66666667 0)
(1800 46.66666667 0)
(1818.181818 46.66666667 0)
(1836.363636 46.66666667 0)
(1854.545455 46.66666667 0)
(1872.727273 46.66666667 0)
(1890.909091 46.66666667 0)
(1909.090909 46.66666667 0)
(1927.272727 46.66666667 0)
(1945.454545 46.66666667 0)
(1963.636364 46.66666667 0)
(1981.818182 46.66666667 0)
(2000 46.66666667 0)
(0 50 0)
(18.18181818 50 0)
(36.36363636 50 0)
(54.54545455 50 0)
(72.72727273 50 0)
(90.90909091 50 0)
(109.0909091 50 0)
(127.2727273 50 0)
(145.4545455 50 0)
(163.6363636 50 0)
(181.8181818 50 0)
(200 50 0)
(218.1818182 50 0)
(236.3636364 50 0)
(254.5454545 50 0)
(272.7272727 50 0)
(290.9090909 50 0)
(309.0909091 50 0)
(327.2727273 50 0)
(345.4545455 50 0)
(363.6363636 50 0)
(381.8181818 50 0)
(400 50 0)
(418.1818182 50 0)
(436.3636364 50 0)
(454.5454545 50 0)
(472.7272727 50 0)
(490.9090909 50 0)
(509.0909091 50 0)
(527.2727273 50 0)
(545.4545455 50 0)
(563.6363636 50 0)
(581.8181818 50 0)
(600 50 0)
(618.1818182 50 0)
(636.3636364 50 0)
(654.5454545 50 0)
(672.7272727 50 0)
(690.9090909 50 0)
(709.0909091 50 0)
(727.2727273 50 0)
(745.4545455 50 0)
(763.6363636 50 0)
(781.8181818 50 0)
(800 50 0)
(818.1818182 50 0)
(836.3636364 50 0)
(854.5454545 50 0)
(872.7272727 50 0)
(890.9090909 50 0)
(909.0909091 50 0)
(927.2727273 50 0)
(945.4545455 50 0)
(963.6363636 50 0)
(981.8181818 50 0)
(1000 50 0)
(1018.181818 50 0)
(1036.363636 50 0)
(1054.545455 50 0)
(1072.727273 50 0)
(1090.909091 50 0)
(1109.090909 50 0)
(1127.272727 50 0)
(1145.454545 50 0)
(1163.636364 50 0)
(1181.818182 50 0)
(1200 50 0)
(1218.181818 50 0)
(1236.363636 50 0)
(1254.545455 50 0)
(1272.727273 50 0)
(1290.909091 50 0)
(1309.090909 50 0)
(1327.272727 50 0)
(1345.454545 50 0)
(1363.636364 50 0)
(1381.818182 50 0)
(1400 50 0)
(1418.181818 50 0)
(1436.363636 50 0)
(1454.545455 50 0)
(1472.727273 50 0)
(1490.909091 50 0)
(1509.090909 50 0)
(1527.272727 50 0)
(1545.454545 50 0)
(1563.636364 50 0)
(1581.818182 50 0)
(1600 50 0)
(1618.181818 50 0)
(1636.363636 50 0)
(1654.545455 50 0)
(1672.727273 50 0)
(1690.909091 50 0)
(1709.090909 50 0)
(1727.272727 50 0)
(1745.454545 50 0)
(1763.636364 50 0)
(1781.818182 50 0)
(1800 50 0)
(1818.181818 50 0)
(1836.363636 50 0)
(1854.545455 50 0)
(1872.727273 50 0)
(1890.909091 50 0)
(1909.090909 50 0)
(1927.272727 50 0)
(1945.454545 50 0)
(1963.636364 50 0)
(1981.818182 50 0)
(2000 50 0)
(0 53.33333333 0)
(18.18181818 53.33333333 0)
(36.36363636 53.33333333 0)
(54.54545455 53.33333333 0)
(72.72727273 53.33333333 0)
(90.90909091 53.33333333 0)
(109.0909091 53.33333333 0)
(127.2727273 53.33333333 0)
(145.4545455 53.33333333 0)
(163.6363636 53.33333333 0)
(181.8181818 53.33333333 0)
(200 53.33333333 0)
(218.1818182 53.33333333 0)
(236.3636364 53.33333333 0)
(254.5454545 53.33333333 0)
(272.7272727 53.33333333 0)
(290.9090909 53.33333333 0)
(309.0909091 53.33333333 0)
(327.2727273 53.33333333 0)
(345.4545455 53.33333333 0)
(363.6363636 53.33333333 0)
(381.8181818 53.33333333 0)
(400 53.33333333 0)
(418.1818182 53.33333333 0)
(436.3636364 53.33333333 0)
(454.5454545 53.33333333 0)
(472.7272727 53.33333333 0)
(490.9090909 53.33333333 0)
(509.0909091 53.33333333 0)
(527.2727273 53.33333333 0)
(545.4545455 53.33333333 0)
(563.6363636 53.33333333 0)
(581.8181818 53.33333333 0)
(600 53.33333333 0)
(618.1818182 53.33333333 0)
(636.3636364 53.33333333 0)
(654.5454545 53.33333333 0)
(672.7272727 53.33333333 0)
(690.9090909 53.33333333 0)
(709.0909091 53.33333333 0)
(727.2727273 53.33333333 0)
(745.4545455 53.33333333 0)
(763.6363636 53.33333333 0)
(781.8181818 53.33333333 0)
(800 53.33333333 0)
(818.1818182 53.33333333 0)
(836.3636364 53.33333333 0)
(854.5454545 53.33333333 0)
(872.7272727 53.33333333 0)
(890.9090909 53.33333333 0)
(909.0909091 53.33333333 0)
(927.2727273 53.33333333 0)
(945.4545455 53.33333333 0)
(963.6363636 53.33333333 0)
(981.8181818 53.33333333 0)
(1000 53.33333333 0)
(1018.181818 53.33333333 0)
(1036.363636 53.33333333 0)
(1054.545455 53.33333333 0)
(1072.727273 53.33333333 0)
(1090.909091 53.33333333 0)
(1109.090909 53.33333333 0)
(1127.272727 53.33333333 0)
(1145.454545 53.33333333 0)
(1163.636364 53.33333333 0)
(1181.818182 53.33333333 0)
(1200 53.33333333 0)
(1218.181818 53.33333333 0)
(1236.363636 53.33333333 0)
(1254.545455 53.33333333 0)
(1272.727273 53.33333333 0)
(1290.909091 53.33333333 0)
(1309.090909 53.33333333 0)
(1327.272727 53.33333333 0)
(1345.454545 53.33333333 0)
(1363.636364 53.33333333 0)
(1381.818182 53.33333333 0)
(1400 53.33333333 0)
(1418.181818 53.33333333 0)
(1436.363636 53.33333333 0)
(1454.545455 53.33333333 0)
(1472.727273 53.33333333 0)
(1490.909091 53.33333333 0)
(1509.090909 53.33333333 0)
(1527.272727 53.33333333 0)
(1545.454545 53.33333333 0)
(1563.636364 53.33333333 0)
(1581.818182 53.33333333 0)
(1600 53.33333333 0)
(1618.181818 53.33333333 0)
(1636.363636 53.33333333 0)
(1654.545455 53.33333333 0)
(1672.727273 53.33333333 0)
(1690.909091 53.33333333 0)
(1709.090909 53.33333333 0)
(1727.272727 53.33333333 0)
(1745.454545 53.33333333 0)
(1763.636364 53.33333333 0)
(1781.818182 53.33333333 0)
(1800 53.33333333 0)
(1818.181818 53.33333333 0)
(1836.363636 53.33333333 0)
(1854.545455 53.33333333 0)
(1872.727273 53.33333333 0)
(1890.909091 53.33333333 0)
(1909.090909 53.33333333 0)
(1927.272727 53.33333333 0)
(1945.454545 53.33333333 0)
(1963.636364 53.33333333 0)
(1981.818182 53.33333333 0)
(2000 53.33333333 0)
(0 56.66666667 0)
(18.18181818 56.66666667 0)
(36.36363636 56.66666667 0)
(54.54545455 56.66666667 0)
(72.72727273 56.66666667 0)
(90.90909091 56.66666667 0)
(109.0909091 56.66666667 0)
(127.2727273 56.66666667 0)
(145.4545455 56.66666667 0)
(163.6363636 56.66666667 0)
(181.8181818 56.66666667 0)
(200 56.66666667 0)
(218.1818182 56.66666667 0)
(236.3636364 56.66666667 0)
(254.5454545 56.66666667 0)
(272.7272727 56.66666667 0)
(290.9090909 56.66666667 0)
(309.0909091 56.66666667 0)
(327.2727273 56.66666667 0)
(345.4545455 56.66666667 0)
(363.6363636 56.66666667 0)
(381.8181818 56.66666667 0)
(400 56.66666667 0)
(418.1818182 56.66666667 0)
(436.3636364 56.66666667 0)
(454.5454545 56.66666667 0)
(472.7272727 56.66666667 0)
(490.9090909 56.66666667 0)
(509.0909091 56.66666667 0)
(527.2727273 56.66666667 0)
(545.4545455 56.66666667 0)
(563.6363636 56.66666667 0)
(581.8181818 56.66666667 0)
(600 56.66666667 0)
(618.1818182 56.66666667 0)
(636.3636364 56.66666667 0)
(654.5454545 56.66666667 0)
(672.7272727 56.66666667 0)
(690.9090909 56.66666667 0)
(709.0909091 56.66666667 0)
(727.2727273 56.66666667 0)
(745.4545455 56.66666667 0)
(763.6363636 56.66666667 0)
(781.8181818 56.66666667 0)
(800 56.66666667 0)
(818.1818182 56.66666667 0)
(836.3636364 56.66666667 0)
(854.5454545 56.66666667 0)
(872.7272727 56.66666667 0)
(890.9090909 56.66666667 0)
(909.0909091 56.66666667 0)
(927.2727273 56.66666667 0)
(945.4545455 56.66666667 0)
(963.6363636 56.66666667 0)
(981.8181818 56.66666667 0)
(1000 56.66666667 0)
(1018.181818 56.66666667 0)
(1036.363636 56.66666667 0)
(1054.545455 56.66666667 0)
(1072.727273 56.66666667 0)
(1090.909091 56.66666667 0)
(1109.090909 56.66666667 0)
(1127.272727 56.66666667 0)
(1145.454545 56.66666667 0)
(1163.636364 56.66666667 0)
(1181.818182 56.66666667 0)
(1200 56.66666667 0)
(1218.181818 56.66666667 0)
(1236.363636 56.66666667 0)
(1254.545455 56.66666667 0)
(1272.727273 56.66666667 0)
(1290.909091 56.66666667 0)
(1309.090909 56.66666667 0)
(1327.272727 56.66666667 0)
(1345.454545 56.66666667 0)
(1363.636364 56.66666667 0)
(1381.818182 56.66666667 0)
(1400 56.66666667 0)
(1418.181818 56.66666667 0)
(1436.363636 56.66666667 0)
(1454.545455 56.66666667 0)
(1472.727273 56.66666667 0)
(1490.909091 56.66666667 0)
(1509.090909 56.66666667 0)
(1527.272727 56.66666667 0)
(1545.454545 56.66666667 0)
(1563.636364 56.66666667 0)
(1581.818182 56.66666667 0)
(1600 56.66666667 0)
(1618.181818 56.66666667 0)
(1636.363636 56.66666667 0)
(1654.545455 56.66666667 0)
(1672.727273 56.66666667 0)
(1690.909091 56.66666667 0)
(1709.090909 56.66666667 0)
(1727.272727 56.66666667 0)
(1745.454545 56.66666667 0)
(1763.636364 56.66666667 0)
(1781.818182 56.66666667 0)
(1800 56.66666667 0)
(1818.181818 56.66666667 0)
(1836.363636 56.66666667 0)
(1854.545455 56.66666667 0)
(1872.727273 56.66666667 0)
(1890.909091 56.66666667 0)
(1909.090909 56.66666667 0)
(1927.272727 56.66666667 0)
(1945.454545 56.66666667 0)
(1963.636364 56.66666667 0)
(1981.818182 56.66666667 0)
(2000 56.66666667 0)
(0 60 0)
(18.18181818 60 0)
(36.36363636 60 0)
(54.54545455 60 0)
(72.72727273 60 0)
(90.90909091 60 0)
(109.0909091 60 0)
(127.2727273 60 0)
(145.4545455 60 0)
(163.6363636 60 0)
(181.8181818 60 0)
(200 60 0)
(218.1818182 60 0)
(236.3636364 60 0)
(254.5454545 60 0)
(272.7272727 60 0)
(290.9090909 60 0)
(309.0909091 60 0)
(327.2727273 60 0)
(345.4545455 60 0)
(363.6363636 60 0)
(381.8181818 60 0)
(400 60 0)
(418.1818182 60 0)
(436.3636364 60 0)
(454.5454545 60 0)
(472.7272727 60 0)
(490.9090909 60 0)
(509.0909091 60 0)
(527.2727273 60 0)
(545.4545455 60 0)
(563.6363636 60 0)
(581.8181818 60 0)
(600 60 0)
(618.1818182 60 0)
(636.3636364 60 0)
(654.5454545 60 0)
(672.7272727 60 0)
(690.9090909 60 0)
(709.0909091 60 0)
(727.2727273 60 0)
(745.4545455 60 0)
(763.6363636 60 0)
(781.8181818 60 0)
(800 60 0)
(818.1818182 60 0)
(836.3636364 60 0)
(854.5454545 60 0)
(872.7272727 60 0)
(890.9090909 60 0)
(909.0909091 60 0)
(927.2727273 60 0)
(945.4545455 60 0)
(963.6363636 60 0)
(981.8181818 60 0)
(1000 60 0)
(1018.181818 60 0)
(1036.363636 60 0)
(1054.545455 60 0)
(1072.727273 60 0)
(1090.909091 60 0)
(1109.090909 60 0)
(1127.272727 60 0)
(1145.454545 60 0)
(1163.636364 60 0)
(1181.818182 60 0)
(1200 60 0)
(1218.181818 60 0)
(1236.363636 60 0)
(1254.545455 60 0)
(1272.727273 60 0)
(1290.909091 60 0)
(1309.090909 60 0)
(1327.272727 60 0)
(1345.454545 60 0)
(1363.636364 60 0)
(1381.818182 60 0)
(1400 60 0)
(1418.181818 60 0)
(1436.363636 60 0)
(1454.545455 60 0)
(1472.727273 60 0)
(1490.909091 60 0)
(1509.090909 60 0)
(1527.272727 60 0)
(1545.454545 60 0)
(1563.636364 60 0)
(1581.818182 60 0)
(1600 60 0)
(1618.181818 60 0)
(1636.363636 60 0)
(1654.545455 60 0)
(1672.727273 60 0)
(1690.909091 60 0)
(1709.090909 60 0)
(1727.272727 60 0)
(1745.454545 60 0)
(1763.636364 60 0)
(1781.818182 60 0)
(1800 60 0)
(1818.181818 60 0)
(1836.363636 60 0)
(1854.545455 60 0)
(1872.727273 60 0)
(1890.909091 60 0)
(1909.090909 60 0)
(1927.272727 60 0)
(1945.454545 60 0)
(1963.636364 60 0)
(1981.818182 60 0)
(2000 60 0)
(0 63.33333333 0)
(18.18181818 63.33333333 0)
(36.36363636 63.33333333 0)
(54.54545455 63.33333333 0)
(72.72727273 63.33333333 0)
(90.90909091 63.33333333 0)
(109.0909091 63.33333333 0)
(127.2727273 63.33333333 0)
(145.4545455 63.33333333 0)
(163.6363636 63.33333333 0)
(181.8181818 63.33333333 0)
(200 63.33333333 0)
(218.1818182 63.33333333 0)
(236.3636364 63.33333333 0)
(254.5454545 63.33333333 0)
(272.7272727 63.33333333 0)
(290.9090909 63.33333333 0)
(309.0909091 63.33333333 0)
(327.2727273 63.33333333 0)
(345.4545455 63.33333333 0)
(363.6363636 63.33333333 0)
(381.8181818 63.33333333 0)
(400 63.33333333 0)
(418.1818182 63.33333333 0)
(436.3636364 63.33333333 0)
(454.5454545 63.33333333 0)
(472.7272727 63.33333333 0)
(490.9090909 63.33333333 0)
(509.0909091 63.33333333 0)
(527.2727273 63.33333333 0)
(545.4545455 63.33333333 0)
(563.6363636 63.33333333 0)
(581.8181818 63.33333333 0)
(600 63.33333333 0)
(618.1818182 63.33333333 0)
(636.3636364 63.33333333 0)
(654.5454545 63.33333333 0)
(672.7272727 63.33333333 0)
(690.9090909 63.33333333 0)
(709.0909091 63.33333333 0)
(727.2727273 63.33333333 0)
(745.4545455 63.33333333 0)
(763.6363636 63.33333333 0)
(781.8181818 63.33333333 0)
(800 63.33333333 0)
(818.1818182 63.33333333 0)
(836.3636364 63.33333333 0)
(854.5454545 63.33333333 0)
(872.7272727 63.33333333 0)
(890.9090909 63.33333333 0)
(909.0909091 63.33333333 0)
(927.2727273 63.33333333 0)
(945.4545455 63.33333333 0)
(963.6363636 63.33333333 0)
(981.8181818 63.33333333 0)
(1000 63.33333333 0)
(1018.181818 63.33333333 0)
(1036.363636 63.33333333 0)
(1054.545455 63.33333333 0)
(1072.727273 63.33333333 0)
(1090.909091 63.33333333 0)
(1109.090909 63.33333333 0)
(1127.272727 63.33333333 0)
(1145.454545 63.33333333 0)
(1163.636364 63.33333333 0)
(1181.818182 63.33333333 0)
(1200 63.33333333 0)
(1218.181818 63.33333333 0)
(1236.363636 63.33333333 0)
(1254.545455 63.33333333 0)
(1272.727273 63.33333333 0)
(1290.909091 63.33333333 0)
(1309.090909 63.33333333 0)
(1327.272727 63.33333333 0)
(1345.454545 63.33333333 0)
(1363.636364 63.33333333 0)
(1381.818182 63.33333333 0)
(1400 63.33333333 0)
(1418.181818 63.33333333 0)
(1436.363636 63.33333333 0)
(1454.545455 63.33333333 0)
(1472.727273 63.33333333 0)
(1490.909091 63.33333333 0)
(1509.090909 63.33333333 0)
(1527.272727 63.33333333 0)
(1545.454545 63.33333333 0)
(1563.636364 63.33333333 0)
(1581.818182 63.33333333 0)
(1600 63.33333333 0)
(1618.181818 63.33333333 0)
(1636.363636 63.33333333 0)
(1654.545455 63.33333333 0)
(1672.727273 63.33333333 0)
(1690.909091 63.33333333 0)
(1709.090909 63.33333333 0)
(1727.272727 63.33333333 0)
(1745.454545 63.33333333 0)
(1763.636364 63.33333333 0)
(1781.818182 63.33333333 0)
(1800 63.33333333 0)
(1818.181818 63.33333333 0)
(1836.363636 63.33333333 0)
(1854.545455 63.33333333 0)
(1872.727273 63.33333333 0)
(1890.909091 63.33333333 0)
(1909.090909 63.33333333 0)
(1927.272727 63.33333333 0)
(1945.454545 63.33333333 0)
(1963.636364 63.33333333 0)
(1981.818182 63.33333333 0)
(2000 63.33333333 0)
(0 66.66666667 0)
(18.18181818 66.66666667 0)
(36.36363636 66.66666667 0)
(54.54545455 66.66666667 0)
(72.72727273 66.66666667 0)
(90.90909091 66.66666667 0)
(109.0909091 66.66666667 0)
(127.2727273 66.66666667 0)
(145.4545455 66.66666667 0)
(163.6363636 66.66666667 0)
(181.8181818 66.66666667 0)
(200 66.66666667 0)
(218.1818182 66.66666667 0)
(236.3636364 66.66666667 0)
(254.5454545 66.66666667 0)
(272.7272727 66.66666667 0)
(290.9090909 66.66666667 0)
(309.0909091 66.66666667 0)
(327.2727273 66.66666667 0)
(345.4545455 66.66666667 0)
(363.6363636 66.66666667 0)
(381.8181818 66.66666667 0)
(400 66.66666667 0)
(418.1818182 66.66666667 0)
(436.3636364 66.66666667 0)
(454.5454545 66.66666667 0)
(472.7272727 66.66666667 0)
(490.9090909 66.66666667 0)
(509.0909091 66.66666667 0)
(527.2727273 66.66666667 0)
(545.4545455 66.66666667 0)
(563.6363636 66.66666667 0)
(581.8181818 66.66666667 0)
(600 66.66666667 0)
(618.1818182 66.66666667 0)
(636.3636364 66.66666667 0)
(654.5454545 66.66666667 0)
(672.7272727 66.66666667 0)
(690.9090909 66.66666667 0)
(709.0909091 66.66666667 0)
(727.2727273 66.66666667 0)
(745.4545455 66.66666667 0)
(763.6363636 66.66666667 0)
(781.8181818 66.66666667 0)
(800 66.66666667 0)
(818.1818182 66.66666667 0)
(836.3636364 66.66666667 0)
(854.5454545 66.66666667 0)
(872.7272727 66.66666667 0)
(890.9090909 66.66666667 0)
(909.0909091 66.66666667 0)
(927.2727273 66.66666667 0)
(945.4545455 66.66666667 0)
(963.6363636 66.66666667 0)
(981.8181818 66.66666667 0)
(1000 66.66666667 0)
(1018.181818 66.66666667 0)
(1036.363636 66.66666667 0)
(1054.545455 66.66666667 0)
(1072.727273 66.66666667 0)
(1090.909091 66.66666667 0)
(1109.090909 66.66666667 0)
(1127.272727 66.66666667 0)
(1145.454545 66.66666667 0)
(1163.636364 66.66666667 0)
(1181.818182 66.66666667 0)
(1200 66.66666667 0)
(1218.181818 66.66666667 0)
(1236.363636 66.66666667 0)
(1254.545455 66.66666667 0)
(1272.727273 66.66666667 0)
(1290.909091 66.66666667 0)
(1309.090909 66.66666667 0)
(1327.272727 66.66666667 0)
(1345.454545 66.66666667 0)
(1363.636364 66.66666667 0)
(1381.818182 66.66666667 0)
(1400 66.66666667 0)
(1418.181818 66.66666667 0)
(1436.363636 66.66666667 0)
(1454.545455 66.66666667 0)
(1472.727273 66.66666667 0)
(1490.909091 66.66666667 0)
(1509.090909 66.66666667 0)
(1527.272727 66.66666667 0)
(1545.454545 66.66666667 0)
(1563.636364 66.66666667 0)
(1581.818182 66.66666667 0)
(1600 66.66666667 0)
(1618.181818 66.66666667 0)
(1636.363636 66.66666667 0)
(1654.545455 66.66666667 0)
(1672.727273 66.66666667 0)
(1690.909091 66.66666667 0)
(1709.090909 66.66666667 0)
(1727.272727 66.66666667 0)
(1745.454545 66.66666667 0)
(1763.636364 66.66666667 0)
(1781.818182 66.66666667 0)
(1800 66.66666667 0)
(1818.181818 66.66666667 0)
(1836.363636 66.66666667 0)
(1854.545455 66.66666667 0)
(1872.727273 66.66666667 0)
(1890.909091 66.66666667 0)
(1909.090909 66.66666667 0)
(1927.272727 66.66666667 0)
(1945.454545 66.66666667 0)
(1963.636364 66.66666667 0)
(1981.818182 66.66666667 0)
(2000 66.66666667 0)
(0 70 0)
(18.18181818 70 0)
(36.36363636 70 0)
(54.54545455 70 0)
(72.72727273 70 0)
(90.90909091 70 0)
(109.0909091 70 0)
(127.2727273 70 0)
(145.4545455 70 0)
(163.6363636 70 0)
(181.8181818 70 0)
(200 70 0)
(218.1818182 70 0)
(236.3636364 70 0)
(254.5454545 70 0)
(272.7272727 70 0)
(290.9090909 70 0)
(309.0909091 70 0)
(327.2727273 70 0)
(345.4545455 70 0)
(363.6363636 70 0)
(381.8181818 70 0)
(400 70 0)
(418.1818182 70 0)
(436.3636364 70 0)
(454.5454545 70 0)
(472.7272727 70 0)
(490.9090909 70 0)
(509.0909091 70 0)
(527.2727273 70 0)
(545.4545455 70 0)
(563.6363636 70 0)
(581.8181818 70 0)
(600 70 0)
(618.1818182 70 0)
(636.3636364 70 0)
(654.5454545 70 0)
(672.7272727 70 0)
(690.9090909 70 0)
(709.0909091 70 0)
(727.2727273 70 0)
(745.4545455 70 0)
(763.6363636 70 0)
(781.8181818 70 0)
(800 70 0)
(818.1818182 70 0)
(836.3636364 70 0)
(854.5454545 70 0)
(872.7272727 70 0)
(890.9090909 70 0)
(909.0909091 70 0)
(927.2727273 70 0)
(945.4545455 70 0)
(963.6363636 70 0)
(981.8181818 70 0)
(1000 70 0)
(1018.181818 70 0)
(1036.363636 70 0)
(1054.545455 70 0)
(1072.727273 70 0)
(1090.909091 70 0)
(1109.090909 70 0)
(1127.272727 70 0)
(1145.454545 70 0)
(1163.636364 70 0)
(1181.818182 70 0)
(1200 70 0)
(1218.181818 70 0)
(1236.363636 70 0)
(1254.545455 70 0)
(1272.727273 70 0)
(1290.909091 70 0)
(1309.090909 70 0)
(1327.272727 70 0)
(1345.454545 70 0)
(1363.636364 70 0)
(1381.818182 70 0)
(1400 70 0)
(1418.181818 70 0)
(1436.363636 70 0)
(1454.545455 70 0)
(1472.727273 70 0)
(1490.909091 70 0)
(1509.090909 70 0)
(1527.272727 70 0)
(1545.454545 70 0)
(1563.636364 70 0)
(1581.818182 70 0)
(1600 70 0)
(1618.181818 70 0)
(1636.363636 70 0)
(1654.545455 70 0)
(1672.727273 70 0)
(1690.909091 70 0)
(1709.090909 70 0)
(1727.272727 70 0)
(1745.454545 70 0)
(1763.636364 70 0)
(1781.818182 70 0)
(1800 70 0)
(1818.181818 70 0)
(1836.363636 70 0)
(1854.545455 70 0)
(1872.727273 70 0)
(1890.909091 70 0)
(1909.090909 70 0)
(1927.272727 70 0)
(1945.454545 70 0)
(1963.636364 70 0)
(1981.818182 70 0)
(2000 70 0)
(0 73.33333333 0)
(18.18181818 73.33333333 0)
(36.36363636 73.33333333 0)
(54.54545455 73.33333333 0)
(72.72727273 73.33333333 0)
(90.90909091 73.33333333 0)
(109.0909091 73.33333333 0)
(127.2727273 73.33333333 0)
(145.4545455 73.33333333 0)
(163.6363636 73.33333333 0)
(181.8181818 73.33333333 0)
(200 73.33333333 0)
(218.1818182 73.33333333 0)
(236.3636364 73.33333333 0)
(254.5454545 73.33333333 0)
(272.7272727 73.33333333 0)
(290.9090909 73.33333333 0)
(309.0909091 73.33333333 0)
(327.2727273 73.33333333 0)
(345.4545455 73.33333333 0)
(363.6363636 73.33333333 0)
(381.8181818 73.33333333 0)
(400 73.33333333 0)
(418.1818182 73.33333333 0)
(436.3636364 73.33333333 0)
(454.5454545 73.33333333 0)
(472.7272727 73.33333333 0)
(490.9090909 73.33333333 0)
(509.0909091 73.33333333 0)
(527.2727273 73.33333333 0)
(545.4545455 73.33333333 0)
(563.6363636 73.33333333 0)
(581.8181818 73.33333333 0)
(600 73.33333333 0)
(618.1818182 73.33333333 0)
(636.3636364 73.33333333 0)
(654.5454545 73.33333333 0)
(672.7272727 73.33333333 0)
(690.9090909 73.33333333 0)
(709.0909091 73.33333333 0)
(727.2727273 73.33333333 0)
(745.4545455 73.33333333 0)
(763.6363636 73.33333333 0)
(781.8181818 73.33333333 0)
(800 73.33333333 0)
(818.1818182 73.33333333 0)
(836.3636364 73.33333333 0)
(854.5454545 73.33333333 0)
(872.7272727 73.33333333 0)
(890.9090909 73.33333333 0)
(909.0909091 73.33333333 0)
(927.2727273 73.33333333 0)
(945.4545455 73.33333333 0)
(963.6363636 73.33333333 0)
(981.8181818 73.33333333 0)
(1000 73.33333333 0)
(1018.181818 73.33333333 0)
(1036.363636 73.33333333 0)
(1054.545455 73.33333333 0)
(1072.727273 73.33333333 0)
(1090.909091 73.33333333 0)
(1109.090909 73.33333333 0)
(1127.272727 73.33333333 0)
(1145.454545 73.33333333 0)
(1163.636364 73.33333333 0)
(1181.818182 73.33333333 0)
(1200 73.33333333 0)
(1218.181818 73.33333333 0)
(1236.363636 73.33333333 0)
(1254.545455 73.33333333 0)
(1272.727273 73.33333333 0)
(1290.909091 73.33333333 0)
(1309.090909 73.33333333 0)
(1327.272727 73.33333333 0)
(1345.454545 73.33333333 0)
(1363.636364 73.33333333 0)
(1381.818182 73.33333333 0)
(1400 73.33333333 0)
(1418.181818 73.33333333 0)
(1436.363636 73.33333333 0)
(1454.545455 73.33333333 0)
(1472.727273 73.33333333 0)
(1490.909091 73.33333333 0)
(1509.090909 73.33333333 0)
(1527.272727 73.33333333 0)
(1545.454545 73.33333333 0)
(1563.636364 73.33333333 0)
(1581.818182 73.33333333 0)
(1600 73.33333333 0)
(1618.181818 73.33333333 0)
(1636.363636 73.33333333 0)
(1654.545455 73.33333333 0)
(1672.727273 73.33333333 0)
(1690.909091 73.33333333 0)
(1709.090909 73.33333333 0)
(1727.272727 73.33333333 0)
(1745.454545 73.33333333 0)
(1763.636364 73.33333333 0)
(1781.818182 73.33333333 0)
(1800 73.33333333 0)
(1818.181818 73.33333333 0)
(1836.363636 73.33333333 0)
(1854.545455 73.33333333 0)
(1872.727273 73.33333333 0)
(1890.909091 73.33333333 0)
(1909.090909 73.33333333 0)
(1927.272727 73.33333333 0)
(1945.454545 73.33333333 0)
(1963.636364 73.33333333 0)
(1981.818182 73.33333333 0)
(2000 73.33333333 0)
(0 76.66666667 0)
(18.18181818 76.66666667 0)
(36.36363636 76.66666667 0)
(54.54545455 76.66666667 0)
(72.72727273 76.66666667 0)
(90.90909091 76.66666667 0)
(109.0909091 76.66666667 0)
(127.2727273 76.66666667 0)
(145.4545455 76.66666667 0)
(163.6363636 76.66666667 0)
(181.8181818 76.66666667 0)
(200 76.66666667 0)
(218.1818182 76.66666667 0)
(236.3636364 76.66666667 0)
(254.5454545 76.66666667 0)
(272.7272727 76.66666667 0)
(290.9090909 76.66666667 0)
(309.0909091 76.66666667 0)
(327.2727273 76.66666667 0)
(345.4545455 76.66666667 0)
(363.6363636 76.66666667 0)
(381.8181818 76.66666667 0)
(400 76.66666667 0)
(418.1818182 76.66666667 0)
(436.3636364 76.66666667 0)
(454.5454545 76.66666667 0)
(472.7272727 76.66666667 0)
(490.9090909 76.66666667 0)
(509.0909091 76.66666667 0)
(527.2727273 76.66666667 0)
(545.4545455 76.66666667 0)
(563.6363636 76.66666667 0)
(581.8181818 76.66666667 0)
(600 76.66666667 0)
(618.1818182 76.66666667 0)
(636.3636364 76.66666667 0)
(654.5454545 76.66666667 0)
(672.7272727 76.66666667 0)
(690.9090909 76.66666667 0)
(709.0909091 76.66666667 0)
(727.2727273 76.66666667 0)
(745.4545455 76.66666667 0)
(763.6363636 76.66666667 0)
(781.8181818 76.66666667 0)
(800 76.66666667 0)
(818.1818182 76.66666667 0)
(836.3636364 76.66666667 0)
(854.5454545 76.66666667 0)
(872.7272727 76.66666667 0)
(890.9090909 76.66666667 0)
(909.0909091 76.66666667 0)
(927.2727273 76.66666667 0)
(945.4545455 76.66666667 0)
(963.6363636 76.66666667 0)
(981.8181818 76.66666667 0)
(1000 76.66666667 0)
(1018.181818 76.66666667 0)
(1036.363636 76.66666667 0)
(1054.545455 76.66666667 0)
(1072.727273 76.66666667 0)
(1090.909091 76.66666667 0)
(1109.090909 76.66666667 0)
(1127.272727 76.66666667 0)
(1145.454545 76.66666667 0)
(1163.636364 76.66666667 0)
(1181.818182 76.66666667 0)
(1200 76.66666667 0)
(1218.181818 76.66666667 0)
(1236.363636 76.66666667 0)
(1254.545455 76.66666667 0)
(1272.727273 76.66666667 0)
(1290.909091 76.66666667 0)
(1309.090909 76.66666667 0)
(1327.272727 76.66666667 0)
(1345.454545 76.66666667 0)
(1363.636364 76.66666667 0)
(1381.818182 76.66666667 0)
(1400 76.66666667 0)
(1418.181818 76.66666667 0)
(1436.363636 76.66666667 0)
(1454.545455 76.66666667 0)
(1472.727273 76.66666667 0)
(1490.909091 76.66666667 0)
(1509.090909 76.66666667 0)
(1527.272727 76.66666667 0)
(1545.454545 76.66666667 0)
(1563.636364 76.66666667 0)
(1581.818182 76.66666667 0)
(1600 76.66666667 0)
(1618.181818 76.66666667 0)
(1636.363636 76.66666667 0)
(1654.545455 76.66666667 0)
(1672.727273 76.66666667 0)
(1690.909091 76.66666667 0)
(1709.090909 76.66666667 0)
(1727.272727 76.66666667 0)
(1745.454545 76.66666667 0)
(1763.636364 76.66666667 0)
(1781.818182 76.66666667 0)
(1800 76.66666667 0)
(1818.181818 76.66666667 0)
(1836.363636 76.66666667 0)
(1854.545455 76.66666667 0)
(1872.727273 76.66666667 0)
(1890.909091 76.66666667 0)
(1909.090909 76.66666667 0)
(1927.272727 76.66666667 0)
(1945.454545 76.66666667 0)
(1963.636364 76.66666667 0)
(1981.818182 76.66666667 0)
(2000 76.66666667 0)
(0 80 0)
(18.18181818 80 0)
(36.36363636 80 0)
(54.54545455 80 0)
(72.72727273 80 0)
(90.90909091 80 0)
(109.0909091 80 0)
(127.2727273 80 0)
(145.4545455 80 0)
(163.6363636 80 0)
(181.8181818 80 0)
(200 80 0)
(218.1818182 80 0)
(236.3636364 80 0)
(254.5454545 80 0)
(272.7272727 80 0)
(290.9090909 80 0)
(309.0909091 80 0)
(327.2727273 80 0)
(345.4545455 80 0)
(363.6363636 80 0)
(381.8181818 80 0)
(400 80 0)
(418.1818182 80 0)
(436.3636364 80 0)
(454.5454545 80 0)
(472.7272727 80 0)
(490.9090909 80 0)
(509.0909091 80 0)
(527.2727273 80 0)
(545.4545455 80 0)
(563.6363636 80 0)
(581.8181818 80 0)
(600 80 0)
(618.1818182 80 0)
(636.3636364 80 0)
(654.5454545 80 0)
(672.7272727 80 0)
(690.9090909 80 0)
(709.0909091 80 0)
(727.2727273 80 0)
(745.4545455 80 0)
(763.6363636 80 0)
(781.8181818 80 0)
(800 80 0)
(818.1818182 80 0)
(836.3636364 80 0)
(854.5454545 80 0)
(872.7272727 80 0)
(890.9090909 80 0)
(909.0909091 80 0)
(927.2727273 80 0)
(945.4545455 80 0)
(963.6363636 80 0)
(981.8181818 80 0)
(1000 80 0)
(1018.181818 80 0)
(1036.363636 80 0)
(1054.545455 80 0)
(1072.727273 80 0)
(1090.909091 80 0)
(1109.090909 80 0)
(1127.272727 80 0)
(1145.454545 80 0)
(1163.636364 80 0)
(1181.818182 80 0)
(1200 80 0)
(1218.181818 80 0)
(1236.363636 80 0)
(1254.545455 80 0)
(1272.727273 80 0)
(1290.909091 80 0)
(1309.090909 80 0)
(1327.272727 80 0)
(1345.454545 80 0)
(1363.636364 80 0)
(1381.818182 80 0)
(1400 80 0)
(1418.181818 80 0)
(1436.363636 80 0)
(1454.545455 80 0)
(1472.727273 80 0)
(1490.909091 80 0)
(1509.090909 80 0)
(1527.272727 80 0)
(1545.454545 80 0)
(1563.636364 80 0)
(1581.818182 80 0)
(1600 80 0)
(1618.181818 80 0)
(1636.363636 80 0)
(1654.545455 80 0)
(1672.727273 80 0)
(1690.909091 80 0)
(1709.090909 80 0)
(1727.272727 80 0)
(1745.454545 80 0)
(1763.636364 80 0)
(1781.818182 80 0)
(1800 80 0)
(1818.181818 80 0)
(1836.363636 80 0)
(1854.545455 80 0)
(1872.727273 80 0)
(1890.909091 80 0)
(1909.090909 80 0)
(1927.272727 80 0)
(1945.454545 80 0)
(1963.636364 80 0)
(1981.818182 80 0)
(2000 80 0)
(0 83.33333333 0)
(18.18181818 83.33333333 0)
(36.36363636 83.33333333 0)
(54.54545455 83.33333333 0)
(72.72727273 83.33333333 0)
(90.90909091 83.33333333 0)
(109.0909091 83.33333333 0)
(127.2727273 83.33333333 0)
(145.4545455 83.33333333 0)
(163.6363636 83.33333333 0)
(181.8181818 83.33333333 0)
(200 83.33333333 0)
(218.1818182 83.33333333 0)
(236.3636364 83.33333333 0)
(254.5454545 83.33333333 0)
(272.7272727 83.33333333 0)
(290.9090909 83.33333333 0)
(309.0909091 83.33333333 0)
(327.2727273 83.33333333 0)
(345.4545455 83.33333333 0)
(363.6363636 83.33333333 0)
(381.8181818 83.33333333 0)
(400 83.33333333 0)
(418.1818182 83.33333333 0)
(436.3636364 83.33333333 0)
(454.5454545 83.33333333 0)
(472.7272727 83.33333333 0)
(490.9090909 83.33333333 0)
(509.0909091 83.33333333 0)
(527.2727273 83.33333333 0)
(545.4545455 83.33333333 0)
(563.6363636 83.33333333 0)
(581.8181818 83.33333333 0)
(600 83.33333333 0)
(618.1818182 83.33333333 0)
(636.3636364 83.33333333 0)
(654.5454545 83.33333333 0)
(672.7272727 83.33333333 0)
(690.9090909 83.33333333 0)
(709.0909091 83.33333333 0)
(727.2727273 83.33333333 0)
(745.4545455 83.33333333 0)
(763.6363636 83.33333333 0)
(781.8181818 83.33333333 0)
(800 83.33333333 0)
(818.1818182 83.33333333 0)
(836.3636364 83.33333333 0)
(854.5454545 83.33333333 0)
(872.7272727 83.33333333 0)
(890.9090909 83.33333333 0)
(909.0909091 83.33333333 0)
(927.2727273 83.33333333 0)
(945.4545455 83.33333333 0)
(963.6363636 83.33333333 0)
(981.8181818 83.33333333 0)
(1000 83.33333333 0)
(1018.181818 83.33333333 0)
(1036.363636 83.33333333 0)
(1054.545455 83.33333333 0)
(1072.727273 83.33333333 0)
(1090.909091 83.33333333 0)
(1109.090909 83.33333333 0)
(1127.272727 83.33333333 0)
(1145.454545 83.33333333 0)
(1163.636364 83.33333333 0)
(1181.818182 83.33333333 0)
(1200 83.33333333 0)
(1218.181818 83.33333333 0)
(1236.363636 83.33333333 0)
(1254.545455 83.33333333 0)
(1272.727273 83.33333333 0)
(1290.909091 83.33333333 0)
(1309.090909 83.33333333 0)
(1327.272727 83.33333333 0)
(1345.454545 83.33333333 0)
(1363.636364 83.33333333 0)
(1381.818182 83.33333333 0)
(1400 83.33333333 0)
(1418.181818 83.33333333 0)
(1436.363636 83.33333333 0)
(1454.545455 83.33333333 0)
(1472.727273 83.33333333 0)
(1490.909091 83.33333333 0)
(1509.090909 83.33333333 0)
(1527.272727 83.33333333 0)
(1545.454545 83.33333333 0)
(1563.636364 83.33333333 0)
(1581.818182 83.33333333 0)
(1600 83.33333333 0)
(1618.181818 83.33333333 0)
(1636.363636 83.33333333 0)
(1654.545455 83.33333333 0)
(1672.727273 83.33333333 0)
(1690.909091 83.33333333 0)
(1709.090909 83.33333333 0)
(1727.272727 83.33333333 0)
(1745.454545 83.33333333 0)
(1763.636364 83.33333333 0)
(1781.818182 83.33333333 0)
(1800 83.33333333 0)
(1818.181818 83.33333333 0)
(1836.363636 83.33333333 0)
(1854.545455 83.33333333 0)
(1872.727273 83.33333333 0)
(1890.909091 83.33333333 0)
(1909.090909 83.33333333 0)
(1927.272727 83.33333333 0)
(1945.454545 83.33333333 0)
(1963.636364 83.33333333 0)
(1981.818182 83.33333333 0)
(2000 83.33333333 0)
(0 86.66666667 0)
(18.18181818 86.66666667 0)
(36.36363636 86.66666667 0)
(54.54545455 86.66666667 0)
(72.72727273 86.66666667 0)
(90.90909091 86.66666667 0)
(109.0909091 86.66666667 0)
(127.2727273 86.66666667 0)
(145.4545455 86.66666667 0)
(163.6363636 86.66666667 0)
(181.8181818 86.66666667 0)
(200 86.66666667 0)
(218.1818182 86.66666667 0)
(236.3636364 86.66666667 0)
(254.5454545 86.66666667 0)
(272.7272727 86.66666667 0)
(290.9090909 86.66666667 0)
(309.0909091 86.66666667 0)
(327.2727273 86.66666667 0)
(345.4545455 86.66666667 0)
(363.6363636 86.66666667 0)
(381.8181818 86.66666667 0)
(400 86.66666667 0)
(418.1818182 86.66666667 0)
(436.3636364 86.66666667 0)
(454.5454545 86.66666667 0)
(472.7272727 86.66666667 0)
(490.9090909 86.66666667 0)
(509.0909091 86.66666667 0)
(527.2727273 86.66666667 0)
(545.4545455 86.66666667 0)
(563.6363636 86.66666667 0)
(581.8181818 86.66666667 0)
(600 86.66666667 0)
(618.1818182 86.66666667 0)
(636.3636364 86.66666667 0)
(654.5454545 86.66666667 0)
(672.7272727 86.66666667 0)
(690.9090909 86.66666667 0)
(709.0909091 86.66666667 0)
(727.2727273 86.66666667 0)
(745.4545455 86.66666667 0)
(763.6363636 86.66666667 0)
(781.8181818 86.66666667 0)
(800 86.66666667 0)
(818.1818182 86.66666667 0)
(836.3636364 86.66666667 0)
(854.5454545 86.66666667 0)
(872.7272727 86.66666667 0)
(890.9090909 86.66666667 0)
(909.0909091 86.66666667 0)
(927.2727273 86.66666667 0)
(945.4545455 86.66666667 0)
(963.6363636 86.66666667 0)
(981.8181818 86.66666667 0)
(1000 86.66666667 0)
(1018.181818 86.66666667 0)
(1036.363636 86.66666667 0)
(1054.545455 86.66666667 0)
(1072.727273 86.66666667 0)
(1090.909091 86.66666667 0)
(1109.090909 86.66666667 0)
(1127.272727 86.66666667 0)
(1145.454545 86.66666667 0)
(1163.636364 86.66666667 0)
(1181.818182 86.66666667 0)
(1200 86.66666667 0)
(1218.181818 86.66666667 0)
(1236.363636 86.66666667 0)
(1254.545455 86.66666667 0)
(1272.727273 86.66666667 0)
(1290.909091 86.66666667 0)
(1309.090909 86.66666667 0)
(1327.272727 86.66666667 0)
(1345.454545 86.66666667 0)
(1363.636364 86.66666667 0)
(1381.818182 86.66666667 0)
(1400 86.66666667 0)
(1418.181818 86.66666667 0)
(1436.363636 86.66666667 0)
(1454.545455 86.66666667 0)
(1472.727273 86.66666667 0)
(1490.909091 86.66666667 0)
(1509.090909 86.66666667 0)
(1527.272727 86.66666667 0)
(1545.454545 86.66666667 0)
(1563.636364 86.66666667 0)
(1581.818182 86.66666667 0)
(1600 86.66666667 0)
(1618.181818 86.66666667 0)
(1636.363636 86.66666667 0)
(1654.545455 86.66666667 0)
(1672.727273 86.66666667 0)
(1690.909091 86.66666667 0)
(1709.090909 86.66666667 0)
(1727.272727 86.66666667 0)
(1745.454545 86.66666667 0)
(1763.636364 86.66666667 0)
(1781.818182 86.66666667 0)
(1800 86.66666667 0)
(1818.181818 86.66666667 0)
(1836.363636 86.66666667 0)
(1854.545455 86.66666667 0)
(1872.727273 86.66666667 0)
(1890.909091 86.66666667 0)
(1909.090909 86.66666667 0)
(1927.272727 86.66666667 0)
(1945.454545 86.66666667 0)
(1963.636364 86.66666667 0)
(1981.818182 86.66666667 0)
(2000 86.66666667 0)
(0 90 0)
(18.18181818 90 0)
(36.36363636 90 0)
(54.54545455 90 0)
(72.72727273 90 0)
(90.90909091 90 0)
(109.0909091 90 0)
(127.2727273 90 0)
(145.4545455 90 0)
(163.6363636 90 0)
(181.8181818 90 0)
(200 90 0)
(218.1818182 90 0)
(236.3636364 90 0)
(254.5454545 90 0)
(272.7272727 90 0)
(290.9090909 90 0)
(309.0909091 90 0)
(327.2727273 90 0)
(345.4545455 90 0)
(363.6363636 90 0)
(381.8181818 90 0)
(400 90 0)
(418.1818182 90 0)
(436.3636364 90 0)
(454.5454545 90 0)
(472.7272727 90 0)
(490.9090909 90 0)
(509.0909091 90 0)
(527.2727273 90 0)
(545.4545455 90 0)
(563.6363636 90 0)
(581.8181818 90 0)
(600 90 0)
(618.1818182 90 0)
(636.3636364 90 0)
(654.5454545 90 0)
(672.7272727 90 0)
(690.9090909 90 0)
(709.0909091 90 0)
(727.2727273 90 0)
(745.4545455 90 0)
(763.6363636 90 0)
(781.8181818 90 0)
(800 90 0)
(818.1818182 90 0)
(836.3636364 90 0)
(854.5454545 90 0)
(872.7272727 90 0)
(890.9090909 90 0)
(909.0909091 90 0)
(927.2727273 90 0)
(945.4545455 90 0)
(963.6363636 90 0)
(981.8181818 90 0)
(1000 90 0)
(1018.181818 90 0)
(1036.363636 90 0)
(1054.545455 90 0)
(1072.727273 90 0)
(1090.909091 90 0)
(1109.090909 90 0)
(1127.272727 90 0)
(1145.454545 90 0)
(1163.636364 90 0)
(1181.818182 90 0)
(1200 90 0)
(1218.181818 90 0)
(1236.363636 90 0)
(1254.545455 90 0)
(1272.727273 90 0)
(1290.909091 90 0)
(1309.090909 90 0)
(1327.272727 90 0)
(1345.454545 90 0)
(1363.636364 90 0)
(1381.818182 90 0)
(1400 90 0)
(1418.181818 90 0)
(1436.363636 90 0)
(1454.545455 90 0)
(1472.727273 90 0)
(1490.909091 90 0)
(1509.090909 90 0)
(1527.272727 90 0)
(1545.454545 90 0)
(1563.636364 90 0)
(1581.818182 90 0)
(1600 90 0)
(1618.181818 90 0)
(1636.363636 90 0)
(1654.545455 90 0)
(1672.727273 90 0)
(1690.909091 90 0)
(1709.090909 90 0)
(1727.272727 90 0)
(1745.454545 90 0)
(1763.636364 90 0)
(1781.818182 90 0)
(1800 90 0)
(1818.181818 90 0)
(1836.363636 90 0)
(1854.545455 90 0)
(1872.727273 90 0)
(1890.909091 90 0)
(1909.090909 90 0)
(1927.272727 90 0)
(1945.454545 90 0)
(1963.636364 90 0)
(1981.818182 90 0)
(2000 90 0)
(0 93.33333333 0)
(18.18181818 93.33333333 0)
(36.36363636 93.33333333 0)
(54.54545455 93.33333333 0)
(72.72727273 93.33333333 0)
(90.90909091 93.33333333 0)
(109.0909091 93.33333333 0)
(127.2727273 93.33333333 0)
(145.4545455 93.33333333 0)
(163.6363636 93.33333333 0)
(181.8181818 93.33333333 0)
(200 93.33333333 0)
(218.1818182 93.33333333 0)
(236.3636364 93.33333333 0)
(254.5454545 93.33333333 0)
(272.7272727 93.33333333 0)
(290.9090909 93.33333333 0)
(309.0909091 93.33333333 0)
(327.2727273 93.33333333 0)
(345.4545455 93.33333333 0)
(363.6363636 93.33333333 0)
(381.8181818 93.33333333 0)
(400 93.33333333 0)
(418.1818182 93.33333333 0)
(436.3636364 93.33333333 0)
(454.5454545 93.33333333 0)
(472.7272727 93.33333333 0)
(490.9090909 93.33333333 0)
(509.0909091 93.33333333 0)
(527.2727273 93.33333333 0)
(545.4545455 93.33333333 0)
(563.6363636 93.33333333 0)
(581.8181818 93.33333333 0)
(600 93.33333333 0)
(618.1818182 93.33333333 0)
(636.3636364 93.33333333 0)
(654.5454545 93.33333333 0)
(672.7272727 93.33333333 0)
(690.9090909 93.33333333 0)
(709.0909091 93.33333333 0)
(727.2727273 93.33333333 0)
(745.4545455 93.33333333 0)
(763.6363636 93.33333333 0)
(781.8181818 93.33333333 0)
(800 93.33333333 0)
(818.1818182 93.33333333 0)
(836.3636364 93.33333333 0)
(854.5454545 93.33333333 0)
(872.7272727 93.33333333 0)
(890.9090909 93.33333333 0)
(909.0909091 93.33333333 0)
(927.2727273 93.33333333 0)
(945.4545455 93.33333333 0)
(963.6363636 93.33333333 0)
(981.8181818 93.33333333 0)
(1000 93.33333333 0)
(1018.181818 93.33333333 0)
(1036.363636 93.33333333 0)
(1054.545455 93.33333333 0)
(1072.727273 93.33333333 0)
(1090.909091 93.33333333 0)
(1109.090909 93.33333333 0)
(1127.272727 93.33333333 0)
(1145.454545 93.33333333 0)
(1163.636364 93.33333333 0)
(1181.818182 93.33333333 0)
(1200 93.33333333 0)
(1218.181818 93.33333333 0)
(1236.363636 93.33333333 0)
(1254.545455 93.33333333 0)
(1272.727273 93.33333333 0)
(1290.909091 93.33333333 0)
(1309.090909 93.33333333 0)
(1327.272727 93.33333333 0)
(1345.454545 93.33333333 0)
(1363.636364 93.33333333 0)
(1381.818182 93.33333333 0)
(1400 93.33333333 0)
(1418.181818 93.33333333 0)
(1436.363636 93.33333333 0)
(1454.545455 93.33333333 0)
(1472.727273 93.33333333 0)
(1490.909091 93.33333333 0)
(1509.090909 93.33333333 0)
(1527.272727 93.33333333 0)
(1545.454545 93.33333333 0)
(1563.636364 93.33333333 0)
(1581.818182 93.33333333 0)
(1600 93.33333333 0)
(1618.181818 93.33333333 0)
(1636.363636 93.33333333 0)
(1654.545455 93.33333333 0)
(1672.727273 93.33333333 0)
(1690.909091 93.33333333 0)
(1709.090909 93.33333333 0)
(1727.272727 93.33333333 0)
(1745.454545 93.33333333 0)
(1763.636364 93.33333333 0)
(1781.818182 93.33333333 0)
(1800 93.33333333 0)
(1818.181818 93.33333333 0)
(1836.363636 93.33333333 0)
(1854.545455 93.33333333 0)
(1872.727273 93.33333333 0)
(1890.909091 93.33333333 0)
(1909.090909 93.33333333 0)
(1927.272727 93.33333333 0)
(1945.454545 93.33333333 0)
(1963.636364 93.33333333 0)
(1981.818182 93.33333333 0)
(2000 93.33333333 0)
(0 96.66666667 0)
(18.18181818 96.66666667 0)
(36.36363636 96.66666667 0)
(54.54545455 96.66666667 0)
(72.72727273 96.66666667 0)
(90.90909091 96.66666667 0)
(109.0909091 96.66666667 0)
(127.2727273 96.66666667 0)
(145.4545455 96.66666667 0)
(163.6363636 96.66666667 0)
(181.8181818 96.66666667 0)
(200 96.66666667 0)
(218.1818182 96.66666667 0)
(236.3636364 96.66666667 0)
(254.5454545 96.66666667 0)
(272.7272727 96.66666667 0)
(290.9090909 96.66666667 0)
(309.0909091 96.66666667 0)
(327.2727273 96.66666667 0)
(345.4545455 96.66666667 0)
(363.6363636 96.66666667 0)
(381.8181818 96.66666667 0)
(400 96.66666667 0)
(418.1818182 96.66666667 0)
(436.3636364 96.66666667 0)
(454.5454545 96.66666667 0)
(472.7272727 96.66666667 0)
(490.9090909 96.66666667 0)
(509.0909091 96.66666667 0)
(527.2727273 96.66666667 0)
(545.4545455 96.66666667 0)
(563.6363636 96.66666667 0)
(581.8181818 96.66666667 0)
(600 96.66666667 0)
(618.1818182 96.66666667 0)
(636.3636364 96.66666667 0)
(654.5454545 96.66666667 0)
(672.7272727 96.66666667 0)
(690.9090909 96.66666667 0)
(709.0909091 96.66666667 0)
(727.2727273 96.66666667 0)
(745.4545455 96.66666667 0)
(763.6363636 96.66666667 0)
(781.8181818 96.66666667 0)
(800 96.66666667 0)
(818.1818182 96.66666667 0)
(836.3636364 96.66666667 0)
(854.5454545 96.66666667 0)
(872.7272727 96.66666667 0)
(890.9090909 96.66666667 0)
(909.0909091 96.66666667 0)
(927.2727273 96.66666667 0)
(945.4545455 96.66666667 0)
(963.6363636 96.66666667 0)
(981.8181818 96.66666667 0)
(1000 96.66666667 0)
(1018.181818 96.66666667 0)
(1036.363636 96.66666667 0)
(1054.545455 96.66666667 0)
(1072.727273 96.66666667 0)
(1090.909091 96.66666667 0)
(1109.090909 96.66666667 0)
(1127.272727 96.66666667 0)
(1145.454545 96.66666667 0)
(1163.636364 96.66666667 0)
(1181.818182 96.66666667 0)
(1200 96.66666667 0)
(1218.181818 96.66666667 0)
(1236.363636 96.66666667 0)
(1254.545455 96.66666667 0)
(1272.727273 96.66666667 0)
(1290.909091 96.66666667 0)
(1309.090909 96.66666667 0)
(1327.272727 96.66666667 0)
(1345.454545 96.66666667 0)
(1363.636364 96.66666667 0)
(1381.818182 96.66666667 0)
(1400 96.66666667 0)
(1418.181818 96.66666667 0)
(1436.363636 96.66666667 0)
(1454.545455 96.66666667 0)
(1472.727273 96.66666667 0)
(1490.909091 96.66666667 0)
(1509.090909 96.66666667 0)
(1527.272727 96.66666667 0)
(1545.454545 96.66666667 0)
(1563.636364 96.66666667 0)
(1581.818182 96.66666667 0)
(1600 96.66666667 0)
(1618.181818 96.66666667 0)
(1636.363636 96.66666667 0)
(1654.545455 96.66666667 0)
(1672.727273 96.66666667 0)
(1690.909091 96.66666667 0)
(1709.090909 96.66666667 0)
(1727.272727 96.66666667 0)
(1745.454545 96.66666667 0)
(1763.636364 96.66666667 0)
(1781.818182 96.66666667 0)
(1800 96.66666667 0)
(1818.181818 96.66666667 0)
(1836.363636 96.66666667 0)
(1854.545455 96.66666667 0)
(1872.727273 96.66666667 0)
(1890.909091 96.66666667 0)
(1909.090909 96.66666667 0)
(1927.272727 96.66666667 0)
(1945.454545 96.66666667 0)
(1963.636364 96.66666667 0)
(1981.818182 96.66666667 0)
(2000 96.66666667 0)
(0 100 0)
(18.18181818 100 0)
(36.36363636 100 0)
(54.54545455 100 0)
(72.72727273 100 0)
(90.90909091 100 0)
(109.0909091 100 0)
(127.2727273 100 0)
(145.4545455 100 0)
(163.6363636 100 0)
(181.8181818 100 0)
(200 100 0)
(218.1818182 100 0)
(236.3636364 100 0)
(254.5454545 100 0)
(272.7272727 100 0)
(290.9090909 100 0)
(309.0909091 100 0)
(327.2727273 100 0)
(345.4545455 100 0)
(363.6363636 100 0)
(381.8181818 100 0)
(400 100 0)
(418.1818182 100 0)
(436.3636364 100 0)
(454.5454545 100 0)
(472.7272727 100 0)
(490.9090909 100 0)
(509.0909091 100 0)
(527.2727273 100 0)
(545.4545455 100 0)
(563.6363636 100 0)
(581.8181818 100 0)
(600 100 0)
(618.1818182 100 0)
(636.3636364 100 0)
(654.5454545 100 0)
(672.7272727 100 0)
(690.9090909 100 0)
(709.0909091 100 0)
(727.2727273 100 0)
(745.4545455 100 0)
(763.6363636 100 0)
(781.8181818 100 0)
(800 100 0)
(818.1818182 100 0)
(836.3636364 100 0)
(854.5454545 100 0)
(872.7272727 100 0)
(890.9090909 100 0)
(909.0909091 100 0)
(927.2727273 100 0)
(945.4545455 100 0)
(963.6363636 100 0)
(981.8181818 100 0)
(1000 100 0)
(1018.181818 100 0)
(1036.363636 100 0)
(1054.545455 100 0)
(1072.727273 100 0)
(1090.909091 100 0)
(1109.090909 100 0)
(1127.272727 100 0)
(1145.454545 100 0)
(1163.636364 100 0)
(1181.818182 100 0)
(1200 100 0)
(1218.181818 100 0)
(1236.363636 100 0)
(1254.545455 100 0)
(1272.727273 100 0)
(1290.909091 100 0)
(1309.090909 100 0)
(1327.272727 100 0)
(1345.454545 100 0)
(1363.636364 100 0)
(1381.818182 100 0)
(1400 100 0)
(1418.181818 100 0)
(1436.363636 100 0)
(1454.545455 100 0)
(1472.727273 100 0)
(1490.909091 100 0)
(1509.090909 100 0)
(1527.272727 100 0)
(1545.454545 100 0)
(1563.636364 100 0)
(1581.818182 100 0)
(1600 100 0)
(1618.181818 100 0)
(1636.363636 100 0)
(1654.545455 100 0)
(1672.727273 100 0)
(1690.909091 100 0)
(1709.090909 100 0)
(1727.272727 100 0)
(1745.454545 100 0)
(1763.636364 100 0)
(1781.818182 100 0)
(1800 100 0)
(1818.181818 100 0)
(1836.363636 100 0)
(1854.545455 100 0)
(1872.727273 100 0)
(1890.909091 100 0)
(1909.090909 100 0)
(1927.272727 100 0)
(1945.454545 100 0)
(1963.636364 100 0)
(1981.818182 100 0)
(2000 100 0)
(0 0 750)
(18.18181818 0 750)
(36.36363636 0 750)
(54.54545455 0 750)
(72.72727273 0 750)
(90.90909091 0 750)
(109.0909091 0 750)
(127.2727273 0 750)
(145.4545455 0 750)
(163.6363636 0 750)
(181.8181818 0 750)
(200 0 750)
(218.1818182 0 750)
(236.3636364 0 750)
(254.5454545 0 750)
(272.7272727 0 750)
(290.9090909 0 750)
(309.0909091 0 750)
(327.2727273 0 750)
(345.4545455 0 750)
(363.6363636 0 750)
(381.8181818 0 750)
(400 0 750)
(418.1818182 0 750)
(436.3636364 0 750)
(454.5454545 0 750)
(472.7272727 0 750)
(490.9090909 0 750)
(509.0909091 0 750)
(527.2727273 0 750)
(545.4545455 0 750)
(563.6363636 0 750)
(581.8181818 0 750)
(600 0 750)
(618.1818182 0 750)
(636.3636364 0 750)
(654.5454545 0 750)
(672.7272727 0 750)
(690.9090909 0 750)
(709.0909091 0 750)
(727.2727273 0 750)
(745.4545455 0 750)
(763.6363636 0 750)
(781.8181818 0 750)
(800 0 750)
(818.1818182 0 750)
(836.3636364 0 750)
(854.5454545 0 750)
(872.7272727 0 750)
(890.9090909 0 750)
(909.0909091 0 750)
(927.2727273 0 750)
(945.4545455 0 750)
(963.6363636 0 750)
(981.8181818 0 750)
(1000 0 750)
(1018.181818 0 750)
(1036.363636 0 750)
(1054.545455 0 750)
(1072.727273 0 750)
(1090.909091 0 750)
(1109.090909 0 750)
(1127.272727 0 750)
(1145.454545 0 750)
(1163.636364 0 750)
(1181.818182 0 750)
(1200 0 750)
(1218.181818 0 750)
(1236.363636 0 750)
(1254.545455 0 750)
(1272.727273 0 750)
(1290.909091 0 750)
(1309.090909 0 750)
(1327.272727 0 750)
(1345.454545 0 750)
(1363.636364 0 750)
(1381.818182 0 750)
(1400 0 750)
(1418.181818 0 750)
(1436.363636 0 750)
(1454.545455 0 750)
(1472.727273 0 750)
(1490.909091 0 750)
(1509.090909 0 750)
(1527.272727 0 750)
(1545.454545 0 750)
(1563.636364 0 750)
(1581.818182 0 750)
(1600 0 750)
(1618.181818 0 750)
(1636.363636 0 750)
(1654.545455 0 750)
(1672.727273 0 750)
(1690.909091 0 750)
(1709.090909 0 750)
(1727.272727 0 750)
(1745.454545 0 750)
(1763.636364 0 750)
(1781.818182 0 750)
(1800 0 750)
(1818.181818 0 750)
(1836.363636 0 750)
(1854.545455 0 750)
(1872.727273 0 750)
(1890.909091 0 750)
(1909.090909 0 750)
(1927.272727 0 750)
(1945.454545 0 750)
(1963.636364 0 750)
(1981.818182 0 750)
(2000 0 750)
(0 3.333333333 750)
(18.18181818 3.333333333 750)
(36.36363636 3.333333333 750)
(54.54545455 3.333333333 750)
(72.72727273 3.333333333 750)
(90.90909091 3.333333333 750)
(109.0909091 3.333333333 750)
(127.2727273 3.333333333 750)
(145.4545455 3.333333333 750)
(163.6363636 3.333333333 750)
(181.8181818 3.333333333 750)
(200 3.333333333 750)
(218.1818182 3.333333333 750)
(236.3636364 3.333333333 750)
(254.5454545 3.333333333 750)
(272.7272727 3.333333333 750)
(290.9090909 3.333333333 750)
(309.0909091 3.333333333 750)
(327.2727273 3.333333333 750)
(345.4545455 3.333333333 750)
(363.6363636 3.333333333 750)
(381.8181818 3.333333333 750)
(400 3.333333333 750)
(418.1818182 3.333333333 750)
(436.3636364 3.333333333 750)
(454.5454545 3.333333333 750)
(472.7272727 3.333333333 750)
(490.9090909 3.333333333 750)
(509.0909091 3.333333333 750)
(527.2727273 3.333333333 750)
(545.4545455 3.333333333 750)
(563.6363636 3.333333333 750)
(581.8181818 3.333333333 750)
(600 3.333333333 750)
(618.1818182 3.333333333 750)
(636.3636364 3.333333333 750)
(654.5454545 3.333333333 750)
(672.7272727 3.333333333 750)
(690.9090909 3.333333333 750)
(709.0909091 3.333333333 750)
(727.2727273 3.333333333 750)
(745.4545455 3.333333333 750)
(763.6363636 3.333333333 750)
(781.8181818 3.333333333 750)
(800 3.333333333 750)
(818.1818182 3.333333333 750)
(836.3636364 3.333333333 750)
(854.5454545 3.333333333 750)
(872.7272727 3.333333333 750)
(890.9090909 3.333333333 750)
(909.0909091 3.333333333 750)
(927.2727273 3.333333333 750)
(945.4545455 3.333333333 750)
(963.6363636 3.333333333 750)
(981.8181818 3.333333333 750)
(1000 3.333333333 750)
(1018.181818 3.333333333 750)
(1036.363636 3.333333333 750)
(1054.545455 3.333333333 750)
(1072.727273 3.333333333 750)
(1090.909091 3.333333333 750)
(1109.090909 3.333333333 750)
(1127.272727 3.333333333 750)
(1145.454545 3.333333333 750)
(1163.636364 3.333333333 750)
(1181.818182 3.333333333 750)
(1200 3.333333333 750)
(1218.181818 3.333333333 750)
(1236.363636 3.333333333 750)
(1254.545455 3.333333333 750)
(1272.727273 3.333333333 750)
(1290.909091 3.333333333 750)
(1309.090909 3.333333333 750)
(1327.272727 3.333333333 750)
(1345.454545 3.333333333 750)
(1363.636364 3.333333333 750)
(1381.818182 3.333333333 750)
(1400 3.333333333 750)
(1418.181818 3.333333333 750)
(1436.363636 3.333333333 750)
(1454.545455 3.333333333 750)
(1472.727273 3.333333333 750)
(1490.909091 3.333333333 750)
(1509.090909 3.333333333 750)
(1527.272727 3.333333333 750)
(1545.454545 3.333333333 750)
(1563.636364 3.333333333 750)
(1581.818182 3.333333333 750)
(1600 3.333333333 750)
(1618.181818 3.333333333 750)
(1636.363636 3.333333333 750)
(1654.545455 3.333333333 750)
(1672.727273 3.333333333 750)
(1690.909091 3.333333333 750)
(1709.090909 3.333333333 750)
(1727.272727 3.333333333 750)
(1745.454545 3.333333333 750)
(1763.636364 3.333333333 750)
(1781.818182 3.333333333 750)
(1800 3.333333333 750)
(1818.181818 3.333333333 750)
(1836.363636 3.333333333 750)
(1854.545455 3.333333333 750)
(1872.727273 3.333333333 750)
(1890.909091 3.333333333 750)
(1909.090909 3.333333333 750)
(1927.272727 3.333333333 750)
(1945.454545 3.333333333 750)
(1963.636364 3.333333333 750)
(1981.818182 3.333333333 750)
(2000 3.333333333 750)
(0 6.666666667 750)
(18.18181818 6.666666667 750)
(36.36363636 6.666666667 750)
(54.54545455 6.666666667 750)
(72.72727273 6.666666667 750)
(90.90909091 6.666666667 750)
(109.0909091 6.666666667 750)
(127.2727273 6.666666667 750)
(145.4545455 6.666666667 750)
(163.6363636 6.666666667 750)
(181.8181818 6.666666667 750)
(200 6.666666667 750)
(218.1818182 6.666666667 750)
(236.3636364 6.666666667 750)
(254.5454545 6.666666667 750)
(272.7272727 6.666666667 750)
(290.9090909 6.666666667 750)
(309.0909091 6.666666667 750)
(327.2727273 6.666666667 750)
(345.4545455 6.666666667 750)
(363.6363636 6.666666667 750)
(381.8181818 6.666666667 750)
(400 6.666666667 750)
(418.1818182 6.666666667 750)
(436.3636364 6.666666667 750)
(454.5454545 6.666666667 750)
(472.7272727 6.666666667 750)
(490.9090909 6.666666667 750)
(509.0909091 6.666666667 750)
(527.2727273 6.666666667 750)
(545.4545455 6.666666667 750)
(563.6363636 6.666666667 750)
(581.8181818 6.666666667 750)
(600 6.666666667 750)
(618.1818182 6.666666667 750)
(636.3636364 6.666666667 750)
(654.5454545 6.666666667 750)
(672.7272727 6.666666667 750)
(690.9090909 6.666666667 750)
(709.0909091 6.666666667 750)
(727.2727273 6.666666667 750)
(745.4545455 6.666666667 750)
(763.6363636 6.666666667 750)
(781.8181818 6.666666667 750)
(800 6.666666667 750)
(818.1818182 6.666666667 750)
(836.3636364 6.666666667 750)
(854.5454545 6.666666667 750)
(872.7272727 6.666666667 750)
(890.9090909 6.666666667 750)
(909.0909091 6.666666667 750)
(927.2727273 6.666666667 750)
(945.4545455 6.666666667 750)
(963.6363636 6.666666667 750)
(981.8181818 6.666666667 750)
(1000 6.666666667 750)
(1018.181818 6.666666667 750)
(1036.363636 6.666666667 750)
(1054.545455 6.666666667 750)
(1072.727273 6.666666667 750)
(1090.909091 6.666666667 750)
(1109.090909 6.666666667 750)
(1127.272727 6.666666667 750)
(1145.454545 6.666666667 750)
(1163.636364 6.666666667 750)
(1181.818182 6.666666667 750)
(1200 6.666666667 750)
(1218.181818 6.666666667 750)
(1236.363636 6.666666667 750)
(1254.545455 6.666666667 750)
(1272.727273 6.666666667 750)
(1290.909091 6.666666667 750)
(1309.090909 6.666666667 750)
(1327.272727 6.666666667 750)
(1345.454545 6.666666667 750)
(1363.636364 6.666666667 750)
(1381.818182 6.666666667 750)
(1400 6.666666667 750)
(1418.181818 6.666666667 750)
(1436.363636 6.666666667 750)
(1454.545455 6.666666667 750)
(1472.727273 6.666666667 750)
(1490.909091 6.666666667 750)
(1509.090909 6.666666667 750)
(1527.272727 6.666666667 750)
(1545.454545 6.666666667 750)
(1563.636364 6.666666667 750)
(1581.818182 6.666666667 750)
(1600 6.666666667 750)
(1618.181818 6.666666667 750)
(1636.363636 6.666666667 750)
(1654.545455 6.666666667 750)
(1672.727273 6.666666667 750)
(1690.909091 6.666666667 750)
(1709.090909 6.666666667 750)
(1727.272727 6.666666667 750)
(1745.454545 6.666666667 750)
(1763.636364 6.666666667 750)
(1781.818182 6.666666667 750)
(1800 6.666666667 750)
(1818.181818 6.666666667 750)
(1836.363636 6.666666667 750)
(1854.545455 6.666666667 750)
(1872.727273 6.666666667 750)
(1890.909091 6.666666667 750)
(1909.090909 6.666666667 750)
(1927.272727 6.666666667 750)
(1945.454545 6.666666667 750)
(1963.636364 6.666666667 750)
(1981.818182 6.666666667 750)
(2000 6.666666667 750)
(0 10 750)
(18.18181818 10 750)
(36.36363636 10 750)
(54.54545455 10 750)
(72.72727273 10 750)
(90.90909091 10 750)
(109.0909091 10 750)
(127.2727273 10 750)
(145.4545455 10 750)
(163.6363636 10 750)
(181.8181818 10 750)
(200 10 750)
(218.1818182 10 750)
(236.3636364 10 750)
(254.5454545 10 750)
(272.7272727 10 750)
(290.9090909 10 750)
(309.0909091 10 750)
(327.2727273 10 750)
(345.4545455 10 750)
(363.6363636 10 750)
(381.8181818 10 750)
(400 10 750)
(418.1818182 10 750)
(436.3636364 10 750)
(454.5454545 10 750)
(472.7272727 10 750)
(490.9090909 10 750)
(509.0909091 10 750)
(527.2727273 10 750)
(545.4545455 10 750)
(563.6363636 10 750)
(581.8181818 10 750)
(600 10 750)
(618.1818182 10 750)
(636.3636364 10 750)
(654.5454545 10 750)
(672.7272727 10 750)
(690.9090909 10 750)
(709.0909091 10 750)
(727.2727273 10 750)
(745.4545455 10 750)
(763.6363636 10 750)
(781.8181818 10 750)
(800 10 750)
(818.1818182 10 750)
(836.3636364 10 750)
(854.5454545 10 750)
(872.7272727 10 750)
(890.9090909 10 750)
(909.0909091 10 750)
(927.2727273 10 750)
(945.4545455 10 750)
(963.6363636 10 750)
(981.8181818 10 750)
(1000 10 750)
(1018.181818 10 750)
(1036.363636 10 750)
(1054.545455 10 750)
(1072.727273 10 750)
(1090.909091 10 750)
(1109.090909 10 750)
(1127.272727 10 750)
(1145.454545 10 750)
(1163.636364 10 750)
(1181.818182 10 750)
(1200 10 750)
(1218.181818 10 750)
(1236.363636 10 750)
(1254.545455 10 750)
(1272.727273 10 750)
(1290.909091 10 750)
(1309.090909 10 750)
(1327.272727 10 750)
(1345.454545 10 750)
(1363.636364 10 750)
(1381.818182 10 750)
(1400 10 750)
(1418.181818 10 750)
(1436.363636 10 750)
(1454.545455 10 750)
(1472.727273 10 750)
(1490.909091 10 750)
(1509.090909 10 750)
(1527.272727 10 750)
(1545.454545 10 750)
(1563.636364 10 750)
(1581.818182 10 750)
(1600 10 750)
(1618.181818 10 750)
(1636.363636 10 750)
(1654.545455 10 750)
(1672.727273 10 750)
(1690.909091 10 750)
(1709.090909 10 750)
(1727.272727 10 750)
(1745.454545 10 750)
(1763.636364 10 750)
(1781.818182 10 750)
(1800 10 750)
(1818.181818 10 750)
(1836.363636 10 750)
(1854.545455 10 750)
(1872.727273 10 750)
(1890.909091 10 750)
(1909.090909 10 750)
(1927.272727 10 750)
(1945.454545 10 750)
(1963.636364 10 750)
(1981.818182 10 750)
(2000 10 750)
(0 13.33333333 750)
(18.18181818 13.33333333 750)
(36.36363636 13.33333333 750)
(54.54545455 13.33333333 750)
(72.72727273 13.33333333 750)
(90.90909091 13.33333333 750)
(109.0909091 13.33333333 750)
(127.2727273 13.33333333 750)
(145.4545455 13.33333333 750)
(163.6363636 13.33333333 750)
(181.8181818 13.33333333 750)
(200 13.33333333 750)
(218.1818182 13.33333333 750)
(236.3636364 13.33333333 750)
(254.5454545 13.33333333 750)
(272.7272727 13.33333333 750)
(290.9090909 13.33333333 750)
(309.0909091 13.33333333 750)
(327.2727273 13.33333333 750)
(345.4545455 13.33333333 750)
(363.6363636 13.33333333 750)
(381.8181818 13.33333333 750)
(400 13.33333333 750)
(418.1818182 13.33333333 750)
(436.3636364 13.33333333 750)
(454.5454545 13.33333333 750)
(472.7272727 13.33333333 750)
(490.9090909 13.33333333 750)
(509.0909091 13.33333333 750)
(527.2727273 13.33333333 750)
(545.4545455 13.33333333 750)
(563.6363636 13.33333333 750)
(581.8181818 13.33333333 750)
(600 13.33333333 750)
(618.1818182 13.33333333 750)
(636.3636364 13.33333333 750)
(654.5454545 13.33333333 750)
(672.7272727 13.33333333 750)
(690.9090909 13.33333333 750)
(709.0909091 13.33333333 750)
(727.2727273 13.33333333 750)
(745.4545455 13.33333333 750)
(763.6363636 13.33333333 750)
(781.8181818 13.33333333 750)
(800 13.33333333 750)
(818.1818182 13.33333333 750)
(836.3636364 13.33333333 750)
(854.5454545 13.33333333 750)
(872.7272727 13.33333333 750)
(890.9090909 13.33333333 750)
(909.0909091 13.33333333 750)
(927.2727273 13.33333333 750)
(945.4545455 13.33333333 750)
(963.6363636 13.33333333 750)
(981.8181818 13.33333333 750)
(1000 13.33333333 750)
(1018.181818 13.33333333 750)
(1036.363636 13.33333333 750)
(1054.545455 13.33333333 750)
(1072.727273 13.33333333 750)
(1090.909091 13.33333333 750)
(1109.090909 13.33333333 750)
(1127.272727 13.33333333 750)
(1145.454545 13.33333333 750)
(1163.636364 13.33333333 750)
(1181.818182 13.33333333 750)
(1200 13.33333333 750)
(1218.181818 13.33333333 750)
(1236.363636 13.33333333 750)
(1254.545455 13.33333333 750)
(1272.727273 13.33333333 750)
(1290.909091 13.33333333 750)
(1309.090909 13.33333333 750)
(1327.272727 13.33333333 750)
(1345.454545 13.33333333 750)
(1363.636364 13.33333333 750)
(1381.818182 13.33333333 750)
(1400 13.33333333 750)
(1418.181818 13.33333333 750)
(1436.363636 13.33333333 750)
(1454.545455 13.33333333 750)
(1472.727273 13.33333333 750)
(1490.909091 13.33333333 750)
(1509.090909 13.33333333 750)
(1527.272727 13.33333333 750)
(1545.454545 13.33333333 750)
(1563.636364 13.33333333 750)
(1581.818182 13.33333333 750)
(1600 13.33333333 750)
(1618.181818 13.33333333 750)
(1636.363636 13.33333333 750)
(1654.545455 13.33333333 750)
(1672.727273 13.33333333 750)
(1690.909091 13.33333333 750)
(1709.090909 13.33333333 750)
(1727.272727 13.33333333 750)
(1745.454545 13.33333333 750)
(1763.636364 13.33333333 750)
(1781.818182 13.33333333 750)
(1800 13.33333333 750)
(1818.181818 13.33333333 750)
(1836.363636 13.33333333 750)
(1854.545455 13.33333333 750)
(1872.727273 13.33333333 750)
(1890.909091 13.33333333 750)
(1909.090909 13.33333333 750)
(1927.272727 13.33333333 750)
(1945.454545 13.33333333 750)
(1963.636364 13.33333333 750)
(1981.818182 13.33333333 750)
(2000 13.33333333 750)
(0 16.66666667 750)
(18.18181818 16.66666667 750)
(36.36363636 16.66666667 750)
(54.54545455 16.66666667 750)
(72.72727273 16.66666667 750)
(90.90909091 16.66666667 750)
(109.0909091 16.66666667 750)
(127.2727273 16.66666667 750)
(145.4545455 16.66666667 750)
(163.6363636 16.66666667 750)
(181.8181818 16.66666667 750)
(200 16.66666667 750)
(218.1818182 16.66666667 750)
(236.3636364 16.66666667 750)
(254.5454545 16.66666667 750)
(272.7272727 16.66666667 750)
(290.9090909 16.66666667 750)
(309.0909091 16.66666667 750)
(327.2727273 16.66666667 750)
(345.4545455 16.66666667 750)
(363.6363636 16.66666667 750)
(381.8181818 16.66666667 750)
(400 16.66666667 750)
(418.1818182 16.66666667 750)
(436.3636364 16.66666667 750)
(454.5454545 16.66666667 750)
(472.7272727 16.66666667 750)
(490.9090909 16.66666667 750)
(509.0909091 16.66666667 750)
(527.2727273 16.66666667 750)
(545.4545455 16.66666667 750)
(563.6363636 16.66666667 750)
(581.8181818 16.66666667 750)
(600 16.66666667 750)
(618.1818182 16.66666667 750)
(636.3636364 16.66666667 750)
(654.5454545 16.66666667 750)
(672.7272727 16.66666667 750)
(690.9090909 16.66666667 750)
(709.0909091 16.66666667 750)
(727.2727273 16.66666667 750)
(745.4545455 16.66666667 750)
(763.6363636 16.66666667 750)
(781.8181818 16.66666667 750)
(800 16.66666667 750)
(818.1818182 16.66666667 750)
(836.3636364 16.66666667 750)
(854.5454545 16.66666667 750)
(872.7272727 16.66666667 750)
(890.9090909 16.66666667 750)
(909.0909091 16.66666667 750)
(927.2727273 16.66666667 750)
(945.4545455 16.66666667 750)
(963.6363636 16.66666667 750)
(981.8181818 16.66666667 750)
(1000 16.66666667 750)
(1018.181818 16.66666667 750)
(1036.363636 16.66666667 750)
(1054.545455 16.66666667 750)
(1072.727273 16.66666667 750)
(1090.909091 16.66666667 750)
(1109.090909 16.66666667 750)
(1127.272727 16.66666667 750)
(1145.454545 16.66666667 750)
(1163.636364 16.66666667 750)
(1181.818182 16.66666667 750)
(1200 16.66666667 750)
(1218.181818 16.66666667 750)
(1236.363636 16.66666667 750)
(1254.545455 16.66666667 750)
(1272.727273 16.66666667 750)
(1290.909091 16.66666667 750)
(1309.090909 16.66666667 750)
(1327.272727 16.66666667 750)
(1345.454545 16.66666667 750)
(1363.636364 16.66666667 750)
(1381.818182 16.66666667 750)
(1400 16.66666667 750)
(1418.181818 16.66666667 750)
(1436.363636 16.66666667 750)
(1454.545455 16.66666667 750)
(1472.727273 16.66666667 750)
(1490.909091 16.66666667 750)
(1509.090909 16.66666667 750)
(1527.272727 16.66666667 750)
(1545.454545 16.66666667 750)
(1563.636364 16.66666667 750)
(1581.818182 16.66666667 750)
(1600 16.66666667 750)
(1618.181818 16.66666667 750)
(1636.363636 16.66666667 750)
(1654.545455 16.66666667 750)
(1672.727273 16.66666667 750)
(1690.909091 16.66666667 750)
(1709.090909 16.66666667 750)
(1727.272727 16.66666667 750)
(1745.454545 16.66666667 750)
(1763.636364 16.66666667 750)
(1781.818182 16.66666667 750)
(1800 16.66666667 750)
(1818.181818 16.66666667 750)
(1836.363636 16.66666667 750)
(1854.545455 16.66666667 750)
(1872.727273 16.66666667 750)
(1890.909091 16.66666667 750)
(1909.090909 16.66666667 750)
(1927.272727 16.66666667 750)
(1945.454545 16.66666667 750)
(1963.636364 16.66666667 750)
(1981.818182 16.66666667 750)
(2000 16.66666667 750)
(0 20 750)
(18.18181818 20 750)
(36.36363636 20 750)
(54.54545455 20 750)
(72.72727273 20 750)
(90.90909091 20 750)
(109.0909091 20 750)
(127.2727273 20 750)
(145.4545455 20 750)
(163.6363636 20 750)
(181.8181818 20 750)
(200 20 750)
(218.1818182 20 750)
(236.3636364 20 750)
(254.5454545 20 750)
(272.7272727 20 750)
(290.9090909 20 750)
(309.0909091 20 750)
(327.2727273 20 750)
(345.4545455 20 750)
(363.6363636 20 750)
(381.8181818 20 750)
(400 20 750)
(418.1818182 20 750)
(436.3636364 20 750)
(454.5454545 20 750)
(472.7272727 20 750)
(490.9090909 20 750)
(509.0909091 20 750)
(527.2727273 20 750)
(545.4545455 20 750)
(563.6363636 20 750)
(581.8181818 20 750)
(600 20 750)
(618.1818182 20 750)
(636.3636364 20 750)
(654.5454545 20 750)
(672.7272727 20 750)
(690.9090909 20 750)
(709.0909091 20 750)
(727.2727273 20 750)
(745.4545455 20 750)
(763.6363636 20 750)
(781.8181818 20 750)
(800 20 750)
(818.1818182 20 750)
(836.3636364 20 750)
(854.5454545 20 750)
(872.7272727 20 750)
(890.9090909 20 750)
(909.0909091 20 750)
(927.2727273 20 750)
(945.4545455 20 750)
(963.6363636 20 750)
(981.8181818 20 750)
(1000 20 750)
(1018.181818 20 750)
(1036.363636 20 750)
(1054.545455 20 750)
(1072.727273 20 750)
(1090.909091 20 750)
(1109.090909 20 750)
(1127.272727 20 750)
(1145.454545 20 750)
(1163.636364 20 750)
(1181.818182 20 750)
(1200 20 750)
(1218.181818 20 750)
(1236.363636 20 750)
(1254.545455 20 750)
(1272.727273 20 750)
(1290.909091 20 750)
(1309.090909 20 750)
(1327.272727 20 750)
(1345.454545 20 750)
(1363.636364 20 750)
(1381.818182 20 750)
(1400 20 750)
(1418.181818 20 750)
(1436.363636 20 750)
(1454.545455 20 750)
(1472.727273 20 750)
(1490.909091 20 750)
(1509.090909 20 750)
(1527.272727 20 750)
(1545.454545 20 750)
(1563.636364 20 750)
(1581.818182 20 750)
(1600 20 750)
(1618.181818 20 750)
(1636.363636 20 750)
(1654.545455 20 750)
(1672.727273 20 750)
(1690.909091 20 750)
(1709.090909 20 750)
(1727.272727 20 750)
(1745.454545 20 750)
(1763.636364 20 750)
(1781.818182 20 750)
(1800 20 750)
(1818.181818 20 750)
(1836.363636 20 750)
(1854.545455 20 750)
(1872.727273 20 750)
(1890.909091 20 750)
(1909.090909 20 750)
(1927.272727 20 750)
(1945.454545 20 750)
(1963.636364 20 750)
(1981.818182 20 750)
(2000 20 750)
(0 23.33333333 750)
(18.18181818 23.33333333 750)
(36.36363636 23.33333333 750)
(54.54545455 23.33333333 750)
(72.72727273 23.33333333 750)
(90.90909091 23.33333333 750)
(109.0909091 23.33333333 750)
(127.2727273 23.33333333 750)
(145.4545455 23.33333333 750)
(163.6363636 23.33333333 750)
(181.8181818 23.33333333 750)
(200 23.33333333 750)
(218.1818182 23.33333333 750)
(236.3636364 23.33333333 750)
(254.5454545 23.33333333 750)
(272.7272727 23.33333333 750)
(290.9090909 23.33333333 750)
(309.0909091 23.33333333 750)
(327.2727273 23.33333333 750)
(345.4545455 23.33333333 750)
(363.6363636 23.33333333 750)
(381.8181818 23.33333333 750)
(400 23.33333333 750)
(418.1818182 23.33333333 750)
(436.3636364 23.33333333 750)
(454.5454545 23.33333333 750)
(472.7272727 23.33333333 750)
(490.9090909 23.33333333 750)
(509.0909091 23.33333333 750)
(527.2727273 23.33333333 750)
(545.4545455 23.33333333 750)
(563.6363636 23.33333333 750)
(581.8181818 23.33333333 750)
(600 23.33333333 750)
(618.1818182 23.33333333 750)
(636.3636364 23.33333333 750)
(654.5454545 23.33333333 750)
(672.7272727 23.33333333 750)
(690.9090909 23.33333333 750)
(709.0909091 23.33333333 750)
(727.2727273 23.33333333 750)
(745.4545455 23.33333333 750)
(763.6363636 23.33333333 750)
(781.8181818 23.33333333 750)
(800 23.33333333 750)
(818.1818182 23.33333333 750)
(836.3636364 23.33333333 750)
(854.5454545 23.33333333 750)
(872.7272727 23.33333333 750)
(890.9090909 23.33333333 750)
(909.0909091 23.33333333 750)
(927.2727273 23.33333333 750)
(945.4545455 23.33333333 750)
(963.6363636 23.33333333 750)
(981.8181818 23.33333333 750)
(1000 23.33333333 750)
(1018.181818 23.33333333 750)
(1036.363636 23.33333333 750)
(1054.545455 23.33333333 750)
(1072.727273 23.33333333 750)
(1090.909091 23.33333333 750)
(1109.090909 23.33333333 750)
(1127.272727 23.33333333 750)
(1145.454545 23.33333333 750)
(1163.636364 23.33333333 750)
(1181.818182 23.33333333 750)
(1200 23.33333333 750)
(1218.181818 23.33333333 750)
(1236.363636 23.33333333 750)
(1254.545455 23.33333333 750)
(1272.727273 23.33333333 750)
(1290.909091 23.33333333 750)
(1309.090909 23.33333333 750)
(1327.272727 23.33333333 750)
(1345.454545 23.33333333 750)
(1363.636364 23.33333333 750)
(1381.818182 23.33333333 750)
(1400 23.33333333 750)
(1418.181818 23.33333333 750)
(1436.363636 23.33333333 750)
(1454.545455 23.33333333 750)
(1472.727273 23.33333333 750)
(1490.909091 23.33333333 750)
(1509.090909 23.33333333 750)
(1527.272727 23.33333333 750)
(1545.454545 23.33333333 750)
(1563.636364 23.33333333 750)
(1581.818182 23.33333333 750)
(1600 23.33333333 750)
(1618.181818 23.33333333 750)
(1636.363636 23.33333333 750)
(1654.545455 23.33333333 750)
(1672.727273 23.33333333 750)
(1690.909091 23.33333333 750)
(1709.090909 23.33333333 750)
(1727.272727 23.33333333 750)
(1745.454545 23.33333333 750)
(1763.636364 23.33333333 750)
(1781.818182 23.33333333 750)
(1800 23.33333333 750)
(1818.181818 23.33333333 750)
(1836.363636 23.33333333 750)
(1854.545455 23.33333333 750)
(1872.727273 23.33333333 750)
(1890.909091 23.33333333 750)
(1909.090909 23.33333333 750)
(1927.272727 23.33333333 750)
(1945.454545 23.33333333 750)
(1963.636364 23.33333333 750)
(1981.818182 23.33333333 750)
(2000 23.33333333 750)
(0 26.66666667 750)
(18.18181818 26.66666667 750)
(36.36363636 26.66666667 750)
(54.54545455 26.66666667 750)
(72.72727273 26.66666667 750)
(90.90909091 26.66666667 750)
(109.0909091 26.66666667 750)
(127.2727273 26.66666667 750)
(145.4545455 26.66666667 750)
(163.6363636 26.66666667 750)
(181.8181818 26.66666667 750)
(200 26.66666667 750)
(218.1818182 26.66666667 750)
(236.3636364 26.66666667 750)
(254.5454545 26.66666667 750)
(272.7272727 26.66666667 750)
(290.9090909 26.66666667 750)
(309.0909091 26.66666667 750)
(327.2727273 26.66666667 750)
(345.4545455 26.66666667 750)
(363.6363636 26.66666667 750)
(381.8181818 26.66666667 750)
(400 26.66666667 750)
(418.1818182 26.66666667 750)
(436.3636364 26.66666667 750)
(454.5454545 26.66666667 750)
(472.7272727 26.66666667 750)
(490.9090909 26.66666667 750)
(509.0909091 26.66666667 750)
(527.2727273 26.66666667 750)
(545.4545455 26.66666667 750)
(563.6363636 26.66666667 750)
(581.8181818 26.66666667 750)
(600 26.66666667 750)
(618.1818182 26.66666667 750)
(636.3636364 26.66666667 750)
(654.5454545 26.66666667 750)
(672.7272727 26.66666667 750)
(690.9090909 26.66666667 750)
(709.0909091 26.66666667 750)
(727.2727273 26.66666667 750)
(745.4545455 26.66666667 750)
(763.6363636 26.66666667 750)
(781.8181818 26.66666667 750)
(800 26.66666667 750)
(818.1818182 26.66666667 750)
(836.3636364 26.66666667 750)
(854.5454545 26.66666667 750)
(872.7272727 26.66666667 750)
(890.9090909 26.66666667 750)
(909.0909091 26.66666667 750)
(927.2727273 26.66666667 750)
(945.4545455 26.66666667 750)
(963.6363636 26.66666667 750)
(981.8181818 26.66666667 750)
(1000 26.66666667 750)
(1018.181818 26.66666667 750)
(1036.363636 26.66666667 750)
(1054.545455 26.66666667 750)
(1072.727273 26.66666667 750)
(1090.909091 26.66666667 750)
(1109.090909 26.66666667 750)
(1127.272727 26.66666667 750)
(1145.454545 26.66666667 750)
(1163.636364 26.66666667 750)
(1181.818182 26.66666667 750)
(1200 26.66666667 750)
(1218.181818 26.66666667 750)
(1236.363636 26.66666667 750)
(1254.545455 26.66666667 750)
(1272.727273 26.66666667 750)
(1290.909091 26.66666667 750)
(1309.090909 26.66666667 750)
(1327.272727 26.66666667 750)
(1345.454545 26.66666667 750)
(1363.636364 26.66666667 750)
(1381.818182 26.66666667 750)
(1400 26.66666667 750)
(1418.181818 26.66666667 750)
(1436.363636 26.66666667 750)
(1454.545455 26.66666667 750)
(1472.727273 26.66666667 750)
(1490.909091 26.66666667 750)
(1509.090909 26.66666667 750)
(1527.272727 26.66666667 750)
(1545.454545 26.66666667 750)
(1563.636364 26.66666667 750)
(1581.818182 26.66666667 750)
(1600 26.66666667 750)
(1618.181818 26.66666667 750)
(1636.363636 26.66666667 750)
(1654.545455 26.66666667 750)
(1672.727273 26.66666667 750)
(1690.909091 26.66666667 750)
(1709.090909 26.66666667 750)
(1727.272727 26.66666667 750)
(1745.454545 26.66666667 750)
(1763.636364 26.66666667 750)
(1781.818182 26.66666667 750)
(1800 26.66666667 750)
(1818.181818 26.66666667 750)
(1836.363636 26.66666667 750)
(1854.545455 26.66666667 750)
(1872.727273 26.66666667 750)
(1890.909091 26.66666667 750)
(1909.090909 26.66666667 750)
(1927.272727 26.66666667 750)
(1945.454545 26.66666667 750)
(1963.636364 26.66666667 750)
(1981.818182 26.66666667 750)
(2000 26.66666667 750)
(0 30 750)
(18.18181818 30 750)
(36.36363636 30 750)
(54.54545455 30 750)
(72.72727273 30 750)
(90.90909091 30 750)
(109.0909091 30 750)
(127.2727273 30 750)
(145.4545455 30 750)
(163.6363636 30 750)
(181.8181818 30 750)
(200 30 750)
(218.1818182 30 750)
(236.3636364 30 750)
(254.5454545 30 750)
(272.7272727 30 750)
(290.9090909 30 750)
(309.0909091 30 750)
(327.2727273 30 750)
(345.4545455 30 750)
(363.6363636 30 750)
(381.8181818 30 750)
(400 30 750)
(418.1818182 30 750)
(436.3636364 30 750)
(454.5454545 30 750)
(472.7272727 30 750)
(490.9090909 30 750)
(509.0909091 30 750)
(527.2727273 30 750)
(545.4545455 30 750)
(563.6363636 30 750)
(581.8181818 30 750)
(600 30 750)
(618.1818182 30 750)
(636.3636364 30 750)
(654.5454545 30 750)
(672.7272727 30 750)
(690.9090909 30 750)
(709.0909091 30 750)
(727.2727273 30 750)
(745.4545455 30 750)
(763.6363636 30 750)
(781.8181818 30 750)
(800 30 750)
(818.1818182 30 750)
(836.3636364 30 750)
(854.5454545 30 750)
(872.7272727 30 750)
(890.9090909 30 750)
(909.0909091 30 750)
(927.2727273 30 750)
(945.4545455 30 750)
(963.6363636 30 750)
(981.8181818 30 750)
(1000 30 750)
(1018.181818 30 750)
(1036.363636 30 750)
(1054.545455 30 750)
(1072.727273 30 750)
(1090.909091 30 750)
(1109.090909 30 750)
(1127.272727 30 750)
(1145.454545 30 750)
(1163.636364 30 750)
(1181.818182 30 750)
(1200 30 750)
(1218.181818 30 750)
(1236.363636 30 750)
(1254.545455 30 750)
(1272.727273 30 750)
(1290.909091 30 750)
(1309.090909 30 750)
(1327.272727 30 750)
(1345.454545 30 750)
(1363.636364 30 750)
(1381.818182 30 750)
(1400 30 750)
(1418.181818 30 750)
(1436.363636 30 750)
(1454.545455 30 750)
(1472.727273 30 750)
(1490.909091 30 750)
(1509.090909 30 750)
(1527.272727 30 750)
(1545.454545 30 750)
(1563.636364 30 750)
(1581.818182 30 750)
(1600 30 750)
(1618.181818 30 750)
(1636.363636 30 750)
(1654.545455 30 750)
(1672.727273 30 750)
(1690.909091 30 750)
(1709.090909 30 750)
(1727.272727 30 750)
(1745.454545 30 750)
(1763.636364 30 750)
(1781.818182 30 750)
(1800 30 750)
(1818.181818 30 750)
(1836.363636 30 750)
(1854.545455 30 750)
(1872.727273 30 750)
(1890.909091 30 750)
(1909.090909 30 750)
(1927.272727 30 750)
(1945.454545 30 750)
(1963.636364 30 750)
(1981.818182 30 750)
(2000 30 750)
(0 33.33333333 750)
(18.18181818 33.33333333 750)
(36.36363636 33.33333333 750)
(54.54545455 33.33333333 750)
(72.72727273 33.33333333 750)
(90.90909091 33.33333333 750)
(109.0909091 33.33333333 750)
(127.2727273 33.33333333 750)
(145.4545455 33.33333333 750)
(163.6363636 33.33333333 750)
(181.8181818 33.33333333 750)
(200 33.33333333 750)
(218.1818182 33.33333333 750)
(236.3636364 33.33333333 750)
(254.5454545 33.33333333 750)
(272.7272727 33.33333333 750)
(290.9090909 33.33333333 750)
(309.0909091 33.33333333 750)
(327.2727273 33.33333333 750)
(345.4545455 33.33333333 750)
(363.6363636 33.33333333 750)
(381.8181818 33.33333333 750)
(400 33.33333333 750)
(418.1818182 33.33333333 750)
(436.3636364 33.33333333 750)
(454.5454545 33.33333333 750)
(472.7272727 33.33333333 750)
(490.9090909 33.33333333 750)
(509.0909091 33.33333333 750)
(527.2727273 33.33333333 750)
(545.4545455 33.33333333 750)
(563.6363636 33.33333333 750)
(581.8181818 33.33333333 750)
(600 33.33333333 750)
(618.1818182 33.33333333 750)
(636.3636364 33.33333333 750)
(654.5454545 33.33333333 750)
(672.7272727 33.33333333 750)
(690.9090909 33.33333333 750)
(709.0909091 33.33333333 750)
(727.2727273 33.33333333 750)
(745.4545455 33.33333333 750)
(763.6363636 33.33333333 750)
(781.8181818 33.33333333 750)
(800 33.33333333 750)
(818.1818182 33.33333333 750)
(836.3636364 33.33333333 750)
(854.5454545 33.33333333 750)
(872.7272727 33.33333333 750)
(890.9090909 33.33333333 750)
(909.0909091 33.33333333 750)
(927.2727273 33.33333333 750)
(945.4545455 33.33333333 750)
(963.6363636 33.33333333 750)
(981.8181818 33.33333333 750)
(1000 33.33333333 750)
(1018.181818 33.33333333 750)
(1036.363636 33.33333333 750)
(1054.545455 33.33333333 750)
(1072.727273 33.33333333 750)
(1090.909091 33.33333333 750)
(1109.090909 33.33333333 750)
(1127.272727 33.33333333 750)
(1145.454545 33.33333333 750)
(1163.636364 33.33333333 750)
(1181.818182 33.33333333 750)
(1200 33.33333333 750)
(1218.181818 33.33333333 750)
(1236.363636 33.33333333 750)
(1254.545455 33.33333333 750)
(1272.727273 33.33333333 750)
(1290.909091 33.33333333 750)
(1309.090909 33.33333333 750)
(1327.272727 33.33333333 750)
(1345.454545 33.33333333 750)
(1363.636364 33.33333333 750)
(1381.818182 33.33333333 750)
(1400 33.33333333 750)
(1418.181818 33.33333333 750)
(1436.363636 33.33333333 750)
(1454.545455 33.33333333 750)
(1472.727273 33.33333333 750)
(1490.909091 33.33333333 750)
(1509.090909 33.33333333 750)
(1527.272727 33.33333333 750)
(1545.454545 33.33333333 750)
(1563.636364 33.33333333 750)
(1581.818182 33.33333333 750)
(1600 33.33333333 750)
(1618.181818 33.33333333 750)
(1636.363636 33.33333333 750)
(1654.545455 33.33333333 750)
(1672.727273 33.33333333 750)
(1690.909091 33.33333333 750)
(1709.090909 33.33333333 750)
(1727.272727 33.33333333 750)
(1745.454545 33.33333333 750)
(1763.636364 33.33333333 750)
(1781.818182 33.33333333 750)
(1800 33.33333333 750)
(1818.181818 33.33333333 750)
(1836.363636 33.33333333 750)
(1854.545455 33.33333333 750)
(1872.727273 33.33333333 750)
(1890.909091 33.33333333 750)
(1909.090909 33.33333333 750)
(1927.272727 33.33333333 750)
(1945.454545 33.33333333 750)
(1963.636364 33.33333333 750)
(1981.818182 33.33333333 750)
(2000 33.33333333 750)
(0 36.66666667 750)
(18.18181818 36.66666667 750)
(36.36363636 36.66666667 750)
(54.54545455 36.66666667 750)
(72.72727273 36.66666667 750)
(90.90909091 36.66666667 750)
(109.0909091 36.66666667 750)
(127.2727273 36.66666667 750)
(145.4545455 36.66666667 750)
(163.6363636 36.66666667 750)
(181.8181818 36.66666667 750)
(200 36.66666667 750)
(218.1818182 36.66666667 750)
(236.3636364 36.66666667 750)
(254.5454545 36.66666667 750)
(272.7272727 36.66666667 750)
(290.9090909 36.66666667 750)
(309.0909091 36.66666667 750)
(327.2727273 36.66666667 750)
(345.4545455 36.66666667 750)
(363.6363636 36.66666667 750)
(381.8181818 36.66666667 750)
(400 36.66666667 750)
(418.1818182 36.66666667 750)
(436.3636364 36.66666667 750)
(454.5454545 36.66666667 750)
(472.7272727 36.66666667 750)
(490.9090909 36.66666667 750)
(509.0909091 36.66666667 750)
(527.2727273 36.66666667 750)
(545.4545455 36.66666667 750)
(563.6363636 36.66666667 750)
(581.8181818 36.66666667 750)
(600 36.66666667 750)
(618.1818182 36.66666667 750)
(636.3636364 36.66666667 750)
(654.5454545 36.66666667 750)
(672.7272727 36.66666667 750)
(690.9090909 36.66666667 750)
(709.0909091 36.66666667 750)
(727.2727273 36.66666667 750)
(745.4545455 36.66666667 750)
(763.6363636 36.66666667 750)
(781.8181818 36.66666667 750)
(800 36.66666667 750)
(818.1818182 36.66666667 750)
(836.3636364 36.66666667 750)
(854.5454545 36.66666667 750)
(872.7272727 36.66666667 750)
(890.9090909 36.66666667 750)
(909.0909091 36.66666667 750)
(927.2727273 36.66666667 750)
(945.4545455 36.66666667 750)
(963.6363636 36.66666667 750)
(981.8181818 36.66666667 750)
(1000 36.66666667 750)
(1018.181818 36.66666667 750)
(1036.363636 36.66666667 750)
(1054.545455 36.66666667 750)
(1072.727273 36.66666667 750)
(1090.909091 36.66666667 750)
(1109.090909 36.66666667 750)
(1127.272727 36.66666667 750)
(1145.454545 36.66666667 750)
(1163.636364 36.66666667 750)
(1181.818182 36.66666667 750)
(1200 36.66666667 750)
(1218.181818 36.66666667 750)
(1236.363636 36.66666667 750)
(1254.545455 36.66666667 750)
(1272.727273 36.66666667 750)
(1290.909091 36.66666667 750)
(1309.090909 36.66666667 750)
(1327.272727 36.66666667 750)
(1345.454545 36.66666667 750)
(1363.636364 36.66666667 750)
(1381.818182 36.66666667 750)
(1400 36.66666667 750)
(1418.181818 36.66666667 750)
(1436.363636 36.66666667 750)
(1454.545455 36.66666667 750)
(1472.727273 36.66666667 750)
(1490.909091 36.66666667 750)
(1509.090909 36.66666667 750)
(1527.272727 36.66666667 750)
(1545.454545 36.66666667 750)
(1563.636364 36.66666667 750)
(1581.818182 36.66666667 750)
(1600 36.66666667 750)
(1618.181818 36.66666667 750)
(1636.363636 36.66666667 750)
(1654.545455 36.66666667 750)
(1672.727273 36.66666667 750)
(1690.909091 36.66666667 750)
(1709.090909 36.66666667 750)
(1727.272727 36.66666667 750)
(1745.454545 36.66666667 750)
(1763.636364 36.66666667 750)
(1781.818182 36.66666667 750)
(1800 36.66666667 750)
(1818.181818 36.66666667 750)
(1836.363636 36.66666667 750)
(1854.545455 36.66666667 750)
(1872.727273 36.66666667 750)
(1890.909091 36.66666667 750)
(1909.090909 36.66666667 750)
(1927.272727 36.66666667 750)
(1945.454545 36.66666667 750)
(1963.636364 36.66666667 750)
(1981.818182 36.66666667 750)
(2000 36.66666667 750)
(0 40 750)
(18.18181818 40 750)
(36.36363636 40 750)
(54.54545455 40 750)
(72.72727273 40 750)
(90.90909091 40 750)
(109.0909091 40 750)
(127.2727273 40 750)
(145.4545455 40 750)
(163.6363636 40 750)
(181.8181818 40 750)
(200 40 750)
(218.1818182 40 750)
(236.3636364 40 750)
(254.5454545 40 750)
(272.7272727 40 750)
(290.9090909 40 750)
(309.0909091 40 750)
(327.2727273 40 750)
(345.4545455 40 750)
(363.6363636 40 750)
(381.8181818 40 750)
(400 40 750)
(418.1818182 40 750)
(436.3636364 40 750)
(454.5454545 40 750)
(472.7272727 40 750)
(490.9090909 40 750)
(509.0909091 40 750)
(527.2727273 40 750)
(545.4545455 40 750)
(563.6363636 40 750)
(581.8181818 40 750)
(600 40 750)
(618.1818182 40 750)
(636.3636364 40 750)
(654.5454545 40 750)
(672.7272727 40 750)
(690.9090909 40 750)
(709.0909091 40 750)
(727.2727273 40 750)
(745.4545455 40 750)
(763.6363636 40 750)
(781.8181818 40 750)
(800 40 750)
(818.1818182 40 750)
(836.3636364 40 750)
(854.5454545 40 750)
(872.7272727 40 750)
(890.9090909 40 750)
(909.0909091 40 750)
(927.2727273 40 750)
(945.4545455 40 750)
(963.6363636 40 750)
(981.8181818 40 750)
(1000 40 750)
(1018.181818 40 750)
(1036.363636 40 750)
(1054.545455 40 750)
(1072.727273 40 750)
(1090.909091 40 750)
(1109.090909 40 750)
(1127.272727 40 750)
(1145.454545 40 750)
(1163.636364 40 750)
(1181.818182 40 750)
(1200 40 750)
(1218.181818 40 750)
(1236.363636 40 750)
(1254.545455 40 750)
(1272.727273 40 750)
(1290.909091 40 750)
(1309.090909 40 750)
(1327.272727 40 750)
(1345.454545 40 750)
(1363.636364 40 750)
(1381.818182 40 750)
(1400 40 750)
(1418.181818 40 750)
(1436.363636 40 750)
(1454.545455 40 750)
(1472.727273 40 750)
(1490.909091 40 750)
(1509.090909 40 750)
(1527.272727 40 750)
(1545.454545 40 750)
(1563.636364 40 750)
(1581.818182 40 750)
(1600 40 750)
(1618.181818 40 750)
(1636.363636 40 750)
(1654.545455 40 750)
(1672.727273 40 750)
(1690.909091 40 750)
(1709.090909 40 750)
(1727.272727 40 750)
(1745.454545 40 750)
(1763.636364 40 750)
(1781.818182 40 750)
(1800 40 750)
(1818.181818 40 750)
(1836.363636 40 750)
(1854.545455 40 750)
(1872.727273 40 750)
(1890.909091 40 750)
(1909.090909 40 750)
(1927.272727 40 750)
(1945.454545 40 750)
(1963.636364 40 750)
(1981.818182 40 750)
(2000 40 750)
(0 43.33333333 750)
(18.18181818 43.33333333 750)
(36.36363636 43.33333333 750)
(54.54545455 43.33333333 750)
(72.72727273 43.33333333 750)
(90.90909091 43.33333333 750)
(109.0909091 43.33333333 750)
(127.2727273 43.33333333 750)
(145.4545455 43.33333333 750)
(163.6363636 43.33333333 750)
(181.8181818 43.33333333 750)
(200 43.33333333 750)
(218.1818182 43.33333333 750)
(236.3636364 43.33333333 750)
(254.5454545 43.33333333 750)
(272.7272727 43.33333333 750)
(290.9090909 43.33333333 750)
(309.0909091 43.33333333 750)
(327.2727273 43.33333333 750)
(345.4545455 43.33333333 750)
(363.6363636 43.33333333 750)
(381.8181818 43.33333333 750)
(400 43.33333333 750)
(418.1818182 43.33333333 750)
(436.3636364 43.33333333 750)
(454.5454545 43.33333333 750)
(472.7272727 43.33333333 750)
(490.9090909 43.33333333 750)
(509.0909091 43.33333333 750)
(527.2727273 43.33333333 750)
(545.4545455 43.33333333 750)
(563.6363636 43.33333333 750)
(581.8181818 43.33333333 750)
(600 43.33333333 750)
(618.1818182 43.33333333 750)
(636.3636364 43.33333333 750)
(654.5454545 43.33333333 750)
(672.7272727 43.33333333 750)
(690.9090909 43.33333333 750)
(709.0909091 43.33333333 750)
(727.2727273 43.33333333 750)
(745.4545455 43.33333333 750)
(763.6363636 43.33333333 750)
(781.8181818 43.33333333 750)
(800 43.33333333 750)
(818.1818182 43.33333333 750)
(836.3636364 43.33333333 750)
(854.5454545 43.33333333 750)
(872.7272727 43.33333333 750)
(890.9090909 43.33333333 750)
(909.0909091 43.33333333 750)
(927.2727273 43.33333333 750)
(945.4545455 43.33333333 750)
(963.6363636 43.33333333 750)
(981.8181818 43.33333333 750)
(1000 43.33333333 750)
(1018.181818 43.33333333 750)
(1036.363636 43.33333333 750)
(1054.545455 43.33333333 750)
(1072.727273 43.33333333 750)
(1090.909091 43.33333333 750)
(1109.090909 43.33333333 750)
(1127.272727 43.33333333 750)
(1145.454545 43.33333333 750)
(1163.636364 43.33333333 750)
(1181.818182 43.33333333 750)
(1200 43.33333333 750)
(1218.181818 43.33333333 750)
(1236.363636 43.33333333 750)
(1254.545455 43.33333333 750)
(1272.727273 43.33333333 750)
(1290.909091 43.33333333 750)
(1309.090909 43.33333333 750)
(1327.272727 43.33333333 750)
(1345.454545 43.33333333 750)
(1363.636364 43.33333333 750)
(1381.818182 43.33333333 750)
(1400 43.33333333 750)
(1418.181818 43.33333333 750)
(1436.363636 43.33333333 750)
(1454.545455 43.33333333 750)
(1472.727273 43.33333333 750)
(1490.909091 43.33333333 750)
(1509.090909 43.33333333 750)
(1527.272727 43.33333333 750)
(1545.454545 43.33333333 750)
(1563.636364 43.33333333 750)
(1581.818182 43.33333333 750)
(1600 43.33333333 750)
(1618.181818 43.33333333 750)
(1636.363636 43.33333333 750)
(1654.545455 43.33333333 750)
(1672.727273 43.33333333 750)
(1690.909091 43.33333333 750)
(1709.090909 43.33333333 750)
(1727.272727 43.33333333 750)
(1745.454545 43.33333333 750)
(1763.636364 43.33333333 750)
(1781.818182 43.33333333 750)
(1800 43.33333333 750)
(1818.181818 43.33333333 750)
(1836.363636 43.33333333 750)
(1854.545455 43.33333333 750)
(1872.727273 43.33333333 750)
(1890.909091 43.33333333 750)
(1909.090909 43.33333333 750)
(1927.272727 43.33333333 750)
(1945.454545 43.33333333 750)
(1963.636364 43.33333333 750)
(1981.818182 43.33333333 750)
(2000 43.33333333 750)
(0 46.66666667 750)
(18.18181818 46.66666667 750)
(36.36363636 46.66666667 750)
(54.54545455 46.66666667 750)
(72.72727273 46.66666667 750)
(90.90909091 46.66666667 750)
(109.0909091 46.66666667 750)
(127.2727273 46.66666667 750)
(145.4545455 46.66666667 750)
(163.6363636 46.66666667 750)
(181.8181818 46.66666667 750)
(200 46.66666667 750)
(218.1818182 46.66666667 750)
(236.3636364 46.66666667 750)
(254.5454545 46.66666667 750)
(272.7272727 46.66666667 750)
(290.9090909 46.66666667 750)
(309.0909091 46.66666667 750)
(327.2727273 46.66666667 750)
(345.4545455 46.66666667 750)
(363.6363636 46.66666667 750)
(381.8181818 46.66666667 750)
(400 46.66666667 750)
(418.1818182 46.66666667 750)
(436.3636364 46.66666667 750)
(454.5454545 46.66666667 750)
(472.7272727 46.66666667 750)
(490.9090909 46.66666667 750)
(509.0909091 46.66666667 750)
(527.2727273 46.66666667 750)
(545.4545455 46.66666667 750)
(563.6363636 46.66666667 750)
(581.8181818 46.66666667 750)
(600 46.66666667 750)
(618.1818182 46.66666667 750)
(636.3636364 46.66666667 750)
(654.5454545 46.66666667 750)
(672.7272727 46.66666667 750)
(690.9090909 46.66666667 750)
(709.0909091 46.66666667 750)
(727.2727273 46.66666667 750)
(745.4545455 46.66666667 750)
(763.6363636 46.66666667 750)
(781.8181818 46.66666667 750)
(800 46.66666667 750)
(818.1818182 46.66666667 750)
(836.3636364 46.66666667 750)
(854.5454545 46.66666667 750)
(872.7272727 46.66666667 750)
(890.9090909 46.66666667 750)
(909.0909091 46.66666667 750)
(927.2727273 46.66666667 750)
(945.4545455 46.66666667 750)
(963.6363636 46.66666667 750)
(981.8181818 46.66666667 750)
(1000 46.66666667 750)
(1018.181818 46.66666667 750)
(1036.363636 46.66666667 750)
(1054.545455 46.66666667 750)
(1072.727273 46.66666667 750)
(1090.909091 46.66666667 750)
(1109.090909 46.66666667 750)
(1127.272727 46.66666667 750)
(1145.454545 46.66666667 750)
(1163.636364 46.66666667 750)
(1181.818182 46.66666667 750)
(1200 46.66666667 750)
(1218.181818 46.66666667 750)
(1236.363636 46.66666667 750)
(1254.545455 46.66666667 750)
(1272.727273 46.66666667 750)
(1290.909091 46.66666667 750)
(1309.090909 46.66666667 750)
(1327.272727 46.66666667 750)
(1345.454545 46.66666667 750)
(1363.636364 46.66666667 750)
(1381.818182 46.66666667 750)
(1400 46.66666667 750)
(1418.181818 46.66666667 750)
(1436.363636 46.66666667 750)
(1454.545455 46.66666667 750)
(1472.727273 46.66666667 750)
(1490.909091 46.66666667 750)
(1509.090909 46.66666667 750)
(1527.272727 46.66666667 750)
(1545.454545 46.66666667 750)
(1563.636364 46.66666667 750)
(1581.818182 46.66666667 750)
(1600 46.66666667 750)
(1618.181818 46.66666667 750)
(1636.363636 46.66666667 750)
(1654.545455 46.66666667 750)
(1672.727273 46.66666667 750)
(1690.909091 46.66666667 750)
(1709.090909 46.66666667 750)
(1727.272727 46.66666667 750)
(1745.454545 46.66666667 750)
(1763.636364 46.66666667 750)
(1781.818182 46.66666667 750)
(1800 46.66666667 750)
(1818.181818 46.66666667 750)
(1836.363636 46.66666667 750)
(1854.545455 46.66666667 750)
(1872.727273 46.66666667 750)
(1890.909091 46.66666667 750)
(1909.090909 46.66666667 750)
(1927.272727 46.66666667 750)
(1945.454545 46.66666667 750)
(1963.636364 46.66666667 750)
(1981.818182 46.66666667 750)
(2000 46.66666667 750)
(0 50 750)
(18.18181818 50 750)
(36.36363636 50 750)
(54.54545455 50 750)
(72.72727273 50 750)
(90.90909091 50 750)
(109.0909091 50 750)
(127.2727273 50 750)
(145.4545455 50 750)
(163.6363636 50 750)
(181.8181818 50 750)
(200 50 750)
(218.1818182 50 750)
(236.3636364 50 750)
(254.5454545 50 750)
(272.7272727 50 750)
(290.9090909 50 750)
(309.0909091 50 750)
(327.2727273 50 750)
(345.4545455 50 750)
(363.6363636 50 750)
(381.8181818 50 750)
(400 50 750)
(418.1818182 50 750)
(436.3636364 50 750)
(454.5454545 50 750)
(472.7272727 50 750)
(490.9090909 50 750)
(509.0909091 50 750)
(527.2727273 50 750)
(545.4545455 50 750)
(563.6363636 50 750)
(581.8181818 50 750)
(600 50 750)
(618.1818182 50 750)
(636.3636364 50 750)
(654.5454545 50 750)
(672.7272727 50 750)
(690.9090909 50 750)
(709.0909091 50 750)
(727.2727273 50 750)
(745.4545455 50 750)
(763.6363636 50 750)
(781.8181818 50 750)
(800 50 750)
(818.1818182 50 750)
(836.3636364 50 750)
(854.5454545 50 750)
(872.7272727 50 750)
(890.9090909 50 750)
(909.0909091 50 750)
(927.2727273 50 750)
(945.4545455 50 750)
(963.6363636 50 750)
(981.8181818 50 750)
(1000 50 750)
(1018.181818 50 750)
(1036.363636 50 750)
(1054.545455 50 750)
(1072.727273 50 750)
(1090.909091 50 750)
(1109.090909 50 750)
(1127.272727 50 750)
(1145.454545 50 750)
(1163.636364 50 750)
(1181.818182 50 750)
(1200 50 750)
(1218.181818 50 750)
(1236.363636 50 750)
(1254.545455 50 750)
(1272.727273 50 750)
(1290.909091 50 750)
(1309.090909 50 750)
(1327.272727 50 750)
(1345.454545 50 750)
(1363.636364 50 750)
(1381.818182 50 750)
(1400 50 750)
(1418.181818 50 750)
(1436.363636 50 750)
(1454.545455 50 750)
(1472.727273 50 750)
(1490.909091 50 750)
(1509.090909 50 750)
(1527.272727 50 750)
(1545.454545 50 750)
(1563.636364 50 750)
(1581.818182 50 750)
(1600 50 750)
(1618.181818 50 750)
(1636.363636 50 750)
(1654.545455 50 750)
(1672.727273 50 750)
(1690.909091 50 750)
(1709.090909 50 750)
(1727.272727 50 750)
(1745.454545 50 750)
(1763.636364 50 750)
(1781.818182 50 750)
(1800 50 750)
(1818.181818 50 750)
(1836.363636 50 750)
(1854.545455 50 750)
(1872.727273 50 750)
(1890.909091 50 750)
(1909.090909 50 750)
(1927.272727 50 750)
(1945.454545 50 750)
(1963.636364 50 750)
(1981.818182 50 750)
(2000 50 750)
(0 53.33333333 750)
(18.18181818 53.33333333 750)
(36.36363636 53.33333333 750)
(54.54545455 53.33333333 750)
(72.72727273 53.33333333 750)
(90.90909091 53.33333333 750)
(109.0909091 53.33333333 750)
(127.2727273 53.33333333 750)
(145.4545455 53.33333333 750)
(163.6363636 53.33333333 750)
(181.8181818 53.33333333 750)
(200 53.33333333 750)
(218.1818182 53.33333333 750)
(236.3636364 53.33333333 750)
(254.5454545 53.33333333 750)
(272.7272727 53.33333333 750)
(290.9090909 53.33333333 750)
(309.0909091 53.33333333 750)
(327.2727273 53.33333333 750)
(345.4545455 53.33333333 750)
(363.6363636 53.33333333 750)
(381.8181818 53.33333333 750)
(400 53.33333333 750)
(418.1818182 53.33333333 750)
(436.3636364 53.33333333 750)
(454.5454545 53.33333333 750)
(472.7272727 53.33333333 750)
(490.9090909 53.33333333 750)
(509.0909091 53.33333333 750)
(527.2727273 53.33333333 750)
(545.4545455 53.33333333 750)
(563.6363636 53.33333333 750)
(581.8181818 53.33333333 750)
(600 53.33333333 750)
(618.1818182 53.33333333 750)
(636.3636364 53.33333333 750)
(654.5454545 53.33333333 750)
(672.7272727 53.33333333 750)
(690.9090909 53.33333333 750)
(709.0909091 53.33333333 750)
(727.2727273 53.33333333 750)
(745.4545455 53.33333333 750)
(763.6363636 53.33333333 750)
(781.8181818 53.33333333 750)
(800 53.33333333 750)
(818.1818182 53.33333333 750)
(836.3636364 53.33333333 750)
(854.5454545 53.33333333 750)
(872.7272727 53.33333333 750)
(890.9090909 53.33333333 750)
(909.0909091 53.33333333 750)
(927.2727273 53.33333333 750)
(945.4545455 53.33333333 750)
(963.6363636 53.33333333 750)
(981.8181818 53.33333333 750)
(1000 53.33333333 750)
(1018.181818 53.33333333 750)
(1036.363636 53.33333333 750)
(1054.545455 53.33333333 750)
(1072.727273 53.33333333 750)
(1090.909091 53.33333333 750)
(1109.090909 53.33333333 750)
(1127.272727 53.33333333 750)
(1145.454545 53.33333333 750)
(1163.636364 53.33333333 750)
(1181.818182 53.33333333 750)
(1200 53.33333333 750)
(1218.181818 53.33333333 750)
(1236.363636 53.33333333 750)
(1254.545455 53.33333333 750)
(1272.727273 53.33333333 750)
(1290.909091 53.33333333 750)
(1309.090909 53.33333333 750)
(1327.272727 53.33333333 750)
(1345.454545 53.33333333 750)
(1363.636364 53.33333333 750)
(1381.818182 53.33333333 750)
(1400 53.33333333 750)
(1418.181818 53.33333333 750)
(1436.363636 53.33333333 750)
(1454.545455 53.33333333 750)
(1472.727273 53.33333333 750)
(1490.909091 53.33333333 750)
(1509.090909 53.33333333 750)
(1527.272727 53.33333333 750)
(1545.454545 53.33333333 750)
(1563.636364 53.33333333 750)
(1581.818182 53.33333333 750)
(1600 53.33333333 750)
(1618.181818 53.33333333 750)
(1636.363636 53.33333333 750)
(1654.545455 53.33333333 750)
(1672.727273 53.33333333 750)
(1690.909091 53.33333333 750)
(1709.090909 53.33333333 750)
(1727.272727 53.33333333 750)
(1745.454545 53.33333333 750)
(1763.636364 53.33333333 750)
(1781.818182 53.33333333 750)
(1800 53.33333333 750)
(1818.181818 53.33333333 750)
(1836.363636 53.33333333 750)
(1854.545455 53.33333333 750)
(1872.727273 53.33333333 750)
(1890.909091 53.33333333 750)
(1909.090909 53.33333333 750)
(1927.272727 53.33333333 750)
(1945.454545 53.33333333 750)
(1963.636364 53.33333333 750)
(1981.818182 53.33333333 750)
(2000 53.33333333 750)
(0 56.66666667 750)
(18.18181818 56.66666667 750)
(36.36363636 56.66666667 750)
(54.54545455 56.66666667 750)
(72.72727273 56.66666667 750)
(90.90909091 56.66666667 750)
(109.0909091 56.66666667 750)
(127.2727273 56.66666667 750)
(145.4545455 56.66666667 750)
(163.6363636 56.66666667 750)
(181.8181818 56.66666667 750)
(200 56.66666667 750)
(218.1818182 56.66666667 750)
(236.3636364 56.66666667 750)
(254.5454545 56.66666667 750)
(272.7272727 56.66666667 750)
(290.9090909 56.66666667 750)
(309.0909091 56.66666667 750)
(327.2727273 56.66666667 750)
(345.4545455 56.66666667 750)
(363.6363636 56.66666667 750)
(381.8181818 56.66666667 750)
(400 56.66666667 750)
(418.1818182 56.66666667 750)
(436.3636364 56.66666667 750)
(454.5454545 56.66666667 750)
(472.7272727 56.66666667 750)
(490.9090909 56.66666667 750)
(509.0909091 56.66666667 750)
(527.2727273 56.66666667 750)
(545.4545455 56.66666667 750)
(563.6363636 56.66666667 750)
(581.8181818 56.66666667 750)
(600 56.66666667 750)
(618.1818182 56.66666667 750)
(636.3636364 56.66666667 750)
(654.5454545 56.66666667 750)
(672.7272727 56.66666667 750)
(690.9090909 56.66666667 750)
(709.0909091 56.66666667 750)
(727.2727273 56.66666667 750)
(745.4545455 56.66666667 750)
(763.6363636 56.66666667 750)
(781.8181818 56.66666667 750)
(800 56.66666667 750)
(818.1818182 56.66666667 750)
(836.3636364 56.66666667 750)
(854.5454545 56.66666667 750)
(872.7272727 56.66666667 750)
(890.9090909 56.66666667 750)
(909.0909091 56.66666667 750)
(927.2727273 56.66666667 750)
(945.4545455 56.66666667 750)
(963.6363636 56.66666667 750)
(981.8181818 56.66666667 750)
(1000 56.66666667 750)
(1018.181818 56.66666667 750)
(1036.363636 56.66666667 750)
(1054.545455 56.66666667 750)
(1072.727273 56.66666667 750)
(1090.909091 56.66666667 750)
(1109.090909 56.66666667 750)
(1127.272727 56.66666667 750)
(1145.454545 56.66666667 750)
(1163.636364 56.66666667 750)
(1181.818182 56.66666667 750)
(1200 56.66666667 750)
(1218.181818 56.66666667 750)
(1236.363636 56.66666667 750)
(1254.545455 56.66666667 750)
(1272.727273 56.66666667 750)
(1290.909091 56.66666667 750)
(1309.090909 56.66666667 750)
(1327.272727 56.66666667 750)
(1345.454545 56.66666667 750)
(1363.636364 56.66666667 750)
(1381.818182 56.66666667 750)
(1400 56.66666667 750)
(1418.181818 56.66666667 750)
(1436.363636 56.66666667 750)
(1454.545455 56.66666667 750)
(1472.727273 56.66666667 750)
(1490.909091 56.66666667 750)
(1509.090909 56.66666667 750)
(1527.272727 56.66666667 750)
(1545.454545 56.66666667 750)
(1563.636364 56.66666667 750)
(1581.818182 56.66666667 750)
(1600 56.66666667 750)
(1618.181818 56.66666667 750)
(1636.363636 56.66666667 750)
(1654.545455 56.66666667 750)
(1672.727273 56.66666667 750)
(1690.909091 56.66666667 750)
(1709.090909 56.66666667 750)
(1727.272727 56.66666667 750)
(1745.454545 56.66666667 750)
(1763.636364 56.66666667 750)
(1781.818182 56.66666667 750)
(1800 56.66666667 750)
(1818.181818 56.66666667 750)
(1836.363636 56.66666667 750)
(1854.545455 56.66666667 750)
(1872.727273 56.66666667 750)
(1890.909091 56.66666667 750)
(1909.090909 56.66666667 750)
(1927.272727 56.66666667 750)
(1945.454545 56.66666667 750)
(1963.636364 56.66666667 750)
(1981.818182 56.66666667 750)
(2000 56.66666667 750)
(0 60 750)
(18.18181818 60 750)
(36.36363636 60 750)
(54.54545455 60 750)
(72.72727273 60 750)
(90.90909091 60 750)
(109.0909091 60 750)
(127.2727273 60 750)
(145.4545455 60 750)
(163.6363636 60 750)
(181.8181818 60 750)
(200 60 750)
(218.1818182 60 750)
(236.3636364 60 750)
(254.5454545 60 750)
(272.7272727 60 750)
(290.9090909 60 750)
(309.0909091 60 750)
(327.2727273 60 750)
(345.4545455 60 750)
(363.6363636 60 750)
(381.8181818 60 750)
(400 60 750)
(418.1818182 60 750)
(436.3636364 60 750)
(454.5454545 60 750)
(472.7272727 60 750)
(490.9090909 60 750)
(509.0909091 60 750)
(527.2727273 60 750)
(545.4545455 60 750)
(563.6363636 60 750)
(581.8181818 60 750)
(600 60 750)
(618.1818182 60 750)
(636.3636364 60 750)
(654.5454545 60 750)
(672.7272727 60 750)
(690.9090909 60 750)
(709.0909091 60 750)
(727.2727273 60 750)
(745.4545455 60 750)
(763.6363636 60 750)
(781.8181818 60 750)
(800 60 750)
(818.1818182 60 750)
(836.3636364 60 750)
(854.5454545 60 750)
(872.7272727 60 750)
(890.9090909 60 750)
(909.0909091 60 750)
(927.2727273 60 750)
(945.4545455 60 750)
(963.6363636 60 750)
(981.8181818 60 750)
(1000 60 750)
(1018.181818 60 750)
(1036.363636 60 750)
(1054.545455 60 750)
(1072.727273 60 750)
(1090.909091 60 750)
(1109.090909 60 750)
(1127.272727 60 750)
(1145.454545 60 750)
(1163.636364 60 750)
(1181.818182 60 750)
(1200 60 750)
(1218.181818 60 750)
(1236.363636 60 750)
(1254.545455 60 750)
(1272.727273 60 750)
(1290.909091 60 750)
(1309.090909 60 750)
(1327.272727 60 750)
(1345.454545 60 750)
(1363.636364 60 750)
(1381.818182 60 750)
(1400 60 750)
(1418.181818 60 750)
(1436.363636 60 750)
(1454.545455 60 750)
(1472.727273 60 750)
(1490.909091 60 750)
(1509.090909 60 750)
(1527.272727 60 750)
(1545.454545 60 750)
(1563.636364 60 750)
(1581.818182 60 750)
(1600 60 750)
(1618.181818 60 750)
(1636.363636 60 750)
(1654.545455 60 750)
(1672.727273 60 750)
(1690.909091 60 750)
(1709.090909 60 750)
(1727.272727 60 750)
(1745.454545 60 750)
(1763.636364 60 750)
(1781.818182 60 750)
(1800 60 750)
(1818.181818 60 750)
(1836.363636 60 750)
(1854.545455 60 750)
(1872.727273 60 750)
(1890.909091 60 750)
(1909.090909 60 750)
(1927.272727 60 750)
(1945.454545 60 750)
(1963.636364 60 750)
(1981.818182 60 750)
(2000 60 750)
(0 63.33333333 750)
(18.18181818 63.33333333 750)
(36.36363636 63.33333333 750)
(54.54545455 63.33333333 750)
(72.72727273 63.33333333 750)
(90.90909091 63.33333333 750)
(109.0909091 63.33333333 750)
(127.2727273 63.33333333 750)
(145.4545455 63.33333333 750)
(163.6363636 63.33333333 750)
(181.8181818 63.33333333 750)
(200 63.33333333 750)
(218.1818182 63.33333333 750)
(236.3636364 63.33333333 750)
(254.5454545 63.33333333 750)
(272.7272727 63.33333333 750)
(290.9090909 63.33333333 750)
(309.0909091 63.33333333 750)
(327.2727273 63.33333333 750)
(345.4545455 63.33333333 750)
(363.6363636 63.33333333 750)
(381.8181818 63.33333333 750)
(400 63.33333333 750)
(418.1818182 63.33333333 750)
(436.3636364 63.33333333 750)
(454.5454545 63.33333333 750)
(472.7272727 63.33333333 750)
(490.9090909 63.33333333 750)
(509.0909091 63.33333333 750)
(527.2727273 63.33333333 750)
(545.4545455 63.33333333 750)
(563.6363636 63.33333333 750)
(581.8181818 63.33333333 750)
(600 63.33333333 750)
(618.1818182 63.33333333 750)
(636.3636364 63.33333333 750)
(654.5454545 63.33333333 750)
(672.7272727 63.33333333 750)
(690.9090909 63.33333333 750)
(709.0909091 63.33333333 750)
(727.2727273 63.33333333 750)
(745.4545455 63.33333333 750)
(763.6363636 63.33333333 750)
(781.8181818 63.33333333 750)
(800 63.33333333 750)
(818.1818182 63.33333333 750)
(836.3636364 63.33333333 750)
(854.5454545 63.33333333 750)
(872.7272727 63.33333333 750)
(890.9090909 63.33333333 750)
(909.0909091 63.33333333 750)
(927.2727273 63.33333333 750)
(945.4545455 63.33333333 750)
(963.6363636 63.33333333 750)
(981.8181818 63.33333333 750)
(1000 63.33333333 750)
(1018.181818 63.33333333 750)
(1036.363636 63.33333333 750)
(1054.545455 63.33333333 750)
(1072.727273 63.33333333 750)
(1090.909091 63.33333333 750)
(1109.090909 63.33333333 750)
(1127.272727 63.33333333 750)
(1145.454545 63.33333333 750)
(1163.636364 63.33333333 750)
(1181.818182 63.33333333 750)
(1200 63.33333333 750)
(1218.181818 63.33333333 750)
(1236.363636 63.33333333 750)
(1254.545455 63.33333333 750)
(1272.727273 63.33333333 750)
(1290.909091 63.33333333 750)
(1309.090909 63.33333333 750)
(1327.272727 63.33333333 750)
(1345.454545 63.33333333 750)
(1363.636364 63.33333333 750)
(1381.818182 63.33333333 750)
(1400 63.33333333 750)
(1418.181818 63.33333333 750)
(1436.363636 63.33333333 750)
(1454.545455 63.33333333 750)
(1472.727273 63.33333333 750)
(1490.909091 63.33333333 750)
(1509.090909 63.33333333 750)
(1527.272727 63.33333333 750)
(1545.454545 63.33333333 750)
(1563.636364 63.33333333 750)
(1581.818182 63.33333333 750)
(1600 63.33333333 750)
(1618.181818 63.33333333 750)
(1636.363636 63.33333333 750)
(1654.545455 63.33333333 750)
(1672.727273 63.33333333 750)
(1690.909091 63.33333333 750)
(1709.090909 63.33333333 750)
(1727.272727 63.33333333 750)
(1745.454545 63.33333333 750)
(1763.636364 63.33333333 750)
(1781.818182 63.33333333 750)
(1800 63.33333333 750)
(1818.181818 63.33333333 750)
(1836.363636 63.33333333 750)
(1854.545455 63.33333333 750)
(1872.727273 63.33333333 750)
(1890.909091 63.33333333 750)
(1909.090909 63.33333333 750)
(1927.272727 63.33333333 750)
(1945.454545 63.33333333 750)
(1963.636364 63.33333333 750)
(1981.818182 63.33333333 750)
(2000 63.33333333 750)
(0 66.66666667 750)
(18.18181818 66.66666667 750)
(36.36363636 66.66666667 750)
(54.54545455 66.66666667 750)
(72.72727273 66.66666667 750)
(90.90909091 66.66666667 750)
(109.0909091 66.66666667 750)
(127.2727273 66.66666667 750)
(145.4545455 66.66666667 750)
(163.6363636 66.66666667 750)
(181.8181818 66.66666667 750)
(200 66.66666667 750)
(218.1818182 66.66666667 750)
(236.3636364 66.66666667 750)
(254.5454545 66.66666667 750)
(272.7272727 66.66666667 750)
(290.9090909 66.66666667 750)
(309.0909091 66.66666667 750)
(327.2727273 66.66666667 750)
(345.4545455 66.66666667 750)
(363.6363636 66.66666667 750)
(381.8181818 66.66666667 750)
(400 66.66666667 750)
(418.1818182 66.66666667 750)
(436.3636364 66.66666667 750)
(454.5454545 66.66666667 750)
(472.7272727 66.66666667 750)
(490.9090909 66.66666667 750)
(509.0909091 66.66666667 750)
(527.2727273 66.66666667 750)
(545.4545455 66.66666667 750)
(563.6363636 66.66666667 750)
(581.8181818 66.66666667 750)
(600 66.66666667 750)
(618.1818182 66.66666667 750)
(636.3636364 66.66666667 750)
(654.5454545 66.66666667 750)
(672.7272727 66.66666667 750)
(690.9090909 66.66666667 750)
(709.0909091 66.66666667 750)
(727.2727273 66.66666667 750)
(745.4545455 66.66666667 750)
(763.6363636 66.66666667 750)
(781.8181818 66.66666667 750)
(800 66.66666667 750)
(818.1818182 66.66666667 750)
(836.3636364 66.66666667 750)
(854.5454545 66.66666667 750)
(872.7272727 66.66666667 750)
(890.9090909 66.66666667 750)
(909.0909091 66.66666667 750)
(927.2727273 66.66666667 750)
(945.4545455 66.66666667 750)
(963.6363636 66.66666667 750)
(981.8181818 66.66666667 750)
(1000 66.66666667 750)
(1018.181818 66.66666667 750)
(1036.363636 66.66666667 750)
(1054.545455 66.66666667 750)
(1072.727273 66.66666667 750)
(1090.909091 66.66666667 750)
(1109.090909 66.66666667 750)
(1127.272727 66.66666667 750)
(1145.454545 66.66666667 750)
(1163.636364 66.66666667 750)
(1181.818182 66.66666667 750)
(1200 66.66666667 750)
(1218.181818 66.66666667 750)
(1236.363636 66.66666667 750)
(1254.545455 66.66666667 750)
(1272.727273 66.66666667 750)
(1290.909091 66.66666667 750)
(1309.090909 66.66666667 750)
(1327.272727 66.66666667 750)
(1345.454545 66.66666667 750)
(1363.636364 66.66666667 750)
(1381.818182 66.66666667 750)
(1400 66.66666667 750)
(1418.181818 66.66666667 750)
(1436.363636 66.66666667 750)
(1454.545455 66.66666667 750)
(1472.727273 66.66666667 750)
(1490.909091 66.66666667 750)
(1509.090909 66.66666667 750)
(1527.272727 66.66666667 750)
(1545.454545 66.66666667 750)
(1563.636364 66.66666667 750)
(1581.818182 66.66666667 750)
(1600 66.66666667 750)
(1618.181818 66.66666667 750)
(1636.363636 66.66666667 750)
(1654.545455 66.66666667 750)
(1672.727273 66.66666667 750)
(1690.909091 66.66666667 750)
(1709.090909 66.66666667 750)
(1727.272727 66.66666667 750)
(1745.454545 66.66666667 750)
(1763.636364 66.66666667 750)
(1781.818182 66.66666667 750)
(1800 66.66666667 750)
(1818.181818 66.66666667 750)
(1836.363636 66.66666667 750)
(1854.545455 66.66666667 750)
(1872.727273 66.66666667 750)
(1890.909091 66.66666667 750)
(1909.090909 66.66666667 750)
(1927.272727 66.66666667 750)
(1945.454545 66.66666667 750)
(1963.636364 66.66666667 750)
(1981.818182 66.66666667 750)
(2000 66.66666667 750)
(0 70 750)
(18.18181818 70 750)
(36.36363636 70 750)
(54.54545455 70 750)
(72.72727273 70 750)
(90.90909091 70 750)
(109.0909091 70 750)
(127.2727273 70 750)
(145.4545455 70 750)
(163.6363636 70 750)
(181.8181818 70 750)
(200 70 750)
(218.1818182 70 750)
(236.3636364 70 750)
(254.5454545 70 750)
(272.7272727 70 750)
(290.9090909 70 750)
(309.0909091 70 750)
(327.2727273 70 750)
(345.4545455 70 750)
(363.6363636 70 750)
(381.8181818 70 750)
(400 70 750)
(418.1818182 70 750)
(436.3636364 70 750)
(454.5454545 70 750)
(472.7272727 70 750)
(490.9090909 70 750)
(509.0909091 70 750)
(527.2727273 70 750)
(545.4545455 70 750)
(563.6363636 70 750)
(581.8181818 70 750)
(600 70 750)
(618.1818182 70 750)
(636.3636364 70 750)
(654.5454545 70 750)
(672.7272727 70 750)
(690.9090909 70 750)
(709.0909091 70 750)
(727.2727273 70 750)
(745.4545455 70 750)
(763.6363636 70 750)
(781.8181818 70 750)
(800 70 750)
(818.1818182 70 750)
(836.3636364 70 750)
(854.5454545 70 750)
(872.7272727 70 750)
(890.9090909 70 750)
(909.0909091 70 750)
(927.2727273 70 750)
(945.4545455 70 750)
(963.6363636 70 750)
(981.8181818 70 750)
(1000 70 750)
(1018.181818 70 750)
(1036.363636 70 750)
(1054.545455 70 750)
(1072.727273 70 750)
(1090.909091 70 750)
(1109.090909 70 750)
(1127.272727 70 750)
(1145.454545 70 750)
(1163.636364 70 750)
(1181.818182 70 750)
(1200 70 750)
(1218.181818 70 750)
(1236.363636 70 750)
(1254.545455 70 750)
(1272.727273 70 750)
(1290.909091 70 750)
(1309.090909 70 750)
(1327.272727 70 750)
(1345.454545 70 750)
(1363.636364 70 750)
(1381.818182 70 750)
(1400 70 750)
(1418.181818 70 750)
(1436.363636 70 750)
(1454.545455 70 750)
(1472.727273 70 750)
(1490.909091 70 750)
(1509.090909 70 750)
(1527.272727 70 750)
(1545.454545 70 750)
(1563.636364 70 750)
(1581.818182 70 750)
(1600 70 750)
(1618.181818 70 750)
(1636.363636 70 750)
(1654.545455 70 750)
(1672.727273 70 750)
(1690.909091 70 750)
(1709.090909 70 750)
(1727.272727 70 750)
(1745.454545 70 750)
(1763.636364 70 750)
(1781.818182 70 750)
(1800 70 750)
(1818.181818 70 750)
(1836.363636 70 750)
(1854.545455 70 750)
(1872.727273 70 750)
(1890.909091 70 750)
(1909.090909 70 750)
(1927.272727 70 750)
(1945.454545 70 750)
(1963.636364 70 750)
(1981.818182 70 750)
(2000 70 750)
(0 73.33333333 750)
(18.18181818 73.33333333 750)
(36.36363636 73.33333333 750)
(54.54545455 73.33333333 750)
(72.72727273 73.33333333 750)
(90.90909091 73.33333333 750)
(109.0909091 73.33333333 750)
(127.2727273 73.33333333 750)
(145.4545455 73.33333333 750)
(163.6363636 73.33333333 750)
(181.8181818 73.33333333 750)
(200 73.33333333 750)
(218.1818182 73.33333333 750)
(236.3636364 73.33333333 750)
(254.5454545 73.33333333 750)
(272.7272727 73.33333333 750)
(290.9090909 73.33333333 750)
(309.0909091 73.33333333 750)
(327.2727273 73.33333333 750)
(345.4545455 73.33333333 750)
(363.6363636 73.33333333 750)
(381.8181818 73.33333333 750)
(400 73.33333333 750)
(418.1818182 73.33333333 750)
(436.3636364 73.33333333 750)
(454.5454545 73.33333333 750)
(472.7272727 73.33333333 750)
(490.9090909 73.33333333 750)
(509.0909091 73.33333333 750)
(527.2727273 73.33333333 750)
(545.4545455 73.33333333 750)
(563.6363636 73.33333333 750)
(581.8181818 73.33333333 750)
(600 73.33333333 750)
(618.1818182 73.33333333 750)
(636.3636364 73.33333333 750)
(654.5454545 73.33333333 750)
(672.7272727 73.33333333 750)
(690.9090909 73.33333333 750)
(709.0909091 73.33333333 750)
(727.2727273 73.33333333 750)
(745.4545455 73.33333333 750)
(763.6363636 73.33333333 750)
(781.8181818 73.33333333 750)
(800 73.33333333 750)
(818.1818182 73.33333333 750)
(836.3636364 73.33333333 750)
(854.5454545 73.33333333 750)
(872.7272727 73.33333333 750)
(890.9090909 73.33333333 750)
(909.0909091 73.33333333 750)
(927.2727273 73.33333333 750)
(945.4545455 73.33333333 750)
(963.6363636 73.33333333 750)
(981.8181818 73.33333333 750)
(1000 73.33333333 750)
(1018.181818 73.33333333 750)
(1036.363636 73.33333333 750)
(1054.545455 73.33333333 750)
(1072.727273 73.33333333 750)
(1090.909091 73.33333333 750)
(1109.090909 73.33333333 750)
(1127.272727 73.33333333 750)
(1145.454545 73.33333333 750)
(1163.636364 73.33333333 750)
(1181.818182 73.33333333 750)
(1200 73.33333333 750)
(1218.181818 73.33333333 750)
(1236.363636 73.33333333 750)
(1254.545455 73.33333333 750)
(1272.727273 73.33333333 750)
(1290.909091 73.33333333 750)
(1309.090909 73.33333333 750)
(1327.272727 73.33333333 750)
(1345.454545 73.33333333 750)
(1363.636364 73.33333333 750)
(1381.818182 73.33333333 750)
(1400 73.33333333 750)
(1418.181818 73.33333333 750)
(1436.363636 73.33333333 750)
(1454.545455 73.33333333 750)
(1472.727273 73.33333333 750)
(1490.909091 73.33333333 750)
(1509.090909 73.33333333 750)
(1527.272727 73.33333333 750)
(1545.454545 73.33333333 750)
(1563.636364 73.33333333 750)
(1581.818182 73.33333333 750)
(1600 73.33333333 750)
(1618.181818 73.33333333 750)
(1636.363636 73.33333333 750)
(1654.545455 73.33333333 750)
(1672.727273 73.33333333 750)
(1690.909091 73.33333333 750)
(1709.090909 73.33333333 750)
(1727.272727 73.33333333 750)
(1745.454545 73.33333333 750)
(1763.636364 73.33333333 750)
(1781.818182 73.33333333 750)
(1800 73.33333333 750)
(1818.181818 73.33333333 750)
(1836.363636 73.33333333 750)
(1854.545455 73.33333333 750)
(1872.727273 73.33333333 750)
(1890.909091 73.33333333 750)
(1909.090909 73.33333333 750)
(1927.272727 73.33333333 750)
(1945.454545 73.33333333 750)
(1963.636364 73.33333333 750)
(1981.818182 73.33333333 750)
(2000 73.33333333 750)
(0 76.66666667 750)
(18.18181818 76.66666667 750)
(36.36363636 76.66666667 750)
(54.54545455 76.66666667 750)
(72.72727273 76.66666667 750)
(90.90909091 76.66666667 750)
(109.0909091 76.66666667 750)
(127.2727273 76.66666667 750)
(145.4545455 76.66666667 750)
(163.6363636 76.66666667 750)
(181.8181818 76.66666667 750)
(200 76.66666667 750)
(218.1818182 76.66666667 750)
(236.3636364 76.66666667 750)
(254.5454545 76.66666667 750)
(272.7272727 76.66666667 750)
(290.9090909 76.66666667 750)
(309.0909091 76.66666667 750)
(327.2727273 76.66666667 750)
(345.4545455 76.66666667 750)
(363.6363636 76.66666667 750)
(381.8181818 76.66666667 750)
(400 76.66666667 750)
(418.1818182 76.66666667 750)
(436.3636364 76.66666667 750)
(454.5454545 76.66666667 750)
(472.7272727 76.66666667 750)
(490.9090909 76.66666667 750)
(509.0909091 76.66666667 750)
(527.2727273 76.66666667 750)
(545.4545455 76.66666667 750)
(563.6363636 76.66666667 750)
(581.8181818 76.66666667 750)
(600 76.66666667 750)
(618.1818182 76.66666667 750)
(636.3636364 76.66666667 750)
(654.5454545 76.66666667 750)
(672.7272727 76.66666667 750)
(690.9090909 76.66666667 750)
(709.0909091 76.66666667 750)
(727.2727273 76.66666667 750)
(745.4545455 76.66666667 750)
(763.6363636 76.66666667 750)
(781.8181818 76.66666667 750)
(800 76.66666667 750)
(818.1818182 76.66666667 750)
(836.3636364 76.66666667 750)
(854.5454545 76.66666667 750)
(872.7272727 76.66666667 750)
(890.9090909 76.66666667 750)
(909.0909091 76.66666667 750)
(927.2727273 76.66666667 750)
(945.4545455 76.66666667 750)
(963.6363636 76.66666667 750)
(981.8181818 76.66666667 750)
(1000 76.66666667 750)
(1018.181818 76.66666667 750)
(1036.363636 76.66666667 750)
(1054.545455 76.66666667 750)
(1072.727273 76.66666667 750)
(1090.909091 76.66666667 750)
(1109.090909 76.66666667 750)
(1127.272727 76.66666667 750)
(1145.454545 76.66666667 750)
(1163.636364 76.66666667 750)
(1181.818182 76.66666667 750)
(1200 76.66666667 750)
(1218.181818 76.66666667 750)
(1236.363636 76.66666667 750)
(1254.545455 76.66666667 750)
(1272.727273 76.66666667 750)
(1290.909091 76.66666667 750)
(1309.090909 76.66666667 750)
(1327.272727 76.66666667 750)
(1345.454545 76.66666667 750)
(1363.636364 76.66666667 750)
(1381.818182 76.66666667 750)
(1400 76.66666667 750)
(1418.181818 76.66666667 750)
(1436.363636 76.66666667 750)
(1454.545455 76.66666667 750)
(1472.727273 76.66666667 750)
(1490.909091 76.66666667 750)
(1509.090909 76.66666667 750)
(1527.272727 76.66666667 750)
(1545.454545 76.66666667 750)
(1563.636364 76.66666667 750)
(1581.818182 76.66666667 750)
(1600 76.66666667 750)
(1618.181818 76.66666667 750)
(1636.363636 76.66666667 750)
(1654.545455 76.66666667 750)
(1672.727273 76.66666667 750)
(1690.909091 76.66666667 750)
(1709.090909 76.66666667 750)
(1727.272727 76.66666667 750)
(1745.454545 76.66666667 750)
(1763.636364 76.66666667 750)
(1781.818182 76.66666667 750)
(1800 76.66666667 750)
(1818.181818 76.66666667 750)
(1836.363636 76.66666667 750)
(1854.545455 76.66666667 750)
(1872.727273 76.66666667 750)
(1890.909091 76.66666667 750)
(1909.090909 76.66666667 750)
(1927.272727 76.66666667 750)
(1945.454545 76.66666667 750)
(1963.636364 76.66666667 750)
(1981.818182 76.66666667 750)
(2000 76.66666667 750)
(0 80 750)
(18.18181818 80 750)
(36.36363636 80 750)
(54.54545455 80 750)
(72.72727273 80 750)
(90.90909091 80 750)
(109.0909091 80 750)
(127.2727273 80 750)
(145.4545455 80 750)
(163.6363636 80 750)
(181.8181818 80 750)
(200 80 750)
(218.1818182 80 750)
(236.3636364 80 750)
(254.5454545 80 750)
(272.7272727 80 750)
(290.9090909 80 750)
(309.0909091 80 750)
(327.2727273 80 750)
(345.4545455 80 750)
(363.6363636 80 750)
(381.8181818 80 750)
(400 80 750)
(418.1818182 80 750)
(436.3636364 80 750)
(454.5454545 80 750)
(472.7272727 80 750)
(490.9090909 80 750)
(509.0909091 80 750)
(527.2727273 80 750)
(545.4545455 80 750)
(563.6363636 80 750)
(581.8181818 80 750)
(600 80 750)
(618.1818182 80 750)
(636.3636364 80 750)
(654.5454545 80 750)
(672.7272727 80 750)
(690.9090909 80 750)
(709.0909091 80 750)
(727.2727273 80 750)
(745.4545455 80 750)
(763.6363636 80 750)
(781.8181818 80 750)
(800 80 750)
(818.1818182 80 750)
(836.3636364 80 750)
(854.5454545 80 750)
(872.7272727 80 750)
(890.9090909 80 750)
(909.0909091 80 750)
(927.2727273 80 750)
(945.4545455 80 750)
(963.6363636 80 750)
(981.8181818 80 750)
(1000 80 750)
(1018.181818 80 750)
(1036.363636 80 750)
(1054.545455 80 750)
(1072.727273 80 750)
(1090.909091 80 750)
(1109.090909 80 750)
(1127.272727 80 750)
(1145.454545 80 750)
(1163.636364 80 750)
(1181.818182 80 750)
(1200 80 750)
(1218.181818 80 750)
(1236.363636 80 750)
(1254.545455 80 750)
(1272.727273 80 750)
(1290.909091 80 750)
(1309.090909 80 750)
(1327.272727 80 750)
(1345.454545 80 750)
(1363.636364 80 750)
(1381.818182 80 750)
(1400 80 750)
(1418.181818 80 750)
(1436.363636 80 750)
(1454.545455 80 750)
(1472.727273 80 750)
(1490.909091 80 750)
(1509.090909 80 750)
(1527.272727 80 750)
(1545.454545 80 750)
(1563.636364 80 750)
(1581.818182 80 750)
(1600 80 750)
(1618.181818 80 750)
(1636.363636 80 750)
(1654.545455 80 750)
(1672.727273 80 750)
(1690.909091 80 750)
(1709.090909 80 750)
(1727.272727 80 750)
(1745.454545 80 750)
(1763.636364 80 750)
(1781.818182 80 750)
(1800 80 750)
(1818.181818 80 750)
(1836.363636 80 750)
(1854.545455 80 750)
(1872.727273 80 750)
(1890.909091 80 750)
(1909.090909 80 750)
(1927.272727 80 750)
(1945.454545 80 750)
(1963.636364 80 750)
(1981.818182 80 750)
(2000 80 750)
(0 83.33333333 750)
(18.18181818 83.33333333 750)
(36.36363636 83.33333333 750)
(54.54545455 83.33333333 750)
(72.72727273 83.33333333 750)
(90.90909091 83.33333333 750)
(109.0909091 83.33333333 750)
(127.2727273 83.33333333 750)
(145.4545455 83.33333333 750)
(163.6363636 83.33333333 750)
(181.8181818 83.33333333 750)
(200 83.33333333 750)
(218.1818182 83.33333333 750)
(236.3636364 83.33333333 750)
(254.5454545 83.33333333 750)
(272.7272727 83.33333333 750)
(290.9090909 83.33333333 750)
(309.0909091 83.33333333 750)
(327.2727273 83.33333333 750)
(345.4545455 83.33333333 750)
(363.6363636 83.33333333 750)
(381.8181818 83.33333333 750)
(400 83.33333333 750)
(418.1818182 83.33333333 750)
(436.3636364 83.33333333 750)
(454.5454545 83.33333333 750)
(472.7272727 83.33333333 750)
(490.9090909 83.33333333 750)
(509.0909091 83.33333333 750)
(527.2727273 83.33333333 750)
(545.4545455 83.33333333 750)
(563.6363636 83.33333333 750)
(581.8181818 83.33333333 750)
(600 83.33333333 750)
(618.1818182 83.33333333 750)
(636.3636364 83.33333333 750)
(654.5454545 83.33333333 750)
(672.7272727 83.33333333 750)
(690.9090909 83.33333333 750)
(709.0909091 83.33333333 750)
(727.2727273 83.33333333 750)
(745.4545455 83.33333333 750)
(763.6363636 83.33333333 750)
(781.8181818 83.33333333 750)
(800 83.33333333 750)
(818.1818182 83.33333333 750)
(836.3636364 83.33333333 750)
(854.5454545 83.33333333 750)
(872.7272727 83.33333333 750)
(890.9090909 83.33333333 750)
(909.0909091 83.33333333 750)
(927.2727273 83.33333333 750)
(945.4545455 83.33333333 750)
(963.6363636 83.33333333 750)
(981.8181818 83.33333333 750)
(1000 83.33333333 750)
(1018.181818 83.33333333 750)
(1036.363636 83.33333333 750)
(1054.545455 83.33333333 750)
(1072.727273 83.33333333 750)
(1090.909091 83.33333333 750)
(1109.090909 83.33333333 750)
(1127.272727 83.33333333 750)
(1145.454545 83.33333333 750)
(1163.636364 83.33333333 750)
(1181.818182 83.33333333 750)
(1200 83.33333333 750)
(1218.181818 83.33333333 750)
(1236.363636 83.33333333 750)
(1254.545455 83.33333333 750)
(1272.727273 83.33333333 750)
(1290.909091 83.33333333 750)
(1309.090909 83.33333333 750)
(1327.272727 83.33333333 750)
(1345.454545 83.33333333 750)
(1363.636364 83.33333333 750)
(1381.818182 83.33333333 750)
(1400 83.33333333 750)
(1418.181818 83.33333333 750)
(1436.363636 83.33333333 750)
(1454.545455 83.33333333 750)
(1472.727273 83.33333333 750)
(1490.909091 83.33333333 750)
(1509.090909 83.33333333 750)
(1527.272727 83.33333333 750)
(1545.454545 83.33333333 750)
(1563.636364 83.33333333 750)
(1581.818182 83.33333333 750)
(1600 83.33333333 750)
(1618.181818 83.33333333 750)
(1636.363636 83.33333333 750)
(1654.545455 83.33333333 750)
(1672.727273 83.33333333 750)
(1690.909091 83.33333333 750)
(1709.090909 83.33333333 750)
(1727.272727 83.33333333 750)
(1745.454545 83.33333333 750)
(1763.636364 83.33333333 750)
(1781.818182 83.33333333 750)
(1800 83.33333333 750)
(1818.181818 83.33333333 750)
(1836.363636 83.33333333 750)
(1854.545455 83.33333333 750)
(1872.727273 83.33333333 750)
(1890.909091 83.33333333 750)
(1909.090909 83.33333333 750)
(1927.272727 83.33333333 750)
(1945.454545 83.33333333 750)
(1963.636364 83.33333333 750)
(1981.818182 83.33333333 750)
(2000 83.33333333 750)
(0 86.66666667 750)
(18.18181818 86.66666667 750)
(36.36363636 86.66666667 750)
(54.54545455 86.66666667 750)
(72.72727273 86.66666667 750)
(90.90909091 86.66666667 750)
(109.0909091 86.66666667 750)
(127.2727273 86.66666667 750)
(145.4545455 86.66666667 750)
(163.6363636 86.66666667 750)
(181.8181818 86.66666667 750)
(200 86.66666667 750)
(218.1818182 86.66666667 750)
(236.3636364 86.66666667 750)
(254.5454545 86.66666667 750)
(272.7272727 86.66666667 750)
(290.9090909 86.66666667 750)
(309.0909091 86.66666667 750)
(327.2727273 86.66666667 750)
(345.4545455 86.66666667 750)
(363.6363636 86.66666667 750)
(381.8181818 86.66666667 750)
(400 86.66666667 750)
(418.1818182 86.66666667 750)
(436.3636364 86.66666667 750)
(454.5454545 86.66666667 750)
(472.7272727 86.66666667 750)
(490.9090909 86.66666667 750)
(509.0909091 86.66666667 750)
(527.2727273 86.66666667 750)
(545.4545455 86.66666667 750)
(563.6363636 86.66666667 750)
(581.8181818 86.66666667 750)
(600 86.66666667 750)
(618.1818182 86.66666667 750)
(636.3636364 86.66666667 750)
(654.5454545 86.66666667 750)
(672.7272727 86.66666667 750)
(690.9090909 86.66666667 750)
(709.0909091 86.66666667 750)
(727.2727273 86.66666667 750)
(745.4545455 86.66666667 750)
(763.6363636 86.66666667 750)
(781.8181818 86.66666667 750)
(800 86.66666667 750)
(818.1818182 86.66666667 750)
(836.3636364 86.66666667 750)
(854.5454545 86.66666667 750)
(872.7272727 86.66666667 750)
(890.9090909 86.66666667 750)
(909.0909091 86.66666667 750)
(927.2727273 86.66666667 750)
(945.4545455 86.66666667 750)
(963.6363636 86.66666667 750)
(981.8181818 86.66666667 750)
(1000 86.66666667 750)
(1018.181818 86.66666667 750)
(1036.363636 86.66666667 750)
(1054.545455 86.66666667 750)
(1072.727273 86.66666667 750)
(1090.909091 86.66666667 750)
(1109.090909 86.66666667 750)
(1127.272727 86.66666667 750)
(1145.454545 86.66666667 750)
(1163.636364 86.66666667 750)
(1181.818182 86.66666667 750)
(1200 86.66666667 750)
(1218.181818 86.66666667 750)
(1236.363636 86.66666667 750)
(1254.545455 86.66666667 750)
(1272.727273 86.66666667 750)
(1290.909091 86.66666667 750)
(1309.090909 86.66666667 750)
(1327.272727 86.66666667 750)
(1345.454545 86.66666667 750)
(1363.636364 86.66666667 750)
(1381.818182 86.66666667 750)
(1400 86.66666667 750)
(1418.181818 86.66666667 750)
(1436.363636 86.66666667 750)
(1454.545455 86.66666667 750)
(1472.727273 86.66666667 750)
(1490.909091 86.66666667 750)
(1509.090909 86.66666667 750)
(1527.272727 86.66666667 750)
(1545.454545 86.66666667 750)
(1563.636364 86.66666667 750)
(1581.818182 86.66666667 750)
(1600 86.66666667 750)
(1618.181818 86.66666667 750)
(1636.363636 86.66666667 750)
(1654.545455 86.66666667 750)
(1672.727273 86.66666667 750)
(1690.909091 86.66666667 750)
(1709.090909 86.66666667 750)
(1727.272727 86.66666667 750)
(1745.454545 86.66666667 750)
(1763.636364 86.66666667 750)
(1781.818182 86.66666667 750)
(1800 86.66666667 750)
(1818.181818 86.66666667 750)
(1836.363636 86.66666667 750)
(1854.545455 86.66666667 750)
(1872.727273 86.66666667 750)
(1890.909091 86.66666667 750)
(1909.090909 86.66666667 750)
(1927.272727 86.66666667 750)
(1945.454545 86.66666667 750)
(1963.636364 86.66666667 750)
(1981.818182 86.66666667 750)
(2000 86.66666667 750)
(0 90 750)
(18.18181818 90 750)
(36.36363636 90 750)
(54.54545455 90 750)
(72.72727273 90 750)
(90.90909091 90 750)
(109.0909091 90 750)
(127.2727273 90 750)
(145.4545455 90 750)
(163.6363636 90 750)
(181.8181818 90 750)
(200 90 750)
(218.1818182 90 750)
(236.3636364 90 750)
(254.5454545 90 750)
(272.7272727 90 750)
(290.9090909 90 750)
(309.0909091 90 750)
(327.2727273 90 750)
(345.4545455 90 750)
(363.6363636 90 750)
(381.8181818 90 750)
(400 90 750)
(418.1818182 90 750)
(436.3636364 90 750)
(454.5454545 90 750)
(472.7272727 90 750)
(490.9090909 90 750)
(509.0909091 90 750)
(527.2727273 90 750)
(545.4545455 90 750)
(563.6363636 90 750)
(581.8181818 90 750)
(600 90 750)
(618.1818182 90 750)
(636.3636364 90 750)
(654.5454545 90 750)
(672.7272727 90 750)
(690.9090909 90 750)
(709.0909091 90 750)
(727.2727273 90 750)
(745.4545455 90 750)
(763.6363636 90 750)
(781.8181818 90 750)
(800 90 750)
(818.1818182 90 750)
(836.3636364 90 750)
(854.5454545 90 750)
(872.7272727 90 750)
(890.9090909 90 750)
(909.0909091 90 750)
(927.2727273 90 750)
(945.4545455 90 750)
(963.6363636 90 750)
(981.8181818 90 750)
(1000 90 750)
(1018.181818 90 750)
(1036.363636 90 750)
(1054.545455 90 750)
(1072.727273 90 750)
(1090.909091 90 750)
(1109.090909 90 750)
(1127.272727 90 750)
(1145.454545 90 750)
(1163.636364 90 750)
(1181.818182 90 750)
(1200 90 750)
(1218.181818 90 750)
(1236.363636 90 750)
(1254.545455 90 750)
(1272.727273 90 750)
(1290.909091 90 750)
(1309.090909 90 750)
(1327.272727 90 750)
(1345.454545 90 750)
(1363.636364 90 750)
(1381.818182 90 750)
(1400 90 750)
(1418.181818 90 750)
(1436.363636 90 750)
(1454.545455 90 750)
(1472.727273 90 750)
(1490.909091 90 750)
(1509.090909 90 750)
(1527.272727 90 750)
(1545.454545 90 750)
(1563.636364 90 750)
(1581.818182 90 750)
(1600 90 750)
(1618.181818 90 750)
(1636.363636 90 750)
(1654.545455 90 750)
(1672.727273 90 750)
(1690.909091 90 750)
(1709.090909 90 750)
(1727.272727 90 750)
(1745.454545 90 750)
(1763.636364 90 750)
(1781.818182 90 750)
(1800 90 750)
(1818.181818 90 750)
(1836.363636 90 750)
(1854.545455 90 750)
(1872.727273 90 750)
(1890.909091 90 750)
(1909.090909 90 750)
(1927.272727 90 750)
(1945.454545 90 750)
(1963.636364 90 750)
(1981.818182 90 750)
(2000 90 750)
(0 93.33333333 750)
(18.18181818 93.33333333 750)
(36.36363636 93.33333333 750)
(54.54545455 93.33333333 750)
(72.72727273 93.33333333 750)
(90.90909091 93.33333333 750)
(109.0909091 93.33333333 750)
(127.2727273 93.33333333 750)
(145.4545455 93.33333333 750)
(163.6363636 93.33333333 750)
(181.8181818 93.33333333 750)
(200 93.33333333 750)
(218.1818182 93.33333333 750)
(236.3636364 93.33333333 750)
(254.5454545 93.33333333 750)
(272.7272727 93.33333333 750)
(290.9090909 93.33333333 750)
(309.0909091 93.33333333 750)
(327.2727273 93.33333333 750)
(345.4545455 93.33333333 750)
(363.6363636 93.33333333 750)
(381.8181818 93.33333333 750)
(400 93.33333333 750)
(418.1818182 93.33333333 750)
(436.3636364 93.33333333 750)
(454.5454545 93.33333333 750)
(472.7272727 93.33333333 750)
(490.9090909 93.33333333 750)
(509.0909091 93.33333333 750)
(527.2727273 93.33333333 750)
(545.4545455 93.33333333 750)
(563.6363636 93.33333333 750)
(581.8181818 93.33333333 750)
(600 93.33333333 750)
(618.1818182 93.33333333 750)
(636.3636364 93.33333333 750)
(654.5454545 93.33333333 750)
(672.7272727 93.33333333 750)
(690.9090909 93.33333333 750)
(709.0909091 93.33333333 750)
(727.2727273 93.33333333 750)
(745.4545455 93.33333333 750)
(763.6363636 93.33333333 750)
(781.8181818 93.33333333 750)
(800 93.33333333 750)
(818.1818182 93.33333333 750)
(836.3636364 93.33333333 750)
(854.5454545 93.33333333 750)
(872.7272727 93.33333333 750)
(890.9090909 93.33333333 750)
(909.0909091 93.33333333 750)
(927.2727273 93.33333333 750)
(945.4545455 93.33333333 750)
(963.6363636 93.33333333 750)
(981.8181818 93.33333333 750)
(1000 93.33333333 750)
(1018.181818 93.33333333 750)
(1036.363636 93.33333333 750)
(1054.545455 93.33333333 750)
(1072.727273 93.33333333 750)
(1090.909091 93.33333333 750)
(1109.090909 93.33333333 750)
(1127.272727 93.33333333 750)
(1145.454545 93.33333333 750)
(1163.636364 93.33333333 750)
(1181.818182 93.33333333 750)
(1200 93.33333333 750)
(1218.181818 93.33333333 750)
(1236.363636 93.33333333 750)
(1254.545455 93.33333333 750)
(1272.727273 93.33333333 750)
(1290.909091 93.33333333 750)
(1309.090909 93.33333333 750)
(1327.272727 93.33333333 750)
(1345.454545 93.33333333 750)
(1363.636364 93.33333333 750)
(1381.818182 93.33333333 750)
(1400 93.33333333 750)
(1418.181818 93.33333333 750)
(1436.363636 93.33333333 750)
(1454.545455 93.33333333 750)
(1472.727273 93.33333333 750)
(1490.909091 93.33333333 750)
(1509.090909 93.33333333 750)
(1527.272727 93.33333333 750)
(1545.454545 93.33333333 750)
(1563.636364 93.33333333 750)
(1581.818182 93.33333333 750)
(1600 93.33333333 750)
(1618.181818 93.33333333 750)
(1636.363636 93.33333333 750)
(1654.545455 93.33333333 750)
(1672.727273 93.33333333 750)
(1690.909091 93.33333333 750)
(1709.090909 93.33333333 750)
(1727.272727 93.33333333 750)
(1745.454545 93.33333333 750)
(1763.636364 93.33333333 750)
(1781.818182 93.33333333 750)
(1800 93.33333333 750)
(1818.181818 93.33333333 750)
(1836.363636 93.33333333 750)
(1854.545455 93.33333333 750)
(1872.727273 93.33333333 750)
(1890.909091 93.33333333 750)
(1909.090909 93.33333333 750)
(1927.272727 93.33333333 750)
(1945.454545 93.33333333 750)
(1963.636364 93.33333333 750)
(1981.818182 93.33333333 750)
(2000 93.33333333 750)
(0 96.66666667 750)
(18.18181818 96.66666667 750)
(36.36363636 96.66666667 750)
(54.54545455 96.66666667 750)
(72.72727273 96.66666667 750)
(90.90909091 96.66666667 750)
(109.0909091 96.66666667 750)
(127.2727273 96.66666667 750)
(145.4545455 96.66666667 750)
(163.6363636 96.66666667 750)
(181.8181818 96.66666667 750)
(200 96.66666667 750)
(218.1818182 96.66666667 750)
(236.3636364 96.66666667 750)
(254.5454545 96.66666667 750)
(272.7272727 96.66666667 750)
(290.9090909 96.66666667 750)
(309.0909091 96.66666667 750)
(327.2727273 96.66666667 750)
(345.4545455 96.66666667 750)
(363.6363636 96.66666667 750)
(381.8181818 96.66666667 750)
(400 96.66666667 750)
(418.1818182 96.66666667 750)
(436.3636364 96.66666667 750)
(454.5454545 96.66666667 750)
(472.7272727 96.66666667 750)
(490.9090909 96.66666667 750)
(509.0909091 96.66666667 750)
(527.2727273 96.66666667 750)
(545.4545455 96.66666667 750)
(563.6363636 96.66666667 750)
(581.8181818 96.66666667 750)
(600 96.66666667 750)
(618.1818182 96.66666667 750)
(636.3636364 96.66666667 750)
(654.5454545 96.66666667 750)
(672.7272727 96.66666667 750)
(690.9090909 96.66666667 750)
(709.0909091 96.66666667 750)
(727.2727273 96.66666667 750)
(745.4545455 96.66666667 750)
(763.6363636 96.66666667 750)
(781.8181818 96.66666667 750)
(800 96.66666667 750)
(818.1818182 96.66666667 750)
(836.3636364 96.66666667 750)
(854.5454545 96.66666667 750)
(872.7272727 96.66666667 750)
(890.9090909 96.66666667 750)
(909.0909091 96.66666667 750)
(927.2727273 96.66666667 750)
(945.4545455 96.66666667 750)
(963.6363636 96.66666667 750)
(981.8181818 96.66666667 750)
(1000 96.66666667 750)
(1018.181818 96.66666667 750)
(1036.363636 96.66666667 750)
(1054.545455 96.66666667 750)
(1072.727273 96.66666667 750)
(1090.909091 96.66666667 750)
(1109.090909 96.66666667 750)
(1127.272727 96.66666667 750)
(1145.454545 96.66666667 750)
(1163.636364 96.66666667 750)
(1181.818182 96.66666667 750)
(1200 96.66666667 750)
(1218.181818 96.66666667 750)
(1236.363636 96.66666667 750)
(1254.545455 96.66666667 750)
(1272.727273 96.66666667 750)
(1290.909091 96.66666667 750)
(1309.090909 96.66666667 750)
(1327.272727 96.66666667 750)
(1345.454545 96.66666667 750)
(1363.636364 96.66666667 750)
(1381.818182 96.66666667 750)
(1400 96.66666667 750)
(1418.181818 96.66666667 750)
(1436.363636 96.66666667 750)
(1454.545455 96.66666667 750)
(1472.727273 96.66666667 750)
(1490.909091 96.66666667 750)
(1509.090909 96.66666667 750)
(1527.272727 96.66666667 750)
(1545.454545 96.66666667 750)
(1563.636364 96.66666667 750)
(1581.818182 96.66666667 750)
(1600 96.66666667 750)
(1618.181818 96.66666667 750)
(1636.363636 96.66666667 750)
(1654.545455 96.66666667 750)
(1672.727273 96.66666667 750)
(1690.909091 96.66666667 750)
(1709.090909 96.66666667 750)
(1727.272727 96.66666667 750)
(1745.454545 96.66666667 750)
(1763.636364 96.66666667 750)
(1781.818182 96.66666667 750)
(1800 96.66666667 750)
(1818.181818 96.66666667 750)
(1836.363636 96.66666667 750)
(1854.545455 96.66666667 750)
(1872.727273 96.66666667 750)
(1890.909091 96.66666667 750)
(1909.090909 96.66666667 750)
(1927.272727 96.66666667 750)
(1945.454545 96.66666667 750)
(1963.636364 96.66666667 750)
(1981.818182 96.66666667 750)
(2000 96.66666667 750)
(0 100 750)
(18.18181818 100 750)
(36.36363636 100 750)
(54.54545455 100 750)
(72.72727273 100 750)
(90.90909091 100 750)
(109.0909091 100 750)
(127.2727273 100 750)
(145.4545455 100 750)
(163.6363636 100 750)
(181.8181818 100 750)
(200 100 750)
(218.1818182 100 750)
(236.3636364 100 750)
(254.5454545 100 750)
(272.7272727 100 750)
(290.9090909 100 750)
(309.0909091 100 750)
(327.2727273 100 750)
(345.4545455 100 750)
(363.6363636 100 750)
(381.8181818 100 750)
(400 100 750)
(418.1818182 100 750)
(436.3636364 100 750)
(454.5454545 100 750)
(472.7272727 100 750)
(490.9090909 100 750)
(509.0909091 100 750)
(527.2727273 100 750)
(545.4545455 100 750)
(563.6363636 100 750)
(581.8181818 100 750)
(600 100 750)
(618.1818182 100 750)
(636.3636364 100 750)
(654.5454545 100 750)
(672.7272727 100 750)
(690.9090909 100 750)
(709.0909091 100 750)
(727.2727273 100 750)
(745.4545455 100 750)
(763.6363636 100 750)
(781.8181818 100 750)
(800 100 750)
(818.1818182 100 750)
(836.3636364 100 750)
(854.5454545 100 750)
(872.7272727 100 750)
(890.9090909 100 750)
(909.0909091 100 750)
(927.2727273 100 750)
(945.4545455 100 750)
(963.6363636 100 750)
(981.8181818 100 750)
(1000 100 750)
(1018.181818 100 750)
(1036.363636 100 750)
(1054.545455 100 750)
(1072.727273 100 750)
(1090.909091 100 750)
(1109.090909 100 750)
(1127.272727 100 750)
(1145.454545 100 750)
(1163.636364 100 750)
(1181.818182 100 750)
(1200 100 750)
(1218.181818 100 750)
(1236.363636 100 750)
(1254.545455 100 750)
(1272.727273 100 750)
(1290.909091 100 750)
(1309.090909 100 750)
(1327.272727 100 750)
(1345.454545 100 750)
(1363.636364 100 750)
(1381.818182 100 750)
(1400 100 750)
(1418.181818 100 750)
(1436.363636 100 750)
(1454.545455 100 750)
(1472.727273 100 750)
(1490.909091 100 750)
(1509.090909 100 750)
(1527.272727 100 750)
(1545.454545 100 750)
(1563.636364 100 750)
(1581.818182 100 750)
(1600 100 750)
(1618.181818 100 750)
(1636.363636 100 750)
(1654.545455 100 750)
(1672.727273 100 750)
(1690.909091 100 750)
(1709.090909 100 750)
(1727.272727 100 750)
(1745.454545 100 750)
(1763.636364 100 750)
(1781.818182 100 750)
(1800 100 750)
(1818.181818 100 750)
(1836.363636 100 750)
(1854.545455 100 750)
(1872.727273 100 750)
(1890.909091 100 750)
(1909.090909 100 750)
(1927.272727 100 750)
(1945.454545 100 750)
(1963.636364 100 750)
(1981.818182 100 750)
(2000 100 750)
)


// ************************************************************************* //
