/*--------------------------------*- C++ -*----------------------------------*\
  =========                 |
  \\      /  F ield         | OpenFOAM: The Open Source CFD Toolbox
   \\    /   O peration     | Website:  https://openfoam.org
    \\  /    A nd           | Version:  9
     \\/     M anipulation  |
\*---------------------------------------------------------------------------*/
FoamFile
{
    format      ascii;
    class       vectorField;
    location    "constant/polyMesh";
    object      points;
}
// * * * * * * * * * * * * * * * * * * * * * * * * * * * * * * * * * * * * * //


5616
(
(0 0 0)
(2.789117647 0 0)
(5.578235294 0 0)
(8.367352941 0 0)
(11.15647059 0 0)
(13.94558824 0 0)
(16.73470588 0 0)
(19.52382353 0 0)
(22.31294118 0 0)
(25.10205882 0 0)
(27.89117647 0 0)
(30.68029412 0 0)
(33.46941176 0 0)
(36.25852941 0 0)
(39.04764706 0 0)
(41.83676471 0 0)
(44.62588235 0 0)
(47.415 0 0)
(50.20411765 0 0)
(52.99323529 0 0)
(55.78235294 0 0)
(58.57147059 0 0)
(61.36058824 0 0)
(64.14970588 0 0)
(66.93882353 0 0)
(69.72794118 0 0)
(72.51705882 0 0)
(75.30617647 0 0)
(78.09529412 0 0)
(80.88441176 0 0)
(83.67352941 0 0)
(86.46264706 0 0)
(89.25176471 0 0)
(92.04088235 0 0)
(94.83 0 0)
(97.61911765 0 0)
(100.4082353 0 0)
(103.1973529 0 0)
(105.9864706 0 0)
(108.7755882 0 0)
(111.5647059 0 0)
(114.3538235 0 0)
(117.1429412 0 0)
(119.9320588 0 0)
(122.7211765 0 0)
(125.5102941 0 0)
(128.2994118 0 0)
(131.0885294 0 0)
(133.8776471 0 0)
(136.6667647 0 0)
(139.4558824 0 0)
(142.245 0 0)
(0 0.4202250923 0)
(2.789117647 0.4202250923 0)
(5.578235294 0.4202250923 0)
(8.367352941 0.4202250923 0)
(11.15647059 0.4202250923 0)
(13.94558824 0.4202250923 0)
(16.73470588 0.4202250923 0)
(19.52382353 0.4202250923 0)
(22.31294118 0.4202250923 0)
(25.10205882 0.4202250923 0)
(27.89117647 0.4202250923 0)
(30.68029412 0.4202250923 0)
(33.46941176 0.4202250923 0)
(36.25852941 0.4202250923 0)
(39.04764706 0.4202250923 0)
(41.83676471 0.4202250923 0)
(44.62588235 0.4202250923 0)
(47.415 0.4202250923 0)
(50.20411765 0.4202250923 0)
(52.99323529 0.4202250923 0)
(55.78235294 0.4202250923 0)
(58.57147059 0.4202250923 0)
(61.36058824 0.4202250923 0)
(64.14970588 0.4202250923 0)
(66.93882353 0.4202250923 0)
(69.72794118 0.4202250923 0)
(72.51705882 0.4202250923 0)
(75.30617647 0.4202250923 0)
(78.09529412 0.4202250923 0)
(80.88441176 0.4202250923 0)
(83.67352941 0.4202250923 0)
(86.46264706 0.4202250923 0)
(89.25176471 0.4202250923 0)
(92.04088235 0.4202250923 0)
(94.83 0.4202250923 0)
(97.61911765 0.4202250923 0)
(100.4082353 0.4202250923 0)
(103.1973529 0.4202250923 0)
(105.9864706 0.4202250923 0)
(108.7755882 0.4202250923 0)
(111.5647059 0.4202250923 0)
(114.3538235 0.4202250923 0)
(117.1429412 0.4202250923 0)
(119.9320588 0.4202250923 0)
(122.7211765 0.4202250923 0)
(125.5102941 0.4202250923 0)
(128.2994118 0.4202250923 0)
(131.0885294 0.4202250923 0)
(133.8776471 0.4202250923 0)
(136.6667647 0.4202250923 0)
(139.4558824 0.4202250923 0)
(142.245 0.4202250923 0)
(0 0.8939466853 0)
(2.789117647 0.8939466853 0)
(5.578235294 0.8939466853 0)
(8.367352941 0.8939466853 0)
(11.15647059 0.8939466853 0)
(13.94558824 0.8939466853 0)
(16.73470588 0.8939466853 0)
(19.52382353 0.8939466853 0)
(22.31294118 0.8939466853 0)
(25.10205882 0.8939466853 0)
(27.89117647 0.8939466853 0)
(30.68029412 0.8939466853 0)
(33.46941176 0.8939466853 0)
(36.25852941 0.8939466853 0)
(39.04764706 0.8939466853 0)
(41.83676471 0.8939466853 0)
(44.62588235 0.8939466853 0)
(47.415 0.8939466853 0)
(50.20411765 0.8939466853 0)
(52.99323529 0.8939466853 0)
(55.78235294 0.8939466853 0)
(58.57147059 0.8939466853 0)
(61.36058824 0.8939466853 0)
(64.14970588 0.8939466853 0)
(66.93882353 0.8939466853 0)
(69.72794118 0.8939466853 0)
(72.51705882 0.8939466853 0)
(75.30617647 0.8939466853 0)
(78.09529412 0.8939466853 0)
(80.88441176 0.8939466853 0)
(83.67352941 0.8939466853 0)
(86.46264706 0.8939466853 0)
(89.25176471 0.8939466853 0)
(92.04088235 0.8939466853 0)
(94.83 0.8939466853 0)
(97.61911765 0.8939466853 0)
(100.4082353 0.8939466853 0)
(103.1973529 0.8939466853 0)
(105.9864706 0.8939466853 0)
(108.7755882 0.8939466853 0)
(111.5647059 0.8939466853 0)
(114.3538235 0.8939466853 0)
(117.1429412 0.8939466853 0)
(119.9320588 0.8939466853 0)
(122.7211765 0.8939466853 0)
(125.5102941 0.8939466853 0)
(128.2994118 0.8939466853 0)
(131.0885294 0.8939466853 0)
(133.8776471 0.8939466853 0)
(136.6667647 0.8939466853 0)
(139.4558824 0.8939466853 0)
(142.245 0.8939466853 0)
(0 1.427975119 0)
(2.789117647 1.427975119 0)
(5.578235294 1.427975119 0)
(8.367352941 1.427975119 0)
(11.15647059 1.427975119 0)
(13.94558824 1.427975119 0)
(16.73470588 1.427975119 0)
(19.52382353 1.427975119 0)
(22.31294118 1.427975119 0)
(25.10205882 1.427975119 0)
(27.89117647 1.427975119 0)
(30.68029412 1.427975119 0)
(33.46941176 1.427975119 0)
(36.25852941 1.427975119 0)
(39.04764706 1.427975119 0)
(41.83676471 1.427975119 0)
(44.62588235 1.427975119 0)
(47.415 1.427975119 0)
(50.20411765 1.427975119 0)
(52.99323529 1.427975119 0)
(55.78235294 1.427975119 0)
(58.57147059 1.427975119 0)
(61.36058824 1.427975119 0)
(64.14970588 1.427975119 0)
(66.93882353 1.427975119 0)
(69.72794118 1.427975119 0)
(72.51705882 1.427975119 0)
(75.30617647 1.427975119 0)
(78.09529412 1.427975119 0)
(80.88441176 1.427975119 0)
(83.67352941 1.427975119 0)
(86.46264706 1.427975119 0)
(89.25176471 1.427975119 0)
(92.04088235 1.427975119 0)
(94.83 1.427975119 0)
(97.61911765 1.427975119 0)
(100.4082353 1.427975119 0)
(103.1973529 1.427975119 0)
(105.9864706 1.427975119 0)
(108.7755882 1.427975119 0)
(111.5647059 1.427975119 0)
(114.3538235 1.427975119 0)
(117.1429412 1.427975119 0)
(119.9320588 1.427975119 0)
(122.7211765 1.427975119 0)
(125.5102941 1.427975119 0)
(128.2994118 1.427975119 0)
(131.0885294 1.427975119 0)
(133.8776471 1.427975119 0)
(136.6667647 1.427975119 0)
(139.4558824 1.427975119 0)
(142.245 1.427975119 0)
(0 2.029987718 0)
(2.789117647 2.029987718 0)
(5.578235294 2.029987718 0)
(8.367352941 2.029987718 0)
(11.15647059 2.029987718 0)
(13.94558824 2.029987718 0)
(16.73470588 2.029987718 0)
(19.52382353 2.029987718 0)
(22.31294118 2.029987718 0)
(25.10205882 2.029987718 0)
(27.89117647 2.029987718 0)
(30.68029412 2.029987718 0)
(33.46941176 2.029987718 0)
(36.25852941 2.029987718 0)
(39.04764706 2.029987718 0)
(41.83676471 2.029987718 0)
(44.62588235 2.029987718 0)
(47.415 2.029987718 0)
(50.20411765 2.029987718 0)
(52.99323529 2.029987718 0)
(55.78235294 2.029987718 0)
(58.57147059 2.029987718 0)
(61.36058824 2.029987718 0)
(64.14970588 2.029987718 0)
(66.93882353 2.029987718 0)
(69.72794118 2.029987718 0)
(72.51705882 2.029987718 0)
(75.30617647 2.029987718 0)
(78.09529412 2.029987718 0)
(80.88441176 2.029987718 0)
(83.67352941 2.029987718 0)
(86.46264706 2.029987718 0)
(89.25176471 2.029987718 0)
(92.04088235 2.029987718 0)
(94.83 2.029987718 0)
(97.61911765 2.029987718 0)
(100.4082353 2.029987718 0)
(103.1973529 2.029987718 0)
(105.9864706 2.029987718 0)
(108.7755882 2.029987718 0)
(111.5647059 2.029987718 0)
(114.3538235 2.029987718 0)
(117.1429412 2.029987718 0)
(119.9320588 2.029987718 0)
(122.7211765 2.029987718 0)
(125.5102941 2.029987718 0)
(128.2994118 2.029987718 0)
(131.0885294 2.029987718 0)
(133.8776471 2.029987718 0)
(136.6667647 2.029987718 0)
(139.4558824 2.029987718 0)
(142.245 2.029987718 0)
(0 2.708639167 0)
(2.789117647 2.708639167 0)
(5.578235294 2.708639167 0)
(8.367352941 2.708639167 0)
(11.15647059 2.708639167 0)
(13.94558824 2.708639167 0)
(16.73470588 2.708639167 0)
(19.52382353 2.708639167 0)
(22.31294118 2.708639167 0)
(25.10205882 2.708639167 0)
(27.89117647 2.708639167 0)
(30.68029412 2.708639167 0)
(33.46941176 2.708639167 0)
(36.25852941 2.708639167 0)
(39.04764706 2.708639167 0)
(41.83676471 2.708639167 0)
(44.62588235 2.708639167 0)
(47.415 2.708639167 0)
(50.20411765 2.708639167 0)
(52.99323529 2.708639167 0)
(55.78235294 2.708639167 0)
(58.57147059 2.708639167 0)
(61.36058824 2.708639167 0)
(64.14970588 2.708639167 0)
(66.93882353 2.708639167 0)
(69.72794118 2.708639167 0)
(72.51705882 2.708639167 0)
(75.30617647 2.708639167 0)
(78.09529412 2.708639167 0)
(80.88441176 2.708639167 0)
(83.67352941 2.708639167 0)
(86.46264706 2.708639167 0)
(89.25176471 2.708639167 0)
(92.04088235 2.708639167 0)
(94.83 2.708639167 0)
(97.61911765 2.708639167 0)
(100.4082353 2.708639167 0)
(103.1973529 2.708639167 0)
(105.9864706 2.708639167 0)
(108.7755882 2.708639167 0)
(111.5647059 2.708639167 0)
(114.3538235 2.708639167 0)
(117.1429412 2.708639167 0)
(119.9320588 2.708639167 0)
(122.7211765 2.708639167 0)
(125.5102941 2.708639167 0)
(128.2994118 2.708639167 0)
(131.0885294 2.708639167 0)
(133.8776471 2.708639167 0)
(136.6667647 2.708639167 0)
(139.4558824 2.708639167 0)
(142.245 2.708639167 0)
(0 3.473685927 0)
(2.789117647 3.473685927 0)
(5.578235294 3.473685927 0)
(8.367352941 3.473685927 0)
(11.15647059 3.473685927 0)
(13.94558824 3.473685927 0)
(16.73470588 3.473685927 0)
(19.52382353 3.473685927 0)
(22.31294118 3.473685927 0)
(25.10205882 3.473685927 0)
(27.89117647 3.473685927 0)
(30.68029412 3.473685927 0)
(33.46941176 3.473685927 0)
(36.25852941 3.473685927 0)
(39.04764706 3.473685927 0)
(41.83676471 3.473685927 0)
(44.62588235 3.473685927 0)
(47.415 3.473685927 0)
(50.20411765 3.473685927 0)
(52.99323529 3.473685927 0)
(55.78235294 3.473685927 0)
(58.57147059 3.473685927 0)
(61.36058824 3.473685927 0)
(64.14970588 3.473685927 0)
(66.93882353 3.473685927 0)
(69.72794118 3.473685927 0)
(72.51705882 3.473685927 0)
(75.30617647 3.473685927 0)
(78.09529412 3.473685927 0)
(80.88441176 3.473685927 0)
(83.67352941 3.473685927 0)
(86.46264706 3.473685927 0)
(89.25176471 3.473685927 0)
(92.04088235 3.473685927 0)
(94.83 3.473685927 0)
(97.61911765 3.473685927 0)
(100.4082353 3.473685927 0)
(103.1973529 3.473685927 0)
(105.9864706 3.473685927 0)
(108.7755882 3.473685927 0)
(111.5647059 3.473685927 0)
(114.3538235 3.473685927 0)
(117.1429412 3.473685927 0)
(119.9320588 3.473685927 0)
(122.7211765 3.473685927 0)
(125.5102941 3.473685927 0)
(128.2994118 3.473685927 0)
(131.0885294 3.473685927 0)
(133.8776471 3.473685927 0)
(136.6667647 3.473685927 0)
(139.4558824 3.473685927 0)
(142.245 3.473685927 0)
(0 4.336126502 0)
(2.789117647 4.336126502 0)
(5.578235294 4.336126502 0)
(8.367352941 4.336126502 0)
(11.15647059 4.336126502 0)
(13.94558824 4.336126502 0)
(16.73470588 4.336126502 0)
(19.52382353 4.336126502 0)
(22.31294118 4.336126502 0)
(25.10205882 4.336126502 0)
(27.89117647 4.336126502 0)
(30.68029412 4.336126502 0)
(33.46941176 4.336126502 0)
(36.25852941 4.336126502 0)
(39.04764706 4.336126502 0)
(41.83676471 4.336126502 0)
(44.62588235 4.336126502 0)
(47.415 4.336126502 0)
(50.20411765 4.336126502 0)
(52.99323529 4.336126502 0)
(55.78235294 4.336126502 0)
(58.57147059 4.336126502 0)
(61.36058824 4.336126502 0)
(64.14970588 4.336126502 0)
(66.93882353 4.336126502 0)
(69.72794118 4.336126502 0)
(72.51705882 4.336126502 0)
(75.30617647 4.336126502 0)
(78.09529412 4.336126502 0)
(80.88441176 4.336126502 0)
(83.67352941 4.336126502 0)
(86.46264706 4.336126502 0)
(89.25176471 4.336126502 0)
(92.04088235 4.336126502 0)
(94.83 4.336126502 0)
(97.61911765 4.336126502 0)
(100.4082353 4.336126502 0)
(103.1973529 4.336126502 0)
(105.9864706 4.336126502 0)
(108.7755882 4.336126502 0)
(111.5647059 4.336126502 0)
(114.3538235 4.336126502 0)
(117.1429412 4.336126502 0)
(119.9320588 4.336126502 0)
(122.7211765 4.336126502 0)
(125.5102941 4.336126502 0)
(128.2994118 4.336126502 0)
(131.0885294 4.336126502 0)
(133.8776471 4.336126502 0)
(136.6667647 4.336126502 0)
(139.4558824 4.336126502 0)
(142.245 4.336126502 0)
(0 5.308359551 0)
(2.789117647 5.308359551 0)
(5.578235294 5.308359551 0)
(8.367352941 5.308359551 0)
(11.15647059 5.308359551 0)
(13.94558824 5.308359551 0)
(16.73470588 5.308359551 0)
(19.52382353 5.308359551 0)
(22.31294118 5.308359551 0)
(25.10205882 5.308359551 0)
(27.89117647 5.308359551 0)
(30.68029412 5.308359551 0)
(33.46941176 5.308359551 0)
(36.25852941 5.308359551 0)
(39.04764706 5.308359551 0)
(41.83676471 5.308359551 0)
(44.62588235 5.308359551 0)
(47.415 5.308359551 0)
(50.20411765 5.308359551 0)
(52.99323529 5.308359551 0)
(55.78235294 5.308359551 0)
(58.57147059 5.308359551 0)
(61.36058824 5.308359551 0)
(64.14970588 5.308359551 0)
(66.93882353 5.308359551 0)
(69.72794118 5.308359551 0)
(72.51705882 5.308359551 0)
(75.30617647 5.308359551 0)
(78.09529412 5.308359551 0)
(80.88441176 5.308359551 0)
(83.67352941 5.308359551 0)
(86.46264706 5.308359551 0)
(89.25176471 5.308359551 0)
(92.04088235 5.308359551 0)
(94.83 5.308359551 0)
(97.61911765 5.308359551 0)
(100.4082353 5.308359551 0)
(103.1973529 5.308359551 0)
(105.9864706 5.308359551 0)
(108.7755882 5.308359551 0)
(111.5647059 5.308359551 0)
(114.3538235 5.308359551 0)
(117.1429412 5.308359551 0)
(119.9320588 5.308359551 0)
(122.7211765 5.308359551 0)
(125.5102941 5.308359551 0)
(128.2994118 5.308359551 0)
(131.0885294 5.308359551 0)
(133.8776471 5.308359551 0)
(136.6667647 5.308359551 0)
(139.4558824 5.308359551 0)
(142.245 5.308359551 0)
(0 6.404362139 0)
(2.789117647 6.404362139 0)
(5.578235294 6.404362139 0)
(8.367352941 6.404362139 0)
(11.15647059 6.404362139 0)
(13.94558824 6.404362139 0)
(16.73470588 6.404362139 0)
(19.52382353 6.404362139 0)
(22.31294118 6.404362139 0)
(25.10205882 6.404362139 0)
(27.89117647 6.404362139 0)
(30.68029412 6.404362139 0)
(33.46941176 6.404362139 0)
(36.25852941 6.404362139 0)
(39.04764706 6.404362139 0)
(41.83676471 6.404362139 0)
(44.62588235 6.404362139 0)
(47.415 6.404362139 0)
(50.20411765 6.404362139 0)
(52.99323529 6.404362139 0)
(55.78235294 6.404362139 0)
(58.57147059 6.404362139 0)
(61.36058824 6.404362139 0)
(64.14970588 6.404362139 0)
(66.93882353 6.404362139 0)
(69.72794118 6.404362139 0)
(72.51705882 6.404362139 0)
(75.30617647 6.404362139 0)
(78.09529412 6.404362139 0)
(80.88441176 6.404362139 0)
(83.67352941 6.404362139 0)
(86.46264706 6.404362139 0)
(89.25176471 6.404362139 0)
(92.04088235 6.404362139 0)
(94.83 6.404362139 0)
(97.61911765 6.404362139 0)
(100.4082353 6.404362139 0)
(103.1973529 6.404362139 0)
(105.9864706 6.404362139 0)
(108.7755882 6.404362139 0)
(111.5647059 6.404362139 0)
(114.3538235 6.404362139 0)
(117.1429412 6.404362139 0)
(119.9320588 6.404362139 0)
(122.7211765 6.404362139 0)
(125.5102941 6.404362139 0)
(128.2994118 6.404362139 0)
(131.0885294 6.404362139 0)
(133.8776471 6.404362139 0)
(136.6667647 6.404362139 0)
(139.4558824 6.404362139 0)
(142.245 6.404362139 0)
(0 7.639890673 0)
(2.789117647 7.639890673 0)
(5.578235294 7.639890673 0)
(8.367352941 7.639890673 0)
(11.15647059 7.639890673 0)
(13.94558824 7.639890673 0)
(16.73470588 7.639890673 0)
(19.52382353 7.639890673 0)
(22.31294118 7.639890673 0)
(25.10205882 7.639890673 0)
(27.89117647 7.639890673 0)
(30.68029412 7.639890673 0)
(33.46941176 7.639890673 0)
(36.25852941 7.639890673 0)
(39.04764706 7.639890673 0)
(41.83676471 7.639890673 0)
(44.62588235 7.639890673 0)
(47.415 7.639890673 0)
(50.20411765 7.639890673 0)
(52.99323529 7.639890673 0)
(55.78235294 7.639890673 0)
(58.57147059 7.639890673 0)
(61.36058824 7.639890673 0)
(64.14970588 7.639890673 0)
(66.93882353 7.639890673 0)
(69.72794118 7.639890673 0)
(72.51705882 7.639890673 0)
(75.30617647 7.639890673 0)
(78.09529412 7.639890673 0)
(80.88441176 7.639890673 0)
(83.67352941 7.639890673 0)
(86.46264706 7.639890673 0)
(89.25176471 7.639890673 0)
(92.04088235 7.639890673 0)
(94.83 7.639890673 0)
(97.61911765 7.639890673 0)
(100.4082353 7.639890673 0)
(103.1973529 7.639890673 0)
(105.9864706 7.639890673 0)
(108.7755882 7.639890673 0)
(111.5647059 7.639890673 0)
(114.3538235 7.639890673 0)
(117.1429412 7.639890673 0)
(119.9320588 7.639890673 0)
(122.7211765 7.639890673 0)
(125.5102941 7.639890673 0)
(128.2994118 7.639890673 0)
(131.0885294 7.639890673 0)
(133.8776471 7.639890673 0)
(136.6667647 7.639890673 0)
(139.4558824 7.639890673 0)
(142.245 7.639890673 0)
(0 9.032707418 0)
(2.789117647 9.032707418 0)
(5.578235294 9.032707418 0)
(8.367352941 9.032707418 0)
(11.15647059 9.032707418 0)
(13.94558824 9.032707418 0)
(16.73470588 9.032707418 0)
(19.52382353 9.032707418 0)
(22.31294118 9.032707418 0)
(25.10205882 9.032707418 0)
(27.89117647 9.032707418 0)
(30.68029412 9.032707418 0)
(33.46941176 9.032707418 0)
(36.25852941 9.032707418 0)
(39.04764706 9.032707418 0)
(41.83676471 9.032707418 0)
(44.62588235 9.032707418 0)
(47.415 9.032707418 0)
(50.20411765 9.032707418 0)
(52.99323529 9.032707418 0)
(55.78235294 9.032707418 0)
(58.57147059 9.032707418 0)
(61.36058824 9.032707418 0)
(64.14970588 9.032707418 0)
(66.93882353 9.032707418 0)
(69.72794118 9.032707418 0)
(72.51705882 9.032707418 0)
(75.30617647 9.032707418 0)
(78.09529412 9.032707418 0)
(80.88441176 9.032707418 0)
(83.67352941 9.032707418 0)
(86.46264706 9.032707418 0)
(89.25176471 9.032707418 0)
(92.04088235 9.032707418 0)
(94.83 9.032707418 0)
(97.61911765 9.032707418 0)
(100.4082353 9.032707418 0)
(103.1973529 9.032707418 0)
(105.9864706 9.032707418 0)
(108.7755882 9.032707418 0)
(111.5647059 9.032707418 0)
(114.3538235 9.032707418 0)
(117.1429412 9.032707418 0)
(119.9320588 9.032707418 0)
(122.7211765 9.032707418 0)
(125.5102941 9.032707418 0)
(128.2994118 9.032707418 0)
(131.0885294 9.032707418 0)
(133.8776471 9.032707418 0)
(136.6667647 9.032707418 0)
(139.4558824 9.032707418 0)
(142.245 9.032707418 0)
(0 10.60283586 0)
(2.789117647 10.60283586 0)
(5.578235294 10.60283586 0)
(8.367352941 10.60283586 0)
(11.15647059 10.60283586 0)
(13.94558824 10.60283586 0)
(16.73470588 10.60283586 0)
(19.52382353 10.60283586 0)
(22.31294118 10.60283586 0)
(25.10205882 10.60283586 0)
(27.89117647 10.60283586 0)
(30.68029412 10.60283586 0)
(33.46941176 10.60283586 0)
(36.25852941 10.60283586 0)
(39.04764706 10.60283586 0)
(41.83676471 10.60283586 0)
(44.62588235 10.60283586 0)
(47.415 10.60283586 0)
(50.20411765 10.60283586 0)
(52.99323529 10.60283586 0)
(55.78235294 10.60283586 0)
(58.57147059 10.60283586 0)
(61.36058824 10.60283586 0)
(64.14970588 10.60283586 0)
(66.93882353 10.60283586 0)
(69.72794118 10.60283586 0)
(72.51705882 10.60283586 0)
(75.30617647 10.60283586 0)
(78.09529412 10.60283586 0)
(80.88441176 10.60283586 0)
(83.67352941 10.60283586 0)
(86.46264706 10.60283586 0)
(89.25176471 10.60283586 0)
(92.04088235 10.60283586 0)
(94.83 10.60283586 0)
(97.61911765 10.60283586 0)
(100.4082353 10.60283586 0)
(103.1973529 10.60283586 0)
(105.9864706 10.60283586 0)
(108.7755882 10.60283586 0)
(111.5647059 10.60283586 0)
(114.3538235 10.60283586 0)
(117.1429412 10.60283586 0)
(119.9320588 10.60283586 0)
(122.7211765 10.60283586 0)
(125.5102941 10.60283586 0)
(128.2994118 10.60283586 0)
(131.0885294 10.60283586 0)
(133.8776471 10.60283586 0)
(136.6667647 10.60283586 0)
(139.4558824 10.60283586 0)
(142.245 10.60283586 0)
(0 12.37284854 0)
(2.789117647 12.37284854 0)
(5.578235294 12.37284854 0)
(8.367352941 12.37284854 0)
(11.15647059 12.37284854 0)
(13.94558824 12.37284854 0)
(16.73470588 12.37284854 0)
(19.52382353 12.37284854 0)
(22.31294118 12.37284854 0)
(25.10205882 12.37284854 0)
(27.89117647 12.37284854 0)
(30.68029412 12.37284854 0)
(33.46941176 12.37284854 0)
(36.25852941 12.37284854 0)
(39.04764706 12.37284854 0)
(41.83676471 12.37284854 0)
(44.62588235 12.37284854 0)
(47.415 12.37284854 0)
(50.20411765 12.37284854 0)
(52.99323529 12.37284854 0)
(55.78235294 12.37284854 0)
(58.57147059 12.37284854 0)
(61.36058824 12.37284854 0)
(64.14970588 12.37284854 0)
(66.93882353 12.37284854 0)
(69.72794118 12.37284854 0)
(72.51705882 12.37284854 0)
(75.30617647 12.37284854 0)
(78.09529412 12.37284854 0)
(80.88441176 12.37284854 0)
(83.67352941 12.37284854 0)
(86.46264706 12.37284854 0)
(89.25176471 12.37284854 0)
(92.04088235 12.37284854 0)
(94.83 12.37284854 0)
(97.61911765 12.37284854 0)
(100.4082353 12.37284854 0)
(103.1973529 12.37284854 0)
(105.9864706 12.37284854 0)
(108.7755882 12.37284854 0)
(111.5647059 12.37284854 0)
(114.3538235 12.37284854 0)
(117.1429412 12.37284854 0)
(119.9320588 12.37284854 0)
(122.7211765 12.37284854 0)
(125.5102941 12.37284854 0)
(128.2994118 12.37284854 0)
(131.0885294 12.37284854 0)
(133.8776471 12.37284854 0)
(136.6667647 12.37284854 0)
(139.4558824 12.37284854 0)
(142.245 12.37284854 0)
(0 14.36819162 0)
(2.789117647 14.36819162 0)
(5.578235294 14.36819162 0)
(8.367352941 14.36819162 0)
(11.15647059 14.36819162 0)
(13.94558824 14.36819162 0)
(16.73470588 14.36819162 0)
(19.52382353 14.36819162 0)
(22.31294118 14.36819162 0)
(25.10205882 14.36819162 0)
(27.89117647 14.36819162 0)
(30.68029412 14.36819162 0)
(33.46941176 14.36819162 0)
(36.25852941 14.36819162 0)
(39.04764706 14.36819162 0)
(41.83676471 14.36819162 0)
(44.62588235 14.36819162 0)
(47.415 14.36819162 0)
(50.20411765 14.36819162 0)
(52.99323529 14.36819162 0)
(55.78235294 14.36819162 0)
(58.57147059 14.36819162 0)
(61.36058824 14.36819162 0)
(64.14970588 14.36819162 0)
(66.93882353 14.36819162 0)
(69.72794118 14.36819162 0)
(72.51705882 14.36819162 0)
(75.30617647 14.36819162 0)
(78.09529412 14.36819162 0)
(80.88441176 14.36819162 0)
(83.67352941 14.36819162 0)
(86.46264706 14.36819162 0)
(89.25176471 14.36819162 0)
(92.04088235 14.36819162 0)
(94.83 14.36819162 0)
(97.61911765 14.36819162 0)
(100.4082353 14.36819162 0)
(103.1973529 14.36819162 0)
(105.9864706 14.36819162 0)
(108.7755882 14.36819162 0)
(111.5647059 14.36819162 0)
(114.3538235 14.36819162 0)
(117.1429412 14.36819162 0)
(119.9320588 14.36819162 0)
(122.7211765 14.36819162 0)
(125.5102941 14.36819162 0)
(128.2994118 14.36819162 0)
(131.0885294 14.36819162 0)
(133.8776471 14.36819162 0)
(136.6667647 14.36819162 0)
(139.4558824 14.36819162 0)
(142.245 14.36819162 0)
(0 16.61755064 0)
(2.789117647 16.61755064 0)
(5.578235294 16.61755064 0)
(8.367352941 16.61755064 0)
(11.15647059 16.61755064 0)
(13.94558824 16.61755064 0)
(16.73470588 16.61755064 0)
(19.52382353 16.61755064 0)
(22.31294118 16.61755064 0)
(25.10205882 16.61755064 0)
(27.89117647 16.61755064 0)
(30.68029412 16.61755064 0)
(33.46941176 16.61755064 0)
(36.25852941 16.61755064 0)
(39.04764706 16.61755064 0)
(41.83676471 16.61755064 0)
(44.62588235 16.61755064 0)
(47.415 16.61755064 0)
(50.20411765 16.61755064 0)
(52.99323529 16.61755064 0)
(55.78235294 16.61755064 0)
(58.57147059 16.61755064 0)
(61.36058824 16.61755064 0)
(64.14970588 16.61755064 0)
(66.93882353 16.61755064 0)
(69.72794118 16.61755064 0)
(72.51705882 16.61755064 0)
(75.30617647 16.61755064 0)
(78.09529412 16.61755064 0)
(80.88441176 16.61755064 0)
(83.67352941 16.61755064 0)
(86.46264706 16.61755064 0)
(89.25176471 16.61755064 0)
(92.04088235 16.61755064 0)
(94.83 16.61755064 0)
(97.61911765 16.61755064 0)
(100.4082353 16.61755064 0)
(103.1973529 16.61755064 0)
(105.9864706 16.61755064 0)
(108.7755882 16.61755064 0)
(111.5647059 16.61755064 0)
(114.3538235 16.61755064 0)
(117.1429412 16.61755064 0)
(119.9320588 16.61755064 0)
(122.7211765 16.61755064 0)
(125.5102941 16.61755064 0)
(128.2994118 16.61755064 0)
(131.0885294 16.61755064 0)
(133.8776471 16.61755064 0)
(136.6667647 16.61755064 0)
(139.4558824 16.61755064 0)
(142.245 16.61755064 0)
(0 19.15326295 0)
(2.789117647 19.15326295 0)
(5.578235294 19.15326295 0)
(8.367352941 19.15326295 0)
(11.15647059 19.15326295 0)
(13.94558824 19.15326295 0)
(16.73470588 19.15326295 0)
(19.52382353 19.15326295 0)
(22.31294118 19.15326295 0)
(25.10205882 19.15326295 0)
(27.89117647 19.15326295 0)
(30.68029412 19.15326295 0)
(33.46941176 19.15326295 0)
(36.25852941 19.15326295 0)
(39.04764706 19.15326295 0)
(41.83676471 19.15326295 0)
(44.62588235 19.15326295 0)
(47.415 19.15326295 0)
(50.20411765 19.15326295 0)
(52.99323529 19.15326295 0)
(55.78235294 19.15326295 0)
(58.57147059 19.15326295 0)
(61.36058824 19.15326295 0)
(64.14970588 19.15326295 0)
(66.93882353 19.15326295 0)
(69.72794118 19.15326295 0)
(72.51705882 19.15326295 0)
(75.30617647 19.15326295 0)
(78.09529412 19.15326295 0)
(80.88441176 19.15326295 0)
(83.67352941 19.15326295 0)
(86.46264706 19.15326295 0)
(89.25176471 19.15326295 0)
(92.04088235 19.15326295 0)
(94.83 19.15326295 0)
(97.61911765 19.15326295 0)
(100.4082353 19.15326295 0)
(103.1973529 19.15326295 0)
(105.9864706 19.15326295 0)
(108.7755882 19.15326295 0)
(111.5647059 19.15326295 0)
(114.3538235 19.15326295 0)
(117.1429412 19.15326295 0)
(119.9320588 19.15326295 0)
(122.7211765 19.15326295 0)
(125.5102941 19.15326295 0)
(128.2994118 19.15326295 0)
(131.0885294 19.15326295 0)
(133.8776471 19.15326295 0)
(136.6667647 19.15326295 0)
(139.4558824 19.15326295 0)
(142.245 19.15326295 0)
(0 22.01178258 0)
(2.789117647 22.01178258 0)
(5.578235294 22.01178258 0)
(8.367352941 22.01178258 0)
(11.15647059 22.01178258 0)
(13.94558824 22.01178258 0)
(16.73470588 22.01178258 0)
(19.52382353 22.01178258 0)
(22.31294118 22.01178258 0)
(25.10205882 22.01178258 0)
(27.89117647 22.01178258 0)
(30.68029412 22.01178258 0)
(33.46941176 22.01178258 0)
(36.25852941 22.01178258 0)
(39.04764706 22.01178258 0)
(41.83676471 22.01178258 0)
(44.62588235 22.01178258 0)
(47.415 22.01178258 0)
(50.20411765 22.01178258 0)
(52.99323529 22.01178258 0)
(55.78235294 22.01178258 0)
(58.57147059 22.01178258 0)
(61.36058824 22.01178258 0)
(64.14970588 22.01178258 0)
(66.93882353 22.01178258 0)
(69.72794118 22.01178258 0)
(72.51705882 22.01178258 0)
(75.30617647 22.01178258 0)
(78.09529412 22.01178258 0)
(80.88441176 22.01178258 0)
(83.67352941 22.01178258 0)
(86.46264706 22.01178258 0)
(89.25176471 22.01178258 0)
(92.04088235 22.01178258 0)
(94.83 22.01178258 0)
(97.61911765 22.01178258 0)
(100.4082353 22.01178258 0)
(103.1973529 22.01178258 0)
(105.9864706 22.01178258 0)
(108.7755882 22.01178258 0)
(111.5647059 22.01178258 0)
(114.3538235 22.01178258 0)
(117.1429412 22.01178258 0)
(119.9320588 22.01178258 0)
(122.7211765 22.01178258 0)
(125.5102941 22.01178258 0)
(128.2994118 22.01178258 0)
(131.0885294 22.01178258 0)
(133.8776471 22.01178258 0)
(136.6667647 22.01178258 0)
(139.4558824 22.01178258 0)
(142.245 22.01178258 0)
(0 25.23420431 0)
(2.789117647 25.23420431 0)
(5.578235294 25.23420431 0)
(8.367352941 25.23420431 0)
(11.15647059 25.23420431 0)
(13.94558824 25.23420431 0)
(16.73470588 25.23420431 0)
(19.52382353 25.23420431 0)
(22.31294118 25.23420431 0)
(25.10205882 25.23420431 0)
(27.89117647 25.23420431 0)
(30.68029412 25.23420431 0)
(33.46941176 25.23420431 0)
(36.25852941 25.23420431 0)
(39.04764706 25.23420431 0)
(41.83676471 25.23420431 0)
(44.62588235 25.23420431 0)
(47.415 25.23420431 0)
(50.20411765 25.23420431 0)
(52.99323529 25.23420431 0)
(55.78235294 25.23420431 0)
(58.57147059 25.23420431 0)
(61.36058824 25.23420431 0)
(64.14970588 25.23420431 0)
(66.93882353 25.23420431 0)
(69.72794118 25.23420431 0)
(72.51705882 25.23420431 0)
(75.30617647 25.23420431 0)
(78.09529412 25.23420431 0)
(80.88441176 25.23420431 0)
(83.67352941 25.23420431 0)
(86.46264706 25.23420431 0)
(89.25176471 25.23420431 0)
(92.04088235 25.23420431 0)
(94.83 25.23420431 0)
(97.61911765 25.23420431 0)
(100.4082353 25.23420431 0)
(103.1973529 25.23420431 0)
(105.9864706 25.23420431 0)
(108.7755882 25.23420431 0)
(111.5647059 25.23420431 0)
(114.3538235 25.23420431 0)
(117.1429412 25.23420431 0)
(119.9320588 25.23420431 0)
(122.7211765 25.23420431 0)
(125.5102941 25.23420431 0)
(128.2994118 25.23420431 0)
(131.0885294 25.23420431 0)
(133.8776471 25.23420431 0)
(136.6667647 25.23420431 0)
(139.4558824 25.23420431 0)
(142.245 25.23420431 0)
(0 28.86685449 0)
(2.789117647 28.86685449 0)
(5.578235294 28.86685449 0)
(8.367352941 28.86685449 0)
(11.15647059 28.86685449 0)
(13.94558824 28.86685449 0)
(16.73470588 28.86685449 0)
(19.52382353 28.86685449 0)
(22.31294118 28.86685449 0)
(25.10205882 28.86685449 0)
(27.89117647 28.86685449 0)
(30.68029412 28.86685449 0)
(33.46941176 28.86685449 0)
(36.25852941 28.86685449 0)
(39.04764706 28.86685449 0)
(41.83676471 28.86685449 0)
(44.62588235 28.86685449 0)
(47.415 28.86685449 0)
(50.20411765 28.86685449 0)
(52.99323529 28.86685449 0)
(55.78235294 28.86685449 0)
(58.57147059 28.86685449 0)
(61.36058824 28.86685449 0)
(64.14970588 28.86685449 0)
(66.93882353 28.86685449 0)
(69.72794118 28.86685449 0)
(72.51705882 28.86685449 0)
(75.30617647 28.86685449 0)
(78.09529412 28.86685449 0)
(80.88441176 28.86685449 0)
(83.67352941 28.86685449 0)
(86.46264706 28.86685449 0)
(89.25176471 28.86685449 0)
(92.04088235 28.86685449 0)
(94.83 28.86685449 0)
(97.61911765 28.86685449 0)
(100.4082353 28.86685449 0)
(103.1973529 28.86685449 0)
(105.9864706 28.86685449 0)
(108.7755882 28.86685449 0)
(111.5647059 28.86685449 0)
(114.3538235 28.86685449 0)
(117.1429412 28.86685449 0)
(119.9320588 28.86685449 0)
(122.7211765 28.86685449 0)
(125.5102941 28.86685449 0)
(128.2994118 28.86685449 0)
(131.0885294 28.86685449 0)
(133.8776471 28.86685449 0)
(136.6667647 28.86685449 0)
(139.4558824 28.86685449 0)
(142.245 28.86685449 0)
(0 32.96195701 0)
(2.789117647 32.96195701 0)
(5.578235294 32.96195701 0)
(8.367352941 32.96195701 0)
(11.15647059 32.96195701 0)
(13.94558824 32.96195701 0)
(16.73470588 32.96195701 0)
(19.52382353 32.96195701 0)
(22.31294118 32.96195701 0)
(25.10205882 32.96195701 0)
(27.89117647 32.96195701 0)
(30.68029412 32.96195701 0)
(33.46941176 32.96195701 0)
(36.25852941 32.96195701 0)
(39.04764706 32.96195701 0)
(41.83676471 32.96195701 0)
(44.62588235 32.96195701 0)
(47.415 32.96195701 0)
(50.20411765 32.96195701 0)
(52.99323529 32.96195701 0)
(55.78235294 32.96195701 0)
(58.57147059 32.96195701 0)
(61.36058824 32.96195701 0)
(64.14970588 32.96195701 0)
(66.93882353 32.96195701 0)
(69.72794118 32.96195701 0)
(72.51705882 32.96195701 0)
(75.30617647 32.96195701 0)
(78.09529412 32.96195701 0)
(80.88441176 32.96195701 0)
(83.67352941 32.96195701 0)
(86.46264706 32.96195701 0)
(89.25176471 32.96195701 0)
(92.04088235 32.96195701 0)
(94.83 32.96195701 0)
(97.61911765 32.96195701 0)
(100.4082353 32.96195701 0)
(103.1973529 32.96195701 0)
(105.9864706 32.96195701 0)
(108.7755882 32.96195701 0)
(111.5647059 32.96195701 0)
(114.3538235 32.96195701 0)
(117.1429412 32.96195701 0)
(119.9320588 32.96195701 0)
(122.7211765 32.96195701 0)
(125.5102941 32.96195701 0)
(128.2994118 32.96195701 0)
(131.0885294 32.96195701 0)
(133.8776471 32.96195701 0)
(136.6667647 32.96195701 0)
(139.4558824 32.96195701 0)
(142.245 32.96195701 0)
(0 37.57838406 0)
(2.789117647 37.57838406 0)
(5.578235294 37.57838406 0)
(8.367352941 37.57838406 0)
(11.15647059 37.57838406 0)
(13.94558824 37.57838406 0)
(16.73470588 37.57838406 0)
(19.52382353 37.57838406 0)
(22.31294118 37.57838406 0)
(25.10205882 37.57838406 0)
(27.89117647 37.57838406 0)
(30.68029412 37.57838406 0)
(33.46941176 37.57838406 0)
(36.25852941 37.57838406 0)
(39.04764706 37.57838406 0)
(41.83676471 37.57838406 0)
(44.62588235 37.57838406 0)
(47.415 37.57838406 0)
(50.20411765 37.57838406 0)
(52.99323529 37.57838406 0)
(55.78235294 37.57838406 0)
(58.57147059 37.57838406 0)
(61.36058824 37.57838406 0)
(64.14970588 37.57838406 0)
(66.93882353 37.57838406 0)
(69.72794118 37.57838406 0)
(72.51705882 37.57838406 0)
(75.30617647 37.57838406 0)
(78.09529412 37.57838406 0)
(80.88441176 37.57838406 0)
(83.67352941 37.57838406 0)
(86.46264706 37.57838406 0)
(89.25176471 37.57838406 0)
(92.04088235 37.57838406 0)
(94.83 37.57838406 0)
(97.61911765 37.57838406 0)
(100.4082353 37.57838406 0)
(103.1973529 37.57838406 0)
(105.9864706 37.57838406 0)
(108.7755882 37.57838406 0)
(111.5647059 37.57838406 0)
(114.3538235 37.57838406 0)
(117.1429412 37.57838406 0)
(119.9320588 37.57838406 0)
(122.7211765 37.57838406 0)
(125.5102941 37.57838406 0)
(128.2994118 37.57838406 0)
(131.0885294 37.57838406 0)
(133.8776471 37.57838406 0)
(136.6667647 37.57838406 0)
(139.4558824 37.57838406 0)
(142.245 37.57838406 0)
(0 42.78250257 0)
(2.789117647 42.78250257 0)
(5.578235294 42.78250257 0)
(8.367352941 42.78250257 0)
(11.15647059 42.78250257 0)
(13.94558824 42.78250257 0)
(16.73470588 42.78250257 0)
(19.52382353 42.78250257 0)
(22.31294118 42.78250257 0)
(25.10205882 42.78250257 0)
(27.89117647 42.78250257 0)
(30.68029412 42.78250257 0)
(33.46941176 42.78250257 0)
(36.25852941 42.78250257 0)
(39.04764706 42.78250257 0)
(41.83676471 42.78250257 0)
(44.62588235 42.78250257 0)
(47.415 42.78250257 0)
(50.20411765 42.78250257 0)
(52.99323529 42.78250257 0)
(55.78235294 42.78250257 0)
(58.57147059 42.78250257 0)
(61.36058824 42.78250257 0)
(64.14970588 42.78250257 0)
(66.93882353 42.78250257 0)
(69.72794118 42.78250257 0)
(72.51705882 42.78250257 0)
(75.30617647 42.78250257 0)
(78.09529412 42.78250257 0)
(80.88441176 42.78250257 0)
(83.67352941 42.78250257 0)
(86.46264706 42.78250257 0)
(89.25176471 42.78250257 0)
(92.04088235 42.78250257 0)
(94.83 42.78250257 0)
(97.61911765 42.78250257 0)
(100.4082353 42.78250257 0)
(103.1973529 42.78250257 0)
(105.9864706 42.78250257 0)
(108.7755882 42.78250257 0)
(111.5647059 42.78250257 0)
(114.3538235 42.78250257 0)
(117.1429412 42.78250257 0)
(119.9320588 42.78250257 0)
(122.7211765 42.78250257 0)
(125.5102941 42.78250257 0)
(128.2994118 42.78250257 0)
(131.0885294 42.78250257 0)
(133.8776471 42.78250257 0)
(136.6667647 42.78250257 0)
(139.4558824 42.78250257 0)
(142.245 42.78250257 0)
(0 48.64912823 0)
(2.789117647 48.64912823 0)
(5.578235294 48.64912823 0)
(8.367352941 48.64912823 0)
(11.15647059 48.64912823 0)
(13.94558824 48.64912823 0)
(16.73470588 48.64912823 0)
(19.52382353 48.64912823 0)
(22.31294118 48.64912823 0)
(25.10205882 48.64912823 0)
(27.89117647 48.64912823 0)
(30.68029412 48.64912823 0)
(33.46941176 48.64912823 0)
(36.25852941 48.64912823 0)
(39.04764706 48.64912823 0)
(41.83676471 48.64912823 0)
(44.62588235 48.64912823 0)
(47.415 48.64912823 0)
(50.20411765 48.64912823 0)
(52.99323529 48.64912823 0)
(55.78235294 48.64912823 0)
(58.57147059 48.64912823 0)
(61.36058824 48.64912823 0)
(64.14970588 48.64912823 0)
(66.93882353 48.64912823 0)
(69.72794118 48.64912823 0)
(72.51705882 48.64912823 0)
(75.30617647 48.64912823 0)
(78.09529412 48.64912823 0)
(80.88441176 48.64912823 0)
(83.67352941 48.64912823 0)
(86.46264706 48.64912823 0)
(89.25176471 48.64912823 0)
(92.04088235 48.64912823 0)
(94.83 48.64912823 0)
(97.61911765 48.64912823 0)
(100.4082353 48.64912823 0)
(103.1973529 48.64912823 0)
(105.9864706 48.64912823 0)
(108.7755882 48.64912823 0)
(111.5647059 48.64912823 0)
(114.3538235 48.64912823 0)
(117.1429412 48.64912823 0)
(119.9320588 48.64912823 0)
(122.7211765 48.64912823 0)
(125.5102941 48.64912823 0)
(128.2994118 48.64912823 0)
(131.0885294 48.64912823 0)
(133.8776471 48.64912823 0)
(136.6667647 48.64912823 0)
(139.4558824 48.64912823 0)
(142.245 48.64912823 0)
(0 55.26260111 0)
(2.789117647 55.26260111 0)
(5.578235294 55.26260111 0)
(8.367352941 55.26260111 0)
(11.15647059 55.26260111 0)
(13.94558824 55.26260111 0)
(16.73470588 55.26260111 0)
(19.52382353 55.26260111 0)
(22.31294118 55.26260111 0)
(25.10205882 55.26260111 0)
(27.89117647 55.26260111 0)
(30.68029412 55.26260111 0)
(33.46941176 55.26260111 0)
(36.25852941 55.26260111 0)
(39.04764706 55.26260111 0)
(41.83676471 55.26260111 0)
(44.62588235 55.26260111 0)
(47.415 55.26260111 0)
(50.20411765 55.26260111 0)
(52.99323529 55.26260111 0)
(55.78235294 55.26260111 0)
(58.57147059 55.26260111 0)
(61.36058824 55.26260111 0)
(64.14970588 55.26260111 0)
(66.93882353 55.26260111 0)
(69.72794118 55.26260111 0)
(72.51705882 55.26260111 0)
(75.30617647 55.26260111 0)
(78.09529412 55.26260111 0)
(80.88441176 55.26260111 0)
(83.67352941 55.26260111 0)
(86.46264706 55.26260111 0)
(89.25176471 55.26260111 0)
(92.04088235 55.26260111 0)
(94.83 55.26260111 0)
(97.61911765 55.26260111 0)
(100.4082353 55.26260111 0)
(103.1973529 55.26260111 0)
(105.9864706 55.26260111 0)
(108.7755882 55.26260111 0)
(111.5647059 55.26260111 0)
(114.3538235 55.26260111 0)
(117.1429412 55.26260111 0)
(119.9320588 55.26260111 0)
(122.7211765 55.26260111 0)
(125.5102941 55.26260111 0)
(128.2994118 55.26260111 0)
(131.0885294 55.26260111 0)
(133.8776471 55.26260111 0)
(136.6667647 55.26260111 0)
(139.4558824 55.26260111 0)
(142.245 55.26260111 0)
(0 62.71799815 0)
(2.789117647 62.71799815 0)
(5.578235294 62.71799815 0)
(8.367352941 62.71799815 0)
(11.15647059 62.71799815 0)
(13.94558824 62.71799815 0)
(16.73470588 62.71799815 0)
(19.52382353 62.71799815 0)
(22.31294118 62.71799815 0)
(25.10205882 62.71799815 0)
(27.89117647 62.71799815 0)
(30.68029412 62.71799815 0)
(33.46941176 62.71799815 0)
(36.25852941 62.71799815 0)
(39.04764706 62.71799815 0)
(41.83676471 62.71799815 0)
(44.62588235 62.71799815 0)
(47.415 62.71799815 0)
(50.20411765 62.71799815 0)
(52.99323529 62.71799815 0)
(55.78235294 62.71799815 0)
(58.57147059 62.71799815 0)
(61.36058824 62.71799815 0)
(64.14970588 62.71799815 0)
(66.93882353 62.71799815 0)
(69.72794118 62.71799815 0)
(72.51705882 62.71799815 0)
(75.30617647 62.71799815 0)
(78.09529412 62.71799815 0)
(80.88441176 62.71799815 0)
(83.67352941 62.71799815 0)
(86.46264706 62.71799815 0)
(89.25176471 62.71799815 0)
(92.04088235 62.71799815 0)
(94.83 62.71799815 0)
(97.61911765 62.71799815 0)
(100.4082353 62.71799815 0)
(103.1973529 62.71799815 0)
(105.9864706 62.71799815 0)
(108.7755882 62.71799815 0)
(111.5647059 62.71799815 0)
(114.3538235 62.71799815 0)
(117.1429412 62.71799815 0)
(119.9320588 62.71799815 0)
(122.7211765 62.71799815 0)
(125.5102941 62.71799815 0)
(128.2994118 62.71799815 0)
(131.0885294 62.71799815 0)
(133.8776471 62.71799815 0)
(136.6667647 62.71799815 0)
(139.4558824 62.71799815 0)
(142.245 62.71799815 0)
(0 71.1225 0)
(2.789117647 71.1225 0)
(5.578235294 71.1225 0)
(8.367352941 71.1225 0)
(11.15647059 71.1225 0)
(13.94558824 71.1225 0)
(16.73470588 71.1225 0)
(19.52382353 71.1225 0)
(22.31294118 71.1225 0)
(25.10205882 71.1225 0)
(27.89117647 71.1225 0)
(30.68029412 71.1225 0)
(33.46941176 71.1225 0)
(36.25852941 71.1225 0)
(39.04764706 71.1225 0)
(41.83676471 71.1225 0)
(44.62588235 71.1225 0)
(47.415 71.1225 0)
(50.20411765 71.1225 0)
(52.99323529 71.1225 0)
(55.78235294 71.1225 0)
(58.57147059 71.1225 0)
(61.36058824 71.1225 0)
(64.14970588 71.1225 0)
(66.93882353 71.1225 0)
(69.72794118 71.1225 0)
(72.51705882 71.1225 0)
(75.30617647 71.1225 0)
(78.09529412 71.1225 0)
(80.88441176 71.1225 0)
(83.67352941 71.1225 0)
(86.46264706 71.1225 0)
(89.25176471 71.1225 0)
(92.04088235 71.1225 0)
(94.83 71.1225 0)
(97.61911765 71.1225 0)
(100.4082353 71.1225 0)
(103.1973529 71.1225 0)
(105.9864706 71.1225 0)
(108.7755882 71.1225 0)
(111.5647059 71.1225 0)
(114.3538235 71.1225 0)
(117.1429412 71.1225 0)
(119.9320588 71.1225 0)
(122.7211765 71.1225 0)
(125.5102941 71.1225 0)
(128.2994118 71.1225 0)
(131.0885294 71.1225 0)
(133.8776471 71.1225 0)
(136.6667647 71.1225 0)
(139.4558824 71.1225 0)
(142.245 71.1225 0)
(0 79.22376715 0)
(2.789117647 79.22376715 0)
(5.578235294 79.22376715 0)
(8.367352941 79.22376715 0)
(11.15647059 79.22376715 0)
(13.94558824 79.22376715 0)
(16.73470588 79.22376715 0)
(19.52382353 79.22376715 0)
(22.31294118 79.22376715 0)
(25.10205882 79.22376715 0)
(27.89117647 79.22376715 0)
(30.68029412 79.22376715 0)
(33.46941176 79.22376715 0)
(36.25852941 79.22376715 0)
(39.04764706 79.22376715 0)
(41.83676471 79.22376715 0)
(44.62588235 79.22376715 0)
(47.415 79.22376715 0)
(50.20411765 79.22376715 0)
(52.99323529 79.22376715 0)
(55.78235294 79.22376715 0)
(58.57147059 79.22376715 0)
(61.36058824 79.22376715 0)
(64.14970588 79.22376715 0)
(66.93882353 79.22376715 0)
(69.72794118 79.22376715 0)
(72.51705882 79.22376715 0)
(75.30617647 79.22376715 0)
(78.09529412 79.22376715 0)
(80.88441176 79.22376715 0)
(83.67352941 79.22376715 0)
(86.46264706 79.22376715 0)
(89.25176471 79.22376715 0)
(92.04088235 79.22376715 0)
(94.83 79.22376715 0)
(97.61911765 79.22376715 0)
(100.4082353 79.22376715 0)
(103.1973529 79.22376715 0)
(105.9864706 79.22376715 0)
(108.7755882 79.22376715 0)
(111.5647059 79.22376715 0)
(114.3538235 79.22376715 0)
(117.1429412 79.22376715 0)
(119.9320588 79.22376715 0)
(122.7211765 79.22376715 0)
(125.5102941 79.22376715 0)
(128.2994118 79.22376715 0)
(131.0885294 79.22376715 0)
(133.8776471 79.22376715 0)
(136.6667647 79.22376715 0)
(139.4558824 79.22376715 0)
(142.245 79.22376715 0)
(0 86.44337051 0)
(2.789117647 86.44337051 0)
(5.578235294 86.44337051 0)
(8.367352941 86.44337051 0)
(11.15647059 86.44337051 0)
(13.94558824 86.44337051 0)
(16.73470588 86.44337051 0)
(19.52382353 86.44337051 0)
(22.31294118 86.44337051 0)
(25.10205882 86.44337051 0)
(27.89117647 86.44337051 0)
(30.68029412 86.44337051 0)
(33.46941176 86.44337051 0)
(36.25852941 86.44337051 0)
(39.04764706 86.44337051 0)
(41.83676471 86.44337051 0)
(44.62588235 86.44337051 0)
(47.415 86.44337051 0)
(50.20411765 86.44337051 0)
(52.99323529 86.44337051 0)
(55.78235294 86.44337051 0)
(58.57147059 86.44337051 0)
(61.36058824 86.44337051 0)
(64.14970588 86.44337051 0)
(66.93882353 86.44337051 0)
(69.72794118 86.44337051 0)
(72.51705882 86.44337051 0)
(75.30617647 86.44337051 0)
(78.09529412 86.44337051 0)
(80.88441176 86.44337051 0)
(83.67352941 86.44337051 0)
(86.46264706 86.44337051 0)
(89.25176471 86.44337051 0)
(92.04088235 86.44337051 0)
(94.83 86.44337051 0)
(97.61911765 86.44337051 0)
(100.4082353 86.44337051 0)
(103.1973529 86.44337051 0)
(105.9864706 86.44337051 0)
(108.7755882 86.44337051 0)
(111.5647059 86.44337051 0)
(114.3538235 86.44337051 0)
(117.1429412 86.44337051 0)
(119.9320588 86.44337051 0)
(122.7211765 86.44337051 0)
(125.5102941 86.44337051 0)
(128.2994118 86.44337051 0)
(131.0885294 86.44337051 0)
(133.8776471 86.44337051 0)
(136.6667647 86.44337051 0)
(139.4558824 86.44337051 0)
(142.245 86.44337051 0)
(0 92.87726186 0)
(2.789117647 92.87726186 0)
(5.578235294 92.87726186 0)
(8.367352941 92.87726186 0)
(11.15647059 92.87726186 0)
(13.94558824 92.87726186 0)
(16.73470588 92.87726186 0)
(19.52382353 92.87726186 0)
(22.31294118 92.87726186 0)
(25.10205882 92.87726186 0)
(27.89117647 92.87726186 0)
(30.68029412 92.87726186 0)
(33.46941176 92.87726186 0)
(36.25852941 92.87726186 0)
(39.04764706 92.87726186 0)
(41.83676471 92.87726186 0)
(44.62588235 92.87726186 0)
(47.415 92.87726186 0)
(50.20411765 92.87726186 0)
(52.99323529 92.87726186 0)
(55.78235294 92.87726186 0)
(58.57147059 92.87726186 0)
(61.36058824 92.87726186 0)
(64.14970588 92.87726186 0)
(66.93882353 92.87726186 0)
(69.72794118 92.87726186 0)
(72.51705882 92.87726186 0)
(75.30617647 92.87726186 0)
(78.09529412 92.87726186 0)
(80.88441176 92.87726186 0)
(83.67352941 92.87726186 0)
(86.46264706 92.87726186 0)
(89.25176471 92.87726186 0)
(92.04088235 92.87726186 0)
(94.83 92.87726186 0)
(97.61911765 92.87726186 0)
(100.4082353 92.87726186 0)
(103.1973529 92.87726186 0)
(105.9864706 92.87726186 0)
(108.7755882 92.87726186 0)
(111.5647059 92.87726186 0)
(114.3538235 92.87726186 0)
(117.1429412 92.87726186 0)
(119.9320588 92.87726186 0)
(122.7211765 92.87726186 0)
(125.5102941 92.87726186 0)
(128.2994118 92.87726186 0)
(131.0885294 92.87726186 0)
(133.8776471 92.87726186 0)
(136.6667647 92.87726186 0)
(139.4558824 92.87726186 0)
(142.245 92.87726186 0)
(0 98.61095054 0)
(2.789117647 98.61095054 0)
(5.578235294 98.61095054 0)
(8.367352941 98.61095054 0)
(11.15647059 98.61095054 0)
(13.94558824 98.61095054 0)
(16.73470588 98.61095054 0)
(19.52382353 98.61095054 0)
(22.31294118 98.61095054 0)
(25.10205882 98.61095054 0)
(27.89117647 98.61095054 0)
(30.68029412 98.61095054 0)
(33.46941176 98.61095054 0)
(36.25852941 98.61095054 0)
(39.04764706 98.61095054 0)
(41.83676471 98.61095054 0)
(44.62588235 98.61095054 0)
(47.415 98.61095054 0)
(50.20411765 98.61095054 0)
(52.99323529 98.61095054 0)
(55.78235294 98.61095054 0)
(58.57147059 98.61095054 0)
(61.36058824 98.61095054 0)
(64.14970588 98.61095054 0)
(66.93882353 98.61095054 0)
(69.72794118 98.61095054 0)
(72.51705882 98.61095054 0)
(75.30617647 98.61095054 0)
(78.09529412 98.61095054 0)
(80.88441176 98.61095054 0)
(83.67352941 98.61095054 0)
(86.46264706 98.61095054 0)
(89.25176471 98.61095054 0)
(92.04088235 98.61095054 0)
(94.83 98.61095054 0)
(97.61911765 98.61095054 0)
(100.4082353 98.61095054 0)
(103.1973529 98.61095054 0)
(105.9864706 98.61095054 0)
(108.7755882 98.61095054 0)
(111.5647059 98.61095054 0)
(114.3538235 98.61095054 0)
(117.1429412 98.61095054 0)
(119.9320588 98.61095054 0)
(122.7211765 98.61095054 0)
(125.5102941 98.61095054 0)
(128.2994118 98.61095054 0)
(131.0885294 98.61095054 0)
(133.8776471 98.61095054 0)
(136.6667647 98.61095054 0)
(139.4558824 98.61095054 0)
(142.245 98.61095054 0)
(0 103.7206398 0)
(2.789117647 103.7206398 0)
(5.578235294 103.7206398 0)
(8.367352941 103.7206398 0)
(11.15647059 103.7206398 0)
(13.94558824 103.7206398 0)
(16.73470588 103.7206398 0)
(19.52382353 103.7206398 0)
(22.31294118 103.7206398 0)
(25.10205882 103.7206398 0)
(27.89117647 103.7206398 0)
(30.68029412 103.7206398 0)
(33.46941176 103.7206398 0)
(36.25852941 103.7206398 0)
(39.04764706 103.7206398 0)
(41.83676471 103.7206398 0)
(44.62588235 103.7206398 0)
(47.415 103.7206398 0)
(50.20411765 103.7206398 0)
(52.99323529 103.7206398 0)
(55.78235294 103.7206398 0)
(58.57147059 103.7206398 0)
(61.36058824 103.7206398 0)
(64.14970588 103.7206398 0)
(66.93882353 103.7206398 0)
(69.72794118 103.7206398 0)
(72.51705882 103.7206398 0)
(75.30617647 103.7206398 0)
(78.09529412 103.7206398 0)
(80.88441176 103.7206398 0)
(83.67352941 103.7206398 0)
(86.46264706 103.7206398 0)
(89.25176471 103.7206398 0)
(92.04088235 103.7206398 0)
(94.83 103.7206398 0)
(97.61911765 103.7206398 0)
(100.4082353 103.7206398 0)
(103.1973529 103.7206398 0)
(105.9864706 103.7206398 0)
(108.7755882 103.7206398 0)
(111.5647059 103.7206398 0)
(114.3538235 103.7206398 0)
(117.1429412 103.7206398 0)
(119.9320588 103.7206398 0)
(122.7211765 103.7206398 0)
(125.5102941 103.7206398 0)
(128.2994118 103.7206398 0)
(131.0885294 103.7206398 0)
(133.8776471 103.7206398 0)
(136.6667647 103.7206398 0)
(139.4558824 103.7206398 0)
(142.245 103.7206398 0)
(0 108.2742398 0)
(2.789117647 108.2742398 0)
(5.578235294 108.2742398 0)
(8.367352941 108.2742398 0)
(11.15647059 108.2742398 0)
(13.94558824 108.2742398 0)
(16.73470588 108.2742398 0)
(19.52382353 108.2742398 0)
(22.31294118 108.2742398 0)
(25.10205882 108.2742398 0)
(27.89117647 108.2742398 0)
(30.68029412 108.2742398 0)
(33.46941176 108.2742398 0)
(36.25852941 108.2742398 0)
(39.04764706 108.2742398 0)
(41.83676471 108.2742398 0)
(44.62588235 108.2742398 0)
(47.415 108.2742398 0)
(50.20411765 108.2742398 0)
(52.99323529 108.2742398 0)
(55.78235294 108.2742398 0)
(58.57147059 108.2742398 0)
(61.36058824 108.2742398 0)
(64.14970588 108.2742398 0)
(66.93882353 108.2742398 0)
(69.72794118 108.2742398 0)
(72.51705882 108.2742398 0)
(75.30617647 108.2742398 0)
(78.09529412 108.2742398 0)
(80.88441176 108.2742398 0)
(83.67352941 108.2742398 0)
(86.46264706 108.2742398 0)
(89.25176471 108.2742398 0)
(92.04088235 108.2742398 0)
(94.83 108.2742398 0)
(97.61911765 108.2742398 0)
(100.4082353 108.2742398 0)
(103.1973529 108.2742398 0)
(105.9864706 108.2742398 0)
(108.7755882 108.2742398 0)
(111.5647059 108.2742398 0)
(114.3538235 108.2742398 0)
(117.1429412 108.2742398 0)
(119.9320588 108.2742398 0)
(122.7211765 108.2742398 0)
(125.5102941 108.2742398 0)
(128.2994118 108.2742398 0)
(131.0885294 108.2742398 0)
(133.8776471 108.2742398 0)
(136.6667647 108.2742398 0)
(139.4558824 108.2742398 0)
(142.245 108.2742398 0)
(0 112.3322699 0)
(2.789117647 112.3322699 0)
(5.578235294 112.3322699 0)
(8.367352941 112.3322699 0)
(11.15647059 112.3322699 0)
(13.94558824 112.3322699 0)
(16.73470588 112.3322699 0)
(19.52382353 112.3322699 0)
(22.31294118 112.3322699 0)
(25.10205882 112.3322699 0)
(27.89117647 112.3322699 0)
(30.68029412 112.3322699 0)
(33.46941176 112.3322699 0)
(36.25852941 112.3322699 0)
(39.04764706 112.3322699 0)
(41.83676471 112.3322699 0)
(44.62588235 112.3322699 0)
(47.415 112.3322699 0)
(50.20411765 112.3322699 0)
(52.99323529 112.3322699 0)
(55.78235294 112.3322699 0)
(58.57147059 112.3322699 0)
(61.36058824 112.3322699 0)
(64.14970588 112.3322699 0)
(66.93882353 112.3322699 0)
(69.72794118 112.3322699 0)
(72.51705882 112.3322699 0)
(75.30617647 112.3322699 0)
(78.09529412 112.3322699 0)
(80.88441176 112.3322699 0)
(83.67352941 112.3322699 0)
(86.46264706 112.3322699 0)
(89.25176471 112.3322699 0)
(92.04088235 112.3322699 0)
(94.83 112.3322699 0)
(97.61911765 112.3322699 0)
(100.4082353 112.3322699 0)
(103.1973529 112.3322699 0)
(105.9864706 112.3322699 0)
(108.7755882 112.3322699 0)
(111.5647059 112.3322699 0)
(114.3538235 112.3322699 0)
(117.1429412 112.3322699 0)
(119.9320588 112.3322699 0)
(122.7211765 112.3322699 0)
(125.5102941 112.3322699 0)
(128.2994118 112.3322699 0)
(131.0885294 112.3322699 0)
(133.8776471 112.3322699 0)
(136.6667647 112.3322699 0)
(139.4558824 112.3322699 0)
(142.245 112.3322699 0)
(0 115.9486631 0)
(2.789117647 115.9486631 0)
(5.578235294 115.9486631 0)
(8.367352941 115.9486631 0)
(11.15647059 115.9486631 0)
(13.94558824 115.9486631 0)
(16.73470588 115.9486631 0)
(19.52382353 115.9486631 0)
(22.31294118 115.9486631 0)
(25.10205882 115.9486631 0)
(27.89117647 115.9486631 0)
(30.68029412 115.9486631 0)
(33.46941176 115.9486631 0)
(36.25852941 115.9486631 0)
(39.04764706 115.9486631 0)
(41.83676471 115.9486631 0)
(44.62588235 115.9486631 0)
(47.415 115.9486631 0)
(50.20411765 115.9486631 0)
(52.99323529 115.9486631 0)
(55.78235294 115.9486631 0)
(58.57147059 115.9486631 0)
(61.36058824 115.9486631 0)
(64.14970588 115.9486631 0)
(66.93882353 115.9486631 0)
(69.72794118 115.9486631 0)
(72.51705882 115.9486631 0)
(75.30617647 115.9486631 0)
(78.09529412 115.9486631 0)
(80.88441176 115.9486631 0)
(83.67352941 115.9486631 0)
(86.46264706 115.9486631 0)
(89.25176471 115.9486631 0)
(92.04088235 115.9486631 0)
(94.83 115.9486631 0)
(97.61911765 115.9486631 0)
(100.4082353 115.9486631 0)
(103.1973529 115.9486631 0)
(105.9864706 115.9486631 0)
(108.7755882 115.9486631 0)
(111.5647059 115.9486631 0)
(114.3538235 115.9486631 0)
(117.1429412 115.9486631 0)
(119.9320588 115.9486631 0)
(122.7211765 115.9486631 0)
(125.5102941 115.9486631 0)
(128.2994118 115.9486631 0)
(131.0885294 115.9486631 0)
(133.8776471 115.9486631 0)
(136.6667647 115.9486631 0)
(139.4558824 115.9486631 0)
(142.245 115.9486631 0)
(0 119.171483 0)
(2.789117647 119.171483 0)
(5.578235294 119.171483 0)
(8.367352941 119.171483 0)
(11.15647059 119.171483 0)
(13.94558824 119.171483 0)
(16.73470588 119.171483 0)
(19.52382353 119.171483 0)
(22.31294118 119.171483 0)
(25.10205882 119.171483 0)
(27.89117647 119.171483 0)
(30.68029412 119.171483 0)
(33.46941176 119.171483 0)
(36.25852941 119.171483 0)
(39.04764706 119.171483 0)
(41.83676471 119.171483 0)
(44.62588235 119.171483 0)
(47.415 119.171483 0)
(50.20411765 119.171483 0)
(52.99323529 119.171483 0)
(55.78235294 119.171483 0)
(58.57147059 119.171483 0)
(61.36058824 119.171483 0)
(64.14970588 119.171483 0)
(66.93882353 119.171483 0)
(69.72794118 119.171483 0)
(72.51705882 119.171483 0)
(75.30617647 119.171483 0)
(78.09529412 119.171483 0)
(80.88441176 119.171483 0)
(83.67352941 119.171483 0)
(86.46264706 119.171483 0)
(89.25176471 119.171483 0)
(92.04088235 119.171483 0)
(94.83 119.171483 0)
(97.61911765 119.171483 0)
(100.4082353 119.171483 0)
(103.1973529 119.171483 0)
(105.9864706 119.171483 0)
(108.7755882 119.171483 0)
(111.5647059 119.171483 0)
(114.3538235 119.171483 0)
(117.1429412 119.171483 0)
(119.9320588 119.171483 0)
(122.7211765 119.171483 0)
(125.5102941 119.171483 0)
(128.2994118 119.171483 0)
(131.0885294 119.171483 0)
(133.8776471 119.171483 0)
(136.6667647 119.171483 0)
(139.4558824 119.171483 0)
(142.245 119.171483 0)
(0 122.0435622 0)
(2.789117647 122.0435622 0)
(5.578235294 122.0435622 0)
(8.367352941 122.0435622 0)
(11.15647059 122.0435622 0)
(13.94558824 122.0435622 0)
(16.73470588 122.0435622 0)
(19.52382353 122.0435622 0)
(22.31294118 122.0435622 0)
(25.10205882 122.0435622 0)
(27.89117647 122.0435622 0)
(30.68029412 122.0435622 0)
(33.46941176 122.0435622 0)
(36.25852941 122.0435622 0)
(39.04764706 122.0435622 0)
(41.83676471 122.0435622 0)
(44.62588235 122.0435622 0)
(47.415 122.0435622 0)
(50.20411765 122.0435622 0)
(52.99323529 122.0435622 0)
(55.78235294 122.0435622 0)
(58.57147059 122.0435622 0)
(61.36058824 122.0435622 0)
(64.14970588 122.0435622 0)
(66.93882353 122.0435622 0)
(69.72794118 122.0435622 0)
(72.51705882 122.0435622 0)
(75.30617647 122.0435622 0)
(78.09529412 122.0435622 0)
(80.88441176 122.0435622 0)
(83.67352941 122.0435622 0)
(86.46264706 122.0435622 0)
(89.25176471 122.0435622 0)
(92.04088235 122.0435622 0)
(94.83 122.0435622 0)
(97.61911765 122.0435622 0)
(100.4082353 122.0435622 0)
(103.1973529 122.0435622 0)
(105.9864706 122.0435622 0)
(108.7755882 122.0435622 0)
(111.5647059 122.0435622 0)
(114.3538235 122.0435622 0)
(117.1429412 122.0435622 0)
(119.9320588 122.0435622 0)
(122.7211765 122.0435622 0)
(125.5102941 122.0435622 0)
(128.2994118 122.0435622 0)
(131.0885294 122.0435622 0)
(133.8776471 122.0435622 0)
(136.6667647 122.0435622 0)
(139.4558824 122.0435622 0)
(142.245 122.0435622 0)
(0 124.6030721 0)
(2.789117647 124.6030721 0)
(5.578235294 124.6030721 0)
(8.367352941 124.6030721 0)
(11.15647059 124.6030721 0)
(13.94558824 124.6030721 0)
(16.73470588 124.6030721 0)
(19.52382353 124.6030721 0)
(22.31294118 124.6030721 0)
(25.10205882 124.6030721 0)
(27.89117647 124.6030721 0)
(30.68029412 124.6030721 0)
(33.46941176 124.6030721 0)
(36.25852941 124.6030721 0)
(39.04764706 124.6030721 0)
(41.83676471 124.6030721 0)
(44.62588235 124.6030721 0)
(47.415 124.6030721 0)
(50.20411765 124.6030721 0)
(52.99323529 124.6030721 0)
(55.78235294 124.6030721 0)
(58.57147059 124.6030721 0)
(61.36058824 124.6030721 0)
(64.14970588 124.6030721 0)
(66.93882353 124.6030721 0)
(69.72794118 124.6030721 0)
(72.51705882 124.6030721 0)
(75.30617647 124.6030721 0)
(78.09529412 124.6030721 0)
(80.88441176 124.6030721 0)
(83.67352941 124.6030721 0)
(86.46264706 124.6030721 0)
(89.25176471 124.6030721 0)
(92.04088235 124.6030721 0)
(94.83 124.6030721 0)
(97.61911765 124.6030721 0)
(100.4082353 124.6030721 0)
(103.1973529 124.6030721 0)
(105.9864706 124.6030721 0)
(108.7755882 124.6030721 0)
(111.5647059 124.6030721 0)
(114.3538235 124.6030721 0)
(117.1429412 124.6030721 0)
(119.9320588 124.6030721 0)
(122.7211765 124.6030721 0)
(125.5102941 124.6030721 0)
(128.2994118 124.6030721 0)
(131.0885294 124.6030721 0)
(133.8776471 124.6030721 0)
(136.6667647 124.6030721 0)
(139.4558824 124.6030721 0)
(142.245 124.6030721 0)
(0 126.8840295 0)
(2.789117647 126.8840295 0)
(5.578235294 126.8840295 0)
(8.367352941 126.8840295 0)
(11.15647059 126.8840295 0)
(13.94558824 126.8840295 0)
(16.73470588 126.8840295 0)
(19.52382353 126.8840295 0)
(22.31294118 126.8840295 0)
(25.10205882 126.8840295 0)
(27.89117647 126.8840295 0)
(30.68029412 126.8840295 0)
(33.46941176 126.8840295 0)
(36.25852941 126.8840295 0)
(39.04764706 126.8840295 0)
(41.83676471 126.8840295 0)
(44.62588235 126.8840295 0)
(47.415 126.8840295 0)
(50.20411765 126.8840295 0)
(52.99323529 126.8840295 0)
(55.78235294 126.8840295 0)
(58.57147059 126.8840295 0)
(61.36058824 126.8840295 0)
(64.14970588 126.8840295 0)
(66.93882353 126.8840295 0)
(69.72794118 126.8840295 0)
(72.51705882 126.8840295 0)
(75.30617647 126.8840295 0)
(78.09529412 126.8840295 0)
(80.88441176 126.8840295 0)
(83.67352941 126.8840295 0)
(86.46264706 126.8840295 0)
(89.25176471 126.8840295 0)
(92.04088235 126.8840295 0)
(94.83 126.8840295 0)
(97.61911765 126.8840295 0)
(100.4082353 126.8840295 0)
(103.1973529 126.8840295 0)
(105.9864706 126.8840295 0)
(108.7755882 126.8840295 0)
(111.5647059 126.8840295 0)
(114.3538235 126.8840295 0)
(117.1429412 126.8840295 0)
(119.9320588 126.8840295 0)
(122.7211765 126.8840295 0)
(125.5102941 126.8840295 0)
(128.2994118 126.8840295 0)
(131.0885294 126.8840295 0)
(133.8776471 126.8840295 0)
(136.6667647 126.8840295 0)
(139.4558824 126.8840295 0)
(142.245 126.8840295 0)
(0 128.9167496 0)
(2.789117647 128.9167496 0)
(5.578235294 128.9167496 0)
(8.367352941 128.9167496 0)
(11.15647059 128.9167496 0)
(13.94558824 128.9167496 0)
(16.73470588 128.9167496 0)
(19.52382353 128.9167496 0)
(22.31294118 128.9167496 0)
(25.10205882 128.9167496 0)
(27.89117647 128.9167496 0)
(30.68029412 128.9167496 0)
(33.46941176 128.9167496 0)
(36.25852941 128.9167496 0)
(39.04764706 128.9167496 0)
(41.83676471 128.9167496 0)
(44.62588235 128.9167496 0)
(47.415 128.9167496 0)
(50.20411765 128.9167496 0)
(52.99323529 128.9167496 0)
(55.78235294 128.9167496 0)
(58.57147059 128.9167496 0)
(61.36058824 128.9167496 0)
(64.14970588 128.9167496 0)
(66.93882353 128.9167496 0)
(69.72794118 128.9167496 0)
(72.51705882 128.9167496 0)
(75.30617647 128.9167496 0)
(78.09529412 128.9167496 0)
(80.88441176 128.9167496 0)
(83.67352941 128.9167496 0)
(86.46264706 128.9167496 0)
(89.25176471 128.9167496 0)
(92.04088235 128.9167496 0)
(94.83 128.9167496 0)
(97.61911765 128.9167496 0)
(100.4082353 128.9167496 0)
(103.1973529 128.9167496 0)
(105.9864706 128.9167496 0)
(108.7755882 128.9167496 0)
(111.5647059 128.9167496 0)
(114.3538235 128.9167496 0)
(117.1429412 128.9167496 0)
(119.9320588 128.9167496 0)
(122.7211765 128.9167496 0)
(125.5102941 128.9167496 0)
(128.2994118 128.9167496 0)
(131.0885294 128.9167496 0)
(133.8776471 128.9167496 0)
(136.6667647 128.9167496 0)
(139.4558824 128.9167496 0)
(142.245 128.9167496 0)
(0 130.728248 0)
(2.789117647 130.728248 0)
(5.578235294 130.728248 0)
(8.367352941 130.728248 0)
(11.15647059 130.728248 0)
(13.94558824 130.728248 0)
(16.73470588 130.728248 0)
(19.52382353 130.728248 0)
(22.31294118 130.728248 0)
(25.10205882 130.728248 0)
(27.89117647 130.728248 0)
(30.68029412 130.728248 0)
(33.46941176 130.728248 0)
(36.25852941 130.728248 0)
(39.04764706 130.728248 0)
(41.83676471 130.728248 0)
(44.62588235 130.728248 0)
(47.415 130.728248 0)
(50.20411765 130.728248 0)
(52.99323529 130.728248 0)
(55.78235294 130.728248 0)
(58.57147059 130.728248 0)
(61.36058824 130.728248 0)
(64.14970588 130.728248 0)
(66.93882353 130.728248 0)
(69.72794118 130.728248 0)
(72.51705882 130.728248 0)
(75.30617647 130.728248 0)
(78.09529412 130.728248 0)
(80.88441176 130.728248 0)
(83.67352941 130.728248 0)
(86.46264706 130.728248 0)
(89.25176471 130.728248 0)
(92.04088235 130.728248 0)
(94.83 130.728248 0)
(97.61911765 130.728248 0)
(100.4082353 130.728248 0)
(103.1973529 130.728248 0)
(105.9864706 130.728248 0)
(108.7755882 130.728248 0)
(111.5647059 130.728248 0)
(114.3538235 130.728248 0)
(117.1429412 130.728248 0)
(119.9320588 130.728248 0)
(122.7211765 130.728248 0)
(125.5102941 130.728248 0)
(128.2994118 130.728248 0)
(131.0885294 130.728248 0)
(133.8776471 130.728248 0)
(136.6667647 130.728248 0)
(139.4558824 130.728248 0)
(142.245 130.728248 0)
(0 132.3426004 0)
(2.789117647 132.3426004 0)
(5.578235294 132.3426004 0)
(8.367352941 132.3426004 0)
(11.15647059 132.3426004 0)
(13.94558824 132.3426004 0)
(16.73470588 132.3426004 0)
(19.52382353 132.3426004 0)
(22.31294118 132.3426004 0)
(25.10205882 132.3426004 0)
(27.89117647 132.3426004 0)
(30.68029412 132.3426004 0)
(33.46941176 132.3426004 0)
(36.25852941 132.3426004 0)
(39.04764706 132.3426004 0)
(41.83676471 132.3426004 0)
(44.62588235 132.3426004 0)
(47.415 132.3426004 0)
(50.20411765 132.3426004 0)
(52.99323529 132.3426004 0)
(55.78235294 132.3426004 0)
(58.57147059 132.3426004 0)
(61.36058824 132.3426004 0)
(64.14970588 132.3426004 0)
(66.93882353 132.3426004 0)
(69.72794118 132.3426004 0)
(72.51705882 132.3426004 0)
(75.30617647 132.3426004 0)
(78.09529412 132.3426004 0)
(80.88441176 132.3426004 0)
(83.67352941 132.3426004 0)
(86.46264706 132.3426004 0)
(89.25176471 132.3426004 0)
(92.04088235 132.3426004 0)
(94.83 132.3426004 0)
(97.61911765 132.3426004 0)
(100.4082353 132.3426004 0)
(103.1973529 132.3426004 0)
(105.9864706 132.3426004 0)
(108.7755882 132.3426004 0)
(111.5647059 132.3426004 0)
(114.3538235 132.3426004 0)
(117.1429412 132.3426004 0)
(119.9320588 132.3426004 0)
(122.7211765 132.3426004 0)
(125.5102941 132.3426004 0)
(128.2994118 132.3426004 0)
(131.0885294 132.3426004 0)
(133.8776471 132.3426004 0)
(136.6667647 132.3426004 0)
(139.4558824 132.3426004 0)
(142.245 132.3426004 0)
(0 133.7812622 0)
(2.789117647 133.7812622 0)
(5.578235294 133.7812622 0)
(8.367352941 133.7812622 0)
(11.15647059 133.7812622 0)
(13.94558824 133.7812622 0)
(16.73470588 133.7812622 0)
(19.52382353 133.7812622 0)
(22.31294118 133.7812622 0)
(25.10205882 133.7812622 0)
(27.89117647 133.7812622 0)
(30.68029412 133.7812622 0)
(33.46941176 133.7812622 0)
(36.25852941 133.7812622 0)
(39.04764706 133.7812622 0)
(41.83676471 133.7812622 0)
(44.62588235 133.7812622 0)
(47.415 133.7812622 0)
(50.20411765 133.7812622 0)
(52.99323529 133.7812622 0)
(55.78235294 133.7812622 0)
(58.57147059 133.7812622 0)
(61.36058824 133.7812622 0)
(64.14970588 133.7812622 0)
(66.93882353 133.7812622 0)
(69.72794118 133.7812622 0)
(72.51705882 133.7812622 0)
(75.30617647 133.7812622 0)
(78.09529412 133.7812622 0)
(80.88441176 133.7812622 0)
(83.67352941 133.7812622 0)
(86.46264706 133.7812622 0)
(89.25176471 133.7812622 0)
(92.04088235 133.7812622 0)
(94.83 133.7812622 0)
(97.61911765 133.7812622 0)
(100.4082353 133.7812622 0)
(103.1973529 133.7812622 0)
(105.9864706 133.7812622 0)
(108.7755882 133.7812622 0)
(111.5647059 133.7812622 0)
(114.3538235 133.7812622 0)
(117.1429412 133.7812622 0)
(119.9320588 133.7812622 0)
(122.7211765 133.7812622 0)
(125.5102941 133.7812622 0)
(128.2994118 133.7812622 0)
(131.0885294 133.7812622 0)
(133.8776471 133.7812622 0)
(136.6667647 133.7812622 0)
(139.4558824 133.7812622 0)
(142.245 133.7812622 0)
(0 135.063354 0)
(2.789117647 135.063354 0)
(5.578235294 135.063354 0)
(8.367352941 135.063354 0)
(11.15647059 135.063354 0)
(13.94558824 135.063354 0)
(16.73470588 135.063354 0)
(19.52382353 135.063354 0)
(22.31294118 135.063354 0)
(25.10205882 135.063354 0)
(27.89117647 135.063354 0)
(30.68029412 135.063354 0)
(33.46941176 135.063354 0)
(36.25852941 135.063354 0)
(39.04764706 135.063354 0)
(41.83676471 135.063354 0)
(44.62588235 135.063354 0)
(47.415 135.063354 0)
(50.20411765 135.063354 0)
(52.99323529 135.063354 0)
(55.78235294 135.063354 0)
(58.57147059 135.063354 0)
(61.36058824 135.063354 0)
(64.14970588 135.063354 0)
(66.93882353 135.063354 0)
(69.72794118 135.063354 0)
(72.51705882 135.063354 0)
(75.30617647 135.063354 0)
(78.09529412 135.063354 0)
(80.88441176 135.063354 0)
(83.67352941 135.063354 0)
(86.46264706 135.063354 0)
(89.25176471 135.063354 0)
(92.04088235 135.063354 0)
(94.83 135.063354 0)
(97.61911765 135.063354 0)
(100.4082353 135.063354 0)
(103.1973529 135.063354 0)
(105.9864706 135.063354 0)
(108.7755882 135.063354 0)
(111.5647059 135.063354 0)
(114.3538235 135.063354 0)
(117.1429412 135.063354 0)
(119.9320588 135.063354 0)
(122.7211765 135.063354 0)
(125.5102941 135.063354 0)
(128.2994118 135.063354 0)
(131.0885294 135.063354 0)
(133.8776471 135.063354 0)
(136.6667647 135.063354 0)
(139.4558824 135.063354 0)
(142.245 135.063354 0)
(0 136.2059152 0)
(2.789117647 136.2059152 0)
(5.578235294 136.2059152 0)
(8.367352941 136.2059152 0)
(11.15647059 136.2059152 0)
(13.94558824 136.2059152 0)
(16.73470588 136.2059152 0)
(19.52382353 136.2059152 0)
(22.31294118 136.2059152 0)
(25.10205882 136.2059152 0)
(27.89117647 136.2059152 0)
(30.68029412 136.2059152 0)
(33.46941176 136.2059152 0)
(36.25852941 136.2059152 0)
(39.04764706 136.2059152 0)
(41.83676471 136.2059152 0)
(44.62588235 136.2059152 0)
(47.415 136.2059152 0)
(50.20411765 136.2059152 0)
(52.99323529 136.2059152 0)
(55.78235294 136.2059152 0)
(58.57147059 136.2059152 0)
(61.36058824 136.2059152 0)
(64.14970588 136.2059152 0)
(66.93882353 136.2059152 0)
(69.72794118 136.2059152 0)
(72.51705882 136.2059152 0)
(75.30617647 136.2059152 0)
(78.09529412 136.2059152 0)
(80.88441176 136.2059152 0)
(83.67352941 136.2059152 0)
(86.46264706 136.2059152 0)
(89.25176471 136.2059152 0)
(92.04088235 136.2059152 0)
(94.83 136.2059152 0)
(97.61911765 136.2059152 0)
(100.4082353 136.2059152 0)
(103.1973529 136.2059152 0)
(105.9864706 136.2059152 0)
(108.7755882 136.2059152 0)
(111.5647059 136.2059152 0)
(114.3538235 136.2059152 0)
(117.1429412 136.2059152 0)
(119.9320588 136.2059152 0)
(122.7211765 136.2059152 0)
(125.5102941 136.2059152 0)
(128.2994118 136.2059152 0)
(131.0885294 136.2059152 0)
(133.8776471 136.2059152 0)
(136.6667647 136.2059152 0)
(139.4558824 136.2059152 0)
(142.245 136.2059152 0)
(0 137.2241311 0)
(2.789117647 137.2241311 0)
(5.578235294 137.2241311 0)
(8.367352941 137.2241311 0)
(11.15647059 137.2241311 0)
(13.94558824 137.2241311 0)
(16.73470588 137.2241311 0)
(19.52382353 137.2241311 0)
(22.31294118 137.2241311 0)
(25.10205882 137.2241311 0)
(27.89117647 137.2241311 0)
(30.68029412 137.2241311 0)
(33.46941176 137.2241311 0)
(36.25852941 137.2241311 0)
(39.04764706 137.2241311 0)
(41.83676471 137.2241311 0)
(44.62588235 137.2241311 0)
(47.415 137.2241311 0)
(50.20411765 137.2241311 0)
(52.99323529 137.2241311 0)
(55.78235294 137.2241311 0)
(58.57147059 137.2241311 0)
(61.36058824 137.2241311 0)
(64.14970588 137.2241311 0)
(66.93882353 137.2241311 0)
(69.72794118 137.2241311 0)
(72.51705882 137.2241311 0)
(75.30617647 137.2241311 0)
(78.09529412 137.2241311 0)
(80.88441176 137.2241311 0)
(83.67352941 137.2241311 0)
(86.46264706 137.2241311 0)
(89.25176471 137.2241311 0)
(92.04088235 137.2241311 0)
(94.83 137.2241311 0)
(97.61911765 137.2241311 0)
(100.4082353 137.2241311 0)
(103.1973529 137.2241311 0)
(105.9864706 137.2241311 0)
(108.7755882 137.2241311 0)
(111.5647059 137.2241311 0)
(114.3538235 137.2241311 0)
(117.1429412 137.2241311 0)
(119.9320588 137.2241311 0)
(122.7211765 137.2241311 0)
(125.5102941 137.2241311 0)
(128.2994118 137.2241311 0)
(131.0885294 137.2241311 0)
(133.8776471 137.2241311 0)
(136.6667647 137.2241311 0)
(139.4558824 137.2241311 0)
(142.245 137.2241311 0)
(0 138.1315343 0)
(2.789117647 138.1315343 0)
(5.578235294 138.1315343 0)
(8.367352941 138.1315343 0)
(11.15647059 138.1315343 0)
(13.94558824 138.1315343 0)
(16.73470588 138.1315343 0)
(19.52382353 138.1315343 0)
(22.31294118 138.1315343 0)
(25.10205882 138.1315343 0)
(27.89117647 138.1315343 0)
(30.68029412 138.1315343 0)
(33.46941176 138.1315343 0)
(36.25852941 138.1315343 0)
(39.04764706 138.1315343 0)
(41.83676471 138.1315343 0)
(44.62588235 138.1315343 0)
(47.415 138.1315343 0)
(50.20411765 138.1315343 0)
(52.99323529 138.1315343 0)
(55.78235294 138.1315343 0)
(58.57147059 138.1315343 0)
(61.36058824 138.1315343 0)
(64.14970588 138.1315343 0)
(66.93882353 138.1315343 0)
(69.72794118 138.1315343 0)
(72.51705882 138.1315343 0)
(75.30617647 138.1315343 0)
(78.09529412 138.1315343 0)
(80.88441176 138.1315343 0)
(83.67352941 138.1315343 0)
(86.46264706 138.1315343 0)
(89.25176471 138.1315343 0)
(92.04088235 138.1315343 0)
(94.83 138.1315343 0)
(97.61911765 138.1315343 0)
(100.4082353 138.1315343 0)
(103.1973529 138.1315343 0)
(105.9864706 138.1315343 0)
(108.7755882 138.1315343 0)
(111.5647059 138.1315343 0)
(114.3538235 138.1315343 0)
(117.1429412 138.1315343 0)
(119.9320588 138.1315343 0)
(122.7211765 138.1315343 0)
(125.5102941 138.1315343 0)
(128.2994118 138.1315343 0)
(131.0885294 138.1315343 0)
(133.8776471 138.1315343 0)
(136.6667647 138.1315343 0)
(139.4558824 138.1315343 0)
(142.245 138.1315343 0)
(0 138.9401844 0)
(2.789117647 138.9401844 0)
(5.578235294 138.9401844 0)
(8.367352941 138.9401844 0)
(11.15647059 138.9401844 0)
(13.94558824 138.9401844 0)
(16.73470588 138.9401844 0)
(19.52382353 138.9401844 0)
(22.31294118 138.9401844 0)
(25.10205882 138.9401844 0)
(27.89117647 138.9401844 0)
(30.68029412 138.9401844 0)
(33.46941176 138.9401844 0)
(36.25852941 138.9401844 0)
(39.04764706 138.9401844 0)
(41.83676471 138.9401844 0)
(44.62588235 138.9401844 0)
(47.415 138.9401844 0)
(50.20411765 138.9401844 0)
(52.99323529 138.9401844 0)
(55.78235294 138.9401844 0)
(58.57147059 138.9401844 0)
(61.36058824 138.9401844 0)
(64.14970588 138.9401844 0)
(66.93882353 138.9401844 0)
(69.72794118 138.9401844 0)
(72.51705882 138.9401844 0)
(75.30617647 138.9401844 0)
(78.09529412 138.9401844 0)
(80.88441176 138.9401844 0)
(83.67352941 138.9401844 0)
(86.46264706 138.9401844 0)
(89.25176471 138.9401844 0)
(92.04088235 138.9401844 0)
(94.83 138.9401844 0)
(97.61911765 138.9401844 0)
(100.4082353 138.9401844 0)
(103.1973529 138.9401844 0)
(105.9864706 138.9401844 0)
(108.7755882 138.9401844 0)
(111.5647059 138.9401844 0)
(114.3538235 138.9401844 0)
(117.1429412 138.9401844 0)
(119.9320588 138.9401844 0)
(122.7211765 138.9401844 0)
(125.5102941 138.9401844 0)
(128.2994118 138.9401844 0)
(131.0885294 138.9401844 0)
(133.8776471 138.9401844 0)
(136.6667647 138.9401844 0)
(139.4558824 138.9401844 0)
(142.245 138.9401844 0)
(0 139.6608288 0)
(2.789117647 139.6608288 0)
(5.578235294 139.6608288 0)
(8.367352941 139.6608288 0)
(11.15647059 139.6608288 0)
(13.94558824 139.6608288 0)
(16.73470588 139.6608288 0)
(19.52382353 139.6608288 0)
(22.31294118 139.6608288 0)
(25.10205882 139.6608288 0)
(27.89117647 139.6608288 0)
(30.68029412 139.6608288 0)
(33.46941176 139.6608288 0)
(36.25852941 139.6608288 0)
(39.04764706 139.6608288 0)
(41.83676471 139.6608288 0)
(44.62588235 139.6608288 0)
(47.415 139.6608288 0)
(50.20411765 139.6608288 0)
(52.99323529 139.6608288 0)
(55.78235294 139.6608288 0)
(58.57147059 139.6608288 0)
(61.36058824 139.6608288 0)
(64.14970588 139.6608288 0)
(66.93882353 139.6608288 0)
(69.72794118 139.6608288 0)
(72.51705882 139.6608288 0)
(75.30617647 139.6608288 0)
(78.09529412 139.6608288 0)
(80.88441176 139.6608288 0)
(83.67352941 139.6608288 0)
(86.46264706 139.6608288 0)
(89.25176471 139.6608288 0)
(92.04088235 139.6608288 0)
(94.83 139.6608288 0)
(97.61911765 139.6608288 0)
(100.4082353 139.6608288 0)
(103.1973529 139.6608288 0)
(105.9864706 139.6608288 0)
(108.7755882 139.6608288 0)
(111.5647059 139.6608288 0)
(114.3538235 139.6608288 0)
(117.1429412 139.6608288 0)
(119.9320588 139.6608288 0)
(122.7211765 139.6608288 0)
(125.5102941 139.6608288 0)
(128.2994118 139.6608288 0)
(131.0885294 139.6608288 0)
(133.8776471 139.6608288 0)
(136.6667647 139.6608288 0)
(139.4558824 139.6608288 0)
(142.245 139.6608288 0)
(0 140.3030452 0)
(2.789117647 140.3030452 0)
(5.578235294 140.3030452 0)
(8.367352941 140.3030452 0)
(11.15647059 140.3030452 0)
(13.94558824 140.3030452 0)
(16.73470588 140.3030452 0)
(19.52382353 140.3030452 0)
(22.31294118 140.3030452 0)
(25.10205882 140.3030452 0)
(27.89117647 140.3030452 0)
(30.68029412 140.3030452 0)
(33.46941176 140.3030452 0)
(36.25852941 140.3030452 0)
(39.04764706 140.3030452 0)
(41.83676471 140.3030452 0)
(44.62588235 140.3030452 0)
(47.415 140.3030452 0)
(50.20411765 140.3030452 0)
(52.99323529 140.3030452 0)
(55.78235294 140.3030452 0)
(58.57147059 140.3030452 0)
(61.36058824 140.3030452 0)
(64.14970588 140.3030452 0)
(66.93882353 140.3030452 0)
(69.72794118 140.3030452 0)
(72.51705882 140.3030452 0)
(75.30617647 140.3030452 0)
(78.09529412 140.3030452 0)
(80.88441176 140.3030452 0)
(83.67352941 140.3030452 0)
(86.46264706 140.3030452 0)
(89.25176471 140.3030452 0)
(92.04088235 140.3030452 0)
(94.83 140.3030452 0)
(97.61911765 140.3030452 0)
(100.4082353 140.3030452 0)
(103.1973529 140.3030452 0)
(105.9864706 140.3030452 0)
(108.7755882 140.3030452 0)
(111.5647059 140.3030452 0)
(114.3538235 140.3030452 0)
(117.1429412 140.3030452 0)
(119.9320588 140.3030452 0)
(122.7211765 140.3030452 0)
(125.5102941 140.3030452 0)
(128.2994118 140.3030452 0)
(131.0885294 140.3030452 0)
(133.8776471 140.3030452 0)
(136.6667647 140.3030452 0)
(139.4558824 140.3030452 0)
(142.245 140.3030452 0)
(0 140.875369 0)
(2.789117647 140.875369 0)
(5.578235294 140.875369 0)
(8.367352941 140.875369 0)
(11.15647059 140.875369 0)
(13.94558824 140.875369 0)
(16.73470588 140.875369 0)
(19.52382353 140.875369 0)
(22.31294118 140.875369 0)
(25.10205882 140.875369 0)
(27.89117647 140.875369 0)
(30.68029412 140.875369 0)
(33.46941176 140.875369 0)
(36.25852941 140.875369 0)
(39.04764706 140.875369 0)
(41.83676471 140.875369 0)
(44.62588235 140.875369 0)
(47.415 140.875369 0)
(50.20411765 140.875369 0)
(52.99323529 140.875369 0)
(55.78235294 140.875369 0)
(58.57147059 140.875369 0)
(61.36058824 140.875369 0)
(64.14970588 140.875369 0)
(66.93882353 140.875369 0)
(69.72794118 140.875369 0)
(72.51705882 140.875369 0)
(75.30617647 140.875369 0)
(78.09529412 140.875369 0)
(80.88441176 140.875369 0)
(83.67352941 140.875369 0)
(86.46264706 140.875369 0)
(89.25176471 140.875369 0)
(92.04088235 140.875369 0)
(94.83 140.875369 0)
(97.61911765 140.875369 0)
(100.4082353 140.875369 0)
(103.1973529 140.875369 0)
(105.9864706 140.875369 0)
(108.7755882 140.875369 0)
(111.5647059 140.875369 0)
(114.3538235 140.875369 0)
(117.1429412 140.875369 0)
(119.9320588 140.875369 0)
(122.7211765 140.875369 0)
(125.5102941 140.875369 0)
(128.2994118 140.875369 0)
(131.0885294 140.875369 0)
(133.8776471 140.875369 0)
(136.6667647 140.875369 0)
(139.4558824 140.875369 0)
(142.245 140.875369 0)
(0 141.3854066 0)
(2.789117647 141.3854066 0)
(5.578235294 141.3854066 0)
(8.367352941 141.3854066 0)
(11.15647059 141.3854066 0)
(13.94558824 141.3854066 0)
(16.73470588 141.3854066 0)
(19.52382353 141.3854066 0)
(22.31294118 141.3854066 0)
(25.10205882 141.3854066 0)
(27.89117647 141.3854066 0)
(30.68029412 141.3854066 0)
(33.46941176 141.3854066 0)
(36.25852941 141.3854066 0)
(39.04764706 141.3854066 0)
(41.83676471 141.3854066 0)
(44.62588235 141.3854066 0)
(47.415 141.3854066 0)
(50.20411765 141.3854066 0)
(52.99323529 141.3854066 0)
(55.78235294 141.3854066 0)
(58.57147059 141.3854066 0)
(61.36058824 141.3854066 0)
(64.14970588 141.3854066 0)
(66.93882353 141.3854066 0)
(69.72794118 141.3854066 0)
(72.51705882 141.3854066 0)
(75.30617647 141.3854066 0)
(78.09529412 141.3854066 0)
(80.88441176 141.3854066 0)
(83.67352941 141.3854066 0)
(86.46264706 141.3854066 0)
(89.25176471 141.3854066 0)
(92.04088235 141.3854066 0)
(94.83 141.3854066 0)
(97.61911765 141.3854066 0)
(100.4082353 141.3854066 0)
(103.1973529 141.3854066 0)
(105.9864706 141.3854066 0)
(108.7755882 141.3854066 0)
(111.5647059 141.3854066 0)
(114.3538235 141.3854066 0)
(117.1429412 141.3854066 0)
(119.9320588 141.3854066 0)
(122.7211765 141.3854066 0)
(125.5102941 141.3854066 0)
(128.2994118 141.3854066 0)
(131.0885294 141.3854066 0)
(133.8776471 141.3854066 0)
(136.6667647 141.3854066 0)
(139.4558824 141.3854066 0)
(142.245 141.3854066 0)
(0 141.8399366 0)
(2.789117647 141.8399366 0)
(5.578235294 141.8399366 0)
(8.367352941 141.8399366 0)
(11.15647059 141.8399366 0)
(13.94558824 141.8399366 0)
(16.73470588 141.8399366 0)
(19.52382353 141.8399366 0)
(22.31294118 141.8399366 0)
(25.10205882 141.8399366 0)
(27.89117647 141.8399366 0)
(30.68029412 141.8399366 0)
(33.46941176 141.8399366 0)
(36.25852941 141.8399366 0)
(39.04764706 141.8399366 0)
(41.83676471 141.8399366 0)
(44.62588235 141.8399366 0)
(47.415 141.8399366 0)
(50.20411765 141.8399366 0)
(52.99323529 141.8399366 0)
(55.78235294 141.8399366 0)
(58.57147059 141.8399366 0)
(61.36058824 141.8399366 0)
(64.14970588 141.8399366 0)
(66.93882353 141.8399366 0)
(69.72794118 141.8399366 0)
(72.51705882 141.8399366 0)
(75.30617647 141.8399366 0)
(78.09529412 141.8399366 0)
(80.88441176 141.8399366 0)
(83.67352941 141.8399366 0)
(86.46264706 141.8399366 0)
(89.25176471 141.8399366 0)
(92.04088235 141.8399366 0)
(94.83 141.8399366 0)
(97.61911765 141.8399366 0)
(100.4082353 141.8399366 0)
(103.1973529 141.8399366 0)
(105.9864706 141.8399366 0)
(108.7755882 141.8399366 0)
(111.5647059 141.8399366 0)
(114.3538235 141.8399366 0)
(117.1429412 141.8399366 0)
(119.9320588 141.8399366 0)
(122.7211765 141.8399366 0)
(125.5102941 141.8399366 0)
(128.2994118 141.8399366 0)
(131.0885294 141.8399366 0)
(133.8776471 141.8399366 0)
(136.6667647 141.8399366 0)
(139.4558824 141.8399366 0)
(142.245 141.8399366 0)
(0 142.245 0)
(2.789117647 142.245 0)
(5.578235294 142.245 0)
(8.367352941 142.245 0)
(11.15647059 142.245 0)
(13.94558824 142.245 0)
(16.73470588 142.245 0)
(19.52382353 142.245 0)
(22.31294118 142.245 0)
(25.10205882 142.245 0)
(27.89117647 142.245 0)
(30.68029412 142.245 0)
(33.46941176 142.245 0)
(36.25852941 142.245 0)
(39.04764706 142.245 0)
(41.83676471 142.245 0)
(44.62588235 142.245 0)
(47.415 142.245 0)
(50.20411765 142.245 0)
(52.99323529 142.245 0)
(55.78235294 142.245 0)
(58.57147059 142.245 0)
(61.36058824 142.245 0)
(64.14970588 142.245 0)
(66.93882353 142.245 0)
(69.72794118 142.245 0)
(72.51705882 142.245 0)
(75.30617647 142.245 0)
(78.09529412 142.245 0)
(80.88441176 142.245 0)
(83.67352941 142.245 0)
(86.46264706 142.245 0)
(89.25176471 142.245 0)
(92.04088235 142.245 0)
(94.83 142.245 0)
(97.61911765 142.245 0)
(100.4082353 142.245 0)
(103.1973529 142.245 0)
(105.9864706 142.245 0)
(108.7755882 142.245 0)
(111.5647059 142.245 0)
(114.3538235 142.245 0)
(117.1429412 142.245 0)
(119.9320588 142.245 0)
(122.7211765 142.245 0)
(125.5102941 142.245 0)
(128.2994118 142.245 0)
(131.0885294 142.245 0)
(133.8776471 142.245 0)
(136.6667647 142.245 0)
(139.4558824 142.245 0)
(142.245 142.245 0)
(0 0 10)
(2.789117647 0 10)
(5.578235294 0 10)
(8.367352941 0 10)
(11.15647059 0 10)
(13.94558824 0 10)
(16.73470588 0 10)
(19.52382353 0 10)
(22.31294118 0 10)
(25.10205882 0 10)
(27.89117647 0 10)
(30.68029412 0 10)
(33.46941176 0 10)
(36.25852941 0 10)
(39.04764706 0 10)
(41.83676471 0 10)
(44.62588235 0 10)
(47.415 0 10)
(50.20411765 0 10)
(52.99323529 0 10)
(55.78235294 0 10)
(58.57147059 0 10)
(61.36058824 0 10)
(64.14970588 0 10)
(66.93882353 0 10)
(69.72794118 0 10)
(72.51705882 0 10)
(75.30617647 0 10)
(78.09529412 0 10)
(80.88441176 0 10)
(83.67352941 0 10)
(86.46264706 0 10)
(89.25176471 0 10)
(92.04088235 0 10)
(94.83 0 10)
(97.61911765 0 10)
(100.4082353 0 10)
(103.1973529 0 10)
(105.9864706 0 10)
(108.7755882 0 10)
(111.5647059 0 10)
(114.3538235 0 10)
(117.1429412 0 10)
(119.9320588 0 10)
(122.7211765 0 10)
(125.5102941 0 10)
(128.2994118 0 10)
(131.0885294 0 10)
(133.8776471 0 10)
(136.6667647 0 10)
(139.4558824 0 10)
(142.245 0 10)
(0 0.4202250923 10)
(2.789117647 0.4202250923 10)
(5.578235294 0.4202250923 10)
(8.367352941 0.4202250923 10)
(11.15647059 0.4202250923 10)
(13.94558824 0.4202250923 10)
(16.73470588 0.4202250923 10)
(19.52382353 0.4202250923 10)
(22.31294118 0.4202250923 10)
(25.10205882 0.4202250923 10)
(27.89117647 0.4202250923 10)
(30.68029412 0.4202250923 10)
(33.46941176 0.4202250923 10)
(36.25852941 0.4202250923 10)
(39.04764706 0.4202250923 10)
(41.83676471 0.4202250923 10)
(44.62588235 0.4202250923 10)
(47.415 0.4202250923 10)
(50.20411765 0.4202250923 10)
(52.99323529 0.4202250923 10)
(55.78235294 0.4202250923 10)
(58.57147059 0.4202250923 10)
(61.36058824 0.4202250923 10)
(64.14970588 0.4202250923 10)
(66.93882353 0.4202250923 10)
(69.72794118 0.4202250923 10)
(72.51705882 0.4202250923 10)
(75.30617647 0.4202250923 10)
(78.09529412 0.4202250923 10)
(80.88441176 0.4202250923 10)
(83.67352941 0.4202250923 10)
(86.46264706 0.4202250923 10)
(89.25176471 0.4202250923 10)
(92.04088235 0.4202250923 10)
(94.83 0.4202250923 10)
(97.61911765 0.4202250923 10)
(100.4082353 0.4202250923 10)
(103.1973529 0.4202250923 10)
(105.9864706 0.4202250923 10)
(108.7755882 0.4202250923 10)
(111.5647059 0.4202250923 10)
(114.3538235 0.4202250923 10)
(117.1429412 0.4202250923 10)
(119.9320588 0.4202250923 10)
(122.7211765 0.4202250923 10)
(125.5102941 0.4202250923 10)
(128.2994118 0.4202250923 10)
(131.0885294 0.4202250923 10)
(133.8776471 0.4202250923 10)
(136.6667647 0.4202250923 10)
(139.4558824 0.4202250923 10)
(142.245 0.4202250923 10)
(0 0.8939466853 10)
(2.789117647 0.8939466853 10)
(5.578235294 0.8939466853 10)
(8.367352941 0.8939466853 10)
(11.15647059 0.8939466853 10)
(13.94558824 0.8939466853 10)
(16.73470588 0.8939466853 10)
(19.52382353 0.8939466853 10)
(22.31294118 0.8939466853 10)
(25.10205882 0.8939466853 10)
(27.89117647 0.8939466853 10)
(30.68029412 0.8939466853 10)
(33.46941176 0.8939466853 10)
(36.25852941 0.8939466853 10)
(39.04764706 0.8939466853 10)
(41.83676471 0.8939466853 10)
(44.62588235 0.8939466853 10)
(47.415 0.8939466853 10)
(50.20411765 0.8939466853 10)
(52.99323529 0.8939466853 10)
(55.78235294 0.8939466853 10)
(58.57147059 0.8939466853 10)
(61.36058824 0.8939466853 10)
(64.14970588 0.8939466853 10)
(66.93882353 0.8939466853 10)
(69.72794118 0.8939466853 10)
(72.51705882 0.8939466853 10)
(75.30617647 0.8939466853 10)
(78.09529412 0.8939466853 10)
(80.88441176 0.8939466853 10)
(83.67352941 0.8939466853 10)
(86.46264706 0.8939466853 10)
(89.25176471 0.8939466853 10)
(92.04088235 0.8939466853 10)
(94.83 0.8939466853 10)
(97.61911765 0.8939466853 10)
(100.4082353 0.8939466853 10)
(103.1973529 0.8939466853 10)
(105.9864706 0.8939466853 10)
(108.7755882 0.8939466853 10)
(111.5647059 0.8939466853 10)
(114.3538235 0.8939466853 10)
(117.1429412 0.8939466853 10)
(119.9320588 0.8939466853 10)
(122.7211765 0.8939466853 10)
(125.5102941 0.8939466853 10)
(128.2994118 0.8939466853 10)
(131.0885294 0.8939466853 10)
(133.8776471 0.8939466853 10)
(136.6667647 0.8939466853 10)
(139.4558824 0.8939466853 10)
(142.245 0.8939466853 10)
(0 1.427975119 10)
(2.789117647 1.427975119 10)
(5.578235294 1.427975119 10)
(8.367352941 1.427975119 10)
(11.15647059 1.427975119 10)
(13.94558824 1.427975119 10)
(16.73470588 1.427975119 10)
(19.52382353 1.427975119 10)
(22.31294118 1.427975119 10)
(25.10205882 1.427975119 10)
(27.89117647 1.427975119 10)
(30.68029412 1.427975119 10)
(33.46941176 1.427975119 10)
(36.25852941 1.427975119 10)
(39.04764706 1.427975119 10)
(41.83676471 1.427975119 10)
(44.62588235 1.427975119 10)
(47.415 1.427975119 10)
(50.20411765 1.427975119 10)
(52.99323529 1.427975119 10)
(55.78235294 1.427975119 10)
(58.57147059 1.427975119 10)
(61.36058824 1.427975119 10)
(64.14970588 1.427975119 10)
(66.93882353 1.427975119 10)
(69.72794118 1.427975119 10)
(72.51705882 1.427975119 10)
(75.30617647 1.427975119 10)
(78.09529412 1.427975119 10)
(80.88441176 1.427975119 10)
(83.67352941 1.427975119 10)
(86.46264706 1.427975119 10)
(89.25176471 1.427975119 10)
(92.04088235 1.427975119 10)
(94.83 1.427975119 10)
(97.61911765 1.427975119 10)
(100.4082353 1.427975119 10)
(103.1973529 1.427975119 10)
(105.9864706 1.427975119 10)
(108.7755882 1.427975119 10)
(111.5647059 1.427975119 10)
(114.3538235 1.427975119 10)
(117.1429412 1.427975119 10)
(119.9320588 1.427975119 10)
(122.7211765 1.427975119 10)
(125.5102941 1.427975119 10)
(128.2994118 1.427975119 10)
(131.0885294 1.427975119 10)
(133.8776471 1.427975119 10)
(136.6667647 1.427975119 10)
(139.4558824 1.427975119 10)
(142.245 1.427975119 10)
(0 2.029987718 10)
(2.789117647 2.029987718 10)
(5.578235294 2.029987718 10)
(8.367352941 2.029987718 10)
(11.15647059 2.029987718 10)
(13.94558824 2.029987718 10)
(16.73470588 2.029987718 10)
(19.52382353 2.029987718 10)
(22.31294118 2.029987718 10)
(25.10205882 2.029987718 10)
(27.89117647 2.029987718 10)
(30.68029412 2.029987718 10)
(33.46941176 2.029987718 10)
(36.25852941 2.029987718 10)
(39.04764706 2.029987718 10)
(41.83676471 2.029987718 10)
(44.62588235 2.029987718 10)
(47.415 2.029987718 10)
(50.20411765 2.029987718 10)
(52.99323529 2.029987718 10)
(55.78235294 2.029987718 10)
(58.57147059 2.029987718 10)
(61.36058824 2.029987718 10)
(64.14970588 2.029987718 10)
(66.93882353 2.029987718 10)
(69.72794118 2.029987718 10)
(72.51705882 2.029987718 10)
(75.30617647 2.029987718 10)
(78.09529412 2.029987718 10)
(80.88441176 2.029987718 10)
(83.67352941 2.029987718 10)
(86.46264706 2.029987718 10)
(89.25176471 2.029987718 10)
(92.04088235 2.029987718 10)
(94.83 2.029987718 10)
(97.61911765 2.029987718 10)
(100.4082353 2.029987718 10)
(103.1973529 2.029987718 10)
(105.9864706 2.029987718 10)
(108.7755882 2.029987718 10)
(111.5647059 2.029987718 10)
(114.3538235 2.029987718 10)
(117.1429412 2.029987718 10)
(119.9320588 2.029987718 10)
(122.7211765 2.029987718 10)
(125.5102941 2.029987718 10)
(128.2994118 2.029987718 10)
(131.0885294 2.029987718 10)
(133.8776471 2.029987718 10)
(136.6667647 2.029987718 10)
(139.4558824 2.029987718 10)
(142.245 2.029987718 10)
(0 2.708639167 10)
(2.789117647 2.708639167 10)
(5.578235294 2.708639167 10)
(8.367352941 2.708639167 10)
(11.15647059 2.708639167 10)
(13.94558824 2.708639167 10)
(16.73470588 2.708639167 10)
(19.52382353 2.708639167 10)
(22.31294118 2.708639167 10)
(25.10205882 2.708639167 10)
(27.89117647 2.708639167 10)
(30.68029412 2.708639167 10)
(33.46941176 2.708639167 10)
(36.25852941 2.708639167 10)
(39.04764706 2.708639167 10)
(41.83676471 2.708639167 10)
(44.62588235 2.708639167 10)
(47.415 2.708639167 10)
(50.20411765 2.708639167 10)
(52.99323529 2.708639167 10)
(55.78235294 2.708639167 10)
(58.57147059 2.708639167 10)
(61.36058824 2.708639167 10)
(64.14970588 2.708639167 10)
(66.93882353 2.708639167 10)
(69.72794118 2.708639167 10)
(72.51705882 2.708639167 10)
(75.30617647 2.708639167 10)
(78.09529412 2.708639167 10)
(80.88441176 2.708639167 10)
(83.67352941 2.708639167 10)
(86.46264706 2.708639167 10)
(89.25176471 2.708639167 10)
(92.04088235 2.708639167 10)
(94.83 2.708639167 10)
(97.61911765 2.708639167 10)
(100.4082353 2.708639167 10)
(103.1973529 2.708639167 10)
(105.9864706 2.708639167 10)
(108.7755882 2.708639167 10)
(111.5647059 2.708639167 10)
(114.3538235 2.708639167 10)
(117.1429412 2.708639167 10)
(119.9320588 2.708639167 10)
(122.7211765 2.708639167 10)
(125.5102941 2.708639167 10)
(128.2994118 2.708639167 10)
(131.0885294 2.708639167 10)
(133.8776471 2.708639167 10)
(136.6667647 2.708639167 10)
(139.4558824 2.708639167 10)
(142.245 2.708639167 10)
(0 3.473685927 10)
(2.789117647 3.473685927 10)
(5.578235294 3.473685927 10)
(8.367352941 3.473685927 10)
(11.15647059 3.473685927 10)
(13.94558824 3.473685927 10)
(16.73470588 3.473685927 10)
(19.52382353 3.473685927 10)
(22.31294118 3.473685927 10)
(25.10205882 3.473685927 10)
(27.89117647 3.473685927 10)
(30.68029412 3.473685927 10)
(33.46941176 3.473685927 10)
(36.25852941 3.473685927 10)
(39.04764706 3.473685927 10)
(41.83676471 3.473685927 10)
(44.62588235 3.473685927 10)
(47.415 3.473685927 10)
(50.20411765 3.473685927 10)
(52.99323529 3.473685927 10)
(55.78235294 3.473685927 10)
(58.57147059 3.473685927 10)
(61.36058824 3.473685927 10)
(64.14970588 3.473685927 10)
(66.93882353 3.473685927 10)
(69.72794118 3.473685927 10)
(72.51705882 3.473685927 10)
(75.30617647 3.473685927 10)
(78.09529412 3.473685927 10)
(80.88441176 3.473685927 10)
(83.67352941 3.473685927 10)
(86.46264706 3.473685927 10)
(89.25176471 3.473685927 10)
(92.04088235 3.473685927 10)
(94.83 3.473685927 10)
(97.61911765 3.473685927 10)
(100.4082353 3.473685927 10)
(103.1973529 3.473685927 10)
(105.9864706 3.473685927 10)
(108.7755882 3.473685927 10)
(111.5647059 3.473685927 10)
(114.3538235 3.473685927 10)
(117.1429412 3.473685927 10)
(119.9320588 3.473685927 10)
(122.7211765 3.473685927 10)
(125.5102941 3.473685927 10)
(128.2994118 3.473685927 10)
(131.0885294 3.473685927 10)
(133.8776471 3.473685927 10)
(136.6667647 3.473685927 10)
(139.4558824 3.473685927 10)
(142.245 3.473685927 10)
(0 4.336126502 10)
(2.789117647 4.336126502 10)
(5.578235294 4.336126502 10)
(8.367352941 4.336126502 10)
(11.15647059 4.336126502 10)
(13.94558824 4.336126502 10)
(16.73470588 4.336126502 10)
(19.52382353 4.336126502 10)
(22.31294118 4.336126502 10)
(25.10205882 4.336126502 10)
(27.89117647 4.336126502 10)
(30.68029412 4.336126502 10)
(33.46941176 4.336126502 10)
(36.25852941 4.336126502 10)
(39.04764706 4.336126502 10)
(41.83676471 4.336126502 10)
(44.62588235 4.336126502 10)
(47.415 4.336126502 10)
(50.20411765 4.336126502 10)
(52.99323529 4.336126502 10)
(55.78235294 4.336126502 10)
(58.57147059 4.336126502 10)
(61.36058824 4.336126502 10)
(64.14970588 4.336126502 10)
(66.93882353 4.336126502 10)
(69.72794118 4.336126502 10)
(72.51705882 4.336126502 10)
(75.30617647 4.336126502 10)
(78.09529412 4.336126502 10)
(80.88441176 4.336126502 10)
(83.67352941 4.336126502 10)
(86.46264706 4.336126502 10)
(89.25176471 4.336126502 10)
(92.04088235 4.336126502 10)
(94.83 4.336126502 10)
(97.61911765 4.336126502 10)
(100.4082353 4.336126502 10)
(103.1973529 4.336126502 10)
(105.9864706 4.336126502 10)
(108.7755882 4.336126502 10)
(111.5647059 4.336126502 10)
(114.3538235 4.336126502 10)
(117.1429412 4.336126502 10)
(119.9320588 4.336126502 10)
(122.7211765 4.336126502 10)
(125.5102941 4.336126502 10)
(128.2994118 4.336126502 10)
(131.0885294 4.336126502 10)
(133.8776471 4.336126502 10)
(136.6667647 4.336126502 10)
(139.4558824 4.336126502 10)
(142.245 4.336126502 10)
(0 5.308359551 10)
(2.789117647 5.308359551 10)
(5.578235294 5.308359551 10)
(8.367352941 5.308359551 10)
(11.15647059 5.308359551 10)
(13.94558824 5.308359551 10)
(16.73470588 5.308359551 10)
(19.52382353 5.308359551 10)
(22.31294118 5.308359551 10)
(25.10205882 5.308359551 10)
(27.89117647 5.308359551 10)
(30.68029412 5.308359551 10)
(33.46941176 5.308359551 10)
(36.25852941 5.308359551 10)
(39.04764706 5.308359551 10)
(41.83676471 5.308359551 10)
(44.62588235 5.308359551 10)
(47.415 5.308359551 10)
(50.20411765 5.308359551 10)
(52.99323529 5.308359551 10)
(55.78235294 5.308359551 10)
(58.57147059 5.308359551 10)
(61.36058824 5.308359551 10)
(64.14970588 5.308359551 10)
(66.93882353 5.308359551 10)
(69.72794118 5.308359551 10)
(72.51705882 5.308359551 10)
(75.30617647 5.308359551 10)
(78.09529412 5.308359551 10)
(80.88441176 5.308359551 10)
(83.67352941 5.308359551 10)
(86.46264706 5.308359551 10)
(89.25176471 5.308359551 10)
(92.04088235 5.308359551 10)
(94.83 5.308359551 10)
(97.61911765 5.308359551 10)
(100.4082353 5.308359551 10)
(103.1973529 5.308359551 10)
(105.9864706 5.308359551 10)
(108.7755882 5.308359551 10)
(111.5647059 5.308359551 10)
(114.3538235 5.308359551 10)
(117.1429412 5.308359551 10)
(119.9320588 5.308359551 10)
(122.7211765 5.308359551 10)
(125.5102941 5.308359551 10)
(128.2994118 5.308359551 10)
(131.0885294 5.308359551 10)
(133.8776471 5.308359551 10)
(136.6667647 5.308359551 10)
(139.4558824 5.308359551 10)
(142.245 5.308359551 10)
(0 6.404362139 10)
(2.789117647 6.404362139 10)
(5.578235294 6.404362139 10)
(8.367352941 6.404362139 10)
(11.15647059 6.404362139 10)
(13.94558824 6.404362139 10)
(16.73470588 6.404362139 10)
(19.52382353 6.404362139 10)
(22.31294118 6.404362139 10)
(25.10205882 6.404362139 10)
(27.89117647 6.404362139 10)
(30.68029412 6.404362139 10)
(33.46941176 6.404362139 10)
(36.25852941 6.404362139 10)
(39.04764706 6.404362139 10)
(41.83676471 6.404362139 10)
(44.62588235 6.404362139 10)
(47.415 6.404362139 10)
(50.20411765 6.404362139 10)
(52.99323529 6.404362139 10)
(55.78235294 6.404362139 10)
(58.57147059 6.404362139 10)
(61.36058824 6.404362139 10)
(64.14970588 6.404362139 10)
(66.93882353 6.404362139 10)
(69.72794118 6.404362139 10)
(72.51705882 6.404362139 10)
(75.30617647 6.404362139 10)
(78.09529412 6.404362139 10)
(80.88441176 6.404362139 10)
(83.67352941 6.404362139 10)
(86.46264706 6.404362139 10)
(89.25176471 6.404362139 10)
(92.04088235 6.404362139 10)
(94.83 6.404362139 10)
(97.61911765 6.404362139 10)
(100.4082353 6.404362139 10)
(103.1973529 6.404362139 10)
(105.9864706 6.404362139 10)
(108.7755882 6.404362139 10)
(111.5647059 6.404362139 10)
(114.3538235 6.404362139 10)
(117.1429412 6.404362139 10)
(119.9320588 6.404362139 10)
(122.7211765 6.404362139 10)
(125.5102941 6.404362139 10)
(128.2994118 6.404362139 10)
(131.0885294 6.404362139 10)
(133.8776471 6.404362139 10)
(136.6667647 6.404362139 10)
(139.4558824 6.404362139 10)
(142.245 6.404362139 10)
(0 7.639890673 10)
(2.789117647 7.639890673 10)
(5.578235294 7.639890673 10)
(8.367352941 7.639890673 10)
(11.15647059 7.639890673 10)
(13.94558824 7.639890673 10)
(16.73470588 7.639890673 10)
(19.52382353 7.639890673 10)
(22.31294118 7.639890673 10)
(25.10205882 7.639890673 10)
(27.89117647 7.639890673 10)
(30.68029412 7.639890673 10)
(33.46941176 7.639890673 10)
(36.25852941 7.639890673 10)
(39.04764706 7.639890673 10)
(41.83676471 7.639890673 10)
(44.62588235 7.639890673 10)
(47.415 7.639890673 10)
(50.20411765 7.639890673 10)
(52.99323529 7.639890673 10)
(55.78235294 7.639890673 10)
(58.57147059 7.639890673 10)
(61.36058824 7.639890673 10)
(64.14970588 7.639890673 10)
(66.93882353 7.639890673 10)
(69.72794118 7.639890673 10)
(72.51705882 7.639890673 10)
(75.30617647 7.639890673 10)
(78.09529412 7.639890673 10)
(80.88441176 7.639890673 10)
(83.67352941 7.639890673 10)
(86.46264706 7.639890673 10)
(89.25176471 7.639890673 10)
(92.04088235 7.639890673 10)
(94.83 7.639890673 10)
(97.61911765 7.639890673 10)
(100.4082353 7.639890673 10)
(103.1973529 7.639890673 10)
(105.9864706 7.639890673 10)
(108.7755882 7.639890673 10)
(111.5647059 7.639890673 10)
(114.3538235 7.639890673 10)
(117.1429412 7.639890673 10)
(119.9320588 7.639890673 10)
(122.7211765 7.639890673 10)
(125.5102941 7.639890673 10)
(128.2994118 7.639890673 10)
(131.0885294 7.639890673 10)
(133.8776471 7.639890673 10)
(136.6667647 7.639890673 10)
(139.4558824 7.639890673 10)
(142.245 7.639890673 10)
(0 9.032707418 10)
(2.789117647 9.032707418 10)
(5.578235294 9.032707418 10)
(8.367352941 9.032707418 10)
(11.15647059 9.032707418 10)
(13.94558824 9.032707418 10)
(16.73470588 9.032707418 10)
(19.52382353 9.032707418 10)
(22.31294118 9.032707418 10)
(25.10205882 9.032707418 10)
(27.89117647 9.032707418 10)
(30.68029412 9.032707418 10)
(33.46941176 9.032707418 10)
(36.25852941 9.032707418 10)
(39.04764706 9.032707418 10)
(41.83676471 9.032707418 10)
(44.62588235 9.032707418 10)
(47.415 9.032707418 10)
(50.20411765 9.032707418 10)
(52.99323529 9.032707418 10)
(55.78235294 9.032707418 10)
(58.57147059 9.032707418 10)
(61.36058824 9.032707418 10)
(64.14970588 9.032707418 10)
(66.93882353 9.032707418 10)
(69.72794118 9.032707418 10)
(72.51705882 9.032707418 10)
(75.30617647 9.032707418 10)
(78.09529412 9.032707418 10)
(80.88441176 9.032707418 10)
(83.67352941 9.032707418 10)
(86.46264706 9.032707418 10)
(89.25176471 9.032707418 10)
(92.04088235 9.032707418 10)
(94.83 9.032707418 10)
(97.61911765 9.032707418 10)
(100.4082353 9.032707418 10)
(103.1973529 9.032707418 10)
(105.9864706 9.032707418 10)
(108.7755882 9.032707418 10)
(111.5647059 9.032707418 10)
(114.3538235 9.032707418 10)
(117.1429412 9.032707418 10)
(119.9320588 9.032707418 10)
(122.7211765 9.032707418 10)
(125.5102941 9.032707418 10)
(128.2994118 9.032707418 10)
(131.0885294 9.032707418 10)
(133.8776471 9.032707418 10)
(136.6667647 9.032707418 10)
(139.4558824 9.032707418 10)
(142.245 9.032707418 10)
(0 10.60283586 10)
(2.789117647 10.60283586 10)
(5.578235294 10.60283586 10)
(8.367352941 10.60283586 10)
(11.15647059 10.60283586 10)
(13.94558824 10.60283586 10)
(16.73470588 10.60283586 10)
(19.52382353 10.60283586 10)
(22.31294118 10.60283586 10)
(25.10205882 10.60283586 10)
(27.89117647 10.60283586 10)
(30.68029412 10.60283586 10)
(33.46941176 10.60283586 10)
(36.25852941 10.60283586 10)
(39.04764706 10.60283586 10)
(41.83676471 10.60283586 10)
(44.62588235 10.60283586 10)
(47.415 10.60283586 10)
(50.20411765 10.60283586 10)
(52.99323529 10.60283586 10)
(55.78235294 10.60283586 10)
(58.57147059 10.60283586 10)
(61.36058824 10.60283586 10)
(64.14970588 10.60283586 10)
(66.93882353 10.60283586 10)
(69.72794118 10.60283586 10)
(72.51705882 10.60283586 10)
(75.30617647 10.60283586 10)
(78.09529412 10.60283586 10)
(80.88441176 10.60283586 10)
(83.67352941 10.60283586 10)
(86.46264706 10.60283586 10)
(89.25176471 10.60283586 10)
(92.04088235 10.60283586 10)
(94.83 10.60283586 10)
(97.61911765 10.60283586 10)
(100.4082353 10.60283586 10)
(103.1973529 10.60283586 10)
(105.9864706 10.60283586 10)
(108.7755882 10.60283586 10)
(111.5647059 10.60283586 10)
(114.3538235 10.60283586 10)
(117.1429412 10.60283586 10)
(119.9320588 10.60283586 10)
(122.7211765 10.60283586 10)
(125.5102941 10.60283586 10)
(128.2994118 10.60283586 10)
(131.0885294 10.60283586 10)
(133.8776471 10.60283586 10)
(136.6667647 10.60283586 10)
(139.4558824 10.60283586 10)
(142.245 10.60283586 10)
(0 12.37284854 10)
(2.789117647 12.37284854 10)
(5.578235294 12.37284854 10)
(8.367352941 12.37284854 10)
(11.15647059 12.37284854 10)
(13.94558824 12.37284854 10)
(16.73470588 12.37284854 10)
(19.52382353 12.37284854 10)
(22.31294118 12.37284854 10)
(25.10205882 12.37284854 10)
(27.89117647 12.37284854 10)
(30.68029412 12.37284854 10)
(33.46941176 12.37284854 10)
(36.25852941 12.37284854 10)
(39.04764706 12.37284854 10)
(41.83676471 12.37284854 10)
(44.62588235 12.37284854 10)
(47.415 12.37284854 10)
(50.20411765 12.37284854 10)
(52.99323529 12.37284854 10)
(55.78235294 12.37284854 10)
(58.57147059 12.37284854 10)
(61.36058824 12.37284854 10)
(64.14970588 12.37284854 10)
(66.93882353 12.37284854 10)
(69.72794118 12.37284854 10)
(72.51705882 12.37284854 10)
(75.30617647 12.37284854 10)
(78.09529412 12.37284854 10)
(80.88441176 12.37284854 10)
(83.67352941 12.37284854 10)
(86.46264706 12.37284854 10)
(89.25176471 12.37284854 10)
(92.04088235 12.37284854 10)
(94.83 12.37284854 10)
(97.61911765 12.37284854 10)
(100.4082353 12.37284854 10)
(103.1973529 12.37284854 10)
(105.9864706 12.37284854 10)
(108.7755882 12.37284854 10)
(111.5647059 12.37284854 10)
(114.3538235 12.37284854 10)
(117.1429412 12.37284854 10)
(119.9320588 12.37284854 10)
(122.7211765 12.37284854 10)
(125.5102941 12.37284854 10)
(128.2994118 12.37284854 10)
(131.0885294 12.37284854 10)
(133.8776471 12.37284854 10)
(136.6667647 12.37284854 10)
(139.4558824 12.37284854 10)
(142.245 12.37284854 10)
(0 14.36819162 10)
(2.789117647 14.36819162 10)
(5.578235294 14.36819162 10)
(8.367352941 14.36819162 10)
(11.15647059 14.36819162 10)
(13.94558824 14.36819162 10)
(16.73470588 14.36819162 10)
(19.52382353 14.36819162 10)
(22.31294118 14.36819162 10)
(25.10205882 14.36819162 10)
(27.89117647 14.36819162 10)
(30.68029412 14.36819162 10)
(33.46941176 14.36819162 10)
(36.25852941 14.36819162 10)
(39.04764706 14.36819162 10)
(41.83676471 14.36819162 10)
(44.62588235 14.36819162 10)
(47.415 14.36819162 10)
(50.20411765 14.36819162 10)
(52.99323529 14.36819162 10)
(55.78235294 14.36819162 10)
(58.57147059 14.36819162 10)
(61.36058824 14.36819162 10)
(64.14970588 14.36819162 10)
(66.93882353 14.36819162 10)
(69.72794118 14.36819162 10)
(72.51705882 14.36819162 10)
(75.30617647 14.36819162 10)
(78.09529412 14.36819162 10)
(80.88441176 14.36819162 10)
(83.67352941 14.36819162 10)
(86.46264706 14.36819162 10)
(89.25176471 14.36819162 10)
(92.04088235 14.36819162 10)
(94.83 14.36819162 10)
(97.61911765 14.36819162 10)
(100.4082353 14.36819162 10)
(103.1973529 14.36819162 10)
(105.9864706 14.36819162 10)
(108.7755882 14.36819162 10)
(111.5647059 14.36819162 10)
(114.3538235 14.36819162 10)
(117.1429412 14.36819162 10)
(119.9320588 14.36819162 10)
(122.7211765 14.36819162 10)
(125.5102941 14.36819162 10)
(128.2994118 14.36819162 10)
(131.0885294 14.36819162 10)
(133.8776471 14.36819162 10)
(136.6667647 14.36819162 10)
(139.4558824 14.36819162 10)
(142.245 14.36819162 10)
(0 16.61755064 10)
(2.789117647 16.61755064 10)
(5.578235294 16.61755064 10)
(8.367352941 16.61755064 10)
(11.15647059 16.61755064 10)
(13.94558824 16.61755064 10)
(16.73470588 16.61755064 10)
(19.52382353 16.61755064 10)
(22.31294118 16.61755064 10)
(25.10205882 16.61755064 10)
(27.89117647 16.61755064 10)
(30.68029412 16.61755064 10)
(33.46941176 16.61755064 10)
(36.25852941 16.61755064 10)
(39.04764706 16.61755064 10)
(41.83676471 16.61755064 10)
(44.62588235 16.61755064 10)
(47.415 16.61755064 10)
(50.20411765 16.61755064 10)
(52.99323529 16.61755064 10)
(55.78235294 16.61755064 10)
(58.57147059 16.61755064 10)
(61.36058824 16.61755064 10)
(64.14970588 16.61755064 10)
(66.93882353 16.61755064 10)
(69.72794118 16.61755064 10)
(72.51705882 16.61755064 10)
(75.30617647 16.61755064 10)
(78.09529412 16.61755064 10)
(80.88441176 16.61755064 10)
(83.67352941 16.61755064 10)
(86.46264706 16.61755064 10)
(89.25176471 16.61755064 10)
(92.04088235 16.61755064 10)
(94.83 16.61755064 10)
(97.61911765 16.61755064 10)
(100.4082353 16.61755064 10)
(103.1973529 16.61755064 10)
(105.9864706 16.61755064 10)
(108.7755882 16.61755064 10)
(111.5647059 16.61755064 10)
(114.3538235 16.61755064 10)
(117.1429412 16.61755064 10)
(119.9320588 16.61755064 10)
(122.7211765 16.61755064 10)
(125.5102941 16.61755064 10)
(128.2994118 16.61755064 10)
(131.0885294 16.61755064 10)
(133.8776471 16.61755064 10)
(136.6667647 16.61755064 10)
(139.4558824 16.61755064 10)
(142.245 16.61755064 10)
(0 19.15326295 10)
(2.789117647 19.15326295 10)
(5.578235294 19.15326295 10)
(8.367352941 19.15326295 10)
(11.15647059 19.15326295 10)
(13.94558824 19.15326295 10)
(16.73470588 19.15326295 10)
(19.52382353 19.15326295 10)
(22.31294118 19.15326295 10)
(25.10205882 19.15326295 10)
(27.89117647 19.15326295 10)
(30.68029412 19.15326295 10)
(33.46941176 19.15326295 10)
(36.25852941 19.15326295 10)
(39.04764706 19.15326295 10)
(41.83676471 19.15326295 10)
(44.62588235 19.15326295 10)
(47.415 19.15326295 10)
(50.20411765 19.15326295 10)
(52.99323529 19.15326295 10)
(55.78235294 19.15326295 10)
(58.57147059 19.15326295 10)
(61.36058824 19.15326295 10)
(64.14970588 19.15326295 10)
(66.93882353 19.15326295 10)
(69.72794118 19.15326295 10)
(72.51705882 19.15326295 10)
(75.30617647 19.15326295 10)
(78.09529412 19.15326295 10)
(80.88441176 19.15326295 10)
(83.67352941 19.15326295 10)
(86.46264706 19.15326295 10)
(89.25176471 19.15326295 10)
(92.04088235 19.15326295 10)
(94.83 19.15326295 10)
(97.61911765 19.15326295 10)
(100.4082353 19.15326295 10)
(103.1973529 19.15326295 10)
(105.9864706 19.15326295 10)
(108.7755882 19.15326295 10)
(111.5647059 19.15326295 10)
(114.3538235 19.15326295 10)
(117.1429412 19.15326295 10)
(119.9320588 19.15326295 10)
(122.7211765 19.15326295 10)
(125.5102941 19.15326295 10)
(128.2994118 19.15326295 10)
(131.0885294 19.15326295 10)
(133.8776471 19.15326295 10)
(136.6667647 19.15326295 10)
(139.4558824 19.15326295 10)
(142.245 19.15326295 10)
(0 22.01178258 10)
(2.789117647 22.01178258 10)
(5.578235294 22.01178258 10)
(8.367352941 22.01178258 10)
(11.15647059 22.01178258 10)
(13.94558824 22.01178258 10)
(16.73470588 22.01178258 10)
(19.52382353 22.01178258 10)
(22.31294118 22.01178258 10)
(25.10205882 22.01178258 10)
(27.89117647 22.01178258 10)
(30.68029412 22.01178258 10)
(33.46941176 22.01178258 10)
(36.25852941 22.01178258 10)
(39.04764706 22.01178258 10)
(41.83676471 22.01178258 10)
(44.62588235 22.01178258 10)
(47.415 22.01178258 10)
(50.20411765 22.01178258 10)
(52.99323529 22.01178258 10)
(55.78235294 22.01178258 10)
(58.57147059 22.01178258 10)
(61.36058824 22.01178258 10)
(64.14970588 22.01178258 10)
(66.93882353 22.01178258 10)
(69.72794118 22.01178258 10)
(72.51705882 22.01178258 10)
(75.30617647 22.01178258 10)
(78.09529412 22.01178258 10)
(80.88441176 22.01178258 10)
(83.67352941 22.01178258 10)
(86.46264706 22.01178258 10)
(89.25176471 22.01178258 10)
(92.04088235 22.01178258 10)
(94.83 22.01178258 10)
(97.61911765 22.01178258 10)
(100.4082353 22.01178258 10)
(103.1973529 22.01178258 10)
(105.9864706 22.01178258 10)
(108.7755882 22.01178258 10)
(111.5647059 22.01178258 10)
(114.3538235 22.01178258 10)
(117.1429412 22.01178258 10)
(119.9320588 22.01178258 10)
(122.7211765 22.01178258 10)
(125.5102941 22.01178258 10)
(128.2994118 22.01178258 10)
(131.0885294 22.01178258 10)
(133.8776471 22.01178258 10)
(136.6667647 22.01178258 10)
(139.4558824 22.01178258 10)
(142.245 22.01178258 10)
(0 25.23420431 10)
(2.789117647 25.23420431 10)
(5.578235294 25.23420431 10)
(8.367352941 25.23420431 10)
(11.15647059 25.23420431 10)
(13.94558824 25.23420431 10)
(16.73470588 25.23420431 10)
(19.52382353 25.23420431 10)
(22.31294118 25.23420431 10)
(25.10205882 25.23420431 10)
(27.89117647 25.23420431 10)
(30.68029412 25.23420431 10)
(33.46941176 25.23420431 10)
(36.25852941 25.23420431 10)
(39.04764706 25.23420431 10)
(41.83676471 25.23420431 10)
(44.62588235 25.23420431 10)
(47.415 25.23420431 10)
(50.20411765 25.23420431 10)
(52.99323529 25.23420431 10)
(55.78235294 25.23420431 10)
(58.57147059 25.23420431 10)
(61.36058824 25.23420431 10)
(64.14970588 25.23420431 10)
(66.93882353 25.23420431 10)
(69.72794118 25.23420431 10)
(72.51705882 25.23420431 10)
(75.30617647 25.23420431 10)
(78.09529412 25.23420431 10)
(80.88441176 25.23420431 10)
(83.67352941 25.23420431 10)
(86.46264706 25.23420431 10)
(89.25176471 25.23420431 10)
(92.04088235 25.23420431 10)
(94.83 25.23420431 10)
(97.61911765 25.23420431 10)
(100.4082353 25.23420431 10)
(103.1973529 25.23420431 10)
(105.9864706 25.23420431 10)
(108.7755882 25.23420431 10)
(111.5647059 25.23420431 10)
(114.3538235 25.23420431 10)
(117.1429412 25.23420431 10)
(119.9320588 25.23420431 10)
(122.7211765 25.23420431 10)
(125.5102941 25.23420431 10)
(128.2994118 25.23420431 10)
(131.0885294 25.23420431 10)
(133.8776471 25.23420431 10)
(136.6667647 25.23420431 10)
(139.4558824 25.23420431 10)
(142.245 25.23420431 10)
(0 28.86685449 10)
(2.789117647 28.86685449 10)
(5.578235294 28.86685449 10)
(8.367352941 28.86685449 10)
(11.15647059 28.86685449 10)
(13.94558824 28.86685449 10)
(16.73470588 28.86685449 10)
(19.52382353 28.86685449 10)
(22.31294118 28.86685449 10)
(25.10205882 28.86685449 10)
(27.89117647 28.86685449 10)
(30.68029412 28.86685449 10)
(33.46941176 28.86685449 10)
(36.25852941 28.86685449 10)
(39.04764706 28.86685449 10)
(41.83676471 28.86685449 10)
(44.62588235 28.86685449 10)
(47.415 28.86685449 10)
(50.20411765 28.86685449 10)
(52.99323529 28.86685449 10)
(55.78235294 28.86685449 10)
(58.57147059 28.86685449 10)
(61.36058824 28.86685449 10)
(64.14970588 28.86685449 10)
(66.93882353 28.86685449 10)
(69.72794118 28.86685449 10)
(72.51705882 28.86685449 10)
(75.30617647 28.86685449 10)
(78.09529412 28.86685449 10)
(80.88441176 28.86685449 10)
(83.67352941 28.86685449 10)
(86.46264706 28.86685449 10)
(89.25176471 28.86685449 10)
(92.04088235 28.86685449 10)
(94.83 28.86685449 10)
(97.61911765 28.86685449 10)
(100.4082353 28.86685449 10)
(103.1973529 28.86685449 10)
(105.9864706 28.86685449 10)
(108.7755882 28.86685449 10)
(111.5647059 28.86685449 10)
(114.3538235 28.86685449 10)
(117.1429412 28.86685449 10)
(119.9320588 28.86685449 10)
(122.7211765 28.86685449 10)
(125.5102941 28.86685449 10)
(128.2994118 28.86685449 10)
(131.0885294 28.86685449 10)
(133.8776471 28.86685449 10)
(136.6667647 28.86685449 10)
(139.4558824 28.86685449 10)
(142.245 28.86685449 10)
(0 32.96195701 10)
(2.789117647 32.96195701 10)
(5.578235294 32.96195701 10)
(8.367352941 32.96195701 10)
(11.15647059 32.96195701 10)
(13.94558824 32.96195701 10)
(16.73470588 32.96195701 10)
(19.52382353 32.96195701 10)
(22.31294118 32.96195701 10)
(25.10205882 32.96195701 10)
(27.89117647 32.96195701 10)
(30.68029412 32.96195701 10)
(33.46941176 32.96195701 10)
(36.25852941 32.96195701 10)
(39.04764706 32.96195701 10)
(41.83676471 32.96195701 10)
(44.62588235 32.96195701 10)
(47.415 32.96195701 10)
(50.20411765 32.96195701 10)
(52.99323529 32.96195701 10)
(55.78235294 32.96195701 10)
(58.57147059 32.96195701 10)
(61.36058824 32.96195701 10)
(64.14970588 32.96195701 10)
(66.93882353 32.96195701 10)
(69.72794118 32.96195701 10)
(72.51705882 32.96195701 10)
(75.30617647 32.96195701 10)
(78.09529412 32.96195701 10)
(80.88441176 32.96195701 10)
(83.67352941 32.96195701 10)
(86.46264706 32.96195701 10)
(89.25176471 32.96195701 10)
(92.04088235 32.96195701 10)
(94.83 32.96195701 10)
(97.61911765 32.96195701 10)
(100.4082353 32.96195701 10)
(103.1973529 32.96195701 10)
(105.9864706 32.96195701 10)
(108.7755882 32.96195701 10)
(111.5647059 32.96195701 10)
(114.3538235 32.96195701 10)
(117.1429412 32.96195701 10)
(119.9320588 32.96195701 10)
(122.7211765 32.96195701 10)
(125.5102941 32.96195701 10)
(128.2994118 32.96195701 10)
(131.0885294 32.96195701 10)
(133.8776471 32.96195701 10)
(136.6667647 32.96195701 10)
(139.4558824 32.96195701 10)
(142.245 32.96195701 10)
(0 37.57838406 10)
(2.789117647 37.57838406 10)
(5.578235294 37.57838406 10)
(8.367352941 37.57838406 10)
(11.15647059 37.57838406 10)
(13.94558824 37.57838406 10)
(16.73470588 37.57838406 10)
(19.52382353 37.57838406 10)
(22.31294118 37.57838406 10)
(25.10205882 37.57838406 10)
(27.89117647 37.57838406 10)
(30.68029412 37.57838406 10)
(33.46941176 37.57838406 10)
(36.25852941 37.57838406 10)
(39.04764706 37.57838406 10)
(41.83676471 37.57838406 10)
(44.62588235 37.57838406 10)
(47.415 37.57838406 10)
(50.20411765 37.57838406 10)
(52.99323529 37.57838406 10)
(55.78235294 37.57838406 10)
(58.57147059 37.57838406 10)
(61.36058824 37.57838406 10)
(64.14970588 37.57838406 10)
(66.93882353 37.57838406 10)
(69.72794118 37.57838406 10)
(72.51705882 37.57838406 10)
(75.30617647 37.57838406 10)
(78.09529412 37.57838406 10)
(80.88441176 37.57838406 10)
(83.67352941 37.57838406 10)
(86.46264706 37.57838406 10)
(89.25176471 37.57838406 10)
(92.04088235 37.57838406 10)
(94.83 37.57838406 10)
(97.61911765 37.57838406 10)
(100.4082353 37.57838406 10)
(103.1973529 37.57838406 10)
(105.9864706 37.57838406 10)
(108.7755882 37.57838406 10)
(111.5647059 37.57838406 10)
(114.3538235 37.57838406 10)
(117.1429412 37.57838406 10)
(119.9320588 37.57838406 10)
(122.7211765 37.57838406 10)
(125.5102941 37.57838406 10)
(128.2994118 37.57838406 10)
(131.0885294 37.57838406 10)
(133.8776471 37.57838406 10)
(136.6667647 37.57838406 10)
(139.4558824 37.57838406 10)
(142.245 37.57838406 10)
(0 42.78250257 10)
(2.789117647 42.78250257 10)
(5.578235294 42.78250257 10)
(8.367352941 42.78250257 10)
(11.15647059 42.78250257 10)
(13.94558824 42.78250257 10)
(16.73470588 42.78250257 10)
(19.52382353 42.78250257 10)
(22.31294118 42.78250257 10)
(25.10205882 42.78250257 10)
(27.89117647 42.78250257 10)
(30.68029412 42.78250257 10)
(33.46941176 42.78250257 10)
(36.25852941 42.78250257 10)
(39.04764706 42.78250257 10)
(41.83676471 42.78250257 10)
(44.62588235 42.78250257 10)
(47.415 42.78250257 10)
(50.20411765 42.78250257 10)
(52.99323529 42.78250257 10)
(55.78235294 42.78250257 10)
(58.57147059 42.78250257 10)
(61.36058824 42.78250257 10)
(64.14970588 42.78250257 10)
(66.93882353 42.78250257 10)
(69.72794118 42.78250257 10)
(72.51705882 42.78250257 10)
(75.30617647 42.78250257 10)
(78.09529412 42.78250257 10)
(80.88441176 42.78250257 10)
(83.67352941 42.78250257 10)
(86.46264706 42.78250257 10)
(89.25176471 42.78250257 10)
(92.04088235 42.78250257 10)
(94.83 42.78250257 10)
(97.61911765 42.78250257 10)
(100.4082353 42.78250257 10)
(103.1973529 42.78250257 10)
(105.9864706 42.78250257 10)
(108.7755882 42.78250257 10)
(111.5647059 42.78250257 10)
(114.3538235 42.78250257 10)
(117.1429412 42.78250257 10)
(119.9320588 42.78250257 10)
(122.7211765 42.78250257 10)
(125.5102941 42.78250257 10)
(128.2994118 42.78250257 10)
(131.0885294 42.78250257 10)
(133.8776471 42.78250257 10)
(136.6667647 42.78250257 10)
(139.4558824 42.78250257 10)
(142.245 42.78250257 10)
(0 48.64912823 10)
(2.789117647 48.64912823 10)
(5.578235294 48.64912823 10)
(8.367352941 48.64912823 10)
(11.15647059 48.64912823 10)
(13.94558824 48.64912823 10)
(16.73470588 48.64912823 10)
(19.52382353 48.64912823 10)
(22.31294118 48.64912823 10)
(25.10205882 48.64912823 10)
(27.89117647 48.64912823 10)
(30.68029412 48.64912823 10)
(33.46941176 48.64912823 10)
(36.25852941 48.64912823 10)
(39.04764706 48.64912823 10)
(41.83676471 48.64912823 10)
(44.62588235 48.64912823 10)
(47.415 48.64912823 10)
(50.20411765 48.64912823 10)
(52.99323529 48.64912823 10)
(55.78235294 48.64912823 10)
(58.57147059 48.64912823 10)
(61.36058824 48.64912823 10)
(64.14970588 48.64912823 10)
(66.93882353 48.64912823 10)
(69.72794118 48.64912823 10)
(72.51705882 48.64912823 10)
(75.30617647 48.64912823 10)
(78.09529412 48.64912823 10)
(80.88441176 48.64912823 10)
(83.67352941 48.64912823 10)
(86.46264706 48.64912823 10)
(89.25176471 48.64912823 10)
(92.04088235 48.64912823 10)
(94.83 48.64912823 10)
(97.61911765 48.64912823 10)
(100.4082353 48.64912823 10)
(103.1973529 48.64912823 10)
(105.9864706 48.64912823 10)
(108.7755882 48.64912823 10)
(111.5647059 48.64912823 10)
(114.3538235 48.64912823 10)
(117.1429412 48.64912823 10)
(119.9320588 48.64912823 10)
(122.7211765 48.64912823 10)
(125.5102941 48.64912823 10)
(128.2994118 48.64912823 10)
(131.0885294 48.64912823 10)
(133.8776471 48.64912823 10)
(136.6667647 48.64912823 10)
(139.4558824 48.64912823 10)
(142.245 48.64912823 10)
(0 55.26260111 10)
(2.789117647 55.26260111 10)
(5.578235294 55.26260111 10)
(8.367352941 55.26260111 10)
(11.15647059 55.26260111 10)
(13.94558824 55.26260111 10)
(16.73470588 55.26260111 10)
(19.52382353 55.26260111 10)
(22.31294118 55.26260111 10)
(25.10205882 55.26260111 10)
(27.89117647 55.26260111 10)
(30.68029412 55.26260111 10)
(33.46941176 55.26260111 10)
(36.25852941 55.26260111 10)
(39.04764706 55.26260111 10)
(41.83676471 55.26260111 10)
(44.62588235 55.26260111 10)
(47.415 55.26260111 10)
(50.20411765 55.26260111 10)
(52.99323529 55.26260111 10)
(55.78235294 55.26260111 10)
(58.57147059 55.26260111 10)
(61.36058824 55.26260111 10)
(64.14970588 55.26260111 10)
(66.93882353 55.26260111 10)
(69.72794118 55.26260111 10)
(72.51705882 55.26260111 10)
(75.30617647 55.26260111 10)
(78.09529412 55.26260111 10)
(80.88441176 55.26260111 10)
(83.67352941 55.26260111 10)
(86.46264706 55.26260111 10)
(89.25176471 55.26260111 10)
(92.04088235 55.26260111 10)
(94.83 55.26260111 10)
(97.61911765 55.26260111 10)
(100.4082353 55.26260111 10)
(103.1973529 55.26260111 10)
(105.9864706 55.26260111 10)
(108.7755882 55.26260111 10)
(111.5647059 55.26260111 10)
(114.3538235 55.26260111 10)
(117.1429412 55.26260111 10)
(119.9320588 55.26260111 10)
(122.7211765 55.26260111 10)
(125.5102941 55.26260111 10)
(128.2994118 55.26260111 10)
(131.0885294 55.26260111 10)
(133.8776471 55.26260111 10)
(136.6667647 55.26260111 10)
(139.4558824 55.26260111 10)
(142.245 55.26260111 10)
(0 62.71799815 10)
(2.789117647 62.71799815 10)
(5.578235294 62.71799815 10)
(8.367352941 62.71799815 10)
(11.15647059 62.71799815 10)
(13.94558824 62.71799815 10)
(16.73470588 62.71799815 10)
(19.52382353 62.71799815 10)
(22.31294118 62.71799815 10)
(25.10205882 62.71799815 10)
(27.89117647 62.71799815 10)
(30.68029412 62.71799815 10)
(33.46941176 62.71799815 10)
(36.25852941 62.71799815 10)
(39.04764706 62.71799815 10)
(41.83676471 62.71799815 10)
(44.62588235 62.71799815 10)
(47.415 62.71799815 10)
(50.20411765 62.71799815 10)
(52.99323529 62.71799815 10)
(55.78235294 62.71799815 10)
(58.57147059 62.71799815 10)
(61.36058824 62.71799815 10)
(64.14970588 62.71799815 10)
(66.93882353 62.71799815 10)
(69.72794118 62.71799815 10)
(72.51705882 62.71799815 10)
(75.30617647 62.71799815 10)
(78.09529412 62.71799815 10)
(80.88441176 62.71799815 10)
(83.67352941 62.71799815 10)
(86.46264706 62.71799815 10)
(89.25176471 62.71799815 10)
(92.04088235 62.71799815 10)
(94.83 62.71799815 10)
(97.61911765 62.71799815 10)
(100.4082353 62.71799815 10)
(103.1973529 62.71799815 10)
(105.9864706 62.71799815 10)
(108.7755882 62.71799815 10)
(111.5647059 62.71799815 10)
(114.3538235 62.71799815 10)
(117.1429412 62.71799815 10)
(119.9320588 62.71799815 10)
(122.7211765 62.71799815 10)
(125.5102941 62.71799815 10)
(128.2994118 62.71799815 10)
(131.0885294 62.71799815 10)
(133.8776471 62.71799815 10)
(136.6667647 62.71799815 10)
(139.4558824 62.71799815 10)
(142.245 62.71799815 10)
(0 71.1225 10)
(2.789117647 71.1225 10)
(5.578235294 71.1225 10)
(8.367352941 71.1225 10)
(11.15647059 71.1225 10)
(13.94558824 71.1225 10)
(16.73470588 71.1225 10)
(19.52382353 71.1225 10)
(22.31294118 71.1225 10)
(25.10205882 71.1225 10)
(27.89117647 71.1225 10)
(30.68029412 71.1225 10)
(33.46941176 71.1225 10)
(36.25852941 71.1225 10)
(39.04764706 71.1225 10)
(41.83676471 71.1225 10)
(44.62588235 71.1225 10)
(47.415 71.1225 10)
(50.20411765 71.1225 10)
(52.99323529 71.1225 10)
(55.78235294 71.1225 10)
(58.57147059 71.1225 10)
(61.36058824 71.1225 10)
(64.14970588 71.1225 10)
(66.93882353 71.1225 10)
(69.72794118 71.1225 10)
(72.51705882 71.1225 10)
(75.30617647 71.1225 10)
(78.09529412 71.1225 10)
(80.88441176 71.1225 10)
(83.67352941 71.1225 10)
(86.46264706 71.1225 10)
(89.25176471 71.1225 10)
(92.04088235 71.1225 10)
(94.83 71.1225 10)
(97.61911765 71.1225 10)
(100.4082353 71.1225 10)
(103.1973529 71.1225 10)
(105.9864706 71.1225 10)
(108.7755882 71.1225 10)
(111.5647059 71.1225 10)
(114.3538235 71.1225 10)
(117.1429412 71.1225 10)
(119.9320588 71.1225 10)
(122.7211765 71.1225 10)
(125.5102941 71.1225 10)
(128.2994118 71.1225 10)
(131.0885294 71.1225 10)
(133.8776471 71.1225 10)
(136.6667647 71.1225 10)
(139.4558824 71.1225 10)
(142.245 71.1225 10)
(0 79.22376715 10)
(2.789117647 79.22376715 10)
(5.578235294 79.22376715 10)
(8.367352941 79.22376715 10)
(11.15647059 79.22376715 10)
(13.94558824 79.22376715 10)
(16.73470588 79.22376715 10)
(19.52382353 79.22376715 10)
(22.31294118 79.22376715 10)
(25.10205882 79.22376715 10)
(27.89117647 79.22376715 10)
(30.68029412 79.22376715 10)
(33.46941176 79.22376715 10)
(36.25852941 79.22376715 10)
(39.04764706 79.22376715 10)
(41.83676471 79.22376715 10)
(44.62588235 79.22376715 10)
(47.415 79.22376715 10)
(50.20411765 79.22376715 10)
(52.99323529 79.22376715 10)
(55.78235294 79.22376715 10)
(58.57147059 79.22376715 10)
(61.36058824 79.22376715 10)
(64.14970588 79.22376715 10)
(66.93882353 79.22376715 10)
(69.72794118 79.22376715 10)
(72.51705882 79.22376715 10)
(75.30617647 79.22376715 10)
(78.09529412 79.22376715 10)
(80.88441176 79.22376715 10)
(83.67352941 79.22376715 10)
(86.46264706 79.22376715 10)
(89.25176471 79.22376715 10)
(92.04088235 79.22376715 10)
(94.83 79.22376715 10)
(97.61911765 79.22376715 10)
(100.4082353 79.22376715 10)
(103.1973529 79.22376715 10)
(105.9864706 79.22376715 10)
(108.7755882 79.22376715 10)
(111.5647059 79.22376715 10)
(114.3538235 79.22376715 10)
(117.1429412 79.22376715 10)
(119.9320588 79.22376715 10)
(122.7211765 79.22376715 10)
(125.5102941 79.22376715 10)
(128.2994118 79.22376715 10)
(131.0885294 79.22376715 10)
(133.8776471 79.22376715 10)
(136.6667647 79.22376715 10)
(139.4558824 79.22376715 10)
(142.245 79.22376715 10)
(0 86.44337051 10)
(2.789117647 86.44337051 10)
(5.578235294 86.44337051 10)
(8.367352941 86.44337051 10)
(11.15647059 86.44337051 10)
(13.94558824 86.44337051 10)
(16.73470588 86.44337051 10)
(19.52382353 86.44337051 10)
(22.31294118 86.44337051 10)
(25.10205882 86.44337051 10)
(27.89117647 86.44337051 10)
(30.68029412 86.44337051 10)
(33.46941176 86.44337051 10)
(36.25852941 86.44337051 10)
(39.04764706 86.44337051 10)
(41.83676471 86.44337051 10)
(44.62588235 86.44337051 10)
(47.415 86.44337051 10)
(50.20411765 86.44337051 10)
(52.99323529 86.44337051 10)
(55.78235294 86.44337051 10)
(58.57147059 86.44337051 10)
(61.36058824 86.44337051 10)
(64.14970588 86.44337051 10)
(66.93882353 86.44337051 10)
(69.72794118 86.44337051 10)
(72.51705882 86.44337051 10)
(75.30617647 86.44337051 10)
(78.09529412 86.44337051 10)
(80.88441176 86.44337051 10)
(83.67352941 86.44337051 10)
(86.46264706 86.44337051 10)
(89.25176471 86.44337051 10)
(92.04088235 86.44337051 10)
(94.83 86.44337051 10)
(97.61911765 86.44337051 10)
(100.4082353 86.44337051 10)
(103.1973529 86.44337051 10)
(105.9864706 86.44337051 10)
(108.7755882 86.44337051 10)
(111.5647059 86.44337051 10)
(114.3538235 86.44337051 10)
(117.1429412 86.44337051 10)
(119.9320588 86.44337051 10)
(122.7211765 86.44337051 10)
(125.5102941 86.44337051 10)
(128.2994118 86.44337051 10)
(131.0885294 86.44337051 10)
(133.8776471 86.44337051 10)
(136.6667647 86.44337051 10)
(139.4558824 86.44337051 10)
(142.245 86.44337051 10)
(0 92.87726186 10)
(2.789117647 92.87726186 10)
(5.578235294 92.87726186 10)
(8.367352941 92.87726186 10)
(11.15647059 92.87726186 10)
(13.94558824 92.87726186 10)
(16.73470588 92.87726186 10)
(19.52382353 92.87726186 10)
(22.31294118 92.87726186 10)
(25.10205882 92.87726186 10)
(27.89117647 92.87726186 10)
(30.68029412 92.87726186 10)
(33.46941176 92.87726186 10)
(36.25852941 92.87726186 10)
(39.04764706 92.87726186 10)
(41.83676471 92.87726186 10)
(44.62588235 92.87726186 10)
(47.415 92.87726186 10)
(50.20411765 92.87726186 10)
(52.99323529 92.87726186 10)
(55.78235294 92.87726186 10)
(58.57147059 92.87726186 10)
(61.36058824 92.87726186 10)
(64.14970588 92.87726186 10)
(66.93882353 92.87726186 10)
(69.72794118 92.87726186 10)
(72.51705882 92.87726186 10)
(75.30617647 92.87726186 10)
(78.09529412 92.87726186 10)
(80.88441176 92.87726186 10)
(83.67352941 92.87726186 10)
(86.46264706 92.87726186 10)
(89.25176471 92.87726186 10)
(92.04088235 92.87726186 10)
(94.83 92.87726186 10)
(97.61911765 92.87726186 10)
(100.4082353 92.87726186 10)
(103.1973529 92.87726186 10)
(105.9864706 92.87726186 10)
(108.7755882 92.87726186 10)
(111.5647059 92.87726186 10)
(114.3538235 92.87726186 10)
(117.1429412 92.87726186 10)
(119.9320588 92.87726186 10)
(122.7211765 92.87726186 10)
(125.5102941 92.87726186 10)
(128.2994118 92.87726186 10)
(131.0885294 92.87726186 10)
(133.8776471 92.87726186 10)
(136.6667647 92.87726186 10)
(139.4558824 92.87726186 10)
(142.245 92.87726186 10)
(0 98.61095054 10)
(2.789117647 98.61095054 10)
(5.578235294 98.61095054 10)
(8.367352941 98.61095054 10)
(11.15647059 98.61095054 10)
(13.94558824 98.61095054 10)
(16.73470588 98.61095054 10)
(19.52382353 98.61095054 10)
(22.31294118 98.61095054 10)
(25.10205882 98.61095054 10)
(27.89117647 98.61095054 10)
(30.68029412 98.61095054 10)
(33.46941176 98.61095054 10)
(36.25852941 98.61095054 10)
(39.04764706 98.61095054 10)
(41.83676471 98.61095054 10)
(44.62588235 98.61095054 10)
(47.415 98.61095054 10)
(50.20411765 98.61095054 10)
(52.99323529 98.61095054 10)
(55.78235294 98.61095054 10)
(58.57147059 98.61095054 10)
(61.36058824 98.61095054 10)
(64.14970588 98.61095054 10)
(66.93882353 98.61095054 10)
(69.72794118 98.61095054 10)
(72.51705882 98.61095054 10)
(75.30617647 98.61095054 10)
(78.09529412 98.61095054 10)
(80.88441176 98.61095054 10)
(83.67352941 98.61095054 10)
(86.46264706 98.61095054 10)
(89.25176471 98.61095054 10)
(92.04088235 98.61095054 10)
(94.83 98.61095054 10)
(97.61911765 98.61095054 10)
(100.4082353 98.61095054 10)
(103.1973529 98.61095054 10)
(105.9864706 98.61095054 10)
(108.7755882 98.61095054 10)
(111.5647059 98.61095054 10)
(114.3538235 98.61095054 10)
(117.1429412 98.61095054 10)
(119.9320588 98.61095054 10)
(122.7211765 98.61095054 10)
(125.5102941 98.61095054 10)
(128.2994118 98.61095054 10)
(131.0885294 98.61095054 10)
(133.8776471 98.61095054 10)
(136.6667647 98.61095054 10)
(139.4558824 98.61095054 10)
(142.245 98.61095054 10)
(0 103.7206398 10)
(2.789117647 103.7206398 10)
(5.578235294 103.7206398 10)
(8.367352941 103.7206398 10)
(11.15647059 103.7206398 10)
(13.94558824 103.7206398 10)
(16.73470588 103.7206398 10)
(19.52382353 103.7206398 10)
(22.31294118 103.7206398 10)
(25.10205882 103.7206398 10)
(27.89117647 103.7206398 10)
(30.68029412 103.7206398 10)
(33.46941176 103.7206398 10)
(36.25852941 103.7206398 10)
(39.04764706 103.7206398 10)
(41.83676471 103.7206398 10)
(44.62588235 103.7206398 10)
(47.415 103.7206398 10)
(50.20411765 103.7206398 10)
(52.99323529 103.7206398 10)
(55.78235294 103.7206398 10)
(58.57147059 103.7206398 10)
(61.36058824 103.7206398 10)
(64.14970588 103.7206398 10)
(66.93882353 103.7206398 10)
(69.72794118 103.7206398 10)
(72.51705882 103.7206398 10)
(75.30617647 103.7206398 10)
(78.09529412 103.7206398 10)
(80.88441176 103.7206398 10)
(83.67352941 103.7206398 10)
(86.46264706 103.7206398 10)
(89.25176471 103.7206398 10)
(92.04088235 103.7206398 10)
(94.83 103.7206398 10)
(97.61911765 103.7206398 10)
(100.4082353 103.7206398 10)
(103.1973529 103.7206398 10)
(105.9864706 103.7206398 10)
(108.7755882 103.7206398 10)
(111.5647059 103.7206398 10)
(114.3538235 103.7206398 10)
(117.1429412 103.7206398 10)
(119.9320588 103.7206398 10)
(122.7211765 103.7206398 10)
(125.5102941 103.7206398 10)
(128.2994118 103.7206398 10)
(131.0885294 103.7206398 10)
(133.8776471 103.7206398 10)
(136.6667647 103.7206398 10)
(139.4558824 103.7206398 10)
(142.245 103.7206398 10)
(0 108.2742398 10)
(2.789117647 108.2742398 10)
(5.578235294 108.2742398 10)
(8.367352941 108.2742398 10)
(11.15647059 108.2742398 10)
(13.94558824 108.2742398 10)
(16.73470588 108.2742398 10)
(19.52382353 108.2742398 10)
(22.31294118 108.2742398 10)
(25.10205882 108.2742398 10)
(27.89117647 108.2742398 10)
(30.68029412 108.2742398 10)
(33.46941176 108.2742398 10)
(36.25852941 108.2742398 10)
(39.04764706 108.2742398 10)
(41.83676471 108.2742398 10)
(44.62588235 108.2742398 10)
(47.415 108.2742398 10)
(50.20411765 108.2742398 10)
(52.99323529 108.2742398 10)
(55.78235294 108.2742398 10)
(58.57147059 108.2742398 10)
(61.36058824 108.2742398 10)
(64.14970588 108.2742398 10)
(66.93882353 108.2742398 10)
(69.72794118 108.2742398 10)
(72.51705882 108.2742398 10)
(75.30617647 108.2742398 10)
(78.09529412 108.2742398 10)
(80.88441176 108.2742398 10)
(83.67352941 108.2742398 10)
(86.46264706 108.2742398 10)
(89.25176471 108.2742398 10)
(92.04088235 108.2742398 10)
(94.83 108.2742398 10)
(97.61911765 108.2742398 10)
(100.4082353 108.2742398 10)
(103.1973529 108.2742398 10)
(105.9864706 108.2742398 10)
(108.7755882 108.2742398 10)
(111.5647059 108.2742398 10)
(114.3538235 108.2742398 10)
(117.1429412 108.2742398 10)
(119.9320588 108.2742398 10)
(122.7211765 108.2742398 10)
(125.5102941 108.2742398 10)
(128.2994118 108.2742398 10)
(131.0885294 108.2742398 10)
(133.8776471 108.2742398 10)
(136.6667647 108.2742398 10)
(139.4558824 108.2742398 10)
(142.245 108.2742398 10)
(0 112.3322699 10)
(2.789117647 112.3322699 10)
(5.578235294 112.3322699 10)
(8.367352941 112.3322699 10)
(11.15647059 112.3322699 10)
(13.94558824 112.3322699 10)
(16.73470588 112.3322699 10)
(19.52382353 112.3322699 10)
(22.31294118 112.3322699 10)
(25.10205882 112.3322699 10)
(27.89117647 112.3322699 10)
(30.68029412 112.3322699 10)
(33.46941176 112.3322699 10)
(36.25852941 112.3322699 10)
(39.04764706 112.3322699 10)
(41.83676471 112.3322699 10)
(44.62588235 112.3322699 10)
(47.415 112.3322699 10)
(50.20411765 112.3322699 10)
(52.99323529 112.3322699 10)
(55.78235294 112.3322699 10)
(58.57147059 112.3322699 10)
(61.36058824 112.3322699 10)
(64.14970588 112.3322699 10)
(66.93882353 112.3322699 10)
(69.72794118 112.3322699 10)
(72.51705882 112.3322699 10)
(75.30617647 112.3322699 10)
(78.09529412 112.3322699 10)
(80.88441176 112.3322699 10)
(83.67352941 112.3322699 10)
(86.46264706 112.3322699 10)
(89.25176471 112.3322699 10)
(92.04088235 112.3322699 10)
(94.83 112.3322699 10)
(97.61911765 112.3322699 10)
(100.4082353 112.3322699 10)
(103.1973529 112.3322699 10)
(105.9864706 112.3322699 10)
(108.7755882 112.3322699 10)
(111.5647059 112.3322699 10)
(114.3538235 112.3322699 10)
(117.1429412 112.3322699 10)
(119.9320588 112.3322699 10)
(122.7211765 112.3322699 10)
(125.5102941 112.3322699 10)
(128.2994118 112.3322699 10)
(131.0885294 112.3322699 10)
(133.8776471 112.3322699 10)
(136.6667647 112.3322699 10)
(139.4558824 112.3322699 10)
(142.245 112.3322699 10)
(0 115.9486631 10)
(2.789117647 115.9486631 10)
(5.578235294 115.9486631 10)
(8.367352941 115.9486631 10)
(11.15647059 115.9486631 10)
(13.94558824 115.9486631 10)
(16.73470588 115.9486631 10)
(19.52382353 115.9486631 10)
(22.31294118 115.9486631 10)
(25.10205882 115.9486631 10)
(27.89117647 115.9486631 10)
(30.68029412 115.9486631 10)
(33.46941176 115.9486631 10)
(36.25852941 115.9486631 10)
(39.04764706 115.9486631 10)
(41.83676471 115.9486631 10)
(44.62588235 115.9486631 10)
(47.415 115.9486631 10)
(50.20411765 115.9486631 10)
(52.99323529 115.9486631 10)
(55.78235294 115.9486631 10)
(58.57147059 115.9486631 10)
(61.36058824 115.9486631 10)
(64.14970588 115.9486631 10)
(66.93882353 115.9486631 10)
(69.72794118 115.9486631 10)
(72.51705882 115.9486631 10)
(75.30617647 115.9486631 10)
(78.09529412 115.9486631 10)
(80.88441176 115.9486631 10)
(83.67352941 115.9486631 10)
(86.46264706 115.9486631 10)
(89.25176471 115.9486631 10)
(92.04088235 115.9486631 10)
(94.83 115.9486631 10)
(97.61911765 115.9486631 10)
(100.4082353 115.9486631 10)
(103.1973529 115.9486631 10)
(105.9864706 115.9486631 10)
(108.7755882 115.9486631 10)
(111.5647059 115.9486631 10)
(114.3538235 115.9486631 10)
(117.1429412 115.9486631 10)
(119.9320588 115.9486631 10)
(122.7211765 115.9486631 10)
(125.5102941 115.9486631 10)
(128.2994118 115.9486631 10)
(131.0885294 115.9486631 10)
(133.8776471 115.9486631 10)
(136.6667647 115.9486631 10)
(139.4558824 115.9486631 10)
(142.245 115.9486631 10)
(0 119.171483 10)
(2.789117647 119.171483 10)
(5.578235294 119.171483 10)
(8.367352941 119.171483 10)
(11.15647059 119.171483 10)
(13.94558824 119.171483 10)
(16.73470588 119.171483 10)
(19.52382353 119.171483 10)
(22.31294118 119.171483 10)
(25.10205882 119.171483 10)
(27.89117647 119.171483 10)
(30.68029412 119.171483 10)
(33.46941176 119.171483 10)
(36.25852941 119.171483 10)
(39.04764706 119.171483 10)
(41.83676471 119.171483 10)
(44.62588235 119.171483 10)
(47.415 119.171483 10)
(50.20411765 119.171483 10)
(52.99323529 119.171483 10)
(55.78235294 119.171483 10)
(58.57147059 119.171483 10)
(61.36058824 119.171483 10)
(64.14970588 119.171483 10)
(66.93882353 119.171483 10)
(69.72794118 119.171483 10)
(72.51705882 119.171483 10)
(75.30617647 119.171483 10)
(78.09529412 119.171483 10)
(80.88441176 119.171483 10)
(83.67352941 119.171483 10)
(86.46264706 119.171483 10)
(89.25176471 119.171483 10)
(92.04088235 119.171483 10)
(94.83 119.171483 10)
(97.61911765 119.171483 10)
(100.4082353 119.171483 10)
(103.1973529 119.171483 10)
(105.9864706 119.171483 10)
(108.7755882 119.171483 10)
(111.5647059 119.171483 10)
(114.3538235 119.171483 10)
(117.1429412 119.171483 10)
(119.9320588 119.171483 10)
(122.7211765 119.171483 10)
(125.5102941 119.171483 10)
(128.2994118 119.171483 10)
(131.0885294 119.171483 10)
(133.8776471 119.171483 10)
(136.6667647 119.171483 10)
(139.4558824 119.171483 10)
(142.245 119.171483 10)
(0 122.0435622 10)
(2.789117647 122.0435622 10)
(5.578235294 122.0435622 10)
(8.367352941 122.0435622 10)
(11.15647059 122.0435622 10)
(13.94558824 122.0435622 10)
(16.73470588 122.0435622 10)
(19.52382353 122.0435622 10)
(22.31294118 122.0435622 10)
(25.10205882 122.0435622 10)
(27.89117647 122.0435622 10)
(30.68029412 122.0435622 10)
(33.46941176 122.0435622 10)
(36.25852941 122.0435622 10)
(39.04764706 122.0435622 10)
(41.83676471 122.0435622 10)
(44.62588235 122.0435622 10)
(47.415 122.0435622 10)
(50.20411765 122.0435622 10)
(52.99323529 122.0435622 10)
(55.78235294 122.0435622 10)
(58.57147059 122.0435622 10)
(61.36058824 122.0435622 10)
(64.14970588 122.0435622 10)
(66.93882353 122.0435622 10)
(69.72794118 122.0435622 10)
(72.51705882 122.0435622 10)
(75.30617647 122.0435622 10)
(78.09529412 122.0435622 10)
(80.88441176 122.0435622 10)
(83.67352941 122.0435622 10)
(86.46264706 122.0435622 10)
(89.25176471 122.0435622 10)
(92.04088235 122.0435622 10)
(94.83 122.0435622 10)
(97.61911765 122.0435622 10)
(100.4082353 122.0435622 10)
(103.1973529 122.0435622 10)
(105.9864706 122.0435622 10)
(108.7755882 122.0435622 10)
(111.5647059 122.0435622 10)
(114.3538235 122.0435622 10)
(117.1429412 122.0435622 10)
(119.9320588 122.0435622 10)
(122.7211765 122.0435622 10)
(125.5102941 122.0435622 10)
(128.2994118 122.0435622 10)
(131.0885294 122.0435622 10)
(133.8776471 122.0435622 10)
(136.6667647 122.0435622 10)
(139.4558824 122.0435622 10)
(142.245 122.0435622 10)
(0 124.6030721 10)
(2.789117647 124.6030721 10)
(5.578235294 124.6030721 10)
(8.367352941 124.6030721 10)
(11.15647059 124.6030721 10)
(13.94558824 124.6030721 10)
(16.73470588 124.6030721 10)
(19.52382353 124.6030721 10)
(22.31294118 124.6030721 10)
(25.10205882 124.6030721 10)
(27.89117647 124.6030721 10)
(30.68029412 124.6030721 10)
(33.46941176 124.6030721 10)
(36.25852941 124.6030721 10)
(39.04764706 124.6030721 10)
(41.83676471 124.6030721 10)
(44.62588235 124.6030721 10)
(47.415 124.6030721 10)
(50.20411765 124.6030721 10)
(52.99323529 124.6030721 10)
(55.78235294 124.6030721 10)
(58.57147059 124.6030721 10)
(61.36058824 124.6030721 10)
(64.14970588 124.6030721 10)
(66.93882353 124.6030721 10)
(69.72794118 124.6030721 10)
(72.51705882 124.6030721 10)
(75.30617647 124.6030721 10)
(78.09529412 124.6030721 10)
(80.88441176 124.6030721 10)
(83.67352941 124.6030721 10)
(86.46264706 124.6030721 10)
(89.25176471 124.6030721 10)
(92.04088235 124.6030721 10)
(94.83 124.6030721 10)
(97.61911765 124.6030721 10)
(100.4082353 124.6030721 10)
(103.1973529 124.6030721 10)
(105.9864706 124.6030721 10)
(108.7755882 124.6030721 10)
(111.5647059 124.6030721 10)
(114.3538235 124.6030721 10)
(117.1429412 124.6030721 10)
(119.9320588 124.6030721 10)
(122.7211765 124.6030721 10)
(125.5102941 124.6030721 10)
(128.2994118 124.6030721 10)
(131.0885294 124.6030721 10)
(133.8776471 124.6030721 10)
(136.6667647 124.6030721 10)
(139.4558824 124.6030721 10)
(142.245 124.6030721 10)
(0 126.8840295 10)
(2.789117647 126.8840295 10)
(5.578235294 126.8840295 10)
(8.367352941 126.8840295 10)
(11.15647059 126.8840295 10)
(13.94558824 126.8840295 10)
(16.73470588 126.8840295 10)
(19.52382353 126.8840295 10)
(22.31294118 126.8840295 10)
(25.10205882 126.8840295 10)
(27.89117647 126.8840295 10)
(30.68029412 126.8840295 10)
(33.46941176 126.8840295 10)
(36.25852941 126.8840295 10)
(39.04764706 126.8840295 10)
(41.83676471 126.8840295 10)
(44.62588235 126.8840295 10)
(47.415 126.8840295 10)
(50.20411765 126.8840295 10)
(52.99323529 126.8840295 10)
(55.78235294 126.8840295 10)
(58.57147059 126.8840295 10)
(61.36058824 126.8840295 10)
(64.14970588 126.8840295 10)
(66.93882353 126.8840295 10)
(69.72794118 126.8840295 10)
(72.51705882 126.8840295 10)
(75.30617647 126.8840295 10)
(78.09529412 126.8840295 10)
(80.88441176 126.8840295 10)
(83.67352941 126.8840295 10)
(86.46264706 126.8840295 10)
(89.25176471 126.8840295 10)
(92.04088235 126.8840295 10)
(94.83 126.8840295 10)
(97.61911765 126.8840295 10)
(100.4082353 126.8840295 10)
(103.1973529 126.8840295 10)
(105.9864706 126.8840295 10)
(108.7755882 126.8840295 10)
(111.5647059 126.8840295 10)
(114.3538235 126.8840295 10)
(117.1429412 126.8840295 10)
(119.9320588 126.8840295 10)
(122.7211765 126.8840295 10)
(125.5102941 126.8840295 10)
(128.2994118 126.8840295 10)
(131.0885294 126.8840295 10)
(133.8776471 126.8840295 10)
(136.6667647 126.8840295 10)
(139.4558824 126.8840295 10)
(142.245 126.8840295 10)
(0 128.9167496 10)
(2.789117647 128.9167496 10)
(5.578235294 128.9167496 10)
(8.367352941 128.9167496 10)
(11.15647059 128.9167496 10)
(13.94558824 128.9167496 10)
(16.73470588 128.9167496 10)
(19.52382353 128.9167496 10)
(22.31294118 128.9167496 10)
(25.10205882 128.9167496 10)
(27.89117647 128.9167496 10)
(30.68029412 128.9167496 10)
(33.46941176 128.9167496 10)
(36.25852941 128.9167496 10)
(39.04764706 128.9167496 10)
(41.83676471 128.9167496 10)
(44.62588235 128.9167496 10)
(47.415 128.9167496 10)
(50.20411765 128.9167496 10)
(52.99323529 128.9167496 10)
(55.78235294 128.9167496 10)
(58.57147059 128.9167496 10)
(61.36058824 128.9167496 10)
(64.14970588 128.9167496 10)
(66.93882353 128.9167496 10)
(69.72794118 128.9167496 10)
(72.51705882 128.9167496 10)
(75.30617647 128.9167496 10)
(78.09529412 128.9167496 10)
(80.88441176 128.9167496 10)
(83.67352941 128.9167496 10)
(86.46264706 128.9167496 10)
(89.25176471 128.9167496 10)
(92.04088235 128.9167496 10)
(94.83 128.9167496 10)
(97.61911765 128.9167496 10)
(100.4082353 128.9167496 10)
(103.1973529 128.9167496 10)
(105.9864706 128.9167496 10)
(108.7755882 128.9167496 10)
(111.5647059 128.9167496 10)
(114.3538235 128.9167496 10)
(117.1429412 128.9167496 10)
(119.9320588 128.9167496 10)
(122.7211765 128.9167496 10)
(125.5102941 128.9167496 10)
(128.2994118 128.9167496 10)
(131.0885294 128.9167496 10)
(133.8776471 128.9167496 10)
(136.6667647 128.9167496 10)
(139.4558824 128.9167496 10)
(142.245 128.9167496 10)
(0 130.728248 10)
(2.789117647 130.728248 10)
(5.578235294 130.728248 10)
(8.367352941 130.728248 10)
(11.15647059 130.728248 10)
(13.94558824 130.728248 10)
(16.73470588 130.728248 10)
(19.52382353 130.728248 10)
(22.31294118 130.728248 10)
(25.10205882 130.728248 10)
(27.89117647 130.728248 10)
(30.68029412 130.728248 10)
(33.46941176 130.728248 10)
(36.25852941 130.728248 10)
(39.04764706 130.728248 10)
(41.83676471 130.728248 10)
(44.62588235 130.728248 10)
(47.415 130.728248 10)
(50.20411765 130.728248 10)
(52.99323529 130.728248 10)
(55.78235294 130.728248 10)
(58.57147059 130.728248 10)
(61.36058824 130.728248 10)
(64.14970588 130.728248 10)
(66.93882353 130.728248 10)
(69.72794118 130.728248 10)
(72.51705882 130.728248 10)
(75.30617647 130.728248 10)
(78.09529412 130.728248 10)
(80.88441176 130.728248 10)
(83.67352941 130.728248 10)
(86.46264706 130.728248 10)
(89.25176471 130.728248 10)
(92.04088235 130.728248 10)
(94.83 130.728248 10)
(97.61911765 130.728248 10)
(100.4082353 130.728248 10)
(103.1973529 130.728248 10)
(105.9864706 130.728248 10)
(108.7755882 130.728248 10)
(111.5647059 130.728248 10)
(114.3538235 130.728248 10)
(117.1429412 130.728248 10)
(119.9320588 130.728248 10)
(122.7211765 130.728248 10)
(125.5102941 130.728248 10)
(128.2994118 130.728248 10)
(131.0885294 130.728248 10)
(133.8776471 130.728248 10)
(136.6667647 130.728248 10)
(139.4558824 130.728248 10)
(142.245 130.728248 10)
(0 132.3426004 10)
(2.789117647 132.3426004 10)
(5.578235294 132.3426004 10)
(8.367352941 132.3426004 10)
(11.15647059 132.3426004 10)
(13.94558824 132.3426004 10)
(16.73470588 132.3426004 10)
(19.52382353 132.3426004 10)
(22.31294118 132.3426004 10)
(25.10205882 132.3426004 10)
(27.89117647 132.3426004 10)
(30.68029412 132.3426004 10)
(33.46941176 132.3426004 10)
(36.25852941 132.3426004 10)
(39.04764706 132.3426004 10)
(41.83676471 132.3426004 10)
(44.62588235 132.3426004 10)
(47.415 132.3426004 10)
(50.20411765 132.3426004 10)
(52.99323529 132.3426004 10)
(55.78235294 132.3426004 10)
(58.57147059 132.3426004 10)
(61.36058824 132.3426004 10)
(64.14970588 132.3426004 10)
(66.93882353 132.3426004 10)
(69.72794118 132.3426004 10)
(72.51705882 132.3426004 10)
(75.30617647 132.3426004 10)
(78.09529412 132.3426004 10)
(80.88441176 132.3426004 10)
(83.67352941 132.3426004 10)
(86.46264706 132.3426004 10)
(89.25176471 132.3426004 10)
(92.04088235 132.3426004 10)
(94.83 132.3426004 10)
(97.61911765 132.3426004 10)
(100.4082353 132.3426004 10)
(103.1973529 132.3426004 10)
(105.9864706 132.3426004 10)
(108.7755882 132.3426004 10)
(111.5647059 132.3426004 10)
(114.3538235 132.3426004 10)
(117.1429412 132.3426004 10)
(119.9320588 132.3426004 10)
(122.7211765 132.3426004 10)
(125.5102941 132.3426004 10)
(128.2994118 132.3426004 10)
(131.0885294 132.3426004 10)
(133.8776471 132.3426004 10)
(136.6667647 132.3426004 10)
(139.4558824 132.3426004 10)
(142.245 132.3426004 10)
(0 133.7812622 10)
(2.789117647 133.7812622 10)
(5.578235294 133.7812622 10)
(8.367352941 133.7812622 10)
(11.15647059 133.7812622 10)
(13.94558824 133.7812622 10)
(16.73470588 133.7812622 10)
(19.52382353 133.7812622 10)
(22.31294118 133.7812622 10)
(25.10205882 133.7812622 10)
(27.89117647 133.7812622 10)
(30.68029412 133.7812622 10)
(33.46941176 133.7812622 10)
(36.25852941 133.7812622 10)
(39.04764706 133.7812622 10)
(41.83676471 133.7812622 10)
(44.62588235 133.7812622 10)
(47.415 133.7812622 10)
(50.20411765 133.7812622 10)
(52.99323529 133.7812622 10)
(55.78235294 133.7812622 10)
(58.57147059 133.7812622 10)
(61.36058824 133.7812622 10)
(64.14970588 133.7812622 10)
(66.93882353 133.7812622 10)
(69.72794118 133.7812622 10)
(72.51705882 133.7812622 10)
(75.30617647 133.7812622 10)
(78.09529412 133.7812622 10)
(80.88441176 133.7812622 10)
(83.67352941 133.7812622 10)
(86.46264706 133.7812622 10)
(89.25176471 133.7812622 10)
(92.04088235 133.7812622 10)
(94.83 133.7812622 10)
(97.61911765 133.7812622 10)
(100.4082353 133.7812622 10)
(103.1973529 133.7812622 10)
(105.9864706 133.7812622 10)
(108.7755882 133.7812622 10)
(111.5647059 133.7812622 10)
(114.3538235 133.7812622 10)
(117.1429412 133.7812622 10)
(119.9320588 133.7812622 10)
(122.7211765 133.7812622 10)
(125.5102941 133.7812622 10)
(128.2994118 133.7812622 10)
(131.0885294 133.7812622 10)
(133.8776471 133.7812622 10)
(136.6667647 133.7812622 10)
(139.4558824 133.7812622 10)
(142.245 133.7812622 10)
(0 135.063354 10)
(2.789117647 135.063354 10)
(5.578235294 135.063354 10)
(8.367352941 135.063354 10)
(11.15647059 135.063354 10)
(13.94558824 135.063354 10)
(16.73470588 135.063354 10)
(19.52382353 135.063354 10)
(22.31294118 135.063354 10)
(25.10205882 135.063354 10)
(27.89117647 135.063354 10)
(30.68029412 135.063354 10)
(33.46941176 135.063354 10)
(36.25852941 135.063354 10)
(39.04764706 135.063354 10)
(41.83676471 135.063354 10)
(44.62588235 135.063354 10)
(47.415 135.063354 10)
(50.20411765 135.063354 10)
(52.99323529 135.063354 10)
(55.78235294 135.063354 10)
(58.57147059 135.063354 10)
(61.36058824 135.063354 10)
(64.14970588 135.063354 10)
(66.93882353 135.063354 10)
(69.72794118 135.063354 10)
(72.51705882 135.063354 10)
(75.30617647 135.063354 10)
(78.09529412 135.063354 10)
(80.88441176 135.063354 10)
(83.67352941 135.063354 10)
(86.46264706 135.063354 10)
(89.25176471 135.063354 10)
(92.04088235 135.063354 10)
(94.83 135.063354 10)
(97.61911765 135.063354 10)
(100.4082353 135.063354 10)
(103.1973529 135.063354 10)
(105.9864706 135.063354 10)
(108.7755882 135.063354 10)
(111.5647059 135.063354 10)
(114.3538235 135.063354 10)
(117.1429412 135.063354 10)
(119.9320588 135.063354 10)
(122.7211765 135.063354 10)
(125.5102941 135.063354 10)
(128.2994118 135.063354 10)
(131.0885294 135.063354 10)
(133.8776471 135.063354 10)
(136.6667647 135.063354 10)
(139.4558824 135.063354 10)
(142.245 135.063354 10)
(0 136.2059152 10)
(2.789117647 136.2059152 10)
(5.578235294 136.2059152 10)
(8.367352941 136.2059152 10)
(11.15647059 136.2059152 10)
(13.94558824 136.2059152 10)
(16.73470588 136.2059152 10)
(19.52382353 136.2059152 10)
(22.31294118 136.2059152 10)
(25.10205882 136.2059152 10)
(27.89117647 136.2059152 10)
(30.68029412 136.2059152 10)
(33.46941176 136.2059152 10)
(36.25852941 136.2059152 10)
(39.04764706 136.2059152 10)
(41.83676471 136.2059152 10)
(44.62588235 136.2059152 10)
(47.415 136.2059152 10)
(50.20411765 136.2059152 10)
(52.99323529 136.2059152 10)
(55.78235294 136.2059152 10)
(58.57147059 136.2059152 10)
(61.36058824 136.2059152 10)
(64.14970588 136.2059152 10)
(66.93882353 136.2059152 10)
(69.72794118 136.2059152 10)
(72.51705882 136.2059152 10)
(75.30617647 136.2059152 10)
(78.09529412 136.2059152 10)
(80.88441176 136.2059152 10)
(83.67352941 136.2059152 10)
(86.46264706 136.2059152 10)
(89.25176471 136.2059152 10)
(92.04088235 136.2059152 10)
(94.83 136.2059152 10)
(97.61911765 136.2059152 10)
(100.4082353 136.2059152 10)
(103.1973529 136.2059152 10)
(105.9864706 136.2059152 10)
(108.7755882 136.2059152 10)
(111.5647059 136.2059152 10)
(114.3538235 136.2059152 10)
(117.1429412 136.2059152 10)
(119.9320588 136.2059152 10)
(122.7211765 136.2059152 10)
(125.5102941 136.2059152 10)
(128.2994118 136.2059152 10)
(131.0885294 136.2059152 10)
(133.8776471 136.2059152 10)
(136.6667647 136.2059152 10)
(139.4558824 136.2059152 10)
(142.245 136.2059152 10)
(0 137.2241311 10)
(2.789117647 137.2241311 10)
(5.578235294 137.2241311 10)
(8.367352941 137.2241311 10)
(11.15647059 137.2241311 10)
(13.94558824 137.2241311 10)
(16.73470588 137.2241311 10)
(19.52382353 137.2241311 10)
(22.31294118 137.2241311 10)
(25.10205882 137.2241311 10)
(27.89117647 137.2241311 10)
(30.68029412 137.2241311 10)
(33.46941176 137.2241311 10)
(36.25852941 137.2241311 10)
(39.04764706 137.2241311 10)
(41.83676471 137.2241311 10)
(44.62588235 137.2241311 10)
(47.415 137.2241311 10)
(50.20411765 137.2241311 10)
(52.99323529 137.2241311 10)
(55.78235294 137.2241311 10)
(58.57147059 137.2241311 10)
(61.36058824 137.2241311 10)
(64.14970588 137.2241311 10)
(66.93882353 137.2241311 10)
(69.72794118 137.2241311 10)
(72.51705882 137.2241311 10)
(75.30617647 137.2241311 10)
(78.09529412 137.2241311 10)
(80.88441176 137.2241311 10)
(83.67352941 137.2241311 10)
(86.46264706 137.2241311 10)
(89.25176471 137.2241311 10)
(92.04088235 137.2241311 10)
(94.83 137.2241311 10)
(97.61911765 137.2241311 10)
(100.4082353 137.2241311 10)
(103.1973529 137.2241311 10)
(105.9864706 137.2241311 10)
(108.7755882 137.2241311 10)
(111.5647059 137.2241311 10)
(114.3538235 137.2241311 10)
(117.1429412 137.2241311 10)
(119.9320588 137.2241311 10)
(122.7211765 137.2241311 10)
(125.5102941 137.2241311 10)
(128.2994118 137.2241311 10)
(131.0885294 137.2241311 10)
(133.8776471 137.2241311 10)
(136.6667647 137.2241311 10)
(139.4558824 137.2241311 10)
(142.245 137.2241311 10)
(0 138.1315343 10)
(2.789117647 138.1315343 10)
(5.578235294 138.1315343 10)
(8.367352941 138.1315343 10)
(11.15647059 138.1315343 10)
(13.94558824 138.1315343 10)
(16.73470588 138.1315343 10)
(19.52382353 138.1315343 10)
(22.31294118 138.1315343 10)
(25.10205882 138.1315343 10)
(27.89117647 138.1315343 10)
(30.68029412 138.1315343 10)
(33.46941176 138.1315343 10)
(36.25852941 138.1315343 10)
(39.04764706 138.1315343 10)
(41.83676471 138.1315343 10)
(44.62588235 138.1315343 10)
(47.415 138.1315343 10)
(50.20411765 138.1315343 10)
(52.99323529 138.1315343 10)
(55.78235294 138.1315343 10)
(58.57147059 138.1315343 10)
(61.36058824 138.1315343 10)
(64.14970588 138.1315343 10)
(66.93882353 138.1315343 10)
(69.72794118 138.1315343 10)
(72.51705882 138.1315343 10)
(75.30617647 138.1315343 10)
(78.09529412 138.1315343 10)
(80.88441176 138.1315343 10)
(83.67352941 138.1315343 10)
(86.46264706 138.1315343 10)
(89.25176471 138.1315343 10)
(92.04088235 138.1315343 10)
(94.83 138.1315343 10)
(97.61911765 138.1315343 10)
(100.4082353 138.1315343 10)
(103.1973529 138.1315343 10)
(105.9864706 138.1315343 10)
(108.7755882 138.1315343 10)
(111.5647059 138.1315343 10)
(114.3538235 138.1315343 10)
(117.1429412 138.1315343 10)
(119.9320588 138.1315343 10)
(122.7211765 138.1315343 10)
(125.5102941 138.1315343 10)
(128.2994118 138.1315343 10)
(131.0885294 138.1315343 10)
(133.8776471 138.1315343 10)
(136.6667647 138.1315343 10)
(139.4558824 138.1315343 10)
(142.245 138.1315343 10)
(0 138.9401844 10)
(2.789117647 138.9401844 10)
(5.578235294 138.9401844 10)
(8.367352941 138.9401844 10)
(11.15647059 138.9401844 10)
(13.94558824 138.9401844 10)
(16.73470588 138.9401844 10)
(19.52382353 138.9401844 10)
(22.31294118 138.9401844 10)
(25.10205882 138.9401844 10)
(27.89117647 138.9401844 10)
(30.68029412 138.9401844 10)
(33.46941176 138.9401844 10)
(36.25852941 138.9401844 10)
(39.04764706 138.9401844 10)
(41.83676471 138.9401844 10)
(44.62588235 138.9401844 10)
(47.415 138.9401844 10)
(50.20411765 138.9401844 10)
(52.99323529 138.9401844 10)
(55.78235294 138.9401844 10)
(58.57147059 138.9401844 10)
(61.36058824 138.9401844 10)
(64.14970588 138.9401844 10)
(66.93882353 138.9401844 10)
(69.72794118 138.9401844 10)
(72.51705882 138.9401844 10)
(75.30617647 138.9401844 10)
(78.09529412 138.9401844 10)
(80.88441176 138.9401844 10)
(83.67352941 138.9401844 10)
(86.46264706 138.9401844 10)
(89.25176471 138.9401844 10)
(92.04088235 138.9401844 10)
(94.83 138.9401844 10)
(97.61911765 138.9401844 10)
(100.4082353 138.9401844 10)
(103.1973529 138.9401844 10)
(105.9864706 138.9401844 10)
(108.7755882 138.9401844 10)
(111.5647059 138.9401844 10)
(114.3538235 138.9401844 10)
(117.1429412 138.9401844 10)
(119.9320588 138.9401844 10)
(122.7211765 138.9401844 10)
(125.5102941 138.9401844 10)
(128.2994118 138.9401844 10)
(131.0885294 138.9401844 10)
(133.8776471 138.9401844 10)
(136.6667647 138.9401844 10)
(139.4558824 138.9401844 10)
(142.245 138.9401844 10)
(0 139.6608288 10)
(2.789117647 139.6608288 10)
(5.578235294 139.6608288 10)
(8.367352941 139.6608288 10)
(11.15647059 139.6608288 10)
(13.94558824 139.6608288 10)
(16.73470588 139.6608288 10)
(19.52382353 139.6608288 10)
(22.31294118 139.6608288 10)
(25.10205882 139.6608288 10)
(27.89117647 139.6608288 10)
(30.68029412 139.6608288 10)
(33.46941176 139.6608288 10)
(36.25852941 139.6608288 10)
(39.04764706 139.6608288 10)
(41.83676471 139.6608288 10)
(44.62588235 139.6608288 10)
(47.415 139.6608288 10)
(50.20411765 139.6608288 10)
(52.99323529 139.6608288 10)
(55.78235294 139.6608288 10)
(58.57147059 139.6608288 10)
(61.36058824 139.6608288 10)
(64.14970588 139.6608288 10)
(66.93882353 139.6608288 10)
(69.72794118 139.6608288 10)
(72.51705882 139.6608288 10)
(75.30617647 139.6608288 10)
(78.09529412 139.6608288 10)
(80.88441176 139.6608288 10)
(83.67352941 139.6608288 10)
(86.46264706 139.6608288 10)
(89.25176471 139.6608288 10)
(92.04088235 139.6608288 10)
(94.83 139.6608288 10)
(97.61911765 139.6608288 10)
(100.4082353 139.6608288 10)
(103.1973529 139.6608288 10)
(105.9864706 139.6608288 10)
(108.7755882 139.6608288 10)
(111.5647059 139.6608288 10)
(114.3538235 139.6608288 10)
(117.1429412 139.6608288 10)
(119.9320588 139.6608288 10)
(122.7211765 139.6608288 10)
(125.5102941 139.6608288 10)
(128.2994118 139.6608288 10)
(131.0885294 139.6608288 10)
(133.8776471 139.6608288 10)
(136.6667647 139.6608288 10)
(139.4558824 139.6608288 10)
(142.245 139.6608288 10)
(0 140.3030452 10)
(2.789117647 140.3030452 10)
(5.578235294 140.3030452 10)
(8.367352941 140.3030452 10)
(11.15647059 140.3030452 10)
(13.94558824 140.3030452 10)
(16.73470588 140.3030452 10)
(19.52382353 140.3030452 10)
(22.31294118 140.3030452 10)
(25.10205882 140.3030452 10)
(27.89117647 140.3030452 10)
(30.68029412 140.3030452 10)
(33.46941176 140.3030452 10)
(36.25852941 140.3030452 10)
(39.04764706 140.3030452 10)
(41.83676471 140.3030452 10)
(44.62588235 140.3030452 10)
(47.415 140.3030452 10)
(50.20411765 140.3030452 10)
(52.99323529 140.3030452 10)
(55.78235294 140.3030452 10)
(58.57147059 140.3030452 10)
(61.36058824 140.3030452 10)
(64.14970588 140.3030452 10)
(66.93882353 140.3030452 10)
(69.72794118 140.3030452 10)
(72.51705882 140.3030452 10)
(75.30617647 140.3030452 10)
(78.09529412 140.3030452 10)
(80.88441176 140.3030452 10)
(83.67352941 140.3030452 10)
(86.46264706 140.3030452 10)
(89.25176471 140.3030452 10)
(92.04088235 140.3030452 10)
(94.83 140.3030452 10)
(97.61911765 140.3030452 10)
(100.4082353 140.3030452 10)
(103.1973529 140.3030452 10)
(105.9864706 140.3030452 10)
(108.7755882 140.3030452 10)
(111.5647059 140.3030452 10)
(114.3538235 140.3030452 10)
(117.1429412 140.3030452 10)
(119.9320588 140.3030452 10)
(122.7211765 140.3030452 10)
(125.5102941 140.3030452 10)
(128.2994118 140.3030452 10)
(131.0885294 140.3030452 10)
(133.8776471 140.3030452 10)
(136.6667647 140.3030452 10)
(139.4558824 140.3030452 10)
(142.245 140.3030452 10)
(0 140.875369 10)
(2.789117647 140.875369 10)
(5.578235294 140.875369 10)
(8.367352941 140.875369 10)
(11.15647059 140.875369 10)
(13.94558824 140.875369 10)
(16.73470588 140.875369 10)
(19.52382353 140.875369 10)
(22.31294118 140.875369 10)
(25.10205882 140.875369 10)
(27.89117647 140.875369 10)
(30.68029412 140.875369 10)
(33.46941176 140.875369 10)
(36.25852941 140.875369 10)
(39.04764706 140.875369 10)
(41.83676471 140.875369 10)
(44.62588235 140.875369 10)
(47.415 140.875369 10)
(50.20411765 140.875369 10)
(52.99323529 140.875369 10)
(55.78235294 140.875369 10)
(58.57147059 140.875369 10)
(61.36058824 140.875369 10)
(64.14970588 140.875369 10)
(66.93882353 140.875369 10)
(69.72794118 140.875369 10)
(72.51705882 140.875369 10)
(75.30617647 140.875369 10)
(78.09529412 140.875369 10)
(80.88441176 140.875369 10)
(83.67352941 140.875369 10)
(86.46264706 140.875369 10)
(89.25176471 140.875369 10)
(92.04088235 140.875369 10)
(94.83 140.875369 10)
(97.61911765 140.875369 10)
(100.4082353 140.875369 10)
(103.1973529 140.875369 10)
(105.9864706 140.875369 10)
(108.7755882 140.875369 10)
(111.5647059 140.875369 10)
(114.3538235 140.875369 10)
(117.1429412 140.875369 10)
(119.9320588 140.875369 10)
(122.7211765 140.875369 10)
(125.5102941 140.875369 10)
(128.2994118 140.875369 10)
(131.0885294 140.875369 10)
(133.8776471 140.875369 10)
(136.6667647 140.875369 10)
(139.4558824 140.875369 10)
(142.245 140.875369 10)
(0 141.3854066 10)
(2.789117647 141.3854066 10)
(5.578235294 141.3854066 10)
(8.367352941 141.3854066 10)
(11.15647059 141.3854066 10)
(13.94558824 141.3854066 10)
(16.73470588 141.3854066 10)
(19.52382353 141.3854066 10)
(22.31294118 141.3854066 10)
(25.10205882 141.3854066 10)
(27.89117647 141.3854066 10)
(30.68029412 141.3854066 10)
(33.46941176 141.3854066 10)
(36.25852941 141.3854066 10)
(39.04764706 141.3854066 10)
(41.83676471 141.3854066 10)
(44.62588235 141.3854066 10)
(47.415 141.3854066 10)
(50.20411765 141.3854066 10)
(52.99323529 141.3854066 10)
(55.78235294 141.3854066 10)
(58.57147059 141.3854066 10)
(61.36058824 141.3854066 10)
(64.14970588 141.3854066 10)
(66.93882353 141.3854066 10)
(69.72794118 141.3854066 10)
(72.51705882 141.3854066 10)
(75.30617647 141.3854066 10)
(78.09529412 141.3854066 10)
(80.88441176 141.3854066 10)
(83.67352941 141.3854066 10)
(86.46264706 141.3854066 10)
(89.25176471 141.3854066 10)
(92.04088235 141.3854066 10)
(94.83 141.3854066 10)
(97.61911765 141.3854066 10)
(100.4082353 141.3854066 10)
(103.1973529 141.3854066 10)
(105.9864706 141.3854066 10)
(108.7755882 141.3854066 10)
(111.5647059 141.3854066 10)
(114.3538235 141.3854066 10)
(117.1429412 141.3854066 10)
(119.9320588 141.3854066 10)
(122.7211765 141.3854066 10)
(125.5102941 141.3854066 10)
(128.2994118 141.3854066 10)
(131.0885294 141.3854066 10)
(133.8776471 141.3854066 10)
(136.6667647 141.3854066 10)
(139.4558824 141.3854066 10)
(142.245 141.3854066 10)
(0 141.8399366 10)
(2.789117647 141.8399366 10)
(5.578235294 141.8399366 10)
(8.367352941 141.8399366 10)
(11.15647059 141.8399366 10)
(13.94558824 141.8399366 10)
(16.73470588 141.8399366 10)
(19.52382353 141.8399366 10)
(22.31294118 141.8399366 10)
(25.10205882 141.8399366 10)
(27.89117647 141.8399366 10)
(30.68029412 141.8399366 10)
(33.46941176 141.8399366 10)
(36.25852941 141.8399366 10)
(39.04764706 141.8399366 10)
(41.83676471 141.8399366 10)
(44.62588235 141.8399366 10)
(47.415 141.8399366 10)
(50.20411765 141.8399366 10)
(52.99323529 141.8399366 10)
(55.78235294 141.8399366 10)
(58.57147059 141.8399366 10)
(61.36058824 141.8399366 10)
(64.14970588 141.8399366 10)
(66.93882353 141.8399366 10)
(69.72794118 141.8399366 10)
(72.51705882 141.8399366 10)
(75.30617647 141.8399366 10)
(78.09529412 141.8399366 10)
(80.88441176 141.8399366 10)
(83.67352941 141.8399366 10)
(86.46264706 141.8399366 10)
(89.25176471 141.8399366 10)
(92.04088235 141.8399366 10)
(94.83 141.8399366 10)
(97.61911765 141.8399366 10)
(100.4082353 141.8399366 10)
(103.1973529 141.8399366 10)
(105.9864706 141.8399366 10)
(108.7755882 141.8399366 10)
(111.5647059 141.8399366 10)
(114.3538235 141.8399366 10)
(117.1429412 141.8399366 10)
(119.9320588 141.8399366 10)
(122.7211765 141.8399366 10)
(125.5102941 141.8399366 10)
(128.2994118 141.8399366 10)
(131.0885294 141.8399366 10)
(133.8776471 141.8399366 10)
(136.6667647 141.8399366 10)
(139.4558824 141.8399366 10)
(142.245 141.8399366 10)
(0 142.245 10)
(2.789117647 142.245 10)
(5.578235294 142.245 10)
(8.367352941 142.245 10)
(11.15647059 142.245 10)
(13.94558824 142.245 10)
(16.73470588 142.245 10)
(19.52382353 142.245 10)
(22.31294118 142.245 10)
(25.10205882 142.245 10)
(27.89117647 142.245 10)
(30.68029412 142.245 10)
(33.46941176 142.245 10)
(36.25852941 142.245 10)
(39.04764706 142.245 10)
(41.83676471 142.245 10)
(44.62588235 142.245 10)
(47.415 142.245 10)
(50.20411765 142.245 10)
(52.99323529 142.245 10)
(55.78235294 142.245 10)
(58.57147059 142.245 10)
(61.36058824 142.245 10)
(64.14970588 142.245 10)
(66.93882353 142.245 10)
(69.72794118 142.245 10)
(72.51705882 142.245 10)
(75.30617647 142.245 10)
(78.09529412 142.245 10)
(80.88441176 142.245 10)
(83.67352941 142.245 10)
(86.46264706 142.245 10)
(89.25176471 142.245 10)
(92.04088235 142.245 10)
(94.83 142.245 10)
(97.61911765 142.245 10)
(100.4082353 142.245 10)
(103.1973529 142.245 10)
(105.9864706 142.245 10)
(108.7755882 142.245 10)
(111.5647059 142.245 10)
(114.3538235 142.245 10)
(117.1429412 142.245 10)
(119.9320588 142.245 10)
(122.7211765 142.245 10)
(125.5102941 142.245 10)
(128.2994118 142.245 10)
(131.0885294 142.245 10)
(133.8776471 142.245 10)
(136.6667647 142.245 10)
(139.4558824 142.245 10)
(142.245 142.245 10)
)


// ************************************************************************* //
