/*--------------------------------*- C++ -*----------------------------------*\
  =========                 |
  \\      /  F ield         | OpenFOAM: The Open Source CFD Toolbox
   \\    /   O peration     | Website:  https://openfoam.org
    \\  /    A nd           | Version:  9
     \\/     M anipulation  |
\*---------------------------------------------------------------------------*/
FoamFile
{
    format      ascii;
    class       vectorField;
    location    "constant/polyMesh";
    object      points;
}
// * * * * * * * * * * * * * * * * * * * * * * * * * * * * * * * * * * * * * //


5202
(
(1 0 0)
(1.367003339 0 0)
(1.779312999 0 0)
(2.242522016 0 0)
(2.762913882 0 0)
(3.347547783 0 0)
(4.004354356 0 0)
(4.742243269 0 0)
(5.571224084 0 0)
(6.502542037 0 0)
(7.548830581 0 0)
(8.724282759 0 0)
(10.04484374 0 0)
(11.5284271 0 0)
(13.19515786 0 0)
(15.06764544 0 0)
(17.17129038 0 0)
(19.5346289 0 0)
(22.18972002 0 0)
(25.1725804 0 0)
(28.52367293 0 0)
(32.28845564 0 0)
(36.5179983 0 0)
(41.26967523 0 0)
(46.60794356 0 0)
(52.60521761 0 0)
(59.34285121 0 0)
(66.91224126 0 0)
(75.41606755 0 0)
(84.96968561 0 0)
(95.70269155 0 0)
(107.76068 0 0)
(121.3072193 0 0)
(136.5260699 0 0)
(153.6236777 0 0)
(172.8319739 0 0)
(194.4115217 0 0)
(218.6550506 0 0)
(245.8914271 0 0)
(276.4901165 0 0)
(310.866194 0 0)
(349.4859757 0 0)
(392.8733442 0 0)
(441.6168548 0 0)
(496.3777198 0 0)
(557.8987777 0 0)
(627.0145698 0 0)
(704.6626612 0 0)
(791.8963584 0 0)
(889.8989984 0 0)
(1000 0 0)
(0.9995065879 0.03140988328 0)
(1.366328843 0.04293741531 0)
(1.778435064 0.0558880136 0)
(2.241415528 0.07043735477 0)
(2.761550627 0.08678280255 0)
(3.345896063 0.1051460851 0)
(4.002378559 0.1257763029 0)
(4.739903389 0.1489533075 0)
(5.568475175 0.1749914982 0)
(6.499333604 0.2042440864 0)
(7.545105896 0.2371078874 0)
(8.719978092 0.2740287031 0)
(10.03988749 0.3155073693 0)
(11.52273884 0.3621065497 0)
(13.18864721 0.4144583682 0)
(15.06021088 0.4732729844 0)
(17.16281785 0.5393482265 0)
(19.52499028 0.6135804137 0)
(22.17877135 0.6969765159 0)
(25.16015994 0.7906678121 0)
(28.509599 0.8959252374 0)
(32.27252412 1.014176623 0)
(36.49997988 1.147026064 0)
(41.24931227 1.296275682 0)
(46.58494663 1.463950067 0)
(52.57926156 1.652323745 0)
(59.31357073 1.86395203 0)
(66.87922595 2.101705688 0)
(75.37885634 2.368809879 0)
(84.92776054 2.668887907 0)
(95.65547068 3.006010371 0)
(107.7075096 3.384750382 0)
(121.2473648 3.810245599 0)
(136.4587063 4.288267921 0)
(153.5478779 4.825301786 0)
(172.7466966 5.428632128 0)
(194.3155967 6.106443206 0)
(218.5471635 6.867929617 0)
(245.7701013 7.723421025 0)
(276.3536929 8.684522287 0)
(310.7128089 9.764270869 0)
(349.3135351 10.9773137 0)
(392.6794957 12.34010588 0)
(441.3989557 13.87113386 0)
(496.132801 15.59116624 0)
(557.6235037 17.52353549 0)
(626.7051932 19.69445445 0)
(704.3149721 22.13337194 0)
(791.5056272 24.87337219 0)
(889.4599115 27.95162367 0)
(999.5065879 31.40988328 0)
(0.9980268323 0.06278886884 0)
(1.364306012 0.08583259333 0)
(1.775802116 0.1117210505 0)
(2.238097144 0.1408054207 0)
(2.75746219 0.1734802374 0)
(3.34094251 0.2101887387 0)
(3.996453093 0.2514288804 0)
(4.732886027 0.2977600906 0)
(5.560231125 0.3498108583 0)
(6.489711431 0.4082872591 0)
(7.533935472 0.4739825332 0)
(8.707068286 0.5477878459 0)
(10.02502358 0.6307043759 0)
(11.50567958 0.7238568972 0)
(13.1691216 0.8285090362 0)
(15.03791444 0.946080413 0)
(17.13740854 1.078165899 0)
(19.4960838 1.226557252 0)
(22.14593598 1.39326742 0)
(25.12291067 1.580557849 0)
(28.46739094 1.790969158 0)
(32.2247451 2.027355606 0)
(36.44594216 2.292923805 0)
(41.18824324 2.591276225 0)
(46.51597827 2.926460055 0)
(52.50141869 3.303022109 0)
(59.22575781 3.726070501 0)
(66.78021219 4.20134394 0)
(75.267259 4.735289573 0)
(84.80202617 5.335150445 0)
(95.51385409 6.009063747 0)
(107.5480501 6.766171205 0)
(121.0678598 7.616743081 0)
(136.2566811 8.572317498 0)
(153.3205524 9.64585695 0)
(172.4909475 10.85192414 0)
(194.0279152 12.20687954 0)
(218.2236075 13.72910329 0)
(245.4062421 15.43924457 0)
(275.9445551 17.36050166 0)
(310.2528029 19.51893668 0)
(348.7963813 21.94382909 0)
(392.0981392 24.66807288 0)
(440.7454707 27.72862277 0)
(495.3982833 31.16699554 0)
(556.7979498 35.02983318 0)
(625.7773649 39.36953558 0)
(703.2722435 44.24497141 0)
(790.3338141 49.72227658 0)
(888.1430784 55.87575149 0)
(998.0268323 62.78886884 0)
(0.995562214 0.09410567522 0)
(1.36093687 0.1286427722 0)
(1.771416788 0.1674434512 0)
(2.232570183 0.2110340485 0)
(2.750652662 0.2600058765 0)
(3.332692082 0.3150232445 0)
(3.986583888 0.3768324705 0)
(4.721198208 0.4462720049 0)
(5.546500184 0.5242838043 0)
(6.473685147 0.6119261091 0)
(7.515330486 0.710387799 0)
(8.685566259 0.8210045199 0)
(10.00026687 0.9452768024 0)
(11.47726641 1.084890417 0)
(13.13660057 1.24173924 0)
(15.00077845 1.417950948 0)
(17.09508786 1.615915875 0)
(19.4479384 1.838319443 0)
(22.09124679 2.088178586 0)
(25.06086987 2.368882675 0)
(28.39709097 2.684239501 0)
(32.14516638 3.03852692 0)
(36.35593924 3.436550888 0)
(41.08652924 3.883710654 0)
(46.40110748 4.386071999 0)
(52.37176691 4.950449523 0)
(59.07950034 5.584499083 0)
(66.61529905 6.296821644 0)
(75.08138718 7.097079959 0)
(84.59260832 7.996129638 0)
(95.27798348 9.006166409 0)
(107.2824612 10.14089156 0)
(120.7688838 11.41569778 0)
(135.9201965 12.847878 0)
(152.9419287 14.45685992 0)
(172.0649826 16.26446961 0)
(193.548765 18.29522752 0)
(217.6847062 20.57668117 0)
(244.8002136 23.13977878 0)
(275.2631125 26.01928911 0)
(309.4866363 29.25427309 0)
(347.9350317 32.88861373 0)
(391.1298563 36.97161133 0)
(439.6570537 41.55865231 0)
(494.1749017 46.71196049 0)
(555.4229423 52.50144118 0)
(624.2320133 59.00562947 0)
(701.535519 66.31275553 0)
(788.3820918 74.52194152 0)
(885.9498171 83.74454612 0)
(995.562214 94.10567522 0)
(0.9921150791 0.1253302431 0)
(1.356224625 0.1713268608 0)
(1.765283256 0.2230017308 0)
(2.224839907 0.2810558295 0)
(2.741128525 0.3462766687 0)
(3.321152634 0.4195489776 0)
(3.972780338 0.501866705 0)
(4.704851056 0.5943465019 0)
(5.527295423 0.6982428691 0)
(6.451270008 0.8149651746 0)
(7.489308649 0.9460967722 0)
(8.655492479 1.093416479 0)
(9.965640939 1.258922708 0)
(11.43752637 1.444860572 0)
(13.09111508 1.653752343 0)
(14.94883824 1.888431666 0)
(17.03589611 2.152081998 0)
(19.3805999 2.44827979 0)
(22.01475583 2.781043006 0)
(24.97409659 3.154885622 0)
(28.29876602 3.574878864 0)
(32.03386372 4.046719996 0)
(36.23005677 4.576809606 0)
(40.9442671 5.172338431 0)
(46.24044361 5.841384899 0)
(52.19042963 6.593024714 0)
(58.87493752 7.437453971 0)
(66.38464353 8.386127467 0)
(74.82141782 9.451914083 0)
(84.29970636 10.64927136 0)
(94.9480834 11.9944416 0)
(106.9109956 13.50567223 0)
(120.3507215 15.20346329 0)
(135.4495727 17.11084554 0)
(152.4123672 19.25369288 0)
(171.4692075 21.66107332 0)
(192.8786023 24.36564329 0)
(216.9309728 27.40409065 0)
(243.9525927 30.81763235 0)
(274.3100138 34.65257353 0)
(308.4150386 38.96093568 0)
(346.7303064 43.80116231 0)
(389.7755689 49.23891175 0)
(438.1347408 55.34794779 0)
(492.4638207 62.21114032 0)
(553.49979 69.92158946 0)
(622.0706095 78.58388849 0)
(699.1064518 88.31554266 0)
(785.6523183 99.24856315 0)
(882.8822152 111.5312578 0)
(992.1150791 125.3302431 0)
(0.9876888838 0.1564310355 0)
(1.350174002 0.2138417478 0)
(1.75740767 0.2783397749 0)
(2.214914067 0.3508000411 0)
(2.728899328 0.4322054796 0)
(3.306335733 0.5236603661 0)
(3.955056284 0.6264052984 0)
(4.683860961 0.7418340252 0)
(5.502636097 0.8715123525 0)
(6.422488487 1.017199384 0)
(7.45589605 1.180871385 0)
(8.6168771 1.364748586 0)
(9.921180498 1.571325307 0)
(11.3864993 1.803403789 0)
(13.03271074 2.064132208 0)
(14.8821459 2.357047378 0)
(16.95989262 2.686122735 0)
(19.29413582 3.055822228 0)
(21.9165398 3.471160881 0)
(24.86267783 3.937772818 0)
(28.17251468 4.461987693 0)
(31.89094871 5.05091655 0)
(36.06842098 5.712548289 0)
(40.76159946 6.455858031 0)
(46.03414775 7.290928874 0)
(51.95758866 8.229088664 0)
(58.61227447 9.283063665 0)
(66.08847688 10.46715119 0)
(74.48761157 11.79741354 0)
(83.92361393 13.29189591 0)
(94.52448459 14.97087114 0)
(106.4340258 16.85711477 0)
(119.813792 18.97621393 0)
(134.8452816 21.35691449 0)
(151.7323988 24.03151098 0)
(170.7042194 27.03628465 0)
(192.0180989 30.41199566 0)
(215.9631628 34.20443598 0)
(242.8642292 38.46505057 0)
(273.0862145 43.25163523 0)
(307.0390842 48.62912063 0)
(345.1834133 54.67045308 0)
(388.0366348 61.45758405 0)
(436.1800584 69.08258189 0)
(490.266756 77.64888071 0)
(551.030421 87.2726835 0)
(619.2953206 98.08453844 0)
(695.9874772 110.2311098 0)
(782.1472303 123.8771674 0)
(878.9433484 139.2078218 0)
(987.6888838 156.4310355 0)
(0.9822880545 0.1873771008 0)
(1.34279105 0.2561451224 0)
(1.747797904 0.3334025112 0)
(2.202802588 0.4201972739 0)
(2.713977302 0.5177067931 0)
(3.288256199 0.6272537985 0)
(3.93342945 0.7503243099 0)
(4.658248915 0.8885877952 0)
(5.472546867 1.043919817 0)
(6.387369367 1.218427475 0)
(7.415126105 1.414477989 0)
(8.569758738 1.63473081 0)
(9.866930013 1.882173698 0)
(11.32423623 2.160163248 0)
(12.96144594 2.472470425 0)
(14.80076812 2.823331718 0)
(16.86715342 3.217506608 0)
(19.18863262 3.66034213 0)
(21.79669691 4.157845406 0)
(24.72672503 4.716765135 0)
(28.01846319 5.344683139 0)
(31.71656427 6.050117208 0)
(35.8711935 6.84263665 0)
(40.53870899 7.732992097 0)
(45.7824262 8.73326134 0)
(51.67347687 9.857013165 0)
(58.29177387 11.11949142 0)
(65.72709529 12.53782178 0)
(74.08030227 14.13124409 0)
(83.46470717 15.92137335 0)
(94.0076107 17.93249289 0)
(105.8520288 20.19188381 0)
(119.1586324 22.73019506 0)
(134.1079276 25.58185917 0)
(150.9027035 28.78555935 0)
(169.7707834 32.38475421 0)
(190.9681155 36.42826731 0)
(214.7822442 40.97094946 0)
(241.5362116 46.07442273 0)
(271.5929386 51.80791644 0)
(305.3601489 58.24920618 0)
(343.2958992 65.48566891 0)
(385.9147929 73.61546823 0)
(433.7949611 82.74888593 0)
(487.5859047 93.00981806 0)
(548.017305 104.5374555 0)
(615.908922 117.4881723 0)
(692.1817145 132.0376465 0)
(777.8703333 148.3832438 0)
(874.1371559 166.7466944 0)
(982.2880545 187.3771008 0)
(0.9759178573 0.2181383409 0)
(1.334082969 0.2981958402 0)
(1.736463329 0.3881363854 0)
(2.188517281 0.4891800319 0)
(2.696376996 0.6026974502 0)
(3.26693166 0.7302285194 0)
(3.907920923 0.8735032154 0)
(4.62803989 1.034465079 0)
(5.437057071 1.215297578 0)
(6.345946892 1.418453731 0)
(7.367038566 1.646689378 0)
(8.514183337 1.903100566 0)
(9.802942377 2.191165547 0)
(11.25079788 2.514791961 0)
(12.87739019 2.878369843 0)
(14.70478425 3.286831176 0)
(16.75776891 3.745716793 0)
(19.06419318 4.261251538 0)
(21.65534402 4.84042871 0)
(24.56637072 5.491104923 0)
(27.83676177 6.222106688 0)
(31.51088044 7.043350142 0)
(35.63856665 7.96597556 0)
(40.27581302 9.002498482 0)
(45.48552441 10.16697948 0)
(51.33837125 11.47521489 0)
(57.9137482 12.94495111 0)
(65.30085112 14.59612529 0)
(73.59988705 16.45113585 0)
(82.92343352 18.53514624 0)
(93.39796568 20.87642635 0)
(105.165572 23.50673595 0)
(118.3858815 26.46175555 0)
(133.2382296 29.78157038 0)
(149.9240904 33.51121417 0)
(168.6698097 37.70128004 0)
(189.7296757 42.4086068 0)
(213.3893684 47.69704995 0)
(239.9698347 53.63834795 0)
(269.8316421 60.31309528 0)
(303.37987 67.81183579 0)
(341.0696046 76.2362909 0)
(383.4121122 85.70073947 0)
(430.9817747 96.333568 0)
(484.4238807 108.2790122 0)
(544.4633797 121.6991137 0)
(611.9147155 136.775918 0)
(687.6928744 153.7139438 0)
(772.8257973 172.7429578 0)
(868.4683238 194.121091 0)
(975.9178573 218.1383409 0)
(0.9685845177 0.2486846035 0)
(1.324058269 0.3399526832 0)
(1.723415023 0.4424877476 0)
(2.172072105 0.5576806983 0)
(2.67611561 0.6870941433 0)
(3.242382955 0.8324835931 0)
(3.878555632 0.9958212752 0)
(4.593263409 1.179322887 0)
(5.396201393 1.385477652 0)
(6.298261543 1.617082088 0)
(7.311680428 1.87727794 0)
(8.450205209 2.169594799 0)
(9.729280127 2.497997982 0)
(11.166256 2.866942323 0)
(12.78062561 3.2814326 0)
(14.59428809 3.747091431 0)
(16.63184601 4.270235539 0)
(18.92093912 4.857961443 0)
(21.49261927 5.518241725 0)
(24.38177164 6.260033175 0)
(27.62758799 7.093398292 0)
(31.27409823 8.029641787 0)
(35.37076777 9.081463927 0)
(39.97316848 10.26313282 0)
(45.14373253 11.59067796 0)
(50.95259933 13.08210768 0)
(57.47856692 14.75765342 0)
(64.81016093 16.64004419 0)
(73.04683541 18.75481485 0)
(82.30032196 21.13065257 0)
(92.69614534 23.7997859 0)
(104.3753263 26.79842199 0)
(117.4962945 30.16723773 0)
(132.2370376 33.95193157 0)
(148.7975158 38.20384338 0)
(167.4023741 42.98065091 0)
(188.30399 48.3471522 0)
(211.7858967 54.37614455 0)
(238.1666294 61.14941205 0)
(267.8040461 68.75883499 0)
(301.1001826 77.30763619 0)
(338.5067053 86.9117813 0)
(380.5310386 97.70155181 0)
(427.7432483 109.8233124 0)
(480.7837744 123.4414964 0)
(540.3721185 138.7408363 0)
(607.3166047 155.9288697 0)
(682.5253438 175.2387545 0)
(767.0185524 196.9324319 0)
(861.9423922 221.3041796 0)
(968.5845177 248.6846035 0)
(0.9602952887 0.2789855883 0)
(1.312726866 0.3813742306 0)
(1.70866589 0.4964026837 0)
(2.153483327 0.6256313239 0)
(2.653213184 0.7708131549 0)
(3.214634365 0.9339175877 0)
(3.845362622 1.117157156 0)
(4.553953869 1.323017528 0)
(5.35002024 1.554291229 0)
(6.244360483 1.814115516 0)
(7.249106442 2.106014941 0)
(8.377887631 2.433949158 0)
(9.646016117 2.802366639 0)
(11.07069423 3.216265017 0)
(12.67124793 3.681258878 0)
(14.46938892 4.203655926 0)
(16.48950925 4.790542548 0)
(18.7590121 5.449879937 0)
(21.3086836 6.190612095 0)
(24.17311036 7.022787151 0)
(27.39114873 7.957693673 0)
(31.00645183 9.008013791 0)
(35.06806172 10.18799524 0)
(39.63107469 11.51364462 0)
(44.75738862 13.00294455 0)
(50.51654263 14.67609758 0)
(56.98666044 16.55580026 0)
(64.25551004 18.66755099 0)
(72.42169436 21.03999597 0)
(81.59598877 23.70531773 0)
(91.90284381 26.69967171 0)
(103.4820734 30.06367672 0)
(116.4907512 33.84296594 0)
(131.1053417 38.08880594 0)
(147.5240939 42.8587921 0)
(165.9697303 48.21762993 0)
(186.6924684 54.23801277 0)
(209.9734149 61.00160792 0)
(236.128379 68.60016446 0)
(265.5121562 77.13675781 0)
(298.5233415 86.72718802 0)
(335.609736 97.50155054 0)
(377.2744215 109.6060011 0)
(424.0825851 123.204738 0)
(476.6691858 138.4822302 0)
(535.7475678 155.6457187 0)
(602.1191374 174.9280286 0)
(676.6842336 196.5907271 0)
(760.4543421 220.9276714 0)
(854.5658156 248.2689956 0)
(960.2952887 278.9855883 0)
(0.951058359 0.3090113231 0)
(1.300099952 0.4224195104 0)
(1.692230501 0.549827864 0)
(2.132769308 0.6929646952 0)
(2.627692343 0.8537716744 0)
(3.183713301 1.03443017 0)
(3.808374682 1.237390838 0)
(4.510150101 1.465406867 0)
(5.298559235 1.721571326 0)
(6.184296959 2.009359119 0)
(7.179378425 2.332674126 0)
(8.297302044 2.695902159 0)
(9.553232601 3.103970454 0)
(10.96420696 3.562414512 0)
(12.54936518 4.077453189 0)
(14.33021014 4.656073053 0)
(16.33089925 5.306123159 0)
(18.57857211 6.036421524 0)
(21.10371871 6.856874744 0)
(23.940593 7.778612375 0)
(27.12767757 8.814137912 0)
(30.70820563 9.977498398 0)
(34.73074754 11.28447497 0)
(39.2498696 12.75279695 0)
(44.32687432 14.40238231 0)
(50.03063193 16.2556079 0)
(56.43851469 18.33761297 0)
(63.63744637 20.6766402 0)
(71.72508144 23.30441882 0)
(80.81112976 26.25659497 0)
(91.01884478 29.57321534 0)
(102.4866955 33.29927032 0)
(115.3702449 37.48530434 0)
(129.84426 42.18810151 0)
(146.1050828 47.47145591 0)
(164.3732935 53.40703694 0)
(184.8967028 60.07536156 0)
(207.9537136 67.56688648 0)
(233.8570972 75.98323524 0)
(262.9582365 85.43857673 0)
(295.6518923 96.06117392 0)
(332.3815586 107.9951238 0)
(373.645478 121.4023119 0)
(420.0034012 136.4646086 0)
(472.0841796 153.386336 0)
(530.594296 172.3970395 0)
(596.3274478 193.7546018 0)
(670.1753142 217.7487413 0)
(753.1396511 244.7049415 0)
(846.3458811 274.9888669 0)
(951.058359 309.0113231 0)
(0.9408828421 0.3387321618 0)
(1.286189986 0.4630479961 0)
(1.674125071 0.6027105386 0)
(2.109950488 0.7596143303 0)
(2.599578266 0.9358877922 0)
(3.149650272 1.133922097 0)
(3.767628307 1.356403608 0)
(4.461895325 1.606350314 0)
(5.24186915 1.887152778 0)
(6.118130233 2.202620122 0)
(7.102565172 2.557031702 0)
(8.208527957 2.955195159 0)
(9.451021124 3.402511634 0)
(10.84689926 3.905049035 0)
(12.41509763 4.469624347 0)
(14.17688906 5.103896112 0)
(16.15617249 5.81646831 0)
(18.37979716 6.617007079 0)
(20.87792684 7.516371833 0)
(23.68444899 8.526762576 0)
(26.83743445 9.661885394 0)
(30.37965391 10.93713838 0)
(34.35915803 12.36982051 0)
(38.82992932 13.97936631 0)
(43.8526144 15.78760948 0)
(49.49534665 17.81907908 0)
(55.83467051 20.10133228 0)
(62.95657973 22.66532813 0)
(70.95768397 25.5458476 0)
(79.94651929 28.78196529 0)
(90.04502042 32.4175796 0)
(101.3901749 36.50200811 0)
(114.1358813 41.09065664 0)
(128.4550367 46.24577081 0)
(144.5418825 52.03728046 0)
(162.6146388 58.54374816 0)
(182.9184651 65.85343504 0)
(205.7287854 74.06549797 0)
(231.3550248 83.29133468 0)
(260.1448066 93.65609488 0)
(292.4886681 105.3003779 0)
(328.8253581 118.3821401 0)
(369.6477886 133.0788372 0)
(415.5097214 149.5898319 0)
(467.0332798 168.1390981 0)
(524.9173876 188.978259 0)
(589.9472505 212.3900007 0)
(663.0050074 238.6919066 0)
(745.0816964 268.2407654 0)
(837.2906988 301.4374115 0)
(940.8828421 338.7321618 0)
(0.9297787589 0.3681188116 0)
(1.271010668 0.5032196445 0)
(1.654367432 0.6549985866 0)
(2.085049337 0.8255145396 0)
(2.56889864 1.017080575 0)
(3.112478823 1.232295312 0)
(3.723163623 1.474078167 0)
(4.409237061 1.745708957 0)
(5.180005815 2.050872389 0)
(6.045925465 2.393708047 0)
(7.018742329 2.778866543 0)
(8.111652796 3.211572602 0)
(9.339482343 3.69769594 0)
(10.71888664 4.243830885 0)
(12.2685775 4.857385831 0)
(14.00957667 5.546683732 0)
(15.96550105 6.321075008 0)
(18.16288302 7.191064378 0)
(20.63153034 8.168453365 0)
(23.40493056 9.266500382 0)
(26.52070522 10.50010058 0)
(30.02112021 11.88598792 0)
(33.95365914 13.44296214 0)
(38.37166741 15.1921438 0)
(43.33507592 17.1572608 0)
(48.91121394 19.36497019 0)
(55.17572255 21.84521987 0)
(62.21358063 24.63165474 0)
(70.12025768 27.76207316 0)
(79.00300883 31.27893969 0)
(88.98232978 35.22996109 0)
(100.1935913 39.66873348 0)
(112.7888758 44.65546941 0)
(126.9390399 50.25781462 0)
(142.8360324 56.55176568 0)
(160.6954982 63.62270086 0)
(180.7597034 71.56653836 0)
(203.3008215 80.49103738 0)
(228.6246259 90.51725995 0)
(257.0746374 101.7812131 0)
(289.036784 114.4356939 0)
(324.9446368 128.6523621 0)
(365.2852903 144.6240686 0)
(410.6059711 162.5674718 0)
(461.5214603 182.7259763 0)
(518.7224331 205.3730351 0)
(582.9848286 230.8158583 0)
(655.1803745 259.3995814 0)
(736.2884133 291.5119464 0)
(827.4091863 327.5885618 0)
(929.7787589 368.1188116 0)
(0.9177570082 0.3971423849 0)
(1.254576894 0.5428949661 0)
(1.632976974 0.7066406079 0)
(2.058090296 0.8906005417 0)
(2.535683578 1.097270209 0)
(3.072235438 1.32945311 0)
(3.675024273 1.590298839 0)
(4.352226994 1.883345802 0)
(5.113029947 2.21256922 0)
(5.967753526 2.582435053 0)
(6.927992169 2.99796058 0)
(8.006771643 3.464782462 0)
(9.218725736 3.989233198 0)
(10.58029477 4.578427034 0)
(12.1099486 5.240356462 0)
(13.8284372 5.984000644 0)
(15.75907208 6.819447213 0)
(17.92804258 7.758029112 0)
(20.36477106 8.812478331 0)
(23.10231207 9.997098614 0)
(26.17780073 11.32795949 0)
(29.63295644 12.82311428 0)
(33.51464886 14.50284494 0)
(37.87553367 16.38993725 0)
(42.77476684 18.50998986 0)
(48.27880713 20.89176158 0)
(54.46231759 23.56756146 0)
(61.40917835 26.57368708 0)
(69.21362452 29.95091693 0)
(77.98152445 33.74506359 0)
(87.83181587 38.00759517 0)
(98.89811931 42.79633347 0)
(111.3305507 48.17623838 0)
(125.2977575 54.22028902 0)
(140.9892068 61.01047375 0)
(158.6177553 68.63890233 0)
(178.4225366 77.20905541 0)
(200.672205 86.83718826 0)
(225.6685805 97.65390781 0)
(253.7507421 109.8059443 0)
(285.2996282 123.4581417 0)
(320.7432035 138.7956939 0)
(360.5622649 156.0266569 0)
(405.2969634 175.3847709 0)
(455.5541311 197.1326315 0)
(512.0155131 221.5652511 0)
(575.4470157 249.0140617 0)
(646.7090957 279.8514098 0)
(726.7684327 314.4956084 0)
(816.7110424 353.4166106 0)
(917.7570082 397.1423849 0)
(0.9048293232 0.425774466 0)
(1.236904706 0.5820351165 0)
(1.609974576 0.7575860419 0)
(2.029099678 0.9548086138 0)
(2.499965498 1.176378183 0)
(3.028959395 1.42530037 0)
(3.623257241 1.704951838 0)
(4.290920767 2.019126095 0)
(5.041006917 2.372084959 0)
(5.883690711 2.768616364 0)
(6.830403265 3.21409931 0)
(7.893986864 3.714576833 0)
(9.08886916 4.276837978 0)
(10.43125889 4.908509893 0)
(11.93936576 5.618161292 0)
(13.63364742 6.41541869 0)
(15.53708705 7.311096991 0)
(17.67550505 8.31734619 0)
(20.07790935 9.447816193 0)
(22.77688888 10.71784198 0)
(25.80905567 12.14465161 0)
(29.21554146 13.74759996 0)
(33.04255568 15.54843123 0)
(37.3420123 17.57157393 0)
(42.17223402 19.84447228 0)
(47.59874345 22.39795844 0)
(53.6951519 25.26667079 0)
(60.54415797 28.48952379 0)
(68.23866935 32.11023589 0)
(76.88306312 36.17792252 0)
(86.59460162 40.74776239 0)
(97.50502319 45.881746 0)
(109.7623291 51.64951652 0)
(123.5327915 58.12931452 0)
(139.0032083 65.40903934 0)
(156.383438 73.58744141 0)
(175.9092456 82.77546186 0)
(197.8455014 93.0977374 0)
(222.4897736 104.6942911 0)
(250.176365 117.7224317 0)
(281.2808479 132.3588878 0)
(316.2251589 148.8022047 0)
(355.4833221 167.2754383 0)
(399.5878798 188.0291805 0)
(449.1371163 211.3449586 0)
(504.8031734 237.5390542 0)
(567.3411688 266.9667936 0)
(637.5994388 300.0273683 0)
(716.531046 337.1692491 0)
(805.2067084 378.8962708 0)
(904.8293232 425.774466 0)
(0.8910085576 0.453986509 0)
(1.218011673 0.6206010735 0)
(1.585383108 0.8077840967 0)
(1.998106307 1.018074741 0)
(2.461779913 1.254325628 0)
(2.982693722 1.519741532 0)
(3.567913998 1.817922855 0)
(4.225379335 2.152914466 0)
(4.964008335 2.529260573 0)
(5.793820601 2.952066359 0)
(6.726072647 3.427067243 0)
(7.773410597 3.960706673 0)
(8.950041729 4.560223542 0)
(10.2719272 5.233750374 0)
(11.75699857 5.990423653 0)
(13.42540103 6.840507751 0)
(15.29976667 7.795534173 0)
(17.40552152 8.868457981 0)
(19.77123043 10.07383353 0)
(22.42898455 11.4280119 0)
(25.41483667 12.9493627 0)
(28.76929028 14.65852326 0)
(32.53784899 16.57867856 0)
(36.7716338 18.73587578 0)
(41.52807656 21.15937759 0)
(46.87169906 23.8820591 0)
(52.87498826 26.94085386 0)
(59.61937957 30.37725482 0)
(67.19636156 34.23787723 0)
(75.70871701 38.57509094 0)
(85.27191715 43.44773084 0)
(96.01568808 48.92189494 0)
(108.0857705 55.07184101 0)
(121.6458966 61.98099388 0)
(136.8800115 69.74307714 0)
(153.9947678 78.4633845 0)
(173.2223296 88.26020807 0)
(194.8235212 99.26644309 0)
(219.0913658 111.6313906 0)
(246.3550599 125.5227828 0)
(276.9844391 141.1290582 0)
(311.3949951 158.6619181 0)
(350.0535117 178.359198 0)
(393.4843968 200.4880942 0)
(442.2767961 225.3487882 0)
(497.0925852 253.2785185 0)
(558.6753474 284.6561557 0)
(627.8604613 319.9073416 0)
(705.5864321 359.5102633 0)
(792.9076229 404.0021397 0)
(891.0085576 453.986509 0)
(0.8763086335 0.4817501208 0)
(1.197916828 0.6585540235 0)
(1.559227342 0.8571842521 0)
(1.965141403 1.080335252 0)
(2.421165289 1.331034097 0)
(2.933485023 1.612681549 0)
(3.509050293 1.929098195 0)
(4.155668718 2.284576268 0)
(4.882111764 2.683937876 0)
(5.698233727 3.132600412 0)
(6.615105411 3.636650044 0)
(7.645164302 4.202924273 0)
(8.802383289 4.839104684 0)
(10.1024602 5.553821149 0)
(11.56303075 6.356768893 0)
(13.20390778 7.258840009 0)
(15.04735 8.272271213 0)
(17.11836396 9.410809834 0)
(19.44504323 10.6899003 0)
(22.05894953 12.12689365 0)
(24.99554085 13.74128288 0)
(28.29465244 15.5549674 0)
(32.00103719 17.59255009 0)
(36.1649727 19.88167103 0)
(40.84294333 22.45338244 0)
(46.09840636 25.34256994 0)
(52.00265285 28.58842574 0)
(58.6357747 32.23498031 0)
(66.08775109 36.33169965 0)
(74.45966908 40.93415631 0)
(83.86509485 46.10478322 0)
(94.43161427 51.91372063 0)
(106.3025636 58.43976755 0)
(119.6389738 65.77145069 0)
(134.6217551 74.0082253 0)
(151.4541509 83.26182433 0)
(170.364495 93.65777409 0)
(191.6093086 105.337097 0)
(215.4767805 118.4582247 0)
(242.2906762 133.199147 0)
(272.4147297 149.7598265 0)
(306.2575778 168.364911 0)
(344.2783034 189.266781 0)
(386.9926625 212.7489731 0)
(434.9800813 239.1300265 0)
(488.8915155 268.7678036 0)
(549.4582809 302.0643448 0)
(617.5019737 339.4713221 0)
(693.9456157 381.4961663 0)
(779.8261752 428.70895 0)
(876.3086335 481.7501208 0)
(0.8607441191 0.5090378781 0)
(1.176640085 0.6958564789 0)
(1.5315332 0.9057377134 0)
(1.930237637 1.141528649 0)
(2.378161876 1.40642782 0)
(2.881382068 1.704028621 0)
(3.446724463 2.038368045 0)
(4.081858005 2.413981451 0)
(4.795398367 2.835964086 0)
(5.597024818 3.310040201 0)
(6.497611529 3.842640701 0)
(7.509375078 4.440990384 0)
(8.646040174 5.113205942 0)
(9.923025831 5.86840607 0)
(11.35765453 6.716835159 0)
(12.9693872 7.670002262 0)
(14.78008721 8.740837218 0)
(16.81431695 9.943866047 0)
(19.09967101 11.295408 0)
(21.66715054 12.81379691 0)
(24.55158373 14.51962994 0)
(27.7920983 16.43604695 0)
(31.43265228 18.58904437 0)
(35.52263025 21.00782791 0)
(40.11751332 23.72520869 0)
(45.27963169 26.77804835 0)
(51.07901019 30.20775906 0)
(57.59431816 34.06086531 0)
(64.91393663 38.389635 0)
(73.13715719 43.25278847 0)
(82.37552894 48.71629504 0)
(92.75437162 54.85426791 0)
(104.4144756 61.74996951 0)
(117.5140118 69.49694095 0)
(132.2306771 78.20027093 0)
(148.7641052 87.97802129 0)
(167.338574 98.96282852 0)
(188.2060489 111.303703 0)
(211.6495998 125.1680503 0)
(237.9872418 140.7439422 0)
(267.5762483 158.2426678 0)
(300.8179983 177.9015995 0)
(338.1634206 199.9874135 0)
(380.1191107 224.7997067 0)
(427.2542032 252.6750612 0)
(480.208092 283.99161 0)
(539.6991036 319.1741662 0)
(606.5342416 358.6999858 0)
(681.6201335 403.105242 0)
(765.9753295 452.9922979 0)
(860.7441191 509.0378781 0)
(0.8443302998 0.5358230537 0)
(1.154202339 0.7324719034 0)
(1.502327878 0.9533969245 0)
(1.893429286 1.201594995 0)
(2.332811906 1.480432954 0)
(2.826436023 1.793693276 0)
(3.380997714 2.145625379 0)
(4.004019681 2.54100327 0)
(4.703953301 2.985190302 0)
(5.490293268 3.484211931 0)
(6.373706387 4.044837454 0)
(7.366176277 4.674671829 0)
(8.481165924 5.382258845 0)
(9.733800311 6.177197014 0)
(11.14107159 7.070269779 0)
(12.72206959 8.07359179 0)
(14.49824075 9.200773246 0)
(16.49367908 10.46710451 0)
(18.73545296 11.88976354 0)
(21.25397235 13.4880489 0)
(24.08340132 15.28364153 0)
(27.26212143 17.3008989 0)
(30.83325245 19.56718536 0)
(34.84523726 22.11324341 0)
(39.35249896 24.97361064 0)
(44.41617915 28.18708834 0)
(50.10496735 31.79726775 0)
(56.49603272 35.85312144 0)
(63.67607092 40.40966761 0)
(71.74248012 45.52871642 0)
(80.80468225 51.27970844 0)
(90.98560728 57.74065665 0)
(102.4233608 64.99920468 0)
(115.2730976 73.15381571 0)
(129.7091259 82.31510811 0)
(145.9272724 92.60735606 0)
(164.1475384 104.1701753 0)
(184.6170844 117.1604169 0)
(207.6135824 131.7542954 0)
(233.4489829 148.1497785 0)
(262.4737468 166.5692734 0)
(295.0815986 187.2626427 0)
(331.7148685 210.510595 0)
(372.8704914 236.6284917 0)
(419.106749 265.9706256 0)
(471.0508422 298.9350267 0)
(529.4073997 335.9688615 0)
(594.9680359 377.5744989 0)
(668.6220897 424.316325 0)
(751.3686881 476.8283988 0)
(844.3302998 535.8230537 0)
(0.8270830945 0.5620796695 0)
(1.130625351 0.7683647847 0)
(1.471639701 1.000115662 0)
(1.854752048 1.260476033 0)
(2.285159363 1.552977722 0)
(2.768700179 1.881588552 0)
(3.311933792 2.250766173 0)
(3.922229238 2.665518529 0)
(4.607865256 3.131471792 0)
(5.37814259 3.654946679 0)
(6.243510157 4.243044198 0)
(7.215706781 4.903741969 0)
(8.307920442 5.646002448 0)
(9.534967162 6.479894495 0)
(10.91349199 7.416729968 0)
(12.46219481 8.469217167 0)
(14.20208398 9.651633219 0)
(16.15676132 10.98001776 0)
(18.3527423 12.4723905 0)
(20.81981569 14.14899567 0)
(23.59144767 16.03257665 0)
(26.7052358 18.14868447 0)
(30.20341904 20.52602441 0)
(34.1334507 23.19684541 0)
(38.54864219 26.19737751 0)
(43.50888617 29.56832333 0)
(49.08146902 33.35541019 0)
(55.34198356 37.61001045 0)
(62.37535452 42.38983832 0)
(70.27699051 47.7597328 0)
(79.15407828 53.79253723 0)
(89.12703671 60.57008742 0)
(100.3311503 68.18432173 0)
(112.9184044 76.73852826 0)
(127.0595467 86.34874599 0)
(142.9464038 97.14533879 0)
(160.794483 109.2747639 0)
(180.8458958 122.9015586 0)
(203.3726425 138.2105721 0)
(228.6803011 155.4094733 0)
(257.1121737 174.7315676 0)
(289.0539423 196.4389617 0)
(324.9389012 220.8261194 0)
(365.2538348 248.2238558 0)
(410.5456205 279.0038247 0)
(461.4286475 313.5835606 0)
(518.5931507 352.4321422 0)
(582.8145744 396.0765557 0)
(654.9640906 445.1088434 0)
(736.0204174 500.1941349 0)
(827.0830945 562.0796695 0)
(0.8090189914 0.5877825036 0)
(1.105931662 0.8035006448 0)
(1.439498008 1.045849049 0)
(1.814242899 1.318115205 0)
(2.235249802 1.623992439 0)
(2.708229731 1.967630017 0)
(3.239598722 2.353689429 0)
(3.836564866 2.787407621 0)
(4.507226089 3.27466804 0)
(5.260680001 3.822080439 0)
(6.107147303 4.437070538 0)
(7.058110438 5.127980762 0)
(8.126469349 5.9041834 0)
(9.326716466 6.776207745 0)
(10.6751333 7.755882923 0)
(12.19001131 8.856498358 0)
(13.89190002 10.09298405 0)
(15.80388577 11.48211308 0)
(17.95190491 13.04272919 0)
(20.3650956 14.79600233 0)
(23.0761931 16.76571589 0)
(26.12197381 18.97858929 0)
(29.54375415 21.46464047 0)
(33.38795103 24.25759303 0)
(37.70671149 27.39533375 0)
(42.55862009 30.92042651 0)
(48.00949363 34.88068966 0)
(54.13327394 39.32984469 0)
(61.0130309 44.328245 0)
(68.74208935 49.94369454 0)
(77.42529499 56.25236764 0)
(87.18043668 63.33984231 0)
(98.1398442 71.30226107 0)
(110.4521834 80.2476352 0)
(124.2844728 90.2973099 0)
(139.8243492 101.5876103 0)
(157.2826132 114.271691 0)
(176.8960885 128.5216131 0)
(198.9308344 144.5306787 0)
(223.6857552 162.5160529 0)
(251.4966547 182.7217098 0)
(282.7407916 205.4217418 0)
(317.8419966 230.9240778 0)
(357.2764224 259.5746605 0)
(401.5790022 291.7621389 0)
(451.3507064 327.9231403 0)
(507.2666949 368.5481937 0)
(570.0854754 414.1883832 0)
(640.6591932 465.4628242 0)
(719.9451901 523.0670613 0)
(809.0189914 587.7825036 0)
(0.7901559695 0.6129058197 0)
(1.080145848 0.8378443018 0)
(1.405934788 1.090551292 0)
(1.771942158 1.374454794 0)
(2.183132897 1.693405998 0)
(2.645084864 2.051731518 0)
(3.164064498 2.454292089 0)
(3.747111828 2.906548498 0)
(4.402135968 3.414635664 0)
(5.138022408 3.985445857 0)
(5.964753547 4.626722195 0)
(6.893544102 5.347163676 0)
(7.936993242 6.156543184 0)
(9.109255494 7.065840063 0)
(10.42623275 8.087389044 0)
(11.90578999 9.235047577 0)
(13.5679976 10.5243838 0)
(15.43540364 11.97288774 0)
(17.53333974 13.60020854 0)
(19.89026467 15.42842102 0)
(22.53815044 17.48232514 0)
(25.51291597 19.78978237 0)
(28.85491435 22.38209368 0)
(32.60948024 25.29442412 0)
(36.82754483 28.56627985 0)
(41.56632672 32.24204402 0)
(46.89010813 36.37157886 0)
(52.87110687 41.01090208 0)
(59.59045597 46.2229467 0)
(67.13930431 52.07841481 0)
(75.62005303 58.65673661 0)
(85.14774461 66.04714793 0)
(95.85162348 74.34990068 0)
(107.8768892 83.6776228 0)
(121.386666 94.15684611 0)
(136.5642159 105.9297227 0)
(153.6154245 119.1559531 0)
(172.7715935 134.014953 0)
(194.292579 150.7082867 0)
(218.4703161 169.4624015 0)
(245.6327789 190.5316994 0)
(276.14843 214.2019884 0)
(310.4312182 240.794359 0)
(348.9461941 270.6695404 0)
(392.2158185 304.2327932 0)
(440.8270496 341.9394076 0)
(495.4393053 384.3008789 0)
(556.7934082 431.8918459 0)
(625.7216349 485.3578867 0)
(703.1590059 545.4242751 0)
(790.1559695 612.9058197 0)
(0.7705140299 0.6374230383 0)
(1.053295251 0.8713594215 0)
(1.370985629 1.134175098 0)
(1.727894675 1.429435197 0)
(2.12886391 1.761144961 0)
(2.579332533 2.133804079 0)
(3.085411212 2.55246772 0)
(3.653964972 3.022815113 0)
(4.29270632 3.551226583 0)
(5.01029987 4.144870102 0)
(5.816479872 4.811798525 0)
(6.722182266 5.561058823 0)
(7.739693027 6.402814814 0)
(8.882814824 7.34848503 0)
(10.16705426 8.410897614 0)
(11.60983221 9.604464334 0)
(13.23072015 10.94537608 0)
(15.05170564 12.45182251 0)
(17.0974906 14.14423876 0)
(19.39582636 16.04558268 0)
(21.97789018 18.18164626 0)
(24.87870807 20.58140549 0)
(28.13763003 23.27741343 0)
(31.79886377 26.30624177 0)
(35.91207441 29.70897699 0)
(40.53305821 33.53177764 0)
(45.72449943 37.82650052 0)
(51.55682066 42.65140413 0)
(58.10913812 48.07193891 0)
(65.47033487 54.16163516 0)
(73.74026654 61.00310042 0)
(83.03111584 68.68914008 0)
(93.46891439 77.32401629 0)
(105.1952523 87.02486231 0)
(118.369199 97.9232714 0)
(133.1694607 110.1670819 0)
(149.7968051 123.9223829 0)
(168.4767842 139.3757667 0)
(189.4627944 156.7368606 0)
(213.0395139 176.2411701 0)
(239.5267639 198.1532739 0)
(269.2838475 222.7704125 0)
(302.7144236 250.4265207 0)
(340.2719824 281.4967573 0)
(382.4659972 316.4025943 0)
(429.8688355 355.617534 0)
(483.123523 399.6735322 0)
(542.9524667 449.1682145 0)
(610.1672544 504.7729828 0)
(685.6796634 567.2421234 0)
(770.5140299 637.4230383 0)
(0.750112161 0.6613106274 0)
(1.025405828 0.9040138356 0)
(1.334684319 1.176678596 0)
(1.682143035 1.483003641 0)
(2.072495303 1.827144313 0)
(2.511036302 2.213768925 0)
(3.003714899 2.648122091 0)
(3.557214346 3.136095871 0)
(4.179042937 3.684309695 0)
(4.87763586 4.300200155 0)
(5.66246962 4.992121888 0)
(6.544190593 5.769460905 0)
(7.534759442 6.642761914 0)
(8.647613366 7.62387136 0)
(9.897848377 8.726098123 0)
(11.30242408 9.964394057 0)
(12.88039373 11.35555681 0)
(14.6531627 12.9184577 0)
(16.64477884 14.67429767 0)
(18.88225868 16.64689494 0)
(21.39595394 18.86300804 0)
(24.21996323 21.35269886 0)
(27.39259462 24.14974037 0)
(30.95688527 27.29207482 0)
(34.96118526 30.8223284 0)
(39.45981346 34.78838946 0)
(44.51379436 39.24405817 0)
(50.19168589 44.24977625 0)
(56.5705094 49.87344695 0)
(63.73679449 56.1913561 0)
(71.78775277 63.289207 0)
(80.83259657 71.26328293 0)
(90.99402041 80.2217533 0)
(102.4098654 90.28614097 0)
(115.2349889 101.5929707 0)
(129.6433655 114.2956211 0)
(145.8304467 128.5664054 0)
(164.0158125 144.5989087 0)
(184.4461498 162.6106139 0)
(207.3985988 182.8458524 0)
(233.1845126 205.5791178 0)
(262.1536805 231.1187899 0)
(294.6990732 259.8113177 0)
(331.2621733 292.0459193 0)
(372.3389641 328.2598613 0)
(418.4866578 368.9443907 0)
(470.3312539 414.6513986 0)
(528.5760315 466.0009066 0)
(594.0110887 523.6894776 0)
(667.5240608 588.499665 0)
(750.112161 661.3106274 0)
(0.7289697672 0.6845458922 0)
(0.9965041056 0.93577652 0)
(1.297065382 1.218021404 0)
(1.634730752 1.535109234 0)
(2.01408069 1.891341348 0)
(2.440261128 2.291550084 0)
(2.919053263 2.741164325 0)
(3.456951972 3.246283149 0)
(4.061253924 3.813758561 0)
(4.740156555 4.45128844 0)
(5.502869271 5.167520965 0)
(6.359738372 5.972171925 0)
(7.322387401 6.876156518 0)
(8.403874821 7.891737416 0)
(9.618871153 9.032691109 0)
(10.98385799 10.31449479 0)
(12.51735155 11.75453629 0)
(14.24015388 13.37234997 0)
(16.17563504 15.18988169 0)
(18.35005007 17.23178651 0)
(20.79289522 19.52576313 0)
(23.53730799 22.10292967 0)
(26.62051672 24.99824573 0)
(30.08434554 28.25098665 0)
(33.97578177 31.9052763 0)
(38.34761324 36.01068562 0)
(43.25914443 40.62290503 0)
(48.77700094 45.80449989 0)
(54.9760332 51.62575924 0)
(61.94033194 58.16564924 0)
(69.76436878 65.51288437 0)
(78.55427784 73.76713086 0)
(88.42929541 83.04035866 0)
(99.52337742 93.45836035 0)
(111.9870166 105.1624575 0)
(125.9892838 118.3114178 0)
(141.7201218 133.0836086 0)
(159.3929213 149.6794167 0)
(179.2474164 168.3239664 0)
(201.5529359 189.2701735 0)
(226.6120571 212.8021761 0)
(254.7647104 239.2391891 0)
(286.3927902 268.9398339 0)
(321.9253358 302.3070039 0)
(361.8443509 339.7933291 0)
(406.6913421 381.9073165 0)
(457.074665 429.2202481 0)
(513.6777761 482.3739301 0)
(577.2685041 542.0893992 0)
(648.7094657 609.1767038 0)
(728.9697672 684.5458922 0)
(0.7071067812 0.7071067812 0)
(0.9666173307 0.9666173307 0)
(1.258164287 1.258164287 0)
(1.585702524 1.585702524 0)
(1.953675142 1.953675142 0)
(2.367073738 2.367073738 0)
(2.831506119 2.831506119 0)
(3.353272373 3.353272373 0)
(3.939450329 3.939450329 0)
(4.59799157 4.59799157 0)
(5.337829294 5.337829294 0)
(6.1689995 6.1689995 0)
(7.102777122 7.102777122 0)
(8.15182898 8.15182898 0)
(9.330385602 9.330385602 0)
(10.65443426 10.65443426 0)
(12.14193587 12.14193587 0)
(13.81306857 13.81306857 0)
(15.6905015 15.6905015 0)
(17.7997023 17.7997023 0)
(20.16928255 20.16928255 0)
(22.83138593 22.83138593 0)
(25.82212423 25.82212423 0)
(29.18206721 29.18206721 0)
(32.95679295 32.95679295 0)
(37.1975061 37.1975061 0)
(41.96173251 41.96173251 0)
(47.31409954 47.31409954 0)
(53.32721277 53.32721277 0)
(60.08264089 60.08264089 0)
(67.67202217 67.67202217 0)
(76.1983076 76.1983076 0)
(85.77715737 85.77715737 0)
(96.53850986 96.53850986 0)
(108.6283443 108.6283443 0)
(122.2106608 122.2106608 0)
(137.4697054 137.4697054 0)
(154.612469 154.612469 0)
(173.8714956 173.8714956 0)
(195.5080363 195.5080363 0)
(219.8155938 219.8155938 0)
(247.1239034 247.1239034 0)
(277.8034058 277.8034058 0)
(312.2702727 312.2702727 0)
(350.9920517 350.9920517 0)
(394.4940089 394.4940089 0)
(443.3662542 443.3662542 0)
(498.2717462 498.2717462 0)
(559.955285 559.955285 0)
(629.2536163 629.2536163 0)
(707.1067812 707.1067812 0)
(0.6845458922 0.7289697672 0)
(0.93577652 0.9965041056 0)
(1.218021404 1.297065382 0)
(1.535109234 1.634730752 0)
(1.891341348 2.01408069 0)
(2.291550084 2.440261128 0)
(2.741164325 2.919053263 0)
(3.246283149 3.456951972 0)
(3.813758561 4.061253924 0)
(4.45128844 4.740156555 0)
(5.167520965 5.502869271 0)
(5.972171925 6.359738372 0)
(6.876156518 7.322387401 0)
(7.891737416 8.403874821 0)
(9.032691109 9.618871153 0)
(10.31449479 10.98385799 0)
(11.75453629 12.51735155 0)
(13.37234997 14.24015388 0)
(15.18988169 16.17563504 0)
(17.23178651 18.35005007 0)
(19.52576313 20.79289522 0)
(22.10292967 23.53730799 0)
(24.99824573 26.62051672 0)
(28.25098665 30.08434554 0)
(31.9052763 33.97578177 0)
(36.01068562 38.34761324 0)
(40.62290503 43.25914443 0)
(45.80449989 48.77700094 0)
(51.62575924 54.9760332 0)
(58.16564924 61.94033194 0)
(65.51288437 69.76436878 0)
(73.76713086 78.55427784 0)
(83.04035866 88.42929541 0)
(93.45836035 99.52337742 0)
(105.1624575 111.9870166 0)
(118.3114178 125.9892838 0)
(133.0836086 141.7201218 0)
(149.6794167 159.3929213 0)
(168.3239664 179.2474164 0)
(189.2701735 201.5529359 0)
(212.8021761 226.6120571 0)
(239.2391891 254.7647104 0)
(268.9398339 286.3927902 0)
(302.3070039 321.9253358 0)
(339.7933291 361.8443509 0)
(381.9073165 406.6913421 0)
(429.2202481 457.074665 0)
(482.3739301 513.6777761 0)
(542.0893992 577.2685041 0)
(609.1767038 648.7094657 0)
(684.5458922 728.9697672 0)
(0.6613106274 0.750112161 0)
(0.9040138356 1.025405828 0)
(1.176678596 1.334684319 0)
(1.483003641 1.682143035 0)
(1.827144313 2.072495303 0)
(2.213768925 2.511036302 0)
(2.648122091 3.003714899 0)
(3.136095871 3.557214346 0)
(3.684309695 4.179042937 0)
(4.300200155 4.87763586 0)
(4.992121888 5.66246962 0)
(5.769460905 6.544190593 0)
(6.642761914 7.534759442 0)
(7.62387136 8.647613366 0)
(8.726098123 9.897848377 0)
(9.964394057 11.30242408 0)
(11.35555681 12.88039373 0)
(12.9184577 14.6531627 0)
(14.67429767 16.64477884 0)
(16.64689494 18.88225868 0)
(18.86300804 21.39595394 0)
(21.35269886 24.21996323 0)
(24.14974037 27.39259462 0)
(27.29207482 30.95688527 0)
(30.8223284 34.96118526 0)
(34.78838946 39.45981346 0)
(39.24405817 44.51379436 0)
(44.24977625 50.19168589 0)
(49.87344695 56.5705094 0)
(56.1913561 63.73679449 0)
(63.289207 71.78775277 0)
(71.26328293 80.83259657 0)
(80.2217533 90.99402041 0)
(90.28614097 102.4098654 0)
(101.5929707 115.2349889 0)
(114.2956211 129.6433655 0)
(128.5664054 145.8304467 0)
(144.5989087 164.0158125 0)
(162.6106139 184.4461498 0)
(182.8458524 207.3985988 0)
(205.5791178 233.1845126 0)
(231.1187899 262.1536805 0)
(259.8113177 294.6990732 0)
(292.0459193 331.2621733 0)
(328.2598613 372.3389641 0)
(368.9443907 418.4866578 0)
(414.6513986 470.3312539 0)
(466.0009066 528.5760315 0)
(523.6894776 594.0110887 0)
(588.499665 667.5240608 0)
(661.3106274 750.112161 0)
(0.6374230383 0.7705140299 0)
(0.8713594215 1.053295251 0)
(1.134175098 1.370985629 0)
(1.429435197 1.727894675 0)
(1.761144961 2.12886391 0)
(2.133804079 2.579332533 0)
(2.55246772 3.085411212 0)
(3.022815113 3.653964972 0)
(3.551226583 4.29270632 0)
(4.144870102 5.01029987 0)
(4.811798525 5.816479872 0)
(5.561058823 6.722182266 0)
(6.402814814 7.739693027 0)
(7.34848503 8.882814824 0)
(8.410897614 10.16705426 0)
(9.604464334 11.60983221 0)
(10.94537608 13.23072015 0)
(12.45182251 15.05170564 0)
(14.14423876 17.0974906 0)
(16.04558268 19.39582636 0)
(18.18164626 21.97789018 0)
(20.58140549 24.87870807 0)
(23.27741343 28.13763003 0)
(26.30624177 31.79886377 0)
(29.70897699 35.91207441 0)
(33.53177764 40.53305821 0)
(37.82650052 45.72449943 0)
(42.65140413 51.55682066 0)
(48.07193891 58.10913812 0)
(54.16163516 65.47033487 0)
(61.00310042 73.74026654 0)
(68.68914008 83.03111584 0)
(77.32401629 93.46891439 0)
(87.02486231 105.1952523 0)
(97.9232714 118.369199 0)
(110.1670819 133.1694607 0)
(123.9223829 149.7968051 0)
(139.3757667 168.4767842 0)
(156.7368606 189.4627944 0)
(176.2411701 213.0395139 0)
(198.1532739 239.5267639 0)
(222.7704125 269.2838475 0)
(250.4265207 302.7144236 0)
(281.4967573 340.2719824 0)
(316.4025943 382.4659972 0)
(355.617534 429.8688355 0)
(399.6735322 483.123523 0)
(449.1682145 542.9524667 0)
(504.7729828 610.1672544 0)
(567.2421234 685.6796634 0)
(637.4230383 770.5140299 0)
(0.6129058197 0.7901559695 0)
(0.8378443018 1.080145848 0)
(1.090551292 1.405934788 0)
(1.374454794 1.771942158 0)
(1.693405998 2.183132897 0)
(2.051731518 2.645084864 0)
(2.454292089 3.164064498 0)
(2.906548498 3.747111828 0)
(3.414635664 4.402135968 0)
(3.985445857 5.138022408 0)
(4.626722195 5.964753547 0)
(5.347163676 6.893544102 0)
(6.156543184 7.936993242 0)
(7.065840063 9.109255494 0)
(8.087389044 10.42623275 0)
(9.235047577 11.90578999 0)
(10.5243838 13.5679976 0)
(11.97288774 15.43540364 0)
(13.60020854 17.53333974 0)
(15.42842102 19.89026467 0)
(17.48232514 22.53815044 0)
(19.78978237 25.51291597 0)
(22.38209368 28.85491435 0)
(25.29442412 32.60948024 0)
(28.56627985 36.82754483 0)
(32.24204402 41.56632672 0)
(36.37157886 46.89010813 0)
(41.01090208 52.87110687 0)
(46.2229467 59.59045597 0)
(52.07841481 67.13930431 0)
(58.65673661 75.62005303 0)
(66.04714793 85.14774461 0)
(74.34990068 95.85162348 0)
(83.6776228 107.8768892 0)
(94.15684611 121.386666 0)
(105.9297227 136.5642159 0)
(119.1559531 153.6154245 0)
(134.014953 172.7715935 0)
(150.7082867 194.292579 0)
(169.4624015 218.4703161 0)
(190.5316994 245.6327789 0)
(214.2019884 276.14843 0)
(240.794359 310.4312182 0)
(270.6695404 348.9461941 0)
(304.2327932 392.2158185 0)
(341.9394076 440.8270496 0)
(384.3008789 495.4393053 0)
(431.8918459 556.7934082 0)
(485.3578867 625.7216349 0)
(545.4242751 703.1590059 0)
(612.9058197 790.1559695 0)
(0.5877825036 0.8090189914 0)
(0.8035006448 1.105931662 0)
(1.045849049 1.439498008 0)
(1.318115205 1.814242899 0)
(1.623992439 2.235249802 0)
(1.967630017 2.708229731 0)
(2.353689429 3.239598722 0)
(2.787407621 3.836564866 0)
(3.27466804 4.507226089 0)
(3.822080439 5.260680001 0)
(4.437070538 6.107147303 0)
(5.127980762 7.058110438 0)
(5.9041834 8.126469349 0)
(6.776207745 9.326716466 0)
(7.755882923 10.6751333 0)
(8.856498358 12.19001131 0)
(10.09298405 13.89190002 0)
(11.48211308 15.80388577 0)
(13.04272919 17.95190491 0)
(14.79600233 20.3650956 0)
(16.76571589 23.0761931 0)
(18.97858929 26.12197381 0)
(21.46464047 29.54375415 0)
(24.25759303 33.38795103 0)
(27.39533375 37.70671149 0)
(30.92042651 42.55862009 0)
(34.88068966 48.00949363 0)
(39.32984469 54.13327394 0)
(44.328245 61.0130309 0)
(49.94369454 68.74208935 0)
(56.25236764 77.42529499 0)
(63.33984231 87.18043668 0)
(71.30226107 98.1398442 0)
(80.2476352 110.4521834 0)
(90.2973099 124.2844728 0)
(101.5876103 139.8243492 0)
(114.271691 157.2826132 0)
(128.5216131 176.8960885 0)
(144.5306787 198.9308344 0)
(162.5160529 223.6857552 0)
(182.7217098 251.4966547 0)
(205.4217418 282.7407916 0)
(230.9240778 317.8419966 0)
(259.5746605 357.2764224 0)
(291.7621389 401.5790022 0)
(327.9231403 451.3507064 0)
(368.5481937 507.2666949 0)
(414.1883832 570.0854754 0)
(465.4628242 640.6591932 0)
(523.0670613 719.9451901 0)
(587.7825036 809.0189914 0)
(0.5620796695 0.8270830945 0)
(0.7683647847 1.130625351 0)
(1.000115662 1.471639701 0)
(1.260476033 1.854752048 0)
(1.552977722 2.285159363 0)
(1.881588552 2.768700179 0)
(2.250766173 3.311933792 0)
(2.665518529 3.922229238 0)
(3.131471792 4.607865256 0)
(3.654946679 5.37814259 0)
(4.243044198 6.243510157 0)
(4.903741969 7.215706781 0)
(5.646002448 8.307920442 0)
(6.479894495 9.534967162 0)
(7.416729968 10.91349199 0)
(8.469217167 12.46219481 0)
(9.651633219 14.20208398 0)
(10.98001776 16.15676132 0)
(12.4723905 18.3527423 0)
(14.14899567 20.81981569 0)
(16.03257665 23.59144767 0)
(18.14868447 26.7052358 0)
(20.52602441 30.20341904 0)
(23.19684541 34.1334507 0)
(26.19737751 38.54864219 0)
(29.56832333 43.50888617 0)
(33.35541019 49.08146902 0)
(37.61001045 55.34198356 0)
(42.38983832 62.37535452 0)
(47.7597328 70.27699051 0)
(53.79253723 79.15407828 0)
(60.57008742 89.12703671 0)
(68.18432173 100.3311503 0)
(76.73852826 112.9184044 0)
(86.34874599 127.0595467 0)
(97.14533879 142.9464038 0)
(109.2747639 160.794483 0)
(122.9015586 180.8458958 0)
(138.2105721 203.3726425 0)
(155.4094733 228.6803011 0)
(174.7315676 257.1121737 0)
(196.4389617 289.0539423 0)
(220.8261194 324.9389012 0)
(248.2238558 365.2538348 0)
(279.0038247 410.5456205 0)
(313.5835606 461.4286475 0)
(352.4321422 518.5931507 0)
(396.0765557 582.8145744 0)
(445.1088434 654.9640906 0)
(500.1941349 736.0204174 0)
(562.0796695 827.0830945 0)
(0.5358230537 0.8443302998 0)
(0.7324719034 1.154202339 0)
(0.9533969245 1.502327878 0)
(1.201594995 1.893429286 0)
(1.480432954 2.332811906 0)
(1.793693276 2.826436023 0)
(2.145625379 3.380997714 0)
(2.54100327 4.004019681 0)
(2.985190302 4.703953301 0)
(3.484211931 5.490293268 0)
(4.044837454 6.373706387 0)
(4.674671829 7.366176277 0)
(5.382258845 8.481165924 0)
(6.177197014 9.733800311 0)
(7.070269779 11.14107159 0)
(8.07359179 12.72206959 0)
(9.200773246 14.49824075 0)
(10.46710451 16.49367908 0)
(11.88976354 18.73545296 0)
(13.4880489 21.25397235 0)
(15.28364153 24.08340132 0)
(17.3008989 27.26212143 0)
(19.56718536 30.83325245 0)
(22.11324341 34.84523726 0)
(24.97361064 39.35249896 0)
(28.18708834 44.41617915 0)
(31.79726775 50.10496735 0)
(35.85312144 56.49603272 0)
(40.40966761 63.67607092 0)
(45.52871642 71.74248012 0)
(51.27970844 80.80468225 0)
(57.74065665 90.98560728 0)
(64.99920468 102.4233608 0)
(73.15381571 115.2730976 0)
(82.31510811 129.7091259 0)
(92.60735606 145.9272724 0)
(104.1701753 164.1475384 0)
(117.1604169 184.6170844 0)
(131.7542954 207.6135824 0)
(148.1497785 233.4489829 0)
(166.5692734 262.4737468 0)
(187.2626427 295.0815986 0)
(210.510595 331.7148685 0)
(236.6284917 372.8704914 0)
(265.9706256 419.106749 0)
(298.9350267 471.0508422 0)
(335.9688615 529.4073997 0)
(377.5744989 594.9680359 0)
(424.316325 668.6220897 0)
(476.8283988 751.3686881 0)
(535.8230537 844.3302998 0)
(0.5090378781 0.8607441191 0)
(0.6958564789 1.176640085 0)
(0.9057377134 1.5315332 0)
(1.141528649 1.930237637 0)
(1.40642782 2.378161876 0)
(1.704028621 2.881382068 0)
(2.038368045 3.446724463 0)
(2.413981451 4.081858005 0)
(2.835964086 4.795398367 0)
(3.310040201 5.597024818 0)
(3.842640701 6.497611529 0)
(4.440990384 7.509375078 0)
(5.113205942 8.646040174 0)
(5.86840607 9.923025831 0)
(6.716835159 11.35765453 0)
(7.670002262 12.9693872 0)
(8.740837218 14.78008721 0)
(9.943866047 16.81431695 0)
(11.295408 19.09967101 0)
(12.81379691 21.66715054 0)
(14.51962994 24.55158373 0)
(16.43604695 27.7920983 0)
(18.58904437 31.43265228 0)
(21.00782791 35.52263025 0)
(23.72520869 40.11751332 0)
(26.77804835 45.27963169 0)
(30.20775906 51.07901019 0)
(34.06086531 57.59431816 0)
(38.389635 64.91393663 0)
(43.25278847 73.13715719 0)
(48.71629504 82.37552894 0)
(54.85426791 92.75437162 0)
(61.74996951 104.4144756 0)
(69.49694095 117.5140118 0)
(78.20027093 132.2306771 0)
(87.97802129 148.7641052 0)
(98.96282852 167.338574 0)
(111.303703 188.2060489 0)
(125.1680503 211.6495998 0)
(140.7439422 237.9872418 0)
(158.2426678 267.5762483 0)
(177.9015995 300.8179983 0)
(199.9874135 338.1634206 0)
(224.7997067 380.1191107 0)
(252.6750612 427.2542032 0)
(283.99161 480.208092 0)
(319.1741662 539.6991036 0)
(358.6999858 606.5342416 0)
(403.105242 681.6201335 0)
(452.9922979 765.9753295 0)
(509.0378781 860.7441191 0)
(0.4817501208 0.8763086335 0)
(0.6585540235 1.197916828 0)
(0.8571842521 1.559227342 0)
(1.080335252 1.965141403 0)
(1.331034097 2.421165289 0)
(1.612681549 2.933485023 0)
(1.929098195 3.509050293 0)
(2.284576268 4.155668718 0)
(2.683937876 4.882111764 0)
(3.132600412 5.698233727 0)
(3.636650044 6.615105411 0)
(4.202924273 7.645164302 0)
(4.839104684 8.802383289 0)
(5.553821149 10.1024602 0)
(6.356768893 11.56303075 0)
(7.258840009 13.20390778 0)
(8.272271213 15.04735 0)
(9.410809834 17.11836396 0)
(10.6899003 19.44504323 0)
(12.12689365 22.05894953 0)
(13.74128288 24.99554085 0)
(15.5549674 28.29465244 0)
(17.59255009 32.00103719 0)
(19.88167103 36.1649727 0)
(22.45338244 40.84294333 0)
(25.34256994 46.09840636 0)
(28.58842574 52.00265285 0)
(32.23498031 58.6357747 0)
(36.33169965 66.08775109 0)
(40.93415631 74.45966908 0)
(46.10478322 83.86509485 0)
(51.91372063 94.43161427 0)
(58.43976755 106.3025636 0)
(65.77145069 119.6389738 0)
(74.0082253 134.6217551 0)
(83.26182433 151.4541509 0)
(93.65777409 170.364495 0)
(105.337097 191.6093086 0)
(118.4582247 215.4767805 0)
(133.199147 242.2906762 0)
(149.7598265 272.4147297 0)
(168.364911 306.2575778 0)
(189.266781 344.2783034 0)
(212.7489731 386.9926625 0)
(239.1300265 434.9800813 0)
(268.7678036 488.8915155 0)
(302.0643448 549.4582809 0)
(339.4713221 617.5019737 0)
(381.4961663 693.9456157 0)
(428.70895 779.8261752 0)
(481.7501208 876.3086335 0)
(0.453986509 0.8910085576 0)
(0.6206010735 1.218011673 0)
(0.8077840967 1.585383108 0)
(1.018074741 1.998106307 0)
(1.254325628 2.461779913 0)
(1.519741532 2.982693722 0)
(1.817922855 3.567913998 0)
(2.152914466 4.225379335 0)
(2.529260573 4.964008335 0)
(2.952066359 5.793820601 0)
(3.427067243 6.726072647 0)
(3.960706673 7.773410597 0)
(4.560223542 8.950041729 0)
(5.233750374 10.2719272 0)
(5.990423653 11.75699857 0)
(6.840507751 13.42540103 0)
(7.795534173 15.29976667 0)
(8.868457981 17.40552152 0)
(10.07383353 19.77123043 0)
(11.4280119 22.42898455 0)
(12.9493627 25.41483667 0)
(14.65852326 28.76929028 0)
(16.57867856 32.53784899 0)
(18.73587578 36.7716338 0)
(21.15937759 41.52807656 0)
(23.8820591 46.87169906 0)
(26.94085386 52.87498826 0)
(30.37725482 59.61937957 0)
(34.23787723 67.19636156 0)
(38.57509094 75.70871701 0)
(43.44773084 85.27191715 0)
(48.92189494 96.01568808 0)
(55.07184101 108.0857705 0)
(61.98099388 121.6458966 0)
(69.74307714 136.8800115 0)
(78.4633845 153.9947678 0)
(88.26020807 173.2223296 0)
(99.26644309 194.8235212 0)
(111.6313906 219.0913658 0)
(125.5227828 246.3550599 0)
(141.1290582 276.9844391 0)
(158.6619181 311.3949951 0)
(178.359198 350.0535117 0)
(200.4880942 393.4843968 0)
(225.3487882 442.2767961 0)
(253.2785185 497.0925852 0)
(284.6561557 558.6753474 0)
(319.9073416 627.8604613 0)
(359.5102633 705.5864321 0)
(404.0021397 792.9076229 0)
(453.986509 891.0085576 0)
(0.425774466 0.9048293232 0)
(0.5820351165 1.236904706 0)
(0.7575860419 1.609974576 0)
(0.9548086138 2.029099678 0)
(1.176378183 2.499965498 0)
(1.42530037 3.028959395 0)
(1.704951838 3.623257241 0)
(2.019126095 4.290920767 0)
(2.372084959 5.041006917 0)
(2.768616364 5.883690711 0)
(3.21409931 6.830403265 0)
(3.714576833 7.893986864 0)
(4.276837978 9.08886916 0)
(4.908509893 10.43125889 0)
(5.618161292 11.93936576 0)
(6.41541869 13.63364742 0)
(7.311096991 15.53708705 0)
(8.31734619 17.67550505 0)
(9.447816193 20.07790935 0)
(10.71784198 22.77688888 0)
(12.14465161 25.80905567 0)
(13.74759996 29.21554146 0)
(15.54843123 33.04255568 0)
(17.57157393 37.3420123 0)
(19.84447228 42.17223402 0)
(22.39795844 47.59874345 0)
(25.26667079 53.6951519 0)
(28.48952379 60.54415797 0)
(32.11023589 68.23866935 0)
(36.17792252 76.88306312 0)
(40.74776239 86.59460162 0)
(45.881746 97.50502319 0)
(51.64951652 109.7623291 0)
(58.12931452 123.5327915 0)
(65.40903934 139.0032083 0)
(73.58744141 156.383438 0)
(82.77546186 175.9092456 0)
(93.0977374 197.8455014 0)
(104.6942911 222.4897736 0)
(117.7224317 250.176365 0)
(132.3588878 281.2808479 0)
(148.8022047 316.2251589 0)
(167.2754383 355.4833221 0)
(188.0291805 399.5878798 0)
(211.3449586 449.1371163 0)
(237.5390542 504.8031734 0)
(266.9667936 567.3411688 0)
(300.0273683 637.5994388 0)
(337.1692491 716.531046 0)
(378.8962708 805.2067084 0)
(425.774466 904.8293232 0)
(0.3971423849 0.9177570082 0)
(0.5428949661 1.254576894 0)
(0.7066406079 1.632976974 0)
(0.8906005417 2.058090296 0)
(1.097270209 2.535683578 0)
(1.32945311 3.072235438 0)
(1.590298839 3.675024273 0)
(1.883345802 4.352226994 0)
(2.21256922 5.113029947 0)
(2.582435053 5.967753526 0)
(2.99796058 6.927992169 0)
(3.464782462 8.006771643 0)
(3.989233198 9.218725736 0)
(4.578427034 10.58029477 0)
(5.240356462 12.1099486 0)
(5.984000644 13.8284372 0)
(6.819447213 15.75907208 0)
(7.758029112 17.92804258 0)
(8.812478331 20.36477106 0)
(9.997098614 23.10231207 0)
(11.32795949 26.17780073 0)
(12.82311428 29.63295644 0)
(14.50284494 33.51464886 0)
(16.38993725 37.87553367 0)
(18.50998986 42.77476684 0)
(20.89176158 48.27880713 0)
(23.56756146 54.46231759 0)
(26.57368708 61.40917835 0)
(29.95091693 69.21362452 0)
(33.74506359 77.98152445 0)
(38.00759517 87.83181587 0)
(42.79633347 98.89811931 0)
(48.17623838 111.3305507 0)
(54.22028902 125.2977575 0)
(61.01047375 140.9892068 0)
(68.63890233 158.6177553 0)
(77.20905541 178.4225366 0)
(86.83718826 200.672205 0)
(97.65390781 225.6685805 0)
(109.8059443 253.7507421 0)
(123.4581417 285.2996282 0)
(138.7956939 320.7432035 0)
(156.0266569 360.5622649 0)
(175.3847709 405.2969634 0)
(197.1326315 455.5541311 0)
(221.5652511 512.0155131 0)
(249.0140617 575.4470157 0)
(279.8514098 646.7090957 0)
(314.4956084 726.7684327 0)
(353.4166106 816.7110424 0)
(397.1423849 917.7570082 0)
(0.3681188116 0.9297787589 0)
(0.5032196445 1.271010668 0)
(0.6549985866 1.654367432 0)
(0.8255145396 2.085049337 0)
(1.017080575 2.56889864 0)
(1.232295312 3.112478823 0)
(1.474078167 3.723163623 0)
(1.745708957 4.409237061 0)
(2.050872389 5.180005815 0)
(2.393708047 6.045925465 0)
(2.778866543 7.018742329 0)
(3.211572602 8.111652796 0)
(3.69769594 9.339482343 0)
(4.243830885 10.71888664 0)
(4.857385831 12.2685775 0)
(5.546683732 14.00957667 0)
(6.321075008 15.96550105 0)
(7.191064378 18.16288302 0)
(8.168453365 20.63153034 0)
(9.266500382 23.40493056 0)
(10.50010058 26.52070522 0)
(11.88598792 30.02112021 0)
(13.44296214 33.95365914 0)
(15.1921438 38.37166741 0)
(17.1572608 43.33507592 0)
(19.36497019 48.91121394 0)
(21.84521987 55.17572255 0)
(24.63165474 62.21358063 0)
(27.76207316 70.12025768 0)
(31.27893969 79.00300883 0)
(35.22996109 88.98232978 0)
(39.66873348 100.1935913 0)
(44.65546941 112.7888758 0)
(50.25781462 126.9390399 0)
(56.55176568 142.8360324 0)
(63.62270086 160.6954982 0)
(71.56653836 180.7597034 0)
(80.49103738 203.3008215 0)
(90.51725995 228.6246259 0)
(101.7812131 257.0746374 0)
(114.4356939 289.036784 0)
(128.6523621 324.9446368 0)
(144.6240686 365.2852903 0)
(162.5674718 410.6059711 0)
(182.7259763 461.5214603 0)
(205.3730351 518.7224331 0)
(230.8158583 582.9848286 0)
(259.3995814 655.1803745 0)
(291.5119464 736.2884133 0)
(327.5885618 827.4091863 0)
(368.1188116 929.7787589 0)
(0.3387321618 0.9408828421 0)
(0.4630479961 1.286189986 0)
(0.6027105386 1.674125071 0)
(0.7596143303 2.109950488 0)
(0.9358877922 2.599578266 0)
(1.133922097 3.149650272 0)
(1.356403608 3.767628307 0)
(1.606350314 4.461895325 0)
(1.887152778 5.24186915 0)
(2.202620122 6.118130233 0)
(2.557031702 7.102565172 0)
(2.955195159 8.208527957 0)
(3.402511634 9.451021124 0)
(3.905049035 10.84689926 0)
(4.469624347 12.41509763 0)
(5.103896112 14.17688906 0)
(5.81646831 16.15617249 0)
(6.617007079 18.37979716 0)
(7.516371833 20.87792684 0)
(8.526762576 23.68444899 0)
(9.661885394 26.83743445 0)
(10.93713838 30.37965391 0)
(12.36982051 34.35915803 0)
(13.97936631 38.82992932 0)
(15.78760948 43.8526144 0)
(17.81907908 49.49534665 0)
(20.10133228 55.83467051 0)
(22.66532813 62.95657973 0)
(25.5458476 70.95768397 0)
(28.78196529 79.94651929 0)
(32.4175796 90.04502042 0)
(36.50200811 101.3901749 0)
(41.09065664 114.1358813 0)
(46.24577081 128.4550367 0)
(52.03728046 144.5418825 0)
(58.54374816 162.6146388 0)
(65.85343504 182.9184651 0)
(74.06549797 205.7287854 0)
(83.29133468 231.3550248 0)
(93.65609488 260.1448066 0)
(105.3003779 292.4886681 0)
(118.3821401 328.8253581 0)
(133.0788372 369.6477886 0)
(149.5898319 415.5097214 0)
(168.1390981 467.0332798 0)
(188.978259 524.9173876 0)
(212.3900007 589.9472505 0)
(238.6919066 663.0050074 0)
(268.2407654 745.0816964 0)
(301.4374115 837.2906988 0)
(338.7321618 940.8828421 0)
(0.3090113231 0.951058359 0)
(0.4224195104 1.300099952 0)
(0.549827864 1.692230501 0)
(0.6929646952 2.132769308 0)
(0.8537716744 2.627692343 0)
(1.03443017 3.183713301 0)
(1.237390838 3.808374682 0)
(1.465406867 4.510150101 0)
(1.721571326 5.298559235 0)
(2.009359119 6.184296959 0)
(2.332674126 7.179378425 0)
(2.695902159 8.297302044 0)
(3.103970454 9.553232601 0)
(3.562414512 10.96420696 0)
(4.077453189 12.54936518 0)
(4.656073053 14.33021014 0)
(5.306123159 16.33089925 0)
(6.036421524 18.57857211 0)
(6.856874744 21.10371871 0)
(7.778612375 23.940593 0)
(8.814137912 27.12767757 0)
(9.977498398 30.70820563 0)
(11.28447497 34.73074754 0)
(12.75279695 39.2498696 0)
(14.40238231 44.32687432 0)
(16.2556079 50.03063193 0)
(18.33761297 56.43851469 0)
(20.6766402 63.63744637 0)
(23.30441882 71.72508144 0)
(26.25659497 80.81112976 0)
(29.57321534 91.01884478 0)
(33.29927032 102.4866955 0)
(37.48530434 115.3702449 0)
(42.18810151 129.84426 0)
(47.47145591 146.1050828 0)
(53.40703694 164.3732935 0)
(60.07536156 184.8967028 0)
(67.56688648 207.9537136 0)
(75.98323524 233.8570972 0)
(85.43857673 262.9582365 0)
(96.06117392 295.6518923 0)
(107.9951238 332.3815586 0)
(121.4023119 373.645478 0)
(136.4646086 420.0034012 0)
(153.386336 472.0841796 0)
(172.3970395 530.594296 0)
(193.7546018 596.3274478 0)
(217.7487413 670.1753142 0)
(244.7049415 753.1396511 0)
(274.9888669 846.3458811 0)
(309.0113231 951.058359 0)
(0.2789855883 0.9602952887 0)
(0.3813742306 1.312726866 0)
(0.4964026837 1.70866589 0)
(0.6256313239 2.153483327 0)
(0.7708131549 2.653213184 0)
(0.9339175877 3.214634365 0)
(1.117157156 3.845362622 0)
(1.323017528 4.553953869 0)
(1.554291229 5.35002024 0)
(1.814115516 6.244360483 0)
(2.106014941 7.249106442 0)
(2.433949158 8.377887631 0)
(2.802366639 9.646016117 0)
(3.216265017 11.07069423 0)
(3.681258878 12.67124793 0)
(4.203655926 14.46938892 0)
(4.790542548 16.48950925 0)
(5.449879937 18.7590121 0)
(6.190612095 21.3086836 0)
(7.022787151 24.17311036 0)
(7.957693673 27.39114873 0)
(9.008013791 31.00645183 0)
(10.18799524 35.06806172 0)
(11.51364462 39.63107469 0)
(13.00294455 44.75738862 0)
(14.67609758 50.51654263 0)
(16.55580026 56.98666044 0)
(18.66755099 64.25551004 0)
(21.03999597 72.42169436 0)
(23.70531773 81.59598877 0)
(26.69967171 91.90284381 0)
(30.06367672 103.4820734 0)
(33.84296594 116.4907512 0)
(38.08880594 131.1053417 0)
(42.8587921 147.5240939 0)
(48.21762993 165.9697303 0)
(54.23801277 186.6924684 0)
(61.00160792 209.9734149 0)
(68.60016446 236.128379 0)
(77.13675781 265.5121562 0)
(86.72718802 298.5233415 0)
(97.50155054 335.609736 0)
(109.6060011 377.2744215 0)
(123.204738 424.0825851 0)
(138.4822302 476.6691858 0)
(155.6457187 535.7475678 0)
(174.9280286 602.1191374 0)
(196.5907271 676.6842336 0)
(220.9276714 760.4543421 0)
(248.2689956 854.5658156 0)
(278.9855883 960.2952887 0)
(0.2486846035 0.9685845177 0)
(0.3399526832 1.324058269 0)
(0.4424877476 1.723415023 0)
(0.5576806983 2.172072105 0)
(0.6870941433 2.67611561 0)
(0.8324835931 3.242382955 0)
(0.9958212752 3.878555632 0)
(1.179322887 4.593263409 0)
(1.385477652 5.396201393 0)
(1.617082088 6.298261543 0)
(1.87727794 7.311680428 0)
(2.169594799 8.450205209 0)
(2.497997982 9.729280127 0)
(2.866942323 11.166256 0)
(3.2814326 12.78062561 0)
(3.747091431 14.59428809 0)
(4.270235539 16.63184601 0)
(4.857961443 18.92093912 0)
(5.518241725 21.49261927 0)
(6.260033175 24.38177164 0)
(7.093398292 27.62758799 0)
(8.029641787 31.27409823 0)
(9.081463927 35.37076777 0)
(10.26313282 39.97316848 0)
(11.59067796 45.14373253 0)
(13.08210768 50.95259933 0)
(14.75765342 57.47856692 0)
(16.64004419 64.81016093 0)
(18.75481485 73.04683541 0)
(21.13065257 82.30032196 0)
(23.7997859 92.69614534 0)
(26.79842199 104.3753263 0)
(30.16723773 117.4962945 0)
(33.95193157 132.2370376 0)
(38.20384338 148.7975158 0)
(42.98065091 167.4023741 0)
(48.3471522 188.30399 0)
(54.37614455 211.7858967 0)
(61.14941205 238.1666294 0)
(68.75883499 267.8040461 0)
(77.30763619 301.1001826 0)
(86.9117813 338.5067053 0)
(97.70155181 380.5310386 0)
(109.8233124 427.7432483 0)
(123.4414964 480.7837744 0)
(138.7408363 540.3721185 0)
(155.9288697 607.3166047 0)
(175.2387545 682.5253438 0)
(196.9324319 767.0185524 0)
(221.3041796 861.9423922 0)
(248.6846035 968.5845177 0)
(0.2181383409 0.9759178573 0)
(0.2981958402 1.334082969 0)
(0.3881363854 1.736463329 0)
(0.4891800319 2.188517281 0)
(0.6026974502 2.696376996 0)
(0.7302285194 3.26693166 0)
(0.8735032154 3.907920923 0)
(1.034465079 4.62803989 0)
(1.215297578 5.437057071 0)
(1.418453731 6.345946892 0)
(1.646689378 7.367038566 0)
(1.903100566 8.514183337 0)
(2.191165547 9.802942377 0)
(2.514791961 11.25079788 0)
(2.878369843 12.87739019 0)
(3.286831176 14.70478425 0)
(3.745716793 16.75776891 0)
(4.261251538 19.06419318 0)
(4.84042871 21.65534402 0)
(5.491104923 24.56637072 0)
(6.222106688 27.83676177 0)
(7.043350142 31.51088044 0)
(7.96597556 35.63856665 0)
(9.002498482 40.27581302 0)
(10.16697948 45.48552441 0)
(11.47521489 51.33837125 0)
(12.94495111 57.9137482 0)
(14.59612529 65.30085112 0)
(16.45113585 73.59988705 0)
(18.53514624 82.92343352 0)
(20.87642635 93.39796568 0)
(23.50673595 105.165572 0)
(26.46175555 118.3858815 0)
(29.78157038 133.2382296 0)
(33.51121417 149.9240904 0)
(37.70128004 168.6698097 0)
(42.4086068 189.7296757 0)
(47.69704995 213.3893684 0)
(53.63834795 239.9698347 0)
(60.31309528 269.8316421 0)
(67.81183579 303.37987 0)
(76.2362909 341.0696046 0)
(85.70073947 383.4121122 0)
(96.333568 430.9817747 0)
(108.2790122 484.4238807 0)
(121.6991137 544.4633797 0)
(136.775918 611.9147155 0)
(153.7139438 687.6928744 0)
(172.7429578 772.8257973 0)
(194.121091 868.4683238 0)
(218.1383409 975.9178573 0)
(0.1873771008 0.9822880545 0)
(0.2561451224 1.34279105 0)
(0.3334025112 1.747797904 0)
(0.4201972739 2.202802588 0)
(0.5177067931 2.713977302 0)
(0.6272537985 3.288256199 0)
(0.7503243099 3.93342945 0)
(0.8885877952 4.658248915 0)
(1.043919817 5.472546867 0)
(1.218427475 6.387369367 0)
(1.414477989 7.415126105 0)
(1.63473081 8.569758738 0)
(1.882173698 9.866930013 0)
(2.160163248 11.32423623 0)
(2.472470425 12.96144594 0)
(2.823331718 14.80076812 0)
(3.217506608 16.86715342 0)
(3.66034213 19.18863262 0)
(4.157845406 21.79669691 0)
(4.716765135 24.72672503 0)
(5.344683139 28.01846319 0)
(6.050117208 31.71656427 0)
(6.84263665 35.8711935 0)
(7.732992097 40.53870899 0)
(8.73326134 45.7824262 0)
(9.857013165 51.67347687 0)
(11.11949142 58.29177387 0)
(12.53782178 65.72709529 0)
(14.13124409 74.08030227 0)
(15.92137335 83.46470717 0)
(17.93249289 94.0076107 0)
(20.19188381 105.8520288 0)
(22.73019506 119.1586324 0)
(25.58185917 134.1079276 0)
(28.78555935 150.9027035 0)
(32.38475421 169.7707834 0)
(36.42826731 190.9681155 0)
(40.97094946 214.7822442 0)
(46.07442273 241.5362116 0)
(51.80791644 271.5929386 0)
(58.24920618 305.3601489 0)
(65.48566891 343.2958992 0)
(73.61546823 385.9147929 0)
(82.74888593 433.7949611 0)
(93.00981806 487.5859047 0)
(104.5374555 548.017305 0)
(117.4881723 615.908922 0)
(132.0376465 692.1817145 0)
(148.3832438 777.8703333 0)
(166.7466944 874.1371559 0)
(187.3771008 982.2880545 0)
(0.1564310355 0.9876888838 0)
(0.2138417478 1.350174002 0)
(0.2783397749 1.75740767 0)
(0.3508000411 2.214914067 0)
(0.4322054796 2.728899328 0)
(0.5236603661 3.306335733 0)
(0.6264052984 3.955056284 0)
(0.7418340252 4.683860961 0)
(0.8715123525 5.502636097 0)
(1.017199384 6.422488487 0)
(1.180871385 7.45589605 0)
(1.364748586 8.6168771 0)
(1.571325307 9.921180498 0)
(1.803403789 11.3864993 0)
(2.064132208 13.03271074 0)
(2.357047378 14.8821459 0)
(2.686122735 16.95989262 0)
(3.055822228 19.29413582 0)
(3.471160881 21.9165398 0)
(3.937772818 24.86267783 0)
(4.461987693 28.17251468 0)
(5.05091655 31.89094871 0)
(5.712548289 36.06842098 0)
(6.455858031 40.76159946 0)
(7.290928874 46.03414775 0)
(8.229088664 51.95758866 0)
(9.283063665 58.61227447 0)
(10.46715119 66.08847688 0)
(11.79741354 74.48761157 0)
(13.29189591 83.92361393 0)
(14.97087114 94.52448459 0)
(16.85711477 106.4340258 0)
(18.97621393 119.813792 0)
(21.35691449 134.8452816 0)
(24.03151098 151.7323988 0)
(27.03628465 170.7042194 0)
(30.41199566 192.0180989 0)
(34.20443598 215.9631628 0)
(38.46505057 242.8642292 0)
(43.25163523 273.0862145 0)
(48.62912063 307.0390842 0)
(54.67045308 345.1834133 0)
(61.45758405 388.0366348 0)
(69.08258189 436.1800584 0)
(77.64888071 490.266756 0)
(87.2726835 551.030421 0)
(98.08453844 619.2953206 0)
(110.2311098 695.9874772 0)
(123.8771674 782.1472303 0)
(139.2078218 878.9433484 0)
(156.4310355 987.6888838 0)
(0.1253302431 0.9921150791 0)
(0.1713268608 1.356224625 0)
(0.2230017308 1.765283256 0)
(0.2810558295 2.224839907 0)
(0.3462766687 2.741128525 0)
(0.4195489776 3.321152634 0)
(0.501866705 3.972780338 0)
(0.5943465019 4.704851056 0)
(0.6982428691 5.527295423 0)
(0.8149651746 6.451270008 0)
(0.9460967722 7.489308649 0)
(1.093416479 8.655492479 0)
(1.258922708 9.965640939 0)
(1.444860572 11.43752637 0)
(1.653752343 13.09111508 0)
(1.888431666 14.94883824 0)
(2.152081998 17.03589611 0)
(2.44827979 19.3805999 0)
(2.781043006 22.01475583 0)
(3.154885622 24.97409659 0)
(3.574878864 28.29876602 0)
(4.046719996 32.03386372 0)
(4.576809606 36.23005677 0)
(5.172338431 40.9442671 0)
(5.841384899 46.24044361 0)
(6.593024714 52.19042963 0)
(7.437453971 58.87493752 0)
(8.386127467 66.38464353 0)
(9.451914083 74.82141782 0)
(10.64927136 84.29970636 0)
(11.9944416 94.9480834 0)
(13.50567223 106.9109956 0)
(15.20346329 120.3507215 0)
(17.11084554 135.4495727 0)
(19.25369288 152.4123672 0)
(21.66107332 171.4692075 0)
(24.36564329 192.8786023 0)
(27.40409065 216.9309728 0)
(30.81763235 243.9525927 0)
(34.65257353 274.3100138 0)
(38.96093568 308.4150386 0)
(43.80116231 346.7303064 0)
(49.23891175 389.7755689 0)
(55.34794779 438.1347408 0)
(62.21114032 492.4638207 0)
(69.92158946 553.49979 0)
(78.58388849 622.0706095 0)
(88.31554266 699.1064518 0)
(99.24856315 785.6523183 0)
(111.5312578 882.8822152 0)
(125.3302431 992.1150791 0)
(0.09410567522 0.995562214 0)
(0.1286427722 1.36093687 0)
(0.1674434512 1.771416788 0)
(0.2110340485 2.232570183 0)
(0.2600058765 2.750652662 0)
(0.3150232445 3.332692082 0)
(0.3768324705 3.986583888 0)
(0.4462720049 4.721198208 0)
(0.5242838043 5.546500184 0)
(0.6119261091 6.473685147 0)
(0.710387799 7.515330486 0)
(0.8210045199 8.685566259 0)
(0.9452768024 10.00026687 0)
(1.084890417 11.47726641 0)
(1.24173924 13.13660057 0)
(1.417950948 15.00077845 0)
(1.615915875 17.09508786 0)
(1.838319443 19.4479384 0)
(2.088178586 22.09124679 0)
(2.368882675 25.06086987 0)
(2.684239501 28.39709097 0)
(3.03852692 32.14516638 0)
(3.436550888 36.35593924 0)
(3.883710654 41.08652924 0)
(4.386071999 46.40110748 0)
(4.950449523 52.37176691 0)
(5.584499083 59.07950034 0)
(6.296821644 66.61529905 0)
(7.097079959 75.08138718 0)
(7.996129638 84.59260832 0)
(9.006166409 95.27798348 0)
(10.14089156 107.2824612 0)
(11.41569778 120.7688838 0)
(12.847878 135.9201965 0)
(14.45685992 152.9419287 0)
(16.26446961 172.0649826 0)
(18.29522752 193.548765 0)
(20.57668117 217.6847062 0)
(23.13977878 244.8002136 0)
(26.01928911 275.2631125 0)
(29.25427309 309.4866363 0)
(32.88861373 347.9350317 0)
(36.97161133 391.1298563 0)
(41.55865231 439.6570537 0)
(46.71196049 494.1749017 0)
(52.50144118 555.4229423 0)
(59.00562947 624.2320133 0)
(66.31275553 701.535519 0)
(74.52194152 788.3820918 0)
(83.74454612 885.9498171 0)
(94.10567522 995.562214 0)
(0.06278886884 0.9980268323 0)
(0.08583259333 1.364306012 0)
(0.1117210505 1.775802116 0)
(0.1408054207 2.238097144 0)
(0.1734802374 2.75746219 0)
(0.2101887387 3.34094251 0)
(0.2514288804 3.996453093 0)
(0.2977600906 4.732886027 0)
(0.3498108583 5.560231125 0)
(0.4082872591 6.489711431 0)
(0.4739825332 7.533935472 0)
(0.5477878459 8.707068286 0)
(0.6307043759 10.02502358 0)
(0.7238568972 11.50567958 0)
(0.8285090362 13.1691216 0)
(0.946080413 15.03791444 0)
(1.078165899 17.13740854 0)
(1.226557252 19.4960838 0)
(1.39326742 22.14593598 0)
(1.580557849 25.12291067 0)
(1.790969158 28.46739094 0)
(2.027355606 32.2247451 0)
(2.292923805 36.44594216 0)
(2.591276225 41.18824324 0)
(2.926460055 46.51597827 0)
(3.303022109 52.50141869 0)
(3.726070501 59.22575781 0)
(4.20134394 66.78021219 0)
(4.735289573 75.267259 0)
(5.335150445 84.80202617 0)
(6.009063747 95.51385409 0)
(6.766171205 107.5480501 0)
(7.616743081 121.0678598 0)
(8.572317498 136.2566811 0)
(9.64585695 153.3205524 0)
(10.85192414 172.4909475 0)
(12.20687954 194.0279152 0)
(13.72910329 218.2236075 0)
(15.43924457 245.4062421 0)
(17.36050166 275.9445551 0)
(19.51893668 310.2528029 0)
(21.94382909 348.7963813 0)
(24.66807288 392.0981392 0)
(27.72862277 440.7454707 0)
(31.16699554 495.3982833 0)
(35.02983318 556.7979498 0)
(39.36953558 625.7773649 0)
(44.24497141 703.2722435 0)
(49.72227658 790.3338141 0)
(55.87575149 888.1430784 0)
(62.78886884 998.0268323 0)
(0.03140988328 0.9995065879 0)
(0.04293741531 1.366328843 0)
(0.0558880136 1.778435064 0)
(0.07043735477 2.241415528 0)
(0.08678280255 2.761550627 0)
(0.1051460851 3.345896063 0)
(0.1257763029 4.002378559 0)
(0.1489533075 4.739903389 0)
(0.1749914982 5.568475175 0)
(0.2042440864 6.499333604 0)
(0.2371078874 7.545105896 0)
(0.2740287031 8.719978092 0)
(0.3155073693 10.03988749 0)
(0.3621065497 11.52273884 0)
(0.4144583682 13.18864721 0)
(0.4732729844 15.06021088 0)
(0.5393482265 17.16281785 0)
(0.6135804137 19.52499028 0)
(0.6969765159 22.17877135 0)
(0.7906678121 25.16015994 0)
(0.8959252374 28.509599 0)
(1.014176623 32.27252412 0)
(1.147026064 36.49997988 0)
(1.296275682 41.24931227 0)
(1.463950067 46.58494663 0)
(1.652323745 52.57926156 0)
(1.86395203 59.31357073 0)
(2.101705688 66.87922595 0)
(2.368809879 75.37885634 0)
(2.668887907 84.92776054 0)
(3.006010371 95.65547068 0)
(3.384750382 107.7075096 0)
(3.810245599 121.2473648 0)
(4.288267921 136.4587063 0)
(4.825301786 153.5478779 0)
(5.428632128 172.7466966 0)
(6.106443206 194.3155967 0)
(6.867929617 218.5471635 0)
(7.723421025 245.7701013 0)
(8.684522287 276.3536929 0)
(9.764270869 310.7128089 0)
(10.9773137 349.3135351 0)
(12.34010588 392.6794957 0)
(13.87113386 441.3989557 0)
(15.59116624 496.132801 0)
(17.52353549 557.6235037 0)
(19.69445445 626.7051932 0)
(22.13337194 704.3149721 0)
(24.87337219 791.5056272 0)
(27.95162367 889.4599115 0)
(31.40988328 999.5065879 0)
(0 1 0)
(0 1.367003339 0)
(0 1.779312999 0)
(0 2.242522016 0)
(0 2.762913882 0)
(0 3.347547783 0)
(0 4.004354356 0)
(0 4.742243269 0)
(0 5.571224084 0)
(0 6.502542037 0)
(0 7.548830581 0)
(0 8.724282759 0)
(0 10.04484374 0)
(0 11.5284271 0)
(0 13.19515786 0)
(0 15.06764544 0)
(0 17.17129038 0)
(0 19.5346289 0)
(0 22.18972002 0)
(0 25.1725804 0)
(0 28.52367293 0)
(0 32.28845564 0)
(0 36.5179983 0)
(0 41.26967523 0)
(0 46.60794356 0)
(0 52.60521761 0)
(0 59.34285121 0)
(0 66.91224126 0)
(0 75.41606755 0)
(0 84.96968561 0)
(0 95.70269155 0)
(0 107.76068 0)
(0 121.3072193 0)
(0 136.5260699 0)
(0 153.6236777 0)
(0 172.8319739 0)
(0 194.4115217 0)
(0 218.6550506 0)
(0 245.8914271 0)
(0 276.4901165 0)
(0 310.866194 0)
(0 349.4859757 0)
(0 392.8733442 0)
(0 441.6168548 0)
(0 496.3777198 0)
(0 557.8987777 0)
(0 627.0145698 0)
(0 704.6626612 0)
(0 791.8963584 0)
(0 889.8989984 0)
(0 1000 0)
(1 0 1)
(1.367003339 0 1)
(1.779312999 0 1)
(2.242522016 0 1)
(2.762913882 0 1)
(3.347547783 0 1)
(4.004354356 0 1)
(4.742243269 0 1)
(5.571224084 0 1)
(6.502542037 0 1)
(7.548830581 0 1)
(8.724282759 0 1)
(10.04484374 0 1)
(11.5284271 0 1)
(13.19515786 0 1)
(15.06764544 0 1)
(17.17129038 0 1)
(19.5346289 0 1)
(22.18972002 0 1)
(25.1725804 0 1)
(28.52367293 0 1)
(32.28845564 0 1)
(36.5179983 0 1)
(41.26967523 0 1)
(46.60794356 0 1)
(52.60521761 0 1)
(59.34285121 0 1)
(66.91224126 0 1)
(75.41606755 0 1)
(84.96968561 0 1)
(95.70269155 0 1)
(107.76068 0 1)
(121.3072193 0 1)
(136.5260699 0 1)
(153.6236777 0 1)
(172.8319739 0 1)
(194.4115217 0 1)
(218.6550506 0 1)
(245.8914271 0 1)
(276.4901165 0 1)
(310.866194 0 1)
(349.4859757 0 1)
(392.8733442 0 1)
(441.6168548 0 1)
(496.3777198 0 1)
(557.8987777 0 1)
(627.0145698 0 1)
(704.6626612 0 1)
(791.8963584 0 1)
(889.8989984 0 1)
(1000 0 1)
(0.9995065879 0.03140988328 1)
(1.366328843 0.04293741531 1)
(1.778435064 0.0558880136 1)
(2.241415528 0.07043735477 1)
(2.761550627 0.08678280255 1)
(3.345896063 0.1051460851 1)
(4.002378559 0.1257763029 1)
(4.739903389 0.1489533075 1)
(5.568475175 0.1749914982 1)
(6.499333604 0.2042440864 1)
(7.545105896 0.2371078874 1)
(8.719978092 0.2740287031 1)
(10.03988749 0.3155073693 1)
(11.52273884 0.3621065497 1)
(13.18864721 0.4144583682 1)
(15.06021088 0.4732729844 1)
(17.16281785 0.5393482265 1)
(19.52499028 0.6135804137 1)
(22.17877135 0.6969765159 1)
(25.16015994 0.7906678121 1)
(28.509599 0.8959252374 1)
(32.27252412 1.014176623 1)
(36.49997988 1.147026064 1)
(41.24931227 1.296275682 1)
(46.58494663 1.463950067 1)
(52.57926156 1.652323745 1)
(59.31357073 1.86395203 1)
(66.87922595 2.101705688 1)
(75.37885634 2.368809879 1)
(84.92776054 2.668887907 1)
(95.65547068 3.006010371 1)
(107.7075096 3.384750382 1)
(121.2473648 3.810245599 1)
(136.4587063 4.288267921 1)
(153.5478779 4.825301786 1)
(172.7466966 5.428632128 1)
(194.3155967 6.106443206 1)
(218.5471635 6.867929617 1)
(245.7701013 7.723421025 1)
(276.3536929 8.684522287 1)
(310.7128089 9.764270869 1)
(349.3135351 10.9773137 1)
(392.6794957 12.34010588 1)
(441.3989557 13.87113386 1)
(496.132801 15.59116624 1)
(557.6235037 17.52353549 1)
(626.7051932 19.69445445 1)
(704.3149721 22.13337194 1)
(791.5056272 24.87337219 1)
(889.4599115 27.95162367 1)
(999.5065879 31.40988328 1)
(0.9980268323 0.06278886884 1)
(1.364306012 0.08583259333 1)
(1.775802116 0.1117210505 1)
(2.238097144 0.1408054207 1)
(2.75746219 0.1734802374 1)
(3.34094251 0.2101887387 1)
(3.996453093 0.2514288804 1)
(4.732886027 0.2977600906 1)
(5.560231125 0.3498108583 1)
(6.489711431 0.4082872591 1)
(7.533935472 0.4739825332 1)
(8.707068286 0.5477878459 1)
(10.02502358 0.6307043759 1)
(11.50567958 0.7238568972 1)
(13.1691216 0.8285090362 1)
(15.03791444 0.946080413 1)
(17.13740854 1.078165899 1)
(19.4960838 1.226557252 1)
(22.14593598 1.39326742 1)
(25.12291067 1.580557849 1)
(28.46739094 1.790969158 1)
(32.2247451 2.027355606 1)
(36.44594216 2.292923805 1)
(41.18824324 2.591276225 1)
(46.51597827 2.926460055 1)
(52.50141869 3.303022109 1)
(59.22575781 3.726070501 1)
(66.78021219 4.20134394 1)
(75.267259 4.735289573 1)
(84.80202617 5.335150445 1)
(95.51385409 6.009063747 1)
(107.5480501 6.766171205 1)
(121.0678598 7.616743081 1)
(136.2566811 8.572317498 1)
(153.3205524 9.64585695 1)
(172.4909475 10.85192414 1)
(194.0279152 12.20687954 1)
(218.2236075 13.72910329 1)
(245.4062421 15.43924457 1)
(275.9445551 17.36050166 1)
(310.2528029 19.51893668 1)
(348.7963813 21.94382909 1)
(392.0981392 24.66807288 1)
(440.7454707 27.72862277 1)
(495.3982833 31.16699554 1)
(556.7979498 35.02983318 1)
(625.7773649 39.36953558 1)
(703.2722435 44.24497141 1)
(790.3338141 49.72227658 1)
(888.1430784 55.87575149 1)
(998.0268323 62.78886884 1)
(0.995562214 0.09410567522 1)
(1.36093687 0.1286427722 1)
(1.771416788 0.1674434512 1)
(2.232570183 0.2110340485 1)
(2.750652662 0.2600058765 1)
(3.332692082 0.3150232445 1)
(3.986583888 0.3768324705 1)
(4.721198208 0.4462720049 1)
(5.546500184 0.5242838043 1)
(6.473685147 0.6119261091 1)
(7.515330486 0.710387799 1)
(8.685566259 0.8210045199 1)
(10.00026687 0.9452768024 1)
(11.47726641 1.084890417 1)
(13.13660057 1.24173924 1)
(15.00077845 1.417950948 1)
(17.09508786 1.615915875 1)
(19.4479384 1.838319443 1)
(22.09124679 2.088178586 1)
(25.06086987 2.368882675 1)
(28.39709097 2.684239501 1)
(32.14516638 3.03852692 1)
(36.35593924 3.436550888 1)
(41.08652924 3.883710654 1)
(46.40110748 4.386071999 1)
(52.37176691 4.950449523 1)
(59.07950034 5.584499083 1)
(66.61529905 6.296821644 1)
(75.08138718 7.097079959 1)
(84.59260832 7.996129638 1)
(95.27798348 9.006166409 1)
(107.2824612 10.14089156 1)
(120.7688838 11.41569778 1)
(135.9201965 12.847878 1)
(152.9419287 14.45685992 1)
(172.0649826 16.26446961 1)
(193.548765 18.29522752 1)
(217.6847062 20.57668117 1)
(244.8002136 23.13977878 1)
(275.2631125 26.01928911 1)
(309.4866363 29.25427309 1)
(347.9350317 32.88861373 1)
(391.1298563 36.97161133 1)
(439.6570537 41.55865231 1)
(494.1749017 46.71196049 1)
(555.4229423 52.50144118 1)
(624.2320133 59.00562947 1)
(701.535519 66.31275553 1)
(788.3820918 74.52194152 1)
(885.9498171 83.74454612 1)
(995.562214 94.10567522 1)
(0.9921150791 0.1253302431 1)
(1.356224625 0.1713268608 1)
(1.765283256 0.2230017308 1)
(2.224839907 0.2810558295 1)
(2.741128525 0.3462766687 1)
(3.321152634 0.4195489776 1)
(3.972780338 0.501866705 1)
(4.704851056 0.5943465019 1)
(5.527295423 0.6982428691 1)
(6.451270008 0.8149651746 1)
(7.489308649 0.9460967722 1)
(8.655492479 1.093416479 1)
(9.965640939 1.258922708 1)
(11.43752637 1.444860572 1)
(13.09111508 1.653752343 1)
(14.94883824 1.888431666 1)
(17.03589611 2.152081998 1)
(19.3805999 2.44827979 1)
(22.01475583 2.781043006 1)
(24.97409659 3.154885622 1)
(28.29876602 3.574878864 1)
(32.03386372 4.046719996 1)
(36.23005677 4.576809606 1)
(40.9442671 5.172338431 1)
(46.24044361 5.841384899 1)
(52.19042963 6.593024714 1)
(58.87493752 7.437453971 1)
(66.38464353 8.386127467 1)
(74.82141782 9.451914083 1)
(84.29970636 10.64927136 1)
(94.9480834 11.9944416 1)
(106.9109956 13.50567223 1)
(120.3507215 15.20346329 1)
(135.4495727 17.11084554 1)
(152.4123672 19.25369288 1)
(171.4692075 21.66107332 1)
(192.8786023 24.36564329 1)
(216.9309728 27.40409065 1)
(243.9525927 30.81763235 1)
(274.3100138 34.65257353 1)
(308.4150386 38.96093568 1)
(346.7303064 43.80116231 1)
(389.7755689 49.23891175 1)
(438.1347408 55.34794779 1)
(492.4638207 62.21114032 1)
(553.49979 69.92158946 1)
(622.0706095 78.58388849 1)
(699.1064518 88.31554266 1)
(785.6523183 99.24856315 1)
(882.8822152 111.5312578 1)
(992.1150791 125.3302431 1)
(0.9876888838 0.1564310355 1)
(1.350174002 0.2138417478 1)
(1.75740767 0.2783397749 1)
(2.214914067 0.3508000411 1)
(2.728899328 0.4322054796 1)
(3.306335733 0.5236603661 1)
(3.955056284 0.6264052984 1)
(4.683860961 0.7418340252 1)
(5.502636097 0.8715123525 1)
(6.422488487 1.017199384 1)
(7.45589605 1.180871385 1)
(8.6168771 1.364748586 1)
(9.921180498 1.571325307 1)
(11.3864993 1.803403789 1)
(13.03271074 2.064132208 1)
(14.8821459 2.357047378 1)
(16.95989262 2.686122735 1)
(19.29413582 3.055822228 1)
(21.9165398 3.471160881 1)
(24.86267783 3.937772818 1)
(28.17251468 4.461987693 1)
(31.89094871 5.05091655 1)
(36.06842098 5.712548289 1)
(40.76159946 6.455858031 1)
(46.03414775 7.290928874 1)
(51.95758866 8.229088664 1)
(58.61227447 9.283063665 1)
(66.08847688 10.46715119 1)
(74.48761157 11.79741354 1)
(83.92361393 13.29189591 1)
(94.52448459 14.97087114 1)
(106.4340258 16.85711477 1)
(119.813792 18.97621393 1)
(134.8452816 21.35691449 1)
(151.7323988 24.03151098 1)
(170.7042194 27.03628465 1)
(192.0180989 30.41199566 1)
(215.9631628 34.20443598 1)
(242.8642292 38.46505057 1)
(273.0862145 43.25163523 1)
(307.0390842 48.62912063 1)
(345.1834133 54.67045308 1)
(388.0366348 61.45758405 1)
(436.1800584 69.08258189 1)
(490.266756 77.64888071 1)
(551.030421 87.2726835 1)
(619.2953206 98.08453844 1)
(695.9874772 110.2311098 1)
(782.1472303 123.8771674 1)
(878.9433484 139.2078218 1)
(987.6888838 156.4310355 1)
(0.9822880545 0.1873771008 1)
(1.34279105 0.2561451224 1)
(1.747797904 0.3334025112 1)
(2.202802588 0.4201972739 1)
(2.713977302 0.5177067931 1)
(3.288256199 0.6272537985 1)
(3.93342945 0.7503243099 1)
(4.658248915 0.8885877952 1)
(5.472546867 1.043919817 1)
(6.387369367 1.218427475 1)
(7.415126105 1.414477989 1)
(8.569758738 1.63473081 1)
(9.866930013 1.882173698 1)
(11.32423623 2.160163248 1)
(12.96144594 2.472470425 1)
(14.80076812 2.823331718 1)
(16.86715342 3.217506608 1)
(19.18863262 3.66034213 1)
(21.79669691 4.157845406 1)
(24.72672503 4.716765135 1)
(28.01846319 5.344683139 1)
(31.71656427 6.050117208 1)
(35.8711935 6.84263665 1)
(40.53870899 7.732992097 1)
(45.7824262 8.73326134 1)
(51.67347687 9.857013165 1)
(58.29177387 11.11949142 1)
(65.72709529 12.53782178 1)
(74.08030227 14.13124409 1)
(83.46470717 15.92137335 1)
(94.0076107 17.93249289 1)
(105.8520288 20.19188381 1)
(119.1586324 22.73019506 1)
(134.1079276 25.58185917 1)
(150.9027035 28.78555935 1)
(169.7707834 32.38475421 1)
(190.9681155 36.42826731 1)
(214.7822442 40.97094946 1)
(241.5362116 46.07442273 1)
(271.5929386 51.80791644 1)
(305.3601489 58.24920618 1)
(343.2958992 65.48566891 1)
(385.9147929 73.61546823 1)
(433.7949611 82.74888593 1)
(487.5859047 93.00981806 1)
(548.017305 104.5374555 1)
(615.908922 117.4881723 1)
(692.1817145 132.0376465 1)
(777.8703333 148.3832438 1)
(874.1371559 166.7466944 1)
(982.2880545 187.3771008 1)
(0.9759178573 0.2181383409 1)
(1.334082969 0.2981958402 1)
(1.736463329 0.3881363854 1)
(2.188517281 0.4891800319 1)
(2.696376996 0.6026974502 1)
(3.26693166 0.7302285194 1)
(3.907920923 0.8735032154 1)
(4.62803989 1.034465079 1)
(5.437057071 1.215297578 1)
(6.345946892 1.418453731 1)
(7.367038566 1.646689378 1)
(8.514183337 1.903100566 1)
(9.802942377 2.191165547 1)
(11.25079788 2.514791961 1)
(12.87739019 2.878369843 1)
(14.70478425 3.286831176 1)
(16.75776891 3.745716793 1)
(19.06419318 4.261251538 1)
(21.65534402 4.84042871 1)
(24.56637072 5.491104923 1)
(27.83676177 6.222106688 1)
(31.51088044 7.043350142 1)
(35.63856665 7.96597556 1)
(40.27581302 9.002498482 1)
(45.48552441 10.16697948 1)
(51.33837125 11.47521489 1)
(57.9137482 12.94495111 1)
(65.30085112 14.59612529 1)
(73.59988705 16.45113585 1)
(82.92343352 18.53514624 1)
(93.39796568 20.87642635 1)
(105.165572 23.50673595 1)
(118.3858815 26.46175555 1)
(133.2382296 29.78157038 1)
(149.9240904 33.51121417 1)
(168.6698097 37.70128004 1)
(189.7296757 42.4086068 1)
(213.3893684 47.69704995 1)
(239.9698347 53.63834795 1)
(269.8316421 60.31309528 1)
(303.37987 67.81183579 1)
(341.0696046 76.2362909 1)
(383.4121122 85.70073947 1)
(430.9817747 96.333568 1)
(484.4238807 108.2790122 1)
(544.4633797 121.6991137 1)
(611.9147155 136.775918 1)
(687.6928744 153.7139438 1)
(772.8257973 172.7429578 1)
(868.4683238 194.121091 1)
(975.9178573 218.1383409 1)
(0.9685845177 0.2486846035 1)
(1.324058269 0.3399526832 1)
(1.723415023 0.4424877476 1)
(2.172072105 0.5576806983 1)
(2.67611561 0.6870941433 1)
(3.242382955 0.8324835931 1)
(3.878555632 0.9958212752 1)
(4.593263409 1.179322887 1)
(5.396201393 1.385477652 1)
(6.298261543 1.617082088 1)
(7.311680428 1.87727794 1)
(8.450205209 2.169594799 1)
(9.729280127 2.497997982 1)
(11.166256 2.866942323 1)
(12.78062561 3.2814326 1)
(14.59428809 3.747091431 1)
(16.63184601 4.270235539 1)
(18.92093912 4.857961443 1)
(21.49261927 5.518241725 1)
(24.38177164 6.260033175 1)
(27.62758799 7.093398292 1)
(31.27409823 8.029641787 1)
(35.37076777 9.081463927 1)
(39.97316848 10.26313282 1)
(45.14373253 11.59067796 1)
(50.95259933 13.08210768 1)
(57.47856692 14.75765342 1)
(64.81016093 16.64004419 1)
(73.04683541 18.75481485 1)
(82.30032196 21.13065257 1)
(92.69614534 23.7997859 1)
(104.3753263 26.79842199 1)
(117.4962945 30.16723773 1)
(132.2370376 33.95193157 1)
(148.7975158 38.20384338 1)
(167.4023741 42.98065091 1)
(188.30399 48.3471522 1)
(211.7858967 54.37614455 1)
(238.1666294 61.14941205 1)
(267.8040461 68.75883499 1)
(301.1001826 77.30763619 1)
(338.5067053 86.9117813 1)
(380.5310386 97.70155181 1)
(427.7432483 109.8233124 1)
(480.7837744 123.4414964 1)
(540.3721185 138.7408363 1)
(607.3166047 155.9288697 1)
(682.5253438 175.2387545 1)
(767.0185524 196.9324319 1)
(861.9423922 221.3041796 1)
(968.5845177 248.6846035 1)
(0.9602952887 0.2789855883 1)
(1.312726866 0.3813742306 1)
(1.70866589 0.4964026837 1)
(2.153483327 0.6256313239 1)
(2.653213184 0.7708131549 1)
(3.214634365 0.9339175877 1)
(3.845362622 1.117157156 1)
(4.553953869 1.323017528 1)
(5.35002024 1.554291229 1)
(6.244360483 1.814115516 1)
(7.249106442 2.106014941 1)
(8.377887631 2.433949158 1)
(9.646016117 2.802366639 1)
(11.07069423 3.216265017 1)
(12.67124793 3.681258878 1)
(14.46938892 4.203655926 1)
(16.48950925 4.790542548 1)
(18.7590121 5.449879937 1)
(21.3086836 6.190612095 1)
(24.17311036 7.022787151 1)
(27.39114873 7.957693673 1)
(31.00645183 9.008013791 1)
(35.06806172 10.18799524 1)
(39.63107469 11.51364462 1)
(44.75738862 13.00294455 1)
(50.51654263 14.67609758 1)
(56.98666044 16.55580026 1)
(64.25551004 18.66755099 1)
(72.42169436 21.03999597 1)
(81.59598877 23.70531773 1)
(91.90284381 26.69967171 1)
(103.4820734 30.06367672 1)
(116.4907512 33.84296594 1)
(131.1053417 38.08880594 1)
(147.5240939 42.8587921 1)
(165.9697303 48.21762993 1)
(186.6924684 54.23801277 1)
(209.9734149 61.00160792 1)
(236.128379 68.60016446 1)
(265.5121562 77.13675781 1)
(298.5233415 86.72718802 1)
(335.609736 97.50155054 1)
(377.2744215 109.6060011 1)
(424.0825851 123.204738 1)
(476.6691858 138.4822302 1)
(535.7475678 155.6457187 1)
(602.1191374 174.9280286 1)
(676.6842336 196.5907271 1)
(760.4543421 220.9276714 1)
(854.5658156 248.2689956 1)
(960.2952887 278.9855883 1)
(0.951058359 0.3090113231 1)
(1.300099952 0.4224195104 1)
(1.692230501 0.549827864 1)
(2.132769308 0.6929646952 1)
(2.627692343 0.8537716744 1)
(3.183713301 1.03443017 1)
(3.808374682 1.237390838 1)
(4.510150101 1.465406867 1)
(5.298559235 1.721571326 1)
(6.184296959 2.009359119 1)
(7.179378425 2.332674126 1)
(8.297302044 2.695902159 1)
(9.553232601 3.103970454 1)
(10.96420696 3.562414512 1)
(12.54936518 4.077453189 1)
(14.33021014 4.656073053 1)
(16.33089925 5.306123159 1)
(18.57857211 6.036421524 1)
(21.10371871 6.856874744 1)
(23.940593 7.778612375 1)
(27.12767757 8.814137912 1)
(30.70820563 9.977498398 1)
(34.73074754 11.28447497 1)
(39.2498696 12.75279695 1)
(44.32687432 14.40238231 1)
(50.03063193 16.2556079 1)
(56.43851469 18.33761297 1)
(63.63744637 20.6766402 1)
(71.72508144 23.30441882 1)
(80.81112976 26.25659497 1)
(91.01884478 29.57321534 1)
(102.4866955 33.29927032 1)
(115.3702449 37.48530434 1)
(129.84426 42.18810151 1)
(146.1050828 47.47145591 1)
(164.3732935 53.40703694 1)
(184.8967028 60.07536156 1)
(207.9537136 67.56688648 1)
(233.8570972 75.98323524 1)
(262.9582365 85.43857673 1)
(295.6518923 96.06117392 1)
(332.3815586 107.9951238 1)
(373.645478 121.4023119 1)
(420.0034012 136.4646086 1)
(472.0841796 153.386336 1)
(530.594296 172.3970395 1)
(596.3274478 193.7546018 1)
(670.1753142 217.7487413 1)
(753.1396511 244.7049415 1)
(846.3458811 274.9888669 1)
(951.058359 309.0113231 1)
(0.9408828421 0.3387321618 1)
(1.286189986 0.4630479961 1)
(1.674125071 0.6027105386 1)
(2.109950488 0.7596143303 1)
(2.599578266 0.9358877922 1)
(3.149650272 1.133922097 1)
(3.767628307 1.356403608 1)
(4.461895325 1.606350314 1)
(5.24186915 1.887152778 1)
(6.118130233 2.202620122 1)
(7.102565172 2.557031702 1)
(8.208527957 2.955195159 1)
(9.451021124 3.402511634 1)
(10.84689926 3.905049035 1)
(12.41509763 4.469624347 1)
(14.17688906 5.103896112 1)
(16.15617249 5.81646831 1)
(18.37979716 6.617007079 1)
(20.87792684 7.516371833 1)
(23.68444899 8.526762576 1)
(26.83743445 9.661885394 1)
(30.37965391 10.93713838 1)
(34.35915803 12.36982051 1)
(38.82992932 13.97936631 1)
(43.8526144 15.78760948 1)
(49.49534665 17.81907908 1)
(55.83467051 20.10133228 1)
(62.95657973 22.66532813 1)
(70.95768397 25.5458476 1)
(79.94651929 28.78196529 1)
(90.04502042 32.4175796 1)
(101.3901749 36.50200811 1)
(114.1358813 41.09065664 1)
(128.4550367 46.24577081 1)
(144.5418825 52.03728046 1)
(162.6146388 58.54374816 1)
(182.9184651 65.85343504 1)
(205.7287854 74.06549797 1)
(231.3550248 83.29133468 1)
(260.1448066 93.65609488 1)
(292.4886681 105.3003779 1)
(328.8253581 118.3821401 1)
(369.6477886 133.0788372 1)
(415.5097214 149.5898319 1)
(467.0332798 168.1390981 1)
(524.9173876 188.978259 1)
(589.9472505 212.3900007 1)
(663.0050074 238.6919066 1)
(745.0816964 268.2407654 1)
(837.2906988 301.4374115 1)
(940.8828421 338.7321618 1)
(0.9297787589 0.3681188116 1)
(1.271010668 0.5032196445 1)
(1.654367432 0.6549985866 1)
(2.085049337 0.8255145396 1)
(2.56889864 1.017080575 1)
(3.112478823 1.232295312 1)
(3.723163623 1.474078167 1)
(4.409237061 1.745708957 1)
(5.180005815 2.050872389 1)
(6.045925465 2.393708047 1)
(7.018742329 2.778866543 1)
(8.111652796 3.211572602 1)
(9.339482343 3.69769594 1)
(10.71888664 4.243830885 1)
(12.2685775 4.857385831 1)
(14.00957667 5.546683732 1)
(15.96550105 6.321075008 1)
(18.16288302 7.191064378 1)
(20.63153034 8.168453365 1)
(23.40493056 9.266500382 1)
(26.52070522 10.50010058 1)
(30.02112021 11.88598792 1)
(33.95365914 13.44296214 1)
(38.37166741 15.1921438 1)
(43.33507592 17.1572608 1)
(48.91121394 19.36497019 1)
(55.17572255 21.84521987 1)
(62.21358063 24.63165474 1)
(70.12025768 27.76207316 1)
(79.00300883 31.27893969 1)
(88.98232978 35.22996109 1)
(100.1935913 39.66873348 1)
(112.7888758 44.65546941 1)
(126.9390399 50.25781462 1)
(142.8360324 56.55176568 1)
(160.6954982 63.62270086 1)
(180.7597034 71.56653836 1)
(203.3008215 80.49103738 1)
(228.6246259 90.51725995 1)
(257.0746374 101.7812131 1)
(289.036784 114.4356939 1)
(324.9446368 128.6523621 1)
(365.2852903 144.6240686 1)
(410.6059711 162.5674718 1)
(461.5214603 182.7259763 1)
(518.7224331 205.3730351 1)
(582.9848286 230.8158583 1)
(655.1803745 259.3995814 1)
(736.2884133 291.5119464 1)
(827.4091863 327.5885618 1)
(929.7787589 368.1188116 1)
(0.9177570082 0.3971423849 1)
(1.254576894 0.5428949661 1)
(1.632976974 0.7066406079 1)
(2.058090296 0.8906005417 1)
(2.535683578 1.097270209 1)
(3.072235438 1.32945311 1)
(3.675024273 1.590298839 1)
(4.352226994 1.883345802 1)
(5.113029947 2.21256922 1)
(5.967753526 2.582435053 1)
(6.927992169 2.99796058 1)
(8.006771643 3.464782462 1)
(9.218725736 3.989233198 1)
(10.58029477 4.578427034 1)
(12.1099486 5.240356462 1)
(13.8284372 5.984000644 1)
(15.75907208 6.819447213 1)
(17.92804258 7.758029112 1)
(20.36477106 8.812478331 1)
(23.10231207 9.997098614 1)
(26.17780073 11.32795949 1)
(29.63295644 12.82311428 1)
(33.51464886 14.50284494 1)
(37.87553367 16.38993725 1)
(42.77476684 18.50998986 1)
(48.27880713 20.89176158 1)
(54.46231759 23.56756146 1)
(61.40917835 26.57368708 1)
(69.21362452 29.95091693 1)
(77.98152445 33.74506359 1)
(87.83181587 38.00759517 1)
(98.89811931 42.79633347 1)
(111.3305507 48.17623838 1)
(125.2977575 54.22028902 1)
(140.9892068 61.01047375 1)
(158.6177553 68.63890233 1)
(178.4225366 77.20905541 1)
(200.672205 86.83718826 1)
(225.6685805 97.65390781 1)
(253.7507421 109.8059443 1)
(285.2996282 123.4581417 1)
(320.7432035 138.7956939 1)
(360.5622649 156.0266569 1)
(405.2969634 175.3847709 1)
(455.5541311 197.1326315 1)
(512.0155131 221.5652511 1)
(575.4470157 249.0140617 1)
(646.7090957 279.8514098 1)
(726.7684327 314.4956084 1)
(816.7110424 353.4166106 1)
(917.7570082 397.1423849 1)
(0.9048293232 0.425774466 1)
(1.236904706 0.5820351165 1)
(1.609974576 0.7575860419 1)
(2.029099678 0.9548086138 1)
(2.499965498 1.176378183 1)
(3.028959395 1.42530037 1)
(3.623257241 1.704951838 1)
(4.290920767 2.019126095 1)
(5.041006917 2.372084959 1)
(5.883690711 2.768616364 1)
(6.830403265 3.21409931 1)
(7.893986864 3.714576833 1)
(9.08886916 4.276837978 1)
(10.43125889 4.908509893 1)
(11.93936576 5.618161292 1)
(13.63364742 6.41541869 1)
(15.53708705 7.311096991 1)
(17.67550505 8.31734619 1)
(20.07790935 9.447816193 1)
(22.77688888 10.71784198 1)
(25.80905567 12.14465161 1)
(29.21554146 13.74759996 1)
(33.04255568 15.54843123 1)
(37.3420123 17.57157393 1)
(42.17223402 19.84447228 1)
(47.59874345 22.39795844 1)
(53.6951519 25.26667079 1)
(60.54415797 28.48952379 1)
(68.23866935 32.11023589 1)
(76.88306312 36.17792252 1)
(86.59460162 40.74776239 1)
(97.50502319 45.881746 1)
(109.7623291 51.64951652 1)
(123.5327915 58.12931452 1)
(139.0032083 65.40903934 1)
(156.383438 73.58744141 1)
(175.9092456 82.77546186 1)
(197.8455014 93.0977374 1)
(222.4897736 104.6942911 1)
(250.176365 117.7224317 1)
(281.2808479 132.3588878 1)
(316.2251589 148.8022047 1)
(355.4833221 167.2754383 1)
(399.5878798 188.0291805 1)
(449.1371163 211.3449586 1)
(504.8031734 237.5390542 1)
(567.3411688 266.9667936 1)
(637.5994388 300.0273683 1)
(716.531046 337.1692491 1)
(805.2067084 378.8962708 1)
(904.8293232 425.774466 1)
(0.8910085576 0.453986509 1)
(1.218011673 0.6206010735 1)
(1.585383108 0.8077840967 1)
(1.998106307 1.018074741 1)
(2.461779913 1.254325628 1)
(2.982693722 1.519741532 1)
(3.567913998 1.817922855 1)
(4.225379335 2.152914466 1)
(4.964008335 2.529260573 1)
(5.793820601 2.952066359 1)
(6.726072647 3.427067243 1)
(7.773410597 3.960706673 1)
(8.950041729 4.560223542 1)
(10.2719272 5.233750374 1)
(11.75699857 5.990423653 1)
(13.42540103 6.840507751 1)
(15.29976667 7.795534173 1)
(17.40552152 8.868457981 1)
(19.77123043 10.07383353 1)
(22.42898455 11.4280119 1)
(25.41483667 12.9493627 1)
(28.76929028 14.65852326 1)
(32.53784899 16.57867856 1)
(36.7716338 18.73587578 1)
(41.52807656 21.15937759 1)
(46.87169906 23.8820591 1)
(52.87498826 26.94085386 1)
(59.61937957 30.37725482 1)
(67.19636156 34.23787723 1)
(75.70871701 38.57509094 1)
(85.27191715 43.44773084 1)
(96.01568808 48.92189494 1)
(108.0857705 55.07184101 1)
(121.6458966 61.98099388 1)
(136.8800115 69.74307714 1)
(153.9947678 78.4633845 1)
(173.2223296 88.26020807 1)
(194.8235212 99.26644309 1)
(219.0913658 111.6313906 1)
(246.3550599 125.5227828 1)
(276.9844391 141.1290582 1)
(311.3949951 158.6619181 1)
(350.0535117 178.359198 1)
(393.4843968 200.4880942 1)
(442.2767961 225.3487882 1)
(497.0925852 253.2785185 1)
(558.6753474 284.6561557 1)
(627.8604613 319.9073416 1)
(705.5864321 359.5102633 1)
(792.9076229 404.0021397 1)
(891.0085576 453.986509 1)
(0.8763086335 0.4817501208 1)
(1.197916828 0.6585540235 1)
(1.559227342 0.8571842521 1)
(1.965141403 1.080335252 1)
(2.421165289 1.331034097 1)
(2.933485023 1.612681549 1)
(3.509050293 1.929098195 1)
(4.155668718 2.284576268 1)
(4.882111764 2.683937876 1)
(5.698233727 3.132600412 1)
(6.615105411 3.636650044 1)
(7.645164302 4.202924273 1)
(8.802383289 4.839104684 1)
(10.1024602 5.553821149 1)
(11.56303075 6.356768893 1)
(13.20390778 7.258840009 1)
(15.04735 8.272271213 1)
(17.11836396 9.410809834 1)
(19.44504323 10.6899003 1)
(22.05894953 12.12689365 1)
(24.99554085 13.74128288 1)
(28.29465244 15.5549674 1)
(32.00103719 17.59255009 1)
(36.1649727 19.88167103 1)
(40.84294333 22.45338244 1)
(46.09840636 25.34256994 1)
(52.00265285 28.58842574 1)
(58.6357747 32.23498031 1)
(66.08775109 36.33169965 1)
(74.45966908 40.93415631 1)
(83.86509485 46.10478322 1)
(94.43161427 51.91372063 1)
(106.3025636 58.43976755 1)
(119.6389738 65.77145069 1)
(134.6217551 74.0082253 1)
(151.4541509 83.26182433 1)
(170.364495 93.65777409 1)
(191.6093086 105.337097 1)
(215.4767805 118.4582247 1)
(242.2906762 133.199147 1)
(272.4147297 149.7598265 1)
(306.2575778 168.364911 1)
(344.2783034 189.266781 1)
(386.9926625 212.7489731 1)
(434.9800813 239.1300265 1)
(488.8915155 268.7678036 1)
(549.4582809 302.0643448 1)
(617.5019737 339.4713221 1)
(693.9456157 381.4961663 1)
(779.8261752 428.70895 1)
(876.3086335 481.7501208 1)
(0.8607441191 0.5090378781 1)
(1.176640085 0.6958564789 1)
(1.5315332 0.9057377134 1)
(1.930237637 1.141528649 1)
(2.378161876 1.40642782 1)
(2.881382068 1.704028621 1)
(3.446724463 2.038368045 1)
(4.081858005 2.413981451 1)
(4.795398367 2.835964086 1)
(5.597024818 3.310040201 1)
(6.497611529 3.842640701 1)
(7.509375078 4.440990384 1)
(8.646040174 5.113205942 1)
(9.923025831 5.86840607 1)
(11.35765453 6.716835159 1)
(12.9693872 7.670002262 1)
(14.78008721 8.740837218 1)
(16.81431695 9.943866047 1)
(19.09967101 11.295408 1)
(21.66715054 12.81379691 1)
(24.55158373 14.51962994 1)
(27.7920983 16.43604695 1)
(31.43265228 18.58904437 1)
(35.52263025 21.00782791 1)
(40.11751332 23.72520869 1)
(45.27963169 26.77804835 1)
(51.07901019 30.20775906 1)
(57.59431816 34.06086531 1)
(64.91393663 38.389635 1)
(73.13715719 43.25278847 1)
(82.37552894 48.71629504 1)
(92.75437162 54.85426791 1)
(104.4144756 61.74996951 1)
(117.5140118 69.49694095 1)
(132.2306771 78.20027093 1)
(148.7641052 87.97802129 1)
(167.338574 98.96282852 1)
(188.2060489 111.303703 1)
(211.6495998 125.1680503 1)
(237.9872418 140.7439422 1)
(267.5762483 158.2426678 1)
(300.8179983 177.9015995 1)
(338.1634206 199.9874135 1)
(380.1191107 224.7997067 1)
(427.2542032 252.6750612 1)
(480.208092 283.99161 1)
(539.6991036 319.1741662 1)
(606.5342416 358.6999858 1)
(681.6201335 403.105242 1)
(765.9753295 452.9922979 1)
(860.7441191 509.0378781 1)
(0.8443302998 0.5358230537 1)
(1.154202339 0.7324719034 1)
(1.502327878 0.9533969245 1)
(1.893429286 1.201594995 1)
(2.332811906 1.480432954 1)
(2.826436023 1.793693276 1)
(3.380997714 2.145625379 1)
(4.004019681 2.54100327 1)
(4.703953301 2.985190302 1)
(5.490293268 3.484211931 1)
(6.373706387 4.044837454 1)
(7.366176277 4.674671829 1)
(8.481165924 5.382258845 1)
(9.733800311 6.177197014 1)
(11.14107159 7.070269779 1)
(12.72206959 8.07359179 1)
(14.49824075 9.200773246 1)
(16.49367908 10.46710451 1)
(18.73545296 11.88976354 1)
(21.25397235 13.4880489 1)
(24.08340132 15.28364153 1)
(27.26212143 17.3008989 1)
(30.83325245 19.56718536 1)
(34.84523726 22.11324341 1)
(39.35249896 24.97361064 1)
(44.41617915 28.18708834 1)
(50.10496735 31.79726775 1)
(56.49603272 35.85312144 1)
(63.67607092 40.40966761 1)
(71.74248012 45.52871642 1)
(80.80468225 51.27970844 1)
(90.98560728 57.74065665 1)
(102.4233608 64.99920468 1)
(115.2730976 73.15381571 1)
(129.7091259 82.31510811 1)
(145.9272724 92.60735606 1)
(164.1475384 104.1701753 1)
(184.6170844 117.1604169 1)
(207.6135824 131.7542954 1)
(233.4489829 148.1497785 1)
(262.4737468 166.5692734 1)
(295.0815986 187.2626427 1)
(331.7148685 210.510595 1)
(372.8704914 236.6284917 1)
(419.106749 265.9706256 1)
(471.0508422 298.9350267 1)
(529.4073997 335.9688615 1)
(594.9680359 377.5744989 1)
(668.6220897 424.316325 1)
(751.3686881 476.8283988 1)
(844.3302998 535.8230537 1)
(0.8270830945 0.5620796695 1)
(1.130625351 0.7683647847 1)
(1.471639701 1.000115662 1)
(1.854752048 1.260476033 1)
(2.285159363 1.552977722 1)
(2.768700179 1.881588552 1)
(3.311933792 2.250766173 1)
(3.922229238 2.665518529 1)
(4.607865256 3.131471792 1)
(5.37814259 3.654946679 1)
(6.243510157 4.243044198 1)
(7.215706781 4.903741969 1)
(8.307920442 5.646002448 1)
(9.534967162 6.479894495 1)
(10.91349199 7.416729968 1)
(12.46219481 8.469217167 1)
(14.20208398 9.651633219 1)
(16.15676132 10.98001776 1)
(18.3527423 12.4723905 1)
(20.81981569 14.14899567 1)
(23.59144767 16.03257665 1)
(26.7052358 18.14868447 1)
(30.20341904 20.52602441 1)
(34.1334507 23.19684541 1)
(38.54864219 26.19737751 1)
(43.50888617 29.56832333 1)
(49.08146902 33.35541019 1)
(55.34198356 37.61001045 1)
(62.37535452 42.38983832 1)
(70.27699051 47.7597328 1)
(79.15407828 53.79253723 1)
(89.12703671 60.57008742 1)
(100.3311503 68.18432173 1)
(112.9184044 76.73852826 1)
(127.0595467 86.34874599 1)
(142.9464038 97.14533879 1)
(160.794483 109.2747639 1)
(180.8458958 122.9015586 1)
(203.3726425 138.2105721 1)
(228.6803011 155.4094733 1)
(257.1121737 174.7315676 1)
(289.0539423 196.4389617 1)
(324.9389012 220.8261194 1)
(365.2538348 248.2238558 1)
(410.5456205 279.0038247 1)
(461.4286475 313.5835606 1)
(518.5931507 352.4321422 1)
(582.8145744 396.0765557 1)
(654.9640906 445.1088434 1)
(736.0204174 500.1941349 1)
(827.0830945 562.0796695 1)
(0.8090189914 0.5877825036 1)
(1.105931662 0.8035006448 1)
(1.439498008 1.045849049 1)
(1.814242899 1.318115205 1)
(2.235249802 1.623992439 1)
(2.708229731 1.967630017 1)
(3.239598722 2.353689429 1)
(3.836564866 2.787407621 1)
(4.507226089 3.27466804 1)
(5.260680001 3.822080439 1)
(6.107147303 4.437070538 1)
(7.058110438 5.127980762 1)
(8.126469349 5.9041834 1)
(9.326716466 6.776207745 1)
(10.6751333 7.755882923 1)
(12.19001131 8.856498358 1)
(13.89190002 10.09298405 1)
(15.80388577 11.48211308 1)
(17.95190491 13.04272919 1)
(20.3650956 14.79600233 1)
(23.0761931 16.76571589 1)
(26.12197381 18.97858929 1)
(29.54375415 21.46464047 1)
(33.38795103 24.25759303 1)
(37.70671149 27.39533375 1)
(42.55862009 30.92042651 1)
(48.00949363 34.88068966 1)
(54.13327394 39.32984469 1)
(61.0130309 44.328245 1)
(68.74208935 49.94369454 1)
(77.42529499 56.25236764 1)
(87.18043668 63.33984231 1)
(98.1398442 71.30226107 1)
(110.4521834 80.2476352 1)
(124.2844728 90.2973099 1)
(139.8243492 101.5876103 1)
(157.2826132 114.271691 1)
(176.8960885 128.5216131 1)
(198.9308344 144.5306787 1)
(223.6857552 162.5160529 1)
(251.4966547 182.7217098 1)
(282.7407916 205.4217418 1)
(317.8419966 230.9240778 1)
(357.2764224 259.5746605 1)
(401.5790022 291.7621389 1)
(451.3507064 327.9231403 1)
(507.2666949 368.5481937 1)
(570.0854754 414.1883832 1)
(640.6591932 465.4628242 1)
(719.9451901 523.0670613 1)
(809.0189914 587.7825036 1)
(0.7901559695 0.6129058197 1)
(1.080145848 0.8378443018 1)
(1.405934788 1.090551292 1)
(1.771942158 1.374454794 1)
(2.183132897 1.693405998 1)
(2.645084864 2.051731518 1)
(3.164064498 2.454292089 1)
(3.747111828 2.906548498 1)
(4.402135968 3.414635664 1)
(5.138022408 3.985445857 1)
(5.964753547 4.626722195 1)
(6.893544102 5.347163676 1)
(7.936993242 6.156543184 1)
(9.109255494 7.065840063 1)
(10.42623275 8.087389044 1)
(11.90578999 9.235047577 1)
(13.5679976 10.5243838 1)
(15.43540364 11.97288774 1)
(17.53333974 13.60020854 1)
(19.89026467 15.42842102 1)
(22.53815044 17.48232514 1)
(25.51291597 19.78978237 1)
(28.85491435 22.38209368 1)
(32.60948024 25.29442412 1)
(36.82754483 28.56627985 1)
(41.56632672 32.24204402 1)
(46.89010813 36.37157886 1)
(52.87110687 41.01090208 1)
(59.59045597 46.2229467 1)
(67.13930431 52.07841481 1)
(75.62005303 58.65673661 1)
(85.14774461 66.04714793 1)
(95.85162348 74.34990068 1)
(107.8768892 83.6776228 1)
(121.386666 94.15684611 1)
(136.5642159 105.9297227 1)
(153.6154245 119.1559531 1)
(172.7715935 134.014953 1)
(194.292579 150.7082867 1)
(218.4703161 169.4624015 1)
(245.6327789 190.5316994 1)
(276.14843 214.2019884 1)
(310.4312182 240.794359 1)
(348.9461941 270.6695404 1)
(392.2158185 304.2327932 1)
(440.8270496 341.9394076 1)
(495.4393053 384.3008789 1)
(556.7934082 431.8918459 1)
(625.7216349 485.3578867 1)
(703.1590059 545.4242751 1)
(790.1559695 612.9058197 1)
(0.7705140299 0.6374230383 1)
(1.053295251 0.8713594215 1)
(1.370985629 1.134175098 1)
(1.727894675 1.429435197 1)
(2.12886391 1.761144961 1)
(2.579332533 2.133804079 1)
(3.085411212 2.55246772 1)
(3.653964972 3.022815113 1)
(4.29270632 3.551226583 1)
(5.01029987 4.144870102 1)
(5.816479872 4.811798525 1)
(6.722182266 5.561058823 1)
(7.739693027 6.402814814 1)
(8.882814824 7.34848503 1)
(10.16705426 8.410897614 1)
(11.60983221 9.604464334 1)
(13.23072015 10.94537608 1)
(15.05170564 12.45182251 1)
(17.0974906 14.14423876 1)
(19.39582636 16.04558268 1)
(21.97789018 18.18164626 1)
(24.87870807 20.58140549 1)
(28.13763003 23.27741343 1)
(31.79886377 26.30624177 1)
(35.91207441 29.70897699 1)
(40.53305821 33.53177764 1)
(45.72449943 37.82650052 1)
(51.55682066 42.65140413 1)
(58.10913812 48.07193891 1)
(65.47033487 54.16163516 1)
(73.74026654 61.00310042 1)
(83.03111584 68.68914008 1)
(93.46891439 77.32401629 1)
(105.1952523 87.02486231 1)
(118.369199 97.9232714 1)
(133.1694607 110.1670819 1)
(149.7968051 123.9223829 1)
(168.4767842 139.3757667 1)
(189.4627944 156.7368606 1)
(213.0395139 176.2411701 1)
(239.5267639 198.1532739 1)
(269.2838475 222.7704125 1)
(302.7144236 250.4265207 1)
(340.2719824 281.4967573 1)
(382.4659972 316.4025943 1)
(429.8688355 355.617534 1)
(483.123523 399.6735322 1)
(542.9524667 449.1682145 1)
(610.1672544 504.7729828 1)
(685.6796634 567.2421234 1)
(770.5140299 637.4230383 1)
(0.750112161 0.6613106274 1)
(1.025405828 0.9040138356 1)
(1.334684319 1.176678596 1)
(1.682143035 1.483003641 1)
(2.072495303 1.827144313 1)
(2.511036302 2.213768925 1)
(3.003714899 2.648122091 1)
(3.557214346 3.136095871 1)
(4.179042937 3.684309695 1)
(4.87763586 4.300200155 1)
(5.66246962 4.992121888 1)
(6.544190593 5.769460905 1)
(7.534759442 6.642761914 1)
(8.647613366 7.62387136 1)
(9.897848377 8.726098123 1)
(11.30242408 9.964394057 1)
(12.88039373 11.35555681 1)
(14.6531627 12.9184577 1)
(16.64477884 14.67429767 1)
(18.88225868 16.64689494 1)
(21.39595394 18.86300804 1)
(24.21996323 21.35269886 1)
(27.39259462 24.14974037 1)
(30.95688527 27.29207482 1)
(34.96118526 30.8223284 1)
(39.45981346 34.78838946 1)
(44.51379436 39.24405817 1)
(50.19168589 44.24977625 1)
(56.5705094 49.87344695 1)
(63.73679449 56.1913561 1)
(71.78775277 63.289207 1)
(80.83259657 71.26328293 1)
(90.99402041 80.2217533 1)
(102.4098654 90.28614097 1)
(115.2349889 101.5929707 1)
(129.6433655 114.2956211 1)
(145.8304467 128.5664054 1)
(164.0158125 144.5989087 1)
(184.4461498 162.6106139 1)
(207.3985988 182.8458524 1)
(233.1845126 205.5791178 1)
(262.1536805 231.1187899 1)
(294.6990732 259.8113177 1)
(331.2621733 292.0459193 1)
(372.3389641 328.2598613 1)
(418.4866578 368.9443907 1)
(470.3312539 414.6513986 1)
(528.5760315 466.0009066 1)
(594.0110887 523.6894776 1)
(667.5240608 588.499665 1)
(750.112161 661.3106274 1)
(0.7289697672 0.6845458922 1)
(0.9965041056 0.93577652 1)
(1.297065382 1.218021404 1)
(1.634730752 1.535109234 1)
(2.01408069 1.891341348 1)
(2.440261128 2.291550084 1)
(2.919053263 2.741164325 1)
(3.456951972 3.246283149 1)
(4.061253924 3.813758561 1)
(4.740156555 4.45128844 1)
(5.502869271 5.167520965 1)
(6.359738372 5.972171925 1)
(7.322387401 6.876156518 1)
(8.403874821 7.891737416 1)
(9.618871153 9.032691109 1)
(10.98385799 10.31449479 1)
(12.51735155 11.75453629 1)
(14.24015388 13.37234997 1)
(16.17563504 15.18988169 1)
(18.35005007 17.23178651 1)
(20.79289522 19.52576313 1)
(23.53730799 22.10292967 1)
(26.62051672 24.99824573 1)
(30.08434554 28.25098665 1)
(33.97578177 31.9052763 1)
(38.34761324 36.01068562 1)
(43.25914443 40.62290503 1)
(48.77700094 45.80449989 1)
(54.9760332 51.62575924 1)
(61.94033194 58.16564924 1)
(69.76436878 65.51288437 1)
(78.55427784 73.76713086 1)
(88.42929541 83.04035866 1)
(99.52337742 93.45836035 1)
(111.9870166 105.1624575 1)
(125.9892838 118.3114178 1)
(141.7201218 133.0836086 1)
(159.3929213 149.6794167 1)
(179.2474164 168.3239664 1)
(201.5529359 189.2701735 1)
(226.6120571 212.8021761 1)
(254.7647104 239.2391891 1)
(286.3927902 268.9398339 1)
(321.9253358 302.3070039 1)
(361.8443509 339.7933291 1)
(406.6913421 381.9073165 1)
(457.074665 429.2202481 1)
(513.6777761 482.3739301 1)
(577.2685041 542.0893992 1)
(648.7094657 609.1767038 1)
(728.9697672 684.5458922 1)
(0.7071067812 0.7071067812 1)
(0.9666173307 0.9666173307 1)
(1.258164287 1.258164287 1)
(1.585702524 1.585702524 1)
(1.953675142 1.953675142 1)
(2.367073738 2.367073738 1)
(2.831506119 2.831506119 1)
(3.353272373 3.353272373 1)
(3.939450329 3.939450329 1)
(4.59799157 4.59799157 1)
(5.337829294 5.337829294 1)
(6.1689995 6.1689995 1)
(7.102777122 7.102777122 1)
(8.15182898 8.15182898 1)
(9.330385602 9.330385602 1)
(10.65443426 10.65443426 1)
(12.14193587 12.14193587 1)
(13.81306857 13.81306857 1)
(15.6905015 15.6905015 1)
(17.7997023 17.7997023 1)
(20.16928255 20.16928255 1)
(22.83138593 22.83138593 1)
(25.82212423 25.82212423 1)
(29.18206721 29.18206721 1)
(32.95679295 32.95679295 1)
(37.1975061 37.1975061 1)
(41.96173251 41.96173251 1)
(47.31409954 47.31409954 1)
(53.32721277 53.32721277 1)
(60.08264089 60.08264089 1)
(67.67202217 67.67202217 1)
(76.1983076 76.1983076 1)
(85.77715737 85.77715737 1)
(96.53850986 96.53850986 1)
(108.6283443 108.6283443 1)
(122.2106608 122.2106608 1)
(137.4697054 137.4697054 1)
(154.612469 154.612469 1)
(173.8714956 173.8714956 1)
(195.5080363 195.5080363 1)
(219.8155938 219.8155938 1)
(247.1239034 247.1239034 1)
(277.8034058 277.8034058 1)
(312.2702727 312.2702727 1)
(350.9920517 350.9920517 1)
(394.4940089 394.4940089 1)
(443.3662542 443.3662542 1)
(498.2717462 498.2717462 1)
(559.955285 559.955285 1)
(629.2536163 629.2536163 1)
(707.1067812 707.1067812 1)
(0.6845458922 0.7289697672 1)
(0.93577652 0.9965041056 1)
(1.218021404 1.297065382 1)
(1.535109234 1.634730752 1)
(1.891341348 2.01408069 1)
(2.291550084 2.440261128 1)
(2.741164325 2.919053263 1)
(3.246283149 3.456951972 1)
(3.813758561 4.061253924 1)
(4.45128844 4.740156555 1)
(5.167520965 5.502869271 1)
(5.972171925 6.359738372 1)
(6.876156518 7.322387401 1)
(7.891737416 8.403874821 1)
(9.032691109 9.618871153 1)
(10.31449479 10.98385799 1)
(11.75453629 12.51735155 1)
(13.37234997 14.24015388 1)
(15.18988169 16.17563504 1)
(17.23178651 18.35005007 1)
(19.52576313 20.79289522 1)
(22.10292967 23.53730799 1)
(24.99824573 26.62051672 1)
(28.25098665 30.08434554 1)
(31.9052763 33.97578177 1)
(36.01068562 38.34761324 1)
(40.62290503 43.25914443 1)
(45.80449989 48.77700094 1)
(51.62575924 54.9760332 1)
(58.16564924 61.94033194 1)
(65.51288437 69.76436878 1)
(73.76713086 78.55427784 1)
(83.04035866 88.42929541 1)
(93.45836035 99.52337742 1)
(105.1624575 111.9870166 1)
(118.3114178 125.9892838 1)
(133.0836086 141.7201218 1)
(149.6794167 159.3929213 1)
(168.3239664 179.2474164 1)
(189.2701735 201.5529359 1)
(212.8021761 226.6120571 1)
(239.2391891 254.7647104 1)
(268.9398339 286.3927902 1)
(302.3070039 321.9253358 1)
(339.7933291 361.8443509 1)
(381.9073165 406.6913421 1)
(429.2202481 457.074665 1)
(482.3739301 513.6777761 1)
(542.0893992 577.2685041 1)
(609.1767038 648.7094657 1)
(684.5458922 728.9697672 1)
(0.6613106274 0.750112161 1)
(0.9040138356 1.025405828 1)
(1.176678596 1.334684319 1)
(1.483003641 1.682143035 1)
(1.827144313 2.072495303 1)
(2.213768925 2.511036302 1)
(2.648122091 3.003714899 1)
(3.136095871 3.557214346 1)
(3.684309695 4.179042937 1)
(4.300200155 4.87763586 1)
(4.992121888 5.66246962 1)
(5.769460905 6.544190593 1)
(6.642761914 7.534759442 1)
(7.62387136 8.647613366 1)
(8.726098123 9.897848377 1)
(9.964394057 11.30242408 1)
(11.35555681 12.88039373 1)
(12.9184577 14.6531627 1)
(14.67429767 16.64477884 1)
(16.64689494 18.88225868 1)
(18.86300804 21.39595394 1)
(21.35269886 24.21996323 1)
(24.14974037 27.39259462 1)
(27.29207482 30.95688527 1)
(30.8223284 34.96118526 1)
(34.78838946 39.45981346 1)
(39.24405817 44.51379436 1)
(44.24977625 50.19168589 1)
(49.87344695 56.5705094 1)
(56.1913561 63.73679449 1)
(63.289207 71.78775277 1)
(71.26328293 80.83259657 1)
(80.2217533 90.99402041 1)
(90.28614097 102.4098654 1)
(101.5929707 115.2349889 1)
(114.2956211 129.6433655 1)
(128.5664054 145.8304467 1)
(144.5989087 164.0158125 1)
(162.6106139 184.4461498 1)
(182.8458524 207.3985988 1)
(205.5791178 233.1845126 1)
(231.1187899 262.1536805 1)
(259.8113177 294.6990732 1)
(292.0459193 331.2621733 1)
(328.2598613 372.3389641 1)
(368.9443907 418.4866578 1)
(414.6513986 470.3312539 1)
(466.0009066 528.5760315 1)
(523.6894776 594.0110887 1)
(588.499665 667.5240608 1)
(661.3106274 750.112161 1)
(0.6374230383 0.7705140299 1)
(0.8713594215 1.053295251 1)
(1.134175098 1.370985629 1)
(1.429435197 1.727894675 1)
(1.761144961 2.12886391 1)
(2.133804079 2.579332533 1)
(2.55246772 3.085411212 1)
(3.022815113 3.653964972 1)
(3.551226583 4.29270632 1)
(4.144870102 5.01029987 1)
(4.811798525 5.816479872 1)
(5.561058823 6.722182266 1)
(6.402814814 7.739693027 1)
(7.34848503 8.882814824 1)
(8.410897614 10.16705426 1)
(9.604464334 11.60983221 1)
(10.94537608 13.23072015 1)
(12.45182251 15.05170564 1)
(14.14423876 17.0974906 1)
(16.04558268 19.39582636 1)
(18.18164626 21.97789018 1)
(20.58140549 24.87870807 1)
(23.27741343 28.13763003 1)
(26.30624177 31.79886377 1)
(29.70897699 35.91207441 1)
(33.53177764 40.53305821 1)
(37.82650052 45.72449943 1)
(42.65140413 51.55682066 1)
(48.07193891 58.10913812 1)
(54.16163516 65.47033487 1)
(61.00310042 73.74026654 1)
(68.68914008 83.03111584 1)
(77.32401629 93.46891439 1)
(87.02486231 105.1952523 1)
(97.9232714 118.369199 1)
(110.1670819 133.1694607 1)
(123.9223829 149.7968051 1)
(139.3757667 168.4767842 1)
(156.7368606 189.4627944 1)
(176.2411701 213.0395139 1)
(198.1532739 239.5267639 1)
(222.7704125 269.2838475 1)
(250.4265207 302.7144236 1)
(281.4967573 340.2719824 1)
(316.4025943 382.4659972 1)
(355.617534 429.8688355 1)
(399.6735322 483.123523 1)
(449.1682145 542.9524667 1)
(504.7729828 610.1672544 1)
(567.2421234 685.6796634 1)
(637.4230383 770.5140299 1)
(0.6129058197 0.7901559695 1)
(0.8378443018 1.080145848 1)
(1.090551292 1.405934788 1)
(1.374454794 1.771942158 1)
(1.693405998 2.183132897 1)
(2.051731518 2.645084864 1)
(2.454292089 3.164064498 1)
(2.906548498 3.747111828 1)
(3.414635664 4.402135968 1)
(3.985445857 5.138022408 1)
(4.626722195 5.964753547 1)
(5.347163676 6.893544102 1)
(6.156543184 7.936993242 1)
(7.065840063 9.109255494 1)
(8.087389044 10.42623275 1)
(9.235047577 11.90578999 1)
(10.5243838 13.5679976 1)
(11.97288774 15.43540364 1)
(13.60020854 17.53333974 1)
(15.42842102 19.89026467 1)
(17.48232514 22.53815044 1)
(19.78978237 25.51291597 1)
(22.38209368 28.85491435 1)
(25.29442412 32.60948024 1)
(28.56627985 36.82754483 1)
(32.24204402 41.56632672 1)
(36.37157886 46.89010813 1)
(41.01090208 52.87110687 1)
(46.2229467 59.59045597 1)
(52.07841481 67.13930431 1)
(58.65673661 75.62005303 1)
(66.04714793 85.14774461 1)
(74.34990068 95.85162348 1)
(83.6776228 107.8768892 1)
(94.15684611 121.386666 1)
(105.9297227 136.5642159 1)
(119.1559531 153.6154245 1)
(134.014953 172.7715935 1)
(150.7082867 194.292579 1)
(169.4624015 218.4703161 1)
(190.5316994 245.6327789 1)
(214.2019884 276.14843 1)
(240.794359 310.4312182 1)
(270.6695404 348.9461941 1)
(304.2327932 392.2158185 1)
(341.9394076 440.8270496 1)
(384.3008789 495.4393053 1)
(431.8918459 556.7934082 1)
(485.3578867 625.7216349 1)
(545.4242751 703.1590059 1)
(612.9058197 790.1559695 1)
(0.5877825036 0.8090189914 1)
(0.8035006448 1.105931662 1)
(1.045849049 1.439498008 1)
(1.318115205 1.814242899 1)
(1.623992439 2.235249802 1)
(1.967630017 2.708229731 1)
(2.353689429 3.239598722 1)
(2.787407621 3.836564866 1)
(3.27466804 4.507226089 1)
(3.822080439 5.260680001 1)
(4.437070538 6.107147303 1)
(5.127980762 7.058110438 1)
(5.9041834 8.126469349 1)
(6.776207745 9.326716466 1)
(7.755882923 10.6751333 1)
(8.856498358 12.19001131 1)
(10.09298405 13.89190002 1)
(11.48211308 15.80388577 1)
(13.04272919 17.95190491 1)
(14.79600233 20.3650956 1)
(16.76571589 23.0761931 1)
(18.97858929 26.12197381 1)
(21.46464047 29.54375415 1)
(24.25759303 33.38795103 1)
(27.39533375 37.70671149 1)
(30.92042651 42.55862009 1)
(34.88068966 48.00949363 1)
(39.32984469 54.13327394 1)
(44.328245 61.0130309 1)
(49.94369454 68.74208935 1)
(56.25236764 77.42529499 1)
(63.33984231 87.18043668 1)
(71.30226107 98.1398442 1)
(80.2476352 110.4521834 1)
(90.2973099 124.2844728 1)
(101.5876103 139.8243492 1)
(114.271691 157.2826132 1)
(128.5216131 176.8960885 1)
(144.5306787 198.9308344 1)
(162.5160529 223.6857552 1)
(182.7217098 251.4966547 1)
(205.4217418 282.7407916 1)
(230.9240778 317.8419966 1)
(259.5746605 357.2764224 1)
(291.7621389 401.5790022 1)
(327.9231403 451.3507064 1)
(368.5481937 507.2666949 1)
(414.1883832 570.0854754 1)
(465.4628242 640.6591932 1)
(523.0670613 719.9451901 1)
(587.7825036 809.0189914 1)
(0.5620796695 0.8270830945 1)
(0.7683647847 1.130625351 1)
(1.000115662 1.471639701 1)
(1.260476033 1.854752048 1)
(1.552977722 2.285159363 1)
(1.881588552 2.768700179 1)
(2.250766173 3.311933792 1)
(2.665518529 3.922229238 1)
(3.131471792 4.607865256 1)
(3.654946679 5.37814259 1)
(4.243044198 6.243510157 1)
(4.903741969 7.215706781 1)
(5.646002448 8.307920442 1)
(6.479894495 9.534967162 1)
(7.416729968 10.91349199 1)
(8.469217167 12.46219481 1)
(9.651633219 14.20208398 1)
(10.98001776 16.15676132 1)
(12.4723905 18.3527423 1)
(14.14899567 20.81981569 1)
(16.03257665 23.59144767 1)
(18.14868447 26.7052358 1)
(20.52602441 30.20341904 1)
(23.19684541 34.1334507 1)
(26.19737751 38.54864219 1)
(29.56832333 43.50888617 1)
(33.35541019 49.08146902 1)
(37.61001045 55.34198356 1)
(42.38983832 62.37535452 1)
(47.7597328 70.27699051 1)
(53.79253723 79.15407828 1)
(60.57008742 89.12703671 1)
(68.18432173 100.3311503 1)
(76.73852826 112.9184044 1)
(86.34874599 127.0595467 1)
(97.14533879 142.9464038 1)
(109.2747639 160.794483 1)
(122.9015586 180.8458958 1)
(138.2105721 203.3726425 1)
(155.4094733 228.6803011 1)
(174.7315676 257.1121737 1)
(196.4389617 289.0539423 1)
(220.8261194 324.9389012 1)
(248.2238558 365.2538348 1)
(279.0038247 410.5456205 1)
(313.5835606 461.4286475 1)
(352.4321422 518.5931507 1)
(396.0765557 582.8145744 1)
(445.1088434 654.9640906 1)
(500.1941349 736.0204174 1)
(562.0796695 827.0830945 1)
(0.5358230537 0.8443302998 1)
(0.7324719034 1.154202339 1)
(0.9533969245 1.502327878 1)
(1.201594995 1.893429286 1)
(1.480432954 2.332811906 1)
(1.793693276 2.826436023 1)
(2.145625379 3.380997714 1)
(2.54100327 4.004019681 1)
(2.985190302 4.703953301 1)
(3.484211931 5.490293268 1)
(4.044837454 6.373706387 1)
(4.674671829 7.366176277 1)
(5.382258845 8.481165924 1)
(6.177197014 9.733800311 1)
(7.070269779 11.14107159 1)
(8.07359179 12.72206959 1)
(9.200773246 14.49824075 1)
(10.46710451 16.49367908 1)
(11.88976354 18.73545296 1)
(13.4880489 21.25397235 1)
(15.28364153 24.08340132 1)
(17.3008989 27.26212143 1)
(19.56718536 30.83325245 1)
(22.11324341 34.84523726 1)
(24.97361064 39.35249896 1)
(28.18708834 44.41617915 1)
(31.79726775 50.10496735 1)
(35.85312144 56.49603272 1)
(40.40966761 63.67607092 1)
(45.52871642 71.74248012 1)
(51.27970844 80.80468225 1)
(57.74065665 90.98560728 1)
(64.99920468 102.4233608 1)
(73.15381571 115.2730976 1)
(82.31510811 129.7091259 1)
(92.60735606 145.9272724 1)
(104.1701753 164.1475384 1)
(117.1604169 184.6170844 1)
(131.7542954 207.6135824 1)
(148.1497785 233.4489829 1)
(166.5692734 262.4737468 1)
(187.2626427 295.0815986 1)
(210.510595 331.7148685 1)
(236.6284917 372.8704914 1)
(265.9706256 419.106749 1)
(298.9350267 471.0508422 1)
(335.9688615 529.4073997 1)
(377.5744989 594.9680359 1)
(424.316325 668.6220897 1)
(476.8283988 751.3686881 1)
(535.8230537 844.3302998 1)
(0.5090378781 0.8607441191 1)
(0.6958564789 1.176640085 1)
(0.9057377134 1.5315332 1)
(1.141528649 1.930237637 1)
(1.40642782 2.378161876 1)
(1.704028621 2.881382068 1)
(2.038368045 3.446724463 1)
(2.413981451 4.081858005 1)
(2.835964086 4.795398367 1)
(3.310040201 5.597024818 1)
(3.842640701 6.497611529 1)
(4.440990384 7.509375078 1)
(5.113205942 8.646040174 1)
(5.86840607 9.923025831 1)
(6.716835159 11.35765453 1)
(7.670002262 12.9693872 1)
(8.740837218 14.78008721 1)
(9.943866047 16.81431695 1)
(11.295408 19.09967101 1)
(12.81379691 21.66715054 1)
(14.51962994 24.55158373 1)
(16.43604695 27.7920983 1)
(18.58904437 31.43265228 1)
(21.00782791 35.52263025 1)
(23.72520869 40.11751332 1)
(26.77804835 45.27963169 1)
(30.20775906 51.07901019 1)
(34.06086531 57.59431816 1)
(38.389635 64.91393663 1)
(43.25278847 73.13715719 1)
(48.71629504 82.37552894 1)
(54.85426791 92.75437162 1)
(61.74996951 104.4144756 1)
(69.49694095 117.5140118 1)
(78.20027093 132.2306771 1)
(87.97802129 148.7641052 1)
(98.96282852 167.338574 1)
(111.303703 188.2060489 1)
(125.1680503 211.6495998 1)
(140.7439422 237.9872418 1)
(158.2426678 267.5762483 1)
(177.9015995 300.8179983 1)
(199.9874135 338.1634206 1)
(224.7997067 380.1191107 1)
(252.6750612 427.2542032 1)
(283.99161 480.208092 1)
(319.1741662 539.6991036 1)
(358.6999858 606.5342416 1)
(403.105242 681.6201335 1)
(452.9922979 765.9753295 1)
(509.0378781 860.7441191 1)
(0.4817501208 0.8763086335 1)
(0.6585540235 1.197916828 1)
(0.8571842521 1.559227342 1)
(1.080335252 1.965141403 1)
(1.331034097 2.421165289 1)
(1.612681549 2.933485023 1)
(1.929098195 3.509050293 1)
(2.284576268 4.155668718 1)
(2.683937876 4.882111764 1)
(3.132600412 5.698233727 1)
(3.636650044 6.615105411 1)
(4.202924273 7.645164302 1)
(4.839104684 8.802383289 1)
(5.553821149 10.1024602 1)
(6.356768893 11.56303075 1)
(7.258840009 13.20390778 1)
(8.272271213 15.04735 1)
(9.410809834 17.11836396 1)
(10.6899003 19.44504323 1)
(12.12689365 22.05894953 1)
(13.74128288 24.99554085 1)
(15.5549674 28.29465244 1)
(17.59255009 32.00103719 1)
(19.88167103 36.1649727 1)
(22.45338244 40.84294333 1)
(25.34256994 46.09840636 1)
(28.58842574 52.00265285 1)
(32.23498031 58.6357747 1)
(36.33169965 66.08775109 1)
(40.93415631 74.45966908 1)
(46.10478322 83.86509485 1)
(51.91372063 94.43161427 1)
(58.43976755 106.3025636 1)
(65.77145069 119.6389738 1)
(74.0082253 134.6217551 1)
(83.26182433 151.4541509 1)
(93.65777409 170.364495 1)
(105.337097 191.6093086 1)
(118.4582247 215.4767805 1)
(133.199147 242.2906762 1)
(149.7598265 272.4147297 1)
(168.364911 306.2575778 1)
(189.266781 344.2783034 1)
(212.7489731 386.9926625 1)
(239.1300265 434.9800813 1)
(268.7678036 488.8915155 1)
(302.0643448 549.4582809 1)
(339.4713221 617.5019737 1)
(381.4961663 693.9456157 1)
(428.70895 779.8261752 1)
(481.7501208 876.3086335 1)
(0.453986509 0.8910085576 1)
(0.6206010735 1.218011673 1)
(0.8077840967 1.585383108 1)
(1.018074741 1.998106307 1)
(1.254325628 2.461779913 1)
(1.519741532 2.982693722 1)
(1.817922855 3.567913998 1)
(2.152914466 4.225379335 1)
(2.529260573 4.964008335 1)
(2.952066359 5.793820601 1)
(3.427067243 6.726072647 1)
(3.960706673 7.773410597 1)
(4.560223542 8.950041729 1)
(5.233750374 10.2719272 1)
(5.990423653 11.75699857 1)
(6.840507751 13.42540103 1)
(7.795534173 15.29976667 1)
(8.868457981 17.40552152 1)
(10.07383353 19.77123043 1)
(11.4280119 22.42898455 1)
(12.9493627 25.41483667 1)
(14.65852326 28.76929028 1)
(16.57867856 32.53784899 1)
(18.73587578 36.7716338 1)
(21.15937759 41.52807656 1)
(23.8820591 46.87169906 1)
(26.94085386 52.87498826 1)
(30.37725482 59.61937957 1)
(34.23787723 67.19636156 1)
(38.57509094 75.70871701 1)
(43.44773084 85.27191715 1)
(48.92189494 96.01568808 1)
(55.07184101 108.0857705 1)
(61.98099388 121.6458966 1)
(69.74307714 136.8800115 1)
(78.4633845 153.9947678 1)
(88.26020807 173.2223296 1)
(99.26644309 194.8235212 1)
(111.6313906 219.0913658 1)
(125.5227828 246.3550599 1)
(141.1290582 276.9844391 1)
(158.6619181 311.3949951 1)
(178.359198 350.0535117 1)
(200.4880942 393.4843968 1)
(225.3487882 442.2767961 1)
(253.2785185 497.0925852 1)
(284.6561557 558.6753474 1)
(319.9073416 627.8604613 1)
(359.5102633 705.5864321 1)
(404.0021397 792.9076229 1)
(453.986509 891.0085576 1)
(0.425774466 0.9048293232 1)
(0.5820351165 1.236904706 1)
(0.7575860419 1.609974576 1)
(0.9548086138 2.029099678 1)
(1.176378183 2.499965498 1)
(1.42530037 3.028959395 1)
(1.704951838 3.623257241 1)
(2.019126095 4.290920767 1)
(2.372084959 5.041006917 1)
(2.768616364 5.883690711 1)
(3.21409931 6.830403265 1)
(3.714576833 7.893986864 1)
(4.276837978 9.08886916 1)
(4.908509893 10.43125889 1)
(5.618161292 11.93936576 1)
(6.41541869 13.63364742 1)
(7.311096991 15.53708705 1)
(8.31734619 17.67550505 1)
(9.447816193 20.07790935 1)
(10.71784198 22.77688888 1)
(12.14465161 25.80905567 1)
(13.74759996 29.21554146 1)
(15.54843123 33.04255568 1)
(17.57157393 37.3420123 1)
(19.84447228 42.17223402 1)
(22.39795844 47.59874345 1)
(25.26667079 53.6951519 1)
(28.48952379 60.54415797 1)
(32.11023589 68.23866935 1)
(36.17792252 76.88306312 1)
(40.74776239 86.59460162 1)
(45.881746 97.50502319 1)
(51.64951652 109.7623291 1)
(58.12931452 123.5327915 1)
(65.40903934 139.0032083 1)
(73.58744141 156.383438 1)
(82.77546186 175.9092456 1)
(93.0977374 197.8455014 1)
(104.6942911 222.4897736 1)
(117.7224317 250.176365 1)
(132.3588878 281.2808479 1)
(148.8022047 316.2251589 1)
(167.2754383 355.4833221 1)
(188.0291805 399.5878798 1)
(211.3449586 449.1371163 1)
(237.5390542 504.8031734 1)
(266.9667936 567.3411688 1)
(300.0273683 637.5994388 1)
(337.1692491 716.531046 1)
(378.8962708 805.2067084 1)
(425.774466 904.8293232 1)
(0.3971423849 0.9177570082 1)
(0.5428949661 1.254576894 1)
(0.7066406079 1.632976974 1)
(0.8906005417 2.058090296 1)
(1.097270209 2.535683578 1)
(1.32945311 3.072235438 1)
(1.590298839 3.675024273 1)
(1.883345802 4.352226994 1)
(2.21256922 5.113029947 1)
(2.582435053 5.967753526 1)
(2.99796058 6.927992169 1)
(3.464782462 8.006771643 1)
(3.989233198 9.218725736 1)
(4.578427034 10.58029477 1)
(5.240356462 12.1099486 1)
(5.984000644 13.8284372 1)
(6.819447213 15.75907208 1)
(7.758029112 17.92804258 1)
(8.812478331 20.36477106 1)
(9.997098614 23.10231207 1)
(11.32795949 26.17780073 1)
(12.82311428 29.63295644 1)
(14.50284494 33.51464886 1)
(16.38993725 37.87553367 1)
(18.50998986 42.77476684 1)
(20.89176158 48.27880713 1)
(23.56756146 54.46231759 1)
(26.57368708 61.40917835 1)
(29.95091693 69.21362452 1)
(33.74506359 77.98152445 1)
(38.00759517 87.83181587 1)
(42.79633347 98.89811931 1)
(48.17623838 111.3305507 1)
(54.22028902 125.2977575 1)
(61.01047375 140.9892068 1)
(68.63890233 158.6177553 1)
(77.20905541 178.4225366 1)
(86.83718826 200.672205 1)
(97.65390781 225.6685805 1)
(109.8059443 253.7507421 1)
(123.4581417 285.2996282 1)
(138.7956939 320.7432035 1)
(156.0266569 360.5622649 1)
(175.3847709 405.2969634 1)
(197.1326315 455.5541311 1)
(221.5652511 512.0155131 1)
(249.0140617 575.4470157 1)
(279.8514098 646.7090957 1)
(314.4956084 726.7684327 1)
(353.4166106 816.7110424 1)
(397.1423849 917.7570082 1)
(0.3681188116 0.9297787589 1)
(0.5032196445 1.271010668 1)
(0.6549985866 1.654367432 1)
(0.8255145396 2.085049337 1)
(1.017080575 2.56889864 1)
(1.232295312 3.112478823 1)
(1.474078167 3.723163623 1)
(1.745708957 4.409237061 1)
(2.050872389 5.180005815 1)
(2.393708047 6.045925465 1)
(2.778866543 7.018742329 1)
(3.211572602 8.111652796 1)
(3.69769594 9.339482343 1)
(4.243830885 10.71888664 1)
(4.857385831 12.2685775 1)
(5.546683732 14.00957667 1)
(6.321075008 15.96550105 1)
(7.191064378 18.16288302 1)
(8.168453365 20.63153034 1)
(9.266500382 23.40493056 1)
(10.50010058 26.52070522 1)
(11.88598792 30.02112021 1)
(13.44296214 33.95365914 1)
(15.1921438 38.37166741 1)
(17.1572608 43.33507592 1)
(19.36497019 48.91121394 1)
(21.84521987 55.17572255 1)
(24.63165474 62.21358063 1)
(27.76207316 70.12025768 1)
(31.27893969 79.00300883 1)
(35.22996109 88.98232978 1)
(39.66873348 100.1935913 1)
(44.65546941 112.7888758 1)
(50.25781462 126.9390399 1)
(56.55176568 142.8360324 1)
(63.62270086 160.6954982 1)
(71.56653836 180.7597034 1)
(80.49103738 203.3008215 1)
(90.51725995 228.6246259 1)
(101.7812131 257.0746374 1)
(114.4356939 289.036784 1)
(128.6523621 324.9446368 1)
(144.6240686 365.2852903 1)
(162.5674718 410.6059711 1)
(182.7259763 461.5214603 1)
(205.3730351 518.7224331 1)
(230.8158583 582.9848286 1)
(259.3995814 655.1803745 1)
(291.5119464 736.2884133 1)
(327.5885618 827.4091863 1)
(368.1188116 929.7787589 1)
(0.3387321618 0.9408828421 1)
(0.4630479961 1.286189986 1)
(0.6027105386 1.674125071 1)
(0.7596143303 2.109950488 1)
(0.9358877922 2.599578266 1)
(1.133922097 3.149650272 1)
(1.356403608 3.767628307 1)
(1.606350314 4.461895325 1)
(1.887152778 5.24186915 1)
(2.202620122 6.118130233 1)
(2.557031702 7.102565172 1)
(2.955195159 8.208527957 1)
(3.402511634 9.451021124 1)
(3.905049035 10.84689926 1)
(4.469624347 12.41509763 1)
(5.103896112 14.17688906 1)
(5.81646831 16.15617249 1)
(6.617007079 18.37979716 1)
(7.516371833 20.87792684 1)
(8.526762576 23.68444899 1)
(9.661885394 26.83743445 1)
(10.93713838 30.37965391 1)
(12.36982051 34.35915803 1)
(13.97936631 38.82992932 1)
(15.78760948 43.8526144 1)
(17.81907908 49.49534665 1)
(20.10133228 55.83467051 1)
(22.66532813 62.95657973 1)
(25.5458476 70.95768397 1)
(28.78196529 79.94651929 1)
(32.4175796 90.04502042 1)
(36.50200811 101.3901749 1)
(41.09065664 114.1358813 1)
(46.24577081 128.4550367 1)
(52.03728046 144.5418825 1)
(58.54374816 162.6146388 1)
(65.85343504 182.9184651 1)
(74.06549797 205.7287854 1)
(83.29133468 231.3550248 1)
(93.65609488 260.1448066 1)
(105.3003779 292.4886681 1)
(118.3821401 328.8253581 1)
(133.0788372 369.6477886 1)
(149.5898319 415.5097214 1)
(168.1390981 467.0332798 1)
(188.978259 524.9173876 1)
(212.3900007 589.9472505 1)
(238.6919066 663.0050074 1)
(268.2407654 745.0816964 1)
(301.4374115 837.2906988 1)
(338.7321618 940.8828421 1)
(0.3090113231 0.951058359 1)
(0.4224195104 1.300099952 1)
(0.549827864 1.692230501 1)
(0.6929646952 2.132769308 1)
(0.8537716744 2.627692343 1)
(1.03443017 3.183713301 1)
(1.237390838 3.808374682 1)
(1.465406867 4.510150101 1)
(1.721571326 5.298559235 1)
(2.009359119 6.184296959 1)
(2.332674126 7.179378425 1)
(2.695902159 8.297302044 1)
(3.103970454 9.553232601 1)
(3.562414512 10.96420696 1)
(4.077453189 12.54936518 1)
(4.656073053 14.33021014 1)
(5.306123159 16.33089925 1)
(6.036421524 18.57857211 1)
(6.856874744 21.10371871 1)
(7.778612375 23.940593 1)
(8.814137912 27.12767757 1)
(9.977498398 30.70820563 1)
(11.28447497 34.73074754 1)
(12.75279695 39.2498696 1)
(14.40238231 44.32687432 1)
(16.2556079 50.03063193 1)
(18.33761297 56.43851469 1)
(20.6766402 63.63744637 1)
(23.30441882 71.72508144 1)
(26.25659497 80.81112976 1)
(29.57321534 91.01884478 1)
(33.29927032 102.4866955 1)
(37.48530434 115.3702449 1)
(42.18810151 129.84426 1)
(47.47145591 146.1050828 1)
(53.40703694 164.3732935 1)
(60.07536156 184.8967028 1)
(67.56688648 207.9537136 1)
(75.98323524 233.8570972 1)
(85.43857673 262.9582365 1)
(96.06117392 295.6518923 1)
(107.9951238 332.3815586 1)
(121.4023119 373.645478 1)
(136.4646086 420.0034012 1)
(153.386336 472.0841796 1)
(172.3970395 530.594296 1)
(193.7546018 596.3274478 1)
(217.7487413 670.1753142 1)
(244.7049415 753.1396511 1)
(274.9888669 846.3458811 1)
(309.0113231 951.058359 1)
(0.2789855883 0.9602952887 1)
(0.3813742306 1.312726866 1)
(0.4964026837 1.70866589 1)
(0.6256313239 2.153483327 1)
(0.7708131549 2.653213184 1)
(0.9339175877 3.214634365 1)
(1.117157156 3.845362622 1)
(1.323017528 4.553953869 1)
(1.554291229 5.35002024 1)
(1.814115516 6.244360483 1)
(2.106014941 7.249106442 1)
(2.433949158 8.377887631 1)
(2.802366639 9.646016117 1)
(3.216265017 11.07069423 1)
(3.681258878 12.67124793 1)
(4.203655926 14.46938892 1)
(4.790542548 16.48950925 1)
(5.449879937 18.7590121 1)
(6.190612095 21.3086836 1)
(7.022787151 24.17311036 1)
(7.957693673 27.39114873 1)
(9.008013791 31.00645183 1)
(10.18799524 35.06806172 1)
(11.51364462 39.63107469 1)
(13.00294455 44.75738862 1)
(14.67609758 50.51654263 1)
(16.55580026 56.98666044 1)
(18.66755099 64.25551004 1)
(21.03999597 72.42169436 1)
(23.70531773 81.59598877 1)
(26.69967171 91.90284381 1)
(30.06367672 103.4820734 1)
(33.84296594 116.4907512 1)
(38.08880594 131.1053417 1)
(42.8587921 147.5240939 1)
(48.21762993 165.9697303 1)
(54.23801277 186.6924684 1)
(61.00160792 209.9734149 1)
(68.60016446 236.128379 1)
(77.13675781 265.5121562 1)
(86.72718802 298.5233415 1)
(97.50155054 335.609736 1)
(109.6060011 377.2744215 1)
(123.204738 424.0825851 1)
(138.4822302 476.6691858 1)
(155.6457187 535.7475678 1)
(174.9280286 602.1191374 1)
(196.5907271 676.6842336 1)
(220.9276714 760.4543421 1)
(248.2689956 854.5658156 1)
(278.9855883 960.2952887 1)
(0.2486846035 0.9685845177 1)
(0.3399526832 1.324058269 1)
(0.4424877476 1.723415023 1)
(0.5576806983 2.172072105 1)
(0.6870941433 2.67611561 1)
(0.8324835931 3.242382955 1)
(0.9958212752 3.878555632 1)
(1.179322887 4.593263409 1)
(1.385477652 5.396201393 1)
(1.617082088 6.298261543 1)
(1.87727794 7.311680428 1)
(2.169594799 8.450205209 1)
(2.497997982 9.729280127 1)
(2.866942323 11.166256 1)
(3.2814326 12.78062561 1)
(3.747091431 14.59428809 1)
(4.270235539 16.63184601 1)
(4.857961443 18.92093912 1)
(5.518241725 21.49261927 1)
(6.260033175 24.38177164 1)
(7.093398292 27.62758799 1)
(8.029641787 31.27409823 1)
(9.081463927 35.37076777 1)
(10.26313282 39.97316848 1)
(11.59067796 45.14373253 1)
(13.08210768 50.95259933 1)
(14.75765342 57.47856692 1)
(16.64004419 64.81016093 1)
(18.75481485 73.04683541 1)
(21.13065257 82.30032196 1)
(23.7997859 92.69614534 1)
(26.79842199 104.3753263 1)
(30.16723773 117.4962945 1)
(33.95193157 132.2370376 1)
(38.20384338 148.7975158 1)
(42.98065091 167.4023741 1)
(48.3471522 188.30399 1)
(54.37614455 211.7858967 1)
(61.14941205 238.1666294 1)
(68.75883499 267.8040461 1)
(77.30763619 301.1001826 1)
(86.9117813 338.5067053 1)
(97.70155181 380.5310386 1)
(109.8233124 427.7432483 1)
(123.4414964 480.7837744 1)
(138.7408363 540.3721185 1)
(155.9288697 607.3166047 1)
(175.2387545 682.5253438 1)
(196.9324319 767.0185524 1)
(221.3041796 861.9423922 1)
(248.6846035 968.5845177 1)
(0.2181383409 0.9759178573 1)
(0.2981958402 1.334082969 1)
(0.3881363854 1.736463329 1)
(0.4891800319 2.188517281 1)
(0.6026974502 2.696376996 1)
(0.7302285194 3.26693166 1)
(0.8735032154 3.907920923 1)
(1.034465079 4.62803989 1)
(1.215297578 5.437057071 1)
(1.418453731 6.345946892 1)
(1.646689378 7.367038566 1)
(1.903100566 8.514183337 1)
(2.191165547 9.802942377 1)
(2.514791961 11.25079788 1)
(2.878369843 12.87739019 1)
(3.286831176 14.70478425 1)
(3.745716793 16.75776891 1)
(4.261251538 19.06419318 1)
(4.84042871 21.65534402 1)
(5.491104923 24.56637072 1)
(6.222106688 27.83676177 1)
(7.043350142 31.51088044 1)
(7.96597556 35.63856665 1)
(9.002498482 40.27581302 1)
(10.16697948 45.48552441 1)
(11.47521489 51.33837125 1)
(12.94495111 57.9137482 1)
(14.59612529 65.30085112 1)
(16.45113585 73.59988705 1)
(18.53514624 82.92343352 1)
(20.87642635 93.39796568 1)
(23.50673595 105.165572 1)
(26.46175555 118.3858815 1)
(29.78157038 133.2382296 1)
(33.51121417 149.9240904 1)
(37.70128004 168.6698097 1)
(42.4086068 189.7296757 1)
(47.69704995 213.3893684 1)
(53.63834795 239.9698347 1)
(60.31309528 269.8316421 1)
(67.81183579 303.37987 1)
(76.2362909 341.0696046 1)
(85.70073947 383.4121122 1)
(96.333568 430.9817747 1)
(108.2790122 484.4238807 1)
(121.6991137 544.4633797 1)
(136.775918 611.9147155 1)
(153.7139438 687.6928744 1)
(172.7429578 772.8257973 1)
(194.121091 868.4683238 1)
(218.1383409 975.9178573 1)
(0.1873771008 0.9822880545 1)
(0.2561451224 1.34279105 1)
(0.3334025112 1.747797904 1)
(0.4201972739 2.202802588 1)
(0.5177067931 2.713977302 1)
(0.6272537985 3.288256199 1)
(0.7503243099 3.93342945 1)
(0.8885877952 4.658248915 1)
(1.043919817 5.472546867 1)
(1.218427475 6.387369367 1)
(1.414477989 7.415126105 1)
(1.63473081 8.569758738 1)
(1.882173698 9.866930013 1)
(2.160163248 11.32423623 1)
(2.472470425 12.96144594 1)
(2.823331718 14.80076812 1)
(3.217506608 16.86715342 1)
(3.66034213 19.18863262 1)
(4.157845406 21.79669691 1)
(4.716765135 24.72672503 1)
(5.344683139 28.01846319 1)
(6.050117208 31.71656427 1)
(6.84263665 35.8711935 1)
(7.732992097 40.53870899 1)
(8.73326134 45.7824262 1)
(9.857013165 51.67347687 1)
(11.11949142 58.29177387 1)
(12.53782178 65.72709529 1)
(14.13124409 74.08030227 1)
(15.92137335 83.46470717 1)
(17.93249289 94.0076107 1)
(20.19188381 105.8520288 1)
(22.73019506 119.1586324 1)
(25.58185917 134.1079276 1)
(28.78555935 150.9027035 1)
(32.38475421 169.7707834 1)
(36.42826731 190.9681155 1)
(40.97094946 214.7822442 1)
(46.07442273 241.5362116 1)
(51.80791644 271.5929386 1)
(58.24920618 305.3601489 1)
(65.48566891 343.2958992 1)
(73.61546823 385.9147929 1)
(82.74888593 433.7949611 1)
(93.00981806 487.5859047 1)
(104.5374555 548.017305 1)
(117.4881723 615.908922 1)
(132.0376465 692.1817145 1)
(148.3832438 777.8703333 1)
(166.7466944 874.1371559 1)
(187.3771008 982.2880545 1)
(0.1564310355 0.9876888838 1)
(0.2138417478 1.350174002 1)
(0.2783397749 1.75740767 1)
(0.3508000411 2.214914067 1)
(0.4322054796 2.728899328 1)
(0.5236603661 3.306335733 1)
(0.6264052984 3.955056284 1)
(0.7418340252 4.683860961 1)
(0.8715123525 5.502636097 1)
(1.017199384 6.422488487 1)
(1.180871385 7.45589605 1)
(1.364748586 8.6168771 1)
(1.571325307 9.921180498 1)
(1.803403789 11.3864993 1)
(2.064132208 13.03271074 1)
(2.357047378 14.8821459 1)
(2.686122735 16.95989262 1)
(3.055822228 19.29413582 1)
(3.471160881 21.9165398 1)
(3.937772818 24.86267783 1)
(4.461987693 28.17251468 1)
(5.05091655 31.89094871 1)
(5.712548289 36.06842098 1)
(6.455858031 40.76159946 1)
(7.290928874 46.03414775 1)
(8.229088664 51.95758866 1)
(9.283063665 58.61227447 1)
(10.46715119 66.08847688 1)
(11.79741354 74.48761157 1)
(13.29189591 83.92361393 1)
(14.97087114 94.52448459 1)
(16.85711477 106.4340258 1)
(18.97621393 119.813792 1)
(21.35691449 134.8452816 1)
(24.03151098 151.7323988 1)
(27.03628465 170.7042194 1)
(30.41199566 192.0180989 1)
(34.20443598 215.9631628 1)
(38.46505057 242.8642292 1)
(43.25163523 273.0862145 1)
(48.62912063 307.0390842 1)
(54.67045308 345.1834133 1)
(61.45758405 388.0366348 1)
(69.08258189 436.1800584 1)
(77.64888071 490.266756 1)
(87.2726835 551.030421 1)
(98.08453844 619.2953206 1)
(110.2311098 695.9874772 1)
(123.8771674 782.1472303 1)
(139.2078218 878.9433484 1)
(156.4310355 987.6888838 1)
(0.1253302431 0.9921150791 1)
(0.1713268608 1.356224625 1)
(0.2230017308 1.765283256 1)
(0.2810558295 2.224839907 1)
(0.3462766687 2.741128525 1)
(0.4195489776 3.321152634 1)
(0.501866705 3.972780338 1)
(0.5943465019 4.704851056 1)
(0.6982428691 5.527295423 1)
(0.8149651746 6.451270008 1)
(0.9460967722 7.489308649 1)
(1.093416479 8.655492479 1)
(1.258922708 9.965640939 1)
(1.444860572 11.43752637 1)
(1.653752343 13.09111508 1)
(1.888431666 14.94883824 1)
(2.152081998 17.03589611 1)
(2.44827979 19.3805999 1)
(2.781043006 22.01475583 1)
(3.154885622 24.97409659 1)
(3.574878864 28.29876602 1)
(4.046719996 32.03386372 1)
(4.576809606 36.23005677 1)
(5.172338431 40.9442671 1)
(5.841384899 46.24044361 1)
(6.593024714 52.19042963 1)
(7.437453971 58.87493752 1)
(8.386127467 66.38464353 1)
(9.451914083 74.82141782 1)
(10.64927136 84.29970636 1)
(11.9944416 94.9480834 1)
(13.50567223 106.9109956 1)
(15.20346329 120.3507215 1)
(17.11084554 135.4495727 1)
(19.25369288 152.4123672 1)
(21.66107332 171.4692075 1)
(24.36564329 192.8786023 1)
(27.40409065 216.9309728 1)
(30.81763235 243.9525927 1)
(34.65257353 274.3100138 1)
(38.96093568 308.4150386 1)
(43.80116231 346.7303064 1)
(49.23891175 389.7755689 1)
(55.34794779 438.1347408 1)
(62.21114032 492.4638207 1)
(69.92158946 553.49979 1)
(78.58388849 622.0706095 1)
(88.31554266 699.1064518 1)
(99.24856315 785.6523183 1)
(111.5312578 882.8822152 1)
(125.3302431 992.1150791 1)
(0.09410567522 0.995562214 1)
(0.1286427722 1.36093687 1)
(0.1674434512 1.771416788 1)
(0.2110340485 2.232570183 1)
(0.2600058765 2.750652662 1)
(0.3150232445 3.332692082 1)
(0.3768324705 3.986583888 1)
(0.4462720049 4.721198208 1)
(0.5242838043 5.546500184 1)
(0.6119261091 6.473685147 1)
(0.710387799 7.515330486 1)
(0.8210045199 8.685566259 1)
(0.9452768024 10.00026687 1)
(1.084890417 11.47726641 1)
(1.24173924 13.13660057 1)
(1.417950948 15.00077845 1)
(1.615915875 17.09508786 1)
(1.838319443 19.4479384 1)
(2.088178586 22.09124679 1)
(2.368882675 25.06086987 1)
(2.684239501 28.39709097 1)
(3.03852692 32.14516638 1)
(3.436550888 36.35593924 1)
(3.883710654 41.08652924 1)
(4.386071999 46.40110748 1)
(4.950449523 52.37176691 1)
(5.584499083 59.07950034 1)
(6.296821644 66.61529905 1)
(7.097079959 75.08138718 1)
(7.996129638 84.59260832 1)
(9.006166409 95.27798348 1)
(10.14089156 107.2824612 1)
(11.41569778 120.7688838 1)
(12.847878 135.9201965 1)
(14.45685992 152.9419287 1)
(16.26446961 172.0649826 1)
(18.29522752 193.548765 1)
(20.57668117 217.6847062 1)
(23.13977878 244.8002136 1)
(26.01928911 275.2631125 1)
(29.25427309 309.4866363 1)
(32.88861373 347.9350317 1)
(36.97161133 391.1298563 1)
(41.55865231 439.6570537 1)
(46.71196049 494.1749017 1)
(52.50144118 555.4229423 1)
(59.00562947 624.2320133 1)
(66.31275553 701.535519 1)
(74.52194152 788.3820918 1)
(83.74454612 885.9498171 1)
(94.10567522 995.562214 1)
(0.06278886884 0.9980268323 1)
(0.08583259333 1.364306012 1)
(0.1117210505 1.775802116 1)
(0.1408054207 2.238097144 1)
(0.1734802374 2.75746219 1)
(0.2101887387 3.34094251 1)
(0.2514288804 3.996453093 1)
(0.2977600906 4.732886027 1)
(0.3498108583 5.560231125 1)
(0.4082872591 6.489711431 1)
(0.4739825332 7.533935472 1)
(0.5477878459 8.707068286 1)
(0.6307043759 10.02502358 1)
(0.7238568972 11.50567958 1)
(0.8285090362 13.1691216 1)
(0.946080413 15.03791444 1)
(1.078165899 17.13740854 1)
(1.226557252 19.4960838 1)
(1.39326742 22.14593598 1)
(1.580557849 25.12291067 1)
(1.790969158 28.46739094 1)
(2.027355606 32.2247451 1)
(2.292923805 36.44594216 1)
(2.591276225 41.18824324 1)
(2.926460055 46.51597827 1)
(3.303022109 52.50141869 1)
(3.726070501 59.22575781 1)
(4.20134394 66.78021219 1)
(4.735289573 75.267259 1)
(5.335150445 84.80202617 1)
(6.009063747 95.51385409 1)
(6.766171205 107.5480501 1)
(7.616743081 121.0678598 1)
(8.572317498 136.2566811 1)
(9.64585695 153.3205524 1)
(10.85192414 172.4909475 1)
(12.20687954 194.0279152 1)
(13.72910329 218.2236075 1)
(15.43924457 245.4062421 1)
(17.36050166 275.9445551 1)
(19.51893668 310.2528029 1)
(21.94382909 348.7963813 1)
(24.66807288 392.0981392 1)
(27.72862277 440.7454707 1)
(31.16699554 495.3982833 1)
(35.02983318 556.7979498 1)
(39.36953558 625.7773649 1)
(44.24497141 703.2722435 1)
(49.72227658 790.3338141 1)
(55.87575149 888.1430784 1)
(62.78886884 998.0268323 1)
(0.03140988328 0.9995065879 1)
(0.04293741531 1.366328843 1)
(0.0558880136 1.778435064 1)
(0.07043735477 2.241415528 1)
(0.08678280255 2.761550627 1)
(0.1051460851 3.345896063 1)
(0.1257763029 4.002378559 1)
(0.1489533075 4.739903389 1)
(0.1749914982 5.568475175 1)
(0.2042440864 6.499333604 1)
(0.2371078874 7.545105896 1)
(0.2740287031 8.719978092 1)
(0.3155073693 10.03988749 1)
(0.3621065497 11.52273884 1)
(0.4144583682 13.18864721 1)
(0.4732729844 15.06021088 1)
(0.5393482265 17.16281785 1)
(0.6135804137 19.52499028 1)
(0.6969765159 22.17877135 1)
(0.7906678121 25.16015994 1)
(0.8959252374 28.509599 1)
(1.014176623 32.27252412 1)
(1.147026064 36.49997988 1)
(1.296275682 41.24931227 1)
(1.463950067 46.58494663 1)
(1.652323745 52.57926156 1)
(1.86395203 59.31357073 1)
(2.101705688 66.87922595 1)
(2.368809879 75.37885634 1)
(2.668887907 84.92776054 1)
(3.006010371 95.65547068 1)
(3.384750382 107.7075096 1)
(3.810245599 121.2473648 1)
(4.288267921 136.4587063 1)
(4.825301786 153.5478779 1)
(5.428632128 172.7466966 1)
(6.106443206 194.3155967 1)
(6.867929617 218.5471635 1)
(7.723421025 245.7701013 1)
(8.684522287 276.3536929 1)
(9.764270869 310.7128089 1)
(10.9773137 349.3135351 1)
(12.34010588 392.6794957 1)
(13.87113386 441.3989557 1)
(15.59116624 496.132801 1)
(17.52353549 557.6235037 1)
(19.69445445 626.7051932 1)
(22.13337194 704.3149721 1)
(24.87337219 791.5056272 1)
(27.95162367 889.4599115 1)
(31.40988328 999.5065879 1)
(0 1 1)
(0 1.367003339 1)
(0 1.779312999 1)
(0 2.242522016 1)
(0 2.762913882 1)
(0 3.347547783 1)
(0 4.004354356 1)
(0 4.742243269 1)
(0 5.571224084 1)
(0 6.502542037 1)
(0 7.548830581 1)
(0 8.724282759 1)
(0 10.04484374 1)
(0 11.5284271 1)
(0 13.19515786 1)
(0 15.06764544 1)
(0 17.17129038 1)
(0 19.5346289 1)
(0 22.18972002 1)
(0 25.1725804 1)
(0 28.52367293 1)
(0 32.28845564 1)
(0 36.5179983 1)
(0 41.26967523 1)
(0 46.60794356 1)
(0 52.60521761 1)
(0 59.34285121 1)
(0 66.91224126 1)
(0 75.41606755 1)
(0 84.96968561 1)
(0 95.70269155 1)
(0 107.76068 1)
(0 121.3072193 1)
(0 136.5260699 1)
(0 153.6236777 1)
(0 172.8319739 1)
(0 194.4115217 1)
(0 218.6550506 1)
(0 245.8914271 1)
(0 276.4901165 1)
(0 310.866194 1)
(0 349.4859757 1)
(0 392.8733442 1)
(0 441.6168548 1)
(0 496.3777198 1)
(0 557.8987777 1)
(0 627.0145698 1)
(0 704.6626612 1)
(0 791.8963584 1)
(0 889.8989984 1)
(0 1000 1)
)


// ************************************************************************* //
