/*--------------------------------*- C++ -*----------------------------------*\
  =========                 |
  \\      /  F ield         | OpenFOAM: The Open Source CFD Toolbox
   \\    /   O peration     | Website:  https://openfoam.org
    \\  /    A nd           | Version:  9
     \\/     M anipulation  |
\*---------------------------------------------------------------------------*/
FoamFile
{
    format      ascii;
    class       faceList;
    location    "constant/polyMesh";
    object      faces;
}
// * * * * * * * * * * * * * * * * * * * * * * * * * * * * * * * * * * * * * //


37595
(
4(1 112 9658 9547)
4(111 9657 9658 112)
4(2 113 9659 9548)
4(112 9658 9659 113)
4(3 114 9660 9549)
4(113 9659 9660 114)
4(4 115 9661 9550)
4(114 9660 9661 115)
4(5 116 9662 9551)
4(115 9661 9662 116)
4(6 117 9663 9552)
4(116 9662 9663 117)
4(7 118 9664 9553)
4(117 9663 9664 118)
4(8 119 9665 9554)
4(118 9664 9665 119)
4(9 120 9666 9555)
4(119 9665 9666 120)
4(10 121 9667 9556)
4(120 9666 9667 121)
4(11 122 9668 9557)
4(121 9667 9668 122)
4(12 123 9669 9558)
4(122 9668 9669 123)
4(13 124 9670 9559)
4(123 9669 9670 124)
4(14 125 9671 9560)
4(124 9670 9671 125)
4(15 126 9672 9561)
4(125 9671 9672 126)
4(16 127 9673 9562)
4(126 9672 9673 127)
4(17 128 9674 9563)
4(127 9673 9674 128)
4(18 129 9675 9564)
4(128 9674 9675 129)
4(19 130 9676 9565)
4(129 9675 9676 130)
4(20 131 9677 9566)
4(130 9676 9677 131)
4(21 132 9678 9567)
4(131 9677 9678 132)
4(22 133 9679 9568)
4(132 9678 9679 133)
4(23 134 9680 9569)
4(133 9679 9680 134)
4(24 135 9681 9570)
4(134 9680 9681 135)
4(25 136 9682 9571)
4(135 9681 9682 136)
4(26 137 9683 9572)
4(136 9682 9683 137)
4(27 138 9684 9573)
4(137 9683 9684 138)
4(28 139 9685 9574)
4(138 9684 9685 139)
4(29 140 9686 9575)
4(139 9685 9686 140)
4(30 141 9687 9576)
4(140 9686 9687 141)
4(31 142 9688 9577)
4(141 9687 9688 142)
4(32 143 9689 9578)
4(142 9688 9689 143)
4(33 144 9690 9579)
4(143 9689 9690 144)
4(34 145 9691 9580)
4(144 9690 9691 145)
4(35 146 9692 9581)
4(145 9691 9692 146)
4(36 147 9693 9582)
4(146 9692 9693 147)
4(37 148 9694 9583)
4(147 9693 9694 148)
4(38 149 9695 9584)
4(148 9694 9695 149)
4(39 150 9696 9585)
4(149 9695 9696 150)
4(40 151 9697 9586)
4(150 9696 9697 151)
4(41 152 9698 9587)
4(151 9697 9698 152)
4(42 153 9699 9588)
4(152 9698 9699 153)
4(43 154 9700 9589)
4(153 9699 9700 154)
4(44 155 9701 9590)
4(154 9700 9701 155)
4(45 156 9702 9591)
4(155 9701 9702 156)
4(46 157 9703 9592)
4(156 9702 9703 157)
4(47 158 9704 9593)
4(157 9703 9704 158)
4(48 159 9705 9594)
4(158 9704 9705 159)
4(49 160 9706 9595)
4(159 9705 9706 160)
4(50 161 9707 9596)
4(160 9706 9707 161)
4(51 162 9708 9597)
4(161 9707 9708 162)
4(52 163 9709 9598)
4(162 9708 9709 163)
4(53 164 9710 9599)
4(163 9709 9710 164)
4(54 165 9711 9600)
4(164 9710 9711 165)
4(55 166 9712 9601)
4(165 9711 9712 166)
4(56 167 9713 9602)
4(166 9712 9713 167)
4(57 168 9714 9603)
4(167 9713 9714 168)
4(58 169 9715 9604)
4(168 9714 9715 169)
4(59 170 9716 9605)
4(169 9715 9716 170)
4(60 171 9717 9606)
4(170 9716 9717 171)
4(61 172 9718 9607)
4(171 9717 9718 172)
4(62 173 9719 9608)
4(172 9718 9719 173)
4(63 174 9720 9609)
4(173 9719 9720 174)
4(64 175 9721 9610)
4(174 9720 9721 175)
4(65 176 9722 9611)
4(175 9721 9722 176)
4(66 177 9723 9612)
4(176 9722 9723 177)
4(67 178 9724 9613)
4(177 9723 9724 178)
4(68 179 9725 9614)
4(178 9724 9725 179)
4(69 180 9726 9615)
4(179 9725 9726 180)
4(70 181 9727 9616)
4(180 9726 9727 181)
4(71 182 9728 9617)
4(181 9727 9728 182)
4(72 183 9729 9618)
4(182 9728 9729 183)
4(73 184 9730 9619)
4(183 9729 9730 184)
4(74 185 9731 9620)
4(184 9730 9731 185)
4(75 186 9732 9621)
4(185 9731 9732 186)
4(76 187 9733 9622)
4(186 9732 9733 187)
4(77 188 9734 9623)
4(187 9733 9734 188)
4(78 189 9735 9624)
4(188 9734 9735 189)
4(79 190 9736 9625)
4(189 9735 9736 190)
4(80 191 9737 9626)
4(190 9736 9737 191)
4(81 192 9738 9627)
4(191 9737 9738 192)
4(82 193 9739 9628)
4(192 9738 9739 193)
4(83 194 9740 9629)
4(193 9739 9740 194)
4(84 195 9741 9630)
4(194 9740 9741 195)
4(85 196 9742 9631)
4(195 9741 9742 196)
4(86 197 9743 9632)
4(196 9742 9743 197)
4(87 198 9744 9633)
4(197 9743 9744 198)
4(88 199 9745 9634)
4(198 9744 9745 199)
4(89 200 9746 9635)
4(199 9745 9746 200)
4(90 201 9747 9636)
4(200 9746 9747 201)
4(91 202 9748 9637)
4(201 9747 9748 202)
4(92 203 9749 9638)
4(202 9748 9749 203)
4(93 204 9750 9639)
4(203 9749 9750 204)
4(94 205 9751 9640)
4(204 9750 9751 205)
4(95 206 9752 9641)
4(205 9751 9752 206)
4(96 207 9753 9642)
4(206 9752 9753 207)
4(97 208 9754 9643)
4(207 9753 9754 208)
4(98 209 9755 9644)
4(208 9754 9755 209)
4(99 210 9756 9645)
4(209 9755 9756 210)
4(100 211 9757 9646)
4(210 9756 9757 211)
4(101 212 9758 9647)
4(211 9757 9758 212)
4(102 213 9759 9648)
4(212 9758 9759 213)
4(103 214 9760 9649)
4(213 9759 9760 214)
4(104 215 9761 9650)
4(214 9760 9761 215)
4(105 216 9762 9651)
4(215 9761 9762 216)
4(106 217 9763 9652)
4(216 9762 9763 217)
4(107 218 9764 9653)
4(217 9763 9764 218)
4(108 219 9765 9654)
4(218 9764 9765 219)
4(109 220 9766 9655)
4(219 9765 9766 220)
4(220 9766 9767 221)
4(112 223 9769 9658)
4(222 9768 9769 223)
4(113 224 9770 9659)
4(223 9769 9770 224)
4(114 225 9771 9660)
4(224 9770 9771 225)
4(115 226 9772 9661)
4(225 9771 9772 226)
4(116 227 9773 9662)
4(226 9772 9773 227)
4(117 228 9774 9663)
4(227 9773 9774 228)
4(118 229 9775 9664)
4(228 9774 9775 229)
4(119 230 9776 9665)
4(229 9775 9776 230)
4(120 231 9777 9666)
4(230 9776 9777 231)
4(121 232 9778 9667)
4(231 9777 9778 232)
4(122 233 9779 9668)
4(232 9778 9779 233)
4(123 234 9780 9669)
4(233 9779 9780 234)
4(124 235 9781 9670)
4(234 9780 9781 235)
4(125 236 9782 9671)
4(235 9781 9782 236)
4(126 237 9783 9672)
4(236 9782 9783 237)
4(127 238 9784 9673)
4(237 9783 9784 238)
4(128 239 9785 9674)
4(238 9784 9785 239)
4(129 240 9786 9675)
4(239 9785 9786 240)
4(130 241 9787 9676)
4(240 9786 9787 241)
4(131 242 9788 9677)
4(241 9787 9788 242)
4(132 243 9789 9678)
4(242 9788 9789 243)
4(133 244 9790 9679)
4(243 9789 9790 244)
4(134 245 9791 9680)
4(244 9790 9791 245)
4(135 246 9792 9681)
4(245 9791 9792 246)
4(136 247 9793 9682)
4(246 9792 9793 247)
4(137 248 9794 9683)
4(247 9793 9794 248)
4(138 249 9795 9684)
4(248 9794 9795 249)
4(139 250 9796 9685)
4(249 9795 9796 250)
4(140 251 9797 9686)
4(250 9796 9797 251)
4(141 252 9798 9687)
4(251 9797 9798 252)
4(142 253 9799 9688)
4(252 9798 9799 253)
4(143 254 9800 9689)
4(253 9799 9800 254)
4(144 255 9801 9690)
4(254 9800 9801 255)
4(145 256 9802 9691)
4(255 9801 9802 256)
4(146 257 9803 9692)
4(256 9802 9803 257)
4(147 258 9804 9693)
4(257 9803 9804 258)
4(148 259 9805 9694)
4(258 9804 9805 259)
4(149 260 9806 9695)
4(259 9805 9806 260)
4(150 261 9807 9696)
4(260 9806 9807 261)
4(151 262 9808 9697)
4(261 9807 9808 262)
4(152 263 9809 9698)
4(262 9808 9809 263)
4(153 264 9810 9699)
4(263 9809 9810 264)
4(154 265 9811 9700)
4(264 9810 9811 265)
4(155 266 9812 9701)
4(265 9811 9812 266)
4(156 267 9813 9702)
4(266 9812 9813 267)
4(157 268 9814 9703)
4(267 9813 9814 268)
4(158 269 9815 9704)
4(268 9814 9815 269)
4(159 270 9816 9705)
4(269 9815 9816 270)
4(160 271 9817 9706)
4(270 9816 9817 271)
4(161 272 9818 9707)
4(271 9817 9818 272)
4(162 273 9819 9708)
4(272 9818 9819 273)
4(163 274 9820 9709)
4(273 9819 9820 274)
4(164 275 9821 9710)
4(274 9820 9821 275)
4(165 276 9822 9711)
4(275 9821 9822 276)
4(166 277 9823 9712)
4(276 9822 9823 277)
4(167 278 9824 9713)
4(277 9823 9824 278)
4(168 279 9825 9714)
4(278 9824 9825 279)
4(169 280 9826 9715)
4(279 9825 9826 280)
4(170 281 9827 9716)
4(280 9826 9827 281)
4(171 282 9828 9717)
4(281 9827 9828 282)
4(172 283 9829 9718)
4(282 9828 9829 283)
4(173 284 9830 9719)
4(283 9829 9830 284)
4(174 285 9831 9720)
4(284 9830 9831 285)
4(175 286 9832 9721)
4(285 9831 9832 286)
4(176 287 9833 9722)
4(286 9832 9833 287)
4(177 288 9834 9723)
4(287 9833 9834 288)
4(178 289 9835 9724)
4(288 9834 9835 289)
4(179 290 9836 9725)
4(289 9835 9836 290)
4(180 291 9837 9726)
4(290 9836 9837 291)
4(181 292 9838 9727)
4(291 9837 9838 292)
4(182 293 9839 9728)
4(292 9838 9839 293)
4(183 294 9840 9729)
4(293 9839 9840 294)
4(184 295 9841 9730)
4(294 9840 9841 295)
4(185 296 9842 9731)
4(295 9841 9842 296)
4(186 297 9843 9732)
4(296 9842 9843 297)
4(187 298 9844 9733)
4(297 9843 9844 298)
4(188 299 9845 9734)
4(298 9844 9845 299)
4(189 300 9846 9735)
4(299 9845 9846 300)
4(190 301 9847 9736)
4(300 9846 9847 301)
4(191 302 9848 9737)
4(301 9847 9848 302)
4(192 303 9849 9738)
4(302 9848 9849 303)
4(193 304 9850 9739)
4(303 9849 9850 304)
4(194 305 9851 9740)
4(304 9850 9851 305)
4(195 306 9852 9741)
4(305 9851 9852 306)
4(196 307 9853 9742)
4(306 9852 9853 307)
4(197 308 9854 9743)
4(307 9853 9854 308)
4(198 309 9855 9744)
4(308 9854 9855 309)
4(199 310 9856 9745)
4(309 9855 9856 310)
4(200 311 9857 9746)
4(310 9856 9857 311)
4(201 312 9858 9747)
4(311 9857 9858 312)
4(202 313 9859 9748)
4(312 9858 9859 313)
4(203 314 9860 9749)
4(313 9859 9860 314)
4(204 315 9861 9750)
4(314 9860 9861 315)
4(205 316 9862 9751)
4(315 9861 9862 316)
4(206 317 9863 9752)
4(316 9862 9863 317)
4(207 318 9864 9753)
4(317 9863 9864 318)
4(208 319 9865 9754)
4(318 9864 9865 319)
4(209 320 9866 9755)
4(319 9865 9866 320)
4(210 321 9867 9756)
4(320 9866 9867 321)
4(211 322 9868 9757)
4(321 9867 9868 322)
4(212 323 9869 9758)
4(322 9868 9869 323)
4(213 324 9870 9759)
4(323 9869 9870 324)
4(214 325 9871 9760)
4(324 9870 9871 325)
4(215 326 9872 9761)
4(325 9871 9872 326)
4(216 327 9873 9762)
4(326 9872 9873 327)
4(217 328 9874 9763)
4(327 9873 9874 328)
4(218 329 9875 9764)
4(328 9874 9875 329)
4(219 330 9876 9765)
4(329 9875 9876 330)
4(220 331 9877 9766)
4(330 9876 9877 331)
4(331 9877 9878 332)
4(223 334 9880 9769)
4(333 9879 9880 334)
4(224 335 9881 9770)
4(334 9880 9881 335)
4(225 336 9882 9771)
4(335 9881 9882 336)
4(226 337 9883 9772)
4(336 9882 9883 337)
4(227 338 9884 9773)
4(337 9883 9884 338)
4(228 339 9885 9774)
4(338 9884 9885 339)
4(229 340 9886 9775)
4(339 9885 9886 340)
4(230 341 9887 9776)
4(340 9886 9887 341)
4(231 342 9888 9777)
4(341 9887 9888 342)
4(232 343 9889 9778)
4(342 9888 9889 343)
4(233 344 9890 9779)
4(343 9889 9890 344)
4(234 345 9891 9780)
4(344 9890 9891 345)
4(235 346 9892 9781)
4(345 9891 9892 346)
4(236 347 9893 9782)
4(346 9892 9893 347)
4(237 348 9894 9783)
4(347 9893 9894 348)
4(238 349 9895 9784)
4(348 9894 9895 349)
4(239 350 9896 9785)
4(349 9895 9896 350)
4(240 351 9897 9786)
4(350 9896 9897 351)
4(241 352 9898 9787)
4(351 9897 9898 352)
4(242 353 9899 9788)
4(352 9898 9899 353)
4(243 354 9900 9789)
4(353 9899 9900 354)
4(244 355 9901 9790)
4(354 9900 9901 355)
4(245 356 9902 9791)
4(355 9901 9902 356)
4(246 357 9903 9792)
4(356 9902 9903 357)
4(247 358 9904 9793)
4(357 9903 9904 358)
4(248 359 9905 9794)
4(358 9904 9905 359)
4(249 360 9906 9795)
4(359 9905 9906 360)
4(250 361 9907 9796)
4(360 9906 9907 361)
4(251 362 9908 9797)
4(361 9907 9908 362)
4(252 363 9909 9798)
4(362 9908 9909 363)
4(253 364 9910 9799)
4(363 9909 9910 364)
4(254 365 9911 9800)
4(364 9910 9911 365)
4(255 366 9912 9801)
4(365 9911 9912 366)
4(256 367 9913 9802)
4(366 9912 9913 367)
4(257 368 9914 9803)
4(367 9913 9914 368)
4(258 369 9915 9804)
4(368 9914 9915 369)
4(259 370 9916 9805)
4(369 9915 9916 370)
4(260 371 9917 9806)
4(370 9916 9917 371)
4(261 372 9918 9807)
4(371 9917 9918 372)
4(262 373 9919 9808)
4(372 9918 9919 373)
4(263 374 9920 9809)
4(373 9919 9920 374)
4(264 375 9921 9810)
4(374 9920 9921 375)
4(265 376 9922 9811)
4(375 9921 9922 376)
4(266 377 9923 9812)
4(376 9922 9923 377)
4(267 378 9924 9813)
4(377 9923 9924 378)
4(268 379 9925 9814)
4(378 9924 9925 379)
4(269 380 9926 9815)
4(379 9925 9926 380)
4(270 381 9927 9816)
4(380 9926 9927 381)
4(271 382 9928 9817)
4(381 9927 9928 382)
4(272 383 9929 9818)
4(382 9928 9929 383)
4(273 384 9930 9819)
4(383 9929 9930 384)
4(274 385 9931 9820)
4(384 9930 9931 385)
4(275 386 9932 9821)
4(385 9931 9932 386)
4(276 387 9933 9822)
4(386 9932 9933 387)
4(277 388 9934 9823)
4(387 9933 9934 388)
4(278 389 9935 9824)
4(388 9934 9935 389)
4(279 390 9936 9825)
4(389 9935 9936 390)
4(280 391 9937 9826)
4(390 9936 9937 391)
4(281 392 9938 9827)
4(391 9937 9938 392)
4(282 393 9939 9828)
4(392 9938 9939 393)
4(283 394 9940 9829)
4(393 9939 9940 394)
4(284 395 9941 9830)
4(394 9940 9941 395)
4(285 396 9942 9831)
4(395 9941 9942 396)
4(286 397 9943 9832)
4(396 9942 9943 397)
4(287 398 9944 9833)
4(397 9943 9944 398)
4(288 399 9945 9834)
4(398 9944 9945 399)
4(289 400 9946 9835)
4(399 9945 9946 400)
4(290 401 9947 9836)
4(400 9946 9947 401)
4(291 402 9948 9837)
4(401 9947 9948 402)
4(292 403 9949 9838)
4(402 9948 9949 403)
4(293 404 9950 9839)
4(403 9949 9950 404)
4(294 405 9951 9840)
4(404 9950 9951 405)
4(295 406 9952 9841)
4(405 9951 9952 406)
4(296 407 9953 9842)
4(406 9952 9953 407)
4(297 408 9954 9843)
4(407 9953 9954 408)
4(298 409 9955 9844)
4(408 9954 9955 409)
4(299 410 9956 9845)
4(409 9955 9956 410)
4(300 411 9957 9846)
4(410 9956 9957 411)
4(301 412 9958 9847)
4(411 9957 9958 412)
4(302 413 9959 9848)
4(412 9958 9959 413)
4(303 414 9960 9849)
4(413 9959 9960 414)
4(304 415 9961 9850)
4(414 9960 9961 415)
4(305 416 9962 9851)
4(415 9961 9962 416)
4(306 417 9963 9852)
4(416 9962 9963 417)
4(307 418 9964 9853)
4(417 9963 9964 418)
4(308 419 9965 9854)
4(418 9964 9965 419)
4(309 420 9966 9855)
4(419 9965 9966 420)
4(310 421 9967 9856)
4(420 9966 9967 421)
4(311 422 9968 9857)
4(421 9967 9968 422)
4(312 423 9969 9858)
4(422 9968 9969 423)
4(313 424 9970 9859)
4(423 9969 9970 424)
4(314 425 9971 9860)
4(424 9970 9971 425)
4(315 426 9972 9861)
4(425 9971 9972 426)
4(316 427 9973 9862)
4(426 9972 9973 427)
4(317 428 9974 9863)
4(427 9973 9974 428)
4(318 429 9975 9864)
4(428 9974 9975 429)
4(319 430 9976 9865)
4(429 9975 9976 430)
4(320 431 9977 9866)
4(430 9976 9977 431)
4(321 432 9978 9867)
4(431 9977 9978 432)
4(322 433 9979 9868)
4(432 9978 9979 433)
4(323 434 9980 9869)
4(433 9979 9980 434)
4(324 435 9981 9870)
4(434 9980 9981 435)
4(325 436 9982 9871)
4(435 9981 9982 436)
4(326 437 9983 9872)
4(436 9982 9983 437)
4(327 438 9984 9873)
4(437 9983 9984 438)
4(328 439 9985 9874)
4(438 9984 9985 439)
4(329 440 9986 9875)
4(439 9985 9986 440)
4(330 441 9987 9876)
4(440 9986 9987 441)
4(331 442 9988 9877)
4(441 9987 9988 442)
4(442 9988 9989 443)
4(334 445 9991 9880)
4(444 9990 9991 445)
4(335 446 9992 9881)
4(445 9991 9992 446)
4(336 447 9993 9882)
4(446 9992 9993 447)
4(337 448 9994 9883)
4(447 9993 9994 448)
4(338 449 9995 9884)
4(448 9994 9995 449)
4(339 450 9996 9885)
4(449 9995 9996 450)
4(340 451 9997 9886)
4(450 9996 9997 451)
4(341 452 9998 9887)
4(451 9997 9998 452)
4(342 453 9999 9888)
4(452 9998 9999 453)
4(343 454 10000 9889)
4(453 9999 10000 454)
4(344 455 10001 9890)
4(454 10000 10001 455)
4(345 456 10002 9891)
4(455 10001 10002 456)
4(346 457 10003 9892)
4(456 10002 10003 457)
4(347 458 10004 9893)
4(457 10003 10004 458)
4(348 459 10005 9894)
4(458 10004 10005 459)
4(349 460 10006 9895)
4(459 10005 10006 460)
4(350 461 10007 9896)
4(460 10006 10007 461)
4(351 462 10008 9897)
4(461 10007 10008 462)
4(352 463 10009 9898)
4(462 10008 10009 463)
4(353 464 10010 9899)
4(463 10009 10010 464)
4(354 465 10011 9900)
4(464 10010 10011 465)
4(355 466 10012 9901)
4(465 10011 10012 466)
4(356 467 10013 9902)
4(466 10012 10013 467)
4(357 468 10014 9903)
4(467 10013 10014 468)
4(358 469 10015 9904)
4(468 10014 10015 469)
4(359 470 10016 9905)
4(469 10015 10016 470)
4(360 471 10017 9906)
4(470 10016 10017 471)
4(361 472 10018 9907)
4(471 10017 10018 472)
4(362 473 10019 9908)
4(472 10018 10019 473)
4(363 474 10020 9909)
4(473 10019 10020 474)
4(364 475 10021 9910)
4(474 10020 10021 475)
4(365 476 10022 9911)
4(475 10021 10022 476)
4(366 477 10023 9912)
4(476 10022 10023 477)
4(367 478 10024 9913)
4(477 10023 10024 478)
4(368 479 10025 9914)
4(478 10024 10025 479)
4(369 480 10026 9915)
4(479 10025 10026 480)
4(370 481 10027 9916)
4(480 10026 10027 481)
4(371 482 10028 9917)
4(481 10027 10028 482)
4(372 483 10029 9918)
4(482 10028 10029 483)
4(373 484 10030 9919)
4(483 10029 10030 484)
4(374 485 10031 9920)
4(484 10030 10031 485)
4(375 486 10032 9921)
4(485 10031 10032 486)
4(376 487 10033 9922)
4(486 10032 10033 487)
4(377 488 10034 9923)
4(487 10033 10034 488)
4(378 489 10035 9924)
4(488 10034 10035 489)
4(379 490 10036 9925)
4(489 10035 10036 490)
4(380 491 10037 9926)
4(490 10036 10037 491)
4(381 492 10038 9927)
4(491 10037 10038 492)
4(382 493 10039 9928)
4(492 10038 10039 493)
4(383 494 10040 9929)
4(493 10039 10040 494)
4(384 495 10041 9930)
4(494 10040 10041 495)
4(385 496 10042 9931)
4(495 10041 10042 496)
4(386 497 10043 9932)
4(496 10042 10043 497)
4(387 498 10044 9933)
4(497 10043 10044 498)
4(388 499 10045 9934)
4(498 10044 10045 499)
4(389 500 10046 9935)
4(499 10045 10046 500)
4(390 501 10047 9936)
4(500 10046 10047 501)
4(391 502 10048 9937)
4(501 10047 10048 502)
4(392 503 10049 9938)
4(502 10048 10049 503)
4(393 504 10050 9939)
4(503 10049 10050 504)
4(394 505 10051 9940)
4(504 10050 10051 505)
4(395 506 10052 9941)
4(505 10051 10052 506)
4(396 507 10053 9942)
4(506 10052 10053 507)
4(397 508 10054 9943)
4(507 10053 10054 508)
4(398 509 10055 9944)
4(508 10054 10055 509)
4(399 510 10056 9945)
4(509 10055 10056 510)
4(400 511 10057 9946)
4(510 10056 10057 511)
4(401 512 10058 9947)
4(511 10057 10058 512)
4(402 513 10059 9948)
4(512 10058 10059 513)
4(403 514 10060 9949)
4(513 10059 10060 514)
4(404 515 10061 9950)
4(514 10060 10061 515)
4(405 516 10062 9951)
4(515 10061 10062 516)
4(406 517 10063 9952)
4(516 10062 10063 517)
4(407 518 10064 9953)
4(517 10063 10064 518)
4(408 519 10065 9954)
4(518 10064 10065 519)
4(409 520 10066 9955)
4(519 10065 10066 520)
4(410 521 10067 9956)
4(520 10066 10067 521)
4(411 522 10068 9957)
4(521 10067 10068 522)
4(412 523 10069 9958)
4(522 10068 10069 523)
4(413 524 10070 9959)
4(523 10069 10070 524)
4(414 525 10071 9960)
4(524 10070 10071 525)
4(415 526 10072 9961)
4(525 10071 10072 526)
4(416 527 10073 9962)
4(526 10072 10073 527)
4(417 528 10074 9963)
4(527 10073 10074 528)
4(418 529 10075 9964)
4(528 10074 10075 529)
4(419 530 10076 9965)
4(529 10075 10076 530)
4(420 531 10077 9966)
4(530 10076 10077 531)
4(421 532 10078 9967)
4(531 10077 10078 532)
4(422 533 10079 9968)
4(532 10078 10079 533)
4(423 534 10080 9969)
4(533 10079 10080 534)
4(424 535 10081 9970)
4(534 10080 10081 535)
4(425 536 10082 9971)
4(535 10081 10082 536)
4(426 537 10083 9972)
4(536 10082 10083 537)
4(427 538 10084 9973)
4(537 10083 10084 538)
4(428 539 10085 9974)
4(538 10084 10085 539)
4(429 540 10086 9975)
4(539 10085 10086 540)
4(430 541 10087 9976)
4(540 10086 10087 541)
4(431 542 10088 9977)
4(541 10087 10088 542)
4(432 543 10089 9978)
4(542 10088 10089 543)
4(433 544 10090 9979)
4(543 10089 10090 544)
4(434 545 10091 9980)
4(544 10090 10091 545)
4(435 546 10092 9981)
4(545 10091 10092 546)
4(436 547 10093 9982)
4(546 10092 10093 547)
4(437 548 10094 9983)
4(547 10093 10094 548)
4(438 549 10095 9984)
4(548 10094 10095 549)
4(439 550 10096 9985)
4(549 10095 10096 550)
4(440 551 10097 9986)
4(550 10096 10097 551)
4(441 552 10098 9987)
4(551 10097 10098 552)
4(442 553 10099 9988)
4(552 10098 10099 553)
4(553 10099 10100 554)
4(445 556 10102 9991)
4(555 10101 10102 556)
4(446 557 10103 9992)
4(556 10102 10103 557)
4(447 558 10104 9993)
4(557 10103 10104 558)
4(448 559 10105 9994)
4(558 10104 10105 559)
4(449 560 10106 9995)
4(559 10105 10106 560)
4(450 561 10107 9996)
4(560 10106 10107 561)
4(451 562 10108 9997)
4(561 10107 10108 562)
4(452 563 10109 9998)
4(562 10108 10109 563)
4(453 564 10110 9999)
4(563 10109 10110 564)
4(454 565 10111 10000)
4(564 10110 10111 565)
4(455 566 10112 10001)
4(565 10111 10112 566)
4(456 567 10113 10002)
4(566 10112 10113 567)
4(457 568 10114 10003)
4(567 10113 10114 568)
4(458 569 10115 10004)
4(568 10114 10115 569)
4(459 570 10116 10005)
4(569 10115 10116 570)
4(460 571 10117 10006)
4(570 10116 10117 571)
4(461 572 10118 10007)
4(571 10117 10118 572)
4(462 573 10119 10008)
4(572 10118 10119 573)
4(463 574 10120 10009)
4(573 10119 10120 574)
4(464 575 10121 10010)
4(574 10120 10121 575)
4(465 576 10122 10011)
4(575 10121 10122 576)
4(466 577 10123 10012)
4(576 10122 10123 577)
4(467 578 10124 10013)
4(577 10123 10124 578)
4(468 579 10125 10014)
4(578 10124 10125 579)
4(469 580 10126 10015)
4(579 10125 10126 580)
4(470 581 10127 10016)
4(580 10126 10127 581)
4(471 582 10128 10017)
4(581 10127 10128 582)
4(472 583 10129 10018)
4(582 10128 10129 583)
4(473 584 10130 10019)
4(583 10129 10130 584)
4(474 585 10131 10020)
4(584 10130 10131 585)
4(475 586 10132 10021)
4(585 10131 10132 586)
4(476 587 10133 10022)
4(586 10132 10133 587)
4(477 588 10134 10023)
4(587 10133 10134 588)
4(478 589 10135 10024)
4(588 10134 10135 589)
4(479 590 10136 10025)
4(589 10135 10136 590)
4(480 591 10137 10026)
4(590 10136 10137 591)
4(481 592 10138 10027)
4(591 10137 10138 592)
4(482 593 10139 10028)
4(592 10138 10139 593)
4(483 594 10140 10029)
4(593 10139 10140 594)
4(484 595 10141 10030)
4(594 10140 10141 595)
4(485 596 10142 10031)
4(595 10141 10142 596)
4(486 597 10143 10032)
4(596 10142 10143 597)
4(487 598 10144 10033)
4(597 10143 10144 598)
4(488 599 10145 10034)
4(598 10144 10145 599)
4(489 600 10146 10035)
4(599 10145 10146 600)
4(490 601 10147 10036)
4(600 10146 10147 601)
4(491 602 10148 10037)
4(601 10147 10148 602)
4(492 603 10149 10038)
4(602 10148 10149 603)
4(493 604 10150 10039)
4(603 10149 10150 604)
4(494 605 10151 10040)
4(604 10150 10151 605)
4(495 606 10152 10041)
4(605 10151 10152 606)
4(496 607 10153 10042)
4(606 10152 10153 607)
4(497 608 10154 10043)
4(607 10153 10154 608)
4(498 609 10155 10044)
4(608 10154 10155 609)
4(499 610 10156 10045)
4(609 10155 10156 610)
4(500 611 10157 10046)
4(610 10156 10157 611)
4(501 612 10158 10047)
4(611 10157 10158 612)
4(502 613 10159 10048)
4(612 10158 10159 613)
4(503 614 10160 10049)
4(613 10159 10160 614)
4(504 615 10161 10050)
4(614 10160 10161 615)
4(505 616 10162 10051)
4(615 10161 10162 616)
4(506 617 10163 10052)
4(616 10162 10163 617)
4(507 618 10164 10053)
4(617 10163 10164 618)
4(508 619 10165 10054)
4(618 10164 10165 619)
4(509 620 10166 10055)
4(619 10165 10166 620)
4(510 621 10167 10056)
4(620 10166 10167 621)
4(511 622 10168 10057)
4(621 10167 10168 622)
4(512 623 10169 10058)
4(622 10168 10169 623)
4(513 624 10170 10059)
4(623 10169 10170 624)
4(514 625 10171 10060)
4(624 10170 10171 625)
4(515 626 10172 10061)
4(625 10171 10172 626)
4(516 627 10173 10062)
4(626 10172 10173 627)
4(517 628 10174 10063)
4(627 10173 10174 628)
4(518 629 10175 10064)
4(628 10174 10175 629)
4(519 630 10176 10065)
4(629 10175 10176 630)
4(520 631 10177 10066)
4(630 10176 10177 631)
4(521 632 10178 10067)
4(631 10177 10178 632)
4(522 633 10179 10068)
4(632 10178 10179 633)
4(523 634 10180 10069)
4(633 10179 10180 634)
4(524 635 10181 10070)
4(634 10180 10181 635)
4(525 636 10182 10071)
4(635 10181 10182 636)
4(526 637 10183 10072)
4(636 10182 10183 637)
4(527 638 10184 10073)
4(637 10183 10184 638)
4(528 639 10185 10074)
4(638 10184 10185 639)
4(529 640 10186 10075)
4(639 10185 10186 640)
4(530 641 10187 10076)
4(640 10186 10187 641)
4(531 642 10188 10077)
4(641 10187 10188 642)
4(532 643 10189 10078)
4(642 10188 10189 643)
4(533 644 10190 10079)
4(643 10189 10190 644)
4(534 645 10191 10080)
4(644 10190 10191 645)
4(535 646 10192 10081)
4(645 10191 10192 646)
4(536 647 10193 10082)
4(646 10192 10193 647)
4(537 648 10194 10083)
4(647 10193 10194 648)
4(538 649 10195 10084)
4(648 10194 10195 649)
4(539 650 10196 10085)
4(649 10195 10196 650)
4(540 651 10197 10086)
4(650 10196 10197 651)
4(541 652 10198 10087)
4(651 10197 10198 652)
4(542 653 10199 10088)
4(652 10198 10199 653)
4(543 654 10200 10089)
4(653 10199 10200 654)
4(544 655 10201 10090)
4(654 10200 10201 655)
4(545 656 10202 10091)
4(655 10201 10202 656)
4(546 657 10203 10092)
4(656 10202 10203 657)
4(547 658 10204 10093)
4(657 10203 10204 658)
4(548 659 10205 10094)
4(658 10204 10205 659)
4(549 660 10206 10095)
4(659 10205 10206 660)
4(550 661 10207 10096)
4(660 10206 10207 661)
4(551 662 10208 10097)
4(661 10207 10208 662)
4(552 663 10209 10098)
4(662 10208 10209 663)
4(553 664 10210 10099)
4(663 10209 10210 664)
4(664 10210 10211 665)
4(556 667 10213 10102)
4(666 10212 10213 667)
4(557 668 10214 10103)
4(667 10213 10214 668)
4(558 669 10215 10104)
4(668 10214 10215 669)
4(559 670 10216 10105)
4(669 10215 10216 670)
4(560 671 10217 10106)
4(670 10216 10217 671)
4(561 672 10218 10107)
4(671 10217 10218 672)
4(562 673 10219 10108)
4(672 10218 10219 673)
4(563 674 10220 10109)
4(673 10219 10220 674)
4(564 675 10221 10110)
4(674 10220 10221 675)
4(565 676 10222 10111)
4(675 10221 10222 676)
4(566 677 10223 10112)
4(676 10222 10223 677)
4(567 678 10224 10113)
4(677 10223 10224 678)
4(568 679 10225 10114)
4(678 10224 10225 679)
4(569 680 10226 10115)
4(679 10225 10226 680)
4(570 681 10227 10116)
4(680 10226 10227 681)
4(571 682 10228 10117)
4(681 10227 10228 682)
4(572 683 10229 10118)
4(682 10228 10229 683)
4(573 684 10230 10119)
4(683 10229 10230 684)
4(574 685 10231 10120)
4(684 10230 10231 685)
4(575 686 10232 10121)
4(685 10231 10232 686)
4(576 687 10233 10122)
4(686 10232 10233 687)
4(577 688 10234 10123)
4(687 10233 10234 688)
4(578 689 10235 10124)
4(688 10234 10235 689)
4(579 690 10236 10125)
4(689 10235 10236 690)
4(580 691 10237 10126)
4(690 10236 10237 691)
4(581 692 10238 10127)
4(691 10237 10238 692)
4(582 693 10239 10128)
4(692 10238 10239 693)
4(583 694 10240 10129)
4(693 10239 10240 694)
4(584 695 10241 10130)
4(694 10240 10241 695)
4(585 696 10242 10131)
4(695 10241 10242 696)
4(586 697 10243 10132)
4(696 10242 10243 697)
4(587 698 10244 10133)
4(697 10243 10244 698)
4(588 699 10245 10134)
4(698 10244 10245 699)
4(589 700 10246 10135)
4(699 10245 10246 700)
4(590 701 10247 10136)
4(700 10246 10247 701)
4(591 702 10248 10137)
4(701 10247 10248 702)
4(592 703 10249 10138)
4(702 10248 10249 703)
4(593 704 10250 10139)
4(703 10249 10250 704)
4(594 705 10251 10140)
4(704 10250 10251 705)
4(595 706 10252 10141)
4(705 10251 10252 706)
4(596 707 10253 10142)
4(706 10252 10253 707)
4(597 708 10254 10143)
4(707 10253 10254 708)
4(598 709 10255 10144)
4(708 10254 10255 709)
4(599 710 10256 10145)
4(709 10255 10256 710)
4(600 711 10257 10146)
4(710 10256 10257 711)
4(601 712 10258 10147)
4(711 10257 10258 712)
4(602 713 10259 10148)
4(712 10258 10259 713)
4(603 714 10260 10149)
4(713 10259 10260 714)
4(604 715 10261 10150)
4(714 10260 10261 715)
4(605 716 10262 10151)
4(715 10261 10262 716)
4(606 717 10263 10152)
4(716 10262 10263 717)
4(607 718 10264 10153)
4(717 10263 10264 718)
4(608 719 10265 10154)
4(718 10264 10265 719)
4(609 720 10266 10155)
4(719 10265 10266 720)
4(610 721 10267 10156)
4(720 10266 10267 721)
4(611 722 10268 10157)
4(721 10267 10268 722)
4(612 723 10269 10158)
4(722 10268 10269 723)
4(613 724 10270 10159)
4(723 10269 10270 724)
4(614 725 10271 10160)
4(724 10270 10271 725)
4(615 726 10272 10161)
4(725 10271 10272 726)
4(616 727 10273 10162)
4(726 10272 10273 727)
4(617 728 10274 10163)
4(727 10273 10274 728)
4(618 729 10275 10164)
4(728 10274 10275 729)
4(619 730 10276 10165)
4(729 10275 10276 730)
4(620 731 10277 10166)
4(730 10276 10277 731)
4(621 732 10278 10167)
4(731 10277 10278 732)
4(622 733 10279 10168)
4(732 10278 10279 733)
4(623 734 10280 10169)
4(733 10279 10280 734)
4(624 735 10281 10170)
4(734 10280 10281 735)
4(625 736 10282 10171)
4(735 10281 10282 736)
4(626 737 10283 10172)
4(736 10282 10283 737)
4(627 738 10284 10173)
4(737 10283 10284 738)
4(628 739 10285 10174)
4(738 10284 10285 739)
4(629 740 10286 10175)
4(739 10285 10286 740)
4(630 741 10287 10176)
4(740 10286 10287 741)
4(631 742 10288 10177)
4(741 10287 10288 742)
4(632 743 10289 10178)
4(742 10288 10289 743)
4(633 744 10290 10179)
4(743 10289 10290 744)
4(634 745 10291 10180)
4(744 10290 10291 745)
4(635 746 10292 10181)
4(745 10291 10292 746)
4(636 747 10293 10182)
4(746 10292 10293 747)
4(637 748 10294 10183)
4(747 10293 10294 748)
4(638 749 10295 10184)
4(748 10294 10295 749)
4(639 750 10296 10185)
4(749 10295 10296 750)
4(640 751 10297 10186)
4(750 10296 10297 751)
4(641 752 10298 10187)
4(751 10297 10298 752)
4(642 753 10299 10188)
4(752 10298 10299 753)
4(643 754 10300 10189)
4(753 10299 10300 754)
4(644 755 10301 10190)
4(754 10300 10301 755)
4(645 756 10302 10191)
4(755 10301 10302 756)
4(646 757 10303 10192)
4(756 10302 10303 757)
4(647 758 10304 10193)
4(757 10303 10304 758)
4(648 759 10305 10194)
4(758 10304 10305 759)
4(649 760 10306 10195)
4(759 10305 10306 760)
4(650 761 10307 10196)
4(760 10306 10307 761)
4(651 762 10308 10197)
4(761 10307 10308 762)
4(652 763 10309 10198)
4(762 10308 10309 763)
4(653 764 10310 10199)
4(763 10309 10310 764)
4(654 765 10311 10200)
4(764 10310 10311 765)
4(655 766 10312 10201)
4(765 10311 10312 766)
4(656 767 10313 10202)
4(766 10312 10313 767)
4(657 768 10314 10203)
4(767 10313 10314 768)
4(658 769 10315 10204)
4(768 10314 10315 769)
4(659 770 10316 10205)
4(769 10315 10316 770)
4(660 771 10317 10206)
4(770 10316 10317 771)
4(661 772 10318 10207)
4(771 10317 10318 772)
4(662 773 10319 10208)
4(772 10318 10319 773)
4(663 774 10320 10209)
4(773 10319 10320 774)
4(664 775 10321 10210)
4(774 10320 10321 775)
4(775 10321 10322 776)
4(667 778 10324 10213)
4(777 10323 10324 778)
4(668 779 10325 10214)
4(778 10324 10325 779)
4(669 780 10326 10215)
4(779 10325 10326 780)
4(670 781 10327 10216)
4(780 10326 10327 781)
4(671 782 10328 10217)
4(781 10327 10328 782)
4(672 783 10329 10218)
4(782 10328 10329 783)
4(673 784 10330 10219)
4(783 10329 10330 784)
4(674 785 10331 10220)
4(784 10330 10331 785)
4(675 786 10332 10221)
4(785 10331 10332 786)
4(676 787 10333 10222)
4(786 10332 10333 787)
4(677 788 10334 10223)
4(787 10333 10334 788)
4(678 789 10335 10224)
4(788 10334 10335 789)
4(679 790 10336 10225)
4(789 10335 10336 790)
4(680 791 10337 10226)
4(790 10336 10337 791)
4(681 792 10338 10227)
4(791 10337 10338 792)
4(682 793 10339 10228)
4(792 10338 10339 793)
4(683 794 10340 10229)
4(793 10339 10340 794)
4(684 795 10341 10230)
4(794 10340 10341 795)
4(685 796 10342 10231)
4(795 10341 10342 796)
4(686 797 10343 10232)
4(796 10342 10343 797)
4(687 798 10344 10233)
4(797 10343 10344 798)
4(688 799 10345 10234)
4(798 10344 10345 799)
4(689 800 10346 10235)
4(799 10345 10346 800)
4(690 801 10347 10236)
4(800 10346 10347 801)
4(691 802 10348 10237)
4(801 10347 10348 802)
4(692 803 10349 10238)
4(802 10348 10349 803)
4(693 804 10350 10239)
4(803 10349 10350 804)
4(694 805 10351 10240)
4(804 10350 10351 805)
4(695 806 10352 10241)
4(805 10351 10352 806)
4(696 807 10353 10242)
4(806 10352 10353 807)
4(697 808 10354 10243)
4(807 10353 10354 808)
4(698 809 10355 10244)
4(808 10354 10355 809)
4(699 810 10356 10245)
4(809 10355 10356 810)
4(700 811 10357 10246)
4(810 10356 10357 811)
4(701 812 10358 10247)
4(811 10357 10358 812)
4(702 813 10359 10248)
4(812 10358 10359 813)
4(703 814 10360 10249)
4(813 10359 10360 814)
4(704 815 10361 10250)
4(814 10360 10361 815)
4(705 816 10362 10251)
4(815 10361 10362 816)
4(706 817 10363 10252)
4(816 10362 10363 817)
4(707 818 10364 10253)
4(817 10363 10364 818)
4(708 819 10365 10254)
4(818 10364 10365 819)
4(709 820 10366 10255)
4(819 10365 10366 820)
4(710 821 10367 10256)
4(820 10366 10367 821)
4(711 822 10368 10257)
4(821 10367 10368 822)
4(712 823 10369 10258)
4(822 10368 10369 823)
4(713 824 10370 10259)
4(823 10369 10370 824)
4(714 825 10371 10260)
4(824 10370 10371 825)
4(715 826 10372 10261)
4(825 10371 10372 826)
4(716 827 10373 10262)
4(826 10372 10373 827)
4(717 828 10374 10263)
4(827 10373 10374 828)
4(718 829 10375 10264)
4(828 10374 10375 829)
4(719 830 10376 10265)
4(829 10375 10376 830)
4(720 831 10377 10266)
4(830 10376 10377 831)
4(721 832 10378 10267)
4(831 10377 10378 832)
4(722 833 10379 10268)
4(832 10378 10379 833)
4(723 834 10380 10269)
4(833 10379 10380 834)
4(724 835 10381 10270)
4(834 10380 10381 835)
4(725 836 10382 10271)
4(835 10381 10382 836)
4(726 837 10383 10272)
4(836 10382 10383 837)
4(727 838 10384 10273)
4(837 10383 10384 838)
4(728 839 10385 10274)
4(838 10384 10385 839)
4(729 840 10386 10275)
4(839 10385 10386 840)
4(730 841 10387 10276)
4(840 10386 10387 841)
4(731 842 10388 10277)
4(841 10387 10388 842)
4(732 843 10389 10278)
4(842 10388 10389 843)
4(733 844 10390 10279)
4(843 10389 10390 844)
4(734 845 10391 10280)
4(844 10390 10391 845)
4(735 846 10392 10281)
4(845 10391 10392 846)
4(736 847 10393 10282)
4(846 10392 10393 847)
4(737 848 10394 10283)
4(847 10393 10394 848)
4(738 849 10395 10284)
4(848 10394 10395 849)
4(739 850 10396 10285)
4(849 10395 10396 850)
4(740 851 10397 10286)
4(850 10396 10397 851)
4(741 852 10398 10287)
4(851 10397 10398 852)
4(742 853 10399 10288)
4(852 10398 10399 853)
4(743 854 10400 10289)
4(853 10399 10400 854)
4(744 855 10401 10290)
4(854 10400 10401 855)
4(745 856 10402 10291)
4(855 10401 10402 856)
4(746 857 10403 10292)
4(856 10402 10403 857)
4(747 858 10404 10293)
4(857 10403 10404 858)
4(748 859 10405 10294)
4(858 10404 10405 859)
4(749 860 10406 10295)
4(859 10405 10406 860)
4(750 861 10407 10296)
4(860 10406 10407 861)
4(751 862 10408 10297)
4(861 10407 10408 862)
4(752 863 10409 10298)
4(862 10408 10409 863)
4(753 864 10410 10299)
4(863 10409 10410 864)
4(754 865 10411 10300)
4(864 10410 10411 865)
4(755 866 10412 10301)
4(865 10411 10412 866)
4(756 867 10413 10302)
4(866 10412 10413 867)
4(757 868 10414 10303)
4(867 10413 10414 868)
4(758 869 10415 10304)
4(868 10414 10415 869)
4(759 870 10416 10305)
4(869 10415 10416 870)
4(760 871 10417 10306)
4(870 10416 10417 871)
4(761 872 10418 10307)
4(871 10417 10418 872)
4(762 873 10419 10308)
4(872 10418 10419 873)
4(763 874 10420 10309)
4(873 10419 10420 874)
4(764 875 10421 10310)
4(874 10420 10421 875)
4(765 876 10422 10311)
4(875 10421 10422 876)
4(766 877 10423 10312)
4(876 10422 10423 877)
4(767 878 10424 10313)
4(877 10423 10424 878)
4(768 879 10425 10314)
4(878 10424 10425 879)
4(769 880 10426 10315)
4(879 10425 10426 880)
4(770 881 10427 10316)
4(880 10426 10427 881)
4(771 882 10428 10317)
4(881 10427 10428 882)
4(772 883 10429 10318)
4(882 10428 10429 883)
4(773 884 10430 10319)
4(883 10429 10430 884)
4(774 885 10431 10320)
4(884 10430 10431 885)
4(775 886 10432 10321)
4(885 10431 10432 886)
4(886 10432 10433 887)
4(778 889 10435 10324)
4(888 10434 10435 889)
4(779 890 10436 10325)
4(889 10435 10436 890)
4(780 891 10437 10326)
4(890 10436 10437 891)
4(781 892 10438 10327)
4(891 10437 10438 892)
4(782 893 10439 10328)
4(892 10438 10439 893)
4(783 894 10440 10329)
4(893 10439 10440 894)
4(784 895 10441 10330)
4(894 10440 10441 895)
4(785 896 10442 10331)
4(895 10441 10442 896)
4(786 897 10443 10332)
4(896 10442 10443 897)
4(787 898 10444 10333)
4(897 10443 10444 898)
4(788 899 10445 10334)
4(898 10444 10445 899)
4(789 900 10446 10335)
4(899 10445 10446 900)
4(790 901 10447 10336)
4(900 10446 10447 901)
4(791 902 10448 10337)
4(901 10447 10448 902)
4(792 903 10449 10338)
4(902 10448 10449 903)
4(793 904 10450 10339)
4(903 10449 10450 904)
4(794 905 10451 10340)
4(904 10450 10451 905)
4(795 906 10452 10341)
4(905 10451 10452 906)
4(796 907 10453 10342)
4(906 10452 10453 907)
4(797 908 10454 10343)
4(907 10453 10454 908)
4(798 909 10455 10344)
4(908 10454 10455 909)
4(799 910 10456 10345)
4(909 10455 10456 910)
4(800 911 10457 10346)
4(910 10456 10457 911)
4(801 912 10458 10347)
4(911 10457 10458 912)
4(802 913 10459 10348)
4(912 10458 10459 913)
4(803 914 10460 10349)
4(913 10459 10460 914)
4(804 915 10461 10350)
4(914 10460 10461 915)
4(805 916 10462 10351)
4(915 10461 10462 916)
4(806 917 10463 10352)
4(916 10462 10463 917)
4(807 918 10464 10353)
4(917 10463 10464 918)
4(808 919 10465 10354)
4(918 10464 10465 919)
4(809 920 10466 10355)
4(919 10465 10466 920)
4(810 921 10467 10356)
4(920 10466 10467 921)
4(811 922 10468 10357)
4(921 10467 10468 922)
4(812 923 10469 10358)
4(922 10468 10469 923)
4(813 924 10470 10359)
4(923 10469 10470 924)
4(814 925 10471 10360)
4(924 10470 10471 925)
4(815 926 10472 10361)
4(925 10471 10472 926)
4(816 927 10473 10362)
4(926 10472 10473 927)
4(817 928 10474 10363)
4(927 10473 10474 928)
4(818 929 10475 10364)
4(928 10474 10475 929)
4(819 930 10476 10365)
4(929 10475 10476 930)
4(820 931 10477 10366)
4(930 10476 10477 931)
4(821 932 10478 10367)
4(931 10477 10478 932)
4(822 933 10479 10368)
4(932 10478 10479 933)
4(823 934 10480 10369)
4(933 10479 10480 934)
4(824 935 10481 10370)
4(934 10480 10481 935)
4(825 936 10482 10371)
4(935 10481 10482 936)
4(826 937 10483 10372)
4(936 10482 10483 937)
4(827 938 10484 10373)
4(937 10483 10484 938)
4(828 939 10485 10374)
4(938 10484 10485 939)
4(829 940 10486 10375)
4(939 10485 10486 940)
4(830 941 10487 10376)
4(940 10486 10487 941)
4(831 942 10488 10377)
4(941 10487 10488 942)
4(832 943 10489 10378)
4(942 10488 10489 943)
4(833 944 10490 10379)
4(943 10489 10490 944)
4(834 945 10491 10380)
4(944 10490 10491 945)
4(835 946 10492 10381)
4(945 10491 10492 946)
4(836 947 10493 10382)
4(946 10492 10493 947)
4(837 948 10494 10383)
4(947 10493 10494 948)
4(838 949 10495 10384)
4(948 10494 10495 949)
4(839 950 10496 10385)
4(949 10495 10496 950)
4(840 951 10497 10386)
4(950 10496 10497 951)
4(841 952 10498 10387)
4(951 10497 10498 952)
4(842 953 10499 10388)
4(952 10498 10499 953)
4(843 954 10500 10389)
4(953 10499 10500 954)
4(844 955 10501 10390)
4(954 10500 10501 955)
4(845 956 10502 10391)
4(955 10501 10502 956)
4(846 957 10503 10392)
4(956 10502 10503 957)
4(847 958 10504 10393)
4(957 10503 10504 958)
4(848 959 10505 10394)
4(958 10504 10505 959)
4(849 960 10506 10395)
4(959 10505 10506 960)
4(850 961 10507 10396)
4(960 10506 10507 961)
4(851 962 10508 10397)
4(961 10507 10508 962)
4(852 963 10509 10398)
4(962 10508 10509 963)
4(853 964 10510 10399)
4(963 10509 10510 964)
4(854 965 10511 10400)
4(964 10510 10511 965)
4(855 966 10512 10401)
4(965 10511 10512 966)
4(856 967 10513 10402)
4(966 10512 10513 967)
4(857 968 10514 10403)
4(967 10513 10514 968)
4(858 969 10515 10404)
4(968 10514 10515 969)
4(859 970 10516 10405)
4(969 10515 10516 970)
4(860 971 10517 10406)
4(970 10516 10517 971)
4(861 972 10518 10407)
4(971 10517 10518 972)
4(862 973 10519 10408)
4(972 10518 10519 973)
4(863 974 10520 10409)
4(973 10519 10520 974)
4(864 975 10521 10410)
4(974 10520 10521 975)
4(865 976 10522 10411)
4(975 10521 10522 976)
4(866 977 10523 10412)
4(976 10522 10523 977)
4(867 978 10524 10413)
4(977 10523 10524 978)
4(868 979 10525 10414)
4(978 10524 10525 979)
4(869 980 10526 10415)
4(979 10525 10526 980)
4(870 981 10527 10416)
4(980 10526 10527 981)
4(871 982 10528 10417)
4(981 10527 10528 982)
4(872 983 10529 10418)
4(982 10528 10529 983)
4(873 984 10530 10419)
4(983 10529 10530 984)
4(874 985 10531 10420)
4(984 10530 10531 985)
4(875 986 10532 10421)
4(985 10531 10532 986)
4(876 987 10533 10422)
4(986 10532 10533 987)
4(877 988 10534 10423)
4(987 10533 10534 988)
4(878 989 10535 10424)
4(988 10534 10535 989)
4(879 990 10536 10425)
4(989 10535 10536 990)
4(880 991 10537 10426)
4(990 10536 10537 991)
4(881 992 10538 10427)
4(991 10537 10538 992)
4(882 993 10539 10428)
4(992 10538 10539 993)
4(883 994 10540 10429)
4(993 10539 10540 994)
4(884 995 10541 10430)
4(994 10540 10541 995)
4(885 996 10542 10431)
4(995 10541 10542 996)
4(886 997 10543 10432)
4(996 10542 10543 997)
4(997 10543 10544 998)
4(889 1000 10546 10435)
4(999 10545 10546 1000)
4(890 1001 10547 10436)
4(1000 10546 10547 1001)
4(891 1002 10548 10437)
4(1001 10547 10548 1002)
4(892 1003 10549 10438)
4(1002 10548 10549 1003)
4(893 1004 10550 10439)
4(1003 10549 10550 1004)
4(894 1005 10551 10440)
4(1004 10550 10551 1005)
4(895 1006 10552 10441)
4(1005 10551 10552 1006)
4(896 1007 10553 10442)
4(1006 10552 10553 1007)
4(897 1008 10554 10443)
4(1007 10553 10554 1008)
4(898 1009 10555 10444)
4(1008 10554 10555 1009)
4(899 1010 10556 10445)
4(1009 10555 10556 1010)
4(900 1011 10557 10446)
4(1010 10556 10557 1011)
4(901 1012 10558 10447)
4(1011 10557 10558 1012)
4(902 1013 10559 10448)
4(1012 10558 10559 1013)
4(903 1014 10560 10449)
4(1013 10559 10560 1014)
4(904 1015 10561 10450)
4(1014 10560 10561 1015)
4(905 1016 10562 10451)
4(1015 10561 10562 1016)
4(906 1017 10563 10452)
4(1016 10562 10563 1017)
4(907 1018 10564 10453)
4(1017 10563 10564 1018)
4(908 1019 10565 10454)
4(1018 10564 10565 1019)
4(909 1020 10566 10455)
4(1019 10565 10566 1020)
4(910 1021 10567 10456)
4(1020 10566 10567 1021)
4(911 1022 10568 10457)
4(1021 10567 10568 1022)
4(912 1023 10569 10458)
4(1022 10568 10569 1023)
4(913 1024 10570 10459)
4(1023 10569 10570 1024)
4(914 1025 10571 10460)
4(1024 10570 10571 1025)
4(915 1026 10572 10461)
4(1025 10571 10572 1026)
4(916 1027 10573 10462)
4(1026 10572 10573 1027)
4(917 1028 10574 10463)
4(1027 10573 10574 1028)
4(918 1029 10575 10464)
4(1028 10574 10575 1029)
4(919 1030 10576 10465)
4(1029 10575 10576 1030)
4(920 1031 10577 10466)
4(1030 10576 10577 1031)
4(921 1032 10578 10467)
4(1031 10577 10578 1032)
4(922 1033 10579 10468)
4(1032 10578 10579 1033)
4(923 1034 10580 10469)
4(1033 10579 10580 1034)
4(924 1035 10581 10470)
4(1034 10580 10581 1035)
4(925 1036 10582 10471)
4(1035 10581 10582 1036)
4(926 1037 10583 10472)
4(1036 10582 10583 1037)
4(927 1038 10584 10473)
4(1037 10583 10584 1038)
4(928 1039 10585 10474)
4(1038 10584 10585 1039)
4(929 1040 10586 10475)
4(1039 10585 10586 1040)
4(930 1041 10587 10476)
4(1040 10586 10587 1041)
4(931 1042 10588 10477)
4(1041 10587 10588 1042)
4(932 1043 10589 10478)
4(1042 10588 10589 1043)
4(933 1044 10590 10479)
4(1043 10589 10590 1044)
4(934 1045 10591 10480)
4(1044 10590 10591 1045)
4(935 1046 10592 10481)
4(1045 10591 10592 1046)
4(936 1047 10593 10482)
4(1046 10592 10593 1047)
4(937 1048 10594 10483)
4(1047 10593 10594 1048)
4(938 1049 10595 10484)
4(1048 10594 10595 1049)
4(939 1050 10596 10485)
4(1049 10595 10596 1050)
4(940 1051 10597 10486)
4(1050 10596 10597 1051)
4(941 1052 10598 10487)
4(1051 10597 10598 1052)
4(942 1053 10599 10488)
4(1052 10598 10599 1053)
4(943 1054 10600 10489)
4(1053 10599 10600 1054)
4(944 1055 10601 10490)
4(1054 10600 10601 1055)
4(945 1056 10602 10491)
4(1055 10601 10602 1056)
4(946 1057 10603 10492)
4(1056 10602 10603 1057)
4(947 1058 10604 10493)
4(1057 10603 10604 1058)
4(948 1059 10605 10494)
4(1058 10604 10605 1059)
4(949 1060 10606 10495)
4(1059 10605 10606 1060)
4(950 1061 10607 10496)
4(1060 10606 10607 1061)
4(951 1062 10608 10497)
4(1061 10607 10608 1062)
4(952 1063 10609 10498)
4(1062 10608 10609 1063)
4(953 1064 10610 10499)
4(1063 10609 10610 1064)
4(954 1065 10611 10500)
4(1064 10610 10611 1065)
4(955 1066 10612 10501)
4(1065 10611 10612 1066)
4(956 1067 10613 10502)
4(1066 10612 10613 1067)
4(957 1068 10614 10503)
4(1067 10613 10614 1068)
4(958 1069 10615 10504)
4(1068 10614 10615 1069)
4(959 1070 10616 10505)
4(1069 10615 10616 1070)
4(960 1071 10617 10506)
4(1070 10616 10617 1071)
4(961 1072 10618 10507)
4(1071 10617 10618 1072)
4(962 1073 10619 10508)
4(1072 10618 10619 1073)
4(963 1074 10620 10509)
4(1073 10619 10620 1074)
4(964 1075 10621 10510)
4(1074 10620 10621 1075)
4(965 1076 10622 10511)
4(1075 10621 10622 1076)
4(966 1077 10623 10512)
4(1076 10622 10623 1077)
4(967 1078 10624 10513)
4(1077 10623 10624 1078)
4(968 1079 10625 10514)
4(1078 10624 10625 1079)
4(969 1080 10626 10515)
4(1079 10625 10626 1080)
4(970 1081 10627 10516)
4(1080 10626 10627 1081)
4(971 1082 10628 10517)
4(1081 10627 10628 1082)
4(972 1083 10629 10518)
4(1082 10628 10629 1083)
4(973 1084 10630 10519)
4(1083 10629 10630 1084)
4(974 1085 10631 10520)
4(1084 10630 10631 1085)
4(975 1086 10632 10521)
4(1085 10631 10632 1086)
4(976 1087 10633 10522)
4(1086 10632 10633 1087)
4(977 1088 10634 10523)
4(1087 10633 10634 1088)
4(978 1089 10635 10524)
4(1088 10634 10635 1089)
4(979 1090 10636 10525)
4(1089 10635 10636 1090)
4(980 1091 10637 10526)
4(1090 10636 10637 1091)
4(981 1092 10638 10527)
4(1091 10637 10638 1092)
4(982 1093 10639 10528)
4(1092 10638 10639 1093)
4(983 1094 10640 10529)
4(1093 10639 10640 1094)
4(984 1095 10641 10530)
4(1094 10640 10641 1095)
4(985 1096 10642 10531)
4(1095 10641 10642 1096)
4(986 1097 10643 10532)
4(1096 10642 10643 1097)
4(987 1098 10644 10533)
4(1097 10643 10644 1098)
4(988 1099 10645 10534)
4(1098 10644 10645 1099)
4(989 1100 10646 10535)
4(1099 10645 10646 1100)
4(990 1101 10647 10536)
4(1100 10646 10647 1101)
4(991 1102 10648 10537)
4(1101 10647 10648 1102)
4(992 1103 10649 10538)
4(1102 10648 10649 1103)
4(993 1104 10650 10539)
4(1103 10649 10650 1104)
4(994 1105 10651 10540)
4(1104 10650 10651 1105)
4(995 1106 10652 10541)
4(1105 10651 10652 1106)
4(996 1107 10653 10542)
4(1106 10652 10653 1107)
4(997 1108 10654 10543)
4(1107 10653 10654 1108)
4(1108 10654 10655 1109)
4(1000 1111 10657 10546)
4(1110 10656 10657 1111)
4(1001 1112 10658 10547)
4(1111 10657 10658 1112)
4(1002 1113 10659 10548)
4(1112 10658 10659 1113)
4(1003 1114 10660 10549)
4(1113 10659 10660 1114)
4(1004 1115 10661 10550)
4(1114 10660 10661 1115)
4(1005 1116 10662 10551)
4(1115 10661 10662 1116)
4(1006 1117 10663 10552)
4(1116 10662 10663 1117)
4(1007 1118 10664 10553)
4(1117 10663 10664 1118)
4(1008 1119 10665 10554)
4(1118 10664 10665 1119)
4(1009 1120 10666 10555)
4(1119 10665 10666 1120)
4(1010 1121 10667 10556)
4(1120 10666 10667 1121)
4(1011 1122 10668 10557)
4(1121 10667 10668 1122)
4(1012 1123 10669 10558)
4(1122 10668 10669 1123)
4(1013 1124 10670 10559)
4(1123 10669 10670 1124)
4(1014 1125 10671 10560)
4(1124 10670 10671 1125)
4(1015 1126 10672 10561)
4(1125 10671 10672 1126)
4(1016 1127 10673 10562)
4(1126 10672 10673 1127)
4(1017 1128 10674 10563)
4(1127 10673 10674 1128)
4(1018 1129 10675 10564)
4(1128 10674 10675 1129)
4(1019 1130 10676 10565)
4(1129 10675 10676 1130)
4(1020 1131 10677 10566)
4(1130 10676 10677 1131)
4(1021 1132 10678 10567)
4(1131 10677 10678 1132)
4(1022 1133 10679 10568)
4(1132 10678 10679 1133)
4(1023 1134 10680 10569)
4(1133 10679 10680 1134)
4(1024 1135 10681 10570)
4(1134 10680 10681 1135)
4(1025 1136 10682 10571)
4(1135 10681 10682 1136)
4(1026 1137 10683 10572)
4(1136 10682 10683 1137)
4(1027 1138 10684 10573)
4(1137 10683 10684 1138)
4(1028 1139 10685 10574)
4(1138 10684 10685 1139)
4(1029 1140 10686 10575)
4(1139 10685 10686 1140)
4(1030 1141 10687 10576)
4(1140 10686 10687 1141)
4(1031 1142 10688 10577)
4(1141 10687 10688 1142)
4(1032 1143 10689 10578)
4(1142 10688 10689 1143)
4(1033 1144 10690 10579)
4(1143 10689 10690 1144)
4(1034 1145 10691 10580)
4(1144 10690 10691 1145)
4(1035 1146 10692 10581)
4(1145 10691 10692 1146)
4(1036 1147 10693 10582)
4(1146 10692 10693 1147)
4(1037 1148 10694 10583)
4(1147 10693 10694 1148)
4(1038 1149 10695 10584)
4(1148 10694 10695 1149)
4(1039 1150 10696 10585)
4(1149 10695 10696 1150)
4(1040 1151 10697 10586)
4(1150 10696 10697 1151)
4(1041 1152 10698 10587)
4(1151 10697 10698 1152)
4(1042 1153 10699 10588)
4(1152 10698 10699 1153)
4(1043 1154 10700 10589)
4(1153 10699 10700 1154)
4(1044 1155 10701 10590)
4(1154 10700 10701 1155)
4(1045 1156 10702 10591)
4(1155 10701 10702 1156)
4(1046 1157 10703 10592)
4(1156 10702 10703 1157)
4(1047 1158 10704 10593)
4(1157 10703 10704 1158)
4(1048 1159 10705 10594)
4(1158 10704 10705 1159)
4(1049 1160 10706 10595)
4(1159 10705 10706 1160)
4(1050 1161 10707 10596)
4(1160 10706 10707 1161)
4(1051 1162 10708 10597)
4(1161 10707 10708 1162)
4(1052 1163 10709 10598)
4(1162 10708 10709 1163)
4(1053 1164 10710 10599)
4(1163 10709 10710 1164)
4(1054 1165 10711 10600)
4(1164 10710 10711 1165)
4(1055 1166 10712 10601)
4(1165 10711 10712 1166)
4(1056 1167 10713 10602)
4(1166 10712 10713 1167)
4(1057 1168 10714 10603)
4(1167 10713 10714 1168)
4(1058 1169 10715 10604)
4(1168 10714 10715 1169)
4(1059 1170 10716 10605)
4(1169 10715 10716 1170)
4(1060 1171 10717 10606)
4(1170 10716 10717 1171)
4(1061 1172 10718 10607)
4(1171 10717 10718 1172)
4(1062 1173 10719 10608)
4(1172 10718 10719 1173)
4(1063 1174 10720 10609)
4(1173 10719 10720 1174)
4(1064 1175 10721 10610)
4(1174 10720 10721 1175)
4(1065 1176 10722 10611)
4(1175 10721 10722 1176)
4(1066 1177 10723 10612)
4(1176 10722 10723 1177)
4(1067 1178 10724 10613)
4(1177 10723 10724 1178)
4(1068 1179 10725 10614)
4(1178 10724 10725 1179)
4(1069 1180 10726 10615)
4(1179 10725 10726 1180)
4(1070 1181 10727 10616)
4(1180 10726 10727 1181)
4(1071 1182 10728 10617)
4(1181 10727 10728 1182)
4(1072 1183 10729 10618)
4(1182 10728 10729 1183)
4(1073 1184 10730 10619)
4(1183 10729 10730 1184)
4(1074 1185 10731 10620)
4(1184 10730 10731 1185)
4(1075 1186 10732 10621)
4(1185 10731 10732 1186)
4(1076 1187 10733 10622)
4(1186 10732 10733 1187)
4(1077 1188 10734 10623)
4(1187 10733 10734 1188)
4(1078 1189 10735 10624)
4(1188 10734 10735 1189)
4(1079 1190 10736 10625)
4(1189 10735 10736 1190)
4(1080 1191 10737 10626)
4(1190 10736 10737 1191)
4(1081 1192 10738 10627)
4(1191 10737 10738 1192)
4(1082 1193 10739 10628)
4(1192 10738 10739 1193)
4(1083 1194 10740 10629)
4(1193 10739 10740 1194)
4(1084 1195 10741 10630)
4(1194 10740 10741 1195)
4(1085 1196 10742 10631)
4(1195 10741 10742 1196)
4(1086 1197 10743 10632)
4(1196 10742 10743 1197)
4(1087 1198 10744 10633)
4(1197 10743 10744 1198)
4(1088 1199 10745 10634)
4(1198 10744 10745 1199)
4(1089 1200 10746 10635)
4(1199 10745 10746 1200)
4(1090 1201 10747 10636)
4(1200 10746 10747 1201)
4(1091 1202 10748 10637)
4(1201 10747 10748 1202)
4(1092 1203 10749 10638)
4(1202 10748 10749 1203)
4(1093 1204 10750 10639)
4(1203 10749 10750 1204)
4(1094 1205 10751 10640)
4(1204 10750 10751 1205)
4(1095 1206 10752 10641)
4(1205 10751 10752 1206)
4(1096 1207 10753 10642)
4(1206 10752 10753 1207)
4(1097 1208 10754 10643)
4(1207 10753 10754 1208)
4(1098 1209 10755 10644)
4(1208 10754 10755 1209)
4(1099 1210 10756 10645)
4(1209 10755 10756 1210)
4(1100 1211 10757 10646)
4(1210 10756 10757 1211)
4(1101 1212 10758 10647)
4(1211 10757 10758 1212)
4(1102 1213 10759 10648)
4(1212 10758 10759 1213)
4(1103 1214 10760 10649)
4(1213 10759 10760 1214)
4(1104 1215 10761 10650)
4(1214 10760 10761 1215)
4(1105 1216 10762 10651)
4(1215 10761 10762 1216)
4(1106 1217 10763 10652)
4(1216 10762 10763 1217)
4(1107 1218 10764 10653)
4(1217 10763 10764 1218)
4(1108 1219 10765 10654)
4(1218 10764 10765 1219)
4(1219 10765 10766 1220)
4(1111 1222 10768 10657)
4(1221 10767 10768 1222)
4(1112 1223 10769 10658)
4(1222 10768 10769 1223)
4(1113 1224 10770 10659)
4(1223 10769 10770 1224)
4(1114 1225 10771 10660)
4(1224 10770 10771 1225)
4(1115 1226 10772 10661)
4(1225 10771 10772 1226)
4(1116 1227 10773 10662)
4(1226 10772 10773 1227)
4(1117 1228 10774 10663)
4(1227 10773 10774 1228)
4(1118 1229 10775 10664)
4(1228 10774 10775 1229)
4(1119 1230 10776 10665)
4(1229 10775 10776 1230)
4(1120 1231 10777 10666)
4(1230 10776 10777 1231)
4(1121 1232 10778 10667)
4(1231 10777 10778 1232)
4(1122 1233 10779 10668)
4(1232 10778 10779 1233)
4(1123 1234 10780 10669)
4(1233 10779 10780 1234)
4(1124 1235 10781 10670)
4(1234 10780 10781 1235)
4(1125 1236 10782 10671)
4(1235 10781 10782 1236)
4(1126 1237 10783 10672)
4(1236 10782 10783 1237)
4(1127 1238 10784 10673)
4(1237 10783 10784 1238)
4(1128 1239 10785 10674)
4(1238 10784 10785 1239)
4(1129 1240 10786 10675)
4(1239 10785 10786 1240)
4(1130 1241 10787 10676)
4(1240 10786 10787 1241)
4(1131 1242 10788 10677)
4(1241 10787 10788 1242)
4(1132 1243 10789 10678)
4(1242 10788 10789 1243)
4(1133 1244 10790 10679)
4(1243 10789 10790 1244)
4(1134 1245 10791 10680)
4(1244 10790 10791 1245)
4(1135 1246 10792 10681)
4(1245 10791 10792 1246)
4(1136 1247 10793 10682)
4(1246 10792 10793 1247)
4(1137 1248 10794 10683)
4(1247 10793 10794 1248)
4(1138 1249 10795 10684)
4(1248 10794 10795 1249)
4(1139 1250 10796 10685)
4(1249 10795 10796 1250)
4(1140 1251 10797 10686)
4(1250 10796 10797 1251)
4(1141 1252 10798 10687)
4(1251 10797 10798 1252)
4(1142 1253 10799 10688)
4(1252 10798 10799 1253)
4(1143 1254 10800 10689)
4(1253 10799 10800 1254)
4(1144 1255 10801 10690)
4(1254 10800 10801 1255)
4(1145 1256 10802 10691)
4(1255 10801 10802 1256)
4(1146 1257 10803 10692)
4(1256 10802 10803 1257)
4(1147 1258 10804 10693)
4(1257 10803 10804 1258)
4(1148 1259 10805 10694)
4(1258 10804 10805 1259)
4(1149 1260 10806 10695)
4(1259 10805 10806 1260)
4(1150 1261 10807 10696)
4(1260 10806 10807 1261)
4(1151 1262 10808 10697)
4(1261 10807 10808 1262)
4(1152 1263 10809 10698)
4(1262 10808 10809 1263)
4(1153 1264 10810 10699)
4(1263 10809 10810 1264)
4(1154 1265 10811 10700)
4(1264 10810 10811 1265)
4(1155 1266 10812 10701)
4(1265 10811 10812 1266)
4(1156 1267 10813 10702)
4(1266 10812 10813 1267)
4(1157 1268 10814 10703)
4(1267 10813 10814 1268)
4(1158 1269 10815 10704)
4(1268 10814 10815 1269)
4(1159 1270 10816 10705)
4(1269 10815 10816 1270)
4(1160 1271 10817 10706)
4(1270 10816 10817 1271)
4(1161 1272 10818 10707)
4(1271 10817 10818 1272)
4(1162 1273 10819 10708)
4(1272 10818 10819 1273)
4(1163 1274 10820 10709)
4(1273 10819 10820 1274)
4(1164 1275 10821 10710)
4(1274 10820 10821 1275)
4(1165 1276 10822 10711)
4(1275 10821 10822 1276)
4(1166 1277 10823 10712)
4(1276 10822 10823 1277)
4(1167 1278 10824 10713)
4(1277 10823 10824 1278)
4(1168 1279 10825 10714)
4(1278 10824 10825 1279)
4(1169 1280 10826 10715)
4(1279 10825 10826 1280)
4(1170 1281 10827 10716)
4(1280 10826 10827 1281)
4(1171 1282 10828 10717)
4(1281 10827 10828 1282)
4(1172 1283 10829 10718)
4(1282 10828 10829 1283)
4(1173 1284 10830 10719)
4(1283 10829 10830 1284)
4(1174 1285 10831 10720)
4(1284 10830 10831 1285)
4(1175 1286 10832 10721)
4(1285 10831 10832 1286)
4(1176 1287 10833 10722)
4(1286 10832 10833 1287)
4(1177 1288 10834 10723)
4(1287 10833 10834 1288)
4(1178 1289 10835 10724)
4(1288 10834 10835 1289)
4(1179 1290 10836 10725)
4(1289 10835 10836 1290)
4(1180 1291 10837 10726)
4(1290 10836 10837 1291)
4(1181 1292 10838 10727)
4(1291 10837 10838 1292)
4(1182 1293 10839 10728)
4(1292 10838 10839 1293)
4(1183 1294 10840 10729)
4(1293 10839 10840 1294)
4(1184 1295 10841 10730)
4(1294 10840 10841 1295)
4(1185 1296 10842 10731)
4(1295 10841 10842 1296)
4(1186 1297 10843 10732)
4(1296 10842 10843 1297)
4(1187 1298 10844 10733)
4(1297 10843 10844 1298)
4(1188 1299 10845 10734)
4(1298 10844 10845 1299)
4(1189 1300 10846 10735)
4(1299 10845 10846 1300)
4(1190 1301 10847 10736)
4(1300 10846 10847 1301)
4(1191 1302 10848 10737)
4(1301 10847 10848 1302)
4(1192 1303 10849 10738)
4(1302 10848 10849 1303)
4(1193 1304 10850 10739)
4(1303 10849 10850 1304)
4(1194 1305 10851 10740)
4(1304 10850 10851 1305)
4(1195 1306 10852 10741)
4(1305 10851 10852 1306)
4(1196 1307 10853 10742)
4(1306 10852 10853 1307)
4(1197 1308 10854 10743)
4(1307 10853 10854 1308)
4(1198 1309 10855 10744)
4(1308 10854 10855 1309)
4(1199 1310 10856 10745)
4(1309 10855 10856 1310)
4(1200 1311 10857 10746)
4(1310 10856 10857 1311)
4(1201 1312 10858 10747)
4(1311 10857 10858 1312)
4(1202 1313 10859 10748)
4(1312 10858 10859 1313)
4(1203 1314 10860 10749)
4(1313 10859 10860 1314)
4(1204 1315 10861 10750)
4(1314 10860 10861 1315)
4(1205 1316 10862 10751)
4(1315 10861 10862 1316)
4(1206 1317 10863 10752)
4(1316 10862 10863 1317)
4(1207 1318 10864 10753)
4(1317 10863 10864 1318)
4(1208 1319 10865 10754)
4(1318 10864 10865 1319)
4(1209 1320 10866 10755)
4(1319 10865 10866 1320)
4(1210 1321 10867 10756)
4(1320 10866 10867 1321)
4(1211 1322 10868 10757)
4(1321 10867 10868 1322)
4(1212 1323 10869 10758)
4(1322 10868 10869 1323)
4(1213 1324 10870 10759)
4(1323 10869 10870 1324)
4(1214 1325 10871 10760)
4(1324 10870 10871 1325)
4(1215 1326 10872 10761)
4(1325 10871 10872 1326)
4(1216 1327 10873 10762)
4(1326 10872 10873 1327)
4(1217 1328 10874 10763)
4(1327 10873 10874 1328)
4(1218 1329 10875 10764)
4(1328 10874 10875 1329)
4(1219 1330 10876 10765)
4(1329 10875 10876 1330)
4(1330 10876 10877 1331)
4(1222 1333 10879 10768)
4(1332 10878 10879 1333)
4(1223 1334 10880 10769)
4(1333 10879 10880 1334)
4(1224 1335 10881 10770)
4(1334 10880 10881 1335)
4(1225 1336 10882 10771)
4(1335 10881 10882 1336)
4(1226 1337 10883 10772)
4(1336 10882 10883 1337)
4(1227 1338 10884 10773)
4(1337 10883 10884 1338)
4(1228 1339 10885 10774)
4(1338 10884 10885 1339)
4(1229 1340 10886 10775)
4(1339 10885 10886 1340)
4(1230 1341 10887 10776)
4(1340 10886 10887 1341)
4(1231 1342 10888 10777)
4(1341 10887 10888 1342)
4(1232 1343 10889 10778)
4(1342 10888 10889 1343)
4(1233 1344 10890 10779)
4(1343 10889 10890 1344)
4(1234 1345 10891 10780)
4(1344 10890 10891 1345)
4(1235 1346 10892 10781)
4(1345 10891 10892 1346)
4(1236 1347 10893 10782)
4(1346 10892 10893 1347)
4(1237 1348 10894 10783)
4(1347 10893 10894 1348)
4(1238 1349 10895 10784)
4(1348 10894 10895 1349)
4(1239 1350 10896 10785)
4(1349 10895 10896 1350)
4(1240 1351 10897 10786)
4(1350 10896 10897 1351)
4(1241 1352 10898 10787)
4(1351 10897 10898 1352)
4(1242 1353 10899 10788)
4(1352 10898 10899 1353)
4(1243 1354 10900 10789)
4(1353 10899 10900 1354)
4(1244 1355 10901 10790)
4(1354 10900 10901 1355)
4(1245 1356 10902 10791)
4(1355 10901 10902 1356)
4(1246 1357 10903 10792)
4(1356 10902 10903 1357)
4(1247 1358 10904 10793)
4(1357 10903 10904 1358)
4(1248 1359 10905 10794)
4(1358 10904 10905 1359)
4(1249 1360 10906 10795)
4(1359 10905 10906 1360)
4(1250 1361 10907 10796)
4(1360 10906 10907 1361)
4(1251 1362 10908 10797)
4(1361 10907 10908 1362)
4(1252 1363 10909 10798)
4(1362 10908 10909 1363)
4(1253 1364 10910 10799)
4(1363 10909 10910 1364)
4(1254 1365 10911 10800)
4(1364 10910 10911 1365)
4(1255 1366 10912 10801)
4(1365 10911 10912 1366)
4(1256 1367 10913 10802)
4(1366 10912 10913 1367)
4(1257 1368 10914 10803)
4(1367 10913 10914 1368)
4(1258 1369 10915 10804)
4(1368 10914 10915 1369)
4(1259 1370 10916 10805)
4(1369 10915 10916 1370)
4(1260 1371 10917 10806)
4(1370 10916 10917 1371)
4(1261 1372 10918 10807)
4(1371 10917 10918 1372)
4(1262 1373 10919 10808)
4(1372 10918 10919 1373)
4(1263 1374 10920 10809)
4(1373 10919 10920 1374)
4(1264 1375 10921 10810)
4(1374 10920 10921 1375)
4(1265 1376 10922 10811)
4(1375 10921 10922 1376)
4(1266 1377 10923 10812)
4(1376 10922 10923 1377)
4(1267 1378 10924 10813)
4(1377 10923 10924 1378)
4(1268 1379 10925 10814)
4(1378 10924 10925 1379)
4(1269 1380 10926 10815)
4(1379 10925 10926 1380)
4(1270 1381 10927 10816)
4(1380 10926 10927 1381)
4(1271 1382 10928 10817)
4(1381 10927 10928 1382)
4(1272 1383 10929 10818)
4(1382 10928 10929 1383)
4(1273 1384 10930 10819)
4(1383 10929 10930 1384)
4(1274 1385 10931 10820)
4(1384 10930 10931 1385)
4(1275 1386 10932 10821)
4(1385 10931 10932 1386)
4(1276 1387 10933 10822)
4(1386 10932 10933 1387)
4(1277 1388 10934 10823)
4(1387 10933 10934 1388)
4(1278 1389 10935 10824)
4(1388 10934 10935 1389)
4(1279 1390 10936 10825)
4(1389 10935 10936 1390)
4(1280 1391 10937 10826)
4(1390 10936 10937 1391)
4(1281 1392 10938 10827)
4(1391 10937 10938 1392)
4(1282 1393 10939 10828)
4(1392 10938 10939 1393)
4(1283 1394 10940 10829)
4(1393 10939 10940 1394)
4(1284 1395 10941 10830)
4(1394 10940 10941 1395)
4(1285 1396 10942 10831)
4(1395 10941 10942 1396)
4(1286 1397 10943 10832)
4(1396 10942 10943 1397)
4(1287 1398 10944 10833)
4(1397 10943 10944 1398)
4(1288 1399 10945 10834)
4(1398 10944 10945 1399)
4(1289 1400 10946 10835)
4(1399 10945 10946 1400)
4(1290 1401 10947 10836)
4(1400 10946 10947 1401)
4(1291 1402 10948 10837)
4(1401 10947 10948 1402)
4(1292 1403 10949 10838)
4(1402 10948 10949 1403)
4(1293 1404 10950 10839)
4(1403 10949 10950 1404)
4(1294 1405 10951 10840)
4(1404 10950 10951 1405)
4(1295 1406 10952 10841)
4(1405 10951 10952 1406)
4(1296 1407 10953 10842)
4(1406 10952 10953 1407)
4(1297 1408 10954 10843)
4(1407 10953 10954 1408)
4(1298 1409 10955 10844)
4(1408 10954 10955 1409)
4(1299 1410 10956 10845)
4(1409 10955 10956 1410)
4(1300 1411 10957 10846)
4(1410 10956 10957 1411)
4(1301 1412 10958 10847)
4(1411 10957 10958 1412)
4(1302 1413 10959 10848)
4(1412 10958 10959 1413)
4(1303 1414 10960 10849)
4(1413 10959 10960 1414)
4(1304 1415 10961 10850)
4(1414 10960 10961 1415)
4(1305 1416 10962 10851)
4(1415 10961 10962 1416)
4(1306 1417 10963 10852)
4(1416 10962 10963 1417)
4(1307 1418 10964 10853)
4(1417 10963 10964 1418)
4(1308 1419 10965 10854)
4(1418 10964 10965 1419)
4(1309 1420 10966 10855)
4(1419 10965 10966 1420)
4(1310 1421 10967 10856)
4(1420 10966 10967 1421)
4(1311 1422 10968 10857)
4(1421 10967 10968 1422)
4(1312 1423 10969 10858)
4(1422 10968 10969 1423)
4(1313 1424 10970 10859)
4(1423 10969 10970 1424)
4(1314 1425 10971 10860)
4(1424 10970 10971 1425)
4(1315 1426 10972 10861)
4(1425 10971 10972 1426)
4(1316 1427 10973 10862)
4(1426 10972 10973 1427)
4(1317 1428 10974 10863)
4(1427 10973 10974 1428)
4(1318 1429 10975 10864)
4(1428 10974 10975 1429)
4(1319 1430 10976 10865)
4(1429 10975 10976 1430)
4(1320 1431 10977 10866)
4(1430 10976 10977 1431)
4(1321 1432 10978 10867)
4(1431 10977 10978 1432)
4(1322 1433 10979 10868)
4(1432 10978 10979 1433)
4(1323 1434 10980 10869)
4(1433 10979 10980 1434)
4(1324 1435 10981 10870)
4(1434 10980 10981 1435)
4(1325 1436 10982 10871)
4(1435 10981 10982 1436)
4(1326 1437 10983 10872)
4(1436 10982 10983 1437)
4(1327 1438 10984 10873)
4(1437 10983 10984 1438)
4(1328 1439 10985 10874)
4(1438 10984 10985 1439)
4(1329 1440 10986 10875)
4(1439 10985 10986 1440)
4(1330 1441 10987 10876)
4(1440 10986 10987 1441)
4(1441 10987 10988 1442)
4(1333 1444 10990 10879)
4(1443 10989 10990 1444)
4(1334 1445 10991 10880)
4(1444 10990 10991 1445)
4(1335 1446 10992 10881)
4(1445 10991 10992 1446)
4(1336 1447 10993 10882)
4(1446 10992 10993 1447)
4(1337 1448 10994 10883)
4(1447 10993 10994 1448)
4(1338 1449 10995 10884)
4(1448 10994 10995 1449)
4(1339 1450 10996 10885)
4(1449 10995 10996 1450)
4(1340 1451 10997 10886)
4(1450 10996 10997 1451)
4(1341 1452 10998 10887)
4(1451 10997 10998 1452)
4(1342 1453 10999 10888)
4(1452 10998 10999 1453)
4(1343 1454 11000 10889)
4(1453 10999 11000 1454)
4(1344 1455 11001 10890)
4(1454 11000 11001 1455)
4(1345 1456 11002 10891)
4(1455 11001 11002 1456)
4(1346 1457 11003 10892)
4(1456 11002 11003 1457)
4(1347 1458 11004 10893)
4(1457 11003 11004 1458)
4(1348 1459 11005 10894)
4(1458 11004 11005 1459)
4(1349 1460 11006 10895)
4(1459 11005 11006 1460)
4(1350 1461 11007 10896)
4(1460 11006 11007 1461)
4(1351 1462 11008 10897)
4(1461 11007 11008 1462)
4(1352 1463 11009 10898)
4(1462 11008 11009 1463)
4(1353 1464 11010 10899)
4(1463 11009 11010 1464)
4(1354 1465 11011 10900)
4(1464 11010 11011 1465)
4(1355 1466 11012 10901)
4(1465 11011 11012 1466)
4(1356 1467 11013 10902)
4(1466 11012 11013 1467)
4(1357 1468 11014 10903)
4(1467 11013 11014 1468)
4(1358 1469 11015 10904)
4(1468 11014 11015 1469)
4(1359 1470 11016 10905)
4(1469 11015 11016 1470)
4(1360 1471 11017 10906)
4(1470 11016 11017 1471)
4(1361 1472 11018 10907)
4(1471 11017 11018 1472)
4(1362 1473 11019 10908)
4(1472 11018 11019 1473)
4(1363 1474 11020 10909)
4(1473 11019 11020 1474)
4(1364 1475 11021 10910)
4(1474 11020 11021 1475)
4(1365 1476 11022 10911)
4(1475 11021 11022 1476)
4(1366 1477 11023 10912)
4(1476 11022 11023 1477)
4(1367 1478 11024 10913)
4(1477 11023 11024 1478)
4(1368 1479 11025 10914)
4(1478 11024 11025 1479)
4(1369 1480 11026 10915)
4(1479 11025 11026 1480)
4(1370 1481 11027 10916)
4(1480 11026 11027 1481)
4(1371 1482 11028 10917)
4(1481 11027 11028 1482)
4(1372 1483 11029 10918)
4(1482 11028 11029 1483)
4(1373 1484 11030 10919)
4(1483 11029 11030 1484)
4(1374 1485 11031 10920)
4(1484 11030 11031 1485)
4(1375 1486 11032 10921)
4(1485 11031 11032 1486)
4(1376 1487 11033 10922)
4(1486 11032 11033 1487)
4(1377 1488 11034 10923)
4(1487 11033 11034 1488)
4(1378 1489 11035 10924)
4(1488 11034 11035 1489)
4(1379 1490 11036 10925)
4(1489 11035 11036 1490)
4(1380 1491 11037 10926)
4(1490 11036 11037 1491)
4(1381 1492 11038 10927)
4(1491 11037 11038 1492)
4(1382 1493 11039 10928)
4(1492 11038 11039 1493)
4(1383 1494 11040 10929)
4(1493 11039 11040 1494)
4(1384 1495 11041 10930)
4(1494 11040 11041 1495)
4(1385 1496 11042 10931)
4(1495 11041 11042 1496)
4(1386 1497 11043 10932)
4(1496 11042 11043 1497)
4(1387 1498 11044 10933)
4(1497 11043 11044 1498)
4(1388 1499 11045 10934)
4(1498 11044 11045 1499)
4(1389 1500 11046 10935)
4(1499 11045 11046 1500)
4(1390 1501 11047 10936)
4(1500 11046 11047 1501)
4(1391 1502 11048 10937)
4(1501 11047 11048 1502)
4(1392 1503 11049 10938)
4(1502 11048 11049 1503)
4(1393 1504 11050 10939)
4(1503 11049 11050 1504)
4(1394 1505 11051 10940)
4(1504 11050 11051 1505)
4(1395 1506 11052 10941)
4(1505 11051 11052 1506)
4(1396 1507 11053 10942)
4(1506 11052 11053 1507)
4(1397 1508 11054 10943)
4(1507 11053 11054 1508)
4(1398 1509 11055 10944)
4(1508 11054 11055 1509)
4(1399 1510 11056 10945)
4(1509 11055 11056 1510)
4(1400 1511 11057 10946)
4(1510 11056 11057 1511)
4(1401 1512 11058 10947)
4(1511 11057 11058 1512)
4(1402 1513 11059 10948)
4(1512 11058 11059 1513)
4(1403 1514 11060 10949)
4(1513 11059 11060 1514)
4(1404 1515 11061 10950)
4(1514 11060 11061 1515)
4(1405 1516 11062 10951)
4(1515 11061 11062 1516)
4(1406 1517 11063 10952)
4(1516 11062 11063 1517)
4(1407 1518 11064 10953)
4(1517 11063 11064 1518)
4(1408 1519 11065 10954)
4(1518 11064 11065 1519)
4(1409 1520 11066 10955)
4(1519 11065 11066 1520)
4(1410 1521 11067 10956)
4(1520 11066 11067 1521)
4(1411 1522 11068 10957)
4(1521 11067 11068 1522)
4(1412 1523 11069 10958)
4(1522 11068 11069 1523)
4(1413 1524 11070 10959)
4(1523 11069 11070 1524)
4(1414 1525 11071 10960)
4(1524 11070 11071 1525)
4(1415 1526 11072 10961)
4(1525 11071 11072 1526)
4(1416 1527 11073 10962)
4(1526 11072 11073 1527)
4(1417 1528 11074 10963)
4(1527 11073 11074 1528)
4(1418 1529 11075 10964)
4(1528 11074 11075 1529)
4(1419 1530 11076 10965)
4(1529 11075 11076 1530)
4(1420 1531 11077 10966)
4(1530 11076 11077 1531)
4(1421 1532 11078 10967)
4(1531 11077 11078 1532)
4(1422 1533 11079 10968)
4(1532 11078 11079 1533)
4(1423 1534 11080 10969)
4(1533 11079 11080 1534)
4(1424 1535 11081 10970)
4(1534 11080 11081 1535)
4(1425 1536 11082 10971)
4(1535 11081 11082 1536)
4(1426 1537 11083 10972)
4(1536 11082 11083 1537)
4(1427 1538 11084 10973)
4(1537 11083 11084 1538)
4(1428 1539 11085 10974)
4(1538 11084 11085 1539)
4(1429 1540 11086 10975)
4(1539 11085 11086 1540)
4(1430 1541 11087 10976)
4(1540 11086 11087 1541)
4(1431 1542 11088 10977)
4(1541 11087 11088 1542)
4(1432 1543 11089 10978)
4(1542 11088 11089 1543)
4(1433 1544 11090 10979)
4(1543 11089 11090 1544)
4(1434 1545 11091 10980)
4(1544 11090 11091 1545)
4(1435 1546 11092 10981)
4(1545 11091 11092 1546)
4(1436 1547 11093 10982)
4(1546 11092 11093 1547)
4(1437 1548 11094 10983)
4(1547 11093 11094 1548)
4(1438 1549 11095 10984)
4(1548 11094 11095 1549)
4(1439 1550 11096 10985)
4(1549 11095 11096 1550)
4(1440 1551 11097 10986)
4(1550 11096 11097 1551)
4(1441 1552 11098 10987)
4(1551 11097 11098 1552)
4(1552 11098 11099 1553)
4(1444 1555 11101 10990)
4(1554 11100 11101 1555)
4(1445 1556 11102 10991)
4(1555 11101 11102 1556)
4(1446 1557 11103 10992)
4(1556 11102 11103 1557)
4(1447 1558 11104 10993)
4(1557 11103 11104 1558)
4(1448 1559 11105 10994)
4(1558 11104 11105 1559)
4(1449 1560 11106 10995)
4(1559 11105 11106 1560)
4(1450 1561 11107 10996)
4(1560 11106 11107 1561)
4(1451 1562 11108 10997)
4(1561 11107 11108 1562)
4(1452 1563 11109 10998)
4(1562 11108 11109 1563)
4(1453 1564 11110 10999)
4(1563 11109 11110 1564)
4(1454 1565 11111 11000)
4(1564 11110 11111 1565)
4(1455 1566 11112 11001)
4(1565 11111 11112 1566)
4(1456 1567 11113 11002)
4(1566 11112 11113 1567)
4(1457 1568 11114 11003)
4(1567 11113 11114 1568)
4(1458 1569 11115 11004)
4(1568 11114 11115 1569)
4(1459 1570 11116 11005)
4(1569 11115 11116 1570)
4(1460 1571 11117 11006)
4(1570 11116 11117 1571)
4(1461 1572 11118 11007)
4(1571 11117 11118 1572)
4(1462 1573 11119 11008)
4(1572 11118 11119 1573)
4(1463 1574 11120 11009)
4(1573 11119 11120 1574)
4(1464 1575 11121 11010)
4(1574 11120 11121 1575)
4(1465 1576 11122 11011)
4(1575 11121 11122 1576)
4(1466 1577 11123 11012)
4(1576 11122 11123 1577)
4(1467 1578 11124 11013)
4(1577 11123 11124 1578)
4(1468 1579 11125 11014)
4(1578 11124 11125 1579)
4(1469 1580 11126 11015)
4(1579 11125 11126 1580)
4(1470 1581 11127 11016)
4(1580 11126 11127 1581)
4(1471 1582 11128 11017)
4(1581 11127 11128 1582)
4(1472 1583 11129 11018)
4(1582 11128 11129 1583)
4(1473 1584 11130 11019)
4(1583 11129 11130 1584)
4(1474 1585 11131 11020)
4(1584 11130 11131 1585)
4(1475 1586 11132 11021)
4(1585 11131 11132 1586)
4(1476 1587 11133 11022)
4(1586 11132 11133 1587)
4(1477 1588 11134 11023)
4(1587 11133 11134 1588)
4(1478 1589 11135 11024)
4(1588 11134 11135 1589)
4(1479 1590 11136 11025)
4(1589 11135 11136 1590)
4(1480 1591 11137 11026)
4(1590 11136 11137 1591)
4(1481 1592 11138 11027)
4(1591 11137 11138 1592)
4(1482 1593 11139 11028)
4(1592 11138 11139 1593)
4(1483 1594 11140 11029)
4(1593 11139 11140 1594)
4(1484 1595 11141 11030)
4(1594 11140 11141 1595)
4(1485 1596 11142 11031)
4(1595 11141 11142 1596)
4(1486 1597 11143 11032)
4(1596 11142 11143 1597)
4(1487 1598 11144 11033)
4(1597 11143 11144 1598)
4(1488 1599 11145 11034)
4(1598 11144 11145 1599)
4(1489 1600 11146 11035)
4(1599 11145 11146 1600)
4(1490 1601 11147 11036)
4(1600 11146 11147 1601)
4(1491 1602 11148 11037)
4(1601 11147 11148 1602)
4(1492 1603 11149 11038)
4(1602 11148 11149 1603)
4(1493 1604 11150 11039)
4(1603 11149 11150 1604)
4(1494 1605 11151 11040)
4(1604 11150 11151 1605)
4(1495 1606 11152 11041)
4(1605 11151 11152 1606)
4(1496 1607 11153 11042)
4(1606 11152 11153 1607)
4(1497 1608 11154 11043)
4(1607 11153 11154 1608)
4(1498 1609 11155 11044)
4(1608 11154 11155 1609)
4(1499 1610 11156 11045)
4(1609 11155 11156 1610)
4(1500 1611 11157 11046)
4(1610 11156 11157 1611)
4(1501 1612 11158 11047)
4(1611 11157 11158 1612)
4(1502 1613 11159 11048)
4(1612 11158 11159 1613)
4(1503 1614 11160 11049)
4(1613 11159 11160 1614)
4(1504 1615 11161 11050)
4(1614 11160 11161 1615)
4(1505 1616 11162 11051)
4(1615 11161 11162 1616)
4(1506 1617 11163 11052)
4(1616 11162 11163 1617)
4(1507 1618 11164 11053)
4(1617 11163 11164 1618)
4(1508 1619 11165 11054)
4(1618 11164 11165 1619)
4(1509 1620 11166 11055)
4(1619 11165 11166 1620)
4(1510 1621 11167 11056)
4(1620 11166 11167 1621)
4(1511 1622 11168 11057)
4(1621 11167 11168 1622)
4(1512 1623 11169 11058)
4(1622 11168 11169 1623)
4(1513 1624 11170 11059)
4(1623 11169 11170 1624)
4(1514 1625 11171 11060)
4(1624 11170 11171 1625)
4(1515 1626 11172 11061)
4(1625 11171 11172 1626)
4(1516 1627 11173 11062)
4(1626 11172 11173 1627)
4(1517 1628 11174 11063)
4(1627 11173 11174 1628)
4(1518 1629 11175 11064)
4(1628 11174 11175 1629)
4(1519 1630 11176 11065)
4(1629 11175 11176 1630)
4(1520 1631 11177 11066)
4(1630 11176 11177 1631)
4(1521 1632 11178 11067)
4(1631 11177 11178 1632)
4(1522 1633 11179 11068)
4(1632 11178 11179 1633)
4(1523 1634 11180 11069)
4(1633 11179 11180 1634)
4(1524 1635 11181 11070)
4(1634 11180 11181 1635)
4(1525 1636 11182 11071)
4(1635 11181 11182 1636)
4(1526 1637 11183 11072)
4(1636 11182 11183 1637)
4(1527 1638 11184 11073)
4(1637 11183 11184 1638)
4(1528 1639 11185 11074)
4(1638 11184 11185 1639)
4(1529 1640 11186 11075)
4(1639 11185 11186 1640)
4(1530 1641 11187 11076)
4(1640 11186 11187 1641)
4(1531 1642 11188 11077)
4(1641 11187 11188 1642)
4(1532 1643 11189 11078)
4(1642 11188 11189 1643)
4(1533 1644 11190 11079)
4(1643 11189 11190 1644)
4(1534 1645 11191 11080)
4(1644 11190 11191 1645)
4(1535 1646 11192 11081)
4(1645 11191 11192 1646)
4(1536 1647 11193 11082)
4(1646 11192 11193 1647)
4(1537 1648 11194 11083)
4(1647 11193 11194 1648)
4(1538 1649 11195 11084)
4(1648 11194 11195 1649)
4(1539 1650 11196 11085)
4(1649 11195 11196 1650)
4(1540 1651 11197 11086)
4(1650 11196 11197 1651)
4(1541 1652 11198 11087)
4(1651 11197 11198 1652)
4(1542 1653 11199 11088)
4(1652 11198 11199 1653)
4(1543 1654 11200 11089)
4(1653 11199 11200 1654)
4(1544 1655 11201 11090)
4(1654 11200 11201 1655)
4(1545 1656 11202 11091)
4(1655 11201 11202 1656)
4(1546 1657 11203 11092)
4(1656 11202 11203 1657)
4(1547 1658 11204 11093)
4(1657 11203 11204 1658)
4(1548 1659 11205 11094)
4(1658 11204 11205 1659)
4(1549 1660 11206 11095)
4(1659 11205 11206 1660)
4(1550 1661 11207 11096)
4(1660 11206 11207 1661)
4(1551 1662 11208 11097)
4(1661 11207 11208 1662)
4(1552 1663 11209 11098)
4(1662 11208 11209 1663)
4(1663 11209 11210 1664)
4(1555 1666 11212 11101)
4(1665 11211 11212 1666)
4(1556 1667 11213 11102)
4(1666 11212 11213 1667)
4(1557 1668 11214 11103)
4(1667 11213 11214 1668)
4(1558 1669 11215 11104)
4(1668 11214 11215 1669)
4(1559 1670 11216 11105)
4(1669 11215 11216 1670)
4(1560 1671 11217 11106)
4(1670 11216 11217 1671)
4(1561 1672 11218 11107)
4(1671 11217 11218 1672)
4(1562 1673 11219 11108)
4(1672 11218 11219 1673)
4(1563 1674 11220 11109)
4(1673 11219 11220 1674)
4(1564 1675 11221 11110)
4(1674 11220 11221 1675)
4(1565 1676 11222 11111)
4(1675 11221 11222 1676)
4(1566 1677 11223 11112)
4(1676 11222 11223 1677)
4(1567 1678 11224 11113)
4(1677 11223 11224 1678)
4(1568 1679 11225 11114)
4(1678 11224 11225 1679)
4(1569 1680 11226 11115)
4(1679 11225 11226 1680)
4(1570 1681 11227 11116)
4(1680 11226 11227 1681)
4(1571 1682 11228 11117)
4(1681 11227 11228 1682)
4(1572 1683 11229 11118)
4(1682 11228 11229 1683)
4(1573 1684 11230 11119)
4(1683 11229 11230 1684)
4(1574 1685 11231 11120)
4(1684 11230 11231 1685)
4(1575 1686 11232 11121)
4(1685 11231 11232 1686)
4(1576 1687 11233 11122)
4(1686 11232 11233 1687)
4(1577 1688 11234 11123)
4(1687 11233 11234 1688)
4(1578 1689 11235 11124)
4(1688 11234 11235 1689)
4(1579 1690 11236 11125)
4(1689 11235 11236 1690)
4(1580 1691 11237 11126)
4(1690 11236 11237 1691)
4(1581 1692 11238 11127)
4(1691 11237 11238 1692)
4(1582 1693 11239 11128)
4(1692 11238 11239 1693)
4(1583 1694 11240 11129)
4(1693 11239 11240 1694)
4(1584 1695 11241 11130)
4(1694 11240 11241 1695)
4(1585 1696 11242 11131)
4(1695 11241 11242 1696)
4(1586 1697 11243 11132)
4(1696 11242 11243 1697)
4(1587 1698 11244 11133)
4(1697 11243 11244 1698)
4(1588 1699 11245 11134)
4(1698 11244 11245 1699)
4(1589 1700 11246 11135)
4(1699 11245 11246 1700)
4(1590 1701 11247 11136)
4(1700 11246 11247 1701)
4(1591 1702 11248 11137)
4(1701 11247 11248 1702)
4(1592 1703 11249 11138)
4(1702 11248 11249 1703)
4(1593 1704 11250 11139)
4(1703 11249 11250 1704)
4(1594 1705 11251 11140)
4(1704 11250 11251 1705)
4(1595 1706 11252 11141)
4(1705 11251 11252 1706)
4(1596 1707 11253 11142)
4(1706 11252 11253 1707)
4(1597 1708 11254 11143)
4(1707 11253 11254 1708)
4(1598 1709 11255 11144)
4(1708 11254 11255 1709)
4(1599 1710 11256 11145)
4(1709 11255 11256 1710)
4(1600 1711 11257 11146)
4(1710 11256 11257 1711)
4(1601 1712 11258 11147)
4(1711 11257 11258 1712)
4(1602 1713 11259 11148)
4(1712 11258 11259 1713)
4(1603 1714 11260 11149)
4(1713 11259 11260 1714)
4(1604 1715 11261 11150)
4(1714 11260 11261 1715)
4(1605 1716 11262 11151)
4(1715 11261 11262 1716)
4(1606 1717 11263 11152)
4(1716 11262 11263 1717)
4(1607 1718 11264 11153)
4(1717 11263 11264 1718)
4(1608 1719 11265 11154)
4(1718 11264 11265 1719)
4(1609 1720 11266 11155)
4(1719 11265 11266 1720)
4(1610 1721 11267 11156)
4(1720 11266 11267 1721)
4(1611 1722 11268 11157)
4(1721 11267 11268 1722)
4(1612 1723 11269 11158)
4(1722 11268 11269 1723)
4(1613 1724 11270 11159)
4(1723 11269 11270 1724)
4(1614 1725 11271 11160)
4(1724 11270 11271 1725)
4(1615 1726 11272 11161)
4(1725 11271 11272 1726)
4(1616 1727 11273 11162)
4(1726 11272 11273 1727)
4(1617 1728 11274 11163)
4(1727 11273 11274 1728)
4(1618 1729 11275 11164)
4(1728 11274 11275 1729)
4(1619 1730 11276 11165)
4(1729 11275 11276 1730)
4(1620 1731 11277 11166)
4(1730 11276 11277 1731)
4(1621 1732 11278 11167)
4(1731 11277 11278 1732)
4(1622 1733 11279 11168)
4(1732 11278 11279 1733)
4(1623 1734 11280 11169)
4(1733 11279 11280 1734)
4(1624 1735 11281 11170)
4(1734 11280 11281 1735)
4(1625 1736 11282 11171)
4(1735 11281 11282 1736)
4(1626 1737 11283 11172)
4(1736 11282 11283 1737)
4(1627 1738 11284 11173)
4(1737 11283 11284 1738)
4(1628 1739 11285 11174)
4(1738 11284 11285 1739)
4(1629 1740 11286 11175)
4(1739 11285 11286 1740)
4(1630 1741 11287 11176)
4(1740 11286 11287 1741)
4(1631 1742 11288 11177)
4(1741 11287 11288 1742)
4(1632 1743 11289 11178)
4(1742 11288 11289 1743)
4(1633 1744 11290 11179)
4(1743 11289 11290 1744)
4(1634 1745 11291 11180)
4(1744 11290 11291 1745)
4(1635 1746 11292 11181)
4(1745 11291 11292 1746)
4(1636 1747 11293 11182)
4(1746 11292 11293 1747)
4(1637 1748 11294 11183)
4(1747 11293 11294 1748)
4(1638 1749 11295 11184)
4(1748 11294 11295 1749)
4(1639 1750 11296 11185)
4(1749 11295 11296 1750)
4(1640 1751 11297 11186)
4(1750 11296 11297 1751)
4(1641 1752 11298 11187)
4(1751 11297 11298 1752)
4(1642 1753 11299 11188)
4(1752 11298 11299 1753)
4(1643 1754 11300 11189)
4(1753 11299 11300 1754)
4(1644 1755 11301 11190)
4(1754 11300 11301 1755)
4(1645 1756 11302 11191)
4(1755 11301 11302 1756)
4(1646 1757 11303 11192)
4(1756 11302 11303 1757)
4(1647 1758 11304 11193)
4(1757 11303 11304 1758)
4(1648 1759 11305 11194)
4(1758 11304 11305 1759)
4(1649 1760 11306 11195)
4(1759 11305 11306 1760)
4(1650 1761 11307 11196)
4(1760 11306 11307 1761)
4(1651 1762 11308 11197)
4(1761 11307 11308 1762)
4(1652 1763 11309 11198)
4(1762 11308 11309 1763)
4(1653 1764 11310 11199)
4(1763 11309 11310 1764)
4(1654 1765 11311 11200)
4(1764 11310 11311 1765)
4(1655 1766 11312 11201)
4(1765 11311 11312 1766)
4(1656 1767 11313 11202)
4(1766 11312 11313 1767)
4(1657 1768 11314 11203)
4(1767 11313 11314 1768)
4(1658 1769 11315 11204)
4(1768 11314 11315 1769)
4(1659 1770 11316 11205)
4(1769 11315 11316 1770)
4(1660 1771 11317 11206)
4(1770 11316 11317 1771)
4(1661 1772 11318 11207)
4(1771 11317 11318 1772)
4(1662 1773 11319 11208)
4(1772 11318 11319 1773)
4(1663 1774 11320 11209)
4(1773 11319 11320 1774)
4(1774 11320 11321 1775)
4(1666 1777 11323 11212)
4(1776 11322 11323 1777)
4(1667 1778 11324 11213)
4(1777 11323 11324 1778)
4(1668 1779 11325 11214)
4(1778 11324 11325 1779)
4(1669 1780 11326 11215)
4(1779 11325 11326 1780)
4(1670 1781 11327 11216)
4(1780 11326 11327 1781)
4(1671 1782 11328 11217)
4(1781 11327 11328 1782)
4(1672 1783 11329 11218)
4(1782 11328 11329 1783)
4(1673 1784 11330 11219)
4(1783 11329 11330 1784)
4(1674 1785 11331 11220)
4(1784 11330 11331 1785)
4(1675 1786 11332 11221)
4(1785 11331 11332 1786)
4(1676 1787 11333 11222)
4(1786 11332 11333 1787)
4(1677 1788 11334 11223)
4(1787 11333 11334 1788)
4(1678 1789 11335 11224)
4(1788 11334 11335 1789)
4(1679 1790 11336 11225)
4(1789 11335 11336 1790)
4(1680 1791 11337 11226)
4(1790 11336 11337 1791)
4(1681 1792 11338 11227)
4(1791 11337 11338 1792)
4(1682 1793 11339 11228)
4(1792 11338 11339 1793)
4(1683 1794 11340 11229)
4(1793 11339 11340 1794)
4(1684 1795 11341 11230)
4(1794 11340 11341 1795)
4(1685 1796 11342 11231)
4(1795 11341 11342 1796)
4(1686 1797 11343 11232)
4(1796 11342 11343 1797)
4(1687 1798 11344 11233)
4(1797 11343 11344 1798)
4(1688 1799 11345 11234)
4(1798 11344 11345 1799)
4(1689 1800 11346 11235)
4(1799 11345 11346 1800)
4(1690 1801 11347 11236)
4(1800 11346 11347 1801)
4(1691 1802 11348 11237)
4(1801 11347 11348 1802)
4(1692 1803 11349 11238)
4(1802 11348 11349 1803)
4(1693 1804 11350 11239)
4(1803 11349 11350 1804)
4(1694 1805 11351 11240)
4(1804 11350 11351 1805)
4(1695 1806 11352 11241)
4(1805 11351 11352 1806)
4(1696 1807 11353 11242)
4(1806 11352 11353 1807)
4(1697 1808 11354 11243)
4(1807 11353 11354 1808)
4(1698 1809 11355 11244)
4(1808 11354 11355 1809)
4(1699 1810 11356 11245)
4(1809 11355 11356 1810)
4(1700 1811 11357 11246)
4(1810 11356 11357 1811)
4(1701 1812 11358 11247)
4(1811 11357 11358 1812)
4(1702 1813 11359 11248)
4(1812 11358 11359 1813)
4(1703 1814 11360 11249)
4(1813 11359 11360 1814)
4(1704 1815 11361 11250)
4(1814 11360 11361 1815)
4(1705 1816 11362 11251)
4(1815 11361 11362 1816)
4(1706 1817 11363 11252)
4(1816 11362 11363 1817)
4(1707 1818 11364 11253)
4(1817 11363 11364 1818)
4(1708 1819 11365 11254)
4(1818 11364 11365 1819)
4(1709 1820 11366 11255)
4(1819 11365 11366 1820)
4(1710 1821 11367 11256)
4(1820 11366 11367 1821)
4(1711 1822 11368 11257)
4(1821 11367 11368 1822)
4(1712 1823 11369 11258)
4(1822 11368 11369 1823)
4(1713 1824 11370 11259)
4(1823 11369 11370 1824)
4(1714 1825 11371 11260)
4(1824 11370 11371 1825)
4(1715 1826 11372 11261)
4(1825 11371 11372 1826)
4(1716 1827 11373 11262)
4(1826 11372 11373 1827)
4(1717 1828 11374 11263)
4(1827 11373 11374 1828)
4(1718 1829 11375 11264)
4(1828 11374 11375 1829)
4(1719 1830 11376 11265)
4(1829 11375 11376 1830)
4(1720 1831 11377 11266)
4(1830 11376 11377 1831)
4(1721 1832 11378 11267)
4(1831 11377 11378 1832)
4(1722 1833 11379 11268)
4(1832 11378 11379 1833)
4(1723 1834 11380 11269)
4(1833 11379 11380 1834)
4(1724 1835 11381 11270)
4(1834 11380 11381 1835)
4(1725 1836 11382 11271)
4(1835 11381 11382 1836)
4(1726 1837 11383 11272)
4(1836 11382 11383 1837)
4(1727 1838 11384 11273)
4(1837 11383 11384 1838)
4(1728 1839 11385 11274)
4(1838 11384 11385 1839)
4(1729 1840 11386 11275)
4(1839 11385 11386 1840)
4(1730 1841 11387 11276)
4(1840 11386 11387 1841)
4(1731 1842 11388 11277)
4(1841 11387 11388 1842)
4(1732 1843 11389 11278)
4(1842 11388 11389 1843)
4(1733 1844 11390 11279)
4(1843 11389 11390 1844)
4(1734 1845 11391 11280)
4(1844 11390 11391 1845)
4(1735 1846 11392 11281)
4(1845 11391 11392 1846)
4(1736 1847 11393 11282)
4(1846 11392 11393 1847)
4(1737 1848 11394 11283)
4(1847 11393 11394 1848)
4(1738 1849 11395 11284)
4(1848 11394 11395 1849)
4(1739 1850 11396 11285)
4(1849 11395 11396 1850)
4(1740 1851 11397 11286)
4(1850 11396 11397 1851)
4(1741 1852 11398 11287)
4(1851 11397 11398 1852)
4(1742 1853 11399 11288)
4(1852 11398 11399 1853)
4(1743 1854 11400 11289)
4(1853 11399 11400 1854)
4(1744 1855 11401 11290)
4(1854 11400 11401 1855)
4(1745 1856 11402 11291)
4(1855 11401 11402 1856)
4(1746 1857 11403 11292)
4(1856 11402 11403 1857)
4(1747 1858 11404 11293)
4(1857 11403 11404 1858)
4(1748 1859 11405 11294)
4(1858 11404 11405 1859)
4(1749 1860 11406 11295)
4(1859 11405 11406 1860)
4(1750 1861 11407 11296)
4(1860 11406 11407 1861)
4(1751 1862 11408 11297)
4(1861 11407 11408 1862)
4(1752 1863 11409 11298)
4(1862 11408 11409 1863)
4(1753 1864 11410 11299)
4(1863 11409 11410 1864)
4(1754 1865 11411 11300)
4(1864 11410 11411 1865)
4(1755 1866 11412 11301)
4(1865 11411 11412 1866)
4(1756 1867 11413 11302)
4(1866 11412 11413 1867)
4(1757 1868 11414 11303)
4(1867 11413 11414 1868)
4(1758 1869 11415 11304)
4(1868 11414 11415 1869)
4(1759 1870 11416 11305)
4(1869 11415 11416 1870)
4(1760 1871 11417 11306)
4(1870 11416 11417 1871)
4(1761 1872 11418 11307)
4(1871 11417 11418 1872)
4(1762 1873 11419 11308)
4(1872 11418 11419 1873)
4(1763 1874 11420 11309)
4(1873 11419 11420 1874)
4(1764 1875 11421 11310)
4(1874 11420 11421 1875)
4(1765 1876 11422 11311)
4(1875 11421 11422 1876)
4(1766 1877 11423 11312)
4(1876 11422 11423 1877)
4(1767 1878 11424 11313)
4(1877 11423 11424 1878)
4(1768 1879 11425 11314)
4(1878 11424 11425 1879)
4(1769 1880 11426 11315)
4(1879 11425 11426 1880)
4(1770 1881 11427 11316)
4(1880 11426 11427 1881)
4(1771 1882 11428 11317)
4(1881 11427 11428 1882)
4(1772 1883 11429 11318)
4(1882 11428 11429 1883)
4(1773 1884 11430 11319)
4(1883 11429 11430 1884)
4(1774 1885 11431 11320)
4(1884 11430 11431 1885)
4(1885 11431 11432 1886)
4(1777 1888 11434 11323)
4(1887 11433 11434 1888)
4(1778 1889 11435 11324)
4(1888 11434 11435 1889)
4(1779 1890 11436 11325)
4(1889 11435 11436 1890)
4(1780 1891 11437 11326)
4(1890 11436 11437 1891)
4(1781 1892 11438 11327)
4(1891 11437 11438 1892)
4(1782 1893 11439 11328)
4(1892 11438 11439 1893)
4(1783 1894 11440 11329)
4(1893 11439 11440 1894)
4(1784 1895 11441 11330)
4(1894 11440 11441 1895)
4(1785 1896 11442 11331)
4(1895 11441 11442 1896)
4(1786 1897 11443 11332)
4(1896 11442 11443 1897)
4(1787 1898 11444 11333)
4(1897 11443 11444 1898)
4(1788 1899 11445 11334)
4(1898 11444 11445 1899)
4(1789 1900 11446 11335)
4(1899 11445 11446 1900)
4(1790 1901 11447 11336)
4(1900 11446 11447 1901)
4(1791 1902 11448 11337)
4(1901 11447 11448 1902)
4(1792 1903 11449 11338)
4(1902 11448 11449 1903)
4(1793 1904 11450 11339)
4(1903 11449 11450 1904)
4(1794 1905 11451 11340)
4(1904 11450 11451 1905)
4(1795 1906 11452 11341)
4(1905 11451 11452 1906)
4(1796 1907 11453 11342)
4(1906 11452 11453 1907)
4(1797 1908 11454 11343)
4(1907 11453 11454 1908)
4(1798 1909 11455 11344)
4(1908 11454 11455 1909)
4(1799 1910 11456 11345)
4(1909 11455 11456 1910)
4(1800 1911 11457 11346)
4(1910 11456 11457 1911)
4(1801 1912 11458 11347)
4(1911 11457 11458 1912)
4(1802 1913 11459 11348)
4(1912 11458 11459 1913)
4(1803 1914 11460 11349)
4(1913 11459 11460 1914)
4(1804 1915 11461 11350)
4(1914 11460 11461 1915)
4(1805 1916 11462 11351)
4(1915 11461 11462 1916)
4(1806 1917 11463 11352)
4(1916 11462 11463 1917)
4(1807 1918 11464 11353)
4(1917 11463 11464 1918)
4(1808 1919 11465 11354)
4(1918 11464 11465 1919)
4(1809 1920 11466 11355)
4(1919 11465 11466 1920)
4(1810 1921 11467 11356)
4(1920 11466 11467 1921)
4(1811 1922 11468 11357)
4(1921 11467 11468 1922)
4(1812 1923 11469 11358)
4(1922 11468 11469 1923)
4(1813 1924 11470 11359)
4(1923 11469 11470 1924)
4(1814 1925 11471 11360)
4(1924 11470 11471 1925)
4(1815 1926 11472 11361)
4(1925 11471 11472 1926)
4(1816 1927 11473 11362)
4(1926 11472 11473 1927)
4(1817 1928 11474 11363)
4(1927 11473 11474 1928)
4(1818 1929 11475 11364)
4(1928 11474 11475 1929)
4(1819 1930 11476 11365)
4(1929 11475 11476 1930)
4(1820 1931 11477 11366)
4(1930 11476 11477 1931)
4(1821 1932 11478 11367)
4(1931 11477 11478 1932)
4(1822 1933 11479 11368)
4(1932 11478 11479 1933)
4(1823 1934 11480 11369)
4(1933 11479 11480 1934)
4(1824 1935 11481 11370)
4(1934 11480 11481 1935)
4(1825 1936 11482 11371)
4(1935 11481 11482 1936)
4(1826 1937 11483 11372)
4(1936 11482 11483 1937)
4(1827 1938 11484 11373)
4(1937 11483 11484 1938)
4(1828 1939 11485 11374)
4(1938 11484 11485 1939)
4(1829 1940 11486 11375)
4(1939 11485 11486 1940)
4(1830 1941 11487 11376)
4(1940 11486 11487 1941)
4(1831 1942 11488 11377)
4(1941 11487 11488 1942)
4(1832 1943 11489 11378)
4(1942 11488 11489 1943)
4(1833 1944 11490 11379)
4(1943 11489 11490 1944)
4(1834 1945 11491 11380)
4(1944 11490 11491 1945)
4(1835 1946 11492 11381)
4(1945 11491 11492 1946)
4(1836 1947 11493 11382)
4(1946 11492 11493 1947)
4(1837 1948 11494 11383)
4(1947 11493 11494 1948)
4(1838 1949 11495 11384)
4(1948 11494 11495 1949)
4(1839 1950 11496 11385)
4(1949 11495 11496 1950)
4(1840 1951 11497 11386)
4(1950 11496 11497 1951)
4(1841 1952 11498 11387)
4(1951 11497 11498 1952)
4(1842 1953 11499 11388)
4(1952 11498 11499 1953)
4(1843 1954 11500 11389)
4(1953 11499 11500 1954)
4(1844 1955 11501 11390)
4(1954 11500 11501 1955)
4(1845 1956 11502 11391)
4(1955 11501 11502 1956)
4(1846 1957 11503 11392)
4(1956 11502 11503 1957)
4(1847 1958 11504 11393)
4(1957 11503 11504 1958)
4(1848 1959 11505 11394)
4(1958 11504 11505 1959)
4(1849 1960 11506 11395)
4(1959 11505 11506 1960)
4(1850 1961 11507 11396)
4(1960 11506 11507 1961)
4(1851 1962 11508 11397)
4(1961 11507 11508 1962)
4(1852 1963 11509 11398)
4(1962 11508 11509 1963)
4(1853 1964 11510 11399)
4(1963 11509 11510 1964)
4(1854 1965 11511 11400)
4(1964 11510 11511 1965)
4(1855 1966 11512 11401)
4(1965 11511 11512 1966)
4(1856 1967 11513 11402)
4(1966 11512 11513 1967)
4(1857 1968 11514 11403)
4(1967 11513 11514 1968)
4(1858 1969 11515 11404)
4(1968 11514 11515 1969)
4(1859 1970 11516 11405)
4(1969 11515 11516 1970)
4(1860 1971 11517 11406)
4(1970 11516 11517 1971)
4(1861 1972 11518 11407)
4(1971 11517 11518 1972)
4(1862 1973 11519 11408)
4(1972 11518 11519 1973)
4(1863 1974 11520 11409)
4(1973 11519 11520 1974)
4(1864 1975 11521 11410)
4(1974 11520 11521 1975)
4(1865 1976 11522 11411)
4(1975 11521 11522 1976)
4(1866 1977 11523 11412)
4(1976 11522 11523 1977)
4(1867 1978 11524 11413)
4(1977 11523 11524 1978)
4(1868 1979 11525 11414)
4(1978 11524 11525 1979)
4(1869 1980 11526 11415)
4(1979 11525 11526 1980)
4(1870 1981 11527 11416)
4(1980 11526 11527 1981)
4(1871 1982 11528 11417)
4(1981 11527 11528 1982)
4(1872 1983 11529 11418)
4(1982 11528 11529 1983)
4(1873 1984 11530 11419)
4(1983 11529 11530 1984)
4(1874 1985 11531 11420)
4(1984 11530 11531 1985)
4(1875 1986 11532 11421)
4(1985 11531 11532 1986)
4(1876 1987 11533 11422)
4(1986 11532 11533 1987)
4(1877 1988 11534 11423)
4(1987 11533 11534 1988)
4(1878 1989 11535 11424)
4(1988 11534 11535 1989)
4(1879 1990 11536 11425)
4(1989 11535 11536 1990)
4(1880 1991 11537 11426)
4(1990 11536 11537 1991)
4(1881 1992 11538 11427)
4(1991 11537 11538 1992)
4(1882 1993 11539 11428)
4(1992 11538 11539 1993)
4(1883 1994 11540 11429)
4(1993 11539 11540 1994)
4(1884 1995 11541 11430)
4(1994 11540 11541 1995)
4(1885 1996 11542 11431)
4(1995 11541 11542 1996)
4(1996 11542 11543 1997)
4(1888 1999 11545 11434)
4(1998 11544 11545 1999)
4(1889 2000 11546 11435)
4(1999 11545 11546 2000)
4(1890 2001 11547 11436)
4(2000 11546 11547 2001)
4(1891 2002 11548 11437)
4(2001 11547 11548 2002)
4(1892 2003 11549 11438)
4(2002 11548 11549 2003)
4(1893 2004 11550 11439)
4(2003 11549 11550 2004)
4(1894 2005 11551 11440)
4(2004 11550 11551 2005)
4(1895 2006 11552 11441)
4(2005 11551 11552 2006)
4(1896 2007 11553 11442)
4(2006 11552 11553 2007)
4(1897 2008 11554 11443)
4(2007 11553 11554 2008)
4(1898 2009 11555 11444)
4(2008 11554 11555 2009)
4(1899 2010 11556 11445)
4(2009 11555 11556 2010)
4(1900 2011 11557 11446)
4(2010 11556 11557 2011)
4(1901 2012 11558 11447)
4(2011 11557 11558 2012)
4(1902 2013 11559 11448)
4(2012 11558 11559 2013)
4(1903 2014 11560 11449)
4(2013 11559 11560 2014)
4(1904 2015 11561 11450)
4(2014 11560 11561 2015)
4(1905 2016 11562 11451)
4(2015 11561 11562 2016)
4(1906 2017 11563 11452)
4(2016 11562 11563 2017)
4(1907 2018 11564 11453)
4(2017 11563 11564 2018)
4(1908 2019 11565 11454)
4(2018 11564 11565 2019)
4(1909 2020 11566 11455)
4(2019 11565 11566 2020)
4(1910 2021 11567 11456)
4(2020 11566 11567 2021)
4(1911 2022 11568 11457)
4(2021 11567 11568 2022)
4(1912 2023 11569 11458)
4(2022 11568 11569 2023)
4(1913 2024 11570 11459)
4(2023 11569 11570 2024)
4(1914 2025 11571 11460)
4(2024 11570 11571 2025)
4(1915 2026 11572 11461)
4(2025 11571 11572 2026)
4(1916 2027 11573 11462)
4(2026 11572 11573 2027)
4(1917 2028 11574 11463)
4(2027 11573 11574 2028)
4(1918 2029 11575 11464)
4(2028 11574 11575 2029)
4(1919 2030 11576 11465)
4(2029 11575 11576 2030)
4(1920 2031 11577 11466)
4(2030 11576 11577 2031)
4(1921 2032 11578 11467)
4(2031 11577 11578 2032)
4(1922 2033 11579 11468)
4(2032 11578 11579 2033)
4(1923 2034 11580 11469)
4(2033 11579 11580 2034)
4(1924 2035 11581 11470)
4(2034 11580 11581 2035)
4(1925 2036 11582 11471)
4(2035 11581 11582 2036)
4(1926 2037 11583 11472)
4(2036 11582 11583 2037)
4(1927 2038 11584 11473)
4(2037 11583 11584 2038)
4(1928 2039 11585 11474)
4(2038 11584 11585 2039)
4(1929 2040 11586 11475)
4(2039 11585 11586 2040)
4(1930 2041 11587 11476)
4(2040 11586 11587 2041)
4(1931 2042 11588 11477)
4(2041 11587 11588 2042)
4(1932 2043 11589 11478)
4(2042 11588 11589 2043)
4(1933 2044 11590 11479)
4(2043 11589 11590 2044)
4(1934 2045 11591 11480)
4(2044 11590 11591 2045)
4(1935 2046 11592 11481)
4(2045 11591 11592 2046)
4(1936 2047 11593 11482)
4(2046 11592 11593 2047)
4(1937 2048 11594 11483)
4(2047 11593 11594 2048)
4(1938 2049 11595 11484)
4(2048 11594 11595 2049)
4(1939 2050 11596 11485)
4(2049 11595 11596 2050)
4(1940 2051 11597 11486)
4(2050 11596 11597 2051)
4(1941 2052 11598 11487)
4(2051 11597 11598 2052)
4(1942 2053 11599 11488)
4(2052 11598 11599 2053)
4(1943 2054 11600 11489)
4(2053 11599 11600 2054)
4(1944 2055 11601 11490)
4(2054 11600 11601 2055)
4(1945 2056 11602 11491)
4(2055 11601 11602 2056)
4(1946 2057 11603 11492)
4(2056 11602 11603 2057)
4(1947 2058 11604 11493)
4(2057 11603 11604 2058)
4(1948 2059 11605 11494)
4(2058 11604 11605 2059)
4(1949 2060 11606 11495)
4(2059 11605 11606 2060)
4(1950 2061 11607 11496)
4(2060 11606 11607 2061)
4(1951 2062 11608 11497)
4(2061 11607 11608 2062)
4(1952 2063 11609 11498)
4(2062 11608 11609 2063)
4(1953 2064 11610 11499)
4(2063 11609 11610 2064)
4(1954 2065 11611 11500)
4(2064 11610 11611 2065)
4(1955 2066 11612 11501)
4(2065 11611 11612 2066)
4(1956 2067 11613 11502)
4(2066 11612 11613 2067)
4(1957 2068 11614 11503)
4(2067 11613 11614 2068)
4(1958 2069 11615 11504)
4(2068 11614 11615 2069)
4(1959 2070 11616 11505)
4(2069 11615 11616 2070)
4(1960 2071 11617 11506)
4(2070 11616 11617 2071)
4(1961 2072 11618 11507)
4(2071 11617 11618 2072)
4(1962 2073 11619 11508)
4(2072 11618 11619 2073)
4(1963 2074 11620 11509)
4(2073 11619 11620 2074)
4(1964 2075 11621 11510)
4(2074 11620 11621 2075)
4(1965 2076 11622 11511)
4(2075 11621 11622 2076)
4(1966 2077 11623 11512)
4(2076 11622 11623 2077)
4(1967 2078 11624 11513)
4(2077 11623 11624 2078)
4(1968 2079 11625 11514)
4(2078 11624 11625 2079)
4(1969 2080 11626 11515)
4(2079 11625 11626 2080)
4(1970 2081 11627 11516)
4(2080 11626 11627 2081)
4(1971 2082 11628 11517)
4(2081 11627 11628 2082)
4(1972 2083 11629 11518)
4(2082 11628 11629 2083)
4(1973 2084 11630 11519)
4(2083 11629 11630 2084)
4(1974 2085 11631 11520)
4(2084 11630 11631 2085)
4(1975 2086 11632 11521)
4(2085 11631 11632 2086)
4(1976 2087 11633 11522)
4(2086 11632 11633 2087)
4(1977 2088 11634 11523)
4(2087 11633 11634 2088)
4(1978 2089 11635 11524)
4(2088 11634 11635 2089)
4(1979 2090 11636 11525)
4(2089 11635 11636 2090)
4(1980 2091 11637 11526)
4(2090 11636 11637 2091)
4(1981 2092 11638 11527)
4(2091 11637 11638 2092)
4(1982 2093 11639 11528)
4(2092 11638 11639 2093)
4(1983 2094 11640 11529)
4(2093 11639 11640 2094)
4(1984 2095 11641 11530)
4(2094 11640 11641 2095)
4(1985 2096 11642 11531)
4(2095 11641 11642 2096)
4(1986 2097 11643 11532)
4(2096 11642 11643 2097)
4(1987 2098 11644 11533)
4(2097 11643 11644 2098)
4(1988 2099 11645 11534)
4(2098 11644 11645 2099)
4(1989 2100 11646 11535)
4(2099 11645 11646 2100)
4(1990 2101 11647 11536)
4(2100 11646 11647 2101)
4(1991 2102 11648 11537)
4(2101 11647 11648 2102)
4(1992 2103 11649 11538)
4(2102 11648 11649 2103)
4(1993 2104 11650 11539)
4(2103 11649 11650 2104)
4(1994 2105 11651 11540)
4(2104 11650 11651 2105)
4(1995 2106 11652 11541)
4(2105 11651 11652 2106)
4(1996 2107 11653 11542)
4(2106 11652 11653 2107)
4(2107 11653 11654 2108)
4(1999 2110 11656 11545)
4(2109 11655 11656 2110)
4(2000 2111 11657 11546)
4(2110 11656 11657 2111)
4(2001 2112 11658 11547)
4(2111 11657 11658 2112)
4(2002 2113 11659 11548)
4(2112 11658 11659 2113)
4(2003 2114 11660 11549)
4(2113 11659 11660 2114)
4(2004 2115 11661 11550)
4(2114 11660 11661 2115)
4(2005 2116 11662 11551)
4(2115 11661 11662 2116)
4(2006 2117 11663 11552)
4(2116 11662 11663 2117)
4(2007 2118 11664 11553)
4(2117 11663 11664 2118)
4(2008 2119 11665 11554)
4(2118 11664 11665 2119)
4(2009 2120 11666 11555)
4(2119 11665 11666 2120)
4(2010 2121 11667 11556)
4(2120 11666 11667 2121)
4(2011 2122 11668 11557)
4(2121 11667 11668 2122)
4(2012 2123 11669 11558)
4(2122 11668 11669 2123)
4(2013 2124 11670 11559)
4(2123 11669 11670 2124)
4(2014 2125 11671 11560)
4(2124 11670 11671 2125)
4(2015 2126 11672 11561)
4(2125 11671 11672 2126)
4(2016 2127 11673 11562)
4(2126 11672 11673 2127)
4(2017 2128 11674 11563)
4(2127 11673 11674 2128)
4(2018 2129 11675 11564)
4(2128 11674 11675 2129)
4(2019 2130 11676 11565)
4(2129 11675 11676 2130)
4(2020 2131 11677 11566)
4(2130 11676 11677 2131)
4(2021 2132 11678 11567)
4(2131 11677 11678 2132)
4(2022 2133 11679 11568)
4(2132 11678 11679 2133)
4(2023 2134 11680 11569)
4(2133 11679 11680 2134)
4(2024 2135 11681 11570)
4(2134 11680 11681 2135)
4(2025 2136 11682 11571)
4(2135 11681 11682 2136)
4(2026 2137 11683 11572)
4(2136 11682 11683 2137)
4(2027 2138 11684 11573)
4(2137 11683 11684 2138)
4(2028 2139 11685 11574)
4(2138 11684 11685 2139)
4(2029 2140 11686 11575)
4(2139 11685 11686 2140)
4(2030 2141 11687 11576)
4(2140 11686 11687 2141)
4(2031 2142 11688 11577)
4(2141 11687 11688 2142)
4(2032 2143 11689 11578)
4(2142 11688 11689 2143)
4(2033 2144 11690 11579)
4(2143 11689 11690 2144)
4(2034 2145 11691 11580)
4(2144 11690 11691 2145)
4(2035 2146 11692 11581)
4(2145 11691 11692 2146)
4(2036 2147 11693 11582)
4(2146 11692 11693 2147)
4(2037 2148 11694 11583)
4(2147 11693 11694 2148)
4(2038 2149 11695 11584)
4(2148 11694 11695 2149)
4(2039 2150 11696 11585)
4(2149 11695 11696 2150)
4(2040 2151 11697 11586)
4(2150 11696 11697 2151)
4(2041 2152 11698 11587)
4(2151 11697 11698 2152)
4(2042 2153 11699 11588)
4(2152 11698 11699 2153)
4(2043 2154 11700 11589)
4(2153 11699 11700 2154)
4(2044 2155 11701 11590)
4(2154 11700 11701 2155)
4(2045 2156 11702 11591)
4(2155 11701 11702 2156)
4(2046 2157 11703 11592)
4(2156 11702 11703 2157)
4(2047 2158 11704 11593)
4(2157 11703 11704 2158)
4(2048 2159 11705 11594)
4(2158 11704 11705 2159)
4(2049 2160 11706 11595)
4(2159 11705 11706 2160)
4(2050 2161 11707 11596)
4(2160 11706 11707 2161)
4(2051 2162 11708 11597)
4(2161 11707 11708 2162)
4(2052 2163 11709 11598)
4(2162 11708 11709 2163)
4(2053 2164 11710 11599)
4(2163 11709 11710 2164)
4(2054 2165 11711 11600)
4(2164 11710 11711 2165)
4(2055 2166 11712 11601)
4(2165 11711 11712 2166)
4(2056 2167 11713 11602)
4(2166 11712 11713 2167)
4(2057 2168 11714 11603)
4(2167 11713 11714 2168)
4(2058 2169 11715 11604)
4(2168 11714 11715 2169)
4(2059 2170 11716 11605)
4(2169 11715 11716 2170)
4(2060 2171 11717 11606)
4(2170 11716 11717 2171)
4(2061 2172 11718 11607)
4(2171 11717 11718 2172)
4(2062 2173 11719 11608)
4(2172 11718 11719 2173)
4(2063 2174 11720 11609)
4(2173 11719 11720 2174)
4(2064 2175 11721 11610)
4(2174 11720 11721 2175)
4(2065 2176 11722 11611)
4(2175 11721 11722 2176)
4(2066 2177 11723 11612)
4(2176 11722 11723 2177)
4(2067 2178 11724 11613)
4(2177 11723 11724 2178)
4(2068 2179 11725 11614)
4(2178 11724 11725 2179)
4(2069 2180 11726 11615)
4(2179 11725 11726 2180)
4(2070 2181 11727 11616)
4(2180 11726 11727 2181)
4(2071 2182 11728 11617)
4(2181 11727 11728 2182)
4(2072 2183 11729 11618)
4(2182 11728 11729 2183)
4(2073 2184 11730 11619)
4(2183 11729 11730 2184)
4(2074 2185 11731 11620)
4(2184 11730 11731 2185)
4(2075 2186 11732 11621)
4(2185 11731 11732 2186)
4(2076 2187 11733 11622)
4(2186 11732 11733 2187)
4(2077 2188 11734 11623)
4(2187 11733 11734 2188)
4(2078 2189 11735 11624)
4(2188 11734 11735 2189)
4(2079 2190 11736 11625)
4(2189 11735 11736 2190)
4(2080 2191 11737 11626)
4(2190 11736 11737 2191)
4(2081 2192 11738 11627)
4(2191 11737 11738 2192)
4(2082 2193 11739 11628)
4(2192 11738 11739 2193)
4(2083 2194 11740 11629)
4(2193 11739 11740 2194)
4(2084 2195 11741 11630)
4(2194 11740 11741 2195)
4(2085 2196 11742 11631)
4(2195 11741 11742 2196)
4(2086 2197 11743 11632)
4(2196 11742 11743 2197)
4(2087 2198 11744 11633)
4(2197 11743 11744 2198)
4(2088 2199 11745 11634)
4(2198 11744 11745 2199)
4(2089 2200 11746 11635)
4(2199 11745 11746 2200)
4(2090 2201 11747 11636)
4(2200 11746 11747 2201)
4(2091 2202 11748 11637)
4(2201 11747 11748 2202)
4(2092 2203 11749 11638)
4(2202 11748 11749 2203)
4(2093 2204 11750 11639)
4(2203 11749 11750 2204)
4(2094 2205 11751 11640)
4(2204 11750 11751 2205)
4(2095 2206 11752 11641)
4(2205 11751 11752 2206)
4(2096 2207 11753 11642)
4(2206 11752 11753 2207)
4(2097 2208 11754 11643)
4(2207 11753 11754 2208)
4(2098 2209 11755 11644)
4(2208 11754 11755 2209)
4(2099 2210 11756 11645)
4(2209 11755 11756 2210)
4(2100 2211 11757 11646)
4(2210 11756 11757 2211)
4(2101 2212 11758 11647)
4(2211 11757 11758 2212)
4(2102 2213 11759 11648)
4(2212 11758 11759 2213)
4(2103 2214 11760 11649)
4(2213 11759 11760 2214)
4(2104 2215 11761 11650)
4(2214 11760 11761 2215)
4(2105 2216 11762 11651)
4(2215 11761 11762 2216)
4(2106 2217 11763 11652)
4(2216 11762 11763 2217)
4(2107 2218 11764 11653)
4(2217 11763 11764 2218)
4(2218 11764 11765 2219)
4(2110 2221 11767 11656)
4(2220 11766 11767 2221)
4(2111 2222 11768 11657)
4(2221 11767 11768 2222)
4(2112 2223 11769 11658)
4(2222 11768 11769 2223)
4(2113 2224 11770 11659)
4(2223 11769 11770 2224)
4(2114 2225 11771 11660)
4(2224 11770 11771 2225)
4(2115 2226 11772 11661)
4(2225 11771 11772 2226)
4(2116 2227 11773 11662)
4(2226 11772 11773 2227)
4(2117 2228 11774 11663)
4(2227 11773 11774 2228)
4(2118 2229 11775 11664)
4(2228 11774 11775 2229)
4(2119 2230 11776 11665)
4(2229 11775 11776 2230)
4(2120 2231 11777 11666)
4(2230 11776 11777 2231)
4(2121 2232 11778 11667)
4(2231 11777 11778 2232)
4(2122 2233 11779 11668)
4(2232 11778 11779 2233)
4(2123 2234 11780 11669)
4(2233 11779 11780 2234)
4(2124 2235 11781 11670)
4(2234 11780 11781 2235)
4(2125 2236 11782 11671)
4(2235 11781 11782 2236)
4(2126 2237 11783 11672)
4(2236 11782 11783 2237)
4(2127 2238 11784 11673)
4(2237 11783 11784 2238)
4(2128 2239 11785 11674)
4(2238 11784 11785 2239)
4(2129 2240 11786 11675)
4(2239 11785 11786 2240)
4(2130 2241 11787 11676)
4(2240 11786 11787 2241)
4(2131 2242 11788 11677)
4(2241 11787 11788 2242)
4(2132 2243 11789 11678)
4(2242 11788 11789 2243)
4(2133 2244 11790 11679)
4(2243 11789 11790 2244)
4(2134 2245 11791 11680)
4(2244 11790 11791 2245)
4(2135 2246 11792 11681)
4(2245 11791 11792 2246)
4(2136 2247 11793 11682)
4(2246 11792 11793 2247)
4(2137 2248 11794 11683)
4(2247 11793 11794 2248)
4(2138 2249 11795 11684)
4(2248 11794 11795 2249)
4(2139 2250 11796 11685)
4(2249 11795 11796 2250)
4(2140 2251 11797 11686)
4(2250 11796 11797 2251)
4(2141 2252 11798 11687)
4(2251 11797 11798 2252)
4(2142 2253 11799 11688)
4(2252 11798 11799 2253)
4(2143 2254 11800 11689)
4(2253 11799 11800 2254)
4(2144 2255 11801 11690)
4(2254 11800 11801 2255)
4(2145 2256 11802 11691)
4(2255 11801 11802 2256)
4(2146 2257 11803 11692)
4(2256 11802 11803 2257)
4(2147 2258 11804 11693)
4(2257 11803 11804 2258)
4(2148 2259 11805 11694)
4(2258 11804 11805 2259)
4(2149 2260 11806 11695)
4(2259 11805 11806 2260)
4(2150 2261 11807 11696)
4(2260 11806 11807 2261)
4(2151 2262 11808 11697)
4(2261 11807 11808 2262)
4(2152 2263 11809 11698)
4(2262 11808 11809 2263)
4(2153 2264 11810 11699)
4(2263 11809 11810 2264)
4(2154 2265 11811 11700)
4(2264 11810 11811 2265)
4(2155 2266 11812 11701)
4(2265 11811 11812 2266)
4(2156 2267 11813 11702)
4(2266 11812 11813 2267)
4(2157 2268 11814 11703)
4(2267 11813 11814 2268)
4(2158 2269 11815 11704)
4(2268 11814 11815 2269)
4(2159 2270 11816 11705)
4(2269 11815 11816 2270)
4(2160 2271 11817 11706)
4(2270 11816 11817 2271)
4(2161 2272 11818 11707)
4(2271 11817 11818 2272)
4(2162 2273 11819 11708)
4(2272 11818 11819 2273)
4(2163 2274 11820 11709)
4(2273 11819 11820 2274)
4(2164 2275 11821 11710)
4(2274 11820 11821 2275)
4(2165 2276 11822 11711)
4(2275 11821 11822 2276)
4(2166 2277 11823 11712)
4(2276 11822 11823 2277)
4(2167 2278 11824 11713)
4(2277 11823 11824 2278)
4(2168 2279 11825 11714)
4(2278 11824 11825 2279)
4(2169 2280 11826 11715)
4(2279 11825 11826 2280)
4(2170 2281 11827 11716)
4(2280 11826 11827 2281)
4(2171 2282 11828 11717)
4(2281 11827 11828 2282)
4(2172 2283 11829 11718)
4(2282 11828 11829 2283)
4(2173 2284 11830 11719)
4(2283 11829 11830 2284)
4(2174 2285 11831 11720)
4(2284 11830 11831 2285)
4(2175 2286 11832 11721)
4(2285 11831 11832 2286)
4(2176 2287 11833 11722)
4(2286 11832 11833 2287)
4(2177 2288 11834 11723)
4(2287 11833 11834 2288)
4(2178 2289 11835 11724)
4(2288 11834 11835 2289)
4(2179 2290 11836 11725)
4(2289 11835 11836 2290)
4(2180 2291 11837 11726)
4(2290 11836 11837 2291)
4(2181 2292 11838 11727)
4(2291 11837 11838 2292)
4(2182 2293 11839 11728)
4(2292 11838 11839 2293)
4(2183 2294 11840 11729)
4(2293 11839 11840 2294)
4(2184 2295 11841 11730)
4(2294 11840 11841 2295)
4(2185 2296 11842 11731)
4(2295 11841 11842 2296)
4(2186 2297 11843 11732)
4(2296 11842 11843 2297)
4(2187 2298 11844 11733)
4(2297 11843 11844 2298)
4(2188 2299 11845 11734)
4(2298 11844 11845 2299)
4(2189 2300 11846 11735)
4(2299 11845 11846 2300)
4(2190 2301 11847 11736)
4(2300 11846 11847 2301)
4(2191 2302 11848 11737)
4(2301 11847 11848 2302)
4(2192 2303 11849 11738)
4(2302 11848 11849 2303)
4(2193 2304 11850 11739)
4(2303 11849 11850 2304)
4(2194 2305 11851 11740)
4(2304 11850 11851 2305)
4(2195 2306 11852 11741)
4(2305 11851 11852 2306)
4(2196 2307 11853 11742)
4(2306 11852 11853 2307)
4(2197 2308 11854 11743)
4(2307 11853 11854 2308)
4(2198 2309 11855 11744)
4(2308 11854 11855 2309)
4(2199 2310 11856 11745)
4(2309 11855 11856 2310)
4(2200 2311 11857 11746)
4(2310 11856 11857 2311)
4(2201 2312 11858 11747)
4(2311 11857 11858 2312)
4(2202 2313 11859 11748)
4(2312 11858 11859 2313)
4(2203 2314 11860 11749)
4(2313 11859 11860 2314)
4(2204 2315 11861 11750)
4(2314 11860 11861 2315)
4(2205 2316 11862 11751)
4(2315 11861 11862 2316)
4(2206 2317 11863 11752)
4(2316 11862 11863 2317)
4(2207 2318 11864 11753)
4(2317 11863 11864 2318)
4(2208 2319 11865 11754)
4(2318 11864 11865 2319)
4(2209 2320 11866 11755)
4(2319 11865 11866 2320)
4(2210 2321 11867 11756)
4(2320 11866 11867 2321)
4(2211 2322 11868 11757)
4(2321 11867 11868 2322)
4(2212 2323 11869 11758)
4(2322 11868 11869 2323)
4(2213 2324 11870 11759)
4(2323 11869 11870 2324)
4(2214 2325 11871 11760)
4(2324 11870 11871 2325)
4(2215 2326 11872 11761)
4(2325 11871 11872 2326)
4(2216 2327 11873 11762)
4(2326 11872 11873 2327)
4(2217 2328 11874 11763)
4(2327 11873 11874 2328)
4(2218 2329 11875 11764)
4(2328 11874 11875 2329)
4(2329 11875 11876 2330)
4(2221 2332 11878 11767)
4(2331 11877 11878 2332)
4(2222 2333 11879 11768)
4(2332 11878 11879 2333)
4(2223 2334 11880 11769)
4(2333 11879 11880 2334)
4(2224 2335 11881 11770)
4(2334 11880 11881 2335)
4(2225 2336 11882 11771)
4(2335 11881 11882 2336)
4(2226 2337 11883 11772)
4(2336 11882 11883 2337)
4(2227 2338 11884 11773)
4(2337 11883 11884 2338)
4(2228 2339 11885 11774)
4(2338 11884 11885 2339)
4(2229 2340 11886 11775)
4(2339 11885 11886 2340)
4(2230 2341 11887 11776)
4(2340 11886 11887 2341)
4(2231 2342 11888 11777)
4(2341 11887 11888 2342)
4(2232 2343 11889 11778)
4(2342 11888 11889 2343)
4(2233 2344 11890 11779)
4(2343 11889 11890 2344)
4(2234 2345 11891 11780)
4(2344 11890 11891 2345)
4(2235 2346 11892 11781)
4(2345 11891 11892 2346)
4(2236 2347 11893 11782)
4(2346 11892 11893 2347)
4(2237 2348 11894 11783)
4(2347 11893 11894 2348)
4(2238 2349 11895 11784)
4(2348 11894 11895 2349)
4(2239 2350 11896 11785)
4(2349 11895 11896 2350)
4(2240 2351 11897 11786)
4(2350 11896 11897 2351)
4(2241 2352 11898 11787)
4(2351 11897 11898 2352)
4(2242 2353 11899 11788)
4(2352 11898 11899 2353)
4(2243 2354 11900 11789)
4(2353 11899 11900 2354)
4(2244 2355 11901 11790)
4(2354 11900 11901 2355)
4(2245 2356 11902 11791)
4(2355 11901 11902 2356)
4(2246 2357 11903 11792)
4(2356 11902 11903 2357)
4(2247 2358 11904 11793)
4(2357 11903 11904 2358)
4(2248 2359 11905 11794)
4(2358 11904 11905 2359)
4(2249 2360 11906 11795)
4(2359 11905 11906 2360)
4(2250 2361 11907 11796)
4(2360 11906 11907 2361)
4(2251 2362 11908 11797)
4(2361 11907 11908 2362)
4(2252 2363 11909 11798)
4(2362 11908 11909 2363)
4(2253 2364 11910 11799)
4(2363 11909 11910 2364)
4(2254 2365 11911 11800)
4(2364 11910 11911 2365)
4(2255 2366 11912 11801)
4(2365 11911 11912 2366)
4(2256 2367 11913 11802)
4(2366 11912 11913 2367)
4(2257 2368 11914 11803)
4(2367 11913 11914 2368)
4(2258 2369 11915 11804)
4(2368 11914 11915 2369)
4(2259 2370 11916 11805)
4(2369 11915 11916 2370)
4(2260 2371 11917 11806)
4(2370 11916 11917 2371)
4(2261 2372 11918 11807)
4(2371 11917 11918 2372)
4(2262 2373 11919 11808)
4(2372 11918 11919 2373)
4(2263 2374 11920 11809)
4(2373 11919 11920 2374)
4(2264 2375 11921 11810)
4(2374 11920 11921 2375)
4(2265 2376 11922 11811)
4(2375 11921 11922 2376)
4(2266 2377 11923 11812)
4(2376 11922 11923 2377)
4(2267 2378 11924 11813)
4(2377 11923 11924 2378)
4(2268 2379 11925 11814)
4(2378 11924 11925 2379)
4(2269 2380 11926 11815)
4(2379 11925 11926 2380)
4(2270 2381 11927 11816)
4(2380 11926 11927 2381)
4(2271 2382 11928 11817)
4(2381 11927 11928 2382)
4(2272 2383 11929 11818)
4(2382 11928 11929 2383)
4(2273 2384 11930 11819)
4(2383 11929 11930 2384)
4(2274 2385 11931 11820)
4(2384 11930 11931 2385)
4(2275 2386 11932 11821)
4(2385 11931 11932 2386)
4(2276 2387 11933 11822)
4(2386 11932 11933 2387)
4(2277 2388 11934 11823)
4(2387 11933 11934 2388)
4(2278 2389 11935 11824)
4(2388 11934 11935 2389)
4(2279 2390 11936 11825)
4(2389 11935 11936 2390)
4(2280 2391 11937 11826)
4(2390 11936 11937 2391)
4(2281 2392 11938 11827)
4(2391 11937 11938 2392)
4(2282 2393 11939 11828)
4(2392 11938 11939 2393)
4(2283 2394 11940 11829)
4(2393 11939 11940 2394)
4(2284 2395 11941 11830)
4(2394 11940 11941 2395)
4(2285 2396 11942 11831)
4(2395 11941 11942 2396)
4(2286 2397 11943 11832)
4(2396 11942 11943 2397)
4(2287 2398 11944 11833)
4(2397 11943 11944 2398)
4(2288 2399 11945 11834)
4(2398 11944 11945 2399)
4(2289 2400 11946 11835)
4(2399 11945 11946 2400)
4(2290 2401 11947 11836)
4(2400 11946 11947 2401)
4(2291 2402 11948 11837)
4(2401 11947 11948 2402)
4(2292 2403 11949 11838)
4(2402 11948 11949 2403)
4(2293 2404 11950 11839)
4(2403 11949 11950 2404)
4(2294 2405 11951 11840)
4(2404 11950 11951 2405)
4(2295 2406 11952 11841)
4(2405 11951 11952 2406)
4(2296 2407 11953 11842)
4(2406 11952 11953 2407)
4(2297 2408 11954 11843)
4(2407 11953 11954 2408)
4(2298 2409 11955 11844)
4(2408 11954 11955 2409)
4(2299 2410 11956 11845)
4(2409 11955 11956 2410)
4(2300 2411 11957 11846)
4(2410 11956 11957 2411)
4(2301 2412 11958 11847)
4(2411 11957 11958 2412)
4(2302 2413 11959 11848)
4(2412 11958 11959 2413)
4(2303 2414 11960 11849)
4(2413 11959 11960 2414)
4(2304 2415 11961 11850)
4(2414 11960 11961 2415)
4(2305 2416 11962 11851)
4(2415 11961 11962 2416)
4(2306 2417 11963 11852)
4(2416 11962 11963 2417)
4(2307 2418 11964 11853)
4(2417 11963 11964 2418)
4(2308 2419 11965 11854)
4(2418 11964 11965 2419)
4(2309 2420 11966 11855)
4(2419 11965 11966 2420)
4(2310 2421 11967 11856)
4(2420 11966 11967 2421)
4(2311 2422 11968 11857)
4(2421 11967 11968 2422)
4(2312 2423 11969 11858)
4(2422 11968 11969 2423)
4(2313 2424 11970 11859)
4(2423 11969 11970 2424)
4(2314 2425 11971 11860)
4(2424 11970 11971 2425)
4(2315 2426 11972 11861)
4(2425 11971 11972 2426)
4(2316 2427 11973 11862)
4(2426 11972 11973 2427)
4(2317 2428 11974 11863)
4(2427 11973 11974 2428)
4(2318 2429 11975 11864)
4(2428 11974 11975 2429)
4(2319 2430 11976 11865)
4(2429 11975 11976 2430)
4(2320 2431 11977 11866)
4(2430 11976 11977 2431)
4(2321 2432 11978 11867)
4(2431 11977 11978 2432)
4(2322 2433 11979 11868)
4(2432 11978 11979 2433)
4(2323 2434 11980 11869)
4(2433 11979 11980 2434)
4(2324 2435 11981 11870)
4(2434 11980 11981 2435)
4(2325 2436 11982 11871)
4(2435 11981 11982 2436)
4(2326 2437 11983 11872)
4(2436 11982 11983 2437)
4(2327 2438 11984 11873)
4(2437 11983 11984 2438)
4(2328 2439 11985 11874)
4(2438 11984 11985 2439)
4(2329 2440 11986 11875)
4(2439 11985 11986 2440)
4(2440 11986 11987 2441)
4(2332 2443 11989 11878)
4(2442 11988 11989 2443)
4(2333 2444 11990 11879)
4(2443 11989 11990 2444)
4(2334 2445 11991 11880)
4(2444 11990 11991 2445)
4(2335 2446 11992 11881)
4(2445 11991 11992 2446)
4(2336 2447 11993 11882)
4(2446 11992 11993 2447)
4(2337 2448 11994 11883)
4(2447 11993 11994 2448)
4(2338 2449 11995 11884)
4(2448 11994 11995 2449)
4(2339 2450 11996 11885)
4(2449 11995 11996 2450)
4(2340 2451 11997 11886)
4(2450 11996 11997 2451)
4(2341 2452 11998 11887)
4(2451 11997 11998 2452)
4(2342 2453 11999 11888)
4(2452 11998 11999 2453)
4(2343 2454 12000 11889)
4(2453 11999 12000 2454)
4(2344 2455 12001 11890)
4(2454 12000 12001 2455)
4(2345 2456 12002 11891)
4(2455 12001 12002 2456)
4(2346 2457 12003 11892)
4(2456 12002 12003 2457)
4(2347 2458 12004 11893)
4(2457 12003 12004 2458)
4(2348 2459 12005 11894)
4(2458 12004 12005 2459)
4(2349 2460 12006 11895)
4(2459 12005 12006 2460)
4(2350 2461 12007 11896)
4(2460 12006 12007 2461)
4(2351 2462 12008 11897)
4(2461 12007 12008 2462)
4(2352 2463 12009 11898)
4(2462 12008 12009 2463)
4(2353 2464 12010 11899)
4(2463 12009 12010 2464)
4(2354 2465 12011 11900)
4(2464 12010 12011 2465)
4(2355 2466 12012 11901)
4(2465 12011 12012 2466)
4(2356 2467 12013 11902)
4(2466 12012 12013 2467)
4(2357 2468 12014 11903)
4(2467 12013 12014 2468)
4(2358 2469 12015 11904)
4(2468 12014 12015 2469)
4(2359 2470 12016 11905)
4(2469 12015 12016 2470)
4(2360 2471 12017 11906)
4(2470 12016 12017 2471)
4(2361 2472 12018 11907)
4(2471 12017 12018 2472)
4(2362 2473 12019 11908)
4(2472 12018 12019 2473)
4(2363 2474 12020 11909)
4(2473 12019 12020 2474)
4(2364 2475 12021 11910)
4(2474 12020 12021 2475)
4(2365 2476 12022 11911)
4(2475 12021 12022 2476)
4(2366 2477 12023 11912)
4(2476 12022 12023 2477)
4(2367 2478 12024 11913)
4(2477 12023 12024 2478)
4(2368 2479 12025 11914)
4(2478 12024 12025 2479)
4(2369 2480 12026 11915)
4(2479 12025 12026 2480)
4(2370 2481 12027 11916)
4(2480 12026 12027 2481)
4(2371 2482 12028 11917)
4(2481 12027 12028 2482)
4(2372 2483 12029 11918)
4(2482 12028 12029 2483)
4(2373 2484 12030 11919)
4(2483 12029 12030 2484)
4(2374 2485 12031 11920)
4(2484 12030 12031 2485)
4(2375 2486 12032 11921)
4(2485 12031 12032 2486)
4(2376 2487 12033 11922)
4(2486 12032 12033 2487)
4(2377 2488 12034 11923)
4(2487 12033 12034 2488)
4(2378 2489 12035 11924)
4(2488 12034 12035 2489)
4(2379 2490 12036 11925)
4(2489 12035 12036 2490)
4(2380 2491 12037 11926)
4(2490 12036 12037 2491)
4(2381 2492 12038 11927)
4(2491 12037 12038 2492)
4(2382 2493 12039 11928)
4(2492 12038 12039 2493)
4(2383 2494 12040 11929)
4(2493 12039 12040 2494)
4(2384 2495 12041 11930)
4(2494 12040 12041 2495)
4(2385 2496 12042 11931)
4(2495 12041 12042 2496)
4(2386 2497 12043 11932)
4(2496 12042 12043 2497)
4(2387 2498 12044 11933)
4(2497 12043 12044 2498)
4(2388 2499 12045 11934)
4(2498 12044 12045 2499)
4(2389 2500 12046 11935)
4(2499 12045 12046 2500)
4(2390 2501 12047 11936)
4(2500 12046 12047 2501)
4(2391 2502 12048 11937)
4(2501 12047 12048 2502)
4(2392 2503 12049 11938)
4(2502 12048 12049 2503)
4(2393 2504 12050 11939)
4(2503 12049 12050 2504)
4(2394 2505 12051 11940)
4(2504 12050 12051 2505)
4(2395 2506 12052 11941)
4(2505 12051 12052 2506)
4(2396 2507 12053 11942)
4(2506 12052 12053 2507)
4(2397 2508 12054 11943)
4(2507 12053 12054 2508)
4(2398 2509 12055 11944)
4(2508 12054 12055 2509)
4(2399 2510 12056 11945)
4(2509 12055 12056 2510)
4(2400 2511 12057 11946)
4(2510 12056 12057 2511)
4(2401 2512 12058 11947)
4(2511 12057 12058 2512)
4(2402 2513 12059 11948)
4(2512 12058 12059 2513)
4(2403 2514 12060 11949)
4(2513 12059 12060 2514)
4(2404 2515 12061 11950)
4(2514 12060 12061 2515)
4(2405 2516 12062 11951)
4(2515 12061 12062 2516)
4(2406 2517 12063 11952)
4(2516 12062 12063 2517)
4(2407 2518 12064 11953)
4(2517 12063 12064 2518)
4(2408 2519 12065 11954)
4(2518 12064 12065 2519)
4(2409 2520 12066 11955)
4(2519 12065 12066 2520)
4(2410 2521 12067 11956)
4(2520 12066 12067 2521)
4(2411 2522 12068 11957)
4(2521 12067 12068 2522)
4(2412 2523 12069 11958)
4(2522 12068 12069 2523)
4(2413 2524 12070 11959)
4(2523 12069 12070 2524)
4(2414 2525 12071 11960)
4(2524 12070 12071 2525)
4(2415 2526 12072 11961)
4(2525 12071 12072 2526)
4(2416 2527 12073 11962)
4(2526 12072 12073 2527)
4(2417 2528 12074 11963)
4(2527 12073 12074 2528)
4(2418 2529 12075 11964)
4(2528 12074 12075 2529)
4(2419 2530 12076 11965)
4(2529 12075 12076 2530)
4(2420 2531 12077 11966)
4(2530 12076 12077 2531)
4(2421 2532 12078 11967)
4(2531 12077 12078 2532)
4(2422 2533 12079 11968)
4(2532 12078 12079 2533)
4(2423 2534 12080 11969)
4(2533 12079 12080 2534)
4(2424 2535 12081 11970)
4(2534 12080 12081 2535)
4(2425 2536 12082 11971)
4(2535 12081 12082 2536)
4(2426 2537 12083 11972)
4(2536 12082 12083 2537)
4(2427 2538 12084 11973)
4(2537 12083 12084 2538)
4(2428 2539 12085 11974)
4(2538 12084 12085 2539)
4(2429 2540 12086 11975)
4(2539 12085 12086 2540)
4(2430 2541 12087 11976)
4(2540 12086 12087 2541)
4(2431 2542 12088 11977)
4(2541 12087 12088 2542)
4(2432 2543 12089 11978)
4(2542 12088 12089 2543)
4(2433 2544 12090 11979)
4(2543 12089 12090 2544)
4(2434 2545 12091 11980)
4(2544 12090 12091 2545)
4(2435 2546 12092 11981)
4(2545 12091 12092 2546)
4(2436 2547 12093 11982)
4(2546 12092 12093 2547)
4(2437 2548 12094 11983)
4(2547 12093 12094 2548)
4(2438 2549 12095 11984)
4(2548 12094 12095 2549)
4(2439 2550 12096 11985)
4(2549 12095 12096 2550)
4(2440 2551 12097 11986)
4(2550 12096 12097 2551)
4(2551 12097 12098 2552)
4(2443 2554 12100 11989)
4(2553 12099 12100 2554)
4(2444 2555 12101 11990)
4(2554 12100 12101 2555)
4(2445 2556 12102 11991)
4(2555 12101 12102 2556)
4(2446 2557 12103 11992)
4(2556 12102 12103 2557)
4(2447 2558 12104 11993)
4(2557 12103 12104 2558)
4(2448 2559 12105 11994)
4(2558 12104 12105 2559)
4(2449 2560 12106 11995)
4(2559 12105 12106 2560)
4(2450 2561 12107 11996)
4(2560 12106 12107 2561)
4(2451 2562 12108 11997)
4(2561 12107 12108 2562)
4(2452 2563 12109 11998)
4(2562 12108 12109 2563)
4(2453 2564 12110 11999)
4(2563 12109 12110 2564)
4(2454 2565 12111 12000)
4(2564 12110 12111 2565)
4(2455 2566 12112 12001)
4(2565 12111 12112 2566)
4(2456 2567 12113 12002)
4(2566 12112 12113 2567)
4(2457 2568 12114 12003)
4(2567 12113 12114 2568)
4(2458 2569 12115 12004)
4(2568 12114 12115 2569)
4(2459 2570 12116 12005)
4(2569 12115 12116 2570)
4(2460 2571 12117 12006)
4(2570 12116 12117 2571)
4(2461 2572 12118 12007)
4(2571 12117 12118 2572)
4(2462 2573 12119 12008)
4(2572 12118 12119 2573)
4(2463 2574 12120 12009)
4(2573 12119 12120 2574)
4(2464 2575 12121 12010)
4(2574 12120 12121 2575)
4(2465 2576 12122 12011)
4(2575 12121 12122 2576)
4(2466 2577 12123 12012)
4(2576 12122 12123 2577)
4(2467 2578 12124 12013)
4(2577 12123 12124 2578)
4(2468 2579 12125 12014)
4(2578 12124 12125 2579)
4(2469 2580 12126 12015)
4(2579 12125 12126 2580)
4(2470 2581 12127 12016)
4(2580 12126 12127 2581)
4(2471 2582 12128 12017)
4(2581 12127 12128 2582)
4(2472 2583 12129 12018)
4(2582 12128 12129 2583)
4(2473 2584 12130 12019)
4(2583 12129 12130 2584)
4(2474 2585 12131 12020)
4(2584 12130 12131 2585)
4(2475 2586 12132 12021)
4(2585 12131 12132 2586)
4(2476 2587 12133 12022)
4(2586 12132 12133 2587)
4(2477 2588 12134 12023)
4(2587 12133 12134 2588)
4(2478 2589 12135 12024)
4(2588 12134 12135 2589)
4(2479 2590 12136 12025)
4(2589 12135 12136 2590)
4(2480 2591 12137 12026)
4(2590 12136 12137 2591)
4(2481 2592 12138 12027)
4(2591 12137 12138 2592)
4(2482 2593 12139 12028)
4(2592 12138 12139 2593)
4(2483 2594 12140 12029)
4(2593 12139 12140 2594)
4(2484 2595 12141 12030)
4(2594 12140 12141 2595)
4(2485 2596 12142 12031)
4(2595 12141 12142 2596)
4(2486 2597 12143 12032)
4(2596 12142 12143 2597)
4(2487 2598 12144 12033)
4(2597 12143 12144 2598)
4(2488 2599 12145 12034)
4(2598 12144 12145 2599)
4(2489 2600 12146 12035)
4(2599 12145 12146 2600)
4(2490 2601 12147 12036)
4(2600 12146 12147 2601)
4(2491 2602 12148 12037)
4(2601 12147 12148 2602)
4(2492 2603 12149 12038)
4(2602 12148 12149 2603)
4(2493 2604 12150 12039)
4(2603 12149 12150 2604)
4(2494 2605 12151 12040)
4(2604 12150 12151 2605)
4(2495 2606 12152 12041)
4(2605 12151 12152 2606)
4(2496 2607 12153 12042)
4(2606 12152 12153 2607)
4(2497 2608 12154 12043)
4(2607 12153 12154 2608)
4(2498 2609 12155 12044)
4(2608 12154 12155 2609)
4(2499 2610 12156 12045)
4(2609 12155 12156 2610)
4(2500 2611 12157 12046)
4(2610 12156 12157 2611)
4(2501 2612 12158 12047)
4(2611 12157 12158 2612)
4(2502 2613 12159 12048)
4(2612 12158 12159 2613)
4(2503 2614 12160 12049)
4(2613 12159 12160 2614)
4(2504 2615 12161 12050)
4(2614 12160 12161 2615)
4(2505 2616 12162 12051)
4(2615 12161 12162 2616)
4(2506 2617 12163 12052)
4(2616 12162 12163 2617)
4(2507 2618 12164 12053)
4(2617 12163 12164 2618)
4(2508 2619 12165 12054)
4(2618 12164 12165 2619)
4(2509 2620 12166 12055)
4(2619 12165 12166 2620)
4(2510 2621 12167 12056)
4(2620 12166 12167 2621)
4(2511 2622 12168 12057)
4(2621 12167 12168 2622)
4(2512 2623 12169 12058)
4(2622 12168 12169 2623)
4(2513 2624 12170 12059)
4(2623 12169 12170 2624)
4(2514 2625 12171 12060)
4(2624 12170 12171 2625)
4(2515 2626 12172 12061)
4(2625 12171 12172 2626)
4(2516 2627 12173 12062)
4(2626 12172 12173 2627)
4(2517 2628 12174 12063)
4(2627 12173 12174 2628)
4(2518 2629 12175 12064)
4(2628 12174 12175 2629)
4(2519 2630 12176 12065)
4(2629 12175 12176 2630)
4(2520 2631 12177 12066)
4(2630 12176 12177 2631)
4(2521 2632 12178 12067)
4(2631 12177 12178 2632)
4(2522 2633 12179 12068)
4(2632 12178 12179 2633)
4(2523 2634 12180 12069)
4(2633 12179 12180 2634)
4(2524 2635 12181 12070)
4(2634 12180 12181 2635)
4(2525 2636 12182 12071)
4(2635 12181 12182 2636)
4(2526 2637 12183 12072)
4(2636 12182 12183 2637)
4(2527 2638 12184 12073)
4(2637 12183 12184 2638)
4(2528 2639 12185 12074)
4(2638 12184 12185 2639)
4(2529 2640 12186 12075)
4(2639 12185 12186 2640)
4(2530 2641 12187 12076)
4(2640 12186 12187 2641)
4(2531 2642 12188 12077)
4(2641 12187 12188 2642)
4(2532 2643 12189 12078)
4(2642 12188 12189 2643)
4(2533 2644 12190 12079)
4(2643 12189 12190 2644)
4(2534 2645 12191 12080)
4(2644 12190 12191 2645)
4(2535 2646 12192 12081)
4(2645 12191 12192 2646)
4(2536 2647 12193 12082)
4(2646 12192 12193 2647)
4(2537 2648 12194 12083)
4(2647 12193 12194 2648)
4(2538 2649 12195 12084)
4(2648 12194 12195 2649)
4(2539 2650 12196 12085)
4(2649 12195 12196 2650)
4(2540 2651 12197 12086)
4(2650 12196 12197 2651)
4(2541 2652 12198 12087)
4(2651 12197 12198 2652)
4(2542 2653 12199 12088)
4(2652 12198 12199 2653)
4(2543 2654 12200 12089)
4(2653 12199 12200 2654)
4(2544 2655 12201 12090)
4(2654 12200 12201 2655)
4(2545 2656 12202 12091)
4(2655 12201 12202 2656)
4(2546 2657 12203 12092)
4(2656 12202 12203 2657)
4(2547 2658 12204 12093)
4(2657 12203 12204 2658)
4(2548 2659 12205 12094)
4(2658 12204 12205 2659)
4(2549 2660 12206 12095)
4(2659 12205 12206 2660)
4(2550 2661 12207 12096)
4(2660 12206 12207 2661)
4(2551 2662 12208 12097)
4(2661 12207 12208 2662)
4(2662 12208 12209 2663)
4(2554 2665 12211 12100)
4(2664 12210 12211 2665)
4(2555 2666 12212 12101)
4(2665 12211 12212 2666)
4(2556 2667 12213 12102)
4(2666 12212 12213 2667)
4(2557 2668 12214 12103)
4(2667 12213 12214 2668)
4(2558 2669 12215 12104)
4(2668 12214 12215 2669)
4(2559 2670 12216 12105)
4(2669 12215 12216 2670)
4(2560 2671 12217 12106)
4(2670 12216 12217 2671)
4(2561 2672 12218 12107)
4(2671 12217 12218 2672)
4(2562 2673 12219 12108)
4(2672 12218 12219 2673)
4(2563 2674 12220 12109)
4(2673 12219 12220 2674)
4(2564 2675 12221 12110)
4(2674 12220 12221 2675)
4(2565 2676 12222 12111)
4(2675 12221 12222 2676)
4(2566 2677 12223 12112)
4(2676 12222 12223 2677)
4(2567 2678 12224 12113)
4(2677 12223 12224 2678)
4(2568 2679 12225 12114)
4(2678 12224 12225 2679)
4(2569 2680 12226 12115)
4(2679 12225 12226 2680)
4(2570 2681 12227 12116)
4(2680 12226 12227 2681)
4(2571 2682 12228 12117)
4(2681 12227 12228 2682)
4(2572 2683 12229 12118)
4(2682 12228 12229 2683)
4(2573 2684 12230 12119)
4(2683 12229 12230 2684)
4(2574 2685 12231 12120)
4(2684 12230 12231 2685)
4(2575 2686 12232 12121)
4(2685 12231 12232 2686)
4(2576 2687 12233 12122)
4(2686 12232 12233 2687)
4(2577 2688 12234 12123)
4(2687 12233 12234 2688)
4(2578 2689 12235 12124)
4(2688 12234 12235 2689)
4(2579 2690 12236 12125)
4(2689 12235 12236 2690)
4(2580 2691 12237 12126)
4(2690 12236 12237 2691)
4(2581 2692 12238 12127)
4(2691 12237 12238 2692)
4(2582 2693 12239 12128)
4(2692 12238 12239 2693)
4(2583 2694 12240 12129)
4(2693 12239 12240 2694)
4(2584 2695 12241 12130)
4(2694 12240 12241 2695)
4(2585 2696 12242 12131)
4(2695 12241 12242 2696)
4(2586 2697 12243 12132)
4(2696 12242 12243 2697)
4(2587 2698 12244 12133)
4(2697 12243 12244 2698)
4(2588 2699 12245 12134)
4(2698 12244 12245 2699)
4(2589 2700 12246 12135)
4(2699 12245 12246 2700)
4(2590 2701 12247 12136)
4(2700 12246 12247 2701)
4(2591 2702 12248 12137)
4(2701 12247 12248 2702)
4(2592 2703 12249 12138)
4(2702 12248 12249 2703)
4(2593 2704 12250 12139)
4(2703 12249 12250 2704)
4(2594 2705 12251 12140)
4(2704 12250 12251 2705)
4(2595 2706 12252 12141)
4(2705 12251 12252 2706)
4(2596 2707 12253 12142)
4(2706 12252 12253 2707)
4(2597 2708 12254 12143)
4(2707 12253 12254 2708)
4(2598 2709 12255 12144)
4(2708 12254 12255 2709)
4(2599 2710 12256 12145)
4(2709 12255 12256 2710)
4(2600 2711 12257 12146)
4(2710 12256 12257 2711)
4(2601 2712 12258 12147)
4(2711 12257 12258 2712)
4(2602 2713 12259 12148)
4(2712 12258 12259 2713)
4(2603 2714 12260 12149)
4(2713 12259 12260 2714)
4(2604 2715 12261 12150)
4(2714 12260 12261 2715)
4(2605 2716 12262 12151)
4(2715 12261 12262 2716)
4(2606 2717 12263 12152)
4(2716 12262 12263 2717)
4(2607 2718 12264 12153)
4(2717 12263 12264 2718)
4(2608 2719 12265 12154)
4(2718 12264 12265 2719)
4(2609 2720 12266 12155)
4(2719 12265 12266 2720)
4(2610 2721 12267 12156)
4(2720 12266 12267 2721)
4(2611 2722 12268 12157)
4(2721 12267 12268 2722)
4(2612 2723 12269 12158)
4(2722 12268 12269 2723)
4(2613 2724 12270 12159)
4(2723 12269 12270 2724)
4(2614 2725 12271 12160)
4(2724 12270 12271 2725)
4(2615 2726 12272 12161)
4(2725 12271 12272 2726)
4(2616 2727 12273 12162)
4(2726 12272 12273 2727)
4(2617 2728 12274 12163)
4(2727 12273 12274 2728)
4(2618 2729 12275 12164)
4(2728 12274 12275 2729)
4(2619 2730 12276 12165)
4(2729 12275 12276 2730)
4(2620 2731 12277 12166)
4(2730 12276 12277 2731)
4(2621 2732 12278 12167)
4(2731 12277 12278 2732)
4(2622 2733 12279 12168)
4(2732 12278 12279 2733)
4(2623 2734 12280 12169)
4(2733 12279 12280 2734)
4(2624 2735 12281 12170)
4(2734 12280 12281 2735)
4(2625 2736 12282 12171)
4(2735 12281 12282 2736)
4(2626 2737 12283 12172)
4(2736 12282 12283 2737)
4(2627 2738 12284 12173)
4(2737 12283 12284 2738)
4(2628 2739 12285 12174)
4(2738 12284 12285 2739)
4(2629 2740 12286 12175)
4(2739 12285 12286 2740)
4(2630 2741 12287 12176)
4(2740 12286 12287 2741)
4(2631 2742 12288 12177)
4(2741 12287 12288 2742)
4(2632 2743 12289 12178)
4(2742 12288 12289 2743)
4(2633 2744 12290 12179)
4(2743 12289 12290 2744)
4(2634 2745 12291 12180)
4(2744 12290 12291 2745)
4(2635 2746 12292 12181)
4(2745 12291 12292 2746)
4(2636 2747 12293 12182)
4(2746 12292 12293 2747)
4(2637 2748 12294 12183)
4(2747 12293 12294 2748)
4(2638 2749 12295 12184)
4(2748 12294 12295 2749)
4(2639 2750 12296 12185)
4(2749 12295 12296 2750)
4(2640 2751 12297 12186)
4(2750 12296 12297 2751)
4(2641 2752 12298 12187)
4(2751 12297 12298 2752)
4(2642 2753 12299 12188)
4(2752 12298 12299 2753)
4(2643 2754 12300 12189)
4(2753 12299 12300 2754)
4(2644 2755 12301 12190)
4(2754 12300 12301 2755)
4(2645 2756 12302 12191)
4(2755 12301 12302 2756)
4(2646 2757 12303 12192)
4(2756 12302 12303 2757)
4(2647 2758 12304 12193)
4(2757 12303 12304 2758)
4(2648 2759 12305 12194)
4(2758 12304 12305 2759)
4(2649 2760 12306 12195)
4(2759 12305 12306 2760)
4(2650 2761 12307 12196)
4(2760 12306 12307 2761)
4(2651 2762 12308 12197)
4(2761 12307 12308 2762)
4(2652 2763 12309 12198)
4(2762 12308 12309 2763)
4(2653 2764 12310 12199)
4(2763 12309 12310 2764)
4(2654 2765 12311 12200)
4(2764 12310 12311 2765)
4(2655 2766 12312 12201)
4(2765 12311 12312 2766)
4(2656 2767 12313 12202)
4(2766 12312 12313 2767)
4(2657 2768 12314 12203)
4(2767 12313 12314 2768)
4(2658 2769 12315 12204)
4(2768 12314 12315 2769)
4(2659 2770 12316 12205)
4(2769 12315 12316 2770)
4(2660 2771 12317 12206)
4(2770 12316 12317 2771)
4(2661 2772 12318 12207)
4(2771 12317 12318 2772)
4(2662 2773 12319 12208)
4(2772 12318 12319 2773)
4(2773 12319 12320 2774)
4(2665 2776 12322 12211)
4(2775 12321 12322 2776)
4(2666 2777 12323 12212)
4(2776 12322 12323 2777)
4(2667 2778 12324 12213)
4(2777 12323 12324 2778)
4(2668 2779 12325 12214)
4(2778 12324 12325 2779)
4(2669 2780 12326 12215)
4(2779 12325 12326 2780)
4(2670 2781 12327 12216)
4(2780 12326 12327 2781)
4(2671 2782 12328 12217)
4(2781 12327 12328 2782)
4(2672 2783 12329 12218)
4(2782 12328 12329 2783)
4(2673 2784 12330 12219)
4(2783 12329 12330 2784)
4(2674 2785 12331 12220)
4(2784 12330 12331 2785)
4(2675 2786 12332 12221)
4(2785 12331 12332 2786)
4(2676 2787 12333 12222)
4(2786 12332 12333 2787)
4(2677 2788 12334 12223)
4(2787 12333 12334 2788)
4(2678 2789 12335 12224)
4(2788 12334 12335 2789)
4(2679 2790 12336 12225)
4(2789 12335 12336 2790)
4(2680 2791 12337 12226)
4(2790 12336 12337 2791)
4(2681 2792 12338 12227)
4(2791 12337 12338 2792)
4(2682 2793 12339 12228)
4(2792 12338 12339 2793)
4(2683 2794 12340 12229)
4(2793 12339 12340 2794)
4(2684 2795 12341 12230)
4(2794 12340 12341 2795)
4(2685 2796 12342 12231)
4(2795 12341 12342 2796)
4(2686 2797 12343 12232)
4(2796 12342 12343 2797)
4(2687 2798 12344 12233)
4(2797 12343 12344 2798)
4(2688 2799 12345 12234)
4(2798 12344 12345 2799)
4(2689 2800 12346 12235)
4(2799 12345 12346 2800)
4(2690 2801 12347 12236)
4(2800 12346 12347 2801)
4(2691 2802 12348 12237)
4(2801 12347 12348 2802)
4(2692 2803 12349 12238)
4(2802 12348 12349 2803)
4(2693 2804 12350 12239)
4(2803 12349 12350 2804)
4(2694 2805 12351 12240)
4(2804 12350 12351 2805)
4(2695 2806 12352 12241)
4(2805 12351 12352 2806)
4(2696 2807 12353 12242)
4(2806 12352 12353 2807)
4(2697 2808 12354 12243)
4(2807 12353 12354 2808)
4(2698 2809 12355 12244)
4(2808 12354 12355 2809)
4(2699 2810 12356 12245)
4(2809 12355 12356 2810)
4(2700 2811 12357 12246)
4(2810 12356 12357 2811)
4(2701 2812 12358 12247)
4(2811 12357 12358 2812)
4(2702 2813 12359 12248)
4(2812 12358 12359 2813)
4(2703 2814 12360 12249)
4(2813 12359 12360 2814)
4(2704 2815 12361 12250)
4(2814 12360 12361 2815)
4(2705 2816 12362 12251)
4(2815 12361 12362 2816)
4(2706 2817 12363 12252)
4(2816 12362 12363 2817)
4(2707 2818 12364 12253)
4(2817 12363 12364 2818)
4(2708 2819 12365 12254)
4(2818 12364 12365 2819)
4(2709 2820 12366 12255)
4(2819 12365 12366 2820)
4(2710 2821 12367 12256)
4(2820 12366 12367 2821)
4(2711 2822 12368 12257)
4(2821 12367 12368 2822)
4(2712 2823 12369 12258)
4(2822 12368 12369 2823)
4(2713 2824 12370 12259)
4(2823 12369 12370 2824)
4(2714 2825 12371 12260)
4(2824 12370 12371 2825)
4(2715 2826 12372 12261)
4(2825 12371 12372 2826)
4(2716 2827 12373 12262)
4(2826 12372 12373 2827)
4(2717 2828 12374 12263)
4(2827 12373 12374 2828)
4(2718 2829 12375 12264)
4(2828 12374 12375 2829)
4(2719 2830 12376 12265)
4(2829 12375 12376 2830)
4(2720 2831 12377 12266)
4(2830 12376 12377 2831)
4(2721 2832 12378 12267)
4(2831 12377 12378 2832)
4(2722 2833 12379 12268)
4(2832 12378 12379 2833)
4(2723 2834 12380 12269)
4(2833 12379 12380 2834)
4(2724 2835 12381 12270)
4(2834 12380 12381 2835)
4(2725 2836 12382 12271)
4(2835 12381 12382 2836)
4(2726 2837 12383 12272)
4(2836 12382 12383 2837)
4(2727 2838 12384 12273)
4(2837 12383 12384 2838)
4(2728 2839 12385 12274)
4(2838 12384 12385 2839)
4(2729 2840 12386 12275)
4(2839 12385 12386 2840)
4(2730 2841 12387 12276)
4(2840 12386 12387 2841)
4(2731 2842 12388 12277)
4(2841 12387 12388 2842)
4(2732 2843 12389 12278)
4(2842 12388 12389 2843)
4(2733 2844 12390 12279)
4(2843 12389 12390 2844)
4(2734 2845 12391 12280)
4(2844 12390 12391 2845)
4(2735 2846 12392 12281)
4(2845 12391 12392 2846)
4(2736 2847 12393 12282)
4(2846 12392 12393 2847)
4(2737 2848 12394 12283)
4(2847 12393 12394 2848)
4(2738 2849 12395 12284)
4(2848 12394 12395 2849)
4(2739 2850 12396 12285)
4(2849 12395 12396 2850)
4(2740 2851 12397 12286)
4(2850 12396 12397 2851)
4(2741 2852 12398 12287)
4(2851 12397 12398 2852)
4(2742 2853 12399 12288)
4(2852 12398 12399 2853)
4(2743 2854 12400 12289)
4(2853 12399 12400 2854)
4(2744 2855 12401 12290)
4(2854 12400 12401 2855)
4(2745 2856 12402 12291)
4(2855 12401 12402 2856)
4(2746 2857 12403 12292)
4(2856 12402 12403 2857)
4(2747 2858 12404 12293)
4(2857 12403 12404 2858)
4(2748 2859 12405 12294)
4(2858 12404 12405 2859)
4(2749 2860 12406 12295)
4(2859 12405 12406 2860)
4(2750 2861 12407 12296)
4(2860 12406 12407 2861)
4(2751 2862 12408 12297)
4(2861 12407 12408 2862)
4(2752 2863 12409 12298)
4(2862 12408 12409 2863)
4(2753 2864 12410 12299)
4(2863 12409 12410 2864)
4(2754 2865 12411 12300)
4(2864 12410 12411 2865)
4(2755 2866 12412 12301)
4(2865 12411 12412 2866)
4(2756 2867 12413 12302)
4(2866 12412 12413 2867)
4(2757 2868 12414 12303)
4(2867 12413 12414 2868)
4(2758 2869 12415 12304)
4(2868 12414 12415 2869)
4(2759 2870 12416 12305)
4(2869 12415 12416 2870)
4(2760 2871 12417 12306)
4(2870 12416 12417 2871)
4(2761 2872 12418 12307)
4(2871 12417 12418 2872)
4(2762 2873 12419 12308)
4(2872 12418 12419 2873)
4(2763 2874 12420 12309)
4(2873 12419 12420 2874)
4(2764 2875 12421 12310)
4(2874 12420 12421 2875)
4(2765 2876 12422 12311)
4(2875 12421 12422 2876)
4(2766 2877 12423 12312)
4(2876 12422 12423 2877)
4(2767 2878 12424 12313)
4(2877 12423 12424 2878)
4(2768 2879 12425 12314)
4(2878 12424 12425 2879)
4(2769 2880 12426 12315)
4(2879 12425 12426 2880)
4(2770 2881 12427 12316)
4(2880 12426 12427 2881)
4(2771 2882 12428 12317)
4(2881 12427 12428 2882)
4(2772 2883 12429 12318)
4(2882 12428 12429 2883)
4(2773 2884 12430 12319)
4(2883 12429 12430 2884)
4(2884 12430 12431 2885)
4(2776 2887 12433 12322)
4(2886 12432 12433 2887)
4(2777 2888 12434 12323)
4(2887 12433 12434 2888)
4(2778 2889 12435 12324)
4(2888 12434 12435 2889)
4(2779 2890 12436 12325)
4(2889 12435 12436 2890)
4(2780 2891 12437 12326)
4(2890 12436 12437 2891)
4(2781 2892 12438 12327)
4(2891 12437 12438 2892)
4(2782 2893 12439 12328)
4(2892 12438 12439 2893)
4(2783 2894 12440 12329)
4(2893 12439 12440 2894)
4(2784 2895 12441 12330)
4(2894 12440 12441 2895)
4(2785 2896 12442 12331)
4(2895 12441 12442 2896)
4(2786 2897 12443 12332)
4(2896 12442 12443 2897)
4(2787 2898 12444 12333)
4(2897 12443 12444 2898)
4(2788 2899 12445 12334)
4(2898 12444 12445 2899)
4(2789 2900 12446 12335)
4(2899 12445 12446 2900)
4(2790 2901 12447 12336)
4(2900 12446 12447 2901)
4(2791 2902 12448 12337)
4(2901 12447 12448 2902)
4(2792 2903 12449 12338)
4(2902 12448 12449 2903)
4(2793 2904 12450 12339)
4(2903 12449 12450 2904)
4(2794 2905 12451 12340)
4(2904 12450 12451 2905)
4(2795 2906 12452 12341)
4(2905 12451 12452 2906)
4(2796 2907 12453 12342)
4(2906 12452 12453 2907)
4(2797 2908 12454 12343)
4(2907 12453 12454 2908)
4(2798 2909 12455 12344)
4(2908 12454 12455 2909)
4(2799 2910 12456 12345)
4(2909 12455 12456 2910)
4(2800 2911 12457 12346)
4(2910 12456 12457 2911)
4(2801 2912 12458 12347)
4(2911 12457 12458 2912)
4(2802 2913 12459 12348)
4(2912 12458 12459 2913)
4(2803 2914 12460 12349)
4(2913 12459 12460 2914)
4(2804 2915 12461 12350)
4(2914 12460 12461 2915)
4(2805 2916 12462 12351)
4(2915 12461 12462 2916)
4(2806 2917 12463 12352)
4(2916 12462 12463 2917)
4(2807 2918 12464 12353)
4(2917 12463 12464 2918)
4(2808 2919 12465 12354)
4(2918 12464 12465 2919)
4(2809 2920 12466 12355)
4(2919 12465 12466 2920)
4(2810 2921 12467 12356)
4(2920 12466 12467 2921)
4(2811 2922 12468 12357)
4(2921 12467 12468 2922)
4(2812 2923 12469 12358)
4(2922 12468 12469 2923)
4(2813 2924 12470 12359)
4(2923 12469 12470 2924)
4(2814 2925 12471 12360)
4(2924 12470 12471 2925)
4(2815 2926 12472 12361)
4(2925 12471 12472 2926)
4(2816 2927 12473 12362)
4(2926 12472 12473 2927)
4(2817 2928 12474 12363)
4(2927 12473 12474 2928)
4(2818 2929 12475 12364)
4(2928 12474 12475 2929)
4(2819 2930 12476 12365)
4(2929 12475 12476 2930)
4(2820 2931 12477 12366)
4(2930 12476 12477 2931)
4(2821 2932 12478 12367)
4(2931 12477 12478 2932)
4(2822 2933 12479 12368)
4(2932 12478 12479 2933)
4(2823 2934 12480 12369)
4(2933 12479 12480 2934)
4(2824 2935 12481 12370)
4(2934 12480 12481 2935)
4(2825 2936 12482 12371)
4(2935 12481 12482 2936)
4(2826 2937 12483 12372)
4(2936 12482 12483 2937)
4(2827 2938 12484 12373)
4(2937 12483 12484 2938)
4(2828 2939 12485 12374)
4(2938 12484 12485 2939)
4(2829 2940 12486 12375)
4(2939 12485 12486 2940)
4(2830 2941 12487 12376)
4(2940 12486 12487 2941)
4(2831 2942 12488 12377)
4(2941 12487 12488 2942)
4(2832 2943 12489 12378)
4(2942 12488 12489 2943)
4(2833 2944 12490 12379)
4(2943 12489 12490 2944)
4(2834 2945 12491 12380)
4(2944 12490 12491 2945)
4(2835 2946 12492 12381)
4(2945 12491 12492 2946)
4(2836 2947 12493 12382)
4(2946 12492 12493 2947)
4(2837 2948 12494 12383)
4(2947 12493 12494 2948)
4(2838 2949 12495 12384)
4(2948 12494 12495 2949)
4(2839 2950 12496 12385)
4(2949 12495 12496 2950)
4(2840 2951 12497 12386)
4(2950 12496 12497 2951)
4(2841 2952 12498 12387)
4(2951 12497 12498 2952)
4(2842 2953 12499 12388)
4(2952 12498 12499 2953)
4(2843 2954 12500 12389)
4(2953 12499 12500 2954)
4(2844 2955 12501 12390)
4(2954 12500 12501 2955)
4(2845 2956 12502 12391)
4(2955 12501 12502 2956)
4(2846 2957 12503 12392)
4(2956 12502 12503 2957)
4(2847 2958 12504 12393)
4(2957 12503 12504 2958)
4(2848 2959 12505 12394)
4(2958 12504 12505 2959)
4(2849 2960 12506 12395)
4(2959 12505 12506 2960)
4(2850 2961 12507 12396)
4(2960 12506 12507 2961)
4(2851 2962 12508 12397)
4(2961 12507 12508 2962)
4(2852 2963 12509 12398)
4(2962 12508 12509 2963)
4(2853 2964 12510 12399)
4(2963 12509 12510 2964)
4(2854 2965 12511 12400)
4(2964 12510 12511 2965)
4(2855 2966 12512 12401)
4(2965 12511 12512 2966)
4(2856 2967 12513 12402)
4(2966 12512 12513 2967)
4(2857 2968 12514 12403)
4(2967 12513 12514 2968)
4(2858 2969 12515 12404)
4(2968 12514 12515 2969)
4(2859 2970 12516 12405)
4(2969 12515 12516 2970)
4(2860 2971 12517 12406)
4(2970 12516 12517 2971)
4(2861 2972 12518 12407)
4(2971 12517 12518 2972)
4(2862 2973 12519 12408)
4(2972 12518 12519 2973)
4(2863 2974 12520 12409)
4(2973 12519 12520 2974)
4(2864 2975 12521 12410)
4(2974 12520 12521 2975)
4(2865 2976 12522 12411)
4(2975 12521 12522 2976)
4(2866 2977 12523 12412)
4(2976 12522 12523 2977)
4(2867 2978 12524 12413)
4(2977 12523 12524 2978)
4(2868 2979 12525 12414)
4(2978 12524 12525 2979)
4(2869 2980 12526 12415)
4(2979 12525 12526 2980)
4(2870 2981 12527 12416)
4(2980 12526 12527 2981)
4(2871 2982 12528 12417)
4(2981 12527 12528 2982)
4(2872 2983 12529 12418)
4(2982 12528 12529 2983)
4(2873 2984 12530 12419)
4(2983 12529 12530 2984)
4(2874 2985 12531 12420)
4(2984 12530 12531 2985)
4(2875 2986 12532 12421)
4(2985 12531 12532 2986)
4(2876 2987 12533 12422)
4(2986 12532 12533 2987)
4(2877 2988 12534 12423)
4(2987 12533 12534 2988)
4(2878 2989 12535 12424)
4(2988 12534 12535 2989)
4(2879 2990 12536 12425)
4(2989 12535 12536 2990)
4(2880 2991 12537 12426)
4(2990 12536 12537 2991)
4(2881 2992 12538 12427)
4(2991 12537 12538 2992)
4(2882 2993 12539 12428)
4(2992 12538 12539 2993)
4(2883 2994 12540 12429)
4(2993 12539 12540 2994)
4(2884 2995 12541 12430)
4(2994 12540 12541 2995)
4(2995 12541 12542 2996)
4(2887 2998 12544 12433)
4(2997 12543 12544 2998)
4(2888 2999 12545 12434)
4(2998 12544 12545 2999)
4(2889 3000 12546 12435)
4(2999 12545 12546 3000)
4(2890 3001 12547 12436)
4(3000 12546 12547 3001)
4(2891 3002 12548 12437)
4(3001 12547 12548 3002)
4(2892 3003 12549 12438)
4(3002 12548 12549 3003)
4(2893 3004 12550 12439)
4(3003 12549 12550 3004)
4(2894 3005 12551 12440)
4(3004 12550 12551 3005)
4(2895 3006 12552 12441)
4(3005 12551 12552 3006)
4(2896 3007 12553 12442)
4(3006 12552 12553 3007)
4(2897 3008 12554 12443)
4(3007 12553 12554 3008)
4(2898 3009 12555 12444)
4(3008 12554 12555 3009)
4(2899 3010 12556 12445)
4(3009 12555 12556 3010)
4(2900 3011 12557 12446)
4(3010 12556 12557 3011)
4(2901 3012 12558 12447)
4(3011 12557 12558 3012)
4(2902 3013 12559 12448)
4(3012 12558 12559 3013)
4(2903 3014 12560 12449)
4(3013 12559 12560 3014)
4(2904 3015 12561 12450)
4(3014 12560 12561 3015)
4(2905 3016 12562 12451)
4(3015 12561 12562 3016)
4(2906 3017 12563 12452)
4(3016 12562 12563 3017)
4(2907 3018 12564 12453)
4(3017 12563 12564 3018)
4(2908 3019 12565 12454)
4(3018 12564 12565 3019)
4(2909 3020 12566 12455)
4(3019 12565 12566 3020)
4(2910 3021 12567 12456)
4(3020 12566 12567 3021)
4(2911 3022 12568 12457)
4(3021 12567 12568 3022)
4(2912 3023 12569 12458)
4(3022 12568 12569 3023)
4(2913 3024 12570 12459)
4(3023 12569 12570 3024)
4(2914 3025 12571 12460)
4(3024 12570 12571 3025)
4(2915 3026 12572 12461)
4(3025 12571 12572 3026)
4(2916 3027 12573 12462)
4(3026 12572 12573 3027)
4(2917 3028 12574 12463)
4(3027 12573 12574 3028)
4(2918 3029 12575 12464)
4(3028 12574 12575 3029)
4(2919 3030 12576 12465)
4(3029 12575 12576 3030)
4(2920 3031 12577 12466)
4(3030 12576 12577 3031)
4(2921 3032 12578 12467)
4(3031 12577 12578 3032)
4(2922 3033 12579 12468)
4(3032 12578 12579 3033)
4(2923 3034 12580 12469)
4(3033 12579 12580 3034)
4(2924 3035 12581 12470)
4(3034 12580 12581 3035)
4(2925 3036 12582 12471)
4(3035 12581 12582 3036)
4(2926 3037 12583 12472)
4(3036 12582 12583 3037)
4(2927 3038 12584 12473)
4(3037 12583 12584 3038)
4(2928 3039 12585 12474)
4(3038 12584 12585 3039)
4(2929 3040 12586 12475)
4(3039 12585 12586 3040)
4(2930 3041 12587 12476)
4(3040 12586 12587 3041)
4(2931 3042 12588 12477)
4(3041 12587 12588 3042)
4(2932 3043 12589 12478)
4(3042 12588 12589 3043)
4(2933 3044 12590 12479)
4(3043 12589 12590 3044)
4(2934 3045 12591 12480)
4(3044 12590 12591 3045)
4(2935 3046 12592 12481)
4(3045 12591 12592 3046)
4(2936 3047 12593 12482)
4(3046 12592 12593 3047)
4(2937 3048 12594 12483)
4(3047 12593 12594 3048)
4(2938 3049 12595 12484)
4(3048 12594 12595 3049)
4(2939 3050 12596 12485)
4(3049 12595 12596 3050)
4(2940 3051 12597 12486)
4(3050 12596 12597 3051)
4(2941 3052 12598 12487)
4(3051 12597 12598 3052)
4(2942 3053 12599 12488)
4(3052 12598 12599 3053)
4(2943 3054 12600 12489)
4(3053 12599 12600 3054)
4(2944 3055 12601 12490)
4(3054 12600 12601 3055)
4(2945 3056 12602 12491)
4(3055 12601 12602 3056)
4(2946 3057 12603 12492)
4(3056 12602 12603 3057)
4(2947 3058 12604 12493)
4(3057 12603 12604 3058)
4(2948 3059 12605 12494)
4(3058 12604 12605 3059)
4(2949 3060 12606 12495)
4(3059 12605 12606 3060)
4(2950 3061 12607 12496)
4(3060 12606 12607 3061)
4(2951 3062 12608 12497)
4(3061 12607 12608 3062)
4(2952 3063 12609 12498)
4(3062 12608 12609 3063)
4(2953 3064 12610 12499)
4(3063 12609 12610 3064)
4(2954 3065 12611 12500)
4(3064 12610 12611 3065)
4(2955 3066 12612 12501)
4(3065 12611 12612 3066)
4(2956 3067 12613 12502)
4(3066 12612 12613 3067)
4(2957 3068 12614 12503)
4(3067 12613 12614 3068)
4(2958 3069 12615 12504)
4(3068 12614 12615 3069)
4(2959 3070 12616 12505)
4(3069 12615 12616 3070)
4(2960 3071 12617 12506)
4(3070 12616 12617 3071)
4(2961 3072 12618 12507)
4(3071 12617 12618 3072)
4(2962 3073 12619 12508)
4(3072 12618 12619 3073)
4(2963 3074 12620 12509)
4(3073 12619 12620 3074)
4(2964 3075 12621 12510)
4(3074 12620 12621 3075)
4(2965 3076 12622 12511)
4(3075 12621 12622 3076)
4(2966 3077 12623 12512)
4(3076 12622 12623 3077)
4(2967 3078 12624 12513)
4(3077 12623 12624 3078)
4(2968 3079 12625 12514)
4(3078 12624 12625 3079)
4(2969 3080 12626 12515)
4(3079 12625 12626 3080)
4(2970 3081 12627 12516)
4(3080 12626 12627 3081)
4(2971 3082 12628 12517)
4(3081 12627 12628 3082)
4(2972 3083 12629 12518)
4(3082 12628 12629 3083)
4(2973 3084 12630 12519)
4(3083 12629 12630 3084)
4(2974 3085 12631 12520)
4(3084 12630 12631 3085)
4(2975 3086 12632 12521)
4(3085 12631 12632 3086)
4(2976 3087 12633 12522)
4(3086 12632 12633 3087)
4(2977 3088 12634 12523)
4(3087 12633 12634 3088)
4(2978 3089 12635 12524)
4(3088 12634 12635 3089)
4(2979 3090 12636 12525)
4(3089 12635 12636 3090)
4(2980 3091 12637 12526)
4(3090 12636 12637 3091)
4(2981 3092 12638 12527)
4(3091 12637 12638 3092)
4(2982 3093 12639 12528)
4(3092 12638 12639 3093)
4(2983 3094 12640 12529)
4(3093 12639 12640 3094)
4(2984 3095 12641 12530)
4(3094 12640 12641 3095)
4(2985 3096 12642 12531)
4(3095 12641 12642 3096)
4(2986 3097 12643 12532)
4(3096 12642 12643 3097)
4(2987 3098 12644 12533)
4(3097 12643 12644 3098)
4(2988 3099 12645 12534)
4(3098 12644 12645 3099)
4(2989 3100 12646 12535)
4(3099 12645 12646 3100)
4(2990 3101 12647 12536)
4(3100 12646 12647 3101)
4(2991 3102 12648 12537)
4(3101 12647 12648 3102)
4(2992 3103 12649 12538)
4(3102 12648 12649 3103)
4(2993 3104 12650 12539)
4(3103 12649 12650 3104)
4(2994 3105 12651 12540)
4(3104 12650 12651 3105)
4(2995 3106 12652 12541)
4(3105 12651 12652 3106)
4(3106 12652 12653 3107)
4(2998 3109 12655 12544)
4(3108 12654 12655 3109)
4(2999 3110 12656 12545)
4(3109 12655 12656 3110)
4(3000 3111 12657 12546)
4(3110 12656 12657 3111)
4(3001 3112 12658 12547)
4(3111 12657 12658 3112)
4(3002 3113 12659 12548)
4(3112 12658 12659 3113)
4(3003 3114 12660 12549)
4(3113 12659 12660 3114)
4(3004 3115 12661 12550)
4(3114 12660 12661 3115)
4(3005 3116 12662 12551)
4(3115 12661 12662 3116)
4(3006 3117 12663 12552)
4(3116 12662 12663 3117)
4(3007 3118 12664 12553)
4(3117 12663 12664 3118)
4(3008 3119 12665 12554)
4(3118 12664 12665 3119)
4(3009 3120 12666 12555)
4(3119 12665 12666 3120)
4(3010 3121 12667 12556)
4(3120 12666 12667 3121)
4(3011 3122 12668 12557)
4(3121 12667 12668 3122)
4(3012 3123 12669 12558)
4(3122 12668 12669 3123)
4(3013 3124 12670 12559)
4(3123 12669 12670 3124)
4(3014 3125 12671 12560)
4(3124 12670 12671 3125)
4(3015 3126 12672 12561)
4(3125 12671 12672 3126)
4(3016 3127 12673 12562)
4(3126 12672 12673 3127)
4(3017 3128 12674 12563)
4(3127 12673 12674 3128)
4(3018 3129 12675 12564)
4(3128 12674 12675 3129)
4(3019 3130 12676 12565)
4(3129 12675 12676 3130)
4(3020 3131 12677 12566)
4(3130 12676 12677 3131)
4(3021 3132 12678 12567)
4(3131 12677 12678 3132)
4(3022 3133 12679 12568)
4(3132 12678 12679 3133)
4(3023 3134 12680 12569)
4(3133 12679 12680 3134)
4(3024 3135 12681 12570)
4(3134 12680 12681 3135)
4(3025 3136 12682 12571)
4(3135 12681 12682 3136)
4(3026 3137 12683 12572)
4(3136 12682 12683 3137)
4(3027 3138 12684 12573)
4(3137 12683 12684 3138)
4(3028 3139 12685 12574)
4(3138 12684 12685 3139)
4(3029 3140 12686 12575)
4(3139 12685 12686 3140)
4(3030 3141 12687 12576)
4(3140 12686 12687 3141)
4(3031 3142 12688 12577)
4(3141 12687 12688 3142)
4(3032 3143 12689 12578)
4(3142 12688 12689 3143)
4(3033 3144 12690 12579)
4(3143 12689 12690 3144)
4(3034 3145 12691 12580)
4(3144 12690 12691 3145)
4(3035 3146 12692 12581)
4(3145 12691 12692 3146)
4(3036 3147 12693 12582)
4(3146 12692 12693 3147)
4(3037 3148 12694 12583)
4(3147 12693 12694 3148)
4(3038 3149 12695 12584)
4(3148 12694 12695 3149)
4(3039 3150 12696 12585)
4(3149 12695 12696 3150)
4(3040 3151 12697 12586)
4(3150 12696 12697 3151)
4(3041 3152 12698 12587)
4(3151 12697 12698 3152)
4(3042 3153 12699 12588)
4(3152 12698 12699 3153)
4(3043 3154 12700 12589)
4(3153 12699 12700 3154)
4(3044 3155 12701 12590)
4(3154 12700 12701 3155)
4(3045 3156 12702 12591)
4(3155 12701 12702 3156)
4(3046 3157 12703 12592)
4(3156 12702 12703 3157)
4(3047 3158 12704 12593)
4(3157 12703 12704 3158)
4(3048 3159 12705 12594)
4(3158 12704 12705 3159)
4(3049 3160 12706 12595)
4(3159 12705 12706 3160)
4(3050 3161 12707 12596)
4(3160 12706 12707 3161)
4(3051 3162 12708 12597)
4(3161 12707 12708 3162)
4(3052 3163 12709 12598)
4(3162 12708 12709 3163)
4(3053 3164 12710 12599)
4(3163 12709 12710 3164)
4(3054 3165 12711 12600)
4(3164 12710 12711 3165)
4(3055 3166 12712 12601)
4(3165 12711 12712 3166)
4(3056 3167 12713 12602)
4(3166 12712 12713 3167)
4(3057 3168 12714 12603)
4(3167 12713 12714 3168)
4(3058 3169 12715 12604)
4(3168 12714 12715 3169)
4(3059 3170 12716 12605)
4(3169 12715 12716 3170)
4(3060 3171 12717 12606)
4(3170 12716 12717 3171)
4(3061 3172 12718 12607)
4(3171 12717 12718 3172)
4(3062 3173 12719 12608)
4(3172 12718 12719 3173)
4(3063 3174 12720 12609)
4(3173 12719 12720 3174)
4(3064 3175 12721 12610)
4(3174 12720 12721 3175)
4(3065 3176 12722 12611)
4(3175 12721 12722 3176)
4(3066 3177 12723 12612)
4(3176 12722 12723 3177)
4(3067 3178 12724 12613)
4(3177 12723 12724 3178)
4(3068 3179 12725 12614)
4(3178 12724 12725 3179)
4(3069 3180 12726 12615)
4(3179 12725 12726 3180)
4(3070 3181 12727 12616)
4(3180 12726 12727 3181)
4(3071 3182 12728 12617)
4(3181 12727 12728 3182)
4(3072 3183 12729 12618)
4(3182 12728 12729 3183)
4(3073 3184 12730 12619)
4(3183 12729 12730 3184)
4(3074 3185 12731 12620)
4(3184 12730 12731 3185)
4(3075 3186 12732 12621)
4(3185 12731 12732 3186)
4(3076 3187 12733 12622)
4(3186 12732 12733 3187)
4(3077 3188 12734 12623)
4(3187 12733 12734 3188)
4(3078 3189 12735 12624)
4(3188 12734 12735 3189)
4(3079 3190 12736 12625)
4(3189 12735 12736 3190)
4(3080 3191 12737 12626)
4(3190 12736 12737 3191)
4(3081 3192 12738 12627)
4(3191 12737 12738 3192)
4(3082 3193 12739 12628)
4(3192 12738 12739 3193)
4(3083 3194 12740 12629)
4(3193 12739 12740 3194)
4(3084 3195 12741 12630)
4(3194 12740 12741 3195)
4(3085 3196 12742 12631)
4(3195 12741 12742 3196)
4(3086 3197 12743 12632)
4(3196 12742 12743 3197)
4(3087 3198 12744 12633)
4(3197 12743 12744 3198)
4(3088 3199 12745 12634)
4(3198 12744 12745 3199)
4(3089 3200 12746 12635)
4(3199 12745 12746 3200)
4(3090 3201 12747 12636)
4(3200 12746 12747 3201)
4(3091 3202 12748 12637)
4(3201 12747 12748 3202)
4(3092 3203 12749 12638)
4(3202 12748 12749 3203)
4(3093 3204 12750 12639)
4(3203 12749 12750 3204)
4(3094 3205 12751 12640)
4(3204 12750 12751 3205)
4(3095 3206 12752 12641)
4(3205 12751 12752 3206)
4(3096 3207 12753 12642)
4(3206 12752 12753 3207)
4(3097 3208 12754 12643)
4(3207 12753 12754 3208)
4(3098 3209 12755 12644)
4(3208 12754 12755 3209)
4(3099 3210 12756 12645)
4(3209 12755 12756 3210)
4(3100 3211 12757 12646)
4(3210 12756 12757 3211)
4(3101 3212 12758 12647)
4(3211 12757 12758 3212)
4(3102 3213 12759 12648)
4(3212 12758 12759 3213)
4(3103 3214 12760 12649)
4(3213 12759 12760 3214)
4(3104 3215 12761 12650)
4(3214 12760 12761 3215)
4(3105 3216 12762 12651)
4(3215 12761 12762 3216)
4(3106 3217 12763 12652)
4(3216 12762 12763 3217)
4(3217 12763 12764 3218)
4(3109 3220 12766 12655)
4(3219 12765 12766 3220)
4(3110 3221 12767 12656)
4(3220 12766 12767 3221)
4(3111 3222 12768 12657)
4(3221 12767 12768 3222)
4(3112 3223 12769 12658)
4(3222 12768 12769 3223)
4(3113 3224 12770 12659)
4(3223 12769 12770 3224)
4(3114 3225 12771 12660)
4(3224 12770 12771 3225)
4(3115 3226 12772 12661)
4(3225 12771 12772 3226)
4(3116 3227 12773 12662)
4(3226 12772 12773 3227)
4(3117 3228 12774 12663)
4(3227 12773 12774 3228)
4(3118 3229 12775 12664)
4(3228 12774 12775 3229)
4(3119 3230 12776 12665)
4(3229 12775 12776 3230)
4(3120 3231 12777 12666)
4(3230 12776 12777 3231)
4(3121 3232 12778 12667)
4(3231 12777 12778 3232)
4(3122 3233 12779 12668)
4(3232 12778 12779 3233)
4(3123 3234 12780 12669)
4(3233 12779 12780 3234)
4(3124 3235 12781 12670)
4(3234 12780 12781 3235)
4(3125 3236 12782 12671)
4(3235 12781 12782 3236)
4(3126 3237 12783 12672)
4(3236 12782 12783 3237)
4(3127 3238 12784 12673)
4(3237 12783 12784 3238)
4(3128 3239 12785 12674)
4(3238 12784 12785 3239)
4(3129 3240 12786 12675)
4(3239 12785 12786 3240)
4(3130 3241 12787 12676)
4(3240 12786 12787 3241)
4(3131 3242 12788 12677)
4(3241 12787 12788 3242)
4(3132 3243 12789 12678)
4(3242 12788 12789 3243)
4(3133 3244 12790 12679)
4(3243 12789 12790 3244)
4(3134 3245 12791 12680)
4(3244 12790 12791 3245)
4(3135 3246 12792 12681)
4(3245 12791 12792 3246)
4(3136 3247 12793 12682)
4(3246 12792 12793 3247)
4(3137 3248 12794 12683)
4(3247 12793 12794 3248)
4(3138 3249 12795 12684)
4(3248 12794 12795 3249)
4(3139 3250 12796 12685)
4(3249 12795 12796 3250)
4(3140 3251 12797 12686)
4(3250 12796 12797 3251)
4(3141 3252 12798 12687)
4(3251 12797 12798 3252)
4(3142 3253 12799 12688)
4(3252 12798 12799 3253)
4(3143 3254 12800 12689)
4(3253 12799 12800 3254)
4(3144 3255 12801 12690)
4(3254 12800 12801 3255)
4(3145 3256 12802 12691)
4(3255 12801 12802 3256)
4(3146 3257 12803 12692)
4(3256 12802 12803 3257)
4(3147 3258 12804 12693)
4(3257 12803 12804 3258)
4(3148 3259 12805 12694)
4(3258 12804 12805 3259)
4(3149 3260 12806 12695)
4(3259 12805 12806 3260)
4(3150 3261 12807 12696)
4(3260 12806 12807 3261)
4(3151 3262 12808 12697)
4(3261 12807 12808 3262)
4(3152 3263 12809 12698)
4(3262 12808 12809 3263)
4(3153 3264 12810 12699)
4(3263 12809 12810 3264)
4(3154 3265 12811 12700)
4(3264 12810 12811 3265)
4(3155 3266 12812 12701)
4(3265 12811 12812 3266)
4(3156 3267 12813 12702)
4(3266 12812 12813 3267)
4(3157 3268 12814 12703)
4(3267 12813 12814 3268)
4(3158 3269 12815 12704)
4(3268 12814 12815 3269)
4(3159 3270 12816 12705)
4(3269 12815 12816 3270)
4(3160 3271 12817 12706)
4(3270 12816 12817 3271)
4(3161 3272 12818 12707)
4(3271 12817 12818 3272)
4(3162 3273 12819 12708)
4(3272 12818 12819 3273)
4(3163 3274 12820 12709)
4(3273 12819 12820 3274)
4(3164 3275 12821 12710)
4(3274 12820 12821 3275)
4(3165 3276 12822 12711)
4(3275 12821 12822 3276)
4(3166 3277 12823 12712)
4(3276 12822 12823 3277)
4(3167 3278 12824 12713)
4(3277 12823 12824 3278)
4(3168 3279 12825 12714)
4(3278 12824 12825 3279)
4(3169 3280 12826 12715)
4(3279 12825 12826 3280)
4(3170 3281 12827 12716)
4(3280 12826 12827 3281)
4(3171 3282 12828 12717)
4(3281 12827 12828 3282)
4(3172 3283 12829 12718)
4(3282 12828 12829 3283)
4(3173 3284 12830 12719)
4(3283 12829 12830 3284)
4(3174 3285 12831 12720)
4(3284 12830 12831 3285)
4(3175 3286 12832 12721)
4(3285 12831 12832 3286)
4(3176 3287 12833 12722)
4(3286 12832 12833 3287)
4(3177 3288 12834 12723)
4(3287 12833 12834 3288)
4(3178 3289 12835 12724)
4(3288 12834 12835 3289)
4(3179 3290 12836 12725)
4(3289 12835 12836 3290)
4(3180 3291 12837 12726)
4(3290 12836 12837 3291)
4(3181 3292 12838 12727)
4(3291 12837 12838 3292)
4(3182 3293 12839 12728)
4(3292 12838 12839 3293)
4(3183 3294 12840 12729)
4(3293 12839 12840 3294)
4(3184 3295 12841 12730)
4(3294 12840 12841 3295)
4(3185 3296 12842 12731)
4(3295 12841 12842 3296)
4(3186 3297 12843 12732)
4(3296 12842 12843 3297)
4(3187 3298 12844 12733)
4(3297 12843 12844 3298)
4(3188 3299 12845 12734)
4(3298 12844 12845 3299)
4(3189 3300 12846 12735)
4(3299 12845 12846 3300)
4(3190 3301 12847 12736)
4(3300 12846 12847 3301)
4(3191 3302 12848 12737)
4(3301 12847 12848 3302)
4(3192 3303 12849 12738)
4(3302 12848 12849 3303)
4(3193 3304 12850 12739)
4(3303 12849 12850 3304)
4(3194 3305 12851 12740)
4(3304 12850 12851 3305)
4(3195 3306 12852 12741)
4(3305 12851 12852 3306)
4(3196 3307 12853 12742)
4(3306 12852 12853 3307)
4(3197 3308 12854 12743)
4(3307 12853 12854 3308)
4(3198 3309 12855 12744)
4(3308 12854 12855 3309)
4(3199 3310 12856 12745)
4(3309 12855 12856 3310)
4(3200 3311 12857 12746)
4(3310 12856 12857 3311)
4(3201 3312 12858 12747)
4(3311 12857 12858 3312)
4(3202 3313 12859 12748)
4(3312 12858 12859 3313)
4(3203 3314 12860 12749)
4(3313 12859 12860 3314)
4(3204 3315 12861 12750)
4(3314 12860 12861 3315)
4(3205 3316 12862 12751)
4(3315 12861 12862 3316)
4(3206 3317 12863 12752)
4(3316 12862 12863 3317)
4(3207 3318 12864 12753)
4(3317 12863 12864 3318)
4(3208 3319 12865 12754)
4(3318 12864 12865 3319)
4(3209 3320 12866 12755)
4(3319 12865 12866 3320)
4(3210 3321 12867 12756)
4(3320 12866 12867 3321)
4(3211 3322 12868 12757)
4(3321 12867 12868 3322)
4(3212 3323 12869 12758)
4(3322 12868 12869 3323)
4(3213 3324 12870 12759)
4(3323 12869 12870 3324)
4(3214 3325 12871 12760)
4(3324 12870 12871 3325)
4(3215 3326 12872 12761)
4(3325 12871 12872 3326)
4(3216 3327 12873 12762)
4(3326 12872 12873 3327)
4(3217 3328 12874 12763)
4(3327 12873 12874 3328)
4(3328 12874 12875 3329)
4(3220 3331 12877 12766)
4(3330 12876 12877 3331)
4(3221 3332 12878 12767)
4(3331 12877 12878 3332)
4(3222 3333 12879 12768)
4(3332 12878 12879 3333)
4(3223 3334 12880 12769)
4(3333 12879 12880 3334)
4(3224 3335 12881 12770)
4(3334 12880 12881 3335)
4(3225 3336 12882 12771)
4(3335 12881 12882 3336)
4(3226 3337 12883 12772)
4(3336 12882 12883 3337)
4(3227 3338 12884 12773)
4(3337 12883 12884 3338)
4(3228 3339 12885 12774)
4(3338 12884 12885 3339)
4(3229 3340 12886 12775)
4(3339 12885 12886 3340)
4(3230 3341 12887 12776)
4(3340 12886 12887 3341)
4(3231 3342 12888 12777)
4(3341 12887 12888 3342)
4(3232 3343 12889 12778)
4(3342 12888 12889 3343)
4(3233 3344 12890 12779)
4(3343 12889 12890 3344)
4(3234 3345 12891 12780)
4(3344 12890 12891 3345)
4(3235 3346 12892 12781)
4(3345 12891 12892 3346)
4(3236 3347 12893 12782)
4(3346 12892 12893 3347)
4(3237 3348 12894 12783)
4(3347 12893 12894 3348)
4(3238 3349 12895 12784)
4(3348 12894 12895 3349)
4(3239 3350 12896 12785)
4(3349 12895 12896 3350)
4(3240 3351 12897 12786)
4(3350 12896 12897 3351)
4(3241 3352 12898 12787)
4(3351 12897 12898 3352)
4(3242 3353 12899 12788)
4(3352 12898 12899 3353)
4(3243 3354 12900 12789)
4(3353 12899 12900 3354)
4(3244 3355 12901 12790)
4(3354 12900 12901 3355)
4(3245 3356 12902 12791)
4(3355 12901 12902 3356)
4(3246 3357 12903 12792)
4(3356 12902 12903 3357)
4(3247 3358 12904 12793)
4(3357 12903 12904 3358)
4(3248 3359 12905 12794)
4(3358 12904 12905 3359)
4(3249 3360 12906 12795)
4(3359 12905 12906 3360)
4(3250 3361 12907 12796)
4(3360 12906 12907 3361)
4(3251 3362 12908 12797)
4(3361 12907 12908 3362)
4(3252 3363 12909 12798)
4(3362 12908 12909 3363)
4(3253 3364 12910 12799)
4(3363 12909 12910 3364)
4(3254 3365 12911 12800)
4(3364 12910 12911 3365)
4(3255 3366 12912 12801)
4(3365 12911 12912 3366)
4(3256 3367 12913 12802)
4(3366 12912 12913 3367)
4(3257 3368 12914 12803)
4(3367 12913 12914 3368)
4(3258 3369 12915 12804)
4(3368 12914 12915 3369)
4(3259 3370 12916 12805)
4(3369 12915 12916 3370)
4(3260 3371 12917 12806)
4(3370 12916 12917 3371)
4(3261 3372 12918 12807)
4(3371 12917 12918 3372)
4(3262 3373 12919 12808)
4(3372 12918 12919 3373)
4(3263 3374 12920 12809)
4(3373 12919 12920 3374)
4(3264 3375 12921 12810)
4(3374 12920 12921 3375)
4(3265 3376 12922 12811)
4(3375 12921 12922 3376)
4(3266 3377 12923 12812)
4(3376 12922 12923 3377)
4(3267 3378 12924 12813)
4(3377 12923 12924 3378)
4(3268 3379 12925 12814)
4(3378 12924 12925 3379)
4(3269 3380 12926 12815)
4(3379 12925 12926 3380)
4(3270 3381 12927 12816)
4(3380 12926 12927 3381)
4(3271 3382 12928 12817)
4(3381 12927 12928 3382)
4(3272 3383 12929 12818)
4(3382 12928 12929 3383)
4(3273 3384 12930 12819)
4(3383 12929 12930 3384)
4(3274 3385 12931 12820)
4(3384 12930 12931 3385)
4(3275 3386 12932 12821)
4(3385 12931 12932 3386)
4(3276 3387 12933 12822)
4(3386 12932 12933 3387)
4(3277 3388 12934 12823)
4(3387 12933 12934 3388)
4(3278 3389 12935 12824)
4(3388 12934 12935 3389)
4(3279 3390 12936 12825)
4(3389 12935 12936 3390)
4(3280 3391 12937 12826)
4(3390 12936 12937 3391)
4(3281 3392 12938 12827)
4(3391 12937 12938 3392)
4(3282 3393 12939 12828)
4(3392 12938 12939 3393)
4(3283 3394 12940 12829)
4(3393 12939 12940 3394)
4(3284 3395 12941 12830)
4(3394 12940 12941 3395)
4(3285 3396 12942 12831)
4(3395 12941 12942 3396)
4(3286 3397 12943 12832)
4(3396 12942 12943 3397)
4(3287 3398 12944 12833)
4(3397 12943 12944 3398)
4(3288 3399 12945 12834)
4(3398 12944 12945 3399)
4(3289 3400 12946 12835)
4(3399 12945 12946 3400)
4(3290 3401 12947 12836)
4(3400 12946 12947 3401)
4(3291 3402 12948 12837)
4(3401 12947 12948 3402)
4(3292 3403 12949 12838)
4(3402 12948 12949 3403)
4(3293 3404 12950 12839)
4(3403 12949 12950 3404)
4(3294 3405 12951 12840)
4(3404 12950 12951 3405)
4(3295 3406 12952 12841)
4(3405 12951 12952 3406)
4(3296 3407 12953 12842)
4(3406 12952 12953 3407)
4(3297 3408 12954 12843)
4(3407 12953 12954 3408)
4(3298 3409 12955 12844)
4(3408 12954 12955 3409)
4(3299 3410 12956 12845)
4(3409 12955 12956 3410)
4(3300 3411 12957 12846)
4(3410 12956 12957 3411)
4(3301 3412 12958 12847)
4(3411 12957 12958 3412)
4(3302 3413 12959 12848)
4(3412 12958 12959 3413)
4(3303 3414 12960 12849)
4(3413 12959 12960 3414)
4(3304 3415 12961 12850)
4(3414 12960 12961 3415)
4(3305 3416 12962 12851)
4(3415 12961 12962 3416)
4(3306 3417 12963 12852)
4(3416 12962 12963 3417)
4(3307 3418 12964 12853)
4(3417 12963 12964 3418)
4(3308 3419 12965 12854)
4(3418 12964 12965 3419)
4(3309 3420 12966 12855)
4(3419 12965 12966 3420)
4(3310 3421 12967 12856)
4(3420 12966 12967 3421)
4(3311 3422 12968 12857)
4(3421 12967 12968 3422)
4(3312 3423 12969 12858)
4(3422 12968 12969 3423)
4(3313 3424 12970 12859)
4(3423 12969 12970 3424)
4(3314 3425 12971 12860)
4(3424 12970 12971 3425)
4(3315 3426 12972 12861)
4(3425 12971 12972 3426)
4(3316 3427 12973 12862)
4(3426 12972 12973 3427)
4(3317 3428 12974 12863)
4(3427 12973 12974 3428)
4(3318 3429 12975 12864)
4(3428 12974 12975 3429)
4(3319 3430 12976 12865)
4(3429 12975 12976 3430)
4(3320 3431 12977 12866)
4(3430 12976 12977 3431)
4(3321 3432 12978 12867)
4(3431 12977 12978 3432)
4(3322 3433 12979 12868)
4(3432 12978 12979 3433)
4(3323 3434 12980 12869)
4(3433 12979 12980 3434)
4(3324 3435 12981 12870)
4(3434 12980 12981 3435)
4(3325 3436 12982 12871)
4(3435 12981 12982 3436)
4(3326 3437 12983 12872)
4(3436 12982 12983 3437)
4(3327 3438 12984 12873)
4(3437 12983 12984 3438)
4(3328 3439 12985 12874)
4(3438 12984 12985 3439)
4(3439 12985 12986 3440)
4(3331 3442 12988 12877)
4(3441 12987 12988 3442)
4(3332 3443 12989 12878)
4(3442 12988 12989 3443)
4(3333 3444 12990 12879)
4(3443 12989 12990 3444)
4(3334 3445 12991 12880)
4(3444 12990 12991 3445)
4(3335 3446 12992 12881)
4(3445 12991 12992 3446)
4(3336 3447 12993 12882)
4(3446 12992 12993 3447)
4(3337 3448 12994 12883)
4(3447 12993 12994 3448)
4(3338 3449 12995 12884)
4(3448 12994 12995 3449)
4(3339 3450 12996 12885)
4(3449 12995 12996 3450)
4(3340 3451 12997 12886)
4(3450 12996 12997 3451)
4(3341 3452 12998 12887)
4(3451 12997 12998 3452)
4(3342 3453 12999 12888)
4(3452 12998 12999 3453)
4(3343 3454 13000 12889)
4(3453 12999 13000 3454)
4(3344 3455 13001 12890)
4(3454 13000 13001 3455)
4(3345 3456 13002 12891)
4(3455 13001 13002 3456)
4(3346 3457 13003 12892)
4(3456 13002 13003 3457)
4(3347 3458 13004 12893)
4(3457 13003 13004 3458)
4(3348 3459 13005 12894)
4(3458 13004 13005 3459)
4(3349 3460 13006 12895)
4(3459 13005 13006 3460)
4(3350 3461 13007 12896)
4(3460 13006 13007 3461)
4(3351 3462 13008 12897)
4(3461 13007 13008 3462)
4(3352 3463 13009 12898)
4(3462 13008 13009 3463)
4(3353 3464 13010 12899)
4(3463 13009 13010 3464)
4(3354 3465 13011 12900)
4(3464 13010 13011 3465)
4(3355 3466 13012 12901)
4(3465 13011 13012 3466)
4(3356 3467 13013 12902)
4(3466 13012 13013 3467)
4(3357 3468 13014 12903)
4(3467 13013 13014 3468)
4(3358 3469 13015 12904)
4(3468 13014 13015 3469)
4(3359 3470 13016 12905)
4(3469 13015 13016 3470)
4(3360 3471 13017 12906)
4(3470 13016 13017 3471)
4(3361 3472 13018 12907)
4(3471 13017 13018 3472)
4(3362 3473 13019 12908)
4(3472 13018 13019 3473)
4(3363 3474 13020 12909)
4(3473 13019 13020 3474)
4(3364 3475 13021 12910)
4(3474 13020 13021 3475)
4(3365 3476 13022 12911)
4(3475 13021 13022 3476)
4(3366 3477 13023 12912)
4(3476 13022 13023 3477)
4(3367 3478 13024 12913)
4(3477 13023 13024 3478)
4(3368 3479 13025 12914)
4(3478 13024 13025 3479)
4(3369 3480 13026 12915)
4(3479 13025 13026 3480)
4(3370 3481 13027 12916)
4(3480 13026 13027 3481)
4(3371 3482 13028 12917)
4(3481 13027 13028 3482)
4(3372 3483 13029 12918)
4(3482 13028 13029 3483)
4(3373 3484 13030 12919)
4(3483 13029 13030 3484)
4(3374 3485 13031 12920)
4(3484 13030 13031 3485)
4(3375 3486 13032 12921)
4(3485 13031 13032 3486)
4(3376 3487 13033 12922)
4(3486 13032 13033 3487)
4(3377 3488 13034 12923)
4(3487 13033 13034 3488)
4(3378 3489 13035 12924)
4(3488 13034 13035 3489)
4(3379 3490 13036 12925)
4(3489 13035 13036 3490)
4(3380 3491 13037 12926)
4(3490 13036 13037 3491)
4(3381 3492 13038 12927)
4(3491 13037 13038 3492)
4(3382 3493 13039 12928)
4(3492 13038 13039 3493)
4(3383 3494 13040 12929)
4(3493 13039 13040 3494)
4(3384 3495 13041 12930)
4(3494 13040 13041 3495)
4(3385 3496 13042 12931)
4(3495 13041 13042 3496)
4(3386 3497 13043 12932)
4(3496 13042 13043 3497)
4(3387 3498 13044 12933)
4(3497 13043 13044 3498)
4(3388 3499 13045 12934)
4(3498 13044 13045 3499)
4(3389 3500 13046 12935)
4(3499 13045 13046 3500)
4(3390 3501 13047 12936)
4(3500 13046 13047 3501)
4(3391 3502 13048 12937)
4(3501 13047 13048 3502)
4(3392 3503 13049 12938)
4(3502 13048 13049 3503)
4(3393 3504 13050 12939)
4(3503 13049 13050 3504)
4(3394 3505 13051 12940)
4(3504 13050 13051 3505)
4(3395 3506 13052 12941)
4(3505 13051 13052 3506)
4(3396 3507 13053 12942)
4(3506 13052 13053 3507)
4(3397 3508 13054 12943)
4(3507 13053 13054 3508)
4(3398 3509 13055 12944)
4(3508 13054 13055 3509)
4(3399 3510 13056 12945)
4(3509 13055 13056 3510)
4(3400 3511 13057 12946)
4(3510 13056 13057 3511)
4(3401 3512 13058 12947)
4(3511 13057 13058 3512)
4(3402 3513 13059 12948)
4(3512 13058 13059 3513)
4(3403 3514 13060 12949)
4(3513 13059 13060 3514)
4(3404 3515 13061 12950)
4(3514 13060 13061 3515)
4(3405 3516 13062 12951)
4(3515 13061 13062 3516)
4(3406 3517 13063 12952)
4(3516 13062 13063 3517)
4(3407 3518 13064 12953)
4(3517 13063 13064 3518)
4(3408 3519 13065 12954)
4(3518 13064 13065 3519)
4(3409 3520 13066 12955)
4(3519 13065 13066 3520)
4(3410 3521 13067 12956)
4(3520 13066 13067 3521)
4(3411 3522 13068 12957)
4(3521 13067 13068 3522)
4(3412 3523 13069 12958)
4(3522 13068 13069 3523)
4(3413 3524 13070 12959)
4(3523 13069 13070 3524)
4(3414 3525 13071 12960)
4(3524 13070 13071 3525)
4(3415 3526 13072 12961)
4(3525 13071 13072 3526)
4(3416 3527 13073 12962)
4(3526 13072 13073 3527)
4(3417 3528 13074 12963)
4(3527 13073 13074 3528)
4(3418 3529 13075 12964)
4(3528 13074 13075 3529)
4(3419 3530 13076 12965)
4(3529 13075 13076 3530)
4(3420 3531 13077 12966)
4(3530 13076 13077 3531)
4(3421 3532 13078 12967)
4(3531 13077 13078 3532)
4(3422 3533 13079 12968)
4(3532 13078 13079 3533)
4(3423 3534 13080 12969)
4(3533 13079 13080 3534)
4(3424 3535 13081 12970)
4(3534 13080 13081 3535)
4(3425 3536 13082 12971)
4(3535 13081 13082 3536)
4(3426 3537 13083 12972)
4(3536 13082 13083 3537)
4(3427 3538 13084 12973)
4(3537 13083 13084 3538)
4(3428 3539 13085 12974)
4(3538 13084 13085 3539)
4(3429 3540 13086 12975)
4(3539 13085 13086 3540)
4(3430 3541 13087 12976)
4(3540 13086 13087 3541)
4(3431 3542 13088 12977)
4(3541 13087 13088 3542)
4(3432 3543 13089 12978)
4(3542 13088 13089 3543)
4(3433 3544 13090 12979)
4(3543 13089 13090 3544)
4(3434 3545 13091 12980)
4(3544 13090 13091 3545)
4(3435 3546 13092 12981)
4(3545 13091 13092 3546)
4(3436 3547 13093 12982)
4(3546 13092 13093 3547)
4(3437 3548 13094 12983)
4(3547 13093 13094 3548)
4(3438 3549 13095 12984)
4(3548 13094 13095 3549)
4(3439 3550 13096 12985)
4(3549 13095 13096 3550)
4(3550 13096 13097 3551)
4(3442 3553 13099 12988)
4(3552 13098 13099 3553)
4(3443 3554 13100 12989)
4(3553 13099 13100 3554)
4(3444 3555 13101 12990)
4(3554 13100 13101 3555)
4(3445 3556 13102 12991)
4(3555 13101 13102 3556)
4(3446 3557 13103 12992)
4(3556 13102 13103 3557)
4(3447 3558 13104 12993)
4(3557 13103 13104 3558)
4(3448 3559 13105 12994)
4(3558 13104 13105 3559)
4(3449 3560 13106 12995)
4(3559 13105 13106 3560)
4(3450 3561 13107 12996)
4(3560 13106 13107 3561)
4(3451 3562 13108 12997)
4(3561 13107 13108 3562)
4(3452 3563 13109 12998)
4(3562 13108 13109 3563)
4(3453 3564 13110 12999)
4(3563 13109 13110 3564)
4(3454 3565 13111 13000)
4(3564 13110 13111 3565)
4(3455 3566 13112 13001)
4(3565 13111 13112 3566)
4(3456 3567 13113 13002)
4(3566 13112 13113 3567)
4(3457 3568 13114 13003)
4(3567 13113 13114 3568)
4(3458 3569 13115 13004)
4(3568 13114 13115 3569)
4(3459 3570 13116 13005)
4(3569 13115 13116 3570)
4(3460 3571 13117 13006)
4(3570 13116 13117 3571)
4(3461 3572 13118 13007)
4(3571 13117 13118 3572)
4(3462 3573 13119 13008)
4(3572 13118 13119 3573)
4(3463 3574 13120 13009)
4(3573 13119 13120 3574)
4(3464 3575 13121 13010)
4(3574 13120 13121 3575)
4(3465 3576 13122 13011)
4(3575 13121 13122 3576)
4(3466 3577 13123 13012)
4(3576 13122 13123 3577)
4(3467 3578 13124 13013)
4(3577 13123 13124 3578)
4(3468 3579 13125 13014)
4(3578 13124 13125 3579)
4(3469 3580 13126 13015)
4(3579 13125 13126 3580)
4(3470 3581 13127 13016)
4(3580 13126 13127 3581)
4(3471 3582 13128 13017)
4(3581 13127 13128 3582)
4(3472 3583 13129 13018)
4(3582 13128 13129 3583)
4(3473 3584 13130 13019)
4(3583 13129 13130 3584)
4(3474 3585 13131 13020)
4(3584 13130 13131 3585)
4(3475 3586 13132 13021)
4(3585 13131 13132 3586)
4(3476 3587 13133 13022)
4(3586 13132 13133 3587)
4(3477 3588 13134 13023)
4(3587 13133 13134 3588)
4(3478 3589 13135 13024)
4(3588 13134 13135 3589)
4(3479 3590 13136 13025)
4(3589 13135 13136 3590)
4(3480 3591 13137 13026)
4(3590 13136 13137 3591)
4(3481 3592 13138 13027)
4(3591 13137 13138 3592)
4(3482 3593 13139 13028)
4(3592 13138 13139 3593)
4(3483 3594 13140 13029)
4(3593 13139 13140 3594)
4(3484 3595 13141 13030)
4(3594 13140 13141 3595)
4(3485 3596 13142 13031)
4(3595 13141 13142 3596)
4(3486 3597 13143 13032)
4(3596 13142 13143 3597)
4(3487 3598 13144 13033)
4(3597 13143 13144 3598)
4(3488 3599 13145 13034)
4(3598 13144 13145 3599)
4(3489 3600 13146 13035)
4(3599 13145 13146 3600)
4(3490 3601 13147 13036)
4(3600 13146 13147 3601)
4(3491 3602 13148 13037)
4(3601 13147 13148 3602)
4(3492 3603 13149 13038)
4(3602 13148 13149 3603)
4(3493 3604 13150 13039)
4(3603 13149 13150 3604)
4(3494 3605 13151 13040)
4(3604 13150 13151 3605)
4(3495 3606 13152 13041)
4(3605 13151 13152 3606)
4(3496 3607 13153 13042)
4(3606 13152 13153 3607)
4(3497 3608 13154 13043)
4(3607 13153 13154 3608)
4(3498 3609 13155 13044)
4(3608 13154 13155 3609)
4(3499 3610 13156 13045)
4(3609 13155 13156 3610)
4(3500 3611 13157 13046)
4(3610 13156 13157 3611)
4(3501 3612 13158 13047)
4(3611 13157 13158 3612)
4(3502 3613 13159 13048)
4(3612 13158 13159 3613)
4(3503 3614 13160 13049)
4(3613 13159 13160 3614)
4(3504 3615 13161 13050)
4(3614 13160 13161 3615)
4(3505 3616 13162 13051)
4(3615 13161 13162 3616)
4(3506 3617 13163 13052)
4(3616 13162 13163 3617)
4(3507 3618 13164 13053)
4(3617 13163 13164 3618)
4(3508 3619 13165 13054)
4(3618 13164 13165 3619)
4(3509 3620 13166 13055)
4(3619 13165 13166 3620)
4(3510 3621 13167 13056)
4(3620 13166 13167 3621)
4(3511 3622 13168 13057)
4(3621 13167 13168 3622)
4(3512 3623 13169 13058)
4(3622 13168 13169 3623)
4(3513 3624 13170 13059)
4(3623 13169 13170 3624)
4(3514 3625 13171 13060)
4(3624 13170 13171 3625)
4(3515 3626 13172 13061)
4(3625 13171 13172 3626)
4(3516 3627 13173 13062)
4(3626 13172 13173 3627)
4(3517 3628 13174 13063)
4(3627 13173 13174 3628)
4(3518 3629 13175 13064)
4(3628 13174 13175 3629)
4(3519 3630 13176 13065)
4(3629 13175 13176 3630)
4(3520 3631 13177 13066)
4(3630 13176 13177 3631)
4(3521 3632 13178 13067)
4(3631 13177 13178 3632)
4(3522 3633 13179 13068)
4(3632 13178 13179 3633)
4(3523 3634 13180 13069)
4(3633 13179 13180 3634)
4(3524 3635 13181 13070)
4(3634 13180 13181 3635)
4(3525 3636 13182 13071)
4(3635 13181 13182 3636)
4(3526 3637 13183 13072)
4(3636 13182 13183 3637)
4(3527 3638 13184 13073)
4(3637 13183 13184 3638)
4(3528 3639 13185 13074)
4(3638 13184 13185 3639)
4(3529 3640 13186 13075)
4(3639 13185 13186 3640)
4(3530 3641 13187 13076)
4(3640 13186 13187 3641)
4(3531 3642 13188 13077)
4(3641 13187 13188 3642)
4(3532 3643 13189 13078)
4(3642 13188 13189 3643)
4(3533 3644 13190 13079)
4(3643 13189 13190 3644)
4(3534 3645 13191 13080)
4(3644 13190 13191 3645)
4(3535 3646 13192 13081)
4(3645 13191 13192 3646)
4(3536 3647 13193 13082)
4(3646 13192 13193 3647)
4(3537 3648 13194 13083)
4(3647 13193 13194 3648)
4(3538 3649 13195 13084)
4(3648 13194 13195 3649)
4(3539 3650 13196 13085)
4(3649 13195 13196 3650)
4(3540 3651 13197 13086)
4(3650 13196 13197 3651)
4(3541 3652 13198 13087)
4(3651 13197 13198 3652)
4(3542 3653 13199 13088)
4(3652 13198 13199 3653)
4(3543 3654 13200 13089)
4(3653 13199 13200 3654)
4(3544 3655 13201 13090)
4(3654 13200 13201 3655)
4(3545 3656 13202 13091)
4(3655 13201 13202 3656)
4(3546 3657 13203 13092)
4(3656 13202 13203 3657)
4(3547 3658 13204 13093)
4(3657 13203 13204 3658)
4(3548 3659 13205 13094)
4(3658 13204 13205 3659)
4(3549 3660 13206 13095)
4(3659 13205 13206 3660)
4(3550 3661 13207 13096)
4(3660 13206 13207 3661)
4(3661 13207 13208 3662)
4(3553 3664 13210 13099)
4(3663 13209 13210 3664)
4(3554 3665 13211 13100)
4(3664 13210 13211 3665)
4(3555 3666 13212 13101)
4(3665 13211 13212 3666)
4(3556 3667 13213 13102)
4(3666 13212 13213 3667)
4(3557 3668 13214 13103)
4(3667 13213 13214 3668)
4(3558 3669 13215 13104)
4(3668 13214 13215 3669)
4(3559 3670 13216 13105)
4(3669 13215 13216 3670)
4(3560 3671 13217 13106)
4(3670 13216 13217 3671)
4(3561 3672 13218 13107)
4(3671 13217 13218 3672)
4(3562 3673 13219 13108)
4(3672 13218 13219 3673)
4(3563 3674 13220 13109)
4(3673 13219 13220 3674)
4(3564 3675 13221 13110)
4(3674 13220 13221 3675)
4(3565 3676 13222 13111)
4(3675 13221 13222 3676)
4(3566 3677 13223 13112)
4(3676 13222 13223 3677)
4(3567 3678 13224 13113)
4(3677 13223 13224 3678)
4(3568 3679 13225 13114)
4(3678 13224 13225 3679)
4(3569 3680 13226 13115)
4(3679 13225 13226 3680)
4(3570 3681 13227 13116)
4(3680 13226 13227 3681)
4(3571 3682 13228 13117)
4(3681 13227 13228 3682)
4(3572 3683 13229 13118)
4(3682 13228 13229 3683)
4(3573 3684 13230 13119)
4(3683 13229 13230 3684)
4(3574 3685 13231 13120)
4(3684 13230 13231 3685)
4(3575 3686 13232 13121)
4(3685 13231 13232 3686)
4(3576 3687 13233 13122)
4(3686 13232 13233 3687)
4(3577 3688 13234 13123)
4(3687 13233 13234 3688)
4(3578 3689 13235 13124)
4(3688 13234 13235 3689)
4(3579 3690 13236 13125)
4(3689 13235 13236 3690)
4(3580 3691 13237 13126)
4(3690 13236 13237 3691)
4(3581 3692 13238 13127)
4(3691 13237 13238 3692)
4(3582 3693 13239 13128)
4(3692 13238 13239 3693)
4(3583 3694 13240 13129)
4(3693 13239 13240 3694)
4(3584 3695 13241 13130)
4(3694 13240 13241 3695)
4(3585 3696 13242 13131)
4(3695 13241 13242 3696)
4(3586 3697 13243 13132)
4(3696 13242 13243 3697)
4(3587 3698 13244 13133)
4(3697 13243 13244 3698)
4(3588 3699 13245 13134)
4(3698 13244 13245 3699)
4(3589 3700 13246 13135)
4(3699 13245 13246 3700)
4(3590 3701 13247 13136)
4(3700 13246 13247 3701)
4(3591 3702 13248 13137)
4(3701 13247 13248 3702)
4(3592 3703 13249 13138)
4(3702 13248 13249 3703)
4(3593 3704 13250 13139)
4(3703 13249 13250 3704)
4(3594 3705 13251 13140)
4(3704 13250 13251 3705)
4(3595 3706 13252 13141)
4(3705 13251 13252 3706)
4(3596 3707 13253 13142)
4(3706 13252 13253 3707)
4(3597 3708 13254 13143)
4(3707 13253 13254 3708)
4(3598 3709 13255 13144)
4(3708 13254 13255 3709)
4(3599 3710 13256 13145)
4(3709 13255 13256 3710)
4(3600 3711 13257 13146)
4(3710 13256 13257 3711)
4(3601 3712 13258 13147)
4(3711 13257 13258 3712)
4(3602 3713 13259 13148)
4(3712 13258 13259 3713)
4(3603 3714 13260 13149)
4(3713 13259 13260 3714)
4(3604 3715 13261 13150)
4(3714 13260 13261 3715)
4(3605 3716 13262 13151)
4(3715 13261 13262 3716)
4(3606 3717 13263 13152)
4(3716 13262 13263 3717)
4(3607 3718 13264 13153)
4(3717 13263 13264 3718)
4(3608 3719 13265 13154)
4(3718 13264 13265 3719)
4(3609 3720 13266 13155)
4(3719 13265 13266 3720)
4(3610 3721 13267 13156)
4(3720 13266 13267 3721)
4(3611 3722 13268 13157)
4(3721 13267 13268 3722)
4(3612 3723 13269 13158)
4(3722 13268 13269 3723)
4(3613 3724 13270 13159)
4(3723 13269 13270 3724)
4(3614 3725 13271 13160)
4(3724 13270 13271 3725)
4(3615 3726 13272 13161)
4(3725 13271 13272 3726)
4(3616 3727 13273 13162)
4(3726 13272 13273 3727)
4(3617 3728 13274 13163)
4(3727 13273 13274 3728)
4(3618 3729 13275 13164)
4(3728 13274 13275 3729)
4(3619 3730 13276 13165)
4(3729 13275 13276 3730)
4(3620 3731 13277 13166)
4(3730 13276 13277 3731)
4(3621 3732 13278 13167)
4(3731 13277 13278 3732)
4(3622 3733 13279 13168)
4(3732 13278 13279 3733)
4(3623 3734 13280 13169)
4(3733 13279 13280 3734)
4(3624 3735 13281 13170)
4(3734 13280 13281 3735)
4(3625 3736 13282 13171)
4(3735 13281 13282 3736)
4(3626 3737 13283 13172)
4(3736 13282 13283 3737)
4(3627 3738 13284 13173)
4(3737 13283 13284 3738)
4(3628 3739 13285 13174)
4(3738 13284 13285 3739)
4(3629 3740 13286 13175)
4(3739 13285 13286 3740)
4(3630 3741 13287 13176)
4(3740 13286 13287 3741)
4(3631 3742 13288 13177)
4(3741 13287 13288 3742)
4(3632 3743 13289 13178)
4(3742 13288 13289 3743)
4(3633 3744 13290 13179)
4(3743 13289 13290 3744)
4(3634 3745 13291 13180)
4(3744 13290 13291 3745)
4(3635 3746 13292 13181)
4(3745 13291 13292 3746)
4(3636 3747 13293 13182)
4(3746 13292 13293 3747)
4(3637 3748 13294 13183)
4(3747 13293 13294 3748)
4(3638 3749 13295 13184)
4(3748 13294 13295 3749)
4(3639 3750 13296 13185)
4(3749 13295 13296 3750)
4(3640 3751 13297 13186)
4(3750 13296 13297 3751)
4(3641 3752 13298 13187)
4(3751 13297 13298 3752)
4(3642 3753 13299 13188)
4(3752 13298 13299 3753)
4(3643 3754 13300 13189)
4(3753 13299 13300 3754)
4(3644 3755 13301 13190)
4(3754 13300 13301 3755)
4(3645 3756 13302 13191)
4(3755 13301 13302 3756)
4(3646 3757 13303 13192)
4(3756 13302 13303 3757)
4(3647 3758 13304 13193)
4(3757 13303 13304 3758)
4(3648 3759 13305 13194)
4(3758 13304 13305 3759)
4(3649 3760 13306 13195)
4(3759 13305 13306 3760)
4(3650 3761 13307 13196)
4(3760 13306 13307 3761)
4(3651 3762 13308 13197)
4(3761 13307 13308 3762)
4(3652 3763 13309 13198)
4(3762 13308 13309 3763)
4(3653 3764 13310 13199)
4(3763 13309 13310 3764)
4(3654 3765 13311 13200)
4(3764 13310 13311 3765)
4(3655 3766 13312 13201)
4(3765 13311 13312 3766)
4(3656 3767 13313 13202)
4(3766 13312 13313 3767)
4(3657 3768 13314 13203)
4(3767 13313 13314 3768)
4(3658 3769 13315 13204)
4(3768 13314 13315 3769)
4(3659 3770 13316 13205)
4(3769 13315 13316 3770)
4(3660 3771 13317 13206)
4(3770 13316 13317 3771)
4(3661 3772 13318 13207)
4(3771 13317 13318 3772)
4(3772 13318 13319 3773)
4(3664 3775 13321 13210)
4(3774 13320 13321 3775)
4(3665 3776 13322 13211)
4(3775 13321 13322 3776)
4(3666 3777 13323 13212)
4(3776 13322 13323 3777)
4(3667 3778 13324 13213)
4(3777 13323 13324 3778)
4(3668 3779 13325 13214)
4(3778 13324 13325 3779)
4(3669 3780 13326 13215)
4(3779 13325 13326 3780)
4(3670 3781 13327 13216)
4(3780 13326 13327 3781)
4(3671 3782 13328 13217)
4(3781 13327 13328 3782)
4(3672 3783 13329 13218)
4(3782 13328 13329 3783)
4(3673 3784 13330 13219)
4(3783 13329 13330 3784)
4(3674 3785 13331 13220)
4(3784 13330 13331 3785)
4(3675 3786 13332 13221)
4(3785 13331 13332 3786)
4(3676 3787 13333 13222)
4(3786 13332 13333 3787)
4(3677 3788 13334 13223)
4(3787 13333 13334 3788)
4(3678 3789 13335 13224)
4(3788 13334 13335 3789)
4(3679 3790 13336 13225)
4(3789 13335 13336 3790)
4(3680 3791 13337 13226)
4(3790 13336 13337 3791)
4(3681 3792 13338 13227)
4(3791 13337 13338 3792)
4(3682 3793 13339 13228)
4(3792 13338 13339 3793)
4(3683 3794 13340 13229)
4(3793 13339 13340 3794)
4(3684 3795 13341 13230)
4(3794 13340 13341 3795)
4(3685 3796 13342 13231)
4(3795 13341 13342 3796)
4(3686 3797 13343 13232)
4(3796 13342 13343 3797)
4(3687 3798 13344 13233)
4(3797 13343 13344 3798)
4(3688 3799 13345 13234)
4(3798 13344 13345 3799)
4(3689 3800 13346 13235)
4(3799 13345 13346 3800)
4(3690 3801 13347 13236)
4(3800 13346 13347 3801)
4(3691 3802 13348 13237)
4(3801 13347 13348 3802)
4(3692 3803 13349 13238)
4(3802 13348 13349 3803)
4(3693 3804 13350 13239)
4(3803 13349 13350 3804)
4(3694 3805 13351 13240)
4(3804 13350 13351 3805)
4(3695 3806 13352 13241)
4(3805 13351 13352 3806)
4(3696 3807 13353 13242)
4(3806 13352 13353 3807)
4(3697 3808 13354 13243)
4(3807 13353 13354 3808)
4(3698 3809 13355 13244)
4(3808 13354 13355 3809)
4(3699 3810 13356 13245)
4(3809 13355 13356 3810)
4(3700 3811 13357 13246)
4(3810 13356 13357 3811)
4(3701 3812 13358 13247)
4(3811 13357 13358 3812)
4(3702 3813 13359 13248)
4(3812 13358 13359 3813)
4(3703 3814 13360 13249)
4(3813 13359 13360 3814)
4(3704 3815 13361 13250)
4(3814 13360 13361 3815)
4(3705 3816 13362 13251)
4(3815 13361 13362 3816)
4(3706 3817 13363 13252)
4(3816 13362 13363 3817)
4(3707 3818 13364 13253)
4(3817 13363 13364 3818)
4(3708 3819 13365 13254)
4(3818 13364 13365 3819)
4(3709 3820 13366 13255)
4(3819 13365 13366 3820)
4(3710 3821 13367 13256)
4(3820 13366 13367 3821)
4(3711 3822 13368 13257)
4(3821 13367 13368 3822)
4(3712 3823 13369 13258)
4(3822 13368 13369 3823)
4(3713 3824 13370 13259)
4(3823 13369 13370 3824)
4(3714 3825 13371 13260)
4(3824 13370 13371 3825)
4(3715 3826 13372 13261)
4(3825 13371 13372 3826)
4(3716 3827 13373 13262)
4(3826 13372 13373 3827)
4(3717 3828 13374 13263)
4(3827 13373 13374 3828)
4(3718 3829 13375 13264)
4(3828 13374 13375 3829)
4(3719 3830 13376 13265)
4(3829 13375 13376 3830)
4(3720 3831 13377 13266)
4(3830 13376 13377 3831)
4(3721 3832 13378 13267)
4(3831 13377 13378 3832)
4(3722 3833 13379 13268)
4(3832 13378 13379 3833)
4(3723 3834 13380 13269)
4(3833 13379 13380 3834)
4(3724 3835 13381 13270)
4(3834 13380 13381 3835)
4(3725 3836 13382 13271)
4(3835 13381 13382 3836)
4(3726 3837 13383 13272)
4(3836 13382 13383 3837)
4(3727 3838 13384 13273)
4(3837 13383 13384 3838)
4(3728 3839 13385 13274)
4(3838 13384 13385 3839)
4(3729 3840 13386 13275)
4(3839 13385 13386 3840)
4(3730 3841 13387 13276)
4(3840 13386 13387 3841)
4(3731 3842 13388 13277)
4(3841 13387 13388 3842)
4(3732 3843 13389 13278)
4(3842 13388 13389 3843)
4(3733 3844 13390 13279)
4(3843 13389 13390 3844)
4(3734 3845 13391 13280)
4(3844 13390 13391 3845)
4(3735 3846 13392 13281)
4(3845 13391 13392 3846)
4(3736 3847 13393 13282)
4(3846 13392 13393 3847)
4(3737 3848 13394 13283)
4(3847 13393 13394 3848)
4(3738 3849 13395 13284)
4(3848 13394 13395 3849)
4(3739 3850 13396 13285)
4(3849 13395 13396 3850)
4(3740 3851 13397 13286)
4(3850 13396 13397 3851)
4(3741 3852 13398 13287)
4(3851 13397 13398 3852)
4(3742 3853 13399 13288)
4(3852 13398 13399 3853)
4(3743 3854 13400 13289)
4(3853 13399 13400 3854)
4(3744 3855 13401 13290)
4(3854 13400 13401 3855)
4(3745 3856 13402 13291)
4(3855 13401 13402 3856)
4(3746 3857 13403 13292)
4(3856 13402 13403 3857)
4(3747 3858 13404 13293)
4(3857 13403 13404 3858)
4(3748 3859 13405 13294)
4(3858 13404 13405 3859)
4(3749 3860 13406 13295)
4(3859 13405 13406 3860)
4(3750 3861 13407 13296)
4(3860 13406 13407 3861)
4(3751 3862 13408 13297)
4(3861 13407 13408 3862)
4(3752 3863 13409 13298)
4(3862 13408 13409 3863)
4(3753 3864 13410 13299)
4(3863 13409 13410 3864)
4(3754 3865 13411 13300)
4(3864 13410 13411 3865)
4(3755 3866 13412 13301)
4(3865 13411 13412 3866)
4(3756 3867 13413 13302)
4(3866 13412 13413 3867)
4(3757 3868 13414 13303)
4(3867 13413 13414 3868)
4(3758 3869 13415 13304)
4(3868 13414 13415 3869)
4(3759 3870 13416 13305)
4(3869 13415 13416 3870)
4(3760 3871 13417 13306)
4(3870 13416 13417 3871)
4(3761 3872 13418 13307)
4(3871 13417 13418 3872)
4(3762 3873 13419 13308)
4(3872 13418 13419 3873)
4(3763 3874 13420 13309)
4(3873 13419 13420 3874)
4(3764 3875 13421 13310)
4(3874 13420 13421 3875)
4(3765 3876 13422 13311)
4(3875 13421 13422 3876)
4(3766 3877 13423 13312)
4(3876 13422 13423 3877)
4(3767 3878 13424 13313)
4(3877 13423 13424 3878)
4(3768 3879 13425 13314)
4(3878 13424 13425 3879)
4(3769 3880 13426 13315)
4(3879 13425 13426 3880)
4(3770 3881 13427 13316)
4(3880 13426 13427 3881)
4(3771 3882 13428 13317)
4(3881 13427 13428 3882)
4(3772 3883 13429 13318)
4(3882 13428 13429 3883)
4(3883 13429 13430 3884)
4(3775 3886 13432 13321)
4(3885 13431 13432 3886)
4(3776 3887 13433 13322)
4(3886 13432 13433 3887)
4(3777 3888 13434 13323)
4(3887 13433 13434 3888)
4(3778 3889 13435 13324)
4(3888 13434 13435 3889)
4(3779 3890 13436 13325)
4(3889 13435 13436 3890)
4(3780 3891 13437 13326)
4(3890 13436 13437 3891)
4(3781 3892 13438 13327)
4(3891 13437 13438 3892)
4(3782 3893 13439 13328)
4(3892 13438 13439 3893)
4(3783 3894 13440 13329)
4(3893 13439 13440 3894)
4(3784 3895 13441 13330)
4(3894 13440 13441 3895)
4(3785 3896 13442 13331)
4(3895 13441 13442 3896)
4(3786 3897 13443 13332)
4(3896 13442 13443 3897)
4(3787 3898 13444 13333)
4(3897 13443 13444 3898)
4(3788 3899 13445 13334)
4(3898 13444 13445 3899)
4(3789 3900 13446 13335)
4(3899 13445 13446 3900)
4(3790 3901 13447 13336)
4(3900 13446 13447 3901)
4(3791 3902 13448 13337)
4(3901 13447 13448 3902)
4(3792 3903 13449 13338)
4(3902 13448 13449 3903)
4(3793 3904 13450 13339)
4(3903 13449 13450 3904)
4(3794 3905 13451 13340)
4(3904 13450 13451 3905)
4(3795 3906 13452 13341)
4(3905 13451 13452 3906)
4(3796 3907 13453 13342)
4(3906 13452 13453 3907)
4(3797 3908 13454 13343)
4(3907 13453 13454 3908)
4(3798 3909 13455 13344)
4(3908 13454 13455 3909)
4(3799 3910 13456 13345)
4(3909 13455 13456 3910)
4(3800 3911 13457 13346)
4(3910 13456 13457 3911)
4(3801 3912 13458 13347)
4(3911 13457 13458 3912)
4(3802 3913 13459 13348)
4(3912 13458 13459 3913)
4(3803 3914 13460 13349)
4(3913 13459 13460 3914)
4(3804 3915 13461 13350)
4(3914 13460 13461 3915)
4(3805 3916 13462 13351)
4(3915 13461 13462 3916)
4(3806 3917 13463 13352)
4(3916 13462 13463 3917)
4(3807 3918 13464 13353)
4(3917 13463 13464 3918)
4(3808 3919 13465 13354)
4(3918 13464 13465 3919)
4(3809 3920 13466 13355)
4(3919 13465 13466 3920)
4(3810 3921 13467 13356)
4(3920 13466 13467 3921)
4(3811 3922 13468 13357)
4(3921 13467 13468 3922)
4(3812 3923 13469 13358)
4(3922 13468 13469 3923)
4(3813 3924 13470 13359)
4(3923 13469 13470 3924)
4(3814 3925 13471 13360)
4(3924 13470 13471 3925)
4(3815 3926 13472 13361)
4(3925 13471 13472 3926)
4(3816 3927 13473 13362)
4(3926 13472 13473 3927)
4(3817 3928 13474 13363)
4(3927 13473 13474 3928)
4(3818 3929 13475 13364)
4(3928 13474 13475 3929)
4(3819 3930 13476 13365)
4(3929 13475 13476 3930)
4(3820 3931 13477 13366)
4(3930 13476 13477 3931)
4(3821 3932 13478 13367)
4(3931 13477 13478 3932)
4(3822 3933 13479 13368)
4(3932 13478 13479 3933)
4(3823 3934 13480 13369)
4(3933 13479 13480 3934)
4(3824 3935 13481 13370)
4(3934 13480 13481 3935)
4(3825 3936 13482 13371)
4(3935 13481 13482 3936)
4(3826 3937 13483 13372)
4(3936 13482 13483 3937)
4(3827 3938 13484 13373)
4(3937 13483 13484 3938)
4(3828 3939 13485 13374)
4(3938 13484 13485 3939)
4(3829 3940 13486 13375)
4(3939 13485 13486 3940)
4(3830 3941 13487 13376)
4(3940 13486 13487 3941)
4(3831 3942 13488 13377)
4(3941 13487 13488 3942)
4(3832 3943 13489 13378)
4(3942 13488 13489 3943)
4(3833 3944 13490 13379)
4(3943 13489 13490 3944)
4(3834 3945 13491 13380)
4(3944 13490 13491 3945)
4(3835 3946 13492 13381)
4(3945 13491 13492 3946)
4(3836 3947 13493 13382)
4(3946 13492 13493 3947)
4(3837 3948 13494 13383)
4(3947 13493 13494 3948)
4(3838 3949 13495 13384)
4(3948 13494 13495 3949)
4(3839 3950 13496 13385)
4(3949 13495 13496 3950)
4(3840 3951 13497 13386)
4(3950 13496 13497 3951)
4(3841 3952 13498 13387)
4(3951 13497 13498 3952)
4(3842 3953 13499 13388)
4(3952 13498 13499 3953)
4(3843 3954 13500 13389)
4(3953 13499 13500 3954)
4(3844 3955 13501 13390)
4(3954 13500 13501 3955)
4(3845 3956 13502 13391)
4(3955 13501 13502 3956)
4(3846 3957 13503 13392)
4(3956 13502 13503 3957)
4(3847 3958 13504 13393)
4(3957 13503 13504 3958)
4(3848 3959 13505 13394)
4(3958 13504 13505 3959)
4(3849 3960 13506 13395)
4(3959 13505 13506 3960)
4(3850 3961 13507 13396)
4(3960 13506 13507 3961)
4(3851 3962 13508 13397)
4(3961 13507 13508 3962)
4(3852 3963 13509 13398)
4(3962 13508 13509 3963)
4(3853 3964 13510 13399)
4(3963 13509 13510 3964)
4(3854 3965 13511 13400)
4(3964 13510 13511 3965)
4(3855 3966 13512 13401)
4(3965 13511 13512 3966)
4(3856 3967 13513 13402)
4(3966 13512 13513 3967)
4(3857 3968 13514 13403)
4(3967 13513 13514 3968)
4(3858 3969 13515 13404)
4(3968 13514 13515 3969)
4(3859 3970 13516 13405)
4(3969 13515 13516 3970)
4(3860 3971 13517 13406)
4(3970 13516 13517 3971)
4(3861 3972 13518 13407)
4(3971 13517 13518 3972)
4(3862 3973 13519 13408)
4(3972 13518 13519 3973)
4(3863 3974 13520 13409)
4(3973 13519 13520 3974)
4(3864 3975 13521 13410)
4(3974 13520 13521 3975)
4(3865 3976 13522 13411)
4(3975 13521 13522 3976)
4(3866 3977 13523 13412)
4(3976 13522 13523 3977)
4(3867 3978 13524 13413)
4(3977 13523 13524 3978)
4(3868 3979 13525 13414)
4(3978 13524 13525 3979)
4(3869 3980 13526 13415)
4(3979 13525 13526 3980)
4(3870 3981 13527 13416)
4(3980 13526 13527 3981)
4(3871 3982 13528 13417)
4(3981 13527 13528 3982)
4(3872 3983 13529 13418)
4(3982 13528 13529 3983)
4(3873 3984 13530 13419)
4(3983 13529 13530 3984)
4(3874 3985 13531 13420)
4(3984 13530 13531 3985)
4(3875 3986 13532 13421)
4(3985 13531 13532 3986)
4(3876 3987 13533 13422)
4(3986 13532 13533 3987)
4(3877 3988 13534 13423)
4(3987 13533 13534 3988)
4(3878 3989 13535 13424)
4(3988 13534 13535 3989)
4(3879 3990 13536 13425)
4(3989 13535 13536 3990)
4(3880 3991 13537 13426)
4(3990 13536 13537 3991)
4(3881 3992 13538 13427)
4(3991 13537 13538 3992)
4(3882 3993 13539 13428)
4(3992 13538 13539 3993)
4(3883 3994 13540 13429)
4(3993 13539 13540 3994)
4(3994 13540 13541 3995)
4(3886 3997 13543 13432)
4(3996 13542 13543 3997)
4(3887 3998 13544 13433)
4(3997 13543 13544 3998)
4(3888 3999 13545 13434)
4(3998 13544 13545 3999)
4(3889 4000 13546 13435)
4(3999 13545 13546 4000)
4(3890 4001 13547 13436)
4(4000 13546 13547 4001)
4(3891 4002 13548 13437)
4(4001 13547 13548 4002)
4(3892 4003 13549 13438)
4(4002 13548 13549 4003)
4(3893 4004 13550 13439)
4(4003 13549 13550 4004)
4(3894 4005 13551 13440)
4(4004 13550 13551 4005)
4(3895 4006 13552 13441)
4(4005 13551 13552 4006)
4(3896 4007 13553 13442)
4(4006 13552 13553 4007)
4(3897 4008 13554 13443)
4(4007 13553 13554 4008)
4(3898 4009 13555 13444)
4(4008 13554 13555 4009)
4(3899 4010 13556 13445)
4(4009 13555 13556 4010)
4(3900 4011 13557 13446)
4(4010 13556 13557 4011)
4(3901 4012 13558 13447)
4(4011 13557 13558 4012)
4(3902 4013 13559 13448)
4(4012 13558 13559 4013)
4(3903 4014 13560 13449)
4(4013 13559 13560 4014)
4(3904 4015 13561 13450)
4(4014 13560 13561 4015)
4(3905 4016 13562 13451)
4(4015 13561 13562 4016)
4(3906 4017 13563 13452)
4(4016 13562 13563 4017)
4(3907 4018 13564 13453)
4(4017 13563 13564 4018)
4(3908 4019 13565 13454)
4(4018 13564 13565 4019)
4(3909 4020 13566 13455)
4(4019 13565 13566 4020)
4(3910 4021 13567 13456)
4(4020 13566 13567 4021)
4(3911 4022 13568 13457)
4(4021 13567 13568 4022)
4(3912 4023 13569 13458)
4(4022 13568 13569 4023)
4(3913 4024 13570 13459)
4(4023 13569 13570 4024)
4(3914 4025 13571 13460)
4(4024 13570 13571 4025)
4(3915 4026 13572 13461)
4(4025 13571 13572 4026)
4(3916 4027 13573 13462)
4(4026 13572 13573 4027)
4(3917 4028 13574 13463)
4(4027 13573 13574 4028)
4(3918 4029 13575 13464)
4(4028 13574 13575 4029)
4(3919 4030 13576 13465)
4(4029 13575 13576 4030)
4(3920 4031 13577 13466)
4(4030 13576 13577 4031)
4(3921 4032 13578 13467)
4(4031 13577 13578 4032)
4(3922 4033 13579 13468)
4(4032 13578 13579 4033)
4(3923 4034 13580 13469)
4(4033 13579 13580 4034)
4(3924 4035 13581 13470)
4(4034 13580 13581 4035)
4(3925 4036 13582 13471)
4(4035 13581 13582 4036)
4(3926 4037 13583 13472)
4(4036 13582 13583 4037)
4(3927 4038 13584 13473)
4(4037 13583 13584 4038)
4(3928 4039 13585 13474)
4(4038 13584 13585 4039)
4(3929 4040 13586 13475)
4(4039 13585 13586 4040)
4(3930 4041 13587 13476)
4(4040 13586 13587 4041)
4(3931 4042 13588 13477)
4(4041 13587 13588 4042)
4(3932 4043 13589 13478)
4(4042 13588 13589 4043)
4(3933 4044 13590 13479)
4(4043 13589 13590 4044)
4(3934 4045 13591 13480)
4(4044 13590 13591 4045)
4(3935 4046 13592 13481)
4(4045 13591 13592 4046)
4(3936 4047 13593 13482)
4(4046 13592 13593 4047)
4(3937 4048 13594 13483)
4(4047 13593 13594 4048)
4(3938 4049 13595 13484)
4(4048 13594 13595 4049)
4(3939 4050 13596 13485)
4(4049 13595 13596 4050)
4(3940 4051 13597 13486)
4(4050 13596 13597 4051)
4(3941 4052 13598 13487)
4(4051 13597 13598 4052)
4(3942 4053 13599 13488)
4(4052 13598 13599 4053)
4(3943 4054 13600 13489)
4(4053 13599 13600 4054)
4(3944 4055 13601 13490)
4(4054 13600 13601 4055)
4(3945 4056 13602 13491)
4(4055 13601 13602 4056)
4(3946 4057 13603 13492)
4(4056 13602 13603 4057)
4(3947 4058 13604 13493)
4(4057 13603 13604 4058)
4(3948 4059 13605 13494)
4(4058 13604 13605 4059)
4(3949 4060 13606 13495)
4(4059 13605 13606 4060)
4(3950 4061 13607 13496)
4(4060 13606 13607 4061)
4(3951 4062 13608 13497)
4(4061 13607 13608 4062)
4(3952 4063 13609 13498)
4(4062 13608 13609 4063)
4(3953 4064 13610 13499)
4(4063 13609 13610 4064)
4(3954 4065 13611 13500)
4(4064 13610 13611 4065)
4(3955 4066 13612 13501)
4(4065 13611 13612 4066)
4(3956 4067 13613 13502)
4(4066 13612 13613 4067)
4(3957 4068 13614 13503)
4(4067 13613 13614 4068)
4(3958 4069 13615 13504)
4(4068 13614 13615 4069)
4(3959 4070 13616 13505)
4(4069 13615 13616 4070)
4(3960 4071 13617 13506)
4(4070 13616 13617 4071)
4(3961 4072 13618 13507)
4(4071 13617 13618 4072)
4(3962 4073 13619 13508)
4(4072 13618 13619 4073)
4(3963 4074 13620 13509)
4(4073 13619 13620 4074)
4(3964 4075 13621 13510)
4(4074 13620 13621 4075)
4(3965 4076 13622 13511)
4(4075 13621 13622 4076)
4(3966 4077 13623 13512)
4(4076 13622 13623 4077)
4(3967 4078 13624 13513)
4(4077 13623 13624 4078)
4(3968 4079 13625 13514)
4(4078 13624 13625 4079)
4(3969 4080 13626 13515)
4(4079 13625 13626 4080)
4(3970 4081 13627 13516)
4(4080 13626 13627 4081)
4(3971 4082 13628 13517)
4(4081 13627 13628 4082)
4(3972 4083 13629 13518)
4(4082 13628 13629 4083)
4(3973 4084 13630 13519)
4(4083 13629 13630 4084)
4(3974 4085 13631 13520)
4(4084 13630 13631 4085)
4(3975 4086 13632 13521)
4(4085 13631 13632 4086)
4(3976 4087 13633 13522)
4(4086 13632 13633 4087)
4(3977 4088 13634 13523)
4(4087 13633 13634 4088)
4(3978 4089 13635 13524)
4(4088 13634 13635 4089)
4(3979 4090 13636 13525)
4(4089 13635 13636 4090)
4(3980 4091 13637 13526)
4(4090 13636 13637 4091)
4(3981 4092 13638 13527)
4(4091 13637 13638 4092)
4(3982 4093 13639 13528)
4(4092 13638 13639 4093)
4(3983 4094 13640 13529)
4(4093 13639 13640 4094)
4(3984 4095 13641 13530)
4(4094 13640 13641 4095)
4(3985 4096 13642 13531)
4(4095 13641 13642 4096)
4(3986 4097 13643 13532)
4(4096 13642 13643 4097)
4(3987 4098 13644 13533)
4(4097 13643 13644 4098)
4(3988 4099 13645 13534)
4(4098 13644 13645 4099)
4(3989 4100 13646 13535)
4(4099 13645 13646 4100)
4(3990 4101 13647 13536)
4(4100 13646 13647 4101)
4(3991 4102 13648 13537)
4(4101 13647 13648 4102)
4(3992 4103 13649 13538)
4(4102 13648 13649 4103)
4(3993 4104 13650 13539)
4(4103 13649 13650 4104)
4(3994 4105 13651 13540)
4(4104 13650 13651 4105)
4(4105 13651 13652 4106)
4(3997 4108 13654 13543)
4(4107 13653 13654 4108)
4(3998 4109 13655 13544)
4(4108 13654 13655 4109)
4(3999 4110 13656 13545)
4(4109 13655 13656 4110)
4(4000 4111 13657 13546)
4(4110 13656 13657 4111)
4(4001 4112 13658 13547)
4(4111 13657 13658 4112)
4(4002 4113 13659 13548)
4(4112 13658 13659 4113)
4(4003 4114 13660 13549)
4(4113 13659 13660 4114)
4(4004 4115 13661 13550)
4(4114 13660 13661 4115)
4(4005 4116 13662 13551)
4(4115 13661 13662 4116)
4(4006 4117 13663 13552)
4(4116 13662 13663 4117)
4(4007 4118 13664 13553)
4(4117 13663 13664 4118)
4(4008 4119 13665 13554)
4(4118 13664 13665 4119)
4(4009 4120 13666 13555)
4(4119 13665 13666 4120)
4(4010 4121 13667 13556)
4(4120 13666 13667 4121)
4(4011 4122 13668 13557)
4(4121 13667 13668 4122)
4(4012 4123 13669 13558)
4(4122 13668 13669 4123)
4(4013 4124 13670 13559)
4(4123 13669 13670 4124)
4(4014 4125 13671 13560)
4(4124 13670 13671 4125)
4(4015 4126 13672 13561)
4(4125 13671 13672 4126)
4(4016 4127 13673 13562)
4(4126 13672 13673 4127)
4(4017 4128 13674 13563)
4(4127 13673 13674 4128)
4(4018 4129 13675 13564)
4(4128 13674 13675 4129)
4(4019 4130 13676 13565)
4(4129 13675 13676 4130)
4(4020 4131 13677 13566)
4(4130 13676 13677 4131)
4(4021 4132 13678 13567)
4(4131 13677 13678 4132)
4(4022 4133 13679 13568)
4(4132 13678 13679 4133)
4(4023 4134 13680 13569)
4(4133 13679 13680 4134)
4(4024 4135 13681 13570)
4(4134 13680 13681 4135)
4(4025 4136 13682 13571)
4(4135 13681 13682 4136)
4(4026 4137 13683 13572)
4(4136 13682 13683 4137)
4(4027 4138 13684 13573)
4(4137 13683 13684 4138)
4(4028 4139 13685 13574)
4(4138 13684 13685 4139)
4(4029 4140 13686 13575)
4(4139 13685 13686 4140)
4(4030 4141 13687 13576)
4(4140 13686 13687 4141)
4(4031 4142 13688 13577)
4(4141 13687 13688 4142)
4(4032 4143 13689 13578)
4(4142 13688 13689 4143)
4(4033 4144 13690 13579)
4(4143 13689 13690 4144)
4(4034 4145 13691 13580)
4(4144 13690 13691 4145)
4(4035 4146 13692 13581)
4(4145 13691 13692 4146)
4(4036 4147 13693 13582)
4(4146 13692 13693 4147)
4(4037 4148 13694 13583)
4(4147 13693 13694 4148)
4(4038 4149 13695 13584)
4(4148 13694 13695 4149)
4(4039 4150 13696 13585)
4(4149 13695 13696 4150)
4(4040 4151 13697 13586)
4(4150 13696 13697 4151)
4(4041 4152 13698 13587)
4(4151 13697 13698 4152)
4(4042 4153 13699 13588)
4(4152 13698 13699 4153)
4(4043 4154 13700 13589)
4(4153 13699 13700 4154)
4(4044 4155 13701 13590)
4(4154 13700 13701 4155)
4(4045 4156 13702 13591)
4(4155 13701 13702 4156)
4(4046 4157 13703 13592)
4(4156 13702 13703 4157)
4(4047 4158 13704 13593)
4(4157 13703 13704 4158)
4(4048 4159 13705 13594)
4(4158 13704 13705 4159)
4(4049 4160 13706 13595)
4(4159 13705 13706 4160)
4(4050 4161 13707 13596)
4(4160 13706 13707 4161)
4(4051 4162 13708 13597)
4(4161 13707 13708 4162)
4(4052 4163 13709 13598)
4(4162 13708 13709 4163)
4(4053 4164 13710 13599)
4(4163 13709 13710 4164)
4(4054 4165 13711 13600)
4(4164 13710 13711 4165)
4(4055 4166 13712 13601)
4(4165 13711 13712 4166)
4(4056 4167 13713 13602)
4(4166 13712 13713 4167)
4(4057 4168 13714 13603)
4(4167 13713 13714 4168)
4(4058 4169 13715 13604)
4(4168 13714 13715 4169)
4(4059 4170 13716 13605)
4(4169 13715 13716 4170)
4(4060 4171 13717 13606)
4(4170 13716 13717 4171)
4(4061 4172 13718 13607)
4(4171 13717 13718 4172)
4(4062 4173 13719 13608)
4(4172 13718 13719 4173)
4(4063 4174 13720 13609)
4(4173 13719 13720 4174)
4(4064 4175 13721 13610)
4(4174 13720 13721 4175)
4(4065 4176 13722 13611)
4(4175 13721 13722 4176)
4(4066 4177 13723 13612)
4(4176 13722 13723 4177)
4(4067 4178 13724 13613)
4(4177 13723 13724 4178)
4(4068 4179 13725 13614)
4(4178 13724 13725 4179)
4(4069 4180 13726 13615)
4(4179 13725 13726 4180)
4(4070 4181 13727 13616)
4(4180 13726 13727 4181)
4(4071 4182 13728 13617)
4(4181 13727 13728 4182)
4(4072 4183 13729 13618)
4(4182 13728 13729 4183)
4(4073 4184 13730 13619)
4(4183 13729 13730 4184)
4(4074 4185 13731 13620)
4(4184 13730 13731 4185)
4(4075 4186 13732 13621)
4(4185 13731 13732 4186)
4(4076 4187 13733 13622)
4(4186 13732 13733 4187)
4(4077 4188 13734 13623)
4(4187 13733 13734 4188)
4(4078 4189 13735 13624)
4(4188 13734 13735 4189)
4(4079 4190 13736 13625)
4(4189 13735 13736 4190)
4(4080 4191 13737 13626)
4(4190 13736 13737 4191)
4(4081 4192 13738 13627)
4(4191 13737 13738 4192)
4(4082 4193 13739 13628)
4(4192 13738 13739 4193)
4(4083 4194 13740 13629)
4(4193 13739 13740 4194)
4(4084 4195 13741 13630)
4(4194 13740 13741 4195)
4(4085 4196 13742 13631)
4(4195 13741 13742 4196)
4(4086 4197 13743 13632)
4(4196 13742 13743 4197)
4(4087 4198 13744 13633)
4(4197 13743 13744 4198)
4(4088 4199 13745 13634)
4(4198 13744 13745 4199)
4(4089 4200 13746 13635)
4(4199 13745 13746 4200)
4(4090 4201 13747 13636)
4(4200 13746 13747 4201)
4(4091 4202 13748 13637)
4(4201 13747 13748 4202)
4(4092 4203 13749 13638)
4(4202 13748 13749 4203)
4(4093 4204 13750 13639)
4(4203 13749 13750 4204)
4(4094 4205 13751 13640)
4(4204 13750 13751 4205)
4(4095 4206 13752 13641)
4(4205 13751 13752 4206)
4(4096 4207 13753 13642)
4(4206 13752 13753 4207)
4(4097 4208 13754 13643)
4(4207 13753 13754 4208)
4(4098 4209 13755 13644)
4(4208 13754 13755 4209)
4(4099 4210 13756 13645)
4(4209 13755 13756 4210)
4(4100 4211 13757 13646)
4(4210 13756 13757 4211)
4(4101 4212 13758 13647)
4(4211 13757 13758 4212)
4(4102 4213 13759 13648)
4(4212 13758 13759 4213)
4(4103 4214 13760 13649)
4(4213 13759 13760 4214)
4(4104 4215 13761 13650)
4(4214 13760 13761 4215)
4(4105 4216 13762 13651)
4(4215 13761 13762 4216)
4(4216 13762 13763 4217)
4(4108 4219 13765 13654)
4(4218 13764 13765 4219)
4(4109 4220 13766 13655)
4(4219 13765 13766 4220)
4(4110 4221 13767 13656)
4(4220 13766 13767 4221)
4(4111 4222 13768 13657)
4(4221 13767 13768 4222)
4(4112 4223 13769 13658)
4(4222 13768 13769 4223)
4(4113 4224 13770 13659)
4(4223 13769 13770 4224)
4(4114 4225 13771 13660)
4(4224 13770 13771 4225)
4(4115 4226 13772 13661)
4(4225 13771 13772 4226)
4(4116 4227 13773 13662)
4(4226 13772 13773 4227)
4(4117 4228 13774 13663)
4(4227 13773 13774 4228)
4(4118 4229 13775 13664)
4(4228 13774 13775 4229)
4(4119 4230 13776 13665)
4(4229 13775 13776 4230)
4(4120 4231 13777 13666)
4(4230 13776 13777 4231)
4(4121 4232 13778 13667)
4(4231 13777 13778 4232)
4(4122 4233 13779 13668)
4(4232 13778 13779 4233)
4(4123 4234 13780 13669)
4(4233 13779 13780 4234)
4(4124 4235 13781 13670)
4(4234 13780 13781 4235)
4(4125 4236 13782 13671)
4(4235 13781 13782 4236)
4(4126 4237 13783 13672)
4(4236 13782 13783 4237)
4(4127 4238 13784 13673)
4(4237 13783 13784 4238)
4(4128 4239 13785 13674)
4(4238 13784 13785 4239)
4(4129 4240 13786 13675)
4(4239 13785 13786 4240)
4(4130 4241 13787 13676)
4(4240 13786 13787 4241)
4(4131 4242 13788 13677)
4(4241 13787 13788 4242)
4(4132 4243 13789 13678)
4(4242 13788 13789 4243)
4(4133 4244 13790 13679)
4(4243 13789 13790 4244)
4(4134 4245 13791 13680)
4(4244 13790 13791 4245)
4(4135 4246 13792 13681)
4(4245 13791 13792 4246)
4(4136 4247 13793 13682)
4(4246 13792 13793 4247)
4(4137 4248 13794 13683)
4(4247 13793 13794 4248)
4(4138 4249 13795 13684)
4(4248 13794 13795 4249)
4(4139 4250 13796 13685)
4(4249 13795 13796 4250)
4(4140 4251 13797 13686)
4(4250 13796 13797 4251)
4(4141 4252 13798 13687)
4(4251 13797 13798 4252)
4(4142 4253 13799 13688)
4(4252 13798 13799 4253)
4(4143 4254 13800 13689)
4(4253 13799 13800 4254)
4(4144 4255 13801 13690)
4(4254 13800 13801 4255)
4(4145 4256 13802 13691)
4(4255 13801 13802 4256)
4(4146 4257 13803 13692)
4(4256 13802 13803 4257)
4(4147 4258 13804 13693)
4(4257 13803 13804 4258)
4(4148 4259 13805 13694)
4(4258 13804 13805 4259)
4(4149 4260 13806 13695)
4(4259 13805 13806 4260)
4(4150 4261 13807 13696)
4(4260 13806 13807 4261)
4(4151 4262 13808 13697)
4(4261 13807 13808 4262)
4(4152 4263 13809 13698)
4(4262 13808 13809 4263)
4(4153 4264 13810 13699)
4(4263 13809 13810 4264)
4(4154 4265 13811 13700)
4(4264 13810 13811 4265)
4(4155 4266 13812 13701)
4(4265 13811 13812 4266)
4(4156 4267 13813 13702)
4(4266 13812 13813 4267)
4(4157 4268 13814 13703)
4(4267 13813 13814 4268)
4(4158 4269 13815 13704)
4(4268 13814 13815 4269)
4(4159 4270 13816 13705)
4(4269 13815 13816 4270)
4(4160 4271 13817 13706)
4(4270 13816 13817 4271)
4(4161 4272 13818 13707)
4(4271 13817 13818 4272)
4(4162 4273 13819 13708)
4(4272 13818 13819 4273)
4(4163 4274 13820 13709)
4(4273 13819 13820 4274)
4(4164 4275 13821 13710)
4(4274 13820 13821 4275)
4(4165 4276 13822 13711)
4(4275 13821 13822 4276)
4(4166 4277 13823 13712)
4(4276 13822 13823 4277)
4(4167 4278 13824 13713)
4(4277 13823 13824 4278)
4(4168 4279 13825 13714)
4(4278 13824 13825 4279)
4(4169 4280 13826 13715)
4(4279 13825 13826 4280)
4(4170 4281 13827 13716)
4(4280 13826 13827 4281)
4(4171 4282 13828 13717)
4(4281 13827 13828 4282)
4(4172 4283 13829 13718)
4(4282 13828 13829 4283)
4(4173 4284 13830 13719)
4(4283 13829 13830 4284)
4(4174 4285 13831 13720)
4(4284 13830 13831 4285)
4(4175 4286 13832 13721)
4(4285 13831 13832 4286)
4(4176 4287 13833 13722)
4(4286 13832 13833 4287)
4(4177 4288 13834 13723)
4(4287 13833 13834 4288)
4(4178 4289 13835 13724)
4(4288 13834 13835 4289)
4(4179 4290 13836 13725)
4(4289 13835 13836 4290)
4(4180 4291 13837 13726)
4(4290 13836 13837 4291)
4(4181 4292 13838 13727)
4(4291 13837 13838 4292)
4(4182 4293 13839 13728)
4(4292 13838 13839 4293)
4(4183 4294 13840 13729)
4(4293 13839 13840 4294)
4(4184 4295 13841 13730)
4(4294 13840 13841 4295)
4(4185 4296 13842 13731)
4(4295 13841 13842 4296)
4(4186 4297 13843 13732)
4(4296 13842 13843 4297)
4(4187 4298 13844 13733)
4(4297 13843 13844 4298)
4(4188 4299 13845 13734)
4(4298 13844 13845 4299)
4(4189 4300 13846 13735)
4(4299 13845 13846 4300)
4(4190 4301 13847 13736)
4(4300 13846 13847 4301)
4(4191 4302 13848 13737)
4(4301 13847 13848 4302)
4(4192 4303 13849 13738)
4(4302 13848 13849 4303)
4(4193 4304 13850 13739)
4(4303 13849 13850 4304)
4(4194 4305 13851 13740)
4(4304 13850 13851 4305)
4(4195 4306 13852 13741)
4(4305 13851 13852 4306)
4(4196 4307 13853 13742)
4(4306 13852 13853 4307)
4(4197 4308 13854 13743)
4(4307 13853 13854 4308)
4(4198 4309 13855 13744)
4(4308 13854 13855 4309)
4(4199 4310 13856 13745)
4(4309 13855 13856 4310)
4(4200 4311 13857 13746)
4(4310 13856 13857 4311)
4(4201 4312 13858 13747)
4(4311 13857 13858 4312)
4(4202 4313 13859 13748)
4(4312 13858 13859 4313)
4(4203 4314 13860 13749)
4(4313 13859 13860 4314)
4(4204 4315 13861 13750)
4(4314 13860 13861 4315)
4(4205 4316 13862 13751)
4(4315 13861 13862 4316)
4(4206 4317 13863 13752)
4(4316 13862 13863 4317)
4(4207 4318 13864 13753)
4(4317 13863 13864 4318)
4(4208 4319 13865 13754)
4(4318 13864 13865 4319)
4(4209 4320 13866 13755)
4(4319 13865 13866 4320)
4(4210 4321 13867 13756)
4(4320 13866 13867 4321)
4(4211 4322 13868 13757)
4(4321 13867 13868 4322)
4(4212 4323 13869 13758)
4(4322 13868 13869 4323)
4(4213 4324 13870 13759)
4(4323 13869 13870 4324)
4(4214 4325 13871 13760)
4(4324 13870 13871 4325)
4(4215 4326 13872 13761)
4(4325 13871 13872 4326)
4(4216 4327 13873 13762)
4(4326 13872 13873 4327)
4(4327 13873 13874 4328)
4(4219 4330 13876 13765)
4(4329 13875 13876 4330)
4(4220 4331 13877 13766)
4(4330 13876 13877 4331)
4(4221 4332 13878 13767)
4(4331 13877 13878 4332)
4(4222 4333 13879 13768)
4(4332 13878 13879 4333)
4(4223 4334 13880 13769)
4(4333 13879 13880 4334)
4(4224 4335 13881 13770)
4(4334 13880 13881 4335)
4(4225 4336 13882 13771)
4(4335 13881 13882 4336)
4(4226 4337 13883 13772)
4(4336 13882 13883 4337)
4(4227 4338 13884 13773)
4(4337 13883 13884 4338)
4(4228 4339 13885 13774)
4(4338 13884 13885 4339)
4(4229 4340 13886 13775)
4(4339 13885 13886 4340)
4(4230 4341 13887 13776)
4(4340 13886 13887 4341)
4(4231 4342 13888 13777)
4(4341 13887 13888 4342)
4(4232 4343 13889 13778)
4(4342 13888 13889 4343)
4(4233 4344 13890 13779)
4(4343 13889 13890 4344)
4(4234 4345 13891 13780)
4(4344 13890 13891 4345)
4(4235 4346 13892 13781)
4(4345 13891 13892 4346)
4(4236 4347 13893 13782)
4(4346 13892 13893 4347)
4(4237 4348 13894 13783)
4(4347 13893 13894 4348)
4(4238 4349 13895 13784)
4(4348 13894 13895 4349)
4(4239 4350 13896 13785)
4(4349 13895 13896 4350)
4(4240 4351 13897 13786)
4(4350 13896 13897 4351)
4(4241 4352 13898 13787)
4(4351 13897 13898 4352)
4(4242 4353 13899 13788)
4(4352 13898 13899 4353)
4(4243 4354 13900 13789)
4(4353 13899 13900 4354)
4(4244 4355 13901 13790)
4(4354 13900 13901 4355)
4(4245 4356 13902 13791)
4(4355 13901 13902 4356)
4(4246 4357 13903 13792)
4(4356 13902 13903 4357)
4(4247 4358 13904 13793)
4(4357 13903 13904 4358)
4(4248 4359 13905 13794)
4(4358 13904 13905 4359)
4(4249 4360 13906 13795)
4(4359 13905 13906 4360)
4(4250 4361 13907 13796)
4(4360 13906 13907 4361)
4(4251 4362 13908 13797)
4(4361 13907 13908 4362)
4(4252 4363 13909 13798)
4(4362 13908 13909 4363)
4(4253 4364 13910 13799)
4(4363 13909 13910 4364)
4(4254 4365 13911 13800)
4(4364 13910 13911 4365)
4(4255 4366 13912 13801)
4(4365 13911 13912 4366)
4(4256 4367 13913 13802)
4(4366 13912 13913 4367)
4(4257 4368 13914 13803)
4(4367 13913 13914 4368)
4(4258 4369 13915 13804)
4(4368 13914 13915 4369)
4(4259 4370 13916 13805)
4(4369 13915 13916 4370)
4(4260 4371 13917 13806)
4(4370 13916 13917 4371)
4(4261 4372 13918 13807)
4(4371 13917 13918 4372)
4(4262 4373 13919 13808)
4(4372 13918 13919 4373)
4(4263 4374 13920 13809)
4(4373 13919 13920 4374)
4(4264 4375 13921 13810)
4(4374 13920 13921 4375)
4(4265 4376 13922 13811)
4(4375 13921 13922 4376)
4(4266 4377 13923 13812)
4(4376 13922 13923 4377)
4(4267 4378 13924 13813)
4(4377 13923 13924 4378)
4(4268 4379 13925 13814)
4(4378 13924 13925 4379)
4(4269 4380 13926 13815)
4(4379 13925 13926 4380)
4(4270 4381 13927 13816)
4(4380 13926 13927 4381)
4(4271 4382 13928 13817)
4(4381 13927 13928 4382)
4(4272 4383 13929 13818)
4(4382 13928 13929 4383)
4(4273 4384 13930 13819)
4(4383 13929 13930 4384)
4(4274 4385 13931 13820)
4(4384 13930 13931 4385)
4(4275 4386 13932 13821)
4(4385 13931 13932 4386)
4(4276 4387 13933 13822)
4(4386 13932 13933 4387)
4(4277 4388 13934 13823)
4(4387 13933 13934 4388)
4(4278 4389 13935 13824)
4(4388 13934 13935 4389)
4(4279 4390 13936 13825)
4(4389 13935 13936 4390)
4(4280 4391 13937 13826)
4(4390 13936 13937 4391)
4(4281 4392 13938 13827)
4(4391 13937 13938 4392)
4(4282 4393 13939 13828)
4(4392 13938 13939 4393)
4(4283 4394 13940 13829)
4(4393 13939 13940 4394)
4(4284 4395 13941 13830)
4(4394 13940 13941 4395)
4(4285 4396 13942 13831)
4(4395 13941 13942 4396)
4(4286 4397 13943 13832)
4(4396 13942 13943 4397)
4(4287 4398 13944 13833)
4(4397 13943 13944 4398)
4(4288 4399 13945 13834)
4(4398 13944 13945 4399)
4(4289 4400 13946 13835)
4(4399 13945 13946 4400)
4(4290 4401 13947 13836)
4(4400 13946 13947 4401)
4(4291 4402 13948 13837)
4(4401 13947 13948 4402)
4(4292 4403 13949 13838)
4(4402 13948 13949 4403)
4(4293 4404 13950 13839)
4(4403 13949 13950 4404)
4(4294 4405 13951 13840)
4(4404 13950 13951 4405)
4(4295 4406 13952 13841)
4(4405 13951 13952 4406)
4(4296 4407 13953 13842)
4(4406 13952 13953 4407)
4(4297 4408 13954 13843)
4(4407 13953 13954 4408)
4(4298 4409 13955 13844)
4(4408 13954 13955 4409)
4(4299 4410 13956 13845)
4(4409 13955 13956 4410)
4(4300 4411 13957 13846)
4(4410 13956 13957 4411)
4(4301 4412 13958 13847)
4(4411 13957 13958 4412)
4(4302 4413 13959 13848)
4(4412 13958 13959 4413)
4(4303 4414 13960 13849)
4(4413 13959 13960 4414)
4(4304 4415 13961 13850)
4(4414 13960 13961 4415)
4(4305 4416 13962 13851)
4(4415 13961 13962 4416)
4(4306 4417 13963 13852)
4(4416 13962 13963 4417)
4(4307 4418 13964 13853)
4(4417 13963 13964 4418)
4(4308 4419 13965 13854)
4(4418 13964 13965 4419)
4(4309 4420 13966 13855)
4(4419 13965 13966 4420)
4(4310 4421 13967 13856)
4(4420 13966 13967 4421)
4(4311 4422 13968 13857)
4(4421 13967 13968 4422)
4(4312 4423 13969 13858)
4(4422 13968 13969 4423)
4(4313 4424 13970 13859)
4(4423 13969 13970 4424)
4(4314 4425 13971 13860)
4(4424 13970 13971 4425)
4(4315 4426 13972 13861)
4(4425 13971 13972 4426)
4(4316 4427 13973 13862)
4(4426 13972 13973 4427)
4(4317 4428 13974 13863)
4(4427 13973 13974 4428)
4(4318 4429 13975 13864)
4(4428 13974 13975 4429)
4(4319 4430 13976 13865)
4(4429 13975 13976 4430)
4(4320 4431 13977 13866)
4(4430 13976 13977 4431)
4(4321 4432 13978 13867)
4(4431 13977 13978 4432)
4(4322 4433 13979 13868)
4(4432 13978 13979 4433)
4(4323 4434 13980 13869)
4(4433 13979 13980 4434)
4(4324 4435 13981 13870)
4(4434 13980 13981 4435)
4(4325 4436 13982 13871)
4(4435 13981 13982 4436)
4(4326 4437 13983 13872)
4(4436 13982 13983 4437)
4(4327 4438 13984 13873)
4(4437 13983 13984 4438)
4(4438 13984 13985 4439)
4(4330 4441 13987 13876)
4(4440 13986 13987 4441)
4(4331 4442 13988 13877)
4(4441 13987 13988 4442)
4(4332 4443 13989 13878)
4(4442 13988 13989 4443)
4(4333 4444 13990 13879)
4(4443 13989 13990 4444)
4(4334 4445 13991 13880)
4(4444 13990 13991 4445)
4(4335 4446 13992 13881)
4(4445 13991 13992 4446)
4(4336 4447 13993 13882)
4(4446 13992 13993 4447)
4(4337 4448 13994 13883)
4(4447 13993 13994 4448)
4(4338 4449 13995 13884)
4(4448 13994 13995 4449)
4(4339 4450 13996 13885)
4(4449 13995 13996 4450)
4(4340 4451 13997 13886)
4(4450 13996 13997 4451)
4(4341 4452 13998 13887)
4(4451 13997 13998 4452)
4(4342 4453 13999 13888)
4(4452 13998 13999 4453)
4(4343 4454 14000 13889)
4(4453 13999 14000 4454)
4(4344 4455 14001 13890)
4(4454 14000 14001 4455)
4(4345 4456 14002 13891)
4(4455 14001 14002 4456)
4(4346 4457 14003 13892)
4(4456 14002 14003 4457)
4(4347 4458 14004 13893)
4(4457 14003 14004 4458)
4(4348 4459 14005 13894)
4(4458 14004 14005 4459)
4(4349 4460 14006 13895)
4(4459 14005 14006 4460)
4(4350 4461 14007 13896)
4(4460 14006 14007 4461)
4(4351 4462 14008 13897)
4(4461 14007 14008 4462)
4(4352 4463 14009 13898)
4(4462 14008 14009 4463)
4(4353 4464 14010 13899)
4(4463 14009 14010 4464)
4(4354 4465 14011 13900)
4(4464 14010 14011 4465)
4(4355 4466 14012 13901)
4(4465 14011 14012 4466)
4(4356 4467 14013 13902)
4(4466 14012 14013 4467)
4(4357 4468 14014 13903)
4(4467 14013 14014 4468)
4(4358 4469 14015 13904)
4(4468 14014 14015 4469)
4(4359 4470 14016 13905)
4(4469 14015 14016 4470)
4(4360 4471 14017 13906)
4(4470 14016 14017 4471)
4(4361 4472 14018 13907)
4(4471 14017 14018 4472)
4(4362 4473 14019 13908)
4(4472 14018 14019 4473)
4(4363 4474 14020 13909)
4(4473 14019 14020 4474)
4(4364 4475 14021 13910)
4(4474 14020 14021 4475)
4(4365 4476 14022 13911)
4(4475 14021 14022 4476)
4(4366 4477 14023 13912)
4(4476 14022 14023 4477)
4(4367 4478 14024 13913)
4(4477 14023 14024 4478)
4(4368 4479 14025 13914)
4(4478 14024 14025 4479)
4(4369 4480 14026 13915)
4(4479 14025 14026 4480)
4(4370 4481 14027 13916)
4(4480 14026 14027 4481)
4(4371 4482 14028 13917)
4(4481 14027 14028 4482)
4(4372 4483 14029 13918)
4(4482 14028 14029 4483)
4(4373 4484 14030 13919)
4(4483 14029 14030 4484)
4(4374 4485 14031 13920)
4(4484 14030 14031 4485)
4(4375 4486 14032 13921)
4(4485 14031 14032 4486)
4(4376 4487 14033 13922)
4(4486 14032 14033 4487)
4(4377 4488 14034 13923)
4(4487 14033 14034 4488)
4(4378 4489 14035 13924)
4(4488 14034 14035 4489)
4(4379 4490 14036 13925)
4(4489 14035 14036 4490)
4(4380 4491 14037 13926)
4(4490 14036 14037 4491)
4(4381 4492 14038 13927)
4(4491 14037 14038 4492)
4(4382 4493 14039 13928)
4(4492 14038 14039 4493)
4(4383 4494 14040 13929)
4(4493 14039 14040 4494)
4(4384 4495 14041 13930)
4(4494 14040 14041 4495)
4(4385 4496 14042 13931)
4(4495 14041 14042 4496)
4(4386 4497 14043 13932)
4(4496 14042 14043 4497)
4(4387 4498 14044 13933)
4(4497 14043 14044 4498)
4(4388 4499 14045 13934)
4(4498 14044 14045 4499)
4(4389 4500 14046 13935)
4(4499 14045 14046 4500)
4(4390 4501 14047 13936)
4(4500 14046 14047 4501)
4(4391 4502 14048 13937)
4(4501 14047 14048 4502)
4(4392 4503 14049 13938)
4(4502 14048 14049 4503)
4(4393 4504 14050 13939)
4(4503 14049 14050 4504)
4(4394 4505 14051 13940)
4(4504 14050 14051 4505)
4(4395 4506 14052 13941)
4(4505 14051 14052 4506)
4(4396 4507 14053 13942)
4(4506 14052 14053 4507)
4(4397 4508 14054 13943)
4(4507 14053 14054 4508)
4(4398 4509 14055 13944)
4(4508 14054 14055 4509)
4(4399 4510 14056 13945)
4(4509 14055 14056 4510)
4(4400 4511 14057 13946)
4(4510 14056 14057 4511)
4(4401 4512 14058 13947)
4(4511 14057 14058 4512)
4(4402 4513 14059 13948)
4(4512 14058 14059 4513)
4(4403 4514 14060 13949)
4(4513 14059 14060 4514)
4(4404 4515 14061 13950)
4(4514 14060 14061 4515)
4(4405 4516 14062 13951)
4(4515 14061 14062 4516)
4(4406 4517 14063 13952)
4(4516 14062 14063 4517)
4(4407 4518 14064 13953)
4(4517 14063 14064 4518)
4(4408 4519 14065 13954)
4(4518 14064 14065 4519)
4(4409 4520 14066 13955)
4(4519 14065 14066 4520)
4(4410 4521 14067 13956)
4(4520 14066 14067 4521)
4(4411 4522 14068 13957)
4(4521 14067 14068 4522)
4(4412 4523 14069 13958)
4(4522 14068 14069 4523)
4(4413 4524 14070 13959)
4(4523 14069 14070 4524)
4(4414 4525 14071 13960)
4(4524 14070 14071 4525)
4(4415 4526 14072 13961)
4(4525 14071 14072 4526)
4(4416 4527 14073 13962)
4(4526 14072 14073 4527)
4(4417 4528 14074 13963)
4(4527 14073 14074 4528)
4(4418 4529 14075 13964)
4(4528 14074 14075 4529)
4(4419 4530 14076 13965)
4(4529 14075 14076 4530)
4(4420 4531 14077 13966)
4(4530 14076 14077 4531)
4(4421 4532 14078 13967)
4(4531 14077 14078 4532)
4(4422 4533 14079 13968)
4(4532 14078 14079 4533)
4(4423 4534 14080 13969)
4(4533 14079 14080 4534)
4(4424 4535 14081 13970)
4(4534 14080 14081 4535)
4(4425 4536 14082 13971)
4(4535 14081 14082 4536)
4(4426 4537 14083 13972)
4(4536 14082 14083 4537)
4(4427 4538 14084 13973)
4(4537 14083 14084 4538)
4(4428 4539 14085 13974)
4(4538 14084 14085 4539)
4(4429 4540 14086 13975)
4(4539 14085 14086 4540)
4(4430 4541 14087 13976)
4(4540 14086 14087 4541)
4(4431 4542 14088 13977)
4(4541 14087 14088 4542)
4(4432 4543 14089 13978)
4(4542 14088 14089 4543)
4(4433 4544 14090 13979)
4(4543 14089 14090 4544)
4(4434 4545 14091 13980)
4(4544 14090 14091 4545)
4(4435 4546 14092 13981)
4(4545 14091 14092 4546)
4(4436 4547 14093 13982)
4(4546 14092 14093 4547)
4(4437 4548 14094 13983)
4(4547 14093 14094 4548)
4(4438 4549 14095 13984)
4(4548 14094 14095 4549)
4(4549 14095 14096 4550)
4(4441 4552 14098 13987)
4(4551 14097 14098 4552)
4(4442 4553 14099 13988)
4(4552 14098 14099 4553)
4(4443 4554 14100 13989)
4(4553 14099 14100 4554)
4(4444 4555 14101 13990)
4(4554 14100 14101 4555)
4(4445 4556 14102 13991)
4(4555 14101 14102 4556)
4(4446 4557 14103 13992)
4(4556 14102 14103 4557)
4(4447 4558 14104 13993)
4(4557 14103 14104 4558)
4(4448 4559 14105 13994)
4(4558 14104 14105 4559)
4(4449 4560 14106 13995)
4(4559 14105 14106 4560)
4(4450 4561 14107 13996)
4(4560 14106 14107 4561)
4(4451 4562 14108 13997)
4(4561 14107 14108 4562)
4(4452 4563 14109 13998)
4(4562 14108 14109 4563)
4(4453 4564 14110 13999)
4(4563 14109 14110 4564)
4(4454 4565 14111 14000)
4(4564 14110 14111 4565)
4(4455 4566 14112 14001)
4(4565 14111 14112 4566)
4(4456 4567 14113 14002)
4(4566 14112 14113 4567)
4(4457 4568 14114 14003)
4(4567 14113 14114 4568)
4(4458 4569 14115 14004)
4(4568 14114 14115 4569)
4(4459 4570 14116 14005)
4(4569 14115 14116 4570)
4(4460 4571 14117 14006)
4(4570 14116 14117 4571)
4(4461 4572 14118 14007)
4(4571 14117 14118 4572)
4(4462 4573 14119 14008)
4(4572 14118 14119 4573)
4(4463 4574 14120 14009)
4(4573 14119 14120 4574)
4(4464 4575 14121 14010)
4(4574 14120 14121 4575)
4(4465 4576 14122 14011)
4(4575 14121 14122 4576)
4(4466 4577 14123 14012)
4(4576 14122 14123 4577)
4(4467 4578 14124 14013)
4(4577 14123 14124 4578)
4(4468 4579 14125 14014)
4(4578 14124 14125 4579)
4(4469 4580 14126 14015)
4(4579 14125 14126 4580)
4(4470 4581 14127 14016)
4(4580 14126 14127 4581)
4(4471 4582 14128 14017)
4(4581 14127 14128 4582)
4(4472 4583 14129 14018)
4(4582 14128 14129 4583)
4(4473 4584 14130 14019)
4(4583 14129 14130 4584)
4(4474 4585 14131 14020)
4(4584 14130 14131 4585)
4(4475 4586 14132 14021)
4(4585 14131 14132 4586)
4(4476 4587 14133 14022)
4(4586 14132 14133 4587)
4(4477 4588 14134 14023)
4(4587 14133 14134 4588)
4(4478 4589 14135 14024)
4(4588 14134 14135 4589)
4(4479 4590 14136 14025)
4(4589 14135 14136 4590)
4(4480 4591 14137 14026)
4(4590 14136 14137 4591)
4(4481 4592 14138 14027)
4(4591 14137 14138 4592)
4(4482 4593 14139 14028)
4(4592 14138 14139 4593)
4(4483 4594 14140 14029)
4(4593 14139 14140 4594)
4(4484 4595 14141 14030)
4(4594 14140 14141 4595)
4(4485 4596 14142 14031)
4(4595 14141 14142 4596)
4(4486 4597 14143 14032)
4(4596 14142 14143 4597)
4(4487 4598 14144 14033)
4(4597 14143 14144 4598)
4(4488 4599 14145 14034)
4(4598 14144 14145 4599)
4(4489 4600 14146 14035)
4(4599 14145 14146 4600)
4(4490 4601 14147 14036)
4(4600 14146 14147 4601)
4(4491 4602 14148 14037)
4(4601 14147 14148 4602)
4(4492 4603 14149 14038)
4(4602 14148 14149 4603)
4(4493 4604 14150 14039)
4(4603 14149 14150 4604)
4(4494 4605 14151 14040)
4(4604 14150 14151 4605)
4(4495 4606 14152 14041)
4(4605 14151 14152 4606)
4(4496 4607 14153 14042)
4(4606 14152 14153 4607)
4(4497 4608 14154 14043)
4(4607 14153 14154 4608)
4(4498 4609 14155 14044)
4(4608 14154 14155 4609)
4(4499 4610 14156 14045)
4(4609 14155 14156 4610)
4(4500 4611 14157 14046)
4(4610 14156 14157 4611)
4(4501 4612 14158 14047)
4(4611 14157 14158 4612)
4(4502 4613 14159 14048)
4(4612 14158 14159 4613)
4(4503 4614 14160 14049)
4(4613 14159 14160 4614)
4(4504 4615 14161 14050)
4(4614 14160 14161 4615)
4(4505 4616 14162 14051)
4(4615 14161 14162 4616)
4(4506 4617 14163 14052)
4(4616 14162 14163 4617)
4(4507 4618 14164 14053)
4(4617 14163 14164 4618)
4(4508 4619 14165 14054)
4(4618 14164 14165 4619)
4(4509 4620 14166 14055)
4(4619 14165 14166 4620)
4(4510 4621 14167 14056)
4(4620 14166 14167 4621)
4(4511 4622 14168 14057)
4(4621 14167 14168 4622)
4(4512 4623 14169 14058)
4(4622 14168 14169 4623)
4(4513 4624 14170 14059)
4(4623 14169 14170 4624)
4(4514 4625 14171 14060)
4(4624 14170 14171 4625)
4(4515 4626 14172 14061)
4(4625 14171 14172 4626)
4(4516 4627 14173 14062)
4(4626 14172 14173 4627)
4(4517 4628 14174 14063)
4(4627 14173 14174 4628)
4(4518 4629 14175 14064)
4(4628 14174 14175 4629)
4(4519 4630 14176 14065)
4(4629 14175 14176 4630)
4(4520 4631 14177 14066)
4(4630 14176 14177 4631)
4(4521 4632 14178 14067)
4(4631 14177 14178 4632)
4(4522 4633 14179 14068)
4(4632 14178 14179 4633)
4(4523 4634 14180 14069)
4(4633 14179 14180 4634)
4(4524 4635 14181 14070)
4(4634 14180 14181 4635)
4(4525 4636 14182 14071)
4(4635 14181 14182 4636)
4(4526 4637 14183 14072)
4(4636 14182 14183 4637)
4(4527 4638 14184 14073)
4(4637 14183 14184 4638)
4(4528 4639 14185 14074)
4(4638 14184 14185 4639)
4(4529 4640 14186 14075)
4(4639 14185 14186 4640)
4(4530 4641 14187 14076)
4(4640 14186 14187 4641)
4(4531 4642 14188 14077)
4(4641 14187 14188 4642)
4(4532 4643 14189 14078)
4(4642 14188 14189 4643)
4(4533 4644 14190 14079)
4(4643 14189 14190 4644)
4(4534 4645 14191 14080)
4(4644 14190 14191 4645)
4(4535 4646 14192 14081)
4(4645 14191 14192 4646)
4(4536 4647 14193 14082)
4(4646 14192 14193 4647)
4(4537 4648 14194 14083)
4(4647 14193 14194 4648)
4(4538 4649 14195 14084)
4(4648 14194 14195 4649)
4(4539 4650 14196 14085)
4(4649 14195 14196 4650)
4(4540 4651 14197 14086)
4(4650 14196 14197 4651)
4(4541 4652 14198 14087)
4(4651 14197 14198 4652)
4(4542 4653 14199 14088)
4(4652 14198 14199 4653)
4(4543 4654 14200 14089)
4(4653 14199 14200 4654)
4(4544 4655 14201 14090)
4(4654 14200 14201 4655)
4(4545 4656 14202 14091)
4(4655 14201 14202 4656)
4(4546 4657 14203 14092)
4(4656 14202 14203 4657)
4(4547 4658 14204 14093)
4(4657 14203 14204 4658)
4(4548 4659 14205 14094)
4(4658 14204 14205 4659)
4(4549 4660 14206 14095)
4(4659 14205 14206 4660)
4(4660 14206 14207 4661)
4(4552 4663 14209 14098)
4(4662 14208 14209 4663)
4(4553 4664 14210 14099)
4(4663 14209 14210 4664)
4(4554 4665 14211 14100)
4(4664 14210 14211 4665)
4(4555 4666 14212 14101)
4(4665 14211 14212 4666)
4(4556 4667 14213 14102)
4(4666 14212 14213 4667)
4(4557 4668 14214 14103)
4(4667 14213 14214 4668)
4(4558 4669 14215 14104)
4(4668 14214 14215 4669)
4(4559 4670 14216 14105)
4(4669 14215 14216 4670)
4(4560 4671 14217 14106)
4(4670 14216 14217 4671)
4(4561 4672 14218 14107)
4(4671 14217 14218 4672)
4(4562 4673 14219 14108)
4(4672 14218 14219 4673)
4(4563 4674 14220 14109)
4(4673 14219 14220 4674)
4(4564 4675 14221 14110)
4(4674 14220 14221 4675)
4(4565 4676 14222 14111)
4(4675 14221 14222 4676)
4(4566 4677 14223 14112)
4(4676 14222 14223 4677)
4(4567 4678 14224 14113)
4(4677 14223 14224 4678)
4(4568 4679 14225 14114)
4(4678 14224 14225 4679)
4(4569 4680 14226 14115)
4(4679 14225 14226 4680)
4(4570 4681 14227 14116)
4(4680 14226 14227 4681)
4(4571 4682 14228 14117)
4(4681 14227 14228 4682)
4(4572 4683 14229 14118)
4(4682 14228 14229 4683)
4(4573 4684 14230 14119)
4(4683 14229 14230 4684)
4(4574 4685 14231 14120)
4(4684 14230 14231 4685)
4(4575 4686 14232 14121)
4(4685 14231 14232 4686)
4(4576 4687 14233 14122)
4(4686 14232 14233 4687)
4(4577 4688 14234 14123)
4(4687 14233 14234 4688)
4(4578 4689 14235 14124)
4(4688 14234 14235 4689)
4(4579 4690 14236 14125)
4(4689 14235 14236 4690)
4(4580 4691 14237 14126)
4(4690 14236 14237 4691)
4(4581 4692 14238 14127)
4(4691 14237 14238 4692)
4(4582 4693 14239 14128)
4(4692 14238 14239 4693)
4(4583 4694 14240 14129)
4(4693 14239 14240 4694)
4(4584 4695 14241 14130)
4(4694 14240 14241 4695)
4(4585 4696 14242 14131)
4(4695 14241 14242 4696)
4(4586 4697 14243 14132)
4(4696 14242 14243 4697)
4(4587 4698 14244 14133)
4(4697 14243 14244 4698)
4(4588 4699 14245 14134)
4(4698 14244 14245 4699)
4(4589 4700 14246 14135)
4(4699 14245 14246 4700)
4(4590 4701 14247 14136)
4(4700 14246 14247 4701)
4(4591 4702 14248 14137)
4(4701 14247 14248 4702)
4(4592 4703 14249 14138)
4(4702 14248 14249 4703)
4(4593 4704 14250 14139)
4(4703 14249 14250 4704)
4(4594 4705 14251 14140)
4(4704 14250 14251 4705)
4(4595 4706 14252 14141)
4(4705 14251 14252 4706)
4(4596 4707 14253 14142)
4(4706 14252 14253 4707)
4(4597 4708 14254 14143)
4(4707 14253 14254 4708)
4(4598 4709 14255 14144)
4(4708 14254 14255 4709)
4(4599 4710 14256 14145)
4(4709 14255 14256 4710)
4(4600 4711 14257 14146)
4(4710 14256 14257 4711)
4(4601 4712 14258 14147)
4(4711 14257 14258 4712)
4(4602 4713 14259 14148)
4(4712 14258 14259 4713)
4(4603 4714 14260 14149)
4(4713 14259 14260 4714)
4(4604 4715 14261 14150)
4(4714 14260 14261 4715)
4(4605 4716 14262 14151)
4(4715 14261 14262 4716)
4(4606 4717 14263 14152)
4(4716 14262 14263 4717)
4(4607 4718 14264 14153)
4(4717 14263 14264 4718)
4(4608 4719 14265 14154)
4(4718 14264 14265 4719)
4(4609 4720 14266 14155)
4(4719 14265 14266 4720)
4(4610 4721 14267 14156)
4(4720 14266 14267 4721)
4(4611 4722 14268 14157)
4(4721 14267 14268 4722)
4(4612 4723 14269 14158)
4(4722 14268 14269 4723)
4(4613 4724 14270 14159)
4(4723 14269 14270 4724)
4(4614 4725 14271 14160)
4(4724 14270 14271 4725)
4(4615 4726 14272 14161)
4(4725 14271 14272 4726)
4(4616 4727 14273 14162)
4(4726 14272 14273 4727)
4(4617 4728 14274 14163)
4(4727 14273 14274 4728)
4(4618 4729 14275 14164)
4(4728 14274 14275 4729)
4(4619 4730 14276 14165)
4(4729 14275 14276 4730)
4(4620 4731 14277 14166)
4(4730 14276 14277 4731)
4(4621 4732 14278 14167)
4(4731 14277 14278 4732)
4(4622 4733 14279 14168)
4(4732 14278 14279 4733)
4(4623 4734 14280 14169)
4(4733 14279 14280 4734)
4(4624 4735 14281 14170)
4(4734 14280 14281 4735)
4(4625 4736 14282 14171)
4(4735 14281 14282 4736)
4(4626 4737 14283 14172)
4(4736 14282 14283 4737)
4(4627 4738 14284 14173)
4(4737 14283 14284 4738)
4(4628 4739 14285 14174)
4(4738 14284 14285 4739)
4(4629 4740 14286 14175)
4(4739 14285 14286 4740)
4(4630 4741 14287 14176)
4(4740 14286 14287 4741)
4(4631 4742 14288 14177)
4(4741 14287 14288 4742)
4(4632 4743 14289 14178)
4(4742 14288 14289 4743)
4(4633 4744 14290 14179)
4(4743 14289 14290 4744)
4(4634 4745 14291 14180)
4(4744 14290 14291 4745)
4(4635 4746 14292 14181)
4(4745 14291 14292 4746)
4(4636 4747 14293 14182)
4(4746 14292 14293 4747)
4(4637 4748 14294 14183)
4(4747 14293 14294 4748)
4(4638 4749 14295 14184)
4(4748 14294 14295 4749)
4(4639 4750 14296 14185)
4(4749 14295 14296 4750)
4(4640 4751 14297 14186)
4(4750 14296 14297 4751)
4(4641 4752 14298 14187)
4(4751 14297 14298 4752)
4(4642 4753 14299 14188)
4(4752 14298 14299 4753)
4(4643 4754 14300 14189)
4(4753 14299 14300 4754)
4(4644 4755 14301 14190)
4(4754 14300 14301 4755)
4(4645 4756 14302 14191)
4(4755 14301 14302 4756)
4(4646 4757 14303 14192)
4(4756 14302 14303 4757)
4(4647 4758 14304 14193)
4(4757 14303 14304 4758)
4(4648 4759 14305 14194)
4(4758 14304 14305 4759)
4(4649 4760 14306 14195)
4(4759 14305 14306 4760)
4(4650 4761 14307 14196)
4(4760 14306 14307 4761)
4(4651 4762 14308 14197)
4(4761 14307 14308 4762)
4(4652 4763 14309 14198)
4(4762 14308 14309 4763)
4(4653 4764 14310 14199)
4(4763 14309 14310 4764)
4(4654 4765 14311 14200)
4(4764 14310 14311 4765)
4(4655 4766 14312 14201)
4(4765 14311 14312 4766)
4(4656 4767 14313 14202)
4(4766 14312 14313 4767)
4(4657 4768 14314 14203)
4(4767 14313 14314 4768)
4(4658 4769 14315 14204)
4(4768 14314 14315 4769)
4(4659 4770 14316 14205)
4(4769 14315 14316 4770)
4(4660 4771 14317 14206)
4(4770 14316 14317 4771)
4(4771 14317 14318 4772)
4(4663 4774 14320 14209)
4(4773 14319 14320 4774)
4(4664 4775 14321 14210)
4(4774 14320 14321 4775)
4(4665 4776 14322 14211)
4(4775 14321 14322 4776)
4(4666 4777 14323 14212)
4(4776 14322 14323 4777)
4(4667 4778 14324 14213)
4(4777 14323 14324 4778)
4(4668 4779 14325 14214)
4(4778 14324 14325 4779)
4(4669 4780 14326 14215)
4(4779 14325 14326 4780)
4(4670 4781 14327 14216)
4(4780 14326 14327 4781)
4(4671 4782 14328 14217)
4(4781 14327 14328 4782)
4(4672 4783 14329 14218)
4(4782 14328 14329 4783)
4(4673 4784 14330 14219)
4(4783 14329 14330 4784)
4(4674 4785 14331 14220)
4(4784 14330 14331 4785)
4(4675 4786 14332 14221)
4(4785 14331 14332 4786)
4(4676 4787 14333 14222)
4(4786 14332 14333 4787)
4(4677 4788 14334 14223)
4(4787 14333 14334 4788)
4(4678 4789 14335 14224)
4(4788 14334 14335 4789)
4(4679 4790 14336 14225)
4(4789 14335 14336 4790)
4(4680 4791 14337 14226)
4(4790 14336 14337 4791)
4(4681 4792 14338 14227)
4(4791 14337 14338 4792)
4(4682 4793 14339 14228)
4(4792 14338 14339 4793)
4(4683 4794 14340 14229)
4(4793 14339 14340 4794)
4(4684 4795 14341 14230)
4(4794 14340 14341 4795)
4(4685 4796 14342 14231)
4(4795 14341 14342 4796)
4(4686 4797 14343 14232)
4(4796 14342 14343 4797)
4(4687 4798 14344 14233)
4(4797 14343 14344 4798)
4(4688 4799 14345 14234)
4(4798 14344 14345 4799)
4(4689 4800 14346 14235)
4(4799 14345 14346 4800)
4(4690 4801 14347 14236)
4(4800 14346 14347 4801)
4(4691 4802 14348 14237)
4(4801 14347 14348 4802)
4(4692 4803 14349 14238)
4(4802 14348 14349 4803)
4(4693 4804 14350 14239)
4(4803 14349 14350 4804)
4(4694 4805 14351 14240)
4(4804 14350 14351 4805)
4(4695 4806 14352 14241)
4(4805 14351 14352 4806)
4(4696 4807 14353 14242)
4(4806 14352 14353 4807)
4(4697 4808 14354 14243)
4(4807 14353 14354 4808)
4(4698 4809 14355 14244)
4(4808 14354 14355 4809)
4(4699 4810 14356 14245)
4(4809 14355 14356 4810)
4(4700 4811 14357 14246)
4(4810 14356 14357 4811)
4(4701 4812 14358 14247)
4(4811 14357 14358 4812)
4(4702 4813 14359 14248)
4(4812 14358 14359 4813)
4(4703 4814 14360 14249)
4(4813 14359 14360 4814)
4(4704 4815 14361 14250)
4(4814 14360 14361 4815)
4(4705 4816 14362 14251)
4(4815 14361 14362 4816)
4(4706 4817 14363 14252)
4(4816 14362 14363 4817)
4(4707 4818 14364 14253)
4(4817 14363 14364 4818)
4(4708 4819 14365 14254)
4(4818 14364 14365 4819)
4(4709 4820 14366 14255)
4(4819 14365 14366 4820)
4(4710 4821 14367 14256)
4(4820 14366 14367 4821)
4(4711 4822 14368 14257)
4(4821 14367 14368 4822)
4(4712 4823 14369 14258)
4(4822 14368 14369 4823)
4(4713 4824 14370 14259)
4(4823 14369 14370 4824)
4(4714 4825 14371 14260)
4(4824 14370 14371 4825)
4(4715 4826 14372 14261)
4(4825 14371 14372 4826)
4(4716 4827 14373 14262)
4(4826 14372 14373 4827)
4(4717 4828 14374 14263)
4(4827 14373 14374 4828)
4(4718 4829 14375 14264)
4(4828 14374 14375 4829)
4(4719 4830 14376 14265)
4(4829 14375 14376 4830)
4(4720 4831 14377 14266)
4(4830 14376 14377 4831)
4(4721 4832 14378 14267)
4(4831 14377 14378 4832)
4(4722 4833 14379 14268)
4(4832 14378 14379 4833)
4(4723 4834 14380 14269)
4(4833 14379 14380 4834)
4(4724 4835 14381 14270)
4(4834 14380 14381 4835)
4(4725 4836 14382 14271)
4(4835 14381 14382 4836)
4(4726 4837 14383 14272)
4(4836 14382 14383 4837)
4(4727 4838 14384 14273)
4(4837 14383 14384 4838)
4(4728 4839 14385 14274)
4(4838 14384 14385 4839)
4(4729 4840 14386 14275)
4(4839 14385 14386 4840)
4(4730 4841 14387 14276)
4(4840 14386 14387 4841)
4(4731 4842 14388 14277)
4(4841 14387 14388 4842)
4(4732 4843 14389 14278)
4(4842 14388 14389 4843)
4(4733 4844 14390 14279)
4(4843 14389 14390 4844)
4(4734 4845 14391 14280)
4(4844 14390 14391 4845)
4(4735 4846 14392 14281)
4(4845 14391 14392 4846)
4(4736 4847 14393 14282)
4(4846 14392 14393 4847)
4(4737 4848 14394 14283)
4(4847 14393 14394 4848)
4(4738 4849 14395 14284)
4(4848 14394 14395 4849)
4(4739 4850 14396 14285)
4(4849 14395 14396 4850)
4(4740 4851 14397 14286)
4(4850 14396 14397 4851)
4(4741 4852 14398 14287)
4(4851 14397 14398 4852)
4(4742 4853 14399 14288)
4(4852 14398 14399 4853)
4(4743 4854 14400 14289)
4(4853 14399 14400 4854)
4(4744 4855 14401 14290)
4(4854 14400 14401 4855)
4(4745 4856 14402 14291)
4(4855 14401 14402 4856)
4(4746 4857 14403 14292)
4(4856 14402 14403 4857)
4(4747 4858 14404 14293)
4(4857 14403 14404 4858)
4(4748 4859 14405 14294)
4(4858 14404 14405 4859)
4(4749 4860 14406 14295)
4(4859 14405 14406 4860)
4(4750 4861 14407 14296)
4(4860 14406 14407 4861)
4(4751 4862 14408 14297)
4(4861 14407 14408 4862)
4(4752 4863 14409 14298)
4(4862 14408 14409 4863)
4(4753 4864 14410 14299)
4(4863 14409 14410 4864)
4(4754 4865 14411 14300)
4(4864 14410 14411 4865)
4(4755 4866 14412 14301)
4(4865 14411 14412 4866)
4(4756 4867 14413 14302)
4(4866 14412 14413 4867)
4(4757 4868 14414 14303)
4(4867 14413 14414 4868)
4(4758 4869 14415 14304)
4(4868 14414 14415 4869)
4(4759 4870 14416 14305)
4(4869 14415 14416 4870)
4(4760 4871 14417 14306)
4(4870 14416 14417 4871)
4(4761 4872 14418 14307)
4(4871 14417 14418 4872)
4(4762 4873 14419 14308)
4(4872 14418 14419 4873)
4(4763 4874 14420 14309)
4(4873 14419 14420 4874)
4(4764 4875 14421 14310)
4(4874 14420 14421 4875)
4(4765 4876 14422 14311)
4(4875 14421 14422 4876)
4(4766 4877 14423 14312)
4(4876 14422 14423 4877)
4(4767 4878 14424 14313)
4(4877 14423 14424 4878)
4(4768 4879 14425 14314)
4(4878 14424 14425 4879)
4(4769 4880 14426 14315)
4(4879 14425 14426 4880)
4(4770 4881 14427 14316)
4(4880 14426 14427 4881)
4(4771 4882 14428 14317)
4(4881 14427 14428 4882)
4(4882 14428 14429 4883)
4(4774 4885 14431 14320)
4(4884 14430 14431 4885)
4(4775 4886 14432 14321)
4(4885 14431 14432 4886)
4(4776 4887 14433 14322)
4(4886 14432 14433 4887)
4(4777 4888 14434 14323)
4(4887 14433 14434 4888)
4(4778 4889 14435 14324)
4(4888 14434 14435 4889)
4(4779 4890 14436 14325)
4(4889 14435 14436 4890)
4(4780 4891 14437 14326)
4(4890 14436 14437 4891)
4(4781 4892 14438 14327)
4(4891 14437 14438 4892)
4(4782 4893 14439 14328)
4(4892 14438 14439 4893)
4(4783 4894 14440 14329)
4(4893 14439 14440 4894)
4(4784 4895 14441 14330)
4(4894 14440 14441 4895)
4(4785 4896 14442 14331)
4(4895 14441 14442 4896)
4(4786 4897 14443 14332)
4(4896 14442 14443 4897)
4(4787 4898 14444 14333)
4(4897 14443 14444 4898)
4(4788 4899 14445 14334)
4(4898 14444 14445 4899)
4(4789 4900 14446 14335)
4(4899 14445 14446 4900)
4(4790 4901 14447 14336)
4(4900 14446 14447 4901)
4(4791 4902 14448 14337)
4(4901 14447 14448 4902)
4(4792 4903 14449 14338)
4(4902 14448 14449 4903)
4(4793 4904 14450 14339)
4(4903 14449 14450 4904)
4(4794 4905 14451 14340)
4(4904 14450 14451 4905)
4(4795 4906 14452 14341)
4(4905 14451 14452 4906)
4(4796 4907 14453 14342)
4(4906 14452 14453 4907)
4(4797 4908 14454 14343)
4(4907 14453 14454 4908)
4(4798 4909 14455 14344)
4(4908 14454 14455 4909)
4(4799 4910 14456 14345)
4(4909 14455 14456 4910)
4(4800 4911 14457 14346)
4(4910 14456 14457 4911)
4(4801 4912 14458 14347)
4(4911 14457 14458 4912)
4(4802 4913 14459 14348)
4(4912 14458 14459 4913)
4(4803 4914 14460 14349)
4(4913 14459 14460 4914)
4(4804 4915 14461 14350)
4(4914 14460 14461 4915)
4(4805 4916 14462 14351)
4(4915 14461 14462 4916)
4(4806 4917 14463 14352)
4(4916 14462 14463 4917)
4(4807 4918 14464 14353)
4(4917 14463 14464 4918)
4(4808 4919 14465 14354)
4(4918 14464 14465 4919)
4(4809 4920 14466 14355)
4(4919 14465 14466 4920)
4(4810 4921 14467 14356)
4(4920 14466 14467 4921)
4(4811 4922 14468 14357)
4(4921 14467 14468 4922)
4(4812 4923 14469 14358)
4(4922 14468 14469 4923)
4(4813 4924 14470 14359)
4(4923 14469 14470 4924)
4(4814 4925 14471 14360)
4(4924 14470 14471 4925)
4(4815 4926 14472 14361)
4(4925 14471 14472 4926)
4(4816 4927 14473 14362)
4(4926 14472 14473 4927)
4(4817 4928 14474 14363)
4(4927 14473 14474 4928)
4(4818 4929 14475 14364)
4(4928 14474 14475 4929)
4(4819 4930 14476 14365)
4(4929 14475 14476 4930)
4(4820 4931 14477 14366)
4(4930 14476 14477 4931)
4(4821 4932 14478 14367)
4(4931 14477 14478 4932)
4(4822 4933 14479 14368)
4(4932 14478 14479 4933)
4(4823 4934 14480 14369)
4(4933 14479 14480 4934)
4(4824 4935 14481 14370)
4(4934 14480 14481 4935)
4(4825 4936 14482 14371)
4(4935 14481 14482 4936)
4(4826 4937 14483 14372)
4(4936 14482 14483 4937)
4(4827 4938 14484 14373)
4(4937 14483 14484 4938)
4(4828 4939 14485 14374)
4(4938 14484 14485 4939)
4(4829 4940 14486 14375)
4(4939 14485 14486 4940)
4(4830 4941 14487 14376)
4(4940 14486 14487 4941)
4(4831 4942 14488 14377)
4(4941 14487 14488 4942)
4(4832 4943 14489 14378)
4(4942 14488 14489 4943)
4(4833 4944 14490 14379)
4(4943 14489 14490 4944)
4(4834 4945 14491 14380)
4(4944 14490 14491 4945)
4(4835 4946 14492 14381)
4(4945 14491 14492 4946)
4(4836 4947 14493 14382)
4(4946 14492 14493 4947)
4(4837 4948 14494 14383)
4(4947 14493 14494 4948)
4(4838 4949 14495 14384)
4(4948 14494 14495 4949)
4(4839 4950 14496 14385)
4(4949 14495 14496 4950)
4(4840 4951 14497 14386)
4(4950 14496 14497 4951)
4(4841 4952 14498 14387)
4(4951 14497 14498 4952)
4(4842 4953 14499 14388)
4(4952 14498 14499 4953)
4(4843 4954 14500 14389)
4(4953 14499 14500 4954)
4(4844 4955 14501 14390)
4(4954 14500 14501 4955)
4(4845 4956 14502 14391)
4(4955 14501 14502 4956)
4(4846 4957 14503 14392)
4(4956 14502 14503 4957)
4(4847 4958 14504 14393)
4(4957 14503 14504 4958)
4(4848 4959 14505 14394)
4(4958 14504 14505 4959)
4(4849 4960 14506 14395)
4(4959 14505 14506 4960)
4(4850 4961 14507 14396)
4(4960 14506 14507 4961)
4(4851 4962 14508 14397)
4(4961 14507 14508 4962)
4(4852 4963 14509 14398)
4(4962 14508 14509 4963)
4(4853 4964 14510 14399)
4(4963 14509 14510 4964)
4(4854 4965 14511 14400)
4(4964 14510 14511 4965)
4(4855 4966 14512 14401)
4(4965 14511 14512 4966)
4(4856 4967 14513 14402)
4(4966 14512 14513 4967)
4(4857 4968 14514 14403)
4(4967 14513 14514 4968)
4(4858 4969 14515 14404)
4(4968 14514 14515 4969)
4(4859 4970 14516 14405)
4(4969 14515 14516 4970)
4(4860 4971 14517 14406)
4(4970 14516 14517 4971)
4(4861 4972 14518 14407)
4(4971 14517 14518 4972)
4(4862 4973 14519 14408)
4(4972 14518 14519 4973)
4(4863 4974 14520 14409)
4(4973 14519 14520 4974)
4(4864 4975 14521 14410)
4(4974 14520 14521 4975)
4(4865 4976 14522 14411)
4(4975 14521 14522 4976)
4(4866 4977 14523 14412)
4(4976 14522 14523 4977)
4(4867 4978 14524 14413)
4(4977 14523 14524 4978)
4(4868 4979 14525 14414)
4(4978 14524 14525 4979)
4(4869 4980 14526 14415)
4(4979 14525 14526 4980)
4(4870 4981 14527 14416)
4(4980 14526 14527 4981)
4(4871 4982 14528 14417)
4(4981 14527 14528 4982)
4(4872 4983 14529 14418)
4(4982 14528 14529 4983)
4(4873 4984 14530 14419)
4(4983 14529 14530 4984)
4(4874 4985 14531 14420)
4(4984 14530 14531 4985)
4(4875 4986 14532 14421)
4(4985 14531 14532 4986)
4(4876 4987 14533 14422)
4(4986 14532 14533 4987)
4(4877 4988 14534 14423)
4(4987 14533 14534 4988)
4(4878 4989 14535 14424)
4(4988 14534 14535 4989)
4(4879 4990 14536 14425)
4(4989 14535 14536 4990)
4(4880 4991 14537 14426)
4(4990 14536 14537 4991)
4(4881 4992 14538 14427)
4(4991 14537 14538 4992)
4(4882 4993 14539 14428)
4(4992 14538 14539 4993)
4(4993 14539 14540 4994)
4(4885 4996 14542 14431)
4(4995 14541 14542 4996)
4(4886 4997 14543 14432)
4(4996 14542 14543 4997)
4(4887 4998 14544 14433)
4(4997 14543 14544 4998)
4(4888 4999 14545 14434)
4(4998 14544 14545 4999)
4(4889 5000 14546 14435)
4(4999 14545 14546 5000)
4(4890 5001 14547 14436)
4(5000 14546 14547 5001)
4(4891 5002 14548 14437)
4(5001 14547 14548 5002)
4(4892 5003 14549 14438)
4(5002 14548 14549 5003)
4(4893 5004 14550 14439)
4(5003 14549 14550 5004)
4(4894 5005 14551 14440)
4(5004 14550 14551 5005)
4(4895 5006 14552 14441)
4(5005 14551 14552 5006)
4(4896 5007 14553 14442)
4(5006 14552 14553 5007)
4(4897 5008 14554 14443)
4(5007 14553 14554 5008)
4(4898 5009 14555 14444)
4(5008 14554 14555 5009)
4(4899 5010 14556 14445)
4(5009 14555 14556 5010)
4(4900 5011 14557 14446)
4(5010 14556 14557 5011)
4(4901 5012 14558 14447)
4(5011 14557 14558 5012)
4(4902 5013 14559 14448)
4(5012 14558 14559 5013)
4(4903 5014 14560 14449)
4(5013 14559 14560 5014)
4(4904 5015 14561 14450)
4(5014 14560 14561 5015)
4(4905 5016 14562 14451)
4(5015 14561 14562 5016)
4(4906 5017 14563 14452)
4(5016 14562 14563 5017)
4(4907 5018 14564 14453)
4(5017 14563 14564 5018)
4(4908 5019 14565 14454)
4(5018 14564 14565 5019)
4(4909 5020 14566 14455)
4(5019 14565 14566 5020)
4(4910 5021 14567 14456)
4(5020 14566 14567 5021)
4(4911 5022 14568 14457)
4(5021 14567 14568 5022)
4(4912 5023 14569 14458)
4(5022 14568 14569 5023)
4(4913 5024 14570 14459)
4(5023 14569 14570 5024)
4(4914 5025 14571 14460)
4(5024 14570 14571 5025)
4(4915 5026 14572 14461)
4(5025 14571 14572 5026)
4(4916 5027 14573 14462)
4(5026 14572 14573 5027)
4(4917 5028 14574 14463)
4(5027 14573 14574 5028)
4(4918 5029 14575 14464)
4(5028 14574 14575 5029)
4(4919 5030 14576 14465)
4(5029 14575 14576 5030)
4(4920 5031 14577 14466)
4(5030 14576 14577 5031)
4(4921 5032 14578 14467)
4(5031 14577 14578 5032)
4(4922 5033 14579 14468)
4(5032 14578 14579 5033)
4(4923 5034 14580 14469)
4(5033 14579 14580 5034)
4(4924 5035 14581 14470)
4(5034 14580 14581 5035)
4(4925 5036 14582 14471)
4(5035 14581 14582 5036)
4(4926 5037 14583 14472)
4(5036 14582 14583 5037)
4(4927 5038 14584 14473)
4(5037 14583 14584 5038)
4(4928 5039 14585 14474)
4(5038 14584 14585 5039)
4(4929 5040 14586 14475)
4(5039 14585 14586 5040)
4(4930 5041 14587 14476)
4(5040 14586 14587 5041)
4(4931 5042 14588 14477)
4(5041 14587 14588 5042)
4(4932 5043 14589 14478)
4(5042 14588 14589 5043)
4(4933 5044 14590 14479)
4(5043 14589 14590 5044)
4(4934 5045 14591 14480)
4(5044 14590 14591 5045)
4(4935 5046 14592 14481)
4(5045 14591 14592 5046)
4(4936 5047 14593 14482)
4(5046 14592 14593 5047)
4(4937 5048 14594 14483)
4(5047 14593 14594 5048)
4(4938 5049 14595 14484)
4(5048 14594 14595 5049)
4(4939 5050 14596 14485)
4(5049 14595 14596 5050)
4(4940 5051 14597 14486)
4(5050 14596 14597 5051)
4(4941 5052 14598 14487)
4(5051 14597 14598 5052)
4(4942 5053 14599 14488)
4(5052 14598 14599 5053)
4(4943 5054 14600 14489)
4(5053 14599 14600 5054)
4(4944 5055 14601 14490)
4(5054 14600 14601 5055)
4(4945 5056 14602 14491)
4(5055 14601 14602 5056)
4(4946 5057 14603 14492)
4(5056 14602 14603 5057)
4(4947 5058 14604 14493)
4(5057 14603 14604 5058)
4(4948 5059 14605 14494)
4(5058 14604 14605 5059)
4(4949 5060 14606 14495)
4(5059 14605 14606 5060)
4(4950 5061 14607 14496)
4(5060 14606 14607 5061)
4(4951 5062 14608 14497)
4(5061 14607 14608 5062)
4(4952 5063 14609 14498)
4(5062 14608 14609 5063)
4(4953 5064 14610 14499)
4(5063 14609 14610 5064)
4(4954 5065 14611 14500)
4(5064 14610 14611 5065)
4(4955 5066 14612 14501)
4(5065 14611 14612 5066)
4(4956 5067 14613 14502)
4(5066 14612 14613 5067)
4(4957 5068 14614 14503)
4(5067 14613 14614 5068)
4(4958 5069 14615 14504)
4(5068 14614 14615 5069)
4(4959 5070 14616 14505)
4(5069 14615 14616 5070)
4(4960 5071 14617 14506)
4(5070 14616 14617 5071)
4(4961 5072 14618 14507)
4(5071 14617 14618 5072)
4(4962 5073 14619 14508)
4(5072 14618 14619 5073)
4(4963 5074 14620 14509)
4(5073 14619 14620 5074)
4(4964 5075 14621 14510)
4(5074 14620 14621 5075)
4(4965 5076 14622 14511)
4(5075 14621 14622 5076)
4(4966 5077 14623 14512)
4(5076 14622 14623 5077)
4(4967 5078 14624 14513)
4(5077 14623 14624 5078)
4(4968 5079 14625 14514)
4(5078 14624 14625 5079)
4(4969 5080 14626 14515)
4(5079 14625 14626 5080)
4(4970 5081 14627 14516)
4(5080 14626 14627 5081)
4(4971 5082 14628 14517)
4(5081 14627 14628 5082)
4(4972 5083 14629 14518)
4(5082 14628 14629 5083)
4(4973 5084 14630 14519)
4(5083 14629 14630 5084)
4(4974 5085 14631 14520)
4(5084 14630 14631 5085)
4(4975 5086 14632 14521)
4(5085 14631 14632 5086)
4(4976 5087 14633 14522)
4(5086 14632 14633 5087)
4(4977 5088 14634 14523)
4(5087 14633 14634 5088)
4(4978 5089 14635 14524)
4(5088 14634 14635 5089)
4(4979 5090 14636 14525)
4(5089 14635 14636 5090)
4(4980 5091 14637 14526)
4(5090 14636 14637 5091)
4(4981 5092 14638 14527)
4(5091 14637 14638 5092)
4(4982 5093 14639 14528)
4(5092 14638 14639 5093)
4(4983 5094 14640 14529)
4(5093 14639 14640 5094)
4(4984 5095 14641 14530)
4(5094 14640 14641 5095)
4(4985 5096 14642 14531)
4(5095 14641 14642 5096)
4(4986 5097 14643 14532)
4(5096 14642 14643 5097)
4(4987 5098 14644 14533)
4(5097 14643 14644 5098)
4(4988 5099 14645 14534)
4(5098 14644 14645 5099)
4(4989 5100 14646 14535)
4(5099 14645 14646 5100)
4(4990 5101 14647 14536)
4(5100 14646 14647 5101)
4(4991 5102 14648 14537)
4(5101 14647 14648 5102)
4(4992 5103 14649 14538)
4(5102 14648 14649 5103)
4(4993 5104 14650 14539)
4(5103 14649 14650 5104)
4(5104 14650 14651 5105)
4(4996 5107 14653 14542)
4(5106 14652 14653 5107)
4(4997 5108 14654 14543)
4(5107 14653 14654 5108)
4(4998 5109 14655 14544)
4(5108 14654 14655 5109)
4(4999 5110 14656 14545)
4(5109 14655 14656 5110)
4(5000 5111 14657 14546)
4(5110 14656 14657 5111)
4(5001 5112 14658 14547)
4(5111 14657 14658 5112)
4(5002 5113 14659 14548)
4(5112 14658 14659 5113)
4(5003 5114 14660 14549)
4(5113 14659 14660 5114)
4(5004 5115 14661 14550)
4(5114 14660 14661 5115)
4(5005 5116 14662 14551)
4(5115 14661 14662 5116)
4(5006 5117 14663 14552)
4(5116 14662 14663 5117)
4(5007 5118 14664 14553)
4(5117 14663 14664 5118)
4(5008 5119 14665 14554)
4(5118 14664 14665 5119)
4(5009 5120 14666 14555)
4(5119 14665 14666 5120)
4(5010 5121 14667 14556)
4(5120 14666 14667 5121)
4(5011 5122 14668 14557)
4(5121 14667 14668 5122)
4(5012 5123 14669 14558)
4(5122 14668 14669 5123)
4(5013 5124 14670 14559)
4(5123 14669 14670 5124)
4(5014 5125 14671 14560)
4(5124 14670 14671 5125)
4(5015 5126 14672 14561)
4(5125 14671 14672 5126)
4(5016 5127 14673 14562)
4(5126 14672 14673 5127)
4(5017 5128 14674 14563)
4(5127 14673 14674 5128)
4(5018 5129 14675 14564)
4(5128 14674 14675 5129)
4(5019 5130 14676 14565)
4(5129 14675 14676 5130)
4(5020 5131 14677 14566)
4(5130 14676 14677 5131)
4(5021 5132 14678 14567)
4(5131 14677 14678 5132)
4(5022 5133 14679 14568)
4(5132 14678 14679 5133)
4(5023 5134 14680 14569)
4(5133 14679 14680 5134)
4(5024 5135 14681 14570)
4(5134 14680 14681 5135)
4(5025 5136 14682 14571)
4(5135 14681 14682 5136)
4(5026 5137 14683 14572)
4(5136 14682 14683 5137)
4(5027 5138 14684 14573)
4(5137 14683 14684 5138)
4(5028 5139 14685 14574)
4(5138 14684 14685 5139)
4(5029 5140 14686 14575)
4(5139 14685 14686 5140)
4(5030 5141 14687 14576)
4(5140 14686 14687 5141)
4(5031 5142 14688 14577)
4(5141 14687 14688 5142)
4(5032 5143 14689 14578)
4(5142 14688 14689 5143)
4(5033 5144 14690 14579)
4(5143 14689 14690 5144)
4(5034 5145 14691 14580)
4(5144 14690 14691 5145)
4(5035 5146 14692 14581)
4(5145 14691 14692 5146)
4(5036 5147 14693 14582)
4(5146 14692 14693 5147)
4(5037 5148 14694 14583)
4(5147 14693 14694 5148)
4(5038 5149 14695 14584)
4(5148 14694 14695 5149)
4(5039 5150 14696 14585)
4(5149 14695 14696 5150)
4(5040 5151 14697 14586)
4(5150 14696 14697 5151)
4(5041 5152 14698 14587)
4(5151 14697 14698 5152)
4(5042 5153 14699 14588)
4(5152 14698 14699 5153)
4(5043 5154 14700 14589)
4(5153 14699 14700 5154)
4(5044 5155 14701 14590)
4(5154 14700 14701 5155)
4(5045 5156 14702 14591)
4(5155 14701 14702 5156)
4(5046 5157 14703 14592)
4(5156 14702 14703 5157)
4(5047 5158 14704 14593)
4(5157 14703 14704 5158)
4(5048 5159 14705 14594)
4(5158 14704 14705 5159)
4(5049 5160 14706 14595)
4(5159 14705 14706 5160)
4(5050 5161 14707 14596)
4(5160 14706 14707 5161)
4(5051 5162 14708 14597)
4(5161 14707 14708 5162)
4(5052 5163 14709 14598)
4(5162 14708 14709 5163)
4(5053 5164 14710 14599)
4(5163 14709 14710 5164)
4(5054 5165 14711 14600)
4(5164 14710 14711 5165)
4(5055 5166 14712 14601)
4(5165 14711 14712 5166)
4(5056 5167 14713 14602)
4(5166 14712 14713 5167)
4(5057 5168 14714 14603)
4(5167 14713 14714 5168)
4(5058 5169 14715 14604)
4(5168 14714 14715 5169)
4(5059 5170 14716 14605)
4(5169 14715 14716 5170)
4(5060 5171 14717 14606)
4(5170 14716 14717 5171)
4(5061 5172 14718 14607)
4(5171 14717 14718 5172)
4(5062 5173 14719 14608)
4(5172 14718 14719 5173)
4(5063 5174 14720 14609)
4(5173 14719 14720 5174)
4(5064 5175 14721 14610)
4(5174 14720 14721 5175)
4(5065 5176 14722 14611)
4(5175 14721 14722 5176)
4(5066 5177 14723 14612)
4(5176 14722 14723 5177)
4(5067 5178 14724 14613)
4(5177 14723 14724 5178)
4(5068 5179 14725 14614)
4(5178 14724 14725 5179)
4(5069 5180 14726 14615)
4(5179 14725 14726 5180)
4(5070 5181 14727 14616)
4(5180 14726 14727 5181)
4(5071 5182 14728 14617)
4(5181 14727 14728 5182)
4(5072 5183 14729 14618)
4(5182 14728 14729 5183)
4(5073 5184 14730 14619)
4(5183 14729 14730 5184)
4(5074 5185 14731 14620)
4(5184 14730 14731 5185)
4(5075 5186 14732 14621)
4(5185 14731 14732 5186)
4(5076 5187 14733 14622)
4(5186 14732 14733 5187)
4(5077 5188 14734 14623)
4(5187 14733 14734 5188)
4(5078 5189 14735 14624)
4(5188 14734 14735 5189)
4(5079 5190 14736 14625)
4(5189 14735 14736 5190)
4(5080 5191 14737 14626)
4(5190 14736 14737 5191)
4(5081 5192 14738 14627)
4(5191 14737 14738 5192)
4(5082 5193 14739 14628)
4(5192 14738 14739 5193)
4(5083 5194 14740 14629)
4(5193 14739 14740 5194)
4(5084 5195 14741 14630)
4(5194 14740 14741 5195)
4(5085 5196 14742 14631)
4(5195 14741 14742 5196)
4(5086 5197 14743 14632)
4(5196 14742 14743 5197)
4(5087 5198 14744 14633)
4(5197 14743 14744 5198)
4(5088 5199 14745 14634)
4(5198 14744 14745 5199)
4(5089 5200 14746 14635)
4(5199 14745 14746 5200)
4(5090 5201 14747 14636)
4(5200 14746 14747 5201)
4(5091 5202 14748 14637)
4(5201 14747 14748 5202)
4(5092 5203 14749 14638)
4(5202 14748 14749 5203)
4(5093 5204 14750 14639)
4(5203 14749 14750 5204)
4(5094 5205 14751 14640)
4(5204 14750 14751 5205)
4(5095 5206 14752 14641)
4(5205 14751 14752 5206)
4(5096 5207 14753 14642)
4(5206 14752 14753 5207)
4(5097 5208 14754 14643)
4(5207 14753 14754 5208)
4(5098 5209 14755 14644)
4(5208 14754 14755 5209)
4(5099 5210 14756 14645)
4(5209 14755 14756 5210)
4(5100 5211 14757 14646)
4(5210 14756 14757 5211)
4(5101 5212 14758 14647)
4(5211 14757 14758 5212)
4(5102 5213 14759 14648)
4(5212 14758 14759 5213)
4(5103 5214 14760 14649)
4(5213 14759 14760 5214)
4(5104 5215 14761 14650)
4(5214 14760 14761 5215)
4(5215 14761 14762 5216)
4(5107 5218 14764 14653)
4(5217 14763 14764 5218)
4(5108 5219 14765 14654)
4(5218 14764 14765 5219)
4(5109 5220 14766 14655)
4(5219 14765 14766 5220)
4(5110 5221 14767 14656)
4(5220 14766 14767 5221)
4(5111 5222 14768 14657)
4(5221 14767 14768 5222)
4(5112 5223 14769 14658)
4(5222 14768 14769 5223)
4(5113 5224 14770 14659)
4(5223 14769 14770 5224)
4(5114 5225 14771 14660)
4(5224 14770 14771 5225)
4(5115 5226 14772 14661)
4(5225 14771 14772 5226)
4(5116 5227 14773 14662)
4(5226 14772 14773 5227)
4(5117 5228 14774 14663)
4(5227 14773 14774 5228)
4(5118 5229 14775 14664)
4(5228 14774 14775 5229)
4(5119 5230 14776 14665)
4(5229 14775 14776 5230)
4(5120 5231 14777 14666)
4(5230 14776 14777 5231)
4(5121 5232 14778 14667)
4(5231 14777 14778 5232)
4(5122 5233 14779 14668)
4(5232 14778 14779 5233)
4(5123 5234 14780 14669)
4(5233 14779 14780 5234)
4(5124 5235 14781 14670)
4(5234 14780 14781 5235)
4(5125 5236 14782 14671)
4(5235 14781 14782 5236)
4(5126 5237 14783 14672)
4(5236 14782 14783 5237)
4(5127 5238 14784 14673)
4(5237 14783 14784 5238)
4(5128 5239 14785 14674)
4(5238 14784 14785 5239)
4(5129 5240 14786 14675)
4(5239 14785 14786 5240)
4(5130 5241 14787 14676)
4(5240 14786 14787 5241)
4(5131 5242 14788 14677)
4(5241 14787 14788 5242)
4(5132 5243 14789 14678)
4(5242 14788 14789 5243)
4(5133 5244 14790 14679)
4(5243 14789 14790 5244)
4(5134 5245 14791 14680)
4(5244 14790 14791 5245)
4(5135 5246 14792 14681)
4(5245 14791 14792 5246)
4(5136 5247 14793 14682)
4(5246 14792 14793 5247)
4(5137 5248 14794 14683)
4(5247 14793 14794 5248)
4(5138 5249 14795 14684)
4(5248 14794 14795 5249)
4(5139 5250 14796 14685)
4(5249 14795 14796 5250)
4(5140 5251 14797 14686)
4(5250 14796 14797 5251)
4(5141 5252 14798 14687)
4(5251 14797 14798 5252)
4(5142 5253 14799 14688)
4(5252 14798 14799 5253)
4(5143 5254 14800 14689)
4(5253 14799 14800 5254)
4(5144 5255 14801 14690)
4(5254 14800 14801 5255)
4(5145 5256 14802 14691)
4(5255 14801 14802 5256)
4(5146 5257 14803 14692)
4(5256 14802 14803 5257)
4(5147 5258 14804 14693)
4(5257 14803 14804 5258)
4(5148 5259 14805 14694)
4(5258 14804 14805 5259)
4(5149 5260 14806 14695)
4(5259 14805 14806 5260)
4(5150 5261 14807 14696)
4(5260 14806 14807 5261)
4(5151 5262 14808 14697)
4(5261 14807 14808 5262)
4(5152 5263 14809 14698)
4(5262 14808 14809 5263)
4(5153 5264 14810 14699)
4(5263 14809 14810 5264)
4(5154 5265 14811 14700)
4(5264 14810 14811 5265)
4(5155 5266 14812 14701)
4(5265 14811 14812 5266)
4(5156 5267 14813 14702)
4(5266 14812 14813 5267)
4(5157 5268 14814 14703)
4(5267 14813 14814 5268)
4(5158 5269 14815 14704)
4(5268 14814 14815 5269)
4(5159 5270 14816 14705)
4(5269 14815 14816 5270)
4(5160 5271 14817 14706)
4(5270 14816 14817 5271)
4(5161 5272 14818 14707)
4(5271 14817 14818 5272)
4(5162 5273 14819 14708)
4(5272 14818 14819 5273)
4(5163 5274 14820 14709)
4(5273 14819 14820 5274)
4(5164 5275 14821 14710)
4(5274 14820 14821 5275)
4(5165 5276 14822 14711)
4(5275 14821 14822 5276)
4(5166 5277 14823 14712)
4(5276 14822 14823 5277)
4(5167 5278 14824 14713)
4(5277 14823 14824 5278)
4(5168 5279 14825 14714)
4(5278 14824 14825 5279)
4(5169 5280 14826 14715)
4(5279 14825 14826 5280)
4(5170 5281 14827 14716)
4(5280 14826 14827 5281)
4(5171 5282 14828 14717)
4(5281 14827 14828 5282)
4(5172 5283 14829 14718)
4(5282 14828 14829 5283)
4(5173 5284 14830 14719)
4(5283 14829 14830 5284)
4(5174 5285 14831 14720)
4(5284 14830 14831 5285)
4(5175 5286 14832 14721)
4(5285 14831 14832 5286)
4(5176 5287 14833 14722)
4(5286 14832 14833 5287)
4(5177 5288 14834 14723)
4(5287 14833 14834 5288)
4(5178 5289 14835 14724)
4(5288 14834 14835 5289)
4(5179 5290 14836 14725)
4(5289 14835 14836 5290)
4(5180 5291 14837 14726)
4(5290 14836 14837 5291)
4(5181 5292 14838 14727)
4(5291 14837 14838 5292)
4(5182 5293 14839 14728)
4(5292 14838 14839 5293)
4(5183 5294 14840 14729)
4(5293 14839 14840 5294)
4(5184 5295 14841 14730)
4(5294 14840 14841 5295)
4(5185 5296 14842 14731)
4(5295 14841 14842 5296)
4(5186 5297 14843 14732)
4(5296 14842 14843 5297)
4(5187 5298 14844 14733)
4(5297 14843 14844 5298)
4(5188 5299 14845 14734)
4(5298 14844 14845 5299)
4(5189 5300 14846 14735)
4(5299 14845 14846 5300)
4(5190 5301 14847 14736)
4(5300 14846 14847 5301)
4(5191 5302 14848 14737)
4(5301 14847 14848 5302)
4(5192 5303 14849 14738)
4(5302 14848 14849 5303)
4(5193 5304 14850 14739)
4(5303 14849 14850 5304)
4(5194 5305 14851 14740)
4(5304 14850 14851 5305)
4(5195 5306 14852 14741)
4(5305 14851 14852 5306)
4(5196 5307 14853 14742)
4(5306 14852 14853 5307)
4(5197 5308 14854 14743)
4(5307 14853 14854 5308)
4(5198 5309 14855 14744)
4(5308 14854 14855 5309)
4(5199 5310 14856 14745)
4(5309 14855 14856 5310)
4(5200 5311 14857 14746)
4(5310 14856 14857 5311)
4(5201 5312 14858 14747)
4(5311 14857 14858 5312)
4(5202 5313 14859 14748)
4(5312 14858 14859 5313)
4(5203 5314 14860 14749)
4(5313 14859 14860 5314)
4(5204 5315 14861 14750)
4(5314 14860 14861 5315)
4(5205 5316 14862 14751)
4(5315 14861 14862 5316)
4(5206 5317 14863 14752)
4(5316 14862 14863 5317)
4(5207 5318 14864 14753)
4(5317 14863 14864 5318)
4(5208 5319 14865 14754)
4(5318 14864 14865 5319)
4(5209 5320 14866 14755)
4(5319 14865 14866 5320)
4(5210 5321 14867 14756)
4(5320 14866 14867 5321)
4(5211 5322 14868 14757)
4(5321 14867 14868 5322)
4(5212 5323 14869 14758)
4(5322 14868 14869 5323)
4(5213 5324 14870 14759)
4(5323 14869 14870 5324)
4(5214 5325 14871 14760)
4(5324 14870 14871 5325)
4(5215 5326 14872 14761)
4(5325 14871 14872 5326)
4(5326 14872 14873 5327)
4(5218 5329 14875 14764)
4(5328 14874 14875 5329)
4(5219 5330 14876 14765)
4(5329 14875 14876 5330)
4(5220 5331 14877 14766)
4(5330 14876 14877 5331)
4(5221 5332 14878 14767)
4(5331 14877 14878 5332)
4(5222 5333 14879 14768)
4(5332 14878 14879 5333)
4(5223 5334 14880 14769)
4(5333 14879 14880 5334)
4(5224 5335 14881 14770)
4(5334 14880 14881 5335)
4(5225 5336 14882 14771)
4(5335 14881 14882 5336)
4(5226 5337 14883 14772)
4(5336 14882 14883 5337)
4(5227 5338 14884 14773)
4(5337 14883 14884 5338)
4(5228 5339 14885 14774)
4(5338 14884 14885 5339)
4(5229 5340 14886 14775)
4(5339 14885 14886 5340)
4(5230 5341 14887 14776)
4(5340 14886 14887 5341)
4(5231 5342 14888 14777)
4(5341 14887 14888 5342)
4(5232 5343 14889 14778)
4(5342 14888 14889 5343)
4(5233 5344 14890 14779)
4(5343 14889 14890 5344)
4(5234 5345 14891 14780)
4(5344 14890 14891 5345)
4(5235 5346 14892 14781)
4(5345 14891 14892 5346)
4(5236 5347 14893 14782)
4(5346 14892 14893 5347)
4(5237 5348 14894 14783)
4(5347 14893 14894 5348)
4(5238 5349 14895 14784)
4(5348 14894 14895 5349)
4(5239 5350 14896 14785)
4(5349 14895 14896 5350)
4(5240 5351 14897 14786)
4(5350 14896 14897 5351)
4(5241 5352 14898 14787)
4(5351 14897 14898 5352)
4(5242 5353 14899 14788)
4(5352 14898 14899 5353)
4(5243 5354 14900 14789)
4(5353 14899 14900 5354)
4(5244 5355 14901 14790)
4(5354 14900 14901 5355)
4(5245 5356 14902 14791)
4(5355 14901 14902 5356)
4(5246 5357 14903 14792)
4(5356 14902 14903 5357)
4(5247 5358 14904 14793)
4(5357 14903 14904 5358)
4(5248 5359 14905 14794)
4(5358 14904 14905 5359)
4(5249 5360 14906 14795)
4(5359 14905 14906 5360)
4(5250 5361 14907 14796)
4(5360 14906 14907 5361)
4(5251 5362 14908 14797)
4(5361 14907 14908 5362)
4(5252 5363 14909 14798)
4(5362 14908 14909 5363)
4(5253 5364 14910 14799)
4(5363 14909 14910 5364)
4(5254 5365 14911 14800)
4(5364 14910 14911 5365)
4(5255 5366 14912 14801)
4(5365 14911 14912 5366)
4(5256 5367 14913 14802)
4(5366 14912 14913 5367)
4(5257 5368 14914 14803)
4(5367 14913 14914 5368)
4(5258 5369 14915 14804)
4(5368 14914 14915 5369)
4(5259 5370 14916 14805)
4(5369 14915 14916 5370)
4(5260 5371 14917 14806)
4(5370 14916 14917 5371)
4(5261 5372 14918 14807)
4(5371 14917 14918 5372)
4(5262 5373 14919 14808)
4(5372 14918 14919 5373)
4(5263 5374 14920 14809)
4(5373 14919 14920 5374)
4(5264 5375 14921 14810)
4(5374 14920 14921 5375)
4(5265 5376 14922 14811)
4(5375 14921 14922 5376)
4(5266 5377 14923 14812)
4(5376 14922 14923 5377)
4(5267 5378 14924 14813)
4(5377 14923 14924 5378)
4(5268 5379 14925 14814)
4(5378 14924 14925 5379)
4(5269 5380 14926 14815)
4(5379 14925 14926 5380)
4(5270 5381 14927 14816)
4(5380 14926 14927 5381)
4(5271 5382 14928 14817)
4(5381 14927 14928 5382)
4(5272 5383 14929 14818)
4(5382 14928 14929 5383)
4(5273 5384 14930 14819)
4(5383 14929 14930 5384)
4(5274 5385 14931 14820)
4(5384 14930 14931 5385)
4(5275 5386 14932 14821)
4(5385 14931 14932 5386)
4(5276 5387 14933 14822)
4(5386 14932 14933 5387)
4(5277 5388 14934 14823)
4(5387 14933 14934 5388)
4(5278 5389 14935 14824)
4(5388 14934 14935 5389)
4(5279 5390 14936 14825)
4(5389 14935 14936 5390)
4(5280 5391 14937 14826)
4(5390 14936 14937 5391)
4(5281 5392 14938 14827)
4(5391 14937 14938 5392)
4(5282 5393 14939 14828)
4(5392 14938 14939 5393)
4(5283 5394 14940 14829)
4(5393 14939 14940 5394)
4(5284 5395 14941 14830)
4(5394 14940 14941 5395)
4(5285 5396 14942 14831)
4(5395 14941 14942 5396)
4(5286 5397 14943 14832)
4(5396 14942 14943 5397)
4(5287 5398 14944 14833)
4(5397 14943 14944 5398)
4(5288 5399 14945 14834)
4(5398 14944 14945 5399)
4(5289 5400 14946 14835)
4(5399 14945 14946 5400)
4(5290 5401 14947 14836)
4(5400 14946 14947 5401)
4(5291 5402 14948 14837)
4(5401 14947 14948 5402)
4(5292 5403 14949 14838)
4(5402 14948 14949 5403)
4(5293 5404 14950 14839)
4(5403 14949 14950 5404)
4(5294 5405 14951 14840)
4(5404 14950 14951 5405)
4(5295 5406 14952 14841)
4(5405 14951 14952 5406)
4(5296 5407 14953 14842)
4(5406 14952 14953 5407)
4(5297 5408 14954 14843)
4(5407 14953 14954 5408)
4(5298 5409 14955 14844)
4(5408 14954 14955 5409)
4(5299 5410 14956 14845)
4(5409 14955 14956 5410)
4(5300 5411 14957 14846)
4(5410 14956 14957 5411)
4(5301 5412 14958 14847)
4(5411 14957 14958 5412)
4(5302 5413 14959 14848)
4(5412 14958 14959 5413)
4(5303 5414 14960 14849)
4(5413 14959 14960 5414)
4(5304 5415 14961 14850)
4(5414 14960 14961 5415)
4(5305 5416 14962 14851)
4(5415 14961 14962 5416)
4(5306 5417 14963 14852)
4(5416 14962 14963 5417)
4(5307 5418 14964 14853)
4(5417 14963 14964 5418)
4(5308 5419 14965 14854)
4(5418 14964 14965 5419)
4(5309 5420 14966 14855)
4(5419 14965 14966 5420)
4(5310 5421 14967 14856)
4(5420 14966 14967 5421)
4(5311 5422 14968 14857)
4(5421 14967 14968 5422)
4(5312 5423 14969 14858)
4(5422 14968 14969 5423)
4(5313 5424 14970 14859)
4(5423 14969 14970 5424)
4(5314 5425 14971 14860)
4(5424 14970 14971 5425)
4(5315 5426 14972 14861)
4(5425 14971 14972 5426)
4(5316 5427 14973 14862)
4(5426 14972 14973 5427)
4(5317 5428 14974 14863)
4(5427 14973 14974 5428)
4(5318 5429 14975 14864)
4(5428 14974 14975 5429)
4(5319 5430 14976 14865)
4(5429 14975 14976 5430)
4(5320 5431 14977 14866)
4(5430 14976 14977 5431)
4(5321 5432 14978 14867)
4(5431 14977 14978 5432)
4(5322 5433 14979 14868)
4(5432 14978 14979 5433)
4(5323 5434 14980 14869)
4(5433 14979 14980 5434)
4(5324 5435 14981 14870)
4(5434 14980 14981 5435)
4(5325 5436 14982 14871)
4(5435 14981 14982 5436)
4(5326 5437 14983 14872)
4(5436 14982 14983 5437)
4(5437 14983 14984 5438)
4(5329 5440 14986 14875)
4(5439 14985 14986 5440)
4(5330 5441 14987 14876)
4(5440 14986 14987 5441)
4(5331 5442 14988 14877)
4(5441 14987 14988 5442)
4(5332 5443 14989 14878)
4(5442 14988 14989 5443)
4(5333 5444 14990 14879)
4(5443 14989 14990 5444)
4(5334 5445 14991 14880)
4(5444 14990 14991 5445)
4(5335 5446 14992 14881)
4(5445 14991 14992 5446)
4(5336 5447 14993 14882)
4(5446 14992 14993 5447)
4(5337 5448 14994 14883)
4(5447 14993 14994 5448)
4(5338 5449 14995 14884)
4(5448 14994 14995 5449)
4(5339 5450 14996 14885)
4(5449 14995 14996 5450)
4(5340 5451 14997 14886)
4(5450 14996 14997 5451)
4(5341 5452 14998 14887)
4(5451 14997 14998 5452)
4(5342 5453 14999 14888)
4(5452 14998 14999 5453)
4(5343 5454 15000 14889)
4(5453 14999 15000 5454)
4(5344 5455 15001 14890)
4(5454 15000 15001 5455)
4(5345 5456 15002 14891)
4(5455 15001 15002 5456)
4(5346 5457 15003 14892)
4(5456 15002 15003 5457)
4(5347 5458 15004 14893)
4(5457 15003 15004 5458)
4(5348 5459 15005 14894)
4(5458 15004 15005 5459)
4(5349 5460 15006 14895)
4(5459 15005 15006 5460)
4(5350 5461 15007 14896)
4(5460 15006 15007 5461)
4(5351 5462 15008 14897)
4(5461 15007 15008 5462)
4(5352 5463 15009 14898)
4(5462 15008 15009 5463)
4(5353 5464 15010 14899)
4(5463 15009 15010 5464)
4(5354 5465 15011 14900)
4(5464 15010 15011 5465)
4(5355 5466 15012 14901)
4(5465 15011 15012 5466)
4(5356 5467 15013 14902)
4(5466 15012 15013 5467)
4(5357 5468 15014 14903)
4(5467 15013 15014 5468)
4(5358 5469 15015 14904)
4(5468 15014 15015 5469)
4(5359 5470 15016 14905)
4(5469 15015 15016 5470)
4(5360 5471 15017 14906)
4(5470 15016 15017 5471)
4(5361 5472 15018 14907)
4(5471 15017 15018 5472)
4(5362 5473 15019 14908)
4(5472 15018 15019 5473)
4(5363 5474 15020 14909)
4(5473 15019 15020 5474)
4(5364 5475 15021 14910)
4(5474 15020 15021 5475)
4(5365 5476 15022 14911)
4(5475 15021 15022 5476)
4(5366 5477 15023 14912)
4(5476 15022 15023 5477)
4(5367 5478 15024 14913)
4(5477 15023 15024 5478)
4(5368 5479 15025 14914)
4(5478 15024 15025 5479)
4(5369 5480 15026 14915)
4(5479 15025 15026 5480)
4(5370 5481 15027 14916)
4(5480 15026 15027 5481)
4(5371 5482 15028 14917)
4(5481 15027 15028 5482)
4(5372 5483 15029 14918)
4(5482 15028 15029 5483)
4(5373 5484 15030 14919)
4(5483 15029 15030 5484)
4(5374 5485 15031 14920)
4(5484 15030 15031 5485)
4(5375 5486 15032 14921)
4(5485 15031 15032 5486)
4(5376 5487 15033 14922)
4(5486 15032 15033 5487)
4(5377 5488 15034 14923)
4(5487 15033 15034 5488)
4(5378 5489 15035 14924)
4(5488 15034 15035 5489)
4(5379 5490 15036 14925)
4(5489 15035 15036 5490)
4(5380 5491 15037 14926)
4(5490 15036 15037 5491)
4(5381 5492 15038 14927)
4(5491 15037 15038 5492)
4(5382 5493 15039 14928)
4(5492 15038 15039 5493)
4(5383 5494 15040 14929)
4(5493 15039 15040 5494)
4(5384 5495 15041 14930)
4(5494 15040 15041 5495)
4(5385 5496 15042 14931)
4(5495 15041 15042 5496)
4(5386 5497 15043 14932)
4(5496 15042 15043 5497)
4(5387 5498 15044 14933)
4(5497 15043 15044 5498)
4(5388 5499 15045 14934)
4(5498 15044 15045 5499)
4(5389 5500 15046 14935)
4(5499 15045 15046 5500)
4(5390 5501 15047 14936)
4(5500 15046 15047 5501)
4(5391 5502 15048 14937)
4(5501 15047 15048 5502)
4(5392 5503 15049 14938)
4(5502 15048 15049 5503)
4(5393 5504 15050 14939)
4(5503 15049 15050 5504)
4(5394 5505 15051 14940)
4(5504 15050 15051 5505)
4(5395 5506 15052 14941)
4(5505 15051 15052 5506)
4(5396 5507 15053 14942)
4(5506 15052 15053 5507)
4(5397 5508 15054 14943)
4(5507 15053 15054 5508)
4(5398 5509 15055 14944)
4(5508 15054 15055 5509)
4(5399 5510 15056 14945)
4(5509 15055 15056 5510)
4(5400 5511 15057 14946)
4(5510 15056 15057 5511)
4(5401 5512 15058 14947)
4(5511 15057 15058 5512)
4(5402 5513 15059 14948)
4(5512 15058 15059 5513)
4(5403 5514 15060 14949)
4(5513 15059 15060 5514)
4(5404 5515 15061 14950)
4(5514 15060 15061 5515)
4(5405 5516 15062 14951)
4(5515 15061 15062 5516)
4(5406 5517 15063 14952)
4(5516 15062 15063 5517)
4(5407 5518 15064 14953)
4(5517 15063 15064 5518)
4(5408 5519 15065 14954)
4(5518 15064 15065 5519)
4(5409 5520 15066 14955)
4(5519 15065 15066 5520)
4(5410 5521 15067 14956)
4(5520 15066 15067 5521)
4(5411 5522 15068 14957)
4(5521 15067 15068 5522)
4(5412 5523 15069 14958)
4(5522 15068 15069 5523)
4(5413 5524 15070 14959)
4(5523 15069 15070 5524)
4(5414 5525 15071 14960)
4(5524 15070 15071 5525)
4(5415 5526 15072 14961)
4(5525 15071 15072 5526)
4(5416 5527 15073 14962)
4(5526 15072 15073 5527)
4(5417 5528 15074 14963)
4(5527 15073 15074 5528)
4(5418 5529 15075 14964)
4(5528 15074 15075 5529)
4(5419 5530 15076 14965)
4(5529 15075 15076 5530)
4(5420 5531 15077 14966)
4(5530 15076 15077 5531)
4(5421 5532 15078 14967)
4(5531 15077 15078 5532)
4(5422 5533 15079 14968)
4(5532 15078 15079 5533)
4(5423 5534 15080 14969)
4(5533 15079 15080 5534)
4(5424 5535 15081 14970)
4(5534 15080 15081 5535)
4(5425 5536 15082 14971)
4(5535 15081 15082 5536)
4(5426 5537 15083 14972)
4(5536 15082 15083 5537)
4(5427 5538 15084 14973)
4(5537 15083 15084 5538)
4(5428 5539 15085 14974)
4(5538 15084 15085 5539)
4(5429 5540 15086 14975)
4(5539 15085 15086 5540)
4(5430 5541 15087 14976)
4(5540 15086 15087 5541)
4(5431 5542 15088 14977)
4(5541 15087 15088 5542)
4(5432 5543 15089 14978)
4(5542 15088 15089 5543)
4(5433 5544 15090 14979)
4(5543 15089 15090 5544)
4(5434 5545 15091 14980)
4(5544 15090 15091 5545)
4(5435 5546 15092 14981)
4(5545 15091 15092 5546)
4(5436 5547 15093 14982)
4(5546 15092 15093 5547)
4(5437 5548 15094 14983)
4(5547 15093 15094 5548)
4(5548 15094 15095 5549)
4(5440 5551 15097 14986)
4(5550 15096 15097 5551)
4(5441 5552 15098 14987)
4(5551 15097 15098 5552)
4(5442 5553 15099 14988)
4(5552 15098 15099 5553)
4(5443 5554 15100 14989)
4(5553 15099 15100 5554)
4(5444 5555 15101 14990)
4(5554 15100 15101 5555)
4(5445 5556 15102 14991)
4(5555 15101 15102 5556)
4(5446 5557 15103 14992)
4(5556 15102 15103 5557)
4(5447 5558 15104 14993)
4(5557 15103 15104 5558)
4(5448 5559 15105 14994)
4(5558 15104 15105 5559)
4(5449 5560 15106 14995)
4(5559 15105 15106 5560)
4(5450 5561 15107 14996)
4(5560 15106 15107 5561)
4(5451 5562 15108 14997)
4(5561 15107 15108 5562)
4(5452 5563 15109 14998)
4(5562 15108 15109 5563)
4(5453 5564 15110 14999)
4(5563 15109 15110 5564)
4(5454 5565 15111 15000)
4(5564 15110 15111 5565)
4(5455 5566 15112 15001)
4(5565 15111 15112 5566)
4(5456 5567 15113 15002)
4(5566 15112 15113 5567)
4(5457 5568 15114 15003)
4(5567 15113 15114 5568)
4(5458 5569 15115 15004)
4(5568 15114 15115 5569)
4(5459 5570 15116 15005)
4(5569 15115 15116 5570)
4(5460 5571 15117 15006)
4(5570 15116 15117 5571)
4(5461 5572 15118 15007)
4(5571 15117 15118 5572)
4(5462 5573 15119 15008)
4(5572 15118 15119 5573)
4(5463 5574 15120 15009)
4(5573 15119 15120 5574)
4(5464 5575 15121 15010)
4(5574 15120 15121 5575)
4(5465 5576 15122 15011)
4(5575 15121 15122 5576)
4(5466 5577 15123 15012)
4(5576 15122 15123 5577)
4(5467 5578 15124 15013)
4(5577 15123 15124 5578)
4(5468 5579 15125 15014)
4(5578 15124 15125 5579)
4(5469 5580 15126 15015)
4(5579 15125 15126 5580)
4(5470 5581 15127 15016)
4(5580 15126 15127 5581)
4(5471 5582 15128 15017)
4(5581 15127 15128 5582)
4(5472 5583 15129 15018)
4(5582 15128 15129 5583)
4(5473 5584 15130 15019)
4(5583 15129 15130 5584)
4(5474 5585 15131 15020)
4(5584 15130 15131 5585)
4(5475 5586 15132 15021)
4(5585 15131 15132 5586)
4(5476 5587 15133 15022)
4(5586 15132 15133 5587)
4(5477 5588 15134 15023)
4(5587 15133 15134 5588)
4(5478 5589 15135 15024)
4(5588 15134 15135 5589)
4(5479 5590 15136 15025)
4(5589 15135 15136 5590)
4(5480 5591 15137 15026)
4(5590 15136 15137 5591)
4(5481 5592 15138 15027)
4(5591 15137 15138 5592)
4(5482 5593 15139 15028)
4(5592 15138 15139 5593)
4(5483 5594 15140 15029)
4(5593 15139 15140 5594)
4(5484 5595 15141 15030)
4(5594 15140 15141 5595)
4(5485 5596 15142 15031)
4(5595 15141 15142 5596)
4(5486 5597 15143 15032)
4(5596 15142 15143 5597)
4(5487 5598 15144 15033)
4(5597 15143 15144 5598)
4(5488 5599 15145 15034)
4(5598 15144 15145 5599)
4(5489 5600 15146 15035)
4(5599 15145 15146 5600)
4(5490 5601 15147 15036)
4(5600 15146 15147 5601)
4(5491 5602 15148 15037)
4(5601 15147 15148 5602)
4(5492 5603 15149 15038)
4(5602 15148 15149 5603)
4(5493 5604 15150 15039)
4(5603 15149 15150 5604)
4(5494 5605 15151 15040)
4(5604 15150 15151 5605)
4(5495 5606 15152 15041)
4(5605 15151 15152 5606)
4(5496 5607 15153 15042)
4(5606 15152 15153 5607)
4(5497 5608 15154 15043)
4(5607 15153 15154 5608)
4(5498 5609 15155 15044)
4(5608 15154 15155 5609)
4(5499 5610 15156 15045)
4(5609 15155 15156 5610)
4(5500 5611 15157 15046)
4(5610 15156 15157 5611)
4(5501 5612 15158 15047)
4(5611 15157 15158 5612)
4(5502 5613 15159 15048)
4(5612 15158 15159 5613)
4(5503 5614 15160 15049)
4(5613 15159 15160 5614)
4(5504 5615 15161 15050)
4(5614 15160 15161 5615)
4(5505 5616 15162 15051)
4(5615 15161 15162 5616)
4(5506 5617 15163 15052)
4(5616 15162 15163 5617)
4(5507 5618 15164 15053)
4(5617 15163 15164 5618)
4(5508 5619 15165 15054)
4(5618 15164 15165 5619)
4(5509 5620 15166 15055)
4(5619 15165 15166 5620)
4(5510 5621 15167 15056)
4(5620 15166 15167 5621)
4(5511 5622 15168 15057)
4(5621 15167 15168 5622)
4(5512 5623 15169 15058)
4(5622 15168 15169 5623)
4(5513 5624 15170 15059)
4(5623 15169 15170 5624)
4(5514 5625 15171 15060)
4(5624 15170 15171 5625)
4(5515 5626 15172 15061)
4(5625 15171 15172 5626)
4(5516 5627 15173 15062)
4(5626 15172 15173 5627)
4(5517 5628 15174 15063)
4(5627 15173 15174 5628)
4(5518 5629 15175 15064)
4(5628 15174 15175 5629)
4(5519 5630 15176 15065)
4(5629 15175 15176 5630)
4(5520 5631 15177 15066)
4(5630 15176 15177 5631)
4(5521 5632 15178 15067)
4(5631 15177 15178 5632)
4(5522 5633 15179 15068)
4(5632 15178 15179 5633)
4(5523 5634 15180 15069)
4(5633 15179 15180 5634)
4(5524 5635 15181 15070)
4(5634 15180 15181 5635)
4(5525 5636 15182 15071)
4(5635 15181 15182 5636)
4(5526 5637 15183 15072)
4(5636 15182 15183 5637)
4(5527 5638 15184 15073)
4(5637 15183 15184 5638)
4(5528 5639 15185 15074)
4(5638 15184 15185 5639)
4(5529 5640 15186 15075)
4(5639 15185 15186 5640)
4(5530 5641 15187 15076)
4(5640 15186 15187 5641)
4(5531 5642 15188 15077)
4(5641 15187 15188 5642)
4(5532 5643 15189 15078)
4(5642 15188 15189 5643)
4(5533 5644 15190 15079)
4(5643 15189 15190 5644)
4(5534 5645 15191 15080)
4(5644 15190 15191 5645)
4(5535 5646 15192 15081)
4(5645 15191 15192 5646)
4(5536 5647 15193 15082)
4(5646 15192 15193 5647)
4(5537 5648 15194 15083)
4(5647 15193 15194 5648)
4(5538 5649 15195 15084)
4(5648 15194 15195 5649)
4(5539 5650 15196 15085)
4(5649 15195 15196 5650)
4(5540 5651 15197 15086)
4(5650 15196 15197 5651)
4(5541 5652 15198 15087)
4(5651 15197 15198 5652)
4(5542 5653 15199 15088)
4(5652 15198 15199 5653)
4(5543 5654 15200 15089)
4(5653 15199 15200 5654)
4(5544 5655 15201 15090)
4(5654 15200 15201 5655)
4(5545 5656 15202 15091)
4(5655 15201 15202 5656)
4(5546 5657 15203 15092)
4(5656 15202 15203 5657)
4(5547 5658 15204 15093)
4(5657 15203 15204 5658)
4(5548 5659 15205 15094)
4(5658 15204 15205 5659)
4(5659 15205 15206 5660)
4(5551 5662 15208 15097)
4(5661 15207 15208 5662)
4(5552 5663 15209 15098)
4(5662 15208 15209 5663)
4(5553 5664 15210 15099)
4(5663 15209 15210 5664)
4(5554 5665 15211 15100)
4(5664 15210 15211 5665)
4(5555 5666 15212 15101)
4(5665 15211 15212 5666)
4(5556 5667 15213 15102)
4(5666 15212 15213 5667)
4(5557 5668 15214 15103)
4(5667 15213 15214 5668)
4(5558 5669 15215 15104)
4(5668 15214 15215 5669)
4(5559 5670 15216 15105)
4(5669 15215 15216 5670)
4(5560 5671 15217 15106)
4(5670 15216 15217 5671)
4(5561 5672 15218 15107)
4(5671 15217 15218 5672)
4(5562 5673 15219 15108)
4(5672 15218 15219 5673)
4(5563 5674 15220 15109)
4(5673 15219 15220 5674)
4(5564 5675 15221 15110)
4(5674 15220 15221 5675)
4(5565 5676 15222 15111)
4(5675 15221 15222 5676)
4(5566 5677 15223 15112)
4(5676 15222 15223 5677)
4(5567 5678 15224 15113)
4(5677 15223 15224 5678)
4(5568 5679 15225 15114)
4(5678 15224 15225 5679)
4(5569 5680 15226 15115)
4(5679 15225 15226 5680)
4(5570 5681 15227 15116)
4(5680 15226 15227 5681)
4(5571 5682 15228 15117)
4(5681 15227 15228 5682)
4(5572 5683 15229 15118)
4(5682 15228 15229 5683)
4(5573 5684 15230 15119)
4(5683 15229 15230 5684)
4(5574 5685 15231 15120)
4(5684 15230 15231 5685)
4(5575 5686 15232 15121)
4(5685 15231 15232 5686)
4(5576 5687 15233 15122)
4(5686 15232 15233 5687)
4(5577 5688 15234 15123)
4(5687 15233 15234 5688)
4(5578 5689 15235 15124)
4(5688 15234 15235 5689)
4(5579 5690 15236 15125)
4(5689 15235 15236 5690)
4(5580 5691 15237 15126)
4(5690 15236 15237 5691)
4(5581 5692 15238 15127)
4(5691 15237 15238 5692)
4(5582 5693 15239 15128)
4(5692 15238 15239 5693)
4(5583 5694 15240 15129)
4(5693 15239 15240 5694)
4(5584 5695 15241 15130)
4(5694 15240 15241 5695)
4(5585 5696 15242 15131)
4(5695 15241 15242 5696)
4(5586 5697 15243 15132)
4(5696 15242 15243 5697)
4(5587 5698 15244 15133)
4(5697 15243 15244 5698)
4(5588 5699 15245 15134)
4(5698 15244 15245 5699)
4(5589 5700 15246 15135)
4(5699 15245 15246 5700)
4(5590 5701 15247 15136)
4(5700 15246 15247 5701)
4(5591 5702 15248 15137)
4(5701 15247 15248 5702)
4(5592 5703 15249 15138)
4(5702 15248 15249 5703)
4(5593 5704 15250 15139)
4(5703 15249 15250 5704)
4(5594 5705 15251 15140)
4(5704 15250 15251 5705)
4(5595 5706 15252 15141)
4(5705 15251 15252 5706)
4(5596 5707 15253 15142)
4(5706 15252 15253 5707)
4(5597 5708 15254 15143)
4(5707 15253 15254 5708)
4(5598 5709 15255 15144)
4(5708 15254 15255 5709)
4(5599 5710 15256 15145)
4(5709 15255 15256 5710)
4(5600 5711 15257 15146)
4(5710 15256 15257 5711)
4(5601 5712 15258 15147)
4(5711 15257 15258 5712)
4(5602 5713 15259 15148)
4(5712 15258 15259 5713)
4(5603 5714 15260 15149)
4(5713 15259 15260 5714)
4(5604 5715 15261 15150)
4(5714 15260 15261 5715)
4(5605 5716 15262 15151)
4(5715 15261 15262 5716)
4(5606 5717 15263 15152)
4(5716 15262 15263 5717)
4(5607 5718 15264 15153)
4(5717 15263 15264 5718)
4(5608 5719 15265 15154)
4(5718 15264 15265 5719)
4(5609 5720 15266 15155)
4(5719 15265 15266 5720)
4(5610 5721 15267 15156)
4(5720 15266 15267 5721)
4(5611 5722 15268 15157)
4(5721 15267 15268 5722)
4(5612 5723 15269 15158)
4(5722 15268 15269 5723)
4(5613 5724 15270 15159)
4(5723 15269 15270 5724)
4(5614 5725 15271 15160)
4(5724 15270 15271 5725)
4(5615 5726 15272 15161)
4(5725 15271 15272 5726)
4(5616 5727 15273 15162)
4(5726 15272 15273 5727)
4(5617 5728 15274 15163)
4(5727 15273 15274 5728)
4(5618 5729 15275 15164)
4(5728 15274 15275 5729)
4(5619 5730 15276 15165)
4(5729 15275 15276 5730)
4(5620 5731 15277 15166)
4(5730 15276 15277 5731)
4(5621 5732 15278 15167)
4(5731 15277 15278 5732)
4(5622 5733 15279 15168)
4(5732 15278 15279 5733)
4(5623 5734 15280 15169)
4(5733 15279 15280 5734)
4(5624 5735 15281 15170)
4(5734 15280 15281 5735)
4(5625 5736 15282 15171)
4(5735 15281 15282 5736)
4(5626 5737 15283 15172)
4(5736 15282 15283 5737)
4(5627 5738 15284 15173)
4(5737 15283 15284 5738)
4(5628 5739 15285 15174)
4(5738 15284 15285 5739)
4(5629 5740 15286 15175)
4(5739 15285 15286 5740)
4(5630 5741 15287 15176)
4(5740 15286 15287 5741)
4(5631 5742 15288 15177)
4(5741 15287 15288 5742)
4(5632 5743 15289 15178)
4(5742 15288 15289 5743)
4(5633 5744 15290 15179)
4(5743 15289 15290 5744)
4(5634 5745 15291 15180)
4(5744 15290 15291 5745)
4(5635 5746 15292 15181)
4(5745 15291 15292 5746)
4(5636 5747 15293 15182)
4(5746 15292 15293 5747)
4(5637 5748 15294 15183)
4(5747 15293 15294 5748)
4(5638 5749 15295 15184)
4(5748 15294 15295 5749)
4(5639 5750 15296 15185)
4(5749 15295 15296 5750)
4(5640 5751 15297 15186)
4(5750 15296 15297 5751)
4(5641 5752 15298 15187)
4(5751 15297 15298 5752)
4(5642 5753 15299 15188)
4(5752 15298 15299 5753)
4(5643 5754 15300 15189)
4(5753 15299 15300 5754)
4(5644 5755 15301 15190)
4(5754 15300 15301 5755)
4(5645 5756 15302 15191)
4(5755 15301 15302 5756)
4(5646 5757 15303 15192)
4(5756 15302 15303 5757)
4(5647 5758 15304 15193)
4(5757 15303 15304 5758)
4(5648 5759 15305 15194)
4(5758 15304 15305 5759)
4(5649 5760 15306 15195)
4(5759 15305 15306 5760)
4(5650 5761 15307 15196)
4(5760 15306 15307 5761)
4(5651 5762 15308 15197)
4(5761 15307 15308 5762)
4(5652 5763 15309 15198)
4(5762 15308 15309 5763)
4(5653 5764 15310 15199)
4(5763 15309 15310 5764)
4(5654 5765 15311 15200)
4(5764 15310 15311 5765)
4(5655 5766 15312 15201)
4(5765 15311 15312 5766)
4(5656 5767 15313 15202)
4(5766 15312 15313 5767)
4(5657 5768 15314 15203)
4(5767 15313 15314 5768)
4(5658 5769 15315 15204)
4(5768 15314 15315 5769)
4(5659 5770 15316 15205)
4(5769 15315 15316 5770)
4(5770 15316 15317 5771)
4(5662 5773 15319 15208)
4(5772 15318 15319 5773)
4(5663 5774 15320 15209)
4(5773 15319 15320 5774)
4(5664 5775 15321 15210)
4(5774 15320 15321 5775)
4(5665 5776 15322 15211)
4(5775 15321 15322 5776)
4(5666 5777 15323 15212)
4(5776 15322 15323 5777)
4(5667 5778 15324 15213)
4(5777 15323 15324 5778)
4(5668 5779 15325 15214)
4(5778 15324 15325 5779)
4(5669 5780 15326 15215)
4(5779 15325 15326 5780)
4(5670 5781 15327 15216)
4(5780 15326 15327 5781)
4(5671 5782 15328 15217)
4(5781 15327 15328 5782)
4(5672 5783 15329 15218)
4(5782 15328 15329 5783)
4(5673 5784 15330 15219)
4(5783 15329 15330 5784)
4(5674 5785 15331 15220)
4(5784 15330 15331 5785)
4(5675 5786 15332 15221)
4(5785 15331 15332 5786)
4(5676 5787 15333 15222)
4(5786 15332 15333 5787)
4(5677 5788 15334 15223)
4(5787 15333 15334 5788)
4(5678 5789 15335 15224)
4(5788 15334 15335 5789)
4(5679 5790 15336 15225)
4(5789 15335 15336 5790)
4(5680 5791 15337 15226)
4(5790 15336 15337 5791)
4(5681 5792 15338 15227)
4(5791 15337 15338 5792)
4(5682 5793 15339 15228)
4(5792 15338 15339 5793)
4(5683 5794 15340 15229)
4(5793 15339 15340 5794)
4(5684 5795 15341 15230)
4(5794 15340 15341 5795)
4(5685 5796 15342 15231)
4(5795 15341 15342 5796)
4(5686 5797 15343 15232)
4(5796 15342 15343 5797)
4(5687 5798 15344 15233)
4(5797 15343 15344 5798)
4(5688 5799 15345 15234)
4(5798 15344 15345 5799)
4(5689 5800 15346 15235)
4(5799 15345 15346 5800)
4(5690 5801 15347 15236)
4(5800 15346 15347 5801)
4(5691 5802 15348 15237)
4(5801 15347 15348 5802)
4(5692 5803 15349 15238)
4(5802 15348 15349 5803)
4(5693 5804 15350 15239)
4(5803 15349 15350 5804)
4(5694 5805 15351 15240)
4(5804 15350 15351 5805)
4(5695 5806 15352 15241)
4(5805 15351 15352 5806)
4(5696 5807 15353 15242)
4(5806 15352 15353 5807)
4(5697 5808 15354 15243)
4(5807 15353 15354 5808)
4(5698 5809 15355 15244)
4(5808 15354 15355 5809)
4(5699 5810 15356 15245)
4(5809 15355 15356 5810)
4(5700 5811 15357 15246)
4(5810 15356 15357 5811)
4(5701 5812 15358 15247)
4(5811 15357 15358 5812)
4(5702 5813 15359 15248)
4(5812 15358 15359 5813)
4(5703 5814 15360 15249)
4(5813 15359 15360 5814)
4(5704 5815 15361 15250)
4(5814 15360 15361 5815)
4(5705 5816 15362 15251)
4(5815 15361 15362 5816)
4(5706 5817 15363 15252)
4(5816 15362 15363 5817)
4(5707 5818 15364 15253)
4(5817 15363 15364 5818)
4(5708 5819 15365 15254)
4(5818 15364 15365 5819)
4(5709 5820 15366 15255)
4(5819 15365 15366 5820)
4(5710 5821 15367 15256)
4(5820 15366 15367 5821)
4(5711 5822 15368 15257)
4(5821 15367 15368 5822)
4(5712 5823 15369 15258)
4(5822 15368 15369 5823)
4(5713 5824 15370 15259)
4(5823 15369 15370 5824)
4(5714 5825 15371 15260)
4(5824 15370 15371 5825)
4(5715 5826 15372 15261)
4(5825 15371 15372 5826)
4(5716 5827 15373 15262)
4(5826 15372 15373 5827)
4(5717 5828 15374 15263)
4(5827 15373 15374 5828)
4(5718 5829 15375 15264)
4(5828 15374 15375 5829)
4(5719 5830 15376 15265)
4(5829 15375 15376 5830)
4(5720 5831 15377 15266)
4(5830 15376 15377 5831)
4(5721 5832 15378 15267)
4(5831 15377 15378 5832)
4(5722 5833 15379 15268)
4(5832 15378 15379 5833)
4(5723 5834 15380 15269)
4(5833 15379 15380 5834)
4(5724 5835 15381 15270)
4(5834 15380 15381 5835)
4(5725 5836 15382 15271)
4(5835 15381 15382 5836)
4(5726 5837 15383 15272)
4(5836 15382 15383 5837)
4(5727 5838 15384 15273)
4(5837 15383 15384 5838)
4(5728 5839 15385 15274)
4(5838 15384 15385 5839)
4(5729 5840 15386 15275)
4(5839 15385 15386 5840)
4(5730 5841 15387 15276)
4(5840 15386 15387 5841)
4(5731 5842 15388 15277)
4(5841 15387 15388 5842)
4(5732 5843 15389 15278)
4(5842 15388 15389 5843)
4(5733 5844 15390 15279)
4(5843 15389 15390 5844)
4(5734 5845 15391 15280)
4(5844 15390 15391 5845)
4(5735 5846 15392 15281)
4(5845 15391 15392 5846)
4(5736 5847 15393 15282)
4(5846 15392 15393 5847)
4(5737 5848 15394 15283)
4(5847 15393 15394 5848)
4(5738 5849 15395 15284)
4(5848 15394 15395 5849)
4(5739 5850 15396 15285)
4(5849 15395 15396 5850)
4(5740 5851 15397 15286)
4(5850 15396 15397 5851)
4(5741 5852 15398 15287)
4(5851 15397 15398 5852)
4(5742 5853 15399 15288)
4(5852 15398 15399 5853)
4(5743 5854 15400 15289)
4(5853 15399 15400 5854)
4(5744 5855 15401 15290)
4(5854 15400 15401 5855)
4(5745 5856 15402 15291)
4(5855 15401 15402 5856)
4(5746 5857 15403 15292)
4(5856 15402 15403 5857)
4(5747 5858 15404 15293)
4(5857 15403 15404 5858)
4(5748 5859 15405 15294)
4(5858 15404 15405 5859)
4(5749 5860 15406 15295)
4(5859 15405 15406 5860)
4(5750 5861 15407 15296)
4(5860 15406 15407 5861)
4(5751 5862 15408 15297)
4(5861 15407 15408 5862)
4(5752 5863 15409 15298)
4(5862 15408 15409 5863)
4(5753 5864 15410 15299)
4(5863 15409 15410 5864)
4(5754 5865 15411 15300)
4(5864 15410 15411 5865)
4(5755 5866 15412 15301)
4(5865 15411 15412 5866)
4(5756 5867 15413 15302)
4(5866 15412 15413 5867)
4(5757 5868 15414 15303)
4(5867 15413 15414 5868)
4(5758 5869 15415 15304)
4(5868 15414 15415 5869)
4(5759 5870 15416 15305)
4(5869 15415 15416 5870)
4(5760 5871 15417 15306)
4(5870 15416 15417 5871)
4(5761 5872 15418 15307)
4(5871 15417 15418 5872)
4(5762 5873 15419 15308)
4(5872 15418 15419 5873)
4(5763 5874 15420 15309)
4(5873 15419 15420 5874)
4(5764 5875 15421 15310)
4(5874 15420 15421 5875)
4(5765 5876 15422 15311)
4(5875 15421 15422 5876)
4(5766 5877 15423 15312)
4(5876 15422 15423 5877)
4(5767 5878 15424 15313)
4(5877 15423 15424 5878)
4(5768 5879 15425 15314)
4(5878 15424 15425 5879)
4(5769 5880 15426 15315)
4(5879 15425 15426 5880)
4(5770 5881 15427 15316)
4(5880 15426 15427 5881)
4(5881 15427 15428 5882)
4(5773 5884 15430 15319)
4(5883 15429 15430 5884)
4(5774 5885 15431 15320)
4(5884 15430 15431 5885)
4(5775 5886 15432 15321)
4(5885 15431 15432 5886)
4(5776 5887 15433 15322)
4(5886 15432 15433 5887)
4(5777 5888 15434 15323)
4(5887 15433 15434 5888)
4(5778 5889 15435 15324)
4(5888 15434 15435 5889)
4(5779 5890 15436 15325)
4(5889 15435 15436 5890)
4(5780 5891 15437 15326)
4(5890 15436 15437 5891)
4(5781 5892 15438 15327)
4(5891 15437 15438 5892)
4(5782 5893 15439 15328)
4(5892 15438 15439 5893)
4(5783 5894 15440 15329)
4(5893 15439 15440 5894)
4(5784 5895 15441 15330)
4(5894 15440 15441 5895)
4(5785 5896 15442 15331)
4(5895 15441 15442 5896)
4(5786 5897 15443 15332)
4(5896 15442 15443 5897)
4(5787 5898 15444 15333)
4(5897 15443 15444 5898)
4(5788 5899 15445 15334)
4(5898 15444 15445 5899)
4(5789 5900 15446 15335)
4(5899 15445 15446 5900)
4(5790 5901 15447 15336)
4(5900 15446 15447 5901)
4(5791 5902 15448 15337)
4(5901 15447 15448 5902)
4(5792 5903 15449 15338)
4(5902 15448 15449 5903)
4(5793 5904 15450 15339)
4(5903 15449 15450 5904)
4(5794 5905 15451 15340)
4(5904 15450 15451 5905)
4(5795 5906 15452 15341)
4(5905 15451 15452 5906)
4(5796 5907 15453 15342)
4(5906 15452 15453 5907)
4(5797 5908 15454 15343)
4(5907 15453 15454 5908)
4(5798 5909 15455 15344)
4(5908 15454 15455 5909)
4(5799 5910 15456 15345)
4(5909 15455 15456 5910)
4(5800 5911 15457 15346)
4(5910 15456 15457 5911)
4(5801 5912 15458 15347)
4(5911 15457 15458 5912)
4(5802 5913 15459 15348)
4(5912 15458 15459 5913)
4(5803 5914 15460 15349)
4(5913 15459 15460 5914)
4(5804 5915 15461 15350)
4(5914 15460 15461 5915)
4(5805 5916 15462 15351)
4(5915 15461 15462 5916)
4(5806 5917 15463 15352)
4(5916 15462 15463 5917)
4(5807 5918 15464 15353)
4(5917 15463 15464 5918)
4(5808 5919 15465 15354)
4(5918 15464 15465 5919)
4(5809 5920 15466 15355)
4(5919 15465 15466 5920)
4(5810 5921 15467 15356)
4(5920 15466 15467 5921)
4(5811 5922 15468 15357)
4(5921 15467 15468 5922)
4(5812 5923 15469 15358)
4(5922 15468 15469 5923)
4(5813 5924 15470 15359)
4(5923 15469 15470 5924)
4(5814 5925 15471 15360)
4(5924 15470 15471 5925)
4(5815 5926 15472 15361)
4(5925 15471 15472 5926)
4(5816 5927 15473 15362)
4(5926 15472 15473 5927)
4(5817 5928 15474 15363)
4(5927 15473 15474 5928)
4(5818 5929 15475 15364)
4(5928 15474 15475 5929)
4(5819 5930 15476 15365)
4(5929 15475 15476 5930)
4(5820 5931 15477 15366)
4(5930 15476 15477 5931)
4(5821 5932 15478 15367)
4(5931 15477 15478 5932)
4(5822 5933 15479 15368)
4(5932 15478 15479 5933)
4(5823 5934 15480 15369)
4(5933 15479 15480 5934)
4(5824 5935 15481 15370)
4(5934 15480 15481 5935)
4(5825 5936 15482 15371)
4(5935 15481 15482 5936)
4(5826 5937 15483 15372)
4(5936 15482 15483 5937)
4(5827 5938 15484 15373)
4(5937 15483 15484 5938)
4(5828 5939 15485 15374)
4(5938 15484 15485 5939)
4(5829 5940 15486 15375)
4(5939 15485 15486 5940)
4(5830 5941 15487 15376)
4(5940 15486 15487 5941)
4(5831 5942 15488 15377)
4(5941 15487 15488 5942)
4(5832 5943 15489 15378)
4(5942 15488 15489 5943)
4(5833 5944 15490 15379)
4(5943 15489 15490 5944)
4(5834 5945 15491 15380)
4(5944 15490 15491 5945)
4(5835 5946 15492 15381)
4(5945 15491 15492 5946)
4(5836 5947 15493 15382)
4(5946 15492 15493 5947)
4(5837 5948 15494 15383)
4(5947 15493 15494 5948)
4(5838 5949 15495 15384)
4(5948 15494 15495 5949)
4(5839 5950 15496 15385)
4(5949 15495 15496 5950)
4(5840 5951 15497 15386)
4(5950 15496 15497 5951)
4(5841 5952 15498 15387)
4(5951 15497 15498 5952)
4(5842 5953 15499 15388)
4(5952 15498 15499 5953)
4(5843 5954 15500 15389)
4(5953 15499 15500 5954)
4(5844 5955 15501 15390)
4(5954 15500 15501 5955)
4(5845 5956 15502 15391)
4(5955 15501 15502 5956)
4(5846 5957 15503 15392)
4(5956 15502 15503 5957)
4(5847 5958 15504 15393)
4(5957 15503 15504 5958)
4(5848 5959 15505 15394)
4(5958 15504 15505 5959)
4(5849 5960 15506 15395)
4(5959 15505 15506 5960)
4(5850 5961 15507 15396)
4(5960 15506 15507 5961)
4(5851 5962 15508 15397)
4(5961 15507 15508 5962)
4(5852 5963 15509 15398)
4(5962 15508 15509 5963)
4(5853 5964 15510 15399)
4(5963 15509 15510 5964)
4(5854 5965 15511 15400)
4(5964 15510 15511 5965)
4(5855 5966 15512 15401)
4(5965 15511 15512 5966)
4(5856 5967 15513 15402)
4(5966 15512 15513 5967)
4(5857 5968 15514 15403)
4(5967 15513 15514 5968)
4(5858 5969 15515 15404)
4(5968 15514 15515 5969)
4(5859 5970 15516 15405)
4(5969 15515 15516 5970)
4(5860 5971 15517 15406)
4(5970 15516 15517 5971)
4(5861 5972 15518 15407)
4(5971 15517 15518 5972)
4(5862 5973 15519 15408)
4(5972 15518 15519 5973)
4(5863 5974 15520 15409)
4(5973 15519 15520 5974)
4(5864 5975 15521 15410)
4(5974 15520 15521 5975)
4(5865 5976 15522 15411)
4(5975 15521 15522 5976)
4(5866 5977 15523 15412)
4(5976 15522 15523 5977)
4(5867 5978 15524 15413)
4(5977 15523 15524 5978)
4(5868 5979 15525 15414)
4(5978 15524 15525 5979)
4(5869 5980 15526 15415)
4(5979 15525 15526 5980)
4(5870 5981 15527 15416)
4(5980 15526 15527 5981)
4(5871 5982 15528 15417)
4(5981 15527 15528 5982)
4(5872 5983 15529 15418)
4(5982 15528 15529 5983)
4(5873 5984 15530 15419)
4(5983 15529 15530 5984)
4(5874 5985 15531 15420)
4(5984 15530 15531 5985)
4(5875 5986 15532 15421)
4(5985 15531 15532 5986)
4(5876 5987 15533 15422)
4(5986 15532 15533 5987)
4(5877 5988 15534 15423)
4(5987 15533 15534 5988)
4(5878 5989 15535 15424)
4(5988 15534 15535 5989)
4(5879 5990 15536 15425)
4(5989 15535 15536 5990)
4(5880 5991 15537 15426)
4(5990 15536 15537 5991)
4(5881 5992 15538 15427)
4(5991 15537 15538 5992)
4(5992 15538 15539 5993)
4(5884 5995 15541 15430)
4(5994 15540 15541 5995)
4(5885 5996 15542 15431)
4(5995 15541 15542 5996)
4(5886 5997 15543 15432)
4(5996 15542 15543 5997)
4(5887 5998 15544 15433)
4(5997 15543 15544 5998)
4(5888 5999 15545 15434)
4(5998 15544 15545 5999)
4(5889 6000 15546 15435)
4(5999 15545 15546 6000)
4(5890 6001 15547 15436)
4(6000 15546 15547 6001)
4(5891 6002 15548 15437)
4(6001 15547 15548 6002)
4(5892 6003 15549 15438)
4(6002 15548 15549 6003)
4(5893 6004 15550 15439)
4(6003 15549 15550 6004)
4(5894 6005 15551 15440)
4(6004 15550 15551 6005)
4(5895 6006 15552 15441)
4(6005 15551 15552 6006)
4(5896 6007 15553 15442)
4(6006 15552 15553 6007)
4(5897 6008 15554 15443)
4(6007 15553 15554 6008)
4(5898 6009 15555 15444)
4(6008 15554 15555 6009)
4(5899 6010 15556 15445)
4(6009 15555 15556 6010)
4(5900 6011 15557 15446)
4(6010 15556 15557 6011)
4(5901 6012 15558 15447)
4(6011 15557 15558 6012)
4(5902 6013 15559 15448)
4(6012 15558 15559 6013)
4(5903 6014 15560 15449)
4(6013 15559 15560 6014)
4(5904 6015 15561 15450)
4(6014 15560 15561 6015)
4(5905 6016 15562 15451)
4(6015 15561 15562 6016)
4(5906 6017 15563 15452)
4(6016 15562 15563 6017)
4(5907 6018 15564 15453)
4(6017 15563 15564 6018)
4(5908 6019 15565 15454)
4(6018 15564 15565 6019)
4(5909 6020 15566 15455)
4(6019 15565 15566 6020)
4(5910 6021 15567 15456)
4(6020 15566 15567 6021)
4(5911 6022 15568 15457)
4(6021 15567 15568 6022)
4(5912 6023 15569 15458)
4(6022 15568 15569 6023)
4(5913 6024 15570 15459)
4(6023 15569 15570 6024)
4(5914 6025 15571 15460)
4(6024 15570 15571 6025)
4(5915 6026 15572 15461)
4(6025 15571 15572 6026)
4(5916 6027 15573 15462)
4(6026 15572 15573 6027)
4(5917 6028 15574 15463)
4(6027 15573 15574 6028)
4(5918 6029 15575 15464)
4(6028 15574 15575 6029)
4(5919 6030 15576 15465)
4(6029 15575 15576 6030)
4(5920 6031 15577 15466)
4(6030 15576 15577 6031)
4(5921 6032 15578 15467)
4(6031 15577 15578 6032)
4(5922 6033 15579 15468)
4(6032 15578 15579 6033)
4(5923 6034 15580 15469)
4(6033 15579 15580 6034)
4(5924 6035 15581 15470)
4(6034 15580 15581 6035)
4(5925 6036 15582 15471)
4(6035 15581 15582 6036)
4(5926 6037 15583 15472)
4(6036 15582 15583 6037)
4(5927 6038 15584 15473)
4(6037 15583 15584 6038)
4(5928 6039 15585 15474)
4(6038 15584 15585 6039)
4(5929 6040 15586 15475)
4(6039 15585 15586 6040)
4(5930 6041 15587 15476)
4(6040 15586 15587 6041)
4(5931 6042 15588 15477)
4(6041 15587 15588 6042)
4(5932 6043 15589 15478)
4(6042 15588 15589 6043)
4(5933 6044 15590 15479)
4(6043 15589 15590 6044)
4(5934 6045 15591 15480)
4(6044 15590 15591 6045)
4(5935 6046 15592 15481)
4(6045 15591 15592 6046)
4(5936 6047 15593 15482)
4(6046 15592 15593 6047)
4(5937 6048 15594 15483)
4(6047 15593 15594 6048)
4(5938 6049 15595 15484)
4(6048 15594 15595 6049)
4(5939 6050 15596 15485)
4(6049 15595 15596 6050)
4(5940 6051 15597 15486)
4(6050 15596 15597 6051)
4(5941 6052 15598 15487)
4(6051 15597 15598 6052)
4(5942 6053 15599 15488)
4(6052 15598 15599 6053)
4(5943 6054 15600 15489)
4(6053 15599 15600 6054)
4(5944 6055 15601 15490)
4(6054 15600 15601 6055)
4(5945 6056 15602 15491)
4(6055 15601 15602 6056)
4(5946 6057 15603 15492)
4(6056 15602 15603 6057)
4(5947 6058 15604 15493)
4(6057 15603 15604 6058)
4(5948 6059 15605 15494)
4(6058 15604 15605 6059)
4(5949 6060 15606 15495)
4(6059 15605 15606 6060)
4(5950 6061 15607 15496)
4(6060 15606 15607 6061)
4(5951 6062 15608 15497)
4(6061 15607 15608 6062)
4(5952 6063 15609 15498)
4(6062 15608 15609 6063)
4(5953 6064 15610 15499)
4(6063 15609 15610 6064)
4(5954 6065 15611 15500)
4(6064 15610 15611 6065)
4(5955 6066 15612 15501)
4(6065 15611 15612 6066)
4(5956 6067 15613 15502)
4(6066 15612 15613 6067)
4(5957 6068 15614 15503)
4(6067 15613 15614 6068)
4(5958 6069 15615 15504)
4(6068 15614 15615 6069)
4(5959 6070 15616 15505)
4(6069 15615 15616 6070)
4(5960 6071 15617 15506)
4(6070 15616 15617 6071)
4(5961 6072 15618 15507)
4(6071 15617 15618 6072)
4(5962 6073 15619 15508)
4(6072 15618 15619 6073)
4(5963 6074 15620 15509)
4(6073 15619 15620 6074)
4(5964 6075 15621 15510)
4(6074 15620 15621 6075)
4(5965 6076 15622 15511)
4(6075 15621 15622 6076)
4(5966 6077 15623 15512)
4(6076 15622 15623 6077)
4(5967 6078 15624 15513)
4(6077 15623 15624 6078)
4(5968 6079 15625 15514)
4(6078 15624 15625 6079)
4(5969 6080 15626 15515)
4(6079 15625 15626 6080)
4(5970 6081 15627 15516)
4(6080 15626 15627 6081)
4(5971 6082 15628 15517)
4(6081 15627 15628 6082)
4(5972 6083 15629 15518)
4(6082 15628 15629 6083)
4(5973 6084 15630 15519)
4(6083 15629 15630 6084)
4(5974 6085 15631 15520)
4(6084 15630 15631 6085)
4(5975 6086 15632 15521)
4(6085 15631 15632 6086)
4(5976 6087 15633 15522)
4(6086 15632 15633 6087)
4(5977 6088 15634 15523)
4(6087 15633 15634 6088)
4(5978 6089 15635 15524)
4(6088 15634 15635 6089)
4(5979 6090 15636 15525)
4(6089 15635 15636 6090)
4(5980 6091 15637 15526)
4(6090 15636 15637 6091)
4(5981 6092 15638 15527)
4(6091 15637 15638 6092)
4(5982 6093 15639 15528)
4(6092 15638 15639 6093)
4(5983 6094 15640 15529)
4(6093 15639 15640 6094)
4(5984 6095 15641 15530)
4(6094 15640 15641 6095)
4(5985 6096 15642 15531)
4(6095 15641 15642 6096)
4(5986 6097 15643 15532)
4(6096 15642 15643 6097)
4(5987 6098 15644 15533)
4(6097 15643 15644 6098)
4(5988 6099 15645 15534)
4(6098 15644 15645 6099)
4(5989 6100 15646 15535)
4(6099 15645 15646 6100)
4(5990 6101 15647 15536)
4(6100 15646 15647 6101)
4(5991 6102 15648 15537)
4(6101 15647 15648 6102)
4(5992 6103 15649 15538)
4(6102 15648 15649 6103)
4(6103 15649 15650 6104)
4(5995 6106 15652 15541)
4(6105 15651 15652 6106)
4(5996 6107 15653 15542)
4(6106 15652 15653 6107)
4(5997 6108 15654 15543)
4(6107 15653 15654 6108)
4(5998 6109 15655 15544)
4(6108 15654 15655 6109)
4(5999 6110 15656 15545)
4(6109 15655 15656 6110)
4(6000 6111 15657 15546)
4(6110 15656 15657 6111)
4(6001 6112 15658 15547)
4(6111 15657 15658 6112)
4(6002 6113 15659 15548)
4(6112 15658 15659 6113)
4(6003 6114 15660 15549)
4(6113 15659 15660 6114)
4(6004 6115 15661 15550)
4(6114 15660 15661 6115)
4(6005 6116 15662 15551)
4(6115 15661 15662 6116)
4(6006 6117 15663 15552)
4(6116 15662 15663 6117)
4(6007 6118 15664 15553)
4(6117 15663 15664 6118)
4(6008 6119 15665 15554)
4(6118 15664 15665 6119)
4(6009 6120 15666 15555)
4(6119 15665 15666 6120)
4(6010 6121 15667 15556)
4(6120 15666 15667 6121)
4(6011 6122 15668 15557)
4(6121 15667 15668 6122)
4(6012 6123 15669 15558)
4(6122 15668 15669 6123)
4(6013 6124 15670 15559)
4(6123 15669 15670 6124)
4(6014 6125 15671 15560)
4(6124 15670 15671 6125)
4(6015 6126 15672 15561)
4(6125 15671 15672 6126)
4(6016 6127 15673 15562)
4(6126 15672 15673 6127)
4(6017 6128 15674 15563)
4(6127 15673 15674 6128)
4(6018 6129 15675 15564)
4(6128 15674 15675 6129)
4(6019 6130 15676 15565)
4(6129 15675 15676 6130)
4(6020 6131 15677 15566)
4(6130 15676 15677 6131)
4(6021 6132 15678 15567)
4(6131 15677 15678 6132)
4(6022 6133 15679 15568)
4(6132 15678 15679 6133)
4(6023 6134 15680 15569)
4(6133 15679 15680 6134)
4(6024 6135 15681 15570)
4(6134 15680 15681 6135)
4(6025 6136 15682 15571)
4(6135 15681 15682 6136)
4(6026 6137 15683 15572)
4(6136 15682 15683 6137)
4(6027 6138 15684 15573)
4(6137 15683 15684 6138)
4(6028 6139 15685 15574)
4(6138 15684 15685 6139)
4(6029 6140 15686 15575)
4(6139 15685 15686 6140)
4(6030 6141 15687 15576)
4(6140 15686 15687 6141)
4(6031 6142 15688 15577)
4(6141 15687 15688 6142)
4(6032 6143 15689 15578)
4(6142 15688 15689 6143)
4(6033 6144 15690 15579)
4(6143 15689 15690 6144)
4(6034 6145 15691 15580)
4(6144 15690 15691 6145)
4(6035 6146 15692 15581)
4(6145 15691 15692 6146)
4(6036 6147 15693 15582)
4(6146 15692 15693 6147)
4(6037 6148 15694 15583)
4(6147 15693 15694 6148)
4(6038 6149 15695 15584)
4(6148 15694 15695 6149)
4(6039 6150 15696 15585)
4(6149 15695 15696 6150)
4(6040 6151 15697 15586)
4(6150 15696 15697 6151)
4(6041 6152 15698 15587)
4(6151 15697 15698 6152)
4(6042 6153 15699 15588)
4(6152 15698 15699 6153)
4(6043 6154 15700 15589)
4(6153 15699 15700 6154)
4(6044 6155 15701 15590)
4(6154 15700 15701 6155)
4(6045 6156 15702 15591)
4(6155 15701 15702 6156)
4(6046 6157 15703 15592)
4(6156 15702 15703 6157)
4(6047 6158 15704 15593)
4(6157 15703 15704 6158)
4(6048 6159 15705 15594)
4(6158 15704 15705 6159)
4(6049 6160 15706 15595)
4(6159 15705 15706 6160)
4(6050 6161 15707 15596)
4(6160 15706 15707 6161)
4(6051 6162 15708 15597)
4(6161 15707 15708 6162)
4(6052 6163 15709 15598)
4(6162 15708 15709 6163)
4(6053 6164 15710 15599)
4(6163 15709 15710 6164)
4(6054 6165 15711 15600)
4(6164 15710 15711 6165)
4(6055 6166 15712 15601)
4(6165 15711 15712 6166)
4(6056 6167 15713 15602)
4(6166 15712 15713 6167)
4(6057 6168 15714 15603)
4(6167 15713 15714 6168)
4(6058 6169 15715 15604)
4(6168 15714 15715 6169)
4(6059 6170 15716 15605)
4(6169 15715 15716 6170)
4(6060 6171 15717 15606)
4(6170 15716 15717 6171)
4(6061 6172 15718 15607)
4(6171 15717 15718 6172)
4(6062 6173 15719 15608)
4(6172 15718 15719 6173)
4(6063 6174 15720 15609)
4(6173 15719 15720 6174)
4(6064 6175 15721 15610)
4(6174 15720 15721 6175)
4(6065 6176 15722 15611)
4(6175 15721 15722 6176)
4(6066 6177 15723 15612)
4(6176 15722 15723 6177)
4(6067 6178 15724 15613)
4(6177 15723 15724 6178)
4(6068 6179 15725 15614)
4(6178 15724 15725 6179)
4(6069 6180 15726 15615)
4(6179 15725 15726 6180)
4(6070 6181 15727 15616)
4(6180 15726 15727 6181)
4(6071 6182 15728 15617)
4(6181 15727 15728 6182)
4(6072 6183 15729 15618)
4(6182 15728 15729 6183)
4(6073 6184 15730 15619)
4(6183 15729 15730 6184)
4(6074 6185 15731 15620)
4(6184 15730 15731 6185)
4(6075 6186 15732 15621)
4(6185 15731 15732 6186)
4(6076 6187 15733 15622)
4(6186 15732 15733 6187)
4(6077 6188 15734 15623)
4(6187 15733 15734 6188)
4(6078 6189 15735 15624)
4(6188 15734 15735 6189)
4(6079 6190 15736 15625)
4(6189 15735 15736 6190)
4(6080 6191 15737 15626)
4(6190 15736 15737 6191)
4(6081 6192 15738 15627)
4(6191 15737 15738 6192)
4(6082 6193 15739 15628)
4(6192 15738 15739 6193)
4(6083 6194 15740 15629)
4(6193 15739 15740 6194)
4(6084 6195 15741 15630)
4(6194 15740 15741 6195)
4(6085 6196 15742 15631)
4(6195 15741 15742 6196)
4(6086 6197 15743 15632)
4(6196 15742 15743 6197)
4(6087 6198 15744 15633)
4(6197 15743 15744 6198)
4(6088 6199 15745 15634)
4(6198 15744 15745 6199)
4(6089 6200 15746 15635)
4(6199 15745 15746 6200)
4(6090 6201 15747 15636)
4(6200 15746 15747 6201)
4(6091 6202 15748 15637)
4(6201 15747 15748 6202)
4(6092 6203 15749 15638)
4(6202 15748 15749 6203)
4(6093 6204 15750 15639)
4(6203 15749 15750 6204)
4(6094 6205 15751 15640)
4(6204 15750 15751 6205)
4(6095 6206 15752 15641)
4(6205 15751 15752 6206)
4(6096 6207 15753 15642)
4(6206 15752 15753 6207)
4(6097 6208 15754 15643)
4(6207 15753 15754 6208)
4(6098 6209 15755 15644)
4(6208 15754 15755 6209)
4(6099 6210 15756 15645)
4(6209 15755 15756 6210)
4(6100 6211 15757 15646)
4(6210 15756 15757 6211)
4(6101 6212 15758 15647)
4(6211 15757 15758 6212)
4(6102 6213 15759 15648)
4(6212 15758 15759 6213)
4(6103 6214 15760 15649)
4(6213 15759 15760 6214)
4(6214 15760 15761 6215)
4(6106 6217 15763 15652)
4(6216 15762 15763 6217)
4(6107 6218 15764 15653)
4(6217 15763 15764 6218)
4(6108 6219 15765 15654)
4(6218 15764 15765 6219)
4(6109 6220 15766 15655)
4(6219 15765 15766 6220)
4(6110 6221 15767 15656)
4(6220 15766 15767 6221)
4(6111 6222 15768 15657)
4(6221 15767 15768 6222)
4(6112 6223 15769 15658)
4(6222 15768 15769 6223)
4(6113 6224 15770 15659)
4(6223 15769 15770 6224)
4(6114 6225 15771 15660)
4(6224 15770 15771 6225)
4(6115 6226 15772 15661)
4(6225 15771 15772 6226)
4(6116 6227 15773 15662)
4(6226 15772 15773 6227)
4(6117 6228 15774 15663)
4(6227 15773 15774 6228)
4(6118 6229 15775 15664)
4(6228 15774 15775 6229)
4(6119 6230 15776 15665)
4(6229 15775 15776 6230)
4(6120 6231 15777 15666)
4(6230 15776 15777 6231)
4(6121 6232 15778 15667)
4(6231 15777 15778 6232)
4(6122 6233 15779 15668)
4(6232 15778 15779 6233)
4(6123 6234 15780 15669)
4(6233 15779 15780 6234)
4(6124 6235 15781 15670)
4(6234 15780 15781 6235)
4(6125 6236 15782 15671)
4(6235 15781 15782 6236)
4(6126 6237 15783 15672)
4(6236 15782 15783 6237)
4(6127 6238 15784 15673)
4(6237 15783 15784 6238)
4(6128 6239 15785 15674)
4(6238 15784 15785 6239)
4(6129 6240 15786 15675)
4(6239 15785 15786 6240)
4(6130 6241 15787 15676)
4(6240 15786 15787 6241)
4(6131 6242 15788 15677)
4(6241 15787 15788 6242)
4(6132 6243 15789 15678)
4(6242 15788 15789 6243)
4(6133 6244 15790 15679)
4(6243 15789 15790 6244)
4(6134 6245 15791 15680)
4(6244 15790 15791 6245)
4(6135 6246 15792 15681)
4(6245 15791 15792 6246)
4(6136 6247 15793 15682)
4(6246 15792 15793 6247)
4(6137 6248 15794 15683)
4(6247 15793 15794 6248)
4(6138 6249 15795 15684)
4(6248 15794 15795 6249)
4(6139 6250 15796 15685)
4(6249 15795 15796 6250)
4(6140 6251 15797 15686)
4(6250 15796 15797 6251)
4(6141 6252 15798 15687)
4(6251 15797 15798 6252)
4(6142 6253 15799 15688)
4(6252 15798 15799 6253)
4(6143 6254 15800 15689)
4(6253 15799 15800 6254)
4(6144 6255 15801 15690)
4(6254 15800 15801 6255)
4(6145 6256 15802 15691)
4(6255 15801 15802 6256)
4(6146 6257 15803 15692)
4(6256 15802 15803 6257)
4(6147 6258 15804 15693)
4(6257 15803 15804 6258)
4(6148 6259 15805 15694)
4(6258 15804 15805 6259)
4(6149 6260 15806 15695)
4(6259 15805 15806 6260)
4(6150 6261 15807 15696)
4(6260 15806 15807 6261)
4(6151 6262 15808 15697)
4(6261 15807 15808 6262)
4(6152 6263 15809 15698)
4(6262 15808 15809 6263)
4(6153 6264 15810 15699)
4(6263 15809 15810 6264)
4(6154 6265 15811 15700)
4(6264 15810 15811 6265)
4(6155 6266 15812 15701)
4(6265 15811 15812 6266)
4(6156 6267 15813 15702)
4(6266 15812 15813 6267)
4(6157 6268 15814 15703)
4(6267 15813 15814 6268)
4(6158 6269 15815 15704)
4(6268 15814 15815 6269)
4(6159 6270 15816 15705)
4(6269 15815 15816 6270)
4(6160 6271 15817 15706)
4(6270 15816 15817 6271)
4(6161 6272 15818 15707)
4(6271 15817 15818 6272)
4(6162 6273 15819 15708)
4(6272 15818 15819 6273)
4(6163 6274 15820 15709)
4(6273 15819 15820 6274)
4(6164 6275 15821 15710)
4(6274 15820 15821 6275)
4(6165 6276 15822 15711)
4(6275 15821 15822 6276)
4(6166 6277 15823 15712)
4(6276 15822 15823 6277)
4(6167 6278 15824 15713)
4(6277 15823 15824 6278)
4(6168 6279 15825 15714)
4(6278 15824 15825 6279)
4(6169 6280 15826 15715)
4(6279 15825 15826 6280)
4(6170 6281 15827 15716)
4(6280 15826 15827 6281)
4(6171 6282 15828 15717)
4(6281 15827 15828 6282)
4(6172 6283 15829 15718)
4(6282 15828 15829 6283)
4(6173 6284 15830 15719)
4(6283 15829 15830 6284)
4(6174 6285 15831 15720)
4(6284 15830 15831 6285)
4(6175 6286 15832 15721)
4(6285 15831 15832 6286)
4(6176 6287 15833 15722)
4(6286 15832 15833 6287)
4(6177 6288 15834 15723)
4(6287 15833 15834 6288)
4(6178 6289 15835 15724)
4(6288 15834 15835 6289)
4(6179 6290 15836 15725)
4(6289 15835 15836 6290)
4(6180 6291 15837 15726)
4(6290 15836 15837 6291)
4(6181 6292 15838 15727)
4(6291 15837 15838 6292)
4(6182 6293 15839 15728)
4(6292 15838 15839 6293)
4(6183 6294 15840 15729)
4(6293 15839 15840 6294)
4(6184 6295 15841 15730)
4(6294 15840 15841 6295)
4(6185 6296 15842 15731)
4(6295 15841 15842 6296)
4(6186 6297 15843 15732)
4(6296 15842 15843 6297)
4(6187 6298 15844 15733)
4(6297 15843 15844 6298)
4(6188 6299 15845 15734)
4(6298 15844 15845 6299)
4(6189 6300 15846 15735)
4(6299 15845 15846 6300)
4(6190 6301 15847 15736)
4(6300 15846 15847 6301)
4(6191 6302 15848 15737)
4(6301 15847 15848 6302)
4(6192 6303 15849 15738)
4(6302 15848 15849 6303)
4(6193 6304 15850 15739)
4(6303 15849 15850 6304)
4(6194 6305 15851 15740)
4(6304 15850 15851 6305)
4(6195 6306 15852 15741)
4(6305 15851 15852 6306)
4(6196 6307 15853 15742)
4(6306 15852 15853 6307)
4(6197 6308 15854 15743)
4(6307 15853 15854 6308)
4(6198 6309 15855 15744)
4(6308 15854 15855 6309)
4(6199 6310 15856 15745)
4(6309 15855 15856 6310)
4(6200 6311 15857 15746)
4(6310 15856 15857 6311)
4(6201 6312 15858 15747)
4(6311 15857 15858 6312)
4(6202 6313 15859 15748)
4(6312 15858 15859 6313)
4(6203 6314 15860 15749)
4(6313 15859 15860 6314)
4(6204 6315 15861 15750)
4(6314 15860 15861 6315)
4(6205 6316 15862 15751)
4(6315 15861 15862 6316)
4(6206 6317 15863 15752)
4(6316 15862 15863 6317)
4(6207 6318 15864 15753)
4(6317 15863 15864 6318)
4(6208 6319 15865 15754)
4(6318 15864 15865 6319)
4(6209 6320 15866 15755)
4(6319 15865 15866 6320)
4(6210 6321 15867 15756)
4(6320 15866 15867 6321)
4(6211 6322 15868 15757)
4(6321 15867 15868 6322)
4(6212 6323 15869 15758)
4(6322 15868 15869 6323)
4(6213 6324 15870 15759)
4(6323 15869 15870 6324)
4(6214 6325 15871 15760)
4(6324 15870 15871 6325)
4(6325 15871 15872 6326)
4(6217 6328 15874 15763)
4(6327 15873 15874 6328)
4(6218 6329 15875 15764)
4(6328 15874 15875 6329)
4(6219 6330 15876 15765)
4(6329 15875 15876 6330)
4(6220 6331 15877 15766)
4(6330 15876 15877 6331)
4(6221 6332 15878 15767)
4(6331 15877 15878 6332)
4(6222 6333 15879 15768)
4(6332 15878 15879 6333)
4(6223 6334 15880 15769)
4(6333 15879 15880 6334)
4(6224 6335 15881 15770)
4(6334 15880 15881 6335)
4(6225 6336 15882 15771)
4(6335 15881 15882 6336)
4(6226 6337 15883 15772)
4(6336 15882 15883 6337)
4(6227 6338 15884 15773)
4(6337 15883 15884 6338)
4(6228 6339 15885 15774)
4(6338 15884 15885 6339)
4(6229 6340 15886 15775)
4(6339 15885 15886 6340)
4(6230 6341 15887 15776)
4(6340 15886 15887 6341)
4(6231 6342 15888 15777)
4(6341 15887 15888 6342)
4(6232 6343 15889 15778)
4(6342 15888 15889 6343)
4(6233 6344 15890 15779)
4(6343 15889 15890 6344)
4(6234 6345 15891 15780)
4(6344 15890 15891 6345)
4(6235 6346 15892 15781)
4(6345 15891 15892 6346)
4(6236 6347 15893 15782)
4(6346 15892 15893 6347)
4(6237 6348 15894 15783)
4(6347 15893 15894 6348)
4(6238 6349 15895 15784)
4(6348 15894 15895 6349)
4(6239 6350 15896 15785)
4(6349 15895 15896 6350)
4(6240 6351 15897 15786)
4(6350 15896 15897 6351)
4(6241 6352 15898 15787)
4(6351 15897 15898 6352)
4(6242 6353 15899 15788)
4(6352 15898 15899 6353)
4(6243 6354 15900 15789)
4(6353 15899 15900 6354)
4(6244 6355 15901 15790)
4(6354 15900 15901 6355)
4(6245 6356 15902 15791)
4(6355 15901 15902 6356)
4(6246 6357 15903 15792)
4(6356 15902 15903 6357)
4(6247 6358 15904 15793)
4(6357 15903 15904 6358)
4(6248 6359 15905 15794)
4(6358 15904 15905 6359)
4(6249 6360 15906 15795)
4(6359 15905 15906 6360)
4(6250 6361 15907 15796)
4(6360 15906 15907 6361)
4(6251 6362 15908 15797)
4(6361 15907 15908 6362)
4(6252 6363 15909 15798)
4(6362 15908 15909 6363)
4(6253 6364 15910 15799)
4(6363 15909 15910 6364)
4(6254 6365 15911 15800)
4(6364 15910 15911 6365)
4(6255 6366 15912 15801)
4(6365 15911 15912 6366)
4(6256 6367 15913 15802)
4(6366 15912 15913 6367)
4(6257 6368 15914 15803)
4(6367 15913 15914 6368)
4(6258 6369 15915 15804)
4(6368 15914 15915 6369)
4(6259 6370 15916 15805)
4(6369 15915 15916 6370)
4(6260 6371 15917 15806)
4(6370 15916 15917 6371)
4(6261 6372 15918 15807)
4(6371 15917 15918 6372)
4(6262 6373 15919 15808)
4(6372 15918 15919 6373)
4(6263 6374 15920 15809)
4(6373 15919 15920 6374)
4(6264 6375 15921 15810)
4(6374 15920 15921 6375)
4(6265 6376 15922 15811)
4(6375 15921 15922 6376)
4(6266 6377 15923 15812)
4(6376 15922 15923 6377)
4(6267 6378 15924 15813)
4(6377 15923 15924 6378)
4(6268 6379 15925 15814)
4(6378 15924 15925 6379)
4(6269 6380 15926 15815)
4(6379 15925 15926 6380)
4(6270 6381 15927 15816)
4(6380 15926 15927 6381)
4(6271 6382 15928 15817)
4(6381 15927 15928 6382)
4(6272 6383 15929 15818)
4(6382 15928 15929 6383)
4(6273 6384 15930 15819)
4(6383 15929 15930 6384)
4(6274 6385 15931 15820)
4(6384 15930 15931 6385)
4(6275 6386 15932 15821)
4(6385 15931 15932 6386)
4(6276 6387 15933 15822)
4(6386 15932 15933 6387)
4(6277 6388 15934 15823)
4(6387 15933 15934 6388)
4(6278 6389 15935 15824)
4(6388 15934 15935 6389)
4(6279 6390 15936 15825)
4(6389 15935 15936 6390)
4(6280 6391 15937 15826)
4(6390 15936 15937 6391)
4(6281 6392 15938 15827)
4(6391 15937 15938 6392)
4(6282 6393 15939 15828)
4(6392 15938 15939 6393)
4(6283 6394 15940 15829)
4(6393 15939 15940 6394)
4(6284 6395 15941 15830)
4(6394 15940 15941 6395)
4(6285 6396 15942 15831)
4(6395 15941 15942 6396)
4(6286 6397 15943 15832)
4(6396 15942 15943 6397)
4(6287 6398 15944 15833)
4(6397 15943 15944 6398)
4(6288 6399 15945 15834)
4(6398 15944 15945 6399)
4(6289 6400 15946 15835)
4(6399 15945 15946 6400)
4(6290 6401 15947 15836)
4(6400 15946 15947 6401)
4(6291 6402 15948 15837)
4(6401 15947 15948 6402)
4(6292 6403 15949 15838)
4(6402 15948 15949 6403)
4(6293 6404 15950 15839)
4(6403 15949 15950 6404)
4(6294 6405 15951 15840)
4(6404 15950 15951 6405)
4(6295 6406 15952 15841)
4(6405 15951 15952 6406)
4(6296 6407 15953 15842)
4(6406 15952 15953 6407)
4(6297 6408 15954 15843)
4(6407 15953 15954 6408)
4(6298 6409 15955 15844)
4(6408 15954 15955 6409)
4(6299 6410 15956 15845)
4(6409 15955 15956 6410)
4(6300 6411 15957 15846)
4(6410 15956 15957 6411)
4(6301 6412 15958 15847)
4(6411 15957 15958 6412)
4(6302 6413 15959 15848)
4(6412 15958 15959 6413)
4(6303 6414 15960 15849)
4(6413 15959 15960 6414)
4(6304 6415 15961 15850)
4(6414 15960 15961 6415)
4(6305 6416 15962 15851)
4(6415 15961 15962 6416)
4(6306 6417 15963 15852)
4(6416 15962 15963 6417)
4(6307 6418 15964 15853)
4(6417 15963 15964 6418)
4(6308 6419 15965 15854)
4(6418 15964 15965 6419)
4(6309 6420 15966 15855)
4(6419 15965 15966 6420)
4(6310 6421 15967 15856)
4(6420 15966 15967 6421)
4(6311 6422 15968 15857)
4(6421 15967 15968 6422)
4(6312 6423 15969 15858)
4(6422 15968 15969 6423)
4(6313 6424 15970 15859)
4(6423 15969 15970 6424)
4(6314 6425 15971 15860)
4(6424 15970 15971 6425)
4(6315 6426 15972 15861)
4(6425 15971 15972 6426)
4(6316 6427 15973 15862)
4(6426 15972 15973 6427)
4(6317 6428 15974 15863)
4(6427 15973 15974 6428)
4(6318 6429 15975 15864)
4(6428 15974 15975 6429)
4(6319 6430 15976 15865)
4(6429 15975 15976 6430)
4(6320 6431 15977 15866)
4(6430 15976 15977 6431)
4(6321 6432 15978 15867)
4(6431 15977 15978 6432)
4(6322 6433 15979 15868)
4(6432 15978 15979 6433)
4(6323 6434 15980 15869)
4(6433 15979 15980 6434)
4(6324 6435 15981 15870)
4(6434 15980 15981 6435)
4(6325 6436 15982 15871)
4(6435 15981 15982 6436)
4(6436 15982 15983 6437)
4(6328 6439 15985 15874)
4(6438 15984 15985 6439)
4(6329 6440 15986 15875)
4(6439 15985 15986 6440)
4(6330 6441 15987 15876)
4(6440 15986 15987 6441)
4(6331 6442 15988 15877)
4(6441 15987 15988 6442)
4(6332 6443 15989 15878)
4(6442 15988 15989 6443)
4(6333 6444 15990 15879)
4(6443 15989 15990 6444)
4(6334 6445 15991 15880)
4(6444 15990 15991 6445)
4(6335 6446 15992 15881)
4(6445 15991 15992 6446)
4(6336 6447 15993 15882)
4(6446 15992 15993 6447)
4(6337 6448 15994 15883)
4(6447 15993 15994 6448)
4(6338 6449 15995 15884)
4(6448 15994 15995 6449)
4(6339 6450 15996 15885)
4(6449 15995 15996 6450)
4(6340 6451 15997 15886)
4(6450 15996 15997 6451)
4(6341 6452 15998 15887)
4(6451 15997 15998 6452)
4(6342 6453 15999 15888)
4(6452 15998 15999 6453)
4(6343 6454 16000 15889)
4(6453 15999 16000 6454)
4(6344 6455 16001 15890)
4(6454 16000 16001 6455)
4(6345 6456 16002 15891)
4(6455 16001 16002 6456)
4(6346 6457 16003 15892)
4(6456 16002 16003 6457)
4(6347 6458 16004 15893)
4(6457 16003 16004 6458)
4(6348 6459 16005 15894)
4(6458 16004 16005 6459)
4(6349 6460 16006 15895)
4(6459 16005 16006 6460)
4(6350 6461 16007 15896)
4(6460 16006 16007 6461)
4(6351 6462 16008 15897)
4(6461 16007 16008 6462)
4(6352 6463 16009 15898)
4(6462 16008 16009 6463)
4(6353 6464 16010 15899)
4(6463 16009 16010 6464)
4(6354 6465 16011 15900)
4(6464 16010 16011 6465)
4(6355 6466 16012 15901)
4(6465 16011 16012 6466)
4(6356 6467 16013 15902)
4(6466 16012 16013 6467)
4(6357 6468 16014 15903)
4(6467 16013 16014 6468)
4(6358 6469 16015 15904)
4(6468 16014 16015 6469)
4(6359 6470 16016 15905)
4(6469 16015 16016 6470)
4(6360 6471 16017 15906)
4(6470 16016 16017 6471)
4(6361 6472 16018 15907)
4(6471 16017 16018 6472)
4(6362 6473 16019 15908)
4(6472 16018 16019 6473)
4(6363 6474 16020 15909)
4(6473 16019 16020 6474)
4(6364 6475 16021 15910)
4(6474 16020 16021 6475)
4(6365 6476 16022 15911)
4(6475 16021 16022 6476)
4(6366 6477 16023 15912)
4(6476 16022 16023 6477)
4(6367 6478 16024 15913)
4(6477 16023 16024 6478)
4(6368 6479 16025 15914)
4(6478 16024 16025 6479)
4(6369 6480 16026 15915)
4(6479 16025 16026 6480)
4(6370 6481 16027 15916)
4(6480 16026 16027 6481)
4(6371 6482 16028 15917)
4(6481 16027 16028 6482)
4(6372 6483 16029 15918)
4(6482 16028 16029 6483)
4(6373 6484 16030 15919)
4(6483 16029 16030 6484)
4(6374 6485 16031 15920)
4(6484 16030 16031 6485)
4(6375 6486 16032 15921)
4(6485 16031 16032 6486)
4(6376 6487 16033 15922)
4(6486 16032 16033 6487)
4(6377 6488 16034 15923)
4(6487 16033 16034 6488)
4(6378 6489 16035 15924)
4(6488 16034 16035 6489)
4(6379 6490 16036 15925)
4(6489 16035 16036 6490)
4(6380 6491 16037 15926)
4(6490 16036 16037 6491)
4(6381 6492 16038 15927)
4(6491 16037 16038 6492)
4(6382 6493 16039 15928)
4(6492 16038 16039 6493)
4(6383 6494 16040 15929)
4(6493 16039 16040 6494)
4(6384 6495 16041 15930)
4(6494 16040 16041 6495)
4(6385 6496 16042 15931)
4(6495 16041 16042 6496)
4(6386 6497 16043 15932)
4(6496 16042 16043 6497)
4(6387 6498 16044 15933)
4(6497 16043 16044 6498)
4(6388 6499 16045 15934)
4(6498 16044 16045 6499)
4(6389 6500 16046 15935)
4(6499 16045 16046 6500)
4(6390 6501 16047 15936)
4(6500 16046 16047 6501)
4(6391 6502 16048 15937)
4(6501 16047 16048 6502)
4(6392 6503 16049 15938)
4(6502 16048 16049 6503)
4(6393 6504 16050 15939)
4(6503 16049 16050 6504)
4(6394 6505 16051 15940)
4(6504 16050 16051 6505)
4(6395 6506 16052 15941)
4(6505 16051 16052 6506)
4(6396 6507 16053 15942)
4(6506 16052 16053 6507)
4(6397 6508 16054 15943)
4(6507 16053 16054 6508)
4(6398 6509 16055 15944)
4(6508 16054 16055 6509)
4(6399 6510 16056 15945)
4(6509 16055 16056 6510)
4(6400 6511 16057 15946)
4(6510 16056 16057 6511)
4(6401 6512 16058 15947)
4(6511 16057 16058 6512)
4(6402 6513 16059 15948)
4(6512 16058 16059 6513)
4(6403 6514 16060 15949)
4(6513 16059 16060 6514)
4(6404 6515 16061 15950)
4(6514 16060 16061 6515)
4(6405 6516 16062 15951)
4(6515 16061 16062 6516)
4(6406 6517 16063 15952)
4(6516 16062 16063 6517)
4(6407 6518 16064 15953)
4(6517 16063 16064 6518)
4(6408 6519 16065 15954)
4(6518 16064 16065 6519)
4(6409 6520 16066 15955)
4(6519 16065 16066 6520)
4(6410 6521 16067 15956)
4(6520 16066 16067 6521)
4(6411 6522 16068 15957)
4(6521 16067 16068 6522)
4(6412 6523 16069 15958)
4(6522 16068 16069 6523)
4(6413 6524 16070 15959)
4(6523 16069 16070 6524)
4(6414 6525 16071 15960)
4(6524 16070 16071 6525)
4(6415 6526 16072 15961)
4(6525 16071 16072 6526)
4(6416 6527 16073 15962)
4(6526 16072 16073 6527)
4(6417 6528 16074 15963)
4(6527 16073 16074 6528)
4(6418 6529 16075 15964)
4(6528 16074 16075 6529)
4(6419 6530 16076 15965)
4(6529 16075 16076 6530)
4(6420 6531 16077 15966)
4(6530 16076 16077 6531)
4(6421 6532 16078 15967)
4(6531 16077 16078 6532)
4(6422 6533 16079 15968)
4(6532 16078 16079 6533)
4(6423 6534 16080 15969)
4(6533 16079 16080 6534)
4(6424 6535 16081 15970)
4(6534 16080 16081 6535)
4(6425 6536 16082 15971)
4(6535 16081 16082 6536)
4(6426 6537 16083 15972)
4(6536 16082 16083 6537)
4(6427 6538 16084 15973)
4(6537 16083 16084 6538)
4(6428 6539 16085 15974)
4(6538 16084 16085 6539)
4(6429 6540 16086 15975)
4(6539 16085 16086 6540)
4(6430 6541 16087 15976)
4(6540 16086 16087 6541)
4(6431 6542 16088 15977)
4(6541 16087 16088 6542)
4(6432 6543 16089 15978)
4(6542 16088 16089 6543)
4(6433 6544 16090 15979)
4(6543 16089 16090 6544)
4(6434 6545 16091 15980)
4(6544 16090 16091 6545)
4(6435 6546 16092 15981)
4(6545 16091 16092 6546)
4(6436 6547 16093 15982)
4(6546 16092 16093 6547)
4(6547 16093 16094 6548)
4(6439 6550 16096 15985)
4(6549 16095 16096 6550)
4(6440 6551 16097 15986)
4(6550 16096 16097 6551)
4(6441 6552 16098 15987)
4(6551 16097 16098 6552)
4(6442 6553 16099 15988)
4(6552 16098 16099 6553)
4(6443 6554 16100 15989)
4(6553 16099 16100 6554)
4(6444 6555 16101 15990)
4(6554 16100 16101 6555)
4(6445 6556 16102 15991)
4(6555 16101 16102 6556)
4(6446 6557 16103 15992)
4(6556 16102 16103 6557)
4(6447 6558 16104 15993)
4(6557 16103 16104 6558)
4(6448 6559 16105 15994)
4(6558 16104 16105 6559)
4(6449 6560 16106 15995)
4(6559 16105 16106 6560)
4(6450 6561 16107 15996)
4(6560 16106 16107 6561)
4(6451 6562 16108 15997)
4(6561 16107 16108 6562)
4(6452 6563 16109 15998)
4(6562 16108 16109 6563)
4(6453 6564 16110 15999)
4(6563 16109 16110 6564)
4(6454 6565 16111 16000)
4(6564 16110 16111 6565)
4(6455 6566 16112 16001)
4(6565 16111 16112 6566)
4(6456 6567 16113 16002)
4(6566 16112 16113 6567)
4(6457 6568 16114 16003)
4(6567 16113 16114 6568)
4(6458 6569 16115 16004)
4(6568 16114 16115 6569)
4(6459 6570 16116 16005)
4(6569 16115 16116 6570)
4(6460 6571 16117 16006)
4(6570 16116 16117 6571)
4(6461 6572 16118 16007)
4(6571 16117 16118 6572)
4(6462 6573 16119 16008)
4(6572 16118 16119 6573)
4(6463 6574 16120 16009)
4(6573 16119 16120 6574)
4(6464 6575 16121 16010)
4(6574 16120 16121 6575)
4(6465 6576 16122 16011)
4(6575 16121 16122 6576)
4(6466 6577 16123 16012)
4(6576 16122 16123 6577)
4(6467 6578 16124 16013)
4(6577 16123 16124 6578)
4(6468 6579 16125 16014)
4(6578 16124 16125 6579)
4(6469 6580 16126 16015)
4(6579 16125 16126 6580)
4(6470 6581 16127 16016)
4(6580 16126 16127 6581)
4(6471 6582 16128 16017)
4(6581 16127 16128 6582)
4(6472 6583 16129 16018)
4(6582 16128 16129 6583)
4(6473 6584 16130 16019)
4(6583 16129 16130 6584)
4(6474 6585 16131 16020)
4(6584 16130 16131 6585)
4(6475 6586 16132 16021)
4(6585 16131 16132 6586)
4(6476 6587 16133 16022)
4(6586 16132 16133 6587)
4(6477 6588 16134 16023)
4(6587 16133 16134 6588)
4(6478 6589 16135 16024)
4(6588 16134 16135 6589)
4(6479 6590 16136 16025)
4(6589 16135 16136 6590)
4(6480 6591 16137 16026)
4(6590 16136 16137 6591)
4(6481 6592 16138 16027)
4(6591 16137 16138 6592)
4(6482 6593 16139 16028)
4(6592 16138 16139 6593)
4(6483 6594 16140 16029)
4(6593 16139 16140 6594)
4(6484 6595 16141 16030)
4(6594 16140 16141 6595)
4(6485 6596 16142 16031)
4(6595 16141 16142 6596)
4(6486 6597 16143 16032)
4(6596 16142 16143 6597)
4(6487 6598 16144 16033)
4(6597 16143 16144 6598)
4(6488 6599 16145 16034)
4(6598 16144 16145 6599)
4(6489 6600 16146 16035)
4(6599 16145 16146 6600)
4(6490 6601 16147 16036)
4(6600 16146 16147 6601)
4(6491 6602 16148 16037)
4(6601 16147 16148 6602)
4(6492 6603 16149 16038)
4(6602 16148 16149 6603)
4(6493 6604 16150 16039)
4(6603 16149 16150 6604)
4(6494 6605 16151 16040)
4(6604 16150 16151 6605)
4(6495 6606 16152 16041)
4(6605 16151 16152 6606)
4(6496 6607 16153 16042)
4(6606 16152 16153 6607)
4(6497 6608 16154 16043)
4(6607 16153 16154 6608)
4(6498 6609 16155 16044)
4(6608 16154 16155 6609)
4(6499 6610 16156 16045)
4(6609 16155 16156 6610)
4(6500 6611 16157 16046)
4(6610 16156 16157 6611)
4(6501 6612 16158 16047)
4(6611 16157 16158 6612)
4(6502 6613 16159 16048)
4(6612 16158 16159 6613)
4(6503 6614 16160 16049)
4(6613 16159 16160 6614)
4(6504 6615 16161 16050)
4(6614 16160 16161 6615)
4(6505 6616 16162 16051)
4(6615 16161 16162 6616)
4(6506 6617 16163 16052)
4(6616 16162 16163 6617)
4(6507 6618 16164 16053)
4(6617 16163 16164 6618)
4(6508 6619 16165 16054)
4(6618 16164 16165 6619)
4(6509 6620 16166 16055)
4(6619 16165 16166 6620)
4(6510 6621 16167 16056)
4(6620 16166 16167 6621)
4(6511 6622 16168 16057)
4(6621 16167 16168 6622)
4(6512 6623 16169 16058)
4(6622 16168 16169 6623)
4(6513 6624 16170 16059)
4(6623 16169 16170 6624)
4(6514 6625 16171 16060)
4(6624 16170 16171 6625)
4(6515 6626 16172 16061)
4(6625 16171 16172 6626)
4(6516 6627 16173 16062)
4(6626 16172 16173 6627)
4(6517 6628 16174 16063)
4(6627 16173 16174 6628)
4(6518 6629 16175 16064)
4(6628 16174 16175 6629)
4(6519 6630 16176 16065)
4(6629 16175 16176 6630)
4(6520 6631 16177 16066)
4(6630 16176 16177 6631)
4(6521 6632 16178 16067)
4(6631 16177 16178 6632)
4(6522 6633 16179 16068)
4(6632 16178 16179 6633)
4(6523 6634 16180 16069)
4(6633 16179 16180 6634)
4(6524 6635 16181 16070)
4(6634 16180 16181 6635)
4(6525 6636 16182 16071)
4(6635 16181 16182 6636)
4(6526 6637 16183 16072)
4(6636 16182 16183 6637)
4(6527 6638 16184 16073)
4(6637 16183 16184 6638)
4(6528 6639 16185 16074)
4(6638 16184 16185 6639)
4(6529 6640 16186 16075)
4(6639 16185 16186 6640)
4(6530 6641 16187 16076)
4(6640 16186 16187 6641)
4(6531 6642 16188 16077)
4(6641 16187 16188 6642)
4(6532 6643 16189 16078)
4(6642 16188 16189 6643)
4(6533 6644 16190 16079)
4(6643 16189 16190 6644)
4(6534 6645 16191 16080)
4(6644 16190 16191 6645)
4(6535 6646 16192 16081)
4(6645 16191 16192 6646)
4(6536 6647 16193 16082)
4(6646 16192 16193 6647)
4(6537 6648 16194 16083)
4(6647 16193 16194 6648)
4(6538 6649 16195 16084)
4(6648 16194 16195 6649)
4(6539 6650 16196 16085)
4(6649 16195 16196 6650)
4(6540 6651 16197 16086)
4(6650 16196 16197 6651)
4(6541 6652 16198 16087)
4(6651 16197 16198 6652)
4(6542 6653 16199 16088)
4(6652 16198 16199 6653)
4(6543 6654 16200 16089)
4(6653 16199 16200 6654)
4(6544 6655 16201 16090)
4(6654 16200 16201 6655)
4(6545 6656 16202 16091)
4(6655 16201 16202 6656)
4(6546 6657 16203 16092)
4(6656 16202 16203 6657)
4(6547 6658 16204 16093)
4(6657 16203 16204 6658)
4(6658 16204 16205 6659)
4(6550 6661 16207 16096)
4(6660 16206 16207 6661)
4(6551 6662 16208 16097)
4(6661 16207 16208 6662)
4(6552 6663 16209 16098)
4(6662 16208 16209 6663)
4(6553 6664 16210 16099)
4(6663 16209 16210 6664)
4(6554 6665 16211 16100)
4(6664 16210 16211 6665)
4(6555 6666 16212 16101)
4(6665 16211 16212 6666)
4(6556 6667 16213 16102)
4(6666 16212 16213 6667)
4(6557 6668 16214 16103)
4(6667 16213 16214 6668)
4(6558 6669 16215 16104)
4(6668 16214 16215 6669)
4(6559 6670 16216 16105)
4(6669 16215 16216 6670)
4(6560 6671 16217 16106)
4(6670 16216 16217 6671)
4(6561 6672 16218 16107)
4(6671 16217 16218 6672)
4(6562 6673 16219 16108)
4(6672 16218 16219 6673)
4(6563 6674 16220 16109)
4(6673 16219 16220 6674)
4(6564 6675 16221 16110)
4(6674 16220 16221 6675)
4(6565 6676 16222 16111)
4(6675 16221 16222 6676)
4(6566 6677 16223 16112)
4(6676 16222 16223 6677)
4(6567 6678 16224 16113)
4(6677 16223 16224 6678)
4(6568 6679 16225 16114)
4(6678 16224 16225 6679)
4(6569 6680 16226 16115)
4(6679 16225 16226 6680)
4(6570 6681 16227 16116)
4(6680 16226 16227 6681)
4(6571 6682 16228 16117)
4(6681 16227 16228 6682)
4(6572 6683 16229 16118)
4(6682 16228 16229 6683)
4(6573 6684 16230 16119)
4(6683 16229 16230 6684)
4(6574 6685 16231 16120)
4(6684 16230 16231 6685)
4(6575 6686 16232 16121)
4(6685 16231 16232 6686)
4(6576 6687 16233 16122)
4(6686 16232 16233 6687)
4(6577 6688 16234 16123)
4(6687 16233 16234 6688)
4(6578 6689 16235 16124)
4(6688 16234 16235 6689)
4(6579 6690 16236 16125)
4(6689 16235 16236 6690)
4(6580 6691 16237 16126)
4(6690 16236 16237 6691)
4(6581 6692 16238 16127)
4(6691 16237 16238 6692)
4(6582 6693 16239 16128)
4(6692 16238 16239 6693)
4(6583 6694 16240 16129)
4(6693 16239 16240 6694)
4(6584 6695 16241 16130)
4(6694 16240 16241 6695)
4(6585 6696 16242 16131)
4(6695 16241 16242 6696)
4(6586 6697 16243 16132)
4(6696 16242 16243 6697)
4(6587 6698 16244 16133)
4(6697 16243 16244 6698)
4(6588 6699 16245 16134)
4(6698 16244 16245 6699)
4(6589 6700 16246 16135)
4(6699 16245 16246 6700)
4(6590 6701 16247 16136)
4(6700 16246 16247 6701)
4(6591 6702 16248 16137)
4(6701 16247 16248 6702)
4(6592 6703 16249 16138)
4(6702 16248 16249 6703)
4(6593 6704 16250 16139)
4(6703 16249 16250 6704)
4(6594 6705 16251 16140)
4(6704 16250 16251 6705)
4(6595 6706 16252 16141)
4(6705 16251 16252 6706)
4(6596 6707 16253 16142)
4(6706 16252 16253 6707)
4(6597 6708 16254 16143)
4(6707 16253 16254 6708)
4(6598 6709 16255 16144)
4(6708 16254 16255 6709)
4(6599 6710 16256 16145)
4(6709 16255 16256 6710)
4(6600 6711 16257 16146)
4(6710 16256 16257 6711)
4(6601 6712 16258 16147)
4(6711 16257 16258 6712)
4(6602 6713 16259 16148)
4(6712 16258 16259 6713)
4(6603 6714 16260 16149)
4(6713 16259 16260 6714)
4(6604 6715 16261 16150)
4(6714 16260 16261 6715)
4(6605 6716 16262 16151)
4(6715 16261 16262 6716)
4(6606 6717 16263 16152)
4(6716 16262 16263 6717)
4(6607 6718 16264 16153)
4(6717 16263 16264 6718)
4(6608 6719 16265 16154)
4(6718 16264 16265 6719)
4(6609 6720 16266 16155)
4(6719 16265 16266 6720)
4(6610 6721 16267 16156)
4(6720 16266 16267 6721)
4(6611 6722 16268 16157)
4(6721 16267 16268 6722)
4(6612 6723 16269 16158)
4(6722 16268 16269 6723)
4(6613 6724 16270 16159)
4(6723 16269 16270 6724)
4(6614 6725 16271 16160)
4(6724 16270 16271 6725)
4(6615 6726 16272 16161)
4(6725 16271 16272 6726)
4(6616 6727 16273 16162)
4(6726 16272 16273 6727)
4(6617 6728 16274 16163)
4(6727 16273 16274 6728)
4(6618 6729 16275 16164)
4(6728 16274 16275 6729)
4(6619 6730 16276 16165)
4(6729 16275 16276 6730)
4(6620 6731 16277 16166)
4(6730 16276 16277 6731)
4(6621 6732 16278 16167)
4(6731 16277 16278 6732)
4(6622 6733 16279 16168)
4(6732 16278 16279 6733)
4(6623 6734 16280 16169)
4(6733 16279 16280 6734)
4(6624 6735 16281 16170)
4(6734 16280 16281 6735)
4(6625 6736 16282 16171)
4(6735 16281 16282 6736)
4(6626 6737 16283 16172)
4(6736 16282 16283 6737)
4(6627 6738 16284 16173)
4(6737 16283 16284 6738)
4(6628 6739 16285 16174)
4(6738 16284 16285 6739)
4(6629 6740 16286 16175)
4(6739 16285 16286 6740)
4(6630 6741 16287 16176)
4(6740 16286 16287 6741)
4(6631 6742 16288 16177)
4(6741 16287 16288 6742)
4(6632 6743 16289 16178)
4(6742 16288 16289 6743)
4(6633 6744 16290 16179)
4(6743 16289 16290 6744)
4(6634 6745 16291 16180)
4(6744 16290 16291 6745)
4(6635 6746 16292 16181)
4(6745 16291 16292 6746)
4(6636 6747 16293 16182)
4(6746 16292 16293 6747)
4(6637 6748 16294 16183)
4(6747 16293 16294 6748)
4(6638 6749 16295 16184)
4(6748 16294 16295 6749)
4(6639 6750 16296 16185)
4(6749 16295 16296 6750)
4(6640 6751 16297 16186)
4(6750 16296 16297 6751)
4(6641 6752 16298 16187)
4(6751 16297 16298 6752)
4(6642 6753 16299 16188)
4(6752 16298 16299 6753)
4(6643 6754 16300 16189)
4(6753 16299 16300 6754)
4(6644 6755 16301 16190)
4(6754 16300 16301 6755)
4(6645 6756 16302 16191)
4(6755 16301 16302 6756)
4(6646 6757 16303 16192)
4(6756 16302 16303 6757)
4(6647 6758 16304 16193)
4(6757 16303 16304 6758)
4(6648 6759 16305 16194)
4(6758 16304 16305 6759)
4(6649 6760 16306 16195)
4(6759 16305 16306 6760)
4(6650 6761 16307 16196)
4(6760 16306 16307 6761)
4(6651 6762 16308 16197)
4(6761 16307 16308 6762)
4(6652 6763 16309 16198)
4(6762 16308 16309 6763)
4(6653 6764 16310 16199)
4(6763 16309 16310 6764)
4(6654 6765 16311 16200)
4(6764 16310 16311 6765)
4(6655 6766 16312 16201)
4(6765 16311 16312 6766)
4(6656 6767 16313 16202)
4(6766 16312 16313 6767)
4(6657 6768 16314 16203)
4(6767 16313 16314 6768)
4(6658 6769 16315 16204)
4(6768 16314 16315 6769)
4(6769 16315 16316 6770)
4(6661 6772 16318 16207)
4(6771 16317 16318 6772)
4(6662 6773 16319 16208)
4(6772 16318 16319 6773)
4(6663 6774 16320 16209)
4(6773 16319 16320 6774)
4(6664 6775 16321 16210)
4(6774 16320 16321 6775)
4(6665 6776 16322 16211)
4(6775 16321 16322 6776)
4(6666 6777 16323 16212)
4(6776 16322 16323 6777)
4(6667 6778 16324 16213)
4(6777 16323 16324 6778)
4(6668 6779 16325 16214)
4(6778 16324 16325 6779)
4(6669 6780 16326 16215)
4(6779 16325 16326 6780)
4(6670 6781 16327 16216)
4(6780 16326 16327 6781)
4(6671 6782 16328 16217)
4(6781 16327 16328 6782)
4(6672 6783 16329 16218)
4(6782 16328 16329 6783)
4(6673 6784 16330 16219)
4(6783 16329 16330 6784)
4(6674 6785 16331 16220)
4(6784 16330 16331 6785)
4(6675 6786 16332 16221)
4(6785 16331 16332 6786)
4(6676 6787 16333 16222)
4(6786 16332 16333 6787)
4(6677 6788 16334 16223)
4(6787 16333 16334 6788)
4(6678 6789 16335 16224)
4(6788 16334 16335 6789)
4(6679 6790 16336 16225)
4(6789 16335 16336 6790)
4(6680 6791 16337 16226)
4(6790 16336 16337 6791)
4(6681 6792 16338 16227)
4(6791 16337 16338 6792)
4(6682 6793 16339 16228)
4(6792 16338 16339 6793)
4(6683 6794 16340 16229)
4(6793 16339 16340 6794)
4(6684 6795 16341 16230)
4(6794 16340 16341 6795)
4(6685 6796 16342 16231)
4(6795 16341 16342 6796)
4(6686 6797 16343 16232)
4(6796 16342 16343 6797)
4(6687 6798 16344 16233)
4(6797 16343 16344 6798)
4(6688 6799 16345 16234)
4(6798 16344 16345 6799)
4(6689 6800 16346 16235)
4(6799 16345 16346 6800)
4(6690 6801 16347 16236)
4(6800 16346 16347 6801)
4(6691 6802 16348 16237)
4(6801 16347 16348 6802)
4(6692 6803 16349 16238)
4(6802 16348 16349 6803)
4(6693 6804 16350 16239)
4(6803 16349 16350 6804)
4(6694 6805 16351 16240)
4(6804 16350 16351 6805)
4(6695 6806 16352 16241)
4(6805 16351 16352 6806)
4(6696 6807 16353 16242)
4(6806 16352 16353 6807)
4(6697 6808 16354 16243)
4(6807 16353 16354 6808)
4(6698 6809 16355 16244)
4(6808 16354 16355 6809)
4(6699 6810 16356 16245)
4(6809 16355 16356 6810)
4(6700 6811 16357 16246)
4(6810 16356 16357 6811)
4(6701 6812 16358 16247)
4(6811 16357 16358 6812)
4(6702 6813 16359 16248)
4(6812 16358 16359 6813)
4(6703 6814 16360 16249)
4(6813 16359 16360 6814)
4(6704 6815 16361 16250)
4(6814 16360 16361 6815)
4(6705 6816 16362 16251)
4(6815 16361 16362 6816)
4(6706 6817 16363 16252)
4(6816 16362 16363 6817)
4(6707 6818 16364 16253)
4(6817 16363 16364 6818)
4(6708 6819 16365 16254)
4(6818 16364 16365 6819)
4(6709 6820 16366 16255)
4(6819 16365 16366 6820)
4(6710 6821 16367 16256)
4(6820 16366 16367 6821)
4(6711 6822 16368 16257)
4(6821 16367 16368 6822)
4(6712 6823 16369 16258)
4(6822 16368 16369 6823)
4(6713 6824 16370 16259)
4(6823 16369 16370 6824)
4(6714 6825 16371 16260)
4(6824 16370 16371 6825)
4(6715 6826 16372 16261)
4(6825 16371 16372 6826)
4(6716 6827 16373 16262)
4(6826 16372 16373 6827)
4(6717 6828 16374 16263)
4(6827 16373 16374 6828)
4(6718 6829 16375 16264)
4(6828 16374 16375 6829)
4(6719 6830 16376 16265)
4(6829 16375 16376 6830)
4(6720 6831 16377 16266)
4(6830 16376 16377 6831)
4(6721 6832 16378 16267)
4(6831 16377 16378 6832)
4(6722 6833 16379 16268)
4(6832 16378 16379 6833)
4(6723 6834 16380 16269)
4(6833 16379 16380 6834)
4(6724 6835 16381 16270)
4(6834 16380 16381 6835)
4(6725 6836 16382 16271)
4(6835 16381 16382 6836)
4(6726 6837 16383 16272)
4(6836 16382 16383 6837)
4(6727 6838 16384 16273)
4(6837 16383 16384 6838)
4(6728 6839 16385 16274)
4(6838 16384 16385 6839)
4(6729 6840 16386 16275)
4(6839 16385 16386 6840)
4(6730 6841 16387 16276)
4(6840 16386 16387 6841)
4(6731 6842 16388 16277)
4(6841 16387 16388 6842)
4(6732 6843 16389 16278)
4(6842 16388 16389 6843)
4(6733 6844 16390 16279)
4(6843 16389 16390 6844)
4(6734 6845 16391 16280)
4(6844 16390 16391 6845)
4(6735 6846 16392 16281)
4(6845 16391 16392 6846)
4(6736 6847 16393 16282)
4(6846 16392 16393 6847)
4(6737 6848 16394 16283)
4(6847 16393 16394 6848)
4(6738 6849 16395 16284)
4(6848 16394 16395 6849)
4(6739 6850 16396 16285)
4(6849 16395 16396 6850)
4(6740 6851 16397 16286)
4(6850 16396 16397 6851)
4(6741 6852 16398 16287)
4(6851 16397 16398 6852)
4(6742 6853 16399 16288)
4(6852 16398 16399 6853)
4(6743 6854 16400 16289)
4(6853 16399 16400 6854)
4(6744 6855 16401 16290)
4(6854 16400 16401 6855)
4(6745 6856 16402 16291)
4(6855 16401 16402 6856)
4(6746 6857 16403 16292)
4(6856 16402 16403 6857)
4(6747 6858 16404 16293)
4(6857 16403 16404 6858)
4(6748 6859 16405 16294)
4(6858 16404 16405 6859)
4(6749 6860 16406 16295)
4(6859 16405 16406 6860)
4(6750 6861 16407 16296)
4(6860 16406 16407 6861)
4(6751 6862 16408 16297)
4(6861 16407 16408 6862)
4(6752 6863 16409 16298)
4(6862 16408 16409 6863)
4(6753 6864 16410 16299)
4(6863 16409 16410 6864)
4(6754 6865 16411 16300)
4(6864 16410 16411 6865)
4(6755 6866 16412 16301)
4(6865 16411 16412 6866)
4(6756 6867 16413 16302)
4(6866 16412 16413 6867)
4(6757 6868 16414 16303)
4(6867 16413 16414 6868)
4(6758 6869 16415 16304)
4(6868 16414 16415 6869)
4(6759 6870 16416 16305)
4(6869 16415 16416 6870)
4(6760 6871 16417 16306)
4(6870 16416 16417 6871)
4(6761 6872 16418 16307)
4(6871 16417 16418 6872)
4(6762 6873 16419 16308)
4(6872 16418 16419 6873)
4(6763 6874 16420 16309)
4(6873 16419 16420 6874)
4(6764 6875 16421 16310)
4(6874 16420 16421 6875)
4(6765 6876 16422 16311)
4(6875 16421 16422 6876)
4(6766 6877 16423 16312)
4(6876 16422 16423 6877)
4(6767 6878 16424 16313)
4(6877 16423 16424 6878)
4(6768 6879 16425 16314)
4(6878 16424 16425 6879)
4(6769 6880 16426 16315)
4(6879 16425 16426 6880)
4(6880 16426 16427 6881)
4(6772 6883 16429 16318)
4(6882 16428 16429 6883)
4(6773 6884 16430 16319)
4(6883 16429 16430 6884)
4(6774 6885 16431 16320)
4(6884 16430 16431 6885)
4(6775 6886 16432 16321)
4(6885 16431 16432 6886)
4(6776 6887 16433 16322)
4(6886 16432 16433 6887)
4(6777 6888 16434 16323)
4(6887 16433 16434 6888)
4(6778 6889 16435 16324)
4(6888 16434 16435 6889)
4(6779 6890 16436 16325)
4(6889 16435 16436 6890)
4(6780 6891 16437 16326)
4(6890 16436 16437 6891)
4(6781 6892 16438 16327)
4(6891 16437 16438 6892)
4(6782 6893 16439 16328)
4(6892 16438 16439 6893)
4(6783 6894 16440 16329)
4(6893 16439 16440 6894)
4(6784 6895 16441 16330)
4(6894 16440 16441 6895)
4(6785 6896 16442 16331)
4(6895 16441 16442 6896)
4(6786 6897 16443 16332)
4(6896 16442 16443 6897)
4(6787 6898 16444 16333)
4(6897 16443 16444 6898)
4(6788 6899 16445 16334)
4(6898 16444 16445 6899)
4(6789 6900 16446 16335)
4(6899 16445 16446 6900)
4(6790 6901 16447 16336)
4(6900 16446 16447 6901)
4(6791 6902 16448 16337)
4(6901 16447 16448 6902)
4(6792 6903 16449 16338)
4(6902 16448 16449 6903)
4(6793 6904 16450 16339)
4(6903 16449 16450 6904)
4(6794 6905 16451 16340)
4(6904 16450 16451 6905)
4(6795 6906 16452 16341)
4(6905 16451 16452 6906)
4(6796 6907 16453 16342)
4(6906 16452 16453 6907)
4(6797 6908 16454 16343)
4(6907 16453 16454 6908)
4(6798 6909 16455 16344)
4(6908 16454 16455 6909)
4(6799 6910 16456 16345)
4(6909 16455 16456 6910)
4(6800 6911 16457 16346)
4(6910 16456 16457 6911)
4(6801 6912 16458 16347)
4(6911 16457 16458 6912)
4(6802 6913 16459 16348)
4(6912 16458 16459 6913)
4(6803 6914 16460 16349)
4(6913 16459 16460 6914)
4(6804 6915 16461 16350)
4(6914 16460 16461 6915)
4(6805 6916 16462 16351)
4(6915 16461 16462 6916)
4(6806 6917 16463 16352)
4(6916 16462 16463 6917)
4(6807 6918 16464 16353)
4(6917 16463 16464 6918)
4(6808 6919 16465 16354)
4(6918 16464 16465 6919)
4(6809 6920 16466 16355)
4(6919 16465 16466 6920)
4(6810 6921 16467 16356)
4(6920 16466 16467 6921)
4(6811 6922 16468 16357)
4(6921 16467 16468 6922)
4(6812 6923 16469 16358)
4(6922 16468 16469 6923)
4(6813 6924 16470 16359)
4(6923 16469 16470 6924)
4(6814 6925 16471 16360)
4(6924 16470 16471 6925)
4(6815 6926 16472 16361)
4(6925 16471 16472 6926)
4(6816 6927 16473 16362)
4(6926 16472 16473 6927)
4(6817 6928 16474 16363)
4(6927 16473 16474 6928)
4(6818 6929 16475 16364)
4(6928 16474 16475 6929)
4(6819 6930 16476 16365)
4(6929 16475 16476 6930)
4(6820 6931 16477 16366)
4(6930 16476 16477 6931)
4(6821 6932 16478 16367)
4(6931 16477 16478 6932)
4(6822 6933 16479 16368)
4(6932 16478 16479 6933)
4(6823 6934 16480 16369)
4(6933 16479 16480 6934)
4(6824 6935 16481 16370)
4(6934 16480 16481 6935)
4(6825 6936 16482 16371)
4(6935 16481 16482 6936)
4(6826 6937 16483 16372)
4(6936 16482 16483 6937)
4(6827 6938 16484 16373)
4(6937 16483 16484 6938)
4(6828 6939 16485 16374)
4(6938 16484 16485 6939)
4(6829 6940 16486 16375)
4(6939 16485 16486 6940)
4(6830 6941 16487 16376)
4(6940 16486 16487 6941)
4(6831 6942 16488 16377)
4(6941 16487 16488 6942)
4(6832 6943 16489 16378)
4(6942 16488 16489 6943)
4(6833 6944 16490 16379)
4(6943 16489 16490 6944)
4(6834 6945 16491 16380)
4(6944 16490 16491 6945)
4(6835 6946 16492 16381)
4(6945 16491 16492 6946)
4(6836 6947 16493 16382)
4(6946 16492 16493 6947)
4(6837 6948 16494 16383)
4(6947 16493 16494 6948)
4(6838 6949 16495 16384)
4(6948 16494 16495 6949)
4(6839 6950 16496 16385)
4(6949 16495 16496 6950)
4(6840 6951 16497 16386)
4(6950 16496 16497 6951)
4(6841 6952 16498 16387)
4(6951 16497 16498 6952)
4(6842 6953 16499 16388)
4(6952 16498 16499 6953)
4(6843 6954 16500 16389)
4(6953 16499 16500 6954)
4(6844 6955 16501 16390)
4(6954 16500 16501 6955)
4(6845 6956 16502 16391)
4(6955 16501 16502 6956)
4(6846 6957 16503 16392)
4(6956 16502 16503 6957)
4(6847 6958 16504 16393)
4(6957 16503 16504 6958)
4(6848 6959 16505 16394)
4(6958 16504 16505 6959)
4(6849 6960 16506 16395)
4(6959 16505 16506 6960)
4(6850 6961 16507 16396)
4(6960 16506 16507 6961)
4(6851 6962 16508 16397)
4(6961 16507 16508 6962)
4(6852 6963 16509 16398)
4(6962 16508 16509 6963)
4(6853 6964 16510 16399)
4(6963 16509 16510 6964)
4(6854 6965 16511 16400)
4(6964 16510 16511 6965)
4(6855 6966 16512 16401)
4(6965 16511 16512 6966)
4(6856 6967 16513 16402)
4(6966 16512 16513 6967)
4(6857 6968 16514 16403)
4(6967 16513 16514 6968)
4(6858 6969 16515 16404)
4(6968 16514 16515 6969)
4(6859 6970 16516 16405)
4(6969 16515 16516 6970)
4(6860 6971 16517 16406)
4(6970 16516 16517 6971)
4(6861 6972 16518 16407)
4(6971 16517 16518 6972)
4(6862 6973 16519 16408)
4(6972 16518 16519 6973)
4(6863 6974 16520 16409)
4(6973 16519 16520 6974)
4(6864 6975 16521 16410)
4(6974 16520 16521 6975)
4(6865 6976 16522 16411)
4(6975 16521 16522 6976)
4(6866 6977 16523 16412)
4(6976 16522 16523 6977)
4(6867 6978 16524 16413)
4(6977 16523 16524 6978)
4(6868 6979 16525 16414)
4(6978 16524 16525 6979)
4(6869 6980 16526 16415)
4(6979 16525 16526 6980)
4(6870 6981 16527 16416)
4(6980 16526 16527 6981)
4(6871 6982 16528 16417)
4(6981 16527 16528 6982)
4(6872 6983 16529 16418)
4(6982 16528 16529 6983)
4(6873 6984 16530 16419)
4(6983 16529 16530 6984)
4(6874 6985 16531 16420)
4(6984 16530 16531 6985)
4(6875 6986 16532 16421)
4(6985 16531 16532 6986)
4(6876 6987 16533 16422)
4(6986 16532 16533 6987)
4(6877 6988 16534 16423)
4(6987 16533 16534 6988)
4(6878 6989 16535 16424)
4(6988 16534 16535 6989)
4(6879 6990 16536 16425)
4(6989 16535 16536 6990)
4(6880 6991 16537 16426)
4(6990 16536 16537 6991)
4(6991 16537 16538 6992)
4(6883 6994 16540 16429)
4(6993 16539 16540 6994)
4(6884 6995 16541 16430)
4(6994 16540 16541 6995)
4(6885 6996 16542 16431)
4(6995 16541 16542 6996)
4(6886 6997 16543 16432)
4(6996 16542 16543 6997)
4(6887 6998 16544 16433)
4(6997 16543 16544 6998)
4(6888 6999 16545 16434)
4(6998 16544 16545 6999)
4(6889 7000 16546 16435)
4(6999 16545 16546 7000)
4(6890 7001 16547 16436)
4(7000 16546 16547 7001)
4(6891 7002 16548 16437)
4(7001 16547 16548 7002)
4(6892 7003 16549 16438)
4(7002 16548 16549 7003)
4(6893 7004 16550 16439)
4(7003 16549 16550 7004)
4(6894 7005 16551 16440)
4(7004 16550 16551 7005)
4(6895 7006 16552 16441)
4(7005 16551 16552 7006)
4(6896 7007 16553 16442)
4(7006 16552 16553 7007)
4(6897 7008 16554 16443)
4(7007 16553 16554 7008)
4(6898 7009 16555 16444)
4(7008 16554 16555 7009)
4(6899 7010 16556 16445)
4(7009 16555 16556 7010)
4(6900 7011 16557 16446)
4(7010 16556 16557 7011)
4(6901 7012 16558 16447)
4(7011 16557 16558 7012)
4(6902 7013 16559 16448)
4(7012 16558 16559 7013)
4(6903 7014 16560 16449)
4(7013 16559 16560 7014)
4(6904 7015 16561 16450)
4(7014 16560 16561 7015)
4(6905 7016 16562 16451)
4(7015 16561 16562 7016)
4(6906 7017 16563 16452)
4(7016 16562 16563 7017)
4(6907 7018 16564 16453)
4(7017 16563 16564 7018)
4(6908 7019 16565 16454)
4(7018 16564 16565 7019)
4(6909 7020 16566 16455)
4(7019 16565 16566 7020)
4(6910 7021 16567 16456)
4(7020 16566 16567 7021)
4(6911 7022 16568 16457)
4(7021 16567 16568 7022)
4(6912 7023 16569 16458)
4(7022 16568 16569 7023)
4(6913 7024 16570 16459)
4(7023 16569 16570 7024)
4(6914 7025 16571 16460)
4(7024 16570 16571 7025)
4(6915 7026 16572 16461)
4(7025 16571 16572 7026)
4(6916 7027 16573 16462)
4(7026 16572 16573 7027)
4(6917 7028 16574 16463)
4(7027 16573 16574 7028)
4(6918 7029 16575 16464)
4(7028 16574 16575 7029)
4(6919 7030 16576 16465)
4(7029 16575 16576 7030)
4(6920 7031 16577 16466)
4(7030 16576 16577 7031)
4(6921 7032 16578 16467)
4(7031 16577 16578 7032)
4(6922 7033 16579 16468)
4(7032 16578 16579 7033)
4(6923 7034 16580 16469)
4(7033 16579 16580 7034)
4(6924 7035 16581 16470)
4(7034 16580 16581 7035)
4(6925 7036 16582 16471)
4(7035 16581 16582 7036)
4(6926 7037 16583 16472)
4(7036 16582 16583 7037)
4(6927 7038 16584 16473)
4(7037 16583 16584 7038)
4(6928 7039 16585 16474)
4(7038 16584 16585 7039)
4(6929 7040 16586 16475)
4(7039 16585 16586 7040)
4(6930 7041 16587 16476)
4(7040 16586 16587 7041)
4(6931 7042 16588 16477)
4(7041 16587 16588 7042)
4(6932 7043 16589 16478)
4(7042 16588 16589 7043)
4(6933 7044 16590 16479)
4(7043 16589 16590 7044)
4(6934 7045 16591 16480)
4(7044 16590 16591 7045)
4(6935 7046 16592 16481)
4(7045 16591 16592 7046)
4(6936 7047 16593 16482)
4(7046 16592 16593 7047)
4(6937 7048 16594 16483)
4(7047 16593 16594 7048)
4(6938 7049 16595 16484)
4(7048 16594 16595 7049)
4(6939 7050 16596 16485)
4(7049 16595 16596 7050)
4(6940 7051 16597 16486)
4(7050 16596 16597 7051)
4(6941 7052 16598 16487)
4(7051 16597 16598 7052)
4(6942 7053 16599 16488)
4(7052 16598 16599 7053)
4(6943 7054 16600 16489)
4(7053 16599 16600 7054)
4(6944 7055 16601 16490)
4(7054 16600 16601 7055)
4(6945 7056 16602 16491)
4(7055 16601 16602 7056)
4(6946 7057 16603 16492)
4(7056 16602 16603 7057)
4(6947 7058 16604 16493)
4(7057 16603 16604 7058)
4(6948 7059 16605 16494)
4(7058 16604 16605 7059)
4(6949 7060 16606 16495)
4(7059 16605 16606 7060)
4(6950 7061 16607 16496)
4(7060 16606 16607 7061)
4(6951 7062 16608 16497)
4(7061 16607 16608 7062)
4(6952 7063 16609 16498)
4(7062 16608 16609 7063)
4(6953 7064 16610 16499)
4(7063 16609 16610 7064)
4(6954 7065 16611 16500)
4(7064 16610 16611 7065)
4(6955 7066 16612 16501)
4(7065 16611 16612 7066)
4(6956 7067 16613 16502)
4(7066 16612 16613 7067)
4(6957 7068 16614 16503)
4(7067 16613 16614 7068)
4(6958 7069 16615 16504)
4(7068 16614 16615 7069)
4(6959 7070 16616 16505)
4(7069 16615 16616 7070)
4(6960 7071 16617 16506)
4(7070 16616 16617 7071)
4(6961 7072 16618 16507)
4(7071 16617 16618 7072)
4(6962 7073 16619 16508)
4(7072 16618 16619 7073)
4(6963 7074 16620 16509)
4(7073 16619 16620 7074)
4(6964 7075 16621 16510)
4(7074 16620 16621 7075)
4(6965 7076 16622 16511)
4(7075 16621 16622 7076)
4(6966 7077 16623 16512)
4(7076 16622 16623 7077)
4(6967 7078 16624 16513)
4(7077 16623 16624 7078)
4(6968 7079 16625 16514)
4(7078 16624 16625 7079)
4(6969 7080 16626 16515)
4(7079 16625 16626 7080)
4(6970 7081 16627 16516)
4(7080 16626 16627 7081)
4(6971 7082 16628 16517)
4(7081 16627 16628 7082)
4(6972 7083 16629 16518)
4(7082 16628 16629 7083)
4(6973 7084 16630 16519)
4(7083 16629 16630 7084)
4(6974 7085 16631 16520)
4(7084 16630 16631 7085)
4(6975 7086 16632 16521)
4(7085 16631 16632 7086)
4(6976 7087 16633 16522)
4(7086 16632 16633 7087)
4(6977 7088 16634 16523)
4(7087 16633 16634 7088)
4(6978 7089 16635 16524)
4(7088 16634 16635 7089)
4(6979 7090 16636 16525)
4(7089 16635 16636 7090)
4(6980 7091 16637 16526)
4(7090 16636 16637 7091)
4(6981 7092 16638 16527)
4(7091 16637 16638 7092)
4(6982 7093 16639 16528)
4(7092 16638 16639 7093)
4(6983 7094 16640 16529)
4(7093 16639 16640 7094)
4(6984 7095 16641 16530)
4(7094 16640 16641 7095)
4(6985 7096 16642 16531)
4(7095 16641 16642 7096)
4(6986 7097 16643 16532)
4(7096 16642 16643 7097)
4(6987 7098 16644 16533)
4(7097 16643 16644 7098)
4(6988 7099 16645 16534)
4(7098 16644 16645 7099)
4(6989 7100 16646 16535)
4(7099 16645 16646 7100)
4(6990 7101 16647 16536)
4(7100 16646 16647 7101)
4(6991 7102 16648 16537)
4(7101 16647 16648 7102)
4(7102 16648 16649 7103)
4(6994 7105 16651 16540)
4(7104 16650 16651 7105)
4(6995 7106 16652 16541)
4(7105 16651 16652 7106)
4(6996 7107 16653 16542)
4(7106 16652 16653 7107)
4(6997 7108 16654 16543)
4(7107 16653 16654 7108)
4(6998 7109 16655 16544)
4(7108 16654 16655 7109)
4(6999 7110 16656 16545)
4(7109 16655 16656 7110)
4(7000 7111 16657 16546)
4(7110 16656 16657 7111)
4(7001 7112 16658 16547)
4(7111 16657 16658 7112)
4(7002 7113 16659 16548)
4(7112 16658 16659 7113)
4(7003 7114 16660 16549)
4(7113 16659 16660 7114)
4(7004 7115 16661 16550)
4(7114 16660 16661 7115)
4(7005 7116 16662 16551)
4(7115 16661 16662 7116)
4(7006 7117 16663 16552)
4(7116 16662 16663 7117)
4(7007 7118 16664 16553)
4(7117 16663 16664 7118)
4(7008 7119 16665 16554)
4(7118 16664 16665 7119)
4(7009 7120 16666 16555)
4(7119 16665 16666 7120)
4(7010 7121 16667 16556)
4(7120 16666 16667 7121)
4(7011 7122 16668 16557)
4(7121 16667 16668 7122)
4(7012 7123 16669 16558)
4(7122 16668 16669 7123)
4(7013 7124 16670 16559)
4(7123 16669 16670 7124)
4(7014 7125 16671 16560)
4(7124 16670 16671 7125)
4(7015 7126 16672 16561)
4(7125 16671 16672 7126)
4(7016 7127 16673 16562)
4(7126 16672 16673 7127)
4(7017 7128 16674 16563)
4(7127 16673 16674 7128)
4(7018 7129 16675 16564)
4(7128 16674 16675 7129)
4(7019 7130 16676 16565)
4(7129 16675 16676 7130)
4(7020 7131 16677 16566)
4(7130 16676 16677 7131)
4(7021 7132 16678 16567)
4(7131 16677 16678 7132)
4(7022 7133 16679 16568)
4(7132 16678 16679 7133)
4(7023 7134 16680 16569)
4(7133 16679 16680 7134)
4(7024 7135 16681 16570)
4(7134 16680 16681 7135)
4(7025 7136 16682 16571)
4(7135 16681 16682 7136)
4(7026 7137 16683 16572)
4(7136 16682 16683 7137)
4(7027 7138 16684 16573)
4(7137 16683 16684 7138)
4(7028 7139 16685 16574)
4(7138 16684 16685 7139)
4(7029 7140 16686 16575)
4(7139 16685 16686 7140)
4(7030 7141 16687 16576)
4(7140 16686 16687 7141)
4(7031 7142 16688 16577)
4(7141 16687 16688 7142)
4(7032 7143 16689 16578)
4(7142 16688 16689 7143)
4(7033 7144 16690 16579)
4(7143 16689 16690 7144)
4(7034 7145 16691 16580)
4(7144 16690 16691 7145)
4(7035 7146 16692 16581)
4(7145 16691 16692 7146)
4(7036 7147 16693 16582)
4(7146 16692 16693 7147)
4(7037 7148 16694 16583)
4(7147 16693 16694 7148)
4(7038 7149 16695 16584)
4(7148 16694 16695 7149)
4(7039 7150 16696 16585)
4(7149 16695 16696 7150)
4(7040 7151 16697 16586)
4(7150 16696 16697 7151)
4(7041 7152 16698 16587)
4(7151 16697 16698 7152)
4(7042 7153 16699 16588)
4(7152 16698 16699 7153)
4(7043 7154 16700 16589)
4(7153 16699 16700 7154)
4(7044 7155 16701 16590)
4(7154 16700 16701 7155)
4(7045 7156 16702 16591)
4(7155 16701 16702 7156)
4(7046 7157 16703 16592)
4(7156 16702 16703 7157)
4(7047 7158 16704 16593)
4(7157 16703 16704 7158)
4(7048 7159 16705 16594)
4(7158 16704 16705 7159)
4(7049 7160 16706 16595)
4(7159 16705 16706 7160)
4(7050 7161 16707 16596)
4(7160 16706 16707 7161)
4(7051 7162 16708 16597)
4(7161 16707 16708 7162)
4(7052 7163 16709 16598)
4(7162 16708 16709 7163)
4(7053 7164 16710 16599)
4(7163 16709 16710 7164)
4(7054 7165 16711 16600)
4(7164 16710 16711 7165)
4(7055 7166 16712 16601)
4(7165 16711 16712 7166)
4(7056 7167 16713 16602)
4(7166 16712 16713 7167)
4(7057 7168 16714 16603)
4(7167 16713 16714 7168)
4(7058 7169 16715 16604)
4(7168 16714 16715 7169)
4(7059 7170 16716 16605)
4(7169 16715 16716 7170)
4(7060 7171 16717 16606)
4(7170 16716 16717 7171)
4(7061 7172 16718 16607)
4(7171 16717 16718 7172)
4(7062 7173 16719 16608)
4(7172 16718 16719 7173)
4(7063 7174 16720 16609)
4(7173 16719 16720 7174)
4(7064 7175 16721 16610)
4(7174 16720 16721 7175)
4(7065 7176 16722 16611)
4(7175 16721 16722 7176)
4(7066 7177 16723 16612)
4(7176 16722 16723 7177)
4(7067 7178 16724 16613)
4(7177 16723 16724 7178)
4(7068 7179 16725 16614)
4(7178 16724 16725 7179)
4(7069 7180 16726 16615)
4(7179 16725 16726 7180)
4(7070 7181 16727 16616)
4(7180 16726 16727 7181)
4(7071 7182 16728 16617)
4(7181 16727 16728 7182)
4(7072 7183 16729 16618)
4(7182 16728 16729 7183)
4(7073 7184 16730 16619)
4(7183 16729 16730 7184)
4(7074 7185 16731 16620)
4(7184 16730 16731 7185)
4(7075 7186 16732 16621)
4(7185 16731 16732 7186)
4(7076 7187 16733 16622)
4(7186 16732 16733 7187)
4(7077 7188 16734 16623)
4(7187 16733 16734 7188)
4(7078 7189 16735 16624)
4(7188 16734 16735 7189)
4(7079 7190 16736 16625)
4(7189 16735 16736 7190)
4(7080 7191 16737 16626)
4(7190 16736 16737 7191)
4(7081 7192 16738 16627)
4(7191 16737 16738 7192)
4(7082 7193 16739 16628)
4(7192 16738 16739 7193)
4(7083 7194 16740 16629)
4(7193 16739 16740 7194)
4(7084 7195 16741 16630)
4(7194 16740 16741 7195)
4(7085 7196 16742 16631)
4(7195 16741 16742 7196)
4(7086 7197 16743 16632)
4(7196 16742 16743 7197)
4(7087 7198 16744 16633)
4(7197 16743 16744 7198)
4(7088 7199 16745 16634)
4(7198 16744 16745 7199)
4(7089 7200 16746 16635)
4(7199 16745 16746 7200)
4(7090 7201 16747 16636)
4(7200 16746 16747 7201)
4(7091 7202 16748 16637)
4(7201 16747 16748 7202)
4(7092 7203 16749 16638)
4(7202 16748 16749 7203)
4(7093 7204 16750 16639)
4(7203 16749 16750 7204)
4(7094 7205 16751 16640)
4(7204 16750 16751 7205)
4(7095 7206 16752 16641)
4(7205 16751 16752 7206)
4(7096 7207 16753 16642)
4(7206 16752 16753 7207)
4(7097 7208 16754 16643)
4(7207 16753 16754 7208)
4(7098 7209 16755 16644)
4(7208 16754 16755 7209)
4(7099 7210 16756 16645)
4(7209 16755 16756 7210)
4(7100 7211 16757 16646)
4(7210 16756 16757 7211)
4(7101 7212 16758 16647)
4(7211 16757 16758 7212)
4(7102 7213 16759 16648)
4(7212 16758 16759 7213)
4(7213 16759 16760 7214)
4(7105 7216 16762 16651)
4(7215 16761 16762 7216)
4(7106 7217 16763 16652)
4(7216 16762 16763 7217)
4(7107 7218 16764 16653)
4(7217 16763 16764 7218)
4(7108 7219 16765 16654)
4(7218 16764 16765 7219)
4(7109 7220 16766 16655)
4(7219 16765 16766 7220)
4(7110 7221 16767 16656)
4(7220 16766 16767 7221)
4(7111 7222 16768 16657)
4(7221 16767 16768 7222)
4(7112 7223 16769 16658)
4(7222 16768 16769 7223)
4(7113 7224 16770 16659)
4(7223 16769 16770 7224)
4(7114 7225 16771 16660)
4(7224 16770 16771 7225)
4(7115 7226 16772 16661)
4(7225 16771 16772 7226)
4(7116 7227 16773 16662)
4(7226 16772 16773 7227)
4(7117 7228 16774 16663)
4(7227 16773 16774 7228)
4(7118 7229 16775 16664)
4(7228 16774 16775 7229)
4(7119 7230 16776 16665)
4(7229 16775 16776 7230)
4(7120 7231 16777 16666)
4(7230 16776 16777 7231)
4(7121 7232 16778 16667)
4(7231 16777 16778 7232)
4(7122 7233 16779 16668)
4(7232 16778 16779 7233)
4(7123 7234 16780 16669)
4(7233 16779 16780 7234)
4(7124 7235 16781 16670)
4(7234 16780 16781 7235)
4(7125 7236 16782 16671)
4(7235 16781 16782 7236)
4(7126 7237 16783 16672)
4(7236 16782 16783 7237)
4(7127 7238 16784 16673)
4(7237 16783 16784 7238)
4(7128 7239 16785 16674)
4(7238 16784 16785 7239)
4(7129 7240 16786 16675)
4(7239 16785 16786 7240)
4(7130 7241 16787 16676)
4(7240 16786 16787 7241)
4(7131 7242 16788 16677)
4(7241 16787 16788 7242)
4(7132 7243 16789 16678)
4(7242 16788 16789 7243)
4(7133 7244 16790 16679)
4(7243 16789 16790 7244)
4(7134 7245 16791 16680)
4(7244 16790 16791 7245)
4(7135 7246 16792 16681)
4(7245 16791 16792 7246)
4(7136 7247 16793 16682)
4(7246 16792 16793 7247)
4(7137 7248 16794 16683)
4(7247 16793 16794 7248)
4(7138 7249 16795 16684)
4(7248 16794 16795 7249)
4(7139 7250 16796 16685)
4(7249 16795 16796 7250)
4(7140 7251 16797 16686)
4(7250 16796 16797 7251)
4(7141 7252 16798 16687)
4(7251 16797 16798 7252)
4(7142 7253 16799 16688)
4(7252 16798 16799 7253)
4(7143 7254 16800 16689)
4(7253 16799 16800 7254)
4(7144 7255 16801 16690)
4(7254 16800 16801 7255)
4(7145 7256 16802 16691)
4(7255 16801 16802 7256)
4(7146 7257 16803 16692)
4(7256 16802 16803 7257)
4(7147 7258 16804 16693)
4(7257 16803 16804 7258)
4(7148 7259 16805 16694)
4(7258 16804 16805 7259)
4(7149 7260 16806 16695)
4(7259 16805 16806 7260)
4(7150 7261 16807 16696)
4(7260 16806 16807 7261)
4(7151 7262 16808 16697)
4(7261 16807 16808 7262)
4(7152 7263 16809 16698)
4(7262 16808 16809 7263)
4(7153 7264 16810 16699)
4(7263 16809 16810 7264)
4(7154 7265 16811 16700)
4(7264 16810 16811 7265)
4(7155 7266 16812 16701)
4(7265 16811 16812 7266)
4(7156 7267 16813 16702)
4(7266 16812 16813 7267)
4(7157 7268 16814 16703)
4(7267 16813 16814 7268)
4(7158 7269 16815 16704)
4(7268 16814 16815 7269)
4(7159 7270 16816 16705)
4(7269 16815 16816 7270)
4(7160 7271 16817 16706)
4(7270 16816 16817 7271)
4(7161 7272 16818 16707)
4(7271 16817 16818 7272)
4(7162 7273 16819 16708)
4(7272 16818 16819 7273)
4(7163 7274 16820 16709)
4(7273 16819 16820 7274)
4(7164 7275 16821 16710)
4(7274 16820 16821 7275)
4(7165 7276 16822 16711)
4(7275 16821 16822 7276)
4(7166 7277 16823 16712)
4(7276 16822 16823 7277)
4(7167 7278 16824 16713)
4(7277 16823 16824 7278)
4(7168 7279 16825 16714)
4(7278 16824 16825 7279)
4(7169 7280 16826 16715)
4(7279 16825 16826 7280)
4(7170 7281 16827 16716)
4(7280 16826 16827 7281)
4(7171 7282 16828 16717)
4(7281 16827 16828 7282)
4(7172 7283 16829 16718)
4(7282 16828 16829 7283)
4(7173 7284 16830 16719)
4(7283 16829 16830 7284)
4(7174 7285 16831 16720)
4(7284 16830 16831 7285)
4(7175 7286 16832 16721)
4(7285 16831 16832 7286)
4(7176 7287 16833 16722)
4(7286 16832 16833 7287)
4(7177 7288 16834 16723)
4(7287 16833 16834 7288)
4(7178 7289 16835 16724)
4(7288 16834 16835 7289)
4(7179 7290 16836 16725)
4(7289 16835 16836 7290)
4(7180 7291 16837 16726)
4(7290 16836 16837 7291)
4(7181 7292 16838 16727)
4(7291 16837 16838 7292)
4(7182 7293 16839 16728)
4(7292 16838 16839 7293)
4(7183 7294 16840 16729)
4(7293 16839 16840 7294)
4(7184 7295 16841 16730)
4(7294 16840 16841 7295)
4(7185 7296 16842 16731)
4(7295 16841 16842 7296)
4(7186 7297 16843 16732)
4(7296 16842 16843 7297)
4(7187 7298 16844 16733)
4(7297 16843 16844 7298)
4(7188 7299 16845 16734)
4(7298 16844 16845 7299)
4(7189 7300 16846 16735)
4(7299 16845 16846 7300)
4(7190 7301 16847 16736)
4(7300 16846 16847 7301)
4(7191 7302 16848 16737)
4(7301 16847 16848 7302)
4(7192 7303 16849 16738)
4(7302 16848 16849 7303)
4(7193 7304 16850 16739)
4(7303 16849 16850 7304)
4(7194 7305 16851 16740)
4(7304 16850 16851 7305)
4(7195 7306 16852 16741)
4(7305 16851 16852 7306)
4(7196 7307 16853 16742)
4(7306 16852 16853 7307)
4(7197 7308 16854 16743)
4(7307 16853 16854 7308)
4(7198 7309 16855 16744)
4(7308 16854 16855 7309)
4(7199 7310 16856 16745)
4(7309 16855 16856 7310)
4(7200 7311 16857 16746)
4(7310 16856 16857 7311)
4(7201 7312 16858 16747)
4(7311 16857 16858 7312)
4(7202 7313 16859 16748)
4(7312 16858 16859 7313)
4(7203 7314 16860 16749)
4(7313 16859 16860 7314)
4(7204 7315 16861 16750)
4(7314 16860 16861 7315)
4(7205 7316 16862 16751)
4(7315 16861 16862 7316)
4(7206 7317 16863 16752)
4(7316 16862 16863 7317)
4(7207 7318 16864 16753)
4(7317 16863 16864 7318)
4(7208 7319 16865 16754)
4(7318 16864 16865 7319)
4(7209 7320 16866 16755)
4(7319 16865 16866 7320)
4(7210 7321 16867 16756)
4(7320 16866 16867 7321)
4(7211 7322 16868 16757)
4(7321 16867 16868 7322)
4(7212 7323 16869 16758)
4(7322 16868 16869 7323)
4(7213 7324 16870 16759)
4(7323 16869 16870 7324)
4(7324 16870 16871 7325)
4(7216 7327 16873 16762)
4(7326 16872 16873 7327)
4(7217 7328 16874 16763)
4(7327 16873 16874 7328)
4(7218 7329 16875 16764)
4(7328 16874 16875 7329)
4(7219 7330 16876 16765)
4(7329 16875 16876 7330)
4(7220 7331 16877 16766)
4(7330 16876 16877 7331)
4(7221 7332 16878 16767)
4(7331 16877 16878 7332)
4(7222 7333 16879 16768)
4(7332 16878 16879 7333)
4(7223 7334 16880 16769)
4(7333 16879 16880 7334)
4(7224 7335 16881 16770)
4(7334 16880 16881 7335)
4(7225 7336 16882 16771)
4(7335 16881 16882 7336)
4(7226 7337 16883 16772)
4(7336 16882 16883 7337)
4(7227 7338 16884 16773)
4(7337 16883 16884 7338)
4(7228 7339 16885 16774)
4(7338 16884 16885 7339)
4(7229 7340 16886 16775)
4(7339 16885 16886 7340)
4(7230 7341 16887 16776)
4(7340 16886 16887 7341)
4(7231 7342 16888 16777)
4(7341 16887 16888 7342)
4(7232 7343 16889 16778)
4(7342 16888 16889 7343)
4(7233 7344 16890 16779)
4(7343 16889 16890 7344)
4(7234 7345 16891 16780)
4(7344 16890 16891 7345)
4(7235 7346 16892 16781)
4(7345 16891 16892 7346)
4(7236 7347 16893 16782)
4(7346 16892 16893 7347)
4(7237 7348 16894 16783)
4(7347 16893 16894 7348)
4(7238 7349 16895 16784)
4(7348 16894 16895 7349)
4(7239 7350 16896 16785)
4(7349 16895 16896 7350)
4(7240 7351 16897 16786)
4(7350 16896 16897 7351)
4(7241 7352 16898 16787)
4(7351 16897 16898 7352)
4(7242 7353 16899 16788)
4(7352 16898 16899 7353)
4(7243 7354 16900 16789)
4(7353 16899 16900 7354)
4(7244 7355 16901 16790)
4(7354 16900 16901 7355)
4(7245 7356 16902 16791)
4(7355 16901 16902 7356)
4(7246 7357 16903 16792)
4(7356 16902 16903 7357)
4(7247 7358 16904 16793)
4(7357 16903 16904 7358)
4(7248 7359 16905 16794)
4(7358 16904 16905 7359)
4(7249 7360 16906 16795)
4(7359 16905 16906 7360)
4(7250 7361 16907 16796)
4(7360 16906 16907 7361)
4(7251 7362 16908 16797)
4(7361 16907 16908 7362)
4(7252 7363 16909 16798)
4(7362 16908 16909 7363)
4(7253 7364 16910 16799)
4(7363 16909 16910 7364)
4(7254 7365 16911 16800)
4(7364 16910 16911 7365)
4(7255 7366 16912 16801)
4(7365 16911 16912 7366)
4(7256 7367 16913 16802)
4(7366 16912 16913 7367)
4(7257 7368 16914 16803)
4(7367 16913 16914 7368)
4(7258 7369 16915 16804)
4(7368 16914 16915 7369)
4(7259 7370 16916 16805)
4(7369 16915 16916 7370)
4(7260 7371 16917 16806)
4(7370 16916 16917 7371)
4(7261 7372 16918 16807)
4(7371 16917 16918 7372)
4(7262 7373 16919 16808)
4(7372 16918 16919 7373)
4(7263 7374 16920 16809)
4(7373 16919 16920 7374)
4(7264 7375 16921 16810)
4(7374 16920 16921 7375)
4(7265 7376 16922 16811)
4(7375 16921 16922 7376)
4(7266 7377 16923 16812)
4(7376 16922 16923 7377)
4(7267 7378 16924 16813)
4(7377 16923 16924 7378)
4(7268 7379 16925 16814)
4(7378 16924 16925 7379)
4(7269 7380 16926 16815)
4(7379 16925 16926 7380)
4(7270 7381 16927 16816)
4(7380 16926 16927 7381)
4(7271 7382 16928 16817)
4(7381 16927 16928 7382)
4(7272 7383 16929 16818)
4(7382 16928 16929 7383)
4(7273 7384 16930 16819)
4(7383 16929 16930 7384)
4(7274 7385 16931 16820)
4(7384 16930 16931 7385)
4(7275 7386 16932 16821)
4(7385 16931 16932 7386)
4(7276 7387 16933 16822)
4(7386 16932 16933 7387)
4(7277 7388 16934 16823)
4(7387 16933 16934 7388)
4(7278 7389 16935 16824)
4(7388 16934 16935 7389)
4(7279 7390 16936 16825)
4(7389 16935 16936 7390)
4(7280 7391 16937 16826)
4(7390 16936 16937 7391)
4(7281 7392 16938 16827)
4(7391 16937 16938 7392)
4(7282 7393 16939 16828)
4(7392 16938 16939 7393)
4(7283 7394 16940 16829)
4(7393 16939 16940 7394)
4(7284 7395 16941 16830)
4(7394 16940 16941 7395)
4(7285 7396 16942 16831)
4(7395 16941 16942 7396)
4(7286 7397 16943 16832)
4(7396 16942 16943 7397)
4(7287 7398 16944 16833)
4(7397 16943 16944 7398)
4(7288 7399 16945 16834)
4(7398 16944 16945 7399)
4(7289 7400 16946 16835)
4(7399 16945 16946 7400)
4(7290 7401 16947 16836)
4(7400 16946 16947 7401)
4(7291 7402 16948 16837)
4(7401 16947 16948 7402)
4(7292 7403 16949 16838)
4(7402 16948 16949 7403)
4(7293 7404 16950 16839)
4(7403 16949 16950 7404)
4(7294 7405 16951 16840)
4(7404 16950 16951 7405)
4(7295 7406 16952 16841)
4(7405 16951 16952 7406)
4(7296 7407 16953 16842)
4(7406 16952 16953 7407)
4(7297 7408 16954 16843)
4(7407 16953 16954 7408)
4(7298 7409 16955 16844)
4(7408 16954 16955 7409)
4(7299 7410 16956 16845)
4(7409 16955 16956 7410)
4(7300 7411 16957 16846)
4(7410 16956 16957 7411)
4(7301 7412 16958 16847)
4(7411 16957 16958 7412)
4(7302 7413 16959 16848)
4(7412 16958 16959 7413)
4(7303 7414 16960 16849)
4(7413 16959 16960 7414)
4(7304 7415 16961 16850)
4(7414 16960 16961 7415)
4(7305 7416 16962 16851)
4(7415 16961 16962 7416)
4(7306 7417 16963 16852)
4(7416 16962 16963 7417)
4(7307 7418 16964 16853)
4(7417 16963 16964 7418)
4(7308 7419 16965 16854)
4(7418 16964 16965 7419)
4(7309 7420 16966 16855)
4(7419 16965 16966 7420)
4(7310 7421 16967 16856)
4(7420 16966 16967 7421)
4(7311 7422 16968 16857)
4(7421 16967 16968 7422)
4(7312 7423 16969 16858)
4(7422 16968 16969 7423)
4(7313 7424 16970 16859)
4(7423 16969 16970 7424)
4(7314 7425 16971 16860)
4(7424 16970 16971 7425)
4(7315 7426 16972 16861)
4(7425 16971 16972 7426)
4(7316 7427 16973 16862)
4(7426 16972 16973 7427)
4(7317 7428 16974 16863)
4(7427 16973 16974 7428)
4(7318 7429 16975 16864)
4(7428 16974 16975 7429)
4(7319 7430 16976 16865)
4(7429 16975 16976 7430)
4(7320 7431 16977 16866)
4(7430 16976 16977 7431)
4(7321 7432 16978 16867)
4(7431 16977 16978 7432)
4(7322 7433 16979 16868)
4(7432 16978 16979 7433)
4(7323 7434 16980 16869)
4(7433 16979 16980 7434)
4(7324 7435 16981 16870)
4(7434 16980 16981 7435)
4(7435 16981 16982 7436)
4(7327 7438 16984 16873)
4(7437 16983 16984 7438)
4(7328 7439 16985 16874)
4(7438 16984 16985 7439)
4(7329 7440 16986 16875)
4(7439 16985 16986 7440)
4(7330 7441 16987 16876)
4(7440 16986 16987 7441)
4(7331 7442 16988 16877)
4(7441 16987 16988 7442)
4(7332 7443 16989 16878)
4(7442 16988 16989 7443)
4(7333 7444 16990 16879)
4(7443 16989 16990 7444)
4(7334 7445 16991 16880)
4(7444 16990 16991 7445)
4(7335 7446 16992 16881)
4(7445 16991 16992 7446)
4(7336 7447 16993 16882)
4(7446 16992 16993 7447)
4(7337 7448 16994 16883)
4(7447 16993 16994 7448)
4(7338 7449 16995 16884)
4(7448 16994 16995 7449)
4(7339 7450 16996 16885)
4(7449 16995 16996 7450)
4(7340 7451 16997 16886)
4(7450 16996 16997 7451)
4(7341 7452 16998 16887)
4(7451 16997 16998 7452)
4(7342 7453 16999 16888)
4(7452 16998 16999 7453)
4(7343 7454 17000 16889)
4(7453 16999 17000 7454)
4(7344 7455 17001 16890)
4(7454 17000 17001 7455)
4(7345 7456 17002 16891)
4(7455 17001 17002 7456)
4(7346 7457 17003 16892)
4(7456 17002 17003 7457)
4(7347 7458 17004 16893)
4(7457 17003 17004 7458)
4(7348 7459 17005 16894)
4(7458 17004 17005 7459)
4(7349 7460 17006 16895)
4(7459 17005 17006 7460)
4(7350 7461 17007 16896)
4(7460 17006 17007 7461)
4(7351 7462 17008 16897)
4(7461 17007 17008 7462)
4(7352 7463 17009 16898)
4(7462 17008 17009 7463)
4(7353 7464 17010 16899)
4(7463 17009 17010 7464)
4(7354 7465 17011 16900)
4(7464 17010 17011 7465)
4(7355 7466 17012 16901)
4(7465 17011 17012 7466)
4(7356 7467 17013 16902)
4(7466 17012 17013 7467)
4(7357 7468 17014 16903)
4(7467 17013 17014 7468)
4(7358 7469 17015 16904)
4(7468 17014 17015 7469)
4(7359 7470 17016 16905)
4(7469 17015 17016 7470)
4(7360 7471 17017 16906)
4(7470 17016 17017 7471)
4(7361 7472 17018 16907)
4(7471 17017 17018 7472)
4(7362 7473 17019 16908)
4(7472 17018 17019 7473)
4(7363 7474 17020 16909)
4(7473 17019 17020 7474)
4(7364 7475 17021 16910)
4(7474 17020 17021 7475)
4(7365 7476 17022 16911)
4(7475 17021 17022 7476)
4(7366 7477 17023 16912)
4(7476 17022 17023 7477)
4(7367 7478 17024 16913)
4(7477 17023 17024 7478)
4(7368 7479 17025 16914)
4(7478 17024 17025 7479)
4(7369 7480 17026 16915)
4(7479 17025 17026 7480)
4(7370 7481 17027 16916)
4(7480 17026 17027 7481)
4(7371 7482 17028 16917)
4(7481 17027 17028 7482)
4(7372 7483 17029 16918)
4(7482 17028 17029 7483)
4(7373 7484 17030 16919)
4(7483 17029 17030 7484)
4(7374 7485 17031 16920)
4(7484 17030 17031 7485)
4(7375 7486 17032 16921)
4(7485 17031 17032 7486)
4(7376 7487 17033 16922)
4(7486 17032 17033 7487)
4(7377 7488 17034 16923)
4(7487 17033 17034 7488)
4(7378 7489 17035 16924)
4(7488 17034 17035 7489)
4(7379 7490 17036 16925)
4(7489 17035 17036 7490)
4(7380 7491 17037 16926)
4(7490 17036 17037 7491)
4(7381 7492 17038 16927)
4(7491 17037 17038 7492)
4(7382 7493 17039 16928)
4(7492 17038 17039 7493)
4(7383 7494 17040 16929)
4(7493 17039 17040 7494)
4(7384 7495 17041 16930)
4(7494 17040 17041 7495)
4(7385 7496 17042 16931)
4(7495 17041 17042 7496)
4(7386 7497 17043 16932)
4(7496 17042 17043 7497)
4(7387 7498 17044 16933)
4(7497 17043 17044 7498)
4(7388 7499 17045 16934)
4(7498 17044 17045 7499)
4(7389 7500 17046 16935)
4(7499 17045 17046 7500)
4(7390 7501 17047 16936)
4(7500 17046 17047 7501)
4(7391 7502 17048 16937)
4(7501 17047 17048 7502)
4(7392 7503 17049 16938)
4(7502 17048 17049 7503)
4(7393 7504 17050 16939)
4(7503 17049 17050 7504)
4(7394 7505 17051 16940)
4(7504 17050 17051 7505)
4(7395 7506 17052 16941)
4(7505 17051 17052 7506)
4(7396 7507 17053 16942)
4(7506 17052 17053 7507)
4(7397 7508 17054 16943)
4(7507 17053 17054 7508)
4(7398 7509 17055 16944)
4(7508 17054 17055 7509)
4(7399 7510 17056 16945)
4(7509 17055 17056 7510)
4(7400 7511 17057 16946)
4(7510 17056 17057 7511)
4(7401 7512 17058 16947)
4(7511 17057 17058 7512)
4(7402 7513 17059 16948)
4(7512 17058 17059 7513)
4(7403 7514 17060 16949)
4(7513 17059 17060 7514)
4(7404 7515 17061 16950)
4(7514 17060 17061 7515)
4(7405 7516 17062 16951)
4(7515 17061 17062 7516)
4(7406 7517 17063 16952)
4(7516 17062 17063 7517)
4(7407 7518 17064 16953)
4(7517 17063 17064 7518)
4(7408 7519 17065 16954)
4(7518 17064 17065 7519)
4(7409 7520 17066 16955)
4(7519 17065 17066 7520)
4(7410 7521 17067 16956)
4(7520 17066 17067 7521)
4(7411 7522 17068 16957)
4(7521 17067 17068 7522)
4(7412 7523 17069 16958)
4(7522 17068 17069 7523)
4(7413 7524 17070 16959)
4(7523 17069 17070 7524)
4(7414 7525 17071 16960)
4(7524 17070 17071 7525)
4(7415 7526 17072 16961)
4(7525 17071 17072 7526)
4(7416 7527 17073 16962)
4(7526 17072 17073 7527)
4(7417 7528 17074 16963)
4(7527 17073 17074 7528)
4(7418 7529 17075 16964)
4(7528 17074 17075 7529)
4(7419 7530 17076 16965)
4(7529 17075 17076 7530)
4(7420 7531 17077 16966)
4(7530 17076 17077 7531)
4(7421 7532 17078 16967)
4(7531 17077 17078 7532)
4(7422 7533 17079 16968)
4(7532 17078 17079 7533)
4(7423 7534 17080 16969)
4(7533 17079 17080 7534)
4(7424 7535 17081 16970)
4(7534 17080 17081 7535)
4(7425 7536 17082 16971)
4(7535 17081 17082 7536)
4(7426 7537 17083 16972)
4(7536 17082 17083 7537)
4(7427 7538 17084 16973)
4(7537 17083 17084 7538)
4(7428 7539 17085 16974)
4(7538 17084 17085 7539)
4(7429 7540 17086 16975)
4(7539 17085 17086 7540)
4(7430 7541 17087 16976)
4(7540 17086 17087 7541)
4(7431 7542 17088 16977)
4(7541 17087 17088 7542)
4(7432 7543 17089 16978)
4(7542 17088 17089 7543)
4(7433 7544 17090 16979)
4(7543 17089 17090 7544)
4(7434 7545 17091 16980)
4(7544 17090 17091 7545)
4(7435 7546 17092 16981)
4(7545 17091 17092 7546)
4(7546 17092 17093 7547)
4(7438 7549 17095 16984)
4(7548 17094 17095 7549)
4(7439 7550 17096 16985)
4(7549 17095 17096 7550)
4(7440 7551 17097 16986)
4(7550 17096 17097 7551)
4(7441 7552 17098 16987)
4(7551 17097 17098 7552)
4(7442 7553 17099 16988)
4(7552 17098 17099 7553)
4(7443 7554 17100 16989)
4(7553 17099 17100 7554)
4(7444 7555 17101 16990)
4(7554 17100 17101 7555)
4(7445 7556 17102 16991)
4(7555 17101 17102 7556)
4(7446 7557 17103 16992)
4(7556 17102 17103 7557)
4(7447 7558 17104 16993)
4(7557 17103 17104 7558)
4(7448 7559 17105 16994)
4(7558 17104 17105 7559)
4(7449 7560 17106 16995)
4(7559 17105 17106 7560)
4(7450 7561 17107 16996)
4(7560 17106 17107 7561)
4(7451 7562 17108 16997)
4(7561 17107 17108 7562)
4(7452 7563 17109 16998)
4(7562 17108 17109 7563)
4(7453 7564 17110 16999)
4(7563 17109 17110 7564)
4(7454 7565 17111 17000)
4(7564 17110 17111 7565)
4(7455 7566 17112 17001)
4(7565 17111 17112 7566)
4(7456 7567 17113 17002)
4(7566 17112 17113 7567)
4(7457 7568 17114 17003)
4(7567 17113 17114 7568)
4(7458 7569 17115 17004)
4(7568 17114 17115 7569)
4(7459 7570 17116 17005)
4(7569 17115 17116 7570)
4(7460 7571 17117 17006)
4(7570 17116 17117 7571)
4(7461 7572 17118 17007)
4(7571 17117 17118 7572)
4(7462 7573 17119 17008)
4(7572 17118 17119 7573)
4(7463 7574 17120 17009)
4(7573 17119 17120 7574)
4(7464 7575 17121 17010)
4(7574 17120 17121 7575)
4(7465 7576 17122 17011)
4(7575 17121 17122 7576)
4(7466 7577 17123 17012)
4(7576 17122 17123 7577)
4(7467 7578 17124 17013)
4(7577 17123 17124 7578)
4(7468 7579 17125 17014)
4(7578 17124 17125 7579)
4(7469 7580 17126 17015)
4(7579 17125 17126 7580)
4(7470 7581 17127 17016)
4(7580 17126 17127 7581)
4(7471 7582 17128 17017)
4(7581 17127 17128 7582)
4(7472 7583 17129 17018)
4(7582 17128 17129 7583)
4(7473 7584 17130 17019)
4(7583 17129 17130 7584)
4(7474 7585 17131 17020)
4(7584 17130 17131 7585)
4(7475 7586 17132 17021)
4(7585 17131 17132 7586)
4(7476 7587 17133 17022)
4(7586 17132 17133 7587)
4(7477 7588 17134 17023)
4(7587 17133 17134 7588)
4(7478 7589 17135 17024)
4(7588 17134 17135 7589)
4(7479 7590 17136 17025)
4(7589 17135 17136 7590)
4(7480 7591 17137 17026)
4(7590 17136 17137 7591)
4(7481 7592 17138 17027)
4(7591 17137 17138 7592)
4(7482 7593 17139 17028)
4(7592 17138 17139 7593)
4(7483 7594 17140 17029)
4(7593 17139 17140 7594)
4(7484 7595 17141 17030)
4(7594 17140 17141 7595)
4(7485 7596 17142 17031)
4(7595 17141 17142 7596)
4(7486 7597 17143 17032)
4(7596 17142 17143 7597)
4(7487 7598 17144 17033)
4(7597 17143 17144 7598)
4(7488 7599 17145 17034)
4(7598 17144 17145 7599)
4(7489 7600 17146 17035)
4(7599 17145 17146 7600)
4(7490 7601 17147 17036)
4(7600 17146 17147 7601)
4(7491 7602 17148 17037)
4(7601 17147 17148 7602)
4(7492 7603 17149 17038)
4(7602 17148 17149 7603)
4(7493 7604 17150 17039)
4(7603 17149 17150 7604)
4(7494 7605 17151 17040)
4(7604 17150 17151 7605)
4(7495 7606 17152 17041)
4(7605 17151 17152 7606)
4(7496 7607 17153 17042)
4(7606 17152 17153 7607)
4(7497 7608 17154 17043)
4(7607 17153 17154 7608)
4(7498 7609 17155 17044)
4(7608 17154 17155 7609)
4(7499 7610 17156 17045)
4(7609 17155 17156 7610)
4(7500 7611 17157 17046)
4(7610 17156 17157 7611)
4(7501 7612 17158 17047)
4(7611 17157 17158 7612)
4(7502 7613 17159 17048)
4(7612 17158 17159 7613)
4(7503 7614 17160 17049)
4(7613 17159 17160 7614)
4(7504 7615 17161 17050)
4(7614 17160 17161 7615)
4(7505 7616 17162 17051)
4(7615 17161 17162 7616)
4(7506 7617 17163 17052)
4(7616 17162 17163 7617)
4(7507 7618 17164 17053)
4(7617 17163 17164 7618)
4(7508 7619 17165 17054)
4(7618 17164 17165 7619)
4(7509 7620 17166 17055)
4(7619 17165 17166 7620)
4(7510 7621 17167 17056)
4(7620 17166 17167 7621)
4(7511 7622 17168 17057)
4(7621 17167 17168 7622)
4(7512 7623 17169 17058)
4(7622 17168 17169 7623)
4(7513 7624 17170 17059)
4(7623 17169 17170 7624)
4(7514 7625 17171 17060)
4(7624 17170 17171 7625)
4(7515 7626 17172 17061)
4(7625 17171 17172 7626)
4(7516 7627 17173 17062)
4(7626 17172 17173 7627)
4(7517 7628 17174 17063)
4(7627 17173 17174 7628)
4(7518 7629 17175 17064)
4(7628 17174 17175 7629)
4(7519 7630 17176 17065)
4(7629 17175 17176 7630)
4(7520 7631 17177 17066)
4(7630 17176 17177 7631)
4(7521 7632 17178 17067)
4(7631 17177 17178 7632)
4(7522 7633 17179 17068)
4(7632 17178 17179 7633)
4(7523 7634 17180 17069)
4(7633 17179 17180 7634)
4(7524 7635 17181 17070)
4(7634 17180 17181 7635)
4(7525 7636 17182 17071)
4(7635 17181 17182 7636)
4(7526 7637 17183 17072)
4(7636 17182 17183 7637)
4(7527 7638 17184 17073)
4(7637 17183 17184 7638)
4(7528 7639 17185 17074)
4(7638 17184 17185 7639)
4(7529 7640 17186 17075)
4(7639 17185 17186 7640)
4(7530 7641 17187 17076)
4(7640 17186 17187 7641)
4(7531 7642 17188 17077)
4(7641 17187 17188 7642)
4(7532 7643 17189 17078)
4(7642 17188 17189 7643)
4(7533 7644 17190 17079)
4(7643 17189 17190 7644)
4(7534 7645 17191 17080)
4(7644 17190 17191 7645)
4(7535 7646 17192 17081)
4(7645 17191 17192 7646)
4(7536 7647 17193 17082)
4(7646 17192 17193 7647)
4(7537 7648 17194 17083)
4(7647 17193 17194 7648)
4(7538 7649 17195 17084)
4(7648 17194 17195 7649)
4(7539 7650 17196 17085)
4(7649 17195 17196 7650)
4(7540 7651 17197 17086)
4(7650 17196 17197 7651)
4(7541 7652 17198 17087)
4(7651 17197 17198 7652)
4(7542 7653 17199 17088)
4(7652 17198 17199 7653)
4(7543 7654 17200 17089)
4(7653 17199 17200 7654)
4(7544 7655 17201 17090)
4(7654 17200 17201 7655)
4(7545 7656 17202 17091)
4(7655 17201 17202 7656)
4(7546 7657 17203 17092)
4(7656 17202 17203 7657)
4(7657 17203 17204 7658)
4(7549 7660 17206 17095)
4(7659 17205 17206 7660)
4(7550 7661 17207 17096)
4(7660 17206 17207 7661)
4(7551 7662 17208 17097)
4(7661 17207 17208 7662)
4(7552 7663 17209 17098)
4(7662 17208 17209 7663)
4(7553 7664 17210 17099)
4(7663 17209 17210 7664)
4(7554 7665 17211 17100)
4(7664 17210 17211 7665)
4(7555 7666 17212 17101)
4(7665 17211 17212 7666)
4(7556 7667 17213 17102)
4(7666 17212 17213 7667)
4(7557 7668 17214 17103)
4(7667 17213 17214 7668)
4(7558 7669 17215 17104)
4(7668 17214 17215 7669)
4(7559 7670 17216 17105)
4(7669 17215 17216 7670)
4(7560 7671 17217 17106)
4(7670 17216 17217 7671)
4(7561 7672 17218 17107)
4(7671 17217 17218 7672)
4(7562 7673 17219 17108)
4(7672 17218 17219 7673)
4(7563 7674 17220 17109)
4(7673 17219 17220 7674)
4(7564 7675 17221 17110)
4(7674 17220 17221 7675)
4(7565 7676 17222 17111)
4(7675 17221 17222 7676)
4(7566 7677 17223 17112)
4(7676 17222 17223 7677)
4(7567 7678 17224 17113)
4(7677 17223 17224 7678)
4(7568 7679 17225 17114)
4(7678 17224 17225 7679)
4(7569 7680 17226 17115)
4(7679 17225 17226 7680)
4(7570 7681 17227 17116)
4(7680 17226 17227 7681)
4(7571 7682 17228 17117)
4(7681 17227 17228 7682)
4(7572 7683 17229 17118)
4(7682 17228 17229 7683)
4(7573 7684 17230 17119)
4(7683 17229 17230 7684)
4(7574 7685 17231 17120)
4(7684 17230 17231 7685)
4(7575 7686 17232 17121)
4(7685 17231 17232 7686)
4(7576 7687 17233 17122)
4(7686 17232 17233 7687)
4(7577 7688 17234 17123)
4(7687 17233 17234 7688)
4(7578 7689 17235 17124)
4(7688 17234 17235 7689)
4(7579 7690 17236 17125)
4(7689 17235 17236 7690)
4(7580 7691 17237 17126)
4(7690 17236 17237 7691)
4(7581 7692 17238 17127)
4(7691 17237 17238 7692)
4(7582 7693 17239 17128)
4(7692 17238 17239 7693)
4(7583 7694 17240 17129)
4(7693 17239 17240 7694)
4(7584 7695 17241 17130)
4(7694 17240 17241 7695)
4(7585 7696 17242 17131)
4(7695 17241 17242 7696)
4(7586 7697 17243 17132)
4(7696 17242 17243 7697)
4(7587 7698 17244 17133)
4(7697 17243 17244 7698)
4(7588 7699 17245 17134)
4(7698 17244 17245 7699)
4(7589 7700 17246 17135)
4(7699 17245 17246 7700)
4(7590 7701 17247 17136)
4(7700 17246 17247 7701)
4(7591 7702 17248 17137)
4(7701 17247 17248 7702)
4(7592 7703 17249 17138)
4(7702 17248 17249 7703)
4(7593 7704 17250 17139)
4(7703 17249 17250 7704)
4(7594 7705 17251 17140)
4(7704 17250 17251 7705)
4(7595 7706 17252 17141)
4(7705 17251 17252 7706)
4(7596 7707 17253 17142)
4(7706 17252 17253 7707)
4(7597 7708 17254 17143)
4(7707 17253 17254 7708)
4(7598 7709 17255 17144)
4(7708 17254 17255 7709)
4(7599 7710 17256 17145)
4(7709 17255 17256 7710)
4(7600 7711 17257 17146)
4(7710 17256 17257 7711)
4(7601 7712 17258 17147)
4(7711 17257 17258 7712)
4(7602 7713 17259 17148)
4(7712 17258 17259 7713)
4(7603 7714 17260 17149)
4(7713 17259 17260 7714)
4(7604 7715 17261 17150)
4(7714 17260 17261 7715)
4(7605 7716 17262 17151)
4(7715 17261 17262 7716)
4(7606 7717 17263 17152)
4(7716 17262 17263 7717)
4(7607 7718 17264 17153)
4(7717 17263 17264 7718)
4(7608 7719 17265 17154)
4(7718 17264 17265 7719)
4(7609 7720 17266 17155)
4(7719 17265 17266 7720)
4(7610 7721 17267 17156)
4(7720 17266 17267 7721)
4(7611 7722 17268 17157)
4(7721 17267 17268 7722)
4(7612 7723 17269 17158)
4(7722 17268 17269 7723)
4(7613 7724 17270 17159)
4(7723 17269 17270 7724)
4(7614 7725 17271 17160)
4(7724 17270 17271 7725)
4(7615 7726 17272 17161)
4(7725 17271 17272 7726)
4(7616 7727 17273 17162)
4(7726 17272 17273 7727)
4(7617 7728 17274 17163)
4(7727 17273 17274 7728)
4(7618 7729 17275 17164)
4(7728 17274 17275 7729)
4(7619 7730 17276 17165)
4(7729 17275 17276 7730)
4(7620 7731 17277 17166)
4(7730 17276 17277 7731)
4(7621 7732 17278 17167)
4(7731 17277 17278 7732)
4(7622 7733 17279 17168)
4(7732 17278 17279 7733)
4(7623 7734 17280 17169)
4(7733 17279 17280 7734)
4(7624 7735 17281 17170)
4(7734 17280 17281 7735)
4(7625 7736 17282 17171)
4(7735 17281 17282 7736)
4(7626 7737 17283 17172)
4(7736 17282 17283 7737)
4(7627 7738 17284 17173)
4(7737 17283 17284 7738)
4(7628 7739 17285 17174)
4(7738 17284 17285 7739)
4(7629 7740 17286 17175)
4(7739 17285 17286 7740)
4(7630 7741 17287 17176)
4(7740 17286 17287 7741)
4(7631 7742 17288 17177)
4(7741 17287 17288 7742)
4(7632 7743 17289 17178)
4(7742 17288 17289 7743)
4(7633 7744 17290 17179)
4(7743 17289 17290 7744)
4(7634 7745 17291 17180)
4(7744 17290 17291 7745)
4(7635 7746 17292 17181)
4(7745 17291 17292 7746)
4(7636 7747 17293 17182)
4(7746 17292 17293 7747)
4(7637 7748 17294 17183)
4(7747 17293 17294 7748)
4(7638 7749 17295 17184)
4(7748 17294 17295 7749)
4(7639 7750 17296 17185)
4(7749 17295 17296 7750)
4(7640 7751 17297 17186)
4(7750 17296 17297 7751)
4(7641 7752 17298 17187)
4(7751 17297 17298 7752)
4(7642 7753 17299 17188)
4(7752 17298 17299 7753)
4(7643 7754 17300 17189)
4(7753 17299 17300 7754)
4(7644 7755 17301 17190)
4(7754 17300 17301 7755)
4(7645 7756 17302 17191)
4(7755 17301 17302 7756)
4(7646 7757 17303 17192)
4(7756 17302 17303 7757)
4(7647 7758 17304 17193)
4(7757 17303 17304 7758)
4(7648 7759 17305 17194)
4(7758 17304 17305 7759)
4(7649 7760 17306 17195)
4(7759 17305 17306 7760)
4(7650 7761 17307 17196)
4(7760 17306 17307 7761)
4(7651 7762 17308 17197)
4(7761 17307 17308 7762)
4(7652 7763 17309 17198)
4(7762 17308 17309 7763)
4(7653 7764 17310 17199)
4(7763 17309 17310 7764)
4(7654 7765 17311 17200)
4(7764 17310 17311 7765)
4(7655 7766 17312 17201)
4(7765 17311 17312 7766)
4(7656 7767 17313 17202)
4(7766 17312 17313 7767)
4(7657 7768 17314 17203)
4(7767 17313 17314 7768)
4(7768 17314 17315 7769)
4(7660 7771 17317 17206)
4(7770 17316 17317 7771)
4(7661 7772 17318 17207)
4(7771 17317 17318 7772)
4(7662 7773 17319 17208)
4(7772 17318 17319 7773)
4(7663 7774 17320 17209)
4(7773 17319 17320 7774)
4(7664 7775 17321 17210)
4(7774 17320 17321 7775)
4(7665 7776 17322 17211)
4(7775 17321 17322 7776)
4(7666 7777 17323 17212)
4(7776 17322 17323 7777)
4(7667 7778 17324 17213)
4(7777 17323 17324 7778)
4(7668 7779 17325 17214)
4(7778 17324 17325 7779)
4(7669 7780 17326 17215)
4(7779 17325 17326 7780)
4(7670 7781 17327 17216)
4(7780 17326 17327 7781)
4(7671 7782 17328 17217)
4(7781 17327 17328 7782)
4(7672 7783 17329 17218)
4(7782 17328 17329 7783)
4(7673 7784 17330 17219)
4(7783 17329 17330 7784)
4(7674 7785 17331 17220)
4(7784 17330 17331 7785)
4(7675 7786 17332 17221)
4(7785 17331 17332 7786)
4(7676 7787 17333 17222)
4(7786 17332 17333 7787)
4(7677 7788 17334 17223)
4(7787 17333 17334 7788)
4(7678 7789 17335 17224)
4(7788 17334 17335 7789)
4(7679 7790 17336 17225)
4(7789 17335 17336 7790)
4(7680 7791 17337 17226)
4(7790 17336 17337 7791)
4(7681 7792 17338 17227)
4(7791 17337 17338 7792)
4(7682 7793 17339 17228)
4(7792 17338 17339 7793)
4(7683 7794 17340 17229)
4(7793 17339 17340 7794)
4(7684 7795 17341 17230)
4(7794 17340 17341 7795)
4(7685 7796 17342 17231)
4(7795 17341 17342 7796)
4(7686 7797 17343 17232)
4(7796 17342 17343 7797)
4(7687 7798 17344 17233)
4(7797 17343 17344 7798)
4(7688 7799 17345 17234)
4(7798 17344 17345 7799)
4(7689 7800 17346 17235)
4(7799 17345 17346 7800)
4(7690 7801 17347 17236)
4(7800 17346 17347 7801)
4(7691 7802 17348 17237)
4(7801 17347 17348 7802)
4(7692 7803 17349 17238)
4(7802 17348 17349 7803)
4(7693 7804 17350 17239)
4(7803 17349 17350 7804)
4(7694 7805 17351 17240)
4(7804 17350 17351 7805)
4(7695 7806 17352 17241)
4(7805 17351 17352 7806)
4(7696 7807 17353 17242)
4(7806 17352 17353 7807)
4(7697 7808 17354 17243)
4(7807 17353 17354 7808)
4(7698 7809 17355 17244)
4(7808 17354 17355 7809)
4(7699 7810 17356 17245)
4(7809 17355 17356 7810)
4(7700 7811 17357 17246)
4(7810 17356 17357 7811)
4(7701 7812 17358 17247)
4(7811 17357 17358 7812)
4(7702 7813 17359 17248)
4(7812 17358 17359 7813)
4(7703 7814 17360 17249)
4(7813 17359 17360 7814)
4(7704 7815 17361 17250)
4(7814 17360 17361 7815)
4(7705 7816 17362 17251)
4(7815 17361 17362 7816)
4(7706 7817 17363 17252)
4(7816 17362 17363 7817)
4(7707 7818 17364 17253)
4(7817 17363 17364 7818)
4(7708 7819 17365 17254)
4(7818 17364 17365 7819)
4(7709 7820 17366 17255)
4(7819 17365 17366 7820)
4(7710 7821 17367 17256)
4(7820 17366 17367 7821)
4(7711 7822 17368 17257)
4(7821 17367 17368 7822)
4(7712 7823 17369 17258)
4(7822 17368 17369 7823)
4(7713 7824 17370 17259)
4(7823 17369 17370 7824)
4(7714 7825 17371 17260)
4(7824 17370 17371 7825)
4(7715 7826 17372 17261)
4(7825 17371 17372 7826)
4(7716 7827 17373 17262)
4(7826 17372 17373 7827)
4(7717 7828 17374 17263)
4(7827 17373 17374 7828)
4(7718 7829 17375 17264)
4(7828 17374 17375 7829)
4(7719 7830 17376 17265)
4(7829 17375 17376 7830)
4(7720 7831 17377 17266)
4(7830 17376 17377 7831)
4(7721 7832 17378 17267)
4(7831 17377 17378 7832)
4(7722 7833 17379 17268)
4(7832 17378 17379 7833)
4(7723 7834 17380 17269)
4(7833 17379 17380 7834)
4(7724 7835 17381 17270)
4(7834 17380 17381 7835)
4(7725 7836 17382 17271)
4(7835 17381 17382 7836)
4(7726 7837 17383 17272)
4(7836 17382 17383 7837)
4(7727 7838 17384 17273)
4(7837 17383 17384 7838)
4(7728 7839 17385 17274)
4(7838 17384 17385 7839)
4(7729 7840 17386 17275)
4(7839 17385 17386 7840)
4(7730 7841 17387 17276)
4(7840 17386 17387 7841)
4(7731 7842 17388 17277)
4(7841 17387 17388 7842)
4(7732 7843 17389 17278)
4(7842 17388 17389 7843)
4(7733 7844 17390 17279)
4(7843 17389 17390 7844)
4(7734 7845 17391 17280)
4(7844 17390 17391 7845)
4(7735 7846 17392 17281)
4(7845 17391 17392 7846)
4(7736 7847 17393 17282)
4(7846 17392 17393 7847)
4(7737 7848 17394 17283)
4(7847 17393 17394 7848)
4(7738 7849 17395 17284)
4(7848 17394 17395 7849)
4(7739 7850 17396 17285)
4(7849 17395 17396 7850)
4(7740 7851 17397 17286)
4(7850 17396 17397 7851)
4(7741 7852 17398 17287)
4(7851 17397 17398 7852)
4(7742 7853 17399 17288)
4(7852 17398 17399 7853)
4(7743 7854 17400 17289)
4(7853 17399 17400 7854)
4(7744 7855 17401 17290)
4(7854 17400 17401 7855)
4(7745 7856 17402 17291)
4(7855 17401 17402 7856)
4(7746 7857 17403 17292)
4(7856 17402 17403 7857)
4(7747 7858 17404 17293)
4(7857 17403 17404 7858)
4(7748 7859 17405 17294)
4(7858 17404 17405 7859)
4(7749 7860 17406 17295)
4(7859 17405 17406 7860)
4(7750 7861 17407 17296)
4(7860 17406 17407 7861)
4(7751 7862 17408 17297)
4(7861 17407 17408 7862)
4(7752 7863 17409 17298)
4(7862 17408 17409 7863)
4(7753 7864 17410 17299)
4(7863 17409 17410 7864)
4(7754 7865 17411 17300)
4(7864 17410 17411 7865)
4(7755 7866 17412 17301)
4(7865 17411 17412 7866)
4(7756 7867 17413 17302)
4(7866 17412 17413 7867)
4(7757 7868 17414 17303)
4(7867 17413 17414 7868)
4(7758 7869 17415 17304)
4(7868 17414 17415 7869)
4(7759 7870 17416 17305)
4(7869 17415 17416 7870)
4(7760 7871 17417 17306)
4(7870 17416 17417 7871)
4(7761 7872 17418 17307)
4(7871 17417 17418 7872)
4(7762 7873 17419 17308)
4(7872 17418 17419 7873)
4(7763 7874 17420 17309)
4(7873 17419 17420 7874)
4(7764 7875 17421 17310)
4(7874 17420 17421 7875)
4(7765 7876 17422 17311)
4(7875 17421 17422 7876)
4(7766 7877 17423 17312)
4(7876 17422 17423 7877)
4(7767 7878 17424 17313)
4(7877 17423 17424 7878)
4(7768 7879 17425 17314)
4(7878 17424 17425 7879)
4(7879 17425 17426 7880)
4(7771 7882 17428 17317)
4(7881 17427 17428 7882)
4(7772 7883 17429 17318)
4(7882 17428 17429 7883)
4(7773 7884 17430 17319)
4(7883 17429 17430 7884)
4(7774 7885 17431 17320)
4(7884 17430 17431 7885)
4(7775 7886 17432 17321)
4(7885 17431 17432 7886)
4(7776 7887 17433 17322)
4(7886 17432 17433 7887)
4(7777 7888 17434 17323)
4(7887 17433 17434 7888)
4(7778 7889 17435 17324)
4(7888 17434 17435 7889)
4(7779 7890 17436 17325)
4(7889 17435 17436 7890)
4(7780 7891 17437 17326)
4(7890 17436 17437 7891)
4(7781 7892 17438 17327)
4(7891 17437 17438 7892)
4(7782 7893 17439 17328)
4(7892 17438 17439 7893)
4(7783 7894 17440 17329)
4(7893 17439 17440 7894)
4(7784 7895 17441 17330)
4(7894 17440 17441 7895)
4(7785 7896 17442 17331)
4(7895 17441 17442 7896)
4(7786 7897 17443 17332)
4(7896 17442 17443 7897)
4(7787 7898 17444 17333)
4(7897 17443 17444 7898)
4(7788 7899 17445 17334)
4(7898 17444 17445 7899)
4(7789 7900 17446 17335)
4(7899 17445 17446 7900)
4(7790 7901 17447 17336)
4(7900 17446 17447 7901)
4(7791 7902 17448 17337)
4(7901 17447 17448 7902)
4(7792 7903 17449 17338)
4(7902 17448 17449 7903)
4(7793 7904 17450 17339)
4(7903 17449 17450 7904)
4(7794 7905 17451 17340)
4(7904 17450 17451 7905)
4(7795 7906 17452 17341)
4(7905 17451 17452 7906)
4(7796 7907 17453 17342)
4(7906 17452 17453 7907)
4(7797 7908 17454 17343)
4(7907 17453 17454 7908)
4(7798 7909 17455 17344)
4(7908 17454 17455 7909)
4(7799 7910 17456 17345)
4(7909 17455 17456 7910)
4(7800 7911 17457 17346)
4(7910 17456 17457 7911)
4(7801 7912 17458 17347)
4(7911 17457 17458 7912)
4(7802 7913 17459 17348)
4(7912 17458 17459 7913)
4(7803 7914 17460 17349)
4(7913 17459 17460 7914)
4(7804 7915 17461 17350)
4(7914 17460 17461 7915)
4(7805 7916 17462 17351)
4(7915 17461 17462 7916)
4(7806 7917 17463 17352)
4(7916 17462 17463 7917)
4(7807 7918 17464 17353)
4(7917 17463 17464 7918)
4(7808 7919 17465 17354)
4(7918 17464 17465 7919)
4(7809 7920 17466 17355)
4(7919 17465 17466 7920)
4(7810 7921 17467 17356)
4(7920 17466 17467 7921)
4(7811 7922 17468 17357)
4(7921 17467 17468 7922)
4(7812 7923 17469 17358)
4(7922 17468 17469 7923)
4(7813 7924 17470 17359)
4(7923 17469 17470 7924)
4(7814 7925 17471 17360)
4(7924 17470 17471 7925)
4(7815 7926 17472 17361)
4(7925 17471 17472 7926)
4(7816 7927 17473 17362)
4(7926 17472 17473 7927)
4(7817 7928 17474 17363)
4(7927 17473 17474 7928)
4(7818 7929 17475 17364)
4(7928 17474 17475 7929)
4(7819 7930 17476 17365)
4(7929 17475 17476 7930)
4(7820 7931 17477 17366)
4(7930 17476 17477 7931)
4(7821 7932 17478 17367)
4(7931 17477 17478 7932)
4(7822 7933 17479 17368)
4(7932 17478 17479 7933)
4(7823 7934 17480 17369)
4(7933 17479 17480 7934)
4(7824 7935 17481 17370)
4(7934 17480 17481 7935)
4(7825 7936 17482 17371)
4(7935 17481 17482 7936)
4(7826 7937 17483 17372)
4(7936 17482 17483 7937)
4(7827 7938 17484 17373)
4(7937 17483 17484 7938)
4(7828 7939 17485 17374)
4(7938 17484 17485 7939)
4(7829 7940 17486 17375)
4(7939 17485 17486 7940)
4(7830 7941 17487 17376)
4(7940 17486 17487 7941)
4(7831 7942 17488 17377)
4(7941 17487 17488 7942)
4(7832 7943 17489 17378)
4(7942 17488 17489 7943)
4(7833 7944 17490 17379)
4(7943 17489 17490 7944)
4(7834 7945 17491 17380)
4(7944 17490 17491 7945)
4(7835 7946 17492 17381)
4(7945 17491 17492 7946)
4(7836 7947 17493 17382)
4(7946 17492 17493 7947)
4(7837 7948 17494 17383)
4(7947 17493 17494 7948)
4(7838 7949 17495 17384)
4(7948 17494 17495 7949)
4(7839 7950 17496 17385)
4(7949 17495 17496 7950)
4(7840 7951 17497 17386)
4(7950 17496 17497 7951)
4(7841 7952 17498 17387)
4(7951 17497 17498 7952)
4(7842 7953 17499 17388)
4(7952 17498 17499 7953)
4(7843 7954 17500 17389)
4(7953 17499 17500 7954)
4(7844 7955 17501 17390)
4(7954 17500 17501 7955)
4(7845 7956 17502 17391)
4(7955 17501 17502 7956)
4(7846 7957 17503 17392)
4(7956 17502 17503 7957)
4(7847 7958 17504 17393)
4(7957 17503 17504 7958)
4(7848 7959 17505 17394)
4(7958 17504 17505 7959)
4(7849 7960 17506 17395)
4(7959 17505 17506 7960)
4(7850 7961 17507 17396)
4(7960 17506 17507 7961)
4(7851 7962 17508 17397)
4(7961 17507 17508 7962)
4(7852 7963 17509 17398)
4(7962 17508 17509 7963)
4(7853 7964 17510 17399)
4(7963 17509 17510 7964)
4(7854 7965 17511 17400)
4(7964 17510 17511 7965)
4(7855 7966 17512 17401)
4(7965 17511 17512 7966)
4(7856 7967 17513 17402)
4(7966 17512 17513 7967)
4(7857 7968 17514 17403)
4(7967 17513 17514 7968)
4(7858 7969 17515 17404)
4(7968 17514 17515 7969)
4(7859 7970 17516 17405)
4(7969 17515 17516 7970)
4(7860 7971 17517 17406)
4(7970 17516 17517 7971)
4(7861 7972 17518 17407)
4(7971 17517 17518 7972)
4(7862 7973 17519 17408)
4(7972 17518 17519 7973)
4(7863 7974 17520 17409)
4(7973 17519 17520 7974)
4(7864 7975 17521 17410)
4(7974 17520 17521 7975)
4(7865 7976 17522 17411)
4(7975 17521 17522 7976)
4(7866 7977 17523 17412)
4(7976 17522 17523 7977)
4(7867 7978 17524 17413)
4(7977 17523 17524 7978)
4(7868 7979 17525 17414)
4(7978 17524 17525 7979)
4(7869 7980 17526 17415)
4(7979 17525 17526 7980)
4(7870 7981 17527 17416)
4(7980 17526 17527 7981)
4(7871 7982 17528 17417)
4(7981 17527 17528 7982)
4(7872 7983 17529 17418)
4(7982 17528 17529 7983)
4(7873 7984 17530 17419)
4(7983 17529 17530 7984)
4(7874 7985 17531 17420)
4(7984 17530 17531 7985)
4(7875 7986 17532 17421)
4(7985 17531 17532 7986)
4(7876 7987 17533 17422)
4(7986 17532 17533 7987)
4(7877 7988 17534 17423)
4(7987 17533 17534 7988)
4(7878 7989 17535 17424)
4(7988 17534 17535 7989)
4(7879 7990 17536 17425)
4(7989 17535 17536 7990)
4(7990 17536 17537 7991)
4(7882 7993 17539 17428)
4(7992 17538 17539 7993)
4(7883 7994 17540 17429)
4(7993 17539 17540 7994)
4(7884 7995 17541 17430)
4(7994 17540 17541 7995)
4(7885 7996 17542 17431)
4(7995 17541 17542 7996)
4(7886 7997 17543 17432)
4(7996 17542 17543 7997)
4(7887 7998 17544 17433)
4(7997 17543 17544 7998)
4(7888 7999 17545 17434)
4(7998 17544 17545 7999)
4(7889 8000 17546 17435)
4(7999 17545 17546 8000)
4(7890 8001 17547 17436)
4(8000 17546 17547 8001)
4(7891 8002 17548 17437)
4(8001 17547 17548 8002)
4(7892 8003 17549 17438)
4(8002 17548 17549 8003)
4(7893 8004 17550 17439)
4(8003 17549 17550 8004)
4(7894 8005 17551 17440)
4(8004 17550 17551 8005)
4(7895 8006 17552 17441)
4(8005 17551 17552 8006)
4(7896 8007 17553 17442)
4(8006 17552 17553 8007)
4(7897 8008 17554 17443)
4(8007 17553 17554 8008)
4(7898 8009 17555 17444)
4(8008 17554 17555 8009)
4(7899 8010 17556 17445)
4(8009 17555 17556 8010)
4(7900 8011 17557 17446)
4(8010 17556 17557 8011)
4(7901 8012 17558 17447)
4(8011 17557 17558 8012)
4(7902 8013 17559 17448)
4(8012 17558 17559 8013)
4(7903 8014 17560 17449)
4(8013 17559 17560 8014)
4(7904 8015 17561 17450)
4(8014 17560 17561 8015)
4(7905 8016 17562 17451)
4(8015 17561 17562 8016)
4(7906 8017 17563 17452)
4(8016 17562 17563 8017)
4(7907 8018 17564 17453)
4(8017 17563 17564 8018)
4(7908 8019 17565 17454)
4(8018 17564 17565 8019)
4(7909 8020 17566 17455)
4(8019 17565 17566 8020)
4(7910 8021 17567 17456)
4(8020 17566 17567 8021)
4(7911 8022 17568 17457)
4(8021 17567 17568 8022)
4(7912 8023 17569 17458)
4(8022 17568 17569 8023)
4(7913 8024 17570 17459)
4(8023 17569 17570 8024)
4(7914 8025 17571 17460)
4(8024 17570 17571 8025)
4(7915 8026 17572 17461)
4(8025 17571 17572 8026)
4(7916 8027 17573 17462)
4(8026 17572 17573 8027)
4(7917 8028 17574 17463)
4(8027 17573 17574 8028)
4(7918 8029 17575 17464)
4(8028 17574 17575 8029)
4(7919 8030 17576 17465)
4(8029 17575 17576 8030)
4(7920 8031 17577 17466)
4(8030 17576 17577 8031)
4(7921 8032 17578 17467)
4(8031 17577 17578 8032)
4(7922 8033 17579 17468)
4(8032 17578 17579 8033)
4(7923 8034 17580 17469)
4(8033 17579 17580 8034)
4(7924 8035 17581 17470)
4(8034 17580 17581 8035)
4(7925 8036 17582 17471)
4(8035 17581 17582 8036)
4(7926 8037 17583 17472)
4(8036 17582 17583 8037)
4(7927 8038 17584 17473)
4(8037 17583 17584 8038)
4(7928 8039 17585 17474)
4(8038 17584 17585 8039)
4(7929 8040 17586 17475)
4(8039 17585 17586 8040)
4(7930 8041 17587 17476)
4(8040 17586 17587 8041)
4(7931 8042 17588 17477)
4(8041 17587 17588 8042)
4(7932 8043 17589 17478)
4(8042 17588 17589 8043)
4(7933 8044 17590 17479)
4(8043 17589 17590 8044)
4(7934 8045 17591 17480)
4(8044 17590 17591 8045)
4(7935 8046 17592 17481)
4(8045 17591 17592 8046)
4(7936 8047 17593 17482)
4(8046 17592 17593 8047)
4(7937 8048 17594 17483)
4(8047 17593 17594 8048)
4(7938 8049 17595 17484)
4(8048 17594 17595 8049)
4(7939 8050 17596 17485)
4(8049 17595 17596 8050)
4(7940 8051 17597 17486)
4(8050 17596 17597 8051)
4(7941 8052 17598 17487)
4(8051 17597 17598 8052)
4(7942 8053 17599 17488)
4(8052 17598 17599 8053)
4(7943 8054 17600 17489)
4(8053 17599 17600 8054)
4(7944 8055 17601 17490)
4(8054 17600 17601 8055)
4(7945 8056 17602 17491)
4(8055 17601 17602 8056)
4(7946 8057 17603 17492)
4(8056 17602 17603 8057)
4(7947 8058 17604 17493)
4(8057 17603 17604 8058)
4(7948 8059 17605 17494)
4(8058 17604 17605 8059)
4(7949 8060 17606 17495)
4(8059 17605 17606 8060)
4(7950 8061 17607 17496)
4(8060 17606 17607 8061)
4(7951 8062 17608 17497)
4(8061 17607 17608 8062)
4(7952 8063 17609 17498)
4(8062 17608 17609 8063)
4(7953 8064 17610 17499)
4(8063 17609 17610 8064)
4(7954 8065 17611 17500)
4(8064 17610 17611 8065)
4(7955 8066 17612 17501)
4(8065 17611 17612 8066)
4(7956 8067 17613 17502)
4(8066 17612 17613 8067)
4(7957 8068 17614 17503)
4(8067 17613 17614 8068)
4(7958 8069 17615 17504)
4(8068 17614 17615 8069)
4(7959 8070 17616 17505)
4(8069 17615 17616 8070)
4(7960 8071 17617 17506)
4(8070 17616 17617 8071)
4(7961 8072 17618 17507)
4(8071 17617 17618 8072)
4(7962 8073 17619 17508)
4(8072 17618 17619 8073)
4(7963 8074 17620 17509)
4(8073 17619 17620 8074)
4(7964 8075 17621 17510)
4(8074 17620 17621 8075)
4(7965 8076 17622 17511)
4(8075 17621 17622 8076)
4(7966 8077 17623 17512)
4(8076 17622 17623 8077)
4(7967 8078 17624 17513)
4(8077 17623 17624 8078)
4(7968 8079 17625 17514)
4(8078 17624 17625 8079)
4(7969 8080 17626 17515)
4(8079 17625 17626 8080)
4(7970 8081 17627 17516)
4(8080 17626 17627 8081)
4(7971 8082 17628 17517)
4(8081 17627 17628 8082)
4(7972 8083 17629 17518)
4(8082 17628 17629 8083)
4(7973 8084 17630 17519)
4(8083 17629 17630 8084)
4(7974 8085 17631 17520)
4(8084 17630 17631 8085)
4(7975 8086 17632 17521)
4(8085 17631 17632 8086)
4(7976 8087 17633 17522)
4(8086 17632 17633 8087)
4(7977 8088 17634 17523)
4(8087 17633 17634 8088)
4(7978 8089 17635 17524)
4(8088 17634 17635 8089)
4(7979 8090 17636 17525)
4(8089 17635 17636 8090)
4(7980 8091 17637 17526)
4(8090 17636 17637 8091)
4(7981 8092 17638 17527)
4(8091 17637 17638 8092)
4(7982 8093 17639 17528)
4(8092 17638 17639 8093)
4(7983 8094 17640 17529)
4(8093 17639 17640 8094)
4(7984 8095 17641 17530)
4(8094 17640 17641 8095)
4(7985 8096 17642 17531)
4(8095 17641 17642 8096)
4(7986 8097 17643 17532)
4(8096 17642 17643 8097)
4(7987 8098 17644 17533)
4(8097 17643 17644 8098)
4(7988 8099 17645 17534)
4(8098 17644 17645 8099)
4(7989 8100 17646 17535)
4(8099 17645 17646 8100)
4(7990 8101 17647 17536)
4(8100 17646 17647 8101)
4(8101 17647 17648 8102)
4(7993 8104 17650 17539)
4(8103 17649 17650 8104)
4(7994 8105 17651 17540)
4(8104 17650 17651 8105)
4(7995 8106 17652 17541)
4(8105 17651 17652 8106)
4(7996 8107 17653 17542)
4(8106 17652 17653 8107)
4(7997 8108 17654 17543)
4(8107 17653 17654 8108)
4(7998 8109 17655 17544)
4(8108 17654 17655 8109)
4(7999 8110 17656 17545)
4(8109 17655 17656 8110)
4(8000 8111 17657 17546)
4(8110 17656 17657 8111)
4(8001 8112 17658 17547)
4(8111 17657 17658 8112)
4(8002 8113 17659 17548)
4(8112 17658 17659 8113)
4(8003 8114 17660 17549)
4(8113 17659 17660 8114)
4(8004 8115 17661 17550)
4(8114 17660 17661 8115)
4(8005 8116 17662 17551)
4(8115 17661 17662 8116)
4(8006 8117 17663 17552)
4(8116 17662 17663 8117)
4(8007 8118 17664 17553)
4(8117 17663 17664 8118)
4(8008 8119 17665 17554)
4(8118 17664 17665 8119)
4(8009 8120 17666 17555)
4(8119 17665 17666 8120)
4(8010 8121 17667 17556)
4(8120 17666 17667 8121)
4(8011 8122 17668 17557)
4(8121 17667 17668 8122)
4(8012 8123 17669 17558)
4(8122 17668 17669 8123)
4(8013 8124 17670 17559)
4(8123 17669 17670 8124)
4(8014 8125 17671 17560)
4(8124 17670 17671 8125)
4(8015 8126 17672 17561)
4(8125 17671 17672 8126)
4(8016 8127 17673 17562)
4(8126 17672 17673 8127)
4(8017 8128 17674 17563)
4(8127 17673 17674 8128)
4(8018 8129 17675 17564)
4(8128 17674 17675 8129)
4(8019 8130 17676 17565)
4(8129 17675 17676 8130)
4(8020 8131 17677 17566)
4(8130 17676 17677 8131)
4(8021 8132 17678 17567)
4(8131 17677 17678 8132)
4(8022 8133 17679 17568)
4(8132 17678 17679 8133)
4(8023 8134 17680 17569)
4(8133 17679 17680 8134)
4(8024 8135 17681 17570)
4(8134 17680 17681 8135)
4(8025 8136 17682 17571)
4(8135 17681 17682 8136)
4(8026 8137 17683 17572)
4(8136 17682 17683 8137)
4(8027 8138 17684 17573)
4(8137 17683 17684 8138)
4(8028 8139 17685 17574)
4(8138 17684 17685 8139)
4(8029 8140 17686 17575)
4(8139 17685 17686 8140)
4(8030 8141 17687 17576)
4(8140 17686 17687 8141)
4(8031 8142 17688 17577)
4(8141 17687 17688 8142)
4(8032 8143 17689 17578)
4(8142 17688 17689 8143)
4(8033 8144 17690 17579)
4(8143 17689 17690 8144)
4(8034 8145 17691 17580)
4(8144 17690 17691 8145)
4(8035 8146 17692 17581)
4(8145 17691 17692 8146)
4(8036 8147 17693 17582)
4(8146 17692 17693 8147)
4(8037 8148 17694 17583)
4(8147 17693 17694 8148)
4(8038 8149 17695 17584)
4(8148 17694 17695 8149)
4(8039 8150 17696 17585)
4(8149 17695 17696 8150)
4(8040 8151 17697 17586)
4(8150 17696 17697 8151)
4(8041 8152 17698 17587)
4(8151 17697 17698 8152)
4(8042 8153 17699 17588)
4(8152 17698 17699 8153)
4(8043 8154 17700 17589)
4(8153 17699 17700 8154)
4(8044 8155 17701 17590)
4(8154 17700 17701 8155)
4(8045 8156 17702 17591)
4(8155 17701 17702 8156)
4(8046 8157 17703 17592)
4(8156 17702 17703 8157)
4(8047 8158 17704 17593)
4(8157 17703 17704 8158)
4(8048 8159 17705 17594)
4(8158 17704 17705 8159)
4(8049 8160 17706 17595)
4(8159 17705 17706 8160)
4(8050 8161 17707 17596)
4(8160 17706 17707 8161)
4(8051 8162 17708 17597)
4(8161 17707 17708 8162)
4(8052 8163 17709 17598)
4(8162 17708 17709 8163)
4(8053 8164 17710 17599)
4(8163 17709 17710 8164)
4(8054 8165 17711 17600)
4(8164 17710 17711 8165)
4(8055 8166 17712 17601)
4(8165 17711 17712 8166)
4(8056 8167 17713 17602)
4(8166 17712 17713 8167)
4(8057 8168 17714 17603)
4(8167 17713 17714 8168)
4(8058 8169 17715 17604)
4(8168 17714 17715 8169)
4(8059 8170 17716 17605)
4(8169 17715 17716 8170)
4(8060 8171 17717 17606)
4(8170 17716 17717 8171)
4(8061 8172 17718 17607)
4(8171 17717 17718 8172)
4(8062 8173 17719 17608)
4(8172 17718 17719 8173)
4(8063 8174 17720 17609)
4(8173 17719 17720 8174)
4(8064 8175 17721 17610)
4(8174 17720 17721 8175)
4(8065 8176 17722 17611)
4(8175 17721 17722 8176)
4(8066 8177 17723 17612)
4(8176 17722 17723 8177)
4(8067 8178 17724 17613)
4(8177 17723 17724 8178)
4(8068 8179 17725 17614)
4(8178 17724 17725 8179)
4(8069 8180 17726 17615)
4(8179 17725 17726 8180)
4(8070 8181 17727 17616)
4(8180 17726 17727 8181)
4(8071 8182 17728 17617)
4(8181 17727 17728 8182)
4(8072 8183 17729 17618)
4(8182 17728 17729 8183)
4(8073 8184 17730 17619)
4(8183 17729 17730 8184)
4(8074 8185 17731 17620)
4(8184 17730 17731 8185)
4(8075 8186 17732 17621)
4(8185 17731 17732 8186)
4(8076 8187 17733 17622)
4(8186 17732 17733 8187)
4(8077 8188 17734 17623)
4(8187 17733 17734 8188)
4(8078 8189 17735 17624)
4(8188 17734 17735 8189)
4(8079 8190 17736 17625)
4(8189 17735 17736 8190)
4(8080 8191 17737 17626)
4(8190 17736 17737 8191)
4(8081 8192 17738 17627)
4(8191 17737 17738 8192)
4(8082 8193 17739 17628)
4(8192 17738 17739 8193)
4(8083 8194 17740 17629)
4(8193 17739 17740 8194)
4(8084 8195 17741 17630)
4(8194 17740 17741 8195)
4(8085 8196 17742 17631)
4(8195 17741 17742 8196)
4(8086 8197 17743 17632)
4(8196 17742 17743 8197)
4(8087 8198 17744 17633)
4(8197 17743 17744 8198)
4(8088 8199 17745 17634)
4(8198 17744 17745 8199)
4(8089 8200 17746 17635)
4(8199 17745 17746 8200)
4(8090 8201 17747 17636)
4(8200 17746 17747 8201)
4(8091 8202 17748 17637)
4(8201 17747 17748 8202)
4(8092 8203 17749 17638)
4(8202 17748 17749 8203)
4(8093 8204 17750 17639)
4(8203 17749 17750 8204)
4(8094 8205 17751 17640)
4(8204 17750 17751 8205)
4(8095 8206 17752 17641)
4(8205 17751 17752 8206)
4(8096 8207 17753 17642)
4(8206 17752 17753 8207)
4(8097 8208 17754 17643)
4(8207 17753 17754 8208)
4(8098 8209 17755 17644)
4(8208 17754 17755 8209)
4(8099 8210 17756 17645)
4(8209 17755 17756 8210)
4(8100 8211 17757 17646)
4(8210 17756 17757 8211)
4(8101 8212 17758 17647)
4(8211 17757 17758 8212)
4(8212 17758 17759 8213)
4(8104 8215 17761 17650)
4(8214 17760 17761 8215)
4(8105 8216 17762 17651)
4(8215 17761 17762 8216)
4(8106 8217 17763 17652)
4(8216 17762 17763 8217)
4(8107 8218 17764 17653)
4(8217 17763 17764 8218)
4(8108 8219 17765 17654)
4(8218 17764 17765 8219)
4(8109 8220 17766 17655)
4(8219 17765 17766 8220)
4(8110 8221 17767 17656)
4(8220 17766 17767 8221)
4(8111 8222 17768 17657)
4(8221 17767 17768 8222)
4(8112 8223 17769 17658)
4(8222 17768 17769 8223)
4(8113 8224 17770 17659)
4(8223 17769 17770 8224)
4(8114 8225 17771 17660)
4(8224 17770 17771 8225)
4(8115 8226 17772 17661)
4(8225 17771 17772 8226)
4(8116 8227 17773 17662)
4(8226 17772 17773 8227)
4(8117 8228 17774 17663)
4(8227 17773 17774 8228)
4(8118 8229 17775 17664)
4(8228 17774 17775 8229)
4(8119 8230 17776 17665)
4(8229 17775 17776 8230)
4(8120 8231 17777 17666)
4(8230 17776 17777 8231)
4(8121 8232 17778 17667)
4(8231 17777 17778 8232)
4(8122 8233 17779 17668)
4(8232 17778 17779 8233)
4(8123 8234 17780 17669)
4(8233 17779 17780 8234)
4(8124 8235 17781 17670)
4(8234 17780 17781 8235)
4(8125 8236 17782 17671)
4(8235 17781 17782 8236)
4(8126 8237 17783 17672)
4(8236 17782 17783 8237)
4(8127 8238 17784 17673)
4(8237 17783 17784 8238)
4(8128 8239 17785 17674)
4(8238 17784 17785 8239)
4(8129 8240 17786 17675)
4(8239 17785 17786 8240)
4(8130 8241 17787 17676)
4(8240 17786 17787 8241)
4(8131 8242 17788 17677)
4(8241 17787 17788 8242)
4(8132 8243 17789 17678)
4(8242 17788 17789 8243)
4(8133 8244 17790 17679)
4(8243 17789 17790 8244)
4(8134 8245 17791 17680)
4(8244 17790 17791 8245)
4(8135 8246 17792 17681)
4(8245 17791 17792 8246)
4(8136 8247 17793 17682)
4(8246 17792 17793 8247)
4(8137 8248 17794 17683)
4(8247 17793 17794 8248)
4(8138 8249 17795 17684)
4(8248 17794 17795 8249)
4(8139 8250 17796 17685)
4(8249 17795 17796 8250)
4(8140 8251 17797 17686)
4(8250 17796 17797 8251)
4(8141 8252 17798 17687)
4(8251 17797 17798 8252)
4(8142 8253 17799 17688)
4(8252 17798 17799 8253)
4(8143 8254 17800 17689)
4(8253 17799 17800 8254)
4(8144 8255 17801 17690)
4(8254 17800 17801 8255)
4(8145 8256 17802 17691)
4(8255 17801 17802 8256)
4(8146 8257 17803 17692)
4(8256 17802 17803 8257)
4(8147 8258 17804 17693)
4(8257 17803 17804 8258)
4(8148 8259 17805 17694)
4(8258 17804 17805 8259)
4(8149 8260 17806 17695)
4(8259 17805 17806 8260)
4(8150 8261 17807 17696)
4(8260 17806 17807 8261)
4(8151 8262 17808 17697)
4(8261 17807 17808 8262)
4(8152 8263 17809 17698)
4(8262 17808 17809 8263)
4(8153 8264 17810 17699)
4(8263 17809 17810 8264)
4(8154 8265 17811 17700)
4(8264 17810 17811 8265)
4(8155 8266 17812 17701)
4(8265 17811 17812 8266)
4(8156 8267 17813 17702)
4(8266 17812 17813 8267)
4(8157 8268 17814 17703)
4(8267 17813 17814 8268)
4(8158 8269 17815 17704)
4(8268 17814 17815 8269)
4(8159 8270 17816 17705)
4(8269 17815 17816 8270)
4(8160 8271 17817 17706)
4(8270 17816 17817 8271)
4(8161 8272 17818 17707)
4(8271 17817 17818 8272)
4(8162 8273 17819 17708)
4(8272 17818 17819 8273)
4(8163 8274 17820 17709)
4(8273 17819 17820 8274)
4(8164 8275 17821 17710)
4(8274 17820 17821 8275)
4(8165 8276 17822 17711)
4(8275 17821 17822 8276)
4(8166 8277 17823 17712)
4(8276 17822 17823 8277)
4(8167 8278 17824 17713)
4(8277 17823 17824 8278)
4(8168 8279 17825 17714)
4(8278 17824 17825 8279)
4(8169 8280 17826 17715)
4(8279 17825 17826 8280)
4(8170 8281 17827 17716)
4(8280 17826 17827 8281)
4(8171 8282 17828 17717)
4(8281 17827 17828 8282)
4(8172 8283 17829 17718)
4(8282 17828 17829 8283)
4(8173 8284 17830 17719)
4(8283 17829 17830 8284)
4(8174 8285 17831 17720)
4(8284 17830 17831 8285)
4(8175 8286 17832 17721)
4(8285 17831 17832 8286)
4(8176 8287 17833 17722)
4(8286 17832 17833 8287)
4(8177 8288 17834 17723)
4(8287 17833 17834 8288)
4(8178 8289 17835 17724)
4(8288 17834 17835 8289)
4(8179 8290 17836 17725)
4(8289 17835 17836 8290)
4(8180 8291 17837 17726)
4(8290 17836 17837 8291)
4(8181 8292 17838 17727)
4(8291 17837 17838 8292)
4(8182 8293 17839 17728)
4(8292 17838 17839 8293)
4(8183 8294 17840 17729)
4(8293 17839 17840 8294)
4(8184 8295 17841 17730)
4(8294 17840 17841 8295)
4(8185 8296 17842 17731)
4(8295 17841 17842 8296)
4(8186 8297 17843 17732)
4(8296 17842 17843 8297)
4(8187 8298 17844 17733)
4(8297 17843 17844 8298)
4(8188 8299 17845 17734)
4(8298 17844 17845 8299)
4(8189 8300 17846 17735)
4(8299 17845 17846 8300)
4(8190 8301 17847 17736)
4(8300 17846 17847 8301)
4(8191 8302 17848 17737)
4(8301 17847 17848 8302)
4(8192 8303 17849 17738)
4(8302 17848 17849 8303)
4(8193 8304 17850 17739)
4(8303 17849 17850 8304)
4(8194 8305 17851 17740)
4(8304 17850 17851 8305)
4(8195 8306 17852 17741)
4(8305 17851 17852 8306)
4(8196 8307 17853 17742)
4(8306 17852 17853 8307)
4(8197 8308 17854 17743)
4(8307 17853 17854 8308)
4(8198 8309 17855 17744)
4(8308 17854 17855 8309)
4(8199 8310 17856 17745)
4(8309 17855 17856 8310)
4(8200 8311 17857 17746)
4(8310 17856 17857 8311)
4(8201 8312 17858 17747)
4(8311 17857 17858 8312)
4(8202 8313 17859 17748)
4(8312 17858 17859 8313)
4(8203 8314 17860 17749)
4(8313 17859 17860 8314)
4(8204 8315 17861 17750)
4(8314 17860 17861 8315)
4(8205 8316 17862 17751)
4(8315 17861 17862 8316)
4(8206 8317 17863 17752)
4(8316 17862 17863 8317)
4(8207 8318 17864 17753)
4(8317 17863 17864 8318)
4(8208 8319 17865 17754)
4(8318 17864 17865 8319)
4(8209 8320 17866 17755)
4(8319 17865 17866 8320)
4(8210 8321 17867 17756)
4(8320 17866 17867 8321)
4(8211 8322 17868 17757)
4(8321 17867 17868 8322)
4(8212 8323 17869 17758)
4(8322 17868 17869 8323)
4(8323 17869 17870 8324)
4(8215 8326 17872 17761)
4(8325 17871 17872 8326)
4(8216 8327 17873 17762)
4(8326 17872 17873 8327)
4(8217 8328 17874 17763)
4(8327 17873 17874 8328)
4(8218 8329 17875 17764)
4(8328 17874 17875 8329)
4(8219 8330 17876 17765)
4(8329 17875 17876 8330)
4(8220 8331 17877 17766)
4(8330 17876 17877 8331)
4(8221 8332 17878 17767)
4(8331 17877 17878 8332)
4(8222 8333 17879 17768)
4(8332 17878 17879 8333)
4(8223 8334 17880 17769)
4(8333 17879 17880 8334)
4(8224 8335 17881 17770)
4(8334 17880 17881 8335)
4(8225 8336 17882 17771)
4(8335 17881 17882 8336)
4(8226 8337 17883 17772)
4(8336 17882 17883 8337)
4(8227 8338 17884 17773)
4(8337 17883 17884 8338)
4(8228 8339 17885 17774)
4(8338 17884 17885 8339)
4(8229 8340 17886 17775)
4(8339 17885 17886 8340)
4(8230 8341 17887 17776)
4(8340 17886 17887 8341)
4(8231 8342 17888 17777)
4(8341 17887 17888 8342)
4(8232 8343 17889 17778)
4(8342 17888 17889 8343)
4(8233 8344 17890 17779)
4(8343 17889 17890 8344)
4(8234 8345 17891 17780)
4(8344 17890 17891 8345)
4(8235 8346 17892 17781)
4(8345 17891 17892 8346)
4(8236 8347 17893 17782)
4(8346 17892 17893 8347)
4(8237 8348 17894 17783)
4(8347 17893 17894 8348)
4(8238 8349 17895 17784)
4(8348 17894 17895 8349)
4(8239 8350 17896 17785)
4(8349 17895 17896 8350)
4(8240 8351 17897 17786)
4(8350 17896 17897 8351)
4(8241 8352 17898 17787)
4(8351 17897 17898 8352)
4(8242 8353 17899 17788)
4(8352 17898 17899 8353)
4(8243 8354 17900 17789)
4(8353 17899 17900 8354)
4(8244 8355 17901 17790)
4(8354 17900 17901 8355)
4(8245 8356 17902 17791)
4(8355 17901 17902 8356)
4(8246 8357 17903 17792)
4(8356 17902 17903 8357)
4(8247 8358 17904 17793)
4(8357 17903 17904 8358)
4(8248 8359 17905 17794)
4(8358 17904 17905 8359)
4(8249 8360 17906 17795)
4(8359 17905 17906 8360)
4(8250 8361 17907 17796)
4(8360 17906 17907 8361)
4(8251 8362 17908 17797)
4(8361 17907 17908 8362)
4(8252 8363 17909 17798)
4(8362 17908 17909 8363)
4(8253 8364 17910 17799)
4(8363 17909 17910 8364)
4(8254 8365 17911 17800)
4(8364 17910 17911 8365)
4(8255 8366 17912 17801)
4(8365 17911 17912 8366)
4(8256 8367 17913 17802)
4(8366 17912 17913 8367)
4(8257 8368 17914 17803)
4(8367 17913 17914 8368)
4(8258 8369 17915 17804)
4(8368 17914 17915 8369)
4(8259 8370 17916 17805)
4(8369 17915 17916 8370)
4(8260 8371 17917 17806)
4(8370 17916 17917 8371)
4(8261 8372 17918 17807)
4(8371 17917 17918 8372)
4(8262 8373 17919 17808)
4(8372 17918 17919 8373)
4(8263 8374 17920 17809)
4(8373 17919 17920 8374)
4(8264 8375 17921 17810)
4(8374 17920 17921 8375)
4(8265 8376 17922 17811)
4(8375 17921 17922 8376)
4(8266 8377 17923 17812)
4(8376 17922 17923 8377)
4(8267 8378 17924 17813)
4(8377 17923 17924 8378)
4(8268 8379 17925 17814)
4(8378 17924 17925 8379)
4(8269 8380 17926 17815)
4(8379 17925 17926 8380)
4(8270 8381 17927 17816)
4(8380 17926 17927 8381)
4(8271 8382 17928 17817)
4(8381 17927 17928 8382)
4(8272 8383 17929 17818)
4(8382 17928 17929 8383)
4(8273 8384 17930 17819)
4(8383 17929 17930 8384)
4(8274 8385 17931 17820)
4(8384 17930 17931 8385)
4(8275 8386 17932 17821)
4(8385 17931 17932 8386)
4(8276 8387 17933 17822)
4(8386 17932 17933 8387)
4(8277 8388 17934 17823)
4(8387 17933 17934 8388)
4(8278 8389 17935 17824)
4(8388 17934 17935 8389)
4(8279 8390 17936 17825)
4(8389 17935 17936 8390)
4(8280 8391 17937 17826)
4(8390 17936 17937 8391)
4(8281 8392 17938 17827)
4(8391 17937 17938 8392)
4(8282 8393 17939 17828)
4(8392 17938 17939 8393)
4(8283 8394 17940 17829)
4(8393 17939 17940 8394)
4(8284 8395 17941 17830)
4(8394 17940 17941 8395)
4(8285 8396 17942 17831)
4(8395 17941 17942 8396)
4(8286 8397 17943 17832)
4(8396 17942 17943 8397)
4(8287 8398 17944 17833)
4(8397 17943 17944 8398)
4(8288 8399 17945 17834)
4(8398 17944 17945 8399)
4(8289 8400 17946 17835)
4(8399 17945 17946 8400)
4(8290 8401 17947 17836)
4(8400 17946 17947 8401)
4(8291 8402 17948 17837)
4(8401 17947 17948 8402)
4(8292 8403 17949 17838)
4(8402 17948 17949 8403)
4(8293 8404 17950 17839)
4(8403 17949 17950 8404)
4(8294 8405 17951 17840)
4(8404 17950 17951 8405)
4(8295 8406 17952 17841)
4(8405 17951 17952 8406)
4(8296 8407 17953 17842)
4(8406 17952 17953 8407)
4(8297 8408 17954 17843)
4(8407 17953 17954 8408)
4(8298 8409 17955 17844)
4(8408 17954 17955 8409)
4(8299 8410 17956 17845)
4(8409 17955 17956 8410)
4(8300 8411 17957 17846)
4(8410 17956 17957 8411)
4(8301 8412 17958 17847)
4(8411 17957 17958 8412)
4(8302 8413 17959 17848)
4(8412 17958 17959 8413)
4(8303 8414 17960 17849)
4(8413 17959 17960 8414)
4(8304 8415 17961 17850)
4(8414 17960 17961 8415)
4(8305 8416 17962 17851)
4(8415 17961 17962 8416)
4(8306 8417 17963 17852)
4(8416 17962 17963 8417)
4(8307 8418 17964 17853)
4(8417 17963 17964 8418)
4(8308 8419 17965 17854)
4(8418 17964 17965 8419)
4(8309 8420 17966 17855)
4(8419 17965 17966 8420)
4(8310 8421 17967 17856)
4(8420 17966 17967 8421)
4(8311 8422 17968 17857)
4(8421 17967 17968 8422)
4(8312 8423 17969 17858)
4(8422 17968 17969 8423)
4(8313 8424 17970 17859)
4(8423 17969 17970 8424)
4(8314 8425 17971 17860)
4(8424 17970 17971 8425)
4(8315 8426 17972 17861)
4(8425 17971 17972 8426)
4(8316 8427 17973 17862)
4(8426 17972 17973 8427)
4(8317 8428 17974 17863)
4(8427 17973 17974 8428)
4(8318 8429 17975 17864)
4(8428 17974 17975 8429)
4(8319 8430 17976 17865)
4(8429 17975 17976 8430)
4(8320 8431 17977 17866)
4(8430 17976 17977 8431)
4(8321 8432 17978 17867)
4(8431 17977 17978 8432)
4(8322 8433 17979 17868)
4(8432 17978 17979 8433)
4(8323 8434 17980 17869)
4(8433 17979 17980 8434)
4(8434 17980 17981 8435)
4(8326 8437 17983 17872)
4(8436 17982 17983 8437)
4(8327 8438 17984 17873)
4(8437 17983 17984 8438)
4(8328 8439 17985 17874)
4(8438 17984 17985 8439)
4(8329 8440 17986 17875)
4(8439 17985 17986 8440)
4(8330 8441 17987 17876)
4(8440 17986 17987 8441)
4(8331 8442 17988 17877)
4(8441 17987 17988 8442)
4(8332 8443 17989 17878)
4(8442 17988 17989 8443)
4(8333 8444 17990 17879)
4(8443 17989 17990 8444)
4(8334 8445 17991 17880)
4(8444 17990 17991 8445)
4(8335 8446 17992 17881)
4(8445 17991 17992 8446)
4(8336 8447 17993 17882)
4(8446 17992 17993 8447)
4(8337 8448 17994 17883)
4(8447 17993 17994 8448)
4(8338 8449 17995 17884)
4(8448 17994 17995 8449)
4(8339 8450 17996 17885)
4(8449 17995 17996 8450)
4(8340 8451 17997 17886)
4(8450 17996 17997 8451)
4(8341 8452 17998 17887)
4(8451 17997 17998 8452)
4(8342 8453 17999 17888)
4(8452 17998 17999 8453)
4(8343 8454 18000 17889)
4(8453 17999 18000 8454)
4(8344 8455 18001 17890)
4(8454 18000 18001 8455)
4(8345 8456 18002 17891)
4(8455 18001 18002 8456)
4(8346 8457 18003 17892)
4(8456 18002 18003 8457)
4(8347 8458 18004 17893)
4(8457 18003 18004 8458)
4(8348 8459 18005 17894)
4(8458 18004 18005 8459)
4(8349 8460 18006 17895)
4(8459 18005 18006 8460)
4(8350 8461 18007 17896)
4(8460 18006 18007 8461)
4(8351 8462 18008 17897)
4(8461 18007 18008 8462)
4(8352 8463 18009 17898)
4(8462 18008 18009 8463)
4(8353 8464 18010 17899)
4(8463 18009 18010 8464)
4(8354 8465 18011 17900)
4(8464 18010 18011 8465)
4(8355 8466 18012 17901)
4(8465 18011 18012 8466)
4(8356 8467 18013 17902)
4(8466 18012 18013 8467)
4(8357 8468 18014 17903)
4(8467 18013 18014 8468)
4(8358 8469 18015 17904)
4(8468 18014 18015 8469)
4(8359 8470 18016 17905)
4(8469 18015 18016 8470)
4(8360 8471 18017 17906)
4(8470 18016 18017 8471)
4(8361 8472 18018 17907)
4(8471 18017 18018 8472)
4(8362 8473 18019 17908)
4(8472 18018 18019 8473)
4(8363 8474 18020 17909)
4(8473 18019 18020 8474)
4(8364 8475 18021 17910)
4(8474 18020 18021 8475)
4(8365 8476 18022 17911)
4(8475 18021 18022 8476)
4(8366 8477 18023 17912)
4(8476 18022 18023 8477)
4(8367 8478 18024 17913)
4(8477 18023 18024 8478)
4(8368 8479 18025 17914)
4(8478 18024 18025 8479)
4(8369 8480 18026 17915)
4(8479 18025 18026 8480)
4(8370 8481 18027 17916)
4(8480 18026 18027 8481)
4(8371 8482 18028 17917)
4(8481 18027 18028 8482)
4(8372 8483 18029 17918)
4(8482 18028 18029 8483)
4(8373 8484 18030 17919)
4(8483 18029 18030 8484)
4(8374 8485 18031 17920)
4(8484 18030 18031 8485)
4(8375 8486 18032 17921)
4(8485 18031 18032 8486)
4(8376 8487 18033 17922)
4(8486 18032 18033 8487)
4(8377 8488 18034 17923)
4(8487 18033 18034 8488)
4(8378 8489 18035 17924)
4(8488 18034 18035 8489)
4(8379 8490 18036 17925)
4(8489 18035 18036 8490)
4(8380 8491 18037 17926)
4(8490 18036 18037 8491)
4(8381 8492 18038 17927)
4(8491 18037 18038 8492)
4(8382 8493 18039 17928)
4(8492 18038 18039 8493)
4(8383 8494 18040 17929)
4(8493 18039 18040 8494)
4(8384 8495 18041 17930)
4(8494 18040 18041 8495)
4(8385 8496 18042 17931)
4(8495 18041 18042 8496)
4(8386 8497 18043 17932)
4(8496 18042 18043 8497)
4(8387 8498 18044 17933)
4(8497 18043 18044 8498)
4(8388 8499 18045 17934)
4(8498 18044 18045 8499)
4(8389 8500 18046 17935)
4(8499 18045 18046 8500)
4(8390 8501 18047 17936)
4(8500 18046 18047 8501)
4(8391 8502 18048 17937)
4(8501 18047 18048 8502)
4(8392 8503 18049 17938)
4(8502 18048 18049 8503)
4(8393 8504 18050 17939)
4(8503 18049 18050 8504)
4(8394 8505 18051 17940)
4(8504 18050 18051 8505)
4(8395 8506 18052 17941)
4(8505 18051 18052 8506)
4(8396 8507 18053 17942)
4(8506 18052 18053 8507)
4(8397 8508 18054 17943)
4(8507 18053 18054 8508)
4(8398 8509 18055 17944)
4(8508 18054 18055 8509)
4(8399 8510 18056 17945)
4(8509 18055 18056 8510)
4(8400 8511 18057 17946)
4(8510 18056 18057 8511)
4(8401 8512 18058 17947)
4(8511 18057 18058 8512)
4(8402 8513 18059 17948)
4(8512 18058 18059 8513)
4(8403 8514 18060 17949)
4(8513 18059 18060 8514)
4(8404 8515 18061 17950)
4(8514 18060 18061 8515)
4(8405 8516 18062 17951)
4(8515 18061 18062 8516)
4(8406 8517 18063 17952)
4(8516 18062 18063 8517)
4(8407 8518 18064 17953)
4(8517 18063 18064 8518)
4(8408 8519 18065 17954)
4(8518 18064 18065 8519)
4(8409 8520 18066 17955)
4(8519 18065 18066 8520)
4(8410 8521 18067 17956)
4(8520 18066 18067 8521)
4(8411 8522 18068 17957)
4(8521 18067 18068 8522)
4(8412 8523 18069 17958)
4(8522 18068 18069 8523)
4(8413 8524 18070 17959)
4(8523 18069 18070 8524)
4(8414 8525 18071 17960)
4(8524 18070 18071 8525)
4(8415 8526 18072 17961)
4(8525 18071 18072 8526)
4(8416 8527 18073 17962)
4(8526 18072 18073 8527)
4(8417 8528 18074 17963)
4(8527 18073 18074 8528)
4(8418 8529 18075 17964)
4(8528 18074 18075 8529)
4(8419 8530 18076 17965)
4(8529 18075 18076 8530)
4(8420 8531 18077 17966)
4(8530 18076 18077 8531)
4(8421 8532 18078 17967)
4(8531 18077 18078 8532)
4(8422 8533 18079 17968)
4(8532 18078 18079 8533)
4(8423 8534 18080 17969)
4(8533 18079 18080 8534)
4(8424 8535 18081 17970)
4(8534 18080 18081 8535)
4(8425 8536 18082 17971)
4(8535 18081 18082 8536)
4(8426 8537 18083 17972)
4(8536 18082 18083 8537)
4(8427 8538 18084 17973)
4(8537 18083 18084 8538)
4(8428 8539 18085 17974)
4(8538 18084 18085 8539)
4(8429 8540 18086 17975)
4(8539 18085 18086 8540)
4(8430 8541 18087 17976)
4(8540 18086 18087 8541)
4(8431 8542 18088 17977)
4(8541 18087 18088 8542)
4(8432 8543 18089 17978)
4(8542 18088 18089 8543)
4(8433 8544 18090 17979)
4(8543 18089 18090 8544)
4(8434 8545 18091 17980)
4(8544 18090 18091 8545)
4(8545 18091 18092 8546)
4(8437 8548 18094 17983)
4(8547 18093 18094 8548)
4(8438 8549 18095 17984)
4(8548 18094 18095 8549)
4(8439 8550 18096 17985)
4(8549 18095 18096 8550)
4(8440 8551 18097 17986)
4(8550 18096 18097 8551)
4(8441 8552 18098 17987)
4(8551 18097 18098 8552)
4(8442 8553 18099 17988)
4(8552 18098 18099 8553)
4(8443 8554 18100 17989)
4(8553 18099 18100 8554)
4(8444 8555 18101 17990)
4(8554 18100 18101 8555)
4(8445 8556 18102 17991)
4(8555 18101 18102 8556)
4(8446 8557 18103 17992)
4(8556 18102 18103 8557)
4(8447 8558 18104 17993)
4(8557 18103 18104 8558)
4(8448 8559 18105 17994)
4(8558 18104 18105 8559)
4(8449 8560 18106 17995)
4(8559 18105 18106 8560)
4(8450 8561 18107 17996)
4(8560 18106 18107 8561)
4(8451 8562 18108 17997)
4(8561 18107 18108 8562)
4(8452 8563 18109 17998)
4(8562 18108 18109 8563)
4(8453 8564 18110 17999)
4(8563 18109 18110 8564)
4(8454 8565 18111 18000)
4(8564 18110 18111 8565)
4(8455 8566 18112 18001)
4(8565 18111 18112 8566)
4(8456 8567 18113 18002)
4(8566 18112 18113 8567)
4(8457 8568 18114 18003)
4(8567 18113 18114 8568)
4(8458 8569 18115 18004)
4(8568 18114 18115 8569)
4(8459 8570 18116 18005)
4(8569 18115 18116 8570)
4(8460 8571 18117 18006)
4(8570 18116 18117 8571)
4(8461 8572 18118 18007)
4(8571 18117 18118 8572)
4(8462 8573 18119 18008)
4(8572 18118 18119 8573)
4(8463 8574 18120 18009)
4(8573 18119 18120 8574)
4(8464 8575 18121 18010)
4(8574 18120 18121 8575)
4(8465 8576 18122 18011)
4(8575 18121 18122 8576)
4(8466 8577 18123 18012)
4(8576 18122 18123 8577)
4(8467 8578 18124 18013)
4(8577 18123 18124 8578)
4(8468 8579 18125 18014)
4(8578 18124 18125 8579)
4(8469 8580 18126 18015)
4(8579 18125 18126 8580)
4(8470 8581 18127 18016)
4(8580 18126 18127 8581)
4(8471 8582 18128 18017)
4(8581 18127 18128 8582)
4(8472 8583 18129 18018)
4(8582 18128 18129 8583)
4(8473 8584 18130 18019)
4(8583 18129 18130 8584)
4(8474 8585 18131 18020)
4(8584 18130 18131 8585)
4(8475 8586 18132 18021)
4(8585 18131 18132 8586)
4(8476 8587 18133 18022)
4(8586 18132 18133 8587)
4(8477 8588 18134 18023)
4(8587 18133 18134 8588)
4(8478 8589 18135 18024)
4(8588 18134 18135 8589)
4(8479 8590 18136 18025)
4(8589 18135 18136 8590)
4(8480 8591 18137 18026)
4(8590 18136 18137 8591)
4(8481 8592 18138 18027)
4(8591 18137 18138 8592)
4(8482 8593 18139 18028)
4(8592 18138 18139 8593)
4(8483 8594 18140 18029)
4(8593 18139 18140 8594)
4(8484 8595 18141 18030)
4(8594 18140 18141 8595)
4(8485 8596 18142 18031)
4(8595 18141 18142 8596)
4(8486 8597 18143 18032)
4(8596 18142 18143 8597)
4(8487 8598 18144 18033)
4(8597 18143 18144 8598)
4(8488 8599 18145 18034)
4(8598 18144 18145 8599)
4(8489 8600 18146 18035)
4(8599 18145 18146 8600)
4(8490 8601 18147 18036)
4(8600 18146 18147 8601)
4(8491 8602 18148 18037)
4(8601 18147 18148 8602)
4(8492 8603 18149 18038)
4(8602 18148 18149 8603)
4(8493 8604 18150 18039)
4(8603 18149 18150 8604)
4(8494 8605 18151 18040)
4(8604 18150 18151 8605)
4(8495 8606 18152 18041)
4(8605 18151 18152 8606)
4(8496 8607 18153 18042)
4(8606 18152 18153 8607)
4(8497 8608 18154 18043)
4(8607 18153 18154 8608)
4(8498 8609 18155 18044)
4(8608 18154 18155 8609)
4(8499 8610 18156 18045)
4(8609 18155 18156 8610)
4(8500 8611 18157 18046)
4(8610 18156 18157 8611)
4(8501 8612 18158 18047)
4(8611 18157 18158 8612)
4(8502 8613 18159 18048)
4(8612 18158 18159 8613)
4(8503 8614 18160 18049)
4(8613 18159 18160 8614)
4(8504 8615 18161 18050)
4(8614 18160 18161 8615)
4(8505 8616 18162 18051)
4(8615 18161 18162 8616)
4(8506 8617 18163 18052)
4(8616 18162 18163 8617)
4(8507 8618 18164 18053)
4(8617 18163 18164 8618)
4(8508 8619 18165 18054)
4(8618 18164 18165 8619)
4(8509 8620 18166 18055)
4(8619 18165 18166 8620)
4(8510 8621 18167 18056)
4(8620 18166 18167 8621)
4(8511 8622 18168 18057)
4(8621 18167 18168 8622)
4(8512 8623 18169 18058)
4(8622 18168 18169 8623)
4(8513 8624 18170 18059)
4(8623 18169 18170 8624)
4(8514 8625 18171 18060)
4(8624 18170 18171 8625)
4(8515 8626 18172 18061)
4(8625 18171 18172 8626)
4(8516 8627 18173 18062)
4(8626 18172 18173 8627)
4(8517 8628 18174 18063)
4(8627 18173 18174 8628)
4(8518 8629 18175 18064)
4(8628 18174 18175 8629)
4(8519 8630 18176 18065)
4(8629 18175 18176 8630)
4(8520 8631 18177 18066)
4(8630 18176 18177 8631)
4(8521 8632 18178 18067)
4(8631 18177 18178 8632)
4(8522 8633 18179 18068)
4(8632 18178 18179 8633)
4(8523 8634 18180 18069)
4(8633 18179 18180 8634)
4(8524 8635 18181 18070)
4(8634 18180 18181 8635)
4(8525 8636 18182 18071)
4(8635 18181 18182 8636)
4(8526 8637 18183 18072)
4(8636 18182 18183 8637)
4(8527 8638 18184 18073)
4(8637 18183 18184 8638)
4(8528 8639 18185 18074)
4(8638 18184 18185 8639)
4(8529 8640 18186 18075)
4(8639 18185 18186 8640)
4(8530 8641 18187 18076)
4(8640 18186 18187 8641)
4(8531 8642 18188 18077)
4(8641 18187 18188 8642)
4(8532 8643 18189 18078)
4(8642 18188 18189 8643)
4(8533 8644 18190 18079)
4(8643 18189 18190 8644)
4(8534 8645 18191 18080)
4(8644 18190 18191 8645)
4(8535 8646 18192 18081)
4(8645 18191 18192 8646)
4(8536 8647 18193 18082)
4(8646 18192 18193 8647)
4(8537 8648 18194 18083)
4(8647 18193 18194 8648)
4(8538 8649 18195 18084)
4(8648 18194 18195 8649)
4(8539 8650 18196 18085)
4(8649 18195 18196 8650)
4(8540 8651 18197 18086)
4(8650 18196 18197 8651)
4(8541 8652 18198 18087)
4(8651 18197 18198 8652)
4(8542 8653 18199 18088)
4(8652 18198 18199 8653)
4(8543 8654 18200 18089)
4(8653 18199 18200 8654)
4(8544 8655 18201 18090)
4(8654 18200 18201 8655)
4(8545 8656 18202 18091)
4(8655 18201 18202 8656)
4(8656 18202 18203 8657)
4(8548 8659 18205 18094)
4(8658 18204 18205 8659)
4(8549 8660 18206 18095)
4(8659 18205 18206 8660)
4(8550 8661 18207 18096)
4(8660 18206 18207 8661)
4(8551 8662 18208 18097)
4(8661 18207 18208 8662)
4(8552 8663 18209 18098)
4(8662 18208 18209 8663)
4(8553 8664 18210 18099)
4(8663 18209 18210 8664)
4(8554 8665 18211 18100)
4(8664 18210 18211 8665)
4(8555 8666 18212 18101)
4(8665 18211 18212 8666)
4(8556 8667 18213 18102)
4(8666 18212 18213 8667)
4(8557 8668 18214 18103)
4(8667 18213 18214 8668)
4(8558 8669 18215 18104)
4(8668 18214 18215 8669)
4(8559 8670 18216 18105)
4(8669 18215 18216 8670)
4(8560 8671 18217 18106)
4(8670 18216 18217 8671)
4(8561 8672 18218 18107)
4(8671 18217 18218 8672)
4(8562 8673 18219 18108)
4(8672 18218 18219 8673)
4(8563 8674 18220 18109)
4(8673 18219 18220 8674)
4(8564 8675 18221 18110)
4(8674 18220 18221 8675)
4(8565 8676 18222 18111)
4(8675 18221 18222 8676)
4(8566 8677 18223 18112)
4(8676 18222 18223 8677)
4(8567 8678 18224 18113)
4(8677 18223 18224 8678)
4(8568 8679 18225 18114)
4(8678 18224 18225 8679)
4(8569 8680 18226 18115)
4(8679 18225 18226 8680)
4(8570 8681 18227 18116)
4(8680 18226 18227 8681)
4(8571 8682 18228 18117)
4(8681 18227 18228 8682)
4(8572 8683 18229 18118)
4(8682 18228 18229 8683)
4(8573 8684 18230 18119)
4(8683 18229 18230 8684)
4(8574 8685 18231 18120)
4(8684 18230 18231 8685)
4(8575 8686 18232 18121)
4(8685 18231 18232 8686)
4(8576 8687 18233 18122)
4(8686 18232 18233 8687)
4(8577 8688 18234 18123)
4(8687 18233 18234 8688)
4(8578 8689 18235 18124)
4(8688 18234 18235 8689)
4(8579 8690 18236 18125)
4(8689 18235 18236 8690)
4(8580 8691 18237 18126)
4(8690 18236 18237 8691)
4(8581 8692 18238 18127)
4(8691 18237 18238 8692)
4(8582 8693 18239 18128)
4(8692 18238 18239 8693)
4(8583 8694 18240 18129)
4(8693 18239 18240 8694)
4(8584 8695 18241 18130)
4(8694 18240 18241 8695)
4(8585 8696 18242 18131)
4(8695 18241 18242 8696)
4(8586 8697 18243 18132)
4(8696 18242 18243 8697)
4(8587 8698 18244 18133)
4(8697 18243 18244 8698)
4(8588 8699 18245 18134)
4(8698 18244 18245 8699)
4(8589 8700 18246 18135)
4(8699 18245 18246 8700)
4(8590 8701 18247 18136)
4(8700 18246 18247 8701)
4(8591 8702 18248 18137)
4(8701 18247 18248 8702)
4(8592 8703 18249 18138)
4(8702 18248 18249 8703)
4(8593 8704 18250 18139)
4(8703 18249 18250 8704)
4(8594 8705 18251 18140)
4(8704 18250 18251 8705)
4(8595 8706 18252 18141)
4(8705 18251 18252 8706)
4(8596 8707 18253 18142)
4(8706 18252 18253 8707)
4(8597 8708 18254 18143)
4(8707 18253 18254 8708)
4(8598 8709 18255 18144)
4(8708 18254 18255 8709)
4(8599 8710 18256 18145)
4(8709 18255 18256 8710)
4(8600 8711 18257 18146)
4(8710 18256 18257 8711)
4(8601 8712 18258 18147)
4(8711 18257 18258 8712)
4(8602 8713 18259 18148)
4(8712 18258 18259 8713)
4(8603 8714 18260 18149)
4(8713 18259 18260 8714)
4(8604 8715 18261 18150)
4(8714 18260 18261 8715)
4(8605 8716 18262 18151)
4(8715 18261 18262 8716)
4(8606 8717 18263 18152)
4(8716 18262 18263 8717)
4(8607 8718 18264 18153)
4(8717 18263 18264 8718)
4(8608 8719 18265 18154)
4(8718 18264 18265 8719)
4(8609 8720 18266 18155)
4(8719 18265 18266 8720)
4(8610 8721 18267 18156)
4(8720 18266 18267 8721)
4(8611 8722 18268 18157)
4(8721 18267 18268 8722)
4(8612 8723 18269 18158)
4(8722 18268 18269 8723)
4(8613 8724 18270 18159)
4(8723 18269 18270 8724)
4(8614 8725 18271 18160)
4(8724 18270 18271 8725)
4(8615 8726 18272 18161)
4(8725 18271 18272 8726)
4(8616 8727 18273 18162)
4(8726 18272 18273 8727)
4(8617 8728 18274 18163)
4(8727 18273 18274 8728)
4(8618 8729 18275 18164)
4(8728 18274 18275 8729)
4(8619 8730 18276 18165)
4(8729 18275 18276 8730)
4(8620 8731 18277 18166)
4(8730 18276 18277 8731)
4(8621 8732 18278 18167)
4(8731 18277 18278 8732)
4(8622 8733 18279 18168)
4(8732 18278 18279 8733)
4(8623 8734 18280 18169)
4(8733 18279 18280 8734)
4(8624 8735 18281 18170)
4(8734 18280 18281 8735)
4(8625 8736 18282 18171)
4(8735 18281 18282 8736)
4(8626 8737 18283 18172)
4(8736 18282 18283 8737)
4(8627 8738 18284 18173)
4(8737 18283 18284 8738)
4(8628 8739 18285 18174)
4(8738 18284 18285 8739)
4(8629 8740 18286 18175)
4(8739 18285 18286 8740)
4(8630 8741 18287 18176)
4(8740 18286 18287 8741)
4(8631 8742 18288 18177)
4(8741 18287 18288 8742)
4(8632 8743 18289 18178)
4(8742 18288 18289 8743)
4(8633 8744 18290 18179)
4(8743 18289 18290 8744)
4(8634 8745 18291 18180)
4(8744 18290 18291 8745)
4(8635 8746 18292 18181)
4(8745 18291 18292 8746)
4(8636 8747 18293 18182)
4(8746 18292 18293 8747)
4(8637 8748 18294 18183)
4(8747 18293 18294 8748)
4(8638 8749 18295 18184)
4(8748 18294 18295 8749)
4(8639 8750 18296 18185)
4(8749 18295 18296 8750)
4(8640 8751 18297 18186)
4(8750 18296 18297 8751)
4(8641 8752 18298 18187)
4(8751 18297 18298 8752)
4(8642 8753 18299 18188)
4(8752 18298 18299 8753)
4(8643 8754 18300 18189)
4(8753 18299 18300 8754)
4(8644 8755 18301 18190)
4(8754 18300 18301 8755)
4(8645 8756 18302 18191)
4(8755 18301 18302 8756)
4(8646 8757 18303 18192)
4(8756 18302 18303 8757)
4(8647 8758 18304 18193)
4(8757 18303 18304 8758)
4(8648 8759 18305 18194)
4(8758 18304 18305 8759)
4(8649 8760 18306 18195)
4(8759 18305 18306 8760)
4(8650 8761 18307 18196)
4(8760 18306 18307 8761)
4(8651 8762 18308 18197)
4(8761 18307 18308 8762)
4(8652 8763 18309 18198)
4(8762 18308 18309 8763)
4(8653 8764 18310 18199)
4(8763 18309 18310 8764)
4(8654 8765 18311 18200)
4(8764 18310 18311 8765)
4(8655 8766 18312 18201)
4(8765 18311 18312 8766)
4(8656 8767 18313 18202)
4(8766 18312 18313 8767)
4(8767 18313 18314 8768)
4(8659 8770 18316 18205)
4(8769 18315 18316 8770)
4(8660 8771 18317 18206)
4(8770 18316 18317 8771)
4(8661 8772 18318 18207)
4(8771 18317 18318 8772)
4(8662 8773 18319 18208)
4(8772 18318 18319 8773)
4(8663 8774 18320 18209)
4(8773 18319 18320 8774)
4(8664 8775 18321 18210)
4(8774 18320 18321 8775)
4(8665 8776 18322 18211)
4(8775 18321 18322 8776)
4(8666 8777 18323 18212)
4(8776 18322 18323 8777)
4(8667 8778 18324 18213)
4(8777 18323 18324 8778)
4(8668 8779 18325 18214)
4(8778 18324 18325 8779)
4(8669 8780 18326 18215)
4(8779 18325 18326 8780)
4(8670 8781 18327 18216)
4(8780 18326 18327 8781)
4(8671 8782 18328 18217)
4(8781 18327 18328 8782)
4(8672 8783 18329 18218)
4(8782 18328 18329 8783)
4(8673 8784 18330 18219)
4(8783 18329 18330 8784)
4(8674 8785 18331 18220)
4(8784 18330 18331 8785)
4(8675 8786 18332 18221)
4(8785 18331 18332 8786)
4(8676 8787 18333 18222)
4(8786 18332 18333 8787)
4(8677 8788 18334 18223)
4(8787 18333 18334 8788)
4(8678 8789 18335 18224)
4(8788 18334 18335 8789)
4(8679 8790 18336 18225)
4(8789 18335 18336 8790)
4(8680 8791 18337 18226)
4(8790 18336 18337 8791)
4(8681 8792 18338 18227)
4(8791 18337 18338 8792)
4(8682 8793 18339 18228)
4(8792 18338 18339 8793)
4(8683 8794 18340 18229)
4(8793 18339 18340 8794)
4(8684 8795 18341 18230)
4(8794 18340 18341 8795)
4(8685 8796 18342 18231)
4(8795 18341 18342 8796)
4(8686 8797 18343 18232)
4(8796 18342 18343 8797)
4(8687 8798 18344 18233)
4(8797 18343 18344 8798)
4(8688 8799 18345 18234)
4(8798 18344 18345 8799)
4(8689 8800 18346 18235)
4(8799 18345 18346 8800)
4(8690 8801 18347 18236)
4(8800 18346 18347 8801)
4(8691 8802 18348 18237)
4(8801 18347 18348 8802)
4(8692 8803 18349 18238)
4(8802 18348 18349 8803)
4(8693 8804 18350 18239)
4(8803 18349 18350 8804)
4(8694 8805 18351 18240)
4(8804 18350 18351 8805)
4(8695 8806 18352 18241)
4(8805 18351 18352 8806)
4(8696 8807 18353 18242)
4(8806 18352 18353 8807)
4(8697 8808 18354 18243)
4(8807 18353 18354 8808)
4(8698 8809 18355 18244)
4(8808 18354 18355 8809)
4(8699 8810 18356 18245)
4(8809 18355 18356 8810)
4(8700 8811 18357 18246)
4(8810 18356 18357 8811)
4(8701 8812 18358 18247)
4(8811 18357 18358 8812)
4(8702 8813 18359 18248)
4(8812 18358 18359 8813)
4(8703 8814 18360 18249)
4(8813 18359 18360 8814)
4(8704 8815 18361 18250)
4(8814 18360 18361 8815)
4(8705 8816 18362 18251)
4(8815 18361 18362 8816)
4(8706 8817 18363 18252)
4(8816 18362 18363 8817)
4(8707 8818 18364 18253)
4(8817 18363 18364 8818)
4(8708 8819 18365 18254)
4(8818 18364 18365 8819)
4(8709 8820 18366 18255)
4(8819 18365 18366 8820)
4(8710 8821 18367 18256)
4(8820 18366 18367 8821)
4(8711 8822 18368 18257)
4(8821 18367 18368 8822)
4(8712 8823 18369 18258)
4(8822 18368 18369 8823)
4(8713 8824 18370 18259)
4(8823 18369 18370 8824)
4(8714 8825 18371 18260)
4(8824 18370 18371 8825)
4(8715 8826 18372 18261)
4(8825 18371 18372 8826)
4(8716 8827 18373 18262)
4(8826 18372 18373 8827)
4(8717 8828 18374 18263)
4(8827 18373 18374 8828)
4(8718 8829 18375 18264)
4(8828 18374 18375 8829)
4(8719 8830 18376 18265)
4(8829 18375 18376 8830)
4(8720 8831 18377 18266)
4(8830 18376 18377 8831)
4(8721 8832 18378 18267)
4(8831 18377 18378 8832)
4(8722 8833 18379 18268)
4(8832 18378 18379 8833)
4(8723 8834 18380 18269)
4(8833 18379 18380 8834)
4(8724 8835 18381 18270)
4(8834 18380 18381 8835)
4(8725 8836 18382 18271)
4(8835 18381 18382 8836)
4(8726 8837 18383 18272)
4(8836 18382 18383 8837)
4(8727 8838 18384 18273)
4(8837 18383 18384 8838)
4(8728 8839 18385 18274)
4(8838 18384 18385 8839)
4(8729 8840 18386 18275)
4(8839 18385 18386 8840)
4(8730 8841 18387 18276)
4(8840 18386 18387 8841)
4(8731 8842 18388 18277)
4(8841 18387 18388 8842)
4(8732 8843 18389 18278)
4(8842 18388 18389 8843)
4(8733 8844 18390 18279)
4(8843 18389 18390 8844)
4(8734 8845 18391 18280)
4(8844 18390 18391 8845)
4(8735 8846 18392 18281)
4(8845 18391 18392 8846)
4(8736 8847 18393 18282)
4(8846 18392 18393 8847)
4(8737 8848 18394 18283)
4(8847 18393 18394 8848)
4(8738 8849 18395 18284)
4(8848 18394 18395 8849)
4(8739 8850 18396 18285)
4(8849 18395 18396 8850)
4(8740 8851 18397 18286)
4(8850 18396 18397 8851)
4(8741 8852 18398 18287)
4(8851 18397 18398 8852)
4(8742 8853 18399 18288)
4(8852 18398 18399 8853)
4(8743 8854 18400 18289)
4(8853 18399 18400 8854)
4(8744 8855 18401 18290)
4(8854 18400 18401 8855)
4(8745 8856 18402 18291)
4(8855 18401 18402 8856)
4(8746 8857 18403 18292)
4(8856 18402 18403 8857)
4(8747 8858 18404 18293)
4(8857 18403 18404 8858)
4(8748 8859 18405 18294)
4(8858 18404 18405 8859)
4(8749 8860 18406 18295)
4(8859 18405 18406 8860)
4(8750 8861 18407 18296)
4(8860 18406 18407 8861)
4(8751 8862 18408 18297)
4(8861 18407 18408 8862)
4(8752 8863 18409 18298)
4(8862 18408 18409 8863)
4(8753 8864 18410 18299)
4(8863 18409 18410 8864)
4(8754 8865 18411 18300)
4(8864 18410 18411 8865)
4(8755 8866 18412 18301)
4(8865 18411 18412 8866)
4(8756 8867 18413 18302)
4(8866 18412 18413 8867)
4(8757 8868 18414 18303)
4(8867 18413 18414 8868)
4(8758 8869 18415 18304)
4(8868 18414 18415 8869)
4(8759 8870 18416 18305)
4(8869 18415 18416 8870)
4(8760 8871 18417 18306)
4(8870 18416 18417 8871)
4(8761 8872 18418 18307)
4(8871 18417 18418 8872)
4(8762 8873 18419 18308)
4(8872 18418 18419 8873)
4(8763 8874 18420 18309)
4(8873 18419 18420 8874)
4(8764 8875 18421 18310)
4(8874 18420 18421 8875)
4(8765 8876 18422 18311)
4(8875 18421 18422 8876)
4(8766 8877 18423 18312)
4(8876 18422 18423 8877)
4(8767 8878 18424 18313)
4(8877 18423 18424 8878)
4(8878 18424 18425 8879)
4(8770 8881 18427 18316)
4(8880 18426 18427 8881)
4(8771 8882 18428 18317)
4(8881 18427 18428 8882)
4(8772 8883 18429 18318)
4(8882 18428 18429 8883)
4(8773 8884 18430 18319)
4(8883 18429 18430 8884)
4(8774 8885 18431 18320)
4(8884 18430 18431 8885)
4(8775 8886 18432 18321)
4(8885 18431 18432 8886)
4(8776 8887 18433 18322)
4(8886 18432 18433 8887)
4(8777 8888 18434 18323)
4(8887 18433 18434 8888)
4(8778 8889 18435 18324)
4(8888 18434 18435 8889)
4(8779 8890 18436 18325)
4(8889 18435 18436 8890)
4(8780 8891 18437 18326)
4(8890 18436 18437 8891)
4(8781 8892 18438 18327)
4(8891 18437 18438 8892)
4(8782 8893 18439 18328)
4(8892 18438 18439 8893)
4(8783 8894 18440 18329)
4(8893 18439 18440 8894)
4(8784 8895 18441 18330)
4(8894 18440 18441 8895)
4(8785 8896 18442 18331)
4(8895 18441 18442 8896)
4(8786 8897 18443 18332)
4(8896 18442 18443 8897)
4(8787 8898 18444 18333)
4(8897 18443 18444 8898)
4(8788 8899 18445 18334)
4(8898 18444 18445 8899)
4(8789 8900 18446 18335)
4(8899 18445 18446 8900)
4(8790 8901 18447 18336)
4(8900 18446 18447 8901)
4(8791 8902 18448 18337)
4(8901 18447 18448 8902)
4(8792 8903 18449 18338)
4(8902 18448 18449 8903)
4(8793 8904 18450 18339)
4(8903 18449 18450 8904)
4(8794 8905 18451 18340)
4(8904 18450 18451 8905)
4(8795 8906 18452 18341)
4(8905 18451 18452 8906)
4(8796 8907 18453 18342)
4(8906 18452 18453 8907)
4(8797 8908 18454 18343)
4(8907 18453 18454 8908)
4(8798 8909 18455 18344)
4(8908 18454 18455 8909)
4(8799 8910 18456 18345)
4(8909 18455 18456 8910)
4(8800 8911 18457 18346)
4(8910 18456 18457 8911)
4(8801 8912 18458 18347)
4(8911 18457 18458 8912)
4(8802 8913 18459 18348)
4(8912 18458 18459 8913)
4(8803 8914 18460 18349)
4(8913 18459 18460 8914)
4(8804 8915 18461 18350)
4(8914 18460 18461 8915)
4(8805 8916 18462 18351)
4(8915 18461 18462 8916)
4(8806 8917 18463 18352)
4(8916 18462 18463 8917)
4(8807 8918 18464 18353)
4(8917 18463 18464 8918)
4(8808 8919 18465 18354)
4(8918 18464 18465 8919)
4(8809 8920 18466 18355)
4(8919 18465 18466 8920)
4(8810 8921 18467 18356)
4(8920 18466 18467 8921)
4(8811 8922 18468 18357)
4(8921 18467 18468 8922)
4(8812 8923 18469 18358)
4(8922 18468 18469 8923)
4(8813 8924 18470 18359)
4(8923 18469 18470 8924)
4(8814 8925 18471 18360)
4(8924 18470 18471 8925)
4(8815 8926 18472 18361)
4(8925 18471 18472 8926)
4(8816 8927 18473 18362)
4(8926 18472 18473 8927)
4(8817 8928 18474 18363)
4(8927 18473 18474 8928)
4(8818 8929 18475 18364)
4(8928 18474 18475 8929)
4(8819 8930 18476 18365)
4(8929 18475 18476 8930)
4(8820 8931 18477 18366)
4(8930 18476 18477 8931)
4(8821 8932 18478 18367)
4(8931 18477 18478 8932)
4(8822 8933 18479 18368)
4(8932 18478 18479 8933)
4(8823 8934 18480 18369)
4(8933 18479 18480 8934)
4(8824 8935 18481 18370)
4(8934 18480 18481 8935)
4(8825 8936 18482 18371)
4(8935 18481 18482 8936)
4(8826 8937 18483 18372)
4(8936 18482 18483 8937)
4(8827 8938 18484 18373)
4(8937 18483 18484 8938)
4(8828 8939 18485 18374)
4(8938 18484 18485 8939)
4(8829 8940 18486 18375)
4(8939 18485 18486 8940)
4(8830 8941 18487 18376)
4(8940 18486 18487 8941)
4(8831 8942 18488 18377)
4(8941 18487 18488 8942)
4(8832 8943 18489 18378)
4(8942 18488 18489 8943)
4(8833 8944 18490 18379)
4(8943 18489 18490 8944)
4(8834 8945 18491 18380)
4(8944 18490 18491 8945)
4(8835 8946 18492 18381)
4(8945 18491 18492 8946)
4(8836 8947 18493 18382)
4(8946 18492 18493 8947)
4(8837 8948 18494 18383)
4(8947 18493 18494 8948)
4(8838 8949 18495 18384)
4(8948 18494 18495 8949)
4(8839 8950 18496 18385)
4(8949 18495 18496 8950)
4(8840 8951 18497 18386)
4(8950 18496 18497 8951)
4(8841 8952 18498 18387)
4(8951 18497 18498 8952)
4(8842 8953 18499 18388)
4(8952 18498 18499 8953)
4(8843 8954 18500 18389)
4(8953 18499 18500 8954)
4(8844 8955 18501 18390)
4(8954 18500 18501 8955)
4(8845 8956 18502 18391)
4(8955 18501 18502 8956)
4(8846 8957 18503 18392)
4(8956 18502 18503 8957)
4(8847 8958 18504 18393)
4(8957 18503 18504 8958)
4(8848 8959 18505 18394)
4(8958 18504 18505 8959)
4(8849 8960 18506 18395)
4(8959 18505 18506 8960)
4(8850 8961 18507 18396)
4(8960 18506 18507 8961)
4(8851 8962 18508 18397)
4(8961 18507 18508 8962)
4(8852 8963 18509 18398)
4(8962 18508 18509 8963)
4(8853 8964 18510 18399)
4(8963 18509 18510 8964)
4(8854 8965 18511 18400)
4(8964 18510 18511 8965)
4(8855 8966 18512 18401)
4(8965 18511 18512 8966)
4(8856 8967 18513 18402)
4(8966 18512 18513 8967)
4(8857 8968 18514 18403)
4(8967 18513 18514 8968)
4(8858 8969 18515 18404)
4(8968 18514 18515 8969)
4(8859 8970 18516 18405)
4(8969 18515 18516 8970)
4(8860 8971 18517 18406)
4(8970 18516 18517 8971)
4(8861 8972 18518 18407)
4(8971 18517 18518 8972)
4(8862 8973 18519 18408)
4(8972 18518 18519 8973)
4(8863 8974 18520 18409)
4(8973 18519 18520 8974)
4(8864 8975 18521 18410)
4(8974 18520 18521 8975)
4(8865 8976 18522 18411)
4(8975 18521 18522 8976)
4(8866 8977 18523 18412)
4(8976 18522 18523 8977)
4(8867 8978 18524 18413)
4(8977 18523 18524 8978)
4(8868 8979 18525 18414)
4(8978 18524 18525 8979)
4(8869 8980 18526 18415)
4(8979 18525 18526 8980)
4(8870 8981 18527 18416)
4(8980 18526 18527 8981)
4(8871 8982 18528 18417)
4(8981 18527 18528 8982)
4(8872 8983 18529 18418)
4(8982 18528 18529 8983)
4(8873 8984 18530 18419)
4(8983 18529 18530 8984)
4(8874 8985 18531 18420)
4(8984 18530 18531 8985)
4(8875 8986 18532 18421)
4(8985 18531 18532 8986)
4(8876 8987 18533 18422)
4(8986 18532 18533 8987)
4(8877 8988 18534 18423)
4(8987 18533 18534 8988)
4(8878 8989 18535 18424)
4(8988 18534 18535 8989)
4(8989 18535 18536 8990)
4(8881 8992 18538 18427)
4(8991 18537 18538 8992)
4(8882 8993 18539 18428)
4(8992 18538 18539 8993)
4(8883 8994 18540 18429)
4(8993 18539 18540 8994)
4(8884 8995 18541 18430)
4(8994 18540 18541 8995)
4(8885 8996 18542 18431)
4(8995 18541 18542 8996)
4(8886 8997 18543 18432)
4(8996 18542 18543 8997)
4(8887 8998 18544 18433)
4(8997 18543 18544 8998)
4(8888 8999 18545 18434)
4(8998 18544 18545 8999)
4(8889 9000 18546 18435)
4(8999 18545 18546 9000)
4(8890 9001 18547 18436)
4(9000 18546 18547 9001)
4(8891 9002 18548 18437)
4(9001 18547 18548 9002)
4(8892 9003 18549 18438)
4(9002 18548 18549 9003)
4(8893 9004 18550 18439)
4(9003 18549 18550 9004)
4(8894 9005 18551 18440)
4(9004 18550 18551 9005)
4(8895 9006 18552 18441)
4(9005 18551 18552 9006)
4(8896 9007 18553 18442)
4(9006 18552 18553 9007)
4(8897 9008 18554 18443)
4(9007 18553 18554 9008)
4(8898 9009 18555 18444)
4(9008 18554 18555 9009)
4(8899 9010 18556 18445)
4(9009 18555 18556 9010)
4(8900 9011 18557 18446)
4(9010 18556 18557 9011)
4(8901 9012 18558 18447)
4(9011 18557 18558 9012)
4(8902 9013 18559 18448)
4(9012 18558 18559 9013)
4(8903 9014 18560 18449)
4(9013 18559 18560 9014)
4(8904 9015 18561 18450)
4(9014 18560 18561 9015)
4(8905 9016 18562 18451)
4(9015 18561 18562 9016)
4(8906 9017 18563 18452)
4(9016 18562 18563 9017)
4(8907 9018 18564 18453)
4(9017 18563 18564 9018)
4(8908 9019 18565 18454)
4(9018 18564 18565 9019)
4(8909 9020 18566 18455)
4(9019 18565 18566 9020)
4(8910 9021 18567 18456)
4(9020 18566 18567 9021)
4(8911 9022 18568 18457)
4(9021 18567 18568 9022)
4(8912 9023 18569 18458)
4(9022 18568 18569 9023)
4(8913 9024 18570 18459)
4(9023 18569 18570 9024)
4(8914 9025 18571 18460)
4(9024 18570 18571 9025)
4(8915 9026 18572 18461)
4(9025 18571 18572 9026)
4(8916 9027 18573 18462)
4(9026 18572 18573 9027)
4(8917 9028 18574 18463)
4(9027 18573 18574 9028)
4(8918 9029 18575 18464)
4(9028 18574 18575 9029)
4(8919 9030 18576 18465)
4(9029 18575 18576 9030)
4(8920 9031 18577 18466)
4(9030 18576 18577 9031)
4(8921 9032 18578 18467)
4(9031 18577 18578 9032)
4(8922 9033 18579 18468)
4(9032 18578 18579 9033)
4(8923 9034 18580 18469)
4(9033 18579 18580 9034)
4(8924 9035 18581 18470)
4(9034 18580 18581 9035)
4(8925 9036 18582 18471)
4(9035 18581 18582 9036)
4(8926 9037 18583 18472)
4(9036 18582 18583 9037)
4(8927 9038 18584 18473)
4(9037 18583 18584 9038)
4(8928 9039 18585 18474)
4(9038 18584 18585 9039)
4(8929 9040 18586 18475)
4(9039 18585 18586 9040)
4(8930 9041 18587 18476)
4(9040 18586 18587 9041)
4(8931 9042 18588 18477)
4(9041 18587 18588 9042)
4(8932 9043 18589 18478)
4(9042 18588 18589 9043)
4(8933 9044 18590 18479)
4(9043 18589 18590 9044)
4(8934 9045 18591 18480)
4(9044 18590 18591 9045)
4(8935 9046 18592 18481)
4(9045 18591 18592 9046)
4(8936 9047 18593 18482)
4(9046 18592 18593 9047)
4(8937 9048 18594 18483)
4(9047 18593 18594 9048)
4(8938 9049 18595 18484)
4(9048 18594 18595 9049)
4(8939 9050 18596 18485)
4(9049 18595 18596 9050)
4(8940 9051 18597 18486)
4(9050 18596 18597 9051)
4(8941 9052 18598 18487)
4(9051 18597 18598 9052)
4(8942 9053 18599 18488)
4(9052 18598 18599 9053)
4(8943 9054 18600 18489)
4(9053 18599 18600 9054)
4(8944 9055 18601 18490)
4(9054 18600 18601 9055)
4(8945 9056 18602 18491)
4(9055 18601 18602 9056)
4(8946 9057 18603 18492)
4(9056 18602 18603 9057)
4(8947 9058 18604 18493)
4(9057 18603 18604 9058)
4(8948 9059 18605 18494)
4(9058 18604 18605 9059)
4(8949 9060 18606 18495)
4(9059 18605 18606 9060)
4(8950 9061 18607 18496)
4(9060 18606 18607 9061)
4(8951 9062 18608 18497)
4(9061 18607 18608 9062)
4(8952 9063 18609 18498)
4(9062 18608 18609 9063)
4(8953 9064 18610 18499)
4(9063 18609 18610 9064)
4(8954 9065 18611 18500)
4(9064 18610 18611 9065)
4(8955 9066 18612 18501)
4(9065 18611 18612 9066)
4(8956 9067 18613 18502)
4(9066 18612 18613 9067)
4(8957 9068 18614 18503)
4(9067 18613 18614 9068)
4(8958 9069 18615 18504)
4(9068 18614 18615 9069)
4(8959 9070 18616 18505)
4(9069 18615 18616 9070)
4(8960 9071 18617 18506)
4(9070 18616 18617 9071)
4(8961 9072 18618 18507)
4(9071 18617 18618 9072)
4(8962 9073 18619 18508)
4(9072 18618 18619 9073)
4(8963 9074 18620 18509)
4(9073 18619 18620 9074)
4(8964 9075 18621 18510)
4(9074 18620 18621 9075)
4(8965 9076 18622 18511)
4(9075 18621 18622 9076)
4(8966 9077 18623 18512)
4(9076 18622 18623 9077)
4(8967 9078 18624 18513)
4(9077 18623 18624 9078)
4(8968 9079 18625 18514)
4(9078 18624 18625 9079)
4(8969 9080 18626 18515)
4(9079 18625 18626 9080)
4(8970 9081 18627 18516)
4(9080 18626 18627 9081)
4(8971 9082 18628 18517)
4(9081 18627 18628 9082)
4(8972 9083 18629 18518)
4(9082 18628 18629 9083)
4(8973 9084 18630 18519)
4(9083 18629 18630 9084)
4(8974 9085 18631 18520)
4(9084 18630 18631 9085)
4(8975 9086 18632 18521)
4(9085 18631 18632 9086)
4(8976 9087 18633 18522)
4(9086 18632 18633 9087)
4(8977 9088 18634 18523)
4(9087 18633 18634 9088)
4(8978 9089 18635 18524)
4(9088 18634 18635 9089)
4(8979 9090 18636 18525)
4(9089 18635 18636 9090)
4(8980 9091 18637 18526)
4(9090 18636 18637 9091)
4(8981 9092 18638 18527)
4(9091 18637 18638 9092)
4(8982 9093 18639 18528)
4(9092 18638 18639 9093)
4(8983 9094 18640 18529)
4(9093 18639 18640 9094)
4(8984 9095 18641 18530)
4(9094 18640 18641 9095)
4(8985 9096 18642 18531)
4(9095 18641 18642 9096)
4(8986 9097 18643 18532)
4(9096 18642 18643 9097)
4(8987 9098 18644 18533)
4(9097 18643 18644 9098)
4(8988 9099 18645 18534)
4(9098 18644 18645 9099)
4(8989 9100 18646 18535)
4(9099 18645 18646 9100)
4(9100 18646 18647 9101)
4(8992 9103 18649 18538)
4(9102 18648 18649 9103)
4(8993 9104 18650 18539)
4(9103 18649 18650 9104)
4(8994 9105 18651 18540)
4(9104 18650 18651 9105)
4(8995 9106 18652 18541)
4(9105 18651 18652 9106)
4(8996 9107 18653 18542)
4(9106 18652 18653 9107)
4(8997 9108 18654 18543)
4(9107 18653 18654 9108)
4(8998 9109 18655 18544)
4(9108 18654 18655 9109)
4(8999 9110 18656 18545)
4(9109 18655 18656 9110)
4(9000 9111 18657 18546)
4(9110 18656 18657 9111)
4(9001 9112 18658 18547)
4(9111 18657 18658 9112)
4(9002 9113 18659 18548)
4(9112 18658 18659 9113)
4(9003 9114 18660 18549)
4(9113 18659 18660 9114)
4(9004 9115 18661 18550)
4(9114 18660 18661 9115)
4(9005 9116 18662 18551)
4(9115 18661 18662 9116)
4(9006 9117 18663 18552)
4(9116 18662 18663 9117)
4(9007 9118 18664 18553)
4(9117 18663 18664 9118)
4(9008 9119 18665 18554)
4(9118 18664 18665 9119)
4(9009 9120 18666 18555)
4(9119 18665 18666 9120)
4(9010 9121 18667 18556)
4(9120 18666 18667 9121)
4(9011 9122 18668 18557)
4(9121 18667 18668 9122)
4(9012 9123 18669 18558)
4(9122 18668 18669 9123)
4(9013 9124 18670 18559)
4(9123 18669 18670 9124)
4(9014 9125 18671 18560)
4(9124 18670 18671 9125)
4(9015 9126 18672 18561)
4(9125 18671 18672 9126)
4(9016 9127 18673 18562)
4(9126 18672 18673 9127)
4(9017 9128 18674 18563)
4(9127 18673 18674 9128)
4(9018 9129 18675 18564)
4(9128 18674 18675 9129)
4(9019 9130 18676 18565)
4(9129 18675 18676 9130)
4(9020 9131 18677 18566)
4(9130 18676 18677 9131)
4(9021 9132 18678 18567)
4(9131 18677 18678 9132)
4(9022 9133 18679 18568)
4(9132 18678 18679 9133)
4(9023 9134 18680 18569)
4(9133 18679 18680 9134)
4(9024 9135 18681 18570)
4(9134 18680 18681 9135)
4(9025 9136 18682 18571)
4(9135 18681 18682 9136)
4(9026 9137 18683 18572)
4(9136 18682 18683 9137)
4(9027 9138 18684 18573)
4(9137 18683 18684 9138)
4(9028 9139 18685 18574)
4(9138 18684 18685 9139)
4(9029 9140 18686 18575)
4(9139 18685 18686 9140)
4(9030 9141 18687 18576)
4(9140 18686 18687 9141)
4(9031 9142 18688 18577)
4(9141 18687 18688 9142)
4(9032 9143 18689 18578)
4(9142 18688 18689 9143)
4(9033 9144 18690 18579)
4(9143 18689 18690 9144)
4(9034 9145 18691 18580)
4(9144 18690 18691 9145)
4(9035 9146 18692 18581)
4(9145 18691 18692 9146)
4(9036 9147 18693 18582)
4(9146 18692 18693 9147)
4(9037 9148 18694 18583)
4(9147 18693 18694 9148)
4(9038 9149 18695 18584)
4(9148 18694 18695 9149)
4(9039 9150 18696 18585)
4(9149 18695 18696 9150)
4(9040 9151 18697 18586)
4(9150 18696 18697 9151)
4(9041 9152 18698 18587)
4(9151 18697 18698 9152)
4(9042 9153 18699 18588)
4(9152 18698 18699 9153)
4(9043 9154 18700 18589)
4(9153 18699 18700 9154)
4(9044 9155 18701 18590)
4(9154 18700 18701 9155)
4(9045 9156 18702 18591)
4(9155 18701 18702 9156)
4(9046 9157 18703 18592)
4(9156 18702 18703 9157)
4(9047 9158 18704 18593)
4(9157 18703 18704 9158)
4(9048 9159 18705 18594)
4(9158 18704 18705 9159)
4(9049 9160 18706 18595)
4(9159 18705 18706 9160)
4(9050 9161 18707 18596)
4(9160 18706 18707 9161)
4(9051 9162 18708 18597)
4(9161 18707 18708 9162)
4(9052 9163 18709 18598)
4(9162 18708 18709 9163)
4(9053 9164 18710 18599)
4(9163 18709 18710 9164)
4(9054 9165 18711 18600)
4(9164 18710 18711 9165)
4(9055 9166 18712 18601)
4(9165 18711 18712 9166)
4(9056 9167 18713 18602)
4(9166 18712 18713 9167)
4(9057 9168 18714 18603)
4(9167 18713 18714 9168)
4(9058 9169 18715 18604)
4(9168 18714 18715 9169)
4(9059 9170 18716 18605)
4(9169 18715 18716 9170)
4(9060 9171 18717 18606)
4(9170 18716 18717 9171)
4(9061 9172 18718 18607)
4(9171 18717 18718 9172)
4(9062 9173 18719 18608)
4(9172 18718 18719 9173)
4(9063 9174 18720 18609)
4(9173 18719 18720 9174)
4(9064 9175 18721 18610)
4(9174 18720 18721 9175)
4(9065 9176 18722 18611)
4(9175 18721 18722 9176)
4(9066 9177 18723 18612)
4(9176 18722 18723 9177)
4(9067 9178 18724 18613)
4(9177 18723 18724 9178)
4(9068 9179 18725 18614)
4(9178 18724 18725 9179)
4(9069 9180 18726 18615)
4(9179 18725 18726 9180)
4(9070 9181 18727 18616)
4(9180 18726 18727 9181)
4(9071 9182 18728 18617)
4(9181 18727 18728 9182)
4(9072 9183 18729 18618)
4(9182 18728 18729 9183)
4(9073 9184 18730 18619)
4(9183 18729 18730 9184)
4(9074 9185 18731 18620)
4(9184 18730 18731 9185)
4(9075 9186 18732 18621)
4(9185 18731 18732 9186)
4(9076 9187 18733 18622)
4(9186 18732 18733 9187)
4(9077 9188 18734 18623)
4(9187 18733 18734 9188)
4(9078 9189 18735 18624)
4(9188 18734 18735 9189)
4(9079 9190 18736 18625)
4(9189 18735 18736 9190)
4(9080 9191 18737 18626)
4(9190 18736 18737 9191)
4(9081 9192 18738 18627)
4(9191 18737 18738 9192)
4(9082 9193 18739 18628)
4(9192 18738 18739 9193)
4(9083 9194 18740 18629)
4(9193 18739 18740 9194)
4(9084 9195 18741 18630)
4(9194 18740 18741 9195)
4(9085 9196 18742 18631)
4(9195 18741 18742 9196)
4(9086 9197 18743 18632)
4(9196 18742 18743 9197)
4(9087 9198 18744 18633)
4(9197 18743 18744 9198)
4(9088 9199 18745 18634)
4(9198 18744 18745 9199)
4(9089 9200 18746 18635)
4(9199 18745 18746 9200)
4(9090 9201 18747 18636)
4(9200 18746 18747 9201)
4(9091 9202 18748 18637)
4(9201 18747 18748 9202)
4(9092 9203 18749 18638)
4(9202 18748 18749 9203)
4(9093 9204 18750 18639)
4(9203 18749 18750 9204)
4(9094 9205 18751 18640)
4(9204 18750 18751 9205)
4(9095 9206 18752 18641)
4(9205 18751 18752 9206)
4(9096 9207 18753 18642)
4(9206 18752 18753 9207)
4(9097 9208 18754 18643)
4(9207 18753 18754 9208)
4(9098 9209 18755 18644)
4(9208 18754 18755 9209)
4(9099 9210 18756 18645)
4(9209 18755 18756 9210)
4(9100 9211 18757 18646)
4(9210 18756 18757 9211)
4(9211 18757 18758 9212)
4(9103 9214 18760 18649)
4(9213 18759 18760 9214)
4(9104 9215 18761 18650)
4(9214 18760 18761 9215)
4(9105 9216 18762 18651)
4(9215 18761 18762 9216)
4(9106 9217 18763 18652)
4(9216 18762 18763 9217)
4(9107 9218 18764 18653)
4(9217 18763 18764 9218)
4(9108 9219 18765 18654)
4(9218 18764 18765 9219)
4(9109 9220 18766 18655)
4(9219 18765 18766 9220)
4(9110 9221 18767 18656)
4(9220 18766 18767 9221)
4(9111 9222 18768 18657)
4(9221 18767 18768 9222)
4(9112 9223 18769 18658)
4(9222 18768 18769 9223)
4(9113 9224 18770 18659)
4(9223 18769 18770 9224)
4(9114 9225 18771 18660)
4(9224 18770 18771 9225)
4(9115 9226 18772 18661)
4(9225 18771 18772 9226)
4(9116 9227 18773 18662)
4(9226 18772 18773 9227)
4(9117 9228 18774 18663)
4(9227 18773 18774 9228)
4(9118 9229 18775 18664)
4(9228 18774 18775 9229)
4(9119 9230 18776 18665)
4(9229 18775 18776 9230)
4(9120 9231 18777 18666)
4(9230 18776 18777 9231)
4(9121 9232 18778 18667)
4(9231 18777 18778 9232)
4(9122 9233 18779 18668)
4(9232 18778 18779 9233)
4(9123 9234 18780 18669)
4(9233 18779 18780 9234)
4(9124 9235 18781 18670)
4(9234 18780 18781 9235)
4(9125 9236 18782 18671)
4(9235 18781 18782 9236)
4(9126 9237 18783 18672)
4(9236 18782 18783 9237)
4(9127 9238 18784 18673)
4(9237 18783 18784 9238)
4(9128 9239 18785 18674)
4(9238 18784 18785 9239)
4(9129 9240 18786 18675)
4(9239 18785 18786 9240)
4(9130 9241 18787 18676)
4(9240 18786 18787 9241)
4(9131 9242 18788 18677)
4(9241 18787 18788 9242)
4(9132 9243 18789 18678)
4(9242 18788 18789 9243)
4(9133 9244 18790 18679)
4(9243 18789 18790 9244)
4(9134 9245 18791 18680)
4(9244 18790 18791 9245)
4(9135 9246 18792 18681)
4(9245 18791 18792 9246)
4(9136 9247 18793 18682)
4(9246 18792 18793 9247)
4(9137 9248 18794 18683)
4(9247 18793 18794 9248)
4(9138 9249 18795 18684)
4(9248 18794 18795 9249)
4(9139 9250 18796 18685)
4(9249 18795 18796 9250)
4(9140 9251 18797 18686)
4(9250 18796 18797 9251)
4(9141 9252 18798 18687)
4(9251 18797 18798 9252)
4(9142 9253 18799 18688)
4(9252 18798 18799 9253)
4(9143 9254 18800 18689)
4(9253 18799 18800 9254)
4(9144 9255 18801 18690)
4(9254 18800 18801 9255)
4(9145 9256 18802 18691)
4(9255 18801 18802 9256)
4(9146 9257 18803 18692)
4(9256 18802 18803 9257)
4(9147 9258 18804 18693)
4(9257 18803 18804 9258)
4(9148 9259 18805 18694)
4(9258 18804 18805 9259)
4(9149 9260 18806 18695)
4(9259 18805 18806 9260)
4(9150 9261 18807 18696)
4(9260 18806 18807 9261)
4(9151 9262 18808 18697)
4(9261 18807 18808 9262)
4(9152 9263 18809 18698)
4(9262 18808 18809 9263)
4(9153 9264 18810 18699)
4(9263 18809 18810 9264)
4(9154 9265 18811 18700)
4(9264 18810 18811 9265)
4(9155 9266 18812 18701)
4(9265 18811 18812 9266)
4(9156 9267 18813 18702)
4(9266 18812 18813 9267)
4(9157 9268 18814 18703)
4(9267 18813 18814 9268)
4(9158 9269 18815 18704)
4(9268 18814 18815 9269)
4(9159 9270 18816 18705)
4(9269 18815 18816 9270)
4(9160 9271 18817 18706)
4(9270 18816 18817 9271)
4(9161 9272 18818 18707)
4(9271 18817 18818 9272)
4(9162 9273 18819 18708)
4(9272 18818 18819 9273)
4(9163 9274 18820 18709)
4(9273 18819 18820 9274)
4(9164 9275 18821 18710)
4(9274 18820 18821 9275)
4(9165 9276 18822 18711)
4(9275 18821 18822 9276)
4(9166 9277 18823 18712)
4(9276 18822 18823 9277)
4(9167 9278 18824 18713)
4(9277 18823 18824 9278)
4(9168 9279 18825 18714)
4(9278 18824 18825 9279)
4(9169 9280 18826 18715)
4(9279 18825 18826 9280)
4(9170 9281 18827 18716)
4(9280 18826 18827 9281)
4(9171 9282 18828 18717)
4(9281 18827 18828 9282)
4(9172 9283 18829 18718)
4(9282 18828 18829 9283)
4(9173 9284 18830 18719)
4(9283 18829 18830 9284)
4(9174 9285 18831 18720)
4(9284 18830 18831 9285)
4(9175 9286 18832 18721)
4(9285 18831 18832 9286)
4(9176 9287 18833 18722)
4(9286 18832 18833 9287)
4(9177 9288 18834 18723)
4(9287 18833 18834 9288)
4(9178 9289 18835 18724)
4(9288 18834 18835 9289)
4(9179 9290 18836 18725)
4(9289 18835 18836 9290)
4(9180 9291 18837 18726)
4(9290 18836 18837 9291)
4(9181 9292 18838 18727)
4(9291 18837 18838 9292)
4(9182 9293 18839 18728)
4(9292 18838 18839 9293)
4(9183 9294 18840 18729)
4(9293 18839 18840 9294)
4(9184 9295 18841 18730)
4(9294 18840 18841 9295)
4(9185 9296 18842 18731)
4(9295 18841 18842 9296)
4(9186 9297 18843 18732)
4(9296 18842 18843 9297)
4(9187 9298 18844 18733)
4(9297 18843 18844 9298)
4(9188 9299 18845 18734)
4(9298 18844 18845 9299)
4(9189 9300 18846 18735)
4(9299 18845 18846 9300)
4(9190 9301 18847 18736)
4(9300 18846 18847 9301)
4(9191 9302 18848 18737)
4(9301 18847 18848 9302)
4(9192 9303 18849 18738)
4(9302 18848 18849 9303)
4(9193 9304 18850 18739)
4(9303 18849 18850 9304)
4(9194 9305 18851 18740)
4(9304 18850 18851 9305)
4(9195 9306 18852 18741)
4(9305 18851 18852 9306)
4(9196 9307 18853 18742)
4(9306 18852 18853 9307)
4(9197 9308 18854 18743)
4(9307 18853 18854 9308)
4(9198 9309 18855 18744)
4(9308 18854 18855 9309)
4(9199 9310 18856 18745)
4(9309 18855 18856 9310)
4(9200 9311 18857 18746)
4(9310 18856 18857 9311)
4(9201 9312 18858 18747)
4(9311 18857 18858 9312)
4(9202 9313 18859 18748)
4(9312 18858 18859 9313)
4(9203 9314 18860 18749)
4(9313 18859 18860 9314)
4(9204 9315 18861 18750)
4(9314 18860 18861 9315)
4(9205 9316 18862 18751)
4(9315 18861 18862 9316)
4(9206 9317 18863 18752)
4(9316 18862 18863 9317)
4(9207 9318 18864 18753)
4(9317 18863 18864 9318)
4(9208 9319 18865 18754)
4(9318 18864 18865 9319)
4(9209 9320 18866 18755)
4(9319 18865 18866 9320)
4(9210 9321 18867 18756)
4(9320 18866 18867 9321)
4(9211 9322 18868 18757)
4(9321 18867 18868 9322)
4(9322 18868 18869 9323)
4(9214 9325 18871 18760)
4(9324 18870 18871 9325)
4(9215 9326 18872 18761)
4(9325 18871 18872 9326)
4(9216 9327 18873 18762)
4(9326 18872 18873 9327)
4(9217 9328 18874 18763)
4(9327 18873 18874 9328)
4(9218 9329 18875 18764)
4(9328 18874 18875 9329)
4(9219 9330 18876 18765)
4(9329 18875 18876 9330)
4(9220 9331 18877 18766)
4(9330 18876 18877 9331)
4(9221 9332 18878 18767)
4(9331 18877 18878 9332)
4(9222 9333 18879 18768)
4(9332 18878 18879 9333)
4(9223 9334 18880 18769)
4(9333 18879 18880 9334)
4(9224 9335 18881 18770)
4(9334 18880 18881 9335)
4(9225 9336 18882 18771)
4(9335 18881 18882 9336)
4(9226 9337 18883 18772)
4(9336 18882 18883 9337)
4(9227 9338 18884 18773)
4(9337 18883 18884 9338)
4(9228 9339 18885 18774)
4(9338 18884 18885 9339)
4(9229 9340 18886 18775)
4(9339 18885 18886 9340)
4(9230 9341 18887 18776)
4(9340 18886 18887 9341)
4(9231 9342 18888 18777)
4(9341 18887 18888 9342)
4(9232 9343 18889 18778)
4(9342 18888 18889 9343)
4(9233 9344 18890 18779)
4(9343 18889 18890 9344)
4(9234 9345 18891 18780)
4(9344 18890 18891 9345)
4(9235 9346 18892 18781)
4(9345 18891 18892 9346)
4(9236 9347 18893 18782)
4(9346 18892 18893 9347)
4(9237 9348 18894 18783)
4(9347 18893 18894 9348)
4(9238 9349 18895 18784)
4(9348 18894 18895 9349)
4(9239 9350 18896 18785)
4(9349 18895 18896 9350)
4(9240 9351 18897 18786)
4(9350 18896 18897 9351)
4(9241 9352 18898 18787)
4(9351 18897 18898 9352)
4(9242 9353 18899 18788)
4(9352 18898 18899 9353)
4(9243 9354 18900 18789)
4(9353 18899 18900 9354)
4(9244 9355 18901 18790)
4(9354 18900 18901 9355)
4(9245 9356 18902 18791)
4(9355 18901 18902 9356)
4(9246 9357 18903 18792)
4(9356 18902 18903 9357)
4(9247 9358 18904 18793)
4(9357 18903 18904 9358)
4(9248 9359 18905 18794)
4(9358 18904 18905 9359)
4(9249 9360 18906 18795)
4(9359 18905 18906 9360)
4(9250 9361 18907 18796)
4(9360 18906 18907 9361)
4(9251 9362 18908 18797)
4(9361 18907 18908 9362)
4(9252 9363 18909 18798)
4(9362 18908 18909 9363)
4(9253 9364 18910 18799)
4(9363 18909 18910 9364)
4(9254 9365 18911 18800)
4(9364 18910 18911 9365)
4(9255 9366 18912 18801)
4(9365 18911 18912 9366)
4(9256 9367 18913 18802)
4(9366 18912 18913 9367)
4(9257 9368 18914 18803)
4(9367 18913 18914 9368)
4(9258 9369 18915 18804)
4(9368 18914 18915 9369)
4(9259 9370 18916 18805)
4(9369 18915 18916 9370)
4(9260 9371 18917 18806)
4(9370 18916 18917 9371)
4(9261 9372 18918 18807)
4(9371 18917 18918 9372)
4(9262 9373 18919 18808)
4(9372 18918 18919 9373)
4(9263 9374 18920 18809)
4(9373 18919 18920 9374)
4(9264 9375 18921 18810)
4(9374 18920 18921 9375)
4(9265 9376 18922 18811)
4(9375 18921 18922 9376)
4(9266 9377 18923 18812)
4(9376 18922 18923 9377)
4(9267 9378 18924 18813)
4(9377 18923 18924 9378)
4(9268 9379 18925 18814)
4(9378 18924 18925 9379)
4(9269 9380 18926 18815)
4(9379 18925 18926 9380)
4(9270 9381 18927 18816)
4(9380 18926 18927 9381)
4(9271 9382 18928 18817)
4(9381 18927 18928 9382)
4(9272 9383 18929 18818)
4(9382 18928 18929 9383)
4(9273 9384 18930 18819)
4(9383 18929 18930 9384)
4(9274 9385 18931 18820)
4(9384 18930 18931 9385)
4(9275 9386 18932 18821)
4(9385 18931 18932 9386)
4(9276 9387 18933 18822)
4(9386 18932 18933 9387)
4(9277 9388 18934 18823)
4(9387 18933 18934 9388)
4(9278 9389 18935 18824)
4(9388 18934 18935 9389)
4(9279 9390 18936 18825)
4(9389 18935 18936 9390)
4(9280 9391 18937 18826)
4(9390 18936 18937 9391)
4(9281 9392 18938 18827)
4(9391 18937 18938 9392)
4(9282 9393 18939 18828)
4(9392 18938 18939 9393)
4(9283 9394 18940 18829)
4(9393 18939 18940 9394)
4(9284 9395 18941 18830)
4(9394 18940 18941 9395)
4(9285 9396 18942 18831)
4(9395 18941 18942 9396)
4(9286 9397 18943 18832)
4(9396 18942 18943 9397)
4(9287 9398 18944 18833)
4(9397 18943 18944 9398)
4(9288 9399 18945 18834)
4(9398 18944 18945 9399)
4(9289 9400 18946 18835)
4(9399 18945 18946 9400)
4(9290 9401 18947 18836)
4(9400 18946 18947 9401)
4(9291 9402 18948 18837)
4(9401 18947 18948 9402)
4(9292 9403 18949 18838)
4(9402 18948 18949 9403)
4(9293 9404 18950 18839)
4(9403 18949 18950 9404)
4(9294 9405 18951 18840)
4(9404 18950 18951 9405)
4(9295 9406 18952 18841)
4(9405 18951 18952 9406)
4(9296 9407 18953 18842)
4(9406 18952 18953 9407)
4(9297 9408 18954 18843)
4(9407 18953 18954 9408)
4(9298 9409 18955 18844)
4(9408 18954 18955 9409)
4(9299 9410 18956 18845)
4(9409 18955 18956 9410)
4(9300 9411 18957 18846)
4(9410 18956 18957 9411)
4(9301 9412 18958 18847)
4(9411 18957 18958 9412)
4(9302 9413 18959 18848)
4(9412 18958 18959 9413)
4(9303 9414 18960 18849)
4(9413 18959 18960 9414)
4(9304 9415 18961 18850)
4(9414 18960 18961 9415)
4(9305 9416 18962 18851)
4(9415 18961 18962 9416)
4(9306 9417 18963 18852)
4(9416 18962 18963 9417)
4(9307 9418 18964 18853)
4(9417 18963 18964 9418)
4(9308 9419 18965 18854)
4(9418 18964 18965 9419)
4(9309 9420 18966 18855)
4(9419 18965 18966 9420)
4(9310 9421 18967 18856)
4(9420 18966 18967 9421)
4(9311 9422 18968 18857)
4(9421 18967 18968 9422)
4(9312 9423 18969 18858)
4(9422 18968 18969 9423)
4(9313 9424 18970 18859)
4(9423 18969 18970 9424)
4(9314 9425 18971 18860)
4(9424 18970 18971 9425)
4(9315 9426 18972 18861)
4(9425 18971 18972 9426)
4(9316 9427 18973 18862)
4(9426 18972 18973 9427)
4(9317 9428 18974 18863)
4(9427 18973 18974 9428)
4(9318 9429 18975 18864)
4(9428 18974 18975 9429)
4(9319 9430 18976 18865)
4(9429 18975 18976 9430)
4(9320 9431 18977 18866)
4(9430 18976 18977 9431)
4(9321 9432 18978 18867)
4(9431 18977 18978 9432)
4(9322 9433 18979 18868)
4(9432 18978 18979 9433)
4(9433 18979 18980 9434)
4(9325 9436 18982 18871)
4(9326 9437 18983 18872)
4(9327 9438 18984 18873)
4(9328 9439 18985 18874)
4(9329 9440 18986 18875)
4(9330 9441 18987 18876)
4(9331 9442 18988 18877)
4(9332 9443 18989 18878)
4(9333 9444 18990 18879)
4(9334 9445 18991 18880)
4(9335 9446 18992 18881)
4(9336 9447 18993 18882)
4(9337 9448 18994 18883)
4(9338 9449 18995 18884)
4(9339 9450 18996 18885)
4(9340 9451 18997 18886)
4(9341 9452 18998 18887)
4(9342 9453 18999 18888)
4(9343 9454 19000 18889)
4(9344 9455 19001 18890)
4(9345 9456 19002 18891)
4(9346 9457 19003 18892)
4(9347 9458 19004 18893)
4(9348 9459 19005 18894)
4(9349 9460 19006 18895)
4(9350 9461 19007 18896)
4(9351 9462 19008 18897)
4(9352 9463 19009 18898)
4(9353 9464 19010 18899)
4(9354 9465 19011 18900)
4(9355 9466 19012 18901)
4(9356 9467 19013 18902)
4(9357 9468 19014 18903)
4(9358 9469 19015 18904)
4(9359 9470 19016 18905)
4(9360 9471 19017 18906)
4(9361 9472 19018 18907)
4(9362 9473 19019 18908)
4(9363 9474 19020 18909)
4(9364 9475 19021 18910)
4(9365 9476 19022 18911)
4(9366 9477 19023 18912)
4(9367 9478 19024 18913)
4(9368 9479 19025 18914)
4(9369 9480 19026 18915)
4(9370 9481 19027 18916)
4(9371 9482 19028 18917)
4(9372 9483 19029 18918)
4(9373 9484 19030 18919)
4(9374 9485 19031 18920)
4(9375 9486 19032 18921)
4(9376 9487 19033 18922)
4(9377 9488 19034 18923)
4(9378 9489 19035 18924)
4(9379 9490 19036 18925)
4(9380 9491 19037 18926)
4(9381 9492 19038 18927)
4(9382 9493 19039 18928)
4(9383 9494 19040 18929)
4(9384 9495 19041 18930)
4(9385 9496 19042 18931)
4(9386 9497 19043 18932)
4(9387 9498 19044 18933)
4(9388 9499 19045 18934)
4(9389 9500 19046 18935)
4(9390 9501 19047 18936)
4(9391 9502 19048 18937)
4(9392 9503 19049 18938)
4(9393 9504 19050 18939)
4(9394 9505 19051 18940)
4(9395 9506 19052 18941)
4(9396 9507 19053 18942)
4(9397 9508 19054 18943)
4(9398 9509 19055 18944)
4(9399 9510 19056 18945)
4(9400 9511 19057 18946)
4(9401 9512 19058 18947)
4(9402 9513 19059 18948)
4(9403 9514 19060 18949)
4(9404 9515 19061 18950)
4(9405 9516 19062 18951)
4(9406 9517 19063 18952)
4(9407 9518 19064 18953)
4(9408 9519 19065 18954)
4(9409 9520 19066 18955)
4(9410 9521 19067 18956)
4(9411 9522 19068 18957)
4(9412 9523 19069 18958)
4(9413 9524 19070 18959)
4(9414 9525 19071 18960)
4(9415 9526 19072 18961)
4(9416 9527 19073 18962)
4(9417 9528 19074 18963)
4(9418 9529 19075 18964)
4(9419 9530 19076 18965)
4(9420 9531 19077 18966)
4(9421 9532 19078 18967)
4(9422 9533 19079 18968)
4(9423 9534 19080 18969)
4(9424 9535 19081 18970)
4(9425 9536 19082 18971)
4(9426 9537 19083 18972)
4(9427 9538 19084 18973)
4(9428 9539 19085 18974)
4(9429 9540 19086 18975)
4(9430 9541 19087 18976)
4(9431 9542 19088 18977)
4(9432 9543 19089 18978)
4(9433 9544 19090 18979)
4(0 9546 9657 111)
4(111 9657 9768 222)
4(222 9768 9879 333)
4(333 9879 9990 444)
4(444 9990 10101 555)
4(555 10101 10212 666)
4(666 10212 10323 777)
4(777 10323 10434 888)
4(888 10434 10545 999)
4(999 10545 10656 1110)
4(1110 10656 10767 1221)
4(1221 10767 10878 1332)
4(1332 10878 10989 1443)
4(1443 10989 11100 1554)
4(1554 11100 11211 1665)
4(1665 11211 11322 1776)
4(1776 11322 11433 1887)
4(1887 11433 11544 1998)
4(1998 11544 11655 2109)
4(2109 11655 11766 2220)
4(2220 11766 11877 2331)
4(2331 11877 11988 2442)
4(2442 11988 12099 2553)
4(2553 12099 12210 2664)
4(2664 12210 12321 2775)
4(2775 12321 12432 2886)
4(2886 12432 12543 2997)
4(2997 12543 12654 3108)
4(3108 12654 12765 3219)
4(3219 12765 12876 3330)
4(3330 12876 12987 3441)
4(3441 12987 13098 3552)
4(3552 13098 13209 3663)
4(3663 13209 13320 3774)
4(3774 13320 13431 3885)
4(3885 13431 13542 3996)
4(3996 13542 13653 4107)
4(4107 13653 13764 4218)
4(4218 13764 13875 4329)
4(4329 13875 13986 4440)
4(4440 13986 14097 4551)
4(4551 14097 14208 4662)
4(4662 14208 14319 4773)
4(4773 14319 14430 4884)
4(4884 14430 14541 4995)
4(4995 14541 14652 5106)
4(5106 14652 14763 5217)
4(5217 14763 14874 5328)
4(5328 14874 14985 5439)
4(5439 14985 15096 5550)
4(5550 15096 15207 5661)
4(5661 15207 15318 5772)
4(5772 15318 15429 5883)
4(5883 15429 15540 5994)
4(5994 15540 15651 6105)
4(6105 15651 15762 6216)
4(6216 15762 15873 6327)
4(6327 15873 15984 6438)
4(6438 15984 16095 6549)
4(6549 16095 16206 6660)
4(6660 16206 16317 6771)
4(6771 16317 16428 6882)
4(6882 16428 16539 6993)
4(6993 16539 16650 7104)
4(7104 16650 16761 7215)
4(7215 16761 16872 7326)
4(7326 16872 16983 7437)
4(7437 16983 17094 7548)
4(7548 17094 17205 7659)
4(7659 17205 17316 7770)
4(7770 17316 17427 7881)
4(7881 17427 17538 7992)
4(7992 17538 17649 8103)
4(8103 17649 17760 8214)
4(8214 17760 17871 8325)
4(8325 17871 17982 8436)
4(8436 17982 18093 8547)
4(8547 18093 18204 8658)
4(8658 18204 18315 8769)
4(8769 18315 18426 8880)
4(8880 18426 18537 8991)
4(8991 18537 18648 9102)
4(9102 18648 18759 9213)
4(9213 18759 18870 9324)
4(9324 18870 18981 9435)
4(110 221 9767 9656)
4(221 332 9878 9767)
4(332 443 9989 9878)
4(443 554 10100 9989)
4(554 665 10211 10100)
4(665 776 10322 10211)
4(776 887 10433 10322)
4(887 998 10544 10433)
4(998 1109 10655 10544)
4(1109 1220 10766 10655)
4(1220 1331 10877 10766)
4(1331 1442 10988 10877)
4(1442 1553 11099 10988)
4(1553 1664 11210 11099)
4(1664 1775 11321 11210)
4(1775 1886 11432 11321)
4(1886 1997 11543 11432)
4(1997 2108 11654 11543)
4(2108 2219 11765 11654)
4(2219 2330 11876 11765)
4(2330 2441 11987 11876)
4(2441 2552 12098 11987)
4(2552 2663 12209 12098)
4(2663 2774 12320 12209)
4(2774 2885 12431 12320)
4(2885 2996 12542 12431)
4(2996 3107 12653 12542)
4(3107 3218 12764 12653)
4(3218 3329 12875 12764)
4(3329 3440 12986 12875)
4(3440 3551 13097 12986)
4(3551 3662 13208 13097)
4(3662 3773 13319 13208)
4(3773 3884 13430 13319)
4(3884 3995 13541 13430)
4(3995 4106 13652 13541)
4(4106 4217 13763 13652)
4(4217 4328 13874 13763)
4(4328 4439 13985 13874)
4(4439 4550 14096 13985)
4(4550 4661 14207 14096)
4(4661 4772 14318 14207)
4(4772 4883 14429 14318)
4(4883 4994 14540 14429)
4(4994 5105 14651 14540)
4(5105 5216 14762 14651)
4(5216 5327 14873 14762)
4(5327 5438 14984 14873)
4(5438 5549 15095 14984)
4(5549 5660 15206 15095)
4(5660 5771 15317 15206)
4(5771 5882 15428 15317)
4(5882 5993 15539 15428)
4(5993 6104 15650 15539)
4(6104 6215 15761 15650)
4(6215 6326 15872 15761)
4(6326 6437 15983 15872)
4(6437 6548 16094 15983)
4(6548 6659 16205 16094)
4(6659 6770 16316 16205)
4(6770 6881 16427 16316)
4(6881 6992 16538 16427)
4(6992 7103 16649 16538)
4(7103 7214 16760 16649)
4(7214 7325 16871 16760)
4(7325 7436 16982 16871)
4(7436 7547 17093 16982)
4(7547 7658 17204 17093)
4(7658 7769 17315 17204)
4(7769 7880 17426 17315)
4(7880 7991 17537 17426)
4(7991 8102 17648 17537)
4(8102 8213 17759 17648)
4(8213 8324 17870 17759)
4(8324 8435 17981 17870)
4(8435 8546 18092 17981)
4(8546 8657 18203 18092)
4(8657 8768 18314 18203)
4(8768 8879 18425 18314)
4(8879 8990 18536 18425)
4(8990 9101 18647 18536)
4(9101 9212 18758 18647)
4(9212 9323 18869 18758)
4(9323 9434 18980 18869)
4(9434 9545 19091 18980)
4(9435 18981 18982 9436)
4(9436 18982 18983 9437)
4(9437 18983 18984 9438)
4(9438 18984 18985 9439)
4(9439 18985 18986 9440)
4(9440 18986 18987 9441)
4(9441 18987 18988 9442)
4(9442 18988 18989 9443)
4(9443 18989 18990 9444)
4(9444 18990 18991 9445)
4(9445 18991 18992 9446)
4(9446 18992 18993 9447)
4(9447 18993 18994 9448)
4(9448 18994 18995 9449)
4(9449 18995 18996 9450)
4(9450 18996 18997 9451)
4(9451 18997 18998 9452)
4(9452 18998 18999 9453)
4(9453 18999 19000 9454)
4(9454 19000 19001 9455)
4(9455 19001 19002 9456)
4(9456 19002 19003 9457)
4(9457 19003 19004 9458)
4(9458 19004 19005 9459)
4(9459 19005 19006 9460)
4(9460 19006 19007 9461)
4(9461 19007 19008 9462)
4(9462 19008 19009 9463)
4(9463 19009 19010 9464)
4(9464 19010 19011 9465)
4(9465 19011 19012 9466)
4(9466 19012 19013 9467)
4(9467 19013 19014 9468)
4(9468 19014 19015 9469)
4(9469 19015 19016 9470)
4(9470 19016 19017 9471)
4(9471 19017 19018 9472)
4(9472 19018 19019 9473)
4(9473 19019 19020 9474)
4(9474 19020 19021 9475)
4(9475 19021 19022 9476)
4(9476 19022 19023 9477)
4(9477 19023 19024 9478)
4(9478 19024 19025 9479)
4(9479 19025 19026 9480)
4(9480 19026 19027 9481)
4(9481 19027 19028 9482)
4(9482 19028 19029 9483)
4(9483 19029 19030 9484)
4(9484 19030 19031 9485)
4(9485 19031 19032 9486)
4(9486 19032 19033 9487)
4(9487 19033 19034 9488)
4(9488 19034 19035 9489)
4(9489 19035 19036 9490)
4(9490 19036 19037 9491)
4(9491 19037 19038 9492)
4(9492 19038 19039 9493)
4(9493 19039 19040 9494)
4(9494 19040 19041 9495)
4(9495 19041 19042 9496)
4(9496 19042 19043 9497)
4(9497 19043 19044 9498)
4(9498 19044 19045 9499)
4(9499 19045 19046 9500)
4(9500 19046 19047 9501)
4(9501 19047 19048 9502)
4(9502 19048 19049 9503)
4(9503 19049 19050 9504)
4(9504 19050 19051 9505)
4(9505 19051 19052 9506)
4(9506 19052 19053 9507)
4(9507 19053 19054 9508)
4(9508 19054 19055 9509)
4(9509 19055 19056 9510)
4(9510 19056 19057 9511)
4(9511 19057 19058 9512)
4(9512 19058 19059 9513)
4(9513 19059 19060 9514)
4(9514 19060 19061 9515)
4(9515 19061 19062 9516)
4(9516 19062 19063 9517)
4(9517 19063 19064 9518)
4(9518 19064 19065 9519)
4(9519 19065 19066 9520)
4(9520 19066 19067 9521)
4(9521 19067 19068 9522)
4(9522 19068 19069 9523)
4(9523 19069 19070 9524)
4(9524 19070 19071 9525)
4(9525 19071 19072 9526)
4(9526 19072 19073 9527)
4(9527 19073 19074 9528)
4(9528 19074 19075 9529)
4(9529 19075 19076 9530)
4(9530 19076 19077 9531)
4(9531 19077 19078 9532)
4(9532 19078 19079 9533)
4(9533 19079 19080 9534)
4(9534 19080 19081 9535)
4(9535 19081 19082 9536)
4(9536 19082 19083 9537)
4(9537 19083 19084 9538)
4(9538 19084 19085 9539)
4(9539 19085 19086 9540)
4(9540 19086 19087 9541)
4(9541 19087 19088 9542)
4(9542 19088 19089 9543)
4(9543 19089 19090 9544)
4(9544 19090 19091 9545)
4(0 1 9547 9546)
4(1 2 9548 9547)
4(2 3 9549 9548)
4(3 4 9550 9549)
4(4 5 9551 9550)
4(5 6 9552 9551)
4(6 7 9553 9552)
4(7 8 9554 9553)
4(8 9 9555 9554)
4(9 10 9556 9555)
4(10 11 9557 9556)
4(11 12 9558 9557)
4(12 13 9559 9558)
4(13 14 9560 9559)
4(14 15 9561 9560)
4(15 16 9562 9561)
4(16 17 9563 9562)
4(17 18 9564 9563)
4(18 19 9565 9564)
4(19 20 9566 9565)
4(20 21 9567 9566)
4(21 22 9568 9567)
4(22 23 9569 9568)
4(23 24 9570 9569)
4(24 25 9571 9570)
4(25 26 9572 9571)
4(26 27 9573 9572)
4(27 28 9574 9573)
4(28 29 9575 9574)
4(29 30 9576 9575)
4(30 31 9577 9576)
4(31 32 9578 9577)
4(32 33 9579 9578)
4(33 34 9580 9579)
4(34 35 9581 9580)
4(35 36 9582 9581)
4(36 37 9583 9582)
4(37 38 9584 9583)
4(38 39 9585 9584)
4(39 40 9586 9585)
4(40 41 9587 9586)
4(41 42 9588 9587)
4(42 43 9589 9588)
4(43 44 9590 9589)
4(44 45 9591 9590)
4(45 46 9592 9591)
4(46 47 9593 9592)
4(47 48 9594 9593)
4(48 49 9595 9594)
4(49 50 9596 9595)
4(50 51 9597 9596)
4(51 52 9598 9597)
4(52 53 9599 9598)
4(53 54 9600 9599)
4(54 55 9601 9600)
4(55 56 9602 9601)
4(56 57 9603 9602)
4(57 58 9604 9603)
4(58 59 9605 9604)
4(59 60 9606 9605)
4(60 61 9607 9606)
4(61 62 9608 9607)
4(62 63 9609 9608)
4(63 64 9610 9609)
4(64 65 9611 9610)
4(65 66 9612 9611)
4(66 67 9613 9612)
4(67 68 9614 9613)
4(68 69 9615 9614)
4(69 70 9616 9615)
4(70 71 9617 9616)
4(71 72 9618 9617)
4(72 73 9619 9618)
4(73 74 9620 9619)
4(74 75 9621 9620)
4(75 76 9622 9621)
4(76 77 9623 9622)
4(77 78 9624 9623)
4(78 79 9625 9624)
4(79 80 9626 9625)
4(80 81 9627 9626)
4(81 82 9628 9627)
4(82 83 9629 9628)
4(83 84 9630 9629)
4(84 85 9631 9630)
4(85 86 9632 9631)
4(86 87 9633 9632)
4(87 88 9634 9633)
4(88 89 9635 9634)
4(89 90 9636 9635)
4(90 91 9637 9636)
4(91 92 9638 9637)
4(92 93 9639 9638)
4(93 94 9640 9639)
4(94 95 9641 9640)
4(95 96 9642 9641)
4(96 97 9643 9642)
4(97 98 9644 9643)
4(98 99 9645 9644)
4(99 100 9646 9645)
4(100 101 9647 9646)
4(101 102 9648 9647)
4(102 103 9649 9648)
4(103 104 9650 9649)
4(104 105 9651 9650)
4(105 106 9652 9651)
4(106 107 9653 9652)
4(107 108 9654 9653)
4(108 109 9655 9654)
4(109 110 9656 9655)
4(0 111 112 1)
4(111 222 223 112)
4(222 333 334 223)
4(333 444 445 334)
4(444 555 556 445)
4(555 666 667 556)
4(666 777 778 667)
4(777 888 889 778)
4(888 999 1000 889)
4(999 1110 1111 1000)
4(1110 1221 1222 1111)
4(1221 1332 1333 1222)
4(1332 1443 1444 1333)
4(1443 1554 1555 1444)
4(1554 1665 1666 1555)
4(1665 1776 1777 1666)
4(1776 1887 1888 1777)
4(1887 1998 1999 1888)
4(1998 2109 2110 1999)
4(2109 2220 2221 2110)
4(2220 2331 2332 2221)
4(2331 2442 2443 2332)
4(2442 2553 2554 2443)
4(2553 2664 2665 2554)
4(2664 2775 2776 2665)
4(2775 2886 2887 2776)
4(2886 2997 2998 2887)
4(2997 3108 3109 2998)
4(3108 3219 3220 3109)
4(3219 3330 3331 3220)
4(3330 3441 3442 3331)
4(3441 3552 3553 3442)
4(3552 3663 3664 3553)
4(3663 3774 3775 3664)
4(3774 3885 3886 3775)
4(3885 3996 3997 3886)
4(3996 4107 4108 3997)
4(4107 4218 4219 4108)
4(4218 4329 4330 4219)
4(4329 4440 4441 4330)
4(4440 4551 4552 4441)
4(4551 4662 4663 4552)
4(4662 4773 4774 4663)
4(4773 4884 4885 4774)
4(4884 4995 4996 4885)
4(4995 5106 5107 4996)
4(5106 5217 5218 5107)
4(5217 5328 5329 5218)
4(5328 5439 5440 5329)
4(5439 5550 5551 5440)
4(5550 5661 5662 5551)
4(5661 5772 5773 5662)
4(5772 5883 5884 5773)
4(5883 5994 5995 5884)
4(5994 6105 6106 5995)
4(6105 6216 6217 6106)
4(6216 6327 6328 6217)
4(6327 6438 6439 6328)
4(6438 6549 6550 6439)
4(6549 6660 6661 6550)
4(6660 6771 6772 6661)
4(6771 6882 6883 6772)
4(6882 6993 6994 6883)
4(6993 7104 7105 6994)
4(7104 7215 7216 7105)
4(7215 7326 7327 7216)
4(7326 7437 7438 7327)
4(7437 7548 7549 7438)
4(7548 7659 7660 7549)
4(7659 7770 7771 7660)
4(7770 7881 7882 7771)
4(7881 7992 7993 7882)
4(7992 8103 8104 7993)
4(8103 8214 8215 8104)
4(8214 8325 8326 8215)
4(8325 8436 8437 8326)
4(8436 8547 8548 8437)
4(8547 8658 8659 8548)
4(8658 8769 8770 8659)
4(8769 8880 8881 8770)
4(8880 8991 8992 8881)
4(8991 9102 9103 8992)
4(9102 9213 9214 9103)
4(9213 9324 9325 9214)
4(9324 9435 9436 9325)
4(1 112 113 2)
4(112 223 224 113)
4(223 334 335 224)
4(334 445 446 335)
4(445 556 557 446)
4(556 667 668 557)
4(667 778 779 668)
4(778 889 890 779)
4(889 1000 1001 890)
4(1000 1111 1112 1001)
4(1111 1222 1223 1112)
4(1222 1333 1334 1223)
4(1333 1444 1445 1334)
4(1444 1555 1556 1445)
4(1555 1666 1667 1556)
4(1666 1777 1778 1667)
4(1777 1888 1889 1778)
4(1888 1999 2000 1889)
4(1999 2110 2111 2000)
4(2110 2221 2222 2111)
4(2221 2332 2333 2222)
4(2332 2443 2444 2333)
4(2443 2554 2555 2444)
4(2554 2665 2666 2555)
4(2665 2776 2777 2666)
4(2776 2887 2888 2777)
4(2887 2998 2999 2888)
4(2998 3109 3110 2999)
4(3109 3220 3221 3110)
4(3220 3331 3332 3221)
4(3331 3442 3443 3332)
4(3442 3553 3554 3443)
4(3553 3664 3665 3554)
4(3664 3775 3776 3665)
4(3775 3886 3887 3776)
4(3886 3997 3998 3887)
4(3997 4108 4109 3998)
4(4108 4219 4220 4109)
4(4219 4330 4331 4220)
4(4330 4441 4442 4331)
4(4441 4552 4553 4442)
4(4552 4663 4664 4553)
4(4663 4774 4775 4664)
4(4774 4885 4886 4775)
4(4885 4996 4997 4886)
4(4996 5107 5108 4997)
4(5107 5218 5219 5108)
4(5218 5329 5330 5219)
4(5329 5440 5441 5330)
4(5440 5551 5552 5441)
4(5551 5662 5663 5552)
4(5662 5773 5774 5663)
4(5773 5884 5885 5774)
4(5884 5995 5996 5885)
4(5995 6106 6107 5996)
4(6106 6217 6218 6107)
4(6217 6328 6329 6218)
4(6328 6439 6440 6329)
4(6439 6550 6551 6440)
4(6550 6661 6662 6551)
4(6661 6772 6773 6662)
4(6772 6883 6884 6773)
4(6883 6994 6995 6884)
4(6994 7105 7106 6995)
4(7105 7216 7217 7106)
4(7216 7327 7328 7217)
4(7327 7438 7439 7328)
4(7438 7549 7550 7439)
4(7549 7660 7661 7550)
4(7660 7771 7772 7661)
4(7771 7882 7883 7772)
4(7882 7993 7994 7883)
4(7993 8104 8105 7994)
4(8104 8215 8216 8105)
4(8215 8326 8327 8216)
4(8326 8437 8438 8327)
4(8437 8548 8549 8438)
4(8548 8659 8660 8549)
4(8659 8770 8771 8660)
4(8770 8881 8882 8771)
4(8881 8992 8993 8882)
4(8992 9103 9104 8993)
4(9103 9214 9215 9104)
4(9214 9325 9326 9215)
4(9325 9436 9437 9326)
4(2 113 114 3)
4(113 224 225 114)
4(224 335 336 225)
4(335 446 447 336)
4(446 557 558 447)
4(557 668 669 558)
4(668 779 780 669)
4(779 890 891 780)
4(890 1001 1002 891)
4(1001 1112 1113 1002)
4(1112 1223 1224 1113)
4(1223 1334 1335 1224)
4(1334 1445 1446 1335)
4(1445 1556 1557 1446)
4(1556 1667 1668 1557)
4(1667 1778 1779 1668)
4(1778 1889 1890 1779)
4(1889 2000 2001 1890)
4(2000 2111 2112 2001)
4(2111 2222 2223 2112)
4(2222 2333 2334 2223)
4(2333 2444 2445 2334)
4(2444 2555 2556 2445)
4(2555 2666 2667 2556)
4(2666 2777 2778 2667)
4(2777 2888 2889 2778)
4(2888 2999 3000 2889)
4(2999 3110 3111 3000)
4(3110 3221 3222 3111)
4(3221 3332 3333 3222)
4(3332 3443 3444 3333)
4(3443 3554 3555 3444)
4(3554 3665 3666 3555)
4(3665 3776 3777 3666)
4(3776 3887 3888 3777)
4(3887 3998 3999 3888)
4(3998 4109 4110 3999)
4(4109 4220 4221 4110)
4(4220 4331 4332 4221)
4(4331 4442 4443 4332)
4(4442 4553 4554 4443)
4(4553 4664 4665 4554)
4(4664 4775 4776 4665)
4(4775 4886 4887 4776)
4(4886 4997 4998 4887)
4(4997 5108 5109 4998)
4(5108 5219 5220 5109)
4(5219 5330 5331 5220)
4(5330 5441 5442 5331)
4(5441 5552 5553 5442)
4(5552 5663 5664 5553)
4(5663 5774 5775 5664)
4(5774 5885 5886 5775)
4(5885 5996 5997 5886)
4(5996 6107 6108 5997)
4(6107 6218 6219 6108)
4(6218 6329 6330 6219)
4(6329 6440 6441 6330)
4(6440 6551 6552 6441)
4(6551 6662 6663 6552)
4(6662 6773 6774 6663)
4(6773 6884 6885 6774)
4(6884 6995 6996 6885)
4(6995 7106 7107 6996)
4(7106 7217 7218 7107)
4(7217 7328 7329 7218)
4(7328 7439 7440 7329)
4(7439 7550 7551 7440)
4(7550 7661 7662 7551)
4(7661 7772 7773 7662)
4(7772 7883 7884 7773)
4(7883 7994 7995 7884)
4(7994 8105 8106 7995)
4(8105 8216 8217 8106)
4(8216 8327 8328 8217)
4(8327 8438 8439 8328)
4(8438 8549 8550 8439)
4(8549 8660 8661 8550)
4(8660 8771 8772 8661)
4(8771 8882 8883 8772)
4(8882 8993 8994 8883)
4(8993 9104 9105 8994)
4(9104 9215 9216 9105)
4(9215 9326 9327 9216)
4(9326 9437 9438 9327)
4(3 114 115 4)
4(114 225 226 115)
4(225 336 337 226)
4(336 447 448 337)
4(447 558 559 448)
4(558 669 670 559)
4(669 780 781 670)
4(780 891 892 781)
4(891 1002 1003 892)
4(1002 1113 1114 1003)
4(1113 1224 1225 1114)
4(1224 1335 1336 1225)
4(1335 1446 1447 1336)
4(1446 1557 1558 1447)
4(1557 1668 1669 1558)
4(1668 1779 1780 1669)
4(1779 1890 1891 1780)
4(1890 2001 2002 1891)
4(2001 2112 2113 2002)
4(2112 2223 2224 2113)
4(2223 2334 2335 2224)
4(2334 2445 2446 2335)
4(2445 2556 2557 2446)
4(2556 2667 2668 2557)
4(2667 2778 2779 2668)
4(2778 2889 2890 2779)
4(2889 3000 3001 2890)
4(3000 3111 3112 3001)
4(3111 3222 3223 3112)
4(3222 3333 3334 3223)
4(3333 3444 3445 3334)
4(3444 3555 3556 3445)
4(3555 3666 3667 3556)
4(3666 3777 3778 3667)
4(3777 3888 3889 3778)
4(3888 3999 4000 3889)
4(3999 4110 4111 4000)
4(4110 4221 4222 4111)
4(4221 4332 4333 4222)
4(4332 4443 4444 4333)
4(4443 4554 4555 4444)
4(4554 4665 4666 4555)
4(4665 4776 4777 4666)
4(4776 4887 4888 4777)
4(4887 4998 4999 4888)
4(4998 5109 5110 4999)
4(5109 5220 5221 5110)
4(5220 5331 5332 5221)
4(5331 5442 5443 5332)
4(5442 5553 5554 5443)
4(5553 5664 5665 5554)
4(5664 5775 5776 5665)
4(5775 5886 5887 5776)
4(5886 5997 5998 5887)
4(5997 6108 6109 5998)
4(6108 6219 6220 6109)
4(6219 6330 6331 6220)
4(6330 6441 6442 6331)
4(6441 6552 6553 6442)
4(6552 6663 6664 6553)
4(6663 6774 6775 6664)
4(6774 6885 6886 6775)
4(6885 6996 6997 6886)
4(6996 7107 7108 6997)
4(7107 7218 7219 7108)
4(7218 7329 7330 7219)
4(7329 7440 7441 7330)
4(7440 7551 7552 7441)
4(7551 7662 7663 7552)
4(7662 7773 7774 7663)
4(7773 7884 7885 7774)
4(7884 7995 7996 7885)
4(7995 8106 8107 7996)
4(8106 8217 8218 8107)
4(8217 8328 8329 8218)
4(8328 8439 8440 8329)
4(8439 8550 8551 8440)
4(8550 8661 8662 8551)
4(8661 8772 8773 8662)
4(8772 8883 8884 8773)
4(8883 8994 8995 8884)
4(8994 9105 9106 8995)
4(9105 9216 9217 9106)
4(9216 9327 9328 9217)
4(9327 9438 9439 9328)
4(4 115 116 5)
4(115 226 227 116)
4(226 337 338 227)
4(337 448 449 338)
4(448 559 560 449)
4(559 670 671 560)
4(670 781 782 671)
4(781 892 893 782)
4(892 1003 1004 893)
4(1003 1114 1115 1004)
4(1114 1225 1226 1115)
4(1225 1336 1337 1226)
4(1336 1447 1448 1337)
4(1447 1558 1559 1448)
4(1558 1669 1670 1559)
4(1669 1780 1781 1670)
4(1780 1891 1892 1781)
4(1891 2002 2003 1892)
4(2002 2113 2114 2003)
4(2113 2224 2225 2114)
4(2224 2335 2336 2225)
4(2335 2446 2447 2336)
4(2446 2557 2558 2447)
4(2557 2668 2669 2558)
4(2668 2779 2780 2669)
4(2779 2890 2891 2780)
4(2890 3001 3002 2891)
4(3001 3112 3113 3002)
4(3112 3223 3224 3113)
4(3223 3334 3335 3224)
4(3334 3445 3446 3335)
4(3445 3556 3557 3446)
4(3556 3667 3668 3557)
4(3667 3778 3779 3668)
4(3778 3889 3890 3779)
4(3889 4000 4001 3890)
4(4000 4111 4112 4001)
4(4111 4222 4223 4112)
4(4222 4333 4334 4223)
4(4333 4444 4445 4334)
4(4444 4555 4556 4445)
4(4555 4666 4667 4556)
4(4666 4777 4778 4667)
4(4777 4888 4889 4778)
4(4888 4999 5000 4889)
4(4999 5110 5111 5000)
4(5110 5221 5222 5111)
4(5221 5332 5333 5222)
4(5332 5443 5444 5333)
4(5443 5554 5555 5444)
4(5554 5665 5666 5555)
4(5665 5776 5777 5666)
4(5776 5887 5888 5777)
4(5887 5998 5999 5888)
4(5998 6109 6110 5999)
4(6109 6220 6221 6110)
4(6220 6331 6332 6221)
4(6331 6442 6443 6332)
4(6442 6553 6554 6443)
4(6553 6664 6665 6554)
4(6664 6775 6776 6665)
4(6775 6886 6887 6776)
4(6886 6997 6998 6887)
4(6997 7108 7109 6998)
4(7108 7219 7220 7109)
4(7219 7330 7331 7220)
4(7330 7441 7442 7331)
4(7441 7552 7553 7442)
4(7552 7663 7664 7553)
4(7663 7774 7775 7664)
4(7774 7885 7886 7775)
4(7885 7996 7997 7886)
4(7996 8107 8108 7997)
4(8107 8218 8219 8108)
4(8218 8329 8330 8219)
4(8329 8440 8441 8330)
4(8440 8551 8552 8441)
4(8551 8662 8663 8552)
4(8662 8773 8774 8663)
4(8773 8884 8885 8774)
4(8884 8995 8996 8885)
4(8995 9106 9107 8996)
4(9106 9217 9218 9107)
4(9217 9328 9329 9218)
4(9328 9439 9440 9329)
4(5 116 117 6)
4(116 227 228 117)
4(227 338 339 228)
4(338 449 450 339)
4(449 560 561 450)
4(560 671 672 561)
4(671 782 783 672)
4(782 893 894 783)
4(893 1004 1005 894)
4(1004 1115 1116 1005)
4(1115 1226 1227 1116)
4(1226 1337 1338 1227)
4(1337 1448 1449 1338)
4(1448 1559 1560 1449)
4(1559 1670 1671 1560)
4(1670 1781 1782 1671)
4(1781 1892 1893 1782)
4(1892 2003 2004 1893)
4(2003 2114 2115 2004)
4(2114 2225 2226 2115)
4(2225 2336 2337 2226)
4(2336 2447 2448 2337)
4(2447 2558 2559 2448)
4(2558 2669 2670 2559)
4(2669 2780 2781 2670)
4(2780 2891 2892 2781)
4(2891 3002 3003 2892)
4(3002 3113 3114 3003)
4(3113 3224 3225 3114)
4(3224 3335 3336 3225)
4(3335 3446 3447 3336)
4(3446 3557 3558 3447)
4(3557 3668 3669 3558)
4(3668 3779 3780 3669)
4(3779 3890 3891 3780)
4(3890 4001 4002 3891)
4(4001 4112 4113 4002)
4(4112 4223 4224 4113)
4(4223 4334 4335 4224)
4(4334 4445 4446 4335)
4(4445 4556 4557 4446)
4(4556 4667 4668 4557)
4(4667 4778 4779 4668)
4(4778 4889 4890 4779)
4(4889 5000 5001 4890)
4(5000 5111 5112 5001)
4(5111 5222 5223 5112)
4(5222 5333 5334 5223)
4(5333 5444 5445 5334)
4(5444 5555 5556 5445)
4(5555 5666 5667 5556)
4(5666 5777 5778 5667)
4(5777 5888 5889 5778)
4(5888 5999 6000 5889)
4(5999 6110 6111 6000)
4(6110 6221 6222 6111)
4(6221 6332 6333 6222)
4(6332 6443 6444 6333)
4(6443 6554 6555 6444)
4(6554 6665 6666 6555)
4(6665 6776 6777 6666)
4(6776 6887 6888 6777)
4(6887 6998 6999 6888)
4(6998 7109 7110 6999)
4(7109 7220 7221 7110)
4(7220 7331 7332 7221)
4(7331 7442 7443 7332)
4(7442 7553 7554 7443)
4(7553 7664 7665 7554)
4(7664 7775 7776 7665)
4(7775 7886 7887 7776)
4(7886 7997 7998 7887)
4(7997 8108 8109 7998)
4(8108 8219 8220 8109)
4(8219 8330 8331 8220)
4(8330 8441 8442 8331)
4(8441 8552 8553 8442)
4(8552 8663 8664 8553)
4(8663 8774 8775 8664)
4(8774 8885 8886 8775)
4(8885 8996 8997 8886)
4(8996 9107 9108 8997)
4(9107 9218 9219 9108)
4(9218 9329 9330 9219)
4(9329 9440 9441 9330)
4(6 117 118 7)
4(117 228 229 118)
4(228 339 340 229)
4(339 450 451 340)
4(450 561 562 451)
4(561 672 673 562)
4(672 783 784 673)
4(783 894 895 784)
4(894 1005 1006 895)
4(1005 1116 1117 1006)
4(1116 1227 1228 1117)
4(1227 1338 1339 1228)
4(1338 1449 1450 1339)
4(1449 1560 1561 1450)
4(1560 1671 1672 1561)
4(1671 1782 1783 1672)
4(1782 1893 1894 1783)
4(1893 2004 2005 1894)
4(2004 2115 2116 2005)
4(2115 2226 2227 2116)
4(2226 2337 2338 2227)
4(2337 2448 2449 2338)
4(2448 2559 2560 2449)
4(2559 2670 2671 2560)
4(2670 2781 2782 2671)
4(2781 2892 2893 2782)
4(2892 3003 3004 2893)
4(3003 3114 3115 3004)
4(3114 3225 3226 3115)
4(3225 3336 3337 3226)
4(3336 3447 3448 3337)
4(3447 3558 3559 3448)
4(3558 3669 3670 3559)
4(3669 3780 3781 3670)
4(3780 3891 3892 3781)
4(3891 4002 4003 3892)
4(4002 4113 4114 4003)
4(4113 4224 4225 4114)
4(4224 4335 4336 4225)
4(4335 4446 4447 4336)
4(4446 4557 4558 4447)
4(4557 4668 4669 4558)
4(4668 4779 4780 4669)
4(4779 4890 4891 4780)
4(4890 5001 5002 4891)
4(5001 5112 5113 5002)
4(5112 5223 5224 5113)
4(5223 5334 5335 5224)
4(5334 5445 5446 5335)
4(5445 5556 5557 5446)
4(5556 5667 5668 5557)
4(5667 5778 5779 5668)
4(5778 5889 5890 5779)
4(5889 6000 6001 5890)
4(6000 6111 6112 6001)
4(6111 6222 6223 6112)
4(6222 6333 6334 6223)
4(6333 6444 6445 6334)
4(6444 6555 6556 6445)
4(6555 6666 6667 6556)
4(6666 6777 6778 6667)
4(6777 6888 6889 6778)
4(6888 6999 7000 6889)
4(6999 7110 7111 7000)
4(7110 7221 7222 7111)
4(7221 7332 7333 7222)
4(7332 7443 7444 7333)
4(7443 7554 7555 7444)
4(7554 7665 7666 7555)
4(7665 7776 7777 7666)
4(7776 7887 7888 7777)
4(7887 7998 7999 7888)
4(7998 8109 8110 7999)
4(8109 8220 8221 8110)
4(8220 8331 8332 8221)
4(8331 8442 8443 8332)
4(8442 8553 8554 8443)
4(8553 8664 8665 8554)
4(8664 8775 8776 8665)
4(8775 8886 8887 8776)
4(8886 8997 8998 8887)
4(8997 9108 9109 8998)
4(9108 9219 9220 9109)
4(9219 9330 9331 9220)
4(9330 9441 9442 9331)
4(7 118 119 8)
4(118 229 230 119)
4(229 340 341 230)
4(340 451 452 341)
4(451 562 563 452)
4(562 673 674 563)
4(673 784 785 674)
4(784 895 896 785)
4(895 1006 1007 896)
4(1006 1117 1118 1007)
4(1117 1228 1229 1118)
4(1228 1339 1340 1229)
4(1339 1450 1451 1340)
4(1450 1561 1562 1451)
4(1561 1672 1673 1562)
4(1672 1783 1784 1673)
4(1783 1894 1895 1784)
4(1894 2005 2006 1895)
4(2005 2116 2117 2006)
4(2116 2227 2228 2117)
4(2227 2338 2339 2228)
4(2338 2449 2450 2339)
4(2449 2560 2561 2450)
4(2560 2671 2672 2561)
4(2671 2782 2783 2672)
4(2782 2893 2894 2783)
4(2893 3004 3005 2894)
4(3004 3115 3116 3005)
4(3115 3226 3227 3116)
4(3226 3337 3338 3227)
4(3337 3448 3449 3338)
4(3448 3559 3560 3449)
4(3559 3670 3671 3560)
4(3670 3781 3782 3671)
4(3781 3892 3893 3782)
4(3892 4003 4004 3893)
4(4003 4114 4115 4004)
4(4114 4225 4226 4115)
4(4225 4336 4337 4226)
4(4336 4447 4448 4337)
4(4447 4558 4559 4448)
4(4558 4669 4670 4559)
4(4669 4780 4781 4670)
4(4780 4891 4892 4781)
4(4891 5002 5003 4892)
4(5002 5113 5114 5003)
4(5113 5224 5225 5114)
4(5224 5335 5336 5225)
4(5335 5446 5447 5336)
4(5446 5557 5558 5447)
4(5557 5668 5669 5558)
4(5668 5779 5780 5669)
4(5779 5890 5891 5780)
4(5890 6001 6002 5891)
4(6001 6112 6113 6002)
4(6112 6223 6224 6113)
4(6223 6334 6335 6224)
4(6334 6445 6446 6335)
4(6445 6556 6557 6446)
4(6556 6667 6668 6557)
4(6667 6778 6779 6668)
4(6778 6889 6890 6779)
4(6889 7000 7001 6890)
4(7000 7111 7112 7001)
4(7111 7222 7223 7112)
4(7222 7333 7334 7223)
4(7333 7444 7445 7334)
4(7444 7555 7556 7445)
4(7555 7666 7667 7556)
4(7666 7777 7778 7667)
4(7777 7888 7889 7778)
4(7888 7999 8000 7889)
4(7999 8110 8111 8000)
4(8110 8221 8222 8111)
4(8221 8332 8333 8222)
4(8332 8443 8444 8333)
4(8443 8554 8555 8444)
4(8554 8665 8666 8555)
4(8665 8776 8777 8666)
4(8776 8887 8888 8777)
4(8887 8998 8999 8888)
4(8998 9109 9110 8999)
4(9109 9220 9221 9110)
4(9220 9331 9332 9221)
4(9331 9442 9443 9332)
4(8 119 120 9)
4(119 230 231 120)
4(230 341 342 231)
4(341 452 453 342)
4(452 563 564 453)
4(563 674 675 564)
4(674 785 786 675)
4(785 896 897 786)
4(896 1007 1008 897)
4(1007 1118 1119 1008)
4(1118 1229 1230 1119)
4(1229 1340 1341 1230)
4(1340 1451 1452 1341)
4(1451 1562 1563 1452)
4(1562 1673 1674 1563)
4(1673 1784 1785 1674)
4(1784 1895 1896 1785)
4(1895 2006 2007 1896)
4(2006 2117 2118 2007)
4(2117 2228 2229 2118)
4(2228 2339 2340 2229)
4(2339 2450 2451 2340)
4(2450 2561 2562 2451)
4(2561 2672 2673 2562)
4(2672 2783 2784 2673)
4(2783 2894 2895 2784)
4(2894 3005 3006 2895)
4(3005 3116 3117 3006)
4(3116 3227 3228 3117)
4(3227 3338 3339 3228)
4(3338 3449 3450 3339)
4(3449 3560 3561 3450)
4(3560 3671 3672 3561)
4(3671 3782 3783 3672)
4(3782 3893 3894 3783)
4(3893 4004 4005 3894)
4(4004 4115 4116 4005)
4(4115 4226 4227 4116)
4(4226 4337 4338 4227)
4(4337 4448 4449 4338)
4(4448 4559 4560 4449)
4(4559 4670 4671 4560)
4(4670 4781 4782 4671)
4(4781 4892 4893 4782)
4(4892 5003 5004 4893)
4(5003 5114 5115 5004)
4(5114 5225 5226 5115)
4(5225 5336 5337 5226)
4(5336 5447 5448 5337)
4(5447 5558 5559 5448)
4(5558 5669 5670 5559)
4(5669 5780 5781 5670)
4(5780 5891 5892 5781)
4(5891 6002 6003 5892)
4(6002 6113 6114 6003)
4(6113 6224 6225 6114)
4(6224 6335 6336 6225)
4(6335 6446 6447 6336)
4(6446 6557 6558 6447)
4(6557 6668 6669 6558)
4(6668 6779 6780 6669)
4(6779 6890 6891 6780)
4(6890 7001 7002 6891)
4(7001 7112 7113 7002)
4(7112 7223 7224 7113)
4(7223 7334 7335 7224)
4(7334 7445 7446 7335)
4(7445 7556 7557 7446)
4(7556 7667 7668 7557)
4(7667 7778 7779 7668)
4(7778 7889 7890 7779)
4(7889 8000 8001 7890)
4(8000 8111 8112 8001)
4(8111 8222 8223 8112)
4(8222 8333 8334 8223)
4(8333 8444 8445 8334)
4(8444 8555 8556 8445)
4(8555 8666 8667 8556)
4(8666 8777 8778 8667)
4(8777 8888 8889 8778)
4(8888 8999 9000 8889)
4(8999 9110 9111 9000)
4(9110 9221 9222 9111)
4(9221 9332 9333 9222)
4(9332 9443 9444 9333)
4(9 120 121 10)
4(120 231 232 121)
4(231 342 343 232)
4(342 453 454 343)
4(453 564 565 454)
4(564 675 676 565)
4(675 786 787 676)
4(786 897 898 787)
4(897 1008 1009 898)
4(1008 1119 1120 1009)
4(1119 1230 1231 1120)
4(1230 1341 1342 1231)
4(1341 1452 1453 1342)
4(1452 1563 1564 1453)
4(1563 1674 1675 1564)
4(1674 1785 1786 1675)
4(1785 1896 1897 1786)
4(1896 2007 2008 1897)
4(2007 2118 2119 2008)
4(2118 2229 2230 2119)
4(2229 2340 2341 2230)
4(2340 2451 2452 2341)
4(2451 2562 2563 2452)
4(2562 2673 2674 2563)
4(2673 2784 2785 2674)
4(2784 2895 2896 2785)
4(2895 3006 3007 2896)
4(3006 3117 3118 3007)
4(3117 3228 3229 3118)
4(3228 3339 3340 3229)
4(3339 3450 3451 3340)
4(3450 3561 3562 3451)
4(3561 3672 3673 3562)
4(3672 3783 3784 3673)
4(3783 3894 3895 3784)
4(3894 4005 4006 3895)
4(4005 4116 4117 4006)
4(4116 4227 4228 4117)
4(4227 4338 4339 4228)
4(4338 4449 4450 4339)
4(4449 4560 4561 4450)
4(4560 4671 4672 4561)
4(4671 4782 4783 4672)
4(4782 4893 4894 4783)
4(4893 5004 5005 4894)
4(5004 5115 5116 5005)
4(5115 5226 5227 5116)
4(5226 5337 5338 5227)
4(5337 5448 5449 5338)
4(5448 5559 5560 5449)
4(5559 5670 5671 5560)
4(5670 5781 5782 5671)
4(5781 5892 5893 5782)
4(5892 6003 6004 5893)
4(6003 6114 6115 6004)
4(6114 6225 6226 6115)
4(6225 6336 6337 6226)
4(6336 6447 6448 6337)
4(6447 6558 6559 6448)
4(6558 6669 6670 6559)
4(6669 6780 6781 6670)
4(6780 6891 6892 6781)
4(6891 7002 7003 6892)
4(7002 7113 7114 7003)
4(7113 7224 7225 7114)
4(7224 7335 7336 7225)
4(7335 7446 7447 7336)
4(7446 7557 7558 7447)
4(7557 7668 7669 7558)
4(7668 7779 7780 7669)
4(7779 7890 7891 7780)
4(7890 8001 8002 7891)
4(8001 8112 8113 8002)
4(8112 8223 8224 8113)
4(8223 8334 8335 8224)
4(8334 8445 8446 8335)
4(8445 8556 8557 8446)
4(8556 8667 8668 8557)
4(8667 8778 8779 8668)
4(8778 8889 8890 8779)
4(8889 9000 9001 8890)
4(9000 9111 9112 9001)
4(9111 9222 9223 9112)
4(9222 9333 9334 9223)
4(9333 9444 9445 9334)
4(10 121 122 11)
4(121 232 233 122)
4(232 343 344 233)
4(343 454 455 344)
4(454 565 566 455)
4(565 676 677 566)
4(676 787 788 677)
4(787 898 899 788)
4(898 1009 1010 899)
4(1009 1120 1121 1010)
4(1120 1231 1232 1121)
4(1231 1342 1343 1232)
4(1342 1453 1454 1343)
4(1453 1564 1565 1454)
4(1564 1675 1676 1565)
4(1675 1786 1787 1676)
4(1786 1897 1898 1787)
4(1897 2008 2009 1898)
4(2008 2119 2120 2009)
4(2119 2230 2231 2120)
4(2230 2341 2342 2231)
4(2341 2452 2453 2342)
4(2452 2563 2564 2453)
4(2563 2674 2675 2564)
4(2674 2785 2786 2675)
4(2785 2896 2897 2786)
4(2896 3007 3008 2897)
4(3007 3118 3119 3008)
4(3118 3229 3230 3119)
4(3229 3340 3341 3230)
4(3340 3451 3452 3341)
4(3451 3562 3563 3452)
4(3562 3673 3674 3563)
4(3673 3784 3785 3674)
4(3784 3895 3896 3785)
4(3895 4006 4007 3896)
4(4006 4117 4118 4007)
4(4117 4228 4229 4118)
4(4228 4339 4340 4229)
4(4339 4450 4451 4340)
4(4450 4561 4562 4451)
4(4561 4672 4673 4562)
4(4672 4783 4784 4673)
4(4783 4894 4895 4784)
4(4894 5005 5006 4895)
4(5005 5116 5117 5006)
4(5116 5227 5228 5117)
4(5227 5338 5339 5228)
4(5338 5449 5450 5339)
4(5449 5560 5561 5450)
4(5560 5671 5672 5561)
4(5671 5782 5783 5672)
4(5782 5893 5894 5783)
4(5893 6004 6005 5894)
4(6004 6115 6116 6005)
4(6115 6226 6227 6116)
4(6226 6337 6338 6227)
4(6337 6448 6449 6338)
4(6448 6559 6560 6449)
4(6559 6670 6671 6560)
4(6670 6781 6782 6671)
4(6781 6892 6893 6782)
4(6892 7003 7004 6893)
4(7003 7114 7115 7004)
4(7114 7225 7226 7115)
4(7225 7336 7337 7226)
4(7336 7447 7448 7337)
4(7447 7558 7559 7448)
4(7558 7669 7670 7559)
4(7669 7780 7781 7670)
4(7780 7891 7892 7781)
4(7891 8002 8003 7892)
4(8002 8113 8114 8003)
4(8113 8224 8225 8114)
4(8224 8335 8336 8225)
4(8335 8446 8447 8336)
4(8446 8557 8558 8447)
4(8557 8668 8669 8558)
4(8668 8779 8780 8669)
4(8779 8890 8891 8780)
4(8890 9001 9002 8891)
4(9001 9112 9113 9002)
4(9112 9223 9224 9113)
4(9223 9334 9335 9224)
4(9334 9445 9446 9335)
4(11 122 123 12)
4(122 233 234 123)
4(233 344 345 234)
4(344 455 456 345)
4(455 566 567 456)
4(566 677 678 567)
4(677 788 789 678)
4(788 899 900 789)
4(899 1010 1011 900)
4(1010 1121 1122 1011)
4(1121 1232 1233 1122)
4(1232 1343 1344 1233)
4(1343 1454 1455 1344)
4(1454 1565 1566 1455)
4(1565 1676 1677 1566)
4(1676 1787 1788 1677)
4(1787 1898 1899 1788)
4(1898 2009 2010 1899)
4(2009 2120 2121 2010)
4(2120 2231 2232 2121)
4(2231 2342 2343 2232)
4(2342 2453 2454 2343)
4(2453 2564 2565 2454)
4(2564 2675 2676 2565)
4(2675 2786 2787 2676)
4(2786 2897 2898 2787)
4(2897 3008 3009 2898)
4(3008 3119 3120 3009)
4(3119 3230 3231 3120)
4(3230 3341 3342 3231)
4(3341 3452 3453 3342)
4(3452 3563 3564 3453)
4(3563 3674 3675 3564)
4(3674 3785 3786 3675)
4(3785 3896 3897 3786)
4(3896 4007 4008 3897)
4(4007 4118 4119 4008)
4(4118 4229 4230 4119)
4(4229 4340 4341 4230)
4(4340 4451 4452 4341)
4(4451 4562 4563 4452)
4(4562 4673 4674 4563)
4(4673 4784 4785 4674)
4(4784 4895 4896 4785)
4(4895 5006 5007 4896)
4(5006 5117 5118 5007)
4(5117 5228 5229 5118)
4(5228 5339 5340 5229)
4(5339 5450 5451 5340)
4(5450 5561 5562 5451)
4(5561 5672 5673 5562)
4(5672 5783 5784 5673)
4(5783 5894 5895 5784)
4(5894 6005 6006 5895)
4(6005 6116 6117 6006)
4(6116 6227 6228 6117)
4(6227 6338 6339 6228)
4(6338 6449 6450 6339)
4(6449 6560 6561 6450)
4(6560 6671 6672 6561)
4(6671 6782 6783 6672)
4(6782 6893 6894 6783)
4(6893 7004 7005 6894)
4(7004 7115 7116 7005)
4(7115 7226 7227 7116)
4(7226 7337 7338 7227)
4(7337 7448 7449 7338)
4(7448 7559 7560 7449)
4(7559 7670 7671 7560)
4(7670 7781 7782 7671)
4(7781 7892 7893 7782)
4(7892 8003 8004 7893)
4(8003 8114 8115 8004)
4(8114 8225 8226 8115)
4(8225 8336 8337 8226)
4(8336 8447 8448 8337)
4(8447 8558 8559 8448)
4(8558 8669 8670 8559)
4(8669 8780 8781 8670)
4(8780 8891 8892 8781)
4(8891 9002 9003 8892)
4(9002 9113 9114 9003)
4(9113 9224 9225 9114)
4(9224 9335 9336 9225)
4(9335 9446 9447 9336)
4(12 123 124 13)
4(123 234 235 124)
4(234 345 346 235)
4(345 456 457 346)
4(456 567 568 457)
4(567 678 679 568)
4(678 789 790 679)
4(789 900 901 790)
4(900 1011 1012 901)
4(1011 1122 1123 1012)
4(1122 1233 1234 1123)
4(1233 1344 1345 1234)
4(1344 1455 1456 1345)
4(1455 1566 1567 1456)
4(1566 1677 1678 1567)
4(1677 1788 1789 1678)
4(1788 1899 1900 1789)
4(1899 2010 2011 1900)
4(2010 2121 2122 2011)
4(2121 2232 2233 2122)
4(2232 2343 2344 2233)
4(2343 2454 2455 2344)
4(2454 2565 2566 2455)
4(2565 2676 2677 2566)
4(2676 2787 2788 2677)
4(2787 2898 2899 2788)
4(2898 3009 3010 2899)
4(3009 3120 3121 3010)
4(3120 3231 3232 3121)
4(3231 3342 3343 3232)
4(3342 3453 3454 3343)
4(3453 3564 3565 3454)
4(3564 3675 3676 3565)
4(3675 3786 3787 3676)
4(3786 3897 3898 3787)
4(3897 4008 4009 3898)
4(4008 4119 4120 4009)
4(4119 4230 4231 4120)
4(4230 4341 4342 4231)
4(4341 4452 4453 4342)
4(4452 4563 4564 4453)
4(4563 4674 4675 4564)
4(4674 4785 4786 4675)
4(4785 4896 4897 4786)
4(4896 5007 5008 4897)
4(5007 5118 5119 5008)
4(5118 5229 5230 5119)
4(5229 5340 5341 5230)
4(5340 5451 5452 5341)
4(5451 5562 5563 5452)
4(5562 5673 5674 5563)
4(5673 5784 5785 5674)
4(5784 5895 5896 5785)
4(5895 6006 6007 5896)
4(6006 6117 6118 6007)
4(6117 6228 6229 6118)
4(6228 6339 6340 6229)
4(6339 6450 6451 6340)
4(6450 6561 6562 6451)
4(6561 6672 6673 6562)
4(6672 6783 6784 6673)
4(6783 6894 6895 6784)
4(6894 7005 7006 6895)
4(7005 7116 7117 7006)
4(7116 7227 7228 7117)
4(7227 7338 7339 7228)
4(7338 7449 7450 7339)
4(7449 7560 7561 7450)
4(7560 7671 7672 7561)
4(7671 7782 7783 7672)
4(7782 7893 7894 7783)
4(7893 8004 8005 7894)
4(8004 8115 8116 8005)
4(8115 8226 8227 8116)
4(8226 8337 8338 8227)
4(8337 8448 8449 8338)
4(8448 8559 8560 8449)
4(8559 8670 8671 8560)
4(8670 8781 8782 8671)
4(8781 8892 8893 8782)
4(8892 9003 9004 8893)
4(9003 9114 9115 9004)
4(9114 9225 9226 9115)
4(9225 9336 9337 9226)
4(9336 9447 9448 9337)
4(13 124 125 14)
4(124 235 236 125)
4(235 346 347 236)
4(346 457 458 347)
4(457 568 569 458)
4(568 679 680 569)
4(679 790 791 680)
4(790 901 902 791)
4(901 1012 1013 902)
4(1012 1123 1124 1013)
4(1123 1234 1235 1124)
4(1234 1345 1346 1235)
4(1345 1456 1457 1346)
4(1456 1567 1568 1457)
4(1567 1678 1679 1568)
4(1678 1789 1790 1679)
4(1789 1900 1901 1790)
4(1900 2011 2012 1901)
4(2011 2122 2123 2012)
4(2122 2233 2234 2123)
4(2233 2344 2345 2234)
4(2344 2455 2456 2345)
4(2455 2566 2567 2456)
4(2566 2677 2678 2567)
4(2677 2788 2789 2678)
4(2788 2899 2900 2789)
4(2899 3010 3011 2900)
4(3010 3121 3122 3011)
4(3121 3232 3233 3122)
4(3232 3343 3344 3233)
4(3343 3454 3455 3344)
4(3454 3565 3566 3455)
4(3565 3676 3677 3566)
4(3676 3787 3788 3677)
4(3787 3898 3899 3788)
4(3898 4009 4010 3899)
4(4009 4120 4121 4010)
4(4120 4231 4232 4121)
4(4231 4342 4343 4232)
4(4342 4453 4454 4343)
4(4453 4564 4565 4454)
4(4564 4675 4676 4565)
4(4675 4786 4787 4676)
4(4786 4897 4898 4787)
4(4897 5008 5009 4898)
4(5008 5119 5120 5009)
4(5119 5230 5231 5120)
4(5230 5341 5342 5231)
4(5341 5452 5453 5342)
4(5452 5563 5564 5453)
4(5563 5674 5675 5564)
4(5674 5785 5786 5675)
4(5785 5896 5897 5786)
4(5896 6007 6008 5897)
4(6007 6118 6119 6008)
4(6118 6229 6230 6119)
4(6229 6340 6341 6230)
4(6340 6451 6452 6341)
4(6451 6562 6563 6452)
4(6562 6673 6674 6563)
4(6673 6784 6785 6674)
4(6784 6895 6896 6785)
4(6895 7006 7007 6896)
4(7006 7117 7118 7007)
4(7117 7228 7229 7118)
4(7228 7339 7340 7229)
4(7339 7450 7451 7340)
4(7450 7561 7562 7451)
4(7561 7672 7673 7562)
4(7672 7783 7784 7673)
4(7783 7894 7895 7784)
4(7894 8005 8006 7895)
4(8005 8116 8117 8006)
4(8116 8227 8228 8117)
4(8227 8338 8339 8228)
4(8338 8449 8450 8339)
4(8449 8560 8561 8450)
4(8560 8671 8672 8561)
4(8671 8782 8783 8672)
4(8782 8893 8894 8783)
4(8893 9004 9005 8894)
4(9004 9115 9116 9005)
4(9115 9226 9227 9116)
4(9226 9337 9338 9227)
4(9337 9448 9449 9338)
4(14 125 126 15)
4(125 236 237 126)
4(236 347 348 237)
4(347 458 459 348)
4(458 569 570 459)
4(569 680 681 570)
4(680 791 792 681)
4(791 902 903 792)
4(902 1013 1014 903)
4(1013 1124 1125 1014)
4(1124 1235 1236 1125)
4(1235 1346 1347 1236)
4(1346 1457 1458 1347)
4(1457 1568 1569 1458)
4(1568 1679 1680 1569)
4(1679 1790 1791 1680)
4(1790 1901 1902 1791)
4(1901 2012 2013 1902)
4(2012 2123 2124 2013)
4(2123 2234 2235 2124)
4(2234 2345 2346 2235)
4(2345 2456 2457 2346)
4(2456 2567 2568 2457)
4(2567 2678 2679 2568)
4(2678 2789 2790 2679)
4(2789 2900 2901 2790)
4(2900 3011 3012 2901)
4(3011 3122 3123 3012)
4(3122 3233 3234 3123)
4(3233 3344 3345 3234)
4(3344 3455 3456 3345)
4(3455 3566 3567 3456)
4(3566 3677 3678 3567)
4(3677 3788 3789 3678)
4(3788 3899 3900 3789)
4(3899 4010 4011 3900)
4(4010 4121 4122 4011)
4(4121 4232 4233 4122)
4(4232 4343 4344 4233)
4(4343 4454 4455 4344)
4(4454 4565 4566 4455)
4(4565 4676 4677 4566)
4(4676 4787 4788 4677)
4(4787 4898 4899 4788)
4(4898 5009 5010 4899)
4(5009 5120 5121 5010)
4(5120 5231 5232 5121)
4(5231 5342 5343 5232)
4(5342 5453 5454 5343)
4(5453 5564 5565 5454)
4(5564 5675 5676 5565)
4(5675 5786 5787 5676)
4(5786 5897 5898 5787)
4(5897 6008 6009 5898)
4(6008 6119 6120 6009)
4(6119 6230 6231 6120)
4(6230 6341 6342 6231)
4(6341 6452 6453 6342)
4(6452 6563 6564 6453)
4(6563 6674 6675 6564)
4(6674 6785 6786 6675)
4(6785 6896 6897 6786)
4(6896 7007 7008 6897)
4(7007 7118 7119 7008)
4(7118 7229 7230 7119)
4(7229 7340 7341 7230)
4(7340 7451 7452 7341)
4(7451 7562 7563 7452)
4(7562 7673 7674 7563)
4(7673 7784 7785 7674)
4(7784 7895 7896 7785)
4(7895 8006 8007 7896)
4(8006 8117 8118 8007)
4(8117 8228 8229 8118)
4(8228 8339 8340 8229)
4(8339 8450 8451 8340)
4(8450 8561 8562 8451)
4(8561 8672 8673 8562)
4(8672 8783 8784 8673)
4(8783 8894 8895 8784)
4(8894 9005 9006 8895)
4(9005 9116 9117 9006)
4(9116 9227 9228 9117)
4(9227 9338 9339 9228)
4(9338 9449 9450 9339)
4(15 126 127 16)
4(126 237 238 127)
4(237 348 349 238)
4(348 459 460 349)
4(459 570 571 460)
4(570 681 682 571)
4(681 792 793 682)
4(792 903 904 793)
4(903 1014 1015 904)
4(1014 1125 1126 1015)
4(1125 1236 1237 1126)
4(1236 1347 1348 1237)
4(1347 1458 1459 1348)
4(1458 1569 1570 1459)
4(1569 1680 1681 1570)
4(1680 1791 1792 1681)
4(1791 1902 1903 1792)
4(1902 2013 2014 1903)
4(2013 2124 2125 2014)
4(2124 2235 2236 2125)
4(2235 2346 2347 2236)
4(2346 2457 2458 2347)
4(2457 2568 2569 2458)
4(2568 2679 2680 2569)
4(2679 2790 2791 2680)
4(2790 2901 2902 2791)
4(2901 3012 3013 2902)
4(3012 3123 3124 3013)
4(3123 3234 3235 3124)
4(3234 3345 3346 3235)
4(3345 3456 3457 3346)
4(3456 3567 3568 3457)
4(3567 3678 3679 3568)
4(3678 3789 3790 3679)
4(3789 3900 3901 3790)
4(3900 4011 4012 3901)
4(4011 4122 4123 4012)
4(4122 4233 4234 4123)
4(4233 4344 4345 4234)
4(4344 4455 4456 4345)
4(4455 4566 4567 4456)
4(4566 4677 4678 4567)
4(4677 4788 4789 4678)
4(4788 4899 4900 4789)
4(4899 5010 5011 4900)
4(5010 5121 5122 5011)
4(5121 5232 5233 5122)
4(5232 5343 5344 5233)
4(5343 5454 5455 5344)
4(5454 5565 5566 5455)
4(5565 5676 5677 5566)
4(5676 5787 5788 5677)
4(5787 5898 5899 5788)
4(5898 6009 6010 5899)
4(6009 6120 6121 6010)
4(6120 6231 6232 6121)
4(6231 6342 6343 6232)
4(6342 6453 6454 6343)
4(6453 6564 6565 6454)
4(6564 6675 6676 6565)
4(6675 6786 6787 6676)
4(6786 6897 6898 6787)
4(6897 7008 7009 6898)
4(7008 7119 7120 7009)
4(7119 7230 7231 7120)
4(7230 7341 7342 7231)
4(7341 7452 7453 7342)
4(7452 7563 7564 7453)
4(7563 7674 7675 7564)
4(7674 7785 7786 7675)
4(7785 7896 7897 7786)
4(7896 8007 8008 7897)
4(8007 8118 8119 8008)
4(8118 8229 8230 8119)
4(8229 8340 8341 8230)
4(8340 8451 8452 8341)
4(8451 8562 8563 8452)
4(8562 8673 8674 8563)
4(8673 8784 8785 8674)
4(8784 8895 8896 8785)
4(8895 9006 9007 8896)
4(9006 9117 9118 9007)
4(9117 9228 9229 9118)
4(9228 9339 9340 9229)
4(9339 9450 9451 9340)
4(16 127 128 17)
4(127 238 239 128)
4(238 349 350 239)
4(349 460 461 350)
4(460 571 572 461)
4(571 682 683 572)
4(682 793 794 683)
4(793 904 905 794)
4(904 1015 1016 905)
4(1015 1126 1127 1016)
4(1126 1237 1238 1127)
4(1237 1348 1349 1238)
4(1348 1459 1460 1349)
4(1459 1570 1571 1460)
4(1570 1681 1682 1571)
4(1681 1792 1793 1682)
4(1792 1903 1904 1793)
4(1903 2014 2015 1904)
4(2014 2125 2126 2015)
4(2125 2236 2237 2126)
4(2236 2347 2348 2237)
4(2347 2458 2459 2348)
4(2458 2569 2570 2459)
4(2569 2680 2681 2570)
4(2680 2791 2792 2681)
4(2791 2902 2903 2792)
4(2902 3013 3014 2903)
4(3013 3124 3125 3014)
4(3124 3235 3236 3125)
4(3235 3346 3347 3236)
4(3346 3457 3458 3347)
4(3457 3568 3569 3458)
4(3568 3679 3680 3569)
4(3679 3790 3791 3680)
4(3790 3901 3902 3791)
4(3901 4012 4013 3902)
4(4012 4123 4124 4013)
4(4123 4234 4235 4124)
4(4234 4345 4346 4235)
4(4345 4456 4457 4346)
4(4456 4567 4568 4457)
4(4567 4678 4679 4568)
4(4678 4789 4790 4679)
4(4789 4900 4901 4790)
4(4900 5011 5012 4901)
4(5011 5122 5123 5012)
4(5122 5233 5234 5123)
4(5233 5344 5345 5234)
4(5344 5455 5456 5345)
4(5455 5566 5567 5456)
4(5566 5677 5678 5567)
4(5677 5788 5789 5678)
4(5788 5899 5900 5789)
4(5899 6010 6011 5900)
4(6010 6121 6122 6011)
4(6121 6232 6233 6122)
4(6232 6343 6344 6233)
4(6343 6454 6455 6344)
4(6454 6565 6566 6455)
4(6565 6676 6677 6566)
4(6676 6787 6788 6677)
4(6787 6898 6899 6788)
4(6898 7009 7010 6899)
4(7009 7120 7121 7010)
4(7120 7231 7232 7121)
4(7231 7342 7343 7232)
4(7342 7453 7454 7343)
4(7453 7564 7565 7454)
4(7564 7675 7676 7565)
4(7675 7786 7787 7676)
4(7786 7897 7898 7787)
4(7897 8008 8009 7898)
4(8008 8119 8120 8009)
4(8119 8230 8231 8120)
4(8230 8341 8342 8231)
4(8341 8452 8453 8342)
4(8452 8563 8564 8453)
4(8563 8674 8675 8564)
4(8674 8785 8786 8675)
4(8785 8896 8897 8786)
4(8896 9007 9008 8897)
4(9007 9118 9119 9008)
4(9118 9229 9230 9119)
4(9229 9340 9341 9230)
4(9340 9451 9452 9341)
4(17 128 129 18)
4(128 239 240 129)
4(239 350 351 240)
4(350 461 462 351)
4(461 572 573 462)
4(572 683 684 573)
4(683 794 795 684)
4(794 905 906 795)
4(905 1016 1017 906)
4(1016 1127 1128 1017)
4(1127 1238 1239 1128)
4(1238 1349 1350 1239)
4(1349 1460 1461 1350)
4(1460 1571 1572 1461)
4(1571 1682 1683 1572)
4(1682 1793 1794 1683)
4(1793 1904 1905 1794)
4(1904 2015 2016 1905)
4(2015 2126 2127 2016)
4(2126 2237 2238 2127)
4(2237 2348 2349 2238)
4(2348 2459 2460 2349)
4(2459 2570 2571 2460)
4(2570 2681 2682 2571)
4(2681 2792 2793 2682)
4(2792 2903 2904 2793)
4(2903 3014 3015 2904)
4(3014 3125 3126 3015)
4(3125 3236 3237 3126)
4(3236 3347 3348 3237)
4(3347 3458 3459 3348)
4(3458 3569 3570 3459)
4(3569 3680 3681 3570)
4(3680 3791 3792 3681)
4(3791 3902 3903 3792)
4(3902 4013 4014 3903)
4(4013 4124 4125 4014)
4(4124 4235 4236 4125)
4(4235 4346 4347 4236)
4(4346 4457 4458 4347)
4(4457 4568 4569 4458)
4(4568 4679 4680 4569)
4(4679 4790 4791 4680)
4(4790 4901 4902 4791)
4(4901 5012 5013 4902)
4(5012 5123 5124 5013)
4(5123 5234 5235 5124)
4(5234 5345 5346 5235)
4(5345 5456 5457 5346)
4(5456 5567 5568 5457)
4(5567 5678 5679 5568)
4(5678 5789 5790 5679)
4(5789 5900 5901 5790)
4(5900 6011 6012 5901)
4(6011 6122 6123 6012)
4(6122 6233 6234 6123)
4(6233 6344 6345 6234)
4(6344 6455 6456 6345)
4(6455 6566 6567 6456)
4(6566 6677 6678 6567)
4(6677 6788 6789 6678)
4(6788 6899 6900 6789)
4(6899 7010 7011 6900)
4(7010 7121 7122 7011)
4(7121 7232 7233 7122)
4(7232 7343 7344 7233)
4(7343 7454 7455 7344)
4(7454 7565 7566 7455)
4(7565 7676 7677 7566)
4(7676 7787 7788 7677)
4(7787 7898 7899 7788)
4(7898 8009 8010 7899)
4(8009 8120 8121 8010)
4(8120 8231 8232 8121)
4(8231 8342 8343 8232)
4(8342 8453 8454 8343)
4(8453 8564 8565 8454)
4(8564 8675 8676 8565)
4(8675 8786 8787 8676)
4(8786 8897 8898 8787)
4(8897 9008 9009 8898)
4(9008 9119 9120 9009)
4(9119 9230 9231 9120)
4(9230 9341 9342 9231)
4(9341 9452 9453 9342)
4(18 129 130 19)
4(129 240 241 130)
4(240 351 352 241)
4(351 462 463 352)
4(462 573 574 463)
4(573 684 685 574)
4(684 795 796 685)
4(795 906 907 796)
4(906 1017 1018 907)
4(1017 1128 1129 1018)
4(1128 1239 1240 1129)
4(1239 1350 1351 1240)
4(1350 1461 1462 1351)
4(1461 1572 1573 1462)
4(1572 1683 1684 1573)
4(1683 1794 1795 1684)
4(1794 1905 1906 1795)
4(1905 2016 2017 1906)
4(2016 2127 2128 2017)
4(2127 2238 2239 2128)
4(2238 2349 2350 2239)
4(2349 2460 2461 2350)
4(2460 2571 2572 2461)
4(2571 2682 2683 2572)
4(2682 2793 2794 2683)
4(2793 2904 2905 2794)
4(2904 3015 3016 2905)
4(3015 3126 3127 3016)
4(3126 3237 3238 3127)
4(3237 3348 3349 3238)
4(3348 3459 3460 3349)
4(3459 3570 3571 3460)
4(3570 3681 3682 3571)
4(3681 3792 3793 3682)
4(3792 3903 3904 3793)
4(3903 4014 4015 3904)
4(4014 4125 4126 4015)
4(4125 4236 4237 4126)
4(4236 4347 4348 4237)
4(4347 4458 4459 4348)
4(4458 4569 4570 4459)
4(4569 4680 4681 4570)
4(4680 4791 4792 4681)
4(4791 4902 4903 4792)
4(4902 5013 5014 4903)
4(5013 5124 5125 5014)
4(5124 5235 5236 5125)
4(5235 5346 5347 5236)
4(5346 5457 5458 5347)
4(5457 5568 5569 5458)
4(5568 5679 5680 5569)
4(5679 5790 5791 5680)
4(5790 5901 5902 5791)
4(5901 6012 6013 5902)
4(6012 6123 6124 6013)
4(6123 6234 6235 6124)
4(6234 6345 6346 6235)
4(6345 6456 6457 6346)
4(6456 6567 6568 6457)
4(6567 6678 6679 6568)
4(6678 6789 6790 6679)
4(6789 6900 6901 6790)
4(6900 7011 7012 6901)
4(7011 7122 7123 7012)
4(7122 7233 7234 7123)
4(7233 7344 7345 7234)
4(7344 7455 7456 7345)
4(7455 7566 7567 7456)
4(7566 7677 7678 7567)
4(7677 7788 7789 7678)
4(7788 7899 7900 7789)
4(7899 8010 8011 7900)
4(8010 8121 8122 8011)
4(8121 8232 8233 8122)
4(8232 8343 8344 8233)
4(8343 8454 8455 8344)
4(8454 8565 8566 8455)
4(8565 8676 8677 8566)
4(8676 8787 8788 8677)
4(8787 8898 8899 8788)
4(8898 9009 9010 8899)
4(9009 9120 9121 9010)
4(9120 9231 9232 9121)
4(9231 9342 9343 9232)
4(9342 9453 9454 9343)
4(19 130 131 20)
4(130 241 242 131)
4(241 352 353 242)
4(352 463 464 353)
4(463 574 575 464)
4(574 685 686 575)
4(685 796 797 686)
4(796 907 908 797)
4(907 1018 1019 908)
4(1018 1129 1130 1019)
4(1129 1240 1241 1130)
4(1240 1351 1352 1241)
4(1351 1462 1463 1352)
4(1462 1573 1574 1463)
4(1573 1684 1685 1574)
4(1684 1795 1796 1685)
4(1795 1906 1907 1796)
4(1906 2017 2018 1907)
4(2017 2128 2129 2018)
4(2128 2239 2240 2129)
4(2239 2350 2351 2240)
4(2350 2461 2462 2351)
4(2461 2572 2573 2462)
4(2572 2683 2684 2573)
4(2683 2794 2795 2684)
4(2794 2905 2906 2795)
4(2905 3016 3017 2906)
4(3016 3127 3128 3017)
4(3127 3238 3239 3128)
4(3238 3349 3350 3239)
4(3349 3460 3461 3350)
4(3460 3571 3572 3461)
4(3571 3682 3683 3572)
4(3682 3793 3794 3683)
4(3793 3904 3905 3794)
4(3904 4015 4016 3905)
4(4015 4126 4127 4016)
4(4126 4237 4238 4127)
4(4237 4348 4349 4238)
4(4348 4459 4460 4349)
4(4459 4570 4571 4460)
4(4570 4681 4682 4571)
4(4681 4792 4793 4682)
4(4792 4903 4904 4793)
4(4903 5014 5015 4904)
4(5014 5125 5126 5015)
4(5125 5236 5237 5126)
4(5236 5347 5348 5237)
4(5347 5458 5459 5348)
4(5458 5569 5570 5459)
4(5569 5680 5681 5570)
4(5680 5791 5792 5681)
4(5791 5902 5903 5792)
4(5902 6013 6014 5903)
4(6013 6124 6125 6014)
4(6124 6235 6236 6125)
4(6235 6346 6347 6236)
4(6346 6457 6458 6347)
4(6457 6568 6569 6458)
4(6568 6679 6680 6569)
4(6679 6790 6791 6680)
4(6790 6901 6902 6791)
4(6901 7012 7013 6902)
4(7012 7123 7124 7013)
4(7123 7234 7235 7124)
4(7234 7345 7346 7235)
4(7345 7456 7457 7346)
4(7456 7567 7568 7457)
4(7567 7678 7679 7568)
4(7678 7789 7790 7679)
4(7789 7900 7901 7790)
4(7900 8011 8012 7901)
4(8011 8122 8123 8012)
4(8122 8233 8234 8123)
4(8233 8344 8345 8234)
4(8344 8455 8456 8345)
4(8455 8566 8567 8456)
4(8566 8677 8678 8567)
4(8677 8788 8789 8678)
4(8788 8899 8900 8789)
4(8899 9010 9011 8900)
4(9010 9121 9122 9011)
4(9121 9232 9233 9122)
4(9232 9343 9344 9233)
4(9343 9454 9455 9344)
4(20 131 132 21)
4(131 242 243 132)
4(242 353 354 243)
4(353 464 465 354)
4(464 575 576 465)
4(575 686 687 576)
4(686 797 798 687)
4(797 908 909 798)
4(908 1019 1020 909)
4(1019 1130 1131 1020)
4(1130 1241 1242 1131)
4(1241 1352 1353 1242)
4(1352 1463 1464 1353)
4(1463 1574 1575 1464)
4(1574 1685 1686 1575)
4(1685 1796 1797 1686)
4(1796 1907 1908 1797)
4(1907 2018 2019 1908)
4(2018 2129 2130 2019)
4(2129 2240 2241 2130)
4(2240 2351 2352 2241)
4(2351 2462 2463 2352)
4(2462 2573 2574 2463)
4(2573 2684 2685 2574)
4(2684 2795 2796 2685)
4(2795 2906 2907 2796)
4(2906 3017 3018 2907)
4(3017 3128 3129 3018)
4(3128 3239 3240 3129)
4(3239 3350 3351 3240)
4(3350 3461 3462 3351)
4(3461 3572 3573 3462)
4(3572 3683 3684 3573)
4(3683 3794 3795 3684)
4(3794 3905 3906 3795)
4(3905 4016 4017 3906)
4(4016 4127 4128 4017)
4(4127 4238 4239 4128)
4(4238 4349 4350 4239)
4(4349 4460 4461 4350)
4(4460 4571 4572 4461)
4(4571 4682 4683 4572)
4(4682 4793 4794 4683)
4(4793 4904 4905 4794)
4(4904 5015 5016 4905)
4(5015 5126 5127 5016)
4(5126 5237 5238 5127)
4(5237 5348 5349 5238)
4(5348 5459 5460 5349)
4(5459 5570 5571 5460)
4(5570 5681 5682 5571)
4(5681 5792 5793 5682)
4(5792 5903 5904 5793)
4(5903 6014 6015 5904)
4(6014 6125 6126 6015)
4(6125 6236 6237 6126)
4(6236 6347 6348 6237)
4(6347 6458 6459 6348)
4(6458 6569 6570 6459)
4(6569 6680 6681 6570)
4(6680 6791 6792 6681)
4(6791 6902 6903 6792)
4(6902 7013 7014 6903)
4(7013 7124 7125 7014)
4(7124 7235 7236 7125)
4(7235 7346 7347 7236)
4(7346 7457 7458 7347)
4(7457 7568 7569 7458)
4(7568 7679 7680 7569)
4(7679 7790 7791 7680)
4(7790 7901 7902 7791)
4(7901 8012 8013 7902)
4(8012 8123 8124 8013)
4(8123 8234 8235 8124)
4(8234 8345 8346 8235)
4(8345 8456 8457 8346)
4(8456 8567 8568 8457)
4(8567 8678 8679 8568)
4(8678 8789 8790 8679)
4(8789 8900 8901 8790)
4(8900 9011 9012 8901)
4(9011 9122 9123 9012)
4(9122 9233 9234 9123)
4(9233 9344 9345 9234)
4(9344 9455 9456 9345)
4(21 132 133 22)
4(132 243 244 133)
4(243 354 355 244)
4(354 465 466 355)
4(465 576 577 466)
4(576 687 688 577)
4(687 798 799 688)
4(798 909 910 799)
4(909 1020 1021 910)
4(1020 1131 1132 1021)
4(1131 1242 1243 1132)
4(1242 1353 1354 1243)
4(1353 1464 1465 1354)
4(1464 1575 1576 1465)
4(1575 1686 1687 1576)
4(1686 1797 1798 1687)
4(1797 1908 1909 1798)
4(1908 2019 2020 1909)
4(2019 2130 2131 2020)
4(2130 2241 2242 2131)
4(2241 2352 2353 2242)
4(2352 2463 2464 2353)
4(2463 2574 2575 2464)
4(2574 2685 2686 2575)
4(2685 2796 2797 2686)
4(2796 2907 2908 2797)
4(2907 3018 3019 2908)
4(3018 3129 3130 3019)
4(3129 3240 3241 3130)
4(3240 3351 3352 3241)
4(3351 3462 3463 3352)
4(3462 3573 3574 3463)
4(3573 3684 3685 3574)
4(3684 3795 3796 3685)
4(3795 3906 3907 3796)
4(3906 4017 4018 3907)
4(4017 4128 4129 4018)
4(4128 4239 4240 4129)
4(4239 4350 4351 4240)
4(4350 4461 4462 4351)
4(4461 4572 4573 4462)
4(4572 4683 4684 4573)
4(4683 4794 4795 4684)
4(4794 4905 4906 4795)
4(4905 5016 5017 4906)
4(5016 5127 5128 5017)
4(5127 5238 5239 5128)
4(5238 5349 5350 5239)
4(5349 5460 5461 5350)
4(5460 5571 5572 5461)
4(5571 5682 5683 5572)
4(5682 5793 5794 5683)
4(5793 5904 5905 5794)
4(5904 6015 6016 5905)
4(6015 6126 6127 6016)
4(6126 6237 6238 6127)
4(6237 6348 6349 6238)
4(6348 6459 6460 6349)
4(6459 6570 6571 6460)
4(6570 6681 6682 6571)
4(6681 6792 6793 6682)
4(6792 6903 6904 6793)
4(6903 7014 7015 6904)
4(7014 7125 7126 7015)
4(7125 7236 7237 7126)
4(7236 7347 7348 7237)
4(7347 7458 7459 7348)
4(7458 7569 7570 7459)
4(7569 7680 7681 7570)
4(7680 7791 7792 7681)
4(7791 7902 7903 7792)
4(7902 8013 8014 7903)
4(8013 8124 8125 8014)
4(8124 8235 8236 8125)
4(8235 8346 8347 8236)
4(8346 8457 8458 8347)
4(8457 8568 8569 8458)
4(8568 8679 8680 8569)
4(8679 8790 8791 8680)
4(8790 8901 8902 8791)
4(8901 9012 9013 8902)
4(9012 9123 9124 9013)
4(9123 9234 9235 9124)
4(9234 9345 9346 9235)
4(9345 9456 9457 9346)
4(22 133 134 23)
4(133 244 245 134)
4(244 355 356 245)
4(355 466 467 356)
4(466 577 578 467)
4(577 688 689 578)
4(688 799 800 689)
4(799 910 911 800)
4(910 1021 1022 911)
4(1021 1132 1133 1022)
4(1132 1243 1244 1133)
4(1243 1354 1355 1244)
4(1354 1465 1466 1355)
4(1465 1576 1577 1466)
4(1576 1687 1688 1577)
4(1687 1798 1799 1688)
4(1798 1909 1910 1799)
4(1909 2020 2021 1910)
4(2020 2131 2132 2021)
4(2131 2242 2243 2132)
4(2242 2353 2354 2243)
4(2353 2464 2465 2354)
4(2464 2575 2576 2465)
4(2575 2686 2687 2576)
4(2686 2797 2798 2687)
4(2797 2908 2909 2798)
4(2908 3019 3020 2909)
4(3019 3130 3131 3020)
4(3130 3241 3242 3131)
4(3241 3352 3353 3242)
4(3352 3463 3464 3353)
4(3463 3574 3575 3464)
4(3574 3685 3686 3575)
4(3685 3796 3797 3686)
4(3796 3907 3908 3797)
4(3907 4018 4019 3908)
4(4018 4129 4130 4019)
4(4129 4240 4241 4130)
4(4240 4351 4352 4241)
4(4351 4462 4463 4352)
4(4462 4573 4574 4463)
4(4573 4684 4685 4574)
4(4684 4795 4796 4685)
4(4795 4906 4907 4796)
4(4906 5017 5018 4907)
4(5017 5128 5129 5018)
4(5128 5239 5240 5129)
4(5239 5350 5351 5240)
4(5350 5461 5462 5351)
4(5461 5572 5573 5462)
4(5572 5683 5684 5573)
4(5683 5794 5795 5684)
4(5794 5905 5906 5795)
4(5905 6016 6017 5906)
4(6016 6127 6128 6017)
4(6127 6238 6239 6128)
4(6238 6349 6350 6239)
4(6349 6460 6461 6350)
4(6460 6571 6572 6461)
4(6571 6682 6683 6572)
4(6682 6793 6794 6683)
4(6793 6904 6905 6794)
4(6904 7015 7016 6905)
4(7015 7126 7127 7016)
4(7126 7237 7238 7127)
4(7237 7348 7349 7238)
4(7348 7459 7460 7349)
4(7459 7570 7571 7460)
4(7570 7681 7682 7571)
4(7681 7792 7793 7682)
4(7792 7903 7904 7793)
4(7903 8014 8015 7904)
4(8014 8125 8126 8015)
4(8125 8236 8237 8126)
4(8236 8347 8348 8237)
4(8347 8458 8459 8348)
4(8458 8569 8570 8459)
4(8569 8680 8681 8570)
4(8680 8791 8792 8681)
4(8791 8902 8903 8792)
4(8902 9013 9014 8903)
4(9013 9124 9125 9014)
4(9124 9235 9236 9125)
4(9235 9346 9347 9236)
4(9346 9457 9458 9347)
4(23 134 135 24)
4(134 245 246 135)
4(245 356 357 246)
4(356 467 468 357)
4(467 578 579 468)
4(578 689 690 579)
4(689 800 801 690)
4(800 911 912 801)
4(911 1022 1023 912)
4(1022 1133 1134 1023)
4(1133 1244 1245 1134)
4(1244 1355 1356 1245)
4(1355 1466 1467 1356)
4(1466 1577 1578 1467)
4(1577 1688 1689 1578)
4(1688 1799 1800 1689)
4(1799 1910 1911 1800)
4(1910 2021 2022 1911)
4(2021 2132 2133 2022)
4(2132 2243 2244 2133)
4(2243 2354 2355 2244)
4(2354 2465 2466 2355)
4(2465 2576 2577 2466)
4(2576 2687 2688 2577)
4(2687 2798 2799 2688)
4(2798 2909 2910 2799)
4(2909 3020 3021 2910)
4(3020 3131 3132 3021)
4(3131 3242 3243 3132)
4(3242 3353 3354 3243)
4(3353 3464 3465 3354)
4(3464 3575 3576 3465)
4(3575 3686 3687 3576)
4(3686 3797 3798 3687)
4(3797 3908 3909 3798)
4(3908 4019 4020 3909)
4(4019 4130 4131 4020)
4(4130 4241 4242 4131)
4(4241 4352 4353 4242)
4(4352 4463 4464 4353)
4(4463 4574 4575 4464)
4(4574 4685 4686 4575)
4(4685 4796 4797 4686)
4(4796 4907 4908 4797)
4(4907 5018 5019 4908)
4(5018 5129 5130 5019)
4(5129 5240 5241 5130)
4(5240 5351 5352 5241)
4(5351 5462 5463 5352)
4(5462 5573 5574 5463)
4(5573 5684 5685 5574)
4(5684 5795 5796 5685)
4(5795 5906 5907 5796)
4(5906 6017 6018 5907)
4(6017 6128 6129 6018)
4(6128 6239 6240 6129)
4(6239 6350 6351 6240)
4(6350 6461 6462 6351)
4(6461 6572 6573 6462)
4(6572 6683 6684 6573)
4(6683 6794 6795 6684)
4(6794 6905 6906 6795)
4(6905 7016 7017 6906)
4(7016 7127 7128 7017)
4(7127 7238 7239 7128)
4(7238 7349 7350 7239)
4(7349 7460 7461 7350)
4(7460 7571 7572 7461)
4(7571 7682 7683 7572)
4(7682 7793 7794 7683)
4(7793 7904 7905 7794)
4(7904 8015 8016 7905)
4(8015 8126 8127 8016)
4(8126 8237 8238 8127)
4(8237 8348 8349 8238)
4(8348 8459 8460 8349)
4(8459 8570 8571 8460)
4(8570 8681 8682 8571)
4(8681 8792 8793 8682)
4(8792 8903 8904 8793)
4(8903 9014 9015 8904)
4(9014 9125 9126 9015)
4(9125 9236 9237 9126)
4(9236 9347 9348 9237)
4(9347 9458 9459 9348)
4(24 135 136 25)
4(135 246 247 136)
4(246 357 358 247)
4(357 468 469 358)
4(468 579 580 469)
4(579 690 691 580)
4(690 801 802 691)
4(801 912 913 802)
4(912 1023 1024 913)
4(1023 1134 1135 1024)
4(1134 1245 1246 1135)
4(1245 1356 1357 1246)
4(1356 1467 1468 1357)
4(1467 1578 1579 1468)
4(1578 1689 1690 1579)
4(1689 1800 1801 1690)
4(1800 1911 1912 1801)
4(1911 2022 2023 1912)
4(2022 2133 2134 2023)
4(2133 2244 2245 2134)
4(2244 2355 2356 2245)
4(2355 2466 2467 2356)
4(2466 2577 2578 2467)
4(2577 2688 2689 2578)
4(2688 2799 2800 2689)
4(2799 2910 2911 2800)
4(2910 3021 3022 2911)
4(3021 3132 3133 3022)
4(3132 3243 3244 3133)
4(3243 3354 3355 3244)
4(3354 3465 3466 3355)
4(3465 3576 3577 3466)
4(3576 3687 3688 3577)
4(3687 3798 3799 3688)
4(3798 3909 3910 3799)
4(3909 4020 4021 3910)
4(4020 4131 4132 4021)
4(4131 4242 4243 4132)
4(4242 4353 4354 4243)
4(4353 4464 4465 4354)
4(4464 4575 4576 4465)
4(4575 4686 4687 4576)
4(4686 4797 4798 4687)
4(4797 4908 4909 4798)
4(4908 5019 5020 4909)
4(5019 5130 5131 5020)
4(5130 5241 5242 5131)
4(5241 5352 5353 5242)
4(5352 5463 5464 5353)
4(5463 5574 5575 5464)
4(5574 5685 5686 5575)
4(5685 5796 5797 5686)
4(5796 5907 5908 5797)
4(5907 6018 6019 5908)
4(6018 6129 6130 6019)
4(6129 6240 6241 6130)
4(6240 6351 6352 6241)
4(6351 6462 6463 6352)
4(6462 6573 6574 6463)
4(6573 6684 6685 6574)
4(6684 6795 6796 6685)
4(6795 6906 6907 6796)
4(6906 7017 7018 6907)
4(7017 7128 7129 7018)
4(7128 7239 7240 7129)
4(7239 7350 7351 7240)
4(7350 7461 7462 7351)
4(7461 7572 7573 7462)
4(7572 7683 7684 7573)
4(7683 7794 7795 7684)
4(7794 7905 7906 7795)
4(7905 8016 8017 7906)
4(8016 8127 8128 8017)
4(8127 8238 8239 8128)
4(8238 8349 8350 8239)
4(8349 8460 8461 8350)
4(8460 8571 8572 8461)
4(8571 8682 8683 8572)
4(8682 8793 8794 8683)
4(8793 8904 8905 8794)
4(8904 9015 9016 8905)
4(9015 9126 9127 9016)
4(9126 9237 9238 9127)
4(9237 9348 9349 9238)
4(9348 9459 9460 9349)
4(25 136 137 26)
4(136 247 248 137)
4(247 358 359 248)
4(358 469 470 359)
4(469 580 581 470)
4(580 691 692 581)
4(691 802 803 692)
4(802 913 914 803)
4(913 1024 1025 914)
4(1024 1135 1136 1025)
4(1135 1246 1247 1136)
4(1246 1357 1358 1247)
4(1357 1468 1469 1358)
4(1468 1579 1580 1469)
4(1579 1690 1691 1580)
4(1690 1801 1802 1691)
4(1801 1912 1913 1802)
4(1912 2023 2024 1913)
4(2023 2134 2135 2024)
4(2134 2245 2246 2135)
4(2245 2356 2357 2246)
4(2356 2467 2468 2357)
4(2467 2578 2579 2468)
4(2578 2689 2690 2579)
4(2689 2800 2801 2690)
4(2800 2911 2912 2801)
4(2911 3022 3023 2912)
4(3022 3133 3134 3023)
4(3133 3244 3245 3134)
4(3244 3355 3356 3245)
4(3355 3466 3467 3356)
4(3466 3577 3578 3467)
4(3577 3688 3689 3578)
4(3688 3799 3800 3689)
4(3799 3910 3911 3800)
4(3910 4021 4022 3911)
4(4021 4132 4133 4022)
4(4132 4243 4244 4133)
4(4243 4354 4355 4244)
4(4354 4465 4466 4355)
4(4465 4576 4577 4466)
4(4576 4687 4688 4577)
4(4687 4798 4799 4688)
4(4798 4909 4910 4799)
4(4909 5020 5021 4910)
4(5020 5131 5132 5021)
4(5131 5242 5243 5132)
4(5242 5353 5354 5243)
4(5353 5464 5465 5354)
4(5464 5575 5576 5465)
4(5575 5686 5687 5576)
4(5686 5797 5798 5687)
4(5797 5908 5909 5798)
4(5908 6019 6020 5909)
4(6019 6130 6131 6020)
4(6130 6241 6242 6131)
4(6241 6352 6353 6242)
4(6352 6463 6464 6353)
4(6463 6574 6575 6464)
4(6574 6685 6686 6575)
4(6685 6796 6797 6686)
4(6796 6907 6908 6797)
4(6907 7018 7019 6908)
4(7018 7129 7130 7019)
4(7129 7240 7241 7130)
4(7240 7351 7352 7241)
4(7351 7462 7463 7352)
4(7462 7573 7574 7463)
4(7573 7684 7685 7574)
4(7684 7795 7796 7685)
4(7795 7906 7907 7796)
4(7906 8017 8018 7907)
4(8017 8128 8129 8018)
4(8128 8239 8240 8129)
4(8239 8350 8351 8240)
4(8350 8461 8462 8351)
4(8461 8572 8573 8462)
4(8572 8683 8684 8573)
4(8683 8794 8795 8684)
4(8794 8905 8906 8795)
4(8905 9016 9017 8906)
4(9016 9127 9128 9017)
4(9127 9238 9239 9128)
4(9238 9349 9350 9239)
4(9349 9460 9461 9350)
4(26 137 138 27)
4(137 248 249 138)
4(248 359 360 249)
4(359 470 471 360)
4(470 581 582 471)
4(581 692 693 582)
4(692 803 804 693)
4(803 914 915 804)
4(914 1025 1026 915)
4(1025 1136 1137 1026)
4(1136 1247 1248 1137)
4(1247 1358 1359 1248)
4(1358 1469 1470 1359)
4(1469 1580 1581 1470)
4(1580 1691 1692 1581)
4(1691 1802 1803 1692)
4(1802 1913 1914 1803)
4(1913 2024 2025 1914)
4(2024 2135 2136 2025)
4(2135 2246 2247 2136)
4(2246 2357 2358 2247)
4(2357 2468 2469 2358)
4(2468 2579 2580 2469)
4(2579 2690 2691 2580)
4(2690 2801 2802 2691)
4(2801 2912 2913 2802)
4(2912 3023 3024 2913)
4(3023 3134 3135 3024)
4(3134 3245 3246 3135)
4(3245 3356 3357 3246)
4(3356 3467 3468 3357)
4(3467 3578 3579 3468)
4(3578 3689 3690 3579)
4(3689 3800 3801 3690)
4(3800 3911 3912 3801)
4(3911 4022 4023 3912)
4(4022 4133 4134 4023)
4(4133 4244 4245 4134)
4(4244 4355 4356 4245)
4(4355 4466 4467 4356)
4(4466 4577 4578 4467)
4(4577 4688 4689 4578)
4(4688 4799 4800 4689)
4(4799 4910 4911 4800)
4(4910 5021 5022 4911)
4(5021 5132 5133 5022)
4(5132 5243 5244 5133)
4(5243 5354 5355 5244)
4(5354 5465 5466 5355)
4(5465 5576 5577 5466)
4(5576 5687 5688 5577)
4(5687 5798 5799 5688)
4(5798 5909 5910 5799)
4(5909 6020 6021 5910)
4(6020 6131 6132 6021)
4(6131 6242 6243 6132)
4(6242 6353 6354 6243)
4(6353 6464 6465 6354)
4(6464 6575 6576 6465)
4(6575 6686 6687 6576)
4(6686 6797 6798 6687)
4(6797 6908 6909 6798)
4(6908 7019 7020 6909)
4(7019 7130 7131 7020)
4(7130 7241 7242 7131)
4(7241 7352 7353 7242)
4(7352 7463 7464 7353)
4(7463 7574 7575 7464)
4(7574 7685 7686 7575)
4(7685 7796 7797 7686)
4(7796 7907 7908 7797)
4(7907 8018 8019 7908)
4(8018 8129 8130 8019)
4(8129 8240 8241 8130)
4(8240 8351 8352 8241)
4(8351 8462 8463 8352)
4(8462 8573 8574 8463)
4(8573 8684 8685 8574)
4(8684 8795 8796 8685)
4(8795 8906 8907 8796)
4(8906 9017 9018 8907)
4(9017 9128 9129 9018)
4(9128 9239 9240 9129)
4(9239 9350 9351 9240)
4(9350 9461 9462 9351)
4(27 138 139 28)
4(138 249 250 139)
4(249 360 361 250)
4(360 471 472 361)
4(471 582 583 472)
4(582 693 694 583)
4(693 804 805 694)
4(804 915 916 805)
4(915 1026 1027 916)
4(1026 1137 1138 1027)
4(1137 1248 1249 1138)
4(1248 1359 1360 1249)
4(1359 1470 1471 1360)
4(1470 1581 1582 1471)
4(1581 1692 1693 1582)
4(1692 1803 1804 1693)
4(1803 1914 1915 1804)
4(1914 2025 2026 1915)
4(2025 2136 2137 2026)
4(2136 2247 2248 2137)
4(2247 2358 2359 2248)
4(2358 2469 2470 2359)
4(2469 2580 2581 2470)
4(2580 2691 2692 2581)
4(2691 2802 2803 2692)
4(2802 2913 2914 2803)
4(2913 3024 3025 2914)
4(3024 3135 3136 3025)
4(3135 3246 3247 3136)
4(3246 3357 3358 3247)
4(3357 3468 3469 3358)
4(3468 3579 3580 3469)
4(3579 3690 3691 3580)
4(3690 3801 3802 3691)
4(3801 3912 3913 3802)
4(3912 4023 4024 3913)
4(4023 4134 4135 4024)
4(4134 4245 4246 4135)
4(4245 4356 4357 4246)
4(4356 4467 4468 4357)
4(4467 4578 4579 4468)
4(4578 4689 4690 4579)
4(4689 4800 4801 4690)
4(4800 4911 4912 4801)
4(4911 5022 5023 4912)
4(5022 5133 5134 5023)
4(5133 5244 5245 5134)
4(5244 5355 5356 5245)
4(5355 5466 5467 5356)
4(5466 5577 5578 5467)
4(5577 5688 5689 5578)
4(5688 5799 5800 5689)
4(5799 5910 5911 5800)
4(5910 6021 6022 5911)
4(6021 6132 6133 6022)
4(6132 6243 6244 6133)
4(6243 6354 6355 6244)
4(6354 6465 6466 6355)
4(6465 6576 6577 6466)
4(6576 6687 6688 6577)
4(6687 6798 6799 6688)
4(6798 6909 6910 6799)
4(6909 7020 7021 6910)
4(7020 7131 7132 7021)
4(7131 7242 7243 7132)
4(7242 7353 7354 7243)
4(7353 7464 7465 7354)
4(7464 7575 7576 7465)
4(7575 7686 7687 7576)
4(7686 7797 7798 7687)
4(7797 7908 7909 7798)
4(7908 8019 8020 7909)
4(8019 8130 8131 8020)
4(8130 8241 8242 8131)
4(8241 8352 8353 8242)
4(8352 8463 8464 8353)
4(8463 8574 8575 8464)
4(8574 8685 8686 8575)
4(8685 8796 8797 8686)
4(8796 8907 8908 8797)
4(8907 9018 9019 8908)
4(9018 9129 9130 9019)
4(9129 9240 9241 9130)
4(9240 9351 9352 9241)
4(9351 9462 9463 9352)
4(28 139 140 29)
4(139 250 251 140)
4(250 361 362 251)
4(361 472 473 362)
4(472 583 584 473)
4(583 694 695 584)
4(694 805 806 695)
4(805 916 917 806)
4(916 1027 1028 917)
4(1027 1138 1139 1028)
4(1138 1249 1250 1139)
4(1249 1360 1361 1250)
4(1360 1471 1472 1361)
4(1471 1582 1583 1472)
4(1582 1693 1694 1583)
4(1693 1804 1805 1694)
4(1804 1915 1916 1805)
4(1915 2026 2027 1916)
4(2026 2137 2138 2027)
4(2137 2248 2249 2138)
4(2248 2359 2360 2249)
4(2359 2470 2471 2360)
4(2470 2581 2582 2471)
4(2581 2692 2693 2582)
4(2692 2803 2804 2693)
4(2803 2914 2915 2804)
4(2914 3025 3026 2915)
4(3025 3136 3137 3026)
4(3136 3247 3248 3137)
4(3247 3358 3359 3248)
4(3358 3469 3470 3359)
4(3469 3580 3581 3470)
4(3580 3691 3692 3581)
4(3691 3802 3803 3692)
4(3802 3913 3914 3803)
4(3913 4024 4025 3914)
4(4024 4135 4136 4025)
4(4135 4246 4247 4136)
4(4246 4357 4358 4247)
4(4357 4468 4469 4358)
4(4468 4579 4580 4469)
4(4579 4690 4691 4580)
4(4690 4801 4802 4691)
4(4801 4912 4913 4802)
4(4912 5023 5024 4913)
4(5023 5134 5135 5024)
4(5134 5245 5246 5135)
4(5245 5356 5357 5246)
4(5356 5467 5468 5357)
4(5467 5578 5579 5468)
4(5578 5689 5690 5579)
4(5689 5800 5801 5690)
4(5800 5911 5912 5801)
4(5911 6022 6023 5912)
4(6022 6133 6134 6023)
4(6133 6244 6245 6134)
4(6244 6355 6356 6245)
4(6355 6466 6467 6356)
4(6466 6577 6578 6467)
4(6577 6688 6689 6578)
4(6688 6799 6800 6689)
4(6799 6910 6911 6800)
4(6910 7021 7022 6911)
4(7021 7132 7133 7022)
4(7132 7243 7244 7133)
4(7243 7354 7355 7244)
4(7354 7465 7466 7355)
4(7465 7576 7577 7466)
4(7576 7687 7688 7577)
4(7687 7798 7799 7688)
4(7798 7909 7910 7799)
4(7909 8020 8021 7910)
4(8020 8131 8132 8021)
4(8131 8242 8243 8132)
4(8242 8353 8354 8243)
4(8353 8464 8465 8354)
4(8464 8575 8576 8465)
4(8575 8686 8687 8576)
4(8686 8797 8798 8687)
4(8797 8908 8909 8798)
4(8908 9019 9020 8909)
4(9019 9130 9131 9020)
4(9130 9241 9242 9131)
4(9241 9352 9353 9242)
4(9352 9463 9464 9353)
4(29 140 141 30)
4(140 251 252 141)
4(251 362 363 252)
4(362 473 474 363)
4(473 584 585 474)
4(584 695 696 585)
4(695 806 807 696)
4(806 917 918 807)
4(917 1028 1029 918)
4(1028 1139 1140 1029)
4(1139 1250 1251 1140)
4(1250 1361 1362 1251)
4(1361 1472 1473 1362)
4(1472 1583 1584 1473)
4(1583 1694 1695 1584)
4(1694 1805 1806 1695)
4(1805 1916 1917 1806)
4(1916 2027 2028 1917)
4(2027 2138 2139 2028)
4(2138 2249 2250 2139)
4(2249 2360 2361 2250)
4(2360 2471 2472 2361)
4(2471 2582 2583 2472)
4(2582 2693 2694 2583)
4(2693 2804 2805 2694)
4(2804 2915 2916 2805)
4(2915 3026 3027 2916)
4(3026 3137 3138 3027)
4(3137 3248 3249 3138)
4(3248 3359 3360 3249)
4(3359 3470 3471 3360)
4(3470 3581 3582 3471)
4(3581 3692 3693 3582)
4(3692 3803 3804 3693)
4(3803 3914 3915 3804)
4(3914 4025 4026 3915)
4(4025 4136 4137 4026)
4(4136 4247 4248 4137)
4(4247 4358 4359 4248)
4(4358 4469 4470 4359)
4(4469 4580 4581 4470)
4(4580 4691 4692 4581)
4(4691 4802 4803 4692)
4(4802 4913 4914 4803)
4(4913 5024 5025 4914)
4(5024 5135 5136 5025)
4(5135 5246 5247 5136)
4(5246 5357 5358 5247)
4(5357 5468 5469 5358)
4(5468 5579 5580 5469)
4(5579 5690 5691 5580)
4(5690 5801 5802 5691)
4(5801 5912 5913 5802)
4(5912 6023 6024 5913)
4(6023 6134 6135 6024)
4(6134 6245 6246 6135)
4(6245 6356 6357 6246)
4(6356 6467 6468 6357)
4(6467 6578 6579 6468)
4(6578 6689 6690 6579)
4(6689 6800 6801 6690)
4(6800 6911 6912 6801)
4(6911 7022 7023 6912)
4(7022 7133 7134 7023)
4(7133 7244 7245 7134)
4(7244 7355 7356 7245)
4(7355 7466 7467 7356)
4(7466 7577 7578 7467)
4(7577 7688 7689 7578)
4(7688 7799 7800 7689)
4(7799 7910 7911 7800)
4(7910 8021 8022 7911)
4(8021 8132 8133 8022)
4(8132 8243 8244 8133)
4(8243 8354 8355 8244)
4(8354 8465 8466 8355)
4(8465 8576 8577 8466)
4(8576 8687 8688 8577)
4(8687 8798 8799 8688)
4(8798 8909 8910 8799)
4(8909 9020 9021 8910)
4(9020 9131 9132 9021)
4(9131 9242 9243 9132)
4(9242 9353 9354 9243)
4(9353 9464 9465 9354)
4(30 141 142 31)
4(141 252 253 142)
4(252 363 364 253)
4(363 474 475 364)
4(474 585 586 475)
4(585 696 697 586)
4(696 807 808 697)
4(807 918 919 808)
4(918 1029 1030 919)
4(1029 1140 1141 1030)
4(1140 1251 1252 1141)
4(1251 1362 1363 1252)
4(1362 1473 1474 1363)
4(1473 1584 1585 1474)
4(1584 1695 1696 1585)
4(1695 1806 1807 1696)
4(1806 1917 1918 1807)
4(1917 2028 2029 1918)
4(2028 2139 2140 2029)
4(2139 2250 2251 2140)
4(2250 2361 2362 2251)
4(2361 2472 2473 2362)
4(2472 2583 2584 2473)
4(2583 2694 2695 2584)
4(2694 2805 2806 2695)
4(2805 2916 2917 2806)
4(2916 3027 3028 2917)
4(3027 3138 3139 3028)
4(3138 3249 3250 3139)
4(3249 3360 3361 3250)
4(3360 3471 3472 3361)
4(3471 3582 3583 3472)
4(3582 3693 3694 3583)
4(3693 3804 3805 3694)
4(3804 3915 3916 3805)
4(3915 4026 4027 3916)
4(4026 4137 4138 4027)
4(4137 4248 4249 4138)
4(4248 4359 4360 4249)
4(4359 4470 4471 4360)
4(4470 4581 4582 4471)
4(4581 4692 4693 4582)
4(4692 4803 4804 4693)
4(4803 4914 4915 4804)
4(4914 5025 5026 4915)
4(5025 5136 5137 5026)
4(5136 5247 5248 5137)
4(5247 5358 5359 5248)
4(5358 5469 5470 5359)
4(5469 5580 5581 5470)
4(5580 5691 5692 5581)
4(5691 5802 5803 5692)
4(5802 5913 5914 5803)
4(5913 6024 6025 5914)
4(6024 6135 6136 6025)
4(6135 6246 6247 6136)
4(6246 6357 6358 6247)
4(6357 6468 6469 6358)
4(6468 6579 6580 6469)
4(6579 6690 6691 6580)
4(6690 6801 6802 6691)
4(6801 6912 6913 6802)
4(6912 7023 7024 6913)
4(7023 7134 7135 7024)
4(7134 7245 7246 7135)
4(7245 7356 7357 7246)
4(7356 7467 7468 7357)
4(7467 7578 7579 7468)
4(7578 7689 7690 7579)
4(7689 7800 7801 7690)
4(7800 7911 7912 7801)
4(7911 8022 8023 7912)
4(8022 8133 8134 8023)
4(8133 8244 8245 8134)
4(8244 8355 8356 8245)
4(8355 8466 8467 8356)
4(8466 8577 8578 8467)
4(8577 8688 8689 8578)
4(8688 8799 8800 8689)
4(8799 8910 8911 8800)
4(8910 9021 9022 8911)
4(9021 9132 9133 9022)
4(9132 9243 9244 9133)
4(9243 9354 9355 9244)
4(9354 9465 9466 9355)
4(31 142 143 32)
4(142 253 254 143)
4(253 364 365 254)
4(364 475 476 365)
4(475 586 587 476)
4(586 697 698 587)
4(697 808 809 698)
4(808 919 920 809)
4(919 1030 1031 920)
4(1030 1141 1142 1031)
4(1141 1252 1253 1142)
4(1252 1363 1364 1253)
4(1363 1474 1475 1364)
4(1474 1585 1586 1475)
4(1585 1696 1697 1586)
4(1696 1807 1808 1697)
4(1807 1918 1919 1808)
4(1918 2029 2030 1919)
4(2029 2140 2141 2030)
4(2140 2251 2252 2141)
4(2251 2362 2363 2252)
4(2362 2473 2474 2363)
4(2473 2584 2585 2474)
4(2584 2695 2696 2585)
4(2695 2806 2807 2696)
4(2806 2917 2918 2807)
4(2917 3028 3029 2918)
4(3028 3139 3140 3029)
4(3139 3250 3251 3140)
4(3250 3361 3362 3251)
4(3361 3472 3473 3362)
4(3472 3583 3584 3473)
4(3583 3694 3695 3584)
4(3694 3805 3806 3695)
4(3805 3916 3917 3806)
4(3916 4027 4028 3917)
4(4027 4138 4139 4028)
4(4138 4249 4250 4139)
4(4249 4360 4361 4250)
4(4360 4471 4472 4361)
4(4471 4582 4583 4472)
4(4582 4693 4694 4583)
4(4693 4804 4805 4694)
4(4804 4915 4916 4805)
4(4915 5026 5027 4916)
4(5026 5137 5138 5027)
4(5137 5248 5249 5138)
4(5248 5359 5360 5249)
4(5359 5470 5471 5360)
4(5470 5581 5582 5471)
4(5581 5692 5693 5582)
4(5692 5803 5804 5693)
4(5803 5914 5915 5804)
4(5914 6025 6026 5915)
4(6025 6136 6137 6026)
4(6136 6247 6248 6137)
4(6247 6358 6359 6248)
4(6358 6469 6470 6359)
4(6469 6580 6581 6470)
4(6580 6691 6692 6581)
4(6691 6802 6803 6692)
4(6802 6913 6914 6803)
4(6913 7024 7025 6914)
4(7024 7135 7136 7025)
4(7135 7246 7247 7136)
4(7246 7357 7358 7247)
4(7357 7468 7469 7358)
4(7468 7579 7580 7469)
4(7579 7690 7691 7580)
4(7690 7801 7802 7691)
4(7801 7912 7913 7802)
4(7912 8023 8024 7913)
4(8023 8134 8135 8024)
4(8134 8245 8246 8135)
4(8245 8356 8357 8246)
4(8356 8467 8468 8357)
4(8467 8578 8579 8468)
4(8578 8689 8690 8579)
4(8689 8800 8801 8690)
4(8800 8911 8912 8801)
4(8911 9022 9023 8912)
4(9022 9133 9134 9023)
4(9133 9244 9245 9134)
4(9244 9355 9356 9245)
4(9355 9466 9467 9356)
4(32 143 144 33)
4(143 254 255 144)
4(254 365 366 255)
4(365 476 477 366)
4(476 587 588 477)
4(587 698 699 588)
4(698 809 810 699)
4(809 920 921 810)
4(920 1031 1032 921)
4(1031 1142 1143 1032)
4(1142 1253 1254 1143)
4(1253 1364 1365 1254)
4(1364 1475 1476 1365)
4(1475 1586 1587 1476)
4(1586 1697 1698 1587)
4(1697 1808 1809 1698)
4(1808 1919 1920 1809)
4(1919 2030 2031 1920)
4(2030 2141 2142 2031)
4(2141 2252 2253 2142)
4(2252 2363 2364 2253)
4(2363 2474 2475 2364)
4(2474 2585 2586 2475)
4(2585 2696 2697 2586)
4(2696 2807 2808 2697)
4(2807 2918 2919 2808)
4(2918 3029 3030 2919)
4(3029 3140 3141 3030)
4(3140 3251 3252 3141)
4(3251 3362 3363 3252)
4(3362 3473 3474 3363)
4(3473 3584 3585 3474)
4(3584 3695 3696 3585)
4(3695 3806 3807 3696)
4(3806 3917 3918 3807)
4(3917 4028 4029 3918)
4(4028 4139 4140 4029)
4(4139 4250 4251 4140)
4(4250 4361 4362 4251)
4(4361 4472 4473 4362)
4(4472 4583 4584 4473)
4(4583 4694 4695 4584)
4(4694 4805 4806 4695)
4(4805 4916 4917 4806)
4(4916 5027 5028 4917)
4(5027 5138 5139 5028)
4(5138 5249 5250 5139)
4(5249 5360 5361 5250)
4(5360 5471 5472 5361)
4(5471 5582 5583 5472)
4(5582 5693 5694 5583)
4(5693 5804 5805 5694)
4(5804 5915 5916 5805)
4(5915 6026 6027 5916)
4(6026 6137 6138 6027)
4(6137 6248 6249 6138)
4(6248 6359 6360 6249)
4(6359 6470 6471 6360)
4(6470 6581 6582 6471)
4(6581 6692 6693 6582)
4(6692 6803 6804 6693)
4(6803 6914 6915 6804)
4(6914 7025 7026 6915)
4(7025 7136 7137 7026)
4(7136 7247 7248 7137)
4(7247 7358 7359 7248)
4(7358 7469 7470 7359)
4(7469 7580 7581 7470)
4(7580 7691 7692 7581)
4(7691 7802 7803 7692)
4(7802 7913 7914 7803)
4(7913 8024 8025 7914)
4(8024 8135 8136 8025)
4(8135 8246 8247 8136)
4(8246 8357 8358 8247)
4(8357 8468 8469 8358)
4(8468 8579 8580 8469)
4(8579 8690 8691 8580)
4(8690 8801 8802 8691)
4(8801 8912 8913 8802)
4(8912 9023 9024 8913)
4(9023 9134 9135 9024)
4(9134 9245 9246 9135)
4(9245 9356 9357 9246)
4(9356 9467 9468 9357)
4(33 144 145 34)
4(144 255 256 145)
4(255 366 367 256)
4(366 477 478 367)
4(477 588 589 478)
4(588 699 700 589)
4(699 810 811 700)
4(810 921 922 811)
4(921 1032 1033 922)
4(1032 1143 1144 1033)
4(1143 1254 1255 1144)
4(1254 1365 1366 1255)
4(1365 1476 1477 1366)
4(1476 1587 1588 1477)
4(1587 1698 1699 1588)
4(1698 1809 1810 1699)
4(1809 1920 1921 1810)
4(1920 2031 2032 1921)
4(2031 2142 2143 2032)
4(2142 2253 2254 2143)
4(2253 2364 2365 2254)
4(2364 2475 2476 2365)
4(2475 2586 2587 2476)
4(2586 2697 2698 2587)
4(2697 2808 2809 2698)
4(2808 2919 2920 2809)
4(2919 3030 3031 2920)
4(3030 3141 3142 3031)
4(3141 3252 3253 3142)
4(3252 3363 3364 3253)
4(3363 3474 3475 3364)
4(3474 3585 3586 3475)
4(3585 3696 3697 3586)
4(3696 3807 3808 3697)
4(3807 3918 3919 3808)
4(3918 4029 4030 3919)
4(4029 4140 4141 4030)
4(4140 4251 4252 4141)
4(4251 4362 4363 4252)
4(4362 4473 4474 4363)
4(4473 4584 4585 4474)
4(4584 4695 4696 4585)
4(4695 4806 4807 4696)
4(4806 4917 4918 4807)
4(4917 5028 5029 4918)
4(5028 5139 5140 5029)
4(5139 5250 5251 5140)
4(5250 5361 5362 5251)
4(5361 5472 5473 5362)
4(5472 5583 5584 5473)
4(5583 5694 5695 5584)
4(5694 5805 5806 5695)
4(5805 5916 5917 5806)
4(5916 6027 6028 5917)
4(6027 6138 6139 6028)
4(6138 6249 6250 6139)
4(6249 6360 6361 6250)
4(6360 6471 6472 6361)
4(6471 6582 6583 6472)
4(6582 6693 6694 6583)
4(6693 6804 6805 6694)
4(6804 6915 6916 6805)
4(6915 7026 7027 6916)
4(7026 7137 7138 7027)
4(7137 7248 7249 7138)
4(7248 7359 7360 7249)
4(7359 7470 7471 7360)
4(7470 7581 7582 7471)
4(7581 7692 7693 7582)
4(7692 7803 7804 7693)
4(7803 7914 7915 7804)
4(7914 8025 8026 7915)
4(8025 8136 8137 8026)
4(8136 8247 8248 8137)
4(8247 8358 8359 8248)
4(8358 8469 8470 8359)
4(8469 8580 8581 8470)
4(8580 8691 8692 8581)
4(8691 8802 8803 8692)
4(8802 8913 8914 8803)
4(8913 9024 9025 8914)
4(9024 9135 9136 9025)
4(9135 9246 9247 9136)
4(9246 9357 9358 9247)
4(9357 9468 9469 9358)
4(34 145 146 35)
4(145 256 257 146)
4(256 367 368 257)
4(367 478 479 368)
4(478 589 590 479)
4(589 700 701 590)
4(700 811 812 701)
4(811 922 923 812)
4(922 1033 1034 923)
4(1033 1144 1145 1034)
4(1144 1255 1256 1145)
4(1255 1366 1367 1256)
4(1366 1477 1478 1367)
4(1477 1588 1589 1478)
4(1588 1699 1700 1589)
4(1699 1810 1811 1700)
4(1810 1921 1922 1811)
4(1921 2032 2033 1922)
4(2032 2143 2144 2033)
4(2143 2254 2255 2144)
4(2254 2365 2366 2255)
4(2365 2476 2477 2366)
4(2476 2587 2588 2477)
4(2587 2698 2699 2588)
4(2698 2809 2810 2699)
4(2809 2920 2921 2810)
4(2920 3031 3032 2921)
4(3031 3142 3143 3032)
4(3142 3253 3254 3143)
4(3253 3364 3365 3254)
4(3364 3475 3476 3365)
4(3475 3586 3587 3476)
4(3586 3697 3698 3587)
4(3697 3808 3809 3698)
4(3808 3919 3920 3809)
4(3919 4030 4031 3920)
4(4030 4141 4142 4031)
4(4141 4252 4253 4142)
4(4252 4363 4364 4253)
4(4363 4474 4475 4364)
4(4474 4585 4586 4475)
4(4585 4696 4697 4586)
4(4696 4807 4808 4697)
4(4807 4918 4919 4808)
4(4918 5029 5030 4919)
4(5029 5140 5141 5030)
4(5140 5251 5252 5141)
4(5251 5362 5363 5252)
4(5362 5473 5474 5363)
4(5473 5584 5585 5474)
4(5584 5695 5696 5585)
4(5695 5806 5807 5696)
4(5806 5917 5918 5807)
4(5917 6028 6029 5918)
4(6028 6139 6140 6029)
4(6139 6250 6251 6140)
4(6250 6361 6362 6251)
4(6361 6472 6473 6362)
4(6472 6583 6584 6473)
4(6583 6694 6695 6584)
4(6694 6805 6806 6695)
4(6805 6916 6917 6806)
4(6916 7027 7028 6917)
4(7027 7138 7139 7028)
4(7138 7249 7250 7139)
4(7249 7360 7361 7250)
4(7360 7471 7472 7361)
4(7471 7582 7583 7472)
4(7582 7693 7694 7583)
4(7693 7804 7805 7694)
4(7804 7915 7916 7805)
4(7915 8026 8027 7916)
4(8026 8137 8138 8027)
4(8137 8248 8249 8138)
4(8248 8359 8360 8249)
4(8359 8470 8471 8360)
4(8470 8581 8582 8471)
4(8581 8692 8693 8582)
4(8692 8803 8804 8693)
4(8803 8914 8915 8804)
4(8914 9025 9026 8915)
4(9025 9136 9137 9026)
4(9136 9247 9248 9137)
4(9247 9358 9359 9248)
4(9358 9469 9470 9359)
4(35 146 147 36)
4(146 257 258 147)
4(257 368 369 258)
4(368 479 480 369)
4(479 590 591 480)
4(590 701 702 591)
4(701 812 813 702)
4(812 923 924 813)
4(923 1034 1035 924)
4(1034 1145 1146 1035)
4(1145 1256 1257 1146)
4(1256 1367 1368 1257)
4(1367 1478 1479 1368)
4(1478 1589 1590 1479)
4(1589 1700 1701 1590)
4(1700 1811 1812 1701)
4(1811 1922 1923 1812)
4(1922 2033 2034 1923)
4(2033 2144 2145 2034)
4(2144 2255 2256 2145)
4(2255 2366 2367 2256)
4(2366 2477 2478 2367)
4(2477 2588 2589 2478)
4(2588 2699 2700 2589)
4(2699 2810 2811 2700)
4(2810 2921 2922 2811)
4(2921 3032 3033 2922)
4(3032 3143 3144 3033)
4(3143 3254 3255 3144)
4(3254 3365 3366 3255)
4(3365 3476 3477 3366)
4(3476 3587 3588 3477)
4(3587 3698 3699 3588)
4(3698 3809 3810 3699)
4(3809 3920 3921 3810)
4(3920 4031 4032 3921)
4(4031 4142 4143 4032)
4(4142 4253 4254 4143)
4(4253 4364 4365 4254)
4(4364 4475 4476 4365)
4(4475 4586 4587 4476)
4(4586 4697 4698 4587)
4(4697 4808 4809 4698)
4(4808 4919 4920 4809)
4(4919 5030 5031 4920)
4(5030 5141 5142 5031)
4(5141 5252 5253 5142)
4(5252 5363 5364 5253)
4(5363 5474 5475 5364)
4(5474 5585 5586 5475)
4(5585 5696 5697 5586)
4(5696 5807 5808 5697)
4(5807 5918 5919 5808)
4(5918 6029 6030 5919)
4(6029 6140 6141 6030)
4(6140 6251 6252 6141)
4(6251 6362 6363 6252)
4(6362 6473 6474 6363)
4(6473 6584 6585 6474)
4(6584 6695 6696 6585)
4(6695 6806 6807 6696)
4(6806 6917 6918 6807)
4(6917 7028 7029 6918)
4(7028 7139 7140 7029)
4(7139 7250 7251 7140)
4(7250 7361 7362 7251)
4(7361 7472 7473 7362)
4(7472 7583 7584 7473)
4(7583 7694 7695 7584)
4(7694 7805 7806 7695)
4(7805 7916 7917 7806)
4(7916 8027 8028 7917)
4(8027 8138 8139 8028)
4(8138 8249 8250 8139)
4(8249 8360 8361 8250)
4(8360 8471 8472 8361)
4(8471 8582 8583 8472)
4(8582 8693 8694 8583)
4(8693 8804 8805 8694)
4(8804 8915 8916 8805)
4(8915 9026 9027 8916)
4(9026 9137 9138 9027)
4(9137 9248 9249 9138)
4(9248 9359 9360 9249)
4(9359 9470 9471 9360)
4(36 147 148 37)
4(147 258 259 148)
4(258 369 370 259)
4(369 480 481 370)
4(480 591 592 481)
4(591 702 703 592)
4(702 813 814 703)
4(813 924 925 814)
4(924 1035 1036 925)
4(1035 1146 1147 1036)
4(1146 1257 1258 1147)
4(1257 1368 1369 1258)
4(1368 1479 1480 1369)
4(1479 1590 1591 1480)
4(1590 1701 1702 1591)
4(1701 1812 1813 1702)
4(1812 1923 1924 1813)
4(1923 2034 2035 1924)
4(2034 2145 2146 2035)
4(2145 2256 2257 2146)
4(2256 2367 2368 2257)
4(2367 2478 2479 2368)
4(2478 2589 2590 2479)
4(2589 2700 2701 2590)
4(2700 2811 2812 2701)
4(2811 2922 2923 2812)
4(2922 3033 3034 2923)
4(3033 3144 3145 3034)
4(3144 3255 3256 3145)
4(3255 3366 3367 3256)
4(3366 3477 3478 3367)
4(3477 3588 3589 3478)
4(3588 3699 3700 3589)
4(3699 3810 3811 3700)
4(3810 3921 3922 3811)
4(3921 4032 4033 3922)
4(4032 4143 4144 4033)
4(4143 4254 4255 4144)
4(4254 4365 4366 4255)
4(4365 4476 4477 4366)
4(4476 4587 4588 4477)
4(4587 4698 4699 4588)
4(4698 4809 4810 4699)
4(4809 4920 4921 4810)
4(4920 5031 5032 4921)
4(5031 5142 5143 5032)
4(5142 5253 5254 5143)
4(5253 5364 5365 5254)
4(5364 5475 5476 5365)
4(5475 5586 5587 5476)
4(5586 5697 5698 5587)
4(5697 5808 5809 5698)
4(5808 5919 5920 5809)
4(5919 6030 6031 5920)
4(6030 6141 6142 6031)
4(6141 6252 6253 6142)
4(6252 6363 6364 6253)
4(6363 6474 6475 6364)
4(6474 6585 6586 6475)
4(6585 6696 6697 6586)
4(6696 6807 6808 6697)
4(6807 6918 6919 6808)
4(6918 7029 7030 6919)
4(7029 7140 7141 7030)
4(7140 7251 7252 7141)
4(7251 7362 7363 7252)
4(7362 7473 7474 7363)
4(7473 7584 7585 7474)
4(7584 7695 7696 7585)
4(7695 7806 7807 7696)
4(7806 7917 7918 7807)
4(7917 8028 8029 7918)
4(8028 8139 8140 8029)
4(8139 8250 8251 8140)
4(8250 8361 8362 8251)
4(8361 8472 8473 8362)
4(8472 8583 8584 8473)
4(8583 8694 8695 8584)
4(8694 8805 8806 8695)
4(8805 8916 8917 8806)
4(8916 9027 9028 8917)
4(9027 9138 9139 9028)
4(9138 9249 9250 9139)
4(9249 9360 9361 9250)
4(9360 9471 9472 9361)
4(37 148 149 38)
4(148 259 260 149)
4(259 370 371 260)
4(370 481 482 371)
4(481 592 593 482)
4(592 703 704 593)
4(703 814 815 704)
4(814 925 926 815)
4(925 1036 1037 926)
4(1036 1147 1148 1037)
4(1147 1258 1259 1148)
4(1258 1369 1370 1259)
4(1369 1480 1481 1370)
4(1480 1591 1592 1481)
4(1591 1702 1703 1592)
4(1702 1813 1814 1703)
4(1813 1924 1925 1814)
4(1924 2035 2036 1925)
4(2035 2146 2147 2036)
4(2146 2257 2258 2147)
4(2257 2368 2369 2258)
4(2368 2479 2480 2369)
4(2479 2590 2591 2480)
4(2590 2701 2702 2591)
4(2701 2812 2813 2702)
4(2812 2923 2924 2813)
4(2923 3034 3035 2924)
4(3034 3145 3146 3035)
4(3145 3256 3257 3146)
4(3256 3367 3368 3257)
4(3367 3478 3479 3368)
4(3478 3589 3590 3479)
4(3589 3700 3701 3590)
4(3700 3811 3812 3701)
4(3811 3922 3923 3812)
4(3922 4033 4034 3923)
4(4033 4144 4145 4034)
4(4144 4255 4256 4145)
4(4255 4366 4367 4256)
4(4366 4477 4478 4367)
4(4477 4588 4589 4478)
4(4588 4699 4700 4589)
4(4699 4810 4811 4700)
4(4810 4921 4922 4811)
4(4921 5032 5033 4922)
4(5032 5143 5144 5033)
4(5143 5254 5255 5144)
4(5254 5365 5366 5255)
4(5365 5476 5477 5366)
4(5476 5587 5588 5477)
4(5587 5698 5699 5588)
4(5698 5809 5810 5699)
4(5809 5920 5921 5810)
4(5920 6031 6032 5921)
4(6031 6142 6143 6032)
4(6142 6253 6254 6143)
4(6253 6364 6365 6254)
4(6364 6475 6476 6365)
4(6475 6586 6587 6476)
4(6586 6697 6698 6587)
4(6697 6808 6809 6698)
4(6808 6919 6920 6809)
4(6919 7030 7031 6920)
4(7030 7141 7142 7031)
4(7141 7252 7253 7142)
4(7252 7363 7364 7253)
4(7363 7474 7475 7364)
4(7474 7585 7586 7475)
4(7585 7696 7697 7586)
4(7696 7807 7808 7697)
4(7807 7918 7919 7808)
4(7918 8029 8030 7919)
4(8029 8140 8141 8030)
4(8140 8251 8252 8141)
4(8251 8362 8363 8252)
4(8362 8473 8474 8363)
4(8473 8584 8585 8474)
4(8584 8695 8696 8585)
4(8695 8806 8807 8696)
4(8806 8917 8918 8807)
4(8917 9028 9029 8918)
4(9028 9139 9140 9029)
4(9139 9250 9251 9140)
4(9250 9361 9362 9251)
4(9361 9472 9473 9362)
4(38 149 150 39)
4(149 260 261 150)
4(260 371 372 261)
4(371 482 483 372)
4(482 593 594 483)
4(593 704 705 594)
4(704 815 816 705)
4(815 926 927 816)
4(926 1037 1038 927)
4(1037 1148 1149 1038)
4(1148 1259 1260 1149)
4(1259 1370 1371 1260)
4(1370 1481 1482 1371)
4(1481 1592 1593 1482)
4(1592 1703 1704 1593)
4(1703 1814 1815 1704)
4(1814 1925 1926 1815)
4(1925 2036 2037 1926)
4(2036 2147 2148 2037)
4(2147 2258 2259 2148)
4(2258 2369 2370 2259)
4(2369 2480 2481 2370)
4(2480 2591 2592 2481)
4(2591 2702 2703 2592)
4(2702 2813 2814 2703)
4(2813 2924 2925 2814)
4(2924 3035 3036 2925)
4(3035 3146 3147 3036)
4(3146 3257 3258 3147)
4(3257 3368 3369 3258)
4(3368 3479 3480 3369)
4(3479 3590 3591 3480)
4(3590 3701 3702 3591)
4(3701 3812 3813 3702)
4(3812 3923 3924 3813)
4(3923 4034 4035 3924)
4(4034 4145 4146 4035)
4(4145 4256 4257 4146)
4(4256 4367 4368 4257)
4(4367 4478 4479 4368)
4(4478 4589 4590 4479)
4(4589 4700 4701 4590)
4(4700 4811 4812 4701)
4(4811 4922 4923 4812)
4(4922 5033 5034 4923)
4(5033 5144 5145 5034)
4(5144 5255 5256 5145)
4(5255 5366 5367 5256)
4(5366 5477 5478 5367)
4(5477 5588 5589 5478)
4(5588 5699 5700 5589)
4(5699 5810 5811 5700)
4(5810 5921 5922 5811)
4(5921 6032 6033 5922)
4(6032 6143 6144 6033)
4(6143 6254 6255 6144)
4(6254 6365 6366 6255)
4(6365 6476 6477 6366)
4(6476 6587 6588 6477)
4(6587 6698 6699 6588)
4(6698 6809 6810 6699)
4(6809 6920 6921 6810)
4(6920 7031 7032 6921)
4(7031 7142 7143 7032)
4(7142 7253 7254 7143)
4(7253 7364 7365 7254)
4(7364 7475 7476 7365)
4(7475 7586 7587 7476)
4(7586 7697 7698 7587)
4(7697 7808 7809 7698)
4(7808 7919 7920 7809)
4(7919 8030 8031 7920)
4(8030 8141 8142 8031)
4(8141 8252 8253 8142)
4(8252 8363 8364 8253)
4(8363 8474 8475 8364)
4(8474 8585 8586 8475)
4(8585 8696 8697 8586)
4(8696 8807 8808 8697)
4(8807 8918 8919 8808)
4(8918 9029 9030 8919)
4(9029 9140 9141 9030)
4(9140 9251 9252 9141)
4(9251 9362 9363 9252)
4(9362 9473 9474 9363)
4(39 150 151 40)
4(150 261 262 151)
4(261 372 373 262)
4(372 483 484 373)
4(483 594 595 484)
4(594 705 706 595)
4(705 816 817 706)
4(816 927 928 817)
4(927 1038 1039 928)
4(1038 1149 1150 1039)
4(1149 1260 1261 1150)
4(1260 1371 1372 1261)
4(1371 1482 1483 1372)
4(1482 1593 1594 1483)
4(1593 1704 1705 1594)
4(1704 1815 1816 1705)
4(1815 1926 1927 1816)
4(1926 2037 2038 1927)
4(2037 2148 2149 2038)
4(2148 2259 2260 2149)
4(2259 2370 2371 2260)
4(2370 2481 2482 2371)
4(2481 2592 2593 2482)
4(2592 2703 2704 2593)
4(2703 2814 2815 2704)
4(2814 2925 2926 2815)
4(2925 3036 3037 2926)
4(3036 3147 3148 3037)
4(3147 3258 3259 3148)
4(3258 3369 3370 3259)
4(3369 3480 3481 3370)
4(3480 3591 3592 3481)
4(3591 3702 3703 3592)
4(3702 3813 3814 3703)
4(3813 3924 3925 3814)
4(3924 4035 4036 3925)
4(4035 4146 4147 4036)
4(4146 4257 4258 4147)
4(4257 4368 4369 4258)
4(4368 4479 4480 4369)
4(4479 4590 4591 4480)
4(4590 4701 4702 4591)
4(4701 4812 4813 4702)
4(4812 4923 4924 4813)
4(4923 5034 5035 4924)
4(5034 5145 5146 5035)
4(5145 5256 5257 5146)
4(5256 5367 5368 5257)
4(5367 5478 5479 5368)
4(5478 5589 5590 5479)
4(5589 5700 5701 5590)
4(5700 5811 5812 5701)
4(5811 5922 5923 5812)
4(5922 6033 6034 5923)
4(6033 6144 6145 6034)
4(6144 6255 6256 6145)
4(6255 6366 6367 6256)
4(6366 6477 6478 6367)
4(6477 6588 6589 6478)
4(6588 6699 6700 6589)
4(6699 6810 6811 6700)
4(6810 6921 6922 6811)
4(6921 7032 7033 6922)
4(7032 7143 7144 7033)
4(7143 7254 7255 7144)
4(7254 7365 7366 7255)
4(7365 7476 7477 7366)
4(7476 7587 7588 7477)
4(7587 7698 7699 7588)
4(7698 7809 7810 7699)
4(7809 7920 7921 7810)
4(7920 8031 8032 7921)
4(8031 8142 8143 8032)
4(8142 8253 8254 8143)
4(8253 8364 8365 8254)
4(8364 8475 8476 8365)
4(8475 8586 8587 8476)
4(8586 8697 8698 8587)
4(8697 8808 8809 8698)
4(8808 8919 8920 8809)
4(8919 9030 9031 8920)
4(9030 9141 9142 9031)
4(9141 9252 9253 9142)
4(9252 9363 9364 9253)
4(9363 9474 9475 9364)
4(40 151 152 41)
4(151 262 263 152)
4(262 373 374 263)
4(373 484 485 374)
4(484 595 596 485)
4(595 706 707 596)
4(706 817 818 707)
4(817 928 929 818)
4(928 1039 1040 929)
4(1039 1150 1151 1040)
4(1150 1261 1262 1151)
4(1261 1372 1373 1262)
4(1372 1483 1484 1373)
4(1483 1594 1595 1484)
4(1594 1705 1706 1595)
4(1705 1816 1817 1706)
4(1816 1927 1928 1817)
4(1927 2038 2039 1928)
4(2038 2149 2150 2039)
4(2149 2260 2261 2150)
4(2260 2371 2372 2261)
4(2371 2482 2483 2372)
4(2482 2593 2594 2483)
4(2593 2704 2705 2594)
4(2704 2815 2816 2705)
4(2815 2926 2927 2816)
4(2926 3037 3038 2927)
4(3037 3148 3149 3038)
4(3148 3259 3260 3149)
4(3259 3370 3371 3260)
4(3370 3481 3482 3371)
4(3481 3592 3593 3482)
4(3592 3703 3704 3593)
4(3703 3814 3815 3704)
4(3814 3925 3926 3815)
4(3925 4036 4037 3926)
4(4036 4147 4148 4037)
4(4147 4258 4259 4148)
4(4258 4369 4370 4259)
4(4369 4480 4481 4370)
4(4480 4591 4592 4481)
4(4591 4702 4703 4592)
4(4702 4813 4814 4703)
4(4813 4924 4925 4814)
4(4924 5035 5036 4925)
4(5035 5146 5147 5036)
4(5146 5257 5258 5147)
4(5257 5368 5369 5258)
4(5368 5479 5480 5369)
4(5479 5590 5591 5480)
4(5590 5701 5702 5591)
4(5701 5812 5813 5702)
4(5812 5923 5924 5813)
4(5923 6034 6035 5924)
4(6034 6145 6146 6035)
4(6145 6256 6257 6146)
4(6256 6367 6368 6257)
4(6367 6478 6479 6368)
4(6478 6589 6590 6479)
4(6589 6700 6701 6590)
4(6700 6811 6812 6701)
4(6811 6922 6923 6812)
4(6922 7033 7034 6923)
4(7033 7144 7145 7034)
4(7144 7255 7256 7145)
4(7255 7366 7367 7256)
4(7366 7477 7478 7367)
4(7477 7588 7589 7478)
4(7588 7699 7700 7589)
4(7699 7810 7811 7700)
4(7810 7921 7922 7811)
4(7921 8032 8033 7922)
4(8032 8143 8144 8033)
4(8143 8254 8255 8144)
4(8254 8365 8366 8255)
4(8365 8476 8477 8366)
4(8476 8587 8588 8477)
4(8587 8698 8699 8588)
4(8698 8809 8810 8699)
4(8809 8920 8921 8810)
4(8920 9031 9032 8921)
4(9031 9142 9143 9032)
4(9142 9253 9254 9143)
4(9253 9364 9365 9254)
4(9364 9475 9476 9365)
4(41 152 153 42)
4(152 263 264 153)
4(263 374 375 264)
4(374 485 486 375)
4(485 596 597 486)
4(596 707 708 597)
4(707 818 819 708)
4(818 929 930 819)
4(929 1040 1041 930)
4(1040 1151 1152 1041)
4(1151 1262 1263 1152)
4(1262 1373 1374 1263)
4(1373 1484 1485 1374)
4(1484 1595 1596 1485)
4(1595 1706 1707 1596)
4(1706 1817 1818 1707)
4(1817 1928 1929 1818)
4(1928 2039 2040 1929)
4(2039 2150 2151 2040)
4(2150 2261 2262 2151)
4(2261 2372 2373 2262)
4(2372 2483 2484 2373)
4(2483 2594 2595 2484)
4(2594 2705 2706 2595)
4(2705 2816 2817 2706)
4(2816 2927 2928 2817)
4(2927 3038 3039 2928)
4(3038 3149 3150 3039)
4(3149 3260 3261 3150)
4(3260 3371 3372 3261)
4(3371 3482 3483 3372)
4(3482 3593 3594 3483)
4(3593 3704 3705 3594)
4(3704 3815 3816 3705)
4(3815 3926 3927 3816)
4(3926 4037 4038 3927)
4(4037 4148 4149 4038)
4(4148 4259 4260 4149)
4(4259 4370 4371 4260)
4(4370 4481 4482 4371)
4(4481 4592 4593 4482)
4(4592 4703 4704 4593)
4(4703 4814 4815 4704)
4(4814 4925 4926 4815)
4(4925 5036 5037 4926)
4(5036 5147 5148 5037)
4(5147 5258 5259 5148)
4(5258 5369 5370 5259)
4(5369 5480 5481 5370)
4(5480 5591 5592 5481)
4(5591 5702 5703 5592)
4(5702 5813 5814 5703)
4(5813 5924 5925 5814)
4(5924 6035 6036 5925)
4(6035 6146 6147 6036)
4(6146 6257 6258 6147)
4(6257 6368 6369 6258)
4(6368 6479 6480 6369)
4(6479 6590 6591 6480)
4(6590 6701 6702 6591)
4(6701 6812 6813 6702)
4(6812 6923 6924 6813)
4(6923 7034 7035 6924)
4(7034 7145 7146 7035)
4(7145 7256 7257 7146)
4(7256 7367 7368 7257)
4(7367 7478 7479 7368)
4(7478 7589 7590 7479)
4(7589 7700 7701 7590)
4(7700 7811 7812 7701)
4(7811 7922 7923 7812)
4(7922 8033 8034 7923)
4(8033 8144 8145 8034)
4(8144 8255 8256 8145)
4(8255 8366 8367 8256)
4(8366 8477 8478 8367)
4(8477 8588 8589 8478)
4(8588 8699 8700 8589)
4(8699 8810 8811 8700)
4(8810 8921 8922 8811)
4(8921 9032 9033 8922)
4(9032 9143 9144 9033)
4(9143 9254 9255 9144)
4(9254 9365 9366 9255)
4(9365 9476 9477 9366)
4(42 153 154 43)
4(153 264 265 154)
4(264 375 376 265)
4(375 486 487 376)
4(486 597 598 487)
4(597 708 709 598)
4(708 819 820 709)
4(819 930 931 820)
4(930 1041 1042 931)
4(1041 1152 1153 1042)
4(1152 1263 1264 1153)
4(1263 1374 1375 1264)
4(1374 1485 1486 1375)
4(1485 1596 1597 1486)
4(1596 1707 1708 1597)
4(1707 1818 1819 1708)
4(1818 1929 1930 1819)
4(1929 2040 2041 1930)
4(2040 2151 2152 2041)
4(2151 2262 2263 2152)
4(2262 2373 2374 2263)
4(2373 2484 2485 2374)
4(2484 2595 2596 2485)
4(2595 2706 2707 2596)
4(2706 2817 2818 2707)
4(2817 2928 2929 2818)
4(2928 3039 3040 2929)
4(3039 3150 3151 3040)
4(3150 3261 3262 3151)
4(3261 3372 3373 3262)
4(3372 3483 3484 3373)
4(3483 3594 3595 3484)
4(3594 3705 3706 3595)
4(3705 3816 3817 3706)
4(3816 3927 3928 3817)
4(3927 4038 4039 3928)
4(4038 4149 4150 4039)
4(4149 4260 4261 4150)
4(4260 4371 4372 4261)
4(4371 4482 4483 4372)
4(4482 4593 4594 4483)
4(4593 4704 4705 4594)
4(4704 4815 4816 4705)
4(4815 4926 4927 4816)
4(4926 5037 5038 4927)
4(5037 5148 5149 5038)
4(5148 5259 5260 5149)
4(5259 5370 5371 5260)
4(5370 5481 5482 5371)
4(5481 5592 5593 5482)
4(5592 5703 5704 5593)
4(5703 5814 5815 5704)
4(5814 5925 5926 5815)
4(5925 6036 6037 5926)
4(6036 6147 6148 6037)
4(6147 6258 6259 6148)
4(6258 6369 6370 6259)
4(6369 6480 6481 6370)
4(6480 6591 6592 6481)
4(6591 6702 6703 6592)
4(6702 6813 6814 6703)
4(6813 6924 6925 6814)
4(6924 7035 7036 6925)
4(7035 7146 7147 7036)
4(7146 7257 7258 7147)
4(7257 7368 7369 7258)
4(7368 7479 7480 7369)
4(7479 7590 7591 7480)
4(7590 7701 7702 7591)
4(7701 7812 7813 7702)
4(7812 7923 7924 7813)
4(7923 8034 8035 7924)
4(8034 8145 8146 8035)
4(8145 8256 8257 8146)
4(8256 8367 8368 8257)
4(8367 8478 8479 8368)
4(8478 8589 8590 8479)
4(8589 8700 8701 8590)
4(8700 8811 8812 8701)
4(8811 8922 8923 8812)
4(8922 9033 9034 8923)
4(9033 9144 9145 9034)
4(9144 9255 9256 9145)
4(9255 9366 9367 9256)
4(9366 9477 9478 9367)
4(43 154 155 44)
4(154 265 266 155)
4(265 376 377 266)
4(376 487 488 377)
4(487 598 599 488)
4(598 709 710 599)
4(709 820 821 710)
4(820 931 932 821)
4(931 1042 1043 932)
4(1042 1153 1154 1043)
4(1153 1264 1265 1154)
4(1264 1375 1376 1265)
4(1375 1486 1487 1376)
4(1486 1597 1598 1487)
4(1597 1708 1709 1598)
4(1708 1819 1820 1709)
4(1819 1930 1931 1820)
4(1930 2041 2042 1931)
4(2041 2152 2153 2042)
4(2152 2263 2264 2153)
4(2263 2374 2375 2264)
4(2374 2485 2486 2375)
4(2485 2596 2597 2486)
4(2596 2707 2708 2597)
4(2707 2818 2819 2708)
4(2818 2929 2930 2819)
4(2929 3040 3041 2930)
4(3040 3151 3152 3041)
4(3151 3262 3263 3152)
4(3262 3373 3374 3263)
4(3373 3484 3485 3374)
4(3484 3595 3596 3485)
4(3595 3706 3707 3596)
4(3706 3817 3818 3707)
4(3817 3928 3929 3818)
4(3928 4039 4040 3929)
4(4039 4150 4151 4040)
4(4150 4261 4262 4151)
4(4261 4372 4373 4262)
4(4372 4483 4484 4373)
4(4483 4594 4595 4484)
4(4594 4705 4706 4595)
4(4705 4816 4817 4706)
4(4816 4927 4928 4817)
4(4927 5038 5039 4928)
4(5038 5149 5150 5039)
4(5149 5260 5261 5150)
4(5260 5371 5372 5261)
4(5371 5482 5483 5372)
4(5482 5593 5594 5483)
4(5593 5704 5705 5594)
4(5704 5815 5816 5705)
4(5815 5926 5927 5816)
4(5926 6037 6038 5927)
4(6037 6148 6149 6038)
4(6148 6259 6260 6149)
4(6259 6370 6371 6260)
4(6370 6481 6482 6371)
4(6481 6592 6593 6482)
4(6592 6703 6704 6593)
4(6703 6814 6815 6704)
4(6814 6925 6926 6815)
4(6925 7036 7037 6926)
4(7036 7147 7148 7037)
4(7147 7258 7259 7148)
4(7258 7369 7370 7259)
4(7369 7480 7481 7370)
4(7480 7591 7592 7481)
4(7591 7702 7703 7592)
4(7702 7813 7814 7703)
4(7813 7924 7925 7814)
4(7924 8035 8036 7925)
4(8035 8146 8147 8036)
4(8146 8257 8258 8147)
4(8257 8368 8369 8258)
4(8368 8479 8480 8369)
4(8479 8590 8591 8480)
4(8590 8701 8702 8591)
4(8701 8812 8813 8702)
4(8812 8923 8924 8813)
4(8923 9034 9035 8924)
4(9034 9145 9146 9035)
4(9145 9256 9257 9146)
4(9256 9367 9368 9257)
4(9367 9478 9479 9368)
4(44 155 156 45)
4(155 266 267 156)
4(266 377 378 267)
4(377 488 489 378)
4(488 599 600 489)
4(599 710 711 600)
4(710 821 822 711)
4(821 932 933 822)
4(932 1043 1044 933)
4(1043 1154 1155 1044)
4(1154 1265 1266 1155)
4(1265 1376 1377 1266)
4(1376 1487 1488 1377)
4(1487 1598 1599 1488)
4(1598 1709 1710 1599)
4(1709 1820 1821 1710)
4(1820 1931 1932 1821)
4(1931 2042 2043 1932)
4(2042 2153 2154 2043)
4(2153 2264 2265 2154)
4(2264 2375 2376 2265)
4(2375 2486 2487 2376)
4(2486 2597 2598 2487)
4(2597 2708 2709 2598)
4(2708 2819 2820 2709)
4(2819 2930 2931 2820)
4(2930 3041 3042 2931)
4(3041 3152 3153 3042)
4(3152 3263 3264 3153)
4(3263 3374 3375 3264)
4(3374 3485 3486 3375)
4(3485 3596 3597 3486)
4(3596 3707 3708 3597)
4(3707 3818 3819 3708)
4(3818 3929 3930 3819)
4(3929 4040 4041 3930)
4(4040 4151 4152 4041)
4(4151 4262 4263 4152)
4(4262 4373 4374 4263)
4(4373 4484 4485 4374)
4(4484 4595 4596 4485)
4(4595 4706 4707 4596)
4(4706 4817 4818 4707)
4(4817 4928 4929 4818)
4(4928 5039 5040 4929)
4(5039 5150 5151 5040)
4(5150 5261 5262 5151)
4(5261 5372 5373 5262)
4(5372 5483 5484 5373)
4(5483 5594 5595 5484)
4(5594 5705 5706 5595)
4(5705 5816 5817 5706)
4(5816 5927 5928 5817)
4(5927 6038 6039 5928)
4(6038 6149 6150 6039)
4(6149 6260 6261 6150)
4(6260 6371 6372 6261)
4(6371 6482 6483 6372)
4(6482 6593 6594 6483)
4(6593 6704 6705 6594)
4(6704 6815 6816 6705)
4(6815 6926 6927 6816)
4(6926 7037 7038 6927)
4(7037 7148 7149 7038)
4(7148 7259 7260 7149)
4(7259 7370 7371 7260)
4(7370 7481 7482 7371)
4(7481 7592 7593 7482)
4(7592 7703 7704 7593)
4(7703 7814 7815 7704)
4(7814 7925 7926 7815)
4(7925 8036 8037 7926)
4(8036 8147 8148 8037)
4(8147 8258 8259 8148)
4(8258 8369 8370 8259)
4(8369 8480 8481 8370)
4(8480 8591 8592 8481)
4(8591 8702 8703 8592)
4(8702 8813 8814 8703)
4(8813 8924 8925 8814)
4(8924 9035 9036 8925)
4(9035 9146 9147 9036)
4(9146 9257 9258 9147)
4(9257 9368 9369 9258)
4(9368 9479 9480 9369)
4(45 156 157 46)
4(156 267 268 157)
4(267 378 379 268)
4(378 489 490 379)
4(489 600 601 490)
4(600 711 712 601)
4(711 822 823 712)
4(822 933 934 823)
4(933 1044 1045 934)
4(1044 1155 1156 1045)
4(1155 1266 1267 1156)
4(1266 1377 1378 1267)
4(1377 1488 1489 1378)
4(1488 1599 1600 1489)
4(1599 1710 1711 1600)
4(1710 1821 1822 1711)
4(1821 1932 1933 1822)
4(1932 2043 2044 1933)
4(2043 2154 2155 2044)
4(2154 2265 2266 2155)
4(2265 2376 2377 2266)
4(2376 2487 2488 2377)
4(2487 2598 2599 2488)
4(2598 2709 2710 2599)
4(2709 2820 2821 2710)
4(2820 2931 2932 2821)
4(2931 3042 3043 2932)
4(3042 3153 3154 3043)
4(3153 3264 3265 3154)
4(3264 3375 3376 3265)
4(3375 3486 3487 3376)
4(3486 3597 3598 3487)
4(3597 3708 3709 3598)
4(3708 3819 3820 3709)
4(3819 3930 3931 3820)
4(3930 4041 4042 3931)
4(4041 4152 4153 4042)
4(4152 4263 4264 4153)
4(4263 4374 4375 4264)
4(4374 4485 4486 4375)
4(4485 4596 4597 4486)
4(4596 4707 4708 4597)
4(4707 4818 4819 4708)
4(4818 4929 4930 4819)
4(4929 5040 5041 4930)
4(5040 5151 5152 5041)
4(5151 5262 5263 5152)
4(5262 5373 5374 5263)
4(5373 5484 5485 5374)
4(5484 5595 5596 5485)
4(5595 5706 5707 5596)
4(5706 5817 5818 5707)
4(5817 5928 5929 5818)
4(5928 6039 6040 5929)
4(6039 6150 6151 6040)
4(6150 6261 6262 6151)
4(6261 6372 6373 6262)
4(6372 6483 6484 6373)
4(6483 6594 6595 6484)
4(6594 6705 6706 6595)
4(6705 6816 6817 6706)
4(6816 6927 6928 6817)
4(6927 7038 7039 6928)
4(7038 7149 7150 7039)
4(7149 7260 7261 7150)
4(7260 7371 7372 7261)
4(7371 7482 7483 7372)
4(7482 7593 7594 7483)
4(7593 7704 7705 7594)
4(7704 7815 7816 7705)
4(7815 7926 7927 7816)
4(7926 8037 8038 7927)
4(8037 8148 8149 8038)
4(8148 8259 8260 8149)
4(8259 8370 8371 8260)
4(8370 8481 8482 8371)
4(8481 8592 8593 8482)
4(8592 8703 8704 8593)
4(8703 8814 8815 8704)
4(8814 8925 8926 8815)
4(8925 9036 9037 8926)
4(9036 9147 9148 9037)
4(9147 9258 9259 9148)
4(9258 9369 9370 9259)
4(9369 9480 9481 9370)
4(46 157 158 47)
4(157 268 269 158)
4(268 379 380 269)
4(379 490 491 380)
4(490 601 602 491)
4(601 712 713 602)
4(712 823 824 713)
4(823 934 935 824)
4(934 1045 1046 935)
4(1045 1156 1157 1046)
4(1156 1267 1268 1157)
4(1267 1378 1379 1268)
4(1378 1489 1490 1379)
4(1489 1600 1601 1490)
4(1600 1711 1712 1601)
4(1711 1822 1823 1712)
4(1822 1933 1934 1823)
4(1933 2044 2045 1934)
4(2044 2155 2156 2045)
4(2155 2266 2267 2156)
4(2266 2377 2378 2267)
4(2377 2488 2489 2378)
4(2488 2599 2600 2489)
4(2599 2710 2711 2600)
4(2710 2821 2822 2711)
4(2821 2932 2933 2822)
4(2932 3043 3044 2933)
4(3043 3154 3155 3044)
4(3154 3265 3266 3155)
4(3265 3376 3377 3266)
4(3376 3487 3488 3377)
4(3487 3598 3599 3488)
4(3598 3709 3710 3599)
4(3709 3820 3821 3710)
4(3820 3931 3932 3821)
4(3931 4042 4043 3932)
4(4042 4153 4154 4043)
4(4153 4264 4265 4154)
4(4264 4375 4376 4265)
4(4375 4486 4487 4376)
4(4486 4597 4598 4487)
4(4597 4708 4709 4598)
4(4708 4819 4820 4709)
4(4819 4930 4931 4820)
4(4930 5041 5042 4931)
4(5041 5152 5153 5042)
4(5152 5263 5264 5153)
4(5263 5374 5375 5264)
4(5374 5485 5486 5375)
4(5485 5596 5597 5486)
4(5596 5707 5708 5597)
4(5707 5818 5819 5708)
4(5818 5929 5930 5819)
4(5929 6040 6041 5930)
4(6040 6151 6152 6041)
4(6151 6262 6263 6152)
4(6262 6373 6374 6263)
4(6373 6484 6485 6374)
4(6484 6595 6596 6485)
4(6595 6706 6707 6596)
4(6706 6817 6818 6707)
4(6817 6928 6929 6818)
4(6928 7039 7040 6929)
4(7039 7150 7151 7040)
4(7150 7261 7262 7151)
4(7261 7372 7373 7262)
4(7372 7483 7484 7373)
4(7483 7594 7595 7484)
4(7594 7705 7706 7595)
4(7705 7816 7817 7706)
4(7816 7927 7928 7817)
4(7927 8038 8039 7928)
4(8038 8149 8150 8039)
4(8149 8260 8261 8150)
4(8260 8371 8372 8261)
4(8371 8482 8483 8372)
4(8482 8593 8594 8483)
4(8593 8704 8705 8594)
4(8704 8815 8816 8705)
4(8815 8926 8927 8816)
4(8926 9037 9038 8927)
4(9037 9148 9149 9038)
4(9148 9259 9260 9149)
4(9259 9370 9371 9260)
4(9370 9481 9482 9371)
4(47 158 159 48)
4(158 269 270 159)
4(269 380 381 270)
4(380 491 492 381)
4(491 602 603 492)
4(602 713 714 603)
4(713 824 825 714)
4(824 935 936 825)
4(935 1046 1047 936)
4(1046 1157 1158 1047)
4(1157 1268 1269 1158)
4(1268 1379 1380 1269)
4(1379 1490 1491 1380)
4(1490 1601 1602 1491)
4(1601 1712 1713 1602)
4(1712 1823 1824 1713)
4(1823 1934 1935 1824)
4(1934 2045 2046 1935)
4(2045 2156 2157 2046)
4(2156 2267 2268 2157)
4(2267 2378 2379 2268)
4(2378 2489 2490 2379)
4(2489 2600 2601 2490)
4(2600 2711 2712 2601)
4(2711 2822 2823 2712)
4(2822 2933 2934 2823)
4(2933 3044 3045 2934)
4(3044 3155 3156 3045)
4(3155 3266 3267 3156)
4(3266 3377 3378 3267)
4(3377 3488 3489 3378)
4(3488 3599 3600 3489)
4(3599 3710 3711 3600)
4(3710 3821 3822 3711)
4(3821 3932 3933 3822)
4(3932 4043 4044 3933)
4(4043 4154 4155 4044)
4(4154 4265 4266 4155)
4(4265 4376 4377 4266)
4(4376 4487 4488 4377)
4(4487 4598 4599 4488)
4(4598 4709 4710 4599)
4(4709 4820 4821 4710)
4(4820 4931 4932 4821)
4(4931 5042 5043 4932)
4(5042 5153 5154 5043)
4(5153 5264 5265 5154)
4(5264 5375 5376 5265)
4(5375 5486 5487 5376)
4(5486 5597 5598 5487)
4(5597 5708 5709 5598)
4(5708 5819 5820 5709)
4(5819 5930 5931 5820)
4(5930 6041 6042 5931)
4(6041 6152 6153 6042)
4(6152 6263 6264 6153)
4(6263 6374 6375 6264)
4(6374 6485 6486 6375)
4(6485 6596 6597 6486)
4(6596 6707 6708 6597)
4(6707 6818 6819 6708)
4(6818 6929 6930 6819)
4(6929 7040 7041 6930)
4(7040 7151 7152 7041)
4(7151 7262 7263 7152)
4(7262 7373 7374 7263)
4(7373 7484 7485 7374)
4(7484 7595 7596 7485)
4(7595 7706 7707 7596)
4(7706 7817 7818 7707)
4(7817 7928 7929 7818)
4(7928 8039 8040 7929)
4(8039 8150 8151 8040)
4(8150 8261 8262 8151)
4(8261 8372 8373 8262)
4(8372 8483 8484 8373)
4(8483 8594 8595 8484)
4(8594 8705 8706 8595)
4(8705 8816 8817 8706)
4(8816 8927 8928 8817)
4(8927 9038 9039 8928)
4(9038 9149 9150 9039)
4(9149 9260 9261 9150)
4(9260 9371 9372 9261)
4(9371 9482 9483 9372)
4(48 159 160 49)
4(159 270 271 160)
4(270 381 382 271)
4(381 492 493 382)
4(492 603 604 493)
4(603 714 715 604)
4(714 825 826 715)
4(825 936 937 826)
4(936 1047 1048 937)
4(1047 1158 1159 1048)
4(1158 1269 1270 1159)
4(1269 1380 1381 1270)
4(1380 1491 1492 1381)
4(1491 1602 1603 1492)
4(1602 1713 1714 1603)
4(1713 1824 1825 1714)
4(1824 1935 1936 1825)
4(1935 2046 2047 1936)
4(2046 2157 2158 2047)
4(2157 2268 2269 2158)
4(2268 2379 2380 2269)
4(2379 2490 2491 2380)
4(2490 2601 2602 2491)
4(2601 2712 2713 2602)
4(2712 2823 2824 2713)
4(2823 2934 2935 2824)
4(2934 3045 3046 2935)
4(3045 3156 3157 3046)
4(3156 3267 3268 3157)
4(3267 3378 3379 3268)
4(3378 3489 3490 3379)
4(3489 3600 3601 3490)
4(3600 3711 3712 3601)
4(3711 3822 3823 3712)
4(3822 3933 3934 3823)
4(3933 4044 4045 3934)
4(4044 4155 4156 4045)
4(4155 4266 4267 4156)
4(4266 4377 4378 4267)
4(4377 4488 4489 4378)
4(4488 4599 4600 4489)
4(4599 4710 4711 4600)
4(4710 4821 4822 4711)
4(4821 4932 4933 4822)
4(4932 5043 5044 4933)
4(5043 5154 5155 5044)
4(5154 5265 5266 5155)
4(5265 5376 5377 5266)
4(5376 5487 5488 5377)
4(5487 5598 5599 5488)
4(5598 5709 5710 5599)
4(5709 5820 5821 5710)
4(5820 5931 5932 5821)
4(5931 6042 6043 5932)
4(6042 6153 6154 6043)
4(6153 6264 6265 6154)
4(6264 6375 6376 6265)
4(6375 6486 6487 6376)
4(6486 6597 6598 6487)
4(6597 6708 6709 6598)
4(6708 6819 6820 6709)
4(6819 6930 6931 6820)
4(6930 7041 7042 6931)
4(7041 7152 7153 7042)
4(7152 7263 7264 7153)
4(7263 7374 7375 7264)
4(7374 7485 7486 7375)
4(7485 7596 7597 7486)
4(7596 7707 7708 7597)
4(7707 7818 7819 7708)
4(7818 7929 7930 7819)
4(7929 8040 8041 7930)
4(8040 8151 8152 8041)
4(8151 8262 8263 8152)
4(8262 8373 8374 8263)
4(8373 8484 8485 8374)
4(8484 8595 8596 8485)
4(8595 8706 8707 8596)
4(8706 8817 8818 8707)
4(8817 8928 8929 8818)
4(8928 9039 9040 8929)
4(9039 9150 9151 9040)
4(9150 9261 9262 9151)
4(9261 9372 9373 9262)
4(9372 9483 9484 9373)
4(49 160 161 50)
4(160 271 272 161)
4(271 382 383 272)
4(382 493 494 383)
4(493 604 605 494)
4(604 715 716 605)
4(715 826 827 716)
4(826 937 938 827)
4(937 1048 1049 938)
4(1048 1159 1160 1049)
4(1159 1270 1271 1160)
4(1270 1381 1382 1271)
4(1381 1492 1493 1382)
4(1492 1603 1604 1493)
4(1603 1714 1715 1604)
4(1714 1825 1826 1715)
4(1825 1936 1937 1826)
4(1936 2047 2048 1937)
4(2047 2158 2159 2048)
4(2158 2269 2270 2159)
4(2269 2380 2381 2270)
4(2380 2491 2492 2381)
4(2491 2602 2603 2492)
4(2602 2713 2714 2603)
4(2713 2824 2825 2714)
4(2824 2935 2936 2825)
4(2935 3046 3047 2936)
4(3046 3157 3158 3047)
4(3157 3268 3269 3158)
4(3268 3379 3380 3269)
4(3379 3490 3491 3380)
4(3490 3601 3602 3491)
4(3601 3712 3713 3602)
4(3712 3823 3824 3713)
4(3823 3934 3935 3824)
4(3934 4045 4046 3935)
4(4045 4156 4157 4046)
4(4156 4267 4268 4157)
4(4267 4378 4379 4268)
4(4378 4489 4490 4379)
4(4489 4600 4601 4490)
4(4600 4711 4712 4601)
4(4711 4822 4823 4712)
4(4822 4933 4934 4823)
4(4933 5044 5045 4934)
4(5044 5155 5156 5045)
4(5155 5266 5267 5156)
4(5266 5377 5378 5267)
4(5377 5488 5489 5378)
4(5488 5599 5600 5489)
4(5599 5710 5711 5600)
4(5710 5821 5822 5711)
4(5821 5932 5933 5822)
4(5932 6043 6044 5933)
4(6043 6154 6155 6044)
4(6154 6265 6266 6155)
4(6265 6376 6377 6266)
4(6376 6487 6488 6377)
4(6487 6598 6599 6488)
4(6598 6709 6710 6599)
4(6709 6820 6821 6710)
4(6820 6931 6932 6821)
4(6931 7042 7043 6932)
4(7042 7153 7154 7043)
4(7153 7264 7265 7154)
4(7264 7375 7376 7265)
4(7375 7486 7487 7376)
4(7486 7597 7598 7487)
4(7597 7708 7709 7598)
4(7708 7819 7820 7709)
4(7819 7930 7931 7820)
4(7930 8041 8042 7931)
4(8041 8152 8153 8042)
4(8152 8263 8264 8153)
4(8263 8374 8375 8264)
4(8374 8485 8486 8375)
4(8485 8596 8597 8486)
4(8596 8707 8708 8597)
4(8707 8818 8819 8708)
4(8818 8929 8930 8819)
4(8929 9040 9041 8930)
4(9040 9151 9152 9041)
4(9151 9262 9263 9152)
4(9262 9373 9374 9263)
4(9373 9484 9485 9374)
4(50 161 162 51)
4(161 272 273 162)
4(272 383 384 273)
4(383 494 495 384)
4(494 605 606 495)
4(605 716 717 606)
4(716 827 828 717)
4(827 938 939 828)
4(938 1049 1050 939)
4(1049 1160 1161 1050)
4(1160 1271 1272 1161)
4(1271 1382 1383 1272)
4(1382 1493 1494 1383)
4(1493 1604 1605 1494)
4(1604 1715 1716 1605)
4(1715 1826 1827 1716)
4(1826 1937 1938 1827)
4(1937 2048 2049 1938)
4(2048 2159 2160 2049)
4(2159 2270 2271 2160)
4(2270 2381 2382 2271)
4(2381 2492 2493 2382)
4(2492 2603 2604 2493)
4(2603 2714 2715 2604)
4(2714 2825 2826 2715)
4(2825 2936 2937 2826)
4(2936 3047 3048 2937)
4(3047 3158 3159 3048)
4(3158 3269 3270 3159)
4(3269 3380 3381 3270)
4(3380 3491 3492 3381)
4(3491 3602 3603 3492)
4(3602 3713 3714 3603)
4(3713 3824 3825 3714)
4(3824 3935 3936 3825)
4(3935 4046 4047 3936)
4(4046 4157 4158 4047)
4(4157 4268 4269 4158)
4(4268 4379 4380 4269)
4(4379 4490 4491 4380)
4(4490 4601 4602 4491)
4(4601 4712 4713 4602)
4(4712 4823 4824 4713)
4(4823 4934 4935 4824)
4(4934 5045 5046 4935)
4(5045 5156 5157 5046)
4(5156 5267 5268 5157)
4(5267 5378 5379 5268)
4(5378 5489 5490 5379)
4(5489 5600 5601 5490)
4(5600 5711 5712 5601)
4(5711 5822 5823 5712)
4(5822 5933 5934 5823)
4(5933 6044 6045 5934)
4(6044 6155 6156 6045)
4(6155 6266 6267 6156)
4(6266 6377 6378 6267)
4(6377 6488 6489 6378)
4(6488 6599 6600 6489)
4(6599 6710 6711 6600)
4(6710 6821 6822 6711)
4(6821 6932 6933 6822)
4(6932 7043 7044 6933)
4(7043 7154 7155 7044)
4(7154 7265 7266 7155)
4(7265 7376 7377 7266)
4(7376 7487 7488 7377)
4(7487 7598 7599 7488)
4(7598 7709 7710 7599)
4(7709 7820 7821 7710)
4(7820 7931 7932 7821)
4(7931 8042 8043 7932)
4(8042 8153 8154 8043)
4(8153 8264 8265 8154)
4(8264 8375 8376 8265)
4(8375 8486 8487 8376)
4(8486 8597 8598 8487)
4(8597 8708 8709 8598)
4(8708 8819 8820 8709)
4(8819 8930 8931 8820)
4(8930 9041 9042 8931)
4(9041 9152 9153 9042)
4(9152 9263 9264 9153)
4(9263 9374 9375 9264)
4(9374 9485 9486 9375)
4(51 162 163 52)
4(162 273 274 163)
4(273 384 385 274)
4(384 495 496 385)
4(495 606 607 496)
4(606 717 718 607)
4(717 828 829 718)
4(828 939 940 829)
4(939 1050 1051 940)
4(1050 1161 1162 1051)
4(1161 1272 1273 1162)
4(1272 1383 1384 1273)
4(1383 1494 1495 1384)
4(1494 1605 1606 1495)
4(1605 1716 1717 1606)
4(1716 1827 1828 1717)
4(1827 1938 1939 1828)
4(1938 2049 2050 1939)
4(2049 2160 2161 2050)
4(2160 2271 2272 2161)
4(2271 2382 2383 2272)
4(2382 2493 2494 2383)
4(2493 2604 2605 2494)
4(2604 2715 2716 2605)
4(2715 2826 2827 2716)
4(2826 2937 2938 2827)
4(2937 3048 3049 2938)
4(3048 3159 3160 3049)
4(3159 3270 3271 3160)
4(3270 3381 3382 3271)
4(3381 3492 3493 3382)
4(3492 3603 3604 3493)
4(3603 3714 3715 3604)
4(3714 3825 3826 3715)
4(3825 3936 3937 3826)
4(3936 4047 4048 3937)
4(4047 4158 4159 4048)
4(4158 4269 4270 4159)
4(4269 4380 4381 4270)
4(4380 4491 4492 4381)
4(4491 4602 4603 4492)
4(4602 4713 4714 4603)
4(4713 4824 4825 4714)
4(4824 4935 4936 4825)
4(4935 5046 5047 4936)
4(5046 5157 5158 5047)
4(5157 5268 5269 5158)
4(5268 5379 5380 5269)
4(5379 5490 5491 5380)
4(5490 5601 5602 5491)
4(5601 5712 5713 5602)
4(5712 5823 5824 5713)
4(5823 5934 5935 5824)
4(5934 6045 6046 5935)
4(6045 6156 6157 6046)
4(6156 6267 6268 6157)
4(6267 6378 6379 6268)
4(6378 6489 6490 6379)
4(6489 6600 6601 6490)
4(6600 6711 6712 6601)
4(6711 6822 6823 6712)
4(6822 6933 6934 6823)
4(6933 7044 7045 6934)
4(7044 7155 7156 7045)
4(7155 7266 7267 7156)
4(7266 7377 7378 7267)
4(7377 7488 7489 7378)
4(7488 7599 7600 7489)
4(7599 7710 7711 7600)
4(7710 7821 7822 7711)
4(7821 7932 7933 7822)
4(7932 8043 8044 7933)
4(8043 8154 8155 8044)
4(8154 8265 8266 8155)
4(8265 8376 8377 8266)
4(8376 8487 8488 8377)
4(8487 8598 8599 8488)
4(8598 8709 8710 8599)
4(8709 8820 8821 8710)
4(8820 8931 8932 8821)
4(8931 9042 9043 8932)
4(9042 9153 9154 9043)
4(9153 9264 9265 9154)
4(9264 9375 9376 9265)
4(9375 9486 9487 9376)
4(52 163 164 53)
4(163 274 275 164)
4(274 385 386 275)
4(385 496 497 386)
4(496 607 608 497)
4(607 718 719 608)
4(718 829 830 719)
4(829 940 941 830)
4(940 1051 1052 941)
4(1051 1162 1163 1052)
4(1162 1273 1274 1163)
4(1273 1384 1385 1274)
4(1384 1495 1496 1385)
4(1495 1606 1607 1496)
4(1606 1717 1718 1607)
4(1717 1828 1829 1718)
4(1828 1939 1940 1829)
4(1939 2050 2051 1940)
4(2050 2161 2162 2051)
4(2161 2272 2273 2162)
4(2272 2383 2384 2273)
4(2383 2494 2495 2384)
4(2494 2605 2606 2495)
4(2605 2716 2717 2606)
4(2716 2827 2828 2717)
4(2827 2938 2939 2828)
4(2938 3049 3050 2939)
4(3049 3160 3161 3050)
4(3160 3271 3272 3161)
4(3271 3382 3383 3272)
4(3382 3493 3494 3383)
4(3493 3604 3605 3494)
4(3604 3715 3716 3605)
4(3715 3826 3827 3716)
4(3826 3937 3938 3827)
4(3937 4048 4049 3938)
4(4048 4159 4160 4049)
4(4159 4270 4271 4160)
4(4270 4381 4382 4271)
4(4381 4492 4493 4382)
4(4492 4603 4604 4493)
4(4603 4714 4715 4604)
4(4714 4825 4826 4715)
4(4825 4936 4937 4826)
4(4936 5047 5048 4937)
4(5047 5158 5159 5048)
4(5158 5269 5270 5159)
4(5269 5380 5381 5270)
4(5380 5491 5492 5381)
4(5491 5602 5603 5492)
4(5602 5713 5714 5603)
4(5713 5824 5825 5714)
4(5824 5935 5936 5825)
4(5935 6046 6047 5936)
4(6046 6157 6158 6047)
4(6157 6268 6269 6158)
4(6268 6379 6380 6269)
4(6379 6490 6491 6380)
4(6490 6601 6602 6491)
4(6601 6712 6713 6602)
4(6712 6823 6824 6713)
4(6823 6934 6935 6824)
4(6934 7045 7046 6935)
4(7045 7156 7157 7046)
4(7156 7267 7268 7157)
4(7267 7378 7379 7268)
4(7378 7489 7490 7379)
4(7489 7600 7601 7490)
4(7600 7711 7712 7601)
4(7711 7822 7823 7712)
4(7822 7933 7934 7823)
4(7933 8044 8045 7934)
4(8044 8155 8156 8045)
4(8155 8266 8267 8156)
4(8266 8377 8378 8267)
4(8377 8488 8489 8378)
4(8488 8599 8600 8489)
4(8599 8710 8711 8600)
4(8710 8821 8822 8711)
4(8821 8932 8933 8822)
4(8932 9043 9044 8933)
4(9043 9154 9155 9044)
4(9154 9265 9266 9155)
4(9265 9376 9377 9266)
4(9376 9487 9488 9377)
4(53 164 165 54)
4(164 275 276 165)
4(275 386 387 276)
4(386 497 498 387)
4(497 608 609 498)
4(608 719 720 609)
4(719 830 831 720)
4(830 941 942 831)
4(941 1052 1053 942)
4(1052 1163 1164 1053)
4(1163 1274 1275 1164)
4(1274 1385 1386 1275)
4(1385 1496 1497 1386)
4(1496 1607 1608 1497)
4(1607 1718 1719 1608)
4(1718 1829 1830 1719)
4(1829 1940 1941 1830)
4(1940 2051 2052 1941)
4(2051 2162 2163 2052)
4(2162 2273 2274 2163)
4(2273 2384 2385 2274)
4(2384 2495 2496 2385)
4(2495 2606 2607 2496)
4(2606 2717 2718 2607)
4(2717 2828 2829 2718)
4(2828 2939 2940 2829)
4(2939 3050 3051 2940)
4(3050 3161 3162 3051)
4(3161 3272 3273 3162)
4(3272 3383 3384 3273)
4(3383 3494 3495 3384)
4(3494 3605 3606 3495)
4(3605 3716 3717 3606)
4(3716 3827 3828 3717)
4(3827 3938 3939 3828)
4(3938 4049 4050 3939)
4(4049 4160 4161 4050)
4(4160 4271 4272 4161)
4(4271 4382 4383 4272)
4(4382 4493 4494 4383)
4(4493 4604 4605 4494)
4(4604 4715 4716 4605)
4(4715 4826 4827 4716)
4(4826 4937 4938 4827)
4(4937 5048 5049 4938)
4(5048 5159 5160 5049)
4(5159 5270 5271 5160)
4(5270 5381 5382 5271)
4(5381 5492 5493 5382)
4(5492 5603 5604 5493)
4(5603 5714 5715 5604)
4(5714 5825 5826 5715)
4(5825 5936 5937 5826)
4(5936 6047 6048 5937)
4(6047 6158 6159 6048)
4(6158 6269 6270 6159)
4(6269 6380 6381 6270)
4(6380 6491 6492 6381)
4(6491 6602 6603 6492)
4(6602 6713 6714 6603)
4(6713 6824 6825 6714)
4(6824 6935 6936 6825)
4(6935 7046 7047 6936)
4(7046 7157 7158 7047)
4(7157 7268 7269 7158)
4(7268 7379 7380 7269)
4(7379 7490 7491 7380)
4(7490 7601 7602 7491)
4(7601 7712 7713 7602)
4(7712 7823 7824 7713)
4(7823 7934 7935 7824)
4(7934 8045 8046 7935)
4(8045 8156 8157 8046)
4(8156 8267 8268 8157)
4(8267 8378 8379 8268)
4(8378 8489 8490 8379)
4(8489 8600 8601 8490)
4(8600 8711 8712 8601)
4(8711 8822 8823 8712)
4(8822 8933 8934 8823)
4(8933 9044 9045 8934)
4(9044 9155 9156 9045)
4(9155 9266 9267 9156)
4(9266 9377 9378 9267)
4(9377 9488 9489 9378)
4(54 165 166 55)
4(165 276 277 166)
4(276 387 388 277)
4(387 498 499 388)
4(498 609 610 499)
4(609 720 721 610)
4(720 831 832 721)
4(831 942 943 832)
4(942 1053 1054 943)
4(1053 1164 1165 1054)
4(1164 1275 1276 1165)
4(1275 1386 1387 1276)
4(1386 1497 1498 1387)
4(1497 1608 1609 1498)
4(1608 1719 1720 1609)
4(1719 1830 1831 1720)
4(1830 1941 1942 1831)
4(1941 2052 2053 1942)
4(2052 2163 2164 2053)
4(2163 2274 2275 2164)
4(2274 2385 2386 2275)
4(2385 2496 2497 2386)
4(2496 2607 2608 2497)
4(2607 2718 2719 2608)
4(2718 2829 2830 2719)
4(2829 2940 2941 2830)
4(2940 3051 3052 2941)
4(3051 3162 3163 3052)
4(3162 3273 3274 3163)
4(3273 3384 3385 3274)
4(3384 3495 3496 3385)
4(3495 3606 3607 3496)
4(3606 3717 3718 3607)
4(3717 3828 3829 3718)
4(3828 3939 3940 3829)
4(3939 4050 4051 3940)
4(4050 4161 4162 4051)
4(4161 4272 4273 4162)
4(4272 4383 4384 4273)
4(4383 4494 4495 4384)
4(4494 4605 4606 4495)
4(4605 4716 4717 4606)
4(4716 4827 4828 4717)
4(4827 4938 4939 4828)
4(4938 5049 5050 4939)
4(5049 5160 5161 5050)
4(5160 5271 5272 5161)
4(5271 5382 5383 5272)
4(5382 5493 5494 5383)
4(5493 5604 5605 5494)
4(5604 5715 5716 5605)
4(5715 5826 5827 5716)
4(5826 5937 5938 5827)
4(5937 6048 6049 5938)
4(6048 6159 6160 6049)
4(6159 6270 6271 6160)
4(6270 6381 6382 6271)
4(6381 6492 6493 6382)
4(6492 6603 6604 6493)
4(6603 6714 6715 6604)
4(6714 6825 6826 6715)
4(6825 6936 6937 6826)
4(6936 7047 7048 6937)
4(7047 7158 7159 7048)
4(7158 7269 7270 7159)
4(7269 7380 7381 7270)
4(7380 7491 7492 7381)
4(7491 7602 7603 7492)
4(7602 7713 7714 7603)
4(7713 7824 7825 7714)
4(7824 7935 7936 7825)
4(7935 8046 8047 7936)
4(8046 8157 8158 8047)
4(8157 8268 8269 8158)
4(8268 8379 8380 8269)
4(8379 8490 8491 8380)
4(8490 8601 8602 8491)
4(8601 8712 8713 8602)
4(8712 8823 8824 8713)
4(8823 8934 8935 8824)
4(8934 9045 9046 8935)
4(9045 9156 9157 9046)
4(9156 9267 9268 9157)
4(9267 9378 9379 9268)
4(9378 9489 9490 9379)
4(55 166 167 56)
4(166 277 278 167)
4(277 388 389 278)
4(388 499 500 389)
4(499 610 611 500)
4(610 721 722 611)
4(721 832 833 722)
4(832 943 944 833)
4(943 1054 1055 944)
4(1054 1165 1166 1055)
4(1165 1276 1277 1166)
4(1276 1387 1388 1277)
4(1387 1498 1499 1388)
4(1498 1609 1610 1499)
4(1609 1720 1721 1610)
4(1720 1831 1832 1721)
4(1831 1942 1943 1832)
4(1942 2053 2054 1943)
4(2053 2164 2165 2054)
4(2164 2275 2276 2165)
4(2275 2386 2387 2276)
4(2386 2497 2498 2387)
4(2497 2608 2609 2498)
4(2608 2719 2720 2609)
4(2719 2830 2831 2720)
4(2830 2941 2942 2831)
4(2941 3052 3053 2942)
4(3052 3163 3164 3053)
4(3163 3274 3275 3164)
4(3274 3385 3386 3275)
4(3385 3496 3497 3386)
4(3496 3607 3608 3497)
4(3607 3718 3719 3608)
4(3718 3829 3830 3719)
4(3829 3940 3941 3830)
4(3940 4051 4052 3941)
4(4051 4162 4163 4052)
4(4162 4273 4274 4163)
4(4273 4384 4385 4274)
4(4384 4495 4496 4385)
4(4495 4606 4607 4496)
4(4606 4717 4718 4607)
4(4717 4828 4829 4718)
4(4828 4939 4940 4829)
4(4939 5050 5051 4940)
4(5050 5161 5162 5051)
4(5161 5272 5273 5162)
4(5272 5383 5384 5273)
4(5383 5494 5495 5384)
4(5494 5605 5606 5495)
4(5605 5716 5717 5606)
4(5716 5827 5828 5717)
4(5827 5938 5939 5828)
4(5938 6049 6050 5939)
4(6049 6160 6161 6050)
4(6160 6271 6272 6161)
4(6271 6382 6383 6272)
4(6382 6493 6494 6383)
4(6493 6604 6605 6494)
4(6604 6715 6716 6605)
4(6715 6826 6827 6716)
4(6826 6937 6938 6827)
4(6937 7048 7049 6938)
4(7048 7159 7160 7049)
4(7159 7270 7271 7160)
4(7270 7381 7382 7271)
4(7381 7492 7493 7382)
4(7492 7603 7604 7493)
4(7603 7714 7715 7604)
4(7714 7825 7826 7715)
4(7825 7936 7937 7826)
4(7936 8047 8048 7937)
4(8047 8158 8159 8048)
4(8158 8269 8270 8159)
4(8269 8380 8381 8270)
4(8380 8491 8492 8381)
4(8491 8602 8603 8492)
4(8602 8713 8714 8603)
4(8713 8824 8825 8714)
4(8824 8935 8936 8825)
4(8935 9046 9047 8936)
4(9046 9157 9158 9047)
4(9157 9268 9269 9158)
4(9268 9379 9380 9269)
4(9379 9490 9491 9380)
4(56 167 168 57)
4(167 278 279 168)
4(278 389 390 279)
4(389 500 501 390)
4(500 611 612 501)
4(611 722 723 612)
4(722 833 834 723)
4(833 944 945 834)
4(944 1055 1056 945)
4(1055 1166 1167 1056)
4(1166 1277 1278 1167)
4(1277 1388 1389 1278)
4(1388 1499 1500 1389)
4(1499 1610 1611 1500)
4(1610 1721 1722 1611)
4(1721 1832 1833 1722)
4(1832 1943 1944 1833)
4(1943 2054 2055 1944)
4(2054 2165 2166 2055)
4(2165 2276 2277 2166)
4(2276 2387 2388 2277)
4(2387 2498 2499 2388)
4(2498 2609 2610 2499)
4(2609 2720 2721 2610)
4(2720 2831 2832 2721)
4(2831 2942 2943 2832)
4(2942 3053 3054 2943)
4(3053 3164 3165 3054)
4(3164 3275 3276 3165)
4(3275 3386 3387 3276)
4(3386 3497 3498 3387)
4(3497 3608 3609 3498)
4(3608 3719 3720 3609)
4(3719 3830 3831 3720)
4(3830 3941 3942 3831)
4(3941 4052 4053 3942)
4(4052 4163 4164 4053)
4(4163 4274 4275 4164)
4(4274 4385 4386 4275)
4(4385 4496 4497 4386)
4(4496 4607 4608 4497)
4(4607 4718 4719 4608)
4(4718 4829 4830 4719)
4(4829 4940 4941 4830)
4(4940 5051 5052 4941)
4(5051 5162 5163 5052)
4(5162 5273 5274 5163)
4(5273 5384 5385 5274)
4(5384 5495 5496 5385)
4(5495 5606 5607 5496)
4(5606 5717 5718 5607)
4(5717 5828 5829 5718)
4(5828 5939 5940 5829)
4(5939 6050 6051 5940)
4(6050 6161 6162 6051)
4(6161 6272 6273 6162)
4(6272 6383 6384 6273)
4(6383 6494 6495 6384)
4(6494 6605 6606 6495)
4(6605 6716 6717 6606)
4(6716 6827 6828 6717)
4(6827 6938 6939 6828)
4(6938 7049 7050 6939)
4(7049 7160 7161 7050)
4(7160 7271 7272 7161)
4(7271 7382 7383 7272)
4(7382 7493 7494 7383)
4(7493 7604 7605 7494)
4(7604 7715 7716 7605)
4(7715 7826 7827 7716)
4(7826 7937 7938 7827)
4(7937 8048 8049 7938)
4(8048 8159 8160 8049)
4(8159 8270 8271 8160)
4(8270 8381 8382 8271)
4(8381 8492 8493 8382)
4(8492 8603 8604 8493)
4(8603 8714 8715 8604)
4(8714 8825 8826 8715)
4(8825 8936 8937 8826)
4(8936 9047 9048 8937)
4(9047 9158 9159 9048)
4(9158 9269 9270 9159)
4(9269 9380 9381 9270)
4(9380 9491 9492 9381)
4(57 168 169 58)
4(168 279 280 169)
4(279 390 391 280)
4(390 501 502 391)
4(501 612 613 502)
4(612 723 724 613)
4(723 834 835 724)
4(834 945 946 835)
4(945 1056 1057 946)
4(1056 1167 1168 1057)
4(1167 1278 1279 1168)
4(1278 1389 1390 1279)
4(1389 1500 1501 1390)
4(1500 1611 1612 1501)
4(1611 1722 1723 1612)
4(1722 1833 1834 1723)
4(1833 1944 1945 1834)
4(1944 2055 2056 1945)
4(2055 2166 2167 2056)
4(2166 2277 2278 2167)
4(2277 2388 2389 2278)
4(2388 2499 2500 2389)
4(2499 2610 2611 2500)
4(2610 2721 2722 2611)
4(2721 2832 2833 2722)
4(2832 2943 2944 2833)
4(2943 3054 3055 2944)
4(3054 3165 3166 3055)
4(3165 3276 3277 3166)
4(3276 3387 3388 3277)
4(3387 3498 3499 3388)
4(3498 3609 3610 3499)
4(3609 3720 3721 3610)
4(3720 3831 3832 3721)
4(3831 3942 3943 3832)
4(3942 4053 4054 3943)
4(4053 4164 4165 4054)
4(4164 4275 4276 4165)
4(4275 4386 4387 4276)
4(4386 4497 4498 4387)
4(4497 4608 4609 4498)
4(4608 4719 4720 4609)
4(4719 4830 4831 4720)
4(4830 4941 4942 4831)
4(4941 5052 5053 4942)
4(5052 5163 5164 5053)
4(5163 5274 5275 5164)
4(5274 5385 5386 5275)
4(5385 5496 5497 5386)
4(5496 5607 5608 5497)
4(5607 5718 5719 5608)
4(5718 5829 5830 5719)
4(5829 5940 5941 5830)
4(5940 6051 6052 5941)
4(6051 6162 6163 6052)
4(6162 6273 6274 6163)
4(6273 6384 6385 6274)
4(6384 6495 6496 6385)
4(6495 6606 6607 6496)
4(6606 6717 6718 6607)
4(6717 6828 6829 6718)
4(6828 6939 6940 6829)
4(6939 7050 7051 6940)
4(7050 7161 7162 7051)
4(7161 7272 7273 7162)
4(7272 7383 7384 7273)
4(7383 7494 7495 7384)
4(7494 7605 7606 7495)
4(7605 7716 7717 7606)
4(7716 7827 7828 7717)
4(7827 7938 7939 7828)
4(7938 8049 8050 7939)
4(8049 8160 8161 8050)
4(8160 8271 8272 8161)
4(8271 8382 8383 8272)
4(8382 8493 8494 8383)
4(8493 8604 8605 8494)
4(8604 8715 8716 8605)
4(8715 8826 8827 8716)
4(8826 8937 8938 8827)
4(8937 9048 9049 8938)
4(9048 9159 9160 9049)
4(9159 9270 9271 9160)
4(9270 9381 9382 9271)
4(9381 9492 9493 9382)
4(58 169 170 59)
4(169 280 281 170)
4(280 391 392 281)
4(391 502 503 392)
4(502 613 614 503)
4(613 724 725 614)
4(724 835 836 725)
4(835 946 947 836)
4(946 1057 1058 947)
4(1057 1168 1169 1058)
4(1168 1279 1280 1169)
4(1279 1390 1391 1280)
4(1390 1501 1502 1391)
4(1501 1612 1613 1502)
4(1612 1723 1724 1613)
4(1723 1834 1835 1724)
4(1834 1945 1946 1835)
4(1945 2056 2057 1946)
4(2056 2167 2168 2057)
4(2167 2278 2279 2168)
4(2278 2389 2390 2279)
4(2389 2500 2501 2390)
4(2500 2611 2612 2501)
4(2611 2722 2723 2612)
4(2722 2833 2834 2723)
4(2833 2944 2945 2834)
4(2944 3055 3056 2945)
4(3055 3166 3167 3056)
4(3166 3277 3278 3167)
4(3277 3388 3389 3278)
4(3388 3499 3500 3389)
4(3499 3610 3611 3500)
4(3610 3721 3722 3611)
4(3721 3832 3833 3722)
4(3832 3943 3944 3833)
4(3943 4054 4055 3944)
4(4054 4165 4166 4055)
4(4165 4276 4277 4166)
4(4276 4387 4388 4277)
4(4387 4498 4499 4388)
4(4498 4609 4610 4499)
4(4609 4720 4721 4610)
4(4720 4831 4832 4721)
4(4831 4942 4943 4832)
4(4942 5053 5054 4943)
4(5053 5164 5165 5054)
4(5164 5275 5276 5165)
4(5275 5386 5387 5276)
4(5386 5497 5498 5387)
4(5497 5608 5609 5498)
4(5608 5719 5720 5609)
4(5719 5830 5831 5720)
4(5830 5941 5942 5831)
4(5941 6052 6053 5942)
4(6052 6163 6164 6053)
4(6163 6274 6275 6164)
4(6274 6385 6386 6275)
4(6385 6496 6497 6386)
4(6496 6607 6608 6497)
4(6607 6718 6719 6608)
4(6718 6829 6830 6719)
4(6829 6940 6941 6830)
4(6940 7051 7052 6941)
4(7051 7162 7163 7052)
4(7162 7273 7274 7163)
4(7273 7384 7385 7274)
4(7384 7495 7496 7385)
4(7495 7606 7607 7496)
4(7606 7717 7718 7607)
4(7717 7828 7829 7718)
4(7828 7939 7940 7829)
4(7939 8050 8051 7940)
4(8050 8161 8162 8051)
4(8161 8272 8273 8162)
4(8272 8383 8384 8273)
4(8383 8494 8495 8384)
4(8494 8605 8606 8495)
4(8605 8716 8717 8606)
4(8716 8827 8828 8717)
4(8827 8938 8939 8828)
4(8938 9049 9050 8939)
4(9049 9160 9161 9050)
4(9160 9271 9272 9161)
4(9271 9382 9383 9272)
4(9382 9493 9494 9383)
4(59 170 171 60)
4(170 281 282 171)
4(281 392 393 282)
4(392 503 504 393)
4(503 614 615 504)
4(614 725 726 615)
4(725 836 837 726)
4(836 947 948 837)
4(947 1058 1059 948)
4(1058 1169 1170 1059)
4(1169 1280 1281 1170)
4(1280 1391 1392 1281)
4(1391 1502 1503 1392)
4(1502 1613 1614 1503)
4(1613 1724 1725 1614)
4(1724 1835 1836 1725)
4(1835 1946 1947 1836)
4(1946 2057 2058 1947)
4(2057 2168 2169 2058)
4(2168 2279 2280 2169)
4(2279 2390 2391 2280)
4(2390 2501 2502 2391)
4(2501 2612 2613 2502)
4(2612 2723 2724 2613)
4(2723 2834 2835 2724)
4(2834 2945 2946 2835)
4(2945 3056 3057 2946)
4(3056 3167 3168 3057)
4(3167 3278 3279 3168)
4(3278 3389 3390 3279)
4(3389 3500 3501 3390)
4(3500 3611 3612 3501)
4(3611 3722 3723 3612)
4(3722 3833 3834 3723)
4(3833 3944 3945 3834)
4(3944 4055 4056 3945)
4(4055 4166 4167 4056)
4(4166 4277 4278 4167)
4(4277 4388 4389 4278)
4(4388 4499 4500 4389)
4(4499 4610 4611 4500)
4(4610 4721 4722 4611)
4(4721 4832 4833 4722)
4(4832 4943 4944 4833)
4(4943 5054 5055 4944)
4(5054 5165 5166 5055)
4(5165 5276 5277 5166)
4(5276 5387 5388 5277)
4(5387 5498 5499 5388)
4(5498 5609 5610 5499)
4(5609 5720 5721 5610)
4(5720 5831 5832 5721)
4(5831 5942 5943 5832)
4(5942 6053 6054 5943)
4(6053 6164 6165 6054)
4(6164 6275 6276 6165)
4(6275 6386 6387 6276)
4(6386 6497 6498 6387)
4(6497 6608 6609 6498)
4(6608 6719 6720 6609)
4(6719 6830 6831 6720)
4(6830 6941 6942 6831)
4(6941 7052 7053 6942)
4(7052 7163 7164 7053)
4(7163 7274 7275 7164)
4(7274 7385 7386 7275)
4(7385 7496 7497 7386)
4(7496 7607 7608 7497)
4(7607 7718 7719 7608)
4(7718 7829 7830 7719)
4(7829 7940 7941 7830)
4(7940 8051 8052 7941)
4(8051 8162 8163 8052)
4(8162 8273 8274 8163)
4(8273 8384 8385 8274)
4(8384 8495 8496 8385)
4(8495 8606 8607 8496)
4(8606 8717 8718 8607)
4(8717 8828 8829 8718)
4(8828 8939 8940 8829)
4(8939 9050 9051 8940)
4(9050 9161 9162 9051)
4(9161 9272 9273 9162)
4(9272 9383 9384 9273)
4(9383 9494 9495 9384)
4(60 171 172 61)
4(171 282 283 172)
4(282 393 394 283)
4(393 504 505 394)
4(504 615 616 505)
4(615 726 727 616)
4(726 837 838 727)
4(837 948 949 838)
4(948 1059 1060 949)
4(1059 1170 1171 1060)
4(1170 1281 1282 1171)
4(1281 1392 1393 1282)
4(1392 1503 1504 1393)
4(1503 1614 1615 1504)
4(1614 1725 1726 1615)
4(1725 1836 1837 1726)
4(1836 1947 1948 1837)
4(1947 2058 2059 1948)
4(2058 2169 2170 2059)
4(2169 2280 2281 2170)
4(2280 2391 2392 2281)
4(2391 2502 2503 2392)
4(2502 2613 2614 2503)
4(2613 2724 2725 2614)
4(2724 2835 2836 2725)
4(2835 2946 2947 2836)
4(2946 3057 3058 2947)
4(3057 3168 3169 3058)
4(3168 3279 3280 3169)
4(3279 3390 3391 3280)
4(3390 3501 3502 3391)
4(3501 3612 3613 3502)
4(3612 3723 3724 3613)
4(3723 3834 3835 3724)
4(3834 3945 3946 3835)
4(3945 4056 4057 3946)
4(4056 4167 4168 4057)
4(4167 4278 4279 4168)
4(4278 4389 4390 4279)
4(4389 4500 4501 4390)
4(4500 4611 4612 4501)
4(4611 4722 4723 4612)
4(4722 4833 4834 4723)
4(4833 4944 4945 4834)
4(4944 5055 5056 4945)
4(5055 5166 5167 5056)
4(5166 5277 5278 5167)
4(5277 5388 5389 5278)
4(5388 5499 5500 5389)
4(5499 5610 5611 5500)
4(5610 5721 5722 5611)
4(5721 5832 5833 5722)
4(5832 5943 5944 5833)
4(5943 6054 6055 5944)
4(6054 6165 6166 6055)
4(6165 6276 6277 6166)
4(6276 6387 6388 6277)
4(6387 6498 6499 6388)
4(6498 6609 6610 6499)
4(6609 6720 6721 6610)
4(6720 6831 6832 6721)
4(6831 6942 6943 6832)
4(6942 7053 7054 6943)
4(7053 7164 7165 7054)
4(7164 7275 7276 7165)
4(7275 7386 7387 7276)
4(7386 7497 7498 7387)
4(7497 7608 7609 7498)
4(7608 7719 7720 7609)
4(7719 7830 7831 7720)
4(7830 7941 7942 7831)
4(7941 8052 8053 7942)
4(8052 8163 8164 8053)
4(8163 8274 8275 8164)
4(8274 8385 8386 8275)
4(8385 8496 8497 8386)
4(8496 8607 8608 8497)
4(8607 8718 8719 8608)
4(8718 8829 8830 8719)
4(8829 8940 8941 8830)
4(8940 9051 9052 8941)
4(9051 9162 9163 9052)
4(9162 9273 9274 9163)
4(9273 9384 9385 9274)
4(9384 9495 9496 9385)
4(61 172 173 62)
4(172 283 284 173)
4(283 394 395 284)
4(394 505 506 395)
4(505 616 617 506)
4(616 727 728 617)
4(727 838 839 728)
4(838 949 950 839)
4(949 1060 1061 950)
4(1060 1171 1172 1061)
4(1171 1282 1283 1172)
4(1282 1393 1394 1283)
4(1393 1504 1505 1394)
4(1504 1615 1616 1505)
4(1615 1726 1727 1616)
4(1726 1837 1838 1727)
4(1837 1948 1949 1838)
4(1948 2059 2060 1949)
4(2059 2170 2171 2060)
4(2170 2281 2282 2171)
4(2281 2392 2393 2282)
4(2392 2503 2504 2393)
4(2503 2614 2615 2504)
4(2614 2725 2726 2615)
4(2725 2836 2837 2726)
4(2836 2947 2948 2837)
4(2947 3058 3059 2948)
4(3058 3169 3170 3059)
4(3169 3280 3281 3170)
4(3280 3391 3392 3281)
4(3391 3502 3503 3392)
4(3502 3613 3614 3503)
4(3613 3724 3725 3614)
4(3724 3835 3836 3725)
4(3835 3946 3947 3836)
4(3946 4057 4058 3947)
4(4057 4168 4169 4058)
4(4168 4279 4280 4169)
4(4279 4390 4391 4280)
4(4390 4501 4502 4391)
4(4501 4612 4613 4502)
4(4612 4723 4724 4613)
4(4723 4834 4835 4724)
4(4834 4945 4946 4835)
4(4945 5056 5057 4946)
4(5056 5167 5168 5057)
4(5167 5278 5279 5168)
4(5278 5389 5390 5279)
4(5389 5500 5501 5390)
4(5500 5611 5612 5501)
4(5611 5722 5723 5612)
4(5722 5833 5834 5723)
4(5833 5944 5945 5834)
4(5944 6055 6056 5945)
4(6055 6166 6167 6056)
4(6166 6277 6278 6167)
4(6277 6388 6389 6278)
4(6388 6499 6500 6389)
4(6499 6610 6611 6500)
4(6610 6721 6722 6611)
4(6721 6832 6833 6722)
4(6832 6943 6944 6833)
4(6943 7054 7055 6944)
4(7054 7165 7166 7055)
4(7165 7276 7277 7166)
4(7276 7387 7388 7277)
4(7387 7498 7499 7388)
4(7498 7609 7610 7499)
4(7609 7720 7721 7610)
4(7720 7831 7832 7721)
4(7831 7942 7943 7832)
4(7942 8053 8054 7943)
4(8053 8164 8165 8054)
4(8164 8275 8276 8165)
4(8275 8386 8387 8276)
4(8386 8497 8498 8387)
4(8497 8608 8609 8498)
4(8608 8719 8720 8609)
4(8719 8830 8831 8720)
4(8830 8941 8942 8831)
4(8941 9052 9053 8942)
4(9052 9163 9164 9053)
4(9163 9274 9275 9164)
4(9274 9385 9386 9275)
4(9385 9496 9497 9386)
4(62 173 174 63)
4(173 284 285 174)
4(284 395 396 285)
4(395 506 507 396)
4(506 617 618 507)
4(617 728 729 618)
4(728 839 840 729)
4(839 950 951 840)
4(950 1061 1062 951)
4(1061 1172 1173 1062)
4(1172 1283 1284 1173)
4(1283 1394 1395 1284)
4(1394 1505 1506 1395)
4(1505 1616 1617 1506)
4(1616 1727 1728 1617)
4(1727 1838 1839 1728)
4(1838 1949 1950 1839)
4(1949 2060 2061 1950)
4(2060 2171 2172 2061)
4(2171 2282 2283 2172)
4(2282 2393 2394 2283)
4(2393 2504 2505 2394)
4(2504 2615 2616 2505)
4(2615 2726 2727 2616)
4(2726 2837 2838 2727)
4(2837 2948 2949 2838)
4(2948 3059 3060 2949)
4(3059 3170 3171 3060)
4(3170 3281 3282 3171)
4(3281 3392 3393 3282)
4(3392 3503 3504 3393)
4(3503 3614 3615 3504)
4(3614 3725 3726 3615)
4(3725 3836 3837 3726)
4(3836 3947 3948 3837)
4(3947 4058 4059 3948)
4(4058 4169 4170 4059)
4(4169 4280 4281 4170)
4(4280 4391 4392 4281)
4(4391 4502 4503 4392)
4(4502 4613 4614 4503)
4(4613 4724 4725 4614)
4(4724 4835 4836 4725)
4(4835 4946 4947 4836)
4(4946 5057 5058 4947)
4(5057 5168 5169 5058)
4(5168 5279 5280 5169)
4(5279 5390 5391 5280)
4(5390 5501 5502 5391)
4(5501 5612 5613 5502)
4(5612 5723 5724 5613)
4(5723 5834 5835 5724)
4(5834 5945 5946 5835)
4(5945 6056 6057 5946)
4(6056 6167 6168 6057)
4(6167 6278 6279 6168)
4(6278 6389 6390 6279)
4(6389 6500 6501 6390)
4(6500 6611 6612 6501)
4(6611 6722 6723 6612)
4(6722 6833 6834 6723)
4(6833 6944 6945 6834)
4(6944 7055 7056 6945)
4(7055 7166 7167 7056)
4(7166 7277 7278 7167)
4(7277 7388 7389 7278)
4(7388 7499 7500 7389)
4(7499 7610 7611 7500)
4(7610 7721 7722 7611)
4(7721 7832 7833 7722)
4(7832 7943 7944 7833)
4(7943 8054 8055 7944)
4(8054 8165 8166 8055)
4(8165 8276 8277 8166)
4(8276 8387 8388 8277)
4(8387 8498 8499 8388)
4(8498 8609 8610 8499)
4(8609 8720 8721 8610)
4(8720 8831 8832 8721)
4(8831 8942 8943 8832)
4(8942 9053 9054 8943)
4(9053 9164 9165 9054)
4(9164 9275 9276 9165)
4(9275 9386 9387 9276)
4(9386 9497 9498 9387)
4(63 174 175 64)
4(174 285 286 175)
4(285 396 397 286)
4(396 507 508 397)
4(507 618 619 508)
4(618 729 730 619)
4(729 840 841 730)
4(840 951 952 841)
4(951 1062 1063 952)
4(1062 1173 1174 1063)
4(1173 1284 1285 1174)
4(1284 1395 1396 1285)
4(1395 1506 1507 1396)
4(1506 1617 1618 1507)
4(1617 1728 1729 1618)
4(1728 1839 1840 1729)
4(1839 1950 1951 1840)
4(1950 2061 2062 1951)
4(2061 2172 2173 2062)
4(2172 2283 2284 2173)
4(2283 2394 2395 2284)
4(2394 2505 2506 2395)
4(2505 2616 2617 2506)
4(2616 2727 2728 2617)
4(2727 2838 2839 2728)
4(2838 2949 2950 2839)
4(2949 3060 3061 2950)
4(3060 3171 3172 3061)
4(3171 3282 3283 3172)
4(3282 3393 3394 3283)
4(3393 3504 3505 3394)
4(3504 3615 3616 3505)
4(3615 3726 3727 3616)
4(3726 3837 3838 3727)
4(3837 3948 3949 3838)
4(3948 4059 4060 3949)
4(4059 4170 4171 4060)
4(4170 4281 4282 4171)
4(4281 4392 4393 4282)
4(4392 4503 4504 4393)
4(4503 4614 4615 4504)
4(4614 4725 4726 4615)
4(4725 4836 4837 4726)
4(4836 4947 4948 4837)
4(4947 5058 5059 4948)
4(5058 5169 5170 5059)
4(5169 5280 5281 5170)
4(5280 5391 5392 5281)
4(5391 5502 5503 5392)
4(5502 5613 5614 5503)
4(5613 5724 5725 5614)
4(5724 5835 5836 5725)
4(5835 5946 5947 5836)
4(5946 6057 6058 5947)
4(6057 6168 6169 6058)
4(6168 6279 6280 6169)
4(6279 6390 6391 6280)
4(6390 6501 6502 6391)
4(6501 6612 6613 6502)
4(6612 6723 6724 6613)
4(6723 6834 6835 6724)
4(6834 6945 6946 6835)
4(6945 7056 7057 6946)
4(7056 7167 7168 7057)
4(7167 7278 7279 7168)
4(7278 7389 7390 7279)
4(7389 7500 7501 7390)
4(7500 7611 7612 7501)
4(7611 7722 7723 7612)
4(7722 7833 7834 7723)
4(7833 7944 7945 7834)
4(7944 8055 8056 7945)
4(8055 8166 8167 8056)
4(8166 8277 8278 8167)
4(8277 8388 8389 8278)
4(8388 8499 8500 8389)
4(8499 8610 8611 8500)
4(8610 8721 8722 8611)
4(8721 8832 8833 8722)
4(8832 8943 8944 8833)
4(8943 9054 9055 8944)
4(9054 9165 9166 9055)
4(9165 9276 9277 9166)
4(9276 9387 9388 9277)
4(9387 9498 9499 9388)
4(64 175 176 65)
4(175 286 287 176)
4(286 397 398 287)
4(397 508 509 398)
4(508 619 620 509)
4(619 730 731 620)
4(730 841 842 731)
4(841 952 953 842)
4(952 1063 1064 953)
4(1063 1174 1175 1064)
4(1174 1285 1286 1175)
4(1285 1396 1397 1286)
4(1396 1507 1508 1397)
4(1507 1618 1619 1508)
4(1618 1729 1730 1619)
4(1729 1840 1841 1730)
4(1840 1951 1952 1841)
4(1951 2062 2063 1952)
4(2062 2173 2174 2063)
4(2173 2284 2285 2174)
4(2284 2395 2396 2285)
4(2395 2506 2507 2396)
4(2506 2617 2618 2507)
4(2617 2728 2729 2618)
4(2728 2839 2840 2729)
4(2839 2950 2951 2840)
4(2950 3061 3062 2951)
4(3061 3172 3173 3062)
4(3172 3283 3284 3173)
4(3283 3394 3395 3284)
4(3394 3505 3506 3395)
4(3505 3616 3617 3506)
4(3616 3727 3728 3617)
4(3727 3838 3839 3728)
4(3838 3949 3950 3839)
4(3949 4060 4061 3950)
4(4060 4171 4172 4061)
4(4171 4282 4283 4172)
4(4282 4393 4394 4283)
4(4393 4504 4505 4394)
4(4504 4615 4616 4505)
4(4615 4726 4727 4616)
4(4726 4837 4838 4727)
4(4837 4948 4949 4838)
4(4948 5059 5060 4949)
4(5059 5170 5171 5060)
4(5170 5281 5282 5171)
4(5281 5392 5393 5282)
4(5392 5503 5504 5393)
4(5503 5614 5615 5504)
4(5614 5725 5726 5615)
4(5725 5836 5837 5726)
4(5836 5947 5948 5837)
4(5947 6058 6059 5948)
4(6058 6169 6170 6059)
4(6169 6280 6281 6170)
4(6280 6391 6392 6281)
4(6391 6502 6503 6392)
4(6502 6613 6614 6503)
4(6613 6724 6725 6614)
4(6724 6835 6836 6725)
4(6835 6946 6947 6836)
4(6946 7057 7058 6947)
4(7057 7168 7169 7058)
4(7168 7279 7280 7169)
4(7279 7390 7391 7280)
4(7390 7501 7502 7391)
4(7501 7612 7613 7502)
4(7612 7723 7724 7613)
4(7723 7834 7835 7724)
4(7834 7945 7946 7835)
4(7945 8056 8057 7946)
4(8056 8167 8168 8057)
4(8167 8278 8279 8168)
4(8278 8389 8390 8279)
4(8389 8500 8501 8390)
4(8500 8611 8612 8501)
4(8611 8722 8723 8612)
4(8722 8833 8834 8723)
4(8833 8944 8945 8834)
4(8944 9055 9056 8945)
4(9055 9166 9167 9056)
4(9166 9277 9278 9167)
4(9277 9388 9389 9278)
4(9388 9499 9500 9389)
4(65 176 177 66)
4(176 287 288 177)
4(287 398 399 288)
4(398 509 510 399)
4(509 620 621 510)
4(620 731 732 621)
4(731 842 843 732)
4(842 953 954 843)
4(953 1064 1065 954)
4(1064 1175 1176 1065)
4(1175 1286 1287 1176)
4(1286 1397 1398 1287)
4(1397 1508 1509 1398)
4(1508 1619 1620 1509)
4(1619 1730 1731 1620)
4(1730 1841 1842 1731)
4(1841 1952 1953 1842)
4(1952 2063 2064 1953)
4(2063 2174 2175 2064)
4(2174 2285 2286 2175)
4(2285 2396 2397 2286)
4(2396 2507 2508 2397)
4(2507 2618 2619 2508)
4(2618 2729 2730 2619)
4(2729 2840 2841 2730)
4(2840 2951 2952 2841)
4(2951 3062 3063 2952)
4(3062 3173 3174 3063)
4(3173 3284 3285 3174)
4(3284 3395 3396 3285)
4(3395 3506 3507 3396)
4(3506 3617 3618 3507)
4(3617 3728 3729 3618)
4(3728 3839 3840 3729)
4(3839 3950 3951 3840)
4(3950 4061 4062 3951)
4(4061 4172 4173 4062)
4(4172 4283 4284 4173)
4(4283 4394 4395 4284)
4(4394 4505 4506 4395)
4(4505 4616 4617 4506)
4(4616 4727 4728 4617)
4(4727 4838 4839 4728)
4(4838 4949 4950 4839)
4(4949 5060 5061 4950)
4(5060 5171 5172 5061)
4(5171 5282 5283 5172)
4(5282 5393 5394 5283)
4(5393 5504 5505 5394)
4(5504 5615 5616 5505)
4(5615 5726 5727 5616)
4(5726 5837 5838 5727)
4(5837 5948 5949 5838)
4(5948 6059 6060 5949)
4(6059 6170 6171 6060)
4(6170 6281 6282 6171)
4(6281 6392 6393 6282)
4(6392 6503 6504 6393)
4(6503 6614 6615 6504)
4(6614 6725 6726 6615)
4(6725 6836 6837 6726)
4(6836 6947 6948 6837)
4(6947 7058 7059 6948)
4(7058 7169 7170 7059)
4(7169 7280 7281 7170)
4(7280 7391 7392 7281)
4(7391 7502 7503 7392)
4(7502 7613 7614 7503)
4(7613 7724 7725 7614)
4(7724 7835 7836 7725)
4(7835 7946 7947 7836)
4(7946 8057 8058 7947)
4(8057 8168 8169 8058)
4(8168 8279 8280 8169)
4(8279 8390 8391 8280)
4(8390 8501 8502 8391)
4(8501 8612 8613 8502)
4(8612 8723 8724 8613)
4(8723 8834 8835 8724)
4(8834 8945 8946 8835)
4(8945 9056 9057 8946)
4(9056 9167 9168 9057)
4(9167 9278 9279 9168)
4(9278 9389 9390 9279)
4(9389 9500 9501 9390)
4(66 177 178 67)
4(177 288 289 178)
4(288 399 400 289)
4(399 510 511 400)
4(510 621 622 511)
4(621 732 733 622)
4(732 843 844 733)
4(843 954 955 844)
4(954 1065 1066 955)
4(1065 1176 1177 1066)
4(1176 1287 1288 1177)
4(1287 1398 1399 1288)
4(1398 1509 1510 1399)
4(1509 1620 1621 1510)
4(1620 1731 1732 1621)
4(1731 1842 1843 1732)
4(1842 1953 1954 1843)
4(1953 2064 2065 1954)
4(2064 2175 2176 2065)
4(2175 2286 2287 2176)
4(2286 2397 2398 2287)
4(2397 2508 2509 2398)
4(2508 2619 2620 2509)
4(2619 2730 2731 2620)
4(2730 2841 2842 2731)
4(2841 2952 2953 2842)
4(2952 3063 3064 2953)
4(3063 3174 3175 3064)
4(3174 3285 3286 3175)
4(3285 3396 3397 3286)
4(3396 3507 3508 3397)
4(3507 3618 3619 3508)
4(3618 3729 3730 3619)
4(3729 3840 3841 3730)
4(3840 3951 3952 3841)
4(3951 4062 4063 3952)
4(4062 4173 4174 4063)
4(4173 4284 4285 4174)
4(4284 4395 4396 4285)
4(4395 4506 4507 4396)
4(4506 4617 4618 4507)
4(4617 4728 4729 4618)
4(4728 4839 4840 4729)
4(4839 4950 4951 4840)
4(4950 5061 5062 4951)
4(5061 5172 5173 5062)
4(5172 5283 5284 5173)
4(5283 5394 5395 5284)
4(5394 5505 5506 5395)
4(5505 5616 5617 5506)
4(5616 5727 5728 5617)
4(5727 5838 5839 5728)
4(5838 5949 5950 5839)
4(5949 6060 6061 5950)
4(6060 6171 6172 6061)
4(6171 6282 6283 6172)
4(6282 6393 6394 6283)
4(6393 6504 6505 6394)
4(6504 6615 6616 6505)
4(6615 6726 6727 6616)
4(6726 6837 6838 6727)
4(6837 6948 6949 6838)
4(6948 7059 7060 6949)
4(7059 7170 7171 7060)
4(7170 7281 7282 7171)
4(7281 7392 7393 7282)
4(7392 7503 7504 7393)
4(7503 7614 7615 7504)
4(7614 7725 7726 7615)
4(7725 7836 7837 7726)
4(7836 7947 7948 7837)
4(7947 8058 8059 7948)
4(8058 8169 8170 8059)
4(8169 8280 8281 8170)
4(8280 8391 8392 8281)
4(8391 8502 8503 8392)
4(8502 8613 8614 8503)
4(8613 8724 8725 8614)
4(8724 8835 8836 8725)
4(8835 8946 8947 8836)
4(8946 9057 9058 8947)
4(9057 9168 9169 9058)
4(9168 9279 9280 9169)
4(9279 9390 9391 9280)
4(9390 9501 9502 9391)
4(67 178 179 68)
4(178 289 290 179)
4(289 400 401 290)
4(400 511 512 401)
4(511 622 623 512)
4(622 733 734 623)
4(733 844 845 734)
4(844 955 956 845)
4(955 1066 1067 956)
4(1066 1177 1178 1067)
4(1177 1288 1289 1178)
4(1288 1399 1400 1289)
4(1399 1510 1511 1400)
4(1510 1621 1622 1511)
4(1621 1732 1733 1622)
4(1732 1843 1844 1733)
4(1843 1954 1955 1844)
4(1954 2065 2066 1955)
4(2065 2176 2177 2066)
4(2176 2287 2288 2177)
4(2287 2398 2399 2288)
4(2398 2509 2510 2399)
4(2509 2620 2621 2510)
4(2620 2731 2732 2621)
4(2731 2842 2843 2732)
4(2842 2953 2954 2843)
4(2953 3064 3065 2954)
4(3064 3175 3176 3065)
4(3175 3286 3287 3176)
4(3286 3397 3398 3287)
4(3397 3508 3509 3398)
4(3508 3619 3620 3509)
4(3619 3730 3731 3620)
4(3730 3841 3842 3731)
4(3841 3952 3953 3842)
4(3952 4063 4064 3953)
4(4063 4174 4175 4064)
4(4174 4285 4286 4175)
4(4285 4396 4397 4286)
4(4396 4507 4508 4397)
4(4507 4618 4619 4508)
4(4618 4729 4730 4619)
4(4729 4840 4841 4730)
4(4840 4951 4952 4841)
4(4951 5062 5063 4952)
4(5062 5173 5174 5063)
4(5173 5284 5285 5174)
4(5284 5395 5396 5285)
4(5395 5506 5507 5396)
4(5506 5617 5618 5507)
4(5617 5728 5729 5618)
4(5728 5839 5840 5729)
4(5839 5950 5951 5840)
4(5950 6061 6062 5951)
4(6061 6172 6173 6062)
4(6172 6283 6284 6173)
4(6283 6394 6395 6284)
4(6394 6505 6506 6395)
4(6505 6616 6617 6506)
4(6616 6727 6728 6617)
4(6727 6838 6839 6728)
4(6838 6949 6950 6839)
4(6949 7060 7061 6950)
4(7060 7171 7172 7061)
4(7171 7282 7283 7172)
4(7282 7393 7394 7283)
4(7393 7504 7505 7394)
4(7504 7615 7616 7505)
4(7615 7726 7727 7616)
4(7726 7837 7838 7727)
4(7837 7948 7949 7838)
4(7948 8059 8060 7949)
4(8059 8170 8171 8060)
4(8170 8281 8282 8171)
4(8281 8392 8393 8282)
4(8392 8503 8504 8393)
4(8503 8614 8615 8504)
4(8614 8725 8726 8615)
4(8725 8836 8837 8726)
4(8836 8947 8948 8837)
4(8947 9058 9059 8948)
4(9058 9169 9170 9059)
4(9169 9280 9281 9170)
4(9280 9391 9392 9281)
4(9391 9502 9503 9392)
4(68 179 180 69)
4(179 290 291 180)
4(290 401 402 291)
4(401 512 513 402)
4(512 623 624 513)
4(623 734 735 624)
4(734 845 846 735)
4(845 956 957 846)
4(956 1067 1068 957)
4(1067 1178 1179 1068)
4(1178 1289 1290 1179)
4(1289 1400 1401 1290)
4(1400 1511 1512 1401)
4(1511 1622 1623 1512)
4(1622 1733 1734 1623)
4(1733 1844 1845 1734)
4(1844 1955 1956 1845)
4(1955 2066 2067 1956)
4(2066 2177 2178 2067)
4(2177 2288 2289 2178)
4(2288 2399 2400 2289)
4(2399 2510 2511 2400)
4(2510 2621 2622 2511)
4(2621 2732 2733 2622)
4(2732 2843 2844 2733)
4(2843 2954 2955 2844)
4(2954 3065 3066 2955)
4(3065 3176 3177 3066)
4(3176 3287 3288 3177)
4(3287 3398 3399 3288)
4(3398 3509 3510 3399)
4(3509 3620 3621 3510)
4(3620 3731 3732 3621)
4(3731 3842 3843 3732)
4(3842 3953 3954 3843)
4(3953 4064 4065 3954)
4(4064 4175 4176 4065)
4(4175 4286 4287 4176)
4(4286 4397 4398 4287)
4(4397 4508 4509 4398)
4(4508 4619 4620 4509)
4(4619 4730 4731 4620)
4(4730 4841 4842 4731)
4(4841 4952 4953 4842)
4(4952 5063 5064 4953)
4(5063 5174 5175 5064)
4(5174 5285 5286 5175)
4(5285 5396 5397 5286)
4(5396 5507 5508 5397)
4(5507 5618 5619 5508)
4(5618 5729 5730 5619)
4(5729 5840 5841 5730)
4(5840 5951 5952 5841)
4(5951 6062 6063 5952)
4(6062 6173 6174 6063)
4(6173 6284 6285 6174)
4(6284 6395 6396 6285)
4(6395 6506 6507 6396)
4(6506 6617 6618 6507)
4(6617 6728 6729 6618)
4(6728 6839 6840 6729)
4(6839 6950 6951 6840)
4(6950 7061 7062 6951)
4(7061 7172 7173 7062)
4(7172 7283 7284 7173)
4(7283 7394 7395 7284)
4(7394 7505 7506 7395)
4(7505 7616 7617 7506)
4(7616 7727 7728 7617)
4(7727 7838 7839 7728)
4(7838 7949 7950 7839)
4(7949 8060 8061 7950)
4(8060 8171 8172 8061)
4(8171 8282 8283 8172)
4(8282 8393 8394 8283)
4(8393 8504 8505 8394)
4(8504 8615 8616 8505)
4(8615 8726 8727 8616)
4(8726 8837 8838 8727)
4(8837 8948 8949 8838)
4(8948 9059 9060 8949)
4(9059 9170 9171 9060)
4(9170 9281 9282 9171)
4(9281 9392 9393 9282)
4(9392 9503 9504 9393)
4(69 180 181 70)
4(180 291 292 181)
4(291 402 403 292)
4(402 513 514 403)
4(513 624 625 514)
4(624 735 736 625)
4(735 846 847 736)
4(846 957 958 847)
4(957 1068 1069 958)
4(1068 1179 1180 1069)
4(1179 1290 1291 1180)
4(1290 1401 1402 1291)
4(1401 1512 1513 1402)
4(1512 1623 1624 1513)
4(1623 1734 1735 1624)
4(1734 1845 1846 1735)
4(1845 1956 1957 1846)
4(1956 2067 2068 1957)
4(2067 2178 2179 2068)
4(2178 2289 2290 2179)
4(2289 2400 2401 2290)
4(2400 2511 2512 2401)
4(2511 2622 2623 2512)
4(2622 2733 2734 2623)
4(2733 2844 2845 2734)
4(2844 2955 2956 2845)
4(2955 3066 3067 2956)
4(3066 3177 3178 3067)
4(3177 3288 3289 3178)
4(3288 3399 3400 3289)
4(3399 3510 3511 3400)
4(3510 3621 3622 3511)
4(3621 3732 3733 3622)
4(3732 3843 3844 3733)
4(3843 3954 3955 3844)
4(3954 4065 4066 3955)
4(4065 4176 4177 4066)
4(4176 4287 4288 4177)
4(4287 4398 4399 4288)
4(4398 4509 4510 4399)
4(4509 4620 4621 4510)
4(4620 4731 4732 4621)
4(4731 4842 4843 4732)
4(4842 4953 4954 4843)
4(4953 5064 5065 4954)
4(5064 5175 5176 5065)
4(5175 5286 5287 5176)
4(5286 5397 5398 5287)
4(5397 5508 5509 5398)
4(5508 5619 5620 5509)
4(5619 5730 5731 5620)
4(5730 5841 5842 5731)
4(5841 5952 5953 5842)
4(5952 6063 6064 5953)
4(6063 6174 6175 6064)
4(6174 6285 6286 6175)
4(6285 6396 6397 6286)
4(6396 6507 6508 6397)
4(6507 6618 6619 6508)
4(6618 6729 6730 6619)
4(6729 6840 6841 6730)
4(6840 6951 6952 6841)
4(6951 7062 7063 6952)
4(7062 7173 7174 7063)
4(7173 7284 7285 7174)
4(7284 7395 7396 7285)
4(7395 7506 7507 7396)
4(7506 7617 7618 7507)
4(7617 7728 7729 7618)
4(7728 7839 7840 7729)
4(7839 7950 7951 7840)
4(7950 8061 8062 7951)
4(8061 8172 8173 8062)
4(8172 8283 8284 8173)
4(8283 8394 8395 8284)
4(8394 8505 8506 8395)
4(8505 8616 8617 8506)
4(8616 8727 8728 8617)
4(8727 8838 8839 8728)
4(8838 8949 8950 8839)
4(8949 9060 9061 8950)
4(9060 9171 9172 9061)
4(9171 9282 9283 9172)
4(9282 9393 9394 9283)
4(9393 9504 9505 9394)
4(70 181 182 71)
4(181 292 293 182)
4(292 403 404 293)
4(403 514 515 404)
4(514 625 626 515)
4(625 736 737 626)
4(736 847 848 737)
4(847 958 959 848)
4(958 1069 1070 959)
4(1069 1180 1181 1070)
4(1180 1291 1292 1181)
4(1291 1402 1403 1292)
4(1402 1513 1514 1403)
4(1513 1624 1625 1514)
4(1624 1735 1736 1625)
4(1735 1846 1847 1736)
4(1846 1957 1958 1847)
4(1957 2068 2069 1958)
4(2068 2179 2180 2069)
4(2179 2290 2291 2180)
4(2290 2401 2402 2291)
4(2401 2512 2513 2402)
4(2512 2623 2624 2513)
4(2623 2734 2735 2624)
4(2734 2845 2846 2735)
4(2845 2956 2957 2846)
4(2956 3067 3068 2957)
4(3067 3178 3179 3068)
4(3178 3289 3290 3179)
4(3289 3400 3401 3290)
4(3400 3511 3512 3401)
4(3511 3622 3623 3512)
4(3622 3733 3734 3623)
4(3733 3844 3845 3734)
4(3844 3955 3956 3845)
4(3955 4066 4067 3956)
4(4066 4177 4178 4067)
4(4177 4288 4289 4178)
4(4288 4399 4400 4289)
4(4399 4510 4511 4400)
4(4510 4621 4622 4511)
4(4621 4732 4733 4622)
4(4732 4843 4844 4733)
4(4843 4954 4955 4844)
4(4954 5065 5066 4955)
4(5065 5176 5177 5066)
4(5176 5287 5288 5177)
4(5287 5398 5399 5288)
4(5398 5509 5510 5399)
4(5509 5620 5621 5510)
4(5620 5731 5732 5621)
4(5731 5842 5843 5732)
4(5842 5953 5954 5843)
4(5953 6064 6065 5954)
4(6064 6175 6176 6065)
4(6175 6286 6287 6176)
4(6286 6397 6398 6287)
4(6397 6508 6509 6398)
4(6508 6619 6620 6509)
4(6619 6730 6731 6620)
4(6730 6841 6842 6731)
4(6841 6952 6953 6842)
4(6952 7063 7064 6953)
4(7063 7174 7175 7064)
4(7174 7285 7286 7175)
4(7285 7396 7397 7286)
4(7396 7507 7508 7397)
4(7507 7618 7619 7508)
4(7618 7729 7730 7619)
4(7729 7840 7841 7730)
4(7840 7951 7952 7841)
4(7951 8062 8063 7952)
4(8062 8173 8174 8063)
4(8173 8284 8285 8174)
4(8284 8395 8396 8285)
4(8395 8506 8507 8396)
4(8506 8617 8618 8507)
4(8617 8728 8729 8618)
4(8728 8839 8840 8729)
4(8839 8950 8951 8840)
4(8950 9061 9062 8951)
4(9061 9172 9173 9062)
4(9172 9283 9284 9173)
4(9283 9394 9395 9284)
4(9394 9505 9506 9395)
4(71 182 183 72)
4(182 293 294 183)
4(293 404 405 294)
4(404 515 516 405)
4(515 626 627 516)
4(626 737 738 627)
4(737 848 849 738)
4(848 959 960 849)
4(959 1070 1071 960)
4(1070 1181 1182 1071)
4(1181 1292 1293 1182)
4(1292 1403 1404 1293)
4(1403 1514 1515 1404)
4(1514 1625 1626 1515)
4(1625 1736 1737 1626)
4(1736 1847 1848 1737)
4(1847 1958 1959 1848)
4(1958 2069 2070 1959)
4(2069 2180 2181 2070)
4(2180 2291 2292 2181)
4(2291 2402 2403 2292)
4(2402 2513 2514 2403)
4(2513 2624 2625 2514)
4(2624 2735 2736 2625)
4(2735 2846 2847 2736)
4(2846 2957 2958 2847)
4(2957 3068 3069 2958)
4(3068 3179 3180 3069)
4(3179 3290 3291 3180)
4(3290 3401 3402 3291)
4(3401 3512 3513 3402)
4(3512 3623 3624 3513)
4(3623 3734 3735 3624)
4(3734 3845 3846 3735)
4(3845 3956 3957 3846)
4(3956 4067 4068 3957)
4(4067 4178 4179 4068)
4(4178 4289 4290 4179)
4(4289 4400 4401 4290)
4(4400 4511 4512 4401)
4(4511 4622 4623 4512)
4(4622 4733 4734 4623)
4(4733 4844 4845 4734)
4(4844 4955 4956 4845)
4(4955 5066 5067 4956)
4(5066 5177 5178 5067)
4(5177 5288 5289 5178)
4(5288 5399 5400 5289)
4(5399 5510 5511 5400)
4(5510 5621 5622 5511)
4(5621 5732 5733 5622)
4(5732 5843 5844 5733)
4(5843 5954 5955 5844)
4(5954 6065 6066 5955)
4(6065 6176 6177 6066)
4(6176 6287 6288 6177)
4(6287 6398 6399 6288)
4(6398 6509 6510 6399)
4(6509 6620 6621 6510)
4(6620 6731 6732 6621)
4(6731 6842 6843 6732)
4(6842 6953 6954 6843)
4(6953 7064 7065 6954)
4(7064 7175 7176 7065)
4(7175 7286 7287 7176)
4(7286 7397 7398 7287)
4(7397 7508 7509 7398)
4(7508 7619 7620 7509)
4(7619 7730 7731 7620)
4(7730 7841 7842 7731)
4(7841 7952 7953 7842)
4(7952 8063 8064 7953)
4(8063 8174 8175 8064)
4(8174 8285 8286 8175)
4(8285 8396 8397 8286)
4(8396 8507 8508 8397)
4(8507 8618 8619 8508)
4(8618 8729 8730 8619)
4(8729 8840 8841 8730)
4(8840 8951 8952 8841)
4(8951 9062 9063 8952)
4(9062 9173 9174 9063)
4(9173 9284 9285 9174)
4(9284 9395 9396 9285)
4(9395 9506 9507 9396)
4(72 183 184 73)
4(183 294 295 184)
4(294 405 406 295)
4(405 516 517 406)
4(516 627 628 517)
4(627 738 739 628)
4(738 849 850 739)
4(849 960 961 850)
4(960 1071 1072 961)
4(1071 1182 1183 1072)
4(1182 1293 1294 1183)
4(1293 1404 1405 1294)
4(1404 1515 1516 1405)
4(1515 1626 1627 1516)
4(1626 1737 1738 1627)
4(1737 1848 1849 1738)
4(1848 1959 1960 1849)
4(1959 2070 2071 1960)
4(2070 2181 2182 2071)
4(2181 2292 2293 2182)
4(2292 2403 2404 2293)
4(2403 2514 2515 2404)
4(2514 2625 2626 2515)
4(2625 2736 2737 2626)
4(2736 2847 2848 2737)
4(2847 2958 2959 2848)
4(2958 3069 3070 2959)
4(3069 3180 3181 3070)
4(3180 3291 3292 3181)
4(3291 3402 3403 3292)
4(3402 3513 3514 3403)
4(3513 3624 3625 3514)
4(3624 3735 3736 3625)
4(3735 3846 3847 3736)
4(3846 3957 3958 3847)
4(3957 4068 4069 3958)
4(4068 4179 4180 4069)
4(4179 4290 4291 4180)
4(4290 4401 4402 4291)
4(4401 4512 4513 4402)
4(4512 4623 4624 4513)
4(4623 4734 4735 4624)
4(4734 4845 4846 4735)
4(4845 4956 4957 4846)
4(4956 5067 5068 4957)
4(5067 5178 5179 5068)
4(5178 5289 5290 5179)
4(5289 5400 5401 5290)
4(5400 5511 5512 5401)
4(5511 5622 5623 5512)
4(5622 5733 5734 5623)
4(5733 5844 5845 5734)
4(5844 5955 5956 5845)
4(5955 6066 6067 5956)
4(6066 6177 6178 6067)
4(6177 6288 6289 6178)
4(6288 6399 6400 6289)
4(6399 6510 6511 6400)
4(6510 6621 6622 6511)
4(6621 6732 6733 6622)
4(6732 6843 6844 6733)
4(6843 6954 6955 6844)
4(6954 7065 7066 6955)
4(7065 7176 7177 7066)
4(7176 7287 7288 7177)
4(7287 7398 7399 7288)
4(7398 7509 7510 7399)
4(7509 7620 7621 7510)
4(7620 7731 7732 7621)
4(7731 7842 7843 7732)
4(7842 7953 7954 7843)
4(7953 8064 8065 7954)
4(8064 8175 8176 8065)
4(8175 8286 8287 8176)
4(8286 8397 8398 8287)
4(8397 8508 8509 8398)
4(8508 8619 8620 8509)
4(8619 8730 8731 8620)
4(8730 8841 8842 8731)
4(8841 8952 8953 8842)
4(8952 9063 9064 8953)
4(9063 9174 9175 9064)
4(9174 9285 9286 9175)
4(9285 9396 9397 9286)
4(9396 9507 9508 9397)
4(73 184 185 74)
4(184 295 296 185)
4(295 406 407 296)
4(406 517 518 407)
4(517 628 629 518)
4(628 739 740 629)
4(739 850 851 740)
4(850 961 962 851)
4(961 1072 1073 962)
4(1072 1183 1184 1073)
4(1183 1294 1295 1184)
4(1294 1405 1406 1295)
4(1405 1516 1517 1406)
4(1516 1627 1628 1517)
4(1627 1738 1739 1628)
4(1738 1849 1850 1739)
4(1849 1960 1961 1850)
4(1960 2071 2072 1961)
4(2071 2182 2183 2072)
4(2182 2293 2294 2183)
4(2293 2404 2405 2294)
4(2404 2515 2516 2405)
4(2515 2626 2627 2516)
4(2626 2737 2738 2627)
4(2737 2848 2849 2738)
4(2848 2959 2960 2849)
4(2959 3070 3071 2960)
4(3070 3181 3182 3071)
4(3181 3292 3293 3182)
4(3292 3403 3404 3293)
4(3403 3514 3515 3404)
4(3514 3625 3626 3515)
4(3625 3736 3737 3626)
4(3736 3847 3848 3737)
4(3847 3958 3959 3848)
4(3958 4069 4070 3959)
4(4069 4180 4181 4070)
4(4180 4291 4292 4181)
4(4291 4402 4403 4292)
4(4402 4513 4514 4403)
4(4513 4624 4625 4514)
4(4624 4735 4736 4625)
4(4735 4846 4847 4736)
4(4846 4957 4958 4847)
4(4957 5068 5069 4958)
4(5068 5179 5180 5069)
4(5179 5290 5291 5180)
4(5290 5401 5402 5291)
4(5401 5512 5513 5402)
4(5512 5623 5624 5513)
4(5623 5734 5735 5624)
4(5734 5845 5846 5735)
4(5845 5956 5957 5846)
4(5956 6067 6068 5957)
4(6067 6178 6179 6068)
4(6178 6289 6290 6179)
4(6289 6400 6401 6290)
4(6400 6511 6512 6401)
4(6511 6622 6623 6512)
4(6622 6733 6734 6623)
4(6733 6844 6845 6734)
4(6844 6955 6956 6845)
4(6955 7066 7067 6956)
4(7066 7177 7178 7067)
4(7177 7288 7289 7178)
4(7288 7399 7400 7289)
4(7399 7510 7511 7400)
4(7510 7621 7622 7511)
4(7621 7732 7733 7622)
4(7732 7843 7844 7733)
4(7843 7954 7955 7844)
4(7954 8065 8066 7955)
4(8065 8176 8177 8066)
4(8176 8287 8288 8177)
4(8287 8398 8399 8288)
4(8398 8509 8510 8399)
4(8509 8620 8621 8510)
4(8620 8731 8732 8621)
4(8731 8842 8843 8732)
4(8842 8953 8954 8843)
4(8953 9064 9065 8954)
4(9064 9175 9176 9065)
4(9175 9286 9287 9176)
4(9286 9397 9398 9287)
4(9397 9508 9509 9398)
4(74 185 186 75)
4(185 296 297 186)
4(296 407 408 297)
4(407 518 519 408)
4(518 629 630 519)
4(629 740 741 630)
4(740 851 852 741)
4(851 962 963 852)
4(962 1073 1074 963)
4(1073 1184 1185 1074)
4(1184 1295 1296 1185)
4(1295 1406 1407 1296)
4(1406 1517 1518 1407)
4(1517 1628 1629 1518)
4(1628 1739 1740 1629)
4(1739 1850 1851 1740)
4(1850 1961 1962 1851)
4(1961 2072 2073 1962)
4(2072 2183 2184 2073)
4(2183 2294 2295 2184)
4(2294 2405 2406 2295)
4(2405 2516 2517 2406)
4(2516 2627 2628 2517)
4(2627 2738 2739 2628)
4(2738 2849 2850 2739)
4(2849 2960 2961 2850)
4(2960 3071 3072 2961)
4(3071 3182 3183 3072)
4(3182 3293 3294 3183)
4(3293 3404 3405 3294)
4(3404 3515 3516 3405)
4(3515 3626 3627 3516)
4(3626 3737 3738 3627)
4(3737 3848 3849 3738)
4(3848 3959 3960 3849)
4(3959 4070 4071 3960)
4(4070 4181 4182 4071)
4(4181 4292 4293 4182)
4(4292 4403 4404 4293)
4(4403 4514 4515 4404)
4(4514 4625 4626 4515)
4(4625 4736 4737 4626)
4(4736 4847 4848 4737)
4(4847 4958 4959 4848)
4(4958 5069 5070 4959)
4(5069 5180 5181 5070)
4(5180 5291 5292 5181)
4(5291 5402 5403 5292)
4(5402 5513 5514 5403)
4(5513 5624 5625 5514)
4(5624 5735 5736 5625)
4(5735 5846 5847 5736)
4(5846 5957 5958 5847)
4(5957 6068 6069 5958)
4(6068 6179 6180 6069)
4(6179 6290 6291 6180)
4(6290 6401 6402 6291)
4(6401 6512 6513 6402)
4(6512 6623 6624 6513)
4(6623 6734 6735 6624)
4(6734 6845 6846 6735)
4(6845 6956 6957 6846)
4(6956 7067 7068 6957)
4(7067 7178 7179 7068)
4(7178 7289 7290 7179)
4(7289 7400 7401 7290)
4(7400 7511 7512 7401)
4(7511 7622 7623 7512)
4(7622 7733 7734 7623)
4(7733 7844 7845 7734)
4(7844 7955 7956 7845)
4(7955 8066 8067 7956)
4(8066 8177 8178 8067)
4(8177 8288 8289 8178)
4(8288 8399 8400 8289)
4(8399 8510 8511 8400)
4(8510 8621 8622 8511)
4(8621 8732 8733 8622)
4(8732 8843 8844 8733)
4(8843 8954 8955 8844)
4(8954 9065 9066 8955)
4(9065 9176 9177 9066)
4(9176 9287 9288 9177)
4(9287 9398 9399 9288)
4(9398 9509 9510 9399)
4(75 186 187 76)
4(186 297 298 187)
4(297 408 409 298)
4(408 519 520 409)
4(519 630 631 520)
4(630 741 742 631)
4(741 852 853 742)
4(852 963 964 853)
4(963 1074 1075 964)
4(1074 1185 1186 1075)
4(1185 1296 1297 1186)
4(1296 1407 1408 1297)
4(1407 1518 1519 1408)
4(1518 1629 1630 1519)
4(1629 1740 1741 1630)
4(1740 1851 1852 1741)
4(1851 1962 1963 1852)
4(1962 2073 2074 1963)
4(2073 2184 2185 2074)
4(2184 2295 2296 2185)
4(2295 2406 2407 2296)
4(2406 2517 2518 2407)
4(2517 2628 2629 2518)
4(2628 2739 2740 2629)
4(2739 2850 2851 2740)
4(2850 2961 2962 2851)
4(2961 3072 3073 2962)
4(3072 3183 3184 3073)
4(3183 3294 3295 3184)
4(3294 3405 3406 3295)
4(3405 3516 3517 3406)
4(3516 3627 3628 3517)
4(3627 3738 3739 3628)
4(3738 3849 3850 3739)
4(3849 3960 3961 3850)
4(3960 4071 4072 3961)
4(4071 4182 4183 4072)
4(4182 4293 4294 4183)
4(4293 4404 4405 4294)
4(4404 4515 4516 4405)
4(4515 4626 4627 4516)
4(4626 4737 4738 4627)
4(4737 4848 4849 4738)
4(4848 4959 4960 4849)
4(4959 5070 5071 4960)
4(5070 5181 5182 5071)
4(5181 5292 5293 5182)
4(5292 5403 5404 5293)
4(5403 5514 5515 5404)
4(5514 5625 5626 5515)
4(5625 5736 5737 5626)
4(5736 5847 5848 5737)
4(5847 5958 5959 5848)
4(5958 6069 6070 5959)
4(6069 6180 6181 6070)
4(6180 6291 6292 6181)
4(6291 6402 6403 6292)
4(6402 6513 6514 6403)
4(6513 6624 6625 6514)
4(6624 6735 6736 6625)
4(6735 6846 6847 6736)
4(6846 6957 6958 6847)
4(6957 7068 7069 6958)
4(7068 7179 7180 7069)
4(7179 7290 7291 7180)
4(7290 7401 7402 7291)
4(7401 7512 7513 7402)
4(7512 7623 7624 7513)
4(7623 7734 7735 7624)
4(7734 7845 7846 7735)
4(7845 7956 7957 7846)
4(7956 8067 8068 7957)
4(8067 8178 8179 8068)
4(8178 8289 8290 8179)
4(8289 8400 8401 8290)
4(8400 8511 8512 8401)
4(8511 8622 8623 8512)
4(8622 8733 8734 8623)
4(8733 8844 8845 8734)
4(8844 8955 8956 8845)
4(8955 9066 9067 8956)
4(9066 9177 9178 9067)
4(9177 9288 9289 9178)
4(9288 9399 9400 9289)
4(9399 9510 9511 9400)
4(76 187 188 77)
4(187 298 299 188)
4(298 409 410 299)
4(409 520 521 410)
4(520 631 632 521)
4(631 742 743 632)
4(742 853 854 743)
4(853 964 965 854)
4(964 1075 1076 965)
4(1075 1186 1187 1076)
4(1186 1297 1298 1187)
4(1297 1408 1409 1298)
4(1408 1519 1520 1409)
4(1519 1630 1631 1520)
4(1630 1741 1742 1631)
4(1741 1852 1853 1742)
4(1852 1963 1964 1853)
4(1963 2074 2075 1964)
4(2074 2185 2186 2075)
4(2185 2296 2297 2186)
4(2296 2407 2408 2297)
4(2407 2518 2519 2408)
4(2518 2629 2630 2519)
4(2629 2740 2741 2630)
4(2740 2851 2852 2741)
4(2851 2962 2963 2852)
4(2962 3073 3074 2963)
4(3073 3184 3185 3074)
4(3184 3295 3296 3185)
4(3295 3406 3407 3296)
4(3406 3517 3518 3407)
4(3517 3628 3629 3518)
4(3628 3739 3740 3629)
4(3739 3850 3851 3740)
4(3850 3961 3962 3851)
4(3961 4072 4073 3962)
4(4072 4183 4184 4073)
4(4183 4294 4295 4184)
4(4294 4405 4406 4295)
4(4405 4516 4517 4406)
4(4516 4627 4628 4517)
4(4627 4738 4739 4628)
4(4738 4849 4850 4739)
4(4849 4960 4961 4850)
4(4960 5071 5072 4961)
4(5071 5182 5183 5072)
4(5182 5293 5294 5183)
4(5293 5404 5405 5294)
4(5404 5515 5516 5405)
4(5515 5626 5627 5516)
4(5626 5737 5738 5627)
4(5737 5848 5849 5738)
4(5848 5959 5960 5849)
4(5959 6070 6071 5960)
4(6070 6181 6182 6071)
4(6181 6292 6293 6182)
4(6292 6403 6404 6293)
4(6403 6514 6515 6404)
4(6514 6625 6626 6515)
4(6625 6736 6737 6626)
4(6736 6847 6848 6737)
4(6847 6958 6959 6848)
4(6958 7069 7070 6959)
4(7069 7180 7181 7070)
4(7180 7291 7292 7181)
4(7291 7402 7403 7292)
4(7402 7513 7514 7403)
4(7513 7624 7625 7514)
4(7624 7735 7736 7625)
4(7735 7846 7847 7736)
4(7846 7957 7958 7847)
4(7957 8068 8069 7958)
4(8068 8179 8180 8069)
4(8179 8290 8291 8180)
4(8290 8401 8402 8291)
4(8401 8512 8513 8402)
4(8512 8623 8624 8513)
4(8623 8734 8735 8624)
4(8734 8845 8846 8735)
4(8845 8956 8957 8846)
4(8956 9067 9068 8957)
4(9067 9178 9179 9068)
4(9178 9289 9290 9179)
4(9289 9400 9401 9290)
4(9400 9511 9512 9401)
4(77 188 189 78)
4(188 299 300 189)
4(299 410 411 300)
4(410 521 522 411)
4(521 632 633 522)
4(632 743 744 633)
4(743 854 855 744)
4(854 965 966 855)
4(965 1076 1077 966)
4(1076 1187 1188 1077)
4(1187 1298 1299 1188)
4(1298 1409 1410 1299)
4(1409 1520 1521 1410)
4(1520 1631 1632 1521)
4(1631 1742 1743 1632)
4(1742 1853 1854 1743)
4(1853 1964 1965 1854)
4(1964 2075 2076 1965)
4(2075 2186 2187 2076)
4(2186 2297 2298 2187)
4(2297 2408 2409 2298)
4(2408 2519 2520 2409)
4(2519 2630 2631 2520)
4(2630 2741 2742 2631)
4(2741 2852 2853 2742)
4(2852 2963 2964 2853)
4(2963 3074 3075 2964)
4(3074 3185 3186 3075)
4(3185 3296 3297 3186)
4(3296 3407 3408 3297)
4(3407 3518 3519 3408)
4(3518 3629 3630 3519)
4(3629 3740 3741 3630)
4(3740 3851 3852 3741)
4(3851 3962 3963 3852)
4(3962 4073 4074 3963)
4(4073 4184 4185 4074)
4(4184 4295 4296 4185)
4(4295 4406 4407 4296)
4(4406 4517 4518 4407)
4(4517 4628 4629 4518)
4(4628 4739 4740 4629)
4(4739 4850 4851 4740)
4(4850 4961 4962 4851)
4(4961 5072 5073 4962)
4(5072 5183 5184 5073)
4(5183 5294 5295 5184)
4(5294 5405 5406 5295)
4(5405 5516 5517 5406)
4(5516 5627 5628 5517)
4(5627 5738 5739 5628)
4(5738 5849 5850 5739)
4(5849 5960 5961 5850)
4(5960 6071 6072 5961)
4(6071 6182 6183 6072)
4(6182 6293 6294 6183)
4(6293 6404 6405 6294)
4(6404 6515 6516 6405)
4(6515 6626 6627 6516)
4(6626 6737 6738 6627)
4(6737 6848 6849 6738)
4(6848 6959 6960 6849)
4(6959 7070 7071 6960)
4(7070 7181 7182 7071)
4(7181 7292 7293 7182)
4(7292 7403 7404 7293)
4(7403 7514 7515 7404)
4(7514 7625 7626 7515)
4(7625 7736 7737 7626)
4(7736 7847 7848 7737)
4(7847 7958 7959 7848)
4(7958 8069 8070 7959)
4(8069 8180 8181 8070)
4(8180 8291 8292 8181)
4(8291 8402 8403 8292)
4(8402 8513 8514 8403)
4(8513 8624 8625 8514)
4(8624 8735 8736 8625)
4(8735 8846 8847 8736)
4(8846 8957 8958 8847)
4(8957 9068 9069 8958)
4(9068 9179 9180 9069)
4(9179 9290 9291 9180)
4(9290 9401 9402 9291)
4(9401 9512 9513 9402)
4(78 189 190 79)
4(189 300 301 190)
4(300 411 412 301)
4(411 522 523 412)
4(522 633 634 523)
4(633 744 745 634)
4(744 855 856 745)
4(855 966 967 856)
4(966 1077 1078 967)
4(1077 1188 1189 1078)
4(1188 1299 1300 1189)
4(1299 1410 1411 1300)
4(1410 1521 1522 1411)
4(1521 1632 1633 1522)
4(1632 1743 1744 1633)
4(1743 1854 1855 1744)
4(1854 1965 1966 1855)
4(1965 2076 2077 1966)
4(2076 2187 2188 2077)
4(2187 2298 2299 2188)
4(2298 2409 2410 2299)
4(2409 2520 2521 2410)
4(2520 2631 2632 2521)
4(2631 2742 2743 2632)
4(2742 2853 2854 2743)
4(2853 2964 2965 2854)
4(2964 3075 3076 2965)
4(3075 3186 3187 3076)
4(3186 3297 3298 3187)
4(3297 3408 3409 3298)
4(3408 3519 3520 3409)
4(3519 3630 3631 3520)
4(3630 3741 3742 3631)
4(3741 3852 3853 3742)
4(3852 3963 3964 3853)
4(3963 4074 4075 3964)
4(4074 4185 4186 4075)
4(4185 4296 4297 4186)
4(4296 4407 4408 4297)
4(4407 4518 4519 4408)
4(4518 4629 4630 4519)
4(4629 4740 4741 4630)
4(4740 4851 4852 4741)
4(4851 4962 4963 4852)
4(4962 5073 5074 4963)
4(5073 5184 5185 5074)
4(5184 5295 5296 5185)
4(5295 5406 5407 5296)
4(5406 5517 5518 5407)
4(5517 5628 5629 5518)
4(5628 5739 5740 5629)
4(5739 5850 5851 5740)
4(5850 5961 5962 5851)
4(5961 6072 6073 5962)
4(6072 6183 6184 6073)
4(6183 6294 6295 6184)
4(6294 6405 6406 6295)
4(6405 6516 6517 6406)
4(6516 6627 6628 6517)
4(6627 6738 6739 6628)
4(6738 6849 6850 6739)
4(6849 6960 6961 6850)
4(6960 7071 7072 6961)
4(7071 7182 7183 7072)
4(7182 7293 7294 7183)
4(7293 7404 7405 7294)
4(7404 7515 7516 7405)
4(7515 7626 7627 7516)
4(7626 7737 7738 7627)
4(7737 7848 7849 7738)
4(7848 7959 7960 7849)
4(7959 8070 8071 7960)
4(8070 8181 8182 8071)
4(8181 8292 8293 8182)
4(8292 8403 8404 8293)
4(8403 8514 8515 8404)
4(8514 8625 8626 8515)
4(8625 8736 8737 8626)
4(8736 8847 8848 8737)
4(8847 8958 8959 8848)
4(8958 9069 9070 8959)
4(9069 9180 9181 9070)
4(9180 9291 9292 9181)
4(9291 9402 9403 9292)
4(9402 9513 9514 9403)
4(79 190 191 80)
4(190 301 302 191)
4(301 412 413 302)
4(412 523 524 413)
4(523 634 635 524)
4(634 745 746 635)
4(745 856 857 746)
4(856 967 968 857)
4(967 1078 1079 968)
4(1078 1189 1190 1079)
4(1189 1300 1301 1190)
4(1300 1411 1412 1301)
4(1411 1522 1523 1412)
4(1522 1633 1634 1523)
4(1633 1744 1745 1634)
4(1744 1855 1856 1745)
4(1855 1966 1967 1856)
4(1966 2077 2078 1967)
4(2077 2188 2189 2078)
4(2188 2299 2300 2189)
4(2299 2410 2411 2300)
4(2410 2521 2522 2411)
4(2521 2632 2633 2522)
4(2632 2743 2744 2633)
4(2743 2854 2855 2744)
4(2854 2965 2966 2855)
4(2965 3076 3077 2966)
4(3076 3187 3188 3077)
4(3187 3298 3299 3188)
4(3298 3409 3410 3299)
4(3409 3520 3521 3410)
4(3520 3631 3632 3521)
4(3631 3742 3743 3632)
4(3742 3853 3854 3743)
4(3853 3964 3965 3854)
4(3964 4075 4076 3965)
4(4075 4186 4187 4076)
4(4186 4297 4298 4187)
4(4297 4408 4409 4298)
4(4408 4519 4520 4409)
4(4519 4630 4631 4520)
4(4630 4741 4742 4631)
4(4741 4852 4853 4742)
4(4852 4963 4964 4853)
4(4963 5074 5075 4964)
4(5074 5185 5186 5075)
4(5185 5296 5297 5186)
4(5296 5407 5408 5297)
4(5407 5518 5519 5408)
4(5518 5629 5630 5519)
4(5629 5740 5741 5630)
4(5740 5851 5852 5741)
4(5851 5962 5963 5852)
4(5962 6073 6074 5963)
4(6073 6184 6185 6074)
4(6184 6295 6296 6185)
4(6295 6406 6407 6296)
4(6406 6517 6518 6407)
4(6517 6628 6629 6518)
4(6628 6739 6740 6629)
4(6739 6850 6851 6740)
4(6850 6961 6962 6851)
4(6961 7072 7073 6962)
4(7072 7183 7184 7073)
4(7183 7294 7295 7184)
4(7294 7405 7406 7295)
4(7405 7516 7517 7406)
4(7516 7627 7628 7517)
4(7627 7738 7739 7628)
4(7738 7849 7850 7739)
4(7849 7960 7961 7850)
4(7960 8071 8072 7961)
4(8071 8182 8183 8072)
4(8182 8293 8294 8183)
4(8293 8404 8405 8294)
4(8404 8515 8516 8405)
4(8515 8626 8627 8516)
4(8626 8737 8738 8627)
4(8737 8848 8849 8738)
4(8848 8959 8960 8849)
4(8959 9070 9071 8960)
4(9070 9181 9182 9071)
4(9181 9292 9293 9182)
4(9292 9403 9404 9293)
4(9403 9514 9515 9404)
4(80 191 192 81)
4(191 302 303 192)
4(302 413 414 303)
4(413 524 525 414)
4(524 635 636 525)
4(635 746 747 636)
4(746 857 858 747)
4(857 968 969 858)
4(968 1079 1080 969)
4(1079 1190 1191 1080)
4(1190 1301 1302 1191)
4(1301 1412 1413 1302)
4(1412 1523 1524 1413)
4(1523 1634 1635 1524)
4(1634 1745 1746 1635)
4(1745 1856 1857 1746)
4(1856 1967 1968 1857)
4(1967 2078 2079 1968)
4(2078 2189 2190 2079)
4(2189 2300 2301 2190)
4(2300 2411 2412 2301)
4(2411 2522 2523 2412)
4(2522 2633 2634 2523)
4(2633 2744 2745 2634)
4(2744 2855 2856 2745)
4(2855 2966 2967 2856)
4(2966 3077 3078 2967)
4(3077 3188 3189 3078)
4(3188 3299 3300 3189)
4(3299 3410 3411 3300)
4(3410 3521 3522 3411)
4(3521 3632 3633 3522)
4(3632 3743 3744 3633)
4(3743 3854 3855 3744)
4(3854 3965 3966 3855)
4(3965 4076 4077 3966)
4(4076 4187 4188 4077)
4(4187 4298 4299 4188)
4(4298 4409 4410 4299)
4(4409 4520 4521 4410)
4(4520 4631 4632 4521)
4(4631 4742 4743 4632)
4(4742 4853 4854 4743)
4(4853 4964 4965 4854)
4(4964 5075 5076 4965)
4(5075 5186 5187 5076)
4(5186 5297 5298 5187)
4(5297 5408 5409 5298)
4(5408 5519 5520 5409)
4(5519 5630 5631 5520)
4(5630 5741 5742 5631)
4(5741 5852 5853 5742)
4(5852 5963 5964 5853)
4(5963 6074 6075 5964)
4(6074 6185 6186 6075)
4(6185 6296 6297 6186)
4(6296 6407 6408 6297)
4(6407 6518 6519 6408)
4(6518 6629 6630 6519)
4(6629 6740 6741 6630)
4(6740 6851 6852 6741)
4(6851 6962 6963 6852)
4(6962 7073 7074 6963)
4(7073 7184 7185 7074)
4(7184 7295 7296 7185)
4(7295 7406 7407 7296)
4(7406 7517 7518 7407)
4(7517 7628 7629 7518)
4(7628 7739 7740 7629)
4(7739 7850 7851 7740)
4(7850 7961 7962 7851)
4(7961 8072 8073 7962)
4(8072 8183 8184 8073)
4(8183 8294 8295 8184)
4(8294 8405 8406 8295)
4(8405 8516 8517 8406)
4(8516 8627 8628 8517)
4(8627 8738 8739 8628)
4(8738 8849 8850 8739)
4(8849 8960 8961 8850)
4(8960 9071 9072 8961)
4(9071 9182 9183 9072)
4(9182 9293 9294 9183)
4(9293 9404 9405 9294)
4(9404 9515 9516 9405)
4(81 192 193 82)
4(192 303 304 193)
4(303 414 415 304)
4(414 525 526 415)
4(525 636 637 526)
4(636 747 748 637)
4(747 858 859 748)
4(858 969 970 859)
4(969 1080 1081 970)
4(1080 1191 1192 1081)
4(1191 1302 1303 1192)
4(1302 1413 1414 1303)
4(1413 1524 1525 1414)
4(1524 1635 1636 1525)
4(1635 1746 1747 1636)
4(1746 1857 1858 1747)
4(1857 1968 1969 1858)
4(1968 2079 2080 1969)
4(2079 2190 2191 2080)
4(2190 2301 2302 2191)
4(2301 2412 2413 2302)
4(2412 2523 2524 2413)
4(2523 2634 2635 2524)
4(2634 2745 2746 2635)
4(2745 2856 2857 2746)
4(2856 2967 2968 2857)
4(2967 3078 3079 2968)
4(3078 3189 3190 3079)
4(3189 3300 3301 3190)
4(3300 3411 3412 3301)
4(3411 3522 3523 3412)
4(3522 3633 3634 3523)
4(3633 3744 3745 3634)
4(3744 3855 3856 3745)
4(3855 3966 3967 3856)
4(3966 4077 4078 3967)
4(4077 4188 4189 4078)
4(4188 4299 4300 4189)
4(4299 4410 4411 4300)
4(4410 4521 4522 4411)
4(4521 4632 4633 4522)
4(4632 4743 4744 4633)
4(4743 4854 4855 4744)
4(4854 4965 4966 4855)
4(4965 5076 5077 4966)
4(5076 5187 5188 5077)
4(5187 5298 5299 5188)
4(5298 5409 5410 5299)
4(5409 5520 5521 5410)
4(5520 5631 5632 5521)
4(5631 5742 5743 5632)
4(5742 5853 5854 5743)
4(5853 5964 5965 5854)
4(5964 6075 6076 5965)
4(6075 6186 6187 6076)
4(6186 6297 6298 6187)
4(6297 6408 6409 6298)
4(6408 6519 6520 6409)
4(6519 6630 6631 6520)
4(6630 6741 6742 6631)
4(6741 6852 6853 6742)
4(6852 6963 6964 6853)
4(6963 7074 7075 6964)
4(7074 7185 7186 7075)
4(7185 7296 7297 7186)
4(7296 7407 7408 7297)
4(7407 7518 7519 7408)
4(7518 7629 7630 7519)
4(7629 7740 7741 7630)
4(7740 7851 7852 7741)
4(7851 7962 7963 7852)
4(7962 8073 8074 7963)
4(8073 8184 8185 8074)
4(8184 8295 8296 8185)
4(8295 8406 8407 8296)
4(8406 8517 8518 8407)
4(8517 8628 8629 8518)
4(8628 8739 8740 8629)
4(8739 8850 8851 8740)
4(8850 8961 8962 8851)
4(8961 9072 9073 8962)
4(9072 9183 9184 9073)
4(9183 9294 9295 9184)
4(9294 9405 9406 9295)
4(9405 9516 9517 9406)
4(82 193 194 83)
4(193 304 305 194)
4(304 415 416 305)
4(415 526 527 416)
4(526 637 638 527)
4(637 748 749 638)
4(748 859 860 749)
4(859 970 971 860)
4(970 1081 1082 971)
4(1081 1192 1193 1082)
4(1192 1303 1304 1193)
4(1303 1414 1415 1304)
4(1414 1525 1526 1415)
4(1525 1636 1637 1526)
4(1636 1747 1748 1637)
4(1747 1858 1859 1748)
4(1858 1969 1970 1859)
4(1969 2080 2081 1970)
4(2080 2191 2192 2081)
4(2191 2302 2303 2192)
4(2302 2413 2414 2303)
4(2413 2524 2525 2414)
4(2524 2635 2636 2525)
4(2635 2746 2747 2636)
4(2746 2857 2858 2747)
4(2857 2968 2969 2858)
4(2968 3079 3080 2969)
4(3079 3190 3191 3080)
4(3190 3301 3302 3191)
4(3301 3412 3413 3302)
4(3412 3523 3524 3413)
4(3523 3634 3635 3524)
4(3634 3745 3746 3635)
4(3745 3856 3857 3746)
4(3856 3967 3968 3857)
4(3967 4078 4079 3968)
4(4078 4189 4190 4079)
4(4189 4300 4301 4190)
4(4300 4411 4412 4301)
4(4411 4522 4523 4412)
4(4522 4633 4634 4523)
4(4633 4744 4745 4634)
4(4744 4855 4856 4745)
4(4855 4966 4967 4856)
4(4966 5077 5078 4967)
4(5077 5188 5189 5078)
4(5188 5299 5300 5189)
4(5299 5410 5411 5300)
4(5410 5521 5522 5411)
4(5521 5632 5633 5522)
4(5632 5743 5744 5633)
4(5743 5854 5855 5744)
4(5854 5965 5966 5855)
4(5965 6076 6077 5966)
4(6076 6187 6188 6077)
4(6187 6298 6299 6188)
4(6298 6409 6410 6299)
4(6409 6520 6521 6410)
4(6520 6631 6632 6521)
4(6631 6742 6743 6632)
4(6742 6853 6854 6743)
4(6853 6964 6965 6854)
4(6964 7075 7076 6965)
4(7075 7186 7187 7076)
4(7186 7297 7298 7187)
4(7297 7408 7409 7298)
4(7408 7519 7520 7409)
4(7519 7630 7631 7520)
4(7630 7741 7742 7631)
4(7741 7852 7853 7742)
4(7852 7963 7964 7853)
4(7963 8074 8075 7964)
4(8074 8185 8186 8075)
4(8185 8296 8297 8186)
4(8296 8407 8408 8297)
4(8407 8518 8519 8408)
4(8518 8629 8630 8519)
4(8629 8740 8741 8630)
4(8740 8851 8852 8741)
4(8851 8962 8963 8852)
4(8962 9073 9074 8963)
4(9073 9184 9185 9074)
4(9184 9295 9296 9185)
4(9295 9406 9407 9296)
4(9406 9517 9518 9407)
4(83 194 195 84)
4(194 305 306 195)
4(305 416 417 306)
4(416 527 528 417)
4(527 638 639 528)
4(638 749 750 639)
4(749 860 861 750)
4(860 971 972 861)
4(971 1082 1083 972)
4(1082 1193 1194 1083)
4(1193 1304 1305 1194)
4(1304 1415 1416 1305)
4(1415 1526 1527 1416)
4(1526 1637 1638 1527)
4(1637 1748 1749 1638)
4(1748 1859 1860 1749)
4(1859 1970 1971 1860)
4(1970 2081 2082 1971)
4(2081 2192 2193 2082)
4(2192 2303 2304 2193)
4(2303 2414 2415 2304)
4(2414 2525 2526 2415)
4(2525 2636 2637 2526)
4(2636 2747 2748 2637)
4(2747 2858 2859 2748)
4(2858 2969 2970 2859)
4(2969 3080 3081 2970)
4(3080 3191 3192 3081)
4(3191 3302 3303 3192)
4(3302 3413 3414 3303)
4(3413 3524 3525 3414)
4(3524 3635 3636 3525)
4(3635 3746 3747 3636)
4(3746 3857 3858 3747)
4(3857 3968 3969 3858)
4(3968 4079 4080 3969)
4(4079 4190 4191 4080)
4(4190 4301 4302 4191)
4(4301 4412 4413 4302)
4(4412 4523 4524 4413)
4(4523 4634 4635 4524)
4(4634 4745 4746 4635)
4(4745 4856 4857 4746)
4(4856 4967 4968 4857)
4(4967 5078 5079 4968)
4(5078 5189 5190 5079)
4(5189 5300 5301 5190)
4(5300 5411 5412 5301)
4(5411 5522 5523 5412)
4(5522 5633 5634 5523)
4(5633 5744 5745 5634)
4(5744 5855 5856 5745)
4(5855 5966 5967 5856)
4(5966 6077 6078 5967)
4(6077 6188 6189 6078)
4(6188 6299 6300 6189)
4(6299 6410 6411 6300)
4(6410 6521 6522 6411)
4(6521 6632 6633 6522)
4(6632 6743 6744 6633)
4(6743 6854 6855 6744)
4(6854 6965 6966 6855)
4(6965 7076 7077 6966)
4(7076 7187 7188 7077)
4(7187 7298 7299 7188)
4(7298 7409 7410 7299)
4(7409 7520 7521 7410)
4(7520 7631 7632 7521)
4(7631 7742 7743 7632)
4(7742 7853 7854 7743)
4(7853 7964 7965 7854)
4(7964 8075 8076 7965)
4(8075 8186 8187 8076)
4(8186 8297 8298 8187)
4(8297 8408 8409 8298)
4(8408 8519 8520 8409)
4(8519 8630 8631 8520)
4(8630 8741 8742 8631)
4(8741 8852 8853 8742)
4(8852 8963 8964 8853)
4(8963 9074 9075 8964)
4(9074 9185 9186 9075)
4(9185 9296 9297 9186)
4(9296 9407 9408 9297)
4(9407 9518 9519 9408)
4(84 195 196 85)
4(195 306 307 196)
4(306 417 418 307)
4(417 528 529 418)
4(528 639 640 529)
4(639 750 751 640)
4(750 861 862 751)
4(861 972 973 862)
4(972 1083 1084 973)
4(1083 1194 1195 1084)
4(1194 1305 1306 1195)
4(1305 1416 1417 1306)
4(1416 1527 1528 1417)
4(1527 1638 1639 1528)
4(1638 1749 1750 1639)
4(1749 1860 1861 1750)
4(1860 1971 1972 1861)
4(1971 2082 2083 1972)
4(2082 2193 2194 2083)
4(2193 2304 2305 2194)
4(2304 2415 2416 2305)
4(2415 2526 2527 2416)
4(2526 2637 2638 2527)
4(2637 2748 2749 2638)
4(2748 2859 2860 2749)
4(2859 2970 2971 2860)
4(2970 3081 3082 2971)
4(3081 3192 3193 3082)
4(3192 3303 3304 3193)
4(3303 3414 3415 3304)
4(3414 3525 3526 3415)
4(3525 3636 3637 3526)
4(3636 3747 3748 3637)
4(3747 3858 3859 3748)
4(3858 3969 3970 3859)
4(3969 4080 4081 3970)
4(4080 4191 4192 4081)
4(4191 4302 4303 4192)
4(4302 4413 4414 4303)
4(4413 4524 4525 4414)
4(4524 4635 4636 4525)
4(4635 4746 4747 4636)
4(4746 4857 4858 4747)
4(4857 4968 4969 4858)
4(4968 5079 5080 4969)
4(5079 5190 5191 5080)
4(5190 5301 5302 5191)
4(5301 5412 5413 5302)
4(5412 5523 5524 5413)
4(5523 5634 5635 5524)
4(5634 5745 5746 5635)
4(5745 5856 5857 5746)
4(5856 5967 5968 5857)
4(5967 6078 6079 5968)
4(6078 6189 6190 6079)
4(6189 6300 6301 6190)
4(6300 6411 6412 6301)
4(6411 6522 6523 6412)
4(6522 6633 6634 6523)
4(6633 6744 6745 6634)
4(6744 6855 6856 6745)
4(6855 6966 6967 6856)
4(6966 7077 7078 6967)
4(7077 7188 7189 7078)
4(7188 7299 7300 7189)
4(7299 7410 7411 7300)
4(7410 7521 7522 7411)
4(7521 7632 7633 7522)
4(7632 7743 7744 7633)
4(7743 7854 7855 7744)
4(7854 7965 7966 7855)
4(7965 8076 8077 7966)
4(8076 8187 8188 8077)
4(8187 8298 8299 8188)
4(8298 8409 8410 8299)
4(8409 8520 8521 8410)
4(8520 8631 8632 8521)
4(8631 8742 8743 8632)
4(8742 8853 8854 8743)
4(8853 8964 8965 8854)
4(8964 9075 9076 8965)
4(9075 9186 9187 9076)
4(9186 9297 9298 9187)
4(9297 9408 9409 9298)
4(9408 9519 9520 9409)
4(85 196 197 86)
4(196 307 308 197)
4(307 418 419 308)
4(418 529 530 419)
4(529 640 641 530)
4(640 751 752 641)
4(751 862 863 752)
4(862 973 974 863)
4(973 1084 1085 974)
4(1084 1195 1196 1085)
4(1195 1306 1307 1196)
4(1306 1417 1418 1307)
4(1417 1528 1529 1418)
4(1528 1639 1640 1529)
4(1639 1750 1751 1640)
4(1750 1861 1862 1751)
4(1861 1972 1973 1862)
4(1972 2083 2084 1973)
4(2083 2194 2195 2084)
4(2194 2305 2306 2195)
4(2305 2416 2417 2306)
4(2416 2527 2528 2417)
4(2527 2638 2639 2528)
4(2638 2749 2750 2639)
4(2749 2860 2861 2750)
4(2860 2971 2972 2861)
4(2971 3082 3083 2972)
4(3082 3193 3194 3083)
4(3193 3304 3305 3194)
4(3304 3415 3416 3305)
4(3415 3526 3527 3416)
4(3526 3637 3638 3527)
4(3637 3748 3749 3638)
4(3748 3859 3860 3749)
4(3859 3970 3971 3860)
4(3970 4081 4082 3971)
4(4081 4192 4193 4082)
4(4192 4303 4304 4193)
4(4303 4414 4415 4304)
4(4414 4525 4526 4415)
4(4525 4636 4637 4526)
4(4636 4747 4748 4637)
4(4747 4858 4859 4748)
4(4858 4969 4970 4859)
4(4969 5080 5081 4970)
4(5080 5191 5192 5081)
4(5191 5302 5303 5192)
4(5302 5413 5414 5303)
4(5413 5524 5525 5414)
4(5524 5635 5636 5525)
4(5635 5746 5747 5636)
4(5746 5857 5858 5747)
4(5857 5968 5969 5858)
4(5968 6079 6080 5969)
4(6079 6190 6191 6080)
4(6190 6301 6302 6191)
4(6301 6412 6413 6302)
4(6412 6523 6524 6413)
4(6523 6634 6635 6524)
4(6634 6745 6746 6635)
4(6745 6856 6857 6746)
4(6856 6967 6968 6857)
4(6967 7078 7079 6968)
4(7078 7189 7190 7079)
4(7189 7300 7301 7190)
4(7300 7411 7412 7301)
4(7411 7522 7523 7412)
4(7522 7633 7634 7523)
4(7633 7744 7745 7634)
4(7744 7855 7856 7745)
4(7855 7966 7967 7856)
4(7966 8077 8078 7967)
4(8077 8188 8189 8078)
4(8188 8299 8300 8189)
4(8299 8410 8411 8300)
4(8410 8521 8522 8411)
4(8521 8632 8633 8522)
4(8632 8743 8744 8633)
4(8743 8854 8855 8744)
4(8854 8965 8966 8855)
4(8965 9076 9077 8966)
4(9076 9187 9188 9077)
4(9187 9298 9299 9188)
4(9298 9409 9410 9299)
4(9409 9520 9521 9410)
4(86 197 198 87)
4(197 308 309 198)
4(308 419 420 309)
4(419 530 531 420)
4(530 641 642 531)
4(641 752 753 642)
4(752 863 864 753)
4(863 974 975 864)
4(974 1085 1086 975)
4(1085 1196 1197 1086)
4(1196 1307 1308 1197)
4(1307 1418 1419 1308)
4(1418 1529 1530 1419)
4(1529 1640 1641 1530)
4(1640 1751 1752 1641)
4(1751 1862 1863 1752)
4(1862 1973 1974 1863)
4(1973 2084 2085 1974)
4(2084 2195 2196 2085)
4(2195 2306 2307 2196)
4(2306 2417 2418 2307)
4(2417 2528 2529 2418)
4(2528 2639 2640 2529)
4(2639 2750 2751 2640)
4(2750 2861 2862 2751)
4(2861 2972 2973 2862)
4(2972 3083 3084 2973)
4(3083 3194 3195 3084)
4(3194 3305 3306 3195)
4(3305 3416 3417 3306)
4(3416 3527 3528 3417)
4(3527 3638 3639 3528)
4(3638 3749 3750 3639)
4(3749 3860 3861 3750)
4(3860 3971 3972 3861)
4(3971 4082 4083 3972)
4(4082 4193 4194 4083)
4(4193 4304 4305 4194)
4(4304 4415 4416 4305)
4(4415 4526 4527 4416)
4(4526 4637 4638 4527)
4(4637 4748 4749 4638)
4(4748 4859 4860 4749)
4(4859 4970 4971 4860)
4(4970 5081 5082 4971)
4(5081 5192 5193 5082)
4(5192 5303 5304 5193)
4(5303 5414 5415 5304)
4(5414 5525 5526 5415)
4(5525 5636 5637 5526)
4(5636 5747 5748 5637)
4(5747 5858 5859 5748)
4(5858 5969 5970 5859)
4(5969 6080 6081 5970)
4(6080 6191 6192 6081)
4(6191 6302 6303 6192)
4(6302 6413 6414 6303)
4(6413 6524 6525 6414)
4(6524 6635 6636 6525)
4(6635 6746 6747 6636)
4(6746 6857 6858 6747)
4(6857 6968 6969 6858)
4(6968 7079 7080 6969)
4(7079 7190 7191 7080)
4(7190 7301 7302 7191)
4(7301 7412 7413 7302)
4(7412 7523 7524 7413)
4(7523 7634 7635 7524)
4(7634 7745 7746 7635)
4(7745 7856 7857 7746)
4(7856 7967 7968 7857)
4(7967 8078 8079 7968)
4(8078 8189 8190 8079)
4(8189 8300 8301 8190)
4(8300 8411 8412 8301)
4(8411 8522 8523 8412)
4(8522 8633 8634 8523)
4(8633 8744 8745 8634)
4(8744 8855 8856 8745)
4(8855 8966 8967 8856)
4(8966 9077 9078 8967)
4(9077 9188 9189 9078)
4(9188 9299 9300 9189)
4(9299 9410 9411 9300)
4(9410 9521 9522 9411)
4(87 198 199 88)
4(198 309 310 199)
4(309 420 421 310)
4(420 531 532 421)
4(531 642 643 532)
4(642 753 754 643)
4(753 864 865 754)
4(864 975 976 865)
4(975 1086 1087 976)
4(1086 1197 1198 1087)
4(1197 1308 1309 1198)
4(1308 1419 1420 1309)
4(1419 1530 1531 1420)
4(1530 1641 1642 1531)
4(1641 1752 1753 1642)
4(1752 1863 1864 1753)
4(1863 1974 1975 1864)
4(1974 2085 2086 1975)
4(2085 2196 2197 2086)
4(2196 2307 2308 2197)
4(2307 2418 2419 2308)
4(2418 2529 2530 2419)
4(2529 2640 2641 2530)
4(2640 2751 2752 2641)
4(2751 2862 2863 2752)
4(2862 2973 2974 2863)
4(2973 3084 3085 2974)
4(3084 3195 3196 3085)
4(3195 3306 3307 3196)
4(3306 3417 3418 3307)
4(3417 3528 3529 3418)
4(3528 3639 3640 3529)
4(3639 3750 3751 3640)
4(3750 3861 3862 3751)
4(3861 3972 3973 3862)
4(3972 4083 4084 3973)
4(4083 4194 4195 4084)
4(4194 4305 4306 4195)
4(4305 4416 4417 4306)
4(4416 4527 4528 4417)
4(4527 4638 4639 4528)
4(4638 4749 4750 4639)
4(4749 4860 4861 4750)
4(4860 4971 4972 4861)
4(4971 5082 5083 4972)
4(5082 5193 5194 5083)
4(5193 5304 5305 5194)
4(5304 5415 5416 5305)
4(5415 5526 5527 5416)
4(5526 5637 5638 5527)
4(5637 5748 5749 5638)
4(5748 5859 5860 5749)
4(5859 5970 5971 5860)
4(5970 6081 6082 5971)
4(6081 6192 6193 6082)
4(6192 6303 6304 6193)
4(6303 6414 6415 6304)
4(6414 6525 6526 6415)
4(6525 6636 6637 6526)
4(6636 6747 6748 6637)
4(6747 6858 6859 6748)
4(6858 6969 6970 6859)
4(6969 7080 7081 6970)
4(7080 7191 7192 7081)
4(7191 7302 7303 7192)
4(7302 7413 7414 7303)
4(7413 7524 7525 7414)
4(7524 7635 7636 7525)
4(7635 7746 7747 7636)
4(7746 7857 7858 7747)
4(7857 7968 7969 7858)
4(7968 8079 8080 7969)
4(8079 8190 8191 8080)
4(8190 8301 8302 8191)
4(8301 8412 8413 8302)
4(8412 8523 8524 8413)
4(8523 8634 8635 8524)
4(8634 8745 8746 8635)
4(8745 8856 8857 8746)
4(8856 8967 8968 8857)
4(8967 9078 9079 8968)
4(9078 9189 9190 9079)
4(9189 9300 9301 9190)
4(9300 9411 9412 9301)
4(9411 9522 9523 9412)
4(88 199 200 89)
4(199 310 311 200)
4(310 421 422 311)
4(421 532 533 422)
4(532 643 644 533)
4(643 754 755 644)
4(754 865 866 755)
4(865 976 977 866)
4(976 1087 1088 977)
4(1087 1198 1199 1088)
4(1198 1309 1310 1199)
4(1309 1420 1421 1310)
4(1420 1531 1532 1421)
4(1531 1642 1643 1532)
4(1642 1753 1754 1643)
4(1753 1864 1865 1754)
4(1864 1975 1976 1865)
4(1975 2086 2087 1976)
4(2086 2197 2198 2087)
4(2197 2308 2309 2198)
4(2308 2419 2420 2309)
4(2419 2530 2531 2420)
4(2530 2641 2642 2531)
4(2641 2752 2753 2642)
4(2752 2863 2864 2753)
4(2863 2974 2975 2864)
4(2974 3085 3086 2975)
4(3085 3196 3197 3086)
4(3196 3307 3308 3197)
4(3307 3418 3419 3308)
4(3418 3529 3530 3419)
4(3529 3640 3641 3530)
4(3640 3751 3752 3641)
4(3751 3862 3863 3752)
4(3862 3973 3974 3863)
4(3973 4084 4085 3974)
4(4084 4195 4196 4085)
4(4195 4306 4307 4196)
4(4306 4417 4418 4307)
4(4417 4528 4529 4418)
4(4528 4639 4640 4529)
4(4639 4750 4751 4640)
4(4750 4861 4862 4751)
4(4861 4972 4973 4862)
4(4972 5083 5084 4973)
4(5083 5194 5195 5084)
4(5194 5305 5306 5195)
4(5305 5416 5417 5306)
4(5416 5527 5528 5417)
4(5527 5638 5639 5528)
4(5638 5749 5750 5639)
4(5749 5860 5861 5750)
4(5860 5971 5972 5861)
4(5971 6082 6083 5972)
4(6082 6193 6194 6083)
4(6193 6304 6305 6194)
4(6304 6415 6416 6305)
4(6415 6526 6527 6416)
4(6526 6637 6638 6527)
4(6637 6748 6749 6638)
4(6748 6859 6860 6749)
4(6859 6970 6971 6860)
4(6970 7081 7082 6971)
4(7081 7192 7193 7082)
4(7192 7303 7304 7193)
4(7303 7414 7415 7304)
4(7414 7525 7526 7415)
4(7525 7636 7637 7526)
4(7636 7747 7748 7637)
4(7747 7858 7859 7748)
4(7858 7969 7970 7859)
4(7969 8080 8081 7970)
4(8080 8191 8192 8081)
4(8191 8302 8303 8192)
4(8302 8413 8414 8303)
4(8413 8524 8525 8414)
4(8524 8635 8636 8525)
4(8635 8746 8747 8636)
4(8746 8857 8858 8747)
4(8857 8968 8969 8858)
4(8968 9079 9080 8969)
4(9079 9190 9191 9080)
4(9190 9301 9302 9191)
4(9301 9412 9413 9302)
4(9412 9523 9524 9413)
4(89 200 201 90)
4(200 311 312 201)
4(311 422 423 312)
4(422 533 534 423)
4(533 644 645 534)
4(644 755 756 645)
4(755 866 867 756)
4(866 977 978 867)
4(977 1088 1089 978)
4(1088 1199 1200 1089)
4(1199 1310 1311 1200)
4(1310 1421 1422 1311)
4(1421 1532 1533 1422)
4(1532 1643 1644 1533)
4(1643 1754 1755 1644)
4(1754 1865 1866 1755)
4(1865 1976 1977 1866)
4(1976 2087 2088 1977)
4(2087 2198 2199 2088)
4(2198 2309 2310 2199)
4(2309 2420 2421 2310)
4(2420 2531 2532 2421)
4(2531 2642 2643 2532)
4(2642 2753 2754 2643)
4(2753 2864 2865 2754)
4(2864 2975 2976 2865)
4(2975 3086 3087 2976)
4(3086 3197 3198 3087)
4(3197 3308 3309 3198)
4(3308 3419 3420 3309)
4(3419 3530 3531 3420)
4(3530 3641 3642 3531)
4(3641 3752 3753 3642)
4(3752 3863 3864 3753)
4(3863 3974 3975 3864)
4(3974 4085 4086 3975)
4(4085 4196 4197 4086)
4(4196 4307 4308 4197)
4(4307 4418 4419 4308)
4(4418 4529 4530 4419)
4(4529 4640 4641 4530)
4(4640 4751 4752 4641)
4(4751 4862 4863 4752)
4(4862 4973 4974 4863)
4(4973 5084 5085 4974)
4(5084 5195 5196 5085)
4(5195 5306 5307 5196)
4(5306 5417 5418 5307)
4(5417 5528 5529 5418)
4(5528 5639 5640 5529)
4(5639 5750 5751 5640)
4(5750 5861 5862 5751)
4(5861 5972 5973 5862)
4(5972 6083 6084 5973)
4(6083 6194 6195 6084)
4(6194 6305 6306 6195)
4(6305 6416 6417 6306)
4(6416 6527 6528 6417)
4(6527 6638 6639 6528)
4(6638 6749 6750 6639)
4(6749 6860 6861 6750)
4(6860 6971 6972 6861)
4(6971 7082 7083 6972)
4(7082 7193 7194 7083)
4(7193 7304 7305 7194)
4(7304 7415 7416 7305)
4(7415 7526 7527 7416)
4(7526 7637 7638 7527)
4(7637 7748 7749 7638)
4(7748 7859 7860 7749)
4(7859 7970 7971 7860)
4(7970 8081 8082 7971)
4(8081 8192 8193 8082)
4(8192 8303 8304 8193)
4(8303 8414 8415 8304)
4(8414 8525 8526 8415)
4(8525 8636 8637 8526)
4(8636 8747 8748 8637)
4(8747 8858 8859 8748)
4(8858 8969 8970 8859)
4(8969 9080 9081 8970)
4(9080 9191 9192 9081)
4(9191 9302 9303 9192)
4(9302 9413 9414 9303)
4(9413 9524 9525 9414)
4(90 201 202 91)
4(201 312 313 202)
4(312 423 424 313)
4(423 534 535 424)
4(534 645 646 535)
4(645 756 757 646)
4(756 867 868 757)
4(867 978 979 868)
4(978 1089 1090 979)
4(1089 1200 1201 1090)
4(1200 1311 1312 1201)
4(1311 1422 1423 1312)
4(1422 1533 1534 1423)
4(1533 1644 1645 1534)
4(1644 1755 1756 1645)
4(1755 1866 1867 1756)
4(1866 1977 1978 1867)
4(1977 2088 2089 1978)
4(2088 2199 2200 2089)
4(2199 2310 2311 2200)
4(2310 2421 2422 2311)
4(2421 2532 2533 2422)
4(2532 2643 2644 2533)
4(2643 2754 2755 2644)
4(2754 2865 2866 2755)
4(2865 2976 2977 2866)
4(2976 3087 3088 2977)
4(3087 3198 3199 3088)
4(3198 3309 3310 3199)
4(3309 3420 3421 3310)
4(3420 3531 3532 3421)
4(3531 3642 3643 3532)
4(3642 3753 3754 3643)
4(3753 3864 3865 3754)
4(3864 3975 3976 3865)
4(3975 4086 4087 3976)
4(4086 4197 4198 4087)
4(4197 4308 4309 4198)
4(4308 4419 4420 4309)
4(4419 4530 4531 4420)
4(4530 4641 4642 4531)
4(4641 4752 4753 4642)
4(4752 4863 4864 4753)
4(4863 4974 4975 4864)
4(4974 5085 5086 4975)
4(5085 5196 5197 5086)
4(5196 5307 5308 5197)
4(5307 5418 5419 5308)
4(5418 5529 5530 5419)
4(5529 5640 5641 5530)
4(5640 5751 5752 5641)
4(5751 5862 5863 5752)
4(5862 5973 5974 5863)
4(5973 6084 6085 5974)
4(6084 6195 6196 6085)
4(6195 6306 6307 6196)
4(6306 6417 6418 6307)
4(6417 6528 6529 6418)
4(6528 6639 6640 6529)
4(6639 6750 6751 6640)
4(6750 6861 6862 6751)
4(6861 6972 6973 6862)
4(6972 7083 7084 6973)
4(7083 7194 7195 7084)
4(7194 7305 7306 7195)
4(7305 7416 7417 7306)
4(7416 7527 7528 7417)
4(7527 7638 7639 7528)
4(7638 7749 7750 7639)
4(7749 7860 7861 7750)
4(7860 7971 7972 7861)
4(7971 8082 8083 7972)
4(8082 8193 8194 8083)
4(8193 8304 8305 8194)
4(8304 8415 8416 8305)
4(8415 8526 8527 8416)
4(8526 8637 8638 8527)
4(8637 8748 8749 8638)
4(8748 8859 8860 8749)
4(8859 8970 8971 8860)
4(8970 9081 9082 8971)
4(9081 9192 9193 9082)
4(9192 9303 9304 9193)
4(9303 9414 9415 9304)
4(9414 9525 9526 9415)
4(91 202 203 92)
4(202 313 314 203)
4(313 424 425 314)
4(424 535 536 425)
4(535 646 647 536)
4(646 757 758 647)
4(757 868 869 758)
4(868 979 980 869)
4(979 1090 1091 980)
4(1090 1201 1202 1091)
4(1201 1312 1313 1202)
4(1312 1423 1424 1313)
4(1423 1534 1535 1424)
4(1534 1645 1646 1535)
4(1645 1756 1757 1646)
4(1756 1867 1868 1757)
4(1867 1978 1979 1868)
4(1978 2089 2090 1979)
4(2089 2200 2201 2090)
4(2200 2311 2312 2201)
4(2311 2422 2423 2312)
4(2422 2533 2534 2423)
4(2533 2644 2645 2534)
4(2644 2755 2756 2645)
4(2755 2866 2867 2756)
4(2866 2977 2978 2867)
4(2977 3088 3089 2978)
4(3088 3199 3200 3089)
4(3199 3310 3311 3200)
4(3310 3421 3422 3311)
4(3421 3532 3533 3422)
4(3532 3643 3644 3533)
4(3643 3754 3755 3644)
4(3754 3865 3866 3755)
4(3865 3976 3977 3866)
4(3976 4087 4088 3977)
4(4087 4198 4199 4088)
4(4198 4309 4310 4199)
4(4309 4420 4421 4310)
4(4420 4531 4532 4421)
4(4531 4642 4643 4532)
4(4642 4753 4754 4643)
4(4753 4864 4865 4754)
4(4864 4975 4976 4865)
4(4975 5086 5087 4976)
4(5086 5197 5198 5087)
4(5197 5308 5309 5198)
4(5308 5419 5420 5309)
4(5419 5530 5531 5420)
4(5530 5641 5642 5531)
4(5641 5752 5753 5642)
4(5752 5863 5864 5753)
4(5863 5974 5975 5864)
4(5974 6085 6086 5975)
4(6085 6196 6197 6086)
4(6196 6307 6308 6197)
4(6307 6418 6419 6308)
4(6418 6529 6530 6419)
4(6529 6640 6641 6530)
4(6640 6751 6752 6641)
4(6751 6862 6863 6752)
4(6862 6973 6974 6863)
4(6973 7084 7085 6974)
4(7084 7195 7196 7085)
4(7195 7306 7307 7196)
4(7306 7417 7418 7307)
4(7417 7528 7529 7418)
4(7528 7639 7640 7529)
4(7639 7750 7751 7640)
4(7750 7861 7862 7751)
4(7861 7972 7973 7862)
4(7972 8083 8084 7973)
4(8083 8194 8195 8084)
4(8194 8305 8306 8195)
4(8305 8416 8417 8306)
4(8416 8527 8528 8417)
4(8527 8638 8639 8528)
4(8638 8749 8750 8639)
4(8749 8860 8861 8750)
4(8860 8971 8972 8861)
4(8971 9082 9083 8972)
4(9082 9193 9194 9083)
4(9193 9304 9305 9194)
4(9304 9415 9416 9305)
4(9415 9526 9527 9416)
4(92 203 204 93)
4(203 314 315 204)
4(314 425 426 315)
4(425 536 537 426)
4(536 647 648 537)
4(647 758 759 648)
4(758 869 870 759)
4(869 980 981 870)
4(980 1091 1092 981)
4(1091 1202 1203 1092)
4(1202 1313 1314 1203)
4(1313 1424 1425 1314)
4(1424 1535 1536 1425)
4(1535 1646 1647 1536)
4(1646 1757 1758 1647)
4(1757 1868 1869 1758)
4(1868 1979 1980 1869)
4(1979 2090 2091 1980)
4(2090 2201 2202 2091)
4(2201 2312 2313 2202)
4(2312 2423 2424 2313)
4(2423 2534 2535 2424)
4(2534 2645 2646 2535)
4(2645 2756 2757 2646)
4(2756 2867 2868 2757)
4(2867 2978 2979 2868)
4(2978 3089 3090 2979)
4(3089 3200 3201 3090)
4(3200 3311 3312 3201)
4(3311 3422 3423 3312)
4(3422 3533 3534 3423)
4(3533 3644 3645 3534)
4(3644 3755 3756 3645)
4(3755 3866 3867 3756)
4(3866 3977 3978 3867)
4(3977 4088 4089 3978)
4(4088 4199 4200 4089)
4(4199 4310 4311 4200)
4(4310 4421 4422 4311)
4(4421 4532 4533 4422)
4(4532 4643 4644 4533)
4(4643 4754 4755 4644)
4(4754 4865 4866 4755)
4(4865 4976 4977 4866)
4(4976 5087 5088 4977)
4(5087 5198 5199 5088)
4(5198 5309 5310 5199)
4(5309 5420 5421 5310)
4(5420 5531 5532 5421)
4(5531 5642 5643 5532)
4(5642 5753 5754 5643)
4(5753 5864 5865 5754)
4(5864 5975 5976 5865)
4(5975 6086 6087 5976)
4(6086 6197 6198 6087)
4(6197 6308 6309 6198)
4(6308 6419 6420 6309)
4(6419 6530 6531 6420)
4(6530 6641 6642 6531)
4(6641 6752 6753 6642)
4(6752 6863 6864 6753)
4(6863 6974 6975 6864)
4(6974 7085 7086 6975)
4(7085 7196 7197 7086)
4(7196 7307 7308 7197)
4(7307 7418 7419 7308)
4(7418 7529 7530 7419)
4(7529 7640 7641 7530)
4(7640 7751 7752 7641)
4(7751 7862 7863 7752)
4(7862 7973 7974 7863)
4(7973 8084 8085 7974)
4(8084 8195 8196 8085)
4(8195 8306 8307 8196)
4(8306 8417 8418 8307)
4(8417 8528 8529 8418)
4(8528 8639 8640 8529)
4(8639 8750 8751 8640)
4(8750 8861 8862 8751)
4(8861 8972 8973 8862)
4(8972 9083 9084 8973)
4(9083 9194 9195 9084)
4(9194 9305 9306 9195)
4(9305 9416 9417 9306)
4(9416 9527 9528 9417)
4(93 204 205 94)
4(204 315 316 205)
4(315 426 427 316)
4(426 537 538 427)
4(537 648 649 538)
4(648 759 760 649)
4(759 870 871 760)
4(870 981 982 871)
4(981 1092 1093 982)
4(1092 1203 1204 1093)
4(1203 1314 1315 1204)
4(1314 1425 1426 1315)
4(1425 1536 1537 1426)
4(1536 1647 1648 1537)
4(1647 1758 1759 1648)
4(1758 1869 1870 1759)
4(1869 1980 1981 1870)
4(1980 2091 2092 1981)
4(2091 2202 2203 2092)
4(2202 2313 2314 2203)
4(2313 2424 2425 2314)
4(2424 2535 2536 2425)
4(2535 2646 2647 2536)
4(2646 2757 2758 2647)
4(2757 2868 2869 2758)
4(2868 2979 2980 2869)
4(2979 3090 3091 2980)
4(3090 3201 3202 3091)
4(3201 3312 3313 3202)
4(3312 3423 3424 3313)
4(3423 3534 3535 3424)
4(3534 3645 3646 3535)
4(3645 3756 3757 3646)
4(3756 3867 3868 3757)
4(3867 3978 3979 3868)
4(3978 4089 4090 3979)
4(4089 4200 4201 4090)
4(4200 4311 4312 4201)
4(4311 4422 4423 4312)
4(4422 4533 4534 4423)
4(4533 4644 4645 4534)
4(4644 4755 4756 4645)
4(4755 4866 4867 4756)
4(4866 4977 4978 4867)
4(4977 5088 5089 4978)
4(5088 5199 5200 5089)
4(5199 5310 5311 5200)
4(5310 5421 5422 5311)
4(5421 5532 5533 5422)
4(5532 5643 5644 5533)
4(5643 5754 5755 5644)
4(5754 5865 5866 5755)
4(5865 5976 5977 5866)
4(5976 6087 6088 5977)
4(6087 6198 6199 6088)
4(6198 6309 6310 6199)
4(6309 6420 6421 6310)
4(6420 6531 6532 6421)
4(6531 6642 6643 6532)
4(6642 6753 6754 6643)
4(6753 6864 6865 6754)
4(6864 6975 6976 6865)
4(6975 7086 7087 6976)
4(7086 7197 7198 7087)
4(7197 7308 7309 7198)
4(7308 7419 7420 7309)
4(7419 7530 7531 7420)
4(7530 7641 7642 7531)
4(7641 7752 7753 7642)
4(7752 7863 7864 7753)
4(7863 7974 7975 7864)
4(7974 8085 8086 7975)
4(8085 8196 8197 8086)
4(8196 8307 8308 8197)
4(8307 8418 8419 8308)
4(8418 8529 8530 8419)
4(8529 8640 8641 8530)
4(8640 8751 8752 8641)
4(8751 8862 8863 8752)
4(8862 8973 8974 8863)
4(8973 9084 9085 8974)
4(9084 9195 9196 9085)
4(9195 9306 9307 9196)
4(9306 9417 9418 9307)
4(9417 9528 9529 9418)
4(94 205 206 95)
4(205 316 317 206)
4(316 427 428 317)
4(427 538 539 428)
4(538 649 650 539)
4(649 760 761 650)
4(760 871 872 761)
4(871 982 983 872)
4(982 1093 1094 983)
4(1093 1204 1205 1094)
4(1204 1315 1316 1205)
4(1315 1426 1427 1316)
4(1426 1537 1538 1427)
4(1537 1648 1649 1538)
4(1648 1759 1760 1649)
4(1759 1870 1871 1760)
4(1870 1981 1982 1871)
4(1981 2092 2093 1982)
4(2092 2203 2204 2093)
4(2203 2314 2315 2204)
4(2314 2425 2426 2315)
4(2425 2536 2537 2426)
4(2536 2647 2648 2537)
4(2647 2758 2759 2648)
4(2758 2869 2870 2759)
4(2869 2980 2981 2870)
4(2980 3091 3092 2981)
4(3091 3202 3203 3092)
4(3202 3313 3314 3203)
4(3313 3424 3425 3314)
4(3424 3535 3536 3425)
4(3535 3646 3647 3536)
4(3646 3757 3758 3647)
4(3757 3868 3869 3758)
4(3868 3979 3980 3869)
4(3979 4090 4091 3980)
4(4090 4201 4202 4091)
4(4201 4312 4313 4202)
4(4312 4423 4424 4313)
4(4423 4534 4535 4424)
4(4534 4645 4646 4535)
4(4645 4756 4757 4646)
4(4756 4867 4868 4757)
4(4867 4978 4979 4868)
4(4978 5089 5090 4979)
4(5089 5200 5201 5090)
4(5200 5311 5312 5201)
4(5311 5422 5423 5312)
4(5422 5533 5534 5423)
4(5533 5644 5645 5534)
4(5644 5755 5756 5645)
4(5755 5866 5867 5756)
4(5866 5977 5978 5867)
4(5977 6088 6089 5978)
4(6088 6199 6200 6089)
4(6199 6310 6311 6200)
4(6310 6421 6422 6311)
4(6421 6532 6533 6422)
4(6532 6643 6644 6533)
4(6643 6754 6755 6644)
4(6754 6865 6866 6755)
4(6865 6976 6977 6866)
4(6976 7087 7088 6977)
4(7087 7198 7199 7088)
4(7198 7309 7310 7199)
4(7309 7420 7421 7310)
4(7420 7531 7532 7421)
4(7531 7642 7643 7532)
4(7642 7753 7754 7643)
4(7753 7864 7865 7754)
4(7864 7975 7976 7865)
4(7975 8086 8087 7976)
4(8086 8197 8198 8087)
4(8197 8308 8309 8198)
4(8308 8419 8420 8309)
4(8419 8530 8531 8420)
4(8530 8641 8642 8531)
4(8641 8752 8753 8642)
4(8752 8863 8864 8753)
4(8863 8974 8975 8864)
4(8974 9085 9086 8975)
4(9085 9196 9197 9086)
4(9196 9307 9308 9197)
4(9307 9418 9419 9308)
4(9418 9529 9530 9419)
4(95 206 207 96)
4(206 317 318 207)
4(317 428 429 318)
4(428 539 540 429)
4(539 650 651 540)
4(650 761 762 651)
4(761 872 873 762)
4(872 983 984 873)
4(983 1094 1095 984)
4(1094 1205 1206 1095)
4(1205 1316 1317 1206)
4(1316 1427 1428 1317)
4(1427 1538 1539 1428)
4(1538 1649 1650 1539)
4(1649 1760 1761 1650)
4(1760 1871 1872 1761)
4(1871 1982 1983 1872)
4(1982 2093 2094 1983)
4(2093 2204 2205 2094)
4(2204 2315 2316 2205)
4(2315 2426 2427 2316)
4(2426 2537 2538 2427)
4(2537 2648 2649 2538)
4(2648 2759 2760 2649)
4(2759 2870 2871 2760)
4(2870 2981 2982 2871)
4(2981 3092 3093 2982)
4(3092 3203 3204 3093)
4(3203 3314 3315 3204)
4(3314 3425 3426 3315)
4(3425 3536 3537 3426)
4(3536 3647 3648 3537)
4(3647 3758 3759 3648)
4(3758 3869 3870 3759)
4(3869 3980 3981 3870)
4(3980 4091 4092 3981)
4(4091 4202 4203 4092)
4(4202 4313 4314 4203)
4(4313 4424 4425 4314)
4(4424 4535 4536 4425)
4(4535 4646 4647 4536)
4(4646 4757 4758 4647)
4(4757 4868 4869 4758)
4(4868 4979 4980 4869)
4(4979 5090 5091 4980)
4(5090 5201 5202 5091)
4(5201 5312 5313 5202)
4(5312 5423 5424 5313)
4(5423 5534 5535 5424)
4(5534 5645 5646 5535)
4(5645 5756 5757 5646)
4(5756 5867 5868 5757)
4(5867 5978 5979 5868)
4(5978 6089 6090 5979)
4(6089 6200 6201 6090)
4(6200 6311 6312 6201)
4(6311 6422 6423 6312)
4(6422 6533 6534 6423)
4(6533 6644 6645 6534)
4(6644 6755 6756 6645)
4(6755 6866 6867 6756)
4(6866 6977 6978 6867)
4(6977 7088 7089 6978)
4(7088 7199 7200 7089)
4(7199 7310 7311 7200)
4(7310 7421 7422 7311)
4(7421 7532 7533 7422)
4(7532 7643 7644 7533)
4(7643 7754 7755 7644)
4(7754 7865 7866 7755)
4(7865 7976 7977 7866)
4(7976 8087 8088 7977)
4(8087 8198 8199 8088)
4(8198 8309 8310 8199)
4(8309 8420 8421 8310)
4(8420 8531 8532 8421)
4(8531 8642 8643 8532)
4(8642 8753 8754 8643)
4(8753 8864 8865 8754)
4(8864 8975 8976 8865)
4(8975 9086 9087 8976)
4(9086 9197 9198 9087)
4(9197 9308 9309 9198)
4(9308 9419 9420 9309)
4(9419 9530 9531 9420)
4(96 207 208 97)
4(207 318 319 208)
4(318 429 430 319)
4(429 540 541 430)
4(540 651 652 541)
4(651 762 763 652)
4(762 873 874 763)
4(873 984 985 874)
4(984 1095 1096 985)
4(1095 1206 1207 1096)
4(1206 1317 1318 1207)
4(1317 1428 1429 1318)
4(1428 1539 1540 1429)
4(1539 1650 1651 1540)
4(1650 1761 1762 1651)
4(1761 1872 1873 1762)
4(1872 1983 1984 1873)
4(1983 2094 2095 1984)
4(2094 2205 2206 2095)
4(2205 2316 2317 2206)
4(2316 2427 2428 2317)
4(2427 2538 2539 2428)
4(2538 2649 2650 2539)
4(2649 2760 2761 2650)
4(2760 2871 2872 2761)
4(2871 2982 2983 2872)
4(2982 3093 3094 2983)
4(3093 3204 3205 3094)
4(3204 3315 3316 3205)
4(3315 3426 3427 3316)
4(3426 3537 3538 3427)
4(3537 3648 3649 3538)
4(3648 3759 3760 3649)
4(3759 3870 3871 3760)
4(3870 3981 3982 3871)
4(3981 4092 4093 3982)
4(4092 4203 4204 4093)
4(4203 4314 4315 4204)
4(4314 4425 4426 4315)
4(4425 4536 4537 4426)
4(4536 4647 4648 4537)
4(4647 4758 4759 4648)
4(4758 4869 4870 4759)
4(4869 4980 4981 4870)
4(4980 5091 5092 4981)
4(5091 5202 5203 5092)
4(5202 5313 5314 5203)
4(5313 5424 5425 5314)
4(5424 5535 5536 5425)
4(5535 5646 5647 5536)
4(5646 5757 5758 5647)
4(5757 5868 5869 5758)
4(5868 5979 5980 5869)
4(5979 6090 6091 5980)
4(6090 6201 6202 6091)
4(6201 6312 6313 6202)
4(6312 6423 6424 6313)
4(6423 6534 6535 6424)
4(6534 6645 6646 6535)
4(6645 6756 6757 6646)
4(6756 6867 6868 6757)
4(6867 6978 6979 6868)
4(6978 7089 7090 6979)
4(7089 7200 7201 7090)
4(7200 7311 7312 7201)
4(7311 7422 7423 7312)
4(7422 7533 7534 7423)
4(7533 7644 7645 7534)
4(7644 7755 7756 7645)
4(7755 7866 7867 7756)
4(7866 7977 7978 7867)
4(7977 8088 8089 7978)
4(8088 8199 8200 8089)
4(8199 8310 8311 8200)
4(8310 8421 8422 8311)
4(8421 8532 8533 8422)
4(8532 8643 8644 8533)
4(8643 8754 8755 8644)
4(8754 8865 8866 8755)
4(8865 8976 8977 8866)
4(8976 9087 9088 8977)
4(9087 9198 9199 9088)
4(9198 9309 9310 9199)
4(9309 9420 9421 9310)
4(9420 9531 9532 9421)
4(97 208 209 98)
4(208 319 320 209)
4(319 430 431 320)
4(430 541 542 431)
4(541 652 653 542)
4(652 763 764 653)
4(763 874 875 764)
4(874 985 986 875)
4(985 1096 1097 986)
4(1096 1207 1208 1097)
4(1207 1318 1319 1208)
4(1318 1429 1430 1319)
4(1429 1540 1541 1430)
4(1540 1651 1652 1541)
4(1651 1762 1763 1652)
4(1762 1873 1874 1763)
4(1873 1984 1985 1874)
4(1984 2095 2096 1985)
4(2095 2206 2207 2096)
4(2206 2317 2318 2207)
4(2317 2428 2429 2318)
4(2428 2539 2540 2429)
4(2539 2650 2651 2540)
4(2650 2761 2762 2651)
4(2761 2872 2873 2762)
4(2872 2983 2984 2873)
4(2983 3094 3095 2984)
4(3094 3205 3206 3095)
4(3205 3316 3317 3206)
4(3316 3427 3428 3317)
4(3427 3538 3539 3428)
4(3538 3649 3650 3539)
4(3649 3760 3761 3650)
4(3760 3871 3872 3761)
4(3871 3982 3983 3872)
4(3982 4093 4094 3983)
4(4093 4204 4205 4094)
4(4204 4315 4316 4205)
4(4315 4426 4427 4316)
4(4426 4537 4538 4427)
4(4537 4648 4649 4538)
4(4648 4759 4760 4649)
4(4759 4870 4871 4760)
4(4870 4981 4982 4871)
4(4981 5092 5093 4982)
4(5092 5203 5204 5093)
4(5203 5314 5315 5204)
4(5314 5425 5426 5315)
4(5425 5536 5537 5426)
4(5536 5647 5648 5537)
4(5647 5758 5759 5648)
4(5758 5869 5870 5759)
4(5869 5980 5981 5870)
4(5980 6091 6092 5981)
4(6091 6202 6203 6092)
4(6202 6313 6314 6203)
4(6313 6424 6425 6314)
4(6424 6535 6536 6425)
4(6535 6646 6647 6536)
4(6646 6757 6758 6647)
4(6757 6868 6869 6758)
4(6868 6979 6980 6869)
4(6979 7090 7091 6980)
4(7090 7201 7202 7091)
4(7201 7312 7313 7202)
4(7312 7423 7424 7313)
4(7423 7534 7535 7424)
4(7534 7645 7646 7535)
4(7645 7756 7757 7646)
4(7756 7867 7868 7757)
4(7867 7978 7979 7868)
4(7978 8089 8090 7979)
4(8089 8200 8201 8090)
4(8200 8311 8312 8201)
4(8311 8422 8423 8312)
4(8422 8533 8534 8423)
4(8533 8644 8645 8534)
4(8644 8755 8756 8645)
4(8755 8866 8867 8756)
4(8866 8977 8978 8867)
4(8977 9088 9089 8978)
4(9088 9199 9200 9089)
4(9199 9310 9311 9200)
4(9310 9421 9422 9311)
4(9421 9532 9533 9422)
4(98 209 210 99)
4(209 320 321 210)
4(320 431 432 321)
4(431 542 543 432)
4(542 653 654 543)
4(653 764 765 654)
4(764 875 876 765)
4(875 986 987 876)
4(986 1097 1098 987)
4(1097 1208 1209 1098)
4(1208 1319 1320 1209)
4(1319 1430 1431 1320)
4(1430 1541 1542 1431)
4(1541 1652 1653 1542)
4(1652 1763 1764 1653)
4(1763 1874 1875 1764)
4(1874 1985 1986 1875)
4(1985 2096 2097 1986)
4(2096 2207 2208 2097)
4(2207 2318 2319 2208)
4(2318 2429 2430 2319)
4(2429 2540 2541 2430)
4(2540 2651 2652 2541)
4(2651 2762 2763 2652)
4(2762 2873 2874 2763)
4(2873 2984 2985 2874)
4(2984 3095 3096 2985)
4(3095 3206 3207 3096)
4(3206 3317 3318 3207)
4(3317 3428 3429 3318)
4(3428 3539 3540 3429)
4(3539 3650 3651 3540)
4(3650 3761 3762 3651)
4(3761 3872 3873 3762)
4(3872 3983 3984 3873)
4(3983 4094 4095 3984)
4(4094 4205 4206 4095)
4(4205 4316 4317 4206)
4(4316 4427 4428 4317)
4(4427 4538 4539 4428)
4(4538 4649 4650 4539)
4(4649 4760 4761 4650)
4(4760 4871 4872 4761)
4(4871 4982 4983 4872)
4(4982 5093 5094 4983)
4(5093 5204 5205 5094)
4(5204 5315 5316 5205)
4(5315 5426 5427 5316)
4(5426 5537 5538 5427)
4(5537 5648 5649 5538)
4(5648 5759 5760 5649)
4(5759 5870 5871 5760)
4(5870 5981 5982 5871)
4(5981 6092 6093 5982)
4(6092 6203 6204 6093)
4(6203 6314 6315 6204)
4(6314 6425 6426 6315)
4(6425 6536 6537 6426)
4(6536 6647 6648 6537)
4(6647 6758 6759 6648)
4(6758 6869 6870 6759)
4(6869 6980 6981 6870)
4(6980 7091 7092 6981)
4(7091 7202 7203 7092)
4(7202 7313 7314 7203)
4(7313 7424 7425 7314)
4(7424 7535 7536 7425)
4(7535 7646 7647 7536)
4(7646 7757 7758 7647)
4(7757 7868 7869 7758)
4(7868 7979 7980 7869)
4(7979 8090 8091 7980)
4(8090 8201 8202 8091)
4(8201 8312 8313 8202)
4(8312 8423 8424 8313)
4(8423 8534 8535 8424)
4(8534 8645 8646 8535)
4(8645 8756 8757 8646)
4(8756 8867 8868 8757)
4(8867 8978 8979 8868)
4(8978 9089 9090 8979)
4(9089 9200 9201 9090)
4(9200 9311 9312 9201)
4(9311 9422 9423 9312)
4(9422 9533 9534 9423)
4(99 210 211 100)
4(210 321 322 211)
4(321 432 433 322)
4(432 543 544 433)
4(543 654 655 544)
4(654 765 766 655)
4(765 876 877 766)
4(876 987 988 877)
4(987 1098 1099 988)
4(1098 1209 1210 1099)
4(1209 1320 1321 1210)
4(1320 1431 1432 1321)
4(1431 1542 1543 1432)
4(1542 1653 1654 1543)
4(1653 1764 1765 1654)
4(1764 1875 1876 1765)
4(1875 1986 1987 1876)
4(1986 2097 2098 1987)
4(2097 2208 2209 2098)
4(2208 2319 2320 2209)
4(2319 2430 2431 2320)
4(2430 2541 2542 2431)
4(2541 2652 2653 2542)
4(2652 2763 2764 2653)
4(2763 2874 2875 2764)
4(2874 2985 2986 2875)
4(2985 3096 3097 2986)
4(3096 3207 3208 3097)
4(3207 3318 3319 3208)
4(3318 3429 3430 3319)
4(3429 3540 3541 3430)
4(3540 3651 3652 3541)
4(3651 3762 3763 3652)
4(3762 3873 3874 3763)
4(3873 3984 3985 3874)
4(3984 4095 4096 3985)
4(4095 4206 4207 4096)
4(4206 4317 4318 4207)
4(4317 4428 4429 4318)
4(4428 4539 4540 4429)
4(4539 4650 4651 4540)
4(4650 4761 4762 4651)
4(4761 4872 4873 4762)
4(4872 4983 4984 4873)
4(4983 5094 5095 4984)
4(5094 5205 5206 5095)
4(5205 5316 5317 5206)
4(5316 5427 5428 5317)
4(5427 5538 5539 5428)
4(5538 5649 5650 5539)
4(5649 5760 5761 5650)
4(5760 5871 5872 5761)
4(5871 5982 5983 5872)
4(5982 6093 6094 5983)
4(6093 6204 6205 6094)
4(6204 6315 6316 6205)
4(6315 6426 6427 6316)
4(6426 6537 6538 6427)
4(6537 6648 6649 6538)
4(6648 6759 6760 6649)
4(6759 6870 6871 6760)
4(6870 6981 6982 6871)
4(6981 7092 7093 6982)
4(7092 7203 7204 7093)
4(7203 7314 7315 7204)
4(7314 7425 7426 7315)
4(7425 7536 7537 7426)
4(7536 7647 7648 7537)
4(7647 7758 7759 7648)
4(7758 7869 7870 7759)
4(7869 7980 7981 7870)
4(7980 8091 8092 7981)
4(8091 8202 8203 8092)
4(8202 8313 8314 8203)
4(8313 8424 8425 8314)
4(8424 8535 8536 8425)
4(8535 8646 8647 8536)
4(8646 8757 8758 8647)
4(8757 8868 8869 8758)
4(8868 8979 8980 8869)
4(8979 9090 9091 8980)
4(9090 9201 9202 9091)
4(9201 9312 9313 9202)
4(9312 9423 9424 9313)
4(9423 9534 9535 9424)
4(100 211 212 101)
4(211 322 323 212)
4(322 433 434 323)
4(433 544 545 434)
4(544 655 656 545)
4(655 766 767 656)
4(766 877 878 767)
4(877 988 989 878)
4(988 1099 1100 989)
4(1099 1210 1211 1100)
4(1210 1321 1322 1211)
4(1321 1432 1433 1322)
4(1432 1543 1544 1433)
4(1543 1654 1655 1544)
4(1654 1765 1766 1655)
4(1765 1876 1877 1766)
4(1876 1987 1988 1877)
4(1987 2098 2099 1988)
4(2098 2209 2210 2099)
4(2209 2320 2321 2210)
4(2320 2431 2432 2321)
4(2431 2542 2543 2432)
4(2542 2653 2654 2543)
4(2653 2764 2765 2654)
4(2764 2875 2876 2765)
4(2875 2986 2987 2876)
4(2986 3097 3098 2987)
4(3097 3208 3209 3098)
4(3208 3319 3320 3209)
4(3319 3430 3431 3320)
4(3430 3541 3542 3431)
4(3541 3652 3653 3542)
4(3652 3763 3764 3653)
4(3763 3874 3875 3764)
4(3874 3985 3986 3875)
4(3985 4096 4097 3986)
4(4096 4207 4208 4097)
4(4207 4318 4319 4208)
4(4318 4429 4430 4319)
4(4429 4540 4541 4430)
4(4540 4651 4652 4541)
4(4651 4762 4763 4652)
4(4762 4873 4874 4763)
4(4873 4984 4985 4874)
4(4984 5095 5096 4985)
4(5095 5206 5207 5096)
4(5206 5317 5318 5207)
4(5317 5428 5429 5318)
4(5428 5539 5540 5429)
4(5539 5650 5651 5540)
4(5650 5761 5762 5651)
4(5761 5872 5873 5762)
4(5872 5983 5984 5873)
4(5983 6094 6095 5984)
4(6094 6205 6206 6095)
4(6205 6316 6317 6206)
4(6316 6427 6428 6317)
4(6427 6538 6539 6428)
4(6538 6649 6650 6539)
4(6649 6760 6761 6650)
4(6760 6871 6872 6761)
4(6871 6982 6983 6872)
4(6982 7093 7094 6983)
4(7093 7204 7205 7094)
4(7204 7315 7316 7205)
4(7315 7426 7427 7316)
4(7426 7537 7538 7427)
4(7537 7648 7649 7538)
4(7648 7759 7760 7649)
4(7759 7870 7871 7760)
4(7870 7981 7982 7871)
4(7981 8092 8093 7982)
4(8092 8203 8204 8093)
4(8203 8314 8315 8204)
4(8314 8425 8426 8315)
4(8425 8536 8537 8426)
4(8536 8647 8648 8537)
4(8647 8758 8759 8648)
4(8758 8869 8870 8759)
4(8869 8980 8981 8870)
4(8980 9091 9092 8981)
4(9091 9202 9203 9092)
4(9202 9313 9314 9203)
4(9313 9424 9425 9314)
4(9424 9535 9536 9425)
4(101 212 213 102)
4(212 323 324 213)
4(323 434 435 324)
4(434 545 546 435)
4(545 656 657 546)
4(656 767 768 657)
4(767 878 879 768)
4(878 989 990 879)
4(989 1100 1101 990)
4(1100 1211 1212 1101)
4(1211 1322 1323 1212)
4(1322 1433 1434 1323)
4(1433 1544 1545 1434)
4(1544 1655 1656 1545)
4(1655 1766 1767 1656)
4(1766 1877 1878 1767)
4(1877 1988 1989 1878)
4(1988 2099 2100 1989)
4(2099 2210 2211 2100)
4(2210 2321 2322 2211)
4(2321 2432 2433 2322)
4(2432 2543 2544 2433)
4(2543 2654 2655 2544)
4(2654 2765 2766 2655)
4(2765 2876 2877 2766)
4(2876 2987 2988 2877)
4(2987 3098 3099 2988)
4(3098 3209 3210 3099)
4(3209 3320 3321 3210)
4(3320 3431 3432 3321)
4(3431 3542 3543 3432)
4(3542 3653 3654 3543)
4(3653 3764 3765 3654)
4(3764 3875 3876 3765)
4(3875 3986 3987 3876)
4(3986 4097 4098 3987)
4(4097 4208 4209 4098)
4(4208 4319 4320 4209)
4(4319 4430 4431 4320)
4(4430 4541 4542 4431)
4(4541 4652 4653 4542)
4(4652 4763 4764 4653)
4(4763 4874 4875 4764)
4(4874 4985 4986 4875)
4(4985 5096 5097 4986)
4(5096 5207 5208 5097)
4(5207 5318 5319 5208)
4(5318 5429 5430 5319)
4(5429 5540 5541 5430)
4(5540 5651 5652 5541)
4(5651 5762 5763 5652)
4(5762 5873 5874 5763)
4(5873 5984 5985 5874)
4(5984 6095 6096 5985)
4(6095 6206 6207 6096)
4(6206 6317 6318 6207)
4(6317 6428 6429 6318)
4(6428 6539 6540 6429)
4(6539 6650 6651 6540)
4(6650 6761 6762 6651)
4(6761 6872 6873 6762)
4(6872 6983 6984 6873)
4(6983 7094 7095 6984)
4(7094 7205 7206 7095)
4(7205 7316 7317 7206)
4(7316 7427 7428 7317)
4(7427 7538 7539 7428)
4(7538 7649 7650 7539)
4(7649 7760 7761 7650)
4(7760 7871 7872 7761)
4(7871 7982 7983 7872)
4(7982 8093 8094 7983)
4(8093 8204 8205 8094)
4(8204 8315 8316 8205)
4(8315 8426 8427 8316)
4(8426 8537 8538 8427)
4(8537 8648 8649 8538)
4(8648 8759 8760 8649)
4(8759 8870 8871 8760)
4(8870 8981 8982 8871)
4(8981 9092 9093 8982)
4(9092 9203 9204 9093)
4(9203 9314 9315 9204)
4(9314 9425 9426 9315)
4(9425 9536 9537 9426)
4(102 213 214 103)
4(213 324 325 214)
4(324 435 436 325)
4(435 546 547 436)
4(546 657 658 547)
4(657 768 769 658)
4(768 879 880 769)
4(879 990 991 880)
4(990 1101 1102 991)
4(1101 1212 1213 1102)
4(1212 1323 1324 1213)
4(1323 1434 1435 1324)
4(1434 1545 1546 1435)
4(1545 1656 1657 1546)
4(1656 1767 1768 1657)
4(1767 1878 1879 1768)
4(1878 1989 1990 1879)
4(1989 2100 2101 1990)
4(2100 2211 2212 2101)
4(2211 2322 2323 2212)
4(2322 2433 2434 2323)
4(2433 2544 2545 2434)
4(2544 2655 2656 2545)
4(2655 2766 2767 2656)
4(2766 2877 2878 2767)
4(2877 2988 2989 2878)
4(2988 3099 3100 2989)
4(3099 3210 3211 3100)
4(3210 3321 3322 3211)
4(3321 3432 3433 3322)
4(3432 3543 3544 3433)
4(3543 3654 3655 3544)
4(3654 3765 3766 3655)
4(3765 3876 3877 3766)
4(3876 3987 3988 3877)
4(3987 4098 4099 3988)
4(4098 4209 4210 4099)
4(4209 4320 4321 4210)
4(4320 4431 4432 4321)
4(4431 4542 4543 4432)
4(4542 4653 4654 4543)
4(4653 4764 4765 4654)
4(4764 4875 4876 4765)
4(4875 4986 4987 4876)
4(4986 5097 5098 4987)
4(5097 5208 5209 5098)
4(5208 5319 5320 5209)
4(5319 5430 5431 5320)
4(5430 5541 5542 5431)
4(5541 5652 5653 5542)
4(5652 5763 5764 5653)
4(5763 5874 5875 5764)
4(5874 5985 5986 5875)
4(5985 6096 6097 5986)
4(6096 6207 6208 6097)
4(6207 6318 6319 6208)
4(6318 6429 6430 6319)
4(6429 6540 6541 6430)
4(6540 6651 6652 6541)
4(6651 6762 6763 6652)
4(6762 6873 6874 6763)
4(6873 6984 6985 6874)
4(6984 7095 7096 6985)
4(7095 7206 7207 7096)
4(7206 7317 7318 7207)
4(7317 7428 7429 7318)
4(7428 7539 7540 7429)
4(7539 7650 7651 7540)
4(7650 7761 7762 7651)
4(7761 7872 7873 7762)
4(7872 7983 7984 7873)
4(7983 8094 8095 7984)
4(8094 8205 8206 8095)
4(8205 8316 8317 8206)
4(8316 8427 8428 8317)
4(8427 8538 8539 8428)
4(8538 8649 8650 8539)
4(8649 8760 8761 8650)
4(8760 8871 8872 8761)
4(8871 8982 8983 8872)
4(8982 9093 9094 8983)
4(9093 9204 9205 9094)
4(9204 9315 9316 9205)
4(9315 9426 9427 9316)
4(9426 9537 9538 9427)
4(103 214 215 104)
4(214 325 326 215)
4(325 436 437 326)
4(436 547 548 437)
4(547 658 659 548)
4(658 769 770 659)
4(769 880 881 770)
4(880 991 992 881)
4(991 1102 1103 992)
4(1102 1213 1214 1103)
4(1213 1324 1325 1214)
4(1324 1435 1436 1325)
4(1435 1546 1547 1436)
4(1546 1657 1658 1547)
4(1657 1768 1769 1658)
4(1768 1879 1880 1769)
4(1879 1990 1991 1880)
4(1990 2101 2102 1991)
4(2101 2212 2213 2102)
4(2212 2323 2324 2213)
4(2323 2434 2435 2324)
4(2434 2545 2546 2435)
4(2545 2656 2657 2546)
4(2656 2767 2768 2657)
4(2767 2878 2879 2768)
4(2878 2989 2990 2879)
4(2989 3100 3101 2990)
4(3100 3211 3212 3101)
4(3211 3322 3323 3212)
4(3322 3433 3434 3323)
4(3433 3544 3545 3434)
4(3544 3655 3656 3545)
4(3655 3766 3767 3656)
4(3766 3877 3878 3767)
4(3877 3988 3989 3878)
4(3988 4099 4100 3989)
4(4099 4210 4211 4100)
4(4210 4321 4322 4211)
4(4321 4432 4433 4322)
4(4432 4543 4544 4433)
4(4543 4654 4655 4544)
4(4654 4765 4766 4655)
4(4765 4876 4877 4766)
4(4876 4987 4988 4877)
4(4987 5098 5099 4988)
4(5098 5209 5210 5099)
4(5209 5320 5321 5210)
4(5320 5431 5432 5321)
4(5431 5542 5543 5432)
4(5542 5653 5654 5543)
4(5653 5764 5765 5654)
4(5764 5875 5876 5765)
4(5875 5986 5987 5876)
4(5986 6097 6098 5987)
4(6097 6208 6209 6098)
4(6208 6319 6320 6209)
4(6319 6430 6431 6320)
4(6430 6541 6542 6431)
4(6541 6652 6653 6542)
4(6652 6763 6764 6653)
4(6763 6874 6875 6764)
4(6874 6985 6986 6875)
4(6985 7096 7097 6986)
4(7096 7207 7208 7097)
4(7207 7318 7319 7208)
4(7318 7429 7430 7319)
4(7429 7540 7541 7430)
4(7540 7651 7652 7541)
4(7651 7762 7763 7652)
4(7762 7873 7874 7763)
4(7873 7984 7985 7874)
4(7984 8095 8096 7985)
4(8095 8206 8207 8096)
4(8206 8317 8318 8207)
4(8317 8428 8429 8318)
4(8428 8539 8540 8429)
4(8539 8650 8651 8540)
4(8650 8761 8762 8651)
4(8761 8872 8873 8762)
4(8872 8983 8984 8873)
4(8983 9094 9095 8984)
4(9094 9205 9206 9095)
4(9205 9316 9317 9206)
4(9316 9427 9428 9317)
4(9427 9538 9539 9428)
4(104 215 216 105)
4(215 326 327 216)
4(326 437 438 327)
4(437 548 549 438)
4(548 659 660 549)
4(659 770 771 660)
4(770 881 882 771)
4(881 992 993 882)
4(992 1103 1104 993)
4(1103 1214 1215 1104)
4(1214 1325 1326 1215)
4(1325 1436 1437 1326)
4(1436 1547 1548 1437)
4(1547 1658 1659 1548)
4(1658 1769 1770 1659)
4(1769 1880 1881 1770)
4(1880 1991 1992 1881)
4(1991 2102 2103 1992)
4(2102 2213 2214 2103)
4(2213 2324 2325 2214)
4(2324 2435 2436 2325)
4(2435 2546 2547 2436)
4(2546 2657 2658 2547)
4(2657 2768 2769 2658)
4(2768 2879 2880 2769)
4(2879 2990 2991 2880)
4(2990 3101 3102 2991)
4(3101 3212 3213 3102)
4(3212 3323 3324 3213)
4(3323 3434 3435 3324)
4(3434 3545 3546 3435)
4(3545 3656 3657 3546)
4(3656 3767 3768 3657)
4(3767 3878 3879 3768)
4(3878 3989 3990 3879)
4(3989 4100 4101 3990)
4(4100 4211 4212 4101)
4(4211 4322 4323 4212)
4(4322 4433 4434 4323)
4(4433 4544 4545 4434)
4(4544 4655 4656 4545)
4(4655 4766 4767 4656)
4(4766 4877 4878 4767)
4(4877 4988 4989 4878)
4(4988 5099 5100 4989)
4(5099 5210 5211 5100)
4(5210 5321 5322 5211)
4(5321 5432 5433 5322)
4(5432 5543 5544 5433)
4(5543 5654 5655 5544)
4(5654 5765 5766 5655)
4(5765 5876 5877 5766)
4(5876 5987 5988 5877)
4(5987 6098 6099 5988)
4(6098 6209 6210 6099)
4(6209 6320 6321 6210)
4(6320 6431 6432 6321)
4(6431 6542 6543 6432)
4(6542 6653 6654 6543)
4(6653 6764 6765 6654)
4(6764 6875 6876 6765)
4(6875 6986 6987 6876)
4(6986 7097 7098 6987)
4(7097 7208 7209 7098)
4(7208 7319 7320 7209)
4(7319 7430 7431 7320)
4(7430 7541 7542 7431)
4(7541 7652 7653 7542)
4(7652 7763 7764 7653)
4(7763 7874 7875 7764)
4(7874 7985 7986 7875)
4(7985 8096 8097 7986)
4(8096 8207 8208 8097)
4(8207 8318 8319 8208)
4(8318 8429 8430 8319)
4(8429 8540 8541 8430)
4(8540 8651 8652 8541)
4(8651 8762 8763 8652)
4(8762 8873 8874 8763)
4(8873 8984 8985 8874)
4(8984 9095 9096 8985)
4(9095 9206 9207 9096)
4(9206 9317 9318 9207)
4(9317 9428 9429 9318)
4(9428 9539 9540 9429)
4(105 216 217 106)
4(216 327 328 217)
4(327 438 439 328)
4(438 549 550 439)
4(549 660 661 550)
4(660 771 772 661)
4(771 882 883 772)
4(882 993 994 883)
4(993 1104 1105 994)
4(1104 1215 1216 1105)
4(1215 1326 1327 1216)
4(1326 1437 1438 1327)
4(1437 1548 1549 1438)
4(1548 1659 1660 1549)
4(1659 1770 1771 1660)
4(1770 1881 1882 1771)
4(1881 1992 1993 1882)
4(1992 2103 2104 1993)
4(2103 2214 2215 2104)
4(2214 2325 2326 2215)
4(2325 2436 2437 2326)
4(2436 2547 2548 2437)
4(2547 2658 2659 2548)
4(2658 2769 2770 2659)
4(2769 2880 2881 2770)
4(2880 2991 2992 2881)
4(2991 3102 3103 2992)
4(3102 3213 3214 3103)
4(3213 3324 3325 3214)
4(3324 3435 3436 3325)
4(3435 3546 3547 3436)
4(3546 3657 3658 3547)
4(3657 3768 3769 3658)
4(3768 3879 3880 3769)
4(3879 3990 3991 3880)
4(3990 4101 4102 3991)
4(4101 4212 4213 4102)
4(4212 4323 4324 4213)
4(4323 4434 4435 4324)
4(4434 4545 4546 4435)
4(4545 4656 4657 4546)
4(4656 4767 4768 4657)
4(4767 4878 4879 4768)
4(4878 4989 4990 4879)
4(4989 5100 5101 4990)
4(5100 5211 5212 5101)
4(5211 5322 5323 5212)
4(5322 5433 5434 5323)
4(5433 5544 5545 5434)
4(5544 5655 5656 5545)
4(5655 5766 5767 5656)
4(5766 5877 5878 5767)
4(5877 5988 5989 5878)
4(5988 6099 6100 5989)
4(6099 6210 6211 6100)
4(6210 6321 6322 6211)
4(6321 6432 6433 6322)
4(6432 6543 6544 6433)
4(6543 6654 6655 6544)
4(6654 6765 6766 6655)
4(6765 6876 6877 6766)
4(6876 6987 6988 6877)
4(6987 7098 7099 6988)
4(7098 7209 7210 7099)
4(7209 7320 7321 7210)
4(7320 7431 7432 7321)
4(7431 7542 7543 7432)
4(7542 7653 7654 7543)
4(7653 7764 7765 7654)
4(7764 7875 7876 7765)
4(7875 7986 7987 7876)
4(7986 8097 8098 7987)
4(8097 8208 8209 8098)
4(8208 8319 8320 8209)
4(8319 8430 8431 8320)
4(8430 8541 8542 8431)
4(8541 8652 8653 8542)
4(8652 8763 8764 8653)
4(8763 8874 8875 8764)
4(8874 8985 8986 8875)
4(8985 9096 9097 8986)
4(9096 9207 9208 9097)
4(9207 9318 9319 9208)
4(9318 9429 9430 9319)
4(9429 9540 9541 9430)
4(106 217 218 107)
4(217 328 329 218)
4(328 439 440 329)
4(439 550 551 440)
4(550 661 662 551)
4(661 772 773 662)
4(772 883 884 773)
4(883 994 995 884)
4(994 1105 1106 995)
4(1105 1216 1217 1106)
4(1216 1327 1328 1217)
4(1327 1438 1439 1328)
4(1438 1549 1550 1439)
4(1549 1660 1661 1550)
4(1660 1771 1772 1661)
4(1771 1882 1883 1772)
4(1882 1993 1994 1883)
4(1993 2104 2105 1994)
4(2104 2215 2216 2105)
4(2215 2326 2327 2216)
4(2326 2437 2438 2327)
4(2437 2548 2549 2438)
4(2548 2659 2660 2549)
4(2659 2770 2771 2660)
4(2770 2881 2882 2771)
4(2881 2992 2993 2882)
4(2992 3103 3104 2993)
4(3103 3214 3215 3104)
4(3214 3325 3326 3215)
4(3325 3436 3437 3326)
4(3436 3547 3548 3437)
4(3547 3658 3659 3548)
4(3658 3769 3770 3659)
4(3769 3880 3881 3770)
4(3880 3991 3992 3881)
4(3991 4102 4103 3992)
4(4102 4213 4214 4103)
4(4213 4324 4325 4214)
4(4324 4435 4436 4325)
4(4435 4546 4547 4436)
4(4546 4657 4658 4547)
4(4657 4768 4769 4658)
4(4768 4879 4880 4769)
4(4879 4990 4991 4880)
4(4990 5101 5102 4991)
4(5101 5212 5213 5102)
4(5212 5323 5324 5213)
4(5323 5434 5435 5324)
4(5434 5545 5546 5435)
4(5545 5656 5657 5546)
4(5656 5767 5768 5657)
4(5767 5878 5879 5768)
4(5878 5989 5990 5879)
4(5989 6100 6101 5990)
4(6100 6211 6212 6101)
4(6211 6322 6323 6212)
4(6322 6433 6434 6323)
4(6433 6544 6545 6434)
4(6544 6655 6656 6545)
4(6655 6766 6767 6656)
4(6766 6877 6878 6767)
4(6877 6988 6989 6878)
4(6988 7099 7100 6989)
4(7099 7210 7211 7100)
4(7210 7321 7322 7211)
4(7321 7432 7433 7322)
4(7432 7543 7544 7433)
4(7543 7654 7655 7544)
4(7654 7765 7766 7655)
4(7765 7876 7877 7766)
4(7876 7987 7988 7877)
4(7987 8098 8099 7988)
4(8098 8209 8210 8099)
4(8209 8320 8321 8210)
4(8320 8431 8432 8321)
4(8431 8542 8543 8432)
4(8542 8653 8654 8543)
4(8653 8764 8765 8654)
4(8764 8875 8876 8765)
4(8875 8986 8987 8876)
4(8986 9097 9098 8987)
4(9097 9208 9209 9098)
4(9208 9319 9320 9209)
4(9319 9430 9431 9320)
4(9430 9541 9542 9431)
4(107 218 219 108)
4(218 329 330 219)
4(329 440 441 330)
4(440 551 552 441)
4(551 662 663 552)
4(662 773 774 663)
4(773 884 885 774)
4(884 995 996 885)
4(995 1106 1107 996)
4(1106 1217 1218 1107)
4(1217 1328 1329 1218)
4(1328 1439 1440 1329)
4(1439 1550 1551 1440)
4(1550 1661 1662 1551)
4(1661 1772 1773 1662)
4(1772 1883 1884 1773)
4(1883 1994 1995 1884)
4(1994 2105 2106 1995)
4(2105 2216 2217 2106)
4(2216 2327 2328 2217)
4(2327 2438 2439 2328)
4(2438 2549 2550 2439)
4(2549 2660 2661 2550)
4(2660 2771 2772 2661)
4(2771 2882 2883 2772)
4(2882 2993 2994 2883)
4(2993 3104 3105 2994)
4(3104 3215 3216 3105)
4(3215 3326 3327 3216)
4(3326 3437 3438 3327)
4(3437 3548 3549 3438)
4(3548 3659 3660 3549)
4(3659 3770 3771 3660)
4(3770 3881 3882 3771)
4(3881 3992 3993 3882)
4(3992 4103 4104 3993)
4(4103 4214 4215 4104)
4(4214 4325 4326 4215)
4(4325 4436 4437 4326)
4(4436 4547 4548 4437)
4(4547 4658 4659 4548)
4(4658 4769 4770 4659)
4(4769 4880 4881 4770)
4(4880 4991 4992 4881)
4(4991 5102 5103 4992)
4(5102 5213 5214 5103)
4(5213 5324 5325 5214)
4(5324 5435 5436 5325)
4(5435 5546 5547 5436)
4(5546 5657 5658 5547)
4(5657 5768 5769 5658)
4(5768 5879 5880 5769)
4(5879 5990 5991 5880)
4(5990 6101 6102 5991)
4(6101 6212 6213 6102)
4(6212 6323 6324 6213)
4(6323 6434 6435 6324)
4(6434 6545 6546 6435)
4(6545 6656 6657 6546)
4(6656 6767 6768 6657)
4(6767 6878 6879 6768)
4(6878 6989 6990 6879)
4(6989 7100 7101 6990)
4(7100 7211 7212 7101)
4(7211 7322 7323 7212)
4(7322 7433 7434 7323)
4(7433 7544 7545 7434)
4(7544 7655 7656 7545)
4(7655 7766 7767 7656)
4(7766 7877 7878 7767)
4(7877 7988 7989 7878)
4(7988 8099 8100 7989)
4(8099 8210 8211 8100)
4(8210 8321 8322 8211)
4(8321 8432 8433 8322)
4(8432 8543 8544 8433)
4(8543 8654 8655 8544)
4(8654 8765 8766 8655)
4(8765 8876 8877 8766)
4(8876 8987 8988 8877)
4(8987 9098 9099 8988)
4(9098 9209 9210 9099)
4(9209 9320 9321 9210)
4(9320 9431 9432 9321)
4(9431 9542 9543 9432)
4(108 219 220 109)
4(219 330 331 220)
4(330 441 442 331)
4(441 552 553 442)
4(552 663 664 553)
4(663 774 775 664)
4(774 885 886 775)
4(885 996 997 886)
4(996 1107 1108 997)
4(1107 1218 1219 1108)
4(1218 1329 1330 1219)
4(1329 1440 1441 1330)
4(1440 1551 1552 1441)
4(1551 1662 1663 1552)
4(1662 1773 1774 1663)
4(1773 1884 1885 1774)
4(1884 1995 1996 1885)
4(1995 2106 2107 1996)
4(2106 2217 2218 2107)
4(2217 2328 2329 2218)
4(2328 2439 2440 2329)
4(2439 2550 2551 2440)
4(2550 2661 2662 2551)
4(2661 2772 2773 2662)
4(2772 2883 2884 2773)
4(2883 2994 2995 2884)
4(2994 3105 3106 2995)
4(3105 3216 3217 3106)
4(3216 3327 3328 3217)
4(3327 3438 3439 3328)
4(3438 3549 3550 3439)
4(3549 3660 3661 3550)
4(3660 3771 3772 3661)
4(3771 3882 3883 3772)
4(3882 3993 3994 3883)
4(3993 4104 4105 3994)
4(4104 4215 4216 4105)
4(4215 4326 4327 4216)
4(4326 4437 4438 4327)
4(4437 4548 4549 4438)
4(4548 4659 4660 4549)
4(4659 4770 4771 4660)
4(4770 4881 4882 4771)
4(4881 4992 4993 4882)
4(4992 5103 5104 4993)
4(5103 5214 5215 5104)
4(5214 5325 5326 5215)
4(5325 5436 5437 5326)
4(5436 5547 5548 5437)
4(5547 5658 5659 5548)
4(5658 5769 5770 5659)
4(5769 5880 5881 5770)
4(5880 5991 5992 5881)
4(5991 6102 6103 5992)
4(6102 6213 6214 6103)
4(6213 6324 6325 6214)
4(6324 6435 6436 6325)
4(6435 6546 6547 6436)
4(6546 6657 6658 6547)
4(6657 6768 6769 6658)
4(6768 6879 6880 6769)
4(6879 6990 6991 6880)
4(6990 7101 7102 6991)
4(7101 7212 7213 7102)
4(7212 7323 7324 7213)
4(7323 7434 7435 7324)
4(7434 7545 7546 7435)
4(7545 7656 7657 7546)
4(7656 7767 7768 7657)
4(7767 7878 7879 7768)
4(7878 7989 7990 7879)
4(7989 8100 8101 7990)
4(8100 8211 8212 8101)
4(8211 8322 8323 8212)
4(8322 8433 8434 8323)
4(8433 8544 8545 8434)
4(8544 8655 8656 8545)
4(8655 8766 8767 8656)
4(8766 8877 8878 8767)
4(8877 8988 8989 8878)
4(8988 9099 9100 8989)
4(9099 9210 9211 9100)
4(9210 9321 9322 9211)
4(9321 9432 9433 9322)
4(9432 9543 9544 9433)
4(109 220 221 110)
4(220 331 332 221)
4(331 442 443 332)
4(442 553 554 443)
4(553 664 665 554)
4(664 775 776 665)
4(775 886 887 776)
4(886 997 998 887)
4(997 1108 1109 998)
4(1108 1219 1220 1109)
4(1219 1330 1331 1220)
4(1330 1441 1442 1331)
4(1441 1552 1553 1442)
4(1552 1663 1664 1553)
4(1663 1774 1775 1664)
4(1774 1885 1886 1775)
4(1885 1996 1997 1886)
4(1996 2107 2108 1997)
4(2107 2218 2219 2108)
4(2218 2329 2330 2219)
4(2329 2440 2441 2330)
4(2440 2551 2552 2441)
4(2551 2662 2663 2552)
4(2662 2773 2774 2663)
4(2773 2884 2885 2774)
4(2884 2995 2996 2885)
4(2995 3106 3107 2996)
4(3106 3217 3218 3107)
4(3217 3328 3329 3218)
4(3328 3439 3440 3329)
4(3439 3550 3551 3440)
4(3550 3661 3662 3551)
4(3661 3772 3773 3662)
4(3772 3883 3884 3773)
4(3883 3994 3995 3884)
4(3994 4105 4106 3995)
4(4105 4216 4217 4106)
4(4216 4327 4328 4217)
4(4327 4438 4439 4328)
4(4438 4549 4550 4439)
4(4549 4660 4661 4550)
4(4660 4771 4772 4661)
4(4771 4882 4883 4772)
4(4882 4993 4994 4883)
4(4993 5104 5105 4994)
4(5104 5215 5216 5105)
4(5215 5326 5327 5216)
4(5326 5437 5438 5327)
4(5437 5548 5549 5438)
4(5548 5659 5660 5549)
4(5659 5770 5771 5660)
4(5770 5881 5882 5771)
4(5881 5992 5993 5882)
4(5992 6103 6104 5993)
4(6103 6214 6215 6104)
4(6214 6325 6326 6215)
4(6325 6436 6437 6326)
4(6436 6547 6548 6437)
4(6547 6658 6659 6548)
4(6658 6769 6770 6659)
4(6769 6880 6881 6770)
4(6880 6991 6992 6881)
4(6991 7102 7103 6992)
4(7102 7213 7214 7103)
4(7213 7324 7325 7214)
4(7324 7435 7436 7325)
4(7435 7546 7547 7436)
4(7546 7657 7658 7547)
4(7657 7768 7769 7658)
4(7768 7879 7880 7769)
4(7879 7990 7991 7880)
4(7990 8101 8102 7991)
4(8101 8212 8213 8102)
4(8212 8323 8324 8213)
4(8323 8434 8435 8324)
4(8434 8545 8546 8435)
4(8545 8656 8657 8546)
4(8656 8767 8768 8657)
4(8767 8878 8879 8768)
4(8878 8989 8990 8879)
4(8989 9100 9101 8990)
4(9100 9211 9212 9101)
4(9211 9322 9323 9212)
4(9322 9433 9434 9323)
4(9433 9544 9545 9434)
4(9546 9547 9658 9657)
4(9657 9658 9769 9768)
4(9768 9769 9880 9879)
4(9879 9880 9991 9990)
4(9990 9991 10102 10101)
4(10101 10102 10213 10212)
4(10212 10213 10324 10323)
4(10323 10324 10435 10434)
4(10434 10435 10546 10545)
4(10545 10546 10657 10656)
4(10656 10657 10768 10767)
4(10767 10768 10879 10878)
4(10878 10879 10990 10989)
4(10989 10990 11101 11100)
4(11100 11101 11212 11211)
4(11211 11212 11323 11322)
4(11322 11323 11434 11433)
4(11433 11434 11545 11544)
4(11544 11545 11656 11655)
4(11655 11656 11767 11766)
4(11766 11767 11878 11877)
4(11877 11878 11989 11988)
4(11988 11989 12100 12099)
4(12099 12100 12211 12210)
4(12210 12211 12322 12321)
4(12321 12322 12433 12432)
4(12432 12433 12544 12543)
4(12543 12544 12655 12654)
4(12654 12655 12766 12765)
4(12765 12766 12877 12876)
4(12876 12877 12988 12987)
4(12987 12988 13099 13098)
4(13098 13099 13210 13209)
4(13209 13210 13321 13320)
4(13320 13321 13432 13431)
4(13431 13432 13543 13542)
4(13542 13543 13654 13653)
4(13653 13654 13765 13764)
4(13764 13765 13876 13875)
4(13875 13876 13987 13986)
4(13986 13987 14098 14097)
4(14097 14098 14209 14208)
4(14208 14209 14320 14319)
4(14319 14320 14431 14430)
4(14430 14431 14542 14541)
4(14541 14542 14653 14652)
4(14652 14653 14764 14763)
4(14763 14764 14875 14874)
4(14874 14875 14986 14985)
4(14985 14986 15097 15096)
4(15096 15097 15208 15207)
4(15207 15208 15319 15318)
4(15318 15319 15430 15429)
4(15429 15430 15541 15540)
4(15540 15541 15652 15651)
4(15651 15652 15763 15762)
4(15762 15763 15874 15873)
4(15873 15874 15985 15984)
4(15984 15985 16096 16095)
4(16095 16096 16207 16206)
4(16206 16207 16318 16317)
4(16317 16318 16429 16428)
4(16428 16429 16540 16539)
4(16539 16540 16651 16650)
4(16650 16651 16762 16761)
4(16761 16762 16873 16872)
4(16872 16873 16984 16983)
4(16983 16984 17095 17094)
4(17094 17095 17206 17205)
4(17205 17206 17317 17316)
4(17316 17317 17428 17427)
4(17427 17428 17539 17538)
4(17538 17539 17650 17649)
4(17649 17650 17761 17760)
4(17760 17761 17872 17871)
4(17871 17872 17983 17982)
4(17982 17983 18094 18093)
4(18093 18094 18205 18204)
4(18204 18205 18316 18315)
4(18315 18316 18427 18426)
4(18426 18427 18538 18537)
4(18537 18538 18649 18648)
4(18648 18649 18760 18759)
4(18759 18760 18871 18870)
4(18870 18871 18982 18981)
4(9547 9548 9659 9658)
4(9658 9659 9770 9769)
4(9769 9770 9881 9880)
4(9880 9881 9992 9991)
4(9991 9992 10103 10102)
4(10102 10103 10214 10213)
4(10213 10214 10325 10324)
4(10324 10325 10436 10435)
4(10435 10436 10547 10546)
4(10546 10547 10658 10657)
4(10657 10658 10769 10768)
4(10768 10769 10880 10879)
4(10879 10880 10991 10990)
4(10990 10991 11102 11101)
4(11101 11102 11213 11212)
4(11212 11213 11324 11323)
4(11323 11324 11435 11434)
4(11434 11435 11546 11545)
4(11545 11546 11657 11656)
4(11656 11657 11768 11767)
4(11767 11768 11879 11878)
4(11878 11879 11990 11989)
4(11989 11990 12101 12100)
4(12100 12101 12212 12211)
4(12211 12212 12323 12322)
4(12322 12323 12434 12433)
4(12433 12434 12545 12544)
4(12544 12545 12656 12655)
4(12655 12656 12767 12766)
4(12766 12767 12878 12877)
4(12877 12878 12989 12988)
4(12988 12989 13100 13099)
4(13099 13100 13211 13210)
4(13210 13211 13322 13321)
4(13321 13322 13433 13432)
4(13432 13433 13544 13543)
4(13543 13544 13655 13654)
4(13654 13655 13766 13765)
4(13765 13766 13877 13876)
4(13876 13877 13988 13987)
4(13987 13988 14099 14098)
4(14098 14099 14210 14209)
4(14209 14210 14321 14320)
4(14320 14321 14432 14431)
4(14431 14432 14543 14542)
4(14542 14543 14654 14653)
4(14653 14654 14765 14764)
4(14764 14765 14876 14875)
4(14875 14876 14987 14986)
4(14986 14987 15098 15097)
4(15097 15098 15209 15208)
4(15208 15209 15320 15319)
4(15319 15320 15431 15430)
4(15430 15431 15542 15541)
4(15541 15542 15653 15652)
4(15652 15653 15764 15763)
4(15763 15764 15875 15874)
4(15874 15875 15986 15985)
4(15985 15986 16097 16096)
4(16096 16097 16208 16207)
4(16207 16208 16319 16318)
4(16318 16319 16430 16429)
4(16429 16430 16541 16540)
4(16540 16541 16652 16651)
4(16651 16652 16763 16762)
4(16762 16763 16874 16873)
4(16873 16874 16985 16984)
4(16984 16985 17096 17095)
4(17095 17096 17207 17206)
4(17206 17207 17318 17317)
4(17317 17318 17429 17428)
4(17428 17429 17540 17539)
4(17539 17540 17651 17650)
4(17650 17651 17762 17761)
4(17761 17762 17873 17872)
4(17872 17873 17984 17983)
4(17983 17984 18095 18094)
4(18094 18095 18206 18205)
4(18205 18206 18317 18316)
4(18316 18317 18428 18427)
4(18427 18428 18539 18538)
4(18538 18539 18650 18649)
4(18649 18650 18761 18760)
4(18760 18761 18872 18871)
4(18871 18872 18983 18982)
4(9548 9549 9660 9659)
4(9659 9660 9771 9770)
4(9770 9771 9882 9881)
4(9881 9882 9993 9992)
4(9992 9993 10104 10103)
4(10103 10104 10215 10214)
4(10214 10215 10326 10325)
4(10325 10326 10437 10436)
4(10436 10437 10548 10547)
4(10547 10548 10659 10658)
4(10658 10659 10770 10769)
4(10769 10770 10881 10880)
4(10880 10881 10992 10991)
4(10991 10992 11103 11102)
4(11102 11103 11214 11213)
4(11213 11214 11325 11324)
4(11324 11325 11436 11435)
4(11435 11436 11547 11546)
4(11546 11547 11658 11657)
4(11657 11658 11769 11768)
4(11768 11769 11880 11879)
4(11879 11880 11991 11990)
4(11990 11991 12102 12101)
4(12101 12102 12213 12212)
4(12212 12213 12324 12323)
4(12323 12324 12435 12434)
4(12434 12435 12546 12545)
4(12545 12546 12657 12656)
4(12656 12657 12768 12767)
4(12767 12768 12879 12878)
4(12878 12879 12990 12989)
4(12989 12990 13101 13100)
4(13100 13101 13212 13211)
4(13211 13212 13323 13322)
4(13322 13323 13434 13433)
4(13433 13434 13545 13544)
4(13544 13545 13656 13655)
4(13655 13656 13767 13766)
4(13766 13767 13878 13877)
4(13877 13878 13989 13988)
4(13988 13989 14100 14099)
4(14099 14100 14211 14210)
4(14210 14211 14322 14321)
4(14321 14322 14433 14432)
4(14432 14433 14544 14543)
4(14543 14544 14655 14654)
4(14654 14655 14766 14765)
4(14765 14766 14877 14876)
4(14876 14877 14988 14987)
4(14987 14988 15099 15098)
4(15098 15099 15210 15209)
4(15209 15210 15321 15320)
4(15320 15321 15432 15431)
4(15431 15432 15543 15542)
4(15542 15543 15654 15653)
4(15653 15654 15765 15764)
4(15764 15765 15876 15875)
4(15875 15876 15987 15986)
4(15986 15987 16098 16097)
4(16097 16098 16209 16208)
4(16208 16209 16320 16319)
4(16319 16320 16431 16430)
4(16430 16431 16542 16541)
4(16541 16542 16653 16652)
4(16652 16653 16764 16763)
4(16763 16764 16875 16874)
4(16874 16875 16986 16985)
4(16985 16986 17097 17096)
4(17096 17097 17208 17207)
4(17207 17208 17319 17318)
4(17318 17319 17430 17429)
4(17429 17430 17541 17540)
4(17540 17541 17652 17651)
4(17651 17652 17763 17762)
4(17762 17763 17874 17873)
4(17873 17874 17985 17984)
4(17984 17985 18096 18095)
4(18095 18096 18207 18206)
4(18206 18207 18318 18317)
4(18317 18318 18429 18428)
4(18428 18429 18540 18539)
4(18539 18540 18651 18650)
4(18650 18651 18762 18761)
4(18761 18762 18873 18872)
4(18872 18873 18984 18983)
4(9549 9550 9661 9660)
4(9660 9661 9772 9771)
4(9771 9772 9883 9882)
4(9882 9883 9994 9993)
4(9993 9994 10105 10104)
4(10104 10105 10216 10215)
4(10215 10216 10327 10326)
4(10326 10327 10438 10437)
4(10437 10438 10549 10548)
4(10548 10549 10660 10659)
4(10659 10660 10771 10770)
4(10770 10771 10882 10881)
4(10881 10882 10993 10992)
4(10992 10993 11104 11103)
4(11103 11104 11215 11214)
4(11214 11215 11326 11325)
4(11325 11326 11437 11436)
4(11436 11437 11548 11547)
4(11547 11548 11659 11658)
4(11658 11659 11770 11769)
4(11769 11770 11881 11880)
4(11880 11881 11992 11991)
4(11991 11992 12103 12102)
4(12102 12103 12214 12213)
4(12213 12214 12325 12324)
4(12324 12325 12436 12435)
4(12435 12436 12547 12546)
4(12546 12547 12658 12657)
4(12657 12658 12769 12768)
4(12768 12769 12880 12879)
4(12879 12880 12991 12990)
4(12990 12991 13102 13101)
4(13101 13102 13213 13212)
4(13212 13213 13324 13323)
4(13323 13324 13435 13434)
4(13434 13435 13546 13545)
4(13545 13546 13657 13656)
4(13656 13657 13768 13767)
4(13767 13768 13879 13878)
4(13878 13879 13990 13989)
4(13989 13990 14101 14100)
4(14100 14101 14212 14211)
4(14211 14212 14323 14322)
4(14322 14323 14434 14433)
4(14433 14434 14545 14544)
4(14544 14545 14656 14655)
4(14655 14656 14767 14766)
4(14766 14767 14878 14877)
4(14877 14878 14989 14988)
4(14988 14989 15100 15099)
4(15099 15100 15211 15210)
4(15210 15211 15322 15321)
4(15321 15322 15433 15432)
4(15432 15433 15544 15543)
4(15543 15544 15655 15654)
4(15654 15655 15766 15765)
4(15765 15766 15877 15876)
4(15876 15877 15988 15987)
4(15987 15988 16099 16098)
4(16098 16099 16210 16209)
4(16209 16210 16321 16320)
4(16320 16321 16432 16431)
4(16431 16432 16543 16542)
4(16542 16543 16654 16653)
4(16653 16654 16765 16764)
4(16764 16765 16876 16875)
4(16875 16876 16987 16986)
4(16986 16987 17098 17097)
4(17097 17098 17209 17208)
4(17208 17209 17320 17319)
4(17319 17320 17431 17430)
4(17430 17431 17542 17541)
4(17541 17542 17653 17652)
4(17652 17653 17764 17763)
4(17763 17764 17875 17874)
4(17874 17875 17986 17985)
4(17985 17986 18097 18096)
4(18096 18097 18208 18207)
4(18207 18208 18319 18318)
4(18318 18319 18430 18429)
4(18429 18430 18541 18540)
4(18540 18541 18652 18651)
4(18651 18652 18763 18762)
4(18762 18763 18874 18873)
4(18873 18874 18985 18984)
4(9550 9551 9662 9661)
4(9661 9662 9773 9772)
4(9772 9773 9884 9883)
4(9883 9884 9995 9994)
4(9994 9995 10106 10105)
4(10105 10106 10217 10216)
4(10216 10217 10328 10327)
4(10327 10328 10439 10438)
4(10438 10439 10550 10549)
4(10549 10550 10661 10660)
4(10660 10661 10772 10771)
4(10771 10772 10883 10882)
4(10882 10883 10994 10993)
4(10993 10994 11105 11104)
4(11104 11105 11216 11215)
4(11215 11216 11327 11326)
4(11326 11327 11438 11437)
4(11437 11438 11549 11548)
4(11548 11549 11660 11659)
4(11659 11660 11771 11770)
4(11770 11771 11882 11881)
4(11881 11882 11993 11992)
4(11992 11993 12104 12103)
4(12103 12104 12215 12214)
4(12214 12215 12326 12325)
4(12325 12326 12437 12436)
4(12436 12437 12548 12547)
4(12547 12548 12659 12658)
4(12658 12659 12770 12769)
4(12769 12770 12881 12880)
4(12880 12881 12992 12991)
4(12991 12992 13103 13102)
4(13102 13103 13214 13213)
4(13213 13214 13325 13324)
4(13324 13325 13436 13435)
4(13435 13436 13547 13546)
4(13546 13547 13658 13657)
4(13657 13658 13769 13768)
4(13768 13769 13880 13879)
4(13879 13880 13991 13990)
4(13990 13991 14102 14101)
4(14101 14102 14213 14212)
4(14212 14213 14324 14323)
4(14323 14324 14435 14434)
4(14434 14435 14546 14545)
4(14545 14546 14657 14656)
4(14656 14657 14768 14767)
4(14767 14768 14879 14878)
4(14878 14879 14990 14989)
4(14989 14990 15101 15100)
4(15100 15101 15212 15211)
4(15211 15212 15323 15322)
4(15322 15323 15434 15433)
4(15433 15434 15545 15544)
4(15544 15545 15656 15655)
4(15655 15656 15767 15766)
4(15766 15767 15878 15877)
4(15877 15878 15989 15988)
4(15988 15989 16100 16099)
4(16099 16100 16211 16210)
4(16210 16211 16322 16321)
4(16321 16322 16433 16432)
4(16432 16433 16544 16543)
4(16543 16544 16655 16654)
4(16654 16655 16766 16765)
4(16765 16766 16877 16876)
4(16876 16877 16988 16987)
4(16987 16988 17099 17098)
4(17098 17099 17210 17209)
4(17209 17210 17321 17320)
4(17320 17321 17432 17431)
4(17431 17432 17543 17542)
4(17542 17543 17654 17653)
4(17653 17654 17765 17764)
4(17764 17765 17876 17875)
4(17875 17876 17987 17986)
4(17986 17987 18098 18097)
4(18097 18098 18209 18208)
4(18208 18209 18320 18319)
4(18319 18320 18431 18430)
4(18430 18431 18542 18541)
4(18541 18542 18653 18652)
4(18652 18653 18764 18763)
4(18763 18764 18875 18874)
4(18874 18875 18986 18985)
4(9551 9552 9663 9662)
4(9662 9663 9774 9773)
4(9773 9774 9885 9884)
4(9884 9885 9996 9995)
4(9995 9996 10107 10106)
4(10106 10107 10218 10217)
4(10217 10218 10329 10328)
4(10328 10329 10440 10439)
4(10439 10440 10551 10550)
4(10550 10551 10662 10661)
4(10661 10662 10773 10772)
4(10772 10773 10884 10883)
4(10883 10884 10995 10994)
4(10994 10995 11106 11105)
4(11105 11106 11217 11216)
4(11216 11217 11328 11327)
4(11327 11328 11439 11438)
4(11438 11439 11550 11549)
4(11549 11550 11661 11660)
4(11660 11661 11772 11771)
4(11771 11772 11883 11882)
4(11882 11883 11994 11993)
4(11993 11994 12105 12104)
4(12104 12105 12216 12215)
4(12215 12216 12327 12326)
4(12326 12327 12438 12437)
4(12437 12438 12549 12548)
4(12548 12549 12660 12659)
4(12659 12660 12771 12770)
4(12770 12771 12882 12881)
4(12881 12882 12993 12992)
4(12992 12993 13104 13103)
4(13103 13104 13215 13214)
4(13214 13215 13326 13325)
4(13325 13326 13437 13436)
4(13436 13437 13548 13547)
4(13547 13548 13659 13658)
4(13658 13659 13770 13769)
4(13769 13770 13881 13880)
4(13880 13881 13992 13991)
4(13991 13992 14103 14102)
4(14102 14103 14214 14213)
4(14213 14214 14325 14324)
4(14324 14325 14436 14435)
4(14435 14436 14547 14546)
4(14546 14547 14658 14657)
4(14657 14658 14769 14768)
4(14768 14769 14880 14879)
4(14879 14880 14991 14990)
4(14990 14991 15102 15101)
4(15101 15102 15213 15212)
4(15212 15213 15324 15323)
4(15323 15324 15435 15434)
4(15434 15435 15546 15545)
4(15545 15546 15657 15656)
4(15656 15657 15768 15767)
4(15767 15768 15879 15878)
4(15878 15879 15990 15989)
4(15989 15990 16101 16100)
4(16100 16101 16212 16211)
4(16211 16212 16323 16322)
4(16322 16323 16434 16433)
4(16433 16434 16545 16544)
4(16544 16545 16656 16655)
4(16655 16656 16767 16766)
4(16766 16767 16878 16877)
4(16877 16878 16989 16988)
4(16988 16989 17100 17099)
4(17099 17100 17211 17210)
4(17210 17211 17322 17321)
4(17321 17322 17433 17432)
4(17432 17433 17544 17543)
4(17543 17544 17655 17654)
4(17654 17655 17766 17765)
4(17765 17766 17877 17876)
4(17876 17877 17988 17987)
4(17987 17988 18099 18098)
4(18098 18099 18210 18209)
4(18209 18210 18321 18320)
4(18320 18321 18432 18431)
4(18431 18432 18543 18542)
4(18542 18543 18654 18653)
4(18653 18654 18765 18764)
4(18764 18765 18876 18875)
4(18875 18876 18987 18986)
4(9552 9553 9664 9663)
4(9663 9664 9775 9774)
4(9774 9775 9886 9885)
4(9885 9886 9997 9996)
4(9996 9997 10108 10107)
4(10107 10108 10219 10218)
4(10218 10219 10330 10329)
4(10329 10330 10441 10440)
4(10440 10441 10552 10551)
4(10551 10552 10663 10662)
4(10662 10663 10774 10773)
4(10773 10774 10885 10884)
4(10884 10885 10996 10995)
4(10995 10996 11107 11106)
4(11106 11107 11218 11217)
4(11217 11218 11329 11328)
4(11328 11329 11440 11439)
4(11439 11440 11551 11550)
4(11550 11551 11662 11661)
4(11661 11662 11773 11772)
4(11772 11773 11884 11883)
4(11883 11884 11995 11994)
4(11994 11995 12106 12105)
4(12105 12106 12217 12216)
4(12216 12217 12328 12327)
4(12327 12328 12439 12438)
4(12438 12439 12550 12549)
4(12549 12550 12661 12660)
4(12660 12661 12772 12771)
4(12771 12772 12883 12882)
4(12882 12883 12994 12993)
4(12993 12994 13105 13104)
4(13104 13105 13216 13215)
4(13215 13216 13327 13326)
4(13326 13327 13438 13437)
4(13437 13438 13549 13548)
4(13548 13549 13660 13659)
4(13659 13660 13771 13770)
4(13770 13771 13882 13881)
4(13881 13882 13993 13992)
4(13992 13993 14104 14103)
4(14103 14104 14215 14214)
4(14214 14215 14326 14325)
4(14325 14326 14437 14436)
4(14436 14437 14548 14547)
4(14547 14548 14659 14658)
4(14658 14659 14770 14769)
4(14769 14770 14881 14880)
4(14880 14881 14992 14991)
4(14991 14992 15103 15102)
4(15102 15103 15214 15213)
4(15213 15214 15325 15324)
4(15324 15325 15436 15435)
4(15435 15436 15547 15546)
4(15546 15547 15658 15657)
4(15657 15658 15769 15768)
4(15768 15769 15880 15879)
4(15879 15880 15991 15990)
4(15990 15991 16102 16101)
4(16101 16102 16213 16212)
4(16212 16213 16324 16323)
4(16323 16324 16435 16434)
4(16434 16435 16546 16545)
4(16545 16546 16657 16656)
4(16656 16657 16768 16767)
4(16767 16768 16879 16878)
4(16878 16879 16990 16989)
4(16989 16990 17101 17100)
4(17100 17101 17212 17211)
4(17211 17212 17323 17322)
4(17322 17323 17434 17433)
4(17433 17434 17545 17544)
4(17544 17545 17656 17655)
4(17655 17656 17767 17766)
4(17766 17767 17878 17877)
4(17877 17878 17989 17988)
4(17988 17989 18100 18099)
4(18099 18100 18211 18210)
4(18210 18211 18322 18321)
4(18321 18322 18433 18432)
4(18432 18433 18544 18543)
4(18543 18544 18655 18654)
4(18654 18655 18766 18765)
4(18765 18766 18877 18876)
4(18876 18877 18988 18987)
4(9553 9554 9665 9664)
4(9664 9665 9776 9775)
4(9775 9776 9887 9886)
4(9886 9887 9998 9997)
4(9997 9998 10109 10108)
4(10108 10109 10220 10219)
4(10219 10220 10331 10330)
4(10330 10331 10442 10441)
4(10441 10442 10553 10552)
4(10552 10553 10664 10663)
4(10663 10664 10775 10774)
4(10774 10775 10886 10885)
4(10885 10886 10997 10996)
4(10996 10997 11108 11107)
4(11107 11108 11219 11218)
4(11218 11219 11330 11329)
4(11329 11330 11441 11440)
4(11440 11441 11552 11551)
4(11551 11552 11663 11662)
4(11662 11663 11774 11773)
4(11773 11774 11885 11884)
4(11884 11885 11996 11995)
4(11995 11996 12107 12106)
4(12106 12107 12218 12217)
4(12217 12218 12329 12328)
4(12328 12329 12440 12439)
4(12439 12440 12551 12550)
4(12550 12551 12662 12661)
4(12661 12662 12773 12772)
4(12772 12773 12884 12883)
4(12883 12884 12995 12994)
4(12994 12995 13106 13105)
4(13105 13106 13217 13216)
4(13216 13217 13328 13327)
4(13327 13328 13439 13438)
4(13438 13439 13550 13549)
4(13549 13550 13661 13660)
4(13660 13661 13772 13771)
4(13771 13772 13883 13882)
4(13882 13883 13994 13993)
4(13993 13994 14105 14104)
4(14104 14105 14216 14215)
4(14215 14216 14327 14326)
4(14326 14327 14438 14437)
4(14437 14438 14549 14548)
4(14548 14549 14660 14659)
4(14659 14660 14771 14770)
4(14770 14771 14882 14881)
4(14881 14882 14993 14992)
4(14992 14993 15104 15103)
4(15103 15104 15215 15214)
4(15214 15215 15326 15325)
4(15325 15326 15437 15436)
4(15436 15437 15548 15547)
4(15547 15548 15659 15658)
4(15658 15659 15770 15769)
4(15769 15770 15881 15880)
4(15880 15881 15992 15991)
4(15991 15992 16103 16102)
4(16102 16103 16214 16213)
4(16213 16214 16325 16324)
4(16324 16325 16436 16435)
4(16435 16436 16547 16546)
4(16546 16547 16658 16657)
4(16657 16658 16769 16768)
4(16768 16769 16880 16879)
4(16879 16880 16991 16990)
4(16990 16991 17102 17101)
4(17101 17102 17213 17212)
4(17212 17213 17324 17323)
4(17323 17324 17435 17434)
4(17434 17435 17546 17545)
4(17545 17546 17657 17656)
4(17656 17657 17768 17767)
4(17767 17768 17879 17878)
4(17878 17879 17990 17989)
4(17989 17990 18101 18100)
4(18100 18101 18212 18211)
4(18211 18212 18323 18322)
4(18322 18323 18434 18433)
4(18433 18434 18545 18544)
4(18544 18545 18656 18655)
4(18655 18656 18767 18766)
4(18766 18767 18878 18877)
4(18877 18878 18989 18988)
4(9554 9555 9666 9665)
4(9665 9666 9777 9776)
4(9776 9777 9888 9887)
4(9887 9888 9999 9998)
4(9998 9999 10110 10109)
4(10109 10110 10221 10220)
4(10220 10221 10332 10331)
4(10331 10332 10443 10442)
4(10442 10443 10554 10553)
4(10553 10554 10665 10664)
4(10664 10665 10776 10775)
4(10775 10776 10887 10886)
4(10886 10887 10998 10997)
4(10997 10998 11109 11108)
4(11108 11109 11220 11219)
4(11219 11220 11331 11330)
4(11330 11331 11442 11441)
4(11441 11442 11553 11552)
4(11552 11553 11664 11663)
4(11663 11664 11775 11774)
4(11774 11775 11886 11885)
4(11885 11886 11997 11996)
4(11996 11997 12108 12107)
4(12107 12108 12219 12218)
4(12218 12219 12330 12329)
4(12329 12330 12441 12440)
4(12440 12441 12552 12551)
4(12551 12552 12663 12662)
4(12662 12663 12774 12773)
4(12773 12774 12885 12884)
4(12884 12885 12996 12995)
4(12995 12996 13107 13106)
4(13106 13107 13218 13217)
4(13217 13218 13329 13328)
4(13328 13329 13440 13439)
4(13439 13440 13551 13550)
4(13550 13551 13662 13661)
4(13661 13662 13773 13772)
4(13772 13773 13884 13883)
4(13883 13884 13995 13994)
4(13994 13995 14106 14105)
4(14105 14106 14217 14216)
4(14216 14217 14328 14327)
4(14327 14328 14439 14438)
4(14438 14439 14550 14549)
4(14549 14550 14661 14660)
4(14660 14661 14772 14771)
4(14771 14772 14883 14882)
4(14882 14883 14994 14993)
4(14993 14994 15105 15104)
4(15104 15105 15216 15215)
4(15215 15216 15327 15326)
4(15326 15327 15438 15437)
4(15437 15438 15549 15548)
4(15548 15549 15660 15659)
4(15659 15660 15771 15770)
4(15770 15771 15882 15881)
4(15881 15882 15993 15992)
4(15992 15993 16104 16103)
4(16103 16104 16215 16214)
4(16214 16215 16326 16325)
4(16325 16326 16437 16436)
4(16436 16437 16548 16547)
4(16547 16548 16659 16658)
4(16658 16659 16770 16769)
4(16769 16770 16881 16880)
4(16880 16881 16992 16991)
4(16991 16992 17103 17102)
4(17102 17103 17214 17213)
4(17213 17214 17325 17324)
4(17324 17325 17436 17435)
4(17435 17436 17547 17546)
4(17546 17547 17658 17657)
4(17657 17658 17769 17768)
4(17768 17769 17880 17879)
4(17879 17880 17991 17990)
4(17990 17991 18102 18101)
4(18101 18102 18213 18212)
4(18212 18213 18324 18323)
4(18323 18324 18435 18434)
4(18434 18435 18546 18545)
4(18545 18546 18657 18656)
4(18656 18657 18768 18767)
4(18767 18768 18879 18878)
4(18878 18879 18990 18989)
4(9555 9556 9667 9666)
4(9666 9667 9778 9777)
4(9777 9778 9889 9888)
4(9888 9889 10000 9999)
4(9999 10000 10111 10110)
4(10110 10111 10222 10221)
4(10221 10222 10333 10332)
4(10332 10333 10444 10443)
4(10443 10444 10555 10554)
4(10554 10555 10666 10665)
4(10665 10666 10777 10776)
4(10776 10777 10888 10887)
4(10887 10888 10999 10998)
4(10998 10999 11110 11109)
4(11109 11110 11221 11220)
4(11220 11221 11332 11331)
4(11331 11332 11443 11442)
4(11442 11443 11554 11553)
4(11553 11554 11665 11664)
4(11664 11665 11776 11775)
4(11775 11776 11887 11886)
4(11886 11887 11998 11997)
4(11997 11998 12109 12108)
4(12108 12109 12220 12219)
4(12219 12220 12331 12330)
4(12330 12331 12442 12441)
4(12441 12442 12553 12552)
4(12552 12553 12664 12663)
4(12663 12664 12775 12774)
4(12774 12775 12886 12885)
4(12885 12886 12997 12996)
4(12996 12997 13108 13107)
4(13107 13108 13219 13218)
4(13218 13219 13330 13329)
4(13329 13330 13441 13440)
4(13440 13441 13552 13551)
4(13551 13552 13663 13662)
4(13662 13663 13774 13773)
4(13773 13774 13885 13884)
4(13884 13885 13996 13995)
4(13995 13996 14107 14106)
4(14106 14107 14218 14217)
4(14217 14218 14329 14328)
4(14328 14329 14440 14439)
4(14439 14440 14551 14550)
4(14550 14551 14662 14661)
4(14661 14662 14773 14772)
4(14772 14773 14884 14883)
4(14883 14884 14995 14994)
4(14994 14995 15106 15105)
4(15105 15106 15217 15216)
4(15216 15217 15328 15327)
4(15327 15328 15439 15438)
4(15438 15439 15550 15549)
4(15549 15550 15661 15660)
4(15660 15661 15772 15771)
4(15771 15772 15883 15882)
4(15882 15883 15994 15993)
4(15993 15994 16105 16104)
4(16104 16105 16216 16215)
4(16215 16216 16327 16326)
4(16326 16327 16438 16437)
4(16437 16438 16549 16548)
4(16548 16549 16660 16659)
4(16659 16660 16771 16770)
4(16770 16771 16882 16881)
4(16881 16882 16993 16992)
4(16992 16993 17104 17103)
4(17103 17104 17215 17214)
4(17214 17215 17326 17325)
4(17325 17326 17437 17436)
4(17436 17437 17548 17547)
4(17547 17548 17659 17658)
4(17658 17659 17770 17769)
4(17769 17770 17881 17880)
4(17880 17881 17992 17991)
4(17991 17992 18103 18102)
4(18102 18103 18214 18213)
4(18213 18214 18325 18324)
4(18324 18325 18436 18435)
4(18435 18436 18547 18546)
4(18546 18547 18658 18657)
4(18657 18658 18769 18768)
4(18768 18769 18880 18879)
4(18879 18880 18991 18990)
4(9556 9557 9668 9667)
4(9667 9668 9779 9778)
4(9778 9779 9890 9889)
4(9889 9890 10001 10000)
4(10000 10001 10112 10111)
4(10111 10112 10223 10222)
4(10222 10223 10334 10333)
4(10333 10334 10445 10444)
4(10444 10445 10556 10555)
4(10555 10556 10667 10666)
4(10666 10667 10778 10777)
4(10777 10778 10889 10888)
4(10888 10889 11000 10999)
4(10999 11000 11111 11110)
4(11110 11111 11222 11221)
4(11221 11222 11333 11332)
4(11332 11333 11444 11443)
4(11443 11444 11555 11554)
4(11554 11555 11666 11665)
4(11665 11666 11777 11776)
4(11776 11777 11888 11887)
4(11887 11888 11999 11998)
4(11998 11999 12110 12109)
4(12109 12110 12221 12220)
4(12220 12221 12332 12331)
4(12331 12332 12443 12442)
4(12442 12443 12554 12553)
4(12553 12554 12665 12664)
4(12664 12665 12776 12775)
4(12775 12776 12887 12886)
4(12886 12887 12998 12997)
4(12997 12998 13109 13108)
4(13108 13109 13220 13219)
4(13219 13220 13331 13330)
4(13330 13331 13442 13441)
4(13441 13442 13553 13552)
4(13552 13553 13664 13663)
4(13663 13664 13775 13774)
4(13774 13775 13886 13885)
4(13885 13886 13997 13996)
4(13996 13997 14108 14107)
4(14107 14108 14219 14218)
4(14218 14219 14330 14329)
4(14329 14330 14441 14440)
4(14440 14441 14552 14551)
4(14551 14552 14663 14662)
4(14662 14663 14774 14773)
4(14773 14774 14885 14884)
4(14884 14885 14996 14995)
4(14995 14996 15107 15106)
4(15106 15107 15218 15217)
4(15217 15218 15329 15328)
4(15328 15329 15440 15439)
4(15439 15440 15551 15550)
4(15550 15551 15662 15661)
4(15661 15662 15773 15772)
4(15772 15773 15884 15883)
4(15883 15884 15995 15994)
4(15994 15995 16106 16105)
4(16105 16106 16217 16216)
4(16216 16217 16328 16327)
4(16327 16328 16439 16438)
4(16438 16439 16550 16549)
4(16549 16550 16661 16660)
4(16660 16661 16772 16771)
4(16771 16772 16883 16882)
4(16882 16883 16994 16993)
4(16993 16994 17105 17104)
4(17104 17105 17216 17215)
4(17215 17216 17327 17326)
4(17326 17327 17438 17437)
4(17437 17438 17549 17548)
4(17548 17549 17660 17659)
4(17659 17660 17771 17770)
4(17770 17771 17882 17881)
4(17881 17882 17993 17992)
4(17992 17993 18104 18103)
4(18103 18104 18215 18214)
4(18214 18215 18326 18325)
4(18325 18326 18437 18436)
4(18436 18437 18548 18547)
4(18547 18548 18659 18658)
4(18658 18659 18770 18769)
4(18769 18770 18881 18880)
4(18880 18881 18992 18991)
4(9557 9558 9669 9668)
4(9668 9669 9780 9779)
4(9779 9780 9891 9890)
4(9890 9891 10002 10001)
4(10001 10002 10113 10112)
4(10112 10113 10224 10223)
4(10223 10224 10335 10334)
4(10334 10335 10446 10445)
4(10445 10446 10557 10556)
4(10556 10557 10668 10667)
4(10667 10668 10779 10778)
4(10778 10779 10890 10889)
4(10889 10890 11001 11000)
4(11000 11001 11112 11111)
4(11111 11112 11223 11222)
4(11222 11223 11334 11333)
4(11333 11334 11445 11444)
4(11444 11445 11556 11555)
4(11555 11556 11667 11666)
4(11666 11667 11778 11777)
4(11777 11778 11889 11888)
4(11888 11889 12000 11999)
4(11999 12000 12111 12110)
4(12110 12111 12222 12221)
4(12221 12222 12333 12332)
4(12332 12333 12444 12443)
4(12443 12444 12555 12554)
4(12554 12555 12666 12665)
4(12665 12666 12777 12776)
4(12776 12777 12888 12887)
4(12887 12888 12999 12998)
4(12998 12999 13110 13109)
4(13109 13110 13221 13220)
4(13220 13221 13332 13331)
4(13331 13332 13443 13442)
4(13442 13443 13554 13553)
4(13553 13554 13665 13664)
4(13664 13665 13776 13775)
4(13775 13776 13887 13886)
4(13886 13887 13998 13997)
4(13997 13998 14109 14108)
4(14108 14109 14220 14219)
4(14219 14220 14331 14330)
4(14330 14331 14442 14441)
4(14441 14442 14553 14552)
4(14552 14553 14664 14663)
4(14663 14664 14775 14774)
4(14774 14775 14886 14885)
4(14885 14886 14997 14996)
4(14996 14997 15108 15107)
4(15107 15108 15219 15218)
4(15218 15219 15330 15329)
4(15329 15330 15441 15440)
4(15440 15441 15552 15551)
4(15551 15552 15663 15662)
4(15662 15663 15774 15773)
4(15773 15774 15885 15884)
4(15884 15885 15996 15995)
4(15995 15996 16107 16106)
4(16106 16107 16218 16217)
4(16217 16218 16329 16328)
4(16328 16329 16440 16439)
4(16439 16440 16551 16550)
4(16550 16551 16662 16661)
4(16661 16662 16773 16772)
4(16772 16773 16884 16883)
4(16883 16884 16995 16994)
4(16994 16995 17106 17105)
4(17105 17106 17217 17216)
4(17216 17217 17328 17327)
4(17327 17328 17439 17438)
4(17438 17439 17550 17549)
4(17549 17550 17661 17660)
4(17660 17661 17772 17771)
4(17771 17772 17883 17882)
4(17882 17883 17994 17993)
4(17993 17994 18105 18104)
4(18104 18105 18216 18215)
4(18215 18216 18327 18326)
4(18326 18327 18438 18437)
4(18437 18438 18549 18548)
4(18548 18549 18660 18659)
4(18659 18660 18771 18770)
4(18770 18771 18882 18881)
4(18881 18882 18993 18992)
4(9558 9559 9670 9669)
4(9669 9670 9781 9780)
4(9780 9781 9892 9891)
4(9891 9892 10003 10002)
4(10002 10003 10114 10113)
4(10113 10114 10225 10224)
4(10224 10225 10336 10335)
4(10335 10336 10447 10446)
4(10446 10447 10558 10557)
4(10557 10558 10669 10668)
4(10668 10669 10780 10779)
4(10779 10780 10891 10890)
4(10890 10891 11002 11001)
4(11001 11002 11113 11112)
4(11112 11113 11224 11223)
4(11223 11224 11335 11334)
4(11334 11335 11446 11445)
4(11445 11446 11557 11556)
4(11556 11557 11668 11667)
4(11667 11668 11779 11778)
4(11778 11779 11890 11889)
4(11889 11890 12001 12000)
4(12000 12001 12112 12111)
4(12111 12112 12223 12222)
4(12222 12223 12334 12333)
4(12333 12334 12445 12444)
4(12444 12445 12556 12555)
4(12555 12556 12667 12666)
4(12666 12667 12778 12777)
4(12777 12778 12889 12888)
4(12888 12889 13000 12999)
4(12999 13000 13111 13110)
4(13110 13111 13222 13221)
4(13221 13222 13333 13332)
4(13332 13333 13444 13443)
4(13443 13444 13555 13554)
4(13554 13555 13666 13665)
4(13665 13666 13777 13776)
4(13776 13777 13888 13887)
4(13887 13888 13999 13998)
4(13998 13999 14110 14109)
4(14109 14110 14221 14220)
4(14220 14221 14332 14331)
4(14331 14332 14443 14442)
4(14442 14443 14554 14553)
4(14553 14554 14665 14664)
4(14664 14665 14776 14775)
4(14775 14776 14887 14886)
4(14886 14887 14998 14997)
4(14997 14998 15109 15108)
4(15108 15109 15220 15219)
4(15219 15220 15331 15330)
4(15330 15331 15442 15441)
4(15441 15442 15553 15552)
4(15552 15553 15664 15663)
4(15663 15664 15775 15774)
4(15774 15775 15886 15885)
4(15885 15886 15997 15996)
4(15996 15997 16108 16107)
4(16107 16108 16219 16218)
4(16218 16219 16330 16329)
4(16329 16330 16441 16440)
4(16440 16441 16552 16551)
4(16551 16552 16663 16662)
4(16662 16663 16774 16773)
4(16773 16774 16885 16884)
4(16884 16885 16996 16995)
4(16995 16996 17107 17106)
4(17106 17107 17218 17217)
4(17217 17218 17329 17328)
4(17328 17329 17440 17439)
4(17439 17440 17551 17550)
4(17550 17551 17662 17661)
4(17661 17662 17773 17772)
4(17772 17773 17884 17883)
4(17883 17884 17995 17994)
4(17994 17995 18106 18105)
4(18105 18106 18217 18216)
4(18216 18217 18328 18327)
4(18327 18328 18439 18438)
4(18438 18439 18550 18549)
4(18549 18550 18661 18660)
4(18660 18661 18772 18771)
4(18771 18772 18883 18882)
4(18882 18883 18994 18993)
4(9559 9560 9671 9670)
4(9670 9671 9782 9781)
4(9781 9782 9893 9892)
4(9892 9893 10004 10003)
4(10003 10004 10115 10114)
4(10114 10115 10226 10225)
4(10225 10226 10337 10336)
4(10336 10337 10448 10447)
4(10447 10448 10559 10558)
4(10558 10559 10670 10669)
4(10669 10670 10781 10780)
4(10780 10781 10892 10891)
4(10891 10892 11003 11002)
4(11002 11003 11114 11113)
4(11113 11114 11225 11224)
4(11224 11225 11336 11335)
4(11335 11336 11447 11446)
4(11446 11447 11558 11557)
4(11557 11558 11669 11668)
4(11668 11669 11780 11779)
4(11779 11780 11891 11890)
4(11890 11891 12002 12001)
4(12001 12002 12113 12112)
4(12112 12113 12224 12223)
4(12223 12224 12335 12334)
4(12334 12335 12446 12445)
4(12445 12446 12557 12556)
4(12556 12557 12668 12667)
4(12667 12668 12779 12778)
4(12778 12779 12890 12889)
4(12889 12890 13001 13000)
4(13000 13001 13112 13111)
4(13111 13112 13223 13222)
4(13222 13223 13334 13333)
4(13333 13334 13445 13444)
4(13444 13445 13556 13555)
4(13555 13556 13667 13666)
4(13666 13667 13778 13777)
4(13777 13778 13889 13888)
4(13888 13889 14000 13999)
4(13999 14000 14111 14110)
4(14110 14111 14222 14221)
4(14221 14222 14333 14332)
4(14332 14333 14444 14443)
4(14443 14444 14555 14554)
4(14554 14555 14666 14665)
4(14665 14666 14777 14776)
4(14776 14777 14888 14887)
4(14887 14888 14999 14998)
4(14998 14999 15110 15109)
4(15109 15110 15221 15220)
4(15220 15221 15332 15331)
4(15331 15332 15443 15442)
4(15442 15443 15554 15553)
4(15553 15554 15665 15664)
4(15664 15665 15776 15775)
4(15775 15776 15887 15886)
4(15886 15887 15998 15997)
4(15997 15998 16109 16108)
4(16108 16109 16220 16219)
4(16219 16220 16331 16330)
4(16330 16331 16442 16441)
4(16441 16442 16553 16552)
4(16552 16553 16664 16663)
4(16663 16664 16775 16774)
4(16774 16775 16886 16885)
4(16885 16886 16997 16996)
4(16996 16997 17108 17107)
4(17107 17108 17219 17218)
4(17218 17219 17330 17329)
4(17329 17330 17441 17440)
4(17440 17441 17552 17551)
4(17551 17552 17663 17662)
4(17662 17663 17774 17773)
4(17773 17774 17885 17884)
4(17884 17885 17996 17995)
4(17995 17996 18107 18106)
4(18106 18107 18218 18217)
4(18217 18218 18329 18328)
4(18328 18329 18440 18439)
4(18439 18440 18551 18550)
4(18550 18551 18662 18661)
4(18661 18662 18773 18772)
4(18772 18773 18884 18883)
4(18883 18884 18995 18994)
4(9560 9561 9672 9671)
4(9671 9672 9783 9782)
4(9782 9783 9894 9893)
4(9893 9894 10005 10004)
4(10004 10005 10116 10115)
4(10115 10116 10227 10226)
4(10226 10227 10338 10337)
4(10337 10338 10449 10448)
4(10448 10449 10560 10559)
4(10559 10560 10671 10670)
4(10670 10671 10782 10781)
4(10781 10782 10893 10892)
4(10892 10893 11004 11003)
4(11003 11004 11115 11114)
4(11114 11115 11226 11225)
4(11225 11226 11337 11336)
4(11336 11337 11448 11447)
4(11447 11448 11559 11558)
4(11558 11559 11670 11669)
4(11669 11670 11781 11780)
4(11780 11781 11892 11891)
4(11891 11892 12003 12002)
4(12002 12003 12114 12113)
4(12113 12114 12225 12224)
4(12224 12225 12336 12335)
4(12335 12336 12447 12446)
4(12446 12447 12558 12557)
4(12557 12558 12669 12668)
4(12668 12669 12780 12779)
4(12779 12780 12891 12890)
4(12890 12891 13002 13001)
4(13001 13002 13113 13112)
4(13112 13113 13224 13223)
4(13223 13224 13335 13334)
4(13334 13335 13446 13445)
4(13445 13446 13557 13556)
4(13556 13557 13668 13667)
4(13667 13668 13779 13778)
4(13778 13779 13890 13889)
4(13889 13890 14001 14000)
4(14000 14001 14112 14111)
4(14111 14112 14223 14222)
4(14222 14223 14334 14333)
4(14333 14334 14445 14444)
4(14444 14445 14556 14555)
4(14555 14556 14667 14666)
4(14666 14667 14778 14777)
4(14777 14778 14889 14888)
4(14888 14889 15000 14999)
4(14999 15000 15111 15110)
4(15110 15111 15222 15221)
4(15221 15222 15333 15332)
4(15332 15333 15444 15443)
4(15443 15444 15555 15554)
4(15554 15555 15666 15665)
4(15665 15666 15777 15776)
4(15776 15777 15888 15887)
4(15887 15888 15999 15998)
4(15998 15999 16110 16109)
4(16109 16110 16221 16220)
4(16220 16221 16332 16331)
4(16331 16332 16443 16442)
4(16442 16443 16554 16553)
4(16553 16554 16665 16664)
4(16664 16665 16776 16775)
4(16775 16776 16887 16886)
4(16886 16887 16998 16997)
4(16997 16998 17109 17108)
4(17108 17109 17220 17219)
4(17219 17220 17331 17330)
4(17330 17331 17442 17441)
4(17441 17442 17553 17552)
4(17552 17553 17664 17663)
4(17663 17664 17775 17774)
4(17774 17775 17886 17885)
4(17885 17886 17997 17996)
4(17996 17997 18108 18107)
4(18107 18108 18219 18218)
4(18218 18219 18330 18329)
4(18329 18330 18441 18440)
4(18440 18441 18552 18551)
4(18551 18552 18663 18662)
4(18662 18663 18774 18773)
4(18773 18774 18885 18884)
4(18884 18885 18996 18995)
4(9561 9562 9673 9672)
4(9672 9673 9784 9783)
4(9783 9784 9895 9894)
4(9894 9895 10006 10005)
4(10005 10006 10117 10116)
4(10116 10117 10228 10227)
4(10227 10228 10339 10338)
4(10338 10339 10450 10449)
4(10449 10450 10561 10560)
4(10560 10561 10672 10671)
4(10671 10672 10783 10782)
4(10782 10783 10894 10893)
4(10893 10894 11005 11004)
4(11004 11005 11116 11115)
4(11115 11116 11227 11226)
4(11226 11227 11338 11337)
4(11337 11338 11449 11448)
4(11448 11449 11560 11559)
4(11559 11560 11671 11670)
4(11670 11671 11782 11781)
4(11781 11782 11893 11892)
4(11892 11893 12004 12003)
4(12003 12004 12115 12114)
4(12114 12115 12226 12225)
4(12225 12226 12337 12336)
4(12336 12337 12448 12447)
4(12447 12448 12559 12558)
4(12558 12559 12670 12669)
4(12669 12670 12781 12780)
4(12780 12781 12892 12891)
4(12891 12892 13003 13002)
4(13002 13003 13114 13113)
4(13113 13114 13225 13224)
4(13224 13225 13336 13335)
4(13335 13336 13447 13446)
4(13446 13447 13558 13557)
4(13557 13558 13669 13668)
4(13668 13669 13780 13779)
4(13779 13780 13891 13890)
4(13890 13891 14002 14001)
4(14001 14002 14113 14112)
4(14112 14113 14224 14223)
4(14223 14224 14335 14334)
4(14334 14335 14446 14445)
4(14445 14446 14557 14556)
4(14556 14557 14668 14667)
4(14667 14668 14779 14778)
4(14778 14779 14890 14889)
4(14889 14890 15001 15000)
4(15000 15001 15112 15111)
4(15111 15112 15223 15222)
4(15222 15223 15334 15333)
4(15333 15334 15445 15444)
4(15444 15445 15556 15555)
4(15555 15556 15667 15666)
4(15666 15667 15778 15777)
4(15777 15778 15889 15888)
4(15888 15889 16000 15999)
4(15999 16000 16111 16110)
4(16110 16111 16222 16221)
4(16221 16222 16333 16332)
4(16332 16333 16444 16443)
4(16443 16444 16555 16554)
4(16554 16555 16666 16665)
4(16665 16666 16777 16776)
4(16776 16777 16888 16887)
4(16887 16888 16999 16998)
4(16998 16999 17110 17109)
4(17109 17110 17221 17220)
4(17220 17221 17332 17331)
4(17331 17332 17443 17442)
4(17442 17443 17554 17553)
4(17553 17554 17665 17664)
4(17664 17665 17776 17775)
4(17775 17776 17887 17886)
4(17886 17887 17998 17997)
4(17997 17998 18109 18108)
4(18108 18109 18220 18219)
4(18219 18220 18331 18330)
4(18330 18331 18442 18441)
4(18441 18442 18553 18552)
4(18552 18553 18664 18663)
4(18663 18664 18775 18774)
4(18774 18775 18886 18885)
4(18885 18886 18997 18996)
4(9562 9563 9674 9673)
4(9673 9674 9785 9784)
4(9784 9785 9896 9895)
4(9895 9896 10007 10006)
4(10006 10007 10118 10117)
4(10117 10118 10229 10228)
4(10228 10229 10340 10339)
4(10339 10340 10451 10450)
4(10450 10451 10562 10561)
4(10561 10562 10673 10672)
4(10672 10673 10784 10783)
4(10783 10784 10895 10894)
4(10894 10895 11006 11005)
4(11005 11006 11117 11116)
4(11116 11117 11228 11227)
4(11227 11228 11339 11338)
4(11338 11339 11450 11449)
4(11449 11450 11561 11560)
4(11560 11561 11672 11671)
4(11671 11672 11783 11782)
4(11782 11783 11894 11893)
4(11893 11894 12005 12004)
4(12004 12005 12116 12115)
4(12115 12116 12227 12226)
4(12226 12227 12338 12337)
4(12337 12338 12449 12448)
4(12448 12449 12560 12559)
4(12559 12560 12671 12670)
4(12670 12671 12782 12781)
4(12781 12782 12893 12892)
4(12892 12893 13004 13003)
4(13003 13004 13115 13114)
4(13114 13115 13226 13225)
4(13225 13226 13337 13336)
4(13336 13337 13448 13447)
4(13447 13448 13559 13558)
4(13558 13559 13670 13669)
4(13669 13670 13781 13780)
4(13780 13781 13892 13891)
4(13891 13892 14003 14002)
4(14002 14003 14114 14113)
4(14113 14114 14225 14224)
4(14224 14225 14336 14335)
4(14335 14336 14447 14446)
4(14446 14447 14558 14557)
4(14557 14558 14669 14668)
4(14668 14669 14780 14779)
4(14779 14780 14891 14890)
4(14890 14891 15002 15001)
4(15001 15002 15113 15112)
4(15112 15113 15224 15223)
4(15223 15224 15335 15334)
4(15334 15335 15446 15445)
4(15445 15446 15557 15556)
4(15556 15557 15668 15667)
4(15667 15668 15779 15778)
4(15778 15779 15890 15889)
4(15889 15890 16001 16000)
4(16000 16001 16112 16111)
4(16111 16112 16223 16222)
4(16222 16223 16334 16333)
4(16333 16334 16445 16444)
4(16444 16445 16556 16555)
4(16555 16556 16667 16666)
4(16666 16667 16778 16777)
4(16777 16778 16889 16888)
4(16888 16889 17000 16999)
4(16999 17000 17111 17110)
4(17110 17111 17222 17221)
4(17221 17222 17333 17332)
4(17332 17333 17444 17443)
4(17443 17444 17555 17554)
4(17554 17555 17666 17665)
4(17665 17666 17777 17776)
4(17776 17777 17888 17887)
4(17887 17888 17999 17998)
4(17998 17999 18110 18109)
4(18109 18110 18221 18220)
4(18220 18221 18332 18331)
4(18331 18332 18443 18442)
4(18442 18443 18554 18553)
4(18553 18554 18665 18664)
4(18664 18665 18776 18775)
4(18775 18776 18887 18886)
4(18886 18887 18998 18997)
4(9563 9564 9675 9674)
4(9674 9675 9786 9785)
4(9785 9786 9897 9896)
4(9896 9897 10008 10007)
4(10007 10008 10119 10118)
4(10118 10119 10230 10229)
4(10229 10230 10341 10340)
4(10340 10341 10452 10451)
4(10451 10452 10563 10562)
4(10562 10563 10674 10673)
4(10673 10674 10785 10784)
4(10784 10785 10896 10895)
4(10895 10896 11007 11006)
4(11006 11007 11118 11117)
4(11117 11118 11229 11228)
4(11228 11229 11340 11339)
4(11339 11340 11451 11450)
4(11450 11451 11562 11561)
4(11561 11562 11673 11672)
4(11672 11673 11784 11783)
4(11783 11784 11895 11894)
4(11894 11895 12006 12005)
4(12005 12006 12117 12116)
4(12116 12117 12228 12227)
4(12227 12228 12339 12338)
4(12338 12339 12450 12449)
4(12449 12450 12561 12560)
4(12560 12561 12672 12671)
4(12671 12672 12783 12782)
4(12782 12783 12894 12893)
4(12893 12894 13005 13004)
4(13004 13005 13116 13115)
4(13115 13116 13227 13226)
4(13226 13227 13338 13337)
4(13337 13338 13449 13448)
4(13448 13449 13560 13559)
4(13559 13560 13671 13670)
4(13670 13671 13782 13781)
4(13781 13782 13893 13892)
4(13892 13893 14004 14003)
4(14003 14004 14115 14114)
4(14114 14115 14226 14225)
4(14225 14226 14337 14336)
4(14336 14337 14448 14447)
4(14447 14448 14559 14558)
4(14558 14559 14670 14669)
4(14669 14670 14781 14780)
4(14780 14781 14892 14891)
4(14891 14892 15003 15002)
4(15002 15003 15114 15113)
4(15113 15114 15225 15224)
4(15224 15225 15336 15335)
4(15335 15336 15447 15446)
4(15446 15447 15558 15557)
4(15557 15558 15669 15668)
4(15668 15669 15780 15779)
4(15779 15780 15891 15890)
4(15890 15891 16002 16001)
4(16001 16002 16113 16112)
4(16112 16113 16224 16223)
4(16223 16224 16335 16334)
4(16334 16335 16446 16445)
4(16445 16446 16557 16556)
4(16556 16557 16668 16667)
4(16667 16668 16779 16778)
4(16778 16779 16890 16889)
4(16889 16890 17001 17000)
4(17000 17001 17112 17111)
4(17111 17112 17223 17222)
4(17222 17223 17334 17333)
4(17333 17334 17445 17444)
4(17444 17445 17556 17555)
4(17555 17556 17667 17666)
4(17666 17667 17778 17777)
4(17777 17778 17889 17888)
4(17888 17889 18000 17999)
4(17999 18000 18111 18110)
4(18110 18111 18222 18221)
4(18221 18222 18333 18332)
4(18332 18333 18444 18443)
4(18443 18444 18555 18554)
4(18554 18555 18666 18665)
4(18665 18666 18777 18776)
4(18776 18777 18888 18887)
4(18887 18888 18999 18998)
4(9564 9565 9676 9675)
4(9675 9676 9787 9786)
4(9786 9787 9898 9897)
4(9897 9898 10009 10008)
4(10008 10009 10120 10119)
4(10119 10120 10231 10230)
4(10230 10231 10342 10341)
4(10341 10342 10453 10452)
4(10452 10453 10564 10563)
4(10563 10564 10675 10674)
4(10674 10675 10786 10785)
4(10785 10786 10897 10896)
4(10896 10897 11008 11007)
4(11007 11008 11119 11118)
4(11118 11119 11230 11229)
4(11229 11230 11341 11340)
4(11340 11341 11452 11451)
4(11451 11452 11563 11562)
4(11562 11563 11674 11673)
4(11673 11674 11785 11784)
4(11784 11785 11896 11895)
4(11895 11896 12007 12006)
4(12006 12007 12118 12117)
4(12117 12118 12229 12228)
4(12228 12229 12340 12339)
4(12339 12340 12451 12450)
4(12450 12451 12562 12561)
4(12561 12562 12673 12672)
4(12672 12673 12784 12783)
4(12783 12784 12895 12894)
4(12894 12895 13006 13005)
4(13005 13006 13117 13116)
4(13116 13117 13228 13227)
4(13227 13228 13339 13338)
4(13338 13339 13450 13449)
4(13449 13450 13561 13560)
4(13560 13561 13672 13671)
4(13671 13672 13783 13782)
4(13782 13783 13894 13893)
4(13893 13894 14005 14004)
4(14004 14005 14116 14115)
4(14115 14116 14227 14226)
4(14226 14227 14338 14337)
4(14337 14338 14449 14448)
4(14448 14449 14560 14559)
4(14559 14560 14671 14670)
4(14670 14671 14782 14781)
4(14781 14782 14893 14892)
4(14892 14893 15004 15003)
4(15003 15004 15115 15114)
4(15114 15115 15226 15225)
4(15225 15226 15337 15336)
4(15336 15337 15448 15447)
4(15447 15448 15559 15558)
4(15558 15559 15670 15669)
4(15669 15670 15781 15780)
4(15780 15781 15892 15891)
4(15891 15892 16003 16002)
4(16002 16003 16114 16113)
4(16113 16114 16225 16224)
4(16224 16225 16336 16335)
4(16335 16336 16447 16446)
4(16446 16447 16558 16557)
4(16557 16558 16669 16668)
4(16668 16669 16780 16779)
4(16779 16780 16891 16890)
4(16890 16891 17002 17001)
4(17001 17002 17113 17112)
4(17112 17113 17224 17223)
4(17223 17224 17335 17334)
4(17334 17335 17446 17445)
4(17445 17446 17557 17556)
4(17556 17557 17668 17667)
4(17667 17668 17779 17778)
4(17778 17779 17890 17889)
4(17889 17890 18001 18000)
4(18000 18001 18112 18111)
4(18111 18112 18223 18222)
4(18222 18223 18334 18333)
4(18333 18334 18445 18444)
4(18444 18445 18556 18555)
4(18555 18556 18667 18666)
4(18666 18667 18778 18777)
4(18777 18778 18889 18888)
4(18888 18889 19000 18999)
4(9565 9566 9677 9676)
4(9676 9677 9788 9787)
4(9787 9788 9899 9898)
4(9898 9899 10010 10009)
4(10009 10010 10121 10120)
4(10120 10121 10232 10231)
4(10231 10232 10343 10342)
4(10342 10343 10454 10453)
4(10453 10454 10565 10564)
4(10564 10565 10676 10675)
4(10675 10676 10787 10786)
4(10786 10787 10898 10897)
4(10897 10898 11009 11008)
4(11008 11009 11120 11119)
4(11119 11120 11231 11230)
4(11230 11231 11342 11341)
4(11341 11342 11453 11452)
4(11452 11453 11564 11563)
4(11563 11564 11675 11674)
4(11674 11675 11786 11785)
4(11785 11786 11897 11896)
4(11896 11897 12008 12007)
4(12007 12008 12119 12118)
4(12118 12119 12230 12229)
4(12229 12230 12341 12340)
4(12340 12341 12452 12451)
4(12451 12452 12563 12562)
4(12562 12563 12674 12673)
4(12673 12674 12785 12784)
4(12784 12785 12896 12895)
4(12895 12896 13007 13006)
4(13006 13007 13118 13117)
4(13117 13118 13229 13228)
4(13228 13229 13340 13339)
4(13339 13340 13451 13450)
4(13450 13451 13562 13561)
4(13561 13562 13673 13672)
4(13672 13673 13784 13783)
4(13783 13784 13895 13894)
4(13894 13895 14006 14005)
4(14005 14006 14117 14116)
4(14116 14117 14228 14227)
4(14227 14228 14339 14338)
4(14338 14339 14450 14449)
4(14449 14450 14561 14560)
4(14560 14561 14672 14671)
4(14671 14672 14783 14782)
4(14782 14783 14894 14893)
4(14893 14894 15005 15004)
4(15004 15005 15116 15115)
4(15115 15116 15227 15226)
4(15226 15227 15338 15337)
4(15337 15338 15449 15448)
4(15448 15449 15560 15559)
4(15559 15560 15671 15670)
4(15670 15671 15782 15781)
4(15781 15782 15893 15892)
4(15892 15893 16004 16003)
4(16003 16004 16115 16114)
4(16114 16115 16226 16225)
4(16225 16226 16337 16336)
4(16336 16337 16448 16447)
4(16447 16448 16559 16558)
4(16558 16559 16670 16669)
4(16669 16670 16781 16780)
4(16780 16781 16892 16891)
4(16891 16892 17003 17002)
4(17002 17003 17114 17113)
4(17113 17114 17225 17224)
4(17224 17225 17336 17335)
4(17335 17336 17447 17446)
4(17446 17447 17558 17557)
4(17557 17558 17669 17668)
4(17668 17669 17780 17779)
4(17779 17780 17891 17890)
4(17890 17891 18002 18001)
4(18001 18002 18113 18112)
4(18112 18113 18224 18223)
4(18223 18224 18335 18334)
4(18334 18335 18446 18445)
4(18445 18446 18557 18556)
4(18556 18557 18668 18667)
4(18667 18668 18779 18778)
4(18778 18779 18890 18889)
4(18889 18890 19001 19000)
4(9566 9567 9678 9677)
4(9677 9678 9789 9788)
4(9788 9789 9900 9899)
4(9899 9900 10011 10010)
4(10010 10011 10122 10121)
4(10121 10122 10233 10232)
4(10232 10233 10344 10343)
4(10343 10344 10455 10454)
4(10454 10455 10566 10565)
4(10565 10566 10677 10676)
4(10676 10677 10788 10787)
4(10787 10788 10899 10898)
4(10898 10899 11010 11009)
4(11009 11010 11121 11120)
4(11120 11121 11232 11231)
4(11231 11232 11343 11342)
4(11342 11343 11454 11453)
4(11453 11454 11565 11564)
4(11564 11565 11676 11675)
4(11675 11676 11787 11786)
4(11786 11787 11898 11897)
4(11897 11898 12009 12008)
4(12008 12009 12120 12119)
4(12119 12120 12231 12230)
4(12230 12231 12342 12341)
4(12341 12342 12453 12452)
4(12452 12453 12564 12563)
4(12563 12564 12675 12674)
4(12674 12675 12786 12785)
4(12785 12786 12897 12896)
4(12896 12897 13008 13007)
4(13007 13008 13119 13118)
4(13118 13119 13230 13229)
4(13229 13230 13341 13340)
4(13340 13341 13452 13451)
4(13451 13452 13563 13562)
4(13562 13563 13674 13673)
4(13673 13674 13785 13784)
4(13784 13785 13896 13895)
4(13895 13896 14007 14006)
4(14006 14007 14118 14117)
4(14117 14118 14229 14228)
4(14228 14229 14340 14339)
4(14339 14340 14451 14450)
4(14450 14451 14562 14561)
4(14561 14562 14673 14672)
4(14672 14673 14784 14783)
4(14783 14784 14895 14894)
4(14894 14895 15006 15005)
4(15005 15006 15117 15116)
4(15116 15117 15228 15227)
4(15227 15228 15339 15338)
4(15338 15339 15450 15449)
4(15449 15450 15561 15560)
4(15560 15561 15672 15671)
4(15671 15672 15783 15782)
4(15782 15783 15894 15893)
4(15893 15894 16005 16004)
4(16004 16005 16116 16115)
4(16115 16116 16227 16226)
4(16226 16227 16338 16337)
4(16337 16338 16449 16448)
4(16448 16449 16560 16559)
4(16559 16560 16671 16670)
4(16670 16671 16782 16781)
4(16781 16782 16893 16892)
4(16892 16893 17004 17003)
4(17003 17004 17115 17114)
4(17114 17115 17226 17225)
4(17225 17226 17337 17336)
4(17336 17337 17448 17447)
4(17447 17448 17559 17558)
4(17558 17559 17670 17669)
4(17669 17670 17781 17780)
4(17780 17781 17892 17891)
4(17891 17892 18003 18002)
4(18002 18003 18114 18113)
4(18113 18114 18225 18224)
4(18224 18225 18336 18335)
4(18335 18336 18447 18446)
4(18446 18447 18558 18557)
4(18557 18558 18669 18668)
4(18668 18669 18780 18779)
4(18779 18780 18891 18890)
4(18890 18891 19002 19001)
4(9567 9568 9679 9678)
4(9678 9679 9790 9789)
4(9789 9790 9901 9900)
4(9900 9901 10012 10011)
4(10011 10012 10123 10122)
4(10122 10123 10234 10233)
4(10233 10234 10345 10344)
4(10344 10345 10456 10455)
4(10455 10456 10567 10566)
4(10566 10567 10678 10677)
4(10677 10678 10789 10788)
4(10788 10789 10900 10899)
4(10899 10900 11011 11010)
4(11010 11011 11122 11121)
4(11121 11122 11233 11232)
4(11232 11233 11344 11343)
4(11343 11344 11455 11454)
4(11454 11455 11566 11565)
4(11565 11566 11677 11676)
4(11676 11677 11788 11787)
4(11787 11788 11899 11898)
4(11898 11899 12010 12009)
4(12009 12010 12121 12120)
4(12120 12121 12232 12231)
4(12231 12232 12343 12342)
4(12342 12343 12454 12453)
4(12453 12454 12565 12564)
4(12564 12565 12676 12675)
4(12675 12676 12787 12786)
4(12786 12787 12898 12897)
4(12897 12898 13009 13008)
4(13008 13009 13120 13119)
4(13119 13120 13231 13230)
4(13230 13231 13342 13341)
4(13341 13342 13453 13452)
4(13452 13453 13564 13563)
4(13563 13564 13675 13674)
4(13674 13675 13786 13785)
4(13785 13786 13897 13896)
4(13896 13897 14008 14007)
4(14007 14008 14119 14118)
4(14118 14119 14230 14229)
4(14229 14230 14341 14340)
4(14340 14341 14452 14451)
4(14451 14452 14563 14562)
4(14562 14563 14674 14673)
4(14673 14674 14785 14784)
4(14784 14785 14896 14895)
4(14895 14896 15007 15006)
4(15006 15007 15118 15117)
4(15117 15118 15229 15228)
4(15228 15229 15340 15339)
4(15339 15340 15451 15450)
4(15450 15451 15562 15561)
4(15561 15562 15673 15672)
4(15672 15673 15784 15783)
4(15783 15784 15895 15894)
4(15894 15895 16006 16005)
4(16005 16006 16117 16116)
4(16116 16117 16228 16227)
4(16227 16228 16339 16338)
4(16338 16339 16450 16449)
4(16449 16450 16561 16560)
4(16560 16561 16672 16671)
4(16671 16672 16783 16782)
4(16782 16783 16894 16893)
4(16893 16894 17005 17004)
4(17004 17005 17116 17115)
4(17115 17116 17227 17226)
4(17226 17227 17338 17337)
4(17337 17338 17449 17448)
4(17448 17449 17560 17559)
4(17559 17560 17671 17670)
4(17670 17671 17782 17781)
4(17781 17782 17893 17892)
4(17892 17893 18004 18003)
4(18003 18004 18115 18114)
4(18114 18115 18226 18225)
4(18225 18226 18337 18336)
4(18336 18337 18448 18447)
4(18447 18448 18559 18558)
4(18558 18559 18670 18669)
4(18669 18670 18781 18780)
4(18780 18781 18892 18891)
4(18891 18892 19003 19002)
4(9568 9569 9680 9679)
4(9679 9680 9791 9790)
4(9790 9791 9902 9901)
4(9901 9902 10013 10012)
4(10012 10013 10124 10123)
4(10123 10124 10235 10234)
4(10234 10235 10346 10345)
4(10345 10346 10457 10456)
4(10456 10457 10568 10567)
4(10567 10568 10679 10678)
4(10678 10679 10790 10789)
4(10789 10790 10901 10900)
4(10900 10901 11012 11011)
4(11011 11012 11123 11122)
4(11122 11123 11234 11233)
4(11233 11234 11345 11344)
4(11344 11345 11456 11455)
4(11455 11456 11567 11566)
4(11566 11567 11678 11677)
4(11677 11678 11789 11788)
4(11788 11789 11900 11899)
4(11899 11900 12011 12010)
4(12010 12011 12122 12121)
4(12121 12122 12233 12232)
4(12232 12233 12344 12343)
4(12343 12344 12455 12454)
4(12454 12455 12566 12565)
4(12565 12566 12677 12676)
4(12676 12677 12788 12787)
4(12787 12788 12899 12898)
4(12898 12899 13010 13009)
4(13009 13010 13121 13120)
4(13120 13121 13232 13231)
4(13231 13232 13343 13342)
4(13342 13343 13454 13453)
4(13453 13454 13565 13564)
4(13564 13565 13676 13675)
4(13675 13676 13787 13786)
4(13786 13787 13898 13897)
4(13897 13898 14009 14008)
4(14008 14009 14120 14119)
4(14119 14120 14231 14230)
4(14230 14231 14342 14341)
4(14341 14342 14453 14452)
4(14452 14453 14564 14563)
4(14563 14564 14675 14674)
4(14674 14675 14786 14785)
4(14785 14786 14897 14896)
4(14896 14897 15008 15007)
4(15007 15008 15119 15118)
4(15118 15119 15230 15229)
4(15229 15230 15341 15340)
4(15340 15341 15452 15451)
4(15451 15452 15563 15562)
4(15562 15563 15674 15673)
4(15673 15674 15785 15784)
4(15784 15785 15896 15895)
4(15895 15896 16007 16006)
4(16006 16007 16118 16117)
4(16117 16118 16229 16228)
4(16228 16229 16340 16339)
4(16339 16340 16451 16450)
4(16450 16451 16562 16561)
4(16561 16562 16673 16672)
4(16672 16673 16784 16783)
4(16783 16784 16895 16894)
4(16894 16895 17006 17005)
4(17005 17006 17117 17116)
4(17116 17117 17228 17227)
4(17227 17228 17339 17338)
4(17338 17339 17450 17449)
4(17449 17450 17561 17560)
4(17560 17561 17672 17671)
4(17671 17672 17783 17782)
4(17782 17783 17894 17893)
4(17893 17894 18005 18004)
4(18004 18005 18116 18115)
4(18115 18116 18227 18226)
4(18226 18227 18338 18337)
4(18337 18338 18449 18448)
4(18448 18449 18560 18559)
4(18559 18560 18671 18670)
4(18670 18671 18782 18781)
4(18781 18782 18893 18892)
4(18892 18893 19004 19003)
4(9569 9570 9681 9680)
4(9680 9681 9792 9791)
4(9791 9792 9903 9902)
4(9902 9903 10014 10013)
4(10013 10014 10125 10124)
4(10124 10125 10236 10235)
4(10235 10236 10347 10346)
4(10346 10347 10458 10457)
4(10457 10458 10569 10568)
4(10568 10569 10680 10679)
4(10679 10680 10791 10790)
4(10790 10791 10902 10901)
4(10901 10902 11013 11012)
4(11012 11013 11124 11123)
4(11123 11124 11235 11234)
4(11234 11235 11346 11345)
4(11345 11346 11457 11456)
4(11456 11457 11568 11567)
4(11567 11568 11679 11678)
4(11678 11679 11790 11789)
4(11789 11790 11901 11900)
4(11900 11901 12012 12011)
4(12011 12012 12123 12122)
4(12122 12123 12234 12233)
4(12233 12234 12345 12344)
4(12344 12345 12456 12455)
4(12455 12456 12567 12566)
4(12566 12567 12678 12677)
4(12677 12678 12789 12788)
4(12788 12789 12900 12899)
4(12899 12900 13011 13010)
4(13010 13011 13122 13121)
4(13121 13122 13233 13232)
4(13232 13233 13344 13343)
4(13343 13344 13455 13454)
4(13454 13455 13566 13565)
4(13565 13566 13677 13676)
4(13676 13677 13788 13787)
4(13787 13788 13899 13898)
4(13898 13899 14010 14009)
4(14009 14010 14121 14120)
4(14120 14121 14232 14231)
4(14231 14232 14343 14342)
4(14342 14343 14454 14453)
4(14453 14454 14565 14564)
4(14564 14565 14676 14675)
4(14675 14676 14787 14786)
4(14786 14787 14898 14897)
4(14897 14898 15009 15008)
4(15008 15009 15120 15119)
4(15119 15120 15231 15230)
4(15230 15231 15342 15341)
4(15341 15342 15453 15452)
4(15452 15453 15564 15563)
4(15563 15564 15675 15674)
4(15674 15675 15786 15785)
4(15785 15786 15897 15896)
4(15896 15897 16008 16007)
4(16007 16008 16119 16118)
4(16118 16119 16230 16229)
4(16229 16230 16341 16340)
4(16340 16341 16452 16451)
4(16451 16452 16563 16562)
4(16562 16563 16674 16673)
4(16673 16674 16785 16784)
4(16784 16785 16896 16895)
4(16895 16896 17007 17006)
4(17006 17007 17118 17117)
4(17117 17118 17229 17228)
4(17228 17229 17340 17339)
4(17339 17340 17451 17450)
4(17450 17451 17562 17561)
4(17561 17562 17673 17672)
4(17672 17673 17784 17783)
4(17783 17784 17895 17894)
4(17894 17895 18006 18005)
4(18005 18006 18117 18116)
4(18116 18117 18228 18227)
4(18227 18228 18339 18338)
4(18338 18339 18450 18449)
4(18449 18450 18561 18560)
4(18560 18561 18672 18671)
4(18671 18672 18783 18782)
4(18782 18783 18894 18893)
4(18893 18894 19005 19004)
4(9570 9571 9682 9681)
4(9681 9682 9793 9792)
4(9792 9793 9904 9903)
4(9903 9904 10015 10014)
4(10014 10015 10126 10125)
4(10125 10126 10237 10236)
4(10236 10237 10348 10347)
4(10347 10348 10459 10458)
4(10458 10459 10570 10569)
4(10569 10570 10681 10680)
4(10680 10681 10792 10791)
4(10791 10792 10903 10902)
4(10902 10903 11014 11013)
4(11013 11014 11125 11124)
4(11124 11125 11236 11235)
4(11235 11236 11347 11346)
4(11346 11347 11458 11457)
4(11457 11458 11569 11568)
4(11568 11569 11680 11679)
4(11679 11680 11791 11790)
4(11790 11791 11902 11901)
4(11901 11902 12013 12012)
4(12012 12013 12124 12123)
4(12123 12124 12235 12234)
4(12234 12235 12346 12345)
4(12345 12346 12457 12456)
4(12456 12457 12568 12567)
4(12567 12568 12679 12678)
4(12678 12679 12790 12789)
4(12789 12790 12901 12900)
4(12900 12901 13012 13011)
4(13011 13012 13123 13122)
4(13122 13123 13234 13233)
4(13233 13234 13345 13344)
4(13344 13345 13456 13455)
4(13455 13456 13567 13566)
4(13566 13567 13678 13677)
4(13677 13678 13789 13788)
4(13788 13789 13900 13899)
4(13899 13900 14011 14010)
4(14010 14011 14122 14121)
4(14121 14122 14233 14232)
4(14232 14233 14344 14343)
4(14343 14344 14455 14454)
4(14454 14455 14566 14565)
4(14565 14566 14677 14676)
4(14676 14677 14788 14787)
4(14787 14788 14899 14898)
4(14898 14899 15010 15009)
4(15009 15010 15121 15120)
4(15120 15121 15232 15231)
4(15231 15232 15343 15342)
4(15342 15343 15454 15453)
4(15453 15454 15565 15564)
4(15564 15565 15676 15675)
4(15675 15676 15787 15786)
4(15786 15787 15898 15897)
4(15897 15898 16009 16008)
4(16008 16009 16120 16119)
4(16119 16120 16231 16230)
4(16230 16231 16342 16341)
4(16341 16342 16453 16452)
4(16452 16453 16564 16563)
4(16563 16564 16675 16674)
4(16674 16675 16786 16785)
4(16785 16786 16897 16896)
4(16896 16897 17008 17007)
4(17007 17008 17119 17118)
4(17118 17119 17230 17229)
4(17229 17230 17341 17340)
4(17340 17341 17452 17451)
4(17451 17452 17563 17562)
4(17562 17563 17674 17673)
4(17673 17674 17785 17784)
4(17784 17785 17896 17895)
4(17895 17896 18007 18006)
4(18006 18007 18118 18117)
4(18117 18118 18229 18228)
4(18228 18229 18340 18339)
4(18339 18340 18451 18450)
4(18450 18451 18562 18561)
4(18561 18562 18673 18672)
4(18672 18673 18784 18783)
4(18783 18784 18895 18894)
4(18894 18895 19006 19005)
4(9571 9572 9683 9682)
4(9682 9683 9794 9793)
4(9793 9794 9905 9904)
4(9904 9905 10016 10015)
4(10015 10016 10127 10126)
4(10126 10127 10238 10237)
4(10237 10238 10349 10348)
4(10348 10349 10460 10459)
4(10459 10460 10571 10570)
4(10570 10571 10682 10681)
4(10681 10682 10793 10792)
4(10792 10793 10904 10903)
4(10903 10904 11015 11014)
4(11014 11015 11126 11125)
4(11125 11126 11237 11236)
4(11236 11237 11348 11347)
4(11347 11348 11459 11458)
4(11458 11459 11570 11569)
4(11569 11570 11681 11680)
4(11680 11681 11792 11791)
4(11791 11792 11903 11902)
4(11902 11903 12014 12013)
4(12013 12014 12125 12124)
4(12124 12125 12236 12235)
4(12235 12236 12347 12346)
4(12346 12347 12458 12457)
4(12457 12458 12569 12568)
4(12568 12569 12680 12679)
4(12679 12680 12791 12790)
4(12790 12791 12902 12901)
4(12901 12902 13013 13012)
4(13012 13013 13124 13123)
4(13123 13124 13235 13234)
4(13234 13235 13346 13345)
4(13345 13346 13457 13456)
4(13456 13457 13568 13567)
4(13567 13568 13679 13678)
4(13678 13679 13790 13789)
4(13789 13790 13901 13900)
4(13900 13901 14012 14011)
4(14011 14012 14123 14122)
4(14122 14123 14234 14233)
4(14233 14234 14345 14344)
4(14344 14345 14456 14455)
4(14455 14456 14567 14566)
4(14566 14567 14678 14677)
4(14677 14678 14789 14788)
4(14788 14789 14900 14899)
4(14899 14900 15011 15010)
4(15010 15011 15122 15121)
4(15121 15122 15233 15232)
4(15232 15233 15344 15343)
4(15343 15344 15455 15454)
4(15454 15455 15566 15565)
4(15565 15566 15677 15676)
4(15676 15677 15788 15787)
4(15787 15788 15899 15898)
4(15898 15899 16010 16009)
4(16009 16010 16121 16120)
4(16120 16121 16232 16231)
4(16231 16232 16343 16342)
4(16342 16343 16454 16453)
4(16453 16454 16565 16564)
4(16564 16565 16676 16675)
4(16675 16676 16787 16786)
4(16786 16787 16898 16897)
4(16897 16898 17009 17008)
4(17008 17009 17120 17119)
4(17119 17120 17231 17230)
4(17230 17231 17342 17341)
4(17341 17342 17453 17452)
4(17452 17453 17564 17563)
4(17563 17564 17675 17674)
4(17674 17675 17786 17785)
4(17785 17786 17897 17896)
4(17896 17897 18008 18007)
4(18007 18008 18119 18118)
4(18118 18119 18230 18229)
4(18229 18230 18341 18340)
4(18340 18341 18452 18451)
4(18451 18452 18563 18562)
4(18562 18563 18674 18673)
4(18673 18674 18785 18784)
4(18784 18785 18896 18895)
4(18895 18896 19007 19006)
4(9572 9573 9684 9683)
4(9683 9684 9795 9794)
4(9794 9795 9906 9905)
4(9905 9906 10017 10016)
4(10016 10017 10128 10127)
4(10127 10128 10239 10238)
4(10238 10239 10350 10349)
4(10349 10350 10461 10460)
4(10460 10461 10572 10571)
4(10571 10572 10683 10682)
4(10682 10683 10794 10793)
4(10793 10794 10905 10904)
4(10904 10905 11016 11015)
4(11015 11016 11127 11126)
4(11126 11127 11238 11237)
4(11237 11238 11349 11348)
4(11348 11349 11460 11459)
4(11459 11460 11571 11570)
4(11570 11571 11682 11681)
4(11681 11682 11793 11792)
4(11792 11793 11904 11903)
4(11903 11904 12015 12014)
4(12014 12015 12126 12125)
4(12125 12126 12237 12236)
4(12236 12237 12348 12347)
4(12347 12348 12459 12458)
4(12458 12459 12570 12569)
4(12569 12570 12681 12680)
4(12680 12681 12792 12791)
4(12791 12792 12903 12902)
4(12902 12903 13014 13013)
4(13013 13014 13125 13124)
4(13124 13125 13236 13235)
4(13235 13236 13347 13346)
4(13346 13347 13458 13457)
4(13457 13458 13569 13568)
4(13568 13569 13680 13679)
4(13679 13680 13791 13790)
4(13790 13791 13902 13901)
4(13901 13902 14013 14012)
4(14012 14013 14124 14123)
4(14123 14124 14235 14234)
4(14234 14235 14346 14345)
4(14345 14346 14457 14456)
4(14456 14457 14568 14567)
4(14567 14568 14679 14678)
4(14678 14679 14790 14789)
4(14789 14790 14901 14900)
4(14900 14901 15012 15011)
4(15011 15012 15123 15122)
4(15122 15123 15234 15233)
4(15233 15234 15345 15344)
4(15344 15345 15456 15455)
4(15455 15456 15567 15566)
4(15566 15567 15678 15677)
4(15677 15678 15789 15788)
4(15788 15789 15900 15899)
4(15899 15900 16011 16010)
4(16010 16011 16122 16121)
4(16121 16122 16233 16232)
4(16232 16233 16344 16343)
4(16343 16344 16455 16454)
4(16454 16455 16566 16565)
4(16565 16566 16677 16676)
4(16676 16677 16788 16787)
4(16787 16788 16899 16898)
4(16898 16899 17010 17009)
4(17009 17010 17121 17120)
4(17120 17121 17232 17231)
4(17231 17232 17343 17342)
4(17342 17343 17454 17453)
4(17453 17454 17565 17564)
4(17564 17565 17676 17675)
4(17675 17676 17787 17786)
4(17786 17787 17898 17897)
4(17897 17898 18009 18008)
4(18008 18009 18120 18119)
4(18119 18120 18231 18230)
4(18230 18231 18342 18341)
4(18341 18342 18453 18452)
4(18452 18453 18564 18563)
4(18563 18564 18675 18674)
4(18674 18675 18786 18785)
4(18785 18786 18897 18896)
4(18896 18897 19008 19007)
4(9573 9574 9685 9684)
4(9684 9685 9796 9795)
4(9795 9796 9907 9906)
4(9906 9907 10018 10017)
4(10017 10018 10129 10128)
4(10128 10129 10240 10239)
4(10239 10240 10351 10350)
4(10350 10351 10462 10461)
4(10461 10462 10573 10572)
4(10572 10573 10684 10683)
4(10683 10684 10795 10794)
4(10794 10795 10906 10905)
4(10905 10906 11017 11016)
4(11016 11017 11128 11127)
4(11127 11128 11239 11238)
4(11238 11239 11350 11349)
4(11349 11350 11461 11460)
4(11460 11461 11572 11571)
4(11571 11572 11683 11682)
4(11682 11683 11794 11793)
4(11793 11794 11905 11904)
4(11904 11905 12016 12015)
4(12015 12016 12127 12126)
4(12126 12127 12238 12237)
4(12237 12238 12349 12348)
4(12348 12349 12460 12459)
4(12459 12460 12571 12570)
4(12570 12571 12682 12681)
4(12681 12682 12793 12792)
4(12792 12793 12904 12903)
4(12903 12904 13015 13014)
4(13014 13015 13126 13125)
4(13125 13126 13237 13236)
4(13236 13237 13348 13347)
4(13347 13348 13459 13458)
4(13458 13459 13570 13569)
4(13569 13570 13681 13680)
4(13680 13681 13792 13791)
4(13791 13792 13903 13902)
4(13902 13903 14014 14013)
4(14013 14014 14125 14124)
4(14124 14125 14236 14235)
4(14235 14236 14347 14346)
4(14346 14347 14458 14457)
4(14457 14458 14569 14568)
4(14568 14569 14680 14679)
4(14679 14680 14791 14790)
4(14790 14791 14902 14901)
4(14901 14902 15013 15012)
4(15012 15013 15124 15123)
4(15123 15124 15235 15234)
4(15234 15235 15346 15345)
4(15345 15346 15457 15456)
4(15456 15457 15568 15567)
4(15567 15568 15679 15678)
4(15678 15679 15790 15789)
4(15789 15790 15901 15900)
4(15900 15901 16012 16011)
4(16011 16012 16123 16122)
4(16122 16123 16234 16233)
4(16233 16234 16345 16344)
4(16344 16345 16456 16455)
4(16455 16456 16567 16566)
4(16566 16567 16678 16677)
4(16677 16678 16789 16788)
4(16788 16789 16900 16899)
4(16899 16900 17011 17010)
4(17010 17011 17122 17121)
4(17121 17122 17233 17232)
4(17232 17233 17344 17343)
4(17343 17344 17455 17454)
4(17454 17455 17566 17565)
4(17565 17566 17677 17676)
4(17676 17677 17788 17787)
4(17787 17788 17899 17898)
4(17898 17899 18010 18009)
4(18009 18010 18121 18120)
4(18120 18121 18232 18231)
4(18231 18232 18343 18342)
4(18342 18343 18454 18453)
4(18453 18454 18565 18564)
4(18564 18565 18676 18675)
4(18675 18676 18787 18786)
4(18786 18787 18898 18897)
4(18897 18898 19009 19008)
4(9574 9575 9686 9685)
4(9685 9686 9797 9796)
4(9796 9797 9908 9907)
4(9907 9908 10019 10018)
4(10018 10019 10130 10129)
4(10129 10130 10241 10240)
4(10240 10241 10352 10351)
4(10351 10352 10463 10462)
4(10462 10463 10574 10573)
4(10573 10574 10685 10684)
4(10684 10685 10796 10795)
4(10795 10796 10907 10906)
4(10906 10907 11018 11017)
4(11017 11018 11129 11128)
4(11128 11129 11240 11239)
4(11239 11240 11351 11350)
4(11350 11351 11462 11461)
4(11461 11462 11573 11572)
4(11572 11573 11684 11683)
4(11683 11684 11795 11794)
4(11794 11795 11906 11905)
4(11905 11906 12017 12016)
4(12016 12017 12128 12127)
4(12127 12128 12239 12238)
4(12238 12239 12350 12349)
4(12349 12350 12461 12460)
4(12460 12461 12572 12571)
4(12571 12572 12683 12682)
4(12682 12683 12794 12793)
4(12793 12794 12905 12904)
4(12904 12905 13016 13015)
4(13015 13016 13127 13126)
4(13126 13127 13238 13237)
4(13237 13238 13349 13348)
4(13348 13349 13460 13459)
4(13459 13460 13571 13570)
4(13570 13571 13682 13681)
4(13681 13682 13793 13792)
4(13792 13793 13904 13903)
4(13903 13904 14015 14014)
4(14014 14015 14126 14125)
4(14125 14126 14237 14236)
4(14236 14237 14348 14347)
4(14347 14348 14459 14458)
4(14458 14459 14570 14569)
4(14569 14570 14681 14680)
4(14680 14681 14792 14791)
4(14791 14792 14903 14902)
4(14902 14903 15014 15013)
4(15013 15014 15125 15124)
4(15124 15125 15236 15235)
4(15235 15236 15347 15346)
4(15346 15347 15458 15457)
4(15457 15458 15569 15568)
4(15568 15569 15680 15679)
4(15679 15680 15791 15790)
4(15790 15791 15902 15901)
4(15901 15902 16013 16012)
4(16012 16013 16124 16123)
4(16123 16124 16235 16234)
4(16234 16235 16346 16345)
4(16345 16346 16457 16456)
4(16456 16457 16568 16567)
4(16567 16568 16679 16678)
4(16678 16679 16790 16789)
4(16789 16790 16901 16900)
4(16900 16901 17012 17011)
4(17011 17012 17123 17122)
4(17122 17123 17234 17233)
4(17233 17234 17345 17344)
4(17344 17345 17456 17455)
4(17455 17456 17567 17566)
4(17566 17567 17678 17677)
4(17677 17678 17789 17788)
4(17788 17789 17900 17899)
4(17899 17900 18011 18010)
4(18010 18011 18122 18121)
4(18121 18122 18233 18232)
4(18232 18233 18344 18343)
4(18343 18344 18455 18454)
4(18454 18455 18566 18565)
4(18565 18566 18677 18676)
4(18676 18677 18788 18787)
4(18787 18788 18899 18898)
4(18898 18899 19010 19009)
4(9575 9576 9687 9686)
4(9686 9687 9798 9797)
4(9797 9798 9909 9908)
4(9908 9909 10020 10019)
4(10019 10020 10131 10130)
4(10130 10131 10242 10241)
4(10241 10242 10353 10352)
4(10352 10353 10464 10463)
4(10463 10464 10575 10574)
4(10574 10575 10686 10685)
4(10685 10686 10797 10796)
4(10796 10797 10908 10907)
4(10907 10908 11019 11018)
4(11018 11019 11130 11129)
4(11129 11130 11241 11240)
4(11240 11241 11352 11351)
4(11351 11352 11463 11462)
4(11462 11463 11574 11573)
4(11573 11574 11685 11684)
4(11684 11685 11796 11795)
4(11795 11796 11907 11906)
4(11906 11907 12018 12017)
4(12017 12018 12129 12128)
4(12128 12129 12240 12239)
4(12239 12240 12351 12350)
4(12350 12351 12462 12461)
4(12461 12462 12573 12572)
4(12572 12573 12684 12683)
4(12683 12684 12795 12794)
4(12794 12795 12906 12905)
4(12905 12906 13017 13016)
4(13016 13017 13128 13127)
4(13127 13128 13239 13238)
4(13238 13239 13350 13349)
4(13349 13350 13461 13460)
4(13460 13461 13572 13571)
4(13571 13572 13683 13682)
4(13682 13683 13794 13793)
4(13793 13794 13905 13904)
4(13904 13905 14016 14015)
4(14015 14016 14127 14126)
4(14126 14127 14238 14237)
4(14237 14238 14349 14348)
4(14348 14349 14460 14459)
4(14459 14460 14571 14570)
4(14570 14571 14682 14681)
4(14681 14682 14793 14792)
4(14792 14793 14904 14903)
4(14903 14904 15015 15014)
4(15014 15015 15126 15125)
4(15125 15126 15237 15236)
4(15236 15237 15348 15347)
4(15347 15348 15459 15458)
4(15458 15459 15570 15569)
4(15569 15570 15681 15680)
4(15680 15681 15792 15791)
4(15791 15792 15903 15902)
4(15902 15903 16014 16013)
4(16013 16014 16125 16124)
4(16124 16125 16236 16235)
4(16235 16236 16347 16346)
4(16346 16347 16458 16457)
4(16457 16458 16569 16568)
4(16568 16569 16680 16679)
4(16679 16680 16791 16790)
4(16790 16791 16902 16901)
4(16901 16902 17013 17012)
4(17012 17013 17124 17123)
4(17123 17124 17235 17234)
4(17234 17235 17346 17345)
4(17345 17346 17457 17456)
4(17456 17457 17568 17567)
4(17567 17568 17679 17678)
4(17678 17679 17790 17789)
4(17789 17790 17901 17900)
4(17900 17901 18012 18011)
4(18011 18012 18123 18122)
4(18122 18123 18234 18233)
4(18233 18234 18345 18344)
4(18344 18345 18456 18455)
4(18455 18456 18567 18566)
4(18566 18567 18678 18677)
4(18677 18678 18789 18788)
4(18788 18789 18900 18899)
4(18899 18900 19011 19010)
4(9576 9577 9688 9687)
4(9687 9688 9799 9798)
4(9798 9799 9910 9909)
4(9909 9910 10021 10020)
4(10020 10021 10132 10131)
4(10131 10132 10243 10242)
4(10242 10243 10354 10353)
4(10353 10354 10465 10464)
4(10464 10465 10576 10575)
4(10575 10576 10687 10686)
4(10686 10687 10798 10797)
4(10797 10798 10909 10908)
4(10908 10909 11020 11019)
4(11019 11020 11131 11130)
4(11130 11131 11242 11241)
4(11241 11242 11353 11352)
4(11352 11353 11464 11463)
4(11463 11464 11575 11574)
4(11574 11575 11686 11685)
4(11685 11686 11797 11796)
4(11796 11797 11908 11907)
4(11907 11908 12019 12018)
4(12018 12019 12130 12129)
4(12129 12130 12241 12240)
4(12240 12241 12352 12351)
4(12351 12352 12463 12462)
4(12462 12463 12574 12573)
4(12573 12574 12685 12684)
4(12684 12685 12796 12795)
4(12795 12796 12907 12906)
4(12906 12907 13018 13017)
4(13017 13018 13129 13128)
4(13128 13129 13240 13239)
4(13239 13240 13351 13350)
4(13350 13351 13462 13461)
4(13461 13462 13573 13572)
4(13572 13573 13684 13683)
4(13683 13684 13795 13794)
4(13794 13795 13906 13905)
4(13905 13906 14017 14016)
4(14016 14017 14128 14127)
4(14127 14128 14239 14238)
4(14238 14239 14350 14349)
4(14349 14350 14461 14460)
4(14460 14461 14572 14571)
4(14571 14572 14683 14682)
4(14682 14683 14794 14793)
4(14793 14794 14905 14904)
4(14904 14905 15016 15015)
4(15015 15016 15127 15126)
4(15126 15127 15238 15237)
4(15237 15238 15349 15348)
4(15348 15349 15460 15459)
4(15459 15460 15571 15570)
4(15570 15571 15682 15681)
4(15681 15682 15793 15792)
4(15792 15793 15904 15903)
4(15903 15904 16015 16014)
4(16014 16015 16126 16125)
4(16125 16126 16237 16236)
4(16236 16237 16348 16347)
4(16347 16348 16459 16458)
4(16458 16459 16570 16569)
4(16569 16570 16681 16680)
4(16680 16681 16792 16791)
4(16791 16792 16903 16902)
4(16902 16903 17014 17013)
4(17013 17014 17125 17124)
4(17124 17125 17236 17235)
4(17235 17236 17347 17346)
4(17346 17347 17458 17457)
4(17457 17458 17569 17568)
4(17568 17569 17680 17679)
4(17679 17680 17791 17790)
4(17790 17791 17902 17901)
4(17901 17902 18013 18012)
4(18012 18013 18124 18123)
4(18123 18124 18235 18234)
4(18234 18235 18346 18345)
4(18345 18346 18457 18456)
4(18456 18457 18568 18567)
4(18567 18568 18679 18678)
4(18678 18679 18790 18789)
4(18789 18790 18901 18900)
4(18900 18901 19012 19011)
4(9577 9578 9689 9688)
4(9688 9689 9800 9799)
4(9799 9800 9911 9910)
4(9910 9911 10022 10021)
4(10021 10022 10133 10132)
4(10132 10133 10244 10243)
4(10243 10244 10355 10354)
4(10354 10355 10466 10465)
4(10465 10466 10577 10576)
4(10576 10577 10688 10687)
4(10687 10688 10799 10798)
4(10798 10799 10910 10909)
4(10909 10910 11021 11020)
4(11020 11021 11132 11131)
4(11131 11132 11243 11242)
4(11242 11243 11354 11353)
4(11353 11354 11465 11464)
4(11464 11465 11576 11575)
4(11575 11576 11687 11686)
4(11686 11687 11798 11797)
4(11797 11798 11909 11908)
4(11908 11909 12020 12019)
4(12019 12020 12131 12130)
4(12130 12131 12242 12241)
4(12241 12242 12353 12352)
4(12352 12353 12464 12463)
4(12463 12464 12575 12574)
4(12574 12575 12686 12685)
4(12685 12686 12797 12796)
4(12796 12797 12908 12907)
4(12907 12908 13019 13018)
4(13018 13019 13130 13129)
4(13129 13130 13241 13240)
4(13240 13241 13352 13351)
4(13351 13352 13463 13462)
4(13462 13463 13574 13573)
4(13573 13574 13685 13684)
4(13684 13685 13796 13795)
4(13795 13796 13907 13906)
4(13906 13907 14018 14017)
4(14017 14018 14129 14128)
4(14128 14129 14240 14239)
4(14239 14240 14351 14350)
4(14350 14351 14462 14461)
4(14461 14462 14573 14572)
4(14572 14573 14684 14683)
4(14683 14684 14795 14794)
4(14794 14795 14906 14905)
4(14905 14906 15017 15016)
4(15016 15017 15128 15127)
4(15127 15128 15239 15238)
4(15238 15239 15350 15349)
4(15349 15350 15461 15460)
4(15460 15461 15572 15571)
4(15571 15572 15683 15682)
4(15682 15683 15794 15793)
4(15793 15794 15905 15904)
4(15904 15905 16016 16015)
4(16015 16016 16127 16126)
4(16126 16127 16238 16237)
4(16237 16238 16349 16348)
4(16348 16349 16460 16459)
4(16459 16460 16571 16570)
4(16570 16571 16682 16681)
4(16681 16682 16793 16792)
4(16792 16793 16904 16903)
4(16903 16904 17015 17014)
4(17014 17015 17126 17125)
4(17125 17126 17237 17236)
4(17236 17237 17348 17347)
4(17347 17348 17459 17458)
4(17458 17459 17570 17569)
4(17569 17570 17681 17680)
4(17680 17681 17792 17791)
4(17791 17792 17903 17902)
4(17902 17903 18014 18013)
4(18013 18014 18125 18124)
4(18124 18125 18236 18235)
4(18235 18236 18347 18346)
4(18346 18347 18458 18457)
4(18457 18458 18569 18568)
4(18568 18569 18680 18679)
4(18679 18680 18791 18790)
4(18790 18791 18902 18901)
4(18901 18902 19013 19012)
4(9578 9579 9690 9689)
4(9689 9690 9801 9800)
4(9800 9801 9912 9911)
4(9911 9912 10023 10022)
4(10022 10023 10134 10133)
4(10133 10134 10245 10244)
4(10244 10245 10356 10355)
4(10355 10356 10467 10466)
4(10466 10467 10578 10577)
4(10577 10578 10689 10688)
4(10688 10689 10800 10799)
4(10799 10800 10911 10910)
4(10910 10911 11022 11021)
4(11021 11022 11133 11132)
4(11132 11133 11244 11243)
4(11243 11244 11355 11354)
4(11354 11355 11466 11465)
4(11465 11466 11577 11576)
4(11576 11577 11688 11687)
4(11687 11688 11799 11798)
4(11798 11799 11910 11909)
4(11909 11910 12021 12020)
4(12020 12021 12132 12131)
4(12131 12132 12243 12242)
4(12242 12243 12354 12353)
4(12353 12354 12465 12464)
4(12464 12465 12576 12575)
4(12575 12576 12687 12686)
4(12686 12687 12798 12797)
4(12797 12798 12909 12908)
4(12908 12909 13020 13019)
4(13019 13020 13131 13130)
4(13130 13131 13242 13241)
4(13241 13242 13353 13352)
4(13352 13353 13464 13463)
4(13463 13464 13575 13574)
4(13574 13575 13686 13685)
4(13685 13686 13797 13796)
4(13796 13797 13908 13907)
4(13907 13908 14019 14018)
4(14018 14019 14130 14129)
4(14129 14130 14241 14240)
4(14240 14241 14352 14351)
4(14351 14352 14463 14462)
4(14462 14463 14574 14573)
4(14573 14574 14685 14684)
4(14684 14685 14796 14795)
4(14795 14796 14907 14906)
4(14906 14907 15018 15017)
4(15017 15018 15129 15128)
4(15128 15129 15240 15239)
4(15239 15240 15351 15350)
4(15350 15351 15462 15461)
4(15461 15462 15573 15572)
4(15572 15573 15684 15683)
4(15683 15684 15795 15794)
4(15794 15795 15906 15905)
4(15905 15906 16017 16016)
4(16016 16017 16128 16127)
4(16127 16128 16239 16238)
4(16238 16239 16350 16349)
4(16349 16350 16461 16460)
4(16460 16461 16572 16571)
4(16571 16572 16683 16682)
4(16682 16683 16794 16793)
4(16793 16794 16905 16904)
4(16904 16905 17016 17015)
4(17015 17016 17127 17126)
4(17126 17127 17238 17237)
4(17237 17238 17349 17348)
4(17348 17349 17460 17459)
4(17459 17460 17571 17570)
4(17570 17571 17682 17681)
4(17681 17682 17793 17792)
4(17792 17793 17904 17903)
4(17903 17904 18015 18014)
4(18014 18015 18126 18125)
4(18125 18126 18237 18236)
4(18236 18237 18348 18347)
4(18347 18348 18459 18458)
4(18458 18459 18570 18569)
4(18569 18570 18681 18680)
4(18680 18681 18792 18791)
4(18791 18792 18903 18902)
4(18902 18903 19014 19013)
4(9579 9580 9691 9690)
4(9690 9691 9802 9801)
4(9801 9802 9913 9912)
4(9912 9913 10024 10023)
4(10023 10024 10135 10134)
4(10134 10135 10246 10245)
4(10245 10246 10357 10356)
4(10356 10357 10468 10467)
4(10467 10468 10579 10578)
4(10578 10579 10690 10689)
4(10689 10690 10801 10800)
4(10800 10801 10912 10911)
4(10911 10912 11023 11022)
4(11022 11023 11134 11133)
4(11133 11134 11245 11244)
4(11244 11245 11356 11355)
4(11355 11356 11467 11466)
4(11466 11467 11578 11577)
4(11577 11578 11689 11688)
4(11688 11689 11800 11799)
4(11799 11800 11911 11910)
4(11910 11911 12022 12021)
4(12021 12022 12133 12132)
4(12132 12133 12244 12243)
4(12243 12244 12355 12354)
4(12354 12355 12466 12465)
4(12465 12466 12577 12576)
4(12576 12577 12688 12687)
4(12687 12688 12799 12798)
4(12798 12799 12910 12909)
4(12909 12910 13021 13020)
4(13020 13021 13132 13131)
4(13131 13132 13243 13242)
4(13242 13243 13354 13353)
4(13353 13354 13465 13464)
4(13464 13465 13576 13575)
4(13575 13576 13687 13686)
4(13686 13687 13798 13797)
4(13797 13798 13909 13908)
4(13908 13909 14020 14019)
4(14019 14020 14131 14130)
4(14130 14131 14242 14241)
4(14241 14242 14353 14352)
4(14352 14353 14464 14463)
4(14463 14464 14575 14574)
4(14574 14575 14686 14685)
4(14685 14686 14797 14796)
4(14796 14797 14908 14907)
4(14907 14908 15019 15018)
4(15018 15019 15130 15129)
4(15129 15130 15241 15240)
4(15240 15241 15352 15351)
4(15351 15352 15463 15462)
4(15462 15463 15574 15573)
4(15573 15574 15685 15684)
4(15684 15685 15796 15795)
4(15795 15796 15907 15906)
4(15906 15907 16018 16017)
4(16017 16018 16129 16128)
4(16128 16129 16240 16239)
4(16239 16240 16351 16350)
4(16350 16351 16462 16461)
4(16461 16462 16573 16572)
4(16572 16573 16684 16683)
4(16683 16684 16795 16794)
4(16794 16795 16906 16905)
4(16905 16906 17017 17016)
4(17016 17017 17128 17127)
4(17127 17128 17239 17238)
4(17238 17239 17350 17349)
4(17349 17350 17461 17460)
4(17460 17461 17572 17571)
4(17571 17572 17683 17682)
4(17682 17683 17794 17793)
4(17793 17794 17905 17904)
4(17904 17905 18016 18015)
4(18015 18016 18127 18126)
4(18126 18127 18238 18237)
4(18237 18238 18349 18348)
4(18348 18349 18460 18459)
4(18459 18460 18571 18570)
4(18570 18571 18682 18681)
4(18681 18682 18793 18792)
4(18792 18793 18904 18903)
4(18903 18904 19015 19014)
4(9580 9581 9692 9691)
4(9691 9692 9803 9802)
4(9802 9803 9914 9913)
4(9913 9914 10025 10024)
4(10024 10025 10136 10135)
4(10135 10136 10247 10246)
4(10246 10247 10358 10357)
4(10357 10358 10469 10468)
4(10468 10469 10580 10579)
4(10579 10580 10691 10690)
4(10690 10691 10802 10801)
4(10801 10802 10913 10912)
4(10912 10913 11024 11023)
4(11023 11024 11135 11134)
4(11134 11135 11246 11245)
4(11245 11246 11357 11356)
4(11356 11357 11468 11467)
4(11467 11468 11579 11578)
4(11578 11579 11690 11689)
4(11689 11690 11801 11800)
4(11800 11801 11912 11911)
4(11911 11912 12023 12022)
4(12022 12023 12134 12133)
4(12133 12134 12245 12244)
4(12244 12245 12356 12355)
4(12355 12356 12467 12466)
4(12466 12467 12578 12577)
4(12577 12578 12689 12688)
4(12688 12689 12800 12799)
4(12799 12800 12911 12910)
4(12910 12911 13022 13021)
4(13021 13022 13133 13132)
4(13132 13133 13244 13243)
4(13243 13244 13355 13354)
4(13354 13355 13466 13465)
4(13465 13466 13577 13576)
4(13576 13577 13688 13687)
4(13687 13688 13799 13798)
4(13798 13799 13910 13909)
4(13909 13910 14021 14020)
4(14020 14021 14132 14131)
4(14131 14132 14243 14242)
4(14242 14243 14354 14353)
4(14353 14354 14465 14464)
4(14464 14465 14576 14575)
4(14575 14576 14687 14686)
4(14686 14687 14798 14797)
4(14797 14798 14909 14908)
4(14908 14909 15020 15019)
4(15019 15020 15131 15130)
4(15130 15131 15242 15241)
4(15241 15242 15353 15352)
4(15352 15353 15464 15463)
4(15463 15464 15575 15574)
4(15574 15575 15686 15685)
4(15685 15686 15797 15796)
4(15796 15797 15908 15907)
4(15907 15908 16019 16018)
4(16018 16019 16130 16129)
4(16129 16130 16241 16240)
4(16240 16241 16352 16351)
4(16351 16352 16463 16462)
4(16462 16463 16574 16573)
4(16573 16574 16685 16684)
4(16684 16685 16796 16795)
4(16795 16796 16907 16906)
4(16906 16907 17018 17017)
4(17017 17018 17129 17128)
4(17128 17129 17240 17239)
4(17239 17240 17351 17350)
4(17350 17351 17462 17461)
4(17461 17462 17573 17572)
4(17572 17573 17684 17683)
4(17683 17684 17795 17794)
4(17794 17795 17906 17905)
4(17905 17906 18017 18016)
4(18016 18017 18128 18127)
4(18127 18128 18239 18238)
4(18238 18239 18350 18349)
4(18349 18350 18461 18460)
4(18460 18461 18572 18571)
4(18571 18572 18683 18682)
4(18682 18683 18794 18793)
4(18793 18794 18905 18904)
4(18904 18905 19016 19015)
4(9581 9582 9693 9692)
4(9692 9693 9804 9803)
4(9803 9804 9915 9914)
4(9914 9915 10026 10025)
4(10025 10026 10137 10136)
4(10136 10137 10248 10247)
4(10247 10248 10359 10358)
4(10358 10359 10470 10469)
4(10469 10470 10581 10580)
4(10580 10581 10692 10691)
4(10691 10692 10803 10802)
4(10802 10803 10914 10913)
4(10913 10914 11025 11024)
4(11024 11025 11136 11135)
4(11135 11136 11247 11246)
4(11246 11247 11358 11357)
4(11357 11358 11469 11468)
4(11468 11469 11580 11579)
4(11579 11580 11691 11690)
4(11690 11691 11802 11801)
4(11801 11802 11913 11912)
4(11912 11913 12024 12023)
4(12023 12024 12135 12134)
4(12134 12135 12246 12245)
4(12245 12246 12357 12356)
4(12356 12357 12468 12467)
4(12467 12468 12579 12578)
4(12578 12579 12690 12689)
4(12689 12690 12801 12800)
4(12800 12801 12912 12911)
4(12911 12912 13023 13022)
4(13022 13023 13134 13133)
4(13133 13134 13245 13244)
4(13244 13245 13356 13355)
4(13355 13356 13467 13466)
4(13466 13467 13578 13577)
4(13577 13578 13689 13688)
4(13688 13689 13800 13799)
4(13799 13800 13911 13910)
4(13910 13911 14022 14021)
4(14021 14022 14133 14132)
4(14132 14133 14244 14243)
4(14243 14244 14355 14354)
4(14354 14355 14466 14465)
4(14465 14466 14577 14576)
4(14576 14577 14688 14687)
4(14687 14688 14799 14798)
4(14798 14799 14910 14909)
4(14909 14910 15021 15020)
4(15020 15021 15132 15131)
4(15131 15132 15243 15242)
4(15242 15243 15354 15353)
4(15353 15354 15465 15464)
4(15464 15465 15576 15575)
4(15575 15576 15687 15686)
4(15686 15687 15798 15797)
4(15797 15798 15909 15908)
4(15908 15909 16020 16019)
4(16019 16020 16131 16130)
4(16130 16131 16242 16241)
4(16241 16242 16353 16352)
4(16352 16353 16464 16463)
4(16463 16464 16575 16574)
4(16574 16575 16686 16685)
4(16685 16686 16797 16796)
4(16796 16797 16908 16907)
4(16907 16908 17019 17018)
4(17018 17019 17130 17129)
4(17129 17130 17241 17240)
4(17240 17241 17352 17351)
4(17351 17352 17463 17462)
4(17462 17463 17574 17573)
4(17573 17574 17685 17684)
4(17684 17685 17796 17795)
4(17795 17796 17907 17906)
4(17906 17907 18018 18017)
4(18017 18018 18129 18128)
4(18128 18129 18240 18239)
4(18239 18240 18351 18350)
4(18350 18351 18462 18461)
4(18461 18462 18573 18572)
4(18572 18573 18684 18683)
4(18683 18684 18795 18794)
4(18794 18795 18906 18905)
4(18905 18906 19017 19016)
4(9582 9583 9694 9693)
4(9693 9694 9805 9804)
4(9804 9805 9916 9915)
4(9915 9916 10027 10026)
4(10026 10027 10138 10137)
4(10137 10138 10249 10248)
4(10248 10249 10360 10359)
4(10359 10360 10471 10470)
4(10470 10471 10582 10581)
4(10581 10582 10693 10692)
4(10692 10693 10804 10803)
4(10803 10804 10915 10914)
4(10914 10915 11026 11025)
4(11025 11026 11137 11136)
4(11136 11137 11248 11247)
4(11247 11248 11359 11358)
4(11358 11359 11470 11469)
4(11469 11470 11581 11580)
4(11580 11581 11692 11691)
4(11691 11692 11803 11802)
4(11802 11803 11914 11913)
4(11913 11914 12025 12024)
4(12024 12025 12136 12135)
4(12135 12136 12247 12246)
4(12246 12247 12358 12357)
4(12357 12358 12469 12468)
4(12468 12469 12580 12579)
4(12579 12580 12691 12690)
4(12690 12691 12802 12801)
4(12801 12802 12913 12912)
4(12912 12913 13024 13023)
4(13023 13024 13135 13134)
4(13134 13135 13246 13245)
4(13245 13246 13357 13356)
4(13356 13357 13468 13467)
4(13467 13468 13579 13578)
4(13578 13579 13690 13689)
4(13689 13690 13801 13800)
4(13800 13801 13912 13911)
4(13911 13912 14023 14022)
4(14022 14023 14134 14133)
4(14133 14134 14245 14244)
4(14244 14245 14356 14355)
4(14355 14356 14467 14466)
4(14466 14467 14578 14577)
4(14577 14578 14689 14688)
4(14688 14689 14800 14799)
4(14799 14800 14911 14910)
4(14910 14911 15022 15021)
4(15021 15022 15133 15132)
4(15132 15133 15244 15243)
4(15243 15244 15355 15354)
4(15354 15355 15466 15465)
4(15465 15466 15577 15576)
4(15576 15577 15688 15687)
4(15687 15688 15799 15798)
4(15798 15799 15910 15909)
4(15909 15910 16021 16020)
4(16020 16021 16132 16131)
4(16131 16132 16243 16242)
4(16242 16243 16354 16353)
4(16353 16354 16465 16464)
4(16464 16465 16576 16575)
4(16575 16576 16687 16686)
4(16686 16687 16798 16797)
4(16797 16798 16909 16908)
4(16908 16909 17020 17019)
4(17019 17020 17131 17130)
4(17130 17131 17242 17241)
4(17241 17242 17353 17352)
4(17352 17353 17464 17463)
4(17463 17464 17575 17574)
4(17574 17575 17686 17685)
4(17685 17686 17797 17796)
4(17796 17797 17908 17907)
4(17907 17908 18019 18018)
4(18018 18019 18130 18129)
4(18129 18130 18241 18240)
4(18240 18241 18352 18351)
4(18351 18352 18463 18462)
4(18462 18463 18574 18573)
4(18573 18574 18685 18684)
4(18684 18685 18796 18795)
4(18795 18796 18907 18906)
4(18906 18907 19018 19017)
4(9583 9584 9695 9694)
4(9694 9695 9806 9805)
4(9805 9806 9917 9916)
4(9916 9917 10028 10027)
4(10027 10028 10139 10138)
4(10138 10139 10250 10249)
4(10249 10250 10361 10360)
4(10360 10361 10472 10471)
4(10471 10472 10583 10582)
4(10582 10583 10694 10693)
4(10693 10694 10805 10804)
4(10804 10805 10916 10915)
4(10915 10916 11027 11026)
4(11026 11027 11138 11137)
4(11137 11138 11249 11248)
4(11248 11249 11360 11359)
4(11359 11360 11471 11470)
4(11470 11471 11582 11581)
4(11581 11582 11693 11692)
4(11692 11693 11804 11803)
4(11803 11804 11915 11914)
4(11914 11915 12026 12025)
4(12025 12026 12137 12136)
4(12136 12137 12248 12247)
4(12247 12248 12359 12358)
4(12358 12359 12470 12469)
4(12469 12470 12581 12580)
4(12580 12581 12692 12691)
4(12691 12692 12803 12802)
4(12802 12803 12914 12913)
4(12913 12914 13025 13024)
4(13024 13025 13136 13135)
4(13135 13136 13247 13246)
4(13246 13247 13358 13357)
4(13357 13358 13469 13468)
4(13468 13469 13580 13579)
4(13579 13580 13691 13690)
4(13690 13691 13802 13801)
4(13801 13802 13913 13912)
4(13912 13913 14024 14023)
4(14023 14024 14135 14134)
4(14134 14135 14246 14245)
4(14245 14246 14357 14356)
4(14356 14357 14468 14467)
4(14467 14468 14579 14578)
4(14578 14579 14690 14689)
4(14689 14690 14801 14800)
4(14800 14801 14912 14911)
4(14911 14912 15023 15022)
4(15022 15023 15134 15133)
4(15133 15134 15245 15244)
4(15244 15245 15356 15355)
4(15355 15356 15467 15466)
4(15466 15467 15578 15577)
4(15577 15578 15689 15688)
4(15688 15689 15800 15799)
4(15799 15800 15911 15910)
4(15910 15911 16022 16021)
4(16021 16022 16133 16132)
4(16132 16133 16244 16243)
4(16243 16244 16355 16354)
4(16354 16355 16466 16465)
4(16465 16466 16577 16576)
4(16576 16577 16688 16687)
4(16687 16688 16799 16798)
4(16798 16799 16910 16909)
4(16909 16910 17021 17020)
4(17020 17021 17132 17131)
4(17131 17132 17243 17242)
4(17242 17243 17354 17353)
4(17353 17354 17465 17464)
4(17464 17465 17576 17575)
4(17575 17576 17687 17686)
4(17686 17687 17798 17797)
4(17797 17798 17909 17908)
4(17908 17909 18020 18019)
4(18019 18020 18131 18130)
4(18130 18131 18242 18241)
4(18241 18242 18353 18352)
4(18352 18353 18464 18463)
4(18463 18464 18575 18574)
4(18574 18575 18686 18685)
4(18685 18686 18797 18796)
4(18796 18797 18908 18907)
4(18907 18908 19019 19018)
4(9584 9585 9696 9695)
4(9695 9696 9807 9806)
4(9806 9807 9918 9917)
4(9917 9918 10029 10028)
4(10028 10029 10140 10139)
4(10139 10140 10251 10250)
4(10250 10251 10362 10361)
4(10361 10362 10473 10472)
4(10472 10473 10584 10583)
4(10583 10584 10695 10694)
4(10694 10695 10806 10805)
4(10805 10806 10917 10916)
4(10916 10917 11028 11027)
4(11027 11028 11139 11138)
4(11138 11139 11250 11249)
4(11249 11250 11361 11360)
4(11360 11361 11472 11471)
4(11471 11472 11583 11582)
4(11582 11583 11694 11693)
4(11693 11694 11805 11804)
4(11804 11805 11916 11915)
4(11915 11916 12027 12026)
4(12026 12027 12138 12137)
4(12137 12138 12249 12248)
4(12248 12249 12360 12359)
4(12359 12360 12471 12470)
4(12470 12471 12582 12581)
4(12581 12582 12693 12692)
4(12692 12693 12804 12803)
4(12803 12804 12915 12914)
4(12914 12915 13026 13025)
4(13025 13026 13137 13136)
4(13136 13137 13248 13247)
4(13247 13248 13359 13358)
4(13358 13359 13470 13469)
4(13469 13470 13581 13580)
4(13580 13581 13692 13691)
4(13691 13692 13803 13802)
4(13802 13803 13914 13913)
4(13913 13914 14025 14024)
4(14024 14025 14136 14135)
4(14135 14136 14247 14246)
4(14246 14247 14358 14357)
4(14357 14358 14469 14468)
4(14468 14469 14580 14579)
4(14579 14580 14691 14690)
4(14690 14691 14802 14801)
4(14801 14802 14913 14912)
4(14912 14913 15024 15023)
4(15023 15024 15135 15134)
4(15134 15135 15246 15245)
4(15245 15246 15357 15356)
4(15356 15357 15468 15467)
4(15467 15468 15579 15578)
4(15578 15579 15690 15689)
4(15689 15690 15801 15800)
4(15800 15801 15912 15911)
4(15911 15912 16023 16022)
4(16022 16023 16134 16133)
4(16133 16134 16245 16244)
4(16244 16245 16356 16355)
4(16355 16356 16467 16466)
4(16466 16467 16578 16577)
4(16577 16578 16689 16688)
4(16688 16689 16800 16799)
4(16799 16800 16911 16910)
4(16910 16911 17022 17021)
4(17021 17022 17133 17132)
4(17132 17133 17244 17243)
4(17243 17244 17355 17354)
4(17354 17355 17466 17465)
4(17465 17466 17577 17576)
4(17576 17577 17688 17687)
4(17687 17688 17799 17798)
4(17798 17799 17910 17909)
4(17909 17910 18021 18020)
4(18020 18021 18132 18131)
4(18131 18132 18243 18242)
4(18242 18243 18354 18353)
4(18353 18354 18465 18464)
4(18464 18465 18576 18575)
4(18575 18576 18687 18686)
4(18686 18687 18798 18797)
4(18797 18798 18909 18908)
4(18908 18909 19020 19019)
4(9585 9586 9697 9696)
4(9696 9697 9808 9807)
4(9807 9808 9919 9918)
4(9918 9919 10030 10029)
4(10029 10030 10141 10140)
4(10140 10141 10252 10251)
4(10251 10252 10363 10362)
4(10362 10363 10474 10473)
4(10473 10474 10585 10584)
4(10584 10585 10696 10695)
4(10695 10696 10807 10806)
4(10806 10807 10918 10917)
4(10917 10918 11029 11028)
4(11028 11029 11140 11139)
4(11139 11140 11251 11250)
4(11250 11251 11362 11361)
4(11361 11362 11473 11472)
4(11472 11473 11584 11583)
4(11583 11584 11695 11694)
4(11694 11695 11806 11805)
4(11805 11806 11917 11916)
4(11916 11917 12028 12027)
4(12027 12028 12139 12138)
4(12138 12139 12250 12249)
4(12249 12250 12361 12360)
4(12360 12361 12472 12471)
4(12471 12472 12583 12582)
4(12582 12583 12694 12693)
4(12693 12694 12805 12804)
4(12804 12805 12916 12915)
4(12915 12916 13027 13026)
4(13026 13027 13138 13137)
4(13137 13138 13249 13248)
4(13248 13249 13360 13359)
4(13359 13360 13471 13470)
4(13470 13471 13582 13581)
4(13581 13582 13693 13692)
4(13692 13693 13804 13803)
4(13803 13804 13915 13914)
4(13914 13915 14026 14025)
4(14025 14026 14137 14136)
4(14136 14137 14248 14247)
4(14247 14248 14359 14358)
4(14358 14359 14470 14469)
4(14469 14470 14581 14580)
4(14580 14581 14692 14691)
4(14691 14692 14803 14802)
4(14802 14803 14914 14913)
4(14913 14914 15025 15024)
4(15024 15025 15136 15135)
4(15135 15136 15247 15246)
4(15246 15247 15358 15357)
4(15357 15358 15469 15468)
4(15468 15469 15580 15579)
4(15579 15580 15691 15690)
4(15690 15691 15802 15801)
4(15801 15802 15913 15912)
4(15912 15913 16024 16023)
4(16023 16024 16135 16134)
4(16134 16135 16246 16245)
4(16245 16246 16357 16356)
4(16356 16357 16468 16467)
4(16467 16468 16579 16578)
4(16578 16579 16690 16689)
4(16689 16690 16801 16800)
4(16800 16801 16912 16911)
4(16911 16912 17023 17022)
4(17022 17023 17134 17133)
4(17133 17134 17245 17244)
4(17244 17245 17356 17355)
4(17355 17356 17467 17466)
4(17466 17467 17578 17577)
4(17577 17578 17689 17688)
4(17688 17689 17800 17799)
4(17799 17800 17911 17910)
4(17910 17911 18022 18021)
4(18021 18022 18133 18132)
4(18132 18133 18244 18243)
4(18243 18244 18355 18354)
4(18354 18355 18466 18465)
4(18465 18466 18577 18576)
4(18576 18577 18688 18687)
4(18687 18688 18799 18798)
4(18798 18799 18910 18909)
4(18909 18910 19021 19020)
4(9586 9587 9698 9697)
4(9697 9698 9809 9808)
4(9808 9809 9920 9919)
4(9919 9920 10031 10030)
4(10030 10031 10142 10141)
4(10141 10142 10253 10252)
4(10252 10253 10364 10363)
4(10363 10364 10475 10474)
4(10474 10475 10586 10585)
4(10585 10586 10697 10696)
4(10696 10697 10808 10807)
4(10807 10808 10919 10918)
4(10918 10919 11030 11029)
4(11029 11030 11141 11140)
4(11140 11141 11252 11251)
4(11251 11252 11363 11362)
4(11362 11363 11474 11473)
4(11473 11474 11585 11584)
4(11584 11585 11696 11695)
4(11695 11696 11807 11806)
4(11806 11807 11918 11917)
4(11917 11918 12029 12028)
4(12028 12029 12140 12139)
4(12139 12140 12251 12250)
4(12250 12251 12362 12361)
4(12361 12362 12473 12472)
4(12472 12473 12584 12583)
4(12583 12584 12695 12694)
4(12694 12695 12806 12805)
4(12805 12806 12917 12916)
4(12916 12917 13028 13027)
4(13027 13028 13139 13138)
4(13138 13139 13250 13249)
4(13249 13250 13361 13360)
4(13360 13361 13472 13471)
4(13471 13472 13583 13582)
4(13582 13583 13694 13693)
4(13693 13694 13805 13804)
4(13804 13805 13916 13915)
4(13915 13916 14027 14026)
4(14026 14027 14138 14137)
4(14137 14138 14249 14248)
4(14248 14249 14360 14359)
4(14359 14360 14471 14470)
4(14470 14471 14582 14581)
4(14581 14582 14693 14692)
4(14692 14693 14804 14803)
4(14803 14804 14915 14914)
4(14914 14915 15026 15025)
4(15025 15026 15137 15136)
4(15136 15137 15248 15247)
4(15247 15248 15359 15358)
4(15358 15359 15470 15469)
4(15469 15470 15581 15580)
4(15580 15581 15692 15691)
4(15691 15692 15803 15802)
4(15802 15803 15914 15913)
4(15913 15914 16025 16024)
4(16024 16025 16136 16135)
4(16135 16136 16247 16246)
4(16246 16247 16358 16357)
4(16357 16358 16469 16468)
4(16468 16469 16580 16579)
4(16579 16580 16691 16690)
4(16690 16691 16802 16801)
4(16801 16802 16913 16912)
4(16912 16913 17024 17023)
4(17023 17024 17135 17134)
4(17134 17135 17246 17245)
4(17245 17246 17357 17356)
4(17356 17357 17468 17467)
4(17467 17468 17579 17578)
4(17578 17579 17690 17689)
4(17689 17690 17801 17800)
4(17800 17801 17912 17911)
4(17911 17912 18023 18022)
4(18022 18023 18134 18133)
4(18133 18134 18245 18244)
4(18244 18245 18356 18355)
4(18355 18356 18467 18466)
4(18466 18467 18578 18577)
4(18577 18578 18689 18688)
4(18688 18689 18800 18799)
4(18799 18800 18911 18910)
4(18910 18911 19022 19021)
4(9587 9588 9699 9698)
4(9698 9699 9810 9809)
4(9809 9810 9921 9920)
4(9920 9921 10032 10031)
4(10031 10032 10143 10142)
4(10142 10143 10254 10253)
4(10253 10254 10365 10364)
4(10364 10365 10476 10475)
4(10475 10476 10587 10586)
4(10586 10587 10698 10697)
4(10697 10698 10809 10808)
4(10808 10809 10920 10919)
4(10919 10920 11031 11030)
4(11030 11031 11142 11141)
4(11141 11142 11253 11252)
4(11252 11253 11364 11363)
4(11363 11364 11475 11474)
4(11474 11475 11586 11585)
4(11585 11586 11697 11696)
4(11696 11697 11808 11807)
4(11807 11808 11919 11918)
4(11918 11919 12030 12029)
4(12029 12030 12141 12140)
4(12140 12141 12252 12251)
4(12251 12252 12363 12362)
4(12362 12363 12474 12473)
4(12473 12474 12585 12584)
4(12584 12585 12696 12695)
4(12695 12696 12807 12806)
4(12806 12807 12918 12917)
4(12917 12918 13029 13028)
4(13028 13029 13140 13139)
4(13139 13140 13251 13250)
4(13250 13251 13362 13361)
4(13361 13362 13473 13472)
4(13472 13473 13584 13583)
4(13583 13584 13695 13694)
4(13694 13695 13806 13805)
4(13805 13806 13917 13916)
4(13916 13917 14028 14027)
4(14027 14028 14139 14138)
4(14138 14139 14250 14249)
4(14249 14250 14361 14360)
4(14360 14361 14472 14471)
4(14471 14472 14583 14582)
4(14582 14583 14694 14693)
4(14693 14694 14805 14804)
4(14804 14805 14916 14915)
4(14915 14916 15027 15026)
4(15026 15027 15138 15137)
4(15137 15138 15249 15248)
4(15248 15249 15360 15359)
4(15359 15360 15471 15470)
4(15470 15471 15582 15581)
4(15581 15582 15693 15692)
4(15692 15693 15804 15803)
4(15803 15804 15915 15914)
4(15914 15915 16026 16025)
4(16025 16026 16137 16136)
4(16136 16137 16248 16247)
4(16247 16248 16359 16358)
4(16358 16359 16470 16469)
4(16469 16470 16581 16580)
4(16580 16581 16692 16691)
4(16691 16692 16803 16802)
4(16802 16803 16914 16913)
4(16913 16914 17025 17024)
4(17024 17025 17136 17135)
4(17135 17136 17247 17246)
4(17246 17247 17358 17357)
4(17357 17358 17469 17468)
4(17468 17469 17580 17579)
4(17579 17580 17691 17690)
4(17690 17691 17802 17801)
4(17801 17802 17913 17912)
4(17912 17913 18024 18023)
4(18023 18024 18135 18134)
4(18134 18135 18246 18245)
4(18245 18246 18357 18356)
4(18356 18357 18468 18467)
4(18467 18468 18579 18578)
4(18578 18579 18690 18689)
4(18689 18690 18801 18800)
4(18800 18801 18912 18911)
4(18911 18912 19023 19022)
4(9588 9589 9700 9699)
4(9699 9700 9811 9810)
4(9810 9811 9922 9921)
4(9921 9922 10033 10032)
4(10032 10033 10144 10143)
4(10143 10144 10255 10254)
4(10254 10255 10366 10365)
4(10365 10366 10477 10476)
4(10476 10477 10588 10587)
4(10587 10588 10699 10698)
4(10698 10699 10810 10809)
4(10809 10810 10921 10920)
4(10920 10921 11032 11031)
4(11031 11032 11143 11142)
4(11142 11143 11254 11253)
4(11253 11254 11365 11364)
4(11364 11365 11476 11475)
4(11475 11476 11587 11586)
4(11586 11587 11698 11697)
4(11697 11698 11809 11808)
4(11808 11809 11920 11919)
4(11919 11920 12031 12030)
4(12030 12031 12142 12141)
4(12141 12142 12253 12252)
4(12252 12253 12364 12363)
4(12363 12364 12475 12474)
4(12474 12475 12586 12585)
4(12585 12586 12697 12696)
4(12696 12697 12808 12807)
4(12807 12808 12919 12918)
4(12918 12919 13030 13029)
4(13029 13030 13141 13140)
4(13140 13141 13252 13251)
4(13251 13252 13363 13362)
4(13362 13363 13474 13473)
4(13473 13474 13585 13584)
4(13584 13585 13696 13695)
4(13695 13696 13807 13806)
4(13806 13807 13918 13917)
4(13917 13918 14029 14028)
4(14028 14029 14140 14139)
4(14139 14140 14251 14250)
4(14250 14251 14362 14361)
4(14361 14362 14473 14472)
4(14472 14473 14584 14583)
4(14583 14584 14695 14694)
4(14694 14695 14806 14805)
4(14805 14806 14917 14916)
4(14916 14917 15028 15027)
4(15027 15028 15139 15138)
4(15138 15139 15250 15249)
4(15249 15250 15361 15360)
4(15360 15361 15472 15471)
4(15471 15472 15583 15582)
4(15582 15583 15694 15693)
4(15693 15694 15805 15804)
4(15804 15805 15916 15915)
4(15915 15916 16027 16026)
4(16026 16027 16138 16137)
4(16137 16138 16249 16248)
4(16248 16249 16360 16359)
4(16359 16360 16471 16470)
4(16470 16471 16582 16581)
4(16581 16582 16693 16692)
4(16692 16693 16804 16803)
4(16803 16804 16915 16914)
4(16914 16915 17026 17025)
4(17025 17026 17137 17136)
4(17136 17137 17248 17247)
4(17247 17248 17359 17358)
4(17358 17359 17470 17469)
4(17469 17470 17581 17580)
4(17580 17581 17692 17691)
4(17691 17692 17803 17802)
4(17802 17803 17914 17913)
4(17913 17914 18025 18024)
4(18024 18025 18136 18135)
4(18135 18136 18247 18246)
4(18246 18247 18358 18357)
4(18357 18358 18469 18468)
4(18468 18469 18580 18579)
4(18579 18580 18691 18690)
4(18690 18691 18802 18801)
4(18801 18802 18913 18912)
4(18912 18913 19024 19023)
4(9589 9590 9701 9700)
4(9700 9701 9812 9811)
4(9811 9812 9923 9922)
4(9922 9923 10034 10033)
4(10033 10034 10145 10144)
4(10144 10145 10256 10255)
4(10255 10256 10367 10366)
4(10366 10367 10478 10477)
4(10477 10478 10589 10588)
4(10588 10589 10700 10699)
4(10699 10700 10811 10810)
4(10810 10811 10922 10921)
4(10921 10922 11033 11032)
4(11032 11033 11144 11143)
4(11143 11144 11255 11254)
4(11254 11255 11366 11365)
4(11365 11366 11477 11476)
4(11476 11477 11588 11587)
4(11587 11588 11699 11698)
4(11698 11699 11810 11809)
4(11809 11810 11921 11920)
4(11920 11921 12032 12031)
4(12031 12032 12143 12142)
4(12142 12143 12254 12253)
4(12253 12254 12365 12364)
4(12364 12365 12476 12475)
4(12475 12476 12587 12586)
4(12586 12587 12698 12697)
4(12697 12698 12809 12808)
4(12808 12809 12920 12919)
4(12919 12920 13031 13030)
4(13030 13031 13142 13141)
4(13141 13142 13253 13252)
4(13252 13253 13364 13363)
4(13363 13364 13475 13474)
4(13474 13475 13586 13585)
4(13585 13586 13697 13696)
4(13696 13697 13808 13807)
4(13807 13808 13919 13918)
4(13918 13919 14030 14029)
4(14029 14030 14141 14140)
4(14140 14141 14252 14251)
4(14251 14252 14363 14362)
4(14362 14363 14474 14473)
4(14473 14474 14585 14584)
4(14584 14585 14696 14695)
4(14695 14696 14807 14806)
4(14806 14807 14918 14917)
4(14917 14918 15029 15028)
4(15028 15029 15140 15139)
4(15139 15140 15251 15250)
4(15250 15251 15362 15361)
4(15361 15362 15473 15472)
4(15472 15473 15584 15583)
4(15583 15584 15695 15694)
4(15694 15695 15806 15805)
4(15805 15806 15917 15916)
4(15916 15917 16028 16027)
4(16027 16028 16139 16138)
4(16138 16139 16250 16249)
4(16249 16250 16361 16360)
4(16360 16361 16472 16471)
4(16471 16472 16583 16582)
4(16582 16583 16694 16693)
4(16693 16694 16805 16804)
4(16804 16805 16916 16915)
4(16915 16916 17027 17026)
4(17026 17027 17138 17137)
4(17137 17138 17249 17248)
4(17248 17249 17360 17359)
4(17359 17360 17471 17470)
4(17470 17471 17582 17581)
4(17581 17582 17693 17692)
4(17692 17693 17804 17803)
4(17803 17804 17915 17914)
4(17914 17915 18026 18025)
4(18025 18026 18137 18136)
4(18136 18137 18248 18247)
4(18247 18248 18359 18358)
4(18358 18359 18470 18469)
4(18469 18470 18581 18580)
4(18580 18581 18692 18691)
4(18691 18692 18803 18802)
4(18802 18803 18914 18913)
4(18913 18914 19025 19024)
4(9590 9591 9702 9701)
4(9701 9702 9813 9812)
4(9812 9813 9924 9923)
4(9923 9924 10035 10034)
4(10034 10035 10146 10145)
4(10145 10146 10257 10256)
4(10256 10257 10368 10367)
4(10367 10368 10479 10478)
4(10478 10479 10590 10589)
4(10589 10590 10701 10700)
4(10700 10701 10812 10811)
4(10811 10812 10923 10922)
4(10922 10923 11034 11033)
4(11033 11034 11145 11144)
4(11144 11145 11256 11255)
4(11255 11256 11367 11366)
4(11366 11367 11478 11477)
4(11477 11478 11589 11588)
4(11588 11589 11700 11699)
4(11699 11700 11811 11810)
4(11810 11811 11922 11921)
4(11921 11922 12033 12032)
4(12032 12033 12144 12143)
4(12143 12144 12255 12254)
4(12254 12255 12366 12365)
4(12365 12366 12477 12476)
4(12476 12477 12588 12587)
4(12587 12588 12699 12698)
4(12698 12699 12810 12809)
4(12809 12810 12921 12920)
4(12920 12921 13032 13031)
4(13031 13032 13143 13142)
4(13142 13143 13254 13253)
4(13253 13254 13365 13364)
4(13364 13365 13476 13475)
4(13475 13476 13587 13586)
4(13586 13587 13698 13697)
4(13697 13698 13809 13808)
4(13808 13809 13920 13919)
4(13919 13920 14031 14030)
4(14030 14031 14142 14141)
4(14141 14142 14253 14252)
4(14252 14253 14364 14363)
4(14363 14364 14475 14474)
4(14474 14475 14586 14585)
4(14585 14586 14697 14696)
4(14696 14697 14808 14807)
4(14807 14808 14919 14918)
4(14918 14919 15030 15029)
4(15029 15030 15141 15140)
4(15140 15141 15252 15251)
4(15251 15252 15363 15362)
4(15362 15363 15474 15473)
4(15473 15474 15585 15584)
4(15584 15585 15696 15695)
4(15695 15696 15807 15806)
4(15806 15807 15918 15917)
4(15917 15918 16029 16028)
4(16028 16029 16140 16139)
4(16139 16140 16251 16250)
4(16250 16251 16362 16361)
4(16361 16362 16473 16472)
4(16472 16473 16584 16583)
4(16583 16584 16695 16694)
4(16694 16695 16806 16805)
4(16805 16806 16917 16916)
4(16916 16917 17028 17027)
4(17027 17028 17139 17138)
4(17138 17139 17250 17249)
4(17249 17250 17361 17360)
4(17360 17361 17472 17471)
4(17471 17472 17583 17582)
4(17582 17583 17694 17693)
4(17693 17694 17805 17804)
4(17804 17805 17916 17915)
4(17915 17916 18027 18026)
4(18026 18027 18138 18137)
4(18137 18138 18249 18248)
4(18248 18249 18360 18359)
4(18359 18360 18471 18470)
4(18470 18471 18582 18581)
4(18581 18582 18693 18692)
4(18692 18693 18804 18803)
4(18803 18804 18915 18914)
4(18914 18915 19026 19025)
4(9591 9592 9703 9702)
4(9702 9703 9814 9813)
4(9813 9814 9925 9924)
4(9924 9925 10036 10035)
4(10035 10036 10147 10146)
4(10146 10147 10258 10257)
4(10257 10258 10369 10368)
4(10368 10369 10480 10479)
4(10479 10480 10591 10590)
4(10590 10591 10702 10701)
4(10701 10702 10813 10812)
4(10812 10813 10924 10923)
4(10923 10924 11035 11034)
4(11034 11035 11146 11145)
4(11145 11146 11257 11256)
4(11256 11257 11368 11367)
4(11367 11368 11479 11478)
4(11478 11479 11590 11589)
4(11589 11590 11701 11700)
4(11700 11701 11812 11811)
4(11811 11812 11923 11922)
4(11922 11923 12034 12033)
4(12033 12034 12145 12144)
4(12144 12145 12256 12255)
4(12255 12256 12367 12366)
4(12366 12367 12478 12477)
4(12477 12478 12589 12588)
4(12588 12589 12700 12699)
4(12699 12700 12811 12810)
4(12810 12811 12922 12921)
4(12921 12922 13033 13032)
4(13032 13033 13144 13143)
4(13143 13144 13255 13254)
4(13254 13255 13366 13365)
4(13365 13366 13477 13476)
4(13476 13477 13588 13587)
4(13587 13588 13699 13698)
4(13698 13699 13810 13809)
4(13809 13810 13921 13920)
4(13920 13921 14032 14031)
4(14031 14032 14143 14142)
4(14142 14143 14254 14253)
4(14253 14254 14365 14364)
4(14364 14365 14476 14475)
4(14475 14476 14587 14586)
4(14586 14587 14698 14697)
4(14697 14698 14809 14808)
4(14808 14809 14920 14919)
4(14919 14920 15031 15030)
4(15030 15031 15142 15141)
4(15141 15142 15253 15252)
4(15252 15253 15364 15363)
4(15363 15364 15475 15474)
4(15474 15475 15586 15585)
4(15585 15586 15697 15696)
4(15696 15697 15808 15807)
4(15807 15808 15919 15918)
4(15918 15919 16030 16029)
4(16029 16030 16141 16140)
4(16140 16141 16252 16251)
4(16251 16252 16363 16362)
4(16362 16363 16474 16473)
4(16473 16474 16585 16584)
4(16584 16585 16696 16695)
4(16695 16696 16807 16806)
4(16806 16807 16918 16917)
4(16917 16918 17029 17028)
4(17028 17029 17140 17139)
4(17139 17140 17251 17250)
4(17250 17251 17362 17361)
4(17361 17362 17473 17472)
4(17472 17473 17584 17583)
4(17583 17584 17695 17694)
4(17694 17695 17806 17805)
4(17805 17806 17917 17916)
4(17916 17917 18028 18027)
4(18027 18028 18139 18138)
4(18138 18139 18250 18249)
4(18249 18250 18361 18360)
4(18360 18361 18472 18471)
4(18471 18472 18583 18582)
4(18582 18583 18694 18693)
4(18693 18694 18805 18804)
4(18804 18805 18916 18915)
4(18915 18916 19027 19026)
4(9592 9593 9704 9703)
4(9703 9704 9815 9814)
4(9814 9815 9926 9925)
4(9925 9926 10037 10036)
4(10036 10037 10148 10147)
4(10147 10148 10259 10258)
4(10258 10259 10370 10369)
4(10369 10370 10481 10480)
4(10480 10481 10592 10591)
4(10591 10592 10703 10702)
4(10702 10703 10814 10813)
4(10813 10814 10925 10924)
4(10924 10925 11036 11035)
4(11035 11036 11147 11146)
4(11146 11147 11258 11257)
4(11257 11258 11369 11368)
4(11368 11369 11480 11479)
4(11479 11480 11591 11590)
4(11590 11591 11702 11701)
4(11701 11702 11813 11812)
4(11812 11813 11924 11923)
4(11923 11924 12035 12034)
4(12034 12035 12146 12145)
4(12145 12146 12257 12256)
4(12256 12257 12368 12367)
4(12367 12368 12479 12478)
4(12478 12479 12590 12589)
4(12589 12590 12701 12700)
4(12700 12701 12812 12811)
4(12811 12812 12923 12922)
4(12922 12923 13034 13033)
4(13033 13034 13145 13144)
4(13144 13145 13256 13255)
4(13255 13256 13367 13366)
4(13366 13367 13478 13477)
4(13477 13478 13589 13588)
4(13588 13589 13700 13699)
4(13699 13700 13811 13810)
4(13810 13811 13922 13921)
4(13921 13922 14033 14032)
4(14032 14033 14144 14143)
4(14143 14144 14255 14254)
4(14254 14255 14366 14365)
4(14365 14366 14477 14476)
4(14476 14477 14588 14587)
4(14587 14588 14699 14698)
4(14698 14699 14810 14809)
4(14809 14810 14921 14920)
4(14920 14921 15032 15031)
4(15031 15032 15143 15142)
4(15142 15143 15254 15253)
4(15253 15254 15365 15364)
4(15364 15365 15476 15475)
4(15475 15476 15587 15586)
4(15586 15587 15698 15697)
4(15697 15698 15809 15808)
4(15808 15809 15920 15919)
4(15919 15920 16031 16030)
4(16030 16031 16142 16141)
4(16141 16142 16253 16252)
4(16252 16253 16364 16363)
4(16363 16364 16475 16474)
4(16474 16475 16586 16585)
4(16585 16586 16697 16696)
4(16696 16697 16808 16807)
4(16807 16808 16919 16918)
4(16918 16919 17030 17029)
4(17029 17030 17141 17140)
4(17140 17141 17252 17251)
4(17251 17252 17363 17362)
4(17362 17363 17474 17473)
4(17473 17474 17585 17584)
4(17584 17585 17696 17695)
4(17695 17696 17807 17806)
4(17806 17807 17918 17917)
4(17917 17918 18029 18028)
4(18028 18029 18140 18139)
4(18139 18140 18251 18250)
4(18250 18251 18362 18361)
4(18361 18362 18473 18472)
4(18472 18473 18584 18583)
4(18583 18584 18695 18694)
4(18694 18695 18806 18805)
4(18805 18806 18917 18916)
4(18916 18917 19028 19027)
4(9593 9594 9705 9704)
4(9704 9705 9816 9815)
4(9815 9816 9927 9926)
4(9926 9927 10038 10037)
4(10037 10038 10149 10148)
4(10148 10149 10260 10259)
4(10259 10260 10371 10370)
4(10370 10371 10482 10481)
4(10481 10482 10593 10592)
4(10592 10593 10704 10703)
4(10703 10704 10815 10814)
4(10814 10815 10926 10925)
4(10925 10926 11037 11036)
4(11036 11037 11148 11147)
4(11147 11148 11259 11258)
4(11258 11259 11370 11369)
4(11369 11370 11481 11480)
4(11480 11481 11592 11591)
4(11591 11592 11703 11702)
4(11702 11703 11814 11813)
4(11813 11814 11925 11924)
4(11924 11925 12036 12035)
4(12035 12036 12147 12146)
4(12146 12147 12258 12257)
4(12257 12258 12369 12368)
4(12368 12369 12480 12479)
4(12479 12480 12591 12590)
4(12590 12591 12702 12701)
4(12701 12702 12813 12812)
4(12812 12813 12924 12923)
4(12923 12924 13035 13034)
4(13034 13035 13146 13145)
4(13145 13146 13257 13256)
4(13256 13257 13368 13367)
4(13367 13368 13479 13478)
4(13478 13479 13590 13589)
4(13589 13590 13701 13700)
4(13700 13701 13812 13811)
4(13811 13812 13923 13922)
4(13922 13923 14034 14033)
4(14033 14034 14145 14144)
4(14144 14145 14256 14255)
4(14255 14256 14367 14366)
4(14366 14367 14478 14477)
4(14477 14478 14589 14588)
4(14588 14589 14700 14699)
4(14699 14700 14811 14810)
4(14810 14811 14922 14921)
4(14921 14922 15033 15032)
4(15032 15033 15144 15143)
4(15143 15144 15255 15254)
4(15254 15255 15366 15365)
4(15365 15366 15477 15476)
4(15476 15477 15588 15587)
4(15587 15588 15699 15698)
4(15698 15699 15810 15809)
4(15809 15810 15921 15920)
4(15920 15921 16032 16031)
4(16031 16032 16143 16142)
4(16142 16143 16254 16253)
4(16253 16254 16365 16364)
4(16364 16365 16476 16475)
4(16475 16476 16587 16586)
4(16586 16587 16698 16697)
4(16697 16698 16809 16808)
4(16808 16809 16920 16919)
4(16919 16920 17031 17030)
4(17030 17031 17142 17141)
4(17141 17142 17253 17252)
4(17252 17253 17364 17363)
4(17363 17364 17475 17474)
4(17474 17475 17586 17585)
4(17585 17586 17697 17696)
4(17696 17697 17808 17807)
4(17807 17808 17919 17918)
4(17918 17919 18030 18029)
4(18029 18030 18141 18140)
4(18140 18141 18252 18251)
4(18251 18252 18363 18362)
4(18362 18363 18474 18473)
4(18473 18474 18585 18584)
4(18584 18585 18696 18695)
4(18695 18696 18807 18806)
4(18806 18807 18918 18917)
4(18917 18918 19029 19028)
4(9594 9595 9706 9705)
4(9705 9706 9817 9816)
4(9816 9817 9928 9927)
4(9927 9928 10039 10038)
4(10038 10039 10150 10149)
4(10149 10150 10261 10260)
4(10260 10261 10372 10371)
4(10371 10372 10483 10482)
4(10482 10483 10594 10593)
4(10593 10594 10705 10704)
4(10704 10705 10816 10815)
4(10815 10816 10927 10926)
4(10926 10927 11038 11037)
4(11037 11038 11149 11148)
4(11148 11149 11260 11259)
4(11259 11260 11371 11370)
4(11370 11371 11482 11481)
4(11481 11482 11593 11592)
4(11592 11593 11704 11703)
4(11703 11704 11815 11814)
4(11814 11815 11926 11925)
4(11925 11926 12037 12036)
4(12036 12037 12148 12147)
4(12147 12148 12259 12258)
4(12258 12259 12370 12369)
4(12369 12370 12481 12480)
4(12480 12481 12592 12591)
4(12591 12592 12703 12702)
4(12702 12703 12814 12813)
4(12813 12814 12925 12924)
4(12924 12925 13036 13035)
4(13035 13036 13147 13146)
4(13146 13147 13258 13257)
4(13257 13258 13369 13368)
4(13368 13369 13480 13479)
4(13479 13480 13591 13590)
4(13590 13591 13702 13701)
4(13701 13702 13813 13812)
4(13812 13813 13924 13923)
4(13923 13924 14035 14034)
4(14034 14035 14146 14145)
4(14145 14146 14257 14256)
4(14256 14257 14368 14367)
4(14367 14368 14479 14478)
4(14478 14479 14590 14589)
4(14589 14590 14701 14700)
4(14700 14701 14812 14811)
4(14811 14812 14923 14922)
4(14922 14923 15034 15033)
4(15033 15034 15145 15144)
4(15144 15145 15256 15255)
4(15255 15256 15367 15366)
4(15366 15367 15478 15477)
4(15477 15478 15589 15588)
4(15588 15589 15700 15699)
4(15699 15700 15811 15810)
4(15810 15811 15922 15921)
4(15921 15922 16033 16032)
4(16032 16033 16144 16143)
4(16143 16144 16255 16254)
4(16254 16255 16366 16365)
4(16365 16366 16477 16476)
4(16476 16477 16588 16587)
4(16587 16588 16699 16698)
4(16698 16699 16810 16809)
4(16809 16810 16921 16920)
4(16920 16921 17032 17031)
4(17031 17032 17143 17142)
4(17142 17143 17254 17253)
4(17253 17254 17365 17364)
4(17364 17365 17476 17475)
4(17475 17476 17587 17586)
4(17586 17587 17698 17697)
4(17697 17698 17809 17808)
4(17808 17809 17920 17919)
4(17919 17920 18031 18030)
4(18030 18031 18142 18141)
4(18141 18142 18253 18252)
4(18252 18253 18364 18363)
4(18363 18364 18475 18474)
4(18474 18475 18586 18585)
4(18585 18586 18697 18696)
4(18696 18697 18808 18807)
4(18807 18808 18919 18918)
4(18918 18919 19030 19029)
4(9595 9596 9707 9706)
4(9706 9707 9818 9817)
4(9817 9818 9929 9928)
4(9928 9929 10040 10039)
4(10039 10040 10151 10150)
4(10150 10151 10262 10261)
4(10261 10262 10373 10372)
4(10372 10373 10484 10483)
4(10483 10484 10595 10594)
4(10594 10595 10706 10705)
4(10705 10706 10817 10816)
4(10816 10817 10928 10927)
4(10927 10928 11039 11038)
4(11038 11039 11150 11149)
4(11149 11150 11261 11260)
4(11260 11261 11372 11371)
4(11371 11372 11483 11482)
4(11482 11483 11594 11593)
4(11593 11594 11705 11704)
4(11704 11705 11816 11815)
4(11815 11816 11927 11926)
4(11926 11927 12038 12037)
4(12037 12038 12149 12148)
4(12148 12149 12260 12259)
4(12259 12260 12371 12370)
4(12370 12371 12482 12481)
4(12481 12482 12593 12592)
4(12592 12593 12704 12703)
4(12703 12704 12815 12814)
4(12814 12815 12926 12925)
4(12925 12926 13037 13036)
4(13036 13037 13148 13147)
4(13147 13148 13259 13258)
4(13258 13259 13370 13369)
4(13369 13370 13481 13480)
4(13480 13481 13592 13591)
4(13591 13592 13703 13702)
4(13702 13703 13814 13813)
4(13813 13814 13925 13924)
4(13924 13925 14036 14035)
4(14035 14036 14147 14146)
4(14146 14147 14258 14257)
4(14257 14258 14369 14368)
4(14368 14369 14480 14479)
4(14479 14480 14591 14590)
4(14590 14591 14702 14701)
4(14701 14702 14813 14812)
4(14812 14813 14924 14923)
4(14923 14924 15035 15034)
4(15034 15035 15146 15145)
4(15145 15146 15257 15256)
4(15256 15257 15368 15367)
4(15367 15368 15479 15478)
4(15478 15479 15590 15589)
4(15589 15590 15701 15700)
4(15700 15701 15812 15811)
4(15811 15812 15923 15922)
4(15922 15923 16034 16033)
4(16033 16034 16145 16144)
4(16144 16145 16256 16255)
4(16255 16256 16367 16366)
4(16366 16367 16478 16477)
4(16477 16478 16589 16588)
4(16588 16589 16700 16699)
4(16699 16700 16811 16810)
4(16810 16811 16922 16921)
4(16921 16922 17033 17032)
4(17032 17033 17144 17143)
4(17143 17144 17255 17254)
4(17254 17255 17366 17365)
4(17365 17366 17477 17476)
4(17476 17477 17588 17587)
4(17587 17588 17699 17698)
4(17698 17699 17810 17809)
4(17809 17810 17921 17920)
4(17920 17921 18032 18031)
4(18031 18032 18143 18142)
4(18142 18143 18254 18253)
4(18253 18254 18365 18364)
4(18364 18365 18476 18475)
4(18475 18476 18587 18586)
4(18586 18587 18698 18697)
4(18697 18698 18809 18808)
4(18808 18809 18920 18919)
4(18919 18920 19031 19030)
4(9596 9597 9708 9707)
4(9707 9708 9819 9818)
4(9818 9819 9930 9929)
4(9929 9930 10041 10040)
4(10040 10041 10152 10151)
4(10151 10152 10263 10262)
4(10262 10263 10374 10373)
4(10373 10374 10485 10484)
4(10484 10485 10596 10595)
4(10595 10596 10707 10706)
4(10706 10707 10818 10817)
4(10817 10818 10929 10928)
4(10928 10929 11040 11039)
4(11039 11040 11151 11150)
4(11150 11151 11262 11261)
4(11261 11262 11373 11372)
4(11372 11373 11484 11483)
4(11483 11484 11595 11594)
4(11594 11595 11706 11705)
4(11705 11706 11817 11816)
4(11816 11817 11928 11927)
4(11927 11928 12039 12038)
4(12038 12039 12150 12149)
4(12149 12150 12261 12260)
4(12260 12261 12372 12371)
4(12371 12372 12483 12482)
4(12482 12483 12594 12593)
4(12593 12594 12705 12704)
4(12704 12705 12816 12815)
4(12815 12816 12927 12926)
4(12926 12927 13038 13037)
4(13037 13038 13149 13148)
4(13148 13149 13260 13259)
4(13259 13260 13371 13370)
4(13370 13371 13482 13481)
4(13481 13482 13593 13592)
4(13592 13593 13704 13703)
4(13703 13704 13815 13814)
4(13814 13815 13926 13925)
4(13925 13926 14037 14036)
4(14036 14037 14148 14147)
4(14147 14148 14259 14258)
4(14258 14259 14370 14369)
4(14369 14370 14481 14480)
4(14480 14481 14592 14591)
4(14591 14592 14703 14702)
4(14702 14703 14814 14813)
4(14813 14814 14925 14924)
4(14924 14925 15036 15035)
4(15035 15036 15147 15146)
4(15146 15147 15258 15257)
4(15257 15258 15369 15368)
4(15368 15369 15480 15479)
4(15479 15480 15591 15590)
4(15590 15591 15702 15701)
4(15701 15702 15813 15812)
4(15812 15813 15924 15923)
4(15923 15924 16035 16034)
4(16034 16035 16146 16145)
4(16145 16146 16257 16256)
4(16256 16257 16368 16367)
4(16367 16368 16479 16478)
4(16478 16479 16590 16589)
4(16589 16590 16701 16700)
4(16700 16701 16812 16811)
4(16811 16812 16923 16922)
4(16922 16923 17034 17033)
4(17033 17034 17145 17144)
4(17144 17145 17256 17255)
4(17255 17256 17367 17366)
4(17366 17367 17478 17477)
4(17477 17478 17589 17588)
4(17588 17589 17700 17699)
4(17699 17700 17811 17810)
4(17810 17811 17922 17921)
4(17921 17922 18033 18032)
4(18032 18033 18144 18143)
4(18143 18144 18255 18254)
4(18254 18255 18366 18365)
4(18365 18366 18477 18476)
4(18476 18477 18588 18587)
4(18587 18588 18699 18698)
4(18698 18699 18810 18809)
4(18809 18810 18921 18920)
4(18920 18921 19032 19031)
4(9597 9598 9709 9708)
4(9708 9709 9820 9819)
4(9819 9820 9931 9930)
4(9930 9931 10042 10041)
4(10041 10042 10153 10152)
4(10152 10153 10264 10263)
4(10263 10264 10375 10374)
4(10374 10375 10486 10485)
4(10485 10486 10597 10596)
4(10596 10597 10708 10707)
4(10707 10708 10819 10818)
4(10818 10819 10930 10929)
4(10929 10930 11041 11040)
4(11040 11041 11152 11151)
4(11151 11152 11263 11262)
4(11262 11263 11374 11373)
4(11373 11374 11485 11484)
4(11484 11485 11596 11595)
4(11595 11596 11707 11706)
4(11706 11707 11818 11817)
4(11817 11818 11929 11928)
4(11928 11929 12040 12039)
4(12039 12040 12151 12150)
4(12150 12151 12262 12261)
4(12261 12262 12373 12372)
4(12372 12373 12484 12483)
4(12483 12484 12595 12594)
4(12594 12595 12706 12705)
4(12705 12706 12817 12816)
4(12816 12817 12928 12927)
4(12927 12928 13039 13038)
4(13038 13039 13150 13149)
4(13149 13150 13261 13260)
4(13260 13261 13372 13371)
4(13371 13372 13483 13482)
4(13482 13483 13594 13593)
4(13593 13594 13705 13704)
4(13704 13705 13816 13815)
4(13815 13816 13927 13926)
4(13926 13927 14038 14037)
4(14037 14038 14149 14148)
4(14148 14149 14260 14259)
4(14259 14260 14371 14370)
4(14370 14371 14482 14481)
4(14481 14482 14593 14592)
4(14592 14593 14704 14703)
4(14703 14704 14815 14814)
4(14814 14815 14926 14925)
4(14925 14926 15037 15036)
4(15036 15037 15148 15147)
4(15147 15148 15259 15258)
4(15258 15259 15370 15369)
4(15369 15370 15481 15480)
4(15480 15481 15592 15591)
4(15591 15592 15703 15702)
4(15702 15703 15814 15813)
4(15813 15814 15925 15924)
4(15924 15925 16036 16035)
4(16035 16036 16147 16146)
4(16146 16147 16258 16257)
4(16257 16258 16369 16368)
4(16368 16369 16480 16479)
4(16479 16480 16591 16590)
4(16590 16591 16702 16701)
4(16701 16702 16813 16812)
4(16812 16813 16924 16923)
4(16923 16924 17035 17034)
4(17034 17035 17146 17145)
4(17145 17146 17257 17256)
4(17256 17257 17368 17367)
4(17367 17368 17479 17478)
4(17478 17479 17590 17589)
4(17589 17590 17701 17700)
4(17700 17701 17812 17811)
4(17811 17812 17923 17922)
4(17922 17923 18034 18033)
4(18033 18034 18145 18144)
4(18144 18145 18256 18255)
4(18255 18256 18367 18366)
4(18366 18367 18478 18477)
4(18477 18478 18589 18588)
4(18588 18589 18700 18699)
4(18699 18700 18811 18810)
4(18810 18811 18922 18921)
4(18921 18922 19033 19032)
4(9598 9599 9710 9709)
4(9709 9710 9821 9820)
4(9820 9821 9932 9931)
4(9931 9932 10043 10042)
4(10042 10043 10154 10153)
4(10153 10154 10265 10264)
4(10264 10265 10376 10375)
4(10375 10376 10487 10486)
4(10486 10487 10598 10597)
4(10597 10598 10709 10708)
4(10708 10709 10820 10819)
4(10819 10820 10931 10930)
4(10930 10931 11042 11041)
4(11041 11042 11153 11152)
4(11152 11153 11264 11263)
4(11263 11264 11375 11374)
4(11374 11375 11486 11485)
4(11485 11486 11597 11596)
4(11596 11597 11708 11707)
4(11707 11708 11819 11818)
4(11818 11819 11930 11929)
4(11929 11930 12041 12040)
4(12040 12041 12152 12151)
4(12151 12152 12263 12262)
4(12262 12263 12374 12373)
4(12373 12374 12485 12484)
4(12484 12485 12596 12595)
4(12595 12596 12707 12706)
4(12706 12707 12818 12817)
4(12817 12818 12929 12928)
4(12928 12929 13040 13039)
4(13039 13040 13151 13150)
4(13150 13151 13262 13261)
4(13261 13262 13373 13372)
4(13372 13373 13484 13483)
4(13483 13484 13595 13594)
4(13594 13595 13706 13705)
4(13705 13706 13817 13816)
4(13816 13817 13928 13927)
4(13927 13928 14039 14038)
4(14038 14039 14150 14149)
4(14149 14150 14261 14260)
4(14260 14261 14372 14371)
4(14371 14372 14483 14482)
4(14482 14483 14594 14593)
4(14593 14594 14705 14704)
4(14704 14705 14816 14815)
4(14815 14816 14927 14926)
4(14926 14927 15038 15037)
4(15037 15038 15149 15148)
4(15148 15149 15260 15259)
4(15259 15260 15371 15370)
4(15370 15371 15482 15481)
4(15481 15482 15593 15592)
4(15592 15593 15704 15703)
4(15703 15704 15815 15814)
4(15814 15815 15926 15925)
4(15925 15926 16037 16036)
4(16036 16037 16148 16147)
4(16147 16148 16259 16258)
4(16258 16259 16370 16369)
4(16369 16370 16481 16480)
4(16480 16481 16592 16591)
4(16591 16592 16703 16702)
4(16702 16703 16814 16813)
4(16813 16814 16925 16924)
4(16924 16925 17036 17035)
4(17035 17036 17147 17146)
4(17146 17147 17258 17257)
4(17257 17258 17369 17368)
4(17368 17369 17480 17479)
4(17479 17480 17591 17590)
4(17590 17591 17702 17701)
4(17701 17702 17813 17812)
4(17812 17813 17924 17923)
4(17923 17924 18035 18034)
4(18034 18035 18146 18145)
4(18145 18146 18257 18256)
4(18256 18257 18368 18367)
4(18367 18368 18479 18478)
4(18478 18479 18590 18589)
4(18589 18590 18701 18700)
4(18700 18701 18812 18811)
4(18811 18812 18923 18922)
4(18922 18923 19034 19033)
4(9599 9600 9711 9710)
4(9710 9711 9822 9821)
4(9821 9822 9933 9932)
4(9932 9933 10044 10043)
4(10043 10044 10155 10154)
4(10154 10155 10266 10265)
4(10265 10266 10377 10376)
4(10376 10377 10488 10487)
4(10487 10488 10599 10598)
4(10598 10599 10710 10709)
4(10709 10710 10821 10820)
4(10820 10821 10932 10931)
4(10931 10932 11043 11042)
4(11042 11043 11154 11153)
4(11153 11154 11265 11264)
4(11264 11265 11376 11375)
4(11375 11376 11487 11486)
4(11486 11487 11598 11597)
4(11597 11598 11709 11708)
4(11708 11709 11820 11819)
4(11819 11820 11931 11930)
4(11930 11931 12042 12041)
4(12041 12042 12153 12152)
4(12152 12153 12264 12263)
4(12263 12264 12375 12374)
4(12374 12375 12486 12485)
4(12485 12486 12597 12596)
4(12596 12597 12708 12707)
4(12707 12708 12819 12818)
4(12818 12819 12930 12929)
4(12929 12930 13041 13040)
4(13040 13041 13152 13151)
4(13151 13152 13263 13262)
4(13262 13263 13374 13373)
4(13373 13374 13485 13484)
4(13484 13485 13596 13595)
4(13595 13596 13707 13706)
4(13706 13707 13818 13817)
4(13817 13818 13929 13928)
4(13928 13929 14040 14039)
4(14039 14040 14151 14150)
4(14150 14151 14262 14261)
4(14261 14262 14373 14372)
4(14372 14373 14484 14483)
4(14483 14484 14595 14594)
4(14594 14595 14706 14705)
4(14705 14706 14817 14816)
4(14816 14817 14928 14927)
4(14927 14928 15039 15038)
4(15038 15039 15150 15149)
4(15149 15150 15261 15260)
4(15260 15261 15372 15371)
4(15371 15372 15483 15482)
4(15482 15483 15594 15593)
4(15593 15594 15705 15704)
4(15704 15705 15816 15815)
4(15815 15816 15927 15926)
4(15926 15927 16038 16037)
4(16037 16038 16149 16148)
4(16148 16149 16260 16259)
4(16259 16260 16371 16370)
4(16370 16371 16482 16481)
4(16481 16482 16593 16592)
4(16592 16593 16704 16703)
4(16703 16704 16815 16814)
4(16814 16815 16926 16925)
4(16925 16926 17037 17036)
4(17036 17037 17148 17147)
4(17147 17148 17259 17258)
4(17258 17259 17370 17369)
4(17369 17370 17481 17480)
4(17480 17481 17592 17591)
4(17591 17592 17703 17702)
4(17702 17703 17814 17813)
4(17813 17814 17925 17924)
4(17924 17925 18036 18035)
4(18035 18036 18147 18146)
4(18146 18147 18258 18257)
4(18257 18258 18369 18368)
4(18368 18369 18480 18479)
4(18479 18480 18591 18590)
4(18590 18591 18702 18701)
4(18701 18702 18813 18812)
4(18812 18813 18924 18923)
4(18923 18924 19035 19034)
4(9600 9601 9712 9711)
4(9711 9712 9823 9822)
4(9822 9823 9934 9933)
4(9933 9934 10045 10044)
4(10044 10045 10156 10155)
4(10155 10156 10267 10266)
4(10266 10267 10378 10377)
4(10377 10378 10489 10488)
4(10488 10489 10600 10599)
4(10599 10600 10711 10710)
4(10710 10711 10822 10821)
4(10821 10822 10933 10932)
4(10932 10933 11044 11043)
4(11043 11044 11155 11154)
4(11154 11155 11266 11265)
4(11265 11266 11377 11376)
4(11376 11377 11488 11487)
4(11487 11488 11599 11598)
4(11598 11599 11710 11709)
4(11709 11710 11821 11820)
4(11820 11821 11932 11931)
4(11931 11932 12043 12042)
4(12042 12043 12154 12153)
4(12153 12154 12265 12264)
4(12264 12265 12376 12375)
4(12375 12376 12487 12486)
4(12486 12487 12598 12597)
4(12597 12598 12709 12708)
4(12708 12709 12820 12819)
4(12819 12820 12931 12930)
4(12930 12931 13042 13041)
4(13041 13042 13153 13152)
4(13152 13153 13264 13263)
4(13263 13264 13375 13374)
4(13374 13375 13486 13485)
4(13485 13486 13597 13596)
4(13596 13597 13708 13707)
4(13707 13708 13819 13818)
4(13818 13819 13930 13929)
4(13929 13930 14041 14040)
4(14040 14041 14152 14151)
4(14151 14152 14263 14262)
4(14262 14263 14374 14373)
4(14373 14374 14485 14484)
4(14484 14485 14596 14595)
4(14595 14596 14707 14706)
4(14706 14707 14818 14817)
4(14817 14818 14929 14928)
4(14928 14929 15040 15039)
4(15039 15040 15151 15150)
4(15150 15151 15262 15261)
4(15261 15262 15373 15372)
4(15372 15373 15484 15483)
4(15483 15484 15595 15594)
4(15594 15595 15706 15705)
4(15705 15706 15817 15816)
4(15816 15817 15928 15927)
4(15927 15928 16039 16038)
4(16038 16039 16150 16149)
4(16149 16150 16261 16260)
4(16260 16261 16372 16371)
4(16371 16372 16483 16482)
4(16482 16483 16594 16593)
4(16593 16594 16705 16704)
4(16704 16705 16816 16815)
4(16815 16816 16927 16926)
4(16926 16927 17038 17037)
4(17037 17038 17149 17148)
4(17148 17149 17260 17259)
4(17259 17260 17371 17370)
4(17370 17371 17482 17481)
4(17481 17482 17593 17592)
4(17592 17593 17704 17703)
4(17703 17704 17815 17814)
4(17814 17815 17926 17925)
4(17925 17926 18037 18036)
4(18036 18037 18148 18147)
4(18147 18148 18259 18258)
4(18258 18259 18370 18369)
4(18369 18370 18481 18480)
4(18480 18481 18592 18591)
4(18591 18592 18703 18702)
4(18702 18703 18814 18813)
4(18813 18814 18925 18924)
4(18924 18925 19036 19035)
4(9601 9602 9713 9712)
4(9712 9713 9824 9823)
4(9823 9824 9935 9934)
4(9934 9935 10046 10045)
4(10045 10046 10157 10156)
4(10156 10157 10268 10267)
4(10267 10268 10379 10378)
4(10378 10379 10490 10489)
4(10489 10490 10601 10600)
4(10600 10601 10712 10711)
4(10711 10712 10823 10822)
4(10822 10823 10934 10933)
4(10933 10934 11045 11044)
4(11044 11045 11156 11155)
4(11155 11156 11267 11266)
4(11266 11267 11378 11377)
4(11377 11378 11489 11488)
4(11488 11489 11600 11599)
4(11599 11600 11711 11710)
4(11710 11711 11822 11821)
4(11821 11822 11933 11932)
4(11932 11933 12044 12043)
4(12043 12044 12155 12154)
4(12154 12155 12266 12265)
4(12265 12266 12377 12376)
4(12376 12377 12488 12487)
4(12487 12488 12599 12598)
4(12598 12599 12710 12709)
4(12709 12710 12821 12820)
4(12820 12821 12932 12931)
4(12931 12932 13043 13042)
4(13042 13043 13154 13153)
4(13153 13154 13265 13264)
4(13264 13265 13376 13375)
4(13375 13376 13487 13486)
4(13486 13487 13598 13597)
4(13597 13598 13709 13708)
4(13708 13709 13820 13819)
4(13819 13820 13931 13930)
4(13930 13931 14042 14041)
4(14041 14042 14153 14152)
4(14152 14153 14264 14263)
4(14263 14264 14375 14374)
4(14374 14375 14486 14485)
4(14485 14486 14597 14596)
4(14596 14597 14708 14707)
4(14707 14708 14819 14818)
4(14818 14819 14930 14929)
4(14929 14930 15041 15040)
4(15040 15041 15152 15151)
4(15151 15152 15263 15262)
4(15262 15263 15374 15373)
4(15373 15374 15485 15484)
4(15484 15485 15596 15595)
4(15595 15596 15707 15706)
4(15706 15707 15818 15817)
4(15817 15818 15929 15928)
4(15928 15929 16040 16039)
4(16039 16040 16151 16150)
4(16150 16151 16262 16261)
4(16261 16262 16373 16372)
4(16372 16373 16484 16483)
4(16483 16484 16595 16594)
4(16594 16595 16706 16705)
4(16705 16706 16817 16816)
4(16816 16817 16928 16927)
4(16927 16928 17039 17038)
4(17038 17039 17150 17149)
4(17149 17150 17261 17260)
4(17260 17261 17372 17371)
4(17371 17372 17483 17482)
4(17482 17483 17594 17593)
4(17593 17594 17705 17704)
4(17704 17705 17816 17815)
4(17815 17816 17927 17926)
4(17926 17927 18038 18037)
4(18037 18038 18149 18148)
4(18148 18149 18260 18259)
4(18259 18260 18371 18370)
4(18370 18371 18482 18481)
4(18481 18482 18593 18592)
4(18592 18593 18704 18703)
4(18703 18704 18815 18814)
4(18814 18815 18926 18925)
4(18925 18926 19037 19036)
4(9602 9603 9714 9713)
4(9713 9714 9825 9824)
4(9824 9825 9936 9935)
4(9935 9936 10047 10046)
4(10046 10047 10158 10157)
4(10157 10158 10269 10268)
4(10268 10269 10380 10379)
4(10379 10380 10491 10490)
4(10490 10491 10602 10601)
4(10601 10602 10713 10712)
4(10712 10713 10824 10823)
4(10823 10824 10935 10934)
4(10934 10935 11046 11045)
4(11045 11046 11157 11156)
4(11156 11157 11268 11267)
4(11267 11268 11379 11378)
4(11378 11379 11490 11489)
4(11489 11490 11601 11600)
4(11600 11601 11712 11711)
4(11711 11712 11823 11822)
4(11822 11823 11934 11933)
4(11933 11934 12045 12044)
4(12044 12045 12156 12155)
4(12155 12156 12267 12266)
4(12266 12267 12378 12377)
4(12377 12378 12489 12488)
4(12488 12489 12600 12599)
4(12599 12600 12711 12710)
4(12710 12711 12822 12821)
4(12821 12822 12933 12932)
4(12932 12933 13044 13043)
4(13043 13044 13155 13154)
4(13154 13155 13266 13265)
4(13265 13266 13377 13376)
4(13376 13377 13488 13487)
4(13487 13488 13599 13598)
4(13598 13599 13710 13709)
4(13709 13710 13821 13820)
4(13820 13821 13932 13931)
4(13931 13932 14043 14042)
4(14042 14043 14154 14153)
4(14153 14154 14265 14264)
4(14264 14265 14376 14375)
4(14375 14376 14487 14486)
4(14486 14487 14598 14597)
4(14597 14598 14709 14708)
4(14708 14709 14820 14819)
4(14819 14820 14931 14930)
4(14930 14931 15042 15041)
4(15041 15042 15153 15152)
4(15152 15153 15264 15263)
4(15263 15264 15375 15374)
4(15374 15375 15486 15485)
4(15485 15486 15597 15596)
4(15596 15597 15708 15707)
4(15707 15708 15819 15818)
4(15818 15819 15930 15929)
4(15929 15930 16041 16040)
4(16040 16041 16152 16151)
4(16151 16152 16263 16262)
4(16262 16263 16374 16373)
4(16373 16374 16485 16484)
4(16484 16485 16596 16595)
4(16595 16596 16707 16706)
4(16706 16707 16818 16817)
4(16817 16818 16929 16928)
4(16928 16929 17040 17039)
4(17039 17040 17151 17150)
4(17150 17151 17262 17261)
4(17261 17262 17373 17372)
4(17372 17373 17484 17483)
4(17483 17484 17595 17594)
4(17594 17595 17706 17705)
4(17705 17706 17817 17816)
4(17816 17817 17928 17927)
4(17927 17928 18039 18038)
4(18038 18039 18150 18149)
4(18149 18150 18261 18260)
4(18260 18261 18372 18371)
4(18371 18372 18483 18482)
4(18482 18483 18594 18593)
4(18593 18594 18705 18704)
4(18704 18705 18816 18815)
4(18815 18816 18927 18926)
4(18926 18927 19038 19037)
4(9603 9604 9715 9714)
4(9714 9715 9826 9825)
4(9825 9826 9937 9936)
4(9936 9937 10048 10047)
4(10047 10048 10159 10158)
4(10158 10159 10270 10269)
4(10269 10270 10381 10380)
4(10380 10381 10492 10491)
4(10491 10492 10603 10602)
4(10602 10603 10714 10713)
4(10713 10714 10825 10824)
4(10824 10825 10936 10935)
4(10935 10936 11047 11046)
4(11046 11047 11158 11157)
4(11157 11158 11269 11268)
4(11268 11269 11380 11379)
4(11379 11380 11491 11490)
4(11490 11491 11602 11601)
4(11601 11602 11713 11712)
4(11712 11713 11824 11823)
4(11823 11824 11935 11934)
4(11934 11935 12046 12045)
4(12045 12046 12157 12156)
4(12156 12157 12268 12267)
4(12267 12268 12379 12378)
4(12378 12379 12490 12489)
4(12489 12490 12601 12600)
4(12600 12601 12712 12711)
4(12711 12712 12823 12822)
4(12822 12823 12934 12933)
4(12933 12934 13045 13044)
4(13044 13045 13156 13155)
4(13155 13156 13267 13266)
4(13266 13267 13378 13377)
4(13377 13378 13489 13488)
4(13488 13489 13600 13599)
4(13599 13600 13711 13710)
4(13710 13711 13822 13821)
4(13821 13822 13933 13932)
4(13932 13933 14044 14043)
4(14043 14044 14155 14154)
4(14154 14155 14266 14265)
4(14265 14266 14377 14376)
4(14376 14377 14488 14487)
4(14487 14488 14599 14598)
4(14598 14599 14710 14709)
4(14709 14710 14821 14820)
4(14820 14821 14932 14931)
4(14931 14932 15043 15042)
4(15042 15043 15154 15153)
4(15153 15154 15265 15264)
4(15264 15265 15376 15375)
4(15375 15376 15487 15486)
4(15486 15487 15598 15597)
4(15597 15598 15709 15708)
4(15708 15709 15820 15819)
4(15819 15820 15931 15930)
4(15930 15931 16042 16041)
4(16041 16042 16153 16152)
4(16152 16153 16264 16263)
4(16263 16264 16375 16374)
4(16374 16375 16486 16485)
4(16485 16486 16597 16596)
4(16596 16597 16708 16707)
4(16707 16708 16819 16818)
4(16818 16819 16930 16929)
4(16929 16930 17041 17040)
4(17040 17041 17152 17151)
4(17151 17152 17263 17262)
4(17262 17263 17374 17373)
4(17373 17374 17485 17484)
4(17484 17485 17596 17595)
4(17595 17596 17707 17706)
4(17706 17707 17818 17817)
4(17817 17818 17929 17928)
4(17928 17929 18040 18039)
4(18039 18040 18151 18150)
4(18150 18151 18262 18261)
4(18261 18262 18373 18372)
4(18372 18373 18484 18483)
4(18483 18484 18595 18594)
4(18594 18595 18706 18705)
4(18705 18706 18817 18816)
4(18816 18817 18928 18927)
4(18927 18928 19039 19038)
4(9604 9605 9716 9715)
4(9715 9716 9827 9826)
4(9826 9827 9938 9937)
4(9937 9938 10049 10048)
4(10048 10049 10160 10159)
4(10159 10160 10271 10270)
4(10270 10271 10382 10381)
4(10381 10382 10493 10492)
4(10492 10493 10604 10603)
4(10603 10604 10715 10714)
4(10714 10715 10826 10825)
4(10825 10826 10937 10936)
4(10936 10937 11048 11047)
4(11047 11048 11159 11158)
4(11158 11159 11270 11269)
4(11269 11270 11381 11380)
4(11380 11381 11492 11491)
4(11491 11492 11603 11602)
4(11602 11603 11714 11713)
4(11713 11714 11825 11824)
4(11824 11825 11936 11935)
4(11935 11936 12047 12046)
4(12046 12047 12158 12157)
4(12157 12158 12269 12268)
4(12268 12269 12380 12379)
4(12379 12380 12491 12490)
4(12490 12491 12602 12601)
4(12601 12602 12713 12712)
4(12712 12713 12824 12823)
4(12823 12824 12935 12934)
4(12934 12935 13046 13045)
4(13045 13046 13157 13156)
4(13156 13157 13268 13267)
4(13267 13268 13379 13378)
4(13378 13379 13490 13489)
4(13489 13490 13601 13600)
4(13600 13601 13712 13711)
4(13711 13712 13823 13822)
4(13822 13823 13934 13933)
4(13933 13934 14045 14044)
4(14044 14045 14156 14155)
4(14155 14156 14267 14266)
4(14266 14267 14378 14377)
4(14377 14378 14489 14488)
4(14488 14489 14600 14599)
4(14599 14600 14711 14710)
4(14710 14711 14822 14821)
4(14821 14822 14933 14932)
4(14932 14933 15044 15043)
4(15043 15044 15155 15154)
4(15154 15155 15266 15265)
4(15265 15266 15377 15376)
4(15376 15377 15488 15487)
4(15487 15488 15599 15598)
4(15598 15599 15710 15709)
4(15709 15710 15821 15820)
4(15820 15821 15932 15931)
4(15931 15932 16043 16042)
4(16042 16043 16154 16153)
4(16153 16154 16265 16264)
4(16264 16265 16376 16375)
4(16375 16376 16487 16486)
4(16486 16487 16598 16597)
4(16597 16598 16709 16708)
4(16708 16709 16820 16819)
4(16819 16820 16931 16930)
4(16930 16931 17042 17041)
4(17041 17042 17153 17152)
4(17152 17153 17264 17263)
4(17263 17264 17375 17374)
4(17374 17375 17486 17485)
4(17485 17486 17597 17596)
4(17596 17597 17708 17707)
4(17707 17708 17819 17818)
4(17818 17819 17930 17929)
4(17929 17930 18041 18040)
4(18040 18041 18152 18151)
4(18151 18152 18263 18262)
4(18262 18263 18374 18373)
4(18373 18374 18485 18484)
4(18484 18485 18596 18595)
4(18595 18596 18707 18706)
4(18706 18707 18818 18817)
4(18817 18818 18929 18928)
4(18928 18929 19040 19039)
4(9605 9606 9717 9716)
4(9716 9717 9828 9827)
4(9827 9828 9939 9938)
4(9938 9939 10050 10049)
4(10049 10050 10161 10160)
4(10160 10161 10272 10271)
4(10271 10272 10383 10382)
4(10382 10383 10494 10493)
4(10493 10494 10605 10604)
4(10604 10605 10716 10715)
4(10715 10716 10827 10826)
4(10826 10827 10938 10937)
4(10937 10938 11049 11048)
4(11048 11049 11160 11159)
4(11159 11160 11271 11270)
4(11270 11271 11382 11381)
4(11381 11382 11493 11492)
4(11492 11493 11604 11603)
4(11603 11604 11715 11714)
4(11714 11715 11826 11825)
4(11825 11826 11937 11936)
4(11936 11937 12048 12047)
4(12047 12048 12159 12158)
4(12158 12159 12270 12269)
4(12269 12270 12381 12380)
4(12380 12381 12492 12491)
4(12491 12492 12603 12602)
4(12602 12603 12714 12713)
4(12713 12714 12825 12824)
4(12824 12825 12936 12935)
4(12935 12936 13047 13046)
4(13046 13047 13158 13157)
4(13157 13158 13269 13268)
4(13268 13269 13380 13379)
4(13379 13380 13491 13490)
4(13490 13491 13602 13601)
4(13601 13602 13713 13712)
4(13712 13713 13824 13823)
4(13823 13824 13935 13934)
4(13934 13935 14046 14045)
4(14045 14046 14157 14156)
4(14156 14157 14268 14267)
4(14267 14268 14379 14378)
4(14378 14379 14490 14489)
4(14489 14490 14601 14600)
4(14600 14601 14712 14711)
4(14711 14712 14823 14822)
4(14822 14823 14934 14933)
4(14933 14934 15045 15044)
4(15044 15045 15156 15155)
4(15155 15156 15267 15266)
4(15266 15267 15378 15377)
4(15377 15378 15489 15488)
4(15488 15489 15600 15599)
4(15599 15600 15711 15710)
4(15710 15711 15822 15821)
4(15821 15822 15933 15932)
4(15932 15933 16044 16043)
4(16043 16044 16155 16154)
4(16154 16155 16266 16265)
4(16265 16266 16377 16376)
4(16376 16377 16488 16487)
4(16487 16488 16599 16598)
4(16598 16599 16710 16709)
4(16709 16710 16821 16820)
4(16820 16821 16932 16931)
4(16931 16932 17043 17042)
4(17042 17043 17154 17153)
4(17153 17154 17265 17264)
4(17264 17265 17376 17375)
4(17375 17376 17487 17486)
4(17486 17487 17598 17597)
4(17597 17598 17709 17708)
4(17708 17709 17820 17819)
4(17819 17820 17931 17930)
4(17930 17931 18042 18041)
4(18041 18042 18153 18152)
4(18152 18153 18264 18263)
4(18263 18264 18375 18374)
4(18374 18375 18486 18485)
4(18485 18486 18597 18596)
4(18596 18597 18708 18707)
4(18707 18708 18819 18818)
4(18818 18819 18930 18929)
4(18929 18930 19041 19040)
4(9606 9607 9718 9717)
4(9717 9718 9829 9828)
4(9828 9829 9940 9939)
4(9939 9940 10051 10050)
4(10050 10051 10162 10161)
4(10161 10162 10273 10272)
4(10272 10273 10384 10383)
4(10383 10384 10495 10494)
4(10494 10495 10606 10605)
4(10605 10606 10717 10716)
4(10716 10717 10828 10827)
4(10827 10828 10939 10938)
4(10938 10939 11050 11049)
4(11049 11050 11161 11160)
4(11160 11161 11272 11271)
4(11271 11272 11383 11382)
4(11382 11383 11494 11493)
4(11493 11494 11605 11604)
4(11604 11605 11716 11715)
4(11715 11716 11827 11826)
4(11826 11827 11938 11937)
4(11937 11938 12049 12048)
4(12048 12049 12160 12159)
4(12159 12160 12271 12270)
4(12270 12271 12382 12381)
4(12381 12382 12493 12492)
4(12492 12493 12604 12603)
4(12603 12604 12715 12714)
4(12714 12715 12826 12825)
4(12825 12826 12937 12936)
4(12936 12937 13048 13047)
4(13047 13048 13159 13158)
4(13158 13159 13270 13269)
4(13269 13270 13381 13380)
4(13380 13381 13492 13491)
4(13491 13492 13603 13602)
4(13602 13603 13714 13713)
4(13713 13714 13825 13824)
4(13824 13825 13936 13935)
4(13935 13936 14047 14046)
4(14046 14047 14158 14157)
4(14157 14158 14269 14268)
4(14268 14269 14380 14379)
4(14379 14380 14491 14490)
4(14490 14491 14602 14601)
4(14601 14602 14713 14712)
4(14712 14713 14824 14823)
4(14823 14824 14935 14934)
4(14934 14935 15046 15045)
4(15045 15046 15157 15156)
4(15156 15157 15268 15267)
4(15267 15268 15379 15378)
4(15378 15379 15490 15489)
4(15489 15490 15601 15600)
4(15600 15601 15712 15711)
4(15711 15712 15823 15822)
4(15822 15823 15934 15933)
4(15933 15934 16045 16044)
4(16044 16045 16156 16155)
4(16155 16156 16267 16266)
4(16266 16267 16378 16377)
4(16377 16378 16489 16488)
4(16488 16489 16600 16599)
4(16599 16600 16711 16710)
4(16710 16711 16822 16821)
4(16821 16822 16933 16932)
4(16932 16933 17044 17043)
4(17043 17044 17155 17154)
4(17154 17155 17266 17265)
4(17265 17266 17377 17376)
4(17376 17377 17488 17487)
4(17487 17488 17599 17598)
4(17598 17599 17710 17709)
4(17709 17710 17821 17820)
4(17820 17821 17932 17931)
4(17931 17932 18043 18042)
4(18042 18043 18154 18153)
4(18153 18154 18265 18264)
4(18264 18265 18376 18375)
4(18375 18376 18487 18486)
4(18486 18487 18598 18597)
4(18597 18598 18709 18708)
4(18708 18709 18820 18819)
4(18819 18820 18931 18930)
4(18930 18931 19042 19041)
4(9607 9608 9719 9718)
4(9718 9719 9830 9829)
4(9829 9830 9941 9940)
4(9940 9941 10052 10051)
4(10051 10052 10163 10162)
4(10162 10163 10274 10273)
4(10273 10274 10385 10384)
4(10384 10385 10496 10495)
4(10495 10496 10607 10606)
4(10606 10607 10718 10717)
4(10717 10718 10829 10828)
4(10828 10829 10940 10939)
4(10939 10940 11051 11050)
4(11050 11051 11162 11161)
4(11161 11162 11273 11272)
4(11272 11273 11384 11383)
4(11383 11384 11495 11494)
4(11494 11495 11606 11605)
4(11605 11606 11717 11716)
4(11716 11717 11828 11827)
4(11827 11828 11939 11938)
4(11938 11939 12050 12049)
4(12049 12050 12161 12160)
4(12160 12161 12272 12271)
4(12271 12272 12383 12382)
4(12382 12383 12494 12493)
4(12493 12494 12605 12604)
4(12604 12605 12716 12715)
4(12715 12716 12827 12826)
4(12826 12827 12938 12937)
4(12937 12938 13049 13048)
4(13048 13049 13160 13159)
4(13159 13160 13271 13270)
4(13270 13271 13382 13381)
4(13381 13382 13493 13492)
4(13492 13493 13604 13603)
4(13603 13604 13715 13714)
4(13714 13715 13826 13825)
4(13825 13826 13937 13936)
4(13936 13937 14048 14047)
4(14047 14048 14159 14158)
4(14158 14159 14270 14269)
4(14269 14270 14381 14380)
4(14380 14381 14492 14491)
4(14491 14492 14603 14602)
4(14602 14603 14714 14713)
4(14713 14714 14825 14824)
4(14824 14825 14936 14935)
4(14935 14936 15047 15046)
4(15046 15047 15158 15157)
4(15157 15158 15269 15268)
4(15268 15269 15380 15379)
4(15379 15380 15491 15490)
4(15490 15491 15602 15601)
4(15601 15602 15713 15712)
4(15712 15713 15824 15823)
4(15823 15824 15935 15934)
4(15934 15935 16046 16045)
4(16045 16046 16157 16156)
4(16156 16157 16268 16267)
4(16267 16268 16379 16378)
4(16378 16379 16490 16489)
4(16489 16490 16601 16600)
4(16600 16601 16712 16711)
4(16711 16712 16823 16822)
4(16822 16823 16934 16933)
4(16933 16934 17045 17044)
4(17044 17045 17156 17155)
4(17155 17156 17267 17266)
4(17266 17267 17378 17377)
4(17377 17378 17489 17488)
4(17488 17489 17600 17599)
4(17599 17600 17711 17710)
4(17710 17711 17822 17821)
4(17821 17822 17933 17932)
4(17932 17933 18044 18043)
4(18043 18044 18155 18154)
4(18154 18155 18266 18265)
4(18265 18266 18377 18376)
4(18376 18377 18488 18487)
4(18487 18488 18599 18598)
4(18598 18599 18710 18709)
4(18709 18710 18821 18820)
4(18820 18821 18932 18931)
4(18931 18932 19043 19042)
4(9608 9609 9720 9719)
4(9719 9720 9831 9830)
4(9830 9831 9942 9941)
4(9941 9942 10053 10052)
4(10052 10053 10164 10163)
4(10163 10164 10275 10274)
4(10274 10275 10386 10385)
4(10385 10386 10497 10496)
4(10496 10497 10608 10607)
4(10607 10608 10719 10718)
4(10718 10719 10830 10829)
4(10829 10830 10941 10940)
4(10940 10941 11052 11051)
4(11051 11052 11163 11162)
4(11162 11163 11274 11273)
4(11273 11274 11385 11384)
4(11384 11385 11496 11495)
4(11495 11496 11607 11606)
4(11606 11607 11718 11717)
4(11717 11718 11829 11828)
4(11828 11829 11940 11939)
4(11939 11940 12051 12050)
4(12050 12051 12162 12161)
4(12161 12162 12273 12272)
4(12272 12273 12384 12383)
4(12383 12384 12495 12494)
4(12494 12495 12606 12605)
4(12605 12606 12717 12716)
4(12716 12717 12828 12827)
4(12827 12828 12939 12938)
4(12938 12939 13050 13049)
4(13049 13050 13161 13160)
4(13160 13161 13272 13271)
4(13271 13272 13383 13382)
4(13382 13383 13494 13493)
4(13493 13494 13605 13604)
4(13604 13605 13716 13715)
4(13715 13716 13827 13826)
4(13826 13827 13938 13937)
4(13937 13938 14049 14048)
4(14048 14049 14160 14159)
4(14159 14160 14271 14270)
4(14270 14271 14382 14381)
4(14381 14382 14493 14492)
4(14492 14493 14604 14603)
4(14603 14604 14715 14714)
4(14714 14715 14826 14825)
4(14825 14826 14937 14936)
4(14936 14937 15048 15047)
4(15047 15048 15159 15158)
4(15158 15159 15270 15269)
4(15269 15270 15381 15380)
4(15380 15381 15492 15491)
4(15491 15492 15603 15602)
4(15602 15603 15714 15713)
4(15713 15714 15825 15824)
4(15824 15825 15936 15935)
4(15935 15936 16047 16046)
4(16046 16047 16158 16157)
4(16157 16158 16269 16268)
4(16268 16269 16380 16379)
4(16379 16380 16491 16490)
4(16490 16491 16602 16601)
4(16601 16602 16713 16712)
4(16712 16713 16824 16823)
4(16823 16824 16935 16934)
4(16934 16935 17046 17045)
4(17045 17046 17157 17156)
4(17156 17157 17268 17267)
4(17267 17268 17379 17378)
4(17378 17379 17490 17489)
4(17489 17490 17601 17600)
4(17600 17601 17712 17711)
4(17711 17712 17823 17822)
4(17822 17823 17934 17933)
4(17933 17934 18045 18044)
4(18044 18045 18156 18155)
4(18155 18156 18267 18266)
4(18266 18267 18378 18377)
4(18377 18378 18489 18488)
4(18488 18489 18600 18599)
4(18599 18600 18711 18710)
4(18710 18711 18822 18821)
4(18821 18822 18933 18932)
4(18932 18933 19044 19043)
4(9609 9610 9721 9720)
4(9720 9721 9832 9831)
4(9831 9832 9943 9942)
4(9942 9943 10054 10053)
4(10053 10054 10165 10164)
4(10164 10165 10276 10275)
4(10275 10276 10387 10386)
4(10386 10387 10498 10497)
4(10497 10498 10609 10608)
4(10608 10609 10720 10719)
4(10719 10720 10831 10830)
4(10830 10831 10942 10941)
4(10941 10942 11053 11052)
4(11052 11053 11164 11163)
4(11163 11164 11275 11274)
4(11274 11275 11386 11385)
4(11385 11386 11497 11496)
4(11496 11497 11608 11607)
4(11607 11608 11719 11718)
4(11718 11719 11830 11829)
4(11829 11830 11941 11940)
4(11940 11941 12052 12051)
4(12051 12052 12163 12162)
4(12162 12163 12274 12273)
4(12273 12274 12385 12384)
4(12384 12385 12496 12495)
4(12495 12496 12607 12606)
4(12606 12607 12718 12717)
4(12717 12718 12829 12828)
4(12828 12829 12940 12939)
4(12939 12940 13051 13050)
4(13050 13051 13162 13161)
4(13161 13162 13273 13272)
4(13272 13273 13384 13383)
4(13383 13384 13495 13494)
4(13494 13495 13606 13605)
4(13605 13606 13717 13716)
4(13716 13717 13828 13827)
4(13827 13828 13939 13938)
4(13938 13939 14050 14049)
4(14049 14050 14161 14160)
4(14160 14161 14272 14271)
4(14271 14272 14383 14382)
4(14382 14383 14494 14493)
4(14493 14494 14605 14604)
4(14604 14605 14716 14715)
4(14715 14716 14827 14826)
4(14826 14827 14938 14937)
4(14937 14938 15049 15048)
4(15048 15049 15160 15159)
4(15159 15160 15271 15270)
4(15270 15271 15382 15381)
4(15381 15382 15493 15492)
4(15492 15493 15604 15603)
4(15603 15604 15715 15714)
4(15714 15715 15826 15825)
4(15825 15826 15937 15936)
4(15936 15937 16048 16047)
4(16047 16048 16159 16158)
4(16158 16159 16270 16269)
4(16269 16270 16381 16380)
4(16380 16381 16492 16491)
4(16491 16492 16603 16602)
4(16602 16603 16714 16713)
4(16713 16714 16825 16824)
4(16824 16825 16936 16935)
4(16935 16936 17047 17046)
4(17046 17047 17158 17157)
4(17157 17158 17269 17268)
4(17268 17269 17380 17379)
4(17379 17380 17491 17490)
4(17490 17491 17602 17601)
4(17601 17602 17713 17712)
4(17712 17713 17824 17823)
4(17823 17824 17935 17934)
4(17934 17935 18046 18045)
4(18045 18046 18157 18156)
4(18156 18157 18268 18267)
4(18267 18268 18379 18378)
4(18378 18379 18490 18489)
4(18489 18490 18601 18600)
4(18600 18601 18712 18711)
4(18711 18712 18823 18822)
4(18822 18823 18934 18933)
4(18933 18934 19045 19044)
4(9610 9611 9722 9721)
4(9721 9722 9833 9832)
4(9832 9833 9944 9943)
4(9943 9944 10055 10054)
4(10054 10055 10166 10165)
4(10165 10166 10277 10276)
4(10276 10277 10388 10387)
4(10387 10388 10499 10498)
4(10498 10499 10610 10609)
4(10609 10610 10721 10720)
4(10720 10721 10832 10831)
4(10831 10832 10943 10942)
4(10942 10943 11054 11053)
4(11053 11054 11165 11164)
4(11164 11165 11276 11275)
4(11275 11276 11387 11386)
4(11386 11387 11498 11497)
4(11497 11498 11609 11608)
4(11608 11609 11720 11719)
4(11719 11720 11831 11830)
4(11830 11831 11942 11941)
4(11941 11942 12053 12052)
4(12052 12053 12164 12163)
4(12163 12164 12275 12274)
4(12274 12275 12386 12385)
4(12385 12386 12497 12496)
4(12496 12497 12608 12607)
4(12607 12608 12719 12718)
4(12718 12719 12830 12829)
4(12829 12830 12941 12940)
4(12940 12941 13052 13051)
4(13051 13052 13163 13162)
4(13162 13163 13274 13273)
4(13273 13274 13385 13384)
4(13384 13385 13496 13495)
4(13495 13496 13607 13606)
4(13606 13607 13718 13717)
4(13717 13718 13829 13828)
4(13828 13829 13940 13939)
4(13939 13940 14051 14050)
4(14050 14051 14162 14161)
4(14161 14162 14273 14272)
4(14272 14273 14384 14383)
4(14383 14384 14495 14494)
4(14494 14495 14606 14605)
4(14605 14606 14717 14716)
4(14716 14717 14828 14827)
4(14827 14828 14939 14938)
4(14938 14939 15050 15049)
4(15049 15050 15161 15160)
4(15160 15161 15272 15271)
4(15271 15272 15383 15382)
4(15382 15383 15494 15493)
4(15493 15494 15605 15604)
4(15604 15605 15716 15715)
4(15715 15716 15827 15826)
4(15826 15827 15938 15937)
4(15937 15938 16049 16048)
4(16048 16049 16160 16159)
4(16159 16160 16271 16270)
4(16270 16271 16382 16381)
4(16381 16382 16493 16492)
4(16492 16493 16604 16603)
4(16603 16604 16715 16714)
4(16714 16715 16826 16825)
4(16825 16826 16937 16936)
4(16936 16937 17048 17047)
4(17047 17048 17159 17158)
4(17158 17159 17270 17269)
4(17269 17270 17381 17380)
4(17380 17381 17492 17491)
4(17491 17492 17603 17602)
4(17602 17603 17714 17713)
4(17713 17714 17825 17824)
4(17824 17825 17936 17935)
4(17935 17936 18047 18046)
4(18046 18047 18158 18157)
4(18157 18158 18269 18268)
4(18268 18269 18380 18379)
4(18379 18380 18491 18490)
4(18490 18491 18602 18601)
4(18601 18602 18713 18712)
4(18712 18713 18824 18823)
4(18823 18824 18935 18934)
4(18934 18935 19046 19045)
4(9611 9612 9723 9722)
4(9722 9723 9834 9833)
4(9833 9834 9945 9944)
4(9944 9945 10056 10055)
4(10055 10056 10167 10166)
4(10166 10167 10278 10277)
4(10277 10278 10389 10388)
4(10388 10389 10500 10499)
4(10499 10500 10611 10610)
4(10610 10611 10722 10721)
4(10721 10722 10833 10832)
4(10832 10833 10944 10943)
4(10943 10944 11055 11054)
4(11054 11055 11166 11165)
4(11165 11166 11277 11276)
4(11276 11277 11388 11387)
4(11387 11388 11499 11498)
4(11498 11499 11610 11609)
4(11609 11610 11721 11720)
4(11720 11721 11832 11831)
4(11831 11832 11943 11942)
4(11942 11943 12054 12053)
4(12053 12054 12165 12164)
4(12164 12165 12276 12275)
4(12275 12276 12387 12386)
4(12386 12387 12498 12497)
4(12497 12498 12609 12608)
4(12608 12609 12720 12719)
4(12719 12720 12831 12830)
4(12830 12831 12942 12941)
4(12941 12942 13053 13052)
4(13052 13053 13164 13163)
4(13163 13164 13275 13274)
4(13274 13275 13386 13385)
4(13385 13386 13497 13496)
4(13496 13497 13608 13607)
4(13607 13608 13719 13718)
4(13718 13719 13830 13829)
4(13829 13830 13941 13940)
4(13940 13941 14052 14051)
4(14051 14052 14163 14162)
4(14162 14163 14274 14273)
4(14273 14274 14385 14384)
4(14384 14385 14496 14495)
4(14495 14496 14607 14606)
4(14606 14607 14718 14717)
4(14717 14718 14829 14828)
4(14828 14829 14940 14939)
4(14939 14940 15051 15050)
4(15050 15051 15162 15161)
4(15161 15162 15273 15272)
4(15272 15273 15384 15383)
4(15383 15384 15495 15494)
4(15494 15495 15606 15605)
4(15605 15606 15717 15716)
4(15716 15717 15828 15827)
4(15827 15828 15939 15938)
4(15938 15939 16050 16049)
4(16049 16050 16161 16160)
4(16160 16161 16272 16271)
4(16271 16272 16383 16382)
4(16382 16383 16494 16493)
4(16493 16494 16605 16604)
4(16604 16605 16716 16715)
4(16715 16716 16827 16826)
4(16826 16827 16938 16937)
4(16937 16938 17049 17048)
4(17048 17049 17160 17159)
4(17159 17160 17271 17270)
4(17270 17271 17382 17381)
4(17381 17382 17493 17492)
4(17492 17493 17604 17603)
4(17603 17604 17715 17714)
4(17714 17715 17826 17825)
4(17825 17826 17937 17936)
4(17936 17937 18048 18047)
4(18047 18048 18159 18158)
4(18158 18159 18270 18269)
4(18269 18270 18381 18380)
4(18380 18381 18492 18491)
4(18491 18492 18603 18602)
4(18602 18603 18714 18713)
4(18713 18714 18825 18824)
4(18824 18825 18936 18935)
4(18935 18936 19047 19046)
4(9612 9613 9724 9723)
4(9723 9724 9835 9834)
4(9834 9835 9946 9945)
4(9945 9946 10057 10056)
4(10056 10057 10168 10167)
4(10167 10168 10279 10278)
4(10278 10279 10390 10389)
4(10389 10390 10501 10500)
4(10500 10501 10612 10611)
4(10611 10612 10723 10722)
4(10722 10723 10834 10833)
4(10833 10834 10945 10944)
4(10944 10945 11056 11055)
4(11055 11056 11167 11166)
4(11166 11167 11278 11277)
4(11277 11278 11389 11388)
4(11388 11389 11500 11499)
4(11499 11500 11611 11610)
4(11610 11611 11722 11721)
4(11721 11722 11833 11832)
4(11832 11833 11944 11943)
4(11943 11944 12055 12054)
4(12054 12055 12166 12165)
4(12165 12166 12277 12276)
4(12276 12277 12388 12387)
4(12387 12388 12499 12498)
4(12498 12499 12610 12609)
4(12609 12610 12721 12720)
4(12720 12721 12832 12831)
4(12831 12832 12943 12942)
4(12942 12943 13054 13053)
4(13053 13054 13165 13164)
4(13164 13165 13276 13275)
4(13275 13276 13387 13386)
4(13386 13387 13498 13497)
4(13497 13498 13609 13608)
4(13608 13609 13720 13719)
4(13719 13720 13831 13830)
4(13830 13831 13942 13941)
4(13941 13942 14053 14052)
4(14052 14053 14164 14163)
4(14163 14164 14275 14274)
4(14274 14275 14386 14385)
4(14385 14386 14497 14496)
4(14496 14497 14608 14607)
4(14607 14608 14719 14718)
4(14718 14719 14830 14829)
4(14829 14830 14941 14940)
4(14940 14941 15052 15051)
4(15051 15052 15163 15162)
4(15162 15163 15274 15273)
4(15273 15274 15385 15384)
4(15384 15385 15496 15495)
4(15495 15496 15607 15606)
4(15606 15607 15718 15717)
4(15717 15718 15829 15828)
4(15828 15829 15940 15939)
4(15939 15940 16051 16050)
4(16050 16051 16162 16161)
4(16161 16162 16273 16272)
4(16272 16273 16384 16383)
4(16383 16384 16495 16494)
4(16494 16495 16606 16605)
4(16605 16606 16717 16716)
4(16716 16717 16828 16827)
4(16827 16828 16939 16938)
4(16938 16939 17050 17049)
4(17049 17050 17161 17160)
4(17160 17161 17272 17271)
4(17271 17272 17383 17382)
4(17382 17383 17494 17493)
4(17493 17494 17605 17604)
4(17604 17605 17716 17715)
4(17715 17716 17827 17826)
4(17826 17827 17938 17937)
4(17937 17938 18049 18048)
4(18048 18049 18160 18159)
4(18159 18160 18271 18270)
4(18270 18271 18382 18381)
4(18381 18382 18493 18492)
4(18492 18493 18604 18603)
4(18603 18604 18715 18714)
4(18714 18715 18826 18825)
4(18825 18826 18937 18936)
4(18936 18937 19048 19047)
4(9613 9614 9725 9724)
4(9724 9725 9836 9835)
4(9835 9836 9947 9946)
4(9946 9947 10058 10057)
4(10057 10058 10169 10168)
4(10168 10169 10280 10279)
4(10279 10280 10391 10390)
4(10390 10391 10502 10501)
4(10501 10502 10613 10612)
4(10612 10613 10724 10723)
4(10723 10724 10835 10834)
4(10834 10835 10946 10945)
4(10945 10946 11057 11056)
4(11056 11057 11168 11167)
4(11167 11168 11279 11278)
4(11278 11279 11390 11389)
4(11389 11390 11501 11500)
4(11500 11501 11612 11611)
4(11611 11612 11723 11722)
4(11722 11723 11834 11833)
4(11833 11834 11945 11944)
4(11944 11945 12056 12055)
4(12055 12056 12167 12166)
4(12166 12167 12278 12277)
4(12277 12278 12389 12388)
4(12388 12389 12500 12499)
4(12499 12500 12611 12610)
4(12610 12611 12722 12721)
4(12721 12722 12833 12832)
4(12832 12833 12944 12943)
4(12943 12944 13055 13054)
4(13054 13055 13166 13165)
4(13165 13166 13277 13276)
4(13276 13277 13388 13387)
4(13387 13388 13499 13498)
4(13498 13499 13610 13609)
4(13609 13610 13721 13720)
4(13720 13721 13832 13831)
4(13831 13832 13943 13942)
4(13942 13943 14054 14053)
4(14053 14054 14165 14164)
4(14164 14165 14276 14275)
4(14275 14276 14387 14386)
4(14386 14387 14498 14497)
4(14497 14498 14609 14608)
4(14608 14609 14720 14719)
4(14719 14720 14831 14830)
4(14830 14831 14942 14941)
4(14941 14942 15053 15052)
4(15052 15053 15164 15163)
4(15163 15164 15275 15274)
4(15274 15275 15386 15385)
4(15385 15386 15497 15496)
4(15496 15497 15608 15607)
4(15607 15608 15719 15718)
4(15718 15719 15830 15829)
4(15829 15830 15941 15940)
4(15940 15941 16052 16051)
4(16051 16052 16163 16162)
4(16162 16163 16274 16273)
4(16273 16274 16385 16384)
4(16384 16385 16496 16495)
4(16495 16496 16607 16606)
4(16606 16607 16718 16717)
4(16717 16718 16829 16828)
4(16828 16829 16940 16939)
4(16939 16940 17051 17050)
4(17050 17051 17162 17161)
4(17161 17162 17273 17272)
4(17272 17273 17384 17383)
4(17383 17384 17495 17494)
4(17494 17495 17606 17605)
4(17605 17606 17717 17716)
4(17716 17717 17828 17827)
4(17827 17828 17939 17938)
4(17938 17939 18050 18049)
4(18049 18050 18161 18160)
4(18160 18161 18272 18271)
4(18271 18272 18383 18382)
4(18382 18383 18494 18493)
4(18493 18494 18605 18604)
4(18604 18605 18716 18715)
4(18715 18716 18827 18826)
4(18826 18827 18938 18937)
4(18937 18938 19049 19048)
4(9614 9615 9726 9725)
4(9725 9726 9837 9836)
4(9836 9837 9948 9947)
4(9947 9948 10059 10058)
4(10058 10059 10170 10169)
4(10169 10170 10281 10280)
4(10280 10281 10392 10391)
4(10391 10392 10503 10502)
4(10502 10503 10614 10613)
4(10613 10614 10725 10724)
4(10724 10725 10836 10835)
4(10835 10836 10947 10946)
4(10946 10947 11058 11057)
4(11057 11058 11169 11168)
4(11168 11169 11280 11279)
4(11279 11280 11391 11390)
4(11390 11391 11502 11501)
4(11501 11502 11613 11612)
4(11612 11613 11724 11723)
4(11723 11724 11835 11834)
4(11834 11835 11946 11945)
4(11945 11946 12057 12056)
4(12056 12057 12168 12167)
4(12167 12168 12279 12278)
4(12278 12279 12390 12389)
4(12389 12390 12501 12500)
4(12500 12501 12612 12611)
4(12611 12612 12723 12722)
4(12722 12723 12834 12833)
4(12833 12834 12945 12944)
4(12944 12945 13056 13055)
4(13055 13056 13167 13166)
4(13166 13167 13278 13277)
4(13277 13278 13389 13388)
4(13388 13389 13500 13499)
4(13499 13500 13611 13610)
4(13610 13611 13722 13721)
4(13721 13722 13833 13832)
4(13832 13833 13944 13943)
4(13943 13944 14055 14054)
4(14054 14055 14166 14165)
4(14165 14166 14277 14276)
4(14276 14277 14388 14387)
4(14387 14388 14499 14498)
4(14498 14499 14610 14609)
4(14609 14610 14721 14720)
4(14720 14721 14832 14831)
4(14831 14832 14943 14942)
4(14942 14943 15054 15053)
4(15053 15054 15165 15164)
4(15164 15165 15276 15275)
4(15275 15276 15387 15386)
4(15386 15387 15498 15497)
4(15497 15498 15609 15608)
4(15608 15609 15720 15719)
4(15719 15720 15831 15830)
4(15830 15831 15942 15941)
4(15941 15942 16053 16052)
4(16052 16053 16164 16163)
4(16163 16164 16275 16274)
4(16274 16275 16386 16385)
4(16385 16386 16497 16496)
4(16496 16497 16608 16607)
4(16607 16608 16719 16718)
4(16718 16719 16830 16829)
4(16829 16830 16941 16940)
4(16940 16941 17052 17051)
4(17051 17052 17163 17162)
4(17162 17163 17274 17273)
4(17273 17274 17385 17384)
4(17384 17385 17496 17495)
4(17495 17496 17607 17606)
4(17606 17607 17718 17717)
4(17717 17718 17829 17828)
4(17828 17829 17940 17939)
4(17939 17940 18051 18050)
4(18050 18051 18162 18161)
4(18161 18162 18273 18272)
4(18272 18273 18384 18383)
4(18383 18384 18495 18494)
4(18494 18495 18606 18605)
4(18605 18606 18717 18716)
4(18716 18717 18828 18827)
4(18827 18828 18939 18938)
4(18938 18939 19050 19049)
4(9615 9616 9727 9726)
4(9726 9727 9838 9837)
4(9837 9838 9949 9948)
4(9948 9949 10060 10059)
4(10059 10060 10171 10170)
4(10170 10171 10282 10281)
4(10281 10282 10393 10392)
4(10392 10393 10504 10503)
4(10503 10504 10615 10614)
4(10614 10615 10726 10725)
4(10725 10726 10837 10836)
4(10836 10837 10948 10947)
4(10947 10948 11059 11058)
4(11058 11059 11170 11169)
4(11169 11170 11281 11280)
4(11280 11281 11392 11391)
4(11391 11392 11503 11502)
4(11502 11503 11614 11613)
4(11613 11614 11725 11724)
4(11724 11725 11836 11835)
4(11835 11836 11947 11946)
4(11946 11947 12058 12057)
4(12057 12058 12169 12168)
4(12168 12169 12280 12279)
4(12279 12280 12391 12390)
4(12390 12391 12502 12501)
4(12501 12502 12613 12612)
4(12612 12613 12724 12723)
4(12723 12724 12835 12834)
4(12834 12835 12946 12945)
4(12945 12946 13057 13056)
4(13056 13057 13168 13167)
4(13167 13168 13279 13278)
4(13278 13279 13390 13389)
4(13389 13390 13501 13500)
4(13500 13501 13612 13611)
4(13611 13612 13723 13722)
4(13722 13723 13834 13833)
4(13833 13834 13945 13944)
4(13944 13945 14056 14055)
4(14055 14056 14167 14166)
4(14166 14167 14278 14277)
4(14277 14278 14389 14388)
4(14388 14389 14500 14499)
4(14499 14500 14611 14610)
4(14610 14611 14722 14721)
4(14721 14722 14833 14832)
4(14832 14833 14944 14943)
4(14943 14944 15055 15054)
4(15054 15055 15166 15165)
4(15165 15166 15277 15276)
4(15276 15277 15388 15387)
4(15387 15388 15499 15498)
4(15498 15499 15610 15609)
4(15609 15610 15721 15720)
4(15720 15721 15832 15831)
4(15831 15832 15943 15942)
4(15942 15943 16054 16053)
4(16053 16054 16165 16164)
4(16164 16165 16276 16275)
4(16275 16276 16387 16386)
4(16386 16387 16498 16497)
4(16497 16498 16609 16608)
4(16608 16609 16720 16719)
4(16719 16720 16831 16830)
4(16830 16831 16942 16941)
4(16941 16942 17053 17052)
4(17052 17053 17164 17163)
4(17163 17164 17275 17274)
4(17274 17275 17386 17385)
4(17385 17386 17497 17496)
4(17496 17497 17608 17607)
4(17607 17608 17719 17718)
4(17718 17719 17830 17829)
4(17829 17830 17941 17940)
4(17940 17941 18052 18051)
4(18051 18052 18163 18162)
4(18162 18163 18274 18273)
4(18273 18274 18385 18384)
4(18384 18385 18496 18495)
4(18495 18496 18607 18606)
4(18606 18607 18718 18717)
4(18717 18718 18829 18828)
4(18828 18829 18940 18939)
4(18939 18940 19051 19050)
4(9616 9617 9728 9727)
4(9727 9728 9839 9838)
4(9838 9839 9950 9949)
4(9949 9950 10061 10060)
4(10060 10061 10172 10171)
4(10171 10172 10283 10282)
4(10282 10283 10394 10393)
4(10393 10394 10505 10504)
4(10504 10505 10616 10615)
4(10615 10616 10727 10726)
4(10726 10727 10838 10837)
4(10837 10838 10949 10948)
4(10948 10949 11060 11059)
4(11059 11060 11171 11170)
4(11170 11171 11282 11281)
4(11281 11282 11393 11392)
4(11392 11393 11504 11503)
4(11503 11504 11615 11614)
4(11614 11615 11726 11725)
4(11725 11726 11837 11836)
4(11836 11837 11948 11947)
4(11947 11948 12059 12058)
4(12058 12059 12170 12169)
4(12169 12170 12281 12280)
4(12280 12281 12392 12391)
4(12391 12392 12503 12502)
4(12502 12503 12614 12613)
4(12613 12614 12725 12724)
4(12724 12725 12836 12835)
4(12835 12836 12947 12946)
4(12946 12947 13058 13057)
4(13057 13058 13169 13168)
4(13168 13169 13280 13279)
4(13279 13280 13391 13390)
4(13390 13391 13502 13501)
4(13501 13502 13613 13612)
4(13612 13613 13724 13723)
4(13723 13724 13835 13834)
4(13834 13835 13946 13945)
4(13945 13946 14057 14056)
4(14056 14057 14168 14167)
4(14167 14168 14279 14278)
4(14278 14279 14390 14389)
4(14389 14390 14501 14500)
4(14500 14501 14612 14611)
4(14611 14612 14723 14722)
4(14722 14723 14834 14833)
4(14833 14834 14945 14944)
4(14944 14945 15056 15055)
4(15055 15056 15167 15166)
4(15166 15167 15278 15277)
4(15277 15278 15389 15388)
4(15388 15389 15500 15499)
4(15499 15500 15611 15610)
4(15610 15611 15722 15721)
4(15721 15722 15833 15832)
4(15832 15833 15944 15943)
4(15943 15944 16055 16054)
4(16054 16055 16166 16165)
4(16165 16166 16277 16276)
4(16276 16277 16388 16387)
4(16387 16388 16499 16498)
4(16498 16499 16610 16609)
4(16609 16610 16721 16720)
4(16720 16721 16832 16831)
4(16831 16832 16943 16942)
4(16942 16943 17054 17053)
4(17053 17054 17165 17164)
4(17164 17165 17276 17275)
4(17275 17276 17387 17386)
4(17386 17387 17498 17497)
4(17497 17498 17609 17608)
4(17608 17609 17720 17719)
4(17719 17720 17831 17830)
4(17830 17831 17942 17941)
4(17941 17942 18053 18052)
4(18052 18053 18164 18163)
4(18163 18164 18275 18274)
4(18274 18275 18386 18385)
4(18385 18386 18497 18496)
4(18496 18497 18608 18607)
4(18607 18608 18719 18718)
4(18718 18719 18830 18829)
4(18829 18830 18941 18940)
4(18940 18941 19052 19051)
4(9617 9618 9729 9728)
4(9728 9729 9840 9839)
4(9839 9840 9951 9950)
4(9950 9951 10062 10061)
4(10061 10062 10173 10172)
4(10172 10173 10284 10283)
4(10283 10284 10395 10394)
4(10394 10395 10506 10505)
4(10505 10506 10617 10616)
4(10616 10617 10728 10727)
4(10727 10728 10839 10838)
4(10838 10839 10950 10949)
4(10949 10950 11061 11060)
4(11060 11061 11172 11171)
4(11171 11172 11283 11282)
4(11282 11283 11394 11393)
4(11393 11394 11505 11504)
4(11504 11505 11616 11615)
4(11615 11616 11727 11726)
4(11726 11727 11838 11837)
4(11837 11838 11949 11948)
4(11948 11949 12060 12059)
4(12059 12060 12171 12170)
4(12170 12171 12282 12281)
4(12281 12282 12393 12392)
4(12392 12393 12504 12503)
4(12503 12504 12615 12614)
4(12614 12615 12726 12725)
4(12725 12726 12837 12836)
4(12836 12837 12948 12947)
4(12947 12948 13059 13058)
4(13058 13059 13170 13169)
4(13169 13170 13281 13280)
4(13280 13281 13392 13391)
4(13391 13392 13503 13502)
4(13502 13503 13614 13613)
4(13613 13614 13725 13724)
4(13724 13725 13836 13835)
4(13835 13836 13947 13946)
4(13946 13947 14058 14057)
4(14057 14058 14169 14168)
4(14168 14169 14280 14279)
4(14279 14280 14391 14390)
4(14390 14391 14502 14501)
4(14501 14502 14613 14612)
4(14612 14613 14724 14723)
4(14723 14724 14835 14834)
4(14834 14835 14946 14945)
4(14945 14946 15057 15056)
4(15056 15057 15168 15167)
4(15167 15168 15279 15278)
4(15278 15279 15390 15389)
4(15389 15390 15501 15500)
4(15500 15501 15612 15611)
4(15611 15612 15723 15722)
4(15722 15723 15834 15833)
4(15833 15834 15945 15944)
4(15944 15945 16056 16055)
4(16055 16056 16167 16166)
4(16166 16167 16278 16277)
4(16277 16278 16389 16388)
4(16388 16389 16500 16499)
4(16499 16500 16611 16610)
4(16610 16611 16722 16721)
4(16721 16722 16833 16832)
4(16832 16833 16944 16943)
4(16943 16944 17055 17054)
4(17054 17055 17166 17165)
4(17165 17166 17277 17276)
4(17276 17277 17388 17387)
4(17387 17388 17499 17498)
4(17498 17499 17610 17609)
4(17609 17610 17721 17720)
4(17720 17721 17832 17831)
4(17831 17832 17943 17942)
4(17942 17943 18054 18053)
4(18053 18054 18165 18164)
4(18164 18165 18276 18275)
4(18275 18276 18387 18386)
4(18386 18387 18498 18497)
4(18497 18498 18609 18608)
4(18608 18609 18720 18719)
4(18719 18720 18831 18830)
4(18830 18831 18942 18941)
4(18941 18942 19053 19052)
4(9618 9619 9730 9729)
4(9729 9730 9841 9840)
4(9840 9841 9952 9951)
4(9951 9952 10063 10062)
4(10062 10063 10174 10173)
4(10173 10174 10285 10284)
4(10284 10285 10396 10395)
4(10395 10396 10507 10506)
4(10506 10507 10618 10617)
4(10617 10618 10729 10728)
4(10728 10729 10840 10839)
4(10839 10840 10951 10950)
4(10950 10951 11062 11061)
4(11061 11062 11173 11172)
4(11172 11173 11284 11283)
4(11283 11284 11395 11394)
4(11394 11395 11506 11505)
4(11505 11506 11617 11616)
4(11616 11617 11728 11727)
4(11727 11728 11839 11838)
4(11838 11839 11950 11949)
4(11949 11950 12061 12060)
4(12060 12061 12172 12171)
4(12171 12172 12283 12282)
4(12282 12283 12394 12393)
4(12393 12394 12505 12504)
4(12504 12505 12616 12615)
4(12615 12616 12727 12726)
4(12726 12727 12838 12837)
4(12837 12838 12949 12948)
4(12948 12949 13060 13059)
4(13059 13060 13171 13170)
4(13170 13171 13282 13281)
4(13281 13282 13393 13392)
4(13392 13393 13504 13503)
4(13503 13504 13615 13614)
4(13614 13615 13726 13725)
4(13725 13726 13837 13836)
4(13836 13837 13948 13947)
4(13947 13948 14059 14058)
4(14058 14059 14170 14169)
4(14169 14170 14281 14280)
4(14280 14281 14392 14391)
4(14391 14392 14503 14502)
4(14502 14503 14614 14613)
4(14613 14614 14725 14724)
4(14724 14725 14836 14835)
4(14835 14836 14947 14946)
4(14946 14947 15058 15057)
4(15057 15058 15169 15168)
4(15168 15169 15280 15279)
4(15279 15280 15391 15390)
4(15390 15391 15502 15501)
4(15501 15502 15613 15612)
4(15612 15613 15724 15723)
4(15723 15724 15835 15834)
4(15834 15835 15946 15945)
4(15945 15946 16057 16056)
4(16056 16057 16168 16167)
4(16167 16168 16279 16278)
4(16278 16279 16390 16389)
4(16389 16390 16501 16500)
4(16500 16501 16612 16611)
4(16611 16612 16723 16722)
4(16722 16723 16834 16833)
4(16833 16834 16945 16944)
4(16944 16945 17056 17055)
4(17055 17056 17167 17166)
4(17166 17167 17278 17277)
4(17277 17278 17389 17388)
4(17388 17389 17500 17499)
4(17499 17500 17611 17610)
4(17610 17611 17722 17721)
4(17721 17722 17833 17832)
4(17832 17833 17944 17943)
4(17943 17944 18055 18054)
4(18054 18055 18166 18165)
4(18165 18166 18277 18276)
4(18276 18277 18388 18387)
4(18387 18388 18499 18498)
4(18498 18499 18610 18609)
4(18609 18610 18721 18720)
4(18720 18721 18832 18831)
4(18831 18832 18943 18942)
4(18942 18943 19054 19053)
4(9619 9620 9731 9730)
4(9730 9731 9842 9841)
4(9841 9842 9953 9952)
4(9952 9953 10064 10063)
4(10063 10064 10175 10174)
4(10174 10175 10286 10285)
4(10285 10286 10397 10396)
4(10396 10397 10508 10507)
4(10507 10508 10619 10618)
4(10618 10619 10730 10729)
4(10729 10730 10841 10840)
4(10840 10841 10952 10951)
4(10951 10952 11063 11062)
4(11062 11063 11174 11173)
4(11173 11174 11285 11284)
4(11284 11285 11396 11395)
4(11395 11396 11507 11506)
4(11506 11507 11618 11617)
4(11617 11618 11729 11728)
4(11728 11729 11840 11839)
4(11839 11840 11951 11950)
4(11950 11951 12062 12061)
4(12061 12062 12173 12172)
4(12172 12173 12284 12283)
4(12283 12284 12395 12394)
4(12394 12395 12506 12505)
4(12505 12506 12617 12616)
4(12616 12617 12728 12727)
4(12727 12728 12839 12838)
4(12838 12839 12950 12949)
4(12949 12950 13061 13060)
4(13060 13061 13172 13171)
4(13171 13172 13283 13282)
4(13282 13283 13394 13393)
4(13393 13394 13505 13504)
4(13504 13505 13616 13615)
4(13615 13616 13727 13726)
4(13726 13727 13838 13837)
4(13837 13838 13949 13948)
4(13948 13949 14060 14059)
4(14059 14060 14171 14170)
4(14170 14171 14282 14281)
4(14281 14282 14393 14392)
4(14392 14393 14504 14503)
4(14503 14504 14615 14614)
4(14614 14615 14726 14725)
4(14725 14726 14837 14836)
4(14836 14837 14948 14947)
4(14947 14948 15059 15058)
4(15058 15059 15170 15169)
4(15169 15170 15281 15280)
4(15280 15281 15392 15391)
4(15391 15392 15503 15502)
4(15502 15503 15614 15613)
4(15613 15614 15725 15724)
4(15724 15725 15836 15835)
4(15835 15836 15947 15946)
4(15946 15947 16058 16057)
4(16057 16058 16169 16168)
4(16168 16169 16280 16279)
4(16279 16280 16391 16390)
4(16390 16391 16502 16501)
4(16501 16502 16613 16612)
4(16612 16613 16724 16723)
4(16723 16724 16835 16834)
4(16834 16835 16946 16945)
4(16945 16946 17057 17056)
4(17056 17057 17168 17167)
4(17167 17168 17279 17278)
4(17278 17279 17390 17389)
4(17389 17390 17501 17500)
4(17500 17501 17612 17611)
4(17611 17612 17723 17722)
4(17722 17723 17834 17833)
4(17833 17834 17945 17944)
4(17944 17945 18056 18055)
4(18055 18056 18167 18166)
4(18166 18167 18278 18277)
4(18277 18278 18389 18388)
4(18388 18389 18500 18499)
4(18499 18500 18611 18610)
4(18610 18611 18722 18721)
4(18721 18722 18833 18832)
4(18832 18833 18944 18943)
4(18943 18944 19055 19054)
4(9620 9621 9732 9731)
4(9731 9732 9843 9842)
4(9842 9843 9954 9953)
4(9953 9954 10065 10064)
4(10064 10065 10176 10175)
4(10175 10176 10287 10286)
4(10286 10287 10398 10397)
4(10397 10398 10509 10508)
4(10508 10509 10620 10619)
4(10619 10620 10731 10730)
4(10730 10731 10842 10841)
4(10841 10842 10953 10952)
4(10952 10953 11064 11063)
4(11063 11064 11175 11174)
4(11174 11175 11286 11285)
4(11285 11286 11397 11396)
4(11396 11397 11508 11507)
4(11507 11508 11619 11618)
4(11618 11619 11730 11729)
4(11729 11730 11841 11840)
4(11840 11841 11952 11951)
4(11951 11952 12063 12062)
4(12062 12063 12174 12173)
4(12173 12174 12285 12284)
4(12284 12285 12396 12395)
4(12395 12396 12507 12506)
4(12506 12507 12618 12617)
4(12617 12618 12729 12728)
4(12728 12729 12840 12839)
4(12839 12840 12951 12950)
4(12950 12951 13062 13061)
4(13061 13062 13173 13172)
4(13172 13173 13284 13283)
4(13283 13284 13395 13394)
4(13394 13395 13506 13505)
4(13505 13506 13617 13616)
4(13616 13617 13728 13727)
4(13727 13728 13839 13838)
4(13838 13839 13950 13949)
4(13949 13950 14061 14060)
4(14060 14061 14172 14171)
4(14171 14172 14283 14282)
4(14282 14283 14394 14393)
4(14393 14394 14505 14504)
4(14504 14505 14616 14615)
4(14615 14616 14727 14726)
4(14726 14727 14838 14837)
4(14837 14838 14949 14948)
4(14948 14949 15060 15059)
4(15059 15060 15171 15170)
4(15170 15171 15282 15281)
4(15281 15282 15393 15392)
4(15392 15393 15504 15503)
4(15503 15504 15615 15614)
4(15614 15615 15726 15725)
4(15725 15726 15837 15836)
4(15836 15837 15948 15947)
4(15947 15948 16059 16058)
4(16058 16059 16170 16169)
4(16169 16170 16281 16280)
4(16280 16281 16392 16391)
4(16391 16392 16503 16502)
4(16502 16503 16614 16613)
4(16613 16614 16725 16724)
4(16724 16725 16836 16835)
4(16835 16836 16947 16946)
4(16946 16947 17058 17057)
4(17057 17058 17169 17168)
4(17168 17169 17280 17279)
4(17279 17280 17391 17390)
4(17390 17391 17502 17501)
4(17501 17502 17613 17612)
4(17612 17613 17724 17723)
4(17723 17724 17835 17834)
4(17834 17835 17946 17945)
4(17945 17946 18057 18056)
4(18056 18057 18168 18167)
4(18167 18168 18279 18278)
4(18278 18279 18390 18389)
4(18389 18390 18501 18500)
4(18500 18501 18612 18611)
4(18611 18612 18723 18722)
4(18722 18723 18834 18833)
4(18833 18834 18945 18944)
4(18944 18945 19056 19055)
4(9621 9622 9733 9732)
4(9732 9733 9844 9843)
4(9843 9844 9955 9954)
4(9954 9955 10066 10065)
4(10065 10066 10177 10176)
4(10176 10177 10288 10287)
4(10287 10288 10399 10398)
4(10398 10399 10510 10509)
4(10509 10510 10621 10620)
4(10620 10621 10732 10731)
4(10731 10732 10843 10842)
4(10842 10843 10954 10953)
4(10953 10954 11065 11064)
4(11064 11065 11176 11175)
4(11175 11176 11287 11286)
4(11286 11287 11398 11397)
4(11397 11398 11509 11508)
4(11508 11509 11620 11619)
4(11619 11620 11731 11730)
4(11730 11731 11842 11841)
4(11841 11842 11953 11952)
4(11952 11953 12064 12063)
4(12063 12064 12175 12174)
4(12174 12175 12286 12285)
4(12285 12286 12397 12396)
4(12396 12397 12508 12507)
4(12507 12508 12619 12618)
4(12618 12619 12730 12729)
4(12729 12730 12841 12840)
4(12840 12841 12952 12951)
4(12951 12952 13063 13062)
4(13062 13063 13174 13173)
4(13173 13174 13285 13284)
4(13284 13285 13396 13395)
4(13395 13396 13507 13506)
4(13506 13507 13618 13617)
4(13617 13618 13729 13728)
4(13728 13729 13840 13839)
4(13839 13840 13951 13950)
4(13950 13951 14062 14061)
4(14061 14062 14173 14172)
4(14172 14173 14284 14283)
4(14283 14284 14395 14394)
4(14394 14395 14506 14505)
4(14505 14506 14617 14616)
4(14616 14617 14728 14727)
4(14727 14728 14839 14838)
4(14838 14839 14950 14949)
4(14949 14950 15061 15060)
4(15060 15061 15172 15171)
4(15171 15172 15283 15282)
4(15282 15283 15394 15393)
4(15393 15394 15505 15504)
4(15504 15505 15616 15615)
4(15615 15616 15727 15726)
4(15726 15727 15838 15837)
4(15837 15838 15949 15948)
4(15948 15949 16060 16059)
4(16059 16060 16171 16170)
4(16170 16171 16282 16281)
4(16281 16282 16393 16392)
4(16392 16393 16504 16503)
4(16503 16504 16615 16614)
4(16614 16615 16726 16725)
4(16725 16726 16837 16836)
4(16836 16837 16948 16947)
4(16947 16948 17059 17058)
4(17058 17059 17170 17169)
4(17169 17170 17281 17280)
4(17280 17281 17392 17391)
4(17391 17392 17503 17502)
4(17502 17503 17614 17613)
4(17613 17614 17725 17724)
4(17724 17725 17836 17835)
4(17835 17836 17947 17946)
4(17946 17947 18058 18057)
4(18057 18058 18169 18168)
4(18168 18169 18280 18279)
4(18279 18280 18391 18390)
4(18390 18391 18502 18501)
4(18501 18502 18613 18612)
4(18612 18613 18724 18723)
4(18723 18724 18835 18834)
4(18834 18835 18946 18945)
4(18945 18946 19057 19056)
4(9622 9623 9734 9733)
4(9733 9734 9845 9844)
4(9844 9845 9956 9955)
4(9955 9956 10067 10066)
4(10066 10067 10178 10177)
4(10177 10178 10289 10288)
4(10288 10289 10400 10399)
4(10399 10400 10511 10510)
4(10510 10511 10622 10621)
4(10621 10622 10733 10732)
4(10732 10733 10844 10843)
4(10843 10844 10955 10954)
4(10954 10955 11066 11065)
4(11065 11066 11177 11176)
4(11176 11177 11288 11287)
4(11287 11288 11399 11398)
4(11398 11399 11510 11509)
4(11509 11510 11621 11620)
4(11620 11621 11732 11731)
4(11731 11732 11843 11842)
4(11842 11843 11954 11953)
4(11953 11954 12065 12064)
4(12064 12065 12176 12175)
4(12175 12176 12287 12286)
4(12286 12287 12398 12397)
4(12397 12398 12509 12508)
4(12508 12509 12620 12619)
4(12619 12620 12731 12730)
4(12730 12731 12842 12841)
4(12841 12842 12953 12952)
4(12952 12953 13064 13063)
4(13063 13064 13175 13174)
4(13174 13175 13286 13285)
4(13285 13286 13397 13396)
4(13396 13397 13508 13507)
4(13507 13508 13619 13618)
4(13618 13619 13730 13729)
4(13729 13730 13841 13840)
4(13840 13841 13952 13951)
4(13951 13952 14063 14062)
4(14062 14063 14174 14173)
4(14173 14174 14285 14284)
4(14284 14285 14396 14395)
4(14395 14396 14507 14506)
4(14506 14507 14618 14617)
4(14617 14618 14729 14728)
4(14728 14729 14840 14839)
4(14839 14840 14951 14950)
4(14950 14951 15062 15061)
4(15061 15062 15173 15172)
4(15172 15173 15284 15283)
4(15283 15284 15395 15394)
4(15394 15395 15506 15505)
4(15505 15506 15617 15616)
4(15616 15617 15728 15727)
4(15727 15728 15839 15838)
4(15838 15839 15950 15949)
4(15949 15950 16061 16060)
4(16060 16061 16172 16171)
4(16171 16172 16283 16282)
4(16282 16283 16394 16393)
4(16393 16394 16505 16504)
4(16504 16505 16616 16615)
4(16615 16616 16727 16726)
4(16726 16727 16838 16837)
4(16837 16838 16949 16948)
4(16948 16949 17060 17059)
4(17059 17060 17171 17170)
4(17170 17171 17282 17281)
4(17281 17282 17393 17392)
4(17392 17393 17504 17503)
4(17503 17504 17615 17614)
4(17614 17615 17726 17725)
4(17725 17726 17837 17836)
4(17836 17837 17948 17947)
4(17947 17948 18059 18058)
4(18058 18059 18170 18169)
4(18169 18170 18281 18280)
4(18280 18281 18392 18391)
4(18391 18392 18503 18502)
4(18502 18503 18614 18613)
4(18613 18614 18725 18724)
4(18724 18725 18836 18835)
4(18835 18836 18947 18946)
4(18946 18947 19058 19057)
4(9623 9624 9735 9734)
4(9734 9735 9846 9845)
4(9845 9846 9957 9956)
4(9956 9957 10068 10067)
4(10067 10068 10179 10178)
4(10178 10179 10290 10289)
4(10289 10290 10401 10400)
4(10400 10401 10512 10511)
4(10511 10512 10623 10622)
4(10622 10623 10734 10733)
4(10733 10734 10845 10844)
4(10844 10845 10956 10955)
4(10955 10956 11067 11066)
4(11066 11067 11178 11177)
4(11177 11178 11289 11288)
4(11288 11289 11400 11399)
4(11399 11400 11511 11510)
4(11510 11511 11622 11621)
4(11621 11622 11733 11732)
4(11732 11733 11844 11843)
4(11843 11844 11955 11954)
4(11954 11955 12066 12065)
4(12065 12066 12177 12176)
4(12176 12177 12288 12287)
4(12287 12288 12399 12398)
4(12398 12399 12510 12509)
4(12509 12510 12621 12620)
4(12620 12621 12732 12731)
4(12731 12732 12843 12842)
4(12842 12843 12954 12953)
4(12953 12954 13065 13064)
4(13064 13065 13176 13175)
4(13175 13176 13287 13286)
4(13286 13287 13398 13397)
4(13397 13398 13509 13508)
4(13508 13509 13620 13619)
4(13619 13620 13731 13730)
4(13730 13731 13842 13841)
4(13841 13842 13953 13952)
4(13952 13953 14064 14063)
4(14063 14064 14175 14174)
4(14174 14175 14286 14285)
4(14285 14286 14397 14396)
4(14396 14397 14508 14507)
4(14507 14508 14619 14618)
4(14618 14619 14730 14729)
4(14729 14730 14841 14840)
4(14840 14841 14952 14951)
4(14951 14952 15063 15062)
4(15062 15063 15174 15173)
4(15173 15174 15285 15284)
4(15284 15285 15396 15395)
4(15395 15396 15507 15506)
4(15506 15507 15618 15617)
4(15617 15618 15729 15728)
4(15728 15729 15840 15839)
4(15839 15840 15951 15950)
4(15950 15951 16062 16061)
4(16061 16062 16173 16172)
4(16172 16173 16284 16283)
4(16283 16284 16395 16394)
4(16394 16395 16506 16505)
4(16505 16506 16617 16616)
4(16616 16617 16728 16727)
4(16727 16728 16839 16838)
4(16838 16839 16950 16949)
4(16949 16950 17061 17060)
4(17060 17061 17172 17171)
4(17171 17172 17283 17282)
4(17282 17283 17394 17393)
4(17393 17394 17505 17504)
4(17504 17505 17616 17615)
4(17615 17616 17727 17726)
4(17726 17727 17838 17837)
4(17837 17838 17949 17948)
4(17948 17949 18060 18059)
4(18059 18060 18171 18170)
4(18170 18171 18282 18281)
4(18281 18282 18393 18392)
4(18392 18393 18504 18503)
4(18503 18504 18615 18614)
4(18614 18615 18726 18725)
4(18725 18726 18837 18836)
4(18836 18837 18948 18947)
4(18947 18948 19059 19058)
4(9624 9625 9736 9735)
4(9735 9736 9847 9846)
4(9846 9847 9958 9957)
4(9957 9958 10069 10068)
4(10068 10069 10180 10179)
4(10179 10180 10291 10290)
4(10290 10291 10402 10401)
4(10401 10402 10513 10512)
4(10512 10513 10624 10623)
4(10623 10624 10735 10734)
4(10734 10735 10846 10845)
4(10845 10846 10957 10956)
4(10956 10957 11068 11067)
4(11067 11068 11179 11178)
4(11178 11179 11290 11289)
4(11289 11290 11401 11400)
4(11400 11401 11512 11511)
4(11511 11512 11623 11622)
4(11622 11623 11734 11733)
4(11733 11734 11845 11844)
4(11844 11845 11956 11955)
4(11955 11956 12067 12066)
4(12066 12067 12178 12177)
4(12177 12178 12289 12288)
4(12288 12289 12400 12399)
4(12399 12400 12511 12510)
4(12510 12511 12622 12621)
4(12621 12622 12733 12732)
4(12732 12733 12844 12843)
4(12843 12844 12955 12954)
4(12954 12955 13066 13065)
4(13065 13066 13177 13176)
4(13176 13177 13288 13287)
4(13287 13288 13399 13398)
4(13398 13399 13510 13509)
4(13509 13510 13621 13620)
4(13620 13621 13732 13731)
4(13731 13732 13843 13842)
4(13842 13843 13954 13953)
4(13953 13954 14065 14064)
4(14064 14065 14176 14175)
4(14175 14176 14287 14286)
4(14286 14287 14398 14397)
4(14397 14398 14509 14508)
4(14508 14509 14620 14619)
4(14619 14620 14731 14730)
4(14730 14731 14842 14841)
4(14841 14842 14953 14952)
4(14952 14953 15064 15063)
4(15063 15064 15175 15174)
4(15174 15175 15286 15285)
4(15285 15286 15397 15396)
4(15396 15397 15508 15507)
4(15507 15508 15619 15618)
4(15618 15619 15730 15729)
4(15729 15730 15841 15840)
4(15840 15841 15952 15951)
4(15951 15952 16063 16062)
4(16062 16063 16174 16173)
4(16173 16174 16285 16284)
4(16284 16285 16396 16395)
4(16395 16396 16507 16506)
4(16506 16507 16618 16617)
4(16617 16618 16729 16728)
4(16728 16729 16840 16839)
4(16839 16840 16951 16950)
4(16950 16951 17062 17061)
4(17061 17062 17173 17172)
4(17172 17173 17284 17283)
4(17283 17284 17395 17394)
4(17394 17395 17506 17505)
4(17505 17506 17617 17616)
4(17616 17617 17728 17727)
4(17727 17728 17839 17838)
4(17838 17839 17950 17949)
4(17949 17950 18061 18060)
4(18060 18061 18172 18171)
4(18171 18172 18283 18282)
4(18282 18283 18394 18393)
4(18393 18394 18505 18504)
4(18504 18505 18616 18615)
4(18615 18616 18727 18726)
4(18726 18727 18838 18837)
4(18837 18838 18949 18948)
4(18948 18949 19060 19059)
4(9625 9626 9737 9736)
4(9736 9737 9848 9847)
4(9847 9848 9959 9958)
4(9958 9959 10070 10069)
4(10069 10070 10181 10180)
4(10180 10181 10292 10291)
4(10291 10292 10403 10402)
4(10402 10403 10514 10513)
4(10513 10514 10625 10624)
4(10624 10625 10736 10735)
4(10735 10736 10847 10846)
4(10846 10847 10958 10957)
4(10957 10958 11069 11068)
4(11068 11069 11180 11179)
4(11179 11180 11291 11290)
4(11290 11291 11402 11401)
4(11401 11402 11513 11512)
4(11512 11513 11624 11623)
4(11623 11624 11735 11734)
4(11734 11735 11846 11845)
4(11845 11846 11957 11956)
4(11956 11957 12068 12067)
4(12067 12068 12179 12178)
4(12178 12179 12290 12289)
4(12289 12290 12401 12400)
4(12400 12401 12512 12511)
4(12511 12512 12623 12622)
4(12622 12623 12734 12733)
4(12733 12734 12845 12844)
4(12844 12845 12956 12955)
4(12955 12956 13067 13066)
4(13066 13067 13178 13177)
4(13177 13178 13289 13288)
4(13288 13289 13400 13399)
4(13399 13400 13511 13510)
4(13510 13511 13622 13621)
4(13621 13622 13733 13732)
4(13732 13733 13844 13843)
4(13843 13844 13955 13954)
4(13954 13955 14066 14065)
4(14065 14066 14177 14176)
4(14176 14177 14288 14287)
4(14287 14288 14399 14398)
4(14398 14399 14510 14509)
4(14509 14510 14621 14620)
4(14620 14621 14732 14731)
4(14731 14732 14843 14842)
4(14842 14843 14954 14953)
4(14953 14954 15065 15064)
4(15064 15065 15176 15175)
4(15175 15176 15287 15286)
4(15286 15287 15398 15397)
4(15397 15398 15509 15508)
4(15508 15509 15620 15619)
4(15619 15620 15731 15730)
4(15730 15731 15842 15841)
4(15841 15842 15953 15952)
4(15952 15953 16064 16063)
4(16063 16064 16175 16174)
4(16174 16175 16286 16285)
4(16285 16286 16397 16396)
4(16396 16397 16508 16507)
4(16507 16508 16619 16618)
4(16618 16619 16730 16729)
4(16729 16730 16841 16840)
4(16840 16841 16952 16951)
4(16951 16952 17063 17062)
4(17062 17063 17174 17173)
4(17173 17174 17285 17284)
4(17284 17285 17396 17395)
4(17395 17396 17507 17506)
4(17506 17507 17618 17617)
4(17617 17618 17729 17728)
4(17728 17729 17840 17839)
4(17839 17840 17951 17950)
4(17950 17951 18062 18061)
4(18061 18062 18173 18172)
4(18172 18173 18284 18283)
4(18283 18284 18395 18394)
4(18394 18395 18506 18505)
4(18505 18506 18617 18616)
4(18616 18617 18728 18727)
4(18727 18728 18839 18838)
4(18838 18839 18950 18949)
4(18949 18950 19061 19060)
4(9626 9627 9738 9737)
4(9737 9738 9849 9848)
4(9848 9849 9960 9959)
4(9959 9960 10071 10070)
4(10070 10071 10182 10181)
4(10181 10182 10293 10292)
4(10292 10293 10404 10403)
4(10403 10404 10515 10514)
4(10514 10515 10626 10625)
4(10625 10626 10737 10736)
4(10736 10737 10848 10847)
4(10847 10848 10959 10958)
4(10958 10959 11070 11069)
4(11069 11070 11181 11180)
4(11180 11181 11292 11291)
4(11291 11292 11403 11402)
4(11402 11403 11514 11513)
4(11513 11514 11625 11624)
4(11624 11625 11736 11735)
4(11735 11736 11847 11846)
4(11846 11847 11958 11957)
4(11957 11958 12069 12068)
4(12068 12069 12180 12179)
4(12179 12180 12291 12290)
4(12290 12291 12402 12401)
4(12401 12402 12513 12512)
4(12512 12513 12624 12623)
4(12623 12624 12735 12734)
4(12734 12735 12846 12845)
4(12845 12846 12957 12956)
4(12956 12957 13068 13067)
4(13067 13068 13179 13178)
4(13178 13179 13290 13289)
4(13289 13290 13401 13400)
4(13400 13401 13512 13511)
4(13511 13512 13623 13622)
4(13622 13623 13734 13733)
4(13733 13734 13845 13844)
4(13844 13845 13956 13955)
4(13955 13956 14067 14066)
4(14066 14067 14178 14177)
4(14177 14178 14289 14288)
4(14288 14289 14400 14399)
4(14399 14400 14511 14510)
4(14510 14511 14622 14621)
4(14621 14622 14733 14732)
4(14732 14733 14844 14843)
4(14843 14844 14955 14954)
4(14954 14955 15066 15065)
4(15065 15066 15177 15176)
4(15176 15177 15288 15287)
4(15287 15288 15399 15398)
4(15398 15399 15510 15509)
4(15509 15510 15621 15620)
4(15620 15621 15732 15731)
4(15731 15732 15843 15842)
4(15842 15843 15954 15953)
4(15953 15954 16065 16064)
4(16064 16065 16176 16175)
4(16175 16176 16287 16286)
4(16286 16287 16398 16397)
4(16397 16398 16509 16508)
4(16508 16509 16620 16619)
4(16619 16620 16731 16730)
4(16730 16731 16842 16841)
4(16841 16842 16953 16952)
4(16952 16953 17064 17063)
4(17063 17064 17175 17174)
4(17174 17175 17286 17285)
4(17285 17286 17397 17396)
4(17396 17397 17508 17507)
4(17507 17508 17619 17618)
4(17618 17619 17730 17729)
4(17729 17730 17841 17840)
4(17840 17841 17952 17951)
4(17951 17952 18063 18062)
4(18062 18063 18174 18173)
4(18173 18174 18285 18284)
4(18284 18285 18396 18395)
4(18395 18396 18507 18506)
4(18506 18507 18618 18617)
4(18617 18618 18729 18728)
4(18728 18729 18840 18839)
4(18839 18840 18951 18950)
4(18950 18951 19062 19061)
4(9627 9628 9739 9738)
4(9738 9739 9850 9849)
4(9849 9850 9961 9960)
4(9960 9961 10072 10071)
4(10071 10072 10183 10182)
4(10182 10183 10294 10293)
4(10293 10294 10405 10404)
4(10404 10405 10516 10515)
4(10515 10516 10627 10626)
4(10626 10627 10738 10737)
4(10737 10738 10849 10848)
4(10848 10849 10960 10959)
4(10959 10960 11071 11070)
4(11070 11071 11182 11181)
4(11181 11182 11293 11292)
4(11292 11293 11404 11403)
4(11403 11404 11515 11514)
4(11514 11515 11626 11625)
4(11625 11626 11737 11736)
4(11736 11737 11848 11847)
4(11847 11848 11959 11958)
4(11958 11959 12070 12069)
4(12069 12070 12181 12180)
4(12180 12181 12292 12291)
4(12291 12292 12403 12402)
4(12402 12403 12514 12513)
4(12513 12514 12625 12624)
4(12624 12625 12736 12735)
4(12735 12736 12847 12846)
4(12846 12847 12958 12957)
4(12957 12958 13069 13068)
4(13068 13069 13180 13179)
4(13179 13180 13291 13290)
4(13290 13291 13402 13401)
4(13401 13402 13513 13512)
4(13512 13513 13624 13623)
4(13623 13624 13735 13734)
4(13734 13735 13846 13845)
4(13845 13846 13957 13956)
4(13956 13957 14068 14067)
4(14067 14068 14179 14178)
4(14178 14179 14290 14289)
4(14289 14290 14401 14400)
4(14400 14401 14512 14511)
4(14511 14512 14623 14622)
4(14622 14623 14734 14733)
4(14733 14734 14845 14844)
4(14844 14845 14956 14955)
4(14955 14956 15067 15066)
4(15066 15067 15178 15177)
4(15177 15178 15289 15288)
4(15288 15289 15400 15399)
4(15399 15400 15511 15510)
4(15510 15511 15622 15621)
4(15621 15622 15733 15732)
4(15732 15733 15844 15843)
4(15843 15844 15955 15954)
4(15954 15955 16066 16065)
4(16065 16066 16177 16176)
4(16176 16177 16288 16287)
4(16287 16288 16399 16398)
4(16398 16399 16510 16509)
4(16509 16510 16621 16620)
4(16620 16621 16732 16731)
4(16731 16732 16843 16842)
4(16842 16843 16954 16953)
4(16953 16954 17065 17064)
4(17064 17065 17176 17175)
4(17175 17176 17287 17286)
4(17286 17287 17398 17397)
4(17397 17398 17509 17508)
4(17508 17509 17620 17619)
4(17619 17620 17731 17730)
4(17730 17731 17842 17841)
4(17841 17842 17953 17952)
4(17952 17953 18064 18063)
4(18063 18064 18175 18174)
4(18174 18175 18286 18285)
4(18285 18286 18397 18396)
4(18396 18397 18508 18507)
4(18507 18508 18619 18618)
4(18618 18619 18730 18729)
4(18729 18730 18841 18840)
4(18840 18841 18952 18951)
4(18951 18952 19063 19062)
4(9628 9629 9740 9739)
4(9739 9740 9851 9850)
4(9850 9851 9962 9961)
4(9961 9962 10073 10072)
4(10072 10073 10184 10183)
4(10183 10184 10295 10294)
4(10294 10295 10406 10405)
4(10405 10406 10517 10516)
4(10516 10517 10628 10627)
4(10627 10628 10739 10738)
4(10738 10739 10850 10849)
4(10849 10850 10961 10960)
4(10960 10961 11072 11071)
4(11071 11072 11183 11182)
4(11182 11183 11294 11293)
4(11293 11294 11405 11404)
4(11404 11405 11516 11515)
4(11515 11516 11627 11626)
4(11626 11627 11738 11737)
4(11737 11738 11849 11848)
4(11848 11849 11960 11959)
4(11959 11960 12071 12070)
4(12070 12071 12182 12181)
4(12181 12182 12293 12292)
4(12292 12293 12404 12403)
4(12403 12404 12515 12514)
4(12514 12515 12626 12625)
4(12625 12626 12737 12736)
4(12736 12737 12848 12847)
4(12847 12848 12959 12958)
4(12958 12959 13070 13069)
4(13069 13070 13181 13180)
4(13180 13181 13292 13291)
4(13291 13292 13403 13402)
4(13402 13403 13514 13513)
4(13513 13514 13625 13624)
4(13624 13625 13736 13735)
4(13735 13736 13847 13846)
4(13846 13847 13958 13957)
4(13957 13958 14069 14068)
4(14068 14069 14180 14179)
4(14179 14180 14291 14290)
4(14290 14291 14402 14401)
4(14401 14402 14513 14512)
4(14512 14513 14624 14623)
4(14623 14624 14735 14734)
4(14734 14735 14846 14845)
4(14845 14846 14957 14956)
4(14956 14957 15068 15067)
4(15067 15068 15179 15178)
4(15178 15179 15290 15289)
4(15289 15290 15401 15400)
4(15400 15401 15512 15511)
4(15511 15512 15623 15622)
4(15622 15623 15734 15733)
4(15733 15734 15845 15844)
4(15844 15845 15956 15955)
4(15955 15956 16067 16066)
4(16066 16067 16178 16177)
4(16177 16178 16289 16288)
4(16288 16289 16400 16399)
4(16399 16400 16511 16510)
4(16510 16511 16622 16621)
4(16621 16622 16733 16732)
4(16732 16733 16844 16843)
4(16843 16844 16955 16954)
4(16954 16955 17066 17065)
4(17065 17066 17177 17176)
4(17176 17177 17288 17287)
4(17287 17288 17399 17398)
4(17398 17399 17510 17509)
4(17509 17510 17621 17620)
4(17620 17621 17732 17731)
4(17731 17732 17843 17842)
4(17842 17843 17954 17953)
4(17953 17954 18065 18064)
4(18064 18065 18176 18175)
4(18175 18176 18287 18286)
4(18286 18287 18398 18397)
4(18397 18398 18509 18508)
4(18508 18509 18620 18619)
4(18619 18620 18731 18730)
4(18730 18731 18842 18841)
4(18841 18842 18953 18952)
4(18952 18953 19064 19063)
4(9629 9630 9741 9740)
4(9740 9741 9852 9851)
4(9851 9852 9963 9962)
4(9962 9963 10074 10073)
4(10073 10074 10185 10184)
4(10184 10185 10296 10295)
4(10295 10296 10407 10406)
4(10406 10407 10518 10517)
4(10517 10518 10629 10628)
4(10628 10629 10740 10739)
4(10739 10740 10851 10850)
4(10850 10851 10962 10961)
4(10961 10962 11073 11072)
4(11072 11073 11184 11183)
4(11183 11184 11295 11294)
4(11294 11295 11406 11405)
4(11405 11406 11517 11516)
4(11516 11517 11628 11627)
4(11627 11628 11739 11738)
4(11738 11739 11850 11849)
4(11849 11850 11961 11960)
4(11960 11961 12072 12071)
4(12071 12072 12183 12182)
4(12182 12183 12294 12293)
4(12293 12294 12405 12404)
4(12404 12405 12516 12515)
4(12515 12516 12627 12626)
4(12626 12627 12738 12737)
4(12737 12738 12849 12848)
4(12848 12849 12960 12959)
4(12959 12960 13071 13070)
4(13070 13071 13182 13181)
4(13181 13182 13293 13292)
4(13292 13293 13404 13403)
4(13403 13404 13515 13514)
4(13514 13515 13626 13625)
4(13625 13626 13737 13736)
4(13736 13737 13848 13847)
4(13847 13848 13959 13958)
4(13958 13959 14070 14069)
4(14069 14070 14181 14180)
4(14180 14181 14292 14291)
4(14291 14292 14403 14402)
4(14402 14403 14514 14513)
4(14513 14514 14625 14624)
4(14624 14625 14736 14735)
4(14735 14736 14847 14846)
4(14846 14847 14958 14957)
4(14957 14958 15069 15068)
4(15068 15069 15180 15179)
4(15179 15180 15291 15290)
4(15290 15291 15402 15401)
4(15401 15402 15513 15512)
4(15512 15513 15624 15623)
4(15623 15624 15735 15734)
4(15734 15735 15846 15845)
4(15845 15846 15957 15956)
4(15956 15957 16068 16067)
4(16067 16068 16179 16178)
4(16178 16179 16290 16289)
4(16289 16290 16401 16400)
4(16400 16401 16512 16511)
4(16511 16512 16623 16622)
4(16622 16623 16734 16733)
4(16733 16734 16845 16844)
4(16844 16845 16956 16955)
4(16955 16956 17067 17066)
4(17066 17067 17178 17177)
4(17177 17178 17289 17288)
4(17288 17289 17400 17399)
4(17399 17400 17511 17510)
4(17510 17511 17622 17621)
4(17621 17622 17733 17732)
4(17732 17733 17844 17843)
4(17843 17844 17955 17954)
4(17954 17955 18066 18065)
4(18065 18066 18177 18176)
4(18176 18177 18288 18287)
4(18287 18288 18399 18398)
4(18398 18399 18510 18509)
4(18509 18510 18621 18620)
4(18620 18621 18732 18731)
4(18731 18732 18843 18842)
4(18842 18843 18954 18953)
4(18953 18954 19065 19064)
4(9630 9631 9742 9741)
4(9741 9742 9853 9852)
4(9852 9853 9964 9963)
4(9963 9964 10075 10074)
4(10074 10075 10186 10185)
4(10185 10186 10297 10296)
4(10296 10297 10408 10407)
4(10407 10408 10519 10518)
4(10518 10519 10630 10629)
4(10629 10630 10741 10740)
4(10740 10741 10852 10851)
4(10851 10852 10963 10962)
4(10962 10963 11074 11073)
4(11073 11074 11185 11184)
4(11184 11185 11296 11295)
4(11295 11296 11407 11406)
4(11406 11407 11518 11517)
4(11517 11518 11629 11628)
4(11628 11629 11740 11739)
4(11739 11740 11851 11850)
4(11850 11851 11962 11961)
4(11961 11962 12073 12072)
4(12072 12073 12184 12183)
4(12183 12184 12295 12294)
4(12294 12295 12406 12405)
4(12405 12406 12517 12516)
4(12516 12517 12628 12627)
4(12627 12628 12739 12738)
4(12738 12739 12850 12849)
4(12849 12850 12961 12960)
4(12960 12961 13072 13071)
4(13071 13072 13183 13182)
4(13182 13183 13294 13293)
4(13293 13294 13405 13404)
4(13404 13405 13516 13515)
4(13515 13516 13627 13626)
4(13626 13627 13738 13737)
4(13737 13738 13849 13848)
4(13848 13849 13960 13959)
4(13959 13960 14071 14070)
4(14070 14071 14182 14181)
4(14181 14182 14293 14292)
4(14292 14293 14404 14403)
4(14403 14404 14515 14514)
4(14514 14515 14626 14625)
4(14625 14626 14737 14736)
4(14736 14737 14848 14847)
4(14847 14848 14959 14958)
4(14958 14959 15070 15069)
4(15069 15070 15181 15180)
4(15180 15181 15292 15291)
4(15291 15292 15403 15402)
4(15402 15403 15514 15513)
4(15513 15514 15625 15624)
4(15624 15625 15736 15735)
4(15735 15736 15847 15846)
4(15846 15847 15958 15957)
4(15957 15958 16069 16068)
4(16068 16069 16180 16179)
4(16179 16180 16291 16290)
4(16290 16291 16402 16401)
4(16401 16402 16513 16512)
4(16512 16513 16624 16623)
4(16623 16624 16735 16734)
4(16734 16735 16846 16845)
4(16845 16846 16957 16956)
4(16956 16957 17068 17067)
4(17067 17068 17179 17178)
4(17178 17179 17290 17289)
4(17289 17290 17401 17400)
4(17400 17401 17512 17511)
4(17511 17512 17623 17622)
4(17622 17623 17734 17733)
4(17733 17734 17845 17844)
4(17844 17845 17956 17955)
4(17955 17956 18067 18066)
4(18066 18067 18178 18177)
4(18177 18178 18289 18288)
4(18288 18289 18400 18399)
4(18399 18400 18511 18510)
4(18510 18511 18622 18621)
4(18621 18622 18733 18732)
4(18732 18733 18844 18843)
4(18843 18844 18955 18954)
4(18954 18955 19066 19065)
4(9631 9632 9743 9742)
4(9742 9743 9854 9853)
4(9853 9854 9965 9964)
4(9964 9965 10076 10075)
4(10075 10076 10187 10186)
4(10186 10187 10298 10297)
4(10297 10298 10409 10408)
4(10408 10409 10520 10519)
4(10519 10520 10631 10630)
4(10630 10631 10742 10741)
4(10741 10742 10853 10852)
4(10852 10853 10964 10963)
4(10963 10964 11075 11074)
4(11074 11075 11186 11185)
4(11185 11186 11297 11296)
4(11296 11297 11408 11407)
4(11407 11408 11519 11518)
4(11518 11519 11630 11629)
4(11629 11630 11741 11740)
4(11740 11741 11852 11851)
4(11851 11852 11963 11962)
4(11962 11963 12074 12073)
4(12073 12074 12185 12184)
4(12184 12185 12296 12295)
4(12295 12296 12407 12406)
4(12406 12407 12518 12517)
4(12517 12518 12629 12628)
4(12628 12629 12740 12739)
4(12739 12740 12851 12850)
4(12850 12851 12962 12961)
4(12961 12962 13073 13072)
4(13072 13073 13184 13183)
4(13183 13184 13295 13294)
4(13294 13295 13406 13405)
4(13405 13406 13517 13516)
4(13516 13517 13628 13627)
4(13627 13628 13739 13738)
4(13738 13739 13850 13849)
4(13849 13850 13961 13960)
4(13960 13961 14072 14071)
4(14071 14072 14183 14182)
4(14182 14183 14294 14293)
4(14293 14294 14405 14404)
4(14404 14405 14516 14515)
4(14515 14516 14627 14626)
4(14626 14627 14738 14737)
4(14737 14738 14849 14848)
4(14848 14849 14960 14959)
4(14959 14960 15071 15070)
4(15070 15071 15182 15181)
4(15181 15182 15293 15292)
4(15292 15293 15404 15403)
4(15403 15404 15515 15514)
4(15514 15515 15626 15625)
4(15625 15626 15737 15736)
4(15736 15737 15848 15847)
4(15847 15848 15959 15958)
4(15958 15959 16070 16069)
4(16069 16070 16181 16180)
4(16180 16181 16292 16291)
4(16291 16292 16403 16402)
4(16402 16403 16514 16513)
4(16513 16514 16625 16624)
4(16624 16625 16736 16735)
4(16735 16736 16847 16846)
4(16846 16847 16958 16957)
4(16957 16958 17069 17068)
4(17068 17069 17180 17179)
4(17179 17180 17291 17290)
4(17290 17291 17402 17401)
4(17401 17402 17513 17512)
4(17512 17513 17624 17623)
4(17623 17624 17735 17734)
4(17734 17735 17846 17845)
4(17845 17846 17957 17956)
4(17956 17957 18068 18067)
4(18067 18068 18179 18178)
4(18178 18179 18290 18289)
4(18289 18290 18401 18400)
4(18400 18401 18512 18511)
4(18511 18512 18623 18622)
4(18622 18623 18734 18733)
4(18733 18734 18845 18844)
4(18844 18845 18956 18955)
4(18955 18956 19067 19066)
4(9632 9633 9744 9743)
4(9743 9744 9855 9854)
4(9854 9855 9966 9965)
4(9965 9966 10077 10076)
4(10076 10077 10188 10187)
4(10187 10188 10299 10298)
4(10298 10299 10410 10409)
4(10409 10410 10521 10520)
4(10520 10521 10632 10631)
4(10631 10632 10743 10742)
4(10742 10743 10854 10853)
4(10853 10854 10965 10964)
4(10964 10965 11076 11075)
4(11075 11076 11187 11186)
4(11186 11187 11298 11297)
4(11297 11298 11409 11408)
4(11408 11409 11520 11519)
4(11519 11520 11631 11630)
4(11630 11631 11742 11741)
4(11741 11742 11853 11852)
4(11852 11853 11964 11963)
4(11963 11964 12075 12074)
4(12074 12075 12186 12185)
4(12185 12186 12297 12296)
4(12296 12297 12408 12407)
4(12407 12408 12519 12518)
4(12518 12519 12630 12629)
4(12629 12630 12741 12740)
4(12740 12741 12852 12851)
4(12851 12852 12963 12962)
4(12962 12963 13074 13073)
4(13073 13074 13185 13184)
4(13184 13185 13296 13295)
4(13295 13296 13407 13406)
4(13406 13407 13518 13517)
4(13517 13518 13629 13628)
4(13628 13629 13740 13739)
4(13739 13740 13851 13850)
4(13850 13851 13962 13961)
4(13961 13962 14073 14072)
4(14072 14073 14184 14183)
4(14183 14184 14295 14294)
4(14294 14295 14406 14405)
4(14405 14406 14517 14516)
4(14516 14517 14628 14627)
4(14627 14628 14739 14738)
4(14738 14739 14850 14849)
4(14849 14850 14961 14960)
4(14960 14961 15072 15071)
4(15071 15072 15183 15182)
4(15182 15183 15294 15293)
4(15293 15294 15405 15404)
4(15404 15405 15516 15515)
4(15515 15516 15627 15626)
4(15626 15627 15738 15737)
4(15737 15738 15849 15848)
4(15848 15849 15960 15959)
4(15959 15960 16071 16070)
4(16070 16071 16182 16181)
4(16181 16182 16293 16292)
4(16292 16293 16404 16403)
4(16403 16404 16515 16514)
4(16514 16515 16626 16625)
4(16625 16626 16737 16736)
4(16736 16737 16848 16847)
4(16847 16848 16959 16958)
4(16958 16959 17070 17069)
4(17069 17070 17181 17180)
4(17180 17181 17292 17291)
4(17291 17292 17403 17402)
4(17402 17403 17514 17513)
4(17513 17514 17625 17624)
4(17624 17625 17736 17735)
4(17735 17736 17847 17846)
4(17846 17847 17958 17957)
4(17957 17958 18069 18068)
4(18068 18069 18180 18179)
4(18179 18180 18291 18290)
4(18290 18291 18402 18401)
4(18401 18402 18513 18512)
4(18512 18513 18624 18623)
4(18623 18624 18735 18734)
4(18734 18735 18846 18845)
4(18845 18846 18957 18956)
4(18956 18957 19068 19067)
4(9633 9634 9745 9744)
4(9744 9745 9856 9855)
4(9855 9856 9967 9966)
4(9966 9967 10078 10077)
4(10077 10078 10189 10188)
4(10188 10189 10300 10299)
4(10299 10300 10411 10410)
4(10410 10411 10522 10521)
4(10521 10522 10633 10632)
4(10632 10633 10744 10743)
4(10743 10744 10855 10854)
4(10854 10855 10966 10965)
4(10965 10966 11077 11076)
4(11076 11077 11188 11187)
4(11187 11188 11299 11298)
4(11298 11299 11410 11409)
4(11409 11410 11521 11520)
4(11520 11521 11632 11631)
4(11631 11632 11743 11742)
4(11742 11743 11854 11853)
4(11853 11854 11965 11964)
4(11964 11965 12076 12075)
4(12075 12076 12187 12186)
4(12186 12187 12298 12297)
4(12297 12298 12409 12408)
4(12408 12409 12520 12519)
4(12519 12520 12631 12630)
4(12630 12631 12742 12741)
4(12741 12742 12853 12852)
4(12852 12853 12964 12963)
4(12963 12964 13075 13074)
4(13074 13075 13186 13185)
4(13185 13186 13297 13296)
4(13296 13297 13408 13407)
4(13407 13408 13519 13518)
4(13518 13519 13630 13629)
4(13629 13630 13741 13740)
4(13740 13741 13852 13851)
4(13851 13852 13963 13962)
4(13962 13963 14074 14073)
4(14073 14074 14185 14184)
4(14184 14185 14296 14295)
4(14295 14296 14407 14406)
4(14406 14407 14518 14517)
4(14517 14518 14629 14628)
4(14628 14629 14740 14739)
4(14739 14740 14851 14850)
4(14850 14851 14962 14961)
4(14961 14962 15073 15072)
4(15072 15073 15184 15183)
4(15183 15184 15295 15294)
4(15294 15295 15406 15405)
4(15405 15406 15517 15516)
4(15516 15517 15628 15627)
4(15627 15628 15739 15738)
4(15738 15739 15850 15849)
4(15849 15850 15961 15960)
4(15960 15961 16072 16071)
4(16071 16072 16183 16182)
4(16182 16183 16294 16293)
4(16293 16294 16405 16404)
4(16404 16405 16516 16515)
4(16515 16516 16627 16626)
4(16626 16627 16738 16737)
4(16737 16738 16849 16848)
4(16848 16849 16960 16959)
4(16959 16960 17071 17070)
4(17070 17071 17182 17181)
4(17181 17182 17293 17292)
4(17292 17293 17404 17403)
4(17403 17404 17515 17514)
4(17514 17515 17626 17625)
4(17625 17626 17737 17736)
4(17736 17737 17848 17847)
4(17847 17848 17959 17958)
4(17958 17959 18070 18069)
4(18069 18070 18181 18180)
4(18180 18181 18292 18291)
4(18291 18292 18403 18402)
4(18402 18403 18514 18513)
4(18513 18514 18625 18624)
4(18624 18625 18736 18735)
4(18735 18736 18847 18846)
4(18846 18847 18958 18957)
4(18957 18958 19069 19068)
4(9634 9635 9746 9745)
4(9745 9746 9857 9856)
4(9856 9857 9968 9967)
4(9967 9968 10079 10078)
4(10078 10079 10190 10189)
4(10189 10190 10301 10300)
4(10300 10301 10412 10411)
4(10411 10412 10523 10522)
4(10522 10523 10634 10633)
4(10633 10634 10745 10744)
4(10744 10745 10856 10855)
4(10855 10856 10967 10966)
4(10966 10967 11078 11077)
4(11077 11078 11189 11188)
4(11188 11189 11300 11299)
4(11299 11300 11411 11410)
4(11410 11411 11522 11521)
4(11521 11522 11633 11632)
4(11632 11633 11744 11743)
4(11743 11744 11855 11854)
4(11854 11855 11966 11965)
4(11965 11966 12077 12076)
4(12076 12077 12188 12187)
4(12187 12188 12299 12298)
4(12298 12299 12410 12409)
4(12409 12410 12521 12520)
4(12520 12521 12632 12631)
4(12631 12632 12743 12742)
4(12742 12743 12854 12853)
4(12853 12854 12965 12964)
4(12964 12965 13076 13075)
4(13075 13076 13187 13186)
4(13186 13187 13298 13297)
4(13297 13298 13409 13408)
4(13408 13409 13520 13519)
4(13519 13520 13631 13630)
4(13630 13631 13742 13741)
4(13741 13742 13853 13852)
4(13852 13853 13964 13963)
4(13963 13964 14075 14074)
4(14074 14075 14186 14185)
4(14185 14186 14297 14296)
4(14296 14297 14408 14407)
4(14407 14408 14519 14518)
4(14518 14519 14630 14629)
4(14629 14630 14741 14740)
4(14740 14741 14852 14851)
4(14851 14852 14963 14962)
4(14962 14963 15074 15073)
4(15073 15074 15185 15184)
4(15184 15185 15296 15295)
4(15295 15296 15407 15406)
4(15406 15407 15518 15517)
4(15517 15518 15629 15628)
4(15628 15629 15740 15739)
4(15739 15740 15851 15850)
4(15850 15851 15962 15961)
4(15961 15962 16073 16072)
4(16072 16073 16184 16183)
4(16183 16184 16295 16294)
4(16294 16295 16406 16405)
4(16405 16406 16517 16516)
4(16516 16517 16628 16627)
4(16627 16628 16739 16738)
4(16738 16739 16850 16849)
4(16849 16850 16961 16960)
4(16960 16961 17072 17071)
4(17071 17072 17183 17182)
4(17182 17183 17294 17293)
4(17293 17294 17405 17404)
4(17404 17405 17516 17515)
4(17515 17516 17627 17626)
4(17626 17627 17738 17737)
4(17737 17738 17849 17848)
4(17848 17849 17960 17959)
4(17959 17960 18071 18070)
4(18070 18071 18182 18181)
4(18181 18182 18293 18292)
4(18292 18293 18404 18403)
4(18403 18404 18515 18514)
4(18514 18515 18626 18625)
4(18625 18626 18737 18736)
4(18736 18737 18848 18847)
4(18847 18848 18959 18958)
4(18958 18959 19070 19069)
4(9635 9636 9747 9746)
4(9746 9747 9858 9857)
4(9857 9858 9969 9968)
4(9968 9969 10080 10079)
4(10079 10080 10191 10190)
4(10190 10191 10302 10301)
4(10301 10302 10413 10412)
4(10412 10413 10524 10523)
4(10523 10524 10635 10634)
4(10634 10635 10746 10745)
4(10745 10746 10857 10856)
4(10856 10857 10968 10967)
4(10967 10968 11079 11078)
4(11078 11079 11190 11189)
4(11189 11190 11301 11300)
4(11300 11301 11412 11411)
4(11411 11412 11523 11522)
4(11522 11523 11634 11633)
4(11633 11634 11745 11744)
4(11744 11745 11856 11855)
4(11855 11856 11967 11966)
4(11966 11967 12078 12077)
4(12077 12078 12189 12188)
4(12188 12189 12300 12299)
4(12299 12300 12411 12410)
4(12410 12411 12522 12521)
4(12521 12522 12633 12632)
4(12632 12633 12744 12743)
4(12743 12744 12855 12854)
4(12854 12855 12966 12965)
4(12965 12966 13077 13076)
4(13076 13077 13188 13187)
4(13187 13188 13299 13298)
4(13298 13299 13410 13409)
4(13409 13410 13521 13520)
4(13520 13521 13632 13631)
4(13631 13632 13743 13742)
4(13742 13743 13854 13853)
4(13853 13854 13965 13964)
4(13964 13965 14076 14075)
4(14075 14076 14187 14186)
4(14186 14187 14298 14297)
4(14297 14298 14409 14408)
4(14408 14409 14520 14519)
4(14519 14520 14631 14630)
4(14630 14631 14742 14741)
4(14741 14742 14853 14852)
4(14852 14853 14964 14963)
4(14963 14964 15075 15074)
4(15074 15075 15186 15185)
4(15185 15186 15297 15296)
4(15296 15297 15408 15407)
4(15407 15408 15519 15518)
4(15518 15519 15630 15629)
4(15629 15630 15741 15740)
4(15740 15741 15852 15851)
4(15851 15852 15963 15962)
4(15962 15963 16074 16073)
4(16073 16074 16185 16184)
4(16184 16185 16296 16295)
4(16295 16296 16407 16406)
4(16406 16407 16518 16517)
4(16517 16518 16629 16628)
4(16628 16629 16740 16739)
4(16739 16740 16851 16850)
4(16850 16851 16962 16961)
4(16961 16962 17073 17072)
4(17072 17073 17184 17183)
4(17183 17184 17295 17294)
4(17294 17295 17406 17405)
4(17405 17406 17517 17516)
4(17516 17517 17628 17627)
4(17627 17628 17739 17738)
4(17738 17739 17850 17849)
4(17849 17850 17961 17960)
4(17960 17961 18072 18071)
4(18071 18072 18183 18182)
4(18182 18183 18294 18293)
4(18293 18294 18405 18404)
4(18404 18405 18516 18515)
4(18515 18516 18627 18626)
4(18626 18627 18738 18737)
4(18737 18738 18849 18848)
4(18848 18849 18960 18959)
4(18959 18960 19071 19070)
4(9636 9637 9748 9747)
4(9747 9748 9859 9858)
4(9858 9859 9970 9969)
4(9969 9970 10081 10080)
4(10080 10081 10192 10191)
4(10191 10192 10303 10302)
4(10302 10303 10414 10413)
4(10413 10414 10525 10524)
4(10524 10525 10636 10635)
4(10635 10636 10747 10746)
4(10746 10747 10858 10857)
4(10857 10858 10969 10968)
4(10968 10969 11080 11079)
4(11079 11080 11191 11190)
4(11190 11191 11302 11301)
4(11301 11302 11413 11412)
4(11412 11413 11524 11523)
4(11523 11524 11635 11634)
4(11634 11635 11746 11745)
4(11745 11746 11857 11856)
4(11856 11857 11968 11967)
4(11967 11968 12079 12078)
4(12078 12079 12190 12189)
4(12189 12190 12301 12300)
4(12300 12301 12412 12411)
4(12411 12412 12523 12522)
4(12522 12523 12634 12633)
4(12633 12634 12745 12744)
4(12744 12745 12856 12855)
4(12855 12856 12967 12966)
4(12966 12967 13078 13077)
4(13077 13078 13189 13188)
4(13188 13189 13300 13299)
4(13299 13300 13411 13410)
4(13410 13411 13522 13521)
4(13521 13522 13633 13632)
4(13632 13633 13744 13743)
4(13743 13744 13855 13854)
4(13854 13855 13966 13965)
4(13965 13966 14077 14076)
4(14076 14077 14188 14187)
4(14187 14188 14299 14298)
4(14298 14299 14410 14409)
4(14409 14410 14521 14520)
4(14520 14521 14632 14631)
4(14631 14632 14743 14742)
4(14742 14743 14854 14853)
4(14853 14854 14965 14964)
4(14964 14965 15076 15075)
4(15075 15076 15187 15186)
4(15186 15187 15298 15297)
4(15297 15298 15409 15408)
4(15408 15409 15520 15519)
4(15519 15520 15631 15630)
4(15630 15631 15742 15741)
4(15741 15742 15853 15852)
4(15852 15853 15964 15963)
4(15963 15964 16075 16074)
4(16074 16075 16186 16185)
4(16185 16186 16297 16296)
4(16296 16297 16408 16407)
4(16407 16408 16519 16518)
4(16518 16519 16630 16629)
4(16629 16630 16741 16740)
4(16740 16741 16852 16851)
4(16851 16852 16963 16962)
4(16962 16963 17074 17073)
4(17073 17074 17185 17184)
4(17184 17185 17296 17295)
4(17295 17296 17407 17406)
4(17406 17407 17518 17517)
4(17517 17518 17629 17628)
4(17628 17629 17740 17739)
4(17739 17740 17851 17850)
4(17850 17851 17962 17961)
4(17961 17962 18073 18072)
4(18072 18073 18184 18183)
4(18183 18184 18295 18294)
4(18294 18295 18406 18405)
4(18405 18406 18517 18516)
4(18516 18517 18628 18627)
4(18627 18628 18739 18738)
4(18738 18739 18850 18849)
4(18849 18850 18961 18960)
4(18960 18961 19072 19071)
4(9637 9638 9749 9748)
4(9748 9749 9860 9859)
4(9859 9860 9971 9970)
4(9970 9971 10082 10081)
4(10081 10082 10193 10192)
4(10192 10193 10304 10303)
4(10303 10304 10415 10414)
4(10414 10415 10526 10525)
4(10525 10526 10637 10636)
4(10636 10637 10748 10747)
4(10747 10748 10859 10858)
4(10858 10859 10970 10969)
4(10969 10970 11081 11080)
4(11080 11081 11192 11191)
4(11191 11192 11303 11302)
4(11302 11303 11414 11413)
4(11413 11414 11525 11524)
4(11524 11525 11636 11635)
4(11635 11636 11747 11746)
4(11746 11747 11858 11857)
4(11857 11858 11969 11968)
4(11968 11969 12080 12079)
4(12079 12080 12191 12190)
4(12190 12191 12302 12301)
4(12301 12302 12413 12412)
4(12412 12413 12524 12523)
4(12523 12524 12635 12634)
4(12634 12635 12746 12745)
4(12745 12746 12857 12856)
4(12856 12857 12968 12967)
4(12967 12968 13079 13078)
4(13078 13079 13190 13189)
4(13189 13190 13301 13300)
4(13300 13301 13412 13411)
4(13411 13412 13523 13522)
4(13522 13523 13634 13633)
4(13633 13634 13745 13744)
4(13744 13745 13856 13855)
4(13855 13856 13967 13966)
4(13966 13967 14078 14077)
4(14077 14078 14189 14188)
4(14188 14189 14300 14299)
4(14299 14300 14411 14410)
4(14410 14411 14522 14521)
4(14521 14522 14633 14632)
4(14632 14633 14744 14743)
4(14743 14744 14855 14854)
4(14854 14855 14966 14965)
4(14965 14966 15077 15076)
4(15076 15077 15188 15187)
4(15187 15188 15299 15298)
4(15298 15299 15410 15409)
4(15409 15410 15521 15520)
4(15520 15521 15632 15631)
4(15631 15632 15743 15742)
4(15742 15743 15854 15853)
4(15853 15854 15965 15964)
4(15964 15965 16076 16075)
4(16075 16076 16187 16186)
4(16186 16187 16298 16297)
4(16297 16298 16409 16408)
4(16408 16409 16520 16519)
4(16519 16520 16631 16630)
4(16630 16631 16742 16741)
4(16741 16742 16853 16852)
4(16852 16853 16964 16963)
4(16963 16964 17075 17074)
4(17074 17075 17186 17185)
4(17185 17186 17297 17296)
4(17296 17297 17408 17407)
4(17407 17408 17519 17518)
4(17518 17519 17630 17629)
4(17629 17630 17741 17740)
4(17740 17741 17852 17851)
4(17851 17852 17963 17962)
4(17962 17963 18074 18073)
4(18073 18074 18185 18184)
4(18184 18185 18296 18295)
4(18295 18296 18407 18406)
4(18406 18407 18518 18517)
4(18517 18518 18629 18628)
4(18628 18629 18740 18739)
4(18739 18740 18851 18850)
4(18850 18851 18962 18961)
4(18961 18962 19073 19072)
4(9638 9639 9750 9749)
4(9749 9750 9861 9860)
4(9860 9861 9972 9971)
4(9971 9972 10083 10082)
4(10082 10083 10194 10193)
4(10193 10194 10305 10304)
4(10304 10305 10416 10415)
4(10415 10416 10527 10526)
4(10526 10527 10638 10637)
4(10637 10638 10749 10748)
4(10748 10749 10860 10859)
4(10859 10860 10971 10970)
4(10970 10971 11082 11081)
4(11081 11082 11193 11192)
4(11192 11193 11304 11303)
4(11303 11304 11415 11414)
4(11414 11415 11526 11525)
4(11525 11526 11637 11636)
4(11636 11637 11748 11747)
4(11747 11748 11859 11858)
4(11858 11859 11970 11969)
4(11969 11970 12081 12080)
4(12080 12081 12192 12191)
4(12191 12192 12303 12302)
4(12302 12303 12414 12413)
4(12413 12414 12525 12524)
4(12524 12525 12636 12635)
4(12635 12636 12747 12746)
4(12746 12747 12858 12857)
4(12857 12858 12969 12968)
4(12968 12969 13080 13079)
4(13079 13080 13191 13190)
4(13190 13191 13302 13301)
4(13301 13302 13413 13412)
4(13412 13413 13524 13523)
4(13523 13524 13635 13634)
4(13634 13635 13746 13745)
4(13745 13746 13857 13856)
4(13856 13857 13968 13967)
4(13967 13968 14079 14078)
4(14078 14079 14190 14189)
4(14189 14190 14301 14300)
4(14300 14301 14412 14411)
4(14411 14412 14523 14522)
4(14522 14523 14634 14633)
4(14633 14634 14745 14744)
4(14744 14745 14856 14855)
4(14855 14856 14967 14966)
4(14966 14967 15078 15077)
4(15077 15078 15189 15188)
4(15188 15189 15300 15299)
4(15299 15300 15411 15410)
4(15410 15411 15522 15521)
4(15521 15522 15633 15632)
4(15632 15633 15744 15743)
4(15743 15744 15855 15854)
4(15854 15855 15966 15965)
4(15965 15966 16077 16076)
4(16076 16077 16188 16187)
4(16187 16188 16299 16298)
4(16298 16299 16410 16409)
4(16409 16410 16521 16520)
4(16520 16521 16632 16631)
4(16631 16632 16743 16742)
4(16742 16743 16854 16853)
4(16853 16854 16965 16964)
4(16964 16965 17076 17075)
4(17075 17076 17187 17186)
4(17186 17187 17298 17297)
4(17297 17298 17409 17408)
4(17408 17409 17520 17519)
4(17519 17520 17631 17630)
4(17630 17631 17742 17741)
4(17741 17742 17853 17852)
4(17852 17853 17964 17963)
4(17963 17964 18075 18074)
4(18074 18075 18186 18185)
4(18185 18186 18297 18296)
4(18296 18297 18408 18407)
4(18407 18408 18519 18518)
4(18518 18519 18630 18629)
4(18629 18630 18741 18740)
4(18740 18741 18852 18851)
4(18851 18852 18963 18962)
4(18962 18963 19074 19073)
4(9639 9640 9751 9750)
4(9750 9751 9862 9861)
4(9861 9862 9973 9972)
4(9972 9973 10084 10083)
4(10083 10084 10195 10194)
4(10194 10195 10306 10305)
4(10305 10306 10417 10416)
4(10416 10417 10528 10527)
4(10527 10528 10639 10638)
4(10638 10639 10750 10749)
4(10749 10750 10861 10860)
4(10860 10861 10972 10971)
4(10971 10972 11083 11082)
4(11082 11083 11194 11193)
4(11193 11194 11305 11304)
4(11304 11305 11416 11415)
4(11415 11416 11527 11526)
4(11526 11527 11638 11637)
4(11637 11638 11749 11748)
4(11748 11749 11860 11859)
4(11859 11860 11971 11970)
4(11970 11971 12082 12081)
4(12081 12082 12193 12192)
4(12192 12193 12304 12303)
4(12303 12304 12415 12414)
4(12414 12415 12526 12525)
4(12525 12526 12637 12636)
4(12636 12637 12748 12747)
4(12747 12748 12859 12858)
4(12858 12859 12970 12969)
4(12969 12970 13081 13080)
4(13080 13081 13192 13191)
4(13191 13192 13303 13302)
4(13302 13303 13414 13413)
4(13413 13414 13525 13524)
4(13524 13525 13636 13635)
4(13635 13636 13747 13746)
4(13746 13747 13858 13857)
4(13857 13858 13969 13968)
4(13968 13969 14080 14079)
4(14079 14080 14191 14190)
4(14190 14191 14302 14301)
4(14301 14302 14413 14412)
4(14412 14413 14524 14523)
4(14523 14524 14635 14634)
4(14634 14635 14746 14745)
4(14745 14746 14857 14856)
4(14856 14857 14968 14967)
4(14967 14968 15079 15078)
4(15078 15079 15190 15189)
4(15189 15190 15301 15300)
4(15300 15301 15412 15411)
4(15411 15412 15523 15522)
4(15522 15523 15634 15633)
4(15633 15634 15745 15744)
4(15744 15745 15856 15855)
4(15855 15856 15967 15966)
4(15966 15967 16078 16077)
4(16077 16078 16189 16188)
4(16188 16189 16300 16299)
4(16299 16300 16411 16410)
4(16410 16411 16522 16521)
4(16521 16522 16633 16632)
4(16632 16633 16744 16743)
4(16743 16744 16855 16854)
4(16854 16855 16966 16965)
4(16965 16966 17077 17076)
4(17076 17077 17188 17187)
4(17187 17188 17299 17298)
4(17298 17299 17410 17409)
4(17409 17410 17521 17520)
4(17520 17521 17632 17631)
4(17631 17632 17743 17742)
4(17742 17743 17854 17853)
4(17853 17854 17965 17964)
4(17964 17965 18076 18075)
4(18075 18076 18187 18186)
4(18186 18187 18298 18297)
4(18297 18298 18409 18408)
4(18408 18409 18520 18519)
4(18519 18520 18631 18630)
4(18630 18631 18742 18741)
4(18741 18742 18853 18852)
4(18852 18853 18964 18963)
4(18963 18964 19075 19074)
4(9640 9641 9752 9751)
4(9751 9752 9863 9862)
4(9862 9863 9974 9973)
4(9973 9974 10085 10084)
4(10084 10085 10196 10195)
4(10195 10196 10307 10306)
4(10306 10307 10418 10417)
4(10417 10418 10529 10528)
4(10528 10529 10640 10639)
4(10639 10640 10751 10750)
4(10750 10751 10862 10861)
4(10861 10862 10973 10972)
4(10972 10973 11084 11083)
4(11083 11084 11195 11194)
4(11194 11195 11306 11305)
4(11305 11306 11417 11416)
4(11416 11417 11528 11527)
4(11527 11528 11639 11638)
4(11638 11639 11750 11749)
4(11749 11750 11861 11860)
4(11860 11861 11972 11971)
4(11971 11972 12083 12082)
4(12082 12083 12194 12193)
4(12193 12194 12305 12304)
4(12304 12305 12416 12415)
4(12415 12416 12527 12526)
4(12526 12527 12638 12637)
4(12637 12638 12749 12748)
4(12748 12749 12860 12859)
4(12859 12860 12971 12970)
4(12970 12971 13082 13081)
4(13081 13082 13193 13192)
4(13192 13193 13304 13303)
4(13303 13304 13415 13414)
4(13414 13415 13526 13525)
4(13525 13526 13637 13636)
4(13636 13637 13748 13747)
4(13747 13748 13859 13858)
4(13858 13859 13970 13969)
4(13969 13970 14081 14080)
4(14080 14081 14192 14191)
4(14191 14192 14303 14302)
4(14302 14303 14414 14413)
4(14413 14414 14525 14524)
4(14524 14525 14636 14635)
4(14635 14636 14747 14746)
4(14746 14747 14858 14857)
4(14857 14858 14969 14968)
4(14968 14969 15080 15079)
4(15079 15080 15191 15190)
4(15190 15191 15302 15301)
4(15301 15302 15413 15412)
4(15412 15413 15524 15523)
4(15523 15524 15635 15634)
4(15634 15635 15746 15745)
4(15745 15746 15857 15856)
4(15856 15857 15968 15967)
4(15967 15968 16079 16078)
4(16078 16079 16190 16189)
4(16189 16190 16301 16300)
4(16300 16301 16412 16411)
4(16411 16412 16523 16522)
4(16522 16523 16634 16633)
4(16633 16634 16745 16744)
4(16744 16745 16856 16855)
4(16855 16856 16967 16966)
4(16966 16967 17078 17077)
4(17077 17078 17189 17188)
4(17188 17189 17300 17299)
4(17299 17300 17411 17410)
4(17410 17411 17522 17521)
4(17521 17522 17633 17632)
4(17632 17633 17744 17743)
4(17743 17744 17855 17854)
4(17854 17855 17966 17965)
4(17965 17966 18077 18076)
4(18076 18077 18188 18187)
4(18187 18188 18299 18298)
4(18298 18299 18410 18409)
4(18409 18410 18521 18520)
4(18520 18521 18632 18631)
4(18631 18632 18743 18742)
4(18742 18743 18854 18853)
4(18853 18854 18965 18964)
4(18964 18965 19076 19075)
4(9641 9642 9753 9752)
4(9752 9753 9864 9863)
4(9863 9864 9975 9974)
4(9974 9975 10086 10085)
4(10085 10086 10197 10196)
4(10196 10197 10308 10307)
4(10307 10308 10419 10418)
4(10418 10419 10530 10529)
4(10529 10530 10641 10640)
4(10640 10641 10752 10751)
4(10751 10752 10863 10862)
4(10862 10863 10974 10973)
4(10973 10974 11085 11084)
4(11084 11085 11196 11195)
4(11195 11196 11307 11306)
4(11306 11307 11418 11417)
4(11417 11418 11529 11528)
4(11528 11529 11640 11639)
4(11639 11640 11751 11750)
4(11750 11751 11862 11861)
4(11861 11862 11973 11972)
4(11972 11973 12084 12083)
4(12083 12084 12195 12194)
4(12194 12195 12306 12305)
4(12305 12306 12417 12416)
4(12416 12417 12528 12527)
4(12527 12528 12639 12638)
4(12638 12639 12750 12749)
4(12749 12750 12861 12860)
4(12860 12861 12972 12971)
4(12971 12972 13083 13082)
4(13082 13083 13194 13193)
4(13193 13194 13305 13304)
4(13304 13305 13416 13415)
4(13415 13416 13527 13526)
4(13526 13527 13638 13637)
4(13637 13638 13749 13748)
4(13748 13749 13860 13859)
4(13859 13860 13971 13970)
4(13970 13971 14082 14081)
4(14081 14082 14193 14192)
4(14192 14193 14304 14303)
4(14303 14304 14415 14414)
4(14414 14415 14526 14525)
4(14525 14526 14637 14636)
4(14636 14637 14748 14747)
4(14747 14748 14859 14858)
4(14858 14859 14970 14969)
4(14969 14970 15081 15080)
4(15080 15081 15192 15191)
4(15191 15192 15303 15302)
4(15302 15303 15414 15413)
4(15413 15414 15525 15524)
4(15524 15525 15636 15635)
4(15635 15636 15747 15746)
4(15746 15747 15858 15857)
4(15857 15858 15969 15968)
4(15968 15969 16080 16079)
4(16079 16080 16191 16190)
4(16190 16191 16302 16301)
4(16301 16302 16413 16412)
4(16412 16413 16524 16523)
4(16523 16524 16635 16634)
4(16634 16635 16746 16745)
4(16745 16746 16857 16856)
4(16856 16857 16968 16967)
4(16967 16968 17079 17078)
4(17078 17079 17190 17189)
4(17189 17190 17301 17300)
4(17300 17301 17412 17411)
4(17411 17412 17523 17522)
4(17522 17523 17634 17633)
4(17633 17634 17745 17744)
4(17744 17745 17856 17855)
4(17855 17856 17967 17966)
4(17966 17967 18078 18077)
4(18077 18078 18189 18188)
4(18188 18189 18300 18299)
4(18299 18300 18411 18410)
4(18410 18411 18522 18521)
4(18521 18522 18633 18632)
4(18632 18633 18744 18743)
4(18743 18744 18855 18854)
4(18854 18855 18966 18965)
4(18965 18966 19077 19076)
4(9642 9643 9754 9753)
4(9753 9754 9865 9864)
4(9864 9865 9976 9975)
4(9975 9976 10087 10086)
4(10086 10087 10198 10197)
4(10197 10198 10309 10308)
4(10308 10309 10420 10419)
4(10419 10420 10531 10530)
4(10530 10531 10642 10641)
4(10641 10642 10753 10752)
4(10752 10753 10864 10863)
4(10863 10864 10975 10974)
4(10974 10975 11086 11085)
4(11085 11086 11197 11196)
4(11196 11197 11308 11307)
4(11307 11308 11419 11418)
4(11418 11419 11530 11529)
4(11529 11530 11641 11640)
4(11640 11641 11752 11751)
4(11751 11752 11863 11862)
4(11862 11863 11974 11973)
4(11973 11974 12085 12084)
4(12084 12085 12196 12195)
4(12195 12196 12307 12306)
4(12306 12307 12418 12417)
4(12417 12418 12529 12528)
4(12528 12529 12640 12639)
4(12639 12640 12751 12750)
4(12750 12751 12862 12861)
4(12861 12862 12973 12972)
4(12972 12973 13084 13083)
4(13083 13084 13195 13194)
4(13194 13195 13306 13305)
4(13305 13306 13417 13416)
4(13416 13417 13528 13527)
4(13527 13528 13639 13638)
4(13638 13639 13750 13749)
4(13749 13750 13861 13860)
4(13860 13861 13972 13971)
4(13971 13972 14083 14082)
4(14082 14083 14194 14193)
4(14193 14194 14305 14304)
4(14304 14305 14416 14415)
4(14415 14416 14527 14526)
4(14526 14527 14638 14637)
4(14637 14638 14749 14748)
4(14748 14749 14860 14859)
4(14859 14860 14971 14970)
4(14970 14971 15082 15081)
4(15081 15082 15193 15192)
4(15192 15193 15304 15303)
4(15303 15304 15415 15414)
4(15414 15415 15526 15525)
4(15525 15526 15637 15636)
4(15636 15637 15748 15747)
4(15747 15748 15859 15858)
4(15858 15859 15970 15969)
4(15969 15970 16081 16080)
4(16080 16081 16192 16191)
4(16191 16192 16303 16302)
4(16302 16303 16414 16413)
4(16413 16414 16525 16524)
4(16524 16525 16636 16635)
4(16635 16636 16747 16746)
4(16746 16747 16858 16857)
4(16857 16858 16969 16968)
4(16968 16969 17080 17079)
4(17079 17080 17191 17190)
4(17190 17191 17302 17301)
4(17301 17302 17413 17412)
4(17412 17413 17524 17523)
4(17523 17524 17635 17634)
4(17634 17635 17746 17745)
4(17745 17746 17857 17856)
4(17856 17857 17968 17967)
4(17967 17968 18079 18078)
4(18078 18079 18190 18189)
4(18189 18190 18301 18300)
4(18300 18301 18412 18411)
4(18411 18412 18523 18522)
4(18522 18523 18634 18633)
4(18633 18634 18745 18744)
4(18744 18745 18856 18855)
4(18855 18856 18967 18966)
4(18966 18967 19078 19077)
4(9643 9644 9755 9754)
4(9754 9755 9866 9865)
4(9865 9866 9977 9976)
4(9976 9977 10088 10087)
4(10087 10088 10199 10198)
4(10198 10199 10310 10309)
4(10309 10310 10421 10420)
4(10420 10421 10532 10531)
4(10531 10532 10643 10642)
4(10642 10643 10754 10753)
4(10753 10754 10865 10864)
4(10864 10865 10976 10975)
4(10975 10976 11087 11086)
4(11086 11087 11198 11197)
4(11197 11198 11309 11308)
4(11308 11309 11420 11419)
4(11419 11420 11531 11530)
4(11530 11531 11642 11641)
4(11641 11642 11753 11752)
4(11752 11753 11864 11863)
4(11863 11864 11975 11974)
4(11974 11975 12086 12085)
4(12085 12086 12197 12196)
4(12196 12197 12308 12307)
4(12307 12308 12419 12418)
4(12418 12419 12530 12529)
4(12529 12530 12641 12640)
4(12640 12641 12752 12751)
4(12751 12752 12863 12862)
4(12862 12863 12974 12973)
4(12973 12974 13085 13084)
4(13084 13085 13196 13195)
4(13195 13196 13307 13306)
4(13306 13307 13418 13417)
4(13417 13418 13529 13528)
4(13528 13529 13640 13639)
4(13639 13640 13751 13750)
4(13750 13751 13862 13861)
4(13861 13862 13973 13972)
4(13972 13973 14084 14083)
4(14083 14084 14195 14194)
4(14194 14195 14306 14305)
4(14305 14306 14417 14416)
4(14416 14417 14528 14527)
4(14527 14528 14639 14638)
4(14638 14639 14750 14749)
4(14749 14750 14861 14860)
4(14860 14861 14972 14971)
4(14971 14972 15083 15082)
4(15082 15083 15194 15193)
4(15193 15194 15305 15304)
4(15304 15305 15416 15415)
4(15415 15416 15527 15526)
4(15526 15527 15638 15637)
4(15637 15638 15749 15748)
4(15748 15749 15860 15859)
4(15859 15860 15971 15970)
4(15970 15971 16082 16081)
4(16081 16082 16193 16192)
4(16192 16193 16304 16303)
4(16303 16304 16415 16414)
4(16414 16415 16526 16525)
4(16525 16526 16637 16636)
4(16636 16637 16748 16747)
4(16747 16748 16859 16858)
4(16858 16859 16970 16969)
4(16969 16970 17081 17080)
4(17080 17081 17192 17191)
4(17191 17192 17303 17302)
4(17302 17303 17414 17413)
4(17413 17414 17525 17524)
4(17524 17525 17636 17635)
4(17635 17636 17747 17746)
4(17746 17747 17858 17857)
4(17857 17858 17969 17968)
4(17968 17969 18080 18079)
4(18079 18080 18191 18190)
4(18190 18191 18302 18301)
4(18301 18302 18413 18412)
4(18412 18413 18524 18523)
4(18523 18524 18635 18634)
4(18634 18635 18746 18745)
4(18745 18746 18857 18856)
4(18856 18857 18968 18967)
4(18967 18968 19079 19078)
4(9644 9645 9756 9755)
4(9755 9756 9867 9866)
4(9866 9867 9978 9977)
4(9977 9978 10089 10088)
4(10088 10089 10200 10199)
4(10199 10200 10311 10310)
4(10310 10311 10422 10421)
4(10421 10422 10533 10532)
4(10532 10533 10644 10643)
4(10643 10644 10755 10754)
4(10754 10755 10866 10865)
4(10865 10866 10977 10976)
4(10976 10977 11088 11087)
4(11087 11088 11199 11198)
4(11198 11199 11310 11309)
4(11309 11310 11421 11420)
4(11420 11421 11532 11531)
4(11531 11532 11643 11642)
4(11642 11643 11754 11753)
4(11753 11754 11865 11864)
4(11864 11865 11976 11975)
4(11975 11976 12087 12086)
4(12086 12087 12198 12197)
4(12197 12198 12309 12308)
4(12308 12309 12420 12419)
4(12419 12420 12531 12530)
4(12530 12531 12642 12641)
4(12641 12642 12753 12752)
4(12752 12753 12864 12863)
4(12863 12864 12975 12974)
4(12974 12975 13086 13085)
4(13085 13086 13197 13196)
4(13196 13197 13308 13307)
4(13307 13308 13419 13418)
4(13418 13419 13530 13529)
4(13529 13530 13641 13640)
4(13640 13641 13752 13751)
4(13751 13752 13863 13862)
4(13862 13863 13974 13973)
4(13973 13974 14085 14084)
4(14084 14085 14196 14195)
4(14195 14196 14307 14306)
4(14306 14307 14418 14417)
4(14417 14418 14529 14528)
4(14528 14529 14640 14639)
4(14639 14640 14751 14750)
4(14750 14751 14862 14861)
4(14861 14862 14973 14972)
4(14972 14973 15084 15083)
4(15083 15084 15195 15194)
4(15194 15195 15306 15305)
4(15305 15306 15417 15416)
4(15416 15417 15528 15527)
4(15527 15528 15639 15638)
4(15638 15639 15750 15749)
4(15749 15750 15861 15860)
4(15860 15861 15972 15971)
4(15971 15972 16083 16082)
4(16082 16083 16194 16193)
4(16193 16194 16305 16304)
4(16304 16305 16416 16415)
4(16415 16416 16527 16526)
4(16526 16527 16638 16637)
4(16637 16638 16749 16748)
4(16748 16749 16860 16859)
4(16859 16860 16971 16970)
4(16970 16971 17082 17081)
4(17081 17082 17193 17192)
4(17192 17193 17304 17303)
4(17303 17304 17415 17414)
4(17414 17415 17526 17525)
4(17525 17526 17637 17636)
4(17636 17637 17748 17747)
4(17747 17748 17859 17858)
4(17858 17859 17970 17969)
4(17969 17970 18081 18080)
4(18080 18081 18192 18191)
4(18191 18192 18303 18302)
4(18302 18303 18414 18413)
4(18413 18414 18525 18524)
4(18524 18525 18636 18635)
4(18635 18636 18747 18746)
4(18746 18747 18858 18857)
4(18857 18858 18969 18968)
4(18968 18969 19080 19079)
4(9645 9646 9757 9756)
4(9756 9757 9868 9867)
4(9867 9868 9979 9978)
4(9978 9979 10090 10089)
4(10089 10090 10201 10200)
4(10200 10201 10312 10311)
4(10311 10312 10423 10422)
4(10422 10423 10534 10533)
4(10533 10534 10645 10644)
4(10644 10645 10756 10755)
4(10755 10756 10867 10866)
4(10866 10867 10978 10977)
4(10977 10978 11089 11088)
4(11088 11089 11200 11199)
4(11199 11200 11311 11310)
4(11310 11311 11422 11421)
4(11421 11422 11533 11532)
4(11532 11533 11644 11643)
4(11643 11644 11755 11754)
4(11754 11755 11866 11865)
4(11865 11866 11977 11976)
4(11976 11977 12088 12087)
4(12087 12088 12199 12198)
4(12198 12199 12310 12309)
4(12309 12310 12421 12420)
4(12420 12421 12532 12531)
4(12531 12532 12643 12642)
4(12642 12643 12754 12753)
4(12753 12754 12865 12864)
4(12864 12865 12976 12975)
4(12975 12976 13087 13086)
4(13086 13087 13198 13197)
4(13197 13198 13309 13308)
4(13308 13309 13420 13419)
4(13419 13420 13531 13530)
4(13530 13531 13642 13641)
4(13641 13642 13753 13752)
4(13752 13753 13864 13863)
4(13863 13864 13975 13974)
4(13974 13975 14086 14085)
4(14085 14086 14197 14196)
4(14196 14197 14308 14307)
4(14307 14308 14419 14418)
4(14418 14419 14530 14529)
4(14529 14530 14641 14640)
4(14640 14641 14752 14751)
4(14751 14752 14863 14862)
4(14862 14863 14974 14973)
4(14973 14974 15085 15084)
4(15084 15085 15196 15195)
4(15195 15196 15307 15306)
4(15306 15307 15418 15417)
4(15417 15418 15529 15528)
4(15528 15529 15640 15639)
4(15639 15640 15751 15750)
4(15750 15751 15862 15861)
4(15861 15862 15973 15972)
4(15972 15973 16084 16083)
4(16083 16084 16195 16194)
4(16194 16195 16306 16305)
4(16305 16306 16417 16416)
4(16416 16417 16528 16527)
4(16527 16528 16639 16638)
4(16638 16639 16750 16749)
4(16749 16750 16861 16860)
4(16860 16861 16972 16971)
4(16971 16972 17083 17082)
4(17082 17083 17194 17193)
4(17193 17194 17305 17304)
4(17304 17305 17416 17415)
4(17415 17416 17527 17526)
4(17526 17527 17638 17637)
4(17637 17638 17749 17748)
4(17748 17749 17860 17859)
4(17859 17860 17971 17970)
4(17970 17971 18082 18081)
4(18081 18082 18193 18192)
4(18192 18193 18304 18303)
4(18303 18304 18415 18414)
4(18414 18415 18526 18525)
4(18525 18526 18637 18636)
4(18636 18637 18748 18747)
4(18747 18748 18859 18858)
4(18858 18859 18970 18969)
4(18969 18970 19081 19080)
4(9646 9647 9758 9757)
4(9757 9758 9869 9868)
4(9868 9869 9980 9979)
4(9979 9980 10091 10090)
4(10090 10091 10202 10201)
4(10201 10202 10313 10312)
4(10312 10313 10424 10423)
4(10423 10424 10535 10534)
4(10534 10535 10646 10645)
4(10645 10646 10757 10756)
4(10756 10757 10868 10867)
4(10867 10868 10979 10978)
4(10978 10979 11090 11089)
4(11089 11090 11201 11200)
4(11200 11201 11312 11311)
4(11311 11312 11423 11422)
4(11422 11423 11534 11533)
4(11533 11534 11645 11644)
4(11644 11645 11756 11755)
4(11755 11756 11867 11866)
4(11866 11867 11978 11977)
4(11977 11978 12089 12088)
4(12088 12089 12200 12199)
4(12199 12200 12311 12310)
4(12310 12311 12422 12421)
4(12421 12422 12533 12532)
4(12532 12533 12644 12643)
4(12643 12644 12755 12754)
4(12754 12755 12866 12865)
4(12865 12866 12977 12976)
4(12976 12977 13088 13087)
4(13087 13088 13199 13198)
4(13198 13199 13310 13309)
4(13309 13310 13421 13420)
4(13420 13421 13532 13531)
4(13531 13532 13643 13642)
4(13642 13643 13754 13753)
4(13753 13754 13865 13864)
4(13864 13865 13976 13975)
4(13975 13976 14087 14086)
4(14086 14087 14198 14197)
4(14197 14198 14309 14308)
4(14308 14309 14420 14419)
4(14419 14420 14531 14530)
4(14530 14531 14642 14641)
4(14641 14642 14753 14752)
4(14752 14753 14864 14863)
4(14863 14864 14975 14974)
4(14974 14975 15086 15085)
4(15085 15086 15197 15196)
4(15196 15197 15308 15307)
4(15307 15308 15419 15418)
4(15418 15419 15530 15529)
4(15529 15530 15641 15640)
4(15640 15641 15752 15751)
4(15751 15752 15863 15862)
4(15862 15863 15974 15973)
4(15973 15974 16085 16084)
4(16084 16085 16196 16195)
4(16195 16196 16307 16306)
4(16306 16307 16418 16417)
4(16417 16418 16529 16528)
4(16528 16529 16640 16639)
4(16639 16640 16751 16750)
4(16750 16751 16862 16861)
4(16861 16862 16973 16972)
4(16972 16973 17084 17083)
4(17083 17084 17195 17194)
4(17194 17195 17306 17305)
4(17305 17306 17417 17416)
4(17416 17417 17528 17527)
4(17527 17528 17639 17638)
4(17638 17639 17750 17749)
4(17749 17750 17861 17860)
4(17860 17861 17972 17971)
4(17971 17972 18083 18082)
4(18082 18083 18194 18193)
4(18193 18194 18305 18304)
4(18304 18305 18416 18415)
4(18415 18416 18527 18526)
4(18526 18527 18638 18637)
4(18637 18638 18749 18748)
4(18748 18749 18860 18859)
4(18859 18860 18971 18970)
4(18970 18971 19082 19081)
4(9647 9648 9759 9758)
4(9758 9759 9870 9869)
4(9869 9870 9981 9980)
4(9980 9981 10092 10091)
4(10091 10092 10203 10202)
4(10202 10203 10314 10313)
4(10313 10314 10425 10424)
4(10424 10425 10536 10535)
4(10535 10536 10647 10646)
4(10646 10647 10758 10757)
4(10757 10758 10869 10868)
4(10868 10869 10980 10979)
4(10979 10980 11091 11090)
4(11090 11091 11202 11201)
4(11201 11202 11313 11312)
4(11312 11313 11424 11423)
4(11423 11424 11535 11534)
4(11534 11535 11646 11645)
4(11645 11646 11757 11756)
4(11756 11757 11868 11867)
4(11867 11868 11979 11978)
4(11978 11979 12090 12089)
4(12089 12090 12201 12200)
4(12200 12201 12312 12311)
4(12311 12312 12423 12422)
4(12422 12423 12534 12533)
4(12533 12534 12645 12644)
4(12644 12645 12756 12755)
4(12755 12756 12867 12866)
4(12866 12867 12978 12977)
4(12977 12978 13089 13088)
4(13088 13089 13200 13199)
4(13199 13200 13311 13310)
4(13310 13311 13422 13421)
4(13421 13422 13533 13532)
4(13532 13533 13644 13643)
4(13643 13644 13755 13754)
4(13754 13755 13866 13865)
4(13865 13866 13977 13976)
4(13976 13977 14088 14087)
4(14087 14088 14199 14198)
4(14198 14199 14310 14309)
4(14309 14310 14421 14420)
4(14420 14421 14532 14531)
4(14531 14532 14643 14642)
4(14642 14643 14754 14753)
4(14753 14754 14865 14864)
4(14864 14865 14976 14975)
4(14975 14976 15087 15086)
4(15086 15087 15198 15197)
4(15197 15198 15309 15308)
4(15308 15309 15420 15419)
4(15419 15420 15531 15530)
4(15530 15531 15642 15641)
4(15641 15642 15753 15752)
4(15752 15753 15864 15863)
4(15863 15864 15975 15974)
4(15974 15975 16086 16085)
4(16085 16086 16197 16196)
4(16196 16197 16308 16307)
4(16307 16308 16419 16418)
4(16418 16419 16530 16529)
4(16529 16530 16641 16640)
4(16640 16641 16752 16751)
4(16751 16752 16863 16862)
4(16862 16863 16974 16973)
4(16973 16974 17085 17084)
4(17084 17085 17196 17195)
4(17195 17196 17307 17306)
4(17306 17307 17418 17417)
4(17417 17418 17529 17528)
4(17528 17529 17640 17639)
4(17639 17640 17751 17750)
4(17750 17751 17862 17861)
4(17861 17862 17973 17972)
4(17972 17973 18084 18083)
4(18083 18084 18195 18194)
4(18194 18195 18306 18305)
4(18305 18306 18417 18416)
4(18416 18417 18528 18527)
4(18527 18528 18639 18638)
4(18638 18639 18750 18749)
4(18749 18750 18861 18860)
4(18860 18861 18972 18971)
4(18971 18972 19083 19082)
4(9648 9649 9760 9759)
4(9759 9760 9871 9870)
4(9870 9871 9982 9981)
4(9981 9982 10093 10092)
4(10092 10093 10204 10203)
4(10203 10204 10315 10314)
4(10314 10315 10426 10425)
4(10425 10426 10537 10536)
4(10536 10537 10648 10647)
4(10647 10648 10759 10758)
4(10758 10759 10870 10869)
4(10869 10870 10981 10980)
4(10980 10981 11092 11091)
4(11091 11092 11203 11202)
4(11202 11203 11314 11313)
4(11313 11314 11425 11424)
4(11424 11425 11536 11535)
4(11535 11536 11647 11646)
4(11646 11647 11758 11757)
4(11757 11758 11869 11868)
4(11868 11869 11980 11979)
4(11979 11980 12091 12090)
4(12090 12091 12202 12201)
4(12201 12202 12313 12312)
4(12312 12313 12424 12423)
4(12423 12424 12535 12534)
4(12534 12535 12646 12645)
4(12645 12646 12757 12756)
4(12756 12757 12868 12867)
4(12867 12868 12979 12978)
4(12978 12979 13090 13089)
4(13089 13090 13201 13200)
4(13200 13201 13312 13311)
4(13311 13312 13423 13422)
4(13422 13423 13534 13533)
4(13533 13534 13645 13644)
4(13644 13645 13756 13755)
4(13755 13756 13867 13866)
4(13866 13867 13978 13977)
4(13977 13978 14089 14088)
4(14088 14089 14200 14199)
4(14199 14200 14311 14310)
4(14310 14311 14422 14421)
4(14421 14422 14533 14532)
4(14532 14533 14644 14643)
4(14643 14644 14755 14754)
4(14754 14755 14866 14865)
4(14865 14866 14977 14976)
4(14976 14977 15088 15087)
4(15087 15088 15199 15198)
4(15198 15199 15310 15309)
4(15309 15310 15421 15420)
4(15420 15421 15532 15531)
4(15531 15532 15643 15642)
4(15642 15643 15754 15753)
4(15753 15754 15865 15864)
4(15864 15865 15976 15975)
4(15975 15976 16087 16086)
4(16086 16087 16198 16197)
4(16197 16198 16309 16308)
4(16308 16309 16420 16419)
4(16419 16420 16531 16530)
4(16530 16531 16642 16641)
4(16641 16642 16753 16752)
4(16752 16753 16864 16863)
4(16863 16864 16975 16974)
4(16974 16975 17086 17085)
4(17085 17086 17197 17196)
4(17196 17197 17308 17307)
4(17307 17308 17419 17418)
4(17418 17419 17530 17529)
4(17529 17530 17641 17640)
4(17640 17641 17752 17751)
4(17751 17752 17863 17862)
4(17862 17863 17974 17973)
4(17973 17974 18085 18084)
4(18084 18085 18196 18195)
4(18195 18196 18307 18306)
4(18306 18307 18418 18417)
4(18417 18418 18529 18528)
4(18528 18529 18640 18639)
4(18639 18640 18751 18750)
4(18750 18751 18862 18861)
4(18861 18862 18973 18972)
4(18972 18973 19084 19083)
4(9649 9650 9761 9760)
4(9760 9761 9872 9871)
4(9871 9872 9983 9982)
4(9982 9983 10094 10093)
4(10093 10094 10205 10204)
4(10204 10205 10316 10315)
4(10315 10316 10427 10426)
4(10426 10427 10538 10537)
4(10537 10538 10649 10648)
4(10648 10649 10760 10759)
4(10759 10760 10871 10870)
4(10870 10871 10982 10981)
4(10981 10982 11093 11092)
4(11092 11093 11204 11203)
4(11203 11204 11315 11314)
4(11314 11315 11426 11425)
4(11425 11426 11537 11536)
4(11536 11537 11648 11647)
4(11647 11648 11759 11758)
4(11758 11759 11870 11869)
4(11869 11870 11981 11980)
4(11980 11981 12092 12091)
4(12091 12092 12203 12202)
4(12202 12203 12314 12313)
4(12313 12314 12425 12424)
4(12424 12425 12536 12535)
4(12535 12536 12647 12646)
4(12646 12647 12758 12757)
4(12757 12758 12869 12868)
4(12868 12869 12980 12979)
4(12979 12980 13091 13090)
4(13090 13091 13202 13201)
4(13201 13202 13313 13312)
4(13312 13313 13424 13423)
4(13423 13424 13535 13534)
4(13534 13535 13646 13645)
4(13645 13646 13757 13756)
4(13756 13757 13868 13867)
4(13867 13868 13979 13978)
4(13978 13979 14090 14089)
4(14089 14090 14201 14200)
4(14200 14201 14312 14311)
4(14311 14312 14423 14422)
4(14422 14423 14534 14533)
4(14533 14534 14645 14644)
4(14644 14645 14756 14755)
4(14755 14756 14867 14866)
4(14866 14867 14978 14977)
4(14977 14978 15089 15088)
4(15088 15089 15200 15199)
4(15199 15200 15311 15310)
4(15310 15311 15422 15421)
4(15421 15422 15533 15532)
4(15532 15533 15644 15643)
4(15643 15644 15755 15754)
4(15754 15755 15866 15865)
4(15865 15866 15977 15976)
4(15976 15977 16088 16087)
4(16087 16088 16199 16198)
4(16198 16199 16310 16309)
4(16309 16310 16421 16420)
4(16420 16421 16532 16531)
4(16531 16532 16643 16642)
4(16642 16643 16754 16753)
4(16753 16754 16865 16864)
4(16864 16865 16976 16975)
4(16975 16976 17087 17086)
4(17086 17087 17198 17197)
4(17197 17198 17309 17308)
4(17308 17309 17420 17419)
4(17419 17420 17531 17530)
4(17530 17531 17642 17641)
4(17641 17642 17753 17752)
4(17752 17753 17864 17863)
4(17863 17864 17975 17974)
4(17974 17975 18086 18085)
4(18085 18086 18197 18196)
4(18196 18197 18308 18307)
4(18307 18308 18419 18418)
4(18418 18419 18530 18529)
4(18529 18530 18641 18640)
4(18640 18641 18752 18751)
4(18751 18752 18863 18862)
4(18862 18863 18974 18973)
4(18973 18974 19085 19084)
4(9650 9651 9762 9761)
4(9761 9762 9873 9872)
4(9872 9873 9984 9983)
4(9983 9984 10095 10094)
4(10094 10095 10206 10205)
4(10205 10206 10317 10316)
4(10316 10317 10428 10427)
4(10427 10428 10539 10538)
4(10538 10539 10650 10649)
4(10649 10650 10761 10760)
4(10760 10761 10872 10871)
4(10871 10872 10983 10982)
4(10982 10983 11094 11093)
4(11093 11094 11205 11204)
4(11204 11205 11316 11315)
4(11315 11316 11427 11426)
4(11426 11427 11538 11537)
4(11537 11538 11649 11648)
4(11648 11649 11760 11759)
4(11759 11760 11871 11870)
4(11870 11871 11982 11981)
4(11981 11982 12093 12092)
4(12092 12093 12204 12203)
4(12203 12204 12315 12314)
4(12314 12315 12426 12425)
4(12425 12426 12537 12536)
4(12536 12537 12648 12647)
4(12647 12648 12759 12758)
4(12758 12759 12870 12869)
4(12869 12870 12981 12980)
4(12980 12981 13092 13091)
4(13091 13092 13203 13202)
4(13202 13203 13314 13313)
4(13313 13314 13425 13424)
4(13424 13425 13536 13535)
4(13535 13536 13647 13646)
4(13646 13647 13758 13757)
4(13757 13758 13869 13868)
4(13868 13869 13980 13979)
4(13979 13980 14091 14090)
4(14090 14091 14202 14201)
4(14201 14202 14313 14312)
4(14312 14313 14424 14423)
4(14423 14424 14535 14534)
4(14534 14535 14646 14645)
4(14645 14646 14757 14756)
4(14756 14757 14868 14867)
4(14867 14868 14979 14978)
4(14978 14979 15090 15089)
4(15089 15090 15201 15200)
4(15200 15201 15312 15311)
4(15311 15312 15423 15422)
4(15422 15423 15534 15533)
4(15533 15534 15645 15644)
4(15644 15645 15756 15755)
4(15755 15756 15867 15866)
4(15866 15867 15978 15977)
4(15977 15978 16089 16088)
4(16088 16089 16200 16199)
4(16199 16200 16311 16310)
4(16310 16311 16422 16421)
4(16421 16422 16533 16532)
4(16532 16533 16644 16643)
4(16643 16644 16755 16754)
4(16754 16755 16866 16865)
4(16865 16866 16977 16976)
4(16976 16977 17088 17087)
4(17087 17088 17199 17198)
4(17198 17199 17310 17309)
4(17309 17310 17421 17420)
4(17420 17421 17532 17531)
4(17531 17532 17643 17642)
4(17642 17643 17754 17753)
4(17753 17754 17865 17864)
4(17864 17865 17976 17975)
4(17975 17976 18087 18086)
4(18086 18087 18198 18197)
4(18197 18198 18309 18308)
4(18308 18309 18420 18419)
4(18419 18420 18531 18530)
4(18530 18531 18642 18641)
4(18641 18642 18753 18752)
4(18752 18753 18864 18863)
4(18863 18864 18975 18974)
4(18974 18975 19086 19085)
4(9651 9652 9763 9762)
4(9762 9763 9874 9873)
4(9873 9874 9985 9984)
4(9984 9985 10096 10095)
4(10095 10096 10207 10206)
4(10206 10207 10318 10317)
4(10317 10318 10429 10428)
4(10428 10429 10540 10539)
4(10539 10540 10651 10650)
4(10650 10651 10762 10761)
4(10761 10762 10873 10872)
4(10872 10873 10984 10983)
4(10983 10984 11095 11094)
4(11094 11095 11206 11205)
4(11205 11206 11317 11316)
4(11316 11317 11428 11427)
4(11427 11428 11539 11538)
4(11538 11539 11650 11649)
4(11649 11650 11761 11760)
4(11760 11761 11872 11871)
4(11871 11872 11983 11982)
4(11982 11983 12094 12093)
4(12093 12094 12205 12204)
4(12204 12205 12316 12315)
4(12315 12316 12427 12426)
4(12426 12427 12538 12537)
4(12537 12538 12649 12648)
4(12648 12649 12760 12759)
4(12759 12760 12871 12870)
4(12870 12871 12982 12981)
4(12981 12982 13093 13092)
4(13092 13093 13204 13203)
4(13203 13204 13315 13314)
4(13314 13315 13426 13425)
4(13425 13426 13537 13536)
4(13536 13537 13648 13647)
4(13647 13648 13759 13758)
4(13758 13759 13870 13869)
4(13869 13870 13981 13980)
4(13980 13981 14092 14091)
4(14091 14092 14203 14202)
4(14202 14203 14314 14313)
4(14313 14314 14425 14424)
4(14424 14425 14536 14535)
4(14535 14536 14647 14646)
4(14646 14647 14758 14757)
4(14757 14758 14869 14868)
4(14868 14869 14980 14979)
4(14979 14980 15091 15090)
4(15090 15091 15202 15201)
4(15201 15202 15313 15312)
4(15312 15313 15424 15423)
4(15423 15424 15535 15534)
4(15534 15535 15646 15645)
4(15645 15646 15757 15756)
4(15756 15757 15868 15867)
4(15867 15868 15979 15978)
4(15978 15979 16090 16089)
4(16089 16090 16201 16200)
4(16200 16201 16312 16311)
4(16311 16312 16423 16422)
4(16422 16423 16534 16533)
4(16533 16534 16645 16644)
4(16644 16645 16756 16755)
4(16755 16756 16867 16866)
4(16866 16867 16978 16977)
4(16977 16978 17089 17088)
4(17088 17089 17200 17199)
4(17199 17200 17311 17310)
4(17310 17311 17422 17421)
4(17421 17422 17533 17532)
4(17532 17533 17644 17643)
4(17643 17644 17755 17754)
4(17754 17755 17866 17865)
4(17865 17866 17977 17976)
4(17976 17977 18088 18087)
4(18087 18088 18199 18198)
4(18198 18199 18310 18309)
4(18309 18310 18421 18420)
4(18420 18421 18532 18531)
4(18531 18532 18643 18642)
4(18642 18643 18754 18753)
4(18753 18754 18865 18864)
4(18864 18865 18976 18975)
4(18975 18976 19087 19086)
4(9652 9653 9764 9763)
4(9763 9764 9875 9874)
4(9874 9875 9986 9985)
4(9985 9986 10097 10096)
4(10096 10097 10208 10207)
4(10207 10208 10319 10318)
4(10318 10319 10430 10429)
4(10429 10430 10541 10540)
4(10540 10541 10652 10651)
4(10651 10652 10763 10762)
4(10762 10763 10874 10873)
4(10873 10874 10985 10984)
4(10984 10985 11096 11095)
4(11095 11096 11207 11206)
4(11206 11207 11318 11317)
4(11317 11318 11429 11428)
4(11428 11429 11540 11539)
4(11539 11540 11651 11650)
4(11650 11651 11762 11761)
4(11761 11762 11873 11872)
4(11872 11873 11984 11983)
4(11983 11984 12095 12094)
4(12094 12095 12206 12205)
4(12205 12206 12317 12316)
4(12316 12317 12428 12427)
4(12427 12428 12539 12538)
4(12538 12539 12650 12649)
4(12649 12650 12761 12760)
4(12760 12761 12872 12871)
4(12871 12872 12983 12982)
4(12982 12983 13094 13093)
4(13093 13094 13205 13204)
4(13204 13205 13316 13315)
4(13315 13316 13427 13426)
4(13426 13427 13538 13537)
4(13537 13538 13649 13648)
4(13648 13649 13760 13759)
4(13759 13760 13871 13870)
4(13870 13871 13982 13981)
4(13981 13982 14093 14092)
4(14092 14093 14204 14203)
4(14203 14204 14315 14314)
4(14314 14315 14426 14425)
4(14425 14426 14537 14536)
4(14536 14537 14648 14647)
4(14647 14648 14759 14758)
4(14758 14759 14870 14869)
4(14869 14870 14981 14980)
4(14980 14981 15092 15091)
4(15091 15092 15203 15202)
4(15202 15203 15314 15313)
4(15313 15314 15425 15424)
4(15424 15425 15536 15535)
4(15535 15536 15647 15646)
4(15646 15647 15758 15757)
4(15757 15758 15869 15868)
4(15868 15869 15980 15979)
4(15979 15980 16091 16090)
4(16090 16091 16202 16201)
4(16201 16202 16313 16312)
4(16312 16313 16424 16423)
4(16423 16424 16535 16534)
4(16534 16535 16646 16645)
4(16645 16646 16757 16756)
4(16756 16757 16868 16867)
4(16867 16868 16979 16978)
4(16978 16979 17090 17089)
4(17089 17090 17201 17200)
4(17200 17201 17312 17311)
4(17311 17312 17423 17422)
4(17422 17423 17534 17533)
4(17533 17534 17645 17644)
4(17644 17645 17756 17755)
4(17755 17756 17867 17866)
4(17866 17867 17978 17977)
4(17977 17978 18089 18088)
4(18088 18089 18200 18199)
4(18199 18200 18311 18310)
4(18310 18311 18422 18421)
4(18421 18422 18533 18532)
4(18532 18533 18644 18643)
4(18643 18644 18755 18754)
4(18754 18755 18866 18865)
4(18865 18866 18977 18976)
4(18976 18977 19088 19087)
4(9653 9654 9765 9764)
4(9764 9765 9876 9875)
4(9875 9876 9987 9986)
4(9986 9987 10098 10097)
4(10097 10098 10209 10208)
4(10208 10209 10320 10319)
4(10319 10320 10431 10430)
4(10430 10431 10542 10541)
4(10541 10542 10653 10652)
4(10652 10653 10764 10763)
4(10763 10764 10875 10874)
4(10874 10875 10986 10985)
4(10985 10986 11097 11096)
4(11096 11097 11208 11207)
4(11207 11208 11319 11318)
4(11318 11319 11430 11429)
4(11429 11430 11541 11540)
4(11540 11541 11652 11651)
4(11651 11652 11763 11762)
4(11762 11763 11874 11873)
4(11873 11874 11985 11984)
4(11984 11985 12096 12095)
4(12095 12096 12207 12206)
4(12206 12207 12318 12317)
4(12317 12318 12429 12428)
4(12428 12429 12540 12539)
4(12539 12540 12651 12650)
4(12650 12651 12762 12761)
4(12761 12762 12873 12872)
4(12872 12873 12984 12983)
4(12983 12984 13095 13094)
4(13094 13095 13206 13205)
4(13205 13206 13317 13316)
4(13316 13317 13428 13427)
4(13427 13428 13539 13538)
4(13538 13539 13650 13649)
4(13649 13650 13761 13760)
4(13760 13761 13872 13871)
4(13871 13872 13983 13982)
4(13982 13983 14094 14093)
4(14093 14094 14205 14204)
4(14204 14205 14316 14315)
4(14315 14316 14427 14426)
4(14426 14427 14538 14537)
4(14537 14538 14649 14648)
4(14648 14649 14760 14759)
4(14759 14760 14871 14870)
4(14870 14871 14982 14981)
4(14981 14982 15093 15092)
4(15092 15093 15204 15203)
4(15203 15204 15315 15314)
4(15314 15315 15426 15425)
4(15425 15426 15537 15536)
4(15536 15537 15648 15647)
4(15647 15648 15759 15758)
4(15758 15759 15870 15869)
4(15869 15870 15981 15980)
4(15980 15981 16092 16091)
4(16091 16092 16203 16202)
4(16202 16203 16314 16313)
4(16313 16314 16425 16424)
4(16424 16425 16536 16535)
4(16535 16536 16647 16646)
4(16646 16647 16758 16757)
4(16757 16758 16869 16868)
4(16868 16869 16980 16979)
4(16979 16980 17091 17090)
4(17090 17091 17202 17201)
4(17201 17202 17313 17312)
4(17312 17313 17424 17423)
4(17423 17424 17535 17534)
4(17534 17535 17646 17645)
4(17645 17646 17757 17756)
4(17756 17757 17868 17867)
4(17867 17868 17979 17978)
4(17978 17979 18090 18089)
4(18089 18090 18201 18200)
4(18200 18201 18312 18311)
4(18311 18312 18423 18422)
4(18422 18423 18534 18533)
4(18533 18534 18645 18644)
4(18644 18645 18756 18755)
4(18755 18756 18867 18866)
4(18866 18867 18978 18977)
4(18977 18978 19089 19088)
4(9654 9655 9766 9765)
4(9765 9766 9877 9876)
4(9876 9877 9988 9987)
4(9987 9988 10099 10098)
4(10098 10099 10210 10209)
4(10209 10210 10321 10320)
4(10320 10321 10432 10431)
4(10431 10432 10543 10542)
4(10542 10543 10654 10653)
4(10653 10654 10765 10764)
4(10764 10765 10876 10875)
4(10875 10876 10987 10986)
4(10986 10987 11098 11097)
4(11097 11098 11209 11208)
4(11208 11209 11320 11319)
4(11319 11320 11431 11430)
4(11430 11431 11542 11541)
4(11541 11542 11653 11652)
4(11652 11653 11764 11763)
4(11763 11764 11875 11874)
4(11874 11875 11986 11985)
4(11985 11986 12097 12096)
4(12096 12097 12208 12207)
4(12207 12208 12319 12318)
4(12318 12319 12430 12429)
4(12429 12430 12541 12540)
4(12540 12541 12652 12651)
4(12651 12652 12763 12762)
4(12762 12763 12874 12873)
4(12873 12874 12985 12984)
4(12984 12985 13096 13095)
4(13095 13096 13207 13206)
4(13206 13207 13318 13317)
4(13317 13318 13429 13428)
4(13428 13429 13540 13539)
4(13539 13540 13651 13650)
4(13650 13651 13762 13761)
4(13761 13762 13873 13872)
4(13872 13873 13984 13983)
4(13983 13984 14095 14094)
4(14094 14095 14206 14205)
4(14205 14206 14317 14316)
4(14316 14317 14428 14427)
4(14427 14428 14539 14538)
4(14538 14539 14650 14649)
4(14649 14650 14761 14760)
4(14760 14761 14872 14871)
4(14871 14872 14983 14982)
4(14982 14983 15094 15093)
4(15093 15094 15205 15204)
4(15204 15205 15316 15315)
4(15315 15316 15427 15426)
4(15426 15427 15538 15537)
4(15537 15538 15649 15648)
4(15648 15649 15760 15759)
4(15759 15760 15871 15870)
4(15870 15871 15982 15981)
4(15981 15982 16093 16092)
4(16092 16093 16204 16203)
4(16203 16204 16315 16314)
4(16314 16315 16426 16425)
4(16425 16426 16537 16536)
4(16536 16537 16648 16647)
4(16647 16648 16759 16758)
4(16758 16759 16870 16869)
4(16869 16870 16981 16980)
4(16980 16981 17092 17091)
4(17091 17092 17203 17202)
4(17202 17203 17314 17313)
4(17313 17314 17425 17424)
4(17424 17425 17536 17535)
4(17535 17536 17647 17646)
4(17646 17647 17758 17757)
4(17757 17758 17869 17868)
4(17868 17869 17980 17979)
4(17979 17980 18091 18090)
4(18090 18091 18202 18201)
4(18201 18202 18313 18312)
4(18312 18313 18424 18423)
4(18423 18424 18535 18534)
4(18534 18535 18646 18645)
4(18645 18646 18757 18756)
4(18756 18757 18868 18867)
4(18867 18868 18979 18978)
4(18978 18979 19090 19089)
4(9655 9656 9767 9766)
4(9766 9767 9878 9877)
4(9877 9878 9989 9988)
4(9988 9989 10100 10099)
4(10099 10100 10211 10210)
4(10210 10211 10322 10321)
4(10321 10322 10433 10432)
4(10432 10433 10544 10543)
4(10543 10544 10655 10654)
4(10654 10655 10766 10765)
4(10765 10766 10877 10876)
4(10876 10877 10988 10987)
4(10987 10988 11099 11098)
4(11098 11099 11210 11209)
4(11209 11210 11321 11320)
4(11320 11321 11432 11431)
4(11431 11432 11543 11542)
4(11542 11543 11654 11653)
4(11653 11654 11765 11764)
4(11764 11765 11876 11875)
4(11875 11876 11987 11986)
4(11986 11987 12098 12097)
4(12097 12098 12209 12208)
4(12208 12209 12320 12319)
4(12319 12320 12431 12430)
4(12430 12431 12542 12541)
4(12541 12542 12653 12652)
4(12652 12653 12764 12763)
4(12763 12764 12875 12874)
4(12874 12875 12986 12985)
4(12985 12986 13097 13096)
4(13096 13097 13208 13207)
4(13207 13208 13319 13318)
4(13318 13319 13430 13429)
4(13429 13430 13541 13540)
4(13540 13541 13652 13651)
4(13651 13652 13763 13762)
4(13762 13763 13874 13873)
4(13873 13874 13985 13984)
4(13984 13985 14096 14095)
4(14095 14096 14207 14206)
4(14206 14207 14318 14317)
4(14317 14318 14429 14428)
4(14428 14429 14540 14539)
4(14539 14540 14651 14650)
4(14650 14651 14762 14761)
4(14761 14762 14873 14872)
4(14872 14873 14984 14983)
4(14983 14984 15095 15094)
4(15094 15095 15206 15205)
4(15205 15206 15317 15316)
4(15316 15317 15428 15427)
4(15427 15428 15539 15538)
4(15538 15539 15650 15649)
4(15649 15650 15761 15760)
4(15760 15761 15872 15871)
4(15871 15872 15983 15982)
4(15982 15983 16094 16093)
4(16093 16094 16205 16204)
4(16204 16205 16316 16315)
4(16315 16316 16427 16426)
4(16426 16427 16538 16537)
4(16537 16538 16649 16648)
4(16648 16649 16760 16759)
4(16759 16760 16871 16870)
4(16870 16871 16982 16981)
4(16981 16982 17093 17092)
4(17092 17093 17204 17203)
4(17203 17204 17315 17314)
4(17314 17315 17426 17425)
4(17425 17426 17537 17536)
4(17536 17537 17648 17647)
4(17647 17648 17759 17758)
4(17758 17759 17870 17869)
4(17869 17870 17981 17980)
4(17980 17981 18092 18091)
4(18091 18092 18203 18202)
4(18202 18203 18314 18313)
4(18313 18314 18425 18424)
4(18424 18425 18536 18535)
4(18535 18536 18647 18646)
4(18646 18647 18758 18757)
4(18757 18758 18869 18868)
4(18868 18869 18980 18979)
4(18979 18980 19091 19090)
)


// ************************************************************************* //
