/*--------------------------------*- C++ -*----------------------------------*\
  =========                 |
  \\      /  F ield         | OpenFOAM: The Open Source CFD Toolbox
   \\    /   O peration     | Website:  https://openfoam.org
    \\  /    A nd           | Version:  9
     \\/     M anipulation  |
\*---------------------------------------------------------------------------*/
FoamFile
{
    format      ascii;
    class       vectorField;
    location    "constant/polyMesh";
    object      points;
}
// * * * * * * * * * * * * * * * * * * * * * * * * * * * * * * * * * * * * * //


19092
(
(0 0 0)
(18.18181818 0 0)
(36.36363636 0 0)
(54.54545455 0 0)
(72.72727273 0 0)
(90.90909091 0 0)
(109.0909091 0 0)
(127.2727273 0 0)
(145.4545455 0 0)
(163.6363636 0 0)
(181.8181818 0 0)
(200 0 0)
(218.1818182 0 0)
(236.3636364 0 0)
(254.5454545 0 0)
(272.7272727 0 0)
(290.9090909 0 0)
(309.0909091 0 0)
(327.2727273 0 0)
(345.4545455 0 0)
(363.6363636 0 0)
(381.8181818 0 0)
(400 0 0)
(418.1818182 0 0)
(436.3636364 0 0)
(454.5454545 0 0)
(472.7272727 0 0)
(490.9090909 0 0)
(509.0909091 0 0)
(527.2727273 0 0)
(545.4545455 0 0)
(563.6363636 0 0)
(581.8181818 0 0)
(600 0 0)
(618.1818182 0 0)
(636.3636364 0 0)
(654.5454545 0 0)
(672.7272727 0 0)
(690.9090909 0 0)
(709.0909091 0 0)
(727.2727273 0 0)
(745.4545455 0 0)
(763.6363636 0 0)
(781.8181818 0 0)
(800 0 0)
(818.1818182 0 0)
(836.3636364 0 0)
(854.5454545 0 0)
(872.7272727 0 0)
(890.9090909 0 0)
(909.0909091 0 0)
(927.2727273 0 0)
(945.4545455 0 0)
(963.6363636 0 0)
(981.8181818 0 0)
(1000 0 0)
(1018.181818 0 0)
(1036.363636 0 0)
(1054.545455 0 0)
(1072.727273 0 0)
(1090.909091 0 0)
(1109.090909 0 0)
(1127.272727 0 0)
(1145.454545 0 0)
(1163.636364 0 0)
(1181.818182 0 0)
(1200 0 0)
(1218.181818 0 0)
(1236.363636 0 0)
(1254.545455 0 0)
(1272.727273 0 0)
(1290.909091 0 0)
(1309.090909 0 0)
(1327.272727 0 0)
(1345.454545 0 0)
(1363.636364 0 0)
(1381.818182 0 0)
(1400 0 0)
(1418.181818 0 0)
(1436.363636 0 0)
(1454.545455 0 0)
(1472.727273 0 0)
(1490.909091 0 0)
(1509.090909 0 0)
(1527.272727 0 0)
(1545.454545 0 0)
(1563.636364 0 0)
(1581.818182 0 0)
(1600 0 0)
(1618.181818 0 0)
(1636.363636 0 0)
(1654.545455 0 0)
(1672.727273 0 0)
(1690.909091 0 0)
(1709.090909 0 0)
(1727.272727 0 0)
(1745.454545 0 0)
(1763.636364 0 0)
(1781.818182 0 0)
(1800 0 0)
(1818.181818 0 0)
(1836.363636 0 0)
(1854.545455 0 0)
(1872.727273 0 0)
(1890.909091 0 0)
(1909.090909 0 0)
(1927.272727 0 0)
(1945.454545 0 0)
(1963.636364 0 0)
(1981.818182 0 0)
(2000 0 0)
(0 1.176470588 0)
(18.18181818 1.176470588 0)
(36.36363636 1.176470588 0)
(54.54545455 1.176470588 0)
(72.72727273 1.176470588 0)
(90.90909091 1.176470588 0)
(109.0909091 1.176470588 0)
(127.2727273 1.176470588 0)
(145.4545455 1.176470588 0)
(163.6363636 1.176470588 0)
(181.8181818 1.176470588 0)
(200 1.176470588 0)
(218.1818182 1.176470588 0)
(236.3636364 1.176470588 0)
(254.5454545 1.176470588 0)
(272.7272727 1.176470588 0)
(290.9090909 1.176470588 0)
(309.0909091 1.176470588 0)
(327.2727273 1.176470588 0)
(345.4545455 1.176470588 0)
(363.6363636 1.176470588 0)
(381.8181818 1.176470588 0)
(400 1.176470588 0)
(418.1818182 1.176470588 0)
(436.3636364 1.176470588 0)
(454.5454545 1.176470588 0)
(472.7272727 1.176470588 0)
(490.9090909 1.176470588 0)
(509.0909091 1.176470588 0)
(527.2727273 1.176470588 0)
(545.4545455 1.176470588 0)
(563.6363636 1.176470588 0)
(581.8181818 1.176470588 0)
(600 1.176470588 0)
(618.1818182 1.176470588 0)
(636.3636364 1.176470588 0)
(654.5454545 1.176470588 0)
(672.7272727 1.176470588 0)
(690.9090909 1.176470588 0)
(709.0909091 1.176470588 0)
(727.2727273 1.176470588 0)
(745.4545455 1.176470588 0)
(763.6363636 1.176470588 0)
(781.8181818 1.176470588 0)
(800 1.176470588 0)
(818.1818182 1.176470588 0)
(836.3636364 1.176470588 0)
(854.5454545 1.176470588 0)
(872.7272727 1.176470588 0)
(890.9090909 1.176470588 0)
(909.0909091 1.176470588 0)
(927.2727273 1.176470588 0)
(945.4545455 1.176470588 0)
(963.6363636 1.176470588 0)
(981.8181818 1.176470588 0)
(1000 1.176470588 0)
(1018.181818 1.176470588 0)
(1036.363636 1.176470588 0)
(1054.545455 1.176470588 0)
(1072.727273 1.176470588 0)
(1090.909091 1.176470588 0)
(1109.090909 1.176470588 0)
(1127.272727 1.176470588 0)
(1145.454545 1.176470588 0)
(1163.636364 1.176470588 0)
(1181.818182 1.176470588 0)
(1200 1.176470588 0)
(1218.181818 1.176470588 0)
(1236.363636 1.176470588 0)
(1254.545455 1.176470588 0)
(1272.727273 1.176470588 0)
(1290.909091 1.176470588 0)
(1309.090909 1.176470588 0)
(1327.272727 1.176470588 0)
(1345.454545 1.176470588 0)
(1363.636364 1.176470588 0)
(1381.818182 1.176470588 0)
(1400 1.176470588 0)
(1418.181818 1.176470588 0)
(1436.363636 1.176470588 0)
(1454.545455 1.176470588 0)
(1472.727273 1.176470588 0)
(1490.909091 1.176470588 0)
(1509.090909 1.176470588 0)
(1527.272727 1.176470588 0)
(1545.454545 1.176470588 0)
(1563.636364 1.176470588 0)
(1581.818182 1.176470588 0)
(1600 1.176470588 0)
(1618.181818 1.176470588 0)
(1636.363636 1.176470588 0)
(1654.545455 1.176470588 0)
(1672.727273 1.176470588 0)
(1690.909091 1.176470588 0)
(1709.090909 1.176470588 0)
(1727.272727 1.176470588 0)
(1745.454545 1.176470588 0)
(1763.636364 1.176470588 0)
(1781.818182 1.176470588 0)
(1800 1.176470588 0)
(1818.181818 1.176470588 0)
(1836.363636 1.176470588 0)
(1854.545455 1.176470588 0)
(1872.727273 1.176470588 0)
(1890.909091 1.176470588 0)
(1909.090909 1.176470588 0)
(1927.272727 1.176470588 0)
(1945.454545 1.176470588 0)
(1963.636364 1.176470588 0)
(1981.818182 1.176470588 0)
(2000 1.176470588 0)
(0 2.352941176 0)
(18.18181818 2.352941176 0)
(36.36363636 2.352941176 0)
(54.54545455 2.352941176 0)
(72.72727273 2.352941176 0)
(90.90909091 2.352941176 0)
(109.0909091 2.352941176 0)
(127.2727273 2.352941176 0)
(145.4545455 2.352941176 0)
(163.6363636 2.352941176 0)
(181.8181818 2.352941176 0)
(200 2.352941176 0)
(218.1818182 2.352941176 0)
(236.3636364 2.352941176 0)
(254.5454545 2.352941176 0)
(272.7272727 2.352941176 0)
(290.9090909 2.352941176 0)
(309.0909091 2.352941176 0)
(327.2727273 2.352941176 0)
(345.4545455 2.352941176 0)
(363.6363636 2.352941176 0)
(381.8181818 2.352941176 0)
(400 2.352941176 0)
(418.1818182 2.352941176 0)
(436.3636364 2.352941176 0)
(454.5454545 2.352941176 0)
(472.7272727 2.352941176 0)
(490.9090909 2.352941176 0)
(509.0909091 2.352941176 0)
(527.2727273 2.352941176 0)
(545.4545455 2.352941176 0)
(563.6363636 2.352941176 0)
(581.8181818 2.352941176 0)
(600 2.352941176 0)
(618.1818182 2.352941176 0)
(636.3636364 2.352941176 0)
(654.5454545 2.352941176 0)
(672.7272727 2.352941176 0)
(690.9090909 2.352941176 0)
(709.0909091 2.352941176 0)
(727.2727273 2.352941176 0)
(745.4545455 2.352941176 0)
(763.6363636 2.352941176 0)
(781.8181818 2.352941176 0)
(800 2.352941176 0)
(818.1818182 2.352941176 0)
(836.3636364 2.352941176 0)
(854.5454545 2.352941176 0)
(872.7272727 2.352941176 0)
(890.9090909 2.352941176 0)
(909.0909091 2.352941176 0)
(927.2727273 2.352941176 0)
(945.4545455 2.352941176 0)
(963.6363636 2.352941176 0)
(981.8181818 2.352941176 0)
(1000 2.352941176 0)
(1018.181818 2.352941176 0)
(1036.363636 2.352941176 0)
(1054.545455 2.352941176 0)
(1072.727273 2.352941176 0)
(1090.909091 2.352941176 0)
(1109.090909 2.352941176 0)
(1127.272727 2.352941176 0)
(1145.454545 2.352941176 0)
(1163.636364 2.352941176 0)
(1181.818182 2.352941176 0)
(1200 2.352941176 0)
(1218.181818 2.352941176 0)
(1236.363636 2.352941176 0)
(1254.545455 2.352941176 0)
(1272.727273 2.352941176 0)
(1290.909091 2.352941176 0)
(1309.090909 2.352941176 0)
(1327.272727 2.352941176 0)
(1345.454545 2.352941176 0)
(1363.636364 2.352941176 0)
(1381.818182 2.352941176 0)
(1400 2.352941176 0)
(1418.181818 2.352941176 0)
(1436.363636 2.352941176 0)
(1454.545455 2.352941176 0)
(1472.727273 2.352941176 0)
(1490.909091 2.352941176 0)
(1509.090909 2.352941176 0)
(1527.272727 2.352941176 0)
(1545.454545 2.352941176 0)
(1563.636364 2.352941176 0)
(1581.818182 2.352941176 0)
(1600 2.352941176 0)
(1618.181818 2.352941176 0)
(1636.363636 2.352941176 0)
(1654.545455 2.352941176 0)
(1672.727273 2.352941176 0)
(1690.909091 2.352941176 0)
(1709.090909 2.352941176 0)
(1727.272727 2.352941176 0)
(1745.454545 2.352941176 0)
(1763.636364 2.352941176 0)
(1781.818182 2.352941176 0)
(1800 2.352941176 0)
(1818.181818 2.352941176 0)
(1836.363636 2.352941176 0)
(1854.545455 2.352941176 0)
(1872.727273 2.352941176 0)
(1890.909091 2.352941176 0)
(1909.090909 2.352941176 0)
(1927.272727 2.352941176 0)
(1945.454545 2.352941176 0)
(1963.636364 2.352941176 0)
(1981.818182 2.352941176 0)
(2000 2.352941176 0)
(0 3.529411765 0)
(18.18181818 3.529411765 0)
(36.36363636 3.529411765 0)
(54.54545455 3.529411765 0)
(72.72727273 3.529411765 0)
(90.90909091 3.529411765 0)
(109.0909091 3.529411765 0)
(127.2727273 3.529411765 0)
(145.4545455 3.529411765 0)
(163.6363636 3.529411765 0)
(181.8181818 3.529411765 0)
(200 3.529411765 0)
(218.1818182 3.529411765 0)
(236.3636364 3.529411765 0)
(254.5454545 3.529411765 0)
(272.7272727 3.529411765 0)
(290.9090909 3.529411765 0)
(309.0909091 3.529411765 0)
(327.2727273 3.529411765 0)
(345.4545455 3.529411765 0)
(363.6363636 3.529411765 0)
(381.8181818 3.529411765 0)
(400 3.529411765 0)
(418.1818182 3.529411765 0)
(436.3636364 3.529411765 0)
(454.5454545 3.529411765 0)
(472.7272727 3.529411765 0)
(490.9090909 3.529411765 0)
(509.0909091 3.529411765 0)
(527.2727273 3.529411765 0)
(545.4545455 3.529411765 0)
(563.6363636 3.529411765 0)
(581.8181818 3.529411765 0)
(600 3.529411765 0)
(618.1818182 3.529411765 0)
(636.3636364 3.529411765 0)
(654.5454545 3.529411765 0)
(672.7272727 3.529411765 0)
(690.9090909 3.529411765 0)
(709.0909091 3.529411765 0)
(727.2727273 3.529411765 0)
(745.4545455 3.529411765 0)
(763.6363636 3.529411765 0)
(781.8181818 3.529411765 0)
(800 3.529411765 0)
(818.1818182 3.529411765 0)
(836.3636364 3.529411765 0)
(854.5454545 3.529411765 0)
(872.7272727 3.529411765 0)
(890.9090909 3.529411765 0)
(909.0909091 3.529411765 0)
(927.2727273 3.529411765 0)
(945.4545455 3.529411765 0)
(963.6363636 3.529411765 0)
(981.8181818 3.529411765 0)
(1000 3.529411765 0)
(1018.181818 3.529411765 0)
(1036.363636 3.529411765 0)
(1054.545455 3.529411765 0)
(1072.727273 3.529411765 0)
(1090.909091 3.529411765 0)
(1109.090909 3.529411765 0)
(1127.272727 3.529411765 0)
(1145.454545 3.529411765 0)
(1163.636364 3.529411765 0)
(1181.818182 3.529411765 0)
(1200 3.529411765 0)
(1218.181818 3.529411765 0)
(1236.363636 3.529411765 0)
(1254.545455 3.529411765 0)
(1272.727273 3.529411765 0)
(1290.909091 3.529411765 0)
(1309.090909 3.529411765 0)
(1327.272727 3.529411765 0)
(1345.454545 3.529411765 0)
(1363.636364 3.529411765 0)
(1381.818182 3.529411765 0)
(1400 3.529411765 0)
(1418.181818 3.529411765 0)
(1436.363636 3.529411765 0)
(1454.545455 3.529411765 0)
(1472.727273 3.529411765 0)
(1490.909091 3.529411765 0)
(1509.090909 3.529411765 0)
(1527.272727 3.529411765 0)
(1545.454545 3.529411765 0)
(1563.636364 3.529411765 0)
(1581.818182 3.529411765 0)
(1600 3.529411765 0)
(1618.181818 3.529411765 0)
(1636.363636 3.529411765 0)
(1654.545455 3.529411765 0)
(1672.727273 3.529411765 0)
(1690.909091 3.529411765 0)
(1709.090909 3.529411765 0)
(1727.272727 3.529411765 0)
(1745.454545 3.529411765 0)
(1763.636364 3.529411765 0)
(1781.818182 3.529411765 0)
(1800 3.529411765 0)
(1818.181818 3.529411765 0)
(1836.363636 3.529411765 0)
(1854.545455 3.529411765 0)
(1872.727273 3.529411765 0)
(1890.909091 3.529411765 0)
(1909.090909 3.529411765 0)
(1927.272727 3.529411765 0)
(1945.454545 3.529411765 0)
(1963.636364 3.529411765 0)
(1981.818182 3.529411765 0)
(2000 3.529411765 0)
(0 4.705882353 0)
(18.18181818 4.705882353 0)
(36.36363636 4.705882353 0)
(54.54545455 4.705882353 0)
(72.72727273 4.705882353 0)
(90.90909091 4.705882353 0)
(109.0909091 4.705882353 0)
(127.2727273 4.705882353 0)
(145.4545455 4.705882353 0)
(163.6363636 4.705882353 0)
(181.8181818 4.705882353 0)
(200 4.705882353 0)
(218.1818182 4.705882353 0)
(236.3636364 4.705882353 0)
(254.5454545 4.705882353 0)
(272.7272727 4.705882353 0)
(290.9090909 4.705882353 0)
(309.0909091 4.705882353 0)
(327.2727273 4.705882353 0)
(345.4545455 4.705882353 0)
(363.6363636 4.705882353 0)
(381.8181818 4.705882353 0)
(400 4.705882353 0)
(418.1818182 4.705882353 0)
(436.3636364 4.705882353 0)
(454.5454545 4.705882353 0)
(472.7272727 4.705882353 0)
(490.9090909 4.705882353 0)
(509.0909091 4.705882353 0)
(527.2727273 4.705882353 0)
(545.4545455 4.705882353 0)
(563.6363636 4.705882353 0)
(581.8181818 4.705882353 0)
(600 4.705882353 0)
(618.1818182 4.705882353 0)
(636.3636364 4.705882353 0)
(654.5454545 4.705882353 0)
(672.7272727 4.705882353 0)
(690.9090909 4.705882353 0)
(709.0909091 4.705882353 0)
(727.2727273 4.705882353 0)
(745.4545455 4.705882353 0)
(763.6363636 4.705882353 0)
(781.8181818 4.705882353 0)
(800 4.705882353 0)
(818.1818182 4.705882353 0)
(836.3636364 4.705882353 0)
(854.5454545 4.705882353 0)
(872.7272727 4.705882353 0)
(890.9090909 4.705882353 0)
(909.0909091 4.705882353 0)
(927.2727273 4.705882353 0)
(945.4545455 4.705882353 0)
(963.6363636 4.705882353 0)
(981.8181818 4.705882353 0)
(1000 4.705882353 0)
(1018.181818 4.705882353 0)
(1036.363636 4.705882353 0)
(1054.545455 4.705882353 0)
(1072.727273 4.705882353 0)
(1090.909091 4.705882353 0)
(1109.090909 4.705882353 0)
(1127.272727 4.705882353 0)
(1145.454545 4.705882353 0)
(1163.636364 4.705882353 0)
(1181.818182 4.705882353 0)
(1200 4.705882353 0)
(1218.181818 4.705882353 0)
(1236.363636 4.705882353 0)
(1254.545455 4.705882353 0)
(1272.727273 4.705882353 0)
(1290.909091 4.705882353 0)
(1309.090909 4.705882353 0)
(1327.272727 4.705882353 0)
(1345.454545 4.705882353 0)
(1363.636364 4.705882353 0)
(1381.818182 4.705882353 0)
(1400 4.705882353 0)
(1418.181818 4.705882353 0)
(1436.363636 4.705882353 0)
(1454.545455 4.705882353 0)
(1472.727273 4.705882353 0)
(1490.909091 4.705882353 0)
(1509.090909 4.705882353 0)
(1527.272727 4.705882353 0)
(1545.454545 4.705882353 0)
(1563.636364 4.705882353 0)
(1581.818182 4.705882353 0)
(1600 4.705882353 0)
(1618.181818 4.705882353 0)
(1636.363636 4.705882353 0)
(1654.545455 4.705882353 0)
(1672.727273 4.705882353 0)
(1690.909091 4.705882353 0)
(1709.090909 4.705882353 0)
(1727.272727 4.705882353 0)
(1745.454545 4.705882353 0)
(1763.636364 4.705882353 0)
(1781.818182 4.705882353 0)
(1800 4.705882353 0)
(1818.181818 4.705882353 0)
(1836.363636 4.705882353 0)
(1854.545455 4.705882353 0)
(1872.727273 4.705882353 0)
(1890.909091 4.705882353 0)
(1909.090909 4.705882353 0)
(1927.272727 4.705882353 0)
(1945.454545 4.705882353 0)
(1963.636364 4.705882353 0)
(1981.818182 4.705882353 0)
(2000 4.705882353 0)
(0 5.882352941 0)
(18.18181818 5.882352941 0)
(36.36363636 5.882352941 0)
(54.54545455 5.882352941 0)
(72.72727273 5.882352941 0)
(90.90909091 5.882352941 0)
(109.0909091 5.882352941 0)
(127.2727273 5.882352941 0)
(145.4545455 5.882352941 0)
(163.6363636 5.882352941 0)
(181.8181818 5.882352941 0)
(200 5.882352941 0)
(218.1818182 5.882352941 0)
(236.3636364 5.882352941 0)
(254.5454545 5.882352941 0)
(272.7272727 5.882352941 0)
(290.9090909 5.882352941 0)
(309.0909091 5.882352941 0)
(327.2727273 5.882352941 0)
(345.4545455 5.882352941 0)
(363.6363636 5.882352941 0)
(381.8181818 5.882352941 0)
(400 5.882352941 0)
(418.1818182 5.882352941 0)
(436.3636364 5.882352941 0)
(454.5454545 5.882352941 0)
(472.7272727 5.882352941 0)
(490.9090909 5.882352941 0)
(509.0909091 5.882352941 0)
(527.2727273 5.882352941 0)
(545.4545455 5.882352941 0)
(563.6363636 5.882352941 0)
(581.8181818 5.882352941 0)
(600 5.882352941 0)
(618.1818182 5.882352941 0)
(636.3636364 5.882352941 0)
(654.5454545 5.882352941 0)
(672.7272727 5.882352941 0)
(690.9090909 5.882352941 0)
(709.0909091 5.882352941 0)
(727.2727273 5.882352941 0)
(745.4545455 5.882352941 0)
(763.6363636 5.882352941 0)
(781.8181818 5.882352941 0)
(800 5.882352941 0)
(818.1818182 5.882352941 0)
(836.3636364 5.882352941 0)
(854.5454545 5.882352941 0)
(872.7272727 5.882352941 0)
(890.9090909 5.882352941 0)
(909.0909091 5.882352941 0)
(927.2727273 5.882352941 0)
(945.4545455 5.882352941 0)
(963.6363636 5.882352941 0)
(981.8181818 5.882352941 0)
(1000 5.882352941 0)
(1018.181818 5.882352941 0)
(1036.363636 5.882352941 0)
(1054.545455 5.882352941 0)
(1072.727273 5.882352941 0)
(1090.909091 5.882352941 0)
(1109.090909 5.882352941 0)
(1127.272727 5.882352941 0)
(1145.454545 5.882352941 0)
(1163.636364 5.882352941 0)
(1181.818182 5.882352941 0)
(1200 5.882352941 0)
(1218.181818 5.882352941 0)
(1236.363636 5.882352941 0)
(1254.545455 5.882352941 0)
(1272.727273 5.882352941 0)
(1290.909091 5.882352941 0)
(1309.090909 5.882352941 0)
(1327.272727 5.882352941 0)
(1345.454545 5.882352941 0)
(1363.636364 5.882352941 0)
(1381.818182 5.882352941 0)
(1400 5.882352941 0)
(1418.181818 5.882352941 0)
(1436.363636 5.882352941 0)
(1454.545455 5.882352941 0)
(1472.727273 5.882352941 0)
(1490.909091 5.882352941 0)
(1509.090909 5.882352941 0)
(1527.272727 5.882352941 0)
(1545.454545 5.882352941 0)
(1563.636364 5.882352941 0)
(1581.818182 5.882352941 0)
(1600 5.882352941 0)
(1618.181818 5.882352941 0)
(1636.363636 5.882352941 0)
(1654.545455 5.882352941 0)
(1672.727273 5.882352941 0)
(1690.909091 5.882352941 0)
(1709.090909 5.882352941 0)
(1727.272727 5.882352941 0)
(1745.454545 5.882352941 0)
(1763.636364 5.882352941 0)
(1781.818182 5.882352941 0)
(1800 5.882352941 0)
(1818.181818 5.882352941 0)
(1836.363636 5.882352941 0)
(1854.545455 5.882352941 0)
(1872.727273 5.882352941 0)
(1890.909091 5.882352941 0)
(1909.090909 5.882352941 0)
(1927.272727 5.882352941 0)
(1945.454545 5.882352941 0)
(1963.636364 5.882352941 0)
(1981.818182 5.882352941 0)
(2000 5.882352941 0)
(0 7.058823529 0)
(18.18181818 7.058823529 0)
(36.36363636 7.058823529 0)
(54.54545455 7.058823529 0)
(72.72727273 7.058823529 0)
(90.90909091 7.058823529 0)
(109.0909091 7.058823529 0)
(127.2727273 7.058823529 0)
(145.4545455 7.058823529 0)
(163.6363636 7.058823529 0)
(181.8181818 7.058823529 0)
(200 7.058823529 0)
(218.1818182 7.058823529 0)
(236.3636364 7.058823529 0)
(254.5454545 7.058823529 0)
(272.7272727 7.058823529 0)
(290.9090909 7.058823529 0)
(309.0909091 7.058823529 0)
(327.2727273 7.058823529 0)
(345.4545455 7.058823529 0)
(363.6363636 7.058823529 0)
(381.8181818 7.058823529 0)
(400 7.058823529 0)
(418.1818182 7.058823529 0)
(436.3636364 7.058823529 0)
(454.5454545 7.058823529 0)
(472.7272727 7.058823529 0)
(490.9090909 7.058823529 0)
(509.0909091 7.058823529 0)
(527.2727273 7.058823529 0)
(545.4545455 7.058823529 0)
(563.6363636 7.058823529 0)
(581.8181818 7.058823529 0)
(600 7.058823529 0)
(618.1818182 7.058823529 0)
(636.3636364 7.058823529 0)
(654.5454545 7.058823529 0)
(672.7272727 7.058823529 0)
(690.9090909 7.058823529 0)
(709.0909091 7.058823529 0)
(727.2727273 7.058823529 0)
(745.4545455 7.058823529 0)
(763.6363636 7.058823529 0)
(781.8181818 7.058823529 0)
(800 7.058823529 0)
(818.1818182 7.058823529 0)
(836.3636364 7.058823529 0)
(854.5454545 7.058823529 0)
(872.7272727 7.058823529 0)
(890.9090909 7.058823529 0)
(909.0909091 7.058823529 0)
(927.2727273 7.058823529 0)
(945.4545455 7.058823529 0)
(963.6363636 7.058823529 0)
(981.8181818 7.058823529 0)
(1000 7.058823529 0)
(1018.181818 7.058823529 0)
(1036.363636 7.058823529 0)
(1054.545455 7.058823529 0)
(1072.727273 7.058823529 0)
(1090.909091 7.058823529 0)
(1109.090909 7.058823529 0)
(1127.272727 7.058823529 0)
(1145.454545 7.058823529 0)
(1163.636364 7.058823529 0)
(1181.818182 7.058823529 0)
(1200 7.058823529 0)
(1218.181818 7.058823529 0)
(1236.363636 7.058823529 0)
(1254.545455 7.058823529 0)
(1272.727273 7.058823529 0)
(1290.909091 7.058823529 0)
(1309.090909 7.058823529 0)
(1327.272727 7.058823529 0)
(1345.454545 7.058823529 0)
(1363.636364 7.058823529 0)
(1381.818182 7.058823529 0)
(1400 7.058823529 0)
(1418.181818 7.058823529 0)
(1436.363636 7.058823529 0)
(1454.545455 7.058823529 0)
(1472.727273 7.058823529 0)
(1490.909091 7.058823529 0)
(1509.090909 7.058823529 0)
(1527.272727 7.058823529 0)
(1545.454545 7.058823529 0)
(1563.636364 7.058823529 0)
(1581.818182 7.058823529 0)
(1600 7.058823529 0)
(1618.181818 7.058823529 0)
(1636.363636 7.058823529 0)
(1654.545455 7.058823529 0)
(1672.727273 7.058823529 0)
(1690.909091 7.058823529 0)
(1709.090909 7.058823529 0)
(1727.272727 7.058823529 0)
(1745.454545 7.058823529 0)
(1763.636364 7.058823529 0)
(1781.818182 7.058823529 0)
(1800 7.058823529 0)
(1818.181818 7.058823529 0)
(1836.363636 7.058823529 0)
(1854.545455 7.058823529 0)
(1872.727273 7.058823529 0)
(1890.909091 7.058823529 0)
(1909.090909 7.058823529 0)
(1927.272727 7.058823529 0)
(1945.454545 7.058823529 0)
(1963.636364 7.058823529 0)
(1981.818182 7.058823529 0)
(2000 7.058823529 0)
(0 8.235294118 0)
(18.18181818 8.235294118 0)
(36.36363636 8.235294118 0)
(54.54545455 8.235294118 0)
(72.72727273 8.235294118 0)
(90.90909091 8.235294118 0)
(109.0909091 8.235294118 0)
(127.2727273 8.235294118 0)
(145.4545455 8.235294118 0)
(163.6363636 8.235294118 0)
(181.8181818 8.235294118 0)
(200 8.235294118 0)
(218.1818182 8.235294118 0)
(236.3636364 8.235294118 0)
(254.5454545 8.235294118 0)
(272.7272727 8.235294118 0)
(290.9090909 8.235294118 0)
(309.0909091 8.235294118 0)
(327.2727273 8.235294118 0)
(345.4545455 8.235294118 0)
(363.6363636 8.235294118 0)
(381.8181818 8.235294118 0)
(400 8.235294118 0)
(418.1818182 8.235294118 0)
(436.3636364 8.235294118 0)
(454.5454545 8.235294118 0)
(472.7272727 8.235294118 0)
(490.9090909 8.235294118 0)
(509.0909091 8.235294118 0)
(527.2727273 8.235294118 0)
(545.4545455 8.235294118 0)
(563.6363636 8.235294118 0)
(581.8181818 8.235294118 0)
(600 8.235294118 0)
(618.1818182 8.235294118 0)
(636.3636364 8.235294118 0)
(654.5454545 8.235294118 0)
(672.7272727 8.235294118 0)
(690.9090909 8.235294118 0)
(709.0909091 8.235294118 0)
(727.2727273 8.235294118 0)
(745.4545455 8.235294118 0)
(763.6363636 8.235294118 0)
(781.8181818 8.235294118 0)
(800 8.235294118 0)
(818.1818182 8.235294118 0)
(836.3636364 8.235294118 0)
(854.5454545 8.235294118 0)
(872.7272727 8.235294118 0)
(890.9090909 8.235294118 0)
(909.0909091 8.235294118 0)
(927.2727273 8.235294118 0)
(945.4545455 8.235294118 0)
(963.6363636 8.235294118 0)
(981.8181818 8.235294118 0)
(1000 8.235294118 0)
(1018.181818 8.235294118 0)
(1036.363636 8.235294118 0)
(1054.545455 8.235294118 0)
(1072.727273 8.235294118 0)
(1090.909091 8.235294118 0)
(1109.090909 8.235294118 0)
(1127.272727 8.235294118 0)
(1145.454545 8.235294118 0)
(1163.636364 8.235294118 0)
(1181.818182 8.235294118 0)
(1200 8.235294118 0)
(1218.181818 8.235294118 0)
(1236.363636 8.235294118 0)
(1254.545455 8.235294118 0)
(1272.727273 8.235294118 0)
(1290.909091 8.235294118 0)
(1309.090909 8.235294118 0)
(1327.272727 8.235294118 0)
(1345.454545 8.235294118 0)
(1363.636364 8.235294118 0)
(1381.818182 8.235294118 0)
(1400 8.235294118 0)
(1418.181818 8.235294118 0)
(1436.363636 8.235294118 0)
(1454.545455 8.235294118 0)
(1472.727273 8.235294118 0)
(1490.909091 8.235294118 0)
(1509.090909 8.235294118 0)
(1527.272727 8.235294118 0)
(1545.454545 8.235294118 0)
(1563.636364 8.235294118 0)
(1581.818182 8.235294118 0)
(1600 8.235294118 0)
(1618.181818 8.235294118 0)
(1636.363636 8.235294118 0)
(1654.545455 8.235294118 0)
(1672.727273 8.235294118 0)
(1690.909091 8.235294118 0)
(1709.090909 8.235294118 0)
(1727.272727 8.235294118 0)
(1745.454545 8.235294118 0)
(1763.636364 8.235294118 0)
(1781.818182 8.235294118 0)
(1800 8.235294118 0)
(1818.181818 8.235294118 0)
(1836.363636 8.235294118 0)
(1854.545455 8.235294118 0)
(1872.727273 8.235294118 0)
(1890.909091 8.235294118 0)
(1909.090909 8.235294118 0)
(1927.272727 8.235294118 0)
(1945.454545 8.235294118 0)
(1963.636364 8.235294118 0)
(1981.818182 8.235294118 0)
(2000 8.235294118 0)
(0 9.411764706 0)
(18.18181818 9.411764706 0)
(36.36363636 9.411764706 0)
(54.54545455 9.411764706 0)
(72.72727273 9.411764706 0)
(90.90909091 9.411764706 0)
(109.0909091 9.411764706 0)
(127.2727273 9.411764706 0)
(145.4545455 9.411764706 0)
(163.6363636 9.411764706 0)
(181.8181818 9.411764706 0)
(200 9.411764706 0)
(218.1818182 9.411764706 0)
(236.3636364 9.411764706 0)
(254.5454545 9.411764706 0)
(272.7272727 9.411764706 0)
(290.9090909 9.411764706 0)
(309.0909091 9.411764706 0)
(327.2727273 9.411764706 0)
(345.4545455 9.411764706 0)
(363.6363636 9.411764706 0)
(381.8181818 9.411764706 0)
(400 9.411764706 0)
(418.1818182 9.411764706 0)
(436.3636364 9.411764706 0)
(454.5454545 9.411764706 0)
(472.7272727 9.411764706 0)
(490.9090909 9.411764706 0)
(509.0909091 9.411764706 0)
(527.2727273 9.411764706 0)
(545.4545455 9.411764706 0)
(563.6363636 9.411764706 0)
(581.8181818 9.411764706 0)
(600 9.411764706 0)
(618.1818182 9.411764706 0)
(636.3636364 9.411764706 0)
(654.5454545 9.411764706 0)
(672.7272727 9.411764706 0)
(690.9090909 9.411764706 0)
(709.0909091 9.411764706 0)
(727.2727273 9.411764706 0)
(745.4545455 9.411764706 0)
(763.6363636 9.411764706 0)
(781.8181818 9.411764706 0)
(800 9.411764706 0)
(818.1818182 9.411764706 0)
(836.3636364 9.411764706 0)
(854.5454545 9.411764706 0)
(872.7272727 9.411764706 0)
(890.9090909 9.411764706 0)
(909.0909091 9.411764706 0)
(927.2727273 9.411764706 0)
(945.4545455 9.411764706 0)
(963.6363636 9.411764706 0)
(981.8181818 9.411764706 0)
(1000 9.411764706 0)
(1018.181818 9.411764706 0)
(1036.363636 9.411764706 0)
(1054.545455 9.411764706 0)
(1072.727273 9.411764706 0)
(1090.909091 9.411764706 0)
(1109.090909 9.411764706 0)
(1127.272727 9.411764706 0)
(1145.454545 9.411764706 0)
(1163.636364 9.411764706 0)
(1181.818182 9.411764706 0)
(1200 9.411764706 0)
(1218.181818 9.411764706 0)
(1236.363636 9.411764706 0)
(1254.545455 9.411764706 0)
(1272.727273 9.411764706 0)
(1290.909091 9.411764706 0)
(1309.090909 9.411764706 0)
(1327.272727 9.411764706 0)
(1345.454545 9.411764706 0)
(1363.636364 9.411764706 0)
(1381.818182 9.411764706 0)
(1400 9.411764706 0)
(1418.181818 9.411764706 0)
(1436.363636 9.411764706 0)
(1454.545455 9.411764706 0)
(1472.727273 9.411764706 0)
(1490.909091 9.411764706 0)
(1509.090909 9.411764706 0)
(1527.272727 9.411764706 0)
(1545.454545 9.411764706 0)
(1563.636364 9.411764706 0)
(1581.818182 9.411764706 0)
(1600 9.411764706 0)
(1618.181818 9.411764706 0)
(1636.363636 9.411764706 0)
(1654.545455 9.411764706 0)
(1672.727273 9.411764706 0)
(1690.909091 9.411764706 0)
(1709.090909 9.411764706 0)
(1727.272727 9.411764706 0)
(1745.454545 9.411764706 0)
(1763.636364 9.411764706 0)
(1781.818182 9.411764706 0)
(1800 9.411764706 0)
(1818.181818 9.411764706 0)
(1836.363636 9.411764706 0)
(1854.545455 9.411764706 0)
(1872.727273 9.411764706 0)
(1890.909091 9.411764706 0)
(1909.090909 9.411764706 0)
(1927.272727 9.411764706 0)
(1945.454545 9.411764706 0)
(1963.636364 9.411764706 0)
(1981.818182 9.411764706 0)
(2000 9.411764706 0)
(0 10.58823529 0)
(18.18181818 10.58823529 0)
(36.36363636 10.58823529 0)
(54.54545455 10.58823529 0)
(72.72727273 10.58823529 0)
(90.90909091 10.58823529 0)
(109.0909091 10.58823529 0)
(127.2727273 10.58823529 0)
(145.4545455 10.58823529 0)
(163.6363636 10.58823529 0)
(181.8181818 10.58823529 0)
(200 10.58823529 0)
(218.1818182 10.58823529 0)
(236.3636364 10.58823529 0)
(254.5454545 10.58823529 0)
(272.7272727 10.58823529 0)
(290.9090909 10.58823529 0)
(309.0909091 10.58823529 0)
(327.2727273 10.58823529 0)
(345.4545455 10.58823529 0)
(363.6363636 10.58823529 0)
(381.8181818 10.58823529 0)
(400 10.58823529 0)
(418.1818182 10.58823529 0)
(436.3636364 10.58823529 0)
(454.5454545 10.58823529 0)
(472.7272727 10.58823529 0)
(490.9090909 10.58823529 0)
(509.0909091 10.58823529 0)
(527.2727273 10.58823529 0)
(545.4545455 10.58823529 0)
(563.6363636 10.58823529 0)
(581.8181818 10.58823529 0)
(600 10.58823529 0)
(618.1818182 10.58823529 0)
(636.3636364 10.58823529 0)
(654.5454545 10.58823529 0)
(672.7272727 10.58823529 0)
(690.9090909 10.58823529 0)
(709.0909091 10.58823529 0)
(727.2727273 10.58823529 0)
(745.4545455 10.58823529 0)
(763.6363636 10.58823529 0)
(781.8181818 10.58823529 0)
(800 10.58823529 0)
(818.1818182 10.58823529 0)
(836.3636364 10.58823529 0)
(854.5454545 10.58823529 0)
(872.7272727 10.58823529 0)
(890.9090909 10.58823529 0)
(909.0909091 10.58823529 0)
(927.2727273 10.58823529 0)
(945.4545455 10.58823529 0)
(963.6363636 10.58823529 0)
(981.8181818 10.58823529 0)
(1000 10.58823529 0)
(1018.181818 10.58823529 0)
(1036.363636 10.58823529 0)
(1054.545455 10.58823529 0)
(1072.727273 10.58823529 0)
(1090.909091 10.58823529 0)
(1109.090909 10.58823529 0)
(1127.272727 10.58823529 0)
(1145.454545 10.58823529 0)
(1163.636364 10.58823529 0)
(1181.818182 10.58823529 0)
(1200 10.58823529 0)
(1218.181818 10.58823529 0)
(1236.363636 10.58823529 0)
(1254.545455 10.58823529 0)
(1272.727273 10.58823529 0)
(1290.909091 10.58823529 0)
(1309.090909 10.58823529 0)
(1327.272727 10.58823529 0)
(1345.454545 10.58823529 0)
(1363.636364 10.58823529 0)
(1381.818182 10.58823529 0)
(1400 10.58823529 0)
(1418.181818 10.58823529 0)
(1436.363636 10.58823529 0)
(1454.545455 10.58823529 0)
(1472.727273 10.58823529 0)
(1490.909091 10.58823529 0)
(1509.090909 10.58823529 0)
(1527.272727 10.58823529 0)
(1545.454545 10.58823529 0)
(1563.636364 10.58823529 0)
(1581.818182 10.58823529 0)
(1600 10.58823529 0)
(1618.181818 10.58823529 0)
(1636.363636 10.58823529 0)
(1654.545455 10.58823529 0)
(1672.727273 10.58823529 0)
(1690.909091 10.58823529 0)
(1709.090909 10.58823529 0)
(1727.272727 10.58823529 0)
(1745.454545 10.58823529 0)
(1763.636364 10.58823529 0)
(1781.818182 10.58823529 0)
(1800 10.58823529 0)
(1818.181818 10.58823529 0)
(1836.363636 10.58823529 0)
(1854.545455 10.58823529 0)
(1872.727273 10.58823529 0)
(1890.909091 10.58823529 0)
(1909.090909 10.58823529 0)
(1927.272727 10.58823529 0)
(1945.454545 10.58823529 0)
(1963.636364 10.58823529 0)
(1981.818182 10.58823529 0)
(2000 10.58823529 0)
(0 11.76470588 0)
(18.18181818 11.76470588 0)
(36.36363636 11.76470588 0)
(54.54545455 11.76470588 0)
(72.72727273 11.76470588 0)
(90.90909091 11.76470588 0)
(109.0909091 11.76470588 0)
(127.2727273 11.76470588 0)
(145.4545455 11.76470588 0)
(163.6363636 11.76470588 0)
(181.8181818 11.76470588 0)
(200 11.76470588 0)
(218.1818182 11.76470588 0)
(236.3636364 11.76470588 0)
(254.5454545 11.76470588 0)
(272.7272727 11.76470588 0)
(290.9090909 11.76470588 0)
(309.0909091 11.76470588 0)
(327.2727273 11.76470588 0)
(345.4545455 11.76470588 0)
(363.6363636 11.76470588 0)
(381.8181818 11.76470588 0)
(400 11.76470588 0)
(418.1818182 11.76470588 0)
(436.3636364 11.76470588 0)
(454.5454545 11.76470588 0)
(472.7272727 11.76470588 0)
(490.9090909 11.76470588 0)
(509.0909091 11.76470588 0)
(527.2727273 11.76470588 0)
(545.4545455 11.76470588 0)
(563.6363636 11.76470588 0)
(581.8181818 11.76470588 0)
(600 11.76470588 0)
(618.1818182 11.76470588 0)
(636.3636364 11.76470588 0)
(654.5454545 11.76470588 0)
(672.7272727 11.76470588 0)
(690.9090909 11.76470588 0)
(709.0909091 11.76470588 0)
(727.2727273 11.76470588 0)
(745.4545455 11.76470588 0)
(763.6363636 11.76470588 0)
(781.8181818 11.76470588 0)
(800 11.76470588 0)
(818.1818182 11.76470588 0)
(836.3636364 11.76470588 0)
(854.5454545 11.76470588 0)
(872.7272727 11.76470588 0)
(890.9090909 11.76470588 0)
(909.0909091 11.76470588 0)
(927.2727273 11.76470588 0)
(945.4545455 11.76470588 0)
(963.6363636 11.76470588 0)
(981.8181818 11.76470588 0)
(1000 11.76470588 0)
(1018.181818 11.76470588 0)
(1036.363636 11.76470588 0)
(1054.545455 11.76470588 0)
(1072.727273 11.76470588 0)
(1090.909091 11.76470588 0)
(1109.090909 11.76470588 0)
(1127.272727 11.76470588 0)
(1145.454545 11.76470588 0)
(1163.636364 11.76470588 0)
(1181.818182 11.76470588 0)
(1200 11.76470588 0)
(1218.181818 11.76470588 0)
(1236.363636 11.76470588 0)
(1254.545455 11.76470588 0)
(1272.727273 11.76470588 0)
(1290.909091 11.76470588 0)
(1309.090909 11.76470588 0)
(1327.272727 11.76470588 0)
(1345.454545 11.76470588 0)
(1363.636364 11.76470588 0)
(1381.818182 11.76470588 0)
(1400 11.76470588 0)
(1418.181818 11.76470588 0)
(1436.363636 11.76470588 0)
(1454.545455 11.76470588 0)
(1472.727273 11.76470588 0)
(1490.909091 11.76470588 0)
(1509.090909 11.76470588 0)
(1527.272727 11.76470588 0)
(1545.454545 11.76470588 0)
(1563.636364 11.76470588 0)
(1581.818182 11.76470588 0)
(1600 11.76470588 0)
(1618.181818 11.76470588 0)
(1636.363636 11.76470588 0)
(1654.545455 11.76470588 0)
(1672.727273 11.76470588 0)
(1690.909091 11.76470588 0)
(1709.090909 11.76470588 0)
(1727.272727 11.76470588 0)
(1745.454545 11.76470588 0)
(1763.636364 11.76470588 0)
(1781.818182 11.76470588 0)
(1800 11.76470588 0)
(1818.181818 11.76470588 0)
(1836.363636 11.76470588 0)
(1854.545455 11.76470588 0)
(1872.727273 11.76470588 0)
(1890.909091 11.76470588 0)
(1909.090909 11.76470588 0)
(1927.272727 11.76470588 0)
(1945.454545 11.76470588 0)
(1963.636364 11.76470588 0)
(1981.818182 11.76470588 0)
(2000 11.76470588 0)
(0 12.94117647 0)
(18.18181818 12.94117647 0)
(36.36363636 12.94117647 0)
(54.54545455 12.94117647 0)
(72.72727273 12.94117647 0)
(90.90909091 12.94117647 0)
(109.0909091 12.94117647 0)
(127.2727273 12.94117647 0)
(145.4545455 12.94117647 0)
(163.6363636 12.94117647 0)
(181.8181818 12.94117647 0)
(200 12.94117647 0)
(218.1818182 12.94117647 0)
(236.3636364 12.94117647 0)
(254.5454545 12.94117647 0)
(272.7272727 12.94117647 0)
(290.9090909 12.94117647 0)
(309.0909091 12.94117647 0)
(327.2727273 12.94117647 0)
(345.4545455 12.94117647 0)
(363.6363636 12.94117647 0)
(381.8181818 12.94117647 0)
(400 12.94117647 0)
(418.1818182 12.94117647 0)
(436.3636364 12.94117647 0)
(454.5454545 12.94117647 0)
(472.7272727 12.94117647 0)
(490.9090909 12.94117647 0)
(509.0909091 12.94117647 0)
(527.2727273 12.94117647 0)
(545.4545455 12.94117647 0)
(563.6363636 12.94117647 0)
(581.8181818 12.94117647 0)
(600 12.94117647 0)
(618.1818182 12.94117647 0)
(636.3636364 12.94117647 0)
(654.5454545 12.94117647 0)
(672.7272727 12.94117647 0)
(690.9090909 12.94117647 0)
(709.0909091 12.94117647 0)
(727.2727273 12.94117647 0)
(745.4545455 12.94117647 0)
(763.6363636 12.94117647 0)
(781.8181818 12.94117647 0)
(800 12.94117647 0)
(818.1818182 12.94117647 0)
(836.3636364 12.94117647 0)
(854.5454545 12.94117647 0)
(872.7272727 12.94117647 0)
(890.9090909 12.94117647 0)
(909.0909091 12.94117647 0)
(927.2727273 12.94117647 0)
(945.4545455 12.94117647 0)
(963.6363636 12.94117647 0)
(981.8181818 12.94117647 0)
(1000 12.94117647 0)
(1018.181818 12.94117647 0)
(1036.363636 12.94117647 0)
(1054.545455 12.94117647 0)
(1072.727273 12.94117647 0)
(1090.909091 12.94117647 0)
(1109.090909 12.94117647 0)
(1127.272727 12.94117647 0)
(1145.454545 12.94117647 0)
(1163.636364 12.94117647 0)
(1181.818182 12.94117647 0)
(1200 12.94117647 0)
(1218.181818 12.94117647 0)
(1236.363636 12.94117647 0)
(1254.545455 12.94117647 0)
(1272.727273 12.94117647 0)
(1290.909091 12.94117647 0)
(1309.090909 12.94117647 0)
(1327.272727 12.94117647 0)
(1345.454545 12.94117647 0)
(1363.636364 12.94117647 0)
(1381.818182 12.94117647 0)
(1400 12.94117647 0)
(1418.181818 12.94117647 0)
(1436.363636 12.94117647 0)
(1454.545455 12.94117647 0)
(1472.727273 12.94117647 0)
(1490.909091 12.94117647 0)
(1509.090909 12.94117647 0)
(1527.272727 12.94117647 0)
(1545.454545 12.94117647 0)
(1563.636364 12.94117647 0)
(1581.818182 12.94117647 0)
(1600 12.94117647 0)
(1618.181818 12.94117647 0)
(1636.363636 12.94117647 0)
(1654.545455 12.94117647 0)
(1672.727273 12.94117647 0)
(1690.909091 12.94117647 0)
(1709.090909 12.94117647 0)
(1727.272727 12.94117647 0)
(1745.454545 12.94117647 0)
(1763.636364 12.94117647 0)
(1781.818182 12.94117647 0)
(1800 12.94117647 0)
(1818.181818 12.94117647 0)
(1836.363636 12.94117647 0)
(1854.545455 12.94117647 0)
(1872.727273 12.94117647 0)
(1890.909091 12.94117647 0)
(1909.090909 12.94117647 0)
(1927.272727 12.94117647 0)
(1945.454545 12.94117647 0)
(1963.636364 12.94117647 0)
(1981.818182 12.94117647 0)
(2000 12.94117647 0)
(0 14.11764706 0)
(18.18181818 14.11764706 0)
(36.36363636 14.11764706 0)
(54.54545455 14.11764706 0)
(72.72727273 14.11764706 0)
(90.90909091 14.11764706 0)
(109.0909091 14.11764706 0)
(127.2727273 14.11764706 0)
(145.4545455 14.11764706 0)
(163.6363636 14.11764706 0)
(181.8181818 14.11764706 0)
(200 14.11764706 0)
(218.1818182 14.11764706 0)
(236.3636364 14.11764706 0)
(254.5454545 14.11764706 0)
(272.7272727 14.11764706 0)
(290.9090909 14.11764706 0)
(309.0909091 14.11764706 0)
(327.2727273 14.11764706 0)
(345.4545455 14.11764706 0)
(363.6363636 14.11764706 0)
(381.8181818 14.11764706 0)
(400 14.11764706 0)
(418.1818182 14.11764706 0)
(436.3636364 14.11764706 0)
(454.5454545 14.11764706 0)
(472.7272727 14.11764706 0)
(490.9090909 14.11764706 0)
(509.0909091 14.11764706 0)
(527.2727273 14.11764706 0)
(545.4545455 14.11764706 0)
(563.6363636 14.11764706 0)
(581.8181818 14.11764706 0)
(600 14.11764706 0)
(618.1818182 14.11764706 0)
(636.3636364 14.11764706 0)
(654.5454545 14.11764706 0)
(672.7272727 14.11764706 0)
(690.9090909 14.11764706 0)
(709.0909091 14.11764706 0)
(727.2727273 14.11764706 0)
(745.4545455 14.11764706 0)
(763.6363636 14.11764706 0)
(781.8181818 14.11764706 0)
(800 14.11764706 0)
(818.1818182 14.11764706 0)
(836.3636364 14.11764706 0)
(854.5454545 14.11764706 0)
(872.7272727 14.11764706 0)
(890.9090909 14.11764706 0)
(909.0909091 14.11764706 0)
(927.2727273 14.11764706 0)
(945.4545455 14.11764706 0)
(963.6363636 14.11764706 0)
(981.8181818 14.11764706 0)
(1000 14.11764706 0)
(1018.181818 14.11764706 0)
(1036.363636 14.11764706 0)
(1054.545455 14.11764706 0)
(1072.727273 14.11764706 0)
(1090.909091 14.11764706 0)
(1109.090909 14.11764706 0)
(1127.272727 14.11764706 0)
(1145.454545 14.11764706 0)
(1163.636364 14.11764706 0)
(1181.818182 14.11764706 0)
(1200 14.11764706 0)
(1218.181818 14.11764706 0)
(1236.363636 14.11764706 0)
(1254.545455 14.11764706 0)
(1272.727273 14.11764706 0)
(1290.909091 14.11764706 0)
(1309.090909 14.11764706 0)
(1327.272727 14.11764706 0)
(1345.454545 14.11764706 0)
(1363.636364 14.11764706 0)
(1381.818182 14.11764706 0)
(1400 14.11764706 0)
(1418.181818 14.11764706 0)
(1436.363636 14.11764706 0)
(1454.545455 14.11764706 0)
(1472.727273 14.11764706 0)
(1490.909091 14.11764706 0)
(1509.090909 14.11764706 0)
(1527.272727 14.11764706 0)
(1545.454545 14.11764706 0)
(1563.636364 14.11764706 0)
(1581.818182 14.11764706 0)
(1600 14.11764706 0)
(1618.181818 14.11764706 0)
(1636.363636 14.11764706 0)
(1654.545455 14.11764706 0)
(1672.727273 14.11764706 0)
(1690.909091 14.11764706 0)
(1709.090909 14.11764706 0)
(1727.272727 14.11764706 0)
(1745.454545 14.11764706 0)
(1763.636364 14.11764706 0)
(1781.818182 14.11764706 0)
(1800 14.11764706 0)
(1818.181818 14.11764706 0)
(1836.363636 14.11764706 0)
(1854.545455 14.11764706 0)
(1872.727273 14.11764706 0)
(1890.909091 14.11764706 0)
(1909.090909 14.11764706 0)
(1927.272727 14.11764706 0)
(1945.454545 14.11764706 0)
(1963.636364 14.11764706 0)
(1981.818182 14.11764706 0)
(2000 14.11764706 0)
(0 15.29411765 0)
(18.18181818 15.29411765 0)
(36.36363636 15.29411765 0)
(54.54545455 15.29411765 0)
(72.72727273 15.29411765 0)
(90.90909091 15.29411765 0)
(109.0909091 15.29411765 0)
(127.2727273 15.29411765 0)
(145.4545455 15.29411765 0)
(163.6363636 15.29411765 0)
(181.8181818 15.29411765 0)
(200 15.29411765 0)
(218.1818182 15.29411765 0)
(236.3636364 15.29411765 0)
(254.5454545 15.29411765 0)
(272.7272727 15.29411765 0)
(290.9090909 15.29411765 0)
(309.0909091 15.29411765 0)
(327.2727273 15.29411765 0)
(345.4545455 15.29411765 0)
(363.6363636 15.29411765 0)
(381.8181818 15.29411765 0)
(400 15.29411765 0)
(418.1818182 15.29411765 0)
(436.3636364 15.29411765 0)
(454.5454545 15.29411765 0)
(472.7272727 15.29411765 0)
(490.9090909 15.29411765 0)
(509.0909091 15.29411765 0)
(527.2727273 15.29411765 0)
(545.4545455 15.29411765 0)
(563.6363636 15.29411765 0)
(581.8181818 15.29411765 0)
(600 15.29411765 0)
(618.1818182 15.29411765 0)
(636.3636364 15.29411765 0)
(654.5454545 15.29411765 0)
(672.7272727 15.29411765 0)
(690.9090909 15.29411765 0)
(709.0909091 15.29411765 0)
(727.2727273 15.29411765 0)
(745.4545455 15.29411765 0)
(763.6363636 15.29411765 0)
(781.8181818 15.29411765 0)
(800 15.29411765 0)
(818.1818182 15.29411765 0)
(836.3636364 15.29411765 0)
(854.5454545 15.29411765 0)
(872.7272727 15.29411765 0)
(890.9090909 15.29411765 0)
(909.0909091 15.29411765 0)
(927.2727273 15.29411765 0)
(945.4545455 15.29411765 0)
(963.6363636 15.29411765 0)
(981.8181818 15.29411765 0)
(1000 15.29411765 0)
(1018.181818 15.29411765 0)
(1036.363636 15.29411765 0)
(1054.545455 15.29411765 0)
(1072.727273 15.29411765 0)
(1090.909091 15.29411765 0)
(1109.090909 15.29411765 0)
(1127.272727 15.29411765 0)
(1145.454545 15.29411765 0)
(1163.636364 15.29411765 0)
(1181.818182 15.29411765 0)
(1200 15.29411765 0)
(1218.181818 15.29411765 0)
(1236.363636 15.29411765 0)
(1254.545455 15.29411765 0)
(1272.727273 15.29411765 0)
(1290.909091 15.29411765 0)
(1309.090909 15.29411765 0)
(1327.272727 15.29411765 0)
(1345.454545 15.29411765 0)
(1363.636364 15.29411765 0)
(1381.818182 15.29411765 0)
(1400 15.29411765 0)
(1418.181818 15.29411765 0)
(1436.363636 15.29411765 0)
(1454.545455 15.29411765 0)
(1472.727273 15.29411765 0)
(1490.909091 15.29411765 0)
(1509.090909 15.29411765 0)
(1527.272727 15.29411765 0)
(1545.454545 15.29411765 0)
(1563.636364 15.29411765 0)
(1581.818182 15.29411765 0)
(1600 15.29411765 0)
(1618.181818 15.29411765 0)
(1636.363636 15.29411765 0)
(1654.545455 15.29411765 0)
(1672.727273 15.29411765 0)
(1690.909091 15.29411765 0)
(1709.090909 15.29411765 0)
(1727.272727 15.29411765 0)
(1745.454545 15.29411765 0)
(1763.636364 15.29411765 0)
(1781.818182 15.29411765 0)
(1800 15.29411765 0)
(1818.181818 15.29411765 0)
(1836.363636 15.29411765 0)
(1854.545455 15.29411765 0)
(1872.727273 15.29411765 0)
(1890.909091 15.29411765 0)
(1909.090909 15.29411765 0)
(1927.272727 15.29411765 0)
(1945.454545 15.29411765 0)
(1963.636364 15.29411765 0)
(1981.818182 15.29411765 0)
(2000 15.29411765 0)
(0 16.47058824 0)
(18.18181818 16.47058824 0)
(36.36363636 16.47058824 0)
(54.54545455 16.47058824 0)
(72.72727273 16.47058824 0)
(90.90909091 16.47058824 0)
(109.0909091 16.47058824 0)
(127.2727273 16.47058824 0)
(145.4545455 16.47058824 0)
(163.6363636 16.47058824 0)
(181.8181818 16.47058824 0)
(200 16.47058824 0)
(218.1818182 16.47058824 0)
(236.3636364 16.47058824 0)
(254.5454545 16.47058824 0)
(272.7272727 16.47058824 0)
(290.9090909 16.47058824 0)
(309.0909091 16.47058824 0)
(327.2727273 16.47058824 0)
(345.4545455 16.47058824 0)
(363.6363636 16.47058824 0)
(381.8181818 16.47058824 0)
(400 16.47058824 0)
(418.1818182 16.47058824 0)
(436.3636364 16.47058824 0)
(454.5454545 16.47058824 0)
(472.7272727 16.47058824 0)
(490.9090909 16.47058824 0)
(509.0909091 16.47058824 0)
(527.2727273 16.47058824 0)
(545.4545455 16.47058824 0)
(563.6363636 16.47058824 0)
(581.8181818 16.47058824 0)
(600 16.47058824 0)
(618.1818182 16.47058824 0)
(636.3636364 16.47058824 0)
(654.5454545 16.47058824 0)
(672.7272727 16.47058824 0)
(690.9090909 16.47058824 0)
(709.0909091 16.47058824 0)
(727.2727273 16.47058824 0)
(745.4545455 16.47058824 0)
(763.6363636 16.47058824 0)
(781.8181818 16.47058824 0)
(800 16.47058824 0)
(818.1818182 16.47058824 0)
(836.3636364 16.47058824 0)
(854.5454545 16.47058824 0)
(872.7272727 16.47058824 0)
(890.9090909 16.47058824 0)
(909.0909091 16.47058824 0)
(927.2727273 16.47058824 0)
(945.4545455 16.47058824 0)
(963.6363636 16.47058824 0)
(981.8181818 16.47058824 0)
(1000 16.47058824 0)
(1018.181818 16.47058824 0)
(1036.363636 16.47058824 0)
(1054.545455 16.47058824 0)
(1072.727273 16.47058824 0)
(1090.909091 16.47058824 0)
(1109.090909 16.47058824 0)
(1127.272727 16.47058824 0)
(1145.454545 16.47058824 0)
(1163.636364 16.47058824 0)
(1181.818182 16.47058824 0)
(1200 16.47058824 0)
(1218.181818 16.47058824 0)
(1236.363636 16.47058824 0)
(1254.545455 16.47058824 0)
(1272.727273 16.47058824 0)
(1290.909091 16.47058824 0)
(1309.090909 16.47058824 0)
(1327.272727 16.47058824 0)
(1345.454545 16.47058824 0)
(1363.636364 16.47058824 0)
(1381.818182 16.47058824 0)
(1400 16.47058824 0)
(1418.181818 16.47058824 0)
(1436.363636 16.47058824 0)
(1454.545455 16.47058824 0)
(1472.727273 16.47058824 0)
(1490.909091 16.47058824 0)
(1509.090909 16.47058824 0)
(1527.272727 16.47058824 0)
(1545.454545 16.47058824 0)
(1563.636364 16.47058824 0)
(1581.818182 16.47058824 0)
(1600 16.47058824 0)
(1618.181818 16.47058824 0)
(1636.363636 16.47058824 0)
(1654.545455 16.47058824 0)
(1672.727273 16.47058824 0)
(1690.909091 16.47058824 0)
(1709.090909 16.47058824 0)
(1727.272727 16.47058824 0)
(1745.454545 16.47058824 0)
(1763.636364 16.47058824 0)
(1781.818182 16.47058824 0)
(1800 16.47058824 0)
(1818.181818 16.47058824 0)
(1836.363636 16.47058824 0)
(1854.545455 16.47058824 0)
(1872.727273 16.47058824 0)
(1890.909091 16.47058824 0)
(1909.090909 16.47058824 0)
(1927.272727 16.47058824 0)
(1945.454545 16.47058824 0)
(1963.636364 16.47058824 0)
(1981.818182 16.47058824 0)
(2000 16.47058824 0)
(0 17.64705882 0)
(18.18181818 17.64705882 0)
(36.36363636 17.64705882 0)
(54.54545455 17.64705882 0)
(72.72727273 17.64705882 0)
(90.90909091 17.64705882 0)
(109.0909091 17.64705882 0)
(127.2727273 17.64705882 0)
(145.4545455 17.64705882 0)
(163.6363636 17.64705882 0)
(181.8181818 17.64705882 0)
(200 17.64705882 0)
(218.1818182 17.64705882 0)
(236.3636364 17.64705882 0)
(254.5454545 17.64705882 0)
(272.7272727 17.64705882 0)
(290.9090909 17.64705882 0)
(309.0909091 17.64705882 0)
(327.2727273 17.64705882 0)
(345.4545455 17.64705882 0)
(363.6363636 17.64705882 0)
(381.8181818 17.64705882 0)
(400 17.64705882 0)
(418.1818182 17.64705882 0)
(436.3636364 17.64705882 0)
(454.5454545 17.64705882 0)
(472.7272727 17.64705882 0)
(490.9090909 17.64705882 0)
(509.0909091 17.64705882 0)
(527.2727273 17.64705882 0)
(545.4545455 17.64705882 0)
(563.6363636 17.64705882 0)
(581.8181818 17.64705882 0)
(600 17.64705882 0)
(618.1818182 17.64705882 0)
(636.3636364 17.64705882 0)
(654.5454545 17.64705882 0)
(672.7272727 17.64705882 0)
(690.9090909 17.64705882 0)
(709.0909091 17.64705882 0)
(727.2727273 17.64705882 0)
(745.4545455 17.64705882 0)
(763.6363636 17.64705882 0)
(781.8181818 17.64705882 0)
(800 17.64705882 0)
(818.1818182 17.64705882 0)
(836.3636364 17.64705882 0)
(854.5454545 17.64705882 0)
(872.7272727 17.64705882 0)
(890.9090909 17.64705882 0)
(909.0909091 17.64705882 0)
(927.2727273 17.64705882 0)
(945.4545455 17.64705882 0)
(963.6363636 17.64705882 0)
(981.8181818 17.64705882 0)
(1000 17.64705882 0)
(1018.181818 17.64705882 0)
(1036.363636 17.64705882 0)
(1054.545455 17.64705882 0)
(1072.727273 17.64705882 0)
(1090.909091 17.64705882 0)
(1109.090909 17.64705882 0)
(1127.272727 17.64705882 0)
(1145.454545 17.64705882 0)
(1163.636364 17.64705882 0)
(1181.818182 17.64705882 0)
(1200 17.64705882 0)
(1218.181818 17.64705882 0)
(1236.363636 17.64705882 0)
(1254.545455 17.64705882 0)
(1272.727273 17.64705882 0)
(1290.909091 17.64705882 0)
(1309.090909 17.64705882 0)
(1327.272727 17.64705882 0)
(1345.454545 17.64705882 0)
(1363.636364 17.64705882 0)
(1381.818182 17.64705882 0)
(1400 17.64705882 0)
(1418.181818 17.64705882 0)
(1436.363636 17.64705882 0)
(1454.545455 17.64705882 0)
(1472.727273 17.64705882 0)
(1490.909091 17.64705882 0)
(1509.090909 17.64705882 0)
(1527.272727 17.64705882 0)
(1545.454545 17.64705882 0)
(1563.636364 17.64705882 0)
(1581.818182 17.64705882 0)
(1600 17.64705882 0)
(1618.181818 17.64705882 0)
(1636.363636 17.64705882 0)
(1654.545455 17.64705882 0)
(1672.727273 17.64705882 0)
(1690.909091 17.64705882 0)
(1709.090909 17.64705882 0)
(1727.272727 17.64705882 0)
(1745.454545 17.64705882 0)
(1763.636364 17.64705882 0)
(1781.818182 17.64705882 0)
(1800 17.64705882 0)
(1818.181818 17.64705882 0)
(1836.363636 17.64705882 0)
(1854.545455 17.64705882 0)
(1872.727273 17.64705882 0)
(1890.909091 17.64705882 0)
(1909.090909 17.64705882 0)
(1927.272727 17.64705882 0)
(1945.454545 17.64705882 0)
(1963.636364 17.64705882 0)
(1981.818182 17.64705882 0)
(2000 17.64705882 0)
(0 18.82352941 0)
(18.18181818 18.82352941 0)
(36.36363636 18.82352941 0)
(54.54545455 18.82352941 0)
(72.72727273 18.82352941 0)
(90.90909091 18.82352941 0)
(109.0909091 18.82352941 0)
(127.2727273 18.82352941 0)
(145.4545455 18.82352941 0)
(163.6363636 18.82352941 0)
(181.8181818 18.82352941 0)
(200 18.82352941 0)
(218.1818182 18.82352941 0)
(236.3636364 18.82352941 0)
(254.5454545 18.82352941 0)
(272.7272727 18.82352941 0)
(290.9090909 18.82352941 0)
(309.0909091 18.82352941 0)
(327.2727273 18.82352941 0)
(345.4545455 18.82352941 0)
(363.6363636 18.82352941 0)
(381.8181818 18.82352941 0)
(400 18.82352941 0)
(418.1818182 18.82352941 0)
(436.3636364 18.82352941 0)
(454.5454545 18.82352941 0)
(472.7272727 18.82352941 0)
(490.9090909 18.82352941 0)
(509.0909091 18.82352941 0)
(527.2727273 18.82352941 0)
(545.4545455 18.82352941 0)
(563.6363636 18.82352941 0)
(581.8181818 18.82352941 0)
(600 18.82352941 0)
(618.1818182 18.82352941 0)
(636.3636364 18.82352941 0)
(654.5454545 18.82352941 0)
(672.7272727 18.82352941 0)
(690.9090909 18.82352941 0)
(709.0909091 18.82352941 0)
(727.2727273 18.82352941 0)
(745.4545455 18.82352941 0)
(763.6363636 18.82352941 0)
(781.8181818 18.82352941 0)
(800 18.82352941 0)
(818.1818182 18.82352941 0)
(836.3636364 18.82352941 0)
(854.5454545 18.82352941 0)
(872.7272727 18.82352941 0)
(890.9090909 18.82352941 0)
(909.0909091 18.82352941 0)
(927.2727273 18.82352941 0)
(945.4545455 18.82352941 0)
(963.6363636 18.82352941 0)
(981.8181818 18.82352941 0)
(1000 18.82352941 0)
(1018.181818 18.82352941 0)
(1036.363636 18.82352941 0)
(1054.545455 18.82352941 0)
(1072.727273 18.82352941 0)
(1090.909091 18.82352941 0)
(1109.090909 18.82352941 0)
(1127.272727 18.82352941 0)
(1145.454545 18.82352941 0)
(1163.636364 18.82352941 0)
(1181.818182 18.82352941 0)
(1200 18.82352941 0)
(1218.181818 18.82352941 0)
(1236.363636 18.82352941 0)
(1254.545455 18.82352941 0)
(1272.727273 18.82352941 0)
(1290.909091 18.82352941 0)
(1309.090909 18.82352941 0)
(1327.272727 18.82352941 0)
(1345.454545 18.82352941 0)
(1363.636364 18.82352941 0)
(1381.818182 18.82352941 0)
(1400 18.82352941 0)
(1418.181818 18.82352941 0)
(1436.363636 18.82352941 0)
(1454.545455 18.82352941 0)
(1472.727273 18.82352941 0)
(1490.909091 18.82352941 0)
(1509.090909 18.82352941 0)
(1527.272727 18.82352941 0)
(1545.454545 18.82352941 0)
(1563.636364 18.82352941 0)
(1581.818182 18.82352941 0)
(1600 18.82352941 0)
(1618.181818 18.82352941 0)
(1636.363636 18.82352941 0)
(1654.545455 18.82352941 0)
(1672.727273 18.82352941 0)
(1690.909091 18.82352941 0)
(1709.090909 18.82352941 0)
(1727.272727 18.82352941 0)
(1745.454545 18.82352941 0)
(1763.636364 18.82352941 0)
(1781.818182 18.82352941 0)
(1800 18.82352941 0)
(1818.181818 18.82352941 0)
(1836.363636 18.82352941 0)
(1854.545455 18.82352941 0)
(1872.727273 18.82352941 0)
(1890.909091 18.82352941 0)
(1909.090909 18.82352941 0)
(1927.272727 18.82352941 0)
(1945.454545 18.82352941 0)
(1963.636364 18.82352941 0)
(1981.818182 18.82352941 0)
(2000 18.82352941 0)
(0 20 0)
(18.18181818 20 0)
(36.36363636 20 0)
(54.54545455 20 0)
(72.72727273 20 0)
(90.90909091 20 0)
(109.0909091 20 0)
(127.2727273 20 0)
(145.4545455 20 0)
(163.6363636 20 0)
(181.8181818 20 0)
(200 20 0)
(218.1818182 20 0)
(236.3636364 20 0)
(254.5454545 20 0)
(272.7272727 20 0)
(290.9090909 20 0)
(309.0909091 20 0)
(327.2727273 20 0)
(345.4545455 20 0)
(363.6363636 20 0)
(381.8181818 20 0)
(400 20 0)
(418.1818182 20 0)
(436.3636364 20 0)
(454.5454545 20 0)
(472.7272727 20 0)
(490.9090909 20 0)
(509.0909091 20 0)
(527.2727273 20 0)
(545.4545455 20 0)
(563.6363636 20 0)
(581.8181818 20 0)
(600 20 0)
(618.1818182 20 0)
(636.3636364 20 0)
(654.5454545 20 0)
(672.7272727 20 0)
(690.9090909 20 0)
(709.0909091 20 0)
(727.2727273 20 0)
(745.4545455 20 0)
(763.6363636 20 0)
(781.8181818 20 0)
(800 20 0)
(818.1818182 20 0)
(836.3636364 20 0)
(854.5454545 20 0)
(872.7272727 20 0)
(890.9090909 20 0)
(909.0909091 20 0)
(927.2727273 20 0)
(945.4545455 20 0)
(963.6363636 20 0)
(981.8181818 20 0)
(1000 20 0)
(1018.181818 20 0)
(1036.363636 20 0)
(1054.545455 20 0)
(1072.727273 20 0)
(1090.909091 20 0)
(1109.090909 20 0)
(1127.272727 20 0)
(1145.454545 20 0)
(1163.636364 20 0)
(1181.818182 20 0)
(1200 20 0)
(1218.181818 20 0)
(1236.363636 20 0)
(1254.545455 20 0)
(1272.727273 20 0)
(1290.909091 20 0)
(1309.090909 20 0)
(1327.272727 20 0)
(1345.454545 20 0)
(1363.636364 20 0)
(1381.818182 20 0)
(1400 20 0)
(1418.181818 20 0)
(1436.363636 20 0)
(1454.545455 20 0)
(1472.727273 20 0)
(1490.909091 20 0)
(1509.090909 20 0)
(1527.272727 20 0)
(1545.454545 20 0)
(1563.636364 20 0)
(1581.818182 20 0)
(1600 20 0)
(1618.181818 20 0)
(1636.363636 20 0)
(1654.545455 20 0)
(1672.727273 20 0)
(1690.909091 20 0)
(1709.090909 20 0)
(1727.272727 20 0)
(1745.454545 20 0)
(1763.636364 20 0)
(1781.818182 20 0)
(1800 20 0)
(1818.181818 20 0)
(1836.363636 20 0)
(1854.545455 20 0)
(1872.727273 20 0)
(1890.909091 20 0)
(1909.090909 20 0)
(1927.272727 20 0)
(1945.454545 20 0)
(1963.636364 20 0)
(1981.818182 20 0)
(2000 20 0)
(0 21.17647059 0)
(18.18181818 21.17647059 0)
(36.36363636 21.17647059 0)
(54.54545455 21.17647059 0)
(72.72727273 21.17647059 0)
(90.90909091 21.17647059 0)
(109.0909091 21.17647059 0)
(127.2727273 21.17647059 0)
(145.4545455 21.17647059 0)
(163.6363636 21.17647059 0)
(181.8181818 21.17647059 0)
(200 21.17647059 0)
(218.1818182 21.17647059 0)
(236.3636364 21.17647059 0)
(254.5454545 21.17647059 0)
(272.7272727 21.17647059 0)
(290.9090909 21.17647059 0)
(309.0909091 21.17647059 0)
(327.2727273 21.17647059 0)
(345.4545455 21.17647059 0)
(363.6363636 21.17647059 0)
(381.8181818 21.17647059 0)
(400 21.17647059 0)
(418.1818182 21.17647059 0)
(436.3636364 21.17647059 0)
(454.5454545 21.17647059 0)
(472.7272727 21.17647059 0)
(490.9090909 21.17647059 0)
(509.0909091 21.17647059 0)
(527.2727273 21.17647059 0)
(545.4545455 21.17647059 0)
(563.6363636 21.17647059 0)
(581.8181818 21.17647059 0)
(600 21.17647059 0)
(618.1818182 21.17647059 0)
(636.3636364 21.17647059 0)
(654.5454545 21.17647059 0)
(672.7272727 21.17647059 0)
(690.9090909 21.17647059 0)
(709.0909091 21.17647059 0)
(727.2727273 21.17647059 0)
(745.4545455 21.17647059 0)
(763.6363636 21.17647059 0)
(781.8181818 21.17647059 0)
(800 21.17647059 0)
(818.1818182 21.17647059 0)
(836.3636364 21.17647059 0)
(854.5454545 21.17647059 0)
(872.7272727 21.17647059 0)
(890.9090909 21.17647059 0)
(909.0909091 21.17647059 0)
(927.2727273 21.17647059 0)
(945.4545455 21.17647059 0)
(963.6363636 21.17647059 0)
(981.8181818 21.17647059 0)
(1000 21.17647059 0)
(1018.181818 21.17647059 0)
(1036.363636 21.17647059 0)
(1054.545455 21.17647059 0)
(1072.727273 21.17647059 0)
(1090.909091 21.17647059 0)
(1109.090909 21.17647059 0)
(1127.272727 21.17647059 0)
(1145.454545 21.17647059 0)
(1163.636364 21.17647059 0)
(1181.818182 21.17647059 0)
(1200 21.17647059 0)
(1218.181818 21.17647059 0)
(1236.363636 21.17647059 0)
(1254.545455 21.17647059 0)
(1272.727273 21.17647059 0)
(1290.909091 21.17647059 0)
(1309.090909 21.17647059 0)
(1327.272727 21.17647059 0)
(1345.454545 21.17647059 0)
(1363.636364 21.17647059 0)
(1381.818182 21.17647059 0)
(1400 21.17647059 0)
(1418.181818 21.17647059 0)
(1436.363636 21.17647059 0)
(1454.545455 21.17647059 0)
(1472.727273 21.17647059 0)
(1490.909091 21.17647059 0)
(1509.090909 21.17647059 0)
(1527.272727 21.17647059 0)
(1545.454545 21.17647059 0)
(1563.636364 21.17647059 0)
(1581.818182 21.17647059 0)
(1600 21.17647059 0)
(1618.181818 21.17647059 0)
(1636.363636 21.17647059 0)
(1654.545455 21.17647059 0)
(1672.727273 21.17647059 0)
(1690.909091 21.17647059 0)
(1709.090909 21.17647059 0)
(1727.272727 21.17647059 0)
(1745.454545 21.17647059 0)
(1763.636364 21.17647059 0)
(1781.818182 21.17647059 0)
(1800 21.17647059 0)
(1818.181818 21.17647059 0)
(1836.363636 21.17647059 0)
(1854.545455 21.17647059 0)
(1872.727273 21.17647059 0)
(1890.909091 21.17647059 0)
(1909.090909 21.17647059 0)
(1927.272727 21.17647059 0)
(1945.454545 21.17647059 0)
(1963.636364 21.17647059 0)
(1981.818182 21.17647059 0)
(2000 21.17647059 0)
(0 22.35294118 0)
(18.18181818 22.35294118 0)
(36.36363636 22.35294118 0)
(54.54545455 22.35294118 0)
(72.72727273 22.35294118 0)
(90.90909091 22.35294118 0)
(109.0909091 22.35294118 0)
(127.2727273 22.35294118 0)
(145.4545455 22.35294118 0)
(163.6363636 22.35294118 0)
(181.8181818 22.35294118 0)
(200 22.35294118 0)
(218.1818182 22.35294118 0)
(236.3636364 22.35294118 0)
(254.5454545 22.35294118 0)
(272.7272727 22.35294118 0)
(290.9090909 22.35294118 0)
(309.0909091 22.35294118 0)
(327.2727273 22.35294118 0)
(345.4545455 22.35294118 0)
(363.6363636 22.35294118 0)
(381.8181818 22.35294118 0)
(400 22.35294118 0)
(418.1818182 22.35294118 0)
(436.3636364 22.35294118 0)
(454.5454545 22.35294118 0)
(472.7272727 22.35294118 0)
(490.9090909 22.35294118 0)
(509.0909091 22.35294118 0)
(527.2727273 22.35294118 0)
(545.4545455 22.35294118 0)
(563.6363636 22.35294118 0)
(581.8181818 22.35294118 0)
(600 22.35294118 0)
(618.1818182 22.35294118 0)
(636.3636364 22.35294118 0)
(654.5454545 22.35294118 0)
(672.7272727 22.35294118 0)
(690.9090909 22.35294118 0)
(709.0909091 22.35294118 0)
(727.2727273 22.35294118 0)
(745.4545455 22.35294118 0)
(763.6363636 22.35294118 0)
(781.8181818 22.35294118 0)
(800 22.35294118 0)
(818.1818182 22.35294118 0)
(836.3636364 22.35294118 0)
(854.5454545 22.35294118 0)
(872.7272727 22.35294118 0)
(890.9090909 22.35294118 0)
(909.0909091 22.35294118 0)
(927.2727273 22.35294118 0)
(945.4545455 22.35294118 0)
(963.6363636 22.35294118 0)
(981.8181818 22.35294118 0)
(1000 22.35294118 0)
(1018.181818 22.35294118 0)
(1036.363636 22.35294118 0)
(1054.545455 22.35294118 0)
(1072.727273 22.35294118 0)
(1090.909091 22.35294118 0)
(1109.090909 22.35294118 0)
(1127.272727 22.35294118 0)
(1145.454545 22.35294118 0)
(1163.636364 22.35294118 0)
(1181.818182 22.35294118 0)
(1200 22.35294118 0)
(1218.181818 22.35294118 0)
(1236.363636 22.35294118 0)
(1254.545455 22.35294118 0)
(1272.727273 22.35294118 0)
(1290.909091 22.35294118 0)
(1309.090909 22.35294118 0)
(1327.272727 22.35294118 0)
(1345.454545 22.35294118 0)
(1363.636364 22.35294118 0)
(1381.818182 22.35294118 0)
(1400 22.35294118 0)
(1418.181818 22.35294118 0)
(1436.363636 22.35294118 0)
(1454.545455 22.35294118 0)
(1472.727273 22.35294118 0)
(1490.909091 22.35294118 0)
(1509.090909 22.35294118 0)
(1527.272727 22.35294118 0)
(1545.454545 22.35294118 0)
(1563.636364 22.35294118 0)
(1581.818182 22.35294118 0)
(1600 22.35294118 0)
(1618.181818 22.35294118 0)
(1636.363636 22.35294118 0)
(1654.545455 22.35294118 0)
(1672.727273 22.35294118 0)
(1690.909091 22.35294118 0)
(1709.090909 22.35294118 0)
(1727.272727 22.35294118 0)
(1745.454545 22.35294118 0)
(1763.636364 22.35294118 0)
(1781.818182 22.35294118 0)
(1800 22.35294118 0)
(1818.181818 22.35294118 0)
(1836.363636 22.35294118 0)
(1854.545455 22.35294118 0)
(1872.727273 22.35294118 0)
(1890.909091 22.35294118 0)
(1909.090909 22.35294118 0)
(1927.272727 22.35294118 0)
(1945.454545 22.35294118 0)
(1963.636364 22.35294118 0)
(1981.818182 22.35294118 0)
(2000 22.35294118 0)
(0 23.52941176 0)
(18.18181818 23.52941176 0)
(36.36363636 23.52941176 0)
(54.54545455 23.52941176 0)
(72.72727273 23.52941176 0)
(90.90909091 23.52941176 0)
(109.0909091 23.52941176 0)
(127.2727273 23.52941176 0)
(145.4545455 23.52941176 0)
(163.6363636 23.52941176 0)
(181.8181818 23.52941176 0)
(200 23.52941176 0)
(218.1818182 23.52941176 0)
(236.3636364 23.52941176 0)
(254.5454545 23.52941176 0)
(272.7272727 23.52941176 0)
(290.9090909 23.52941176 0)
(309.0909091 23.52941176 0)
(327.2727273 23.52941176 0)
(345.4545455 23.52941176 0)
(363.6363636 23.52941176 0)
(381.8181818 23.52941176 0)
(400 23.52941176 0)
(418.1818182 23.52941176 0)
(436.3636364 23.52941176 0)
(454.5454545 23.52941176 0)
(472.7272727 23.52941176 0)
(490.9090909 23.52941176 0)
(509.0909091 23.52941176 0)
(527.2727273 23.52941176 0)
(545.4545455 23.52941176 0)
(563.6363636 23.52941176 0)
(581.8181818 23.52941176 0)
(600 23.52941176 0)
(618.1818182 23.52941176 0)
(636.3636364 23.52941176 0)
(654.5454545 23.52941176 0)
(672.7272727 23.52941176 0)
(690.9090909 23.52941176 0)
(709.0909091 23.52941176 0)
(727.2727273 23.52941176 0)
(745.4545455 23.52941176 0)
(763.6363636 23.52941176 0)
(781.8181818 23.52941176 0)
(800 23.52941176 0)
(818.1818182 23.52941176 0)
(836.3636364 23.52941176 0)
(854.5454545 23.52941176 0)
(872.7272727 23.52941176 0)
(890.9090909 23.52941176 0)
(909.0909091 23.52941176 0)
(927.2727273 23.52941176 0)
(945.4545455 23.52941176 0)
(963.6363636 23.52941176 0)
(981.8181818 23.52941176 0)
(1000 23.52941176 0)
(1018.181818 23.52941176 0)
(1036.363636 23.52941176 0)
(1054.545455 23.52941176 0)
(1072.727273 23.52941176 0)
(1090.909091 23.52941176 0)
(1109.090909 23.52941176 0)
(1127.272727 23.52941176 0)
(1145.454545 23.52941176 0)
(1163.636364 23.52941176 0)
(1181.818182 23.52941176 0)
(1200 23.52941176 0)
(1218.181818 23.52941176 0)
(1236.363636 23.52941176 0)
(1254.545455 23.52941176 0)
(1272.727273 23.52941176 0)
(1290.909091 23.52941176 0)
(1309.090909 23.52941176 0)
(1327.272727 23.52941176 0)
(1345.454545 23.52941176 0)
(1363.636364 23.52941176 0)
(1381.818182 23.52941176 0)
(1400 23.52941176 0)
(1418.181818 23.52941176 0)
(1436.363636 23.52941176 0)
(1454.545455 23.52941176 0)
(1472.727273 23.52941176 0)
(1490.909091 23.52941176 0)
(1509.090909 23.52941176 0)
(1527.272727 23.52941176 0)
(1545.454545 23.52941176 0)
(1563.636364 23.52941176 0)
(1581.818182 23.52941176 0)
(1600 23.52941176 0)
(1618.181818 23.52941176 0)
(1636.363636 23.52941176 0)
(1654.545455 23.52941176 0)
(1672.727273 23.52941176 0)
(1690.909091 23.52941176 0)
(1709.090909 23.52941176 0)
(1727.272727 23.52941176 0)
(1745.454545 23.52941176 0)
(1763.636364 23.52941176 0)
(1781.818182 23.52941176 0)
(1800 23.52941176 0)
(1818.181818 23.52941176 0)
(1836.363636 23.52941176 0)
(1854.545455 23.52941176 0)
(1872.727273 23.52941176 0)
(1890.909091 23.52941176 0)
(1909.090909 23.52941176 0)
(1927.272727 23.52941176 0)
(1945.454545 23.52941176 0)
(1963.636364 23.52941176 0)
(1981.818182 23.52941176 0)
(2000 23.52941176 0)
(0 24.70588235 0)
(18.18181818 24.70588235 0)
(36.36363636 24.70588235 0)
(54.54545455 24.70588235 0)
(72.72727273 24.70588235 0)
(90.90909091 24.70588235 0)
(109.0909091 24.70588235 0)
(127.2727273 24.70588235 0)
(145.4545455 24.70588235 0)
(163.6363636 24.70588235 0)
(181.8181818 24.70588235 0)
(200 24.70588235 0)
(218.1818182 24.70588235 0)
(236.3636364 24.70588235 0)
(254.5454545 24.70588235 0)
(272.7272727 24.70588235 0)
(290.9090909 24.70588235 0)
(309.0909091 24.70588235 0)
(327.2727273 24.70588235 0)
(345.4545455 24.70588235 0)
(363.6363636 24.70588235 0)
(381.8181818 24.70588235 0)
(400 24.70588235 0)
(418.1818182 24.70588235 0)
(436.3636364 24.70588235 0)
(454.5454545 24.70588235 0)
(472.7272727 24.70588235 0)
(490.9090909 24.70588235 0)
(509.0909091 24.70588235 0)
(527.2727273 24.70588235 0)
(545.4545455 24.70588235 0)
(563.6363636 24.70588235 0)
(581.8181818 24.70588235 0)
(600 24.70588235 0)
(618.1818182 24.70588235 0)
(636.3636364 24.70588235 0)
(654.5454545 24.70588235 0)
(672.7272727 24.70588235 0)
(690.9090909 24.70588235 0)
(709.0909091 24.70588235 0)
(727.2727273 24.70588235 0)
(745.4545455 24.70588235 0)
(763.6363636 24.70588235 0)
(781.8181818 24.70588235 0)
(800 24.70588235 0)
(818.1818182 24.70588235 0)
(836.3636364 24.70588235 0)
(854.5454545 24.70588235 0)
(872.7272727 24.70588235 0)
(890.9090909 24.70588235 0)
(909.0909091 24.70588235 0)
(927.2727273 24.70588235 0)
(945.4545455 24.70588235 0)
(963.6363636 24.70588235 0)
(981.8181818 24.70588235 0)
(1000 24.70588235 0)
(1018.181818 24.70588235 0)
(1036.363636 24.70588235 0)
(1054.545455 24.70588235 0)
(1072.727273 24.70588235 0)
(1090.909091 24.70588235 0)
(1109.090909 24.70588235 0)
(1127.272727 24.70588235 0)
(1145.454545 24.70588235 0)
(1163.636364 24.70588235 0)
(1181.818182 24.70588235 0)
(1200 24.70588235 0)
(1218.181818 24.70588235 0)
(1236.363636 24.70588235 0)
(1254.545455 24.70588235 0)
(1272.727273 24.70588235 0)
(1290.909091 24.70588235 0)
(1309.090909 24.70588235 0)
(1327.272727 24.70588235 0)
(1345.454545 24.70588235 0)
(1363.636364 24.70588235 0)
(1381.818182 24.70588235 0)
(1400 24.70588235 0)
(1418.181818 24.70588235 0)
(1436.363636 24.70588235 0)
(1454.545455 24.70588235 0)
(1472.727273 24.70588235 0)
(1490.909091 24.70588235 0)
(1509.090909 24.70588235 0)
(1527.272727 24.70588235 0)
(1545.454545 24.70588235 0)
(1563.636364 24.70588235 0)
(1581.818182 24.70588235 0)
(1600 24.70588235 0)
(1618.181818 24.70588235 0)
(1636.363636 24.70588235 0)
(1654.545455 24.70588235 0)
(1672.727273 24.70588235 0)
(1690.909091 24.70588235 0)
(1709.090909 24.70588235 0)
(1727.272727 24.70588235 0)
(1745.454545 24.70588235 0)
(1763.636364 24.70588235 0)
(1781.818182 24.70588235 0)
(1800 24.70588235 0)
(1818.181818 24.70588235 0)
(1836.363636 24.70588235 0)
(1854.545455 24.70588235 0)
(1872.727273 24.70588235 0)
(1890.909091 24.70588235 0)
(1909.090909 24.70588235 0)
(1927.272727 24.70588235 0)
(1945.454545 24.70588235 0)
(1963.636364 24.70588235 0)
(1981.818182 24.70588235 0)
(2000 24.70588235 0)
(0 25.88235294 0)
(18.18181818 25.88235294 0)
(36.36363636 25.88235294 0)
(54.54545455 25.88235294 0)
(72.72727273 25.88235294 0)
(90.90909091 25.88235294 0)
(109.0909091 25.88235294 0)
(127.2727273 25.88235294 0)
(145.4545455 25.88235294 0)
(163.6363636 25.88235294 0)
(181.8181818 25.88235294 0)
(200 25.88235294 0)
(218.1818182 25.88235294 0)
(236.3636364 25.88235294 0)
(254.5454545 25.88235294 0)
(272.7272727 25.88235294 0)
(290.9090909 25.88235294 0)
(309.0909091 25.88235294 0)
(327.2727273 25.88235294 0)
(345.4545455 25.88235294 0)
(363.6363636 25.88235294 0)
(381.8181818 25.88235294 0)
(400 25.88235294 0)
(418.1818182 25.88235294 0)
(436.3636364 25.88235294 0)
(454.5454545 25.88235294 0)
(472.7272727 25.88235294 0)
(490.9090909 25.88235294 0)
(509.0909091 25.88235294 0)
(527.2727273 25.88235294 0)
(545.4545455 25.88235294 0)
(563.6363636 25.88235294 0)
(581.8181818 25.88235294 0)
(600 25.88235294 0)
(618.1818182 25.88235294 0)
(636.3636364 25.88235294 0)
(654.5454545 25.88235294 0)
(672.7272727 25.88235294 0)
(690.9090909 25.88235294 0)
(709.0909091 25.88235294 0)
(727.2727273 25.88235294 0)
(745.4545455 25.88235294 0)
(763.6363636 25.88235294 0)
(781.8181818 25.88235294 0)
(800 25.88235294 0)
(818.1818182 25.88235294 0)
(836.3636364 25.88235294 0)
(854.5454545 25.88235294 0)
(872.7272727 25.88235294 0)
(890.9090909 25.88235294 0)
(909.0909091 25.88235294 0)
(927.2727273 25.88235294 0)
(945.4545455 25.88235294 0)
(963.6363636 25.88235294 0)
(981.8181818 25.88235294 0)
(1000 25.88235294 0)
(1018.181818 25.88235294 0)
(1036.363636 25.88235294 0)
(1054.545455 25.88235294 0)
(1072.727273 25.88235294 0)
(1090.909091 25.88235294 0)
(1109.090909 25.88235294 0)
(1127.272727 25.88235294 0)
(1145.454545 25.88235294 0)
(1163.636364 25.88235294 0)
(1181.818182 25.88235294 0)
(1200 25.88235294 0)
(1218.181818 25.88235294 0)
(1236.363636 25.88235294 0)
(1254.545455 25.88235294 0)
(1272.727273 25.88235294 0)
(1290.909091 25.88235294 0)
(1309.090909 25.88235294 0)
(1327.272727 25.88235294 0)
(1345.454545 25.88235294 0)
(1363.636364 25.88235294 0)
(1381.818182 25.88235294 0)
(1400 25.88235294 0)
(1418.181818 25.88235294 0)
(1436.363636 25.88235294 0)
(1454.545455 25.88235294 0)
(1472.727273 25.88235294 0)
(1490.909091 25.88235294 0)
(1509.090909 25.88235294 0)
(1527.272727 25.88235294 0)
(1545.454545 25.88235294 0)
(1563.636364 25.88235294 0)
(1581.818182 25.88235294 0)
(1600 25.88235294 0)
(1618.181818 25.88235294 0)
(1636.363636 25.88235294 0)
(1654.545455 25.88235294 0)
(1672.727273 25.88235294 0)
(1690.909091 25.88235294 0)
(1709.090909 25.88235294 0)
(1727.272727 25.88235294 0)
(1745.454545 25.88235294 0)
(1763.636364 25.88235294 0)
(1781.818182 25.88235294 0)
(1800 25.88235294 0)
(1818.181818 25.88235294 0)
(1836.363636 25.88235294 0)
(1854.545455 25.88235294 0)
(1872.727273 25.88235294 0)
(1890.909091 25.88235294 0)
(1909.090909 25.88235294 0)
(1927.272727 25.88235294 0)
(1945.454545 25.88235294 0)
(1963.636364 25.88235294 0)
(1981.818182 25.88235294 0)
(2000 25.88235294 0)
(0 27.05882353 0)
(18.18181818 27.05882353 0)
(36.36363636 27.05882353 0)
(54.54545455 27.05882353 0)
(72.72727273 27.05882353 0)
(90.90909091 27.05882353 0)
(109.0909091 27.05882353 0)
(127.2727273 27.05882353 0)
(145.4545455 27.05882353 0)
(163.6363636 27.05882353 0)
(181.8181818 27.05882353 0)
(200 27.05882353 0)
(218.1818182 27.05882353 0)
(236.3636364 27.05882353 0)
(254.5454545 27.05882353 0)
(272.7272727 27.05882353 0)
(290.9090909 27.05882353 0)
(309.0909091 27.05882353 0)
(327.2727273 27.05882353 0)
(345.4545455 27.05882353 0)
(363.6363636 27.05882353 0)
(381.8181818 27.05882353 0)
(400 27.05882353 0)
(418.1818182 27.05882353 0)
(436.3636364 27.05882353 0)
(454.5454545 27.05882353 0)
(472.7272727 27.05882353 0)
(490.9090909 27.05882353 0)
(509.0909091 27.05882353 0)
(527.2727273 27.05882353 0)
(545.4545455 27.05882353 0)
(563.6363636 27.05882353 0)
(581.8181818 27.05882353 0)
(600 27.05882353 0)
(618.1818182 27.05882353 0)
(636.3636364 27.05882353 0)
(654.5454545 27.05882353 0)
(672.7272727 27.05882353 0)
(690.9090909 27.05882353 0)
(709.0909091 27.05882353 0)
(727.2727273 27.05882353 0)
(745.4545455 27.05882353 0)
(763.6363636 27.05882353 0)
(781.8181818 27.05882353 0)
(800 27.05882353 0)
(818.1818182 27.05882353 0)
(836.3636364 27.05882353 0)
(854.5454545 27.05882353 0)
(872.7272727 27.05882353 0)
(890.9090909 27.05882353 0)
(909.0909091 27.05882353 0)
(927.2727273 27.05882353 0)
(945.4545455 27.05882353 0)
(963.6363636 27.05882353 0)
(981.8181818 27.05882353 0)
(1000 27.05882353 0)
(1018.181818 27.05882353 0)
(1036.363636 27.05882353 0)
(1054.545455 27.05882353 0)
(1072.727273 27.05882353 0)
(1090.909091 27.05882353 0)
(1109.090909 27.05882353 0)
(1127.272727 27.05882353 0)
(1145.454545 27.05882353 0)
(1163.636364 27.05882353 0)
(1181.818182 27.05882353 0)
(1200 27.05882353 0)
(1218.181818 27.05882353 0)
(1236.363636 27.05882353 0)
(1254.545455 27.05882353 0)
(1272.727273 27.05882353 0)
(1290.909091 27.05882353 0)
(1309.090909 27.05882353 0)
(1327.272727 27.05882353 0)
(1345.454545 27.05882353 0)
(1363.636364 27.05882353 0)
(1381.818182 27.05882353 0)
(1400 27.05882353 0)
(1418.181818 27.05882353 0)
(1436.363636 27.05882353 0)
(1454.545455 27.05882353 0)
(1472.727273 27.05882353 0)
(1490.909091 27.05882353 0)
(1509.090909 27.05882353 0)
(1527.272727 27.05882353 0)
(1545.454545 27.05882353 0)
(1563.636364 27.05882353 0)
(1581.818182 27.05882353 0)
(1600 27.05882353 0)
(1618.181818 27.05882353 0)
(1636.363636 27.05882353 0)
(1654.545455 27.05882353 0)
(1672.727273 27.05882353 0)
(1690.909091 27.05882353 0)
(1709.090909 27.05882353 0)
(1727.272727 27.05882353 0)
(1745.454545 27.05882353 0)
(1763.636364 27.05882353 0)
(1781.818182 27.05882353 0)
(1800 27.05882353 0)
(1818.181818 27.05882353 0)
(1836.363636 27.05882353 0)
(1854.545455 27.05882353 0)
(1872.727273 27.05882353 0)
(1890.909091 27.05882353 0)
(1909.090909 27.05882353 0)
(1927.272727 27.05882353 0)
(1945.454545 27.05882353 0)
(1963.636364 27.05882353 0)
(1981.818182 27.05882353 0)
(2000 27.05882353 0)
(0 28.23529412 0)
(18.18181818 28.23529412 0)
(36.36363636 28.23529412 0)
(54.54545455 28.23529412 0)
(72.72727273 28.23529412 0)
(90.90909091 28.23529412 0)
(109.0909091 28.23529412 0)
(127.2727273 28.23529412 0)
(145.4545455 28.23529412 0)
(163.6363636 28.23529412 0)
(181.8181818 28.23529412 0)
(200 28.23529412 0)
(218.1818182 28.23529412 0)
(236.3636364 28.23529412 0)
(254.5454545 28.23529412 0)
(272.7272727 28.23529412 0)
(290.9090909 28.23529412 0)
(309.0909091 28.23529412 0)
(327.2727273 28.23529412 0)
(345.4545455 28.23529412 0)
(363.6363636 28.23529412 0)
(381.8181818 28.23529412 0)
(400 28.23529412 0)
(418.1818182 28.23529412 0)
(436.3636364 28.23529412 0)
(454.5454545 28.23529412 0)
(472.7272727 28.23529412 0)
(490.9090909 28.23529412 0)
(509.0909091 28.23529412 0)
(527.2727273 28.23529412 0)
(545.4545455 28.23529412 0)
(563.6363636 28.23529412 0)
(581.8181818 28.23529412 0)
(600 28.23529412 0)
(618.1818182 28.23529412 0)
(636.3636364 28.23529412 0)
(654.5454545 28.23529412 0)
(672.7272727 28.23529412 0)
(690.9090909 28.23529412 0)
(709.0909091 28.23529412 0)
(727.2727273 28.23529412 0)
(745.4545455 28.23529412 0)
(763.6363636 28.23529412 0)
(781.8181818 28.23529412 0)
(800 28.23529412 0)
(818.1818182 28.23529412 0)
(836.3636364 28.23529412 0)
(854.5454545 28.23529412 0)
(872.7272727 28.23529412 0)
(890.9090909 28.23529412 0)
(909.0909091 28.23529412 0)
(927.2727273 28.23529412 0)
(945.4545455 28.23529412 0)
(963.6363636 28.23529412 0)
(981.8181818 28.23529412 0)
(1000 28.23529412 0)
(1018.181818 28.23529412 0)
(1036.363636 28.23529412 0)
(1054.545455 28.23529412 0)
(1072.727273 28.23529412 0)
(1090.909091 28.23529412 0)
(1109.090909 28.23529412 0)
(1127.272727 28.23529412 0)
(1145.454545 28.23529412 0)
(1163.636364 28.23529412 0)
(1181.818182 28.23529412 0)
(1200 28.23529412 0)
(1218.181818 28.23529412 0)
(1236.363636 28.23529412 0)
(1254.545455 28.23529412 0)
(1272.727273 28.23529412 0)
(1290.909091 28.23529412 0)
(1309.090909 28.23529412 0)
(1327.272727 28.23529412 0)
(1345.454545 28.23529412 0)
(1363.636364 28.23529412 0)
(1381.818182 28.23529412 0)
(1400 28.23529412 0)
(1418.181818 28.23529412 0)
(1436.363636 28.23529412 0)
(1454.545455 28.23529412 0)
(1472.727273 28.23529412 0)
(1490.909091 28.23529412 0)
(1509.090909 28.23529412 0)
(1527.272727 28.23529412 0)
(1545.454545 28.23529412 0)
(1563.636364 28.23529412 0)
(1581.818182 28.23529412 0)
(1600 28.23529412 0)
(1618.181818 28.23529412 0)
(1636.363636 28.23529412 0)
(1654.545455 28.23529412 0)
(1672.727273 28.23529412 0)
(1690.909091 28.23529412 0)
(1709.090909 28.23529412 0)
(1727.272727 28.23529412 0)
(1745.454545 28.23529412 0)
(1763.636364 28.23529412 0)
(1781.818182 28.23529412 0)
(1800 28.23529412 0)
(1818.181818 28.23529412 0)
(1836.363636 28.23529412 0)
(1854.545455 28.23529412 0)
(1872.727273 28.23529412 0)
(1890.909091 28.23529412 0)
(1909.090909 28.23529412 0)
(1927.272727 28.23529412 0)
(1945.454545 28.23529412 0)
(1963.636364 28.23529412 0)
(1981.818182 28.23529412 0)
(2000 28.23529412 0)
(0 29.41176471 0)
(18.18181818 29.41176471 0)
(36.36363636 29.41176471 0)
(54.54545455 29.41176471 0)
(72.72727273 29.41176471 0)
(90.90909091 29.41176471 0)
(109.0909091 29.41176471 0)
(127.2727273 29.41176471 0)
(145.4545455 29.41176471 0)
(163.6363636 29.41176471 0)
(181.8181818 29.41176471 0)
(200 29.41176471 0)
(218.1818182 29.41176471 0)
(236.3636364 29.41176471 0)
(254.5454545 29.41176471 0)
(272.7272727 29.41176471 0)
(290.9090909 29.41176471 0)
(309.0909091 29.41176471 0)
(327.2727273 29.41176471 0)
(345.4545455 29.41176471 0)
(363.6363636 29.41176471 0)
(381.8181818 29.41176471 0)
(400 29.41176471 0)
(418.1818182 29.41176471 0)
(436.3636364 29.41176471 0)
(454.5454545 29.41176471 0)
(472.7272727 29.41176471 0)
(490.9090909 29.41176471 0)
(509.0909091 29.41176471 0)
(527.2727273 29.41176471 0)
(545.4545455 29.41176471 0)
(563.6363636 29.41176471 0)
(581.8181818 29.41176471 0)
(600 29.41176471 0)
(618.1818182 29.41176471 0)
(636.3636364 29.41176471 0)
(654.5454545 29.41176471 0)
(672.7272727 29.41176471 0)
(690.9090909 29.41176471 0)
(709.0909091 29.41176471 0)
(727.2727273 29.41176471 0)
(745.4545455 29.41176471 0)
(763.6363636 29.41176471 0)
(781.8181818 29.41176471 0)
(800 29.41176471 0)
(818.1818182 29.41176471 0)
(836.3636364 29.41176471 0)
(854.5454545 29.41176471 0)
(872.7272727 29.41176471 0)
(890.9090909 29.41176471 0)
(909.0909091 29.41176471 0)
(927.2727273 29.41176471 0)
(945.4545455 29.41176471 0)
(963.6363636 29.41176471 0)
(981.8181818 29.41176471 0)
(1000 29.41176471 0)
(1018.181818 29.41176471 0)
(1036.363636 29.41176471 0)
(1054.545455 29.41176471 0)
(1072.727273 29.41176471 0)
(1090.909091 29.41176471 0)
(1109.090909 29.41176471 0)
(1127.272727 29.41176471 0)
(1145.454545 29.41176471 0)
(1163.636364 29.41176471 0)
(1181.818182 29.41176471 0)
(1200 29.41176471 0)
(1218.181818 29.41176471 0)
(1236.363636 29.41176471 0)
(1254.545455 29.41176471 0)
(1272.727273 29.41176471 0)
(1290.909091 29.41176471 0)
(1309.090909 29.41176471 0)
(1327.272727 29.41176471 0)
(1345.454545 29.41176471 0)
(1363.636364 29.41176471 0)
(1381.818182 29.41176471 0)
(1400 29.41176471 0)
(1418.181818 29.41176471 0)
(1436.363636 29.41176471 0)
(1454.545455 29.41176471 0)
(1472.727273 29.41176471 0)
(1490.909091 29.41176471 0)
(1509.090909 29.41176471 0)
(1527.272727 29.41176471 0)
(1545.454545 29.41176471 0)
(1563.636364 29.41176471 0)
(1581.818182 29.41176471 0)
(1600 29.41176471 0)
(1618.181818 29.41176471 0)
(1636.363636 29.41176471 0)
(1654.545455 29.41176471 0)
(1672.727273 29.41176471 0)
(1690.909091 29.41176471 0)
(1709.090909 29.41176471 0)
(1727.272727 29.41176471 0)
(1745.454545 29.41176471 0)
(1763.636364 29.41176471 0)
(1781.818182 29.41176471 0)
(1800 29.41176471 0)
(1818.181818 29.41176471 0)
(1836.363636 29.41176471 0)
(1854.545455 29.41176471 0)
(1872.727273 29.41176471 0)
(1890.909091 29.41176471 0)
(1909.090909 29.41176471 0)
(1927.272727 29.41176471 0)
(1945.454545 29.41176471 0)
(1963.636364 29.41176471 0)
(1981.818182 29.41176471 0)
(2000 29.41176471 0)
(0 30.58823529 0)
(18.18181818 30.58823529 0)
(36.36363636 30.58823529 0)
(54.54545455 30.58823529 0)
(72.72727273 30.58823529 0)
(90.90909091 30.58823529 0)
(109.0909091 30.58823529 0)
(127.2727273 30.58823529 0)
(145.4545455 30.58823529 0)
(163.6363636 30.58823529 0)
(181.8181818 30.58823529 0)
(200 30.58823529 0)
(218.1818182 30.58823529 0)
(236.3636364 30.58823529 0)
(254.5454545 30.58823529 0)
(272.7272727 30.58823529 0)
(290.9090909 30.58823529 0)
(309.0909091 30.58823529 0)
(327.2727273 30.58823529 0)
(345.4545455 30.58823529 0)
(363.6363636 30.58823529 0)
(381.8181818 30.58823529 0)
(400 30.58823529 0)
(418.1818182 30.58823529 0)
(436.3636364 30.58823529 0)
(454.5454545 30.58823529 0)
(472.7272727 30.58823529 0)
(490.9090909 30.58823529 0)
(509.0909091 30.58823529 0)
(527.2727273 30.58823529 0)
(545.4545455 30.58823529 0)
(563.6363636 30.58823529 0)
(581.8181818 30.58823529 0)
(600 30.58823529 0)
(618.1818182 30.58823529 0)
(636.3636364 30.58823529 0)
(654.5454545 30.58823529 0)
(672.7272727 30.58823529 0)
(690.9090909 30.58823529 0)
(709.0909091 30.58823529 0)
(727.2727273 30.58823529 0)
(745.4545455 30.58823529 0)
(763.6363636 30.58823529 0)
(781.8181818 30.58823529 0)
(800 30.58823529 0)
(818.1818182 30.58823529 0)
(836.3636364 30.58823529 0)
(854.5454545 30.58823529 0)
(872.7272727 30.58823529 0)
(890.9090909 30.58823529 0)
(909.0909091 30.58823529 0)
(927.2727273 30.58823529 0)
(945.4545455 30.58823529 0)
(963.6363636 30.58823529 0)
(981.8181818 30.58823529 0)
(1000 30.58823529 0)
(1018.181818 30.58823529 0)
(1036.363636 30.58823529 0)
(1054.545455 30.58823529 0)
(1072.727273 30.58823529 0)
(1090.909091 30.58823529 0)
(1109.090909 30.58823529 0)
(1127.272727 30.58823529 0)
(1145.454545 30.58823529 0)
(1163.636364 30.58823529 0)
(1181.818182 30.58823529 0)
(1200 30.58823529 0)
(1218.181818 30.58823529 0)
(1236.363636 30.58823529 0)
(1254.545455 30.58823529 0)
(1272.727273 30.58823529 0)
(1290.909091 30.58823529 0)
(1309.090909 30.58823529 0)
(1327.272727 30.58823529 0)
(1345.454545 30.58823529 0)
(1363.636364 30.58823529 0)
(1381.818182 30.58823529 0)
(1400 30.58823529 0)
(1418.181818 30.58823529 0)
(1436.363636 30.58823529 0)
(1454.545455 30.58823529 0)
(1472.727273 30.58823529 0)
(1490.909091 30.58823529 0)
(1509.090909 30.58823529 0)
(1527.272727 30.58823529 0)
(1545.454545 30.58823529 0)
(1563.636364 30.58823529 0)
(1581.818182 30.58823529 0)
(1600 30.58823529 0)
(1618.181818 30.58823529 0)
(1636.363636 30.58823529 0)
(1654.545455 30.58823529 0)
(1672.727273 30.58823529 0)
(1690.909091 30.58823529 0)
(1709.090909 30.58823529 0)
(1727.272727 30.58823529 0)
(1745.454545 30.58823529 0)
(1763.636364 30.58823529 0)
(1781.818182 30.58823529 0)
(1800 30.58823529 0)
(1818.181818 30.58823529 0)
(1836.363636 30.58823529 0)
(1854.545455 30.58823529 0)
(1872.727273 30.58823529 0)
(1890.909091 30.58823529 0)
(1909.090909 30.58823529 0)
(1927.272727 30.58823529 0)
(1945.454545 30.58823529 0)
(1963.636364 30.58823529 0)
(1981.818182 30.58823529 0)
(2000 30.58823529 0)
(0 31.76470588 0)
(18.18181818 31.76470588 0)
(36.36363636 31.76470588 0)
(54.54545455 31.76470588 0)
(72.72727273 31.76470588 0)
(90.90909091 31.76470588 0)
(109.0909091 31.76470588 0)
(127.2727273 31.76470588 0)
(145.4545455 31.76470588 0)
(163.6363636 31.76470588 0)
(181.8181818 31.76470588 0)
(200 31.76470588 0)
(218.1818182 31.76470588 0)
(236.3636364 31.76470588 0)
(254.5454545 31.76470588 0)
(272.7272727 31.76470588 0)
(290.9090909 31.76470588 0)
(309.0909091 31.76470588 0)
(327.2727273 31.76470588 0)
(345.4545455 31.76470588 0)
(363.6363636 31.76470588 0)
(381.8181818 31.76470588 0)
(400 31.76470588 0)
(418.1818182 31.76470588 0)
(436.3636364 31.76470588 0)
(454.5454545 31.76470588 0)
(472.7272727 31.76470588 0)
(490.9090909 31.76470588 0)
(509.0909091 31.76470588 0)
(527.2727273 31.76470588 0)
(545.4545455 31.76470588 0)
(563.6363636 31.76470588 0)
(581.8181818 31.76470588 0)
(600 31.76470588 0)
(618.1818182 31.76470588 0)
(636.3636364 31.76470588 0)
(654.5454545 31.76470588 0)
(672.7272727 31.76470588 0)
(690.9090909 31.76470588 0)
(709.0909091 31.76470588 0)
(727.2727273 31.76470588 0)
(745.4545455 31.76470588 0)
(763.6363636 31.76470588 0)
(781.8181818 31.76470588 0)
(800 31.76470588 0)
(818.1818182 31.76470588 0)
(836.3636364 31.76470588 0)
(854.5454545 31.76470588 0)
(872.7272727 31.76470588 0)
(890.9090909 31.76470588 0)
(909.0909091 31.76470588 0)
(927.2727273 31.76470588 0)
(945.4545455 31.76470588 0)
(963.6363636 31.76470588 0)
(981.8181818 31.76470588 0)
(1000 31.76470588 0)
(1018.181818 31.76470588 0)
(1036.363636 31.76470588 0)
(1054.545455 31.76470588 0)
(1072.727273 31.76470588 0)
(1090.909091 31.76470588 0)
(1109.090909 31.76470588 0)
(1127.272727 31.76470588 0)
(1145.454545 31.76470588 0)
(1163.636364 31.76470588 0)
(1181.818182 31.76470588 0)
(1200 31.76470588 0)
(1218.181818 31.76470588 0)
(1236.363636 31.76470588 0)
(1254.545455 31.76470588 0)
(1272.727273 31.76470588 0)
(1290.909091 31.76470588 0)
(1309.090909 31.76470588 0)
(1327.272727 31.76470588 0)
(1345.454545 31.76470588 0)
(1363.636364 31.76470588 0)
(1381.818182 31.76470588 0)
(1400 31.76470588 0)
(1418.181818 31.76470588 0)
(1436.363636 31.76470588 0)
(1454.545455 31.76470588 0)
(1472.727273 31.76470588 0)
(1490.909091 31.76470588 0)
(1509.090909 31.76470588 0)
(1527.272727 31.76470588 0)
(1545.454545 31.76470588 0)
(1563.636364 31.76470588 0)
(1581.818182 31.76470588 0)
(1600 31.76470588 0)
(1618.181818 31.76470588 0)
(1636.363636 31.76470588 0)
(1654.545455 31.76470588 0)
(1672.727273 31.76470588 0)
(1690.909091 31.76470588 0)
(1709.090909 31.76470588 0)
(1727.272727 31.76470588 0)
(1745.454545 31.76470588 0)
(1763.636364 31.76470588 0)
(1781.818182 31.76470588 0)
(1800 31.76470588 0)
(1818.181818 31.76470588 0)
(1836.363636 31.76470588 0)
(1854.545455 31.76470588 0)
(1872.727273 31.76470588 0)
(1890.909091 31.76470588 0)
(1909.090909 31.76470588 0)
(1927.272727 31.76470588 0)
(1945.454545 31.76470588 0)
(1963.636364 31.76470588 0)
(1981.818182 31.76470588 0)
(2000 31.76470588 0)
(0 32.94117647 0)
(18.18181818 32.94117647 0)
(36.36363636 32.94117647 0)
(54.54545455 32.94117647 0)
(72.72727273 32.94117647 0)
(90.90909091 32.94117647 0)
(109.0909091 32.94117647 0)
(127.2727273 32.94117647 0)
(145.4545455 32.94117647 0)
(163.6363636 32.94117647 0)
(181.8181818 32.94117647 0)
(200 32.94117647 0)
(218.1818182 32.94117647 0)
(236.3636364 32.94117647 0)
(254.5454545 32.94117647 0)
(272.7272727 32.94117647 0)
(290.9090909 32.94117647 0)
(309.0909091 32.94117647 0)
(327.2727273 32.94117647 0)
(345.4545455 32.94117647 0)
(363.6363636 32.94117647 0)
(381.8181818 32.94117647 0)
(400 32.94117647 0)
(418.1818182 32.94117647 0)
(436.3636364 32.94117647 0)
(454.5454545 32.94117647 0)
(472.7272727 32.94117647 0)
(490.9090909 32.94117647 0)
(509.0909091 32.94117647 0)
(527.2727273 32.94117647 0)
(545.4545455 32.94117647 0)
(563.6363636 32.94117647 0)
(581.8181818 32.94117647 0)
(600 32.94117647 0)
(618.1818182 32.94117647 0)
(636.3636364 32.94117647 0)
(654.5454545 32.94117647 0)
(672.7272727 32.94117647 0)
(690.9090909 32.94117647 0)
(709.0909091 32.94117647 0)
(727.2727273 32.94117647 0)
(745.4545455 32.94117647 0)
(763.6363636 32.94117647 0)
(781.8181818 32.94117647 0)
(800 32.94117647 0)
(818.1818182 32.94117647 0)
(836.3636364 32.94117647 0)
(854.5454545 32.94117647 0)
(872.7272727 32.94117647 0)
(890.9090909 32.94117647 0)
(909.0909091 32.94117647 0)
(927.2727273 32.94117647 0)
(945.4545455 32.94117647 0)
(963.6363636 32.94117647 0)
(981.8181818 32.94117647 0)
(1000 32.94117647 0)
(1018.181818 32.94117647 0)
(1036.363636 32.94117647 0)
(1054.545455 32.94117647 0)
(1072.727273 32.94117647 0)
(1090.909091 32.94117647 0)
(1109.090909 32.94117647 0)
(1127.272727 32.94117647 0)
(1145.454545 32.94117647 0)
(1163.636364 32.94117647 0)
(1181.818182 32.94117647 0)
(1200 32.94117647 0)
(1218.181818 32.94117647 0)
(1236.363636 32.94117647 0)
(1254.545455 32.94117647 0)
(1272.727273 32.94117647 0)
(1290.909091 32.94117647 0)
(1309.090909 32.94117647 0)
(1327.272727 32.94117647 0)
(1345.454545 32.94117647 0)
(1363.636364 32.94117647 0)
(1381.818182 32.94117647 0)
(1400 32.94117647 0)
(1418.181818 32.94117647 0)
(1436.363636 32.94117647 0)
(1454.545455 32.94117647 0)
(1472.727273 32.94117647 0)
(1490.909091 32.94117647 0)
(1509.090909 32.94117647 0)
(1527.272727 32.94117647 0)
(1545.454545 32.94117647 0)
(1563.636364 32.94117647 0)
(1581.818182 32.94117647 0)
(1600 32.94117647 0)
(1618.181818 32.94117647 0)
(1636.363636 32.94117647 0)
(1654.545455 32.94117647 0)
(1672.727273 32.94117647 0)
(1690.909091 32.94117647 0)
(1709.090909 32.94117647 0)
(1727.272727 32.94117647 0)
(1745.454545 32.94117647 0)
(1763.636364 32.94117647 0)
(1781.818182 32.94117647 0)
(1800 32.94117647 0)
(1818.181818 32.94117647 0)
(1836.363636 32.94117647 0)
(1854.545455 32.94117647 0)
(1872.727273 32.94117647 0)
(1890.909091 32.94117647 0)
(1909.090909 32.94117647 0)
(1927.272727 32.94117647 0)
(1945.454545 32.94117647 0)
(1963.636364 32.94117647 0)
(1981.818182 32.94117647 0)
(2000 32.94117647 0)
(0 34.11764706 0)
(18.18181818 34.11764706 0)
(36.36363636 34.11764706 0)
(54.54545455 34.11764706 0)
(72.72727273 34.11764706 0)
(90.90909091 34.11764706 0)
(109.0909091 34.11764706 0)
(127.2727273 34.11764706 0)
(145.4545455 34.11764706 0)
(163.6363636 34.11764706 0)
(181.8181818 34.11764706 0)
(200 34.11764706 0)
(218.1818182 34.11764706 0)
(236.3636364 34.11764706 0)
(254.5454545 34.11764706 0)
(272.7272727 34.11764706 0)
(290.9090909 34.11764706 0)
(309.0909091 34.11764706 0)
(327.2727273 34.11764706 0)
(345.4545455 34.11764706 0)
(363.6363636 34.11764706 0)
(381.8181818 34.11764706 0)
(400 34.11764706 0)
(418.1818182 34.11764706 0)
(436.3636364 34.11764706 0)
(454.5454545 34.11764706 0)
(472.7272727 34.11764706 0)
(490.9090909 34.11764706 0)
(509.0909091 34.11764706 0)
(527.2727273 34.11764706 0)
(545.4545455 34.11764706 0)
(563.6363636 34.11764706 0)
(581.8181818 34.11764706 0)
(600 34.11764706 0)
(618.1818182 34.11764706 0)
(636.3636364 34.11764706 0)
(654.5454545 34.11764706 0)
(672.7272727 34.11764706 0)
(690.9090909 34.11764706 0)
(709.0909091 34.11764706 0)
(727.2727273 34.11764706 0)
(745.4545455 34.11764706 0)
(763.6363636 34.11764706 0)
(781.8181818 34.11764706 0)
(800 34.11764706 0)
(818.1818182 34.11764706 0)
(836.3636364 34.11764706 0)
(854.5454545 34.11764706 0)
(872.7272727 34.11764706 0)
(890.9090909 34.11764706 0)
(909.0909091 34.11764706 0)
(927.2727273 34.11764706 0)
(945.4545455 34.11764706 0)
(963.6363636 34.11764706 0)
(981.8181818 34.11764706 0)
(1000 34.11764706 0)
(1018.181818 34.11764706 0)
(1036.363636 34.11764706 0)
(1054.545455 34.11764706 0)
(1072.727273 34.11764706 0)
(1090.909091 34.11764706 0)
(1109.090909 34.11764706 0)
(1127.272727 34.11764706 0)
(1145.454545 34.11764706 0)
(1163.636364 34.11764706 0)
(1181.818182 34.11764706 0)
(1200 34.11764706 0)
(1218.181818 34.11764706 0)
(1236.363636 34.11764706 0)
(1254.545455 34.11764706 0)
(1272.727273 34.11764706 0)
(1290.909091 34.11764706 0)
(1309.090909 34.11764706 0)
(1327.272727 34.11764706 0)
(1345.454545 34.11764706 0)
(1363.636364 34.11764706 0)
(1381.818182 34.11764706 0)
(1400 34.11764706 0)
(1418.181818 34.11764706 0)
(1436.363636 34.11764706 0)
(1454.545455 34.11764706 0)
(1472.727273 34.11764706 0)
(1490.909091 34.11764706 0)
(1509.090909 34.11764706 0)
(1527.272727 34.11764706 0)
(1545.454545 34.11764706 0)
(1563.636364 34.11764706 0)
(1581.818182 34.11764706 0)
(1600 34.11764706 0)
(1618.181818 34.11764706 0)
(1636.363636 34.11764706 0)
(1654.545455 34.11764706 0)
(1672.727273 34.11764706 0)
(1690.909091 34.11764706 0)
(1709.090909 34.11764706 0)
(1727.272727 34.11764706 0)
(1745.454545 34.11764706 0)
(1763.636364 34.11764706 0)
(1781.818182 34.11764706 0)
(1800 34.11764706 0)
(1818.181818 34.11764706 0)
(1836.363636 34.11764706 0)
(1854.545455 34.11764706 0)
(1872.727273 34.11764706 0)
(1890.909091 34.11764706 0)
(1909.090909 34.11764706 0)
(1927.272727 34.11764706 0)
(1945.454545 34.11764706 0)
(1963.636364 34.11764706 0)
(1981.818182 34.11764706 0)
(2000 34.11764706 0)
(0 35.29411765 0)
(18.18181818 35.29411765 0)
(36.36363636 35.29411765 0)
(54.54545455 35.29411765 0)
(72.72727273 35.29411765 0)
(90.90909091 35.29411765 0)
(109.0909091 35.29411765 0)
(127.2727273 35.29411765 0)
(145.4545455 35.29411765 0)
(163.6363636 35.29411765 0)
(181.8181818 35.29411765 0)
(200 35.29411765 0)
(218.1818182 35.29411765 0)
(236.3636364 35.29411765 0)
(254.5454545 35.29411765 0)
(272.7272727 35.29411765 0)
(290.9090909 35.29411765 0)
(309.0909091 35.29411765 0)
(327.2727273 35.29411765 0)
(345.4545455 35.29411765 0)
(363.6363636 35.29411765 0)
(381.8181818 35.29411765 0)
(400 35.29411765 0)
(418.1818182 35.29411765 0)
(436.3636364 35.29411765 0)
(454.5454545 35.29411765 0)
(472.7272727 35.29411765 0)
(490.9090909 35.29411765 0)
(509.0909091 35.29411765 0)
(527.2727273 35.29411765 0)
(545.4545455 35.29411765 0)
(563.6363636 35.29411765 0)
(581.8181818 35.29411765 0)
(600 35.29411765 0)
(618.1818182 35.29411765 0)
(636.3636364 35.29411765 0)
(654.5454545 35.29411765 0)
(672.7272727 35.29411765 0)
(690.9090909 35.29411765 0)
(709.0909091 35.29411765 0)
(727.2727273 35.29411765 0)
(745.4545455 35.29411765 0)
(763.6363636 35.29411765 0)
(781.8181818 35.29411765 0)
(800 35.29411765 0)
(818.1818182 35.29411765 0)
(836.3636364 35.29411765 0)
(854.5454545 35.29411765 0)
(872.7272727 35.29411765 0)
(890.9090909 35.29411765 0)
(909.0909091 35.29411765 0)
(927.2727273 35.29411765 0)
(945.4545455 35.29411765 0)
(963.6363636 35.29411765 0)
(981.8181818 35.29411765 0)
(1000 35.29411765 0)
(1018.181818 35.29411765 0)
(1036.363636 35.29411765 0)
(1054.545455 35.29411765 0)
(1072.727273 35.29411765 0)
(1090.909091 35.29411765 0)
(1109.090909 35.29411765 0)
(1127.272727 35.29411765 0)
(1145.454545 35.29411765 0)
(1163.636364 35.29411765 0)
(1181.818182 35.29411765 0)
(1200 35.29411765 0)
(1218.181818 35.29411765 0)
(1236.363636 35.29411765 0)
(1254.545455 35.29411765 0)
(1272.727273 35.29411765 0)
(1290.909091 35.29411765 0)
(1309.090909 35.29411765 0)
(1327.272727 35.29411765 0)
(1345.454545 35.29411765 0)
(1363.636364 35.29411765 0)
(1381.818182 35.29411765 0)
(1400 35.29411765 0)
(1418.181818 35.29411765 0)
(1436.363636 35.29411765 0)
(1454.545455 35.29411765 0)
(1472.727273 35.29411765 0)
(1490.909091 35.29411765 0)
(1509.090909 35.29411765 0)
(1527.272727 35.29411765 0)
(1545.454545 35.29411765 0)
(1563.636364 35.29411765 0)
(1581.818182 35.29411765 0)
(1600 35.29411765 0)
(1618.181818 35.29411765 0)
(1636.363636 35.29411765 0)
(1654.545455 35.29411765 0)
(1672.727273 35.29411765 0)
(1690.909091 35.29411765 0)
(1709.090909 35.29411765 0)
(1727.272727 35.29411765 0)
(1745.454545 35.29411765 0)
(1763.636364 35.29411765 0)
(1781.818182 35.29411765 0)
(1800 35.29411765 0)
(1818.181818 35.29411765 0)
(1836.363636 35.29411765 0)
(1854.545455 35.29411765 0)
(1872.727273 35.29411765 0)
(1890.909091 35.29411765 0)
(1909.090909 35.29411765 0)
(1927.272727 35.29411765 0)
(1945.454545 35.29411765 0)
(1963.636364 35.29411765 0)
(1981.818182 35.29411765 0)
(2000 35.29411765 0)
(0 36.47058824 0)
(18.18181818 36.47058824 0)
(36.36363636 36.47058824 0)
(54.54545455 36.47058824 0)
(72.72727273 36.47058824 0)
(90.90909091 36.47058824 0)
(109.0909091 36.47058824 0)
(127.2727273 36.47058824 0)
(145.4545455 36.47058824 0)
(163.6363636 36.47058824 0)
(181.8181818 36.47058824 0)
(200 36.47058824 0)
(218.1818182 36.47058824 0)
(236.3636364 36.47058824 0)
(254.5454545 36.47058824 0)
(272.7272727 36.47058824 0)
(290.9090909 36.47058824 0)
(309.0909091 36.47058824 0)
(327.2727273 36.47058824 0)
(345.4545455 36.47058824 0)
(363.6363636 36.47058824 0)
(381.8181818 36.47058824 0)
(400 36.47058824 0)
(418.1818182 36.47058824 0)
(436.3636364 36.47058824 0)
(454.5454545 36.47058824 0)
(472.7272727 36.47058824 0)
(490.9090909 36.47058824 0)
(509.0909091 36.47058824 0)
(527.2727273 36.47058824 0)
(545.4545455 36.47058824 0)
(563.6363636 36.47058824 0)
(581.8181818 36.47058824 0)
(600 36.47058824 0)
(618.1818182 36.47058824 0)
(636.3636364 36.47058824 0)
(654.5454545 36.47058824 0)
(672.7272727 36.47058824 0)
(690.9090909 36.47058824 0)
(709.0909091 36.47058824 0)
(727.2727273 36.47058824 0)
(745.4545455 36.47058824 0)
(763.6363636 36.47058824 0)
(781.8181818 36.47058824 0)
(800 36.47058824 0)
(818.1818182 36.47058824 0)
(836.3636364 36.47058824 0)
(854.5454545 36.47058824 0)
(872.7272727 36.47058824 0)
(890.9090909 36.47058824 0)
(909.0909091 36.47058824 0)
(927.2727273 36.47058824 0)
(945.4545455 36.47058824 0)
(963.6363636 36.47058824 0)
(981.8181818 36.47058824 0)
(1000 36.47058824 0)
(1018.181818 36.47058824 0)
(1036.363636 36.47058824 0)
(1054.545455 36.47058824 0)
(1072.727273 36.47058824 0)
(1090.909091 36.47058824 0)
(1109.090909 36.47058824 0)
(1127.272727 36.47058824 0)
(1145.454545 36.47058824 0)
(1163.636364 36.47058824 0)
(1181.818182 36.47058824 0)
(1200 36.47058824 0)
(1218.181818 36.47058824 0)
(1236.363636 36.47058824 0)
(1254.545455 36.47058824 0)
(1272.727273 36.47058824 0)
(1290.909091 36.47058824 0)
(1309.090909 36.47058824 0)
(1327.272727 36.47058824 0)
(1345.454545 36.47058824 0)
(1363.636364 36.47058824 0)
(1381.818182 36.47058824 0)
(1400 36.47058824 0)
(1418.181818 36.47058824 0)
(1436.363636 36.47058824 0)
(1454.545455 36.47058824 0)
(1472.727273 36.47058824 0)
(1490.909091 36.47058824 0)
(1509.090909 36.47058824 0)
(1527.272727 36.47058824 0)
(1545.454545 36.47058824 0)
(1563.636364 36.47058824 0)
(1581.818182 36.47058824 0)
(1600 36.47058824 0)
(1618.181818 36.47058824 0)
(1636.363636 36.47058824 0)
(1654.545455 36.47058824 0)
(1672.727273 36.47058824 0)
(1690.909091 36.47058824 0)
(1709.090909 36.47058824 0)
(1727.272727 36.47058824 0)
(1745.454545 36.47058824 0)
(1763.636364 36.47058824 0)
(1781.818182 36.47058824 0)
(1800 36.47058824 0)
(1818.181818 36.47058824 0)
(1836.363636 36.47058824 0)
(1854.545455 36.47058824 0)
(1872.727273 36.47058824 0)
(1890.909091 36.47058824 0)
(1909.090909 36.47058824 0)
(1927.272727 36.47058824 0)
(1945.454545 36.47058824 0)
(1963.636364 36.47058824 0)
(1981.818182 36.47058824 0)
(2000 36.47058824 0)
(0 37.64705882 0)
(18.18181818 37.64705882 0)
(36.36363636 37.64705882 0)
(54.54545455 37.64705882 0)
(72.72727273 37.64705882 0)
(90.90909091 37.64705882 0)
(109.0909091 37.64705882 0)
(127.2727273 37.64705882 0)
(145.4545455 37.64705882 0)
(163.6363636 37.64705882 0)
(181.8181818 37.64705882 0)
(200 37.64705882 0)
(218.1818182 37.64705882 0)
(236.3636364 37.64705882 0)
(254.5454545 37.64705882 0)
(272.7272727 37.64705882 0)
(290.9090909 37.64705882 0)
(309.0909091 37.64705882 0)
(327.2727273 37.64705882 0)
(345.4545455 37.64705882 0)
(363.6363636 37.64705882 0)
(381.8181818 37.64705882 0)
(400 37.64705882 0)
(418.1818182 37.64705882 0)
(436.3636364 37.64705882 0)
(454.5454545 37.64705882 0)
(472.7272727 37.64705882 0)
(490.9090909 37.64705882 0)
(509.0909091 37.64705882 0)
(527.2727273 37.64705882 0)
(545.4545455 37.64705882 0)
(563.6363636 37.64705882 0)
(581.8181818 37.64705882 0)
(600 37.64705882 0)
(618.1818182 37.64705882 0)
(636.3636364 37.64705882 0)
(654.5454545 37.64705882 0)
(672.7272727 37.64705882 0)
(690.9090909 37.64705882 0)
(709.0909091 37.64705882 0)
(727.2727273 37.64705882 0)
(745.4545455 37.64705882 0)
(763.6363636 37.64705882 0)
(781.8181818 37.64705882 0)
(800 37.64705882 0)
(818.1818182 37.64705882 0)
(836.3636364 37.64705882 0)
(854.5454545 37.64705882 0)
(872.7272727 37.64705882 0)
(890.9090909 37.64705882 0)
(909.0909091 37.64705882 0)
(927.2727273 37.64705882 0)
(945.4545455 37.64705882 0)
(963.6363636 37.64705882 0)
(981.8181818 37.64705882 0)
(1000 37.64705882 0)
(1018.181818 37.64705882 0)
(1036.363636 37.64705882 0)
(1054.545455 37.64705882 0)
(1072.727273 37.64705882 0)
(1090.909091 37.64705882 0)
(1109.090909 37.64705882 0)
(1127.272727 37.64705882 0)
(1145.454545 37.64705882 0)
(1163.636364 37.64705882 0)
(1181.818182 37.64705882 0)
(1200 37.64705882 0)
(1218.181818 37.64705882 0)
(1236.363636 37.64705882 0)
(1254.545455 37.64705882 0)
(1272.727273 37.64705882 0)
(1290.909091 37.64705882 0)
(1309.090909 37.64705882 0)
(1327.272727 37.64705882 0)
(1345.454545 37.64705882 0)
(1363.636364 37.64705882 0)
(1381.818182 37.64705882 0)
(1400 37.64705882 0)
(1418.181818 37.64705882 0)
(1436.363636 37.64705882 0)
(1454.545455 37.64705882 0)
(1472.727273 37.64705882 0)
(1490.909091 37.64705882 0)
(1509.090909 37.64705882 0)
(1527.272727 37.64705882 0)
(1545.454545 37.64705882 0)
(1563.636364 37.64705882 0)
(1581.818182 37.64705882 0)
(1600 37.64705882 0)
(1618.181818 37.64705882 0)
(1636.363636 37.64705882 0)
(1654.545455 37.64705882 0)
(1672.727273 37.64705882 0)
(1690.909091 37.64705882 0)
(1709.090909 37.64705882 0)
(1727.272727 37.64705882 0)
(1745.454545 37.64705882 0)
(1763.636364 37.64705882 0)
(1781.818182 37.64705882 0)
(1800 37.64705882 0)
(1818.181818 37.64705882 0)
(1836.363636 37.64705882 0)
(1854.545455 37.64705882 0)
(1872.727273 37.64705882 0)
(1890.909091 37.64705882 0)
(1909.090909 37.64705882 0)
(1927.272727 37.64705882 0)
(1945.454545 37.64705882 0)
(1963.636364 37.64705882 0)
(1981.818182 37.64705882 0)
(2000 37.64705882 0)
(0 38.82352941 0)
(18.18181818 38.82352941 0)
(36.36363636 38.82352941 0)
(54.54545455 38.82352941 0)
(72.72727273 38.82352941 0)
(90.90909091 38.82352941 0)
(109.0909091 38.82352941 0)
(127.2727273 38.82352941 0)
(145.4545455 38.82352941 0)
(163.6363636 38.82352941 0)
(181.8181818 38.82352941 0)
(200 38.82352941 0)
(218.1818182 38.82352941 0)
(236.3636364 38.82352941 0)
(254.5454545 38.82352941 0)
(272.7272727 38.82352941 0)
(290.9090909 38.82352941 0)
(309.0909091 38.82352941 0)
(327.2727273 38.82352941 0)
(345.4545455 38.82352941 0)
(363.6363636 38.82352941 0)
(381.8181818 38.82352941 0)
(400 38.82352941 0)
(418.1818182 38.82352941 0)
(436.3636364 38.82352941 0)
(454.5454545 38.82352941 0)
(472.7272727 38.82352941 0)
(490.9090909 38.82352941 0)
(509.0909091 38.82352941 0)
(527.2727273 38.82352941 0)
(545.4545455 38.82352941 0)
(563.6363636 38.82352941 0)
(581.8181818 38.82352941 0)
(600 38.82352941 0)
(618.1818182 38.82352941 0)
(636.3636364 38.82352941 0)
(654.5454545 38.82352941 0)
(672.7272727 38.82352941 0)
(690.9090909 38.82352941 0)
(709.0909091 38.82352941 0)
(727.2727273 38.82352941 0)
(745.4545455 38.82352941 0)
(763.6363636 38.82352941 0)
(781.8181818 38.82352941 0)
(800 38.82352941 0)
(818.1818182 38.82352941 0)
(836.3636364 38.82352941 0)
(854.5454545 38.82352941 0)
(872.7272727 38.82352941 0)
(890.9090909 38.82352941 0)
(909.0909091 38.82352941 0)
(927.2727273 38.82352941 0)
(945.4545455 38.82352941 0)
(963.6363636 38.82352941 0)
(981.8181818 38.82352941 0)
(1000 38.82352941 0)
(1018.181818 38.82352941 0)
(1036.363636 38.82352941 0)
(1054.545455 38.82352941 0)
(1072.727273 38.82352941 0)
(1090.909091 38.82352941 0)
(1109.090909 38.82352941 0)
(1127.272727 38.82352941 0)
(1145.454545 38.82352941 0)
(1163.636364 38.82352941 0)
(1181.818182 38.82352941 0)
(1200 38.82352941 0)
(1218.181818 38.82352941 0)
(1236.363636 38.82352941 0)
(1254.545455 38.82352941 0)
(1272.727273 38.82352941 0)
(1290.909091 38.82352941 0)
(1309.090909 38.82352941 0)
(1327.272727 38.82352941 0)
(1345.454545 38.82352941 0)
(1363.636364 38.82352941 0)
(1381.818182 38.82352941 0)
(1400 38.82352941 0)
(1418.181818 38.82352941 0)
(1436.363636 38.82352941 0)
(1454.545455 38.82352941 0)
(1472.727273 38.82352941 0)
(1490.909091 38.82352941 0)
(1509.090909 38.82352941 0)
(1527.272727 38.82352941 0)
(1545.454545 38.82352941 0)
(1563.636364 38.82352941 0)
(1581.818182 38.82352941 0)
(1600 38.82352941 0)
(1618.181818 38.82352941 0)
(1636.363636 38.82352941 0)
(1654.545455 38.82352941 0)
(1672.727273 38.82352941 0)
(1690.909091 38.82352941 0)
(1709.090909 38.82352941 0)
(1727.272727 38.82352941 0)
(1745.454545 38.82352941 0)
(1763.636364 38.82352941 0)
(1781.818182 38.82352941 0)
(1800 38.82352941 0)
(1818.181818 38.82352941 0)
(1836.363636 38.82352941 0)
(1854.545455 38.82352941 0)
(1872.727273 38.82352941 0)
(1890.909091 38.82352941 0)
(1909.090909 38.82352941 0)
(1927.272727 38.82352941 0)
(1945.454545 38.82352941 0)
(1963.636364 38.82352941 0)
(1981.818182 38.82352941 0)
(2000 38.82352941 0)
(0 40 0)
(18.18181818 40 0)
(36.36363636 40 0)
(54.54545455 40 0)
(72.72727273 40 0)
(90.90909091 40 0)
(109.0909091 40 0)
(127.2727273 40 0)
(145.4545455 40 0)
(163.6363636 40 0)
(181.8181818 40 0)
(200 40 0)
(218.1818182 40 0)
(236.3636364 40 0)
(254.5454545 40 0)
(272.7272727 40 0)
(290.9090909 40 0)
(309.0909091 40 0)
(327.2727273 40 0)
(345.4545455 40 0)
(363.6363636 40 0)
(381.8181818 40 0)
(400 40 0)
(418.1818182 40 0)
(436.3636364 40 0)
(454.5454545 40 0)
(472.7272727 40 0)
(490.9090909 40 0)
(509.0909091 40 0)
(527.2727273 40 0)
(545.4545455 40 0)
(563.6363636 40 0)
(581.8181818 40 0)
(600 40 0)
(618.1818182 40 0)
(636.3636364 40 0)
(654.5454545 40 0)
(672.7272727 40 0)
(690.9090909 40 0)
(709.0909091 40 0)
(727.2727273 40 0)
(745.4545455 40 0)
(763.6363636 40 0)
(781.8181818 40 0)
(800 40 0)
(818.1818182 40 0)
(836.3636364 40 0)
(854.5454545 40 0)
(872.7272727 40 0)
(890.9090909 40 0)
(909.0909091 40 0)
(927.2727273 40 0)
(945.4545455 40 0)
(963.6363636 40 0)
(981.8181818 40 0)
(1000 40 0)
(1018.181818 40 0)
(1036.363636 40 0)
(1054.545455 40 0)
(1072.727273 40 0)
(1090.909091 40 0)
(1109.090909 40 0)
(1127.272727 40 0)
(1145.454545 40 0)
(1163.636364 40 0)
(1181.818182 40 0)
(1200 40 0)
(1218.181818 40 0)
(1236.363636 40 0)
(1254.545455 40 0)
(1272.727273 40 0)
(1290.909091 40 0)
(1309.090909 40 0)
(1327.272727 40 0)
(1345.454545 40 0)
(1363.636364 40 0)
(1381.818182 40 0)
(1400 40 0)
(1418.181818 40 0)
(1436.363636 40 0)
(1454.545455 40 0)
(1472.727273 40 0)
(1490.909091 40 0)
(1509.090909 40 0)
(1527.272727 40 0)
(1545.454545 40 0)
(1563.636364 40 0)
(1581.818182 40 0)
(1600 40 0)
(1618.181818 40 0)
(1636.363636 40 0)
(1654.545455 40 0)
(1672.727273 40 0)
(1690.909091 40 0)
(1709.090909 40 0)
(1727.272727 40 0)
(1745.454545 40 0)
(1763.636364 40 0)
(1781.818182 40 0)
(1800 40 0)
(1818.181818 40 0)
(1836.363636 40 0)
(1854.545455 40 0)
(1872.727273 40 0)
(1890.909091 40 0)
(1909.090909 40 0)
(1927.272727 40 0)
(1945.454545 40 0)
(1963.636364 40 0)
(1981.818182 40 0)
(2000 40 0)
(0 41.17647059 0)
(18.18181818 41.17647059 0)
(36.36363636 41.17647059 0)
(54.54545455 41.17647059 0)
(72.72727273 41.17647059 0)
(90.90909091 41.17647059 0)
(109.0909091 41.17647059 0)
(127.2727273 41.17647059 0)
(145.4545455 41.17647059 0)
(163.6363636 41.17647059 0)
(181.8181818 41.17647059 0)
(200 41.17647059 0)
(218.1818182 41.17647059 0)
(236.3636364 41.17647059 0)
(254.5454545 41.17647059 0)
(272.7272727 41.17647059 0)
(290.9090909 41.17647059 0)
(309.0909091 41.17647059 0)
(327.2727273 41.17647059 0)
(345.4545455 41.17647059 0)
(363.6363636 41.17647059 0)
(381.8181818 41.17647059 0)
(400 41.17647059 0)
(418.1818182 41.17647059 0)
(436.3636364 41.17647059 0)
(454.5454545 41.17647059 0)
(472.7272727 41.17647059 0)
(490.9090909 41.17647059 0)
(509.0909091 41.17647059 0)
(527.2727273 41.17647059 0)
(545.4545455 41.17647059 0)
(563.6363636 41.17647059 0)
(581.8181818 41.17647059 0)
(600 41.17647059 0)
(618.1818182 41.17647059 0)
(636.3636364 41.17647059 0)
(654.5454545 41.17647059 0)
(672.7272727 41.17647059 0)
(690.9090909 41.17647059 0)
(709.0909091 41.17647059 0)
(727.2727273 41.17647059 0)
(745.4545455 41.17647059 0)
(763.6363636 41.17647059 0)
(781.8181818 41.17647059 0)
(800 41.17647059 0)
(818.1818182 41.17647059 0)
(836.3636364 41.17647059 0)
(854.5454545 41.17647059 0)
(872.7272727 41.17647059 0)
(890.9090909 41.17647059 0)
(909.0909091 41.17647059 0)
(927.2727273 41.17647059 0)
(945.4545455 41.17647059 0)
(963.6363636 41.17647059 0)
(981.8181818 41.17647059 0)
(1000 41.17647059 0)
(1018.181818 41.17647059 0)
(1036.363636 41.17647059 0)
(1054.545455 41.17647059 0)
(1072.727273 41.17647059 0)
(1090.909091 41.17647059 0)
(1109.090909 41.17647059 0)
(1127.272727 41.17647059 0)
(1145.454545 41.17647059 0)
(1163.636364 41.17647059 0)
(1181.818182 41.17647059 0)
(1200 41.17647059 0)
(1218.181818 41.17647059 0)
(1236.363636 41.17647059 0)
(1254.545455 41.17647059 0)
(1272.727273 41.17647059 0)
(1290.909091 41.17647059 0)
(1309.090909 41.17647059 0)
(1327.272727 41.17647059 0)
(1345.454545 41.17647059 0)
(1363.636364 41.17647059 0)
(1381.818182 41.17647059 0)
(1400 41.17647059 0)
(1418.181818 41.17647059 0)
(1436.363636 41.17647059 0)
(1454.545455 41.17647059 0)
(1472.727273 41.17647059 0)
(1490.909091 41.17647059 0)
(1509.090909 41.17647059 0)
(1527.272727 41.17647059 0)
(1545.454545 41.17647059 0)
(1563.636364 41.17647059 0)
(1581.818182 41.17647059 0)
(1600 41.17647059 0)
(1618.181818 41.17647059 0)
(1636.363636 41.17647059 0)
(1654.545455 41.17647059 0)
(1672.727273 41.17647059 0)
(1690.909091 41.17647059 0)
(1709.090909 41.17647059 0)
(1727.272727 41.17647059 0)
(1745.454545 41.17647059 0)
(1763.636364 41.17647059 0)
(1781.818182 41.17647059 0)
(1800 41.17647059 0)
(1818.181818 41.17647059 0)
(1836.363636 41.17647059 0)
(1854.545455 41.17647059 0)
(1872.727273 41.17647059 0)
(1890.909091 41.17647059 0)
(1909.090909 41.17647059 0)
(1927.272727 41.17647059 0)
(1945.454545 41.17647059 0)
(1963.636364 41.17647059 0)
(1981.818182 41.17647059 0)
(2000 41.17647059 0)
(0 42.35294118 0)
(18.18181818 42.35294118 0)
(36.36363636 42.35294118 0)
(54.54545455 42.35294118 0)
(72.72727273 42.35294118 0)
(90.90909091 42.35294118 0)
(109.0909091 42.35294118 0)
(127.2727273 42.35294118 0)
(145.4545455 42.35294118 0)
(163.6363636 42.35294118 0)
(181.8181818 42.35294118 0)
(200 42.35294118 0)
(218.1818182 42.35294118 0)
(236.3636364 42.35294118 0)
(254.5454545 42.35294118 0)
(272.7272727 42.35294118 0)
(290.9090909 42.35294118 0)
(309.0909091 42.35294118 0)
(327.2727273 42.35294118 0)
(345.4545455 42.35294118 0)
(363.6363636 42.35294118 0)
(381.8181818 42.35294118 0)
(400 42.35294118 0)
(418.1818182 42.35294118 0)
(436.3636364 42.35294118 0)
(454.5454545 42.35294118 0)
(472.7272727 42.35294118 0)
(490.9090909 42.35294118 0)
(509.0909091 42.35294118 0)
(527.2727273 42.35294118 0)
(545.4545455 42.35294118 0)
(563.6363636 42.35294118 0)
(581.8181818 42.35294118 0)
(600 42.35294118 0)
(618.1818182 42.35294118 0)
(636.3636364 42.35294118 0)
(654.5454545 42.35294118 0)
(672.7272727 42.35294118 0)
(690.9090909 42.35294118 0)
(709.0909091 42.35294118 0)
(727.2727273 42.35294118 0)
(745.4545455 42.35294118 0)
(763.6363636 42.35294118 0)
(781.8181818 42.35294118 0)
(800 42.35294118 0)
(818.1818182 42.35294118 0)
(836.3636364 42.35294118 0)
(854.5454545 42.35294118 0)
(872.7272727 42.35294118 0)
(890.9090909 42.35294118 0)
(909.0909091 42.35294118 0)
(927.2727273 42.35294118 0)
(945.4545455 42.35294118 0)
(963.6363636 42.35294118 0)
(981.8181818 42.35294118 0)
(1000 42.35294118 0)
(1018.181818 42.35294118 0)
(1036.363636 42.35294118 0)
(1054.545455 42.35294118 0)
(1072.727273 42.35294118 0)
(1090.909091 42.35294118 0)
(1109.090909 42.35294118 0)
(1127.272727 42.35294118 0)
(1145.454545 42.35294118 0)
(1163.636364 42.35294118 0)
(1181.818182 42.35294118 0)
(1200 42.35294118 0)
(1218.181818 42.35294118 0)
(1236.363636 42.35294118 0)
(1254.545455 42.35294118 0)
(1272.727273 42.35294118 0)
(1290.909091 42.35294118 0)
(1309.090909 42.35294118 0)
(1327.272727 42.35294118 0)
(1345.454545 42.35294118 0)
(1363.636364 42.35294118 0)
(1381.818182 42.35294118 0)
(1400 42.35294118 0)
(1418.181818 42.35294118 0)
(1436.363636 42.35294118 0)
(1454.545455 42.35294118 0)
(1472.727273 42.35294118 0)
(1490.909091 42.35294118 0)
(1509.090909 42.35294118 0)
(1527.272727 42.35294118 0)
(1545.454545 42.35294118 0)
(1563.636364 42.35294118 0)
(1581.818182 42.35294118 0)
(1600 42.35294118 0)
(1618.181818 42.35294118 0)
(1636.363636 42.35294118 0)
(1654.545455 42.35294118 0)
(1672.727273 42.35294118 0)
(1690.909091 42.35294118 0)
(1709.090909 42.35294118 0)
(1727.272727 42.35294118 0)
(1745.454545 42.35294118 0)
(1763.636364 42.35294118 0)
(1781.818182 42.35294118 0)
(1800 42.35294118 0)
(1818.181818 42.35294118 0)
(1836.363636 42.35294118 0)
(1854.545455 42.35294118 0)
(1872.727273 42.35294118 0)
(1890.909091 42.35294118 0)
(1909.090909 42.35294118 0)
(1927.272727 42.35294118 0)
(1945.454545 42.35294118 0)
(1963.636364 42.35294118 0)
(1981.818182 42.35294118 0)
(2000 42.35294118 0)
(0 43.52941176 0)
(18.18181818 43.52941176 0)
(36.36363636 43.52941176 0)
(54.54545455 43.52941176 0)
(72.72727273 43.52941176 0)
(90.90909091 43.52941176 0)
(109.0909091 43.52941176 0)
(127.2727273 43.52941176 0)
(145.4545455 43.52941176 0)
(163.6363636 43.52941176 0)
(181.8181818 43.52941176 0)
(200 43.52941176 0)
(218.1818182 43.52941176 0)
(236.3636364 43.52941176 0)
(254.5454545 43.52941176 0)
(272.7272727 43.52941176 0)
(290.9090909 43.52941176 0)
(309.0909091 43.52941176 0)
(327.2727273 43.52941176 0)
(345.4545455 43.52941176 0)
(363.6363636 43.52941176 0)
(381.8181818 43.52941176 0)
(400 43.52941176 0)
(418.1818182 43.52941176 0)
(436.3636364 43.52941176 0)
(454.5454545 43.52941176 0)
(472.7272727 43.52941176 0)
(490.9090909 43.52941176 0)
(509.0909091 43.52941176 0)
(527.2727273 43.52941176 0)
(545.4545455 43.52941176 0)
(563.6363636 43.52941176 0)
(581.8181818 43.52941176 0)
(600 43.52941176 0)
(618.1818182 43.52941176 0)
(636.3636364 43.52941176 0)
(654.5454545 43.52941176 0)
(672.7272727 43.52941176 0)
(690.9090909 43.52941176 0)
(709.0909091 43.52941176 0)
(727.2727273 43.52941176 0)
(745.4545455 43.52941176 0)
(763.6363636 43.52941176 0)
(781.8181818 43.52941176 0)
(800 43.52941176 0)
(818.1818182 43.52941176 0)
(836.3636364 43.52941176 0)
(854.5454545 43.52941176 0)
(872.7272727 43.52941176 0)
(890.9090909 43.52941176 0)
(909.0909091 43.52941176 0)
(927.2727273 43.52941176 0)
(945.4545455 43.52941176 0)
(963.6363636 43.52941176 0)
(981.8181818 43.52941176 0)
(1000 43.52941176 0)
(1018.181818 43.52941176 0)
(1036.363636 43.52941176 0)
(1054.545455 43.52941176 0)
(1072.727273 43.52941176 0)
(1090.909091 43.52941176 0)
(1109.090909 43.52941176 0)
(1127.272727 43.52941176 0)
(1145.454545 43.52941176 0)
(1163.636364 43.52941176 0)
(1181.818182 43.52941176 0)
(1200 43.52941176 0)
(1218.181818 43.52941176 0)
(1236.363636 43.52941176 0)
(1254.545455 43.52941176 0)
(1272.727273 43.52941176 0)
(1290.909091 43.52941176 0)
(1309.090909 43.52941176 0)
(1327.272727 43.52941176 0)
(1345.454545 43.52941176 0)
(1363.636364 43.52941176 0)
(1381.818182 43.52941176 0)
(1400 43.52941176 0)
(1418.181818 43.52941176 0)
(1436.363636 43.52941176 0)
(1454.545455 43.52941176 0)
(1472.727273 43.52941176 0)
(1490.909091 43.52941176 0)
(1509.090909 43.52941176 0)
(1527.272727 43.52941176 0)
(1545.454545 43.52941176 0)
(1563.636364 43.52941176 0)
(1581.818182 43.52941176 0)
(1600 43.52941176 0)
(1618.181818 43.52941176 0)
(1636.363636 43.52941176 0)
(1654.545455 43.52941176 0)
(1672.727273 43.52941176 0)
(1690.909091 43.52941176 0)
(1709.090909 43.52941176 0)
(1727.272727 43.52941176 0)
(1745.454545 43.52941176 0)
(1763.636364 43.52941176 0)
(1781.818182 43.52941176 0)
(1800 43.52941176 0)
(1818.181818 43.52941176 0)
(1836.363636 43.52941176 0)
(1854.545455 43.52941176 0)
(1872.727273 43.52941176 0)
(1890.909091 43.52941176 0)
(1909.090909 43.52941176 0)
(1927.272727 43.52941176 0)
(1945.454545 43.52941176 0)
(1963.636364 43.52941176 0)
(1981.818182 43.52941176 0)
(2000 43.52941176 0)
(0 44.70588235 0)
(18.18181818 44.70588235 0)
(36.36363636 44.70588235 0)
(54.54545455 44.70588235 0)
(72.72727273 44.70588235 0)
(90.90909091 44.70588235 0)
(109.0909091 44.70588235 0)
(127.2727273 44.70588235 0)
(145.4545455 44.70588235 0)
(163.6363636 44.70588235 0)
(181.8181818 44.70588235 0)
(200 44.70588235 0)
(218.1818182 44.70588235 0)
(236.3636364 44.70588235 0)
(254.5454545 44.70588235 0)
(272.7272727 44.70588235 0)
(290.9090909 44.70588235 0)
(309.0909091 44.70588235 0)
(327.2727273 44.70588235 0)
(345.4545455 44.70588235 0)
(363.6363636 44.70588235 0)
(381.8181818 44.70588235 0)
(400 44.70588235 0)
(418.1818182 44.70588235 0)
(436.3636364 44.70588235 0)
(454.5454545 44.70588235 0)
(472.7272727 44.70588235 0)
(490.9090909 44.70588235 0)
(509.0909091 44.70588235 0)
(527.2727273 44.70588235 0)
(545.4545455 44.70588235 0)
(563.6363636 44.70588235 0)
(581.8181818 44.70588235 0)
(600 44.70588235 0)
(618.1818182 44.70588235 0)
(636.3636364 44.70588235 0)
(654.5454545 44.70588235 0)
(672.7272727 44.70588235 0)
(690.9090909 44.70588235 0)
(709.0909091 44.70588235 0)
(727.2727273 44.70588235 0)
(745.4545455 44.70588235 0)
(763.6363636 44.70588235 0)
(781.8181818 44.70588235 0)
(800 44.70588235 0)
(818.1818182 44.70588235 0)
(836.3636364 44.70588235 0)
(854.5454545 44.70588235 0)
(872.7272727 44.70588235 0)
(890.9090909 44.70588235 0)
(909.0909091 44.70588235 0)
(927.2727273 44.70588235 0)
(945.4545455 44.70588235 0)
(963.6363636 44.70588235 0)
(981.8181818 44.70588235 0)
(1000 44.70588235 0)
(1018.181818 44.70588235 0)
(1036.363636 44.70588235 0)
(1054.545455 44.70588235 0)
(1072.727273 44.70588235 0)
(1090.909091 44.70588235 0)
(1109.090909 44.70588235 0)
(1127.272727 44.70588235 0)
(1145.454545 44.70588235 0)
(1163.636364 44.70588235 0)
(1181.818182 44.70588235 0)
(1200 44.70588235 0)
(1218.181818 44.70588235 0)
(1236.363636 44.70588235 0)
(1254.545455 44.70588235 0)
(1272.727273 44.70588235 0)
(1290.909091 44.70588235 0)
(1309.090909 44.70588235 0)
(1327.272727 44.70588235 0)
(1345.454545 44.70588235 0)
(1363.636364 44.70588235 0)
(1381.818182 44.70588235 0)
(1400 44.70588235 0)
(1418.181818 44.70588235 0)
(1436.363636 44.70588235 0)
(1454.545455 44.70588235 0)
(1472.727273 44.70588235 0)
(1490.909091 44.70588235 0)
(1509.090909 44.70588235 0)
(1527.272727 44.70588235 0)
(1545.454545 44.70588235 0)
(1563.636364 44.70588235 0)
(1581.818182 44.70588235 0)
(1600 44.70588235 0)
(1618.181818 44.70588235 0)
(1636.363636 44.70588235 0)
(1654.545455 44.70588235 0)
(1672.727273 44.70588235 0)
(1690.909091 44.70588235 0)
(1709.090909 44.70588235 0)
(1727.272727 44.70588235 0)
(1745.454545 44.70588235 0)
(1763.636364 44.70588235 0)
(1781.818182 44.70588235 0)
(1800 44.70588235 0)
(1818.181818 44.70588235 0)
(1836.363636 44.70588235 0)
(1854.545455 44.70588235 0)
(1872.727273 44.70588235 0)
(1890.909091 44.70588235 0)
(1909.090909 44.70588235 0)
(1927.272727 44.70588235 0)
(1945.454545 44.70588235 0)
(1963.636364 44.70588235 0)
(1981.818182 44.70588235 0)
(2000 44.70588235 0)
(0 45.88235294 0)
(18.18181818 45.88235294 0)
(36.36363636 45.88235294 0)
(54.54545455 45.88235294 0)
(72.72727273 45.88235294 0)
(90.90909091 45.88235294 0)
(109.0909091 45.88235294 0)
(127.2727273 45.88235294 0)
(145.4545455 45.88235294 0)
(163.6363636 45.88235294 0)
(181.8181818 45.88235294 0)
(200 45.88235294 0)
(218.1818182 45.88235294 0)
(236.3636364 45.88235294 0)
(254.5454545 45.88235294 0)
(272.7272727 45.88235294 0)
(290.9090909 45.88235294 0)
(309.0909091 45.88235294 0)
(327.2727273 45.88235294 0)
(345.4545455 45.88235294 0)
(363.6363636 45.88235294 0)
(381.8181818 45.88235294 0)
(400 45.88235294 0)
(418.1818182 45.88235294 0)
(436.3636364 45.88235294 0)
(454.5454545 45.88235294 0)
(472.7272727 45.88235294 0)
(490.9090909 45.88235294 0)
(509.0909091 45.88235294 0)
(527.2727273 45.88235294 0)
(545.4545455 45.88235294 0)
(563.6363636 45.88235294 0)
(581.8181818 45.88235294 0)
(600 45.88235294 0)
(618.1818182 45.88235294 0)
(636.3636364 45.88235294 0)
(654.5454545 45.88235294 0)
(672.7272727 45.88235294 0)
(690.9090909 45.88235294 0)
(709.0909091 45.88235294 0)
(727.2727273 45.88235294 0)
(745.4545455 45.88235294 0)
(763.6363636 45.88235294 0)
(781.8181818 45.88235294 0)
(800 45.88235294 0)
(818.1818182 45.88235294 0)
(836.3636364 45.88235294 0)
(854.5454545 45.88235294 0)
(872.7272727 45.88235294 0)
(890.9090909 45.88235294 0)
(909.0909091 45.88235294 0)
(927.2727273 45.88235294 0)
(945.4545455 45.88235294 0)
(963.6363636 45.88235294 0)
(981.8181818 45.88235294 0)
(1000 45.88235294 0)
(1018.181818 45.88235294 0)
(1036.363636 45.88235294 0)
(1054.545455 45.88235294 0)
(1072.727273 45.88235294 0)
(1090.909091 45.88235294 0)
(1109.090909 45.88235294 0)
(1127.272727 45.88235294 0)
(1145.454545 45.88235294 0)
(1163.636364 45.88235294 0)
(1181.818182 45.88235294 0)
(1200 45.88235294 0)
(1218.181818 45.88235294 0)
(1236.363636 45.88235294 0)
(1254.545455 45.88235294 0)
(1272.727273 45.88235294 0)
(1290.909091 45.88235294 0)
(1309.090909 45.88235294 0)
(1327.272727 45.88235294 0)
(1345.454545 45.88235294 0)
(1363.636364 45.88235294 0)
(1381.818182 45.88235294 0)
(1400 45.88235294 0)
(1418.181818 45.88235294 0)
(1436.363636 45.88235294 0)
(1454.545455 45.88235294 0)
(1472.727273 45.88235294 0)
(1490.909091 45.88235294 0)
(1509.090909 45.88235294 0)
(1527.272727 45.88235294 0)
(1545.454545 45.88235294 0)
(1563.636364 45.88235294 0)
(1581.818182 45.88235294 0)
(1600 45.88235294 0)
(1618.181818 45.88235294 0)
(1636.363636 45.88235294 0)
(1654.545455 45.88235294 0)
(1672.727273 45.88235294 0)
(1690.909091 45.88235294 0)
(1709.090909 45.88235294 0)
(1727.272727 45.88235294 0)
(1745.454545 45.88235294 0)
(1763.636364 45.88235294 0)
(1781.818182 45.88235294 0)
(1800 45.88235294 0)
(1818.181818 45.88235294 0)
(1836.363636 45.88235294 0)
(1854.545455 45.88235294 0)
(1872.727273 45.88235294 0)
(1890.909091 45.88235294 0)
(1909.090909 45.88235294 0)
(1927.272727 45.88235294 0)
(1945.454545 45.88235294 0)
(1963.636364 45.88235294 0)
(1981.818182 45.88235294 0)
(2000 45.88235294 0)
(0 47.05882353 0)
(18.18181818 47.05882353 0)
(36.36363636 47.05882353 0)
(54.54545455 47.05882353 0)
(72.72727273 47.05882353 0)
(90.90909091 47.05882353 0)
(109.0909091 47.05882353 0)
(127.2727273 47.05882353 0)
(145.4545455 47.05882353 0)
(163.6363636 47.05882353 0)
(181.8181818 47.05882353 0)
(200 47.05882353 0)
(218.1818182 47.05882353 0)
(236.3636364 47.05882353 0)
(254.5454545 47.05882353 0)
(272.7272727 47.05882353 0)
(290.9090909 47.05882353 0)
(309.0909091 47.05882353 0)
(327.2727273 47.05882353 0)
(345.4545455 47.05882353 0)
(363.6363636 47.05882353 0)
(381.8181818 47.05882353 0)
(400 47.05882353 0)
(418.1818182 47.05882353 0)
(436.3636364 47.05882353 0)
(454.5454545 47.05882353 0)
(472.7272727 47.05882353 0)
(490.9090909 47.05882353 0)
(509.0909091 47.05882353 0)
(527.2727273 47.05882353 0)
(545.4545455 47.05882353 0)
(563.6363636 47.05882353 0)
(581.8181818 47.05882353 0)
(600 47.05882353 0)
(618.1818182 47.05882353 0)
(636.3636364 47.05882353 0)
(654.5454545 47.05882353 0)
(672.7272727 47.05882353 0)
(690.9090909 47.05882353 0)
(709.0909091 47.05882353 0)
(727.2727273 47.05882353 0)
(745.4545455 47.05882353 0)
(763.6363636 47.05882353 0)
(781.8181818 47.05882353 0)
(800 47.05882353 0)
(818.1818182 47.05882353 0)
(836.3636364 47.05882353 0)
(854.5454545 47.05882353 0)
(872.7272727 47.05882353 0)
(890.9090909 47.05882353 0)
(909.0909091 47.05882353 0)
(927.2727273 47.05882353 0)
(945.4545455 47.05882353 0)
(963.6363636 47.05882353 0)
(981.8181818 47.05882353 0)
(1000 47.05882353 0)
(1018.181818 47.05882353 0)
(1036.363636 47.05882353 0)
(1054.545455 47.05882353 0)
(1072.727273 47.05882353 0)
(1090.909091 47.05882353 0)
(1109.090909 47.05882353 0)
(1127.272727 47.05882353 0)
(1145.454545 47.05882353 0)
(1163.636364 47.05882353 0)
(1181.818182 47.05882353 0)
(1200 47.05882353 0)
(1218.181818 47.05882353 0)
(1236.363636 47.05882353 0)
(1254.545455 47.05882353 0)
(1272.727273 47.05882353 0)
(1290.909091 47.05882353 0)
(1309.090909 47.05882353 0)
(1327.272727 47.05882353 0)
(1345.454545 47.05882353 0)
(1363.636364 47.05882353 0)
(1381.818182 47.05882353 0)
(1400 47.05882353 0)
(1418.181818 47.05882353 0)
(1436.363636 47.05882353 0)
(1454.545455 47.05882353 0)
(1472.727273 47.05882353 0)
(1490.909091 47.05882353 0)
(1509.090909 47.05882353 0)
(1527.272727 47.05882353 0)
(1545.454545 47.05882353 0)
(1563.636364 47.05882353 0)
(1581.818182 47.05882353 0)
(1600 47.05882353 0)
(1618.181818 47.05882353 0)
(1636.363636 47.05882353 0)
(1654.545455 47.05882353 0)
(1672.727273 47.05882353 0)
(1690.909091 47.05882353 0)
(1709.090909 47.05882353 0)
(1727.272727 47.05882353 0)
(1745.454545 47.05882353 0)
(1763.636364 47.05882353 0)
(1781.818182 47.05882353 0)
(1800 47.05882353 0)
(1818.181818 47.05882353 0)
(1836.363636 47.05882353 0)
(1854.545455 47.05882353 0)
(1872.727273 47.05882353 0)
(1890.909091 47.05882353 0)
(1909.090909 47.05882353 0)
(1927.272727 47.05882353 0)
(1945.454545 47.05882353 0)
(1963.636364 47.05882353 0)
(1981.818182 47.05882353 0)
(2000 47.05882353 0)
(0 48.23529412 0)
(18.18181818 48.23529412 0)
(36.36363636 48.23529412 0)
(54.54545455 48.23529412 0)
(72.72727273 48.23529412 0)
(90.90909091 48.23529412 0)
(109.0909091 48.23529412 0)
(127.2727273 48.23529412 0)
(145.4545455 48.23529412 0)
(163.6363636 48.23529412 0)
(181.8181818 48.23529412 0)
(200 48.23529412 0)
(218.1818182 48.23529412 0)
(236.3636364 48.23529412 0)
(254.5454545 48.23529412 0)
(272.7272727 48.23529412 0)
(290.9090909 48.23529412 0)
(309.0909091 48.23529412 0)
(327.2727273 48.23529412 0)
(345.4545455 48.23529412 0)
(363.6363636 48.23529412 0)
(381.8181818 48.23529412 0)
(400 48.23529412 0)
(418.1818182 48.23529412 0)
(436.3636364 48.23529412 0)
(454.5454545 48.23529412 0)
(472.7272727 48.23529412 0)
(490.9090909 48.23529412 0)
(509.0909091 48.23529412 0)
(527.2727273 48.23529412 0)
(545.4545455 48.23529412 0)
(563.6363636 48.23529412 0)
(581.8181818 48.23529412 0)
(600 48.23529412 0)
(618.1818182 48.23529412 0)
(636.3636364 48.23529412 0)
(654.5454545 48.23529412 0)
(672.7272727 48.23529412 0)
(690.9090909 48.23529412 0)
(709.0909091 48.23529412 0)
(727.2727273 48.23529412 0)
(745.4545455 48.23529412 0)
(763.6363636 48.23529412 0)
(781.8181818 48.23529412 0)
(800 48.23529412 0)
(818.1818182 48.23529412 0)
(836.3636364 48.23529412 0)
(854.5454545 48.23529412 0)
(872.7272727 48.23529412 0)
(890.9090909 48.23529412 0)
(909.0909091 48.23529412 0)
(927.2727273 48.23529412 0)
(945.4545455 48.23529412 0)
(963.6363636 48.23529412 0)
(981.8181818 48.23529412 0)
(1000 48.23529412 0)
(1018.181818 48.23529412 0)
(1036.363636 48.23529412 0)
(1054.545455 48.23529412 0)
(1072.727273 48.23529412 0)
(1090.909091 48.23529412 0)
(1109.090909 48.23529412 0)
(1127.272727 48.23529412 0)
(1145.454545 48.23529412 0)
(1163.636364 48.23529412 0)
(1181.818182 48.23529412 0)
(1200 48.23529412 0)
(1218.181818 48.23529412 0)
(1236.363636 48.23529412 0)
(1254.545455 48.23529412 0)
(1272.727273 48.23529412 0)
(1290.909091 48.23529412 0)
(1309.090909 48.23529412 0)
(1327.272727 48.23529412 0)
(1345.454545 48.23529412 0)
(1363.636364 48.23529412 0)
(1381.818182 48.23529412 0)
(1400 48.23529412 0)
(1418.181818 48.23529412 0)
(1436.363636 48.23529412 0)
(1454.545455 48.23529412 0)
(1472.727273 48.23529412 0)
(1490.909091 48.23529412 0)
(1509.090909 48.23529412 0)
(1527.272727 48.23529412 0)
(1545.454545 48.23529412 0)
(1563.636364 48.23529412 0)
(1581.818182 48.23529412 0)
(1600 48.23529412 0)
(1618.181818 48.23529412 0)
(1636.363636 48.23529412 0)
(1654.545455 48.23529412 0)
(1672.727273 48.23529412 0)
(1690.909091 48.23529412 0)
(1709.090909 48.23529412 0)
(1727.272727 48.23529412 0)
(1745.454545 48.23529412 0)
(1763.636364 48.23529412 0)
(1781.818182 48.23529412 0)
(1800 48.23529412 0)
(1818.181818 48.23529412 0)
(1836.363636 48.23529412 0)
(1854.545455 48.23529412 0)
(1872.727273 48.23529412 0)
(1890.909091 48.23529412 0)
(1909.090909 48.23529412 0)
(1927.272727 48.23529412 0)
(1945.454545 48.23529412 0)
(1963.636364 48.23529412 0)
(1981.818182 48.23529412 0)
(2000 48.23529412 0)
(0 49.41176471 0)
(18.18181818 49.41176471 0)
(36.36363636 49.41176471 0)
(54.54545455 49.41176471 0)
(72.72727273 49.41176471 0)
(90.90909091 49.41176471 0)
(109.0909091 49.41176471 0)
(127.2727273 49.41176471 0)
(145.4545455 49.41176471 0)
(163.6363636 49.41176471 0)
(181.8181818 49.41176471 0)
(200 49.41176471 0)
(218.1818182 49.41176471 0)
(236.3636364 49.41176471 0)
(254.5454545 49.41176471 0)
(272.7272727 49.41176471 0)
(290.9090909 49.41176471 0)
(309.0909091 49.41176471 0)
(327.2727273 49.41176471 0)
(345.4545455 49.41176471 0)
(363.6363636 49.41176471 0)
(381.8181818 49.41176471 0)
(400 49.41176471 0)
(418.1818182 49.41176471 0)
(436.3636364 49.41176471 0)
(454.5454545 49.41176471 0)
(472.7272727 49.41176471 0)
(490.9090909 49.41176471 0)
(509.0909091 49.41176471 0)
(527.2727273 49.41176471 0)
(545.4545455 49.41176471 0)
(563.6363636 49.41176471 0)
(581.8181818 49.41176471 0)
(600 49.41176471 0)
(618.1818182 49.41176471 0)
(636.3636364 49.41176471 0)
(654.5454545 49.41176471 0)
(672.7272727 49.41176471 0)
(690.9090909 49.41176471 0)
(709.0909091 49.41176471 0)
(727.2727273 49.41176471 0)
(745.4545455 49.41176471 0)
(763.6363636 49.41176471 0)
(781.8181818 49.41176471 0)
(800 49.41176471 0)
(818.1818182 49.41176471 0)
(836.3636364 49.41176471 0)
(854.5454545 49.41176471 0)
(872.7272727 49.41176471 0)
(890.9090909 49.41176471 0)
(909.0909091 49.41176471 0)
(927.2727273 49.41176471 0)
(945.4545455 49.41176471 0)
(963.6363636 49.41176471 0)
(981.8181818 49.41176471 0)
(1000 49.41176471 0)
(1018.181818 49.41176471 0)
(1036.363636 49.41176471 0)
(1054.545455 49.41176471 0)
(1072.727273 49.41176471 0)
(1090.909091 49.41176471 0)
(1109.090909 49.41176471 0)
(1127.272727 49.41176471 0)
(1145.454545 49.41176471 0)
(1163.636364 49.41176471 0)
(1181.818182 49.41176471 0)
(1200 49.41176471 0)
(1218.181818 49.41176471 0)
(1236.363636 49.41176471 0)
(1254.545455 49.41176471 0)
(1272.727273 49.41176471 0)
(1290.909091 49.41176471 0)
(1309.090909 49.41176471 0)
(1327.272727 49.41176471 0)
(1345.454545 49.41176471 0)
(1363.636364 49.41176471 0)
(1381.818182 49.41176471 0)
(1400 49.41176471 0)
(1418.181818 49.41176471 0)
(1436.363636 49.41176471 0)
(1454.545455 49.41176471 0)
(1472.727273 49.41176471 0)
(1490.909091 49.41176471 0)
(1509.090909 49.41176471 0)
(1527.272727 49.41176471 0)
(1545.454545 49.41176471 0)
(1563.636364 49.41176471 0)
(1581.818182 49.41176471 0)
(1600 49.41176471 0)
(1618.181818 49.41176471 0)
(1636.363636 49.41176471 0)
(1654.545455 49.41176471 0)
(1672.727273 49.41176471 0)
(1690.909091 49.41176471 0)
(1709.090909 49.41176471 0)
(1727.272727 49.41176471 0)
(1745.454545 49.41176471 0)
(1763.636364 49.41176471 0)
(1781.818182 49.41176471 0)
(1800 49.41176471 0)
(1818.181818 49.41176471 0)
(1836.363636 49.41176471 0)
(1854.545455 49.41176471 0)
(1872.727273 49.41176471 0)
(1890.909091 49.41176471 0)
(1909.090909 49.41176471 0)
(1927.272727 49.41176471 0)
(1945.454545 49.41176471 0)
(1963.636364 49.41176471 0)
(1981.818182 49.41176471 0)
(2000 49.41176471 0)
(0 50.58823529 0)
(18.18181818 50.58823529 0)
(36.36363636 50.58823529 0)
(54.54545455 50.58823529 0)
(72.72727273 50.58823529 0)
(90.90909091 50.58823529 0)
(109.0909091 50.58823529 0)
(127.2727273 50.58823529 0)
(145.4545455 50.58823529 0)
(163.6363636 50.58823529 0)
(181.8181818 50.58823529 0)
(200 50.58823529 0)
(218.1818182 50.58823529 0)
(236.3636364 50.58823529 0)
(254.5454545 50.58823529 0)
(272.7272727 50.58823529 0)
(290.9090909 50.58823529 0)
(309.0909091 50.58823529 0)
(327.2727273 50.58823529 0)
(345.4545455 50.58823529 0)
(363.6363636 50.58823529 0)
(381.8181818 50.58823529 0)
(400 50.58823529 0)
(418.1818182 50.58823529 0)
(436.3636364 50.58823529 0)
(454.5454545 50.58823529 0)
(472.7272727 50.58823529 0)
(490.9090909 50.58823529 0)
(509.0909091 50.58823529 0)
(527.2727273 50.58823529 0)
(545.4545455 50.58823529 0)
(563.6363636 50.58823529 0)
(581.8181818 50.58823529 0)
(600 50.58823529 0)
(618.1818182 50.58823529 0)
(636.3636364 50.58823529 0)
(654.5454545 50.58823529 0)
(672.7272727 50.58823529 0)
(690.9090909 50.58823529 0)
(709.0909091 50.58823529 0)
(727.2727273 50.58823529 0)
(745.4545455 50.58823529 0)
(763.6363636 50.58823529 0)
(781.8181818 50.58823529 0)
(800 50.58823529 0)
(818.1818182 50.58823529 0)
(836.3636364 50.58823529 0)
(854.5454545 50.58823529 0)
(872.7272727 50.58823529 0)
(890.9090909 50.58823529 0)
(909.0909091 50.58823529 0)
(927.2727273 50.58823529 0)
(945.4545455 50.58823529 0)
(963.6363636 50.58823529 0)
(981.8181818 50.58823529 0)
(1000 50.58823529 0)
(1018.181818 50.58823529 0)
(1036.363636 50.58823529 0)
(1054.545455 50.58823529 0)
(1072.727273 50.58823529 0)
(1090.909091 50.58823529 0)
(1109.090909 50.58823529 0)
(1127.272727 50.58823529 0)
(1145.454545 50.58823529 0)
(1163.636364 50.58823529 0)
(1181.818182 50.58823529 0)
(1200 50.58823529 0)
(1218.181818 50.58823529 0)
(1236.363636 50.58823529 0)
(1254.545455 50.58823529 0)
(1272.727273 50.58823529 0)
(1290.909091 50.58823529 0)
(1309.090909 50.58823529 0)
(1327.272727 50.58823529 0)
(1345.454545 50.58823529 0)
(1363.636364 50.58823529 0)
(1381.818182 50.58823529 0)
(1400 50.58823529 0)
(1418.181818 50.58823529 0)
(1436.363636 50.58823529 0)
(1454.545455 50.58823529 0)
(1472.727273 50.58823529 0)
(1490.909091 50.58823529 0)
(1509.090909 50.58823529 0)
(1527.272727 50.58823529 0)
(1545.454545 50.58823529 0)
(1563.636364 50.58823529 0)
(1581.818182 50.58823529 0)
(1600 50.58823529 0)
(1618.181818 50.58823529 0)
(1636.363636 50.58823529 0)
(1654.545455 50.58823529 0)
(1672.727273 50.58823529 0)
(1690.909091 50.58823529 0)
(1709.090909 50.58823529 0)
(1727.272727 50.58823529 0)
(1745.454545 50.58823529 0)
(1763.636364 50.58823529 0)
(1781.818182 50.58823529 0)
(1800 50.58823529 0)
(1818.181818 50.58823529 0)
(1836.363636 50.58823529 0)
(1854.545455 50.58823529 0)
(1872.727273 50.58823529 0)
(1890.909091 50.58823529 0)
(1909.090909 50.58823529 0)
(1927.272727 50.58823529 0)
(1945.454545 50.58823529 0)
(1963.636364 50.58823529 0)
(1981.818182 50.58823529 0)
(2000 50.58823529 0)
(0 51.76470588 0)
(18.18181818 51.76470588 0)
(36.36363636 51.76470588 0)
(54.54545455 51.76470588 0)
(72.72727273 51.76470588 0)
(90.90909091 51.76470588 0)
(109.0909091 51.76470588 0)
(127.2727273 51.76470588 0)
(145.4545455 51.76470588 0)
(163.6363636 51.76470588 0)
(181.8181818 51.76470588 0)
(200 51.76470588 0)
(218.1818182 51.76470588 0)
(236.3636364 51.76470588 0)
(254.5454545 51.76470588 0)
(272.7272727 51.76470588 0)
(290.9090909 51.76470588 0)
(309.0909091 51.76470588 0)
(327.2727273 51.76470588 0)
(345.4545455 51.76470588 0)
(363.6363636 51.76470588 0)
(381.8181818 51.76470588 0)
(400 51.76470588 0)
(418.1818182 51.76470588 0)
(436.3636364 51.76470588 0)
(454.5454545 51.76470588 0)
(472.7272727 51.76470588 0)
(490.9090909 51.76470588 0)
(509.0909091 51.76470588 0)
(527.2727273 51.76470588 0)
(545.4545455 51.76470588 0)
(563.6363636 51.76470588 0)
(581.8181818 51.76470588 0)
(600 51.76470588 0)
(618.1818182 51.76470588 0)
(636.3636364 51.76470588 0)
(654.5454545 51.76470588 0)
(672.7272727 51.76470588 0)
(690.9090909 51.76470588 0)
(709.0909091 51.76470588 0)
(727.2727273 51.76470588 0)
(745.4545455 51.76470588 0)
(763.6363636 51.76470588 0)
(781.8181818 51.76470588 0)
(800 51.76470588 0)
(818.1818182 51.76470588 0)
(836.3636364 51.76470588 0)
(854.5454545 51.76470588 0)
(872.7272727 51.76470588 0)
(890.9090909 51.76470588 0)
(909.0909091 51.76470588 0)
(927.2727273 51.76470588 0)
(945.4545455 51.76470588 0)
(963.6363636 51.76470588 0)
(981.8181818 51.76470588 0)
(1000 51.76470588 0)
(1018.181818 51.76470588 0)
(1036.363636 51.76470588 0)
(1054.545455 51.76470588 0)
(1072.727273 51.76470588 0)
(1090.909091 51.76470588 0)
(1109.090909 51.76470588 0)
(1127.272727 51.76470588 0)
(1145.454545 51.76470588 0)
(1163.636364 51.76470588 0)
(1181.818182 51.76470588 0)
(1200 51.76470588 0)
(1218.181818 51.76470588 0)
(1236.363636 51.76470588 0)
(1254.545455 51.76470588 0)
(1272.727273 51.76470588 0)
(1290.909091 51.76470588 0)
(1309.090909 51.76470588 0)
(1327.272727 51.76470588 0)
(1345.454545 51.76470588 0)
(1363.636364 51.76470588 0)
(1381.818182 51.76470588 0)
(1400 51.76470588 0)
(1418.181818 51.76470588 0)
(1436.363636 51.76470588 0)
(1454.545455 51.76470588 0)
(1472.727273 51.76470588 0)
(1490.909091 51.76470588 0)
(1509.090909 51.76470588 0)
(1527.272727 51.76470588 0)
(1545.454545 51.76470588 0)
(1563.636364 51.76470588 0)
(1581.818182 51.76470588 0)
(1600 51.76470588 0)
(1618.181818 51.76470588 0)
(1636.363636 51.76470588 0)
(1654.545455 51.76470588 0)
(1672.727273 51.76470588 0)
(1690.909091 51.76470588 0)
(1709.090909 51.76470588 0)
(1727.272727 51.76470588 0)
(1745.454545 51.76470588 0)
(1763.636364 51.76470588 0)
(1781.818182 51.76470588 0)
(1800 51.76470588 0)
(1818.181818 51.76470588 0)
(1836.363636 51.76470588 0)
(1854.545455 51.76470588 0)
(1872.727273 51.76470588 0)
(1890.909091 51.76470588 0)
(1909.090909 51.76470588 0)
(1927.272727 51.76470588 0)
(1945.454545 51.76470588 0)
(1963.636364 51.76470588 0)
(1981.818182 51.76470588 0)
(2000 51.76470588 0)
(0 52.94117647 0)
(18.18181818 52.94117647 0)
(36.36363636 52.94117647 0)
(54.54545455 52.94117647 0)
(72.72727273 52.94117647 0)
(90.90909091 52.94117647 0)
(109.0909091 52.94117647 0)
(127.2727273 52.94117647 0)
(145.4545455 52.94117647 0)
(163.6363636 52.94117647 0)
(181.8181818 52.94117647 0)
(200 52.94117647 0)
(218.1818182 52.94117647 0)
(236.3636364 52.94117647 0)
(254.5454545 52.94117647 0)
(272.7272727 52.94117647 0)
(290.9090909 52.94117647 0)
(309.0909091 52.94117647 0)
(327.2727273 52.94117647 0)
(345.4545455 52.94117647 0)
(363.6363636 52.94117647 0)
(381.8181818 52.94117647 0)
(400 52.94117647 0)
(418.1818182 52.94117647 0)
(436.3636364 52.94117647 0)
(454.5454545 52.94117647 0)
(472.7272727 52.94117647 0)
(490.9090909 52.94117647 0)
(509.0909091 52.94117647 0)
(527.2727273 52.94117647 0)
(545.4545455 52.94117647 0)
(563.6363636 52.94117647 0)
(581.8181818 52.94117647 0)
(600 52.94117647 0)
(618.1818182 52.94117647 0)
(636.3636364 52.94117647 0)
(654.5454545 52.94117647 0)
(672.7272727 52.94117647 0)
(690.9090909 52.94117647 0)
(709.0909091 52.94117647 0)
(727.2727273 52.94117647 0)
(745.4545455 52.94117647 0)
(763.6363636 52.94117647 0)
(781.8181818 52.94117647 0)
(800 52.94117647 0)
(818.1818182 52.94117647 0)
(836.3636364 52.94117647 0)
(854.5454545 52.94117647 0)
(872.7272727 52.94117647 0)
(890.9090909 52.94117647 0)
(909.0909091 52.94117647 0)
(927.2727273 52.94117647 0)
(945.4545455 52.94117647 0)
(963.6363636 52.94117647 0)
(981.8181818 52.94117647 0)
(1000 52.94117647 0)
(1018.181818 52.94117647 0)
(1036.363636 52.94117647 0)
(1054.545455 52.94117647 0)
(1072.727273 52.94117647 0)
(1090.909091 52.94117647 0)
(1109.090909 52.94117647 0)
(1127.272727 52.94117647 0)
(1145.454545 52.94117647 0)
(1163.636364 52.94117647 0)
(1181.818182 52.94117647 0)
(1200 52.94117647 0)
(1218.181818 52.94117647 0)
(1236.363636 52.94117647 0)
(1254.545455 52.94117647 0)
(1272.727273 52.94117647 0)
(1290.909091 52.94117647 0)
(1309.090909 52.94117647 0)
(1327.272727 52.94117647 0)
(1345.454545 52.94117647 0)
(1363.636364 52.94117647 0)
(1381.818182 52.94117647 0)
(1400 52.94117647 0)
(1418.181818 52.94117647 0)
(1436.363636 52.94117647 0)
(1454.545455 52.94117647 0)
(1472.727273 52.94117647 0)
(1490.909091 52.94117647 0)
(1509.090909 52.94117647 0)
(1527.272727 52.94117647 0)
(1545.454545 52.94117647 0)
(1563.636364 52.94117647 0)
(1581.818182 52.94117647 0)
(1600 52.94117647 0)
(1618.181818 52.94117647 0)
(1636.363636 52.94117647 0)
(1654.545455 52.94117647 0)
(1672.727273 52.94117647 0)
(1690.909091 52.94117647 0)
(1709.090909 52.94117647 0)
(1727.272727 52.94117647 0)
(1745.454545 52.94117647 0)
(1763.636364 52.94117647 0)
(1781.818182 52.94117647 0)
(1800 52.94117647 0)
(1818.181818 52.94117647 0)
(1836.363636 52.94117647 0)
(1854.545455 52.94117647 0)
(1872.727273 52.94117647 0)
(1890.909091 52.94117647 0)
(1909.090909 52.94117647 0)
(1927.272727 52.94117647 0)
(1945.454545 52.94117647 0)
(1963.636364 52.94117647 0)
(1981.818182 52.94117647 0)
(2000 52.94117647 0)
(0 54.11764706 0)
(18.18181818 54.11764706 0)
(36.36363636 54.11764706 0)
(54.54545455 54.11764706 0)
(72.72727273 54.11764706 0)
(90.90909091 54.11764706 0)
(109.0909091 54.11764706 0)
(127.2727273 54.11764706 0)
(145.4545455 54.11764706 0)
(163.6363636 54.11764706 0)
(181.8181818 54.11764706 0)
(200 54.11764706 0)
(218.1818182 54.11764706 0)
(236.3636364 54.11764706 0)
(254.5454545 54.11764706 0)
(272.7272727 54.11764706 0)
(290.9090909 54.11764706 0)
(309.0909091 54.11764706 0)
(327.2727273 54.11764706 0)
(345.4545455 54.11764706 0)
(363.6363636 54.11764706 0)
(381.8181818 54.11764706 0)
(400 54.11764706 0)
(418.1818182 54.11764706 0)
(436.3636364 54.11764706 0)
(454.5454545 54.11764706 0)
(472.7272727 54.11764706 0)
(490.9090909 54.11764706 0)
(509.0909091 54.11764706 0)
(527.2727273 54.11764706 0)
(545.4545455 54.11764706 0)
(563.6363636 54.11764706 0)
(581.8181818 54.11764706 0)
(600 54.11764706 0)
(618.1818182 54.11764706 0)
(636.3636364 54.11764706 0)
(654.5454545 54.11764706 0)
(672.7272727 54.11764706 0)
(690.9090909 54.11764706 0)
(709.0909091 54.11764706 0)
(727.2727273 54.11764706 0)
(745.4545455 54.11764706 0)
(763.6363636 54.11764706 0)
(781.8181818 54.11764706 0)
(800 54.11764706 0)
(818.1818182 54.11764706 0)
(836.3636364 54.11764706 0)
(854.5454545 54.11764706 0)
(872.7272727 54.11764706 0)
(890.9090909 54.11764706 0)
(909.0909091 54.11764706 0)
(927.2727273 54.11764706 0)
(945.4545455 54.11764706 0)
(963.6363636 54.11764706 0)
(981.8181818 54.11764706 0)
(1000 54.11764706 0)
(1018.181818 54.11764706 0)
(1036.363636 54.11764706 0)
(1054.545455 54.11764706 0)
(1072.727273 54.11764706 0)
(1090.909091 54.11764706 0)
(1109.090909 54.11764706 0)
(1127.272727 54.11764706 0)
(1145.454545 54.11764706 0)
(1163.636364 54.11764706 0)
(1181.818182 54.11764706 0)
(1200 54.11764706 0)
(1218.181818 54.11764706 0)
(1236.363636 54.11764706 0)
(1254.545455 54.11764706 0)
(1272.727273 54.11764706 0)
(1290.909091 54.11764706 0)
(1309.090909 54.11764706 0)
(1327.272727 54.11764706 0)
(1345.454545 54.11764706 0)
(1363.636364 54.11764706 0)
(1381.818182 54.11764706 0)
(1400 54.11764706 0)
(1418.181818 54.11764706 0)
(1436.363636 54.11764706 0)
(1454.545455 54.11764706 0)
(1472.727273 54.11764706 0)
(1490.909091 54.11764706 0)
(1509.090909 54.11764706 0)
(1527.272727 54.11764706 0)
(1545.454545 54.11764706 0)
(1563.636364 54.11764706 0)
(1581.818182 54.11764706 0)
(1600 54.11764706 0)
(1618.181818 54.11764706 0)
(1636.363636 54.11764706 0)
(1654.545455 54.11764706 0)
(1672.727273 54.11764706 0)
(1690.909091 54.11764706 0)
(1709.090909 54.11764706 0)
(1727.272727 54.11764706 0)
(1745.454545 54.11764706 0)
(1763.636364 54.11764706 0)
(1781.818182 54.11764706 0)
(1800 54.11764706 0)
(1818.181818 54.11764706 0)
(1836.363636 54.11764706 0)
(1854.545455 54.11764706 0)
(1872.727273 54.11764706 0)
(1890.909091 54.11764706 0)
(1909.090909 54.11764706 0)
(1927.272727 54.11764706 0)
(1945.454545 54.11764706 0)
(1963.636364 54.11764706 0)
(1981.818182 54.11764706 0)
(2000 54.11764706 0)
(0 55.29411765 0)
(18.18181818 55.29411765 0)
(36.36363636 55.29411765 0)
(54.54545455 55.29411765 0)
(72.72727273 55.29411765 0)
(90.90909091 55.29411765 0)
(109.0909091 55.29411765 0)
(127.2727273 55.29411765 0)
(145.4545455 55.29411765 0)
(163.6363636 55.29411765 0)
(181.8181818 55.29411765 0)
(200 55.29411765 0)
(218.1818182 55.29411765 0)
(236.3636364 55.29411765 0)
(254.5454545 55.29411765 0)
(272.7272727 55.29411765 0)
(290.9090909 55.29411765 0)
(309.0909091 55.29411765 0)
(327.2727273 55.29411765 0)
(345.4545455 55.29411765 0)
(363.6363636 55.29411765 0)
(381.8181818 55.29411765 0)
(400 55.29411765 0)
(418.1818182 55.29411765 0)
(436.3636364 55.29411765 0)
(454.5454545 55.29411765 0)
(472.7272727 55.29411765 0)
(490.9090909 55.29411765 0)
(509.0909091 55.29411765 0)
(527.2727273 55.29411765 0)
(545.4545455 55.29411765 0)
(563.6363636 55.29411765 0)
(581.8181818 55.29411765 0)
(600 55.29411765 0)
(618.1818182 55.29411765 0)
(636.3636364 55.29411765 0)
(654.5454545 55.29411765 0)
(672.7272727 55.29411765 0)
(690.9090909 55.29411765 0)
(709.0909091 55.29411765 0)
(727.2727273 55.29411765 0)
(745.4545455 55.29411765 0)
(763.6363636 55.29411765 0)
(781.8181818 55.29411765 0)
(800 55.29411765 0)
(818.1818182 55.29411765 0)
(836.3636364 55.29411765 0)
(854.5454545 55.29411765 0)
(872.7272727 55.29411765 0)
(890.9090909 55.29411765 0)
(909.0909091 55.29411765 0)
(927.2727273 55.29411765 0)
(945.4545455 55.29411765 0)
(963.6363636 55.29411765 0)
(981.8181818 55.29411765 0)
(1000 55.29411765 0)
(1018.181818 55.29411765 0)
(1036.363636 55.29411765 0)
(1054.545455 55.29411765 0)
(1072.727273 55.29411765 0)
(1090.909091 55.29411765 0)
(1109.090909 55.29411765 0)
(1127.272727 55.29411765 0)
(1145.454545 55.29411765 0)
(1163.636364 55.29411765 0)
(1181.818182 55.29411765 0)
(1200 55.29411765 0)
(1218.181818 55.29411765 0)
(1236.363636 55.29411765 0)
(1254.545455 55.29411765 0)
(1272.727273 55.29411765 0)
(1290.909091 55.29411765 0)
(1309.090909 55.29411765 0)
(1327.272727 55.29411765 0)
(1345.454545 55.29411765 0)
(1363.636364 55.29411765 0)
(1381.818182 55.29411765 0)
(1400 55.29411765 0)
(1418.181818 55.29411765 0)
(1436.363636 55.29411765 0)
(1454.545455 55.29411765 0)
(1472.727273 55.29411765 0)
(1490.909091 55.29411765 0)
(1509.090909 55.29411765 0)
(1527.272727 55.29411765 0)
(1545.454545 55.29411765 0)
(1563.636364 55.29411765 0)
(1581.818182 55.29411765 0)
(1600 55.29411765 0)
(1618.181818 55.29411765 0)
(1636.363636 55.29411765 0)
(1654.545455 55.29411765 0)
(1672.727273 55.29411765 0)
(1690.909091 55.29411765 0)
(1709.090909 55.29411765 0)
(1727.272727 55.29411765 0)
(1745.454545 55.29411765 0)
(1763.636364 55.29411765 0)
(1781.818182 55.29411765 0)
(1800 55.29411765 0)
(1818.181818 55.29411765 0)
(1836.363636 55.29411765 0)
(1854.545455 55.29411765 0)
(1872.727273 55.29411765 0)
(1890.909091 55.29411765 0)
(1909.090909 55.29411765 0)
(1927.272727 55.29411765 0)
(1945.454545 55.29411765 0)
(1963.636364 55.29411765 0)
(1981.818182 55.29411765 0)
(2000 55.29411765 0)
(0 56.47058824 0)
(18.18181818 56.47058824 0)
(36.36363636 56.47058824 0)
(54.54545455 56.47058824 0)
(72.72727273 56.47058824 0)
(90.90909091 56.47058824 0)
(109.0909091 56.47058824 0)
(127.2727273 56.47058824 0)
(145.4545455 56.47058824 0)
(163.6363636 56.47058824 0)
(181.8181818 56.47058824 0)
(200 56.47058824 0)
(218.1818182 56.47058824 0)
(236.3636364 56.47058824 0)
(254.5454545 56.47058824 0)
(272.7272727 56.47058824 0)
(290.9090909 56.47058824 0)
(309.0909091 56.47058824 0)
(327.2727273 56.47058824 0)
(345.4545455 56.47058824 0)
(363.6363636 56.47058824 0)
(381.8181818 56.47058824 0)
(400 56.47058824 0)
(418.1818182 56.47058824 0)
(436.3636364 56.47058824 0)
(454.5454545 56.47058824 0)
(472.7272727 56.47058824 0)
(490.9090909 56.47058824 0)
(509.0909091 56.47058824 0)
(527.2727273 56.47058824 0)
(545.4545455 56.47058824 0)
(563.6363636 56.47058824 0)
(581.8181818 56.47058824 0)
(600 56.47058824 0)
(618.1818182 56.47058824 0)
(636.3636364 56.47058824 0)
(654.5454545 56.47058824 0)
(672.7272727 56.47058824 0)
(690.9090909 56.47058824 0)
(709.0909091 56.47058824 0)
(727.2727273 56.47058824 0)
(745.4545455 56.47058824 0)
(763.6363636 56.47058824 0)
(781.8181818 56.47058824 0)
(800 56.47058824 0)
(818.1818182 56.47058824 0)
(836.3636364 56.47058824 0)
(854.5454545 56.47058824 0)
(872.7272727 56.47058824 0)
(890.9090909 56.47058824 0)
(909.0909091 56.47058824 0)
(927.2727273 56.47058824 0)
(945.4545455 56.47058824 0)
(963.6363636 56.47058824 0)
(981.8181818 56.47058824 0)
(1000 56.47058824 0)
(1018.181818 56.47058824 0)
(1036.363636 56.47058824 0)
(1054.545455 56.47058824 0)
(1072.727273 56.47058824 0)
(1090.909091 56.47058824 0)
(1109.090909 56.47058824 0)
(1127.272727 56.47058824 0)
(1145.454545 56.47058824 0)
(1163.636364 56.47058824 0)
(1181.818182 56.47058824 0)
(1200 56.47058824 0)
(1218.181818 56.47058824 0)
(1236.363636 56.47058824 0)
(1254.545455 56.47058824 0)
(1272.727273 56.47058824 0)
(1290.909091 56.47058824 0)
(1309.090909 56.47058824 0)
(1327.272727 56.47058824 0)
(1345.454545 56.47058824 0)
(1363.636364 56.47058824 0)
(1381.818182 56.47058824 0)
(1400 56.47058824 0)
(1418.181818 56.47058824 0)
(1436.363636 56.47058824 0)
(1454.545455 56.47058824 0)
(1472.727273 56.47058824 0)
(1490.909091 56.47058824 0)
(1509.090909 56.47058824 0)
(1527.272727 56.47058824 0)
(1545.454545 56.47058824 0)
(1563.636364 56.47058824 0)
(1581.818182 56.47058824 0)
(1600 56.47058824 0)
(1618.181818 56.47058824 0)
(1636.363636 56.47058824 0)
(1654.545455 56.47058824 0)
(1672.727273 56.47058824 0)
(1690.909091 56.47058824 0)
(1709.090909 56.47058824 0)
(1727.272727 56.47058824 0)
(1745.454545 56.47058824 0)
(1763.636364 56.47058824 0)
(1781.818182 56.47058824 0)
(1800 56.47058824 0)
(1818.181818 56.47058824 0)
(1836.363636 56.47058824 0)
(1854.545455 56.47058824 0)
(1872.727273 56.47058824 0)
(1890.909091 56.47058824 0)
(1909.090909 56.47058824 0)
(1927.272727 56.47058824 0)
(1945.454545 56.47058824 0)
(1963.636364 56.47058824 0)
(1981.818182 56.47058824 0)
(2000 56.47058824 0)
(0 57.64705882 0)
(18.18181818 57.64705882 0)
(36.36363636 57.64705882 0)
(54.54545455 57.64705882 0)
(72.72727273 57.64705882 0)
(90.90909091 57.64705882 0)
(109.0909091 57.64705882 0)
(127.2727273 57.64705882 0)
(145.4545455 57.64705882 0)
(163.6363636 57.64705882 0)
(181.8181818 57.64705882 0)
(200 57.64705882 0)
(218.1818182 57.64705882 0)
(236.3636364 57.64705882 0)
(254.5454545 57.64705882 0)
(272.7272727 57.64705882 0)
(290.9090909 57.64705882 0)
(309.0909091 57.64705882 0)
(327.2727273 57.64705882 0)
(345.4545455 57.64705882 0)
(363.6363636 57.64705882 0)
(381.8181818 57.64705882 0)
(400 57.64705882 0)
(418.1818182 57.64705882 0)
(436.3636364 57.64705882 0)
(454.5454545 57.64705882 0)
(472.7272727 57.64705882 0)
(490.9090909 57.64705882 0)
(509.0909091 57.64705882 0)
(527.2727273 57.64705882 0)
(545.4545455 57.64705882 0)
(563.6363636 57.64705882 0)
(581.8181818 57.64705882 0)
(600 57.64705882 0)
(618.1818182 57.64705882 0)
(636.3636364 57.64705882 0)
(654.5454545 57.64705882 0)
(672.7272727 57.64705882 0)
(690.9090909 57.64705882 0)
(709.0909091 57.64705882 0)
(727.2727273 57.64705882 0)
(745.4545455 57.64705882 0)
(763.6363636 57.64705882 0)
(781.8181818 57.64705882 0)
(800 57.64705882 0)
(818.1818182 57.64705882 0)
(836.3636364 57.64705882 0)
(854.5454545 57.64705882 0)
(872.7272727 57.64705882 0)
(890.9090909 57.64705882 0)
(909.0909091 57.64705882 0)
(927.2727273 57.64705882 0)
(945.4545455 57.64705882 0)
(963.6363636 57.64705882 0)
(981.8181818 57.64705882 0)
(1000 57.64705882 0)
(1018.181818 57.64705882 0)
(1036.363636 57.64705882 0)
(1054.545455 57.64705882 0)
(1072.727273 57.64705882 0)
(1090.909091 57.64705882 0)
(1109.090909 57.64705882 0)
(1127.272727 57.64705882 0)
(1145.454545 57.64705882 0)
(1163.636364 57.64705882 0)
(1181.818182 57.64705882 0)
(1200 57.64705882 0)
(1218.181818 57.64705882 0)
(1236.363636 57.64705882 0)
(1254.545455 57.64705882 0)
(1272.727273 57.64705882 0)
(1290.909091 57.64705882 0)
(1309.090909 57.64705882 0)
(1327.272727 57.64705882 0)
(1345.454545 57.64705882 0)
(1363.636364 57.64705882 0)
(1381.818182 57.64705882 0)
(1400 57.64705882 0)
(1418.181818 57.64705882 0)
(1436.363636 57.64705882 0)
(1454.545455 57.64705882 0)
(1472.727273 57.64705882 0)
(1490.909091 57.64705882 0)
(1509.090909 57.64705882 0)
(1527.272727 57.64705882 0)
(1545.454545 57.64705882 0)
(1563.636364 57.64705882 0)
(1581.818182 57.64705882 0)
(1600 57.64705882 0)
(1618.181818 57.64705882 0)
(1636.363636 57.64705882 0)
(1654.545455 57.64705882 0)
(1672.727273 57.64705882 0)
(1690.909091 57.64705882 0)
(1709.090909 57.64705882 0)
(1727.272727 57.64705882 0)
(1745.454545 57.64705882 0)
(1763.636364 57.64705882 0)
(1781.818182 57.64705882 0)
(1800 57.64705882 0)
(1818.181818 57.64705882 0)
(1836.363636 57.64705882 0)
(1854.545455 57.64705882 0)
(1872.727273 57.64705882 0)
(1890.909091 57.64705882 0)
(1909.090909 57.64705882 0)
(1927.272727 57.64705882 0)
(1945.454545 57.64705882 0)
(1963.636364 57.64705882 0)
(1981.818182 57.64705882 0)
(2000 57.64705882 0)
(0 58.82352941 0)
(18.18181818 58.82352941 0)
(36.36363636 58.82352941 0)
(54.54545455 58.82352941 0)
(72.72727273 58.82352941 0)
(90.90909091 58.82352941 0)
(109.0909091 58.82352941 0)
(127.2727273 58.82352941 0)
(145.4545455 58.82352941 0)
(163.6363636 58.82352941 0)
(181.8181818 58.82352941 0)
(200 58.82352941 0)
(218.1818182 58.82352941 0)
(236.3636364 58.82352941 0)
(254.5454545 58.82352941 0)
(272.7272727 58.82352941 0)
(290.9090909 58.82352941 0)
(309.0909091 58.82352941 0)
(327.2727273 58.82352941 0)
(345.4545455 58.82352941 0)
(363.6363636 58.82352941 0)
(381.8181818 58.82352941 0)
(400 58.82352941 0)
(418.1818182 58.82352941 0)
(436.3636364 58.82352941 0)
(454.5454545 58.82352941 0)
(472.7272727 58.82352941 0)
(490.9090909 58.82352941 0)
(509.0909091 58.82352941 0)
(527.2727273 58.82352941 0)
(545.4545455 58.82352941 0)
(563.6363636 58.82352941 0)
(581.8181818 58.82352941 0)
(600 58.82352941 0)
(618.1818182 58.82352941 0)
(636.3636364 58.82352941 0)
(654.5454545 58.82352941 0)
(672.7272727 58.82352941 0)
(690.9090909 58.82352941 0)
(709.0909091 58.82352941 0)
(727.2727273 58.82352941 0)
(745.4545455 58.82352941 0)
(763.6363636 58.82352941 0)
(781.8181818 58.82352941 0)
(800 58.82352941 0)
(818.1818182 58.82352941 0)
(836.3636364 58.82352941 0)
(854.5454545 58.82352941 0)
(872.7272727 58.82352941 0)
(890.9090909 58.82352941 0)
(909.0909091 58.82352941 0)
(927.2727273 58.82352941 0)
(945.4545455 58.82352941 0)
(963.6363636 58.82352941 0)
(981.8181818 58.82352941 0)
(1000 58.82352941 0)
(1018.181818 58.82352941 0)
(1036.363636 58.82352941 0)
(1054.545455 58.82352941 0)
(1072.727273 58.82352941 0)
(1090.909091 58.82352941 0)
(1109.090909 58.82352941 0)
(1127.272727 58.82352941 0)
(1145.454545 58.82352941 0)
(1163.636364 58.82352941 0)
(1181.818182 58.82352941 0)
(1200 58.82352941 0)
(1218.181818 58.82352941 0)
(1236.363636 58.82352941 0)
(1254.545455 58.82352941 0)
(1272.727273 58.82352941 0)
(1290.909091 58.82352941 0)
(1309.090909 58.82352941 0)
(1327.272727 58.82352941 0)
(1345.454545 58.82352941 0)
(1363.636364 58.82352941 0)
(1381.818182 58.82352941 0)
(1400 58.82352941 0)
(1418.181818 58.82352941 0)
(1436.363636 58.82352941 0)
(1454.545455 58.82352941 0)
(1472.727273 58.82352941 0)
(1490.909091 58.82352941 0)
(1509.090909 58.82352941 0)
(1527.272727 58.82352941 0)
(1545.454545 58.82352941 0)
(1563.636364 58.82352941 0)
(1581.818182 58.82352941 0)
(1600 58.82352941 0)
(1618.181818 58.82352941 0)
(1636.363636 58.82352941 0)
(1654.545455 58.82352941 0)
(1672.727273 58.82352941 0)
(1690.909091 58.82352941 0)
(1709.090909 58.82352941 0)
(1727.272727 58.82352941 0)
(1745.454545 58.82352941 0)
(1763.636364 58.82352941 0)
(1781.818182 58.82352941 0)
(1800 58.82352941 0)
(1818.181818 58.82352941 0)
(1836.363636 58.82352941 0)
(1854.545455 58.82352941 0)
(1872.727273 58.82352941 0)
(1890.909091 58.82352941 0)
(1909.090909 58.82352941 0)
(1927.272727 58.82352941 0)
(1945.454545 58.82352941 0)
(1963.636364 58.82352941 0)
(1981.818182 58.82352941 0)
(2000 58.82352941 0)
(0 60 0)
(18.18181818 60 0)
(36.36363636 60 0)
(54.54545455 60 0)
(72.72727273 60 0)
(90.90909091 60 0)
(109.0909091 60 0)
(127.2727273 60 0)
(145.4545455 60 0)
(163.6363636 60 0)
(181.8181818 60 0)
(200 60 0)
(218.1818182 60 0)
(236.3636364 60 0)
(254.5454545 60 0)
(272.7272727 60 0)
(290.9090909 60 0)
(309.0909091 60 0)
(327.2727273 60 0)
(345.4545455 60 0)
(363.6363636 60 0)
(381.8181818 60 0)
(400 60 0)
(418.1818182 60 0)
(436.3636364 60 0)
(454.5454545 60 0)
(472.7272727 60 0)
(490.9090909 60 0)
(509.0909091 60 0)
(527.2727273 60 0)
(545.4545455 60 0)
(563.6363636 60 0)
(581.8181818 60 0)
(600 60 0)
(618.1818182 60 0)
(636.3636364 60 0)
(654.5454545 60 0)
(672.7272727 60 0)
(690.9090909 60 0)
(709.0909091 60 0)
(727.2727273 60 0)
(745.4545455 60 0)
(763.6363636 60 0)
(781.8181818 60 0)
(800 60 0)
(818.1818182 60 0)
(836.3636364 60 0)
(854.5454545 60 0)
(872.7272727 60 0)
(890.9090909 60 0)
(909.0909091 60 0)
(927.2727273 60 0)
(945.4545455 60 0)
(963.6363636 60 0)
(981.8181818 60 0)
(1000 60 0)
(1018.181818 60 0)
(1036.363636 60 0)
(1054.545455 60 0)
(1072.727273 60 0)
(1090.909091 60 0)
(1109.090909 60 0)
(1127.272727 60 0)
(1145.454545 60 0)
(1163.636364 60 0)
(1181.818182 60 0)
(1200 60 0)
(1218.181818 60 0)
(1236.363636 60 0)
(1254.545455 60 0)
(1272.727273 60 0)
(1290.909091 60 0)
(1309.090909 60 0)
(1327.272727 60 0)
(1345.454545 60 0)
(1363.636364 60 0)
(1381.818182 60 0)
(1400 60 0)
(1418.181818 60 0)
(1436.363636 60 0)
(1454.545455 60 0)
(1472.727273 60 0)
(1490.909091 60 0)
(1509.090909 60 0)
(1527.272727 60 0)
(1545.454545 60 0)
(1563.636364 60 0)
(1581.818182 60 0)
(1600 60 0)
(1618.181818 60 0)
(1636.363636 60 0)
(1654.545455 60 0)
(1672.727273 60 0)
(1690.909091 60 0)
(1709.090909 60 0)
(1727.272727 60 0)
(1745.454545 60 0)
(1763.636364 60 0)
(1781.818182 60 0)
(1800 60 0)
(1818.181818 60 0)
(1836.363636 60 0)
(1854.545455 60 0)
(1872.727273 60 0)
(1890.909091 60 0)
(1909.090909 60 0)
(1927.272727 60 0)
(1945.454545 60 0)
(1963.636364 60 0)
(1981.818182 60 0)
(2000 60 0)
(0 61.17647059 0)
(18.18181818 61.17647059 0)
(36.36363636 61.17647059 0)
(54.54545455 61.17647059 0)
(72.72727273 61.17647059 0)
(90.90909091 61.17647059 0)
(109.0909091 61.17647059 0)
(127.2727273 61.17647059 0)
(145.4545455 61.17647059 0)
(163.6363636 61.17647059 0)
(181.8181818 61.17647059 0)
(200 61.17647059 0)
(218.1818182 61.17647059 0)
(236.3636364 61.17647059 0)
(254.5454545 61.17647059 0)
(272.7272727 61.17647059 0)
(290.9090909 61.17647059 0)
(309.0909091 61.17647059 0)
(327.2727273 61.17647059 0)
(345.4545455 61.17647059 0)
(363.6363636 61.17647059 0)
(381.8181818 61.17647059 0)
(400 61.17647059 0)
(418.1818182 61.17647059 0)
(436.3636364 61.17647059 0)
(454.5454545 61.17647059 0)
(472.7272727 61.17647059 0)
(490.9090909 61.17647059 0)
(509.0909091 61.17647059 0)
(527.2727273 61.17647059 0)
(545.4545455 61.17647059 0)
(563.6363636 61.17647059 0)
(581.8181818 61.17647059 0)
(600 61.17647059 0)
(618.1818182 61.17647059 0)
(636.3636364 61.17647059 0)
(654.5454545 61.17647059 0)
(672.7272727 61.17647059 0)
(690.9090909 61.17647059 0)
(709.0909091 61.17647059 0)
(727.2727273 61.17647059 0)
(745.4545455 61.17647059 0)
(763.6363636 61.17647059 0)
(781.8181818 61.17647059 0)
(800 61.17647059 0)
(818.1818182 61.17647059 0)
(836.3636364 61.17647059 0)
(854.5454545 61.17647059 0)
(872.7272727 61.17647059 0)
(890.9090909 61.17647059 0)
(909.0909091 61.17647059 0)
(927.2727273 61.17647059 0)
(945.4545455 61.17647059 0)
(963.6363636 61.17647059 0)
(981.8181818 61.17647059 0)
(1000 61.17647059 0)
(1018.181818 61.17647059 0)
(1036.363636 61.17647059 0)
(1054.545455 61.17647059 0)
(1072.727273 61.17647059 0)
(1090.909091 61.17647059 0)
(1109.090909 61.17647059 0)
(1127.272727 61.17647059 0)
(1145.454545 61.17647059 0)
(1163.636364 61.17647059 0)
(1181.818182 61.17647059 0)
(1200 61.17647059 0)
(1218.181818 61.17647059 0)
(1236.363636 61.17647059 0)
(1254.545455 61.17647059 0)
(1272.727273 61.17647059 0)
(1290.909091 61.17647059 0)
(1309.090909 61.17647059 0)
(1327.272727 61.17647059 0)
(1345.454545 61.17647059 0)
(1363.636364 61.17647059 0)
(1381.818182 61.17647059 0)
(1400 61.17647059 0)
(1418.181818 61.17647059 0)
(1436.363636 61.17647059 0)
(1454.545455 61.17647059 0)
(1472.727273 61.17647059 0)
(1490.909091 61.17647059 0)
(1509.090909 61.17647059 0)
(1527.272727 61.17647059 0)
(1545.454545 61.17647059 0)
(1563.636364 61.17647059 0)
(1581.818182 61.17647059 0)
(1600 61.17647059 0)
(1618.181818 61.17647059 0)
(1636.363636 61.17647059 0)
(1654.545455 61.17647059 0)
(1672.727273 61.17647059 0)
(1690.909091 61.17647059 0)
(1709.090909 61.17647059 0)
(1727.272727 61.17647059 0)
(1745.454545 61.17647059 0)
(1763.636364 61.17647059 0)
(1781.818182 61.17647059 0)
(1800 61.17647059 0)
(1818.181818 61.17647059 0)
(1836.363636 61.17647059 0)
(1854.545455 61.17647059 0)
(1872.727273 61.17647059 0)
(1890.909091 61.17647059 0)
(1909.090909 61.17647059 0)
(1927.272727 61.17647059 0)
(1945.454545 61.17647059 0)
(1963.636364 61.17647059 0)
(1981.818182 61.17647059 0)
(2000 61.17647059 0)
(0 62.35294118 0)
(18.18181818 62.35294118 0)
(36.36363636 62.35294118 0)
(54.54545455 62.35294118 0)
(72.72727273 62.35294118 0)
(90.90909091 62.35294118 0)
(109.0909091 62.35294118 0)
(127.2727273 62.35294118 0)
(145.4545455 62.35294118 0)
(163.6363636 62.35294118 0)
(181.8181818 62.35294118 0)
(200 62.35294118 0)
(218.1818182 62.35294118 0)
(236.3636364 62.35294118 0)
(254.5454545 62.35294118 0)
(272.7272727 62.35294118 0)
(290.9090909 62.35294118 0)
(309.0909091 62.35294118 0)
(327.2727273 62.35294118 0)
(345.4545455 62.35294118 0)
(363.6363636 62.35294118 0)
(381.8181818 62.35294118 0)
(400 62.35294118 0)
(418.1818182 62.35294118 0)
(436.3636364 62.35294118 0)
(454.5454545 62.35294118 0)
(472.7272727 62.35294118 0)
(490.9090909 62.35294118 0)
(509.0909091 62.35294118 0)
(527.2727273 62.35294118 0)
(545.4545455 62.35294118 0)
(563.6363636 62.35294118 0)
(581.8181818 62.35294118 0)
(600 62.35294118 0)
(618.1818182 62.35294118 0)
(636.3636364 62.35294118 0)
(654.5454545 62.35294118 0)
(672.7272727 62.35294118 0)
(690.9090909 62.35294118 0)
(709.0909091 62.35294118 0)
(727.2727273 62.35294118 0)
(745.4545455 62.35294118 0)
(763.6363636 62.35294118 0)
(781.8181818 62.35294118 0)
(800 62.35294118 0)
(818.1818182 62.35294118 0)
(836.3636364 62.35294118 0)
(854.5454545 62.35294118 0)
(872.7272727 62.35294118 0)
(890.9090909 62.35294118 0)
(909.0909091 62.35294118 0)
(927.2727273 62.35294118 0)
(945.4545455 62.35294118 0)
(963.6363636 62.35294118 0)
(981.8181818 62.35294118 0)
(1000 62.35294118 0)
(1018.181818 62.35294118 0)
(1036.363636 62.35294118 0)
(1054.545455 62.35294118 0)
(1072.727273 62.35294118 0)
(1090.909091 62.35294118 0)
(1109.090909 62.35294118 0)
(1127.272727 62.35294118 0)
(1145.454545 62.35294118 0)
(1163.636364 62.35294118 0)
(1181.818182 62.35294118 0)
(1200 62.35294118 0)
(1218.181818 62.35294118 0)
(1236.363636 62.35294118 0)
(1254.545455 62.35294118 0)
(1272.727273 62.35294118 0)
(1290.909091 62.35294118 0)
(1309.090909 62.35294118 0)
(1327.272727 62.35294118 0)
(1345.454545 62.35294118 0)
(1363.636364 62.35294118 0)
(1381.818182 62.35294118 0)
(1400 62.35294118 0)
(1418.181818 62.35294118 0)
(1436.363636 62.35294118 0)
(1454.545455 62.35294118 0)
(1472.727273 62.35294118 0)
(1490.909091 62.35294118 0)
(1509.090909 62.35294118 0)
(1527.272727 62.35294118 0)
(1545.454545 62.35294118 0)
(1563.636364 62.35294118 0)
(1581.818182 62.35294118 0)
(1600 62.35294118 0)
(1618.181818 62.35294118 0)
(1636.363636 62.35294118 0)
(1654.545455 62.35294118 0)
(1672.727273 62.35294118 0)
(1690.909091 62.35294118 0)
(1709.090909 62.35294118 0)
(1727.272727 62.35294118 0)
(1745.454545 62.35294118 0)
(1763.636364 62.35294118 0)
(1781.818182 62.35294118 0)
(1800 62.35294118 0)
(1818.181818 62.35294118 0)
(1836.363636 62.35294118 0)
(1854.545455 62.35294118 0)
(1872.727273 62.35294118 0)
(1890.909091 62.35294118 0)
(1909.090909 62.35294118 0)
(1927.272727 62.35294118 0)
(1945.454545 62.35294118 0)
(1963.636364 62.35294118 0)
(1981.818182 62.35294118 0)
(2000 62.35294118 0)
(0 63.52941176 0)
(18.18181818 63.52941176 0)
(36.36363636 63.52941176 0)
(54.54545455 63.52941176 0)
(72.72727273 63.52941176 0)
(90.90909091 63.52941176 0)
(109.0909091 63.52941176 0)
(127.2727273 63.52941176 0)
(145.4545455 63.52941176 0)
(163.6363636 63.52941176 0)
(181.8181818 63.52941176 0)
(200 63.52941176 0)
(218.1818182 63.52941176 0)
(236.3636364 63.52941176 0)
(254.5454545 63.52941176 0)
(272.7272727 63.52941176 0)
(290.9090909 63.52941176 0)
(309.0909091 63.52941176 0)
(327.2727273 63.52941176 0)
(345.4545455 63.52941176 0)
(363.6363636 63.52941176 0)
(381.8181818 63.52941176 0)
(400 63.52941176 0)
(418.1818182 63.52941176 0)
(436.3636364 63.52941176 0)
(454.5454545 63.52941176 0)
(472.7272727 63.52941176 0)
(490.9090909 63.52941176 0)
(509.0909091 63.52941176 0)
(527.2727273 63.52941176 0)
(545.4545455 63.52941176 0)
(563.6363636 63.52941176 0)
(581.8181818 63.52941176 0)
(600 63.52941176 0)
(618.1818182 63.52941176 0)
(636.3636364 63.52941176 0)
(654.5454545 63.52941176 0)
(672.7272727 63.52941176 0)
(690.9090909 63.52941176 0)
(709.0909091 63.52941176 0)
(727.2727273 63.52941176 0)
(745.4545455 63.52941176 0)
(763.6363636 63.52941176 0)
(781.8181818 63.52941176 0)
(800 63.52941176 0)
(818.1818182 63.52941176 0)
(836.3636364 63.52941176 0)
(854.5454545 63.52941176 0)
(872.7272727 63.52941176 0)
(890.9090909 63.52941176 0)
(909.0909091 63.52941176 0)
(927.2727273 63.52941176 0)
(945.4545455 63.52941176 0)
(963.6363636 63.52941176 0)
(981.8181818 63.52941176 0)
(1000 63.52941176 0)
(1018.181818 63.52941176 0)
(1036.363636 63.52941176 0)
(1054.545455 63.52941176 0)
(1072.727273 63.52941176 0)
(1090.909091 63.52941176 0)
(1109.090909 63.52941176 0)
(1127.272727 63.52941176 0)
(1145.454545 63.52941176 0)
(1163.636364 63.52941176 0)
(1181.818182 63.52941176 0)
(1200 63.52941176 0)
(1218.181818 63.52941176 0)
(1236.363636 63.52941176 0)
(1254.545455 63.52941176 0)
(1272.727273 63.52941176 0)
(1290.909091 63.52941176 0)
(1309.090909 63.52941176 0)
(1327.272727 63.52941176 0)
(1345.454545 63.52941176 0)
(1363.636364 63.52941176 0)
(1381.818182 63.52941176 0)
(1400 63.52941176 0)
(1418.181818 63.52941176 0)
(1436.363636 63.52941176 0)
(1454.545455 63.52941176 0)
(1472.727273 63.52941176 0)
(1490.909091 63.52941176 0)
(1509.090909 63.52941176 0)
(1527.272727 63.52941176 0)
(1545.454545 63.52941176 0)
(1563.636364 63.52941176 0)
(1581.818182 63.52941176 0)
(1600 63.52941176 0)
(1618.181818 63.52941176 0)
(1636.363636 63.52941176 0)
(1654.545455 63.52941176 0)
(1672.727273 63.52941176 0)
(1690.909091 63.52941176 0)
(1709.090909 63.52941176 0)
(1727.272727 63.52941176 0)
(1745.454545 63.52941176 0)
(1763.636364 63.52941176 0)
(1781.818182 63.52941176 0)
(1800 63.52941176 0)
(1818.181818 63.52941176 0)
(1836.363636 63.52941176 0)
(1854.545455 63.52941176 0)
(1872.727273 63.52941176 0)
(1890.909091 63.52941176 0)
(1909.090909 63.52941176 0)
(1927.272727 63.52941176 0)
(1945.454545 63.52941176 0)
(1963.636364 63.52941176 0)
(1981.818182 63.52941176 0)
(2000 63.52941176 0)
(0 64.70588235 0)
(18.18181818 64.70588235 0)
(36.36363636 64.70588235 0)
(54.54545455 64.70588235 0)
(72.72727273 64.70588235 0)
(90.90909091 64.70588235 0)
(109.0909091 64.70588235 0)
(127.2727273 64.70588235 0)
(145.4545455 64.70588235 0)
(163.6363636 64.70588235 0)
(181.8181818 64.70588235 0)
(200 64.70588235 0)
(218.1818182 64.70588235 0)
(236.3636364 64.70588235 0)
(254.5454545 64.70588235 0)
(272.7272727 64.70588235 0)
(290.9090909 64.70588235 0)
(309.0909091 64.70588235 0)
(327.2727273 64.70588235 0)
(345.4545455 64.70588235 0)
(363.6363636 64.70588235 0)
(381.8181818 64.70588235 0)
(400 64.70588235 0)
(418.1818182 64.70588235 0)
(436.3636364 64.70588235 0)
(454.5454545 64.70588235 0)
(472.7272727 64.70588235 0)
(490.9090909 64.70588235 0)
(509.0909091 64.70588235 0)
(527.2727273 64.70588235 0)
(545.4545455 64.70588235 0)
(563.6363636 64.70588235 0)
(581.8181818 64.70588235 0)
(600 64.70588235 0)
(618.1818182 64.70588235 0)
(636.3636364 64.70588235 0)
(654.5454545 64.70588235 0)
(672.7272727 64.70588235 0)
(690.9090909 64.70588235 0)
(709.0909091 64.70588235 0)
(727.2727273 64.70588235 0)
(745.4545455 64.70588235 0)
(763.6363636 64.70588235 0)
(781.8181818 64.70588235 0)
(800 64.70588235 0)
(818.1818182 64.70588235 0)
(836.3636364 64.70588235 0)
(854.5454545 64.70588235 0)
(872.7272727 64.70588235 0)
(890.9090909 64.70588235 0)
(909.0909091 64.70588235 0)
(927.2727273 64.70588235 0)
(945.4545455 64.70588235 0)
(963.6363636 64.70588235 0)
(981.8181818 64.70588235 0)
(1000 64.70588235 0)
(1018.181818 64.70588235 0)
(1036.363636 64.70588235 0)
(1054.545455 64.70588235 0)
(1072.727273 64.70588235 0)
(1090.909091 64.70588235 0)
(1109.090909 64.70588235 0)
(1127.272727 64.70588235 0)
(1145.454545 64.70588235 0)
(1163.636364 64.70588235 0)
(1181.818182 64.70588235 0)
(1200 64.70588235 0)
(1218.181818 64.70588235 0)
(1236.363636 64.70588235 0)
(1254.545455 64.70588235 0)
(1272.727273 64.70588235 0)
(1290.909091 64.70588235 0)
(1309.090909 64.70588235 0)
(1327.272727 64.70588235 0)
(1345.454545 64.70588235 0)
(1363.636364 64.70588235 0)
(1381.818182 64.70588235 0)
(1400 64.70588235 0)
(1418.181818 64.70588235 0)
(1436.363636 64.70588235 0)
(1454.545455 64.70588235 0)
(1472.727273 64.70588235 0)
(1490.909091 64.70588235 0)
(1509.090909 64.70588235 0)
(1527.272727 64.70588235 0)
(1545.454545 64.70588235 0)
(1563.636364 64.70588235 0)
(1581.818182 64.70588235 0)
(1600 64.70588235 0)
(1618.181818 64.70588235 0)
(1636.363636 64.70588235 0)
(1654.545455 64.70588235 0)
(1672.727273 64.70588235 0)
(1690.909091 64.70588235 0)
(1709.090909 64.70588235 0)
(1727.272727 64.70588235 0)
(1745.454545 64.70588235 0)
(1763.636364 64.70588235 0)
(1781.818182 64.70588235 0)
(1800 64.70588235 0)
(1818.181818 64.70588235 0)
(1836.363636 64.70588235 0)
(1854.545455 64.70588235 0)
(1872.727273 64.70588235 0)
(1890.909091 64.70588235 0)
(1909.090909 64.70588235 0)
(1927.272727 64.70588235 0)
(1945.454545 64.70588235 0)
(1963.636364 64.70588235 0)
(1981.818182 64.70588235 0)
(2000 64.70588235 0)
(0 65.88235294 0)
(18.18181818 65.88235294 0)
(36.36363636 65.88235294 0)
(54.54545455 65.88235294 0)
(72.72727273 65.88235294 0)
(90.90909091 65.88235294 0)
(109.0909091 65.88235294 0)
(127.2727273 65.88235294 0)
(145.4545455 65.88235294 0)
(163.6363636 65.88235294 0)
(181.8181818 65.88235294 0)
(200 65.88235294 0)
(218.1818182 65.88235294 0)
(236.3636364 65.88235294 0)
(254.5454545 65.88235294 0)
(272.7272727 65.88235294 0)
(290.9090909 65.88235294 0)
(309.0909091 65.88235294 0)
(327.2727273 65.88235294 0)
(345.4545455 65.88235294 0)
(363.6363636 65.88235294 0)
(381.8181818 65.88235294 0)
(400 65.88235294 0)
(418.1818182 65.88235294 0)
(436.3636364 65.88235294 0)
(454.5454545 65.88235294 0)
(472.7272727 65.88235294 0)
(490.9090909 65.88235294 0)
(509.0909091 65.88235294 0)
(527.2727273 65.88235294 0)
(545.4545455 65.88235294 0)
(563.6363636 65.88235294 0)
(581.8181818 65.88235294 0)
(600 65.88235294 0)
(618.1818182 65.88235294 0)
(636.3636364 65.88235294 0)
(654.5454545 65.88235294 0)
(672.7272727 65.88235294 0)
(690.9090909 65.88235294 0)
(709.0909091 65.88235294 0)
(727.2727273 65.88235294 0)
(745.4545455 65.88235294 0)
(763.6363636 65.88235294 0)
(781.8181818 65.88235294 0)
(800 65.88235294 0)
(818.1818182 65.88235294 0)
(836.3636364 65.88235294 0)
(854.5454545 65.88235294 0)
(872.7272727 65.88235294 0)
(890.9090909 65.88235294 0)
(909.0909091 65.88235294 0)
(927.2727273 65.88235294 0)
(945.4545455 65.88235294 0)
(963.6363636 65.88235294 0)
(981.8181818 65.88235294 0)
(1000 65.88235294 0)
(1018.181818 65.88235294 0)
(1036.363636 65.88235294 0)
(1054.545455 65.88235294 0)
(1072.727273 65.88235294 0)
(1090.909091 65.88235294 0)
(1109.090909 65.88235294 0)
(1127.272727 65.88235294 0)
(1145.454545 65.88235294 0)
(1163.636364 65.88235294 0)
(1181.818182 65.88235294 0)
(1200 65.88235294 0)
(1218.181818 65.88235294 0)
(1236.363636 65.88235294 0)
(1254.545455 65.88235294 0)
(1272.727273 65.88235294 0)
(1290.909091 65.88235294 0)
(1309.090909 65.88235294 0)
(1327.272727 65.88235294 0)
(1345.454545 65.88235294 0)
(1363.636364 65.88235294 0)
(1381.818182 65.88235294 0)
(1400 65.88235294 0)
(1418.181818 65.88235294 0)
(1436.363636 65.88235294 0)
(1454.545455 65.88235294 0)
(1472.727273 65.88235294 0)
(1490.909091 65.88235294 0)
(1509.090909 65.88235294 0)
(1527.272727 65.88235294 0)
(1545.454545 65.88235294 0)
(1563.636364 65.88235294 0)
(1581.818182 65.88235294 0)
(1600 65.88235294 0)
(1618.181818 65.88235294 0)
(1636.363636 65.88235294 0)
(1654.545455 65.88235294 0)
(1672.727273 65.88235294 0)
(1690.909091 65.88235294 0)
(1709.090909 65.88235294 0)
(1727.272727 65.88235294 0)
(1745.454545 65.88235294 0)
(1763.636364 65.88235294 0)
(1781.818182 65.88235294 0)
(1800 65.88235294 0)
(1818.181818 65.88235294 0)
(1836.363636 65.88235294 0)
(1854.545455 65.88235294 0)
(1872.727273 65.88235294 0)
(1890.909091 65.88235294 0)
(1909.090909 65.88235294 0)
(1927.272727 65.88235294 0)
(1945.454545 65.88235294 0)
(1963.636364 65.88235294 0)
(1981.818182 65.88235294 0)
(2000 65.88235294 0)
(0 67.05882353 0)
(18.18181818 67.05882353 0)
(36.36363636 67.05882353 0)
(54.54545455 67.05882353 0)
(72.72727273 67.05882353 0)
(90.90909091 67.05882353 0)
(109.0909091 67.05882353 0)
(127.2727273 67.05882353 0)
(145.4545455 67.05882353 0)
(163.6363636 67.05882353 0)
(181.8181818 67.05882353 0)
(200 67.05882353 0)
(218.1818182 67.05882353 0)
(236.3636364 67.05882353 0)
(254.5454545 67.05882353 0)
(272.7272727 67.05882353 0)
(290.9090909 67.05882353 0)
(309.0909091 67.05882353 0)
(327.2727273 67.05882353 0)
(345.4545455 67.05882353 0)
(363.6363636 67.05882353 0)
(381.8181818 67.05882353 0)
(400 67.05882353 0)
(418.1818182 67.05882353 0)
(436.3636364 67.05882353 0)
(454.5454545 67.05882353 0)
(472.7272727 67.05882353 0)
(490.9090909 67.05882353 0)
(509.0909091 67.05882353 0)
(527.2727273 67.05882353 0)
(545.4545455 67.05882353 0)
(563.6363636 67.05882353 0)
(581.8181818 67.05882353 0)
(600 67.05882353 0)
(618.1818182 67.05882353 0)
(636.3636364 67.05882353 0)
(654.5454545 67.05882353 0)
(672.7272727 67.05882353 0)
(690.9090909 67.05882353 0)
(709.0909091 67.05882353 0)
(727.2727273 67.05882353 0)
(745.4545455 67.05882353 0)
(763.6363636 67.05882353 0)
(781.8181818 67.05882353 0)
(800 67.05882353 0)
(818.1818182 67.05882353 0)
(836.3636364 67.05882353 0)
(854.5454545 67.05882353 0)
(872.7272727 67.05882353 0)
(890.9090909 67.05882353 0)
(909.0909091 67.05882353 0)
(927.2727273 67.05882353 0)
(945.4545455 67.05882353 0)
(963.6363636 67.05882353 0)
(981.8181818 67.05882353 0)
(1000 67.05882353 0)
(1018.181818 67.05882353 0)
(1036.363636 67.05882353 0)
(1054.545455 67.05882353 0)
(1072.727273 67.05882353 0)
(1090.909091 67.05882353 0)
(1109.090909 67.05882353 0)
(1127.272727 67.05882353 0)
(1145.454545 67.05882353 0)
(1163.636364 67.05882353 0)
(1181.818182 67.05882353 0)
(1200 67.05882353 0)
(1218.181818 67.05882353 0)
(1236.363636 67.05882353 0)
(1254.545455 67.05882353 0)
(1272.727273 67.05882353 0)
(1290.909091 67.05882353 0)
(1309.090909 67.05882353 0)
(1327.272727 67.05882353 0)
(1345.454545 67.05882353 0)
(1363.636364 67.05882353 0)
(1381.818182 67.05882353 0)
(1400 67.05882353 0)
(1418.181818 67.05882353 0)
(1436.363636 67.05882353 0)
(1454.545455 67.05882353 0)
(1472.727273 67.05882353 0)
(1490.909091 67.05882353 0)
(1509.090909 67.05882353 0)
(1527.272727 67.05882353 0)
(1545.454545 67.05882353 0)
(1563.636364 67.05882353 0)
(1581.818182 67.05882353 0)
(1600 67.05882353 0)
(1618.181818 67.05882353 0)
(1636.363636 67.05882353 0)
(1654.545455 67.05882353 0)
(1672.727273 67.05882353 0)
(1690.909091 67.05882353 0)
(1709.090909 67.05882353 0)
(1727.272727 67.05882353 0)
(1745.454545 67.05882353 0)
(1763.636364 67.05882353 0)
(1781.818182 67.05882353 0)
(1800 67.05882353 0)
(1818.181818 67.05882353 0)
(1836.363636 67.05882353 0)
(1854.545455 67.05882353 0)
(1872.727273 67.05882353 0)
(1890.909091 67.05882353 0)
(1909.090909 67.05882353 0)
(1927.272727 67.05882353 0)
(1945.454545 67.05882353 0)
(1963.636364 67.05882353 0)
(1981.818182 67.05882353 0)
(2000 67.05882353 0)
(0 68.23529412 0)
(18.18181818 68.23529412 0)
(36.36363636 68.23529412 0)
(54.54545455 68.23529412 0)
(72.72727273 68.23529412 0)
(90.90909091 68.23529412 0)
(109.0909091 68.23529412 0)
(127.2727273 68.23529412 0)
(145.4545455 68.23529412 0)
(163.6363636 68.23529412 0)
(181.8181818 68.23529412 0)
(200 68.23529412 0)
(218.1818182 68.23529412 0)
(236.3636364 68.23529412 0)
(254.5454545 68.23529412 0)
(272.7272727 68.23529412 0)
(290.9090909 68.23529412 0)
(309.0909091 68.23529412 0)
(327.2727273 68.23529412 0)
(345.4545455 68.23529412 0)
(363.6363636 68.23529412 0)
(381.8181818 68.23529412 0)
(400 68.23529412 0)
(418.1818182 68.23529412 0)
(436.3636364 68.23529412 0)
(454.5454545 68.23529412 0)
(472.7272727 68.23529412 0)
(490.9090909 68.23529412 0)
(509.0909091 68.23529412 0)
(527.2727273 68.23529412 0)
(545.4545455 68.23529412 0)
(563.6363636 68.23529412 0)
(581.8181818 68.23529412 0)
(600 68.23529412 0)
(618.1818182 68.23529412 0)
(636.3636364 68.23529412 0)
(654.5454545 68.23529412 0)
(672.7272727 68.23529412 0)
(690.9090909 68.23529412 0)
(709.0909091 68.23529412 0)
(727.2727273 68.23529412 0)
(745.4545455 68.23529412 0)
(763.6363636 68.23529412 0)
(781.8181818 68.23529412 0)
(800 68.23529412 0)
(818.1818182 68.23529412 0)
(836.3636364 68.23529412 0)
(854.5454545 68.23529412 0)
(872.7272727 68.23529412 0)
(890.9090909 68.23529412 0)
(909.0909091 68.23529412 0)
(927.2727273 68.23529412 0)
(945.4545455 68.23529412 0)
(963.6363636 68.23529412 0)
(981.8181818 68.23529412 0)
(1000 68.23529412 0)
(1018.181818 68.23529412 0)
(1036.363636 68.23529412 0)
(1054.545455 68.23529412 0)
(1072.727273 68.23529412 0)
(1090.909091 68.23529412 0)
(1109.090909 68.23529412 0)
(1127.272727 68.23529412 0)
(1145.454545 68.23529412 0)
(1163.636364 68.23529412 0)
(1181.818182 68.23529412 0)
(1200 68.23529412 0)
(1218.181818 68.23529412 0)
(1236.363636 68.23529412 0)
(1254.545455 68.23529412 0)
(1272.727273 68.23529412 0)
(1290.909091 68.23529412 0)
(1309.090909 68.23529412 0)
(1327.272727 68.23529412 0)
(1345.454545 68.23529412 0)
(1363.636364 68.23529412 0)
(1381.818182 68.23529412 0)
(1400 68.23529412 0)
(1418.181818 68.23529412 0)
(1436.363636 68.23529412 0)
(1454.545455 68.23529412 0)
(1472.727273 68.23529412 0)
(1490.909091 68.23529412 0)
(1509.090909 68.23529412 0)
(1527.272727 68.23529412 0)
(1545.454545 68.23529412 0)
(1563.636364 68.23529412 0)
(1581.818182 68.23529412 0)
(1600 68.23529412 0)
(1618.181818 68.23529412 0)
(1636.363636 68.23529412 0)
(1654.545455 68.23529412 0)
(1672.727273 68.23529412 0)
(1690.909091 68.23529412 0)
(1709.090909 68.23529412 0)
(1727.272727 68.23529412 0)
(1745.454545 68.23529412 0)
(1763.636364 68.23529412 0)
(1781.818182 68.23529412 0)
(1800 68.23529412 0)
(1818.181818 68.23529412 0)
(1836.363636 68.23529412 0)
(1854.545455 68.23529412 0)
(1872.727273 68.23529412 0)
(1890.909091 68.23529412 0)
(1909.090909 68.23529412 0)
(1927.272727 68.23529412 0)
(1945.454545 68.23529412 0)
(1963.636364 68.23529412 0)
(1981.818182 68.23529412 0)
(2000 68.23529412 0)
(0 69.41176471 0)
(18.18181818 69.41176471 0)
(36.36363636 69.41176471 0)
(54.54545455 69.41176471 0)
(72.72727273 69.41176471 0)
(90.90909091 69.41176471 0)
(109.0909091 69.41176471 0)
(127.2727273 69.41176471 0)
(145.4545455 69.41176471 0)
(163.6363636 69.41176471 0)
(181.8181818 69.41176471 0)
(200 69.41176471 0)
(218.1818182 69.41176471 0)
(236.3636364 69.41176471 0)
(254.5454545 69.41176471 0)
(272.7272727 69.41176471 0)
(290.9090909 69.41176471 0)
(309.0909091 69.41176471 0)
(327.2727273 69.41176471 0)
(345.4545455 69.41176471 0)
(363.6363636 69.41176471 0)
(381.8181818 69.41176471 0)
(400 69.41176471 0)
(418.1818182 69.41176471 0)
(436.3636364 69.41176471 0)
(454.5454545 69.41176471 0)
(472.7272727 69.41176471 0)
(490.9090909 69.41176471 0)
(509.0909091 69.41176471 0)
(527.2727273 69.41176471 0)
(545.4545455 69.41176471 0)
(563.6363636 69.41176471 0)
(581.8181818 69.41176471 0)
(600 69.41176471 0)
(618.1818182 69.41176471 0)
(636.3636364 69.41176471 0)
(654.5454545 69.41176471 0)
(672.7272727 69.41176471 0)
(690.9090909 69.41176471 0)
(709.0909091 69.41176471 0)
(727.2727273 69.41176471 0)
(745.4545455 69.41176471 0)
(763.6363636 69.41176471 0)
(781.8181818 69.41176471 0)
(800 69.41176471 0)
(818.1818182 69.41176471 0)
(836.3636364 69.41176471 0)
(854.5454545 69.41176471 0)
(872.7272727 69.41176471 0)
(890.9090909 69.41176471 0)
(909.0909091 69.41176471 0)
(927.2727273 69.41176471 0)
(945.4545455 69.41176471 0)
(963.6363636 69.41176471 0)
(981.8181818 69.41176471 0)
(1000 69.41176471 0)
(1018.181818 69.41176471 0)
(1036.363636 69.41176471 0)
(1054.545455 69.41176471 0)
(1072.727273 69.41176471 0)
(1090.909091 69.41176471 0)
(1109.090909 69.41176471 0)
(1127.272727 69.41176471 0)
(1145.454545 69.41176471 0)
(1163.636364 69.41176471 0)
(1181.818182 69.41176471 0)
(1200 69.41176471 0)
(1218.181818 69.41176471 0)
(1236.363636 69.41176471 0)
(1254.545455 69.41176471 0)
(1272.727273 69.41176471 0)
(1290.909091 69.41176471 0)
(1309.090909 69.41176471 0)
(1327.272727 69.41176471 0)
(1345.454545 69.41176471 0)
(1363.636364 69.41176471 0)
(1381.818182 69.41176471 0)
(1400 69.41176471 0)
(1418.181818 69.41176471 0)
(1436.363636 69.41176471 0)
(1454.545455 69.41176471 0)
(1472.727273 69.41176471 0)
(1490.909091 69.41176471 0)
(1509.090909 69.41176471 0)
(1527.272727 69.41176471 0)
(1545.454545 69.41176471 0)
(1563.636364 69.41176471 0)
(1581.818182 69.41176471 0)
(1600 69.41176471 0)
(1618.181818 69.41176471 0)
(1636.363636 69.41176471 0)
(1654.545455 69.41176471 0)
(1672.727273 69.41176471 0)
(1690.909091 69.41176471 0)
(1709.090909 69.41176471 0)
(1727.272727 69.41176471 0)
(1745.454545 69.41176471 0)
(1763.636364 69.41176471 0)
(1781.818182 69.41176471 0)
(1800 69.41176471 0)
(1818.181818 69.41176471 0)
(1836.363636 69.41176471 0)
(1854.545455 69.41176471 0)
(1872.727273 69.41176471 0)
(1890.909091 69.41176471 0)
(1909.090909 69.41176471 0)
(1927.272727 69.41176471 0)
(1945.454545 69.41176471 0)
(1963.636364 69.41176471 0)
(1981.818182 69.41176471 0)
(2000 69.41176471 0)
(0 70.58823529 0)
(18.18181818 70.58823529 0)
(36.36363636 70.58823529 0)
(54.54545455 70.58823529 0)
(72.72727273 70.58823529 0)
(90.90909091 70.58823529 0)
(109.0909091 70.58823529 0)
(127.2727273 70.58823529 0)
(145.4545455 70.58823529 0)
(163.6363636 70.58823529 0)
(181.8181818 70.58823529 0)
(200 70.58823529 0)
(218.1818182 70.58823529 0)
(236.3636364 70.58823529 0)
(254.5454545 70.58823529 0)
(272.7272727 70.58823529 0)
(290.9090909 70.58823529 0)
(309.0909091 70.58823529 0)
(327.2727273 70.58823529 0)
(345.4545455 70.58823529 0)
(363.6363636 70.58823529 0)
(381.8181818 70.58823529 0)
(400 70.58823529 0)
(418.1818182 70.58823529 0)
(436.3636364 70.58823529 0)
(454.5454545 70.58823529 0)
(472.7272727 70.58823529 0)
(490.9090909 70.58823529 0)
(509.0909091 70.58823529 0)
(527.2727273 70.58823529 0)
(545.4545455 70.58823529 0)
(563.6363636 70.58823529 0)
(581.8181818 70.58823529 0)
(600 70.58823529 0)
(618.1818182 70.58823529 0)
(636.3636364 70.58823529 0)
(654.5454545 70.58823529 0)
(672.7272727 70.58823529 0)
(690.9090909 70.58823529 0)
(709.0909091 70.58823529 0)
(727.2727273 70.58823529 0)
(745.4545455 70.58823529 0)
(763.6363636 70.58823529 0)
(781.8181818 70.58823529 0)
(800 70.58823529 0)
(818.1818182 70.58823529 0)
(836.3636364 70.58823529 0)
(854.5454545 70.58823529 0)
(872.7272727 70.58823529 0)
(890.9090909 70.58823529 0)
(909.0909091 70.58823529 0)
(927.2727273 70.58823529 0)
(945.4545455 70.58823529 0)
(963.6363636 70.58823529 0)
(981.8181818 70.58823529 0)
(1000 70.58823529 0)
(1018.181818 70.58823529 0)
(1036.363636 70.58823529 0)
(1054.545455 70.58823529 0)
(1072.727273 70.58823529 0)
(1090.909091 70.58823529 0)
(1109.090909 70.58823529 0)
(1127.272727 70.58823529 0)
(1145.454545 70.58823529 0)
(1163.636364 70.58823529 0)
(1181.818182 70.58823529 0)
(1200 70.58823529 0)
(1218.181818 70.58823529 0)
(1236.363636 70.58823529 0)
(1254.545455 70.58823529 0)
(1272.727273 70.58823529 0)
(1290.909091 70.58823529 0)
(1309.090909 70.58823529 0)
(1327.272727 70.58823529 0)
(1345.454545 70.58823529 0)
(1363.636364 70.58823529 0)
(1381.818182 70.58823529 0)
(1400 70.58823529 0)
(1418.181818 70.58823529 0)
(1436.363636 70.58823529 0)
(1454.545455 70.58823529 0)
(1472.727273 70.58823529 0)
(1490.909091 70.58823529 0)
(1509.090909 70.58823529 0)
(1527.272727 70.58823529 0)
(1545.454545 70.58823529 0)
(1563.636364 70.58823529 0)
(1581.818182 70.58823529 0)
(1600 70.58823529 0)
(1618.181818 70.58823529 0)
(1636.363636 70.58823529 0)
(1654.545455 70.58823529 0)
(1672.727273 70.58823529 0)
(1690.909091 70.58823529 0)
(1709.090909 70.58823529 0)
(1727.272727 70.58823529 0)
(1745.454545 70.58823529 0)
(1763.636364 70.58823529 0)
(1781.818182 70.58823529 0)
(1800 70.58823529 0)
(1818.181818 70.58823529 0)
(1836.363636 70.58823529 0)
(1854.545455 70.58823529 0)
(1872.727273 70.58823529 0)
(1890.909091 70.58823529 0)
(1909.090909 70.58823529 0)
(1927.272727 70.58823529 0)
(1945.454545 70.58823529 0)
(1963.636364 70.58823529 0)
(1981.818182 70.58823529 0)
(2000 70.58823529 0)
(0 71.76470588 0)
(18.18181818 71.76470588 0)
(36.36363636 71.76470588 0)
(54.54545455 71.76470588 0)
(72.72727273 71.76470588 0)
(90.90909091 71.76470588 0)
(109.0909091 71.76470588 0)
(127.2727273 71.76470588 0)
(145.4545455 71.76470588 0)
(163.6363636 71.76470588 0)
(181.8181818 71.76470588 0)
(200 71.76470588 0)
(218.1818182 71.76470588 0)
(236.3636364 71.76470588 0)
(254.5454545 71.76470588 0)
(272.7272727 71.76470588 0)
(290.9090909 71.76470588 0)
(309.0909091 71.76470588 0)
(327.2727273 71.76470588 0)
(345.4545455 71.76470588 0)
(363.6363636 71.76470588 0)
(381.8181818 71.76470588 0)
(400 71.76470588 0)
(418.1818182 71.76470588 0)
(436.3636364 71.76470588 0)
(454.5454545 71.76470588 0)
(472.7272727 71.76470588 0)
(490.9090909 71.76470588 0)
(509.0909091 71.76470588 0)
(527.2727273 71.76470588 0)
(545.4545455 71.76470588 0)
(563.6363636 71.76470588 0)
(581.8181818 71.76470588 0)
(600 71.76470588 0)
(618.1818182 71.76470588 0)
(636.3636364 71.76470588 0)
(654.5454545 71.76470588 0)
(672.7272727 71.76470588 0)
(690.9090909 71.76470588 0)
(709.0909091 71.76470588 0)
(727.2727273 71.76470588 0)
(745.4545455 71.76470588 0)
(763.6363636 71.76470588 0)
(781.8181818 71.76470588 0)
(800 71.76470588 0)
(818.1818182 71.76470588 0)
(836.3636364 71.76470588 0)
(854.5454545 71.76470588 0)
(872.7272727 71.76470588 0)
(890.9090909 71.76470588 0)
(909.0909091 71.76470588 0)
(927.2727273 71.76470588 0)
(945.4545455 71.76470588 0)
(963.6363636 71.76470588 0)
(981.8181818 71.76470588 0)
(1000 71.76470588 0)
(1018.181818 71.76470588 0)
(1036.363636 71.76470588 0)
(1054.545455 71.76470588 0)
(1072.727273 71.76470588 0)
(1090.909091 71.76470588 0)
(1109.090909 71.76470588 0)
(1127.272727 71.76470588 0)
(1145.454545 71.76470588 0)
(1163.636364 71.76470588 0)
(1181.818182 71.76470588 0)
(1200 71.76470588 0)
(1218.181818 71.76470588 0)
(1236.363636 71.76470588 0)
(1254.545455 71.76470588 0)
(1272.727273 71.76470588 0)
(1290.909091 71.76470588 0)
(1309.090909 71.76470588 0)
(1327.272727 71.76470588 0)
(1345.454545 71.76470588 0)
(1363.636364 71.76470588 0)
(1381.818182 71.76470588 0)
(1400 71.76470588 0)
(1418.181818 71.76470588 0)
(1436.363636 71.76470588 0)
(1454.545455 71.76470588 0)
(1472.727273 71.76470588 0)
(1490.909091 71.76470588 0)
(1509.090909 71.76470588 0)
(1527.272727 71.76470588 0)
(1545.454545 71.76470588 0)
(1563.636364 71.76470588 0)
(1581.818182 71.76470588 0)
(1600 71.76470588 0)
(1618.181818 71.76470588 0)
(1636.363636 71.76470588 0)
(1654.545455 71.76470588 0)
(1672.727273 71.76470588 0)
(1690.909091 71.76470588 0)
(1709.090909 71.76470588 0)
(1727.272727 71.76470588 0)
(1745.454545 71.76470588 0)
(1763.636364 71.76470588 0)
(1781.818182 71.76470588 0)
(1800 71.76470588 0)
(1818.181818 71.76470588 0)
(1836.363636 71.76470588 0)
(1854.545455 71.76470588 0)
(1872.727273 71.76470588 0)
(1890.909091 71.76470588 0)
(1909.090909 71.76470588 0)
(1927.272727 71.76470588 0)
(1945.454545 71.76470588 0)
(1963.636364 71.76470588 0)
(1981.818182 71.76470588 0)
(2000 71.76470588 0)
(0 72.94117647 0)
(18.18181818 72.94117647 0)
(36.36363636 72.94117647 0)
(54.54545455 72.94117647 0)
(72.72727273 72.94117647 0)
(90.90909091 72.94117647 0)
(109.0909091 72.94117647 0)
(127.2727273 72.94117647 0)
(145.4545455 72.94117647 0)
(163.6363636 72.94117647 0)
(181.8181818 72.94117647 0)
(200 72.94117647 0)
(218.1818182 72.94117647 0)
(236.3636364 72.94117647 0)
(254.5454545 72.94117647 0)
(272.7272727 72.94117647 0)
(290.9090909 72.94117647 0)
(309.0909091 72.94117647 0)
(327.2727273 72.94117647 0)
(345.4545455 72.94117647 0)
(363.6363636 72.94117647 0)
(381.8181818 72.94117647 0)
(400 72.94117647 0)
(418.1818182 72.94117647 0)
(436.3636364 72.94117647 0)
(454.5454545 72.94117647 0)
(472.7272727 72.94117647 0)
(490.9090909 72.94117647 0)
(509.0909091 72.94117647 0)
(527.2727273 72.94117647 0)
(545.4545455 72.94117647 0)
(563.6363636 72.94117647 0)
(581.8181818 72.94117647 0)
(600 72.94117647 0)
(618.1818182 72.94117647 0)
(636.3636364 72.94117647 0)
(654.5454545 72.94117647 0)
(672.7272727 72.94117647 0)
(690.9090909 72.94117647 0)
(709.0909091 72.94117647 0)
(727.2727273 72.94117647 0)
(745.4545455 72.94117647 0)
(763.6363636 72.94117647 0)
(781.8181818 72.94117647 0)
(800 72.94117647 0)
(818.1818182 72.94117647 0)
(836.3636364 72.94117647 0)
(854.5454545 72.94117647 0)
(872.7272727 72.94117647 0)
(890.9090909 72.94117647 0)
(909.0909091 72.94117647 0)
(927.2727273 72.94117647 0)
(945.4545455 72.94117647 0)
(963.6363636 72.94117647 0)
(981.8181818 72.94117647 0)
(1000 72.94117647 0)
(1018.181818 72.94117647 0)
(1036.363636 72.94117647 0)
(1054.545455 72.94117647 0)
(1072.727273 72.94117647 0)
(1090.909091 72.94117647 0)
(1109.090909 72.94117647 0)
(1127.272727 72.94117647 0)
(1145.454545 72.94117647 0)
(1163.636364 72.94117647 0)
(1181.818182 72.94117647 0)
(1200 72.94117647 0)
(1218.181818 72.94117647 0)
(1236.363636 72.94117647 0)
(1254.545455 72.94117647 0)
(1272.727273 72.94117647 0)
(1290.909091 72.94117647 0)
(1309.090909 72.94117647 0)
(1327.272727 72.94117647 0)
(1345.454545 72.94117647 0)
(1363.636364 72.94117647 0)
(1381.818182 72.94117647 0)
(1400 72.94117647 0)
(1418.181818 72.94117647 0)
(1436.363636 72.94117647 0)
(1454.545455 72.94117647 0)
(1472.727273 72.94117647 0)
(1490.909091 72.94117647 0)
(1509.090909 72.94117647 0)
(1527.272727 72.94117647 0)
(1545.454545 72.94117647 0)
(1563.636364 72.94117647 0)
(1581.818182 72.94117647 0)
(1600 72.94117647 0)
(1618.181818 72.94117647 0)
(1636.363636 72.94117647 0)
(1654.545455 72.94117647 0)
(1672.727273 72.94117647 0)
(1690.909091 72.94117647 0)
(1709.090909 72.94117647 0)
(1727.272727 72.94117647 0)
(1745.454545 72.94117647 0)
(1763.636364 72.94117647 0)
(1781.818182 72.94117647 0)
(1800 72.94117647 0)
(1818.181818 72.94117647 0)
(1836.363636 72.94117647 0)
(1854.545455 72.94117647 0)
(1872.727273 72.94117647 0)
(1890.909091 72.94117647 0)
(1909.090909 72.94117647 0)
(1927.272727 72.94117647 0)
(1945.454545 72.94117647 0)
(1963.636364 72.94117647 0)
(1981.818182 72.94117647 0)
(2000 72.94117647 0)
(0 74.11764706 0)
(18.18181818 74.11764706 0)
(36.36363636 74.11764706 0)
(54.54545455 74.11764706 0)
(72.72727273 74.11764706 0)
(90.90909091 74.11764706 0)
(109.0909091 74.11764706 0)
(127.2727273 74.11764706 0)
(145.4545455 74.11764706 0)
(163.6363636 74.11764706 0)
(181.8181818 74.11764706 0)
(200 74.11764706 0)
(218.1818182 74.11764706 0)
(236.3636364 74.11764706 0)
(254.5454545 74.11764706 0)
(272.7272727 74.11764706 0)
(290.9090909 74.11764706 0)
(309.0909091 74.11764706 0)
(327.2727273 74.11764706 0)
(345.4545455 74.11764706 0)
(363.6363636 74.11764706 0)
(381.8181818 74.11764706 0)
(400 74.11764706 0)
(418.1818182 74.11764706 0)
(436.3636364 74.11764706 0)
(454.5454545 74.11764706 0)
(472.7272727 74.11764706 0)
(490.9090909 74.11764706 0)
(509.0909091 74.11764706 0)
(527.2727273 74.11764706 0)
(545.4545455 74.11764706 0)
(563.6363636 74.11764706 0)
(581.8181818 74.11764706 0)
(600 74.11764706 0)
(618.1818182 74.11764706 0)
(636.3636364 74.11764706 0)
(654.5454545 74.11764706 0)
(672.7272727 74.11764706 0)
(690.9090909 74.11764706 0)
(709.0909091 74.11764706 0)
(727.2727273 74.11764706 0)
(745.4545455 74.11764706 0)
(763.6363636 74.11764706 0)
(781.8181818 74.11764706 0)
(800 74.11764706 0)
(818.1818182 74.11764706 0)
(836.3636364 74.11764706 0)
(854.5454545 74.11764706 0)
(872.7272727 74.11764706 0)
(890.9090909 74.11764706 0)
(909.0909091 74.11764706 0)
(927.2727273 74.11764706 0)
(945.4545455 74.11764706 0)
(963.6363636 74.11764706 0)
(981.8181818 74.11764706 0)
(1000 74.11764706 0)
(1018.181818 74.11764706 0)
(1036.363636 74.11764706 0)
(1054.545455 74.11764706 0)
(1072.727273 74.11764706 0)
(1090.909091 74.11764706 0)
(1109.090909 74.11764706 0)
(1127.272727 74.11764706 0)
(1145.454545 74.11764706 0)
(1163.636364 74.11764706 0)
(1181.818182 74.11764706 0)
(1200 74.11764706 0)
(1218.181818 74.11764706 0)
(1236.363636 74.11764706 0)
(1254.545455 74.11764706 0)
(1272.727273 74.11764706 0)
(1290.909091 74.11764706 0)
(1309.090909 74.11764706 0)
(1327.272727 74.11764706 0)
(1345.454545 74.11764706 0)
(1363.636364 74.11764706 0)
(1381.818182 74.11764706 0)
(1400 74.11764706 0)
(1418.181818 74.11764706 0)
(1436.363636 74.11764706 0)
(1454.545455 74.11764706 0)
(1472.727273 74.11764706 0)
(1490.909091 74.11764706 0)
(1509.090909 74.11764706 0)
(1527.272727 74.11764706 0)
(1545.454545 74.11764706 0)
(1563.636364 74.11764706 0)
(1581.818182 74.11764706 0)
(1600 74.11764706 0)
(1618.181818 74.11764706 0)
(1636.363636 74.11764706 0)
(1654.545455 74.11764706 0)
(1672.727273 74.11764706 0)
(1690.909091 74.11764706 0)
(1709.090909 74.11764706 0)
(1727.272727 74.11764706 0)
(1745.454545 74.11764706 0)
(1763.636364 74.11764706 0)
(1781.818182 74.11764706 0)
(1800 74.11764706 0)
(1818.181818 74.11764706 0)
(1836.363636 74.11764706 0)
(1854.545455 74.11764706 0)
(1872.727273 74.11764706 0)
(1890.909091 74.11764706 0)
(1909.090909 74.11764706 0)
(1927.272727 74.11764706 0)
(1945.454545 74.11764706 0)
(1963.636364 74.11764706 0)
(1981.818182 74.11764706 0)
(2000 74.11764706 0)
(0 75.29411765 0)
(18.18181818 75.29411765 0)
(36.36363636 75.29411765 0)
(54.54545455 75.29411765 0)
(72.72727273 75.29411765 0)
(90.90909091 75.29411765 0)
(109.0909091 75.29411765 0)
(127.2727273 75.29411765 0)
(145.4545455 75.29411765 0)
(163.6363636 75.29411765 0)
(181.8181818 75.29411765 0)
(200 75.29411765 0)
(218.1818182 75.29411765 0)
(236.3636364 75.29411765 0)
(254.5454545 75.29411765 0)
(272.7272727 75.29411765 0)
(290.9090909 75.29411765 0)
(309.0909091 75.29411765 0)
(327.2727273 75.29411765 0)
(345.4545455 75.29411765 0)
(363.6363636 75.29411765 0)
(381.8181818 75.29411765 0)
(400 75.29411765 0)
(418.1818182 75.29411765 0)
(436.3636364 75.29411765 0)
(454.5454545 75.29411765 0)
(472.7272727 75.29411765 0)
(490.9090909 75.29411765 0)
(509.0909091 75.29411765 0)
(527.2727273 75.29411765 0)
(545.4545455 75.29411765 0)
(563.6363636 75.29411765 0)
(581.8181818 75.29411765 0)
(600 75.29411765 0)
(618.1818182 75.29411765 0)
(636.3636364 75.29411765 0)
(654.5454545 75.29411765 0)
(672.7272727 75.29411765 0)
(690.9090909 75.29411765 0)
(709.0909091 75.29411765 0)
(727.2727273 75.29411765 0)
(745.4545455 75.29411765 0)
(763.6363636 75.29411765 0)
(781.8181818 75.29411765 0)
(800 75.29411765 0)
(818.1818182 75.29411765 0)
(836.3636364 75.29411765 0)
(854.5454545 75.29411765 0)
(872.7272727 75.29411765 0)
(890.9090909 75.29411765 0)
(909.0909091 75.29411765 0)
(927.2727273 75.29411765 0)
(945.4545455 75.29411765 0)
(963.6363636 75.29411765 0)
(981.8181818 75.29411765 0)
(1000 75.29411765 0)
(1018.181818 75.29411765 0)
(1036.363636 75.29411765 0)
(1054.545455 75.29411765 0)
(1072.727273 75.29411765 0)
(1090.909091 75.29411765 0)
(1109.090909 75.29411765 0)
(1127.272727 75.29411765 0)
(1145.454545 75.29411765 0)
(1163.636364 75.29411765 0)
(1181.818182 75.29411765 0)
(1200 75.29411765 0)
(1218.181818 75.29411765 0)
(1236.363636 75.29411765 0)
(1254.545455 75.29411765 0)
(1272.727273 75.29411765 0)
(1290.909091 75.29411765 0)
(1309.090909 75.29411765 0)
(1327.272727 75.29411765 0)
(1345.454545 75.29411765 0)
(1363.636364 75.29411765 0)
(1381.818182 75.29411765 0)
(1400 75.29411765 0)
(1418.181818 75.29411765 0)
(1436.363636 75.29411765 0)
(1454.545455 75.29411765 0)
(1472.727273 75.29411765 0)
(1490.909091 75.29411765 0)
(1509.090909 75.29411765 0)
(1527.272727 75.29411765 0)
(1545.454545 75.29411765 0)
(1563.636364 75.29411765 0)
(1581.818182 75.29411765 0)
(1600 75.29411765 0)
(1618.181818 75.29411765 0)
(1636.363636 75.29411765 0)
(1654.545455 75.29411765 0)
(1672.727273 75.29411765 0)
(1690.909091 75.29411765 0)
(1709.090909 75.29411765 0)
(1727.272727 75.29411765 0)
(1745.454545 75.29411765 0)
(1763.636364 75.29411765 0)
(1781.818182 75.29411765 0)
(1800 75.29411765 0)
(1818.181818 75.29411765 0)
(1836.363636 75.29411765 0)
(1854.545455 75.29411765 0)
(1872.727273 75.29411765 0)
(1890.909091 75.29411765 0)
(1909.090909 75.29411765 0)
(1927.272727 75.29411765 0)
(1945.454545 75.29411765 0)
(1963.636364 75.29411765 0)
(1981.818182 75.29411765 0)
(2000 75.29411765 0)
(0 76.47058824 0)
(18.18181818 76.47058824 0)
(36.36363636 76.47058824 0)
(54.54545455 76.47058824 0)
(72.72727273 76.47058824 0)
(90.90909091 76.47058824 0)
(109.0909091 76.47058824 0)
(127.2727273 76.47058824 0)
(145.4545455 76.47058824 0)
(163.6363636 76.47058824 0)
(181.8181818 76.47058824 0)
(200 76.47058824 0)
(218.1818182 76.47058824 0)
(236.3636364 76.47058824 0)
(254.5454545 76.47058824 0)
(272.7272727 76.47058824 0)
(290.9090909 76.47058824 0)
(309.0909091 76.47058824 0)
(327.2727273 76.47058824 0)
(345.4545455 76.47058824 0)
(363.6363636 76.47058824 0)
(381.8181818 76.47058824 0)
(400 76.47058824 0)
(418.1818182 76.47058824 0)
(436.3636364 76.47058824 0)
(454.5454545 76.47058824 0)
(472.7272727 76.47058824 0)
(490.9090909 76.47058824 0)
(509.0909091 76.47058824 0)
(527.2727273 76.47058824 0)
(545.4545455 76.47058824 0)
(563.6363636 76.47058824 0)
(581.8181818 76.47058824 0)
(600 76.47058824 0)
(618.1818182 76.47058824 0)
(636.3636364 76.47058824 0)
(654.5454545 76.47058824 0)
(672.7272727 76.47058824 0)
(690.9090909 76.47058824 0)
(709.0909091 76.47058824 0)
(727.2727273 76.47058824 0)
(745.4545455 76.47058824 0)
(763.6363636 76.47058824 0)
(781.8181818 76.47058824 0)
(800 76.47058824 0)
(818.1818182 76.47058824 0)
(836.3636364 76.47058824 0)
(854.5454545 76.47058824 0)
(872.7272727 76.47058824 0)
(890.9090909 76.47058824 0)
(909.0909091 76.47058824 0)
(927.2727273 76.47058824 0)
(945.4545455 76.47058824 0)
(963.6363636 76.47058824 0)
(981.8181818 76.47058824 0)
(1000 76.47058824 0)
(1018.181818 76.47058824 0)
(1036.363636 76.47058824 0)
(1054.545455 76.47058824 0)
(1072.727273 76.47058824 0)
(1090.909091 76.47058824 0)
(1109.090909 76.47058824 0)
(1127.272727 76.47058824 0)
(1145.454545 76.47058824 0)
(1163.636364 76.47058824 0)
(1181.818182 76.47058824 0)
(1200 76.47058824 0)
(1218.181818 76.47058824 0)
(1236.363636 76.47058824 0)
(1254.545455 76.47058824 0)
(1272.727273 76.47058824 0)
(1290.909091 76.47058824 0)
(1309.090909 76.47058824 0)
(1327.272727 76.47058824 0)
(1345.454545 76.47058824 0)
(1363.636364 76.47058824 0)
(1381.818182 76.47058824 0)
(1400 76.47058824 0)
(1418.181818 76.47058824 0)
(1436.363636 76.47058824 0)
(1454.545455 76.47058824 0)
(1472.727273 76.47058824 0)
(1490.909091 76.47058824 0)
(1509.090909 76.47058824 0)
(1527.272727 76.47058824 0)
(1545.454545 76.47058824 0)
(1563.636364 76.47058824 0)
(1581.818182 76.47058824 0)
(1600 76.47058824 0)
(1618.181818 76.47058824 0)
(1636.363636 76.47058824 0)
(1654.545455 76.47058824 0)
(1672.727273 76.47058824 0)
(1690.909091 76.47058824 0)
(1709.090909 76.47058824 0)
(1727.272727 76.47058824 0)
(1745.454545 76.47058824 0)
(1763.636364 76.47058824 0)
(1781.818182 76.47058824 0)
(1800 76.47058824 0)
(1818.181818 76.47058824 0)
(1836.363636 76.47058824 0)
(1854.545455 76.47058824 0)
(1872.727273 76.47058824 0)
(1890.909091 76.47058824 0)
(1909.090909 76.47058824 0)
(1927.272727 76.47058824 0)
(1945.454545 76.47058824 0)
(1963.636364 76.47058824 0)
(1981.818182 76.47058824 0)
(2000 76.47058824 0)
(0 77.64705882 0)
(18.18181818 77.64705882 0)
(36.36363636 77.64705882 0)
(54.54545455 77.64705882 0)
(72.72727273 77.64705882 0)
(90.90909091 77.64705882 0)
(109.0909091 77.64705882 0)
(127.2727273 77.64705882 0)
(145.4545455 77.64705882 0)
(163.6363636 77.64705882 0)
(181.8181818 77.64705882 0)
(200 77.64705882 0)
(218.1818182 77.64705882 0)
(236.3636364 77.64705882 0)
(254.5454545 77.64705882 0)
(272.7272727 77.64705882 0)
(290.9090909 77.64705882 0)
(309.0909091 77.64705882 0)
(327.2727273 77.64705882 0)
(345.4545455 77.64705882 0)
(363.6363636 77.64705882 0)
(381.8181818 77.64705882 0)
(400 77.64705882 0)
(418.1818182 77.64705882 0)
(436.3636364 77.64705882 0)
(454.5454545 77.64705882 0)
(472.7272727 77.64705882 0)
(490.9090909 77.64705882 0)
(509.0909091 77.64705882 0)
(527.2727273 77.64705882 0)
(545.4545455 77.64705882 0)
(563.6363636 77.64705882 0)
(581.8181818 77.64705882 0)
(600 77.64705882 0)
(618.1818182 77.64705882 0)
(636.3636364 77.64705882 0)
(654.5454545 77.64705882 0)
(672.7272727 77.64705882 0)
(690.9090909 77.64705882 0)
(709.0909091 77.64705882 0)
(727.2727273 77.64705882 0)
(745.4545455 77.64705882 0)
(763.6363636 77.64705882 0)
(781.8181818 77.64705882 0)
(800 77.64705882 0)
(818.1818182 77.64705882 0)
(836.3636364 77.64705882 0)
(854.5454545 77.64705882 0)
(872.7272727 77.64705882 0)
(890.9090909 77.64705882 0)
(909.0909091 77.64705882 0)
(927.2727273 77.64705882 0)
(945.4545455 77.64705882 0)
(963.6363636 77.64705882 0)
(981.8181818 77.64705882 0)
(1000 77.64705882 0)
(1018.181818 77.64705882 0)
(1036.363636 77.64705882 0)
(1054.545455 77.64705882 0)
(1072.727273 77.64705882 0)
(1090.909091 77.64705882 0)
(1109.090909 77.64705882 0)
(1127.272727 77.64705882 0)
(1145.454545 77.64705882 0)
(1163.636364 77.64705882 0)
(1181.818182 77.64705882 0)
(1200 77.64705882 0)
(1218.181818 77.64705882 0)
(1236.363636 77.64705882 0)
(1254.545455 77.64705882 0)
(1272.727273 77.64705882 0)
(1290.909091 77.64705882 0)
(1309.090909 77.64705882 0)
(1327.272727 77.64705882 0)
(1345.454545 77.64705882 0)
(1363.636364 77.64705882 0)
(1381.818182 77.64705882 0)
(1400 77.64705882 0)
(1418.181818 77.64705882 0)
(1436.363636 77.64705882 0)
(1454.545455 77.64705882 0)
(1472.727273 77.64705882 0)
(1490.909091 77.64705882 0)
(1509.090909 77.64705882 0)
(1527.272727 77.64705882 0)
(1545.454545 77.64705882 0)
(1563.636364 77.64705882 0)
(1581.818182 77.64705882 0)
(1600 77.64705882 0)
(1618.181818 77.64705882 0)
(1636.363636 77.64705882 0)
(1654.545455 77.64705882 0)
(1672.727273 77.64705882 0)
(1690.909091 77.64705882 0)
(1709.090909 77.64705882 0)
(1727.272727 77.64705882 0)
(1745.454545 77.64705882 0)
(1763.636364 77.64705882 0)
(1781.818182 77.64705882 0)
(1800 77.64705882 0)
(1818.181818 77.64705882 0)
(1836.363636 77.64705882 0)
(1854.545455 77.64705882 0)
(1872.727273 77.64705882 0)
(1890.909091 77.64705882 0)
(1909.090909 77.64705882 0)
(1927.272727 77.64705882 0)
(1945.454545 77.64705882 0)
(1963.636364 77.64705882 0)
(1981.818182 77.64705882 0)
(2000 77.64705882 0)
(0 78.82352941 0)
(18.18181818 78.82352941 0)
(36.36363636 78.82352941 0)
(54.54545455 78.82352941 0)
(72.72727273 78.82352941 0)
(90.90909091 78.82352941 0)
(109.0909091 78.82352941 0)
(127.2727273 78.82352941 0)
(145.4545455 78.82352941 0)
(163.6363636 78.82352941 0)
(181.8181818 78.82352941 0)
(200 78.82352941 0)
(218.1818182 78.82352941 0)
(236.3636364 78.82352941 0)
(254.5454545 78.82352941 0)
(272.7272727 78.82352941 0)
(290.9090909 78.82352941 0)
(309.0909091 78.82352941 0)
(327.2727273 78.82352941 0)
(345.4545455 78.82352941 0)
(363.6363636 78.82352941 0)
(381.8181818 78.82352941 0)
(400 78.82352941 0)
(418.1818182 78.82352941 0)
(436.3636364 78.82352941 0)
(454.5454545 78.82352941 0)
(472.7272727 78.82352941 0)
(490.9090909 78.82352941 0)
(509.0909091 78.82352941 0)
(527.2727273 78.82352941 0)
(545.4545455 78.82352941 0)
(563.6363636 78.82352941 0)
(581.8181818 78.82352941 0)
(600 78.82352941 0)
(618.1818182 78.82352941 0)
(636.3636364 78.82352941 0)
(654.5454545 78.82352941 0)
(672.7272727 78.82352941 0)
(690.9090909 78.82352941 0)
(709.0909091 78.82352941 0)
(727.2727273 78.82352941 0)
(745.4545455 78.82352941 0)
(763.6363636 78.82352941 0)
(781.8181818 78.82352941 0)
(800 78.82352941 0)
(818.1818182 78.82352941 0)
(836.3636364 78.82352941 0)
(854.5454545 78.82352941 0)
(872.7272727 78.82352941 0)
(890.9090909 78.82352941 0)
(909.0909091 78.82352941 0)
(927.2727273 78.82352941 0)
(945.4545455 78.82352941 0)
(963.6363636 78.82352941 0)
(981.8181818 78.82352941 0)
(1000 78.82352941 0)
(1018.181818 78.82352941 0)
(1036.363636 78.82352941 0)
(1054.545455 78.82352941 0)
(1072.727273 78.82352941 0)
(1090.909091 78.82352941 0)
(1109.090909 78.82352941 0)
(1127.272727 78.82352941 0)
(1145.454545 78.82352941 0)
(1163.636364 78.82352941 0)
(1181.818182 78.82352941 0)
(1200 78.82352941 0)
(1218.181818 78.82352941 0)
(1236.363636 78.82352941 0)
(1254.545455 78.82352941 0)
(1272.727273 78.82352941 0)
(1290.909091 78.82352941 0)
(1309.090909 78.82352941 0)
(1327.272727 78.82352941 0)
(1345.454545 78.82352941 0)
(1363.636364 78.82352941 0)
(1381.818182 78.82352941 0)
(1400 78.82352941 0)
(1418.181818 78.82352941 0)
(1436.363636 78.82352941 0)
(1454.545455 78.82352941 0)
(1472.727273 78.82352941 0)
(1490.909091 78.82352941 0)
(1509.090909 78.82352941 0)
(1527.272727 78.82352941 0)
(1545.454545 78.82352941 0)
(1563.636364 78.82352941 0)
(1581.818182 78.82352941 0)
(1600 78.82352941 0)
(1618.181818 78.82352941 0)
(1636.363636 78.82352941 0)
(1654.545455 78.82352941 0)
(1672.727273 78.82352941 0)
(1690.909091 78.82352941 0)
(1709.090909 78.82352941 0)
(1727.272727 78.82352941 0)
(1745.454545 78.82352941 0)
(1763.636364 78.82352941 0)
(1781.818182 78.82352941 0)
(1800 78.82352941 0)
(1818.181818 78.82352941 0)
(1836.363636 78.82352941 0)
(1854.545455 78.82352941 0)
(1872.727273 78.82352941 0)
(1890.909091 78.82352941 0)
(1909.090909 78.82352941 0)
(1927.272727 78.82352941 0)
(1945.454545 78.82352941 0)
(1963.636364 78.82352941 0)
(1981.818182 78.82352941 0)
(2000 78.82352941 0)
(0 80 0)
(18.18181818 80 0)
(36.36363636 80 0)
(54.54545455 80 0)
(72.72727273 80 0)
(90.90909091 80 0)
(109.0909091 80 0)
(127.2727273 80 0)
(145.4545455 80 0)
(163.6363636 80 0)
(181.8181818 80 0)
(200 80 0)
(218.1818182 80 0)
(236.3636364 80 0)
(254.5454545 80 0)
(272.7272727 80 0)
(290.9090909 80 0)
(309.0909091 80 0)
(327.2727273 80 0)
(345.4545455 80 0)
(363.6363636 80 0)
(381.8181818 80 0)
(400 80 0)
(418.1818182 80 0)
(436.3636364 80 0)
(454.5454545 80 0)
(472.7272727 80 0)
(490.9090909 80 0)
(509.0909091 80 0)
(527.2727273 80 0)
(545.4545455 80 0)
(563.6363636 80 0)
(581.8181818 80 0)
(600 80 0)
(618.1818182 80 0)
(636.3636364 80 0)
(654.5454545 80 0)
(672.7272727 80 0)
(690.9090909 80 0)
(709.0909091 80 0)
(727.2727273 80 0)
(745.4545455 80 0)
(763.6363636 80 0)
(781.8181818 80 0)
(800 80 0)
(818.1818182 80 0)
(836.3636364 80 0)
(854.5454545 80 0)
(872.7272727 80 0)
(890.9090909 80 0)
(909.0909091 80 0)
(927.2727273 80 0)
(945.4545455 80 0)
(963.6363636 80 0)
(981.8181818 80 0)
(1000 80 0)
(1018.181818 80 0)
(1036.363636 80 0)
(1054.545455 80 0)
(1072.727273 80 0)
(1090.909091 80 0)
(1109.090909 80 0)
(1127.272727 80 0)
(1145.454545 80 0)
(1163.636364 80 0)
(1181.818182 80 0)
(1200 80 0)
(1218.181818 80 0)
(1236.363636 80 0)
(1254.545455 80 0)
(1272.727273 80 0)
(1290.909091 80 0)
(1309.090909 80 0)
(1327.272727 80 0)
(1345.454545 80 0)
(1363.636364 80 0)
(1381.818182 80 0)
(1400 80 0)
(1418.181818 80 0)
(1436.363636 80 0)
(1454.545455 80 0)
(1472.727273 80 0)
(1490.909091 80 0)
(1509.090909 80 0)
(1527.272727 80 0)
(1545.454545 80 0)
(1563.636364 80 0)
(1581.818182 80 0)
(1600 80 0)
(1618.181818 80 0)
(1636.363636 80 0)
(1654.545455 80 0)
(1672.727273 80 0)
(1690.909091 80 0)
(1709.090909 80 0)
(1727.272727 80 0)
(1745.454545 80 0)
(1763.636364 80 0)
(1781.818182 80 0)
(1800 80 0)
(1818.181818 80 0)
(1836.363636 80 0)
(1854.545455 80 0)
(1872.727273 80 0)
(1890.909091 80 0)
(1909.090909 80 0)
(1927.272727 80 0)
(1945.454545 80 0)
(1963.636364 80 0)
(1981.818182 80 0)
(2000 80 0)
(0 81.17647059 0)
(18.18181818 81.17647059 0)
(36.36363636 81.17647059 0)
(54.54545455 81.17647059 0)
(72.72727273 81.17647059 0)
(90.90909091 81.17647059 0)
(109.0909091 81.17647059 0)
(127.2727273 81.17647059 0)
(145.4545455 81.17647059 0)
(163.6363636 81.17647059 0)
(181.8181818 81.17647059 0)
(200 81.17647059 0)
(218.1818182 81.17647059 0)
(236.3636364 81.17647059 0)
(254.5454545 81.17647059 0)
(272.7272727 81.17647059 0)
(290.9090909 81.17647059 0)
(309.0909091 81.17647059 0)
(327.2727273 81.17647059 0)
(345.4545455 81.17647059 0)
(363.6363636 81.17647059 0)
(381.8181818 81.17647059 0)
(400 81.17647059 0)
(418.1818182 81.17647059 0)
(436.3636364 81.17647059 0)
(454.5454545 81.17647059 0)
(472.7272727 81.17647059 0)
(490.9090909 81.17647059 0)
(509.0909091 81.17647059 0)
(527.2727273 81.17647059 0)
(545.4545455 81.17647059 0)
(563.6363636 81.17647059 0)
(581.8181818 81.17647059 0)
(600 81.17647059 0)
(618.1818182 81.17647059 0)
(636.3636364 81.17647059 0)
(654.5454545 81.17647059 0)
(672.7272727 81.17647059 0)
(690.9090909 81.17647059 0)
(709.0909091 81.17647059 0)
(727.2727273 81.17647059 0)
(745.4545455 81.17647059 0)
(763.6363636 81.17647059 0)
(781.8181818 81.17647059 0)
(800 81.17647059 0)
(818.1818182 81.17647059 0)
(836.3636364 81.17647059 0)
(854.5454545 81.17647059 0)
(872.7272727 81.17647059 0)
(890.9090909 81.17647059 0)
(909.0909091 81.17647059 0)
(927.2727273 81.17647059 0)
(945.4545455 81.17647059 0)
(963.6363636 81.17647059 0)
(981.8181818 81.17647059 0)
(1000 81.17647059 0)
(1018.181818 81.17647059 0)
(1036.363636 81.17647059 0)
(1054.545455 81.17647059 0)
(1072.727273 81.17647059 0)
(1090.909091 81.17647059 0)
(1109.090909 81.17647059 0)
(1127.272727 81.17647059 0)
(1145.454545 81.17647059 0)
(1163.636364 81.17647059 0)
(1181.818182 81.17647059 0)
(1200 81.17647059 0)
(1218.181818 81.17647059 0)
(1236.363636 81.17647059 0)
(1254.545455 81.17647059 0)
(1272.727273 81.17647059 0)
(1290.909091 81.17647059 0)
(1309.090909 81.17647059 0)
(1327.272727 81.17647059 0)
(1345.454545 81.17647059 0)
(1363.636364 81.17647059 0)
(1381.818182 81.17647059 0)
(1400 81.17647059 0)
(1418.181818 81.17647059 0)
(1436.363636 81.17647059 0)
(1454.545455 81.17647059 0)
(1472.727273 81.17647059 0)
(1490.909091 81.17647059 0)
(1509.090909 81.17647059 0)
(1527.272727 81.17647059 0)
(1545.454545 81.17647059 0)
(1563.636364 81.17647059 0)
(1581.818182 81.17647059 0)
(1600 81.17647059 0)
(1618.181818 81.17647059 0)
(1636.363636 81.17647059 0)
(1654.545455 81.17647059 0)
(1672.727273 81.17647059 0)
(1690.909091 81.17647059 0)
(1709.090909 81.17647059 0)
(1727.272727 81.17647059 0)
(1745.454545 81.17647059 0)
(1763.636364 81.17647059 0)
(1781.818182 81.17647059 0)
(1800 81.17647059 0)
(1818.181818 81.17647059 0)
(1836.363636 81.17647059 0)
(1854.545455 81.17647059 0)
(1872.727273 81.17647059 0)
(1890.909091 81.17647059 0)
(1909.090909 81.17647059 0)
(1927.272727 81.17647059 0)
(1945.454545 81.17647059 0)
(1963.636364 81.17647059 0)
(1981.818182 81.17647059 0)
(2000 81.17647059 0)
(0 82.35294118 0)
(18.18181818 82.35294118 0)
(36.36363636 82.35294118 0)
(54.54545455 82.35294118 0)
(72.72727273 82.35294118 0)
(90.90909091 82.35294118 0)
(109.0909091 82.35294118 0)
(127.2727273 82.35294118 0)
(145.4545455 82.35294118 0)
(163.6363636 82.35294118 0)
(181.8181818 82.35294118 0)
(200 82.35294118 0)
(218.1818182 82.35294118 0)
(236.3636364 82.35294118 0)
(254.5454545 82.35294118 0)
(272.7272727 82.35294118 0)
(290.9090909 82.35294118 0)
(309.0909091 82.35294118 0)
(327.2727273 82.35294118 0)
(345.4545455 82.35294118 0)
(363.6363636 82.35294118 0)
(381.8181818 82.35294118 0)
(400 82.35294118 0)
(418.1818182 82.35294118 0)
(436.3636364 82.35294118 0)
(454.5454545 82.35294118 0)
(472.7272727 82.35294118 0)
(490.9090909 82.35294118 0)
(509.0909091 82.35294118 0)
(527.2727273 82.35294118 0)
(545.4545455 82.35294118 0)
(563.6363636 82.35294118 0)
(581.8181818 82.35294118 0)
(600 82.35294118 0)
(618.1818182 82.35294118 0)
(636.3636364 82.35294118 0)
(654.5454545 82.35294118 0)
(672.7272727 82.35294118 0)
(690.9090909 82.35294118 0)
(709.0909091 82.35294118 0)
(727.2727273 82.35294118 0)
(745.4545455 82.35294118 0)
(763.6363636 82.35294118 0)
(781.8181818 82.35294118 0)
(800 82.35294118 0)
(818.1818182 82.35294118 0)
(836.3636364 82.35294118 0)
(854.5454545 82.35294118 0)
(872.7272727 82.35294118 0)
(890.9090909 82.35294118 0)
(909.0909091 82.35294118 0)
(927.2727273 82.35294118 0)
(945.4545455 82.35294118 0)
(963.6363636 82.35294118 0)
(981.8181818 82.35294118 0)
(1000 82.35294118 0)
(1018.181818 82.35294118 0)
(1036.363636 82.35294118 0)
(1054.545455 82.35294118 0)
(1072.727273 82.35294118 0)
(1090.909091 82.35294118 0)
(1109.090909 82.35294118 0)
(1127.272727 82.35294118 0)
(1145.454545 82.35294118 0)
(1163.636364 82.35294118 0)
(1181.818182 82.35294118 0)
(1200 82.35294118 0)
(1218.181818 82.35294118 0)
(1236.363636 82.35294118 0)
(1254.545455 82.35294118 0)
(1272.727273 82.35294118 0)
(1290.909091 82.35294118 0)
(1309.090909 82.35294118 0)
(1327.272727 82.35294118 0)
(1345.454545 82.35294118 0)
(1363.636364 82.35294118 0)
(1381.818182 82.35294118 0)
(1400 82.35294118 0)
(1418.181818 82.35294118 0)
(1436.363636 82.35294118 0)
(1454.545455 82.35294118 0)
(1472.727273 82.35294118 0)
(1490.909091 82.35294118 0)
(1509.090909 82.35294118 0)
(1527.272727 82.35294118 0)
(1545.454545 82.35294118 0)
(1563.636364 82.35294118 0)
(1581.818182 82.35294118 0)
(1600 82.35294118 0)
(1618.181818 82.35294118 0)
(1636.363636 82.35294118 0)
(1654.545455 82.35294118 0)
(1672.727273 82.35294118 0)
(1690.909091 82.35294118 0)
(1709.090909 82.35294118 0)
(1727.272727 82.35294118 0)
(1745.454545 82.35294118 0)
(1763.636364 82.35294118 0)
(1781.818182 82.35294118 0)
(1800 82.35294118 0)
(1818.181818 82.35294118 0)
(1836.363636 82.35294118 0)
(1854.545455 82.35294118 0)
(1872.727273 82.35294118 0)
(1890.909091 82.35294118 0)
(1909.090909 82.35294118 0)
(1927.272727 82.35294118 0)
(1945.454545 82.35294118 0)
(1963.636364 82.35294118 0)
(1981.818182 82.35294118 0)
(2000 82.35294118 0)
(0 83.52941176 0)
(18.18181818 83.52941176 0)
(36.36363636 83.52941176 0)
(54.54545455 83.52941176 0)
(72.72727273 83.52941176 0)
(90.90909091 83.52941176 0)
(109.0909091 83.52941176 0)
(127.2727273 83.52941176 0)
(145.4545455 83.52941176 0)
(163.6363636 83.52941176 0)
(181.8181818 83.52941176 0)
(200 83.52941176 0)
(218.1818182 83.52941176 0)
(236.3636364 83.52941176 0)
(254.5454545 83.52941176 0)
(272.7272727 83.52941176 0)
(290.9090909 83.52941176 0)
(309.0909091 83.52941176 0)
(327.2727273 83.52941176 0)
(345.4545455 83.52941176 0)
(363.6363636 83.52941176 0)
(381.8181818 83.52941176 0)
(400 83.52941176 0)
(418.1818182 83.52941176 0)
(436.3636364 83.52941176 0)
(454.5454545 83.52941176 0)
(472.7272727 83.52941176 0)
(490.9090909 83.52941176 0)
(509.0909091 83.52941176 0)
(527.2727273 83.52941176 0)
(545.4545455 83.52941176 0)
(563.6363636 83.52941176 0)
(581.8181818 83.52941176 0)
(600 83.52941176 0)
(618.1818182 83.52941176 0)
(636.3636364 83.52941176 0)
(654.5454545 83.52941176 0)
(672.7272727 83.52941176 0)
(690.9090909 83.52941176 0)
(709.0909091 83.52941176 0)
(727.2727273 83.52941176 0)
(745.4545455 83.52941176 0)
(763.6363636 83.52941176 0)
(781.8181818 83.52941176 0)
(800 83.52941176 0)
(818.1818182 83.52941176 0)
(836.3636364 83.52941176 0)
(854.5454545 83.52941176 0)
(872.7272727 83.52941176 0)
(890.9090909 83.52941176 0)
(909.0909091 83.52941176 0)
(927.2727273 83.52941176 0)
(945.4545455 83.52941176 0)
(963.6363636 83.52941176 0)
(981.8181818 83.52941176 0)
(1000 83.52941176 0)
(1018.181818 83.52941176 0)
(1036.363636 83.52941176 0)
(1054.545455 83.52941176 0)
(1072.727273 83.52941176 0)
(1090.909091 83.52941176 0)
(1109.090909 83.52941176 0)
(1127.272727 83.52941176 0)
(1145.454545 83.52941176 0)
(1163.636364 83.52941176 0)
(1181.818182 83.52941176 0)
(1200 83.52941176 0)
(1218.181818 83.52941176 0)
(1236.363636 83.52941176 0)
(1254.545455 83.52941176 0)
(1272.727273 83.52941176 0)
(1290.909091 83.52941176 0)
(1309.090909 83.52941176 0)
(1327.272727 83.52941176 0)
(1345.454545 83.52941176 0)
(1363.636364 83.52941176 0)
(1381.818182 83.52941176 0)
(1400 83.52941176 0)
(1418.181818 83.52941176 0)
(1436.363636 83.52941176 0)
(1454.545455 83.52941176 0)
(1472.727273 83.52941176 0)
(1490.909091 83.52941176 0)
(1509.090909 83.52941176 0)
(1527.272727 83.52941176 0)
(1545.454545 83.52941176 0)
(1563.636364 83.52941176 0)
(1581.818182 83.52941176 0)
(1600 83.52941176 0)
(1618.181818 83.52941176 0)
(1636.363636 83.52941176 0)
(1654.545455 83.52941176 0)
(1672.727273 83.52941176 0)
(1690.909091 83.52941176 0)
(1709.090909 83.52941176 0)
(1727.272727 83.52941176 0)
(1745.454545 83.52941176 0)
(1763.636364 83.52941176 0)
(1781.818182 83.52941176 0)
(1800 83.52941176 0)
(1818.181818 83.52941176 0)
(1836.363636 83.52941176 0)
(1854.545455 83.52941176 0)
(1872.727273 83.52941176 0)
(1890.909091 83.52941176 0)
(1909.090909 83.52941176 0)
(1927.272727 83.52941176 0)
(1945.454545 83.52941176 0)
(1963.636364 83.52941176 0)
(1981.818182 83.52941176 0)
(2000 83.52941176 0)
(0 84.70588235 0)
(18.18181818 84.70588235 0)
(36.36363636 84.70588235 0)
(54.54545455 84.70588235 0)
(72.72727273 84.70588235 0)
(90.90909091 84.70588235 0)
(109.0909091 84.70588235 0)
(127.2727273 84.70588235 0)
(145.4545455 84.70588235 0)
(163.6363636 84.70588235 0)
(181.8181818 84.70588235 0)
(200 84.70588235 0)
(218.1818182 84.70588235 0)
(236.3636364 84.70588235 0)
(254.5454545 84.70588235 0)
(272.7272727 84.70588235 0)
(290.9090909 84.70588235 0)
(309.0909091 84.70588235 0)
(327.2727273 84.70588235 0)
(345.4545455 84.70588235 0)
(363.6363636 84.70588235 0)
(381.8181818 84.70588235 0)
(400 84.70588235 0)
(418.1818182 84.70588235 0)
(436.3636364 84.70588235 0)
(454.5454545 84.70588235 0)
(472.7272727 84.70588235 0)
(490.9090909 84.70588235 0)
(509.0909091 84.70588235 0)
(527.2727273 84.70588235 0)
(545.4545455 84.70588235 0)
(563.6363636 84.70588235 0)
(581.8181818 84.70588235 0)
(600 84.70588235 0)
(618.1818182 84.70588235 0)
(636.3636364 84.70588235 0)
(654.5454545 84.70588235 0)
(672.7272727 84.70588235 0)
(690.9090909 84.70588235 0)
(709.0909091 84.70588235 0)
(727.2727273 84.70588235 0)
(745.4545455 84.70588235 0)
(763.6363636 84.70588235 0)
(781.8181818 84.70588235 0)
(800 84.70588235 0)
(818.1818182 84.70588235 0)
(836.3636364 84.70588235 0)
(854.5454545 84.70588235 0)
(872.7272727 84.70588235 0)
(890.9090909 84.70588235 0)
(909.0909091 84.70588235 0)
(927.2727273 84.70588235 0)
(945.4545455 84.70588235 0)
(963.6363636 84.70588235 0)
(981.8181818 84.70588235 0)
(1000 84.70588235 0)
(1018.181818 84.70588235 0)
(1036.363636 84.70588235 0)
(1054.545455 84.70588235 0)
(1072.727273 84.70588235 0)
(1090.909091 84.70588235 0)
(1109.090909 84.70588235 0)
(1127.272727 84.70588235 0)
(1145.454545 84.70588235 0)
(1163.636364 84.70588235 0)
(1181.818182 84.70588235 0)
(1200 84.70588235 0)
(1218.181818 84.70588235 0)
(1236.363636 84.70588235 0)
(1254.545455 84.70588235 0)
(1272.727273 84.70588235 0)
(1290.909091 84.70588235 0)
(1309.090909 84.70588235 0)
(1327.272727 84.70588235 0)
(1345.454545 84.70588235 0)
(1363.636364 84.70588235 0)
(1381.818182 84.70588235 0)
(1400 84.70588235 0)
(1418.181818 84.70588235 0)
(1436.363636 84.70588235 0)
(1454.545455 84.70588235 0)
(1472.727273 84.70588235 0)
(1490.909091 84.70588235 0)
(1509.090909 84.70588235 0)
(1527.272727 84.70588235 0)
(1545.454545 84.70588235 0)
(1563.636364 84.70588235 0)
(1581.818182 84.70588235 0)
(1600 84.70588235 0)
(1618.181818 84.70588235 0)
(1636.363636 84.70588235 0)
(1654.545455 84.70588235 0)
(1672.727273 84.70588235 0)
(1690.909091 84.70588235 0)
(1709.090909 84.70588235 0)
(1727.272727 84.70588235 0)
(1745.454545 84.70588235 0)
(1763.636364 84.70588235 0)
(1781.818182 84.70588235 0)
(1800 84.70588235 0)
(1818.181818 84.70588235 0)
(1836.363636 84.70588235 0)
(1854.545455 84.70588235 0)
(1872.727273 84.70588235 0)
(1890.909091 84.70588235 0)
(1909.090909 84.70588235 0)
(1927.272727 84.70588235 0)
(1945.454545 84.70588235 0)
(1963.636364 84.70588235 0)
(1981.818182 84.70588235 0)
(2000 84.70588235 0)
(0 85.88235294 0)
(18.18181818 85.88235294 0)
(36.36363636 85.88235294 0)
(54.54545455 85.88235294 0)
(72.72727273 85.88235294 0)
(90.90909091 85.88235294 0)
(109.0909091 85.88235294 0)
(127.2727273 85.88235294 0)
(145.4545455 85.88235294 0)
(163.6363636 85.88235294 0)
(181.8181818 85.88235294 0)
(200 85.88235294 0)
(218.1818182 85.88235294 0)
(236.3636364 85.88235294 0)
(254.5454545 85.88235294 0)
(272.7272727 85.88235294 0)
(290.9090909 85.88235294 0)
(309.0909091 85.88235294 0)
(327.2727273 85.88235294 0)
(345.4545455 85.88235294 0)
(363.6363636 85.88235294 0)
(381.8181818 85.88235294 0)
(400 85.88235294 0)
(418.1818182 85.88235294 0)
(436.3636364 85.88235294 0)
(454.5454545 85.88235294 0)
(472.7272727 85.88235294 0)
(490.9090909 85.88235294 0)
(509.0909091 85.88235294 0)
(527.2727273 85.88235294 0)
(545.4545455 85.88235294 0)
(563.6363636 85.88235294 0)
(581.8181818 85.88235294 0)
(600 85.88235294 0)
(618.1818182 85.88235294 0)
(636.3636364 85.88235294 0)
(654.5454545 85.88235294 0)
(672.7272727 85.88235294 0)
(690.9090909 85.88235294 0)
(709.0909091 85.88235294 0)
(727.2727273 85.88235294 0)
(745.4545455 85.88235294 0)
(763.6363636 85.88235294 0)
(781.8181818 85.88235294 0)
(800 85.88235294 0)
(818.1818182 85.88235294 0)
(836.3636364 85.88235294 0)
(854.5454545 85.88235294 0)
(872.7272727 85.88235294 0)
(890.9090909 85.88235294 0)
(909.0909091 85.88235294 0)
(927.2727273 85.88235294 0)
(945.4545455 85.88235294 0)
(963.6363636 85.88235294 0)
(981.8181818 85.88235294 0)
(1000 85.88235294 0)
(1018.181818 85.88235294 0)
(1036.363636 85.88235294 0)
(1054.545455 85.88235294 0)
(1072.727273 85.88235294 0)
(1090.909091 85.88235294 0)
(1109.090909 85.88235294 0)
(1127.272727 85.88235294 0)
(1145.454545 85.88235294 0)
(1163.636364 85.88235294 0)
(1181.818182 85.88235294 0)
(1200 85.88235294 0)
(1218.181818 85.88235294 0)
(1236.363636 85.88235294 0)
(1254.545455 85.88235294 0)
(1272.727273 85.88235294 0)
(1290.909091 85.88235294 0)
(1309.090909 85.88235294 0)
(1327.272727 85.88235294 0)
(1345.454545 85.88235294 0)
(1363.636364 85.88235294 0)
(1381.818182 85.88235294 0)
(1400 85.88235294 0)
(1418.181818 85.88235294 0)
(1436.363636 85.88235294 0)
(1454.545455 85.88235294 0)
(1472.727273 85.88235294 0)
(1490.909091 85.88235294 0)
(1509.090909 85.88235294 0)
(1527.272727 85.88235294 0)
(1545.454545 85.88235294 0)
(1563.636364 85.88235294 0)
(1581.818182 85.88235294 0)
(1600 85.88235294 0)
(1618.181818 85.88235294 0)
(1636.363636 85.88235294 0)
(1654.545455 85.88235294 0)
(1672.727273 85.88235294 0)
(1690.909091 85.88235294 0)
(1709.090909 85.88235294 0)
(1727.272727 85.88235294 0)
(1745.454545 85.88235294 0)
(1763.636364 85.88235294 0)
(1781.818182 85.88235294 0)
(1800 85.88235294 0)
(1818.181818 85.88235294 0)
(1836.363636 85.88235294 0)
(1854.545455 85.88235294 0)
(1872.727273 85.88235294 0)
(1890.909091 85.88235294 0)
(1909.090909 85.88235294 0)
(1927.272727 85.88235294 0)
(1945.454545 85.88235294 0)
(1963.636364 85.88235294 0)
(1981.818182 85.88235294 0)
(2000 85.88235294 0)
(0 87.05882353 0)
(18.18181818 87.05882353 0)
(36.36363636 87.05882353 0)
(54.54545455 87.05882353 0)
(72.72727273 87.05882353 0)
(90.90909091 87.05882353 0)
(109.0909091 87.05882353 0)
(127.2727273 87.05882353 0)
(145.4545455 87.05882353 0)
(163.6363636 87.05882353 0)
(181.8181818 87.05882353 0)
(200 87.05882353 0)
(218.1818182 87.05882353 0)
(236.3636364 87.05882353 0)
(254.5454545 87.05882353 0)
(272.7272727 87.05882353 0)
(290.9090909 87.05882353 0)
(309.0909091 87.05882353 0)
(327.2727273 87.05882353 0)
(345.4545455 87.05882353 0)
(363.6363636 87.05882353 0)
(381.8181818 87.05882353 0)
(400 87.05882353 0)
(418.1818182 87.05882353 0)
(436.3636364 87.05882353 0)
(454.5454545 87.05882353 0)
(472.7272727 87.05882353 0)
(490.9090909 87.05882353 0)
(509.0909091 87.05882353 0)
(527.2727273 87.05882353 0)
(545.4545455 87.05882353 0)
(563.6363636 87.05882353 0)
(581.8181818 87.05882353 0)
(600 87.05882353 0)
(618.1818182 87.05882353 0)
(636.3636364 87.05882353 0)
(654.5454545 87.05882353 0)
(672.7272727 87.05882353 0)
(690.9090909 87.05882353 0)
(709.0909091 87.05882353 0)
(727.2727273 87.05882353 0)
(745.4545455 87.05882353 0)
(763.6363636 87.05882353 0)
(781.8181818 87.05882353 0)
(800 87.05882353 0)
(818.1818182 87.05882353 0)
(836.3636364 87.05882353 0)
(854.5454545 87.05882353 0)
(872.7272727 87.05882353 0)
(890.9090909 87.05882353 0)
(909.0909091 87.05882353 0)
(927.2727273 87.05882353 0)
(945.4545455 87.05882353 0)
(963.6363636 87.05882353 0)
(981.8181818 87.05882353 0)
(1000 87.05882353 0)
(1018.181818 87.05882353 0)
(1036.363636 87.05882353 0)
(1054.545455 87.05882353 0)
(1072.727273 87.05882353 0)
(1090.909091 87.05882353 0)
(1109.090909 87.05882353 0)
(1127.272727 87.05882353 0)
(1145.454545 87.05882353 0)
(1163.636364 87.05882353 0)
(1181.818182 87.05882353 0)
(1200 87.05882353 0)
(1218.181818 87.05882353 0)
(1236.363636 87.05882353 0)
(1254.545455 87.05882353 0)
(1272.727273 87.05882353 0)
(1290.909091 87.05882353 0)
(1309.090909 87.05882353 0)
(1327.272727 87.05882353 0)
(1345.454545 87.05882353 0)
(1363.636364 87.05882353 0)
(1381.818182 87.05882353 0)
(1400 87.05882353 0)
(1418.181818 87.05882353 0)
(1436.363636 87.05882353 0)
(1454.545455 87.05882353 0)
(1472.727273 87.05882353 0)
(1490.909091 87.05882353 0)
(1509.090909 87.05882353 0)
(1527.272727 87.05882353 0)
(1545.454545 87.05882353 0)
(1563.636364 87.05882353 0)
(1581.818182 87.05882353 0)
(1600 87.05882353 0)
(1618.181818 87.05882353 0)
(1636.363636 87.05882353 0)
(1654.545455 87.05882353 0)
(1672.727273 87.05882353 0)
(1690.909091 87.05882353 0)
(1709.090909 87.05882353 0)
(1727.272727 87.05882353 0)
(1745.454545 87.05882353 0)
(1763.636364 87.05882353 0)
(1781.818182 87.05882353 0)
(1800 87.05882353 0)
(1818.181818 87.05882353 0)
(1836.363636 87.05882353 0)
(1854.545455 87.05882353 0)
(1872.727273 87.05882353 0)
(1890.909091 87.05882353 0)
(1909.090909 87.05882353 0)
(1927.272727 87.05882353 0)
(1945.454545 87.05882353 0)
(1963.636364 87.05882353 0)
(1981.818182 87.05882353 0)
(2000 87.05882353 0)
(0 88.23529412 0)
(18.18181818 88.23529412 0)
(36.36363636 88.23529412 0)
(54.54545455 88.23529412 0)
(72.72727273 88.23529412 0)
(90.90909091 88.23529412 0)
(109.0909091 88.23529412 0)
(127.2727273 88.23529412 0)
(145.4545455 88.23529412 0)
(163.6363636 88.23529412 0)
(181.8181818 88.23529412 0)
(200 88.23529412 0)
(218.1818182 88.23529412 0)
(236.3636364 88.23529412 0)
(254.5454545 88.23529412 0)
(272.7272727 88.23529412 0)
(290.9090909 88.23529412 0)
(309.0909091 88.23529412 0)
(327.2727273 88.23529412 0)
(345.4545455 88.23529412 0)
(363.6363636 88.23529412 0)
(381.8181818 88.23529412 0)
(400 88.23529412 0)
(418.1818182 88.23529412 0)
(436.3636364 88.23529412 0)
(454.5454545 88.23529412 0)
(472.7272727 88.23529412 0)
(490.9090909 88.23529412 0)
(509.0909091 88.23529412 0)
(527.2727273 88.23529412 0)
(545.4545455 88.23529412 0)
(563.6363636 88.23529412 0)
(581.8181818 88.23529412 0)
(600 88.23529412 0)
(618.1818182 88.23529412 0)
(636.3636364 88.23529412 0)
(654.5454545 88.23529412 0)
(672.7272727 88.23529412 0)
(690.9090909 88.23529412 0)
(709.0909091 88.23529412 0)
(727.2727273 88.23529412 0)
(745.4545455 88.23529412 0)
(763.6363636 88.23529412 0)
(781.8181818 88.23529412 0)
(800 88.23529412 0)
(818.1818182 88.23529412 0)
(836.3636364 88.23529412 0)
(854.5454545 88.23529412 0)
(872.7272727 88.23529412 0)
(890.9090909 88.23529412 0)
(909.0909091 88.23529412 0)
(927.2727273 88.23529412 0)
(945.4545455 88.23529412 0)
(963.6363636 88.23529412 0)
(981.8181818 88.23529412 0)
(1000 88.23529412 0)
(1018.181818 88.23529412 0)
(1036.363636 88.23529412 0)
(1054.545455 88.23529412 0)
(1072.727273 88.23529412 0)
(1090.909091 88.23529412 0)
(1109.090909 88.23529412 0)
(1127.272727 88.23529412 0)
(1145.454545 88.23529412 0)
(1163.636364 88.23529412 0)
(1181.818182 88.23529412 0)
(1200 88.23529412 0)
(1218.181818 88.23529412 0)
(1236.363636 88.23529412 0)
(1254.545455 88.23529412 0)
(1272.727273 88.23529412 0)
(1290.909091 88.23529412 0)
(1309.090909 88.23529412 0)
(1327.272727 88.23529412 0)
(1345.454545 88.23529412 0)
(1363.636364 88.23529412 0)
(1381.818182 88.23529412 0)
(1400 88.23529412 0)
(1418.181818 88.23529412 0)
(1436.363636 88.23529412 0)
(1454.545455 88.23529412 0)
(1472.727273 88.23529412 0)
(1490.909091 88.23529412 0)
(1509.090909 88.23529412 0)
(1527.272727 88.23529412 0)
(1545.454545 88.23529412 0)
(1563.636364 88.23529412 0)
(1581.818182 88.23529412 0)
(1600 88.23529412 0)
(1618.181818 88.23529412 0)
(1636.363636 88.23529412 0)
(1654.545455 88.23529412 0)
(1672.727273 88.23529412 0)
(1690.909091 88.23529412 0)
(1709.090909 88.23529412 0)
(1727.272727 88.23529412 0)
(1745.454545 88.23529412 0)
(1763.636364 88.23529412 0)
(1781.818182 88.23529412 0)
(1800 88.23529412 0)
(1818.181818 88.23529412 0)
(1836.363636 88.23529412 0)
(1854.545455 88.23529412 0)
(1872.727273 88.23529412 0)
(1890.909091 88.23529412 0)
(1909.090909 88.23529412 0)
(1927.272727 88.23529412 0)
(1945.454545 88.23529412 0)
(1963.636364 88.23529412 0)
(1981.818182 88.23529412 0)
(2000 88.23529412 0)
(0 89.41176471 0)
(18.18181818 89.41176471 0)
(36.36363636 89.41176471 0)
(54.54545455 89.41176471 0)
(72.72727273 89.41176471 0)
(90.90909091 89.41176471 0)
(109.0909091 89.41176471 0)
(127.2727273 89.41176471 0)
(145.4545455 89.41176471 0)
(163.6363636 89.41176471 0)
(181.8181818 89.41176471 0)
(200 89.41176471 0)
(218.1818182 89.41176471 0)
(236.3636364 89.41176471 0)
(254.5454545 89.41176471 0)
(272.7272727 89.41176471 0)
(290.9090909 89.41176471 0)
(309.0909091 89.41176471 0)
(327.2727273 89.41176471 0)
(345.4545455 89.41176471 0)
(363.6363636 89.41176471 0)
(381.8181818 89.41176471 0)
(400 89.41176471 0)
(418.1818182 89.41176471 0)
(436.3636364 89.41176471 0)
(454.5454545 89.41176471 0)
(472.7272727 89.41176471 0)
(490.9090909 89.41176471 0)
(509.0909091 89.41176471 0)
(527.2727273 89.41176471 0)
(545.4545455 89.41176471 0)
(563.6363636 89.41176471 0)
(581.8181818 89.41176471 0)
(600 89.41176471 0)
(618.1818182 89.41176471 0)
(636.3636364 89.41176471 0)
(654.5454545 89.41176471 0)
(672.7272727 89.41176471 0)
(690.9090909 89.41176471 0)
(709.0909091 89.41176471 0)
(727.2727273 89.41176471 0)
(745.4545455 89.41176471 0)
(763.6363636 89.41176471 0)
(781.8181818 89.41176471 0)
(800 89.41176471 0)
(818.1818182 89.41176471 0)
(836.3636364 89.41176471 0)
(854.5454545 89.41176471 0)
(872.7272727 89.41176471 0)
(890.9090909 89.41176471 0)
(909.0909091 89.41176471 0)
(927.2727273 89.41176471 0)
(945.4545455 89.41176471 0)
(963.6363636 89.41176471 0)
(981.8181818 89.41176471 0)
(1000 89.41176471 0)
(1018.181818 89.41176471 0)
(1036.363636 89.41176471 0)
(1054.545455 89.41176471 0)
(1072.727273 89.41176471 0)
(1090.909091 89.41176471 0)
(1109.090909 89.41176471 0)
(1127.272727 89.41176471 0)
(1145.454545 89.41176471 0)
(1163.636364 89.41176471 0)
(1181.818182 89.41176471 0)
(1200 89.41176471 0)
(1218.181818 89.41176471 0)
(1236.363636 89.41176471 0)
(1254.545455 89.41176471 0)
(1272.727273 89.41176471 0)
(1290.909091 89.41176471 0)
(1309.090909 89.41176471 0)
(1327.272727 89.41176471 0)
(1345.454545 89.41176471 0)
(1363.636364 89.41176471 0)
(1381.818182 89.41176471 0)
(1400 89.41176471 0)
(1418.181818 89.41176471 0)
(1436.363636 89.41176471 0)
(1454.545455 89.41176471 0)
(1472.727273 89.41176471 0)
(1490.909091 89.41176471 0)
(1509.090909 89.41176471 0)
(1527.272727 89.41176471 0)
(1545.454545 89.41176471 0)
(1563.636364 89.41176471 0)
(1581.818182 89.41176471 0)
(1600 89.41176471 0)
(1618.181818 89.41176471 0)
(1636.363636 89.41176471 0)
(1654.545455 89.41176471 0)
(1672.727273 89.41176471 0)
(1690.909091 89.41176471 0)
(1709.090909 89.41176471 0)
(1727.272727 89.41176471 0)
(1745.454545 89.41176471 0)
(1763.636364 89.41176471 0)
(1781.818182 89.41176471 0)
(1800 89.41176471 0)
(1818.181818 89.41176471 0)
(1836.363636 89.41176471 0)
(1854.545455 89.41176471 0)
(1872.727273 89.41176471 0)
(1890.909091 89.41176471 0)
(1909.090909 89.41176471 0)
(1927.272727 89.41176471 0)
(1945.454545 89.41176471 0)
(1963.636364 89.41176471 0)
(1981.818182 89.41176471 0)
(2000 89.41176471 0)
(0 90.58823529 0)
(18.18181818 90.58823529 0)
(36.36363636 90.58823529 0)
(54.54545455 90.58823529 0)
(72.72727273 90.58823529 0)
(90.90909091 90.58823529 0)
(109.0909091 90.58823529 0)
(127.2727273 90.58823529 0)
(145.4545455 90.58823529 0)
(163.6363636 90.58823529 0)
(181.8181818 90.58823529 0)
(200 90.58823529 0)
(218.1818182 90.58823529 0)
(236.3636364 90.58823529 0)
(254.5454545 90.58823529 0)
(272.7272727 90.58823529 0)
(290.9090909 90.58823529 0)
(309.0909091 90.58823529 0)
(327.2727273 90.58823529 0)
(345.4545455 90.58823529 0)
(363.6363636 90.58823529 0)
(381.8181818 90.58823529 0)
(400 90.58823529 0)
(418.1818182 90.58823529 0)
(436.3636364 90.58823529 0)
(454.5454545 90.58823529 0)
(472.7272727 90.58823529 0)
(490.9090909 90.58823529 0)
(509.0909091 90.58823529 0)
(527.2727273 90.58823529 0)
(545.4545455 90.58823529 0)
(563.6363636 90.58823529 0)
(581.8181818 90.58823529 0)
(600 90.58823529 0)
(618.1818182 90.58823529 0)
(636.3636364 90.58823529 0)
(654.5454545 90.58823529 0)
(672.7272727 90.58823529 0)
(690.9090909 90.58823529 0)
(709.0909091 90.58823529 0)
(727.2727273 90.58823529 0)
(745.4545455 90.58823529 0)
(763.6363636 90.58823529 0)
(781.8181818 90.58823529 0)
(800 90.58823529 0)
(818.1818182 90.58823529 0)
(836.3636364 90.58823529 0)
(854.5454545 90.58823529 0)
(872.7272727 90.58823529 0)
(890.9090909 90.58823529 0)
(909.0909091 90.58823529 0)
(927.2727273 90.58823529 0)
(945.4545455 90.58823529 0)
(963.6363636 90.58823529 0)
(981.8181818 90.58823529 0)
(1000 90.58823529 0)
(1018.181818 90.58823529 0)
(1036.363636 90.58823529 0)
(1054.545455 90.58823529 0)
(1072.727273 90.58823529 0)
(1090.909091 90.58823529 0)
(1109.090909 90.58823529 0)
(1127.272727 90.58823529 0)
(1145.454545 90.58823529 0)
(1163.636364 90.58823529 0)
(1181.818182 90.58823529 0)
(1200 90.58823529 0)
(1218.181818 90.58823529 0)
(1236.363636 90.58823529 0)
(1254.545455 90.58823529 0)
(1272.727273 90.58823529 0)
(1290.909091 90.58823529 0)
(1309.090909 90.58823529 0)
(1327.272727 90.58823529 0)
(1345.454545 90.58823529 0)
(1363.636364 90.58823529 0)
(1381.818182 90.58823529 0)
(1400 90.58823529 0)
(1418.181818 90.58823529 0)
(1436.363636 90.58823529 0)
(1454.545455 90.58823529 0)
(1472.727273 90.58823529 0)
(1490.909091 90.58823529 0)
(1509.090909 90.58823529 0)
(1527.272727 90.58823529 0)
(1545.454545 90.58823529 0)
(1563.636364 90.58823529 0)
(1581.818182 90.58823529 0)
(1600 90.58823529 0)
(1618.181818 90.58823529 0)
(1636.363636 90.58823529 0)
(1654.545455 90.58823529 0)
(1672.727273 90.58823529 0)
(1690.909091 90.58823529 0)
(1709.090909 90.58823529 0)
(1727.272727 90.58823529 0)
(1745.454545 90.58823529 0)
(1763.636364 90.58823529 0)
(1781.818182 90.58823529 0)
(1800 90.58823529 0)
(1818.181818 90.58823529 0)
(1836.363636 90.58823529 0)
(1854.545455 90.58823529 0)
(1872.727273 90.58823529 0)
(1890.909091 90.58823529 0)
(1909.090909 90.58823529 0)
(1927.272727 90.58823529 0)
(1945.454545 90.58823529 0)
(1963.636364 90.58823529 0)
(1981.818182 90.58823529 0)
(2000 90.58823529 0)
(0 91.76470588 0)
(18.18181818 91.76470588 0)
(36.36363636 91.76470588 0)
(54.54545455 91.76470588 0)
(72.72727273 91.76470588 0)
(90.90909091 91.76470588 0)
(109.0909091 91.76470588 0)
(127.2727273 91.76470588 0)
(145.4545455 91.76470588 0)
(163.6363636 91.76470588 0)
(181.8181818 91.76470588 0)
(200 91.76470588 0)
(218.1818182 91.76470588 0)
(236.3636364 91.76470588 0)
(254.5454545 91.76470588 0)
(272.7272727 91.76470588 0)
(290.9090909 91.76470588 0)
(309.0909091 91.76470588 0)
(327.2727273 91.76470588 0)
(345.4545455 91.76470588 0)
(363.6363636 91.76470588 0)
(381.8181818 91.76470588 0)
(400 91.76470588 0)
(418.1818182 91.76470588 0)
(436.3636364 91.76470588 0)
(454.5454545 91.76470588 0)
(472.7272727 91.76470588 0)
(490.9090909 91.76470588 0)
(509.0909091 91.76470588 0)
(527.2727273 91.76470588 0)
(545.4545455 91.76470588 0)
(563.6363636 91.76470588 0)
(581.8181818 91.76470588 0)
(600 91.76470588 0)
(618.1818182 91.76470588 0)
(636.3636364 91.76470588 0)
(654.5454545 91.76470588 0)
(672.7272727 91.76470588 0)
(690.9090909 91.76470588 0)
(709.0909091 91.76470588 0)
(727.2727273 91.76470588 0)
(745.4545455 91.76470588 0)
(763.6363636 91.76470588 0)
(781.8181818 91.76470588 0)
(800 91.76470588 0)
(818.1818182 91.76470588 0)
(836.3636364 91.76470588 0)
(854.5454545 91.76470588 0)
(872.7272727 91.76470588 0)
(890.9090909 91.76470588 0)
(909.0909091 91.76470588 0)
(927.2727273 91.76470588 0)
(945.4545455 91.76470588 0)
(963.6363636 91.76470588 0)
(981.8181818 91.76470588 0)
(1000 91.76470588 0)
(1018.181818 91.76470588 0)
(1036.363636 91.76470588 0)
(1054.545455 91.76470588 0)
(1072.727273 91.76470588 0)
(1090.909091 91.76470588 0)
(1109.090909 91.76470588 0)
(1127.272727 91.76470588 0)
(1145.454545 91.76470588 0)
(1163.636364 91.76470588 0)
(1181.818182 91.76470588 0)
(1200 91.76470588 0)
(1218.181818 91.76470588 0)
(1236.363636 91.76470588 0)
(1254.545455 91.76470588 0)
(1272.727273 91.76470588 0)
(1290.909091 91.76470588 0)
(1309.090909 91.76470588 0)
(1327.272727 91.76470588 0)
(1345.454545 91.76470588 0)
(1363.636364 91.76470588 0)
(1381.818182 91.76470588 0)
(1400 91.76470588 0)
(1418.181818 91.76470588 0)
(1436.363636 91.76470588 0)
(1454.545455 91.76470588 0)
(1472.727273 91.76470588 0)
(1490.909091 91.76470588 0)
(1509.090909 91.76470588 0)
(1527.272727 91.76470588 0)
(1545.454545 91.76470588 0)
(1563.636364 91.76470588 0)
(1581.818182 91.76470588 0)
(1600 91.76470588 0)
(1618.181818 91.76470588 0)
(1636.363636 91.76470588 0)
(1654.545455 91.76470588 0)
(1672.727273 91.76470588 0)
(1690.909091 91.76470588 0)
(1709.090909 91.76470588 0)
(1727.272727 91.76470588 0)
(1745.454545 91.76470588 0)
(1763.636364 91.76470588 0)
(1781.818182 91.76470588 0)
(1800 91.76470588 0)
(1818.181818 91.76470588 0)
(1836.363636 91.76470588 0)
(1854.545455 91.76470588 0)
(1872.727273 91.76470588 0)
(1890.909091 91.76470588 0)
(1909.090909 91.76470588 0)
(1927.272727 91.76470588 0)
(1945.454545 91.76470588 0)
(1963.636364 91.76470588 0)
(1981.818182 91.76470588 0)
(2000 91.76470588 0)
(0 92.94117647 0)
(18.18181818 92.94117647 0)
(36.36363636 92.94117647 0)
(54.54545455 92.94117647 0)
(72.72727273 92.94117647 0)
(90.90909091 92.94117647 0)
(109.0909091 92.94117647 0)
(127.2727273 92.94117647 0)
(145.4545455 92.94117647 0)
(163.6363636 92.94117647 0)
(181.8181818 92.94117647 0)
(200 92.94117647 0)
(218.1818182 92.94117647 0)
(236.3636364 92.94117647 0)
(254.5454545 92.94117647 0)
(272.7272727 92.94117647 0)
(290.9090909 92.94117647 0)
(309.0909091 92.94117647 0)
(327.2727273 92.94117647 0)
(345.4545455 92.94117647 0)
(363.6363636 92.94117647 0)
(381.8181818 92.94117647 0)
(400 92.94117647 0)
(418.1818182 92.94117647 0)
(436.3636364 92.94117647 0)
(454.5454545 92.94117647 0)
(472.7272727 92.94117647 0)
(490.9090909 92.94117647 0)
(509.0909091 92.94117647 0)
(527.2727273 92.94117647 0)
(545.4545455 92.94117647 0)
(563.6363636 92.94117647 0)
(581.8181818 92.94117647 0)
(600 92.94117647 0)
(618.1818182 92.94117647 0)
(636.3636364 92.94117647 0)
(654.5454545 92.94117647 0)
(672.7272727 92.94117647 0)
(690.9090909 92.94117647 0)
(709.0909091 92.94117647 0)
(727.2727273 92.94117647 0)
(745.4545455 92.94117647 0)
(763.6363636 92.94117647 0)
(781.8181818 92.94117647 0)
(800 92.94117647 0)
(818.1818182 92.94117647 0)
(836.3636364 92.94117647 0)
(854.5454545 92.94117647 0)
(872.7272727 92.94117647 0)
(890.9090909 92.94117647 0)
(909.0909091 92.94117647 0)
(927.2727273 92.94117647 0)
(945.4545455 92.94117647 0)
(963.6363636 92.94117647 0)
(981.8181818 92.94117647 0)
(1000 92.94117647 0)
(1018.181818 92.94117647 0)
(1036.363636 92.94117647 0)
(1054.545455 92.94117647 0)
(1072.727273 92.94117647 0)
(1090.909091 92.94117647 0)
(1109.090909 92.94117647 0)
(1127.272727 92.94117647 0)
(1145.454545 92.94117647 0)
(1163.636364 92.94117647 0)
(1181.818182 92.94117647 0)
(1200 92.94117647 0)
(1218.181818 92.94117647 0)
(1236.363636 92.94117647 0)
(1254.545455 92.94117647 0)
(1272.727273 92.94117647 0)
(1290.909091 92.94117647 0)
(1309.090909 92.94117647 0)
(1327.272727 92.94117647 0)
(1345.454545 92.94117647 0)
(1363.636364 92.94117647 0)
(1381.818182 92.94117647 0)
(1400 92.94117647 0)
(1418.181818 92.94117647 0)
(1436.363636 92.94117647 0)
(1454.545455 92.94117647 0)
(1472.727273 92.94117647 0)
(1490.909091 92.94117647 0)
(1509.090909 92.94117647 0)
(1527.272727 92.94117647 0)
(1545.454545 92.94117647 0)
(1563.636364 92.94117647 0)
(1581.818182 92.94117647 0)
(1600 92.94117647 0)
(1618.181818 92.94117647 0)
(1636.363636 92.94117647 0)
(1654.545455 92.94117647 0)
(1672.727273 92.94117647 0)
(1690.909091 92.94117647 0)
(1709.090909 92.94117647 0)
(1727.272727 92.94117647 0)
(1745.454545 92.94117647 0)
(1763.636364 92.94117647 0)
(1781.818182 92.94117647 0)
(1800 92.94117647 0)
(1818.181818 92.94117647 0)
(1836.363636 92.94117647 0)
(1854.545455 92.94117647 0)
(1872.727273 92.94117647 0)
(1890.909091 92.94117647 0)
(1909.090909 92.94117647 0)
(1927.272727 92.94117647 0)
(1945.454545 92.94117647 0)
(1963.636364 92.94117647 0)
(1981.818182 92.94117647 0)
(2000 92.94117647 0)
(0 94.11764706 0)
(18.18181818 94.11764706 0)
(36.36363636 94.11764706 0)
(54.54545455 94.11764706 0)
(72.72727273 94.11764706 0)
(90.90909091 94.11764706 0)
(109.0909091 94.11764706 0)
(127.2727273 94.11764706 0)
(145.4545455 94.11764706 0)
(163.6363636 94.11764706 0)
(181.8181818 94.11764706 0)
(200 94.11764706 0)
(218.1818182 94.11764706 0)
(236.3636364 94.11764706 0)
(254.5454545 94.11764706 0)
(272.7272727 94.11764706 0)
(290.9090909 94.11764706 0)
(309.0909091 94.11764706 0)
(327.2727273 94.11764706 0)
(345.4545455 94.11764706 0)
(363.6363636 94.11764706 0)
(381.8181818 94.11764706 0)
(400 94.11764706 0)
(418.1818182 94.11764706 0)
(436.3636364 94.11764706 0)
(454.5454545 94.11764706 0)
(472.7272727 94.11764706 0)
(490.9090909 94.11764706 0)
(509.0909091 94.11764706 0)
(527.2727273 94.11764706 0)
(545.4545455 94.11764706 0)
(563.6363636 94.11764706 0)
(581.8181818 94.11764706 0)
(600 94.11764706 0)
(618.1818182 94.11764706 0)
(636.3636364 94.11764706 0)
(654.5454545 94.11764706 0)
(672.7272727 94.11764706 0)
(690.9090909 94.11764706 0)
(709.0909091 94.11764706 0)
(727.2727273 94.11764706 0)
(745.4545455 94.11764706 0)
(763.6363636 94.11764706 0)
(781.8181818 94.11764706 0)
(800 94.11764706 0)
(818.1818182 94.11764706 0)
(836.3636364 94.11764706 0)
(854.5454545 94.11764706 0)
(872.7272727 94.11764706 0)
(890.9090909 94.11764706 0)
(909.0909091 94.11764706 0)
(927.2727273 94.11764706 0)
(945.4545455 94.11764706 0)
(963.6363636 94.11764706 0)
(981.8181818 94.11764706 0)
(1000 94.11764706 0)
(1018.181818 94.11764706 0)
(1036.363636 94.11764706 0)
(1054.545455 94.11764706 0)
(1072.727273 94.11764706 0)
(1090.909091 94.11764706 0)
(1109.090909 94.11764706 0)
(1127.272727 94.11764706 0)
(1145.454545 94.11764706 0)
(1163.636364 94.11764706 0)
(1181.818182 94.11764706 0)
(1200 94.11764706 0)
(1218.181818 94.11764706 0)
(1236.363636 94.11764706 0)
(1254.545455 94.11764706 0)
(1272.727273 94.11764706 0)
(1290.909091 94.11764706 0)
(1309.090909 94.11764706 0)
(1327.272727 94.11764706 0)
(1345.454545 94.11764706 0)
(1363.636364 94.11764706 0)
(1381.818182 94.11764706 0)
(1400 94.11764706 0)
(1418.181818 94.11764706 0)
(1436.363636 94.11764706 0)
(1454.545455 94.11764706 0)
(1472.727273 94.11764706 0)
(1490.909091 94.11764706 0)
(1509.090909 94.11764706 0)
(1527.272727 94.11764706 0)
(1545.454545 94.11764706 0)
(1563.636364 94.11764706 0)
(1581.818182 94.11764706 0)
(1600 94.11764706 0)
(1618.181818 94.11764706 0)
(1636.363636 94.11764706 0)
(1654.545455 94.11764706 0)
(1672.727273 94.11764706 0)
(1690.909091 94.11764706 0)
(1709.090909 94.11764706 0)
(1727.272727 94.11764706 0)
(1745.454545 94.11764706 0)
(1763.636364 94.11764706 0)
(1781.818182 94.11764706 0)
(1800 94.11764706 0)
(1818.181818 94.11764706 0)
(1836.363636 94.11764706 0)
(1854.545455 94.11764706 0)
(1872.727273 94.11764706 0)
(1890.909091 94.11764706 0)
(1909.090909 94.11764706 0)
(1927.272727 94.11764706 0)
(1945.454545 94.11764706 0)
(1963.636364 94.11764706 0)
(1981.818182 94.11764706 0)
(2000 94.11764706 0)
(0 95.29411765 0)
(18.18181818 95.29411765 0)
(36.36363636 95.29411765 0)
(54.54545455 95.29411765 0)
(72.72727273 95.29411765 0)
(90.90909091 95.29411765 0)
(109.0909091 95.29411765 0)
(127.2727273 95.29411765 0)
(145.4545455 95.29411765 0)
(163.6363636 95.29411765 0)
(181.8181818 95.29411765 0)
(200 95.29411765 0)
(218.1818182 95.29411765 0)
(236.3636364 95.29411765 0)
(254.5454545 95.29411765 0)
(272.7272727 95.29411765 0)
(290.9090909 95.29411765 0)
(309.0909091 95.29411765 0)
(327.2727273 95.29411765 0)
(345.4545455 95.29411765 0)
(363.6363636 95.29411765 0)
(381.8181818 95.29411765 0)
(400 95.29411765 0)
(418.1818182 95.29411765 0)
(436.3636364 95.29411765 0)
(454.5454545 95.29411765 0)
(472.7272727 95.29411765 0)
(490.9090909 95.29411765 0)
(509.0909091 95.29411765 0)
(527.2727273 95.29411765 0)
(545.4545455 95.29411765 0)
(563.6363636 95.29411765 0)
(581.8181818 95.29411765 0)
(600 95.29411765 0)
(618.1818182 95.29411765 0)
(636.3636364 95.29411765 0)
(654.5454545 95.29411765 0)
(672.7272727 95.29411765 0)
(690.9090909 95.29411765 0)
(709.0909091 95.29411765 0)
(727.2727273 95.29411765 0)
(745.4545455 95.29411765 0)
(763.6363636 95.29411765 0)
(781.8181818 95.29411765 0)
(800 95.29411765 0)
(818.1818182 95.29411765 0)
(836.3636364 95.29411765 0)
(854.5454545 95.29411765 0)
(872.7272727 95.29411765 0)
(890.9090909 95.29411765 0)
(909.0909091 95.29411765 0)
(927.2727273 95.29411765 0)
(945.4545455 95.29411765 0)
(963.6363636 95.29411765 0)
(981.8181818 95.29411765 0)
(1000 95.29411765 0)
(1018.181818 95.29411765 0)
(1036.363636 95.29411765 0)
(1054.545455 95.29411765 0)
(1072.727273 95.29411765 0)
(1090.909091 95.29411765 0)
(1109.090909 95.29411765 0)
(1127.272727 95.29411765 0)
(1145.454545 95.29411765 0)
(1163.636364 95.29411765 0)
(1181.818182 95.29411765 0)
(1200 95.29411765 0)
(1218.181818 95.29411765 0)
(1236.363636 95.29411765 0)
(1254.545455 95.29411765 0)
(1272.727273 95.29411765 0)
(1290.909091 95.29411765 0)
(1309.090909 95.29411765 0)
(1327.272727 95.29411765 0)
(1345.454545 95.29411765 0)
(1363.636364 95.29411765 0)
(1381.818182 95.29411765 0)
(1400 95.29411765 0)
(1418.181818 95.29411765 0)
(1436.363636 95.29411765 0)
(1454.545455 95.29411765 0)
(1472.727273 95.29411765 0)
(1490.909091 95.29411765 0)
(1509.090909 95.29411765 0)
(1527.272727 95.29411765 0)
(1545.454545 95.29411765 0)
(1563.636364 95.29411765 0)
(1581.818182 95.29411765 0)
(1600 95.29411765 0)
(1618.181818 95.29411765 0)
(1636.363636 95.29411765 0)
(1654.545455 95.29411765 0)
(1672.727273 95.29411765 0)
(1690.909091 95.29411765 0)
(1709.090909 95.29411765 0)
(1727.272727 95.29411765 0)
(1745.454545 95.29411765 0)
(1763.636364 95.29411765 0)
(1781.818182 95.29411765 0)
(1800 95.29411765 0)
(1818.181818 95.29411765 0)
(1836.363636 95.29411765 0)
(1854.545455 95.29411765 0)
(1872.727273 95.29411765 0)
(1890.909091 95.29411765 0)
(1909.090909 95.29411765 0)
(1927.272727 95.29411765 0)
(1945.454545 95.29411765 0)
(1963.636364 95.29411765 0)
(1981.818182 95.29411765 0)
(2000 95.29411765 0)
(0 96.47058824 0)
(18.18181818 96.47058824 0)
(36.36363636 96.47058824 0)
(54.54545455 96.47058824 0)
(72.72727273 96.47058824 0)
(90.90909091 96.47058824 0)
(109.0909091 96.47058824 0)
(127.2727273 96.47058824 0)
(145.4545455 96.47058824 0)
(163.6363636 96.47058824 0)
(181.8181818 96.47058824 0)
(200 96.47058824 0)
(218.1818182 96.47058824 0)
(236.3636364 96.47058824 0)
(254.5454545 96.47058824 0)
(272.7272727 96.47058824 0)
(290.9090909 96.47058824 0)
(309.0909091 96.47058824 0)
(327.2727273 96.47058824 0)
(345.4545455 96.47058824 0)
(363.6363636 96.47058824 0)
(381.8181818 96.47058824 0)
(400 96.47058824 0)
(418.1818182 96.47058824 0)
(436.3636364 96.47058824 0)
(454.5454545 96.47058824 0)
(472.7272727 96.47058824 0)
(490.9090909 96.47058824 0)
(509.0909091 96.47058824 0)
(527.2727273 96.47058824 0)
(545.4545455 96.47058824 0)
(563.6363636 96.47058824 0)
(581.8181818 96.47058824 0)
(600 96.47058824 0)
(618.1818182 96.47058824 0)
(636.3636364 96.47058824 0)
(654.5454545 96.47058824 0)
(672.7272727 96.47058824 0)
(690.9090909 96.47058824 0)
(709.0909091 96.47058824 0)
(727.2727273 96.47058824 0)
(745.4545455 96.47058824 0)
(763.6363636 96.47058824 0)
(781.8181818 96.47058824 0)
(800 96.47058824 0)
(818.1818182 96.47058824 0)
(836.3636364 96.47058824 0)
(854.5454545 96.47058824 0)
(872.7272727 96.47058824 0)
(890.9090909 96.47058824 0)
(909.0909091 96.47058824 0)
(927.2727273 96.47058824 0)
(945.4545455 96.47058824 0)
(963.6363636 96.47058824 0)
(981.8181818 96.47058824 0)
(1000 96.47058824 0)
(1018.181818 96.47058824 0)
(1036.363636 96.47058824 0)
(1054.545455 96.47058824 0)
(1072.727273 96.47058824 0)
(1090.909091 96.47058824 0)
(1109.090909 96.47058824 0)
(1127.272727 96.47058824 0)
(1145.454545 96.47058824 0)
(1163.636364 96.47058824 0)
(1181.818182 96.47058824 0)
(1200 96.47058824 0)
(1218.181818 96.47058824 0)
(1236.363636 96.47058824 0)
(1254.545455 96.47058824 0)
(1272.727273 96.47058824 0)
(1290.909091 96.47058824 0)
(1309.090909 96.47058824 0)
(1327.272727 96.47058824 0)
(1345.454545 96.47058824 0)
(1363.636364 96.47058824 0)
(1381.818182 96.47058824 0)
(1400 96.47058824 0)
(1418.181818 96.47058824 0)
(1436.363636 96.47058824 0)
(1454.545455 96.47058824 0)
(1472.727273 96.47058824 0)
(1490.909091 96.47058824 0)
(1509.090909 96.47058824 0)
(1527.272727 96.47058824 0)
(1545.454545 96.47058824 0)
(1563.636364 96.47058824 0)
(1581.818182 96.47058824 0)
(1600 96.47058824 0)
(1618.181818 96.47058824 0)
(1636.363636 96.47058824 0)
(1654.545455 96.47058824 0)
(1672.727273 96.47058824 0)
(1690.909091 96.47058824 0)
(1709.090909 96.47058824 0)
(1727.272727 96.47058824 0)
(1745.454545 96.47058824 0)
(1763.636364 96.47058824 0)
(1781.818182 96.47058824 0)
(1800 96.47058824 0)
(1818.181818 96.47058824 0)
(1836.363636 96.47058824 0)
(1854.545455 96.47058824 0)
(1872.727273 96.47058824 0)
(1890.909091 96.47058824 0)
(1909.090909 96.47058824 0)
(1927.272727 96.47058824 0)
(1945.454545 96.47058824 0)
(1963.636364 96.47058824 0)
(1981.818182 96.47058824 0)
(2000 96.47058824 0)
(0 97.64705882 0)
(18.18181818 97.64705882 0)
(36.36363636 97.64705882 0)
(54.54545455 97.64705882 0)
(72.72727273 97.64705882 0)
(90.90909091 97.64705882 0)
(109.0909091 97.64705882 0)
(127.2727273 97.64705882 0)
(145.4545455 97.64705882 0)
(163.6363636 97.64705882 0)
(181.8181818 97.64705882 0)
(200 97.64705882 0)
(218.1818182 97.64705882 0)
(236.3636364 97.64705882 0)
(254.5454545 97.64705882 0)
(272.7272727 97.64705882 0)
(290.9090909 97.64705882 0)
(309.0909091 97.64705882 0)
(327.2727273 97.64705882 0)
(345.4545455 97.64705882 0)
(363.6363636 97.64705882 0)
(381.8181818 97.64705882 0)
(400 97.64705882 0)
(418.1818182 97.64705882 0)
(436.3636364 97.64705882 0)
(454.5454545 97.64705882 0)
(472.7272727 97.64705882 0)
(490.9090909 97.64705882 0)
(509.0909091 97.64705882 0)
(527.2727273 97.64705882 0)
(545.4545455 97.64705882 0)
(563.6363636 97.64705882 0)
(581.8181818 97.64705882 0)
(600 97.64705882 0)
(618.1818182 97.64705882 0)
(636.3636364 97.64705882 0)
(654.5454545 97.64705882 0)
(672.7272727 97.64705882 0)
(690.9090909 97.64705882 0)
(709.0909091 97.64705882 0)
(727.2727273 97.64705882 0)
(745.4545455 97.64705882 0)
(763.6363636 97.64705882 0)
(781.8181818 97.64705882 0)
(800 97.64705882 0)
(818.1818182 97.64705882 0)
(836.3636364 97.64705882 0)
(854.5454545 97.64705882 0)
(872.7272727 97.64705882 0)
(890.9090909 97.64705882 0)
(909.0909091 97.64705882 0)
(927.2727273 97.64705882 0)
(945.4545455 97.64705882 0)
(963.6363636 97.64705882 0)
(981.8181818 97.64705882 0)
(1000 97.64705882 0)
(1018.181818 97.64705882 0)
(1036.363636 97.64705882 0)
(1054.545455 97.64705882 0)
(1072.727273 97.64705882 0)
(1090.909091 97.64705882 0)
(1109.090909 97.64705882 0)
(1127.272727 97.64705882 0)
(1145.454545 97.64705882 0)
(1163.636364 97.64705882 0)
(1181.818182 97.64705882 0)
(1200 97.64705882 0)
(1218.181818 97.64705882 0)
(1236.363636 97.64705882 0)
(1254.545455 97.64705882 0)
(1272.727273 97.64705882 0)
(1290.909091 97.64705882 0)
(1309.090909 97.64705882 0)
(1327.272727 97.64705882 0)
(1345.454545 97.64705882 0)
(1363.636364 97.64705882 0)
(1381.818182 97.64705882 0)
(1400 97.64705882 0)
(1418.181818 97.64705882 0)
(1436.363636 97.64705882 0)
(1454.545455 97.64705882 0)
(1472.727273 97.64705882 0)
(1490.909091 97.64705882 0)
(1509.090909 97.64705882 0)
(1527.272727 97.64705882 0)
(1545.454545 97.64705882 0)
(1563.636364 97.64705882 0)
(1581.818182 97.64705882 0)
(1600 97.64705882 0)
(1618.181818 97.64705882 0)
(1636.363636 97.64705882 0)
(1654.545455 97.64705882 0)
(1672.727273 97.64705882 0)
(1690.909091 97.64705882 0)
(1709.090909 97.64705882 0)
(1727.272727 97.64705882 0)
(1745.454545 97.64705882 0)
(1763.636364 97.64705882 0)
(1781.818182 97.64705882 0)
(1800 97.64705882 0)
(1818.181818 97.64705882 0)
(1836.363636 97.64705882 0)
(1854.545455 97.64705882 0)
(1872.727273 97.64705882 0)
(1890.909091 97.64705882 0)
(1909.090909 97.64705882 0)
(1927.272727 97.64705882 0)
(1945.454545 97.64705882 0)
(1963.636364 97.64705882 0)
(1981.818182 97.64705882 0)
(2000 97.64705882 0)
(0 98.82352941 0)
(18.18181818 98.82352941 0)
(36.36363636 98.82352941 0)
(54.54545455 98.82352941 0)
(72.72727273 98.82352941 0)
(90.90909091 98.82352941 0)
(109.0909091 98.82352941 0)
(127.2727273 98.82352941 0)
(145.4545455 98.82352941 0)
(163.6363636 98.82352941 0)
(181.8181818 98.82352941 0)
(200 98.82352941 0)
(218.1818182 98.82352941 0)
(236.3636364 98.82352941 0)
(254.5454545 98.82352941 0)
(272.7272727 98.82352941 0)
(290.9090909 98.82352941 0)
(309.0909091 98.82352941 0)
(327.2727273 98.82352941 0)
(345.4545455 98.82352941 0)
(363.6363636 98.82352941 0)
(381.8181818 98.82352941 0)
(400 98.82352941 0)
(418.1818182 98.82352941 0)
(436.3636364 98.82352941 0)
(454.5454545 98.82352941 0)
(472.7272727 98.82352941 0)
(490.9090909 98.82352941 0)
(509.0909091 98.82352941 0)
(527.2727273 98.82352941 0)
(545.4545455 98.82352941 0)
(563.6363636 98.82352941 0)
(581.8181818 98.82352941 0)
(600 98.82352941 0)
(618.1818182 98.82352941 0)
(636.3636364 98.82352941 0)
(654.5454545 98.82352941 0)
(672.7272727 98.82352941 0)
(690.9090909 98.82352941 0)
(709.0909091 98.82352941 0)
(727.2727273 98.82352941 0)
(745.4545455 98.82352941 0)
(763.6363636 98.82352941 0)
(781.8181818 98.82352941 0)
(800 98.82352941 0)
(818.1818182 98.82352941 0)
(836.3636364 98.82352941 0)
(854.5454545 98.82352941 0)
(872.7272727 98.82352941 0)
(890.9090909 98.82352941 0)
(909.0909091 98.82352941 0)
(927.2727273 98.82352941 0)
(945.4545455 98.82352941 0)
(963.6363636 98.82352941 0)
(981.8181818 98.82352941 0)
(1000 98.82352941 0)
(1018.181818 98.82352941 0)
(1036.363636 98.82352941 0)
(1054.545455 98.82352941 0)
(1072.727273 98.82352941 0)
(1090.909091 98.82352941 0)
(1109.090909 98.82352941 0)
(1127.272727 98.82352941 0)
(1145.454545 98.82352941 0)
(1163.636364 98.82352941 0)
(1181.818182 98.82352941 0)
(1200 98.82352941 0)
(1218.181818 98.82352941 0)
(1236.363636 98.82352941 0)
(1254.545455 98.82352941 0)
(1272.727273 98.82352941 0)
(1290.909091 98.82352941 0)
(1309.090909 98.82352941 0)
(1327.272727 98.82352941 0)
(1345.454545 98.82352941 0)
(1363.636364 98.82352941 0)
(1381.818182 98.82352941 0)
(1400 98.82352941 0)
(1418.181818 98.82352941 0)
(1436.363636 98.82352941 0)
(1454.545455 98.82352941 0)
(1472.727273 98.82352941 0)
(1490.909091 98.82352941 0)
(1509.090909 98.82352941 0)
(1527.272727 98.82352941 0)
(1545.454545 98.82352941 0)
(1563.636364 98.82352941 0)
(1581.818182 98.82352941 0)
(1600 98.82352941 0)
(1618.181818 98.82352941 0)
(1636.363636 98.82352941 0)
(1654.545455 98.82352941 0)
(1672.727273 98.82352941 0)
(1690.909091 98.82352941 0)
(1709.090909 98.82352941 0)
(1727.272727 98.82352941 0)
(1745.454545 98.82352941 0)
(1763.636364 98.82352941 0)
(1781.818182 98.82352941 0)
(1800 98.82352941 0)
(1818.181818 98.82352941 0)
(1836.363636 98.82352941 0)
(1854.545455 98.82352941 0)
(1872.727273 98.82352941 0)
(1890.909091 98.82352941 0)
(1909.090909 98.82352941 0)
(1927.272727 98.82352941 0)
(1945.454545 98.82352941 0)
(1963.636364 98.82352941 0)
(1981.818182 98.82352941 0)
(2000 98.82352941 0)
(0 100 0)
(18.18181818 100 0)
(36.36363636 100 0)
(54.54545455 100 0)
(72.72727273 100 0)
(90.90909091 100 0)
(109.0909091 100 0)
(127.2727273 100 0)
(145.4545455 100 0)
(163.6363636 100 0)
(181.8181818 100 0)
(200 100 0)
(218.1818182 100 0)
(236.3636364 100 0)
(254.5454545 100 0)
(272.7272727 100 0)
(290.9090909 100 0)
(309.0909091 100 0)
(327.2727273 100 0)
(345.4545455 100 0)
(363.6363636 100 0)
(381.8181818 100 0)
(400 100 0)
(418.1818182 100 0)
(436.3636364 100 0)
(454.5454545 100 0)
(472.7272727 100 0)
(490.9090909 100 0)
(509.0909091 100 0)
(527.2727273 100 0)
(545.4545455 100 0)
(563.6363636 100 0)
(581.8181818 100 0)
(600 100 0)
(618.1818182 100 0)
(636.3636364 100 0)
(654.5454545 100 0)
(672.7272727 100 0)
(690.9090909 100 0)
(709.0909091 100 0)
(727.2727273 100 0)
(745.4545455 100 0)
(763.6363636 100 0)
(781.8181818 100 0)
(800 100 0)
(818.1818182 100 0)
(836.3636364 100 0)
(854.5454545 100 0)
(872.7272727 100 0)
(890.9090909 100 0)
(909.0909091 100 0)
(927.2727273 100 0)
(945.4545455 100 0)
(963.6363636 100 0)
(981.8181818 100 0)
(1000 100 0)
(1018.181818 100 0)
(1036.363636 100 0)
(1054.545455 100 0)
(1072.727273 100 0)
(1090.909091 100 0)
(1109.090909 100 0)
(1127.272727 100 0)
(1145.454545 100 0)
(1163.636364 100 0)
(1181.818182 100 0)
(1200 100 0)
(1218.181818 100 0)
(1236.363636 100 0)
(1254.545455 100 0)
(1272.727273 100 0)
(1290.909091 100 0)
(1309.090909 100 0)
(1327.272727 100 0)
(1345.454545 100 0)
(1363.636364 100 0)
(1381.818182 100 0)
(1400 100 0)
(1418.181818 100 0)
(1436.363636 100 0)
(1454.545455 100 0)
(1472.727273 100 0)
(1490.909091 100 0)
(1509.090909 100 0)
(1527.272727 100 0)
(1545.454545 100 0)
(1563.636364 100 0)
(1581.818182 100 0)
(1600 100 0)
(1618.181818 100 0)
(1636.363636 100 0)
(1654.545455 100 0)
(1672.727273 100 0)
(1690.909091 100 0)
(1709.090909 100 0)
(1727.272727 100 0)
(1745.454545 100 0)
(1763.636364 100 0)
(1781.818182 100 0)
(1800 100 0)
(1818.181818 100 0)
(1836.363636 100 0)
(1854.545455 100 0)
(1872.727273 100 0)
(1890.909091 100 0)
(1909.090909 100 0)
(1927.272727 100 0)
(1945.454545 100 0)
(1963.636364 100 0)
(1981.818182 100 0)
(2000 100 0)
(0 0 750)
(18.18181818 0 750)
(36.36363636 0 750)
(54.54545455 0 750)
(72.72727273 0 750)
(90.90909091 0 750)
(109.0909091 0 750)
(127.2727273 0 750)
(145.4545455 0 750)
(163.6363636 0 750)
(181.8181818 0 750)
(200 0 750)
(218.1818182 0 750)
(236.3636364 0 750)
(254.5454545 0 750)
(272.7272727 0 750)
(290.9090909 0 750)
(309.0909091 0 750)
(327.2727273 0 750)
(345.4545455 0 750)
(363.6363636 0 750)
(381.8181818 0 750)
(400 0 750)
(418.1818182 0 750)
(436.3636364 0 750)
(454.5454545 0 750)
(472.7272727 0 750)
(490.9090909 0 750)
(509.0909091 0 750)
(527.2727273 0 750)
(545.4545455 0 750)
(563.6363636 0 750)
(581.8181818 0 750)
(600 0 750)
(618.1818182 0 750)
(636.3636364 0 750)
(654.5454545 0 750)
(672.7272727 0 750)
(690.9090909 0 750)
(709.0909091 0 750)
(727.2727273 0 750)
(745.4545455 0 750)
(763.6363636 0 750)
(781.8181818 0 750)
(800 0 750)
(818.1818182 0 750)
(836.3636364 0 750)
(854.5454545 0 750)
(872.7272727 0 750)
(890.9090909 0 750)
(909.0909091 0 750)
(927.2727273 0 750)
(945.4545455 0 750)
(963.6363636 0 750)
(981.8181818 0 750)
(1000 0 750)
(1018.181818 0 750)
(1036.363636 0 750)
(1054.545455 0 750)
(1072.727273 0 750)
(1090.909091 0 750)
(1109.090909 0 750)
(1127.272727 0 750)
(1145.454545 0 750)
(1163.636364 0 750)
(1181.818182 0 750)
(1200 0 750)
(1218.181818 0 750)
(1236.363636 0 750)
(1254.545455 0 750)
(1272.727273 0 750)
(1290.909091 0 750)
(1309.090909 0 750)
(1327.272727 0 750)
(1345.454545 0 750)
(1363.636364 0 750)
(1381.818182 0 750)
(1400 0 750)
(1418.181818 0 750)
(1436.363636 0 750)
(1454.545455 0 750)
(1472.727273 0 750)
(1490.909091 0 750)
(1509.090909 0 750)
(1527.272727 0 750)
(1545.454545 0 750)
(1563.636364 0 750)
(1581.818182 0 750)
(1600 0 750)
(1618.181818 0 750)
(1636.363636 0 750)
(1654.545455 0 750)
(1672.727273 0 750)
(1690.909091 0 750)
(1709.090909 0 750)
(1727.272727 0 750)
(1745.454545 0 750)
(1763.636364 0 750)
(1781.818182 0 750)
(1800 0 750)
(1818.181818 0 750)
(1836.363636 0 750)
(1854.545455 0 750)
(1872.727273 0 750)
(1890.909091 0 750)
(1909.090909 0 750)
(1927.272727 0 750)
(1945.454545 0 750)
(1963.636364 0 750)
(1981.818182 0 750)
(2000 0 750)
(0 1.176470588 750)
(18.18181818 1.176470588 750)
(36.36363636 1.176470588 750)
(54.54545455 1.176470588 750)
(72.72727273 1.176470588 750)
(90.90909091 1.176470588 750)
(109.0909091 1.176470588 750)
(127.2727273 1.176470588 750)
(145.4545455 1.176470588 750)
(163.6363636 1.176470588 750)
(181.8181818 1.176470588 750)
(200 1.176470588 750)
(218.1818182 1.176470588 750)
(236.3636364 1.176470588 750)
(254.5454545 1.176470588 750)
(272.7272727 1.176470588 750)
(290.9090909 1.176470588 750)
(309.0909091 1.176470588 750)
(327.2727273 1.176470588 750)
(345.4545455 1.176470588 750)
(363.6363636 1.176470588 750)
(381.8181818 1.176470588 750)
(400 1.176470588 750)
(418.1818182 1.176470588 750)
(436.3636364 1.176470588 750)
(454.5454545 1.176470588 750)
(472.7272727 1.176470588 750)
(490.9090909 1.176470588 750)
(509.0909091 1.176470588 750)
(527.2727273 1.176470588 750)
(545.4545455 1.176470588 750)
(563.6363636 1.176470588 750)
(581.8181818 1.176470588 750)
(600 1.176470588 750)
(618.1818182 1.176470588 750)
(636.3636364 1.176470588 750)
(654.5454545 1.176470588 750)
(672.7272727 1.176470588 750)
(690.9090909 1.176470588 750)
(709.0909091 1.176470588 750)
(727.2727273 1.176470588 750)
(745.4545455 1.176470588 750)
(763.6363636 1.176470588 750)
(781.8181818 1.176470588 750)
(800 1.176470588 750)
(818.1818182 1.176470588 750)
(836.3636364 1.176470588 750)
(854.5454545 1.176470588 750)
(872.7272727 1.176470588 750)
(890.9090909 1.176470588 750)
(909.0909091 1.176470588 750)
(927.2727273 1.176470588 750)
(945.4545455 1.176470588 750)
(963.6363636 1.176470588 750)
(981.8181818 1.176470588 750)
(1000 1.176470588 750)
(1018.181818 1.176470588 750)
(1036.363636 1.176470588 750)
(1054.545455 1.176470588 750)
(1072.727273 1.176470588 750)
(1090.909091 1.176470588 750)
(1109.090909 1.176470588 750)
(1127.272727 1.176470588 750)
(1145.454545 1.176470588 750)
(1163.636364 1.176470588 750)
(1181.818182 1.176470588 750)
(1200 1.176470588 750)
(1218.181818 1.176470588 750)
(1236.363636 1.176470588 750)
(1254.545455 1.176470588 750)
(1272.727273 1.176470588 750)
(1290.909091 1.176470588 750)
(1309.090909 1.176470588 750)
(1327.272727 1.176470588 750)
(1345.454545 1.176470588 750)
(1363.636364 1.176470588 750)
(1381.818182 1.176470588 750)
(1400 1.176470588 750)
(1418.181818 1.176470588 750)
(1436.363636 1.176470588 750)
(1454.545455 1.176470588 750)
(1472.727273 1.176470588 750)
(1490.909091 1.176470588 750)
(1509.090909 1.176470588 750)
(1527.272727 1.176470588 750)
(1545.454545 1.176470588 750)
(1563.636364 1.176470588 750)
(1581.818182 1.176470588 750)
(1600 1.176470588 750)
(1618.181818 1.176470588 750)
(1636.363636 1.176470588 750)
(1654.545455 1.176470588 750)
(1672.727273 1.176470588 750)
(1690.909091 1.176470588 750)
(1709.090909 1.176470588 750)
(1727.272727 1.176470588 750)
(1745.454545 1.176470588 750)
(1763.636364 1.176470588 750)
(1781.818182 1.176470588 750)
(1800 1.176470588 750)
(1818.181818 1.176470588 750)
(1836.363636 1.176470588 750)
(1854.545455 1.176470588 750)
(1872.727273 1.176470588 750)
(1890.909091 1.176470588 750)
(1909.090909 1.176470588 750)
(1927.272727 1.176470588 750)
(1945.454545 1.176470588 750)
(1963.636364 1.176470588 750)
(1981.818182 1.176470588 750)
(2000 1.176470588 750)
(0 2.352941176 750)
(18.18181818 2.352941176 750)
(36.36363636 2.352941176 750)
(54.54545455 2.352941176 750)
(72.72727273 2.352941176 750)
(90.90909091 2.352941176 750)
(109.0909091 2.352941176 750)
(127.2727273 2.352941176 750)
(145.4545455 2.352941176 750)
(163.6363636 2.352941176 750)
(181.8181818 2.352941176 750)
(200 2.352941176 750)
(218.1818182 2.352941176 750)
(236.3636364 2.352941176 750)
(254.5454545 2.352941176 750)
(272.7272727 2.352941176 750)
(290.9090909 2.352941176 750)
(309.0909091 2.352941176 750)
(327.2727273 2.352941176 750)
(345.4545455 2.352941176 750)
(363.6363636 2.352941176 750)
(381.8181818 2.352941176 750)
(400 2.352941176 750)
(418.1818182 2.352941176 750)
(436.3636364 2.352941176 750)
(454.5454545 2.352941176 750)
(472.7272727 2.352941176 750)
(490.9090909 2.352941176 750)
(509.0909091 2.352941176 750)
(527.2727273 2.352941176 750)
(545.4545455 2.352941176 750)
(563.6363636 2.352941176 750)
(581.8181818 2.352941176 750)
(600 2.352941176 750)
(618.1818182 2.352941176 750)
(636.3636364 2.352941176 750)
(654.5454545 2.352941176 750)
(672.7272727 2.352941176 750)
(690.9090909 2.352941176 750)
(709.0909091 2.352941176 750)
(727.2727273 2.352941176 750)
(745.4545455 2.352941176 750)
(763.6363636 2.352941176 750)
(781.8181818 2.352941176 750)
(800 2.352941176 750)
(818.1818182 2.352941176 750)
(836.3636364 2.352941176 750)
(854.5454545 2.352941176 750)
(872.7272727 2.352941176 750)
(890.9090909 2.352941176 750)
(909.0909091 2.352941176 750)
(927.2727273 2.352941176 750)
(945.4545455 2.352941176 750)
(963.6363636 2.352941176 750)
(981.8181818 2.352941176 750)
(1000 2.352941176 750)
(1018.181818 2.352941176 750)
(1036.363636 2.352941176 750)
(1054.545455 2.352941176 750)
(1072.727273 2.352941176 750)
(1090.909091 2.352941176 750)
(1109.090909 2.352941176 750)
(1127.272727 2.352941176 750)
(1145.454545 2.352941176 750)
(1163.636364 2.352941176 750)
(1181.818182 2.352941176 750)
(1200 2.352941176 750)
(1218.181818 2.352941176 750)
(1236.363636 2.352941176 750)
(1254.545455 2.352941176 750)
(1272.727273 2.352941176 750)
(1290.909091 2.352941176 750)
(1309.090909 2.352941176 750)
(1327.272727 2.352941176 750)
(1345.454545 2.352941176 750)
(1363.636364 2.352941176 750)
(1381.818182 2.352941176 750)
(1400 2.352941176 750)
(1418.181818 2.352941176 750)
(1436.363636 2.352941176 750)
(1454.545455 2.352941176 750)
(1472.727273 2.352941176 750)
(1490.909091 2.352941176 750)
(1509.090909 2.352941176 750)
(1527.272727 2.352941176 750)
(1545.454545 2.352941176 750)
(1563.636364 2.352941176 750)
(1581.818182 2.352941176 750)
(1600 2.352941176 750)
(1618.181818 2.352941176 750)
(1636.363636 2.352941176 750)
(1654.545455 2.352941176 750)
(1672.727273 2.352941176 750)
(1690.909091 2.352941176 750)
(1709.090909 2.352941176 750)
(1727.272727 2.352941176 750)
(1745.454545 2.352941176 750)
(1763.636364 2.352941176 750)
(1781.818182 2.352941176 750)
(1800 2.352941176 750)
(1818.181818 2.352941176 750)
(1836.363636 2.352941176 750)
(1854.545455 2.352941176 750)
(1872.727273 2.352941176 750)
(1890.909091 2.352941176 750)
(1909.090909 2.352941176 750)
(1927.272727 2.352941176 750)
(1945.454545 2.352941176 750)
(1963.636364 2.352941176 750)
(1981.818182 2.352941176 750)
(2000 2.352941176 750)
(0 3.529411765 750)
(18.18181818 3.529411765 750)
(36.36363636 3.529411765 750)
(54.54545455 3.529411765 750)
(72.72727273 3.529411765 750)
(90.90909091 3.529411765 750)
(109.0909091 3.529411765 750)
(127.2727273 3.529411765 750)
(145.4545455 3.529411765 750)
(163.6363636 3.529411765 750)
(181.8181818 3.529411765 750)
(200 3.529411765 750)
(218.1818182 3.529411765 750)
(236.3636364 3.529411765 750)
(254.5454545 3.529411765 750)
(272.7272727 3.529411765 750)
(290.9090909 3.529411765 750)
(309.0909091 3.529411765 750)
(327.2727273 3.529411765 750)
(345.4545455 3.529411765 750)
(363.6363636 3.529411765 750)
(381.8181818 3.529411765 750)
(400 3.529411765 750)
(418.1818182 3.529411765 750)
(436.3636364 3.529411765 750)
(454.5454545 3.529411765 750)
(472.7272727 3.529411765 750)
(490.9090909 3.529411765 750)
(509.0909091 3.529411765 750)
(527.2727273 3.529411765 750)
(545.4545455 3.529411765 750)
(563.6363636 3.529411765 750)
(581.8181818 3.529411765 750)
(600 3.529411765 750)
(618.1818182 3.529411765 750)
(636.3636364 3.529411765 750)
(654.5454545 3.529411765 750)
(672.7272727 3.529411765 750)
(690.9090909 3.529411765 750)
(709.0909091 3.529411765 750)
(727.2727273 3.529411765 750)
(745.4545455 3.529411765 750)
(763.6363636 3.529411765 750)
(781.8181818 3.529411765 750)
(800 3.529411765 750)
(818.1818182 3.529411765 750)
(836.3636364 3.529411765 750)
(854.5454545 3.529411765 750)
(872.7272727 3.529411765 750)
(890.9090909 3.529411765 750)
(909.0909091 3.529411765 750)
(927.2727273 3.529411765 750)
(945.4545455 3.529411765 750)
(963.6363636 3.529411765 750)
(981.8181818 3.529411765 750)
(1000 3.529411765 750)
(1018.181818 3.529411765 750)
(1036.363636 3.529411765 750)
(1054.545455 3.529411765 750)
(1072.727273 3.529411765 750)
(1090.909091 3.529411765 750)
(1109.090909 3.529411765 750)
(1127.272727 3.529411765 750)
(1145.454545 3.529411765 750)
(1163.636364 3.529411765 750)
(1181.818182 3.529411765 750)
(1200 3.529411765 750)
(1218.181818 3.529411765 750)
(1236.363636 3.529411765 750)
(1254.545455 3.529411765 750)
(1272.727273 3.529411765 750)
(1290.909091 3.529411765 750)
(1309.090909 3.529411765 750)
(1327.272727 3.529411765 750)
(1345.454545 3.529411765 750)
(1363.636364 3.529411765 750)
(1381.818182 3.529411765 750)
(1400 3.529411765 750)
(1418.181818 3.529411765 750)
(1436.363636 3.529411765 750)
(1454.545455 3.529411765 750)
(1472.727273 3.529411765 750)
(1490.909091 3.529411765 750)
(1509.090909 3.529411765 750)
(1527.272727 3.529411765 750)
(1545.454545 3.529411765 750)
(1563.636364 3.529411765 750)
(1581.818182 3.529411765 750)
(1600 3.529411765 750)
(1618.181818 3.529411765 750)
(1636.363636 3.529411765 750)
(1654.545455 3.529411765 750)
(1672.727273 3.529411765 750)
(1690.909091 3.529411765 750)
(1709.090909 3.529411765 750)
(1727.272727 3.529411765 750)
(1745.454545 3.529411765 750)
(1763.636364 3.529411765 750)
(1781.818182 3.529411765 750)
(1800 3.529411765 750)
(1818.181818 3.529411765 750)
(1836.363636 3.529411765 750)
(1854.545455 3.529411765 750)
(1872.727273 3.529411765 750)
(1890.909091 3.529411765 750)
(1909.090909 3.529411765 750)
(1927.272727 3.529411765 750)
(1945.454545 3.529411765 750)
(1963.636364 3.529411765 750)
(1981.818182 3.529411765 750)
(2000 3.529411765 750)
(0 4.705882353 750)
(18.18181818 4.705882353 750)
(36.36363636 4.705882353 750)
(54.54545455 4.705882353 750)
(72.72727273 4.705882353 750)
(90.90909091 4.705882353 750)
(109.0909091 4.705882353 750)
(127.2727273 4.705882353 750)
(145.4545455 4.705882353 750)
(163.6363636 4.705882353 750)
(181.8181818 4.705882353 750)
(200 4.705882353 750)
(218.1818182 4.705882353 750)
(236.3636364 4.705882353 750)
(254.5454545 4.705882353 750)
(272.7272727 4.705882353 750)
(290.9090909 4.705882353 750)
(309.0909091 4.705882353 750)
(327.2727273 4.705882353 750)
(345.4545455 4.705882353 750)
(363.6363636 4.705882353 750)
(381.8181818 4.705882353 750)
(400 4.705882353 750)
(418.1818182 4.705882353 750)
(436.3636364 4.705882353 750)
(454.5454545 4.705882353 750)
(472.7272727 4.705882353 750)
(490.9090909 4.705882353 750)
(509.0909091 4.705882353 750)
(527.2727273 4.705882353 750)
(545.4545455 4.705882353 750)
(563.6363636 4.705882353 750)
(581.8181818 4.705882353 750)
(600 4.705882353 750)
(618.1818182 4.705882353 750)
(636.3636364 4.705882353 750)
(654.5454545 4.705882353 750)
(672.7272727 4.705882353 750)
(690.9090909 4.705882353 750)
(709.0909091 4.705882353 750)
(727.2727273 4.705882353 750)
(745.4545455 4.705882353 750)
(763.6363636 4.705882353 750)
(781.8181818 4.705882353 750)
(800 4.705882353 750)
(818.1818182 4.705882353 750)
(836.3636364 4.705882353 750)
(854.5454545 4.705882353 750)
(872.7272727 4.705882353 750)
(890.9090909 4.705882353 750)
(909.0909091 4.705882353 750)
(927.2727273 4.705882353 750)
(945.4545455 4.705882353 750)
(963.6363636 4.705882353 750)
(981.8181818 4.705882353 750)
(1000 4.705882353 750)
(1018.181818 4.705882353 750)
(1036.363636 4.705882353 750)
(1054.545455 4.705882353 750)
(1072.727273 4.705882353 750)
(1090.909091 4.705882353 750)
(1109.090909 4.705882353 750)
(1127.272727 4.705882353 750)
(1145.454545 4.705882353 750)
(1163.636364 4.705882353 750)
(1181.818182 4.705882353 750)
(1200 4.705882353 750)
(1218.181818 4.705882353 750)
(1236.363636 4.705882353 750)
(1254.545455 4.705882353 750)
(1272.727273 4.705882353 750)
(1290.909091 4.705882353 750)
(1309.090909 4.705882353 750)
(1327.272727 4.705882353 750)
(1345.454545 4.705882353 750)
(1363.636364 4.705882353 750)
(1381.818182 4.705882353 750)
(1400 4.705882353 750)
(1418.181818 4.705882353 750)
(1436.363636 4.705882353 750)
(1454.545455 4.705882353 750)
(1472.727273 4.705882353 750)
(1490.909091 4.705882353 750)
(1509.090909 4.705882353 750)
(1527.272727 4.705882353 750)
(1545.454545 4.705882353 750)
(1563.636364 4.705882353 750)
(1581.818182 4.705882353 750)
(1600 4.705882353 750)
(1618.181818 4.705882353 750)
(1636.363636 4.705882353 750)
(1654.545455 4.705882353 750)
(1672.727273 4.705882353 750)
(1690.909091 4.705882353 750)
(1709.090909 4.705882353 750)
(1727.272727 4.705882353 750)
(1745.454545 4.705882353 750)
(1763.636364 4.705882353 750)
(1781.818182 4.705882353 750)
(1800 4.705882353 750)
(1818.181818 4.705882353 750)
(1836.363636 4.705882353 750)
(1854.545455 4.705882353 750)
(1872.727273 4.705882353 750)
(1890.909091 4.705882353 750)
(1909.090909 4.705882353 750)
(1927.272727 4.705882353 750)
(1945.454545 4.705882353 750)
(1963.636364 4.705882353 750)
(1981.818182 4.705882353 750)
(2000 4.705882353 750)
(0 5.882352941 750)
(18.18181818 5.882352941 750)
(36.36363636 5.882352941 750)
(54.54545455 5.882352941 750)
(72.72727273 5.882352941 750)
(90.90909091 5.882352941 750)
(109.0909091 5.882352941 750)
(127.2727273 5.882352941 750)
(145.4545455 5.882352941 750)
(163.6363636 5.882352941 750)
(181.8181818 5.882352941 750)
(200 5.882352941 750)
(218.1818182 5.882352941 750)
(236.3636364 5.882352941 750)
(254.5454545 5.882352941 750)
(272.7272727 5.882352941 750)
(290.9090909 5.882352941 750)
(309.0909091 5.882352941 750)
(327.2727273 5.882352941 750)
(345.4545455 5.882352941 750)
(363.6363636 5.882352941 750)
(381.8181818 5.882352941 750)
(400 5.882352941 750)
(418.1818182 5.882352941 750)
(436.3636364 5.882352941 750)
(454.5454545 5.882352941 750)
(472.7272727 5.882352941 750)
(490.9090909 5.882352941 750)
(509.0909091 5.882352941 750)
(527.2727273 5.882352941 750)
(545.4545455 5.882352941 750)
(563.6363636 5.882352941 750)
(581.8181818 5.882352941 750)
(600 5.882352941 750)
(618.1818182 5.882352941 750)
(636.3636364 5.882352941 750)
(654.5454545 5.882352941 750)
(672.7272727 5.882352941 750)
(690.9090909 5.882352941 750)
(709.0909091 5.882352941 750)
(727.2727273 5.882352941 750)
(745.4545455 5.882352941 750)
(763.6363636 5.882352941 750)
(781.8181818 5.882352941 750)
(800 5.882352941 750)
(818.1818182 5.882352941 750)
(836.3636364 5.882352941 750)
(854.5454545 5.882352941 750)
(872.7272727 5.882352941 750)
(890.9090909 5.882352941 750)
(909.0909091 5.882352941 750)
(927.2727273 5.882352941 750)
(945.4545455 5.882352941 750)
(963.6363636 5.882352941 750)
(981.8181818 5.882352941 750)
(1000 5.882352941 750)
(1018.181818 5.882352941 750)
(1036.363636 5.882352941 750)
(1054.545455 5.882352941 750)
(1072.727273 5.882352941 750)
(1090.909091 5.882352941 750)
(1109.090909 5.882352941 750)
(1127.272727 5.882352941 750)
(1145.454545 5.882352941 750)
(1163.636364 5.882352941 750)
(1181.818182 5.882352941 750)
(1200 5.882352941 750)
(1218.181818 5.882352941 750)
(1236.363636 5.882352941 750)
(1254.545455 5.882352941 750)
(1272.727273 5.882352941 750)
(1290.909091 5.882352941 750)
(1309.090909 5.882352941 750)
(1327.272727 5.882352941 750)
(1345.454545 5.882352941 750)
(1363.636364 5.882352941 750)
(1381.818182 5.882352941 750)
(1400 5.882352941 750)
(1418.181818 5.882352941 750)
(1436.363636 5.882352941 750)
(1454.545455 5.882352941 750)
(1472.727273 5.882352941 750)
(1490.909091 5.882352941 750)
(1509.090909 5.882352941 750)
(1527.272727 5.882352941 750)
(1545.454545 5.882352941 750)
(1563.636364 5.882352941 750)
(1581.818182 5.882352941 750)
(1600 5.882352941 750)
(1618.181818 5.882352941 750)
(1636.363636 5.882352941 750)
(1654.545455 5.882352941 750)
(1672.727273 5.882352941 750)
(1690.909091 5.882352941 750)
(1709.090909 5.882352941 750)
(1727.272727 5.882352941 750)
(1745.454545 5.882352941 750)
(1763.636364 5.882352941 750)
(1781.818182 5.882352941 750)
(1800 5.882352941 750)
(1818.181818 5.882352941 750)
(1836.363636 5.882352941 750)
(1854.545455 5.882352941 750)
(1872.727273 5.882352941 750)
(1890.909091 5.882352941 750)
(1909.090909 5.882352941 750)
(1927.272727 5.882352941 750)
(1945.454545 5.882352941 750)
(1963.636364 5.882352941 750)
(1981.818182 5.882352941 750)
(2000 5.882352941 750)
(0 7.058823529 750)
(18.18181818 7.058823529 750)
(36.36363636 7.058823529 750)
(54.54545455 7.058823529 750)
(72.72727273 7.058823529 750)
(90.90909091 7.058823529 750)
(109.0909091 7.058823529 750)
(127.2727273 7.058823529 750)
(145.4545455 7.058823529 750)
(163.6363636 7.058823529 750)
(181.8181818 7.058823529 750)
(200 7.058823529 750)
(218.1818182 7.058823529 750)
(236.3636364 7.058823529 750)
(254.5454545 7.058823529 750)
(272.7272727 7.058823529 750)
(290.9090909 7.058823529 750)
(309.0909091 7.058823529 750)
(327.2727273 7.058823529 750)
(345.4545455 7.058823529 750)
(363.6363636 7.058823529 750)
(381.8181818 7.058823529 750)
(400 7.058823529 750)
(418.1818182 7.058823529 750)
(436.3636364 7.058823529 750)
(454.5454545 7.058823529 750)
(472.7272727 7.058823529 750)
(490.9090909 7.058823529 750)
(509.0909091 7.058823529 750)
(527.2727273 7.058823529 750)
(545.4545455 7.058823529 750)
(563.6363636 7.058823529 750)
(581.8181818 7.058823529 750)
(600 7.058823529 750)
(618.1818182 7.058823529 750)
(636.3636364 7.058823529 750)
(654.5454545 7.058823529 750)
(672.7272727 7.058823529 750)
(690.9090909 7.058823529 750)
(709.0909091 7.058823529 750)
(727.2727273 7.058823529 750)
(745.4545455 7.058823529 750)
(763.6363636 7.058823529 750)
(781.8181818 7.058823529 750)
(800 7.058823529 750)
(818.1818182 7.058823529 750)
(836.3636364 7.058823529 750)
(854.5454545 7.058823529 750)
(872.7272727 7.058823529 750)
(890.9090909 7.058823529 750)
(909.0909091 7.058823529 750)
(927.2727273 7.058823529 750)
(945.4545455 7.058823529 750)
(963.6363636 7.058823529 750)
(981.8181818 7.058823529 750)
(1000 7.058823529 750)
(1018.181818 7.058823529 750)
(1036.363636 7.058823529 750)
(1054.545455 7.058823529 750)
(1072.727273 7.058823529 750)
(1090.909091 7.058823529 750)
(1109.090909 7.058823529 750)
(1127.272727 7.058823529 750)
(1145.454545 7.058823529 750)
(1163.636364 7.058823529 750)
(1181.818182 7.058823529 750)
(1200 7.058823529 750)
(1218.181818 7.058823529 750)
(1236.363636 7.058823529 750)
(1254.545455 7.058823529 750)
(1272.727273 7.058823529 750)
(1290.909091 7.058823529 750)
(1309.090909 7.058823529 750)
(1327.272727 7.058823529 750)
(1345.454545 7.058823529 750)
(1363.636364 7.058823529 750)
(1381.818182 7.058823529 750)
(1400 7.058823529 750)
(1418.181818 7.058823529 750)
(1436.363636 7.058823529 750)
(1454.545455 7.058823529 750)
(1472.727273 7.058823529 750)
(1490.909091 7.058823529 750)
(1509.090909 7.058823529 750)
(1527.272727 7.058823529 750)
(1545.454545 7.058823529 750)
(1563.636364 7.058823529 750)
(1581.818182 7.058823529 750)
(1600 7.058823529 750)
(1618.181818 7.058823529 750)
(1636.363636 7.058823529 750)
(1654.545455 7.058823529 750)
(1672.727273 7.058823529 750)
(1690.909091 7.058823529 750)
(1709.090909 7.058823529 750)
(1727.272727 7.058823529 750)
(1745.454545 7.058823529 750)
(1763.636364 7.058823529 750)
(1781.818182 7.058823529 750)
(1800 7.058823529 750)
(1818.181818 7.058823529 750)
(1836.363636 7.058823529 750)
(1854.545455 7.058823529 750)
(1872.727273 7.058823529 750)
(1890.909091 7.058823529 750)
(1909.090909 7.058823529 750)
(1927.272727 7.058823529 750)
(1945.454545 7.058823529 750)
(1963.636364 7.058823529 750)
(1981.818182 7.058823529 750)
(2000 7.058823529 750)
(0 8.235294118 750)
(18.18181818 8.235294118 750)
(36.36363636 8.235294118 750)
(54.54545455 8.235294118 750)
(72.72727273 8.235294118 750)
(90.90909091 8.235294118 750)
(109.0909091 8.235294118 750)
(127.2727273 8.235294118 750)
(145.4545455 8.235294118 750)
(163.6363636 8.235294118 750)
(181.8181818 8.235294118 750)
(200 8.235294118 750)
(218.1818182 8.235294118 750)
(236.3636364 8.235294118 750)
(254.5454545 8.235294118 750)
(272.7272727 8.235294118 750)
(290.9090909 8.235294118 750)
(309.0909091 8.235294118 750)
(327.2727273 8.235294118 750)
(345.4545455 8.235294118 750)
(363.6363636 8.235294118 750)
(381.8181818 8.235294118 750)
(400 8.235294118 750)
(418.1818182 8.235294118 750)
(436.3636364 8.235294118 750)
(454.5454545 8.235294118 750)
(472.7272727 8.235294118 750)
(490.9090909 8.235294118 750)
(509.0909091 8.235294118 750)
(527.2727273 8.235294118 750)
(545.4545455 8.235294118 750)
(563.6363636 8.235294118 750)
(581.8181818 8.235294118 750)
(600 8.235294118 750)
(618.1818182 8.235294118 750)
(636.3636364 8.235294118 750)
(654.5454545 8.235294118 750)
(672.7272727 8.235294118 750)
(690.9090909 8.235294118 750)
(709.0909091 8.235294118 750)
(727.2727273 8.235294118 750)
(745.4545455 8.235294118 750)
(763.6363636 8.235294118 750)
(781.8181818 8.235294118 750)
(800 8.235294118 750)
(818.1818182 8.235294118 750)
(836.3636364 8.235294118 750)
(854.5454545 8.235294118 750)
(872.7272727 8.235294118 750)
(890.9090909 8.235294118 750)
(909.0909091 8.235294118 750)
(927.2727273 8.235294118 750)
(945.4545455 8.235294118 750)
(963.6363636 8.235294118 750)
(981.8181818 8.235294118 750)
(1000 8.235294118 750)
(1018.181818 8.235294118 750)
(1036.363636 8.235294118 750)
(1054.545455 8.235294118 750)
(1072.727273 8.235294118 750)
(1090.909091 8.235294118 750)
(1109.090909 8.235294118 750)
(1127.272727 8.235294118 750)
(1145.454545 8.235294118 750)
(1163.636364 8.235294118 750)
(1181.818182 8.235294118 750)
(1200 8.235294118 750)
(1218.181818 8.235294118 750)
(1236.363636 8.235294118 750)
(1254.545455 8.235294118 750)
(1272.727273 8.235294118 750)
(1290.909091 8.235294118 750)
(1309.090909 8.235294118 750)
(1327.272727 8.235294118 750)
(1345.454545 8.235294118 750)
(1363.636364 8.235294118 750)
(1381.818182 8.235294118 750)
(1400 8.235294118 750)
(1418.181818 8.235294118 750)
(1436.363636 8.235294118 750)
(1454.545455 8.235294118 750)
(1472.727273 8.235294118 750)
(1490.909091 8.235294118 750)
(1509.090909 8.235294118 750)
(1527.272727 8.235294118 750)
(1545.454545 8.235294118 750)
(1563.636364 8.235294118 750)
(1581.818182 8.235294118 750)
(1600 8.235294118 750)
(1618.181818 8.235294118 750)
(1636.363636 8.235294118 750)
(1654.545455 8.235294118 750)
(1672.727273 8.235294118 750)
(1690.909091 8.235294118 750)
(1709.090909 8.235294118 750)
(1727.272727 8.235294118 750)
(1745.454545 8.235294118 750)
(1763.636364 8.235294118 750)
(1781.818182 8.235294118 750)
(1800 8.235294118 750)
(1818.181818 8.235294118 750)
(1836.363636 8.235294118 750)
(1854.545455 8.235294118 750)
(1872.727273 8.235294118 750)
(1890.909091 8.235294118 750)
(1909.090909 8.235294118 750)
(1927.272727 8.235294118 750)
(1945.454545 8.235294118 750)
(1963.636364 8.235294118 750)
(1981.818182 8.235294118 750)
(2000 8.235294118 750)
(0 9.411764706 750)
(18.18181818 9.411764706 750)
(36.36363636 9.411764706 750)
(54.54545455 9.411764706 750)
(72.72727273 9.411764706 750)
(90.90909091 9.411764706 750)
(109.0909091 9.411764706 750)
(127.2727273 9.411764706 750)
(145.4545455 9.411764706 750)
(163.6363636 9.411764706 750)
(181.8181818 9.411764706 750)
(200 9.411764706 750)
(218.1818182 9.411764706 750)
(236.3636364 9.411764706 750)
(254.5454545 9.411764706 750)
(272.7272727 9.411764706 750)
(290.9090909 9.411764706 750)
(309.0909091 9.411764706 750)
(327.2727273 9.411764706 750)
(345.4545455 9.411764706 750)
(363.6363636 9.411764706 750)
(381.8181818 9.411764706 750)
(400 9.411764706 750)
(418.1818182 9.411764706 750)
(436.3636364 9.411764706 750)
(454.5454545 9.411764706 750)
(472.7272727 9.411764706 750)
(490.9090909 9.411764706 750)
(509.0909091 9.411764706 750)
(527.2727273 9.411764706 750)
(545.4545455 9.411764706 750)
(563.6363636 9.411764706 750)
(581.8181818 9.411764706 750)
(600 9.411764706 750)
(618.1818182 9.411764706 750)
(636.3636364 9.411764706 750)
(654.5454545 9.411764706 750)
(672.7272727 9.411764706 750)
(690.9090909 9.411764706 750)
(709.0909091 9.411764706 750)
(727.2727273 9.411764706 750)
(745.4545455 9.411764706 750)
(763.6363636 9.411764706 750)
(781.8181818 9.411764706 750)
(800 9.411764706 750)
(818.1818182 9.411764706 750)
(836.3636364 9.411764706 750)
(854.5454545 9.411764706 750)
(872.7272727 9.411764706 750)
(890.9090909 9.411764706 750)
(909.0909091 9.411764706 750)
(927.2727273 9.411764706 750)
(945.4545455 9.411764706 750)
(963.6363636 9.411764706 750)
(981.8181818 9.411764706 750)
(1000 9.411764706 750)
(1018.181818 9.411764706 750)
(1036.363636 9.411764706 750)
(1054.545455 9.411764706 750)
(1072.727273 9.411764706 750)
(1090.909091 9.411764706 750)
(1109.090909 9.411764706 750)
(1127.272727 9.411764706 750)
(1145.454545 9.411764706 750)
(1163.636364 9.411764706 750)
(1181.818182 9.411764706 750)
(1200 9.411764706 750)
(1218.181818 9.411764706 750)
(1236.363636 9.411764706 750)
(1254.545455 9.411764706 750)
(1272.727273 9.411764706 750)
(1290.909091 9.411764706 750)
(1309.090909 9.411764706 750)
(1327.272727 9.411764706 750)
(1345.454545 9.411764706 750)
(1363.636364 9.411764706 750)
(1381.818182 9.411764706 750)
(1400 9.411764706 750)
(1418.181818 9.411764706 750)
(1436.363636 9.411764706 750)
(1454.545455 9.411764706 750)
(1472.727273 9.411764706 750)
(1490.909091 9.411764706 750)
(1509.090909 9.411764706 750)
(1527.272727 9.411764706 750)
(1545.454545 9.411764706 750)
(1563.636364 9.411764706 750)
(1581.818182 9.411764706 750)
(1600 9.411764706 750)
(1618.181818 9.411764706 750)
(1636.363636 9.411764706 750)
(1654.545455 9.411764706 750)
(1672.727273 9.411764706 750)
(1690.909091 9.411764706 750)
(1709.090909 9.411764706 750)
(1727.272727 9.411764706 750)
(1745.454545 9.411764706 750)
(1763.636364 9.411764706 750)
(1781.818182 9.411764706 750)
(1800 9.411764706 750)
(1818.181818 9.411764706 750)
(1836.363636 9.411764706 750)
(1854.545455 9.411764706 750)
(1872.727273 9.411764706 750)
(1890.909091 9.411764706 750)
(1909.090909 9.411764706 750)
(1927.272727 9.411764706 750)
(1945.454545 9.411764706 750)
(1963.636364 9.411764706 750)
(1981.818182 9.411764706 750)
(2000 9.411764706 750)
(0 10.58823529 750)
(18.18181818 10.58823529 750)
(36.36363636 10.58823529 750)
(54.54545455 10.58823529 750)
(72.72727273 10.58823529 750)
(90.90909091 10.58823529 750)
(109.0909091 10.58823529 750)
(127.2727273 10.58823529 750)
(145.4545455 10.58823529 750)
(163.6363636 10.58823529 750)
(181.8181818 10.58823529 750)
(200 10.58823529 750)
(218.1818182 10.58823529 750)
(236.3636364 10.58823529 750)
(254.5454545 10.58823529 750)
(272.7272727 10.58823529 750)
(290.9090909 10.58823529 750)
(309.0909091 10.58823529 750)
(327.2727273 10.58823529 750)
(345.4545455 10.58823529 750)
(363.6363636 10.58823529 750)
(381.8181818 10.58823529 750)
(400 10.58823529 750)
(418.1818182 10.58823529 750)
(436.3636364 10.58823529 750)
(454.5454545 10.58823529 750)
(472.7272727 10.58823529 750)
(490.9090909 10.58823529 750)
(509.0909091 10.58823529 750)
(527.2727273 10.58823529 750)
(545.4545455 10.58823529 750)
(563.6363636 10.58823529 750)
(581.8181818 10.58823529 750)
(600 10.58823529 750)
(618.1818182 10.58823529 750)
(636.3636364 10.58823529 750)
(654.5454545 10.58823529 750)
(672.7272727 10.58823529 750)
(690.9090909 10.58823529 750)
(709.0909091 10.58823529 750)
(727.2727273 10.58823529 750)
(745.4545455 10.58823529 750)
(763.6363636 10.58823529 750)
(781.8181818 10.58823529 750)
(800 10.58823529 750)
(818.1818182 10.58823529 750)
(836.3636364 10.58823529 750)
(854.5454545 10.58823529 750)
(872.7272727 10.58823529 750)
(890.9090909 10.58823529 750)
(909.0909091 10.58823529 750)
(927.2727273 10.58823529 750)
(945.4545455 10.58823529 750)
(963.6363636 10.58823529 750)
(981.8181818 10.58823529 750)
(1000 10.58823529 750)
(1018.181818 10.58823529 750)
(1036.363636 10.58823529 750)
(1054.545455 10.58823529 750)
(1072.727273 10.58823529 750)
(1090.909091 10.58823529 750)
(1109.090909 10.58823529 750)
(1127.272727 10.58823529 750)
(1145.454545 10.58823529 750)
(1163.636364 10.58823529 750)
(1181.818182 10.58823529 750)
(1200 10.58823529 750)
(1218.181818 10.58823529 750)
(1236.363636 10.58823529 750)
(1254.545455 10.58823529 750)
(1272.727273 10.58823529 750)
(1290.909091 10.58823529 750)
(1309.090909 10.58823529 750)
(1327.272727 10.58823529 750)
(1345.454545 10.58823529 750)
(1363.636364 10.58823529 750)
(1381.818182 10.58823529 750)
(1400 10.58823529 750)
(1418.181818 10.58823529 750)
(1436.363636 10.58823529 750)
(1454.545455 10.58823529 750)
(1472.727273 10.58823529 750)
(1490.909091 10.58823529 750)
(1509.090909 10.58823529 750)
(1527.272727 10.58823529 750)
(1545.454545 10.58823529 750)
(1563.636364 10.58823529 750)
(1581.818182 10.58823529 750)
(1600 10.58823529 750)
(1618.181818 10.58823529 750)
(1636.363636 10.58823529 750)
(1654.545455 10.58823529 750)
(1672.727273 10.58823529 750)
(1690.909091 10.58823529 750)
(1709.090909 10.58823529 750)
(1727.272727 10.58823529 750)
(1745.454545 10.58823529 750)
(1763.636364 10.58823529 750)
(1781.818182 10.58823529 750)
(1800 10.58823529 750)
(1818.181818 10.58823529 750)
(1836.363636 10.58823529 750)
(1854.545455 10.58823529 750)
(1872.727273 10.58823529 750)
(1890.909091 10.58823529 750)
(1909.090909 10.58823529 750)
(1927.272727 10.58823529 750)
(1945.454545 10.58823529 750)
(1963.636364 10.58823529 750)
(1981.818182 10.58823529 750)
(2000 10.58823529 750)
(0 11.76470588 750)
(18.18181818 11.76470588 750)
(36.36363636 11.76470588 750)
(54.54545455 11.76470588 750)
(72.72727273 11.76470588 750)
(90.90909091 11.76470588 750)
(109.0909091 11.76470588 750)
(127.2727273 11.76470588 750)
(145.4545455 11.76470588 750)
(163.6363636 11.76470588 750)
(181.8181818 11.76470588 750)
(200 11.76470588 750)
(218.1818182 11.76470588 750)
(236.3636364 11.76470588 750)
(254.5454545 11.76470588 750)
(272.7272727 11.76470588 750)
(290.9090909 11.76470588 750)
(309.0909091 11.76470588 750)
(327.2727273 11.76470588 750)
(345.4545455 11.76470588 750)
(363.6363636 11.76470588 750)
(381.8181818 11.76470588 750)
(400 11.76470588 750)
(418.1818182 11.76470588 750)
(436.3636364 11.76470588 750)
(454.5454545 11.76470588 750)
(472.7272727 11.76470588 750)
(490.9090909 11.76470588 750)
(509.0909091 11.76470588 750)
(527.2727273 11.76470588 750)
(545.4545455 11.76470588 750)
(563.6363636 11.76470588 750)
(581.8181818 11.76470588 750)
(600 11.76470588 750)
(618.1818182 11.76470588 750)
(636.3636364 11.76470588 750)
(654.5454545 11.76470588 750)
(672.7272727 11.76470588 750)
(690.9090909 11.76470588 750)
(709.0909091 11.76470588 750)
(727.2727273 11.76470588 750)
(745.4545455 11.76470588 750)
(763.6363636 11.76470588 750)
(781.8181818 11.76470588 750)
(800 11.76470588 750)
(818.1818182 11.76470588 750)
(836.3636364 11.76470588 750)
(854.5454545 11.76470588 750)
(872.7272727 11.76470588 750)
(890.9090909 11.76470588 750)
(909.0909091 11.76470588 750)
(927.2727273 11.76470588 750)
(945.4545455 11.76470588 750)
(963.6363636 11.76470588 750)
(981.8181818 11.76470588 750)
(1000 11.76470588 750)
(1018.181818 11.76470588 750)
(1036.363636 11.76470588 750)
(1054.545455 11.76470588 750)
(1072.727273 11.76470588 750)
(1090.909091 11.76470588 750)
(1109.090909 11.76470588 750)
(1127.272727 11.76470588 750)
(1145.454545 11.76470588 750)
(1163.636364 11.76470588 750)
(1181.818182 11.76470588 750)
(1200 11.76470588 750)
(1218.181818 11.76470588 750)
(1236.363636 11.76470588 750)
(1254.545455 11.76470588 750)
(1272.727273 11.76470588 750)
(1290.909091 11.76470588 750)
(1309.090909 11.76470588 750)
(1327.272727 11.76470588 750)
(1345.454545 11.76470588 750)
(1363.636364 11.76470588 750)
(1381.818182 11.76470588 750)
(1400 11.76470588 750)
(1418.181818 11.76470588 750)
(1436.363636 11.76470588 750)
(1454.545455 11.76470588 750)
(1472.727273 11.76470588 750)
(1490.909091 11.76470588 750)
(1509.090909 11.76470588 750)
(1527.272727 11.76470588 750)
(1545.454545 11.76470588 750)
(1563.636364 11.76470588 750)
(1581.818182 11.76470588 750)
(1600 11.76470588 750)
(1618.181818 11.76470588 750)
(1636.363636 11.76470588 750)
(1654.545455 11.76470588 750)
(1672.727273 11.76470588 750)
(1690.909091 11.76470588 750)
(1709.090909 11.76470588 750)
(1727.272727 11.76470588 750)
(1745.454545 11.76470588 750)
(1763.636364 11.76470588 750)
(1781.818182 11.76470588 750)
(1800 11.76470588 750)
(1818.181818 11.76470588 750)
(1836.363636 11.76470588 750)
(1854.545455 11.76470588 750)
(1872.727273 11.76470588 750)
(1890.909091 11.76470588 750)
(1909.090909 11.76470588 750)
(1927.272727 11.76470588 750)
(1945.454545 11.76470588 750)
(1963.636364 11.76470588 750)
(1981.818182 11.76470588 750)
(2000 11.76470588 750)
(0 12.94117647 750)
(18.18181818 12.94117647 750)
(36.36363636 12.94117647 750)
(54.54545455 12.94117647 750)
(72.72727273 12.94117647 750)
(90.90909091 12.94117647 750)
(109.0909091 12.94117647 750)
(127.2727273 12.94117647 750)
(145.4545455 12.94117647 750)
(163.6363636 12.94117647 750)
(181.8181818 12.94117647 750)
(200 12.94117647 750)
(218.1818182 12.94117647 750)
(236.3636364 12.94117647 750)
(254.5454545 12.94117647 750)
(272.7272727 12.94117647 750)
(290.9090909 12.94117647 750)
(309.0909091 12.94117647 750)
(327.2727273 12.94117647 750)
(345.4545455 12.94117647 750)
(363.6363636 12.94117647 750)
(381.8181818 12.94117647 750)
(400 12.94117647 750)
(418.1818182 12.94117647 750)
(436.3636364 12.94117647 750)
(454.5454545 12.94117647 750)
(472.7272727 12.94117647 750)
(490.9090909 12.94117647 750)
(509.0909091 12.94117647 750)
(527.2727273 12.94117647 750)
(545.4545455 12.94117647 750)
(563.6363636 12.94117647 750)
(581.8181818 12.94117647 750)
(600 12.94117647 750)
(618.1818182 12.94117647 750)
(636.3636364 12.94117647 750)
(654.5454545 12.94117647 750)
(672.7272727 12.94117647 750)
(690.9090909 12.94117647 750)
(709.0909091 12.94117647 750)
(727.2727273 12.94117647 750)
(745.4545455 12.94117647 750)
(763.6363636 12.94117647 750)
(781.8181818 12.94117647 750)
(800 12.94117647 750)
(818.1818182 12.94117647 750)
(836.3636364 12.94117647 750)
(854.5454545 12.94117647 750)
(872.7272727 12.94117647 750)
(890.9090909 12.94117647 750)
(909.0909091 12.94117647 750)
(927.2727273 12.94117647 750)
(945.4545455 12.94117647 750)
(963.6363636 12.94117647 750)
(981.8181818 12.94117647 750)
(1000 12.94117647 750)
(1018.181818 12.94117647 750)
(1036.363636 12.94117647 750)
(1054.545455 12.94117647 750)
(1072.727273 12.94117647 750)
(1090.909091 12.94117647 750)
(1109.090909 12.94117647 750)
(1127.272727 12.94117647 750)
(1145.454545 12.94117647 750)
(1163.636364 12.94117647 750)
(1181.818182 12.94117647 750)
(1200 12.94117647 750)
(1218.181818 12.94117647 750)
(1236.363636 12.94117647 750)
(1254.545455 12.94117647 750)
(1272.727273 12.94117647 750)
(1290.909091 12.94117647 750)
(1309.090909 12.94117647 750)
(1327.272727 12.94117647 750)
(1345.454545 12.94117647 750)
(1363.636364 12.94117647 750)
(1381.818182 12.94117647 750)
(1400 12.94117647 750)
(1418.181818 12.94117647 750)
(1436.363636 12.94117647 750)
(1454.545455 12.94117647 750)
(1472.727273 12.94117647 750)
(1490.909091 12.94117647 750)
(1509.090909 12.94117647 750)
(1527.272727 12.94117647 750)
(1545.454545 12.94117647 750)
(1563.636364 12.94117647 750)
(1581.818182 12.94117647 750)
(1600 12.94117647 750)
(1618.181818 12.94117647 750)
(1636.363636 12.94117647 750)
(1654.545455 12.94117647 750)
(1672.727273 12.94117647 750)
(1690.909091 12.94117647 750)
(1709.090909 12.94117647 750)
(1727.272727 12.94117647 750)
(1745.454545 12.94117647 750)
(1763.636364 12.94117647 750)
(1781.818182 12.94117647 750)
(1800 12.94117647 750)
(1818.181818 12.94117647 750)
(1836.363636 12.94117647 750)
(1854.545455 12.94117647 750)
(1872.727273 12.94117647 750)
(1890.909091 12.94117647 750)
(1909.090909 12.94117647 750)
(1927.272727 12.94117647 750)
(1945.454545 12.94117647 750)
(1963.636364 12.94117647 750)
(1981.818182 12.94117647 750)
(2000 12.94117647 750)
(0 14.11764706 750)
(18.18181818 14.11764706 750)
(36.36363636 14.11764706 750)
(54.54545455 14.11764706 750)
(72.72727273 14.11764706 750)
(90.90909091 14.11764706 750)
(109.0909091 14.11764706 750)
(127.2727273 14.11764706 750)
(145.4545455 14.11764706 750)
(163.6363636 14.11764706 750)
(181.8181818 14.11764706 750)
(200 14.11764706 750)
(218.1818182 14.11764706 750)
(236.3636364 14.11764706 750)
(254.5454545 14.11764706 750)
(272.7272727 14.11764706 750)
(290.9090909 14.11764706 750)
(309.0909091 14.11764706 750)
(327.2727273 14.11764706 750)
(345.4545455 14.11764706 750)
(363.6363636 14.11764706 750)
(381.8181818 14.11764706 750)
(400 14.11764706 750)
(418.1818182 14.11764706 750)
(436.3636364 14.11764706 750)
(454.5454545 14.11764706 750)
(472.7272727 14.11764706 750)
(490.9090909 14.11764706 750)
(509.0909091 14.11764706 750)
(527.2727273 14.11764706 750)
(545.4545455 14.11764706 750)
(563.6363636 14.11764706 750)
(581.8181818 14.11764706 750)
(600 14.11764706 750)
(618.1818182 14.11764706 750)
(636.3636364 14.11764706 750)
(654.5454545 14.11764706 750)
(672.7272727 14.11764706 750)
(690.9090909 14.11764706 750)
(709.0909091 14.11764706 750)
(727.2727273 14.11764706 750)
(745.4545455 14.11764706 750)
(763.6363636 14.11764706 750)
(781.8181818 14.11764706 750)
(800 14.11764706 750)
(818.1818182 14.11764706 750)
(836.3636364 14.11764706 750)
(854.5454545 14.11764706 750)
(872.7272727 14.11764706 750)
(890.9090909 14.11764706 750)
(909.0909091 14.11764706 750)
(927.2727273 14.11764706 750)
(945.4545455 14.11764706 750)
(963.6363636 14.11764706 750)
(981.8181818 14.11764706 750)
(1000 14.11764706 750)
(1018.181818 14.11764706 750)
(1036.363636 14.11764706 750)
(1054.545455 14.11764706 750)
(1072.727273 14.11764706 750)
(1090.909091 14.11764706 750)
(1109.090909 14.11764706 750)
(1127.272727 14.11764706 750)
(1145.454545 14.11764706 750)
(1163.636364 14.11764706 750)
(1181.818182 14.11764706 750)
(1200 14.11764706 750)
(1218.181818 14.11764706 750)
(1236.363636 14.11764706 750)
(1254.545455 14.11764706 750)
(1272.727273 14.11764706 750)
(1290.909091 14.11764706 750)
(1309.090909 14.11764706 750)
(1327.272727 14.11764706 750)
(1345.454545 14.11764706 750)
(1363.636364 14.11764706 750)
(1381.818182 14.11764706 750)
(1400 14.11764706 750)
(1418.181818 14.11764706 750)
(1436.363636 14.11764706 750)
(1454.545455 14.11764706 750)
(1472.727273 14.11764706 750)
(1490.909091 14.11764706 750)
(1509.090909 14.11764706 750)
(1527.272727 14.11764706 750)
(1545.454545 14.11764706 750)
(1563.636364 14.11764706 750)
(1581.818182 14.11764706 750)
(1600 14.11764706 750)
(1618.181818 14.11764706 750)
(1636.363636 14.11764706 750)
(1654.545455 14.11764706 750)
(1672.727273 14.11764706 750)
(1690.909091 14.11764706 750)
(1709.090909 14.11764706 750)
(1727.272727 14.11764706 750)
(1745.454545 14.11764706 750)
(1763.636364 14.11764706 750)
(1781.818182 14.11764706 750)
(1800 14.11764706 750)
(1818.181818 14.11764706 750)
(1836.363636 14.11764706 750)
(1854.545455 14.11764706 750)
(1872.727273 14.11764706 750)
(1890.909091 14.11764706 750)
(1909.090909 14.11764706 750)
(1927.272727 14.11764706 750)
(1945.454545 14.11764706 750)
(1963.636364 14.11764706 750)
(1981.818182 14.11764706 750)
(2000 14.11764706 750)
(0 15.29411765 750)
(18.18181818 15.29411765 750)
(36.36363636 15.29411765 750)
(54.54545455 15.29411765 750)
(72.72727273 15.29411765 750)
(90.90909091 15.29411765 750)
(109.0909091 15.29411765 750)
(127.2727273 15.29411765 750)
(145.4545455 15.29411765 750)
(163.6363636 15.29411765 750)
(181.8181818 15.29411765 750)
(200 15.29411765 750)
(218.1818182 15.29411765 750)
(236.3636364 15.29411765 750)
(254.5454545 15.29411765 750)
(272.7272727 15.29411765 750)
(290.9090909 15.29411765 750)
(309.0909091 15.29411765 750)
(327.2727273 15.29411765 750)
(345.4545455 15.29411765 750)
(363.6363636 15.29411765 750)
(381.8181818 15.29411765 750)
(400 15.29411765 750)
(418.1818182 15.29411765 750)
(436.3636364 15.29411765 750)
(454.5454545 15.29411765 750)
(472.7272727 15.29411765 750)
(490.9090909 15.29411765 750)
(509.0909091 15.29411765 750)
(527.2727273 15.29411765 750)
(545.4545455 15.29411765 750)
(563.6363636 15.29411765 750)
(581.8181818 15.29411765 750)
(600 15.29411765 750)
(618.1818182 15.29411765 750)
(636.3636364 15.29411765 750)
(654.5454545 15.29411765 750)
(672.7272727 15.29411765 750)
(690.9090909 15.29411765 750)
(709.0909091 15.29411765 750)
(727.2727273 15.29411765 750)
(745.4545455 15.29411765 750)
(763.6363636 15.29411765 750)
(781.8181818 15.29411765 750)
(800 15.29411765 750)
(818.1818182 15.29411765 750)
(836.3636364 15.29411765 750)
(854.5454545 15.29411765 750)
(872.7272727 15.29411765 750)
(890.9090909 15.29411765 750)
(909.0909091 15.29411765 750)
(927.2727273 15.29411765 750)
(945.4545455 15.29411765 750)
(963.6363636 15.29411765 750)
(981.8181818 15.29411765 750)
(1000 15.29411765 750)
(1018.181818 15.29411765 750)
(1036.363636 15.29411765 750)
(1054.545455 15.29411765 750)
(1072.727273 15.29411765 750)
(1090.909091 15.29411765 750)
(1109.090909 15.29411765 750)
(1127.272727 15.29411765 750)
(1145.454545 15.29411765 750)
(1163.636364 15.29411765 750)
(1181.818182 15.29411765 750)
(1200 15.29411765 750)
(1218.181818 15.29411765 750)
(1236.363636 15.29411765 750)
(1254.545455 15.29411765 750)
(1272.727273 15.29411765 750)
(1290.909091 15.29411765 750)
(1309.090909 15.29411765 750)
(1327.272727 15.29411765 750)
(1345.454545 15.29411765 750)
(1363.636364 15.29411765 750)
(1381.818182 15.29411765 750)
(1400 15.29411765 750)
(1418.181818 15.29411765 750)
(1436.363636 15.29411765 750)
(1454.545455 15.29411765 750)
(1472.727273 15.29411765 750)
(1490.909091 15.29411765 750)
(1509.090909 15.29411765 750)
(1527.272727 15.29411765 750)
(1545.454545 15.29411765 750)
(1563.636364 15.29411765 750)
(1581.818182 15.29411765 750)
(1600 15.29411765 750)
(1618.181818 15.29411765 750)
(1636.363636 15.29411765 750)
(1654.545455 15.29411765 750)
(1672.727273 15.29411765 750)
(1690.909091 15.29411765 750)
(1709.090909 15.29411765 750)
(1727.272727 15.29411765 750)
(1745.454545 15.29411765 750)
(1763.636364 15.29411765 750)
(1781.818182 15.29411765 750)
(1800 15.29411765 750)
(1818.181818 15.29411765 750)
(1836.363636 15.29411765 750)
(1854.545455 15.29411765 750)
(1872.727273 15.29411765 750)
(1890.909091 15.29411765 750)
(1909.090909 15.29411765 750)
(1927.272727 15.29411765 750)
(1945.454545 15.29411765 750)
(1963.636364 15.29411765 750)
(1981.818182 15.29411765 750)
(2000 15.29411765 750)
(0 16.47058824 750)
(18.18181818 16.47058824 750)
(36.36363636 16.47058824 750)
(54.54545455 16.47058824 750)
(72.72727273 16.47058824 750)
(90.90909091 16.47058824 750)
(109.0909091 16.47058824 750)
(127.2727273 16.47058824 750)
(145.4545455 16.47058824 750)
(163.6363636 16.47058824 750)
(181.8181818 16.47058824 750)
(200 16.47058824 750)
(218.1818182 16.47058824 750)
(236.3636364 16.47058824 750)
(254.5454545 16.47058824 750)
(272.7272727 16.47058824 750)
(290.9090909 16.47058824 750)
(309.0909091 16.47058824 750)
(327.2727273 16.47058824 750)
(345.4545455 16.47058824 750)
(363.6363636 16.47058824 750)
(381.8181818 16.47058824 750)
(400 16.47058824 750)
(418.1818182 16.47058824 750)
(436.3636364 16.47058824 750)
(454.5454545 16.47058824 750)
(472.7272727 16.47058824 750)
(490.9090909 16.47058824 750)
(509.0909091 16.47058824 750)
(527.2727273 16.47058824 750)
(545.4545455 16.47058824 750)
(563.6363636 16.47058824 750)
(581.8181818 16.47058824 750)
(600 16.47058824 750)
(618.1818182 16.47058824 750)
(636.3636364 16.47058824 750)
(654.5454545 16.47058824 750)
(672.7272727 16.47058824 750)
(690.9090909 16.47058824 750)
(709.0909091 16.47058824 750)
(727.2727273 16.47058824 750)
(745.4545455 16.47058824 750)
(763.6363636 16.47058824 750)
(781.8181818 16.47058824 750)
(800 16.47058824 750)
(818.1818182 16.47058824 750)
(836.3636364 16.47058824 750)
(854.5454545 16.47058824 750)
(872.7272727 16.47058824 750)
(890.9090909 16.47058824 750)
(909.0909091 16.47058824 750)
(927.2727273 16.47058824 750)
(945.4545455 16.47058824 750)
(963.6363636 16.47058824 750)
(981.8181818 16.47058824 750)
(1000 16.47058824 750)
(1018.181818 16.47058824 750)
(1036.363636 16.47058824 750)
(1054.545455 16.47058824 750)
(1072.727273 16.47058824 750)
(1090.909091 16.47058824 750)
(1109.090909 16.47058824 750)
(1127.272727 16.47058824 750)
(1145.454545 16.47058824 750)
(1163.636364 16.47058824 750)
(1181.818182 16.47058824 750)
(1200 16.47058824 750)
(1218.181818 16.47058824 750)
(1236.363636 16.47058824 750)
(1254.545455 16.47058824 750)
(1272.727273 16.47058824 750)
(1290.909091 16.47058824 750)
(1309.090909 16.47058824 750)
(1327.272727 16.47058824 750)
(1345.454545 16.47058824 750)
(1363.636364 16.47058824 750)
(1381.818182 16.47058824 750)
(1400 16.47058824 750)
(1418.181818 16.47058824 750)
(1436.363636 16.47058824 750)
(1454.545455 16.47058824 750)
(1472.727273 16.47058824 750)
(1490.909091 16.47058824 750)
(1509.090909 16.47058824 750)
(1527.272727 16.47058824 750)
(1545.454545 16.47058824 750)
(1563.636364 16.47058824 750)
(1581.818182 16.47058824 750)
(1600 16.47058824 750)
(1618.181818 16.47058824 750)
(1636.363636 16.47058824 750)
(1654.545455 16.47058824 750)
(1672.727273 16.47058824 750)
(1690.909091 16.47058824 750)
(1709.090909 16.47058824 750)
(1727.272727 16.47058824 750)
(1745.454545 16.47058824 750)
(1763.636364 16.47058824 750)
(1781.818182 16.47058824 750)
(1800 16.47058824 750)
(1818.181818 16.47058824 750)
(1836.363636 16.47058824 750)
(1854.545455 16.47058824 750)
(1872.727273 16.47058824 750)
(1890.909091 16.47058824 750)
(1909.090909 16.47058824 750)
(1927.272727 16.47058824 750)
(1945.454545 16.47058824 750)
(1963.636364 16.47058824 750)
(1981.818182 16.47058824 750)
(2000 16.47058824 750)
(0 17.64705882 750)
(18.18181818 17.64705882 750)
(36.36363636 17.64705882 750)
(54.54545455 17.64705882 750)
(72.72727273 17.64705882 750)
(90.90909091 17.64705882 750)
(109.0909091 17.64705882 750)
(127.2727273 17.64705882 750)
(145.4545455 17.64705882 750)
(163.6363636 17.64705882 750)
(181.8181818 17.64705882 750)
(200 17.64705882 750)
(218.1818182 17.64705882 750)
(236.3636364 17.64705882 750)
(254.5454545 17.64705882 750)
(272.7272727 17.64705882 750)
(290.9090909 17.64705882 750)
(309.0909091 17.64705882 750)
(327.2727273 17.64705882 750)
(345.4545455 17.64705882 750)
(363.6363636 17.64705882 750)
(381.8181818 17.64705882 750)
(400 17.64705882 750)
(418.1818182 17.64705882 750)
(436.3636364 17.64705882 750)
(454.5454545 17.64705882 750)
(472.7272727 17.64705882 750)
(490.9090909 17.64705882 750)
(509.0909091 17.64705882 750)
(527.2727273 17.64705882 750)
(545.4545455 17.64705882 750)
(563.6363636 17.64705882 750)
(581.8181818 17.64705882 750)
(600 17.64705882 750)
(618.1818182 17.64705882 750)
(636.3636364 17.64705882 750)
(654.5454545 17.64705882 750)
(672.7272727 17.64705882 750)
(690.9090909 17.64705882 750)
(709.0909091 17.64705882 750)
(727.2727273 17.64705882 750)
(745.4545455 17.64705882 750)
(763.6363636 17.64705882 750)
(781.8181818 17.64705882 750)
(800 17.64705882 750)
(818.1818182 17.64705882 750)
(836.3636364 17.64705882 750)
(854.5454545 17.64705882 750)
(872.7272727 17.64705882 750)
(890.9090909 17.64705882 750)
(909.0909091 17.64705882 750)
(927.2727273 17.64705882 750)
(945.4545455 17.64705882 750)
(963.6363636 17.64705882 750)
(981.8181818 17.64705882 750)
(1000 17.64705882 750)
(1018.181818 17.64705882 750)
(1036.363636 17.64705882 750)
(1054.545455 17.64705882 750)
(1072.727273 17.64705882 750)
(1090.909091 17.64705882 750)
(1109.090909 17.64705882 750)
(1127.272727 17.64705882 750)
(1145.454545 17.64705882 750)
(1163.636364 17.64705882 750)
(1181.818182 17.64705882 750)
(1200 17.64705882 750)
(1218.181818 17.64705882 750)
(1236.363636 17.64705882 750)
(1254.545455 17.64705882 750)
(1272.727273 17.64705882 750)
(1290.909091 17.64705882 750)
(1309.090909 17.64705882 750)
(1327.272727 17.64705882 750)
(1345.454545 17.64705882 750)
(1363.636364 17.64705882 750)
(1381.818182 17.64705882 750)
(1400 17.64705882 750)
(1418.181818 17.64705882 750)
(1436.363636 17.64705882 750)
(1454.545455 17.64705882 750)
(1472.727273 17.64705882 750)
(1490.909091 17.64705882 750)
(1509.090909 17.64705882 750)
(1527.272727 17.64705882 750)
(1545.454545 17.64705882 750)
(1563.636364 17.64705882 750)
(1581.818182 17.64705882 750)
(1600 17.64705882 750)
(1618.181818 17.64705882 750)
(1636.363636 17.64705882 750)
(1654.545455 17.64705882 750)
(1672.727273 17.64705882 750)
(1690.909091 17.64705882 750)
(1709.090909 17.64705882 750)
(1727.272727 17.64705882 750)
(1745.454545 17.64705882 750)
(1763.636364 17.64705882 750)
(1781.818182 17.64705882 750)
(1800 17.64705882 750)
(1818.181818 17.64705882 750)
(1836.363636 17.64705882 750)
(1854.545455 17.64705882 750)
(1872.727273 17.64705882 750)
(1890.909091 17.64705882 750)
(1909.090909 17.64705882 750)
(1927.272727 17.64705882 750)
(1945.454545 17.64705882 750)
(1963.636364 17.64705882 750)
(1981.818182 17.64705882 750)
(2000 17.64705882 750)
(0 18.82352941 750)
(18.18181818 18.82352941 750)
(36.36363636 18.82352941 750)
(54.54545455 18.82352941 750)
(72.72727273 18.82352941 750)
(90.90909091 18.82352941 750)
(109.0909091 18.82352941 750)
(127.2727273 18.82352941 750)
(145.4545455 18.82352941 750)
(163.6363636 18.82352941 750)
(181.8181818 18.82352941 750)
(200 18.82352941 750)
(218.1818182 18.82352941 750)
(236.3636364 18.82352941 750)
(254.5454545 18.82352941 750)
(272.7272727 18.82352941 750)
(290.9090909 18.82352941 750)
(309.0909091 18.82352941 750)
(327.2727273 18.82352941 750)
(345.4545455 18.82352941 750)
(363.6363636 18.82352941 750)
(381.8181818 18.82352941 750)
(400 18.82352941 750)
(418.1818182 18.82352941 750)
(436.3636364 18.82352941 750)
(454.5454545 18.82352941 750)
(472.7272727 18.82352941 750)
(490.9090909 18.82352941 750)
(509.0909091 18.82352941 750)
(527.2727273 18.82352941 750)
(545.4545455 18.82352941 750)
(563.6363636 18.82352941 750)
(581.8181818 18.82352941 750)
(600 18.82352941 750)
(618.1818182 18.82352941 750)
(636.3636364 18.82352941 750)
(654.5454545 18.82352941 750)
(672.7272727 18.82352941 750)
(690.9090909 18.82352941 750)
(709.0909091 18.82352941 750)
(727.2727273 18.82352941 750)
(745.4545455 18.82352941 750)
(763.6363636 18.82352941 750)
(781.8181818 18.82352941 750)
(800 18.82352941 750)
(818.1818182 18.82352941 750)
(836.3636364 18.82352941 750)
(854.5454545 18.82352941 750)
(872.7272727 18.82352941 750)
(890.9090909 18.82352941 750)
(909.0909091 18.82352941 750)
(927.2727273 18.82352941 750)
(945.4545455 18.82352941 750)
(963.6363636 18.82352941 750)
(981.8181818 18.82352941 750)
(1000 18.82352941 750)
(1018.181818 18.82352941 750)
(1036.363636 18.82352941 750)
(1054.545455 18.82352941 750)
(1072.727273 18.82352941 750)
(1090.909091 18.82352941 750)
(1109.090909 18.82352941 750)
(1127.272727 18.82352941 750)
(1145.454545 18.82352941 750)
(1163.636364 18.82352941 750)
(1181.818182 18.82352941 750)
(1200 18.82352941 750)
(1218.181818 18.82352941 750)
(1236.363636 18.82352941 750)
(1254.545455 18.82352941 750)
(1272.727273 18.82352941 750)
(1290.909091 18.82352941 750)
(1309.090909 18.82352941 750)
(1327.272727 18.82352941 750)
(1345.454545 18.82352941 750)
(1363.636364 18.82352941 750)
(1381.818182 18.82352941 750)
(1400 18.82352941 750)
(1418.181818 18.82352941 750)
(1436.363636 18.82352941 750)
(1454.545455 18.82352941 750)
(1472.727273 18.82352941 750)
(1490.909091 18.82352941 750)
(1509.090909 18.82352941 750)
(1527.272727 18.82352941 750)
(1545.454545 18.82352941 750)
(1563.636364 18.82352941 750)
(1581.818182 18.82352941 750)
(1600 18.82352941 750)
(1618.181818 18.82352941 750)
(1636.363636 18.82352941 750)
(1654.545455 18.82352941 750)
(1672.727273 18.82352941 750)
(1690.909091 18.82352941 750)
(1709.090909 18.82352941 750)
(1727.272727 18.82352941 750)
(1745.454545 18.82352941 750)
(1763.636364 18.82352941 750)
(1781.818182 18.82352941 750)
(1800 18.82352941 750)
(1818.181818 18.82352941 750)
(1836.363636 18.82352941 750)
(1854.545455 18.82352941 750)
(1872.727273 18.82352941 750)
(1890.909091 18.82352941 750)
(1909.090909 18.82352941 750)
(1927.272727 18.82352941 750)
(1945.454545 18.82352941 750)
(1963.636364 18.82352941 750)
(1981.818182 18.82352941 750)
(2000 18.82352941 750)
(0 20 750)
(18.18181818 20 750)
(36.36363636 20 750)
(54.54545455 20 750)
(72.72727273 20 750)
(90.90909091 20 750)
(109.0909091 20 750)
(127.2727273 20 750)
(145.4545455 20 750)
(163.6363636 20 750)
(181.8181818 20 750)
(200 20 750)
(218.1818182 20 750)
(236.3636364 20 750)
(254.5454545 20 750)
(272.7272727 20 750)
(290.9090909 20 750)
(309.0909091 20 750)
(327.2727273 20 750)
(345.4545455 20 750)
(363.6363636 20 750)
(381.8181818 20 750)
(400 20 750)
(418.1818182 20 750)
(436.3636364 20 750)
(454.5454545 20 750)
(472.7272727 20 750)
(490.9090909 20 750)
(509.0909091 20 750)
(527.2727273 20 750)
(545.4545455 20 750)
(563.6363636 20 750)
(581.8181818 20 750)
(600 20 750)
(618.1818182 20 750)
(636.3636364 20 750)
(654.5454545 20 750)
(672.7272727 20 750)
(690.9090909 20 750)
(709.0909091 20 750)
(727.2727273 20 750)
(745.4545455 20 750)
(763.6363636 20 750)
(781.8181818 20 750)
(800 20 750)
(818.1818182 20 750)
(836.3636364 20 750)
(854.5454545 20 750)
(872.7272727 20 750)
(890.9090909 20 750)
(909.0909091 20 750)
(927.2727273 20 750)
(945.4545455 20 750)
(963.6363636 20 750)
(981.8181818 20 750)
(1000 20 750)
(1018.181818 20 750)
(1036.363636 20 750)
(1054.545455 20 750)
(1072.727273 20 750)
(1090.909091 20 750)
(1109.090909 20 750)
(1127.272727 20 750)
(1145.454545 20 750)
(1163.636364 20 750)
(1181.818182 20 750)
(1200 20 750)
(1218.181818 20 750)
(1236.363636 20 750)
(1254.545455 20 750)
(1272.727273 20 750)
(1290.909091 20 750)
(1309.090909 20 750)
(1327.272727 20 750)
(1345.454545 20 750)
(1363.636364 20 750)
(1381.818182 20 750)
(1400 20 750)
(1418.181818 20 750)
(1436.363636 20 750)
(1454.545455 20 750)
(1472.727273 20 750)
(1490.909091 20 750)
(1509.090909 20 750)
(1527.272727 20 750)
(1545.454545 20 750)
(1563.636364 20 750)
(1581.818182 20 750)
(1600 20 750)
(1618.181818 20 750)
(1636.363636 20 750)
(1654.545455 20 750)
(1672.727273 20 750)
(1690.909091 20 750)
(1709.090909 20 750)
(1727.272727 20 750)
(1745.454545 20 750)
(1763.636364 20 750)
(1781.818182 20 750)
(1800 20 750)
(1818.181818 20 750)
(1836.363636 20 750)
(1854.545455 20 750)
(1872.727273 20 750)
(1890.909091 20 750)
(1909.090909 20 750)
(1927.272727 20 750)
(1945.454545 20 750)
(1963.636364 20 750)
(1981.818182 20 750)
(2000 20 750)
(0 21.17647059 750)
(18.18181818 21.17647059 750)
(36.36363636 21.17647059 750)
(54.54545455 21.17647059 750)
(72.72727273 21.17647059 750)
(90.90909091 21.17647059 750)
(109.0909091 21.17647059 750)
(127.2727273 21.17647059 750)
(145.4545455 21.17647059 750)
(163.6363636 21.17647059 750)
(181.8181818 21.17647059 750)
(200 21.17647059 750)
(218.1818182 21.17647059 750)
(236.3636364 21.17647059 750)
(254.5454545 21.17647059 750)
(272.7272727 21.17647059 750)
(290.9090909 21.17647059 750)
(309.0909091 21.17647059 750)
(327.2727273 21.17647059 750)
(345.4545455 21.17647059 750)
(363.6363636 21.17647059 750)
(381.8181818 21.17647059 750)
(400 21.17647059 750)
(418.1818182 21.17647059 750)
(436.3636364 21.17647059 750)
(454.5454545 21.17647059 750)
(472.7272727 21.17647059 750)
(490.9090909 21.17647059 750)
(509.0909091 21.17647059 750)
(527.2727273 21.17647059 750)
(545.4545455 21.17647059 750)
(563.6363636 21.17647059 750)
(581.8181818 21.17647059 750)
(600 21.17647059 750)
(618.1818182 21.17647059 750)
(636.3636364 21.17647059 750)
(654.5454545 21.17647059 750)
(672.7272727 21.17647059 750)
(690.9090909 21.17647059 750)
(709.0909091 21.17647059 750)
(727.2727273 21.17647059 750)
(745.4545455 21.17647059 750)
(763.6363636 21.17647059 750)
(781.8181818 21.17647059 750)
(800 21.17647059 750)
(818.1818182 21.17647059 750)
(836.3636364 21.17647059 750)
(854.5454545 21.17647059 750)
(872.7272727 21.17647059 750)
(890.9090909 21.17647059 750)
(909.0909091 21.17647059 750)
(927.2727273 21.17647059 750)
(945.4545455 21.17647059 750)
(963.6363636 21.17647059 750)
(981.8181818 21.17647059 750)
(1000 21.17647059 750)
(1018.181818 21.17647059 750)
(1036.363636 21.17647059 750)
(1054.545455 21.17647059 750)
(1072.727273 21.17647059 750)
(1090.909091 21.17647059 750)
(1109.090909 21.17647059 750)
(1127.272727 21.17647059 750)
(1145.454545 21.17647059 750)
(1163.636364 21.17647059 750)
(1181.818182 21.17647059 750)
(1200 21.17647059 750)
(1218.181818 21.17647059 750)
(1236.363636 21.17647059 750)
(1254.545455 21.17647059 750)
(1272.727273 21.17647059 750)
(1290.909091 21.17647059 750)
(1309.090909 21.17647059 750)
(1327.272727 21.17647059 750)
(1345.454545 21.17647059 750)
(1363.636364 21.17647059 750)
(1381.818182 21.17647059 750)
(1400 21.17647059 750)
(1418.181818 21.17647059 750)
(1436.363636 21.17647059 750)
(1454.545455 21.17647059 750)
(1472.727273 21.17647059 750)
(1490.909091 21.17647059 750)
(1509.090909 21.17647059 750)
(1527.272727 21.17647059 750)
(1545.454545 21.17647059 750)
(1563.636364 21.17647059 750)
(1581.818182 21.17647059 750)
(1600 21.17647059 750)
(1618.181818 21.17647059 750)
(1636.363636 21.17647059 750)
(1654.545455 21.17647059 750)
(1672.727273 21.17647059 750)
(1690.909091 21.17647059 750)
(1709.090909 21.17647059 750)
(1727.272727 21.17647059 750)
(1745.454545 21.17647059 750)
(1763.636364 21.17647059 750)
(1781.818182 21.17647059 750)
(1800 21.17647059 750)
(1818.181818 21.17647059 750)
(1836.363636 21.17647059 750)
(1854.545455 21.17647059 750)
(1872.727273 21.17647059 750)
(1890.909091 21.17647059 750)
(1909.090909 21.17647059 750)
(1927.272727 21.17647059 750)
(1945.454545 21.17647059 750)
(1963.636364 21.17647059 750)
(1981.818182 21.17647059 750)
(2000 21.17647059 750)
(0 22.35294118 750)
(18.18181818 22.35294118 750)
(36.36363636 22.35294118 750)
(54.54545455 22.35294118 750)
(72.72727273 22.35294118 750)
(90.90909091 22.35294118 750)
(109.0909091 22.35294118 750)
(127.2727273 22.35294118 750)
(145.4545455 22.35294118 750)
(163.6363636 22.35294118 750)
(181.8181818 22.35294118 750)
(200 22.35294118 750)
(218.1818182 22.35294118 750)
(236.3636364 22.35294118 750)
(254.5454545 22.35294118 750)
(272.7272727 22.35294118 750)
(290.9090909 22.35294118 750)
(309.0909091 22.35294118 750)
(327.2727273 22.35294118 750)
(345.4545455 22.35294118 750)
(363.6363636 22.35294118 750)
(381.8181818 22.35294118 750)
(400 22.35294118 750)
(418.1818182 22.35294118 750)
(436.3636364 22.35294118 750)
(454.5454545 22.35294118 750)
(472.7272727 22.35294118 750)
(490.9090909 22.35294118 750)
(509.0909091 22.35294118 750)
(527.2727273 22.35294118 750)
(545.4545455 22.35294118 750)
(563.6363636 22.35294118 750)
(581.8181818 22.35294118 750)
(600 22.35294118 750)
(618.1818182 22.35294118 750)
(636.3636364 22.35294118 750)
(654.5454545 22.35294118 750)
(672.7272727 22.35294118 750)
(690.9090909 22.35294118 750)
(709.0909091 22.35294118 750)
(727.2727273 22.35294118 750)
(745.4545455 22.35294118 750)
(763.6363636 22.35294118 750)
(781.8181818 22.35294118 750)
(800 22.35294118 750)
(818.1818182 22.35294118 750)
(836.3636364 22.35294118 750)
(854.5454545 22.35294118 750)
(872.7272727 22.35294118 750)
(890.9090909 22.35294118 750)
(909.0909091 22.35294118 750)
(927.2727273 22.35294118 750)
(945.4545455 22.35294118 750)
(963.6363636 22.35294118 750)
(981.8181818 22.35294118 750)
(1000 22.35294118 750)
(1018.181818 22.35294118 750)
(1036.363636 22.35294118 750)
(1054.545455 22.35294118 750)
(1072.727273 22.35294118 750)
(1090.909091 22.35294118 750)
(1109.090909 22.35294118 750)
(1127.272727 22.35294118 750)
(1145.454545 22.35294118 750)
(1163.636364 22.35294118 750)
(1181.818182 22.35294118 750)
(1200 22.35294118 750)
(1218.181818 22.35294118 750)
(1236.363636 22.35294118 750)
(1254.545455 22.35294118 750)
(1272.727273 22.35294118 750)
(1290.909091 22.35294118 750)
(1309.090909 22.35294118 750)
(1327.272727 22.35294118 750)
(1345.454545 22.35294118 750)
(1363.636364 22.35294118 750)
(1381.818182 22.35294118 750)
(1400 22.35294118 750)
(1418.181818 22.35294118 750)
(1436.363636 22.35294118 750)
(1454.545455 22.35294118 750)
(1472.727273 22.35294118 750)
(1490.909091 22.35294118 750)
(1509.090909 22.35294118 750)
(1527.272727 22.35294118 750)
(1545.454545 22.35294118 750)
(1563.636364 22.35294118 750)
(1581.818182 22.35294118 750)
(1600 22.35294118 750)
(1618.181818 22.35294118 750)
(1636.363636 22.35294118 750)
(1654.545455 22.35294118 750)
(1672.727273 22.35294118 750)
(1690.909091 22.35294118 750)
(1709.090909 22.35294118 750)
(1727.272727 22.35294118 750)
(1745.454545 22.35294118 750)
(1763.636364 22.35294118 750)
(1781.818182 22.35294118 750)
(1800 22.35294118 750)
(1818.181818 22.35294118 750)
(1836.363636 22.35294118 750)
(1854.545455 22.35294118 750)
(1872.727273 22.35294118 750)
(1890.909091 22.35294118 750)
(1909.090909 22.35294118 750)
(1927.272727 22.35294118 750)
(1945.454545 22.35294118 750)
(1963.636364 22.35294118 750)
(1981.818182 22.35294118 750)
(2000 22.35294118 750)
(0 23.52941176 750)
(18.18181818 23.52941176 750)
(36.36363636 23.52941176 750)
(54.54545455 23.52941176 750)
(72.72727273 23.52941176 750)
(90.90909091 23.52941176 750)
(109.0909091 23.52941176 750)
(127.2727273 23.52941176 750)
(145.4545455 23.52941176 750)
(163.6363636 23.52941176 750)
(181.8181818 23.52941176 750)
(200 23.52941176 750)
(218.1818182 23.52941176 750)
(236.3636364 23.52941176 750)
(254.5454545 23.52941176 750)
(272.7272727 23.52941176 750)
(290.9090909 23.52941176 750)
(309.0909091 23.52941176 750)
(327.2727273 23.52941176 750)
(345.4545455 23.52941176 750)
(363.6363636 23.52941176 750)
(381.8181818 23.52941176 750)
(400 23.52941176 750)
(418.1818182 23.52941176 750)
(436.3636364 23.52941176 750)
(454.5454545 23.52941176 750)
(472.7272727 23.52941176 750)
(490.9090909 23.52941176 750)
(509.0909091 23.52941176 750)
(527.2727273 23.52941176 750)
(545.4545455 23.52941176 750)
(563.6363636 23.52941176 750)
(581.8181818 23.52941176 750)
(600 23.52941176 750)
(618.1818182 23.52941176 750)
(636.3636364 23.52941176 750)
(654.5454545 23.52941176 750)
(672.7272727 23.52941176 750)
(690.9090909 23.52941176 750)
(709.0909091 23.52941176 750)
(727.2727273 23.52941176 750)
(745.4545455 23.52941176 750)
(763.6363636 23.52941176 750)
(781.8181818 23.52941176 750)
(800 23.52941176 750)
(818.1818182 23.52941176 750)
(836.3636364 23.52941176 750)
(854.5454545 23.52941176 750)
(872.7272727 23.52941176 750)
(890.9090909 23.52941176 750)
(909.0909091 23.52941176 750)
(927.2727273 23.52941176 750)
(945.4545455 23.52941176 750)
(963.6363636 23.52941176 750)
(981.8181818 23.52941176 750)
(1000 23.52941176 750)
(1018.181818 23.52941176 750)
(1036.363636 23.52941176 750)
(1054.545455 23.52941176 750)
(1072.727273 23.52941176 750)
(1090.909091 23.52941176 750)
(1109.090909 23.52941176 750)
(1127.272727 23.52941176 750)
(1145.454545 23.52941176 750)
(1163.636364 23.52941176 750)
(1181.818182 23.52941176 750)
(1200 23.52941176 750)
(1218.181818 23.52941176 750)
(1236.363636 23.52941176 750)
(1254.545455 23.52941176 750)
(1272.727273 23.52941176 750)
(1290.909091 23.52941176 750)
(1309.090909 23.52941176 750)
(1327.272727 23.52941176 750)
(1345.454545 23.52941176 750)
(1363.636364 23.52941176 750)
(1381.818182 23.52941176 750)
(1400 23.52941176 750)
(1418.181818 23.52941176 750)
(1436.363636 23.52941176 750)
(1454.545455 23.52941176 750)
(1472.727273 23.52941176 750)
(1490.909091 23.52941176 750)
(1509.090909 23.52941176 750)
(1527.272727 23.52941176 750)
(1545.454545 23.52941176 750)
(1563.636364 23.52941176 750)
(1581.818182 23.52941176 750)
(1600 23.52941176 750)
(1618.181818 23.52941176 750)
(1636.363636 23.52941176 750)
(1654.545455 23.52941176 750)
(1672.727273 23.52941176 750)
(1690.909091 23.52941176 750)
(1709.090909 23.52941176 750)
(1727.272727 23.52941176 750)
(1745.454545 23.52941176 750)
(1763.636364 23.52941176 750)
(1781.818182 23.52941176 750)
(1800 23.52941176 750)
(1818.181818 23.52941176 750)
(1836.363636 23.52941176 750)
(1854.545455 23.52941176 750)
(1872.727273 23.52941176 750)
(1890.909091 23.52941176 750)
(1909.090909 23.52941176 750)
(1927.272727 23.52941176 750)
(1945.454545 23.52941176 750)
(1963.636364 23.52941176 750)
(1981.818182 23.52941176 750)
(2000 23.52941176 750)
(0 24.70588235 750)
(18.18181818 24.70588235 750)
(36.36363636 24.70588235 750)
(54.54545455 24.70588235 750)
(72.72727273 24.70588235 750)
(90.90909091 24.70588235 750)
(109.0909091 24.70588235 750)
(127.2727273 24.70588235 750)
(145.4545455 24.70588235 750)
(163.6363636 24.70588235 750)
(181.8181818 24.70588235 750)
(200 24.70588235 750)
(218.1818182 24.70588235 750)
(236.3636364 24.70588235 750)
(254.5454545 24.70588235 750)
(272.7272727 24.70588235 750)
(290.9090909 24.70588235 750)
(309.0909091 24.70588235 750)
(327.2727273 24.70588235 750)
(345.4545455 24.70588235 750)
(363.6363636 24.70588235 750)
(381.8181818 24.70588235 750)
(400 24.70588235 750)
(418.1818182 24.70588235 750)
(436.3636364 24.70588235 750)
(454.5454545 24.70588235 750)
(472.7272727 24.70588235 750)
(490.9090909 24.70588235 750)
(509.0909091 24.70588235 750)
(527.2727273 24.70588235 750)
(545.4545455 24.70588235 750)
(563.6363636 24.70588235 750)
(581.8181818 24.70588235 750)
(600 24.70588235 750)
(618.1818182 24.70588235 750)
(636.3636364 24.70588235 750)
(654.5454545 24.70588235 750)
(672.7272727 24.70588235 750)
(690.9090909 24.70588235 750)
(709.0909091 24.70588235 750)
(727.2727273 24.70588235 750)
(745.4545455 24.70588235 750)
(763.6363636 24.70588235 750)
(781.8181818 24.70588235 750)
(800 24.70588235 750)
(818.1818182 24.70588235 750)
(836.3636364 24.70588235 750)
(854.5454545 24.70588235 750)
(872.7272727 24.70588235 750)
(890.9090909 24.70588235 750)
(909.0909091 24.70588235 750)
(927.2727273 24.70588235 750)
(945.4545455 24.70588235 750)
(963.6363636 24.70588235 750)
(981.8181818 24.70588235 750)
(1000 24.70588235 750)
(1018.181818 24.70588235 750)
(1036.363636 24.70588235 750)
(1054.545455 24.70588235 750)
(1072.727273 24.70588235 750)
(1090.909091 24.70588235 750)
(1109.090909 24.70588235 750)
(1127.272727 24.70588235 750)
(1145.454545 24.70588235 750)
(1163.636364 24.70588235 750)
(1181.818182 24.70588235 750)
(1200 24.70588235 750)
(1218.181818 24.70588235 750)
(1236.363636 24.70588235 750)
(1254.545455 24.70588235 750)
(1272.727273 24.70588235 750)
(1290.909091 24.70588235 750)
(1309.090909 24.70588235 750)
(1327.272727 24.70588235 750)
(1345.454545 24.70588235 750)
(1363.636364 24.70588235 750)
(1381.818182 24.70588235 750)
(1400 24.70588235 750)
(1418.181818 24.70588235 750)
(1436.363636 24.70588235 750)
(1454.545455 24.70588235 750)
(1472.727273 24.70588235 750)
(1490.909091 24.70588235 750)
(1509.090909 24.70588235 750)
(1527.272727 24.70588235 750)
(1545.454545 24.70588235 750)
(1563.636364 24.70588235 750)
(1581.818182 24.70588235 750)
(1600 24.70588235 750)
(1618.181818 24.70588235 750)
(1636.363636 24.70588235 750)
(1654.545455 24.70588235 750)
(1672.727273 24.70588235 750)
(1690.909091 24.70588235 750)
(1709.090909 24.70588235 750)
(1727.272727 24.70588235 750)
(1745.454545 24.70588235 750)
(1763.636364 24.70588235 750)
(1781.818182 24.70588235 750)
(1800 24.70588235 750)
(1818.181818 24.70588235 750)
(1836.363636 24.70588235 750)
(1854.545455 24.70588235 750)
(1872.727273 24.70588235 750)
(1890.909091 24.70588235 750)
(1909.090909 24.70588235 750)
(1927.272727 24.70588235 750)
(1945.454545 24.70588235 750)
(1963.636364 24.70588235 750)
(1981.818182 24.70588235 750)
(2000 24.70588235 750)
(0 25.88235294 750)
(18.18181818 25.88235294 750)
(36.36363636 25.88235294 750)
(54.54545455 25.88235294 750)
(72.72727273 25.88235294 750)
(90.90909091 25.88235294 750)
(109.0909091 25.88235294 750)
(127.2727273 25.88235294 750)
(145.4545455 25.88235294 750)
(163.6363636 25.88235294 750)
(181.8181818 25.88235294 750)
(200 25.88235294 750)
(218.1818182 25.88235294 750)
(236.3636364 25.88235294 750)
(254.5454545 25.88235294 750)
(272.7272727 25.88235294 750)
(290.9090909 25.88235294 750)
(309.0909091 25.88235294 750)
(327.2727273 25.88235294 750)
(345.4545455 25.88235294 750)
(363.6363636 25.88235294 750)
(381.8181818 25.88235294 750)
(400 25.88235294 750)
(418.1818182 25.88235294 750)
(436.3636364 25.88235294 750)
(454.5454545 25.88235294 750)
(472.7272727 25.88235294 750)
(490.9090909 25.88235294 750)
(509.0909091 25.88235294 750)
(527.2727273 25.88235294 750)
(545.4545455 25.88235294 750)
(563.6363636 25.88235294 750)
(581.8181818 25.88235294 750)
(600 25.88235294 750)
(618.1818182 25.88235294 750)
(636.3636364 25.88235294 750)
(654.5454545 25.88235294 750)
(672.7272727 25.88235294 750)
(690.9090909 25.88235294 750)
(709.0909091 25.88235294 750)
(727.2727273 25.88235294 750)
(745.4545455 25.88235294 750)
(763.6363636 25.88235294 750)
(781.8181818 25.88235294 750)
(800 25.88235294 750)
(818.1818182 25.88235294 750)
(836.3636364 25.88235294 750)
(854.5454545 25.88235294 750)
(872.7272727 25.88235294 750)
(890.9090909 25.88235294 750)
(909.0909091 25.88235294 750)
(927.2727273 25.88235294 750)
(945.4545455 25.88235294 750)
(963.6363636 25.88235294 750)
(981.8181818 25.88235294 750)
(1000 25.88235294 750)
(1018.181818 25.88235294 750)
(1036.363636 25.88235294 750)
(1054.545455 25.88235294 750)
(1072.727273 25.88235294 750)
(1090.909091 25.88235294 750)
(1109.090909 25.88235294 750)
(1127.272727 25.88235294 750)
(1145.454545 25.88235294 750)
(1163.636364 25.88235294 750)
(1181.818182 25.88235294 750)
(1200 25.88235294 750)
(1218.181818 25.88235294 750)
(1236.363636 25.88235294 750)
(1254.545455 25.88235294 750)
(1272.727273 25.88235294 750)
(1290.909091 25.88235294 750)
(1309.090909 25.88235294 750)
(1327.272727 25.88235294 750)
(1345.454545 25.88235294 750)
(1363.636364 25.88235294 750)
(1381.818182 25.88235294 750)
(1400 25.88235294 750)
(1418.181818 25.88235294 750)
(1436.363636 25.88235294 750)
(1454.545455 25.88235294 750)
(1472.727273 25.88235294 750)
(1490.909091 25.88235294 750)
(1509.090909 25.88235294 750)
(1527.272727 25.88235294 750)
(1545.454545 25.88235294 750)
(1563.636364 25.88235294 750)
(1581.818182 25.88235294 750)
(1600 25.88235294 750)
(1618.181818 25.88235294 750)
(1636.363636 25.88235294 750)
(1654.545455 25.88235294 750)
(1672.727273 25.88235294 750)
(1690.909091 25.88235294 750)
(1709.090909 25.88235294 750)
(1727.272727 25.88235294 750)
(1745.454545 25.88235294 750)
(1763.636364 25.88235294 750)
(1781.818182 25.88235294 750)
(1800 25.88235294 750)
(1818.181818 25.88235294 750)
(1836.363636 25.88235294 750)
(1854.545455 25.88235294 750)
(1872.727273 25.88235294 750)
(1890.909091 25.88235294 750)
(1909.090909 25.88235294 750)
(1927.272727 25.88235294 750)
(1945.454545 25.88235294 750)
(1963.636364 25.88235294 750)
(1981.818182 25.88235294 750)
(2000 25.88235294 750)
(0 27.05882353 750)
(18.18181818 27.05882353 750)
(36.36363636 27.05882353 750)
(54.54545455 27.05882353 750)
(72.72727273 27.05882353 750)
(90.90909091 27.05882353 750)
(109.0909091 27.05882353 750)
(127.2727273 27.05882353 750)
(145.4545455 27.05882353 750)
(163.6363636 27.05882353 750)
(181.8181818 27.05882353 750)
(200 27.05882353 750)
(218.1818182 27.05882353 750)
(236.3636364 27.05882353 750)
(254.5454545 27.05882353 750)
(272.7272727 27.05882353 750)
(290.9090909 27.05882353 750)
(309.0909091 27.05882353 750)
(327.2727273 27.05882353 750)
(345.4545455 27.05882353 750)
(363.6363636 27.05882353 750)
(381.8181818 27.05882353 750)
(400 27.05882353 750)
(418.1818182 27.05882353 750)
(436.3636364 27.05882353 750)
(454.5454545 27.05882353 750)
(472.7272727 27.05882353 750)
(490.9090909 27.05882353 750)
(509.0909091 27.05882353 750)
(527.2727273 27.05882353 750)
(545.4545455 27.05882353 750)
(563.6363636 27.05882353 750)
(581.8181818 27.05882353 750)
(600 27.05882353 750)
(618.1818182 27.05882353 750)
(636.3636364 27.05882353 750)
(654.5454545 27.05882353 750)
(672.7272727 27.05882353 750)
(690.9090909 27.05882353 750)
(709.0909091 27.05882353 750)
(727.2727273 27.05882353 750)
(745.4545455 27.05882353 750)
(763.6363636 27.05882353 750)
(781.8181818 27.05882353 750)
(800 27.05882353 750)
(818.1818182 27.05882353 750)
(836.3636364 27.05882353 750)
(854.5454545 27.05882353 750)
(872.7272727 27.05882353 750)
(890.9090909 27.05882353 750)
(909.0909091 27.05882353 750)
(927.2727273 27.05882353 750)
(945.4545455 27.05882353 750)
(963.6363636 27.05882353 750)
(981.8181818 27.05882353 750)
(1000 27.05882353 750)
(1018.181818 27.05882353 750)
(1036.363636 27.05882353 750)
(1054.545455 27.05882353 750)
(1072.727273 27.05882353 750)
(1090.909091 27.05882353 750)
(1109.090909 27.05882353 750)
(1127.272727 27.05882353 750)
(1145.454545 27.05882353 750)
(1163.636364 27.05882353 750)
(1181.818182 27.05882353 750)
(1200 27.05882353 750)
(1218.181818 27.05882353 750)
(1236.363636 27.05882353 750)
(1254.545455 27.05882353 750)
(1272.727273 27.05882353 750)
(1290.909091 27.05882353 750)
(1309.090909 27.05882353 750)
(1327.272727 27.05882353 750)
(1345.454545 27.05882353 750)
(1363.636364 27.05882353 750)
(1381.818182 27.05882353 750)
(1400 27.05882353 750)
(1418.181818 27.05882353 750)
(1436.363636 27.05882353 750)
(1454.545455 27.05882353 750)
(1472.727273 27.05882353 750)
(1490.909091 27.05882353 750)
(1509.090909 27.05882353 750)
(1527.272727 27.05882353 750)
(1545.454545 27.05882353 750)
(1563.636364 27.05882353 750)
(1581.818182 27.05882353 750)
(1600 27.05882353 750)
(1618.181818 27.05882353 750)
(1636.363636 27.05882353 750)
(1654.545455 27.05882353 750)
(1672.727273 27.05882353 750)
(1690.909091 27.05882353 750)
(1709.090909 27.05882353 750)
(1727.272727 27.05882353 750)
(1745.454545 27.05882353 750)
(1763.636364 27.05882353 750)
(1781.818182 27.05882353 750)
(1800 27.05882353 750)
(1818.181818 27.05882353 750)
(1836.363636 27.05882353 750)
(1854.545455 27.05882353 750)
(1872.727273 27.05882353 750)
(1890.909091 27.05882353 750)
(1909.090909 27.05882353 750)
(1927.272727 27.05882353 750)
(1945.454545 27.05882353 750)
(1963.636364 27.05882353 750)
(1981.818182 27.05882353 750)
(2000 27.05882353 750)
(0 28.23529412 750)
(18.18181818 28.23529412 750)
(36.36363636 28.23529412 750)
(54.54545455 28.23529412 750)
(72.72727273 28.23529412 750)
(90.90909091 28.23529412 750)
(109.0909091 28.23529412 750)
(127.2727273 28.23529412 750)
(145.4545455 28.23529412 750)
(163.6363636 28.23529412 750)
(181.8181818 28.23529412 750)
(200 28.23529412 750)
(218.1818182 28.23529412 750)
(236.3636364 28.23529412 750)
(254.5454545 28.23529412 750)
(272.7272727 28.23529412 750)
(290.9090909 28.23529412 750)
(309.0909091 28.23529412 750)
(327.2727273 28.23529412 750)
(345.4545455 28.23529412 750)
(363.6363636 28.23529412 750)
(381.8181818 28.23529412 750)
(400 28.23529412 750)
(418.1818182 28.23529412 750)
(436.3636364 28.23529412 750)
(454.5454545 28.23529412 750)
(472.7272727 28.23529412 750)
(490.9090909 28.23529412 750)
(509.0909091 28.23529412 750)
(527.2727273 28.23529412 750)
(545.4545455 28.23529412 750)
(563.6363636 28.23529412 750)
(581.8181818 28.23529412 750)
(600 28.23529412 750)
(618.1818182 28.23529412 750)
(636.3636364 28.23529412 750)
(654.5454545 28.23529412 750)
(672.7272727 28.23529412 750)
(690.9090909 28.23529412 750)
(709.0909091 28.23529412 750)
(727.2727273 28.23529412 750)
(745.4545455 28.23529412 750)
(763.6363636 28.23529412 750)
(781.8181818 28.23529412 750)
(800 28.23529412 750)
(818.1818182 28.23529412 750)
(836.3636364 28.23529412 750)
(854.5454545 28.23529412 750)
(872.7272727 28.23529412 750)
(890.9090909 28.23529412 750)
(909.0909091 28.23529412 750)
(927.2727273 28.23529412 750)
(945.4545455 28.23529412 750)
(963.6363636 28.23529412 750)
(981.8181818 28.23529412 750)
(1000 28.23529412 750)
(1018.181818 28.23529412 750)
(1036.363636 28.23529412 750)
(1054.545455 28.23529412 750)
(1072.727273 28.23529412 750)
(1090.909091 28.23529412 750)
(1109.090909 28.23529412 750)
(1127.272727 28.23529412 750)
(1145.454545 28.23529412 750)
(1163.636364 28.23529412 750)
(1181.818182 28.23529412 750)
(1200 28.23529412 750)
(1218.181818 28.23529412 750)
(1236.363636 28.23529412 750)
(1254.545455 28.23529412 750)
(1272.727273 28.23529412 750)
(1290.909091 28.23529412 750)
(1309.090909 28.23529412 750)
(1327.272727 28.23529412 750)
(1345.454545 28.23529412 750)
(1363.636364 28.23529412 750)
(1381.818182 28.23529412 750)
(1400 28.23529412 750)
(1418.181818 28.23529412 750)
(1436.363636 28.23529412 750)
(1454.545455 28.23529412 750)
(1472.727273 28.23529412 750)
(1490.909091 28.23529412 750)
(1509.090909 28.23529412 750)
(1527.272727 28.23529412 750)
(1545.454545 28.23529412 750)
(1563.636364 28.23529412 750)
(1581.818182 28.23529412 750)
(1600 28.23529412 750)
(1618.181818 28.23529412 750)
(1636.363636 28.23529412 750)
(1654.545455 28.23529412 750)
(1672.727273 28.23529412 750)
(1690.909091 28.23529412 750)
(1709.090909 28.23529412 750)
(1727.272727 28.23529412 750)
(1745.454545 28.23529412 750)
(1763.636364 28.23529412 750)
(1781.818182 28.23529412 750)
(1800 28.23529412 750)
(1818.181818 28.23529412 750)
(1836.363636 28.23529412 750)
(1854.545455 28.23529412 750)
(1872.727273 28.23529412 750)
(1890.909091 28.23529412 750)
(1909.090909 28.23529412 750)
(1927.272727 28.23529412 750)
(1945.454545 28.23529412 750)
(1963.636364 28.23529412 750)
(1981.818182 28.23529412 750)
(2000 28.23529412 750)
(0 29.41176471 750)
(18.18181818 29.41176471 750)
(36.36363636 29.41176471 750)
(54.54545455 29.41176471 750)
(72.72727273 29.41176471 750)
(90.90909091 29.41176471 750)
(109.0909091 29.41176471 750)
(127.2727273 29.41176471 750)
(145.4545455 29.41176471 750)
(163.6363636 29.41176471 750)
(181.8181818 29.41176471 750)
(200 29.41176471 750)
(218.1818182 29.41176471 750)
(236.3636364 29.41176471 750)
(254.5454545 29.41176471 750)
(272.7272727 29.41176471 750)
(290.9090909 29.41176471 750)
(309.0909091 29.41176471 750)
(327.2727273 29.41176471 750)
(345.4545455 29.41176471 750)
(363.6363636 29.41176471 750)
(381.8181818 29.41176471 750)
(400 29.41176471 750)
(418.1818182 29.41176471 750)
(436.3636364 29.41176471 750)
(454.5454545 29.41176471 750)
(472.7272727 29.41176471 750)
(490.9090909 29.41176471 750)
(509.0909091 29.41176471 750)
(527.2727273 29.41176471 750)
(545.4545455 29.41176471 750)
(563.6363636 29.41176471 750)
(581.8181818 29.41176471 750)
(600 29.41176471 750)
(618.1818182 29.41176471 750)
(636.3636364 29.41176471 750)
(654.5454545 29.41176471 750)
(672.7272727 29.41176471 750)
(690.9090909 29.41176471 750)
(709.0909091 29.41176471 750)
(727.2727273 29.41176471 750)
(745.4545455 29.41176471 750)
(763.6363636 29.41176471 750)
(781.8181818 29.41176471 750)
(800 29.41176471 750)
(818.1818182 29.41176471 750)
(836.3636364 29.41176471 750)
(854.5454545 29.41176471 750)
(872.7272727 29.41176471 750)
(890.9090909 29.41176471 750)
(909.0909091 29.41176471 750)
(927.2727273 29.41176471 750)
(945.4545455 29.41176471 750)
(963.6363636 29.41176471 750)
(981.8181818 29.41176471 750)
(1000 29.41176471 750)
(1018.181818 29.41176471 750)
(1036.363636 29.41176471 750)
(1054.545455 29.41176471 750)
(1072.727273 29.41176471 750)
(1090.909091 29.41176471 750)
(1109.090909 29.41176471 750)
(1127.272727 29.41176471 750)
(1145.454545 29.41176471 750)
(1163.636364 29.41176471 750)
(1181.818182 29.41176471 750)
(1200 29.41176471 750)
(1218.181818 29.41176471 750)
(1236.363636 29.41176471 750)
(1254.545455 29.41176471 750)
(1272.727273 29.41176471 750)
(1290.909091 29.41176471 750)
(1309.090909 29.41176471 750)
(1327.272727 29.41176471 750)
(1345.454545 29.41176471 750)
(1363.636364 29.41176471 750)
(1381.818182 29.41176471 750)
(1400 29.41176471 750)
(1418.181818 29.41176471 750)
(1436.363636 29.41176471 750)
(1454.545455 29.41176471 750)
(1472.727273 29.41176471 750)
(1490.909091 29.41176471 750)
(1509.090909 29.41176471 750)
(1527.272727 29.41176471 750)
(1545.454545 29.41176471 750)
(1563.636364 29.41176471 750)
(1581.818182 29.41176471 750)
(1600 29.41176471 750)
(1618.181818 29.41176471 750)
(1636.363636 29.41176471 750)
(1654.545455 29.41176471 750)
(1672.727273 29.41176471 750)
(1690.909091 29.41176471 750)
(1709.090909 29.41176471 750)
(1727.272727 29.41176471 750)
(1745.454545 29.41176471 750)
(1763.636364 29.41176471 750)
(1781.818182 29.41176471 750)
(1800 29.41176471 750)
(1818.181818 29.41176471 750)
(1836.363636 29.41176471 750)
(1854.545455 29.41176471 750)
(1872.727273 29.41176471 750)
(1890.909091 29.41176471 750)
(1909.090909 29.41176471 750)
(1927.272727 29.41176471 750)
(1945.454545 29.41176471 750)
(1963.636364 29.41176471 750)
(1981.818182 29.41176471 750)
(2000 29.41176471 750)
(0 30.58823529 750)
(18.18181818 30.58823529 750)
(36.36363636 30.58823529 750)
(54.54545455 30.58823529 750)
(72.72727273 30.58823529 750)
(90.90909091 30.58823529 750)
(109.0909091 30.58823529 750)
(127.2727273 30.58823529 750)
(145.4545455 30.58823529 750)
(163.6363636 30.58823529 750)
(181.8181818 30.58823529 750)
(200 30.58823529 750)
(218.1818182 30.58823529 750)
(236.3636364 30.58823529 750)
(254.5454545 30.58823529 750)
(272.7272727 30.58823529 750)
(290.9090909 30.58823529 750)
(309.0909091 30.58823529 750)
(327.2727273 30.58823529 750)
(345.4545455 30.58823529 750)
(363.6363636 30.58823529 750)
(381.8181818 30.58823529 750)
(400 30.58823529 750)
(418.1818182 30.58823529 750)
(436.3636364 30.58823529 750)
(454.5454545 30.58823529 750)
(472.7272727 30.58823529 750)
(490.9090909 30.58823529 750)
(509.0909091 30.58823529 750)
(527.2727273 30.58823529 750)
(545.4545455 30.58823529 750)
(563.6363636 30.58823529 750)
(581.8181818 30.58823529 750)
(600 30.58823529 750)
(618.1818182 30.58823529 750)
(636.3636364 30.58823529 750)
(654.5454545 30.58823529 750)
(672.7272727 30.58823529 750)
(690.9090909 30.58823529 750)
(709.0909091 30.58823529 750)
(727.2727273 30.58823529 750)
(745.4545455 30.58823529 750)
(763.6363636 30.58823529 750)
(781.8181818 30.58823529 750)
(800 30.58823529 750)
(818.1818182 30.58823529 750)
(836.3636364 30.58823529 750)
(854.5454545 30.58823529 750)
(872.7272727 30.58823529 750)
(890.9090909 30.58823529 750)
(909.0909091 30.58823529 750)
(927.2727273 30.58823529 750)
(945.4545455 30.58823529 750)
(963.6363636 30.58823529 750)
(981.8181818 30.58823529 750)
(1000 30.58823529 750)
(1018.181818 30.58823529 750)
(1036.363636 30.58823529 750)
(1054.545455 30.58823529 750)
(1072.727273 30.58823529 750)
(1090.909091 30.58823529 750)
(1109.090909 30.58823529 750)
(1127.272727 30.58823529 750)
(1145.454545 30.58823529 750)
(1163.636364 30.58823529 750)
(1181.818182 30.58823529 750)
(1200 30.58823529 750)
(1218.181818 30.58823529 750)
(1236.363636 30.58823529 750)
(1254.545455 30.58823529 750)
(1272.727273 30.58823529 750)
(1290.909091 30.58823529 750)
(1309.090909 30.58823529 750)
(1327.272727 30.58823529 750)
(1345.454545 30.58823529 750)
(1363.636364 30.58823529 750)
(1381.818182 30.58823529 750)
(1400 30.58823529 750)
(1418.181818 30.58823529 750)
(1436.363636 30.58823529 750)
(1454.545455 30.58823529 750)
(1472.727273 30.58823529 750)
(1490.909091 30.58823529 750)
(1509.090909 30.58823529 750)
(1527.272727 30.58823529 750)
(1545.454545 30.58823529 750)
(1563.636364 30.58823529 750)
(1581.818182 30.58823529 750)
(1600 30.58823529 750)
(1618.181818 30.58823529 750)
(1636.363636 30.58823529 750)
(1654.545455 30.58823529 750)
(1672.727273 30.58823529 750)
(1690.909091 30.58823529 750)
(1709.090909 30.58823529 750)
(1727.272727 30.58823529 750)
(1745.454545 30.58823529 750)
(1763.636364 30.58823529 750)
(1781.818182 30.58823529 750)
(1800 30.58823529 750)
(1818.181818 30.58823529 750)
(1836.363636 30.58823529 750)
(1854.545455 30.58823529 750)
(1872.727273 30.58823529 750)
(1890.909091 30.58823529 750)
(1909.090909 30.58823529 750)
(1927.272727 30.58823529 750)
(1945.454545 30.58823529 750)
(1963.636364 30.58823529 750)
(1981.818182 30.58823529 750)
(2000 30.58823529 750)
(0 31.76470588 750)
(18.18181818 31.76470588 750)
(36.36363636 31.76470588 750)
(54.54545455 31.76470588 750)
(72.72727273 31.76470588 750)
(90.90909091 31.76470588 750)
(109.0909091 31.76470588 750)
(127.2727273 31.76470588 750)
(145.4545455 31.76470588 750)
(163.6363636 31.76470588 750)
(181.8181818 31.76470588 750)
(200 31.76470588 750)
(218.1818182 31.76470588 750)
(236.3636364 31.76470588 750)
(254.5454545 31.76470588 750)
(272.7272727 31.76470588 750)
(290.9090909 31.76470588 750)
(309.0909091 31.76470588 750)
(327.2727273 31.76470588 750)
(345.4545455 31.76470588 750)
(363.6363636 31.76470588 750)
(381.8181818 31.76470588 750)
(400 31.76470588 750)
(418.1818182 31.76470588 750)
(436.3636364 31.76470588 750)
(454.5454545 31.76470588 750)
(472.7272727 31.76470588 750)
(490.9090909 31.76470588 750)
(509.0909091 31.76470588 750)
(527.2727273 31.76470588 750)
(545.4545455 31.76470588 750)
(563.6363636 31.76470588 750)
(581.8181818 31.76470588 750)
(600 31.76470588 750)
(618.1818182 31.76470588 750)
(636.3636364 31.76470588 750)
(654.5454545 31.76470588 750)
(672.7272727 31.76470588 750)
(690.9090909 31.76470588 750)
(709.0909091 31.76470588 750)
(727.2727273 31.76470588 750)
(745.4545455 31.76470588 750)
(763.6363636 31.76470588 750)
(781.8181818 31.76470588 750)
(800 31.76470588 750)
(818.1818182 31.76470588 750)
(836.3636364 31.76470588 750)
(854.5454545 31.76470588 750)
(872.7272727 31.76470588 750)
(890.9090909 31.76470588 750)
(909.0909091 31.76470588 750)
(927.2727273 31.76470588 750)
(945.4545455 31.76470588 750)
(963.6363636 31.76470588 750)
(981.8181818 31.76470588 750)
(1000 31.76470588 750)
(1018.181818 31.76470588 750)
(1036.363636 31.76470588 750)
(1054.545455 31.76470588 750)
(1072.727273 31.76470588 750)
(1090.909091 31.76470588 750)
(1109.090909 31.76470588 750)
(1127.272727 31.76470588 750)
(1145.454545 31.76470588 750)
(1163.636364 31.76470588 750)
(1181.818182 31.76470588 750)
(1200 31.76470588 750)
(1218.181818 31.76470588 750)
(1236.363636 31.76470588 750)
(1254.545455 31.76470588 750)
(1272.727273 31.76470588 750)
(1290.909091 31.76470588 750)
(1309.090909 31.76470588 750)
(1327.272727 31.76470588 750)
(1345.454545 31.76470588 750)
(1363.636364 31.76470588 750)
(1381.818182 31.76470588 750)
(1400 31.76470588 750)
(1418.181818 31.76470588 750)
(1436.363636 31.76470588 750)
(1454.545455 31.76470588 750)
(1472.727273 31.76470588 750)
(1490.909091 31.76470588 750)
(1509.090909 31.76470588 750)
(1527.272727 31.76470588 750)
(1545.454545 31.76470588 750)
(1563.636364 31.76470588 750)
(1581.818182 31.76470588 750)
(1600 31.76470588 750)
(1618.181818 31.76470588 750)
(1636.363636 31.76470588 750)
(1654.545455 31.76470588 750)
(1672.727273 31.76470588 750)
(1690.909091 31.76470588 750)
(1709.090909 31.76470588 750)
(1727.272727 31.76470588 750)
(1745.454545 31.76470588 750)
(1763.636364 31.76470588 750)
(1781.818182 31.76470588 750)
(1800 31.76470588 750)
(1818.181818 31.76470588 750)
(1836.363636 31.76470588 750)
(1854.545455 31.76470588 750)
(1872.727273 31.76470588 750)
(1890.909091 31.76470588 750)
(1909.090909 31.76470588 750)
(1927.272727 31.76470588 750)
(1945.454545 31.76470588 750)
(1963.636364 31.76470588 750)
(1981.818182 31.76470588 750)
(2000 31.76470588 750)
(0 32.94117647 750)
(18.18181818 32.94117647 750)
(36.36363636 32.94117647 750)
(54.54545455 32.94117647 750)
(72.72727273 32.94117647 750)
(90.90909091 32.94117647 750)
(109.0909091 32.94117647 750)
(127.2727273 32.94117647 750)
(145.4545455 32.94117647 750)
(163.6363636 32.94117647 750)
(181.8181818 32.94117647 750)
(200 32.94117647 750)
(218.1818182 32.94117647 750)
(236.3636364 32.94117647 750)
(254.5454545 32.94117647 750)
(272.7272727 32.94117647 750)
(290.9090909 32.94117647 750)
(309.0909091 32.94117647 750)
(327.2727273 32.94117647 750)
(345.4545455 32.94117647 750)
(363.6363636 32.94117647 750)
(381.8181818 32.94117647 750)
(400 32.94117647 750)
(418.1818182 32.94117647 750)
(436.3636364 32.94117647 750)
(454.5454545 32.94117647 750)
(472.7272727 32.94117647 750)
(490.9090909 32.94117647 750)
(509.0909091 32.94117647 750)
(527.2727273 32.94117647 750)
(545.4545455 32.94117647 750)
(563.6363636 32.94117647 750)
(581.8181818 32.94117647 750)
(600 32.94117647 750)
(618.1818182 32.94117647 750)
(636.3636364 32.94117647 750)
(654.5454545 32.94117647 750)
(672.7272727 32.94117647 750)
(690.9090909 32.94117647 750)
(709.0909091 32.94117647 750)
(727.2727273 32.94117647 750)
(745.4545455 32.94117647 750)
(763.6363636 32.94117647 750)
(781.8181818 32.94117647 750)
(800 32.94117647 750)
(818.1818182 32.94117647 750)
(836.3636364 32.94117647 750)
(854.5454545 32.94117647 750)
(872.7272727 32.94117647 750)
(890.9090909 32.94117647 750)
(909.0909091 32.94117647 750)
(927.2727273 32.94117647 750)
(945.4545455 32.94117647 750)
(963.6363636 32.94117647 750)
(981.8181818 32.94117647 750)
(1000 32.94117647 750)
(1018.181818 32.94117647 750)
(1036.363636 32.94117647 750)
(1054.545455 32.94117647 750)
(1072.727273 32.94117647 750)
(1090.909091 32.94117647 750)
(1109.090909 32.94117647 750)
(1127.272727 32.94117647 750)
(1145.454545 32.94117647 750)
(1163.636364 32.94117647 750)
(1181.818182 32.94117647 750)
(1200 32.94117647 750)
(1218.181818 32.94117647 750)
(1236.363636 32.94117647 750)
(1254.545455 32.94117647 750)
(1272.727273 32.94117647 750)
(1290.909091 32.94117647 750)
(1309.090909 32.94117647 750)
(1327.272727 32.94117647 750)
(1345.454545 32.94117647 750)
(1363.636364 32.94117647 750)
(1381.818182 32.94117647 750)
(1400 32.94117647 750)
(1418.181818 32.94117647 750)
(1436.363636 32.94117647 750)
(1454.545455 32.94117647 750)
(1472.727273 32.94117647 750)
(1490.909091 32.94117647 750)
(1509.090909 32.94117647 750)
(1527.272727 32.94117647 750)
(1545.454545 32.94117647 750)
(1563.636364 32.94117647 750)
(1581.818182 32.94117647 750)
(1600 32.94117647 750)
(1618.181818 32.94117647 750)
(1636.363636 32.94117647 750)
(1654.545455 32.94117647 750)
(1672.727273 32.94117647 750)
(1690.909091 32.94117647 750)
(1709.090909 32.94117647 750)
(1727.272727 32.94117647 750)
(1745.454545 32.94117647 750)
(1763.636364 32.94117647 750)
(1781.818182 32.94117647 750)
(1800 32.94117647 750)
(1818.181818 32.94117647 750)
(1836.363636 32.94117647 750)
(1854.545455 32.94117647 750)
(1872.727273 32.94117647 750)
(1890.909091 32.94117647 750)
(1909.090909 32.94117647 750)
(1927.272727 32.94117647 750)
(1945.454545 32.94117647 750)
(1963.636364 32.94117647 750)
(1981.818182 32.94117647 750)
(2000 32.94117647 750)
(0 34.11764706 750)
(18.18181818 34.11764706 750)
(36.36363636 34.11764706 750)
(54.54545455 34.11764706 750)
(72.72727273 34.11764706 750)
(90.90909091 34.11764706 750)
(109.0909091 34.11764706 750)
(127.2727273 34.11764706 750)
(145.4545455 34.11764706 750)
(163.6363636 34.11764706 750)
(181.8181818 34.11764706 750)
(200 34.11764706 750)
(218.1818182 34.11764706 750)
(236.3636364 34.11764706 750)
(254.5454545 34.11764706 750)
(272.7272727 34.11764706 750)
(290.9090909 34.11764706 750)
(309.0909091 34.11764706 750)
(327.2727273 34.11764706 750)
(345.4545455 34.11764706 750)
(363.6363636 34.11764706 750)
(381.8181818 34.11764706 750)
(400 34.11764706 750)
(418.1818182 34.11764706 750)
(436.3636364 34.11764706 750)
(454.5454545 34.11764706 750)
(472.7272727 34.11764706 750)
(490.9090909 34.11764706 750)
(509.0909091 34.11764706 750)
(527.2727273 34.11764706 750)
(545.4545455 34.11764706 750)
(563.6363636 34.11764706 750)
(581.8181818 34.11764706 750)
(600 34.11764706 750)
(618.1818182 34.11764706 750)
(636.3636364 34.11764706 750)
(654.5454545 34.11764706 750)
(672.7272727 34.11764706 750)
(690.9090909 34.11764706 750)
(709.0909091 34.11764706 750)
(727.2727273 34.11764706 750)
(745.4545455 34.11764706 750)
(763.6363636 34.11764706 750)
(781.8181818 34.11764706 750)
(800 34.11764706 750)
(818.1818182 34.11764706 750)
(836.3636364 34.11764706 750)
(854.5454545 34.11764706 750)
(872.7272727 34.11764706 750)
(890.9090909 34.11764706 750)
(909.0909091 34.11764706 750)
(927.2727273 34.11764706 750)
(945.4545455 34.11764706 750)
(963.6363636 34.11764706 750)
(981.8181818 34.11764706 750)
(1000 34.11764706 750)
(1018.181818 34.11764706 750)
(1036.363636 34.11764706 750)
(1054.545455 34.11764706 750)
(1072.727273 34.11764706 750)
(1090.909091 34.11764706 750)
(1109.090909 34.11764706 750)
(1127.272727 34.11764706 750)
(1145.454545 34.11764706 750)
(1163.636364 34.11764706 750)
(1181.818182 34.11764706 750)
(1200 34.11764706 750)
(1218.181818 34.11764706 750)
(1236.363636 34.11764706 750)
(1254.545455 34.11764706 750)
(1272.727273 34.11764706 750)
(1290.909091 34.11764706 750)
(1309.090909 34.11764706 750)
(1327.272727 34.11764706 750)
(1345.454545 34.11764706 750)
(1363.636364 34.11764706 750)
(1381.818182 34.11764706 750)
(1400 34.11764706 750)
(1418.181818 34.11764706 750)
(1436.363636 34.11764706 750)
(1454.545455 34.11764706 750)
(1472.727273 34.11764706 750)
(1490.909091 34.11764706 750)
(1509.090909 34.11764706 750)
(1527.272727 34.11764706 750)
(1545.454545 34.11764706 750)
(1563.636364 34.11764706 750)
(1581.818182 34.11764706 750)
(1600 34.11764706 750)
(1618.181818 34.11764706 750)
(1636.363636 34.11764706 750)
(1654.545455 34.11764706 750)
(1672.727273 34.11764706 750)
(1690.909091 34.11764706 750)
(1709.090909 34.11764706 750)
(1727.272727 34.11764706 750)
(1745.454545 34.11764706 750)
(1763.636364 34.11764706 750)
(1781.818182 34.11764706 750)
(1800 34.11764706 750)
(1818.181818 34.11764706 750)
(1836.363636 34.11764706 750)
(1854.545455 34.11764706 750)
(1872.727273 34.11764706 750)
(1890.909091 34.11764706 750)
(1909.090909 34.11764706 750)
(1927.272727 34.11764706 750)
(1945.454545 34.11764706 750)
(1963.636364 34.11764706 750)
(1981.818182 34.11764706 750)
(2000 34.11764706 750)
(0 35.29411765 750)
(18.18181818 35.29411765 750)
(36.36363636 35.29411765 750)
(54.54545455 35.29411765 750)
(72.72727273 35.29411765 750)
(90.90909091 35.29411765 750)
(109.0909091 35.29411765 750)
(127.2727273 35.29411765 750)
(145.4545455 35.29411765 750)
(163.6363636 35.29411765 750)
(181.8181818 35.29411765 750)
(200 35.29411765 750)
(218.1818182 35.29411765 750)
(236.3636364 35.29411765 750)
(254.5454545 35.29411765 750)
(272.7272727 35.29411765 750)
(290.9090909 35.29411765 750)
(309.0909091 35.29411765 750)
(327.2727273 35.29411765 750)
(345.4545455 35.29411765 750)
(363.6363636 35.29411765 750)
(381.8181818 35.29411765 750)
(400 35.29411765 750)
(418.1818182 35.29411765 750)
(436.3636364 35.29411765 750)
(454.5454545 35.29411765 750)
(472.7272727 35.29411765 750)
(490.9090909 35.29411765 750)
(509.0909091 35.29411765 750)
(527.2727273 35.29411765 750)
(545.4545455 35.29411765 750)
(563.6363636 35.29411765 750)
(581.8181818 35.29411765 750)
(600 35.29411765 750)
(618.1818182 35.29411765 750)
(636.3636364 35.29411765 750)
(654.5454545 35.29411765 750)
(672.7272727 35.29411765 750)
(690.9090909 35.29411765 750)
(709.0909091 35.29411765 750)
(727.2727273 35.29411765 750)
(745.4545455 35.29411765 750)
(763.6363636 35.29411765 750)
(781.8181818 35.29411765 750)
(800 35.29411765 750)
(818.1818182 35.29411765 750)
(836.3636364 35.29411765 750)
(854.5454545 35.29411765 750)
(872.7272727 35.29411765 750)
(890.9090909 35.29411765 750)
(909.0909091 35.29411765 750)
(927.2727273 35.29411765 750)
(945.4545455 35.29411765 750)
(963.6363636 35.29411765 750)
(981.8181818 35.29411765 750)
(1000 35.29411765 750)
(1018.181818 35.29411765 750)
(1036.363636 35.29411765 750)
(1054.545455 35.29411765 750)
(1072.727273 35.29411765 750)
(1090.909091 35.29411765 750)
(1109.090909 35.29411765 750)
(1127.272727 35.29411765 750)
(1145.454545 35.29411765 750)
(1163.636364 35.29411765 750)
(1181.818182 35.29411765 750)
(1200 35.29411765 750)
(1218.181818 35.29411765 750)
(1236.363636 35.29411765 750)
(1254.545455 35.29411765 750)
(1272.727273 35.29411765 750)
(1290.909091 35.29411765 750)
(1309.090909 35.29411765 750)
(1327.272727 35.29411765 750)
(1345.454545 35.29411765 750)
(1363.636364 35.29411765 750)
(1381.818182 35.29411765 750)
(1400 35.29411765 750)
(1418.181818 35.29411765 750)
(1436.363636 35.29411765 750)
(1454.545455 35.29411765 750)
(1472.727273 35.29411765 750)
(1490.909091 35.29411765 750)
(1509.090909 35.29411765 750)
(1527.272727 35.29411765 750)
(1545.454545 35.29411765 750)
(1563.636364 35.29411765 750)
(1581.818182 35.29411765 750)
(1600 35.29411765 750)
(1618.181818 35.29411765 750)
(1636.363636 35.29411765 750)
(1654.545455 35.29411765 750)
(1672.727273 35.29411765 750)
(1690.909091 35.29411765 750)
(1709.090909 35.29411765 750)
(1727.272727 35.29411765 750)
(1745.454545 35.29411765 750)
(1763.636364 35.29411765 750)
(1781.818182 35.29411765 750)
(1800 35.29411765 750)
(1818.181818 35.29411765 750)
(1836.363636 35.29411765 750)
(1854.545455 35.29411765 750)
(1872.727273 35.29411765 750)
(1890.909091 35.29411765 750)
(1909.090909 35.29411765 750)
(1927.272727 35.29411765 750)
(1945.454545 35.29411765 750)
(1963.636364 35.29411765 750)
(1981.818182 35.29411765 750)
(2000 35.29411765 750)
(0 36.47058824 750)
(18.18181818 36.47058824 750)
(36.36363636 36.47058824 750)
(54.54545455 36.47058824 750)
(72.72727273 36.47058824 750)
(90.90909091 36.47058824 750)
(109.0909091 36.47058824 750)
(127.2727273 36.47058824 750)
(145.4545455 36.47058824 750)
(163.6363636 36.47058824 750)
(181.8181818 36.47058824 750)
(200 36.47058824 750)
(218.1818182 36.47058824 750)
(236.3636364 36.47058824 750)
(254.5454545 36.47058824 750)
(272.7272727 36.47058824 750)
(290.9090909 36.47058824 750)
(309.0909091 36.47058824 750)
(327.2727273 36.47058824 750)
(345.4545455 36.47058824 750)
(363.6363636 36.47058824 750)
(381.8181818 36.47058824 750)
(400 36.47058824 750)
(418.1818182 36.47058824 750)
(436.3636364 36.47058824 750)
(454.5454545 36.47058824 750)
(472.7272727 36.47058824 750)
(490.9090909 36.47058824 750)
(509.0909091 36.47058824 750)
(527.2727273 36.47058824 750)
(545.4545455 36.47058824 750)
(563.6363636 36.47058824 750)
(581.8181818 36.47058824 750)
(600 36.47058824 750)
(618.1818182 36.47058824 750)
(636.3636364 36.47058824 750)
(654.5454545 36.47058824 750)
(672.7272727 36.47058824 750)
(690.9090909 36.47058824 750)
(709.0909091 36.47058824 750)
(727.2727273 36.47058824 750)
(745.4545455 36.47058824 750)
(763.6363636 36.47058824 750)
(781.8181818 36.47058824 750)
(800 36.47058824 750)
(818.1818182 36.47058824 750)
(836.3636364 36.47058824 750)
(854.5454545 36.47058824 750)
(872.7272727 36.47058824 750)
(890.9090909 36.47058824 750)
(909.0909091 36.47058824 750)
(927.2727273 36.47058824 750)
(945.4545455 36.47058824 750)
(963.6363636 36.47058824 750)
(981.8181818 36.47058824 750)
(1000 36.47058824 750)
(1018.181818 36.47058824 750)
(1036.363636 36.47058824 750)
(1054.545455 36.47058824 750)
(1072.727273 36.47058824 750)
(1090.909091 36.47058824 750)
(1109.090909 36.47058824 750)
(1127.272727 36.47058824 750)
(1145.454545 36.47058824 750)
(1163.636364 36.47058824 750)
(1181.818182 36.47058824 750)
(1200 36.47058824 750)
(1218.181818 36.47058824 750)
(1236.363636 36.47058824 750)
(1254.545455 36.47058824 750)
(1272.727273 36.47058824 750)
(1290.909091 36.47058824 750)
(1309.090909 36.47058824 750)
(1327.272727 36.47058824 750)
(1345.454545 36.47058824 750)
(1363.636364 36.47058824 750)
(1381.818182 36.47058824 750)
(1400 36.47058824 750)
(1418.181818 36.47058824 750)
(1436.363636 36.47058824 750)
(1454.545455 36.47058824 750)
(1472.727273 36.47058824 750)
(1490.909091 36.47058824 750)
(1509.090909 36.47058824 750)
(1527.272727 36.47058824 750)
(1545.454545 36.47058824 750)
(1563.636364 36.47058824 750)
(1581.818182 36.47058824 750)
(1600 36.47058824 750)
(1618.181818 36.47058824 750)
(1636.363636 36.47058824 750)
(1654.545455 36.47058824 750)
(1672.727273 36.47058824 750)
(1690.909091 36.47058824 750)
(1709.090909 36.47058824 750)
(1727.272727 36.47058824 750)
(1745.454545 36.47058824 750)
(1763.636364 36.47058824 750)
(1781.818182 36.47058824 750)
(1800 36.47058824 750)
(1818.181818 36.47058824 750)
(1836.363636 36.47058824 750)
(1854.545455 36.47058824 750)
(1872.727273 36.47058824 750)
(1890.909091 36.47058824 750)
(1909.090909 36.47058824 750)
(1927.272727 36.47058824 750)
(1945.454545 36.47058824 750)
(1963.636364 36.47058824 750)
(1981.818182 36.47058824 750)
(2000 36.47058824 750)
(0 37.64705882 750)
(18.18181818 37.64705882 750)
(36.36363636 37.64705882 750)
(54.54545455 37.64705882 750)
(72.72727273 37.64705882 750)
(90.90909091 37.64705882 750)
(109.0909091 37.64705882 750)
(127.2727273 37.64705882 750)
(145.4545455 37.64705882 750)
(163.6363636 37.64705882 750)
(181.8181818 37.64705882 750)
(200 37.64705882 750)
(218.1818182 37.64705882 750)
(236.3636364 37.64705882 750)
(254.5454545 37.64705882 750)
(272.7272727 37.64705882 750)
(290.9090909 37.64705882 750)
(309.0909091 37.64705882 750)
(327.2727273 37.64705882 750)
(345.4545455 37.64705882 750)
(363.6363636 37.64705882 750)
(381.8181818 37.64705882 750)
(400 37.64705882 750)
(418.1818182 37.64705882 750)
(436.3636364 37.64705882 750)
(454.5454545 37.64705882 750)
(472.7272727 37.64705882 750)
(490.9090909 37.64705882 750)
(509.0909091 37.64705882 750)
(527.2727273 37.64705882 750)
(545.4545455 37.64705882 750)
(563.6363636 37.64705882 750)
(581.8181818 37.64705882 750)
(600 37.64705882 750)
(618.1818182 37.64705882 750)
(636.3636364 37.64705882 750)
(654.5454545 37.64705882 750)
(672.7272727 37.64705882 750)
(690.9090909 37.64705882 750)
(709.0909091 37.64705882 750)
(727.2727273 37.64705882 750)
(745.4545455 37.64705882 750)
(763.6363636 37.64705882 750)
(781.8181818 37.64705882 750)
(800 37.64705882 750)
(818.1818182 37.64705882 750)
(836.3636364 37.64705882 750)
(854.5454545 37.64705882 750)
(872.7272727 37.64705882 750)
(890.9090909 37.64705882 750)
(909.0909091 37.64705882 750)
(927.2727273 37.64705882 750)
(945.4545455 37.64705882 750)
(963.6363636 37.64705882 750)
(981.8181818 37.64705882 750)
(1000 37.64705882 750)
(1018.181818 37.64705882 750)
(1036.363636 37.64705882 750)
(1054.545455 37.64705882 750)
(1072.727273 37.64705882 750)
(1090.909091 37.64705882 750)
(1109.090909 37.64705882 750)
(1127.272727 37.64705882 750)
(1145.454545 37.64705882 750)
(1163.636364 37.64705882 750)
(1181.818182 37.64705882 750)
(1200 37.64705882 750)
(1218.181818 37.64705882 750)
(1236.363636 37.64705882 750)
(1254.545455 37.64705882 750)
(1272.727273 37.64705882 750)
(1290.909091 37.64705882 750)
(1309.090909 37.64705882 750)
(1327.272727 37.64705882 750)
(1345.454545 37.64705882 750)
(1363.636364 37.64705882 750)
(1381.818182 37.64705882 750)
(1400 37.64705882 750)
(1418.181818 37.64705882 750)
(1436.363636 37.64705882 750)
(1454.545455 37.64705882 750)
(1472.727273 37.64705882 750)
(1490.909091 37.64705882 750)
(1509.090909 37.64705882 750)
(1527.272727 37.64705882 750)
(1545.454545 37.64705882 750)
(1563.636364 37.64705882 750)
(1581.818182 37.64705882 750)
(1600 37.64705882 750)
(1618.181818 37.64705882 750)
(1636.363636 37.64705882 750)
(1654.545455 37.64705882 750)
(1672.727273 37.64705882 750)
(1690.909091 37.64705882 750)
(1709.090909 37.64705882 750)
(1727.272727 37.64705882 750)
(1745.454545 37.64705882 750)
(1763.636364 37.64705882 750)
(1781.818182 37.64705882 750)
(1800 37.64705882 750)
(1818.181818 37.64705882 750)
(1836.363636 37.64705882 750)
(1854.545455 37.64705882 750)
(1872.727273 37.64705882 750)
(1890.909091 37.64705882 750)
(1909.090909 37.64705882 750)
(1927.272727 37.64705882 750)
(1945.454545 37.64705882 750)
(1963.636364 37.64705882 750)
(1981.818182 37.64705882 750)
(2000 37.64705882 750)
(0 38.82352941 750)
(18.18181818 38.82352941 750)
(36.36363636 38.82352941 750)
(54.54545455 38.82352941 750)
(72.72727273 38.82352941 750)
(90.90909091 38.82352941 750)
(109.0909091 38.82352941 750)
(127.2727273 38.82352941 750)
(145.4545455 38.82352941 750)
(163.6363636 38.82352941 750)
(181.8181818 38.82352941 750)
(200 38.82352941 750)
(218.1818182 38.82352941 750)
(236.3636364 38.82352941 750)
(254.5454545 38.82352941 750)
(272.7272727 38.82352941 750)
(290.9090909 38.82352941 750)
(309.0909091 38.82352941 750)
(327.2727273 38.82352941 750)
(345.4545455 38.82352941 750)
(363.6363636 38.82352941 750)
(381.8181818 38.82352941 750)
(400 38.82352941 750)
(418.1818182 38.82352941 750)
(436.3636364 38.82352941 750)
(454.5454545 38.82352941 750)
(472.7272727 38.82352941 750)
(490.9090909 38.82352941 750)
(509.0909091 38.82352941 750)
(527.2727273 38.82352941 750)
(545.4545455 38.82352941 750)
(563.6363636 38.82352941 750)
(581.8181818 38.82352941 750)
(600 38.82352941 750)
(618.1818182 38.82352941 750)
(636.3636364 38.82352941 750)
(654.5454545 38.82352941 750)
(672.7272727 38.82352941 750)
(690.9090909 38.82352941 750)
(709.0909091 38.82352941 750)
(727.2727273 38.82352941 750)
(745.4545455 38.82352941 750)
(763.6363636 38.82352941 750)
(781.8181818 38.82352941 750)
(800 38.82352941 750)
(818.1818182 38.82352941 750)
(836.3636364 38.82352941 750)
(854.5454545 38.82352941 750)
(872.7272727 38.82352941 750)
(890.9090909 38.82352941 750)
(909.0909091 38.82352941 750)
(927.2727273 38.82352941 750)
(945.4545455 38.82352941 750)
(963.6363636 38.82352941 750)
(981.8181818 38.82352941 750)
(1000 38.82352941 750)
(1018.181818 38.82352941 750)
(1036.363636 38.82352941 750)
(1054.545455 38.82352941 750)
(1072.727273 38.82352941 750)
(1090.909091 38.82352941 750)
(1109.090909 38.82352941 750)
(1127.272727 38.82352941 750)
(1145.454545 38.82352941 750)
(1163.636364 38.82352941 750)
(1181.818182 38.82352941 750)
(1200 38.82352941 750)
(1218.181818 38.82352941 750)
(1236.363636 38.82352941 750)
(1254.545455 38.82352941 750)
(1272.727273 38.82352941 750)
(1290.909091 38.82352941 750)
(1309.090909 38.82352941 750)
(1327.272727 38.82352941 750)
(1345.454545 38.82352941 750)
(1363.636364 38.82352941 750)
(1381.818182 38.82352941 750)
(1400 38.82352941 750)
(1418.181818 38.82352941 750)
(1436.363636 38.82352941 750)
(1454.545455 38.82352941 750)
(1472.727273 38.82352941 750)
(1490.909091 38.82352941 750)
(1509.090909 38.82352941 750)
(1527.272727 38.82352941 750)
(1545.454545 38.82352941 750)
(1563.636364 38.82352941 750)
(1581.818182 38.82352941 750)
(1600 38.82352941 750)
(1618.181818 38.82352941 750)
(1636.363636 38.82352941 750)
(1654.545455 38.82352941 750)
(1672.727273 38.82352941 750)
(1690.909091 38.82352941 750)
(1709.090909 38.82352941 750)
(1727.272727 38.82352941 750)
(1745.454545 38.82352941 750)
(1763.636364 38.82352941 750)
(1781.818182 38.82352941 750)
(1800 38.82352941 750)
(1818.181818 38.82352941 750)
(1836.363636 38.82352941 750)
(1854.545455 38.82352941 750)
(1872.727273 38.82352941 750)
(1890.909091 38.82352941 750)
(1909.090909 38.82352941 750)
(1927.272727 38.82352941 750)
(1945.454545 38.82352941 750)
(1963.636364 38.82352941 750)
(1981.818182 38.82352941 750)
(2000 38.82352941 750)
(0 40 750)
(18.18181818 40 750)
(36.36363636 40 750)
(54.54545455 40 750)
(72.72727273 40 750)
(90.90909091 40 750)
(109.0909091 40 750)
(127.2727273 40 750)
(145.4545455 40 750)
(163.6363636 40 750)
(181.8181818 40 750)
(200 40 750)
(218.1818182 40 750)
(236.3636364 40 750)
(254.5454545 40 750)
(272.7272727 40 750)
(290.9090909 40 750)
(309.0909091 40 750)
(327.2727273 40 750)
(345.4545455 40 750)
(363.6363636 40 750)
(381.8181818 40 750)
(400 40 750)
(418.1818182 40 750)
(436.3636364 40 750)
(454.5454545 40 750)
(472.7272727 40 750)
(490.9090909 40 750)
(509.0909091 40 750)
(527.2727273 40 750)
(545.4545455 40 750)
(563.6363636 40 750)
(581.8181818 40 750)
(600 40 750)
(618.1818182 40 750)
(636.3636364 40 750)
(654.5454545 40 750)
(672.7272727 40 750)
(690.9090909 40 750)
(709.0909091 40 750)
(727.2727273 40 750)
(745.4545455 40 750)
(763.6363636 40 750)
(781.8181818 40 750)
(800 40 750)
(818.1818182 40 750)
(836.3636364 40 750)
(854.5454545 40 750)
(872.7272727 40 750)
(890.9090909 40 750)
(909.0909091 40 750)
(927.2727273 40 750)
(945.4545455 40 750)
(963.6363636 40 750)
(981.8181818 40 750)
(1000 40 750)
(1018.181818 40 750)
(1036.363636 40 750)
(1054.545455 40 750)
(1072.727273 40 750)
(1090.909091 40 750)
(1109.090909 40 750)
(1127.272727 40 750)
(1145.454545 40 750)
(1163.636364 40 750)
(1181.818182 40 750)
(1200 40 750)
(1218.181818 40 750)
(1236.363636 40 750)
(1254.545455 40 750)
(1272.727273 40 750)
(1290.909091 40 750)
(1309.090909 40 750)
(1327.272727 40 750)
(1345.454545 40 750)
(1363.636364 40 750)
(1381.818182 40 750)
(1400 40 750)
(1418.181818 40 750)
(1436.363636 40 750)
(1454.545455 40 750)
(1472.727273 40 750)
(1490.909091 40 750)
(1509.090909 40 750)
(1527.272727 40 750)
(1545.454545 40 750)
(1563.636364 40 750)
(1581.818182 40 750)
(1600 40 750)
(1618.181818 40 750)
(1636.363636 40 750)
(1654.545455 40 750)
(1672.727273 40 750)
(1690.909091 40 750)
(1709.090909 40 750)
(1727.272727 40 750)
(1745.454545 40 750)
(1763.636364 40 750)
(1781.818182 40 750)
(1800 40 750)
(1818.181818 40 750)
(1836.363636 40 750)
(1854.545455 40 750)
(1872.727273 40 750)
(1890.909091 40 750)
(1909.090909 40 750)
(1927.272727 40 750)
(1945.454545 40 750)
(1963.636364 40 750)
(1981.818182 40 750)
(2000 40 750)
(0 41.17647059 750)
(18.18181818 41.17647059 750)
(36.36363636 41.17647059 750)
(54.54545455 41.17647059 750)
(72.72727273 41.17647059 750)
(90.90909091 41.17647059 750)
(109.0909091 41.17647059 750)
(127.2727273 41.17647059 750)
(145.4545455 41.17647059 750)
(163.6363636 41.17647059 750)
(181.8181818 41.17647059 750)
(200 41.17647059 750)
(218.1818182 41.17647059 750)
(236.3636364 41.17647059 750)
(254.5454545 41.17647059 750)
(272.7272727 41.17647059 750)
(290.9090909 41.17647059 750)
(309.0909091 41.17647059 750)
(327.2727273 41.17647059 750)
(345.4545455 41.17647059 750)
(363.6363636 41.17647059 750)
(381.8181818 41.17647059 750)
(400 41.17647059 750)
(418.1818182 41.17647059 750)
(436.3636364 41.17647059 750)
(454.5454545 41.17647059 750)
(472.7272727 41.17647059 750)
(490.9090909 41.17647059 750)
(509.0909091 41.17647059 750)
(527.2727273 41.17647059 750)
(545.4545455 41.17647059 750)
(563.6363636 41.17647059 750)
(581.8181818 41.17647059 750)
(600 41.17647059 750)
(618.1818182 41.17647059 750)
(636.3636364 41.17647059 750)
(654.5454545 41.17647059 750)
(672.7272727 41.17647059 750)
(690.9090909 41.17647059 750)
(709.0909091 41.17647059 750)
(727.2727273 41.17647059 750)
(745.4545455 41.17647059 750)
(763.6363636 41.17647059 750)
(781.8181818 41.17647059 750)
(800 41.17647059 750)
(818.1818182 41.17647059 750)
(836.3636364 41.17647059 750)
(854.5454545 41.17647059 750)
(872.7272727 41.17647059 750)
(890.9090909 41.17647059 750)
(909.0909091 41.17647059 750)
(927.2727273 41.17647059 750)
(945.4545455 41.17647059 750)
(963.6363636 41.17647059 750)
(981.8181818 41.17647059 750)
(1000 41.17647059 750)
(1018.181818 41.17647059 750)
(1036.363636 41.17647059 750)
(1054.545455 41.17647059 750)
(1072.727273 41.17647059 750)
(1090.909091 41.17647059 750)
(1109.090909 41.17647059 750)
(1127.272727 41.17647059 750)
(1145.454545 41.17647059 750)
(1163.636364 41.17647059 750)
(1181.818182 41.17647059 750)
(1200 41.17647059 750)
(1218.181818 41.17647059 750)
(1236.363636 41.17647059 750)
(1254.545455 41.17647059 750)
(1272.727273 41.17647059 750)
(1290.909091 41.17647059 750)
(1309.090909 41.17647059 750)
(1327.272727 41.17647059 750)
(1345.454545 41.17647059 750)
(1363.636364 41.17647059 750)
(1381.818182 41.17647059 750)
(1400 41.17647059 750)
(1418.181818 41.17647059 750)
(1436.363636 41.17647059 750)
(1454.545455 41.17647059 750)
(1472.727273 41.17647059 750)
(1490.909091 41.17647059 750)
(1509.090909 41.17647059 750)
(1527.272727 41.17647059 750)
(1545.454545 41.17647059 750)
(1563.636364 41.17647059 750)
(1581.818182 41.17647059 750)
(1600 41.17647059 750)
(1618.181818 41.17647059 750)
(1636.363636 41.17647059 750)
(1654.545455 41.17647059 750)
(1672.727273 41.17647059 750)
(1690.909091 41.17647059 750)
(1709.090909 41.17647059 750)
(1727.272727 41.17647059 750)
(1745.454545 41.17647059 750)
(1763.636364 41.17647059 750)
(1781.818182 41.17647059 750)
(1800 41.17647059 750)
(1818.181818 41.17647059 750)
(1836.363636 41.17647059 750)
(1854.545455 41.17647059 750)
(1872.727273 41.17647059 750)
(1890.909091 41.17647059 750)
(1909.090909 41.17647059 750)
(1927.272727 41.17647059 750)
(1945.454545 41.17647059 750)
(1963.636364 41.17647059 750)
(1981.818182 41.17647059 750)
(2000 41.17647059 750)
(0 42.35294118 750)
(18.18181818 42.35294118 750)
(36.36363636 42.35294118 750)
(54.54545455 42.35294118 750)
(72.72727273 42.35294118 750)
(90.90909091 42.35294118 750)
(109.0909091 42.35294118 750)
(127.2727273 42.35294118 750)
(145.4545455 42.35294118 750)
(163.6363636 42.35294118 750)
(181.8181818 42.35294118 750)
(200 42.35294118 750)
(218.1818182 42.35294118 750)
(236.3636364 42.35294118 750)
(254.5454545 42.35294118 750)
(272.7272727 42.35294118 750)
(290.9090909 42.35294118 750)
(309.0909091 42.35294118 750)
(327.2727273 42.35294118 750)
(345.4545455 42.35294118 750)
(363.6363636 42.35294118 750)
(381.8181818 42.35294118 750)
(400 42.35294118 750)
(418.1818182 42.35294118 750)
(436.3636364 42.35294118 750)
(454.5454545 42.35294118 750)
(472.7272727 42.35294118 750)
(490.9090909 42.35294118 750)
(509.0909091 42.35294118 750)
(527.2727273 42.35294118 750)
(545.4545455 42.35294118 750)
(563.6363636 42.35294118 750)
(581.8181818 42.35294118 750)
(600 42.35294118 750)
(618.1818182 42.35294118 750)
(636.3636364 42.35294118 750)
(654.5454545 42.35294118 750)
(672.7272727 42.35294118 750)
(690.9090909 42.35294118 750)
(709.0909091 42.35294118 750)
(727.2727273 42.35294118 750)
(745.4545455 42.35294118 750)
(763.6363636 42.35294118 750)
(781.8181818 42.35294118 750)
(800 42.35294118 750)
(818.1818182 42.35294118 750)
(836.3636364 42.35294118 750)
(854.5454545 42.35294118 750)
(872.7272727 42.35294118 750)
(890.9090909 42.35294118 750)
(909.0909091 42.35294118 750)
(927.2727273 42.35294118 750)
(945.4545455 42.35294118 750)
(963.6363636 42.35294118 750)
(981.8181818 42.35294118 750)
(1000 42.35294118 750)
(1018.181818 42.35294118 750)
(1036.363636 42.35294118 750)
(1054.545455 42.35294118 750)
(1072.727273 42.35294118 750)
(1090.909091 42.35294118 750)
(1109.090909 42.35294118 750)
(1127.272727 42.35294118 750)
(1145.454545 42.35294118 750)
(1163.636364 42.35294118 750)
(1181.818182 42.35294118 750)
(1200 42.35294118 750)
(1218.181818 42.35294118 750)
(1236.363636 42.35294118 750)
(1254.545455 42.35294118 750)
(1272.727273 42.35294118 750)
(1290.909091 42.35294118 750)
(1309.090909 42.35294118 750)
(1327.272727 42.35294118 750)
(1345.454545 42.35294118 750)
(1363.636364 42.35294118 750)
(1381.818182 42.35294118 750)
(1400 42.35294118 750)
(1418.181818 42.35294118 750)
(1436.363636 42.35294118 750)
(1454.545455 42.35294118 750)
(1472.727273 42.35294118 750)
(1490.909091 42.35294118 750)
(1509.090909 42.35294118 750)
(1527.272727 42.35294118 750)
(1545.454545 42.35294118 750)
(1563.636364 42.35294118 750)
(1581.818182 42.35294118 750)
(1600 42.35294118 750)
(1618.181818 42.35294118 750)
(1636.363636 42.35294118 750)
(1654.545455 42.35294118 750)
(1672.727273 42.35294118 750)
(1690.909091 42.35294118 750)
(1709.090909 42.35294118 750)
(1727.272727 42.35294118 750)
(1745.454545 42.35294118 750)
(1763.636364 42.35294118 750)
(1781.818182 42.35294118 750)
(1800 42.35294118 750)
(1818.181818 42.35294118 750)
(1836.363636 42.35294118 750)
(1854.545455 42.35294118 750)
(1872.727273 42.35294118 750)
(1890.909091 42.35294118 750)
(1909.090909 42.35294118 750)
(1927.272727 42.35294118 750)
(1945.454545 42.35294118 750)
(1963.636364 42.35294118 750)
(1981.818182 42.35294118 750)
(2000 42.35294118 750)
(0 43.52941176 750)
(18.18181818 43.52941176 750)
(36.36363636 43.52941176 750)
(54.54545455 43.52941176 750)
(72.72727273 43.52941176 750)
(90.90909091 43.52941176 750)
(109.0909091 43.52941176 750)
(127.2727273 43.52941176 750)
(145.4545455 43.52941176 750)
(163.6363636 43.52941176 750)
(181.8181818 43.52941176 750)
(200 43.52941176 750)
(218.1818182 43.52941176 750)
(236.3636364 43.52941176 750)
(254.5454545 43.52941176 750)
(272.7272727 43.52941176 750)
(290.9090909 43.52941176 750)
(309.0909091 43.52941176 750)
(327.2727273 43.52941176 750)
(345.4545455 43.52941176 750)
(363.6363636 43.52941176 750)
(381.8181818 43.52941176 750)
(400 43.52941176 750)
(418.1818182 43.52941176 750)
(436.3636364 43.52941176 750)
(454.5454545 43.52941176 750)
(472.7272727 43.52941176 750)
(490.9090909 43.52941176 750)
(509.0909091 43.52941176 750)
(527.2727273 43.52941176 750)
(545.4545455 43.52941176 750)
(563.6363636 43.52941176 750)
(581.8181818 43.52941176 750)
(600 43.52941176 750)
(618.1818182 43.52941176 750)
(636.3636364 43.52941176 750)
(654.5454545 43.52941176 750)
(672.7272727 43.52941176 750)
(690.9090909 43.52941176 750)
(709.0909091 43.52941176 750)
(727.2727273 43.52941176 750)
(745.4545455 43.52941176 750)
(763.6363636 43.52941176 750)
(781.8181818 43.52941176 750)
(800 43.52941176 750)
(818.1818182 43.52941176 750)
(836.3636364 43.52941176 750)
(854.5454545 43.52941176 750)
(872.7272727 43.52941176 750)
(890.9090909 43.52941176 750)
(909.0909091 43.52941176 750)
(927.2727273 43.52941176 750)
(945.4545455 43.52941176 750)
(963.6363636 43.52941176 750)
(981.8181818 43.52941176 750)
(1000 43.52941176 750)
(1018.181818 43.52941176 750)
(1036.363636 43.52941176 750)
(1054.545455 43.52941176 750)
(1072.727273 43.52941176 750)
(1090.909091 43.52941176 750)
(1109.090909 43.52941176 750)
(1127.272727 43.52941176 750)
(1145.454545 43.52941176 750)
(1163.636364 43.52941176 750)
(1181.818182 43.52941176 750)
(1200 43.52941176 750)
(1218.181818 43.52941176 750)
(1236.363636 43.52941176 750)
(1254.545455 43.52941176 750)
(1272.727273 43.52941176 750)
(1290.909091 43.52941176 750)
(1309.090909 43.52941176 750)
(1327.272727 43.52941176 750)
(1345.454545 43.52941176 750)
(1363.636364 43.52941176 750)
(1381.818182 43.52941176 750)
(1400 43.52941176 750)
(1418.181818 43.52941176 750)
(1436.363636 43.52941176 750)
(1454.545455 43.52941176 750)
(1472.727273 43.52941176 750)
(1490.909091 43.52941176 750)
(1509.090909 43.52941176 750)
(1527.272727 43.52941176 750)
(1545.454545 43.52941176 750)
(1563.636364 43.52941176 750)
(1581.818182 43.52941176 750)
(1600 43.52941176 750)
(1618.181818 43.52941176 750)
(1636.363636 43.52941176 750)
(1654.545455 43.52941176 750)
(1672.727273 43.52941176 750)
(1690.909091 43.52941176 750)
(1709.090909 43.52941176 750)
(1727.272727 43.52941176 750)
(1745.454545 43.52941176 750)
(1763.636364 43.52941176 750)
(1781.818182 43.52941176 750)
(1800 43.52941176 750)
(1818.181818 43.52941176 750)
(1836.363636 43.52941176 750)
(1854.545455 43.52941176 750)
(1872.727273 43.52941176 750)
(1890.909091 43.52941176 750)
(1909.090909 43.52941176 750)
(1927.272727 43.52941176 750)
(1945.454545 43.52941176 750)
(1963.636364 43.52941176 750)
(1981.818182 43.52941176 750)
(2000 43.52941176 750)
(0 44.70588235 750)
(18.18181818 44.70588235 750)
(36.36363636 44.70588235 750)
(54.54545455 44.70588235 750)
(72.72727273 44.70588235 750)
(90.90909091 44.70588235 750)
(109.0909091 44.70588235 750)
(127.2727273 44.70588235 750)
(145.4545455 44.70588235 750)
(163.6363636 44.70588235 750)
(181.8181818 44.70588235 750)
(200 44.70588235 750)
(218.1818182 44.70588235 750)
(236.3636364 44.70588235 750)
(254.5454545 44.70588235 750)
(272.7272727 44.70588235 750)
(290.9090909 44.70588235 750)
(309.0909091 44.70588235 750)
(327.2727273 44.70588235 750)
(345.4545455 44.70588235 750)
(363.6363636 44.70588235 750)
(381.8181818 44.70588235 750)
(400 44.70588235 750)
(418.1818182 44.70588235 750)
(436.3636364 44.70588235 750)
(454.5454545 44.70588235 750)
(472.7272727 44.70588235 750)
(490.9090909 44.70588235 750)
(509.0909091 44.70588235 750)
(527.2727273 44.70588235 750)
(545.4545455 44.70588235 750)
(563.6363636 44.70588235 750)
(581.8181818 44.70588235 750)
(600 44.70588235 750)
(618.1818182 44.70588235 750)
(636.3636364 44.70588235 750)
(654.5454545 44.70588235 750)
(672.7272727 44.70588235 750)
(690.9090909 44.70588235 750)
(709.0909091 44.70588235 750)
(727.2727273 44.70588235 750)
(745.4545455 44.70588235 750)
(763.6363636 44.70588235 750)
(781.8181818 44.70588235 750)
(800 44.70588235 750)
(818.1818182 44.70588235 750)
(836.3636364 44.70588235 750)
(854.5454545 44.70588235 750)
(872.7272727 44.70588235 750)
(890.9090909 44.70588235 750)
(909.0909091 44.70588235 750)
(927.2727273 44.70588235 750)
(945.4545455 44.70588235 750)
(963.6363636 44.70588235 750)
(981.8181818 44.70588235 750)
(1000 44.70588235 750)
(1018.181818 44.70588235 750)
(1036.363636 44.70588235 750)
(1054.545455 44.70588235 750)
(1072.727273 44.70588235 750)
(1090.909091 44.70588235 750)
(1109.090909 44.70588235 750)
(1127.272727 44.70588235 750)
(1145.454545 44.70588235 750)
(1163.636364 44.70588235 750)
(1181.818182 44.70588235 750)
(1200 44.70588235 750)
(1218.181818 44.70588235 750)
(1236.363636 44.70588235 750)
(1254.545455 44.70588235 750)
(1272.727273 44.70588235 750)
(1290.909091 44.70588235 750)
(1309.090909 44.70588235 750)
(1327.272727 44.70588235 750)
(1345.454545 44.70588235 750)
(1363.636364 44.70588235 750)
(1381.818182 44.70588235 750)
(1400 44.70588235 750)
(1418.181818 44.70588235 750)
(1436.363636 44.70588235 750)
(1454.545455 44.70588235 750)
(1472.727273 44.70588235 750)
(1490.909091 44.70588235 750)
(1509.090909 44.70588235 750)
(1527.272727 44.70588235 750)
(1545.454545 44.70588235 750)
(1563.636364 44.70588235 750)
(1581.818182 44.70588235 750)
(1600 44.70588235 750)
(1618.181818 44.70588235 750)
(1636.363636 44.70588235 750)
(1654.545455 44.70588235 750)
(1672.727273 44.70588235 750)
(1690.909091 44.70588235 750)
(1709.090909 44.70588235 750)
(1727.272727 44.70588235 750)
(1745.454545 44.70588235 750)
(1763.636364 44.70588235 750)
(1781.818182 44.70588235 750)
(1800 44.70588235 750)
(1818.181818 44.70588235 750)
(1836.363636 44.70588235 750)
(1854.545455 44.70588235 750)
(1872.727273 44.70588235 750)
(1890.909091 44.70588235 750)
(1909.090909 44.70588235 750)
(1927.272727 44.70588235 750)
(1945.454545 44.70588235 750)
(1963.636364 44.70588235 750)
(1981.818182 44.70588235 750)
(2000 44.70588235 750)
(0 45.88235294 750)
(18.18181818 45.88235294 750)
(36.36363636 45.88235294 750)
(54.54545455 45.88235294 750)
(72.72727273 45.88235294 750)
(90.90909091 45.88235294 750)
(109.0909091 45.88235294 750)
(127.2727273 45.88235294 750)
(145.4545455 45.88235294 750)
(163.6363636 45.88235294 750)
(181.8181818 45.88235294 750)
(200 45.88235294 750)
(218.1818182 45.88235294 750)
(236.3636364 45.88235294 750)
(254.5454545 45.88235294 750)
(272.7272727 45.88235294 750)
(290.9090909 45.88235294 750)
(309.0909091 45.88235294 750)
(327.2727273 45.88235294 750)
(345.4545455 45.88235294 750)
(363.6363636 45.88235294 750)
(381.8181818 45.88235294 750)
(400 45.88235294 750)
(418.1818182 45.88235294 750)
(436.3636364 45.88235294 750)
(454.5454545 45.88235294 750)
(472.7272727 45.88235294 750)
(490.9090909 45.88235294 750)
(509.0909091 45.88235294 750)
(527.2727273 45.88235294 750)
(545.4545455 45.88235294 750)
(563.6363636 45.88235294 750)
(581.8181818 45.88235294 750)
(600 45.88235294 750)
(618.1818182 45.88235294 750)
(636.3636364 45.88235294 750)
(654.5454545 45.88235294 750)
(672.7272727 45.88235294 750)
(690.9090909 45.88235294 750)
(709.0909091 45.88235294 750)
(727.2727273 45.88235294 750)
(745.4545455 45.88235294 750)
(763.6363636 45.88235294 750)
(781.8181818 45.88235294 750)
(800 45.88235294 750)
(818.1818182 45.88235294 750)
(836.3636364 45.88235294 750)
(854.5454545 45.88235294 750)
(872.7272727 45.88235294 750)
(890.9090909 45.88235294 750)
(909.0909091 45.88235294 750)
(927.2727273 45.88235294 750)
(945.4545455 45.88235294 750)
(963.6363636 45.88235294 750)
(981.8181818 45.88235294 750)
(1000 45.88235294 750)
(1018.181818 45.88235294 750)
(1036.363636 45.88235294 750)
(1054.545455 45.88235294 750)
(1072.727273 45.88235294 750)
(1090.909091 45.88235294 750)
(1109.090909 45.88235294 750)
(1127.272727 45.88235294 750)
(1145.454545 45.88235294 750)
(1163.636364 45.88235294 750)
(1181.818182 45.88235294 750)
(1200 45.88235294 750)
(1218.181818 45.88235294 750)
(1236.363636 45.88235294 750)
(1254.545455 45.88235294 750)
(1272.727273 45.88235294 750)
(1290.909091 45.88235294 750)
(1309.090909 45.88235294 750)
(1327.272727 45.88235294 750)
(1345.454545 45.88235294 750)
(1363.636364 45.88235294 750)
(1381.818182 45.88235294 750)
(1400 45.88235294 750)
(1418.181818 45.88235294 750)
(1436.363636 45.88235294 750)
(1454.545455 45.88235294 750)
(1472.727273 45.88235294 750)
(1490.909091 45.88235294 750)
(1509.090909 45.88235294 750)
(1527.272727 45.88235294 750)
(1545.454545 45.88235294 750)
(1563.636364 45.88235294 750)
(1581.818182 45.88235294 750)
(1600 45.88235294 750)
(1618.181818 45.88235294 750)
(1636.363636 45.88235294 750)
(1654.545455 45.88235294 750)
(1672.727273 45.88235294 750)
(1690.909091 45.88235294 750)
(1709.090909 45.88235294 750)
(1727.272727 45.88235294 750)
(1745.454545 45.88235294 750)
(1763.636364 45.88235294 750)
(1781.818182 45.88235294 750)
(1800 45.88235294 750)
(1818.181818 45.88235294 750)
(1836.363636 45.88235294 750)
(1854.545455 45.88235294 750)
(1872.727273 45.88235294 750)
(1890.909091 45.88235294 750)
(1909.090909 45.88235294 750)
(1927.272727 45.88235294 750)
(1945.454545 45.88235294 750)
(1963.636364 45.88235294 750)
(1981.818182 45.88235294 750)
(2000 45.88235294 750)
(0 47.05882353 750)
(18.18181818 47.05882353 750)
(36.36363636 47.05882353 750)
(54.54545455 47.05882353 750)
(72.72727273 47.05882353 750)
(90.90909091 47.05882353 750)
(109.0909091 47.05882353 750)
(127.2727273 47.05882353 750)
(145.4545455 47.05882353 750)
(163.6363636 47.05882353 750)
(181.8181818 47.05882353 750)
(200 47.05882353 750)
(218.1818182 47.05882353 750)
(236.3636364 47.05882353 750)
(254.5454545 47.05882353 750)
(272.7272727 47.05882353 750)
(290.9090909 47.05882353 750)
(309.0909091 47.05882353 750)
(327.2727273 47.05882353 750)
(345.4545455 47.05882353 750)
(363.6363636 47.05882353 750)
(381.8181818 47.05882353 750)
(400 47.05882353 750)
(418.1818182 47.05882353 750)
(436.3636364 47.05882353 750)
(454.5454545 47.05882353 750)
(472.7272727 47.05882353 750)
(490.9090909 47.05882353 750)
(509.0909091 47.05882353 750)
(527.2727273 47.05882353 750)
(545.4545455 47.05882353 750)
(563.6363636 47.05882353 750)
(581.8181818 47.05882353 750)
(600 47.05882353 750)
(618.1818182 47.05882353 750)
(636.3636364 47.05882353 750)
(654.5454545 47.05882353 750)
(672.7272727 47.05882353 750)
(690.9090909 47.05882353 750)
(709.0909091 47.05882353 750)
(727.2727273 47.05882353 750)
(745.4545455 47.05882353 750)
(763.6363636 47.05882353 750)
(781.8181818 47.05882353 750)
(800 47.05882353 750)
(818.1818182 47.05882353 750)
(836.3636364 47.05882353 750)
(854.5454545 47.05882353 750)
(872.7272727 47.05882353 750)
(890.9090909 47.05882353 750)
(909.0909091 47.05882353 750)
(927.2727273 47.05882353 750)
(945.4545455 47.05882353 750)
(963.6363636 47.05882353 750)
(981.8181818 47.05882353 750)
(1000 47.05882353 750)
(1018.181818 47.05882353 750)
(1036.363636 47.05882353 750)
(1054.545455 47.05882353 750)
(1072.727273 47.05882353 750)
(1090.909091 47.05882353 750)
(1109.090909 47.05882353 750)
(1127.272727 47.05882353 750)
(1145.454545 47.05882353 750)
(1163.636364 47.05882353 750)
(1181.818182 47.05882353 750)
(1200 47.05882353 750)
(1218.181818 47.05882353 750)
(1236.363636 47.05882353 750)
(1254.545455 47.05882353 750)
(1272.727273 47.05882353 750)
(1290.909091 47.05882353 750)
(1309.090909 47.05882353 750)
(1327.272727 47.05882353 750)
(1345.454545 47.05882353 750)
(1363.636364 47.05882353 750)
(1381.818182 47.05882353 750)
(1400 47.05882353 750)
(1418.181818 47.05882353 750)
(1436.363636 47.05882353 750)
(1454.545455 47.05882353 750)
(1472.727273 47.05882353 750)
(1490.909091 47.05882353 750)
(1509.090909 47.05882353 750)
(1527.272727 47.05882353 750)
(1545.454545 47.05882353 750)
(1563.636364 47.05882353 750)
(1581.818182 47.05882353 750)
(1600 47.05882353 750)
(1618.181818 47.05882353 750)
(1636.363636 47.05882353 750)
(1654.545455 47.05882353 750)
(1672.727273 47.05882353 750)
(1690.909091 47.05882353 750)
(1709.090909 47.05882353 750)
(1727.272727 47.05882353 750)
(1745.454545 47.05882353 750)
(1763.636364 47.05882353 750)
(1781.818182 47.05882353 750)
(1800 47.05882353 750)
(1818.181818 47.05882353 750)
(1836.363636 47.05882353 750)
(1854.545455 47.05882353 750)
(1872.727273 47.05882353 750)
(1890.909091 47.05882353 750)
(1909.090909 47.05882353 750)
(1927.272727 47.05882353 750)
(1945.454545 47.05882353 750)
(1963.636364 47.05882353 750)
(1981.818182 47.05882353 750)
(2000 47.05882353 750)
(0 48.23529412 750)
(18.18181818 48.23529412 750)
(36.36363636 48.23529412 750)
(54.54545455 48.23529412 750)
(72.72727273 48.23529412 750)
(90.90909091 48.23529412 750)
(109.0909091 48.23529412 750)
(127.2727273 48.23529412 750)
(145.4545455 48.23529412 750)
(163.6363636 48.23529412 750)
(181.8181818 48.23529412 750)
(200 48.23529412 750)
(218.1818182 48.23529412 750)
(236.3636364 48.23529412 750)
(254.5454545 48.23529412 750)
(272.7272727 48.23529412 750)
(290.9090909 48.23529412 750)
(309.0909091 48.23529412 750)
(327.2727273 48.23529412 750)
(345.4545455 48.23529412 750)
(363.6363636 48.23529412 750)
(381.8181818 48.23529412 750)
(400 48.23529412 750)
(418.1818182 48.23529412 750)
(436.3636364 48.23529412 750)
(454.5454545 48.23529412 750)
(472.7272727 48.23529412 750)
(490.9090909 48.23529412 750)
(509.0909091 48.23529412 750)
(527.2727273 48.23529412 750)
(545.4545455 48.23529412 750)
(563.6363636 48.23529412 750)
(581.8181818 48.23529412 750)
(600 48.23529412 750)
(618.1818182 48.23529412 750)
(636.3636364 48.23529412 750)
(654.5454545 48.23529412 750)
(672.7272727 48.23529412 750)
(690.9090909 48.23529412 750)
(709.0909091 48.23529412 750)
(727.2727273 48.23529412 750)
(745.4545455 48.23529412 750)
(763.6363636 48.23529412 750)
(781.8181818 48.23529412 750)
(800 48.23529412 750)
(818.1818182 48.23529412 750)
(836.3636364 48.23529412 750)
(854.5454545 48.23529412 750)
(872.7272727 48.23529412 750)
(890.9090909 48.23529412 750)
(909.0909091 48.23529412 750)
(927.2727273 48.23529412 750)
(945.4545455 48.23529412 750)
(963.6363636 48.23529412 750)
(981.8181818 48.23529412 750)
(1000 48.23529412 750)
(1018.181818 48.23529412 750)
(1036.363636 48.23529412 750)
(1054.545455 48.23529412 750)
(1072.727273 48.23529412 750)
(1090.909091 48.23529412 750)
(1109.090909 48.23529412 750)
(1127.272727 48.23529412 750)
(1145.454545 48.23529412 750)
(1163.636364 48.23529412 750)
(1181.818182 48.23529412 750)
(1200 48.23529412 750)
(1218.181818 48.23529412 750)
(1236.363636 48.23529412 750)
(1254.545455 48.23529412 750)
(1272.727273 48.23529412 750)
(1290.909091 48.23529412 750)
(1309.090909 48.23529412 750)
(1327.272727 48.23529412 750)
(1345.454545 48.23529412 750)
(1363.636364 48.23529412 750)
(1381.818182 48.23529412 750)
(1400 48.23529412 750)
(1418.181818 48.23529412 750)
(1436.363636 48.23529412 750)
(1454.545455 48.23529412 750)
(1472.727273 48.23529412 750)
(1490.909091 48.23529412 750)
(1509.090909 48.23529412 750)
(1527.272727 48.23529412 750)
(1545.454545 48.23529412 750)
(1563.636364 48.23529412 750)
(1581.818182 48.23529412 750)
(1600 48.23529412 750)
(1618.181818 48.23529412 750)
(1636.363636 48.23529412 750)
(1654.545455 48.23529412 750)
(1672.727273 48.23529412 750)
(1690.909091 48.23529412 750)
(1709.090909 48.23529412 750)
(1727.272727 48.23529412 750)
(1745.454545 48.23529412 750)
(1763.636364 48.23529412 750)
(1781.818182 48.23529412 750)
(1800 48.23529412 750)
(1818.181818 48.23529412 750)
(1836.363636 48.23529412 750)
(1854.545455 48.23529412 750)
(1872.727273 48.23529412 750)
(1890.909091 48.23529412 750)
(1909.090909 48.23529412 750)
(1927.272727 48.23529412 750)
(1945.454545 48.23529412 750)
(1963.636364 48.23529412 750)
(1981.818182 48.23529412 750)
(2000 48.23529412 750)
(0 49.41176471 750)
(18.18181818 49.41176471 750)
(36.36363636 49.41176471 750)
(54.54545455 49.41176471 750)
(72.72727273 49.41176471 750)
(90.90909091 49.41176471 750)
(109.0909091 49.41176471 750)
(127.2727273 49.41176471 750)
(145.4545455 49.41176471 750)
(163.6363636 49.41176471 750)
(181.8181818 49.41176471 750)
(200 49.41176471 750)
(218.1818182 49.41176471 750)
(236.3636364 49.41176471 750)
(254.5454545 49.41176471 750)
(272.7272727 49.41176471 750)
(290.9090909 49.41176471 750)
(309.0909091 49.41176471 750)
(327.2727273 49.41176471 750)
(345.4545455 49.41176471 750)
(363.6363636 49.41176471 750)
(381.8181818 49.41176471 750)
(400 49.41176471 750)
(418.1818182 49.41176471 750)
(436.3636364 49.41176471 750)
(454.5454545 49.41176471 750)
(472.7272727 49.41176471 750)
(490.9090909 49.41176471 750)
(509.0909091 49.41176471 750)
(527.2727273 49.41176471 750)
(545.4545455 49.41176471 750)
(563.6363636 49.41176471 750)
(581.8181818 49.41176471 750)
(600 49.41176471 750)
(618.1818182 49.41176471 750)
(636.3636364 49.41176471 750)
(654.5454545 49.41176471 750)
(672.7272727 49.41176471 750)
(690.9090909 49.41176471 750)
(709.0909091 49.41176471 750)
(727.2727273 49.41176471 750)
(745.4545455 49.41176471 750)
(763.6363636 49.41176471 750)
(781.8181818 49.41176471 750)
(800 49.41176471 750)
(818.1818182 49.41176471 750)
(836.3636364 49.41176471 750)
(854.5454545 49.41176471 750)
(872.7272727 49.41176471 750)
(890.9090909 49.41176471 750)
(909.0909091 49.41176471 750)
(927.2727273 49.41176471 750)
(945.4545455 49.41176471 750)
(963.6363636 49.41176471 750)
(981.8181818 49.41176471 750)
(1000 49.41176471 750)
(1018.181818 49.41176471 750)
(1036.363636 49.41176471 750)
(1054.545455 49.41176471 750)
(1072.727273 49.41176471 750)
(1090.909091 49.41176471 750)
(1109.090909 49.41176471 750)
(1127.272727 49.41176471 750)
(1145.454545 49.41176471 750)
(1163.636364 49.41176471 750)
(1181.818182 49.41176471 750)
(1200 49.41176471 750)
(1218.181818 49.41176471 750)
(1236.363636 49.41176471 750)
(1254.545455 49.41176471 750)
(1272.727273 49.41176471 750)
(1290.909091 49.41176471 750)
(1309.090909 49.41176471 750)
(1327.272727 49.41176471 750)
(1345.454545 49.41176471 750)
(1363.636364 49.41176471 750)
(1381.818182 49.41176471 750)
(1400 49.41176471 750)
(1418.181818 49.41176471 750)
(1436.363636 49.41176471 750)
(1454.545455 49.41176471 750)
(1472.727273 49.41176471 750)
(1490.909091 49.41176471 750)
(1509.090909 49.41176471 750)
(1527.272727 49.41176471 750)
(1545.454545 49.41176471 750)
(1563.636364 49.41176471 750)
(1581.818182 49.41176471 750)
(1600 49.41176471 750)
(1618.181818 49.41176471 750)
(1636.363636 49.41176471 750)
(1654.545455 49.41176471 750)
(1672.727273 49.41176471 750)
(1690.909091 49.41176471 750)
(1709.090909 49.41176471 750)
(1727.272727 49.41176471 750)
(1745.454545 49.41176471 750)
(1763.636364 49.41176471 750)
(1781.818182 49.41176471 750)
(1800 49.41176471 750)
(1818.181818 49.41176471 750)
(1836.363636 49.41176471 750)
(1854.545455 49.41176471 750)
(1872.727273 49.41176471 750)
(1890.909091 49.41176471 750)
(1909.090909 49.41176471 750)
(1927.272727 49.41176471 750)
(1945.454545 49.41176471 750)
(1963.636364 49.41176471 750)
(1981.818182 49.41176471 750)
(2000 49.41176471 750)
(0 50.58823529 750)
(18.18181818 50.58823529 750)
(36.36363636 50.58823529 750)
(54.54545455 50.58823529 750)
(72.72727273 50.58823529 750)
(90.90909091 50.58823529 750)
(109.0909091 50.58823529 750)
(127.2727273 50.58823529 750)
(145.4545455 50.58823529 750)
(163.6363636 50.58823529 750)
(181.8181818 50.58823529 750)
(200 50.58823529 750)
(218.1818182 50.58823529 750)
(236.3636364 50.58823529 750)
(254.5454545 50.58823529 750)
(272.7272727 50.58823529 750)
(290.9090909 50.58823529 750)
(309.0909091 50.58823529 750)
(327.2727273 50.58823529 750)
(345.4545455 50.58823529 750)
(363.6363636 50.58823529 750)
(381.8181818 50.58823529 750)
(400 50.58823529 750)
(418.1818182 50.58823529 750)
(436.3636364 50.58823529 750)
(454.5454545 50.58823529 750)
(472.7272727 50.58823529 750)
(490.9090909 50.58823529 750)
(509.0909091 50.58823529 750)
(527.2727273 50.58823529 750)
(545.4545455 50.58823529 750)
(563.6363636 50.58823529 750)
(581.8181818 50.58823529 750)
(600 50.58823529 750)
(618.1818182 50.58823529 750)
(636.3636364 50.58823529 750)
(654.5454545 50.58823529 750)
(672.7272727 50.58823529 750)
(690.9090909 50.58823529 750)
(709.0909091 50.58823529 750)
(727.2727273 50.58823529 750)
(745.4545455 50.58823529 750)
(763.6363636 50.58823529 750)
(781.8181818 50.58823529 750)
(800 50.58823529 750)
(818.1818182 50.58823529 750)
(836.3636364 50.58823529 750)
(854.5454545 50.58823529 750)
(872.7272727 50.58823529 750)
(890.9090909 50.58823529 750)
(909.0909091 50.58823529 750)
(927.2727273 50.58823529 750)
(945.4545455 50.58823529 750)
(963.6363636 50.58823529 750)
(981.8181818 50.58823529 750)
(1000 50.58823529 750)
(1018.181818 50.58823529 750)
(1036.363636 50.58823529 750)
(1054.545455 50.58823529 750)
(1072.727273 50.58823529 750)
(1090.909091 50.58823529 750)
(1109.090909 50.58823529 750)
(1127.272727 50.58823529 750)
(1145.454545 50.58823529 750)
(1163.636364 50.58823529 750)
(1181.818182 50.58823529 750)
(1200 50.58823529 750)
(1218.181818 50.58823529 750)
(1236.363636 50.58823529 750)
(1254.545455 50.58823529 750)
(1272.727273 50.58823529 750)
(1290.909091 50.58823529 750)
(1309.090909 50.58823529 750)
(1327.272727 50.58823529 750)
(1345.454545 50.58823529 750)
(1363.636364 50.58823529 750)
(1381.818182 50.58823529 750)
(1400 50.58823529 750)
(1418.181818 50.58823529 750)
(1436.363636 50.58823529 750)
(1454.545455 50.58823529 750)
(1472.727273 50.58823529 750)
(1490.909091 50.58823529 750)
(1509.090909 50.58823529 750)
(1527.272727 50.58823529 750)
(1545.454545 50.58823529 750)
(1563.636364 50.58823529 750)
(1581.818182 50.58823529 750)
(1600 50.58823529 750)
(1618.181818 50.58823529 750)
(1636.363636 50.58823529 750)
(1654.545455 50.58823529 750)
(1672.727273 50.58823529 750)
(1690.909091 50.58823529 750)
(1709.090909 50.58823529 750)
(1727.272727 50.58823529 750)
(1745.454545 50.58823529 750)
(1763.636364 50.58823529 750)
(1781.818182 50.58823529 750)
(1800 50.58823529 750)
(1818.181818 50.58823529 750)
(1836.363636 50.58823529 750)
(1854.545455 50.58823529 750)
(1872.727273 50.58823529 750)
(1890.909091 50.58823529 750)
(1909.090909 50.58823529 750)
(1927.272727 50.58823529 750)
(1945.454545 50.58823529 750)
(1963.636364 50.58823529 750)
(1981.818182 50.58823529 750)
(2000 50.58823529 750)
(0 51.76470588 750)
(18.18181818 51.76470588 750)
(36.36363636 51.76470588 750)
(54.54545455 51.76470588 750)
(72.72727273 51.76470588 750)
(90.90909091 51.76470588 750)
(109.0909091 51.76470588 750)
(127.2727273 51.76470588 750)
(145.4545455 51.76470588 750)
(163.6363636 51.76470588 750)
(181.8181818 51.76470588 750)
(200 51.76470588 750)
(218.1818182 51.76470588 750)
(236.3636364 51.76470588 750)
(254.5454545 51.76470588 750)
(272.7272727 51.76470588 750)
(290.9090909 51.76470588 750)
(309.0909091 51.76470588 750)
(327.2727273 51.76470588 750)
(345.4545455 51.76470588 750)
(363.6363636 51.76470588 750)
(381.8181818 51.76470588 750)
(400 51.76470588 750)
(418.1818182 51.76470588 750)
(436.3636364 51.76470588 750)
(454.5454545 51.76470588 750)
(472.7272727 51.76470588 750)
(490.9090909 51.76470588 750)
(509.0909091 51.76470588 750)
(527.2727273 51.76470588 750)
(545.4545455 51.76470588 750)
(563.6363636 51.76470588 750)
(581.8181818 51.76470588 750)
(600 51.76470588 750)
(618.1818182 51.76470588 750)
(636.3636364 51.76470588 750)
(654.5454545 51.76470588 750)
(672.7272727 51.76470588 750)
(690.9090909 51.76470588 750)
(709.0909091 51.76470588 750)
(727.2727273 51.76470588 750)
(745.4545455 51.76470588 750)
(763.6363636 51.76470588 750)
(781.8181818 51.76470588 750)
(800 51.76470588 750)
(818.1818182 51.76470588 750)
(836.3636364 51.76470588 750)
(854.5454545 51.76470588 750)
(872.7272727 51.76470588 750)
(890.9090909 51.76470588 750)
(909.0909091 51.76470588 750)
(927.2727273 51.76470588 750)
(945.4545455 51.76470588 750)
(963.6363636 51.76470588 750)
(981.8181818 51.76470588 750)
(1000 51.76470588 750)
(1018.181818 51.76470588 750)
(1036.363636 51.76470588 750)
(1054.545455 51.76470588 750)
(1072.727273 51.76470588 750)
(1090.909091 51.76470588 750)
(1109.090909 51.76470588 750)
(1127.272727 51.76470588 750)
(1145.454545 51.76470588 750)
(1163.636364 51.76470588 750)
(1181.818182 51.76470588 750)
(1200 51.76470588 750)
(1218.181818 51.76470588 750)
(1236.363636 51.76470588 750)
(1254.545455 51.76470588 750)
(1272.727273 51.76470588 750)
(1290.909091 51.76470588 750)
(1309.090909 51.76470588 750)
(1327.272727 51.76470588 750)
(1345.454545 51.76470588 750)
(1363.636364 51.76470588 750)
(1381.818182 51.76470588 750)
(1400 51.76470588 750)
(1418.181818 51.76470588 750)
(1436.363636 51.76470588 750)
(1454.545455 51.76470588 750)
(1472.727273 51.76470588 750)
(1490.909091 51.76470588 750)
(1509.090909 51.76470588 750)
(1527.272727 51.76470588 750)
(1545.454545 51.76470588 750)
(1563.636364 51.76470588 750)
(1581.818182 51.76470588 750)
(1600 51.76470588 750)
(1618.181818 51.76470588 750)
(1636.363636 51.76470588 750)
(1654.545455 51.76470588 750)
(1672.727273 51.76470588 750)
(1690.909091 51.76470588 750)
(1709.090909 51.76470588 750)
(1727.272727 51.76470588 750)
(1745.454545 51.76470588 750)
(1763.636364 51.76470588 750)
(1781.818182 51.76470588 750)
(1800 51.76470588 750)
(1818.181818 51.76470588 750)
(1836.363636 51.76470588 750)
(1854.545455 51.76470588 750)
(1872.727273 51.76470588 750)
(1890.909091 51.76470588 750)
(1909.090909 51.76470588 750)
(1927.272727 51.76470588 750)
(1945.454545 51.76470588 750)
(1963.636364 51.76470588 750)
(1981.818182 51.76470588 750)
(2000 51.76470588 750)
(0 52.94117647 750)
(18.18181818 52.94117647 750)
(36.36363636 52.94117647 750)
(54.54545455 52.94117647 750)
(72.72727273 52.94117647 750)
(90.90909091 52.94117647 750)
(109.0909091 52.94117647 750)
(127.2727273 52.94117647 750)
(145.4545455 52.94117647 750)
(163.6363636 52.94117647 750)
(181.8181818 52.94117647 750)
(200 52.94117647 750)
(218.1818182 52.94117647 750)
(236.3636364 52.94117647 750)
(254.5454545 52.94117647 750)
(272.7272727 52.94117647 750)
(290.9090909 52.94117647 750)
(309.0909091 52.94117647 750)
(327.2727273 52.94117647 750)
(345.4545455 52.94117647 750)
(363.6363636 52.94117647 750)
(381.8181818 52.94117647 750)
(400 52.94117647 750)
(418.1818182 52.94117647 750)
(436.3636364 52.94117647 750)
(454.5454545 52.94117647 750)
(472.7272727 52.94117647 750)
(490.9090909 52.94117647 750)
(509.0909091 52.94117647 750)
(527.2727273 52.94117647 750)
(545.4545455 52.94117647 750)
(563.6363636 52.94117647 750)
(581.8181818 52.94117647 750)
(600 52.94117647 750)
(618.1818182 52.94117647 750)
(636.3636364 52.94117647 750)
(654.5454545 52.94117647 750)
(672.7272727 52.94117647 750)
(690.9090909 52.94117647 750)
(709.0909091 52.94117647 750)
(727.2727273 52.94117647 750)
(745.4545455 52.94117647 750)
(763.6363636 52.94117647 750)
(781.8181818 52.94117647 750)
(800 52.94117647 750)
(818.1818182 52.94117647 750)
(836.3636364 52.94117647 750)
(854.5454545 52.94117647 750)
(872.7272727 52.94117647 750)
(890.9090909 52.94117647 750)
(909.0909091 52.94117647 750)
(927.2727273 52.94117647 750)
(945.4545455 52.94117647 750)
(963.6363636 52.94117647 750)
(981.8181818 52.94117647 750)
(1000 52.94117647 750)
(1018.181818 52.94117647 750)
(1036.363636 52.94117647 750)
(1054.545455 52.94117647 750)
(1072.727273 52.94117647 750)
(1090.909091 52.94117647 750)
(1109.090909 52.94117647 750)
(1127.272727 52.94117647 750)
(1145.454545 52.94117647 750)
(1163.636364 52.94117647 750)
(1181.818182 52.94117647 750)
(1200 52.94117647 750)
(1218.181818 52.94117647 750)
(1236.363636 52.94117647 750)
(1254.545455 52.94117647 750)
(1272.727273 52.94117647 750)
(1290.909091 52.94117647 750)
(1309.090909 52.94117647 750)
(1327.272727 52.94117647 750)
(1345.454545 52.94117647 750)
(1363.636364 52.94117647 750)
(1381.818182 52.94117647 750)
(1400 52.94117647 750)
(1418.181818 52.94117647 750)
(1436.363636 52.94117647 750)
(1454.545455 52.94117647 750)
(1472.727273 52.94117647 750)
(1490.909091 52.94117647 750)
(1509.090909 52.94117647 750)
(1527.272727 52.94117647 750)
(1545.454545 52.94117647 750)
(1563.636364 52.94117647 750)
(1581.818182 52.94117647 750)
(1600 52.94117647 750)
(1618.181818 52.94117647 750)
(1636.363636 52.94117647 750)
(1654.545455 52.94117647 750)
(1672.727273 52.94117647 750)
(1690.909091 52.94117647 750)
(1709.090909 52.94117647 750)
(1727.272727 52.94117647 750)
(1745.454545 52.94117647 750)
(1763.636364 52.94117647 750)
(1781.818182 52.94117647 750)
(1800 52.94117647 750)
(1818.181818 52.94117647 750)
(1836.363636 52.94117647 750)
(1854.545455 52.94117647 750)
(1872.727273 52.94117647 750)
(1890.909091 52.94117647 750)
(1909.090909 52.94117647 750)
(1927.272727 52.94117647 750)
(1945.454545 52.94117647 750)
(1963.636364 52.94117647 750)
(1981.818182 52.94117647 750)
(2000 52.94117647 750)
(0 54.11764706 750)
(18.18181818 54.11764706 750)
(36.36363636 54.11764706 750)
(54.54545455 54.11764706 750)
(72.72727273 54.11764706 750)
(90.90909091 54.11764706 750)
(109.0909091 54.11764706 750)
(127.2727273 54.11764706 750)
(145.4545455 54.11764706 750)
(163.6363636 54.11764706 750)
(181.8181818 54.11764706 750)
(200 54.11764706 750)
(218.1818182 54.11764706 750)
(236.3636364 54.11764706 750)
(254.5454545 54.11764706 750)
(272.7272727 54.11764706 750)
(290.9090909 54.11764706 750)
(309.0909091 54.11764706 750)
(327.2727273 54.11764706 750)
(345.4545455 54.11764706 750)
(363.6363636 54.11764706 750)
(381.8181818 54.11764706 750)
(400 54.11764706 750)
(418.1818182 54.11764706 750)
(436.3636364 54.11764706 750)
(454.5454545 54.11764706 750)
(472.7272727 54.11764706 750)
(490.9090909 54.11764706 750)
(509.0909091 54.11764706 750)
(527.2727273 54.11764706 750)
(545.4545455 54.11764706 750)
(563.6363636 54.11764706 750)
(581.8181818 54.11764706 750)
(600 54.11764706 750)
(618.1818182 54.11764706 750)
(636.3636364 54.11764706 750)
(654.5454545 54.11764706 750)
(672.7272727 54.11764706 750)
(690.9090909 54.11764706 750)
(709.0909091 54.11764706 750)
(727.2727273 54.11764706 750)
(745.4545455 54.11764706 750)
(763.6363636 54.11764706 750)
(781.8181818 54.11764706 750)
(800 54.11764706 750)
(818.1818182 54.11764706 750)
(836.3636364 54.11764706 750)
(854.5454545 54.11764706 750)
(872.7272727 54.11764706 750)
(890.9090909 54.11764706 750)
(909.0909091 54.11764706 750)
(927.2727273 54.11764706 750)
(945.4545455 54.11764706 750)
(963.6363636 54.11764706 750)
(981.8181818 54.11764706 750)
(1000 54.11764706 750)
(1018.181818 54.11764706 750)
(1036.363636 54.11764706 750)
(1054.545455 54.11764706 750)
(1072.727273 54.11764706 750)
(1090.909091 54.11764706 750)
(1109.090909 54.11764706 750)
(1127.272727 54.11764706 750)
(1145.454545 54.11764706 750)
(1163.636364 54.11764706 750)
(1181.818182 54.11764706 750)
(1200 54.11764706 750)
(1218.181818 54.11764706 750)
(1236.363636 54.11764706 750)
(1254.545455 54.11764706 750)
(1272.727273 54.11764706 750)
(1290.909091 54.11764706 750)
(1309.090909 54.11764706 750)
(1327.272727 54.11764706 750)
(1345.454545 54.11764706 750)
(1363.636364 54.11764706 750)
(1381.818182 54.11764706 750)
(1400 54.11764706 750)
(1418.181818 54.11764706 750)
(1436.363636 54.11764706 750)
(1454.545455 54.11764706 750)
(1472.727273 54.11764706 750)
(1490.909091 54.11764706 750)
(1509.090909 54.11764706 750)
(1527.272727 54.11764706 750)
(1545.454545 54.11764706 750)
(1563.636364 54.11764706 750)
(1581.818182 54.11764706 750)
(1600 54.11764706 750)
(1618.181818 54.11764706 750)
(1636.363636 54.11764706 750)
(1654.545455 54.11764706 750)
(1672.727273 54.11764706 750)
(1690.909091 54.11764706 750)
(1709.090909 54.11764706 750)
(1727.272727 54.11764706 750)
(1745.454545 54.11764706 750)
(1763.636364 54.11764706 750)
(1781.818182 54.11764706 750)
(1800 54.11764706 750)
(1818.181818 54.11764706 750)
(1836.363636 54.11764706 750)
(1854.545455 54.11764706 750)
(1872.727273 54.11764706 750)
(1890.909091 54.11764706 750)
(1909.090909 54.11764706 750)
(1927.272727 54.11764706 750)
(1945.454545 54.11764706 750)
(1963.636364 54.11764706 750)
(1981.818182 54.11764706 750)
(2000 54.11764706 750)
(0 55.29411765 750)
(18.18181818 55.29411765 750)
(36.36363636 55.29411765 750)
(54.54545455 55.29411765 750)
(72.72727273 55.29411765 750)
(90.90909091 55.29411765 750)
(109.0909091 55.29411765 750)
(127.2727273 55.29411765 750)
(145.4545455 55.29411765 750)
(163.6363636 55.29411765 750)
(181.8181818 55.29411765 750)
(200 55.29411765 750)
(218.1818182 55.29411765 750)
(236.3636364 55.29411765 750)
(254.5454545 55.29411765 750)
(272.7272727 55.29411765 750)
(290.9090909 55.29411765 750)
(309.0909091 55.29411765 750)
(327.2727273 55.29411765 750)
(345.4545455 55.29411765 750)
(363.6363636 55.29411765 750)
(381.8181818 55.29411765 750)
(400 55.29411765 750)
(418.1818182 55.29411765 750)
(436.3636364 55.29411765 750)
(454.5454545 55.29411765 750)
(472.7272727 55.29411765 750)
(490.9090909 55.29411765 750)
(509.0909091 55.29411765 750)
(527.2727273 55.29411765 750)
(545.4545455 55.29411765 750)
(563.6363636 55.29411765 750)
(581.8181818 55.29411765 750)
(600 55.29411765 750)
(618.1818182 55.29411765 750)
(636.3636364 55.29411765 750)
(654.5454545 55.29411765 750)
(672.7272727 55.29411765 750)
(690.9090909 55.29411765 750)
(709.0909091 55.29411765 750)
(727.2727273 55.29411765 750)
(745.4545455 55.29411765 750)
(763.6363636 55.29411765 750)
(781.8181818 55.29411765 750)
(800 55.29411765 750)
(818.1818182 55.29411765 750)
(836.3636364 55.29411765 750)
(854.5454545 55.29411765 750)
(872.7272727 55.29411765 750)
(890.9090909 55.29411765 750)
(909.0909091 55.29411765 750)
(927.2727273 55.29411765 750)
(945.4545455 55.29411765 750)
(963.6363636 55.29411765 750)
(981.8181818 55.29411765 750)
(1000 55.29411765 750)
(1018.181818 55.29411765 750)
(1036.363636 55.29411765 750)
(1054.545455 55.29411765 750)
(1072.727273 55.29411765 750)
(1090.909091 55.29411765 750)
(1109.090909 55.29411765 750)
(1127.272727 55.29411765 750)
(1145.454545 55.29411765 750)
(1163.636364 55.29411765 750)
(1181.818182 55.29411765 750)
(1200 55.29411765 750)
(1218.181818 55.29411765 750)
(1236.363636 55.29411765 750)
(1254.545455 55.29411765 750)
(1272.727273 55.29411765 750)
(1290.909091 55.29411765 750)
(1309.090909 55.29411765 750)
(1327.272727 55.29411765 750)
(1345.454545 55.29411765 750)
(1363.636364 55.29411765 750)
(1381.818182 55.29411765 750)
(1400 55.29411765 750)
(1418.181818 55.29411765 750)
(1436.363636 55.29411765 750)
(1454.545455 55.29411765 750)
(1472.727273 55.29411765 750)
(1490.909091 55.29411765 750)
(1509.090909 55.29411765 750)
(1527.272727 55.29411765 750)
(1545.454545 55.29411765 750)
(1563.636364 55.29411765 750)
(1581.818182 55.29411765 750)
(1600 55.29411765 750)
(1618.181818 55.29411765 750)
(1636.363636 55.29411765 750)
(1654.545455 55.29411765 750)
(1672.727273 55.29411765 750)
(1690.909091 55.29411765 750)
(1709.090909 55.29411765 750)
(1727.272727 55.29411765 750)
(1745.454545 55.29411765 750)
(1763.636364 55.29411765 750)
(1781.818182 55.29411765 750)
(1800 55.29411765 750)
(1818.181818 55.29411765 750)
(1836.363636 55.29411765 750)
(1854.545455 55.29411765 750)
(1872.727273 55.29411765 750)
(1890.909091 55.29411765 750)
(1909.090909 55.29411765 750)
(1927.272727 55.29411765 750)
(1945.454545 55.29411765 750)
(1963.636364 55.29411765 750)
(1981.818182 55.29411765 750)
(2000 55.29411765 750)
(0 56.47058824 750)
(18.18181818 56.47058824 750)
(36.36363636 56.47058824 750)
(54.54545455 56.47058824 750)
(72.72727273 56.47058824 750)
(90.90909091 56.47058824 750)
(109.0909091 56.47058824 750)
(127.2727273 56.47058824 750)
(145.4545455 56.47058824 750)
(163.6363636 56.47058824 750)
(181.8181818 56.47058824 750)
(200 56.47058824 750)
(218.1818182 56.47058824 750)
(236.3636364 56.47058824 750)
(254.5454545 56.47058824 750)
(272.7272727 56.47058824 750)
(290.9090909 56.47058824 750)
(309.0909091 56.47058824 750)
(327.2727273 56.47058824 750)
(345.4545455 56.47058824 750)
(363.6363636 56.47058824 750)
(381.8181818 56.47058824 750)
(400 56.47058824 750)
(418.1818182 56.47058824 750)
(436.3636364 56.47058824 750)
(454.5454545 56.47058824 750)
(472.7272727 56.47058824 750)
(490.9090909 56.47058824 750)
(509.0909091 56.47058824 750)
(527.2727273 56.47058824 750)
(545.4545455 56.47058824 750)
(563.6363636 56.47058824 750)
(581.8181818 56.47058824 750)
(600 56.47058824 750)
(618.1818182 56.47058824 750)
(636.3636364 56.47058824 750)
(654.5454545 56.47058824 750)
(672.7272727 56.47058824 750)
(690.9090909 56.47058824 750)
(709.0909091 56.47058824 750)
(727.2727273 56.47058824 750)
(745.4545455 56.47058824 750)
(763.6363636 56.47058824 750)
(781.8181818 56.47058824 750)
(800 56.47058824 750)
(818.1818182 56.47058824 750)
(836.3636364 56.47058824 750)
(854.5454545 56.47058824 750)
(872.7272727 56.47058824 750)
(890.9090909 56.47058824 750)
(909.0909091 56.47058824 750)
(927.2727273 56.47058824 750)
(945.4545455 56.47058824 750)
(963.6363636 56.47058824 750)
(981.8181818 56.47058824 750)
(1000 56.47058824 750)
(1018.181818 56.47058824 750)
(1036.363636 56.47058824 750)
(1054.545455 56.47058824 750)
(1072.727273 56.47058824 750)
(1090.909091 56.47058824 750)
(1109.090909 56.47058824 750)
(1127.272727 56.47058824 750)
(1145.454545 56.47058824 750)
(1163.636364 56.47058824 750)
(1181.818182 56.47058824 750)
(1200 56.47058824 750)
(1218.181818 56.47058824 750)
(1236.363636 56.47058824 750)
(1254.545455 56.47058824 750)
(1272.727273 56.47058824 750)
(1290.909091 56.47058824 750)
(1309.090909 56.47058824 750)
(1327.272727 56.47058824 750)
(1345.454545 56.47058824 750)
(1363.636364 56.47058824 750)
(1381.818182 56.47058824 750)
(1400 56.47058824 750)
(1418.181818 56.47058824 750)
(1436.363636 56.47058824 750)
(1454.545455 56.47058824 750)
(1472.727273 56.47058824 750)
(1490.909091 56.47058824 750)
(1509.090909 56.47058824 750)
(1527.272727 56.47058824 750)
(1545.454545 56.47058824 750)
(1563.636364 56.47058824 750)
(1581.818182 56.47058824 750)
(1600 56.47058824 750)
(1618.181818 56.47058824 750)
(1636.363636 56.47058824 750)
(1654.545455 56.47058824 750)
(1672.727273 56.47058824 750)
(1690.909091 56.47058824 750)
(1709.090909 56.47058824 750)
(1727.272727 56.47058824 750)
(1745.454545 56.47058824 750)
(1763.636364 56.47058824 750)
(1781.818182 56.47058824 750)
(1800 56.47058824 750)
(1818.181818 56.47058824 750)
(1836.363636 56.47058824 750)
(1854.545455 56.47058824 750)
(1872.727273 56.47058824 750)
(1890.909091 56.47058824 750)
(1909.090909 56.47058824 750)
(1927.272727 56.47058824 750)
(1945.454545 56.47058824 750)
(1963.636364 56.47058824 750)
(1981.818182 56.47058824 750)
(2000 56.47058824 750)
(0 57.64705882 750)
(18.18181818 57.64705882 750)
(36.36363636 57.64705882 750)
(54.54545455 57.64705882 750)
(72.72727273 57.64705882 750)
(90.90909091 57.64705882 750)
(109.0909091 57.64705882 750)
(127.2727273 57.64705882 750)
(145.4545455 57.64705882 750)
(163.6363636 57.64705882 750)
(181.8181818 57.64705882 750)
(200 57.64705882 750)
(218.1818182 57.64705882 750)
(236.3636364 57.64705882 750)
(254.5454545 57.64705882 750)
(272.7272727 57.64705882 750)
(290.9090909 57.64705882 750)
(309.0909091 57.64705882 750)
(327.2727273 57.64705882 750)
(345.4545455 57.64705882 750)
(363.6363636 57.64705882 750)
(381.8181818 57.64705882 750)
(400 57.64705882 750)
(418.1818182 57.64705882 750)
(436.3636364 57.64705882 750)
(454.5454545 57.64705882 750)
(472.7272727 57.64705882 750)
(490.9090909 57.64705882 750)
(509.0909091 57.64705882 750)
(527.2727273 57.64705882 750)
(545.4545455 57.64705882 750)
(563.6363636 57.64705882 750)
(581.8181818 57.64705882 750)
(600 57.64705882 750)
(618.1818182 57.64705882 750)
(636.3636364 57.64705882 750)
(654.5454545 57.64705882 750)
(672.7272727 57.64705882 750)
(690.9090909 57.64705882 750)
(709.0909091 57.64705882 750)
(727.2727273 57.64705882 750)
(745.4545455 57.64705882 750)
(763.6363636 57.64705882 750)
(781.8181818 57.64705882 750)
(800 57.64705882 750)
(818.1818182 57.64705882 750)
(836.3636364 57.64705882 750)
(854.5454545 57.64705882 750)
(872.7272727 57.64705882 750)
(890.9090909 57.64705882 750)
(909.0909091 57.64705882 750)
(927.2727273 57.64705882 750)
(945.4545455 57.64705882 750)
(963.6363636 57.64705882 750)
(981.8181818 57.64705882 750)
(1000 57.64705882 750)
(1018.181818 57.64705882 750)
(1036.363636 57.64705882 750)
(1054.545455 57.64705882 750)
(1072.727273 57.64705882 750)
(1090.909091 57.64705882 750)
(1109.090909 57.64705882 750)
(1127.272727 57.64705882 750)
(1145.454545 57.64705882 750)
(1163.636364 57.64705882 750)
(1181.818182 57.64705882 750)
(1200 57.64705882 750)
(1218.181818 57.64705882 750)
(1236.363636 57.64705882 750)
(1254.545455 57.64705882 750)
(1272.727273 57.64705882 750)
(1290.909091 57.64705882 750)
(1309.090909 57.64705882 750)
(1327.272727 57.64705882 750)
(1345.454545 57.64705882 750)
(1363.636364 57.64705882 750)
(1381.818182 57.64705882 750)
(1400 57.64705882 750)
(1418.181818 57.64705882 750)
(1436.363636 57.64705882 750)
(1454.545455 57.64705882 750)
(1472.727273 57.64705882 750)
(1490.909091 57.64705882 750)
(1509.090909 57.64705882 750)
(1527.272727 57.64705882 750)
(1545.454545 57.64705882 750)
(1563.636364 57.64705882 750)
(1581.818182 57.64705882 750)
(1600 57.64705882 750)
(1618.181818 57.64705882 750)
(1636.363636 57.64705882 750)
(1654.545455 57.64705882 750)
(1672.727273 57.64705882 750)
(1690.909091 57.64705882 750)
(1709.090909 57.64705882 750)
(1727.272727 57.64705882 750)
(1745.454545 57.64705882 750)
(1763.636364 57.64705882 750)
(1781.818182 57.64705882 750)
(1800 57.64705882 750)
(1818.181818 57.64705882 750)
(1836.363636 57.64705882 750)
(1854.545455 57.64705882 750)
(1872.727273 57.64705882 750)
(1890.909091 57.64705882 750)
(1909.090909 57.64705882 750)
(1927.272727 57.64705882 750)
(1945.454545 57.64705882 750)
(1963.636364 57.64705882 750)
(1981.818182 57.64705882 750)
(2000 57.64705882 750)
(0 58.82352941 750)
(18.18181818 58.82352941 750)
(36.36363636 58.82352941 750)
(54.54545455 58.82352941 750)
(72.72727273 58.82352941 750)
(90.90909091 58.82352941 750)
(109.0909091 58.82352941 750)
(127.2727273 58.82352941 750)
(145.4545455 58.82352941 750)
(163.6363636 58.82352941 750)
(181.8181818 58.82352941 750)
(200 58.82352941 750)
(218.1818182 58.82352941 750)
(236.3636364 58.82352941 750)
(254.5454545 58.82352941 750)
(272.7272727 58.82352941 750)
(290.9090909 58.82352941 750)
(309.0909091 58.82352941 750)
(327.2727273 58.82352941 750)
(345.4545455 58.82352941 750)
(363.6363636 58.82352941 750)
(381.8181818 58.82352941 750)
(400 58.82352941 750)
(418.1818182 58.82352941 750)
(436.3636364 58.82352941 750)
(454.5454545 58.82352941 750)
(472.7272727 58.82352941 750)
(490.9090909 58.82352941 750)
(509.0909091 58.82352941 750)
(527.2727273 58.82352941 750)
(545.4545455 58.82352941 750)
(563.6363636 58.82352941 750)
(581.8181818 58.82352941 750)
(600 58.82352941 750)
(618.1818182 58.82352941 750)
(636.3636364 58.82352941 750)
(654.5454545 58.82352941 750)
(672.7272727 58.82352941 750)
(690.9090909 58.82352941 750)
(709.0909091 58.82352941 750)
(727.2727273 58.82352941 750)
(745.4545455 58.82352941 750)
(763.6363636 58.82352941 750)
(781.8181818 58.82352941 750)
(800 58.82352941 750)
(818.1818182 58.82352941 750)
(836.3636364 58.82352941 750)
(854.5454545 58.82352941 750)
(872.7272727 58.82352941 750)
(890.9090909 58.82352941 750)
(909.0909091 58.82352941 750)
(927.2727273 58.82352941 750)
(945.4545455 58.82352941 750)
(963.6363636 58.82352941 750)
(981.8181818 58.82352941 750)
(1000 58.82352941 750)
(1018.181818 58.82352941 750)
(1036.363636 58.82352941 750)
(1054.545455 58.82352941 750)
(1072.727273 58.82352941 750)
(1090.909091 58.82352941 750)
(1109.090909 58.82352941 750)
(1127.272727 58.82352941 750)
(1145.454545 58.82352941 750)
(1163.636364 58.82352941 750)
(1181.818182 58.82352941 750)
(1200 58.82352941 750)
(1218.181818 58.82352941 750)
(1236.363636 58.82352941 750)
(1254.545455 58.82352941 750)
(1272.727273 58.82352941 750)
(1290.909091 58.82352941 750)
(1309.090909 58.82352941 750)
(1327.272727 58.82352941 750)
(1345.454545 58.82352941 750)
(1363.636364 58.82352941 750)
(1381.818182 58.82352941 750)
(1400 58.82352941 750)
(1418.181818 58.82352941 750)
(1436.363636 58.82352941 750)
(1454.545455 58.82352941 750)
(1472.727273 58.82352941 750)
(1490.909091 58.82352941 750)
(1509.090909 58.82352941 750)
(1527.272727 58.82352941 750)
(1545.454545 58.82352941 750)
(1563.636364 58.82352941 750)
(1581.818182 58.82352941 750)
(1600 58.82352941 750)
(1618.181818 58.82352941 750)
(1636.363636 58.82352941 750)
(1654.545455 58.82352941 750)
(1672.727273 58.82352941 750)
(1690.909091 58.82352941 750)
(1709.090909 58.82352941 750)
(1727.272727 58.82352941 750)
(1745.454545 58.82352941 750)
(1763.636364 58.82352941 750)
(1781.818182 58.82352941 750)
(1800 58.82352941 750)
(1818.181818 58.82352941 750)
(1836.363636 58.82352941 750)
(1854.545455 58.82352941 750)
(1872.727273 58.82352941 750)
(1890.909091 58.82352941 750)
(1909.090909 58.82352941 750)
(1927.272727 58.82352941 750)
(1945.454545 58.82352941 750)
(1963.636364 58.82352941 750)
(1981.818182 58.82352941 750)
(2000 58.82352941 750)
(0 60 750)
(18.18181818 60 750)
(36.36363636 60 750)
(54.54545455 60 750)
(72.72727273 60 750)
(90.90909091 60 750)
(109.0909091 60 750)
(127.2727273 60 750)
(145.4545455 60 750)
(163.6363636 60 750)
(181.8181818 60 750)
(200 60 750)
(218.1818182 60 750)
(236.3636364 60 750)
(254.5454545 60 750)
(272.7272727 60 750)
(290.9090909 60 750)
(309.0909091 60 750)
(327.2727273 60 750)
(345.4545455 60 750)
(363.6363636 60 750)
(381.8181818 60 750)
(400 60 750)
(418.1818182 60 750)
(436.3636364 60 750)
(454.5454545 60 750)
(472.7272727 60 750)
(490.9090909 60 750)
(509.0909091 60 750)
(527.2727273 60 750)
(545.4545455 60 750)
(563.6363636 60 750)
(581.8181818 60 750)
(600 60 750)
(618.1818182 60 750)
(636.3636364 60 750)
(654.5454545 60 750)
(672.7272727 60 750)
(690.9090909 60 750)
(709.0909091 60 750)
(727.2727273 60 750)
(745.4545455 60 750)
(763.6363636 60 750)
(781.8181818 60 750)
(800 60 750)
(818.1818182 60 750)
(836.3636364 60 750)
(854.5454545 60 750)
(872.7272727 60 750)
(890.9090909 60 750)
(909.0909091 60 750)
(927.2727273 60 750)
(945.4545455 60 750)
(963.6363636 60 750)
(981.8181818 60 750)
(1000 60 750)
(1018.181818 60 750)
(1036.363636 60 750)
(1054.545455 60 750)
(1072.727273 60 750)
(1090.909091 60 750)
(1109.090909 60 750)
(1127.272727 60 750)
(1145.454545 60 750)
(1163.636364 60 750)
(1181.818182 60 750)
(1200 60 750)
(1218.181818 60 750)
(1236.363636 60 750)
(1254.545455 60 750)
(1272.727273 60 750)
(1290.909091 60 750)
(1309.090909 60 750)
(1327.272727 60 750)
(1345.454545 60 750)
(1363.636364 60 750)
(1381.818182 60 750)
(1400 60 750)
(1418.181818 60 750)
(1436.363636 60 750)
(1454.545455 60 750)
(1472.727273 60 750)
(1490.909091 60 750)
(1509.090909 60 750)
(1527.272727 60 750)
(1545.454545 60 750)
(1563.636364 60 750)
(1581.818182 60 750)
(1600 60 750)
(1618.181818 60 750)
(1636.363636 60 750)
(1654.545455 60 750)
(1672.727273 60 750)
(1690.909091 60 750)
(1709.090909 60 750)
(1727.272727 60 750)
(1745.454545 60 750)
(1763.636364 60 750)
(1781.818182 60 750)
(1800 60 750)
(1818.181818 60 750)
(1836.363636 60 750)
(1854.545455 60 750)
(1872.727273 60 750)
(1890.909091 60 750)
(1909.090909 60 750)
(1927.272727 60 750)
(1945.454545 60 750)
(1963.636364 60 750)
(1981.818182 60 750)
(2000 60 750)
(0 61.17647059 750)
(18.18181818 61.17647059 750)
(36.36363636 61.17647059 750)
(54.54545455 61.17647059 750)
(72.72727273 61.17647059 750)
(90.90909091 61.17647059 750)
(109.0909091 61.17647059 750)
(127.2727273 61.17647059 750)
(145.4545455 61.17647059 750)
(163.6363636 61.17647059 750)
(181.8181818 61.17647059 750)
(200 61.17647059 750)
(218.1818182 61.17647059 750)
(236.3636364 61.17647059 750)
(254.5454545 61.17647059 750)
(272.7272727 61.17647059 750)
(290.9090909 61.17647059 750)
(309.0909091 61.17647059 750)
(327.2727273 61.17647059 750)
(345.4545455 61.17647059 750)
(363.6363636 61.17647059 750)
(381.8181818 61.17647059 750)
(400 61.17647059 750)
(418.1818182 61.17647059 750)
(436.3636364 61.17647059 750)
(454.5454545 61.17647059 750)
(472.7272727 61.17647059 750)
(490.9090909 61.17647059 750)
(509.0909091 61.17647059 750)
(527.2727273 61.17647059 750)
(545.4545455 61.17647059 750)
(563.6363636 61.17647059 750)
(581.8181818 61.17647059 750)
(600 61.17647059 750)
(618.1818182 61.17647059 750)
(636.3636364 61.17647059 750)
(654.5454545 61.17647059 750)
(672.7272727 61.17647059 750)
(690.9090909 61.17647059 750)
(709.0909091 61.17647059 750)
(727.2727273 61.17647059 750)
(745.4545455 61.17647059 750)
(763.6363636 61.17647059 750)
(781.8181818 61.17647059 750)
(800 61.17647059 750)
(818.1818182 61.17647059 750)
(836.3636364 61.17647059 750)
(854.5454545 61.17647059 750)
(872.7272727 61.17647059 750)
(890.9090909 61.17647059 750)
(909.0909091 61.17647059 750)
(927.2727273 61.17647059 750)
(945.4545455 61.17647059 750)
(963.6363636 61.17647059 750)
(981.8181818 61.17647059 750)
(1000 61.17647059 750)
(1018.181818 61.17647059 750)
(1036.363636 61.17647059 750)
(1054.545455 61.17647059 750)
(1072.727273 61.17647059 750)
(1090.909091 61.17647059 750)
(1109.090909 61.17647059 750)
(1127.272727 61.17647059 750)
(1145.454545 61.17647059 750)
(1163.636364 61.17647059 750)
(1181.818182 61.17647059 750)
(1200 61.17647059 750)
(1218.181818 61.17647059 750)
(1236.363636 61.17647059 750)
(1254.545455 61.17647059 750)
(1272.727273 61.17647059 750)
(1290.909091 61.17647059 750)
(1309.090909 61.17647059 750)
(1327.272727 61.17647059 750)
(1345.454545 61.17647059 750)
(1363.636364 61.17647059 750)
(1381.818182 61.17647059 750)
(1400 61.17647059 750)
(1418.181818 61.17647059 750)
(1436.363636 61.17647059 750)
(1454.545455 61.17647059 750)
(1472.727273 61.17647059 750)
(1490.909091 61.17647059 750)
(1509.090909 61.17647059 750)
(1527.272727 61.17647059 750)
(1545.454545 61.17647059 750)
(1563.636364 61.17647059 750)
(1581.818182 61.17647059 750)
(1600 61.17647059 750)
(1618.181818 61.17647059 750)
(1636.363636 61.17647059 750)
(1654.545455 61.17647059 750)
(1672.727273 61.17647059 750)
(1690.909091 61.17647059 750)
(1709.090909 61.17647059 750)
(1727.272727 61.17647059 750)
(1745.454545 61.17647059 750)
(1763.636364 61.17647059 750)
(1781.818182 61.17647059 750)
(1800 61.17647059 750)
(1818.181818 61.17647059 750)
(1836.363636 61.17647059 750)
(1854.545455 61.17647059 750)
(1872.727273 61.17647059 750)
(1890.909091 61.17647059 750)
(1909.090909 61.17647059 750)
(1927.272727 61.17647059 750)
(1945.454545 61.17647059 750)
(1963.636364 61.17647059 750)
(1981.818182 61.17647059 750)
(2000 61.17647059 750)
(0 62.35294118 750)
(18.18181818 62.35294118 750)
(36.36363636 62.35294118 750)
(54.54545455 62.35294118 750)
(72.72727273 62.35294118 750)
(90.90909091 62.35294118 750)
(109.0909091 62.35294118 750)
(127.2727273 62.35294118 750)
(145.4545455 62.35294118 750)
(163.6363636 62.35294118 750)
(181.8181818 62.35294118 750)
(200 62.35294118 750)
(218.1818182 62.35294118 750)
(236.3636364 62.35294118 750)
(254.5454545 62.35294118 750)
(272.7272727 62.35294118 750)
(290.9090909 62.35294118 750)
(309.0909091 62.35294118 750)
(327.2727273 62.35294118 750)
(345.4545455 62.35294118 750)
(363.6363636 62.35294118 750)
(381.8181818 62.35294118 750)
(400 62.35294118 750)
(418.1818182 62.35294118 750)
(436.3636364 62.35294118 750)
(454.5454545 62.35294118 750)
(472.7272727 62.35294118 750)
(490.9090909 62.35294118 750)
(509.0909091 62.35294118 750)
(527.2727273 62.35294118 750)
(545.4545455 62.35294118 750)
(563.6363636 62.35294118 750)
(581.8181818 62.35294118 750)
(600 62.35294118 750)
(618.1818182 62.35294118 750)
(636.3636364 62.35294118 750)
(654.5454545 62.35294118 750)
(672.7272727 62.35294118 750)
(690.9090909 62.35294118 750)
(709.0909091 62.35294118 750)
(727.2727273 62.35294118 750)
(745.4545455 62.35294118 750)
(763.6363636 62.35294118 750)
(781.8181818 62.35294118 750)
(800 62.35294118 750)
(818.1818182 62.35294118 750)
(836.3636364 62.35294118 750)
(854.5454545 62.35294118 750)
(872.7272727 62.35294118 750)
(890.9090909 62.35294118 750)
(909.0909091 62.35294118 750)
(927.2727273 62.35294118 750)
(945.4545455 62.35294118 750)
(963.6363636 62.35294118 750)
(981.8181818 62.35294118 750)
(1000 62.35294118 750)
(1018.181818 62.35294118 750)
(1036.363636 62.35294118 750)
(1054.545455 62.35294118 750)
(1072.727273 62.35294118 750)
(1090.909091 62.35294118 750)
(1109.090909 62.35294118 750)
(1127.272727 62.35294118 750)
(1145.454545 62.35294118 750)
(1163.636364 62.35294118 750)
(1181.818182 62.35294118 750)
(1200 62.35294118 750)
(1218.181818 62.35294118 750)
(1236.363636 62.35294118 750)
(1254.545455 62.35294118 750)
(1272.727273 62.35294118 750)
(1290.909091 62.35294118 750)
(1309.090909 62.35294118 750)
(1327.272727 62.35294118 750)
(1345.454545 62.35294118 750)
(1363.636364 62.35294118 750)
(1381.818182 62.35294118 750)
(1400 62.35294118 750)
(1418.181818 62.35294118 750)
(1436.363636 62.35294118 750)
(1454.545455 62.35294118 750)
(1472.727273 62.35294118 750)
(1490.909091 62.35294118 750)
(1509.090909 62.35294118 750)
(1527.272727 62.35294118 750)
(1545.454545 62.35294118 750)
(1563.636364 62.35294118 750)
(1581.818182 62.35294118 750)
(1600 62.35294118 750)
(1618.181818 62.35294118 750)
(1636.363636 62.35294118 750)
(1654.545455 62.35294118 750)
(1672.727273 62.35294118 750)
(1690.909091 62.35294118 750)
(1709.090909 62.35294118 750)
(1727.272727 62.35294118 750)
(1745.454545 62.35294118 750)
(1763.636364 62.35294118 750)
(1781.818182 62.35294118 750)
(1800 62.35294118 750)
(1818.181818 62.35294118 750)
(1836.363636 62.35294118 750)
(1854.545455 62.35294118 750)
(1872.727273 62.35294118 750)
(1890.909091 62.35294118 750)
(1909.090909 62.35294118 750)
(1927.272727 62.35294118 750)
(1945.454545 62.35294118 750)
(1963.636364 62.35294118 750)
(1981.818182 62.35294118 750)
(2000 62.35294118 750)
(0 63.52941176 750)
(18.18181818 63.52941176 750)
(36.36363636 63.52941176 750)
(54.54545455 63.52941176 750)
(72.72727273 63.52941176 750)
(90.90909091 63.52941176 750)
(109.0909091 63.52941176 750)
(127.2727273 63.52941176 750)
(145.4545455 63.52941176 750)
(163.6363636 63.52941176 750)
(181.8181818 63.52941176 750)
(200 63.52941176 750)
(218.1818182 63.52941176 750)
(236.3636364 63.52941176 750)
(254.5454545 63.52941176 750)
(272.7272727 63.52941176 750)
(290.9090909 63.52941176 750)
(309.0909091 63.52941176 750)
(327.2727273 63.52941176 750)
(345.4545455 63.52941176 750)
(363.6363636 63.52941176 750)
(381.8181818 63.52941176 750)
(400 63.52941176 750)
(418.1818182 63.52941176 750)
(436.3636364 63.52941176 750)
(454.5454545 63.52941176 750)
(472.7272727 63.52941176 750)
(490.9090909 63.52941176 750)
(509.0909091 63.52941176 750)
(527.2727273 63.52941176 750)
(545.4545455 63.52941176 750)
(563.6363636 63.52941176 750)
(581.8181818 63.52941176 750)
(600 63.52941176 750)
(618.1818182 63.52941176 750)
(636.3636364 63.52941176 750)
(654.5454545 63.52941176 750)
(672.7272727 63.52941176 750)
(690.9090909 63.52941176 750)
(709.0909091 63.52941176 750)
(727.2727273 63.52941176 750)
(745.4545455 63.52941176 750)
(763.6363636 63.52941176 750)
(781.8181818 63.52941176 750)
(800 63.52941176 750)
(818.1818182 63.52941176 750)
(836.3636364 63.52941176 750)
(854.5454545 63.52941176 750)
(872.7272727 63.52941176 750)
(890.9090909 63.52941176 750)
(909.0909091 63.52941176 750)
(927.2727273 63.52941176 750)
(945.4545455 63.52941176 750)
(963.6363636 63.52941176 750)
(981.8181818 63.52941176 750)
(1000 63.52941176 750)
(1018.181818 63.52941176 750)
(1036.363636 63.52941176 750)
(1054.545455 63.52941176 750)
(1072.727273 63.52941176 750)
(1090.909091 63.52941176 750)
(1109.090909 63.52941176 750)
(1127.272727 63.52941176 750)
(1145.454545 63.52941176 750)
(1163.636364 63.52941176 750)
(1181.818182 63.52941176 750)
(1200 63.52941176 750)
(1218.181818 63.52941176 750)
(1236.363636 63.52941176 750)
(1254.545455 63.52941176 750)
(1272.727273 63.52941176 750)
(1290.909091 63.52941176 750)
(1309.090909 63.52941176 750)
(1327.272727 63.52941176 750)
(1345.454545 63.52941176 750)
(1363.636364 63.52941176 750)
(1381.818182 63.52941176 750)
(1400 63.52941176 750)
(1418.181818 63.52941176 750)
(1436.363636 63.52941176 750)
(1454.545455 63.52941176 750)
(1472.727273 63.52941176 750)
(1490.909091 63.52941176 750)
(1509.090909 63.52941176 750)
(1527.272727 63.52941176 750)
(1545.454545 63.52941176 750)
(1563.636364 63.52941176 750)
(1581.818182 63.52941176 750)
(1600 63.52941176 750)
(1618.181818 63.52941176 750)
(1636.363636 63.52941176 750)
(1654.545455 63.52941176 750)
(1672.727273 63.52941176 750)
(1690.909091 63.52941176 750)
(1709.090909 63.52941176 750)
(1727.272727 63.52941176 750)
(1745.454545 63.52941176 750)
(1763.636364 63.52941176 750)
(1781.818182 63.52941176 750)
(1800 63.52941176 750)
(1818.181818 63.52941176 750)
(1836.363636 63.52941176 750)
(1854.545455 63.52941176 750)
(1872.727273 63.52941176 750)
(1890.909091 63.52941176 750)
(1909.090909 63.52941176 750)
(1927.272727 63.52941176 750)
(1945.454545 63.52941176 750)
(1963.636364 63.52941176 750)
(1981.818182 63.52941176 750)
(2000 63.52941176 750)
(0 64.70588235 750)
(18.18181818 64.70588235 750)
(36.36363636 64.70588235 750)
(54.54545455 64.70588235 750)
(72.72727273 64.70588235 750)
(90.90909091 64.70588235 750)
(109.0909091 64.70588235 750)
(127.2727273 64.70588235 750)
(145.4545455 64.70588235 750)
(163.6363636 64.70588235 750)
(181.8181818 64.70588235 750)
(200 64.70588235 750)
(218.1818182 64.70588235 750)
(236.3636364 64.70588235 750)
(254.5454545 64.70588235 750)
(272.7272727 64.70588235 750)
(290.9090909 64.70588235 750)
(309.0909091 64.70588235 750)
(327.2727273 64.70588235 750)
(345.4545455 64.70588235 750)
(363.6363636 64.70588235 750)
(381.8181818 64.70588235 750)
(400 64.70588235 750)
(418.1818182 64.70588235 750)
(436.3636364 64.70588235 750)
(454.5454545 64.70588235 750)
(472.7272727 64.70588235 750)
(490.9090909 64.70588235 750)
(509.0909091 64.70588235 750)
(527.2727273 64.70588235 750)
(545.4545455 64.70588235 750)
(563.6363636 64.70588235 750)
(581.8181818 64.70588235 750)
(600 64.70588235 750)
(618.1818182 64.70588235 750)
(636.3636364 64.70588235 750)
(654.5454545 64.70588235 750)
(672.7272727 64.70588235 750)
(690.9090909 64.70588235 750)
(709.0909091 64.70588235 750)
(727.2727273 64.70588235 750)
(745.4545455 64.70588235 750)
(763.6363636 64.70588235 750)
(781.8181818 64.70588235 750)
(800 64.70588235 750)
(818.1818182 64.70588235 750)
(836.3636364 64.70588235 750)
(854.5454545 64.70588235 750)
(872.7272727 64.70588235 750)
(890.9090909 64.70588235 750)
(909.0909091 64.70588235 750)
(927.2727273 64.70588235 750)
(945.4545455 64.70588235 750)
(963.6363636 64.70588235 750)
(981.8181818 64.70588235 750)
(1000 64.70588235 750)
(1018.181818 64.70588235 750)
(1036.363636 64.70588235 750)
(1054.545455 64.70588235 750)
(1072.727273 64.70588235 750)
(1090.909091 64.70588235 750)
(1109.090909 64.70588235 750)
(1127.272727 64.70588235 750)
(1145.454545 64.70588235 750)
(1163.636364 64.70588235 750)
(1181.818182 64.70588235 750)
(1200 64.70588235 750)
(1218.181818 64.70588235 750)
(1236.363636 64.70588235 750)
(1254.545455 64.70588235 750)
(1272.727273 64.70588235 750)
(1290.909091 64.70588235 750)
(1309.090909 64.70588235 750)
(1327.272727 64.70588235 750)
(1345.454545 64.70588235 750)
(1363.636364 64.70588235 750)
(1381.818182 64.70588235 750)
(1400 64.70588235 750)
(1418.181818 64.70588235 750)
(1436.363636 64.70588235 750)
(1454.545455 64.70588235 750)
(1472.727273 64.70588235 750)
(1490.909091 64.70588235 750)
(1509.090909 64.70588235 750)
(1527.272727 64.70588235 750)
(1545.454545 64.70588235 750)
(1563.636364 64.70588235 750)
(1581.818182 64.70588235 750)
(1600 64.70588235 750)
(1618.181818 64.70588235 750)
(1636.363636 64.70588235 750)
(1654.545455 64.70588235 750)
(1672.727273 64.70588235 750)
(1690.909091 64.70588235 750)
(1709.090909 64.70588235 750)
(1727.272727 64.70588235 750)
(1745.454545 64.70588235 750)
(1763.636364 64.70588235 750)
(1781.818182 64.70588235 750)
(1800 64.70588235 750)
(1818.181818 64.70588235 750)
(1836.363636 64.70588235 750)
(1854.545455 64.70588235 750)
(1872.727273 64.70588235 750)
(1890.909091 64.70588235 750)
(1909.090909 64.70588235 750)
(1927.272727 64.70588235 750)
(1945.454545 64.70588235 750)
(1963.636364 64.70588235 750)
(1981.818182 64.70588235 750)
(2000 64.70588235 750)
(0 65.88235294 750)
(18.18181818 65.88235294 750)
(36.36363636 65.88235294 750)
(54.54545455 65.88235294 750)
(72.72727273 65.88235294 750)
(90.90909091 65.88235294 750)
(109.0909091 65.88235294 750)
(127.2727273 65.88235294 750)
(145.4545455 65.88235294 750)
(163.6363636 65.88235294 750)
(181.8181818 65.88235294 750)
(200 65.88235294 750)
(218.1818182 65.88235294 750)
(236.3636364 65.88235294 750)
(254.5454545 65.88235294 750)
(272.7272727 65.88235294 750)
(290.9090909 65.88235294 750)
(309.0909091 65.88235294 750)
(327.2727273 65.88235294 750)
(345.4545455 65.88235294 750)
(363.6363636 65.88235294 750)
(381.8181818 65.88235294 750)
(400 65.88235294 750)
(418.1818182 65.88235294 750)
(436.3636364 65.88235294 750)
(454.5454545 65.88235294 750)
(472.7272727 65.88235294 750)
(490.9090909 65.88235294 750)
(509.0909091 65.88235294 750)
(527.2727273 65.88235294 750)
(545.4545455 65.88235294 750)
(563.6363636 65.88235294 750)
(581.8181818 65.88235294 750)
(600 65.88235294 750)
(618.1818182 65.88235294 750)
(636.3636364 65.88235294 750)
(654.5454545 65.88235294 750)
(672.7272727 65.88235294 750)
(690.9090909 65.88235294 750)
(709.0909091 65.88235294 750)
(727.2727273 65.88235294 750)
(745.4545455 65.88235294 750)
(763.6363636 65.88235294 750)
(781.8181818 65.88235294 750)
(800 65.88235294 750)
(818.1818182 65.88235294 750)
(836.3636364 65.88235294 750)
(854.5454545 65.88235294 750)
(872.7272727 65.88235294 750)
(890.9090909 65.88235294 750)
(909.0909091 65.88235294 750)
(927.2727273 65.88235294 750)
(945.4545455 65.88235294 750)
(963.6363636 65.88235294 750)
(981.8181818 65.88235294 750)
(1000 65.88235294 750)
(1018.181818 65.88235294 750)
(1036.363636 65.88235294 750)
(1054.545455 65.88235294 750)
(1072.727273 65.88235294 750)
(1090.909091 65.88235294 750)
(1109.090909 65.88235294 750)
(1127.272727 65.88235294 750)
(1145.454545 65.88235294 750)
(1163.636364 65.88235294 750)
(1181.818182 65.88235294 750)
(1200 65.88235294 750)
(1218.181818 65.88235294 750)
(1236.363636 65.88235294 750)
(1254.545455 65.88235294 750)
(1272.727273 65.88235294 750)
(1290.909091 65.88235294 750)
(1309.090909 65.88235294 750)
(1327.272727 65.88235294 750)
(1345.454545 65.88235294 750)
(1363.636364 65.88235294 750)
(1381.818182 65.88235294 750)
(1400 65.88235294 750)
(1418.181818 65.88235294 750)
(1436.363636 65.88235294 750)
(1454.545455 65.88235294 750)
(1472.727273 65.88235294 750)
(1490.909091 65.88235294 750)
(1509.090909 65.88235294 750)
(1527.272727 65.88235294 750)
(1545.454545 65.88235294 750)
(1563.636364 65.88235294 750)
(1581.818182 65.88235294 750)
(1600 65.88235294 750)
(1618.181818 65.88235294 750)
(1636.363636 65.88235294 750)
(1654.545455 65.88235294 750)
(1672.727273 65.88235294 750)
(1690.909091 65.88235294 750)
(1709.090909 65.88235294 750)
(1727.272727 65.88235294 750)
(1745.454545 65.88235294 750)
(1763.636364 65.88235294 750)
(1781.818182 65.88235294 750)
(1800 65.88235294 750)
(1818.181818 65.88235294 750)
(1836.363636 65.88235294 750)
(1854.545455 65.88235294 750)
(1872.727273 65.88235294 750)
(1890.909091 65.88235294 750)
(1909.090909 65.88235294 750)
(1927.272727 65.88235294 750)
(1945.454545 65.88235294 750)
(1963.636364 65.88235294 750)
(1981.818182 65.88235294 750)
(2000 65.88235294 750)
(0 67.05882353 750)
(18.18181818 67.05882353 750)
(36.36363636 67.05882353 750)
(54.54545455 67.05882353 750)
(72.72727273 67.05882353 750)
(90.90909091 67.05882353 750)
(109.0909091 67.05882353 750)
(127.2727273 67.05882353 750)
(145.4545455 67.05882353 750)
(163.6363636 67.05882353 750)
(181.8181818 67.05882353 750)
(200 67.05882353 750)
(218.1818182 67.05882353 750)
(236.3636364 67.05882353 750)
(254.5454545 67.05882353 750)
(272.7272727 67.05882353 750)
(290.9090909 67.05882353 750)
(309.0909091 67.05882353 750)
(327.2727273 67.05882353 750)
(345.4545455 67.05882353 750)
(363.6363636 67.05882353 750)
(381.8181818 67.05882353 750)
(400 67.05882353 750)
(418.1818182 67.05882353 750)
(436.3636364 67.05882353 750)
(454.5454545 67.05882353 750)
(472.7272727 67.05882353 750)
(490.9090909 67.05882353 750)
(509.0909091 67.05882353 750)
(527.2727273 67.05882353 750)
(545.4545455 67.05882353 750)
(563.6363636 67.05882353 750)
(581.8181818 67.05882353 750)
(600 67.05882353 750)
(618.1818182 67.05882353 750)
(636.3636364 67.05882353 750)
(654.5454545 67.05882353 750)
(672.7272727 67.05882353 750)
(690.9090909 67.05882353 750)
(709.0909091 67.05882353 750)
(727.2727273 67.05882353 750)
(745.4545455 67.05882353 750)
(763.6363636 67.05882353 750)
(781.8181818 67.05882353 750)
(800 67.05882353 750)
(818.1818182 67.05882353 750)
(836.3636364 67.05882353 750)
(854.5454545 67.05882353 750)
(872.7272727 67.05882353 750)
(890.9090909 67.05882353 750)
(909.0909091 67.05882353 750)
(927.2727273 67.05882353 750)
(945.4545455 67.05882353 750)
(963.6363636 67.05882353 750)
(981.8181818 67.05882353 750)
(1000 67.05882353 750)
(1018.181818 67.05882353 750)
(1036.363636 67.05882353 750)
(1054.545455 67.05882353 750)
(1072.727273 67.05882353 750)
(1090.909091 67.05882353 750)
(1109.090909 67.05882353 750)
(1127.272727 67.05882353 750)
(1145.454545 67.05882353 750)
(1163.636364 67.05882353 750)
(1181.818182 67.05882353 750)
(1200 67.05882353 750)
(1218.181818 67.05882353 750)
(1236.363636 67.05882353 750)
(1254.545455 67.05882353 750)
(1272.727273 67.05882353 750)
(1290.909091 67.05882353 750)
(1309.090909 67.05882353 750)
(1327.272727 67.05882353 750)
(1345.454545 67.05882353 750)
(1363.636364 67.05882353 750)
(1381.818182 67.05882353 750)
(1400 67.05882353 750)
(1418.181818 67.05882353 750)
(1436.363636 67.05882353 750)
(1454.545455 67.05882353 750)
(1472.727273 67.05882353 750)
(1490.909091 67.05882353 750)
(1509.090909 67.05882353 750)
(1527.272727 67.05882353 750)
(1545.454545 67.05882353 750)
(1563.636364 67.05882353 750)
(1581.818182 67.05882353 750)
(1600 67.05882353 750)
(1618.181818 67.05882353 750)
(1636.363636 67.05882353 750)
(1654.545455 67.05882353 750)
(1672.727273 67.05882353 750)
(1690.909091 67.05882353 750)
(1709.090909 67.05882353 750)
(1727.272727 67.05882353 750)
(1745.454545 67.05882353 750)
(1763.636364 67.05882353 750)
(1781.818182 67.05882353 750)
(1800 67.05882353 750)
(1818.181818 67.05882353 750)
(1836.363636 67.05882353 750)
(1854.545455 67.05882353 750)
(1872.727273 67.05882353 750)
(1890.909091 67.05882353 750)
(1909.090909 67.05882353 750)
(1927.272727 67.05882353 750)
(1945.454545 67.05882353 750)
(1963.636364 67.05882353 750)
(1981.818182 67.05882353 750)
(2000 67.05882353 750)
(0 68.23529412 750)
(18.18181818 68.23529412 750)
(36.36363636 68.23529412 750)
(54.54545455 68.23529412 750)
(72.72727273 68.23529412 750)
(90.90909091 68.23529412 750)
(109.0909091 68.23529412 750)
(127.2727273 68.23529412 750)
(145.4545455 68.23529412 750)
(163.6363636 68.23529412 750)
(181.8181818 68.23529412 750)
(200 68.23529412 750)
(218.1818182 68.23529412 750)
(236.3636364 68.23529412 750)
(254.5454545 68.23529412 750)
(272.7272727 68.23529412 750)
(290.9090909 68.23529412 750)
(309.0909091 68.23529412 750)
(327.2727273 68.23529412 750)
(345.4545455 68.23529412 750)
(363.6363636 68.23529412 750)
(381.8181818 68.23529412 750)
(400 68.23529412 750)
(418.1818182 68.23529412 750)
(436.3636364 68.23529412 750)
(454.5454545 68.23529412 750)
(472.7272727 68.23529412 750)
(490.9090909 68.23529412 750)
(509.0909091 68.23529412 750)
(527.2727273 68.23529412 750)
(545.4545455 68.23529412 750)
(563.6363636 68.23529412 750)
(581.8181818 68.23529412 750)
(600 68.23529412 750)
(618.1818182 68.23529412 750)
(636.3636364 68.23529412 750)
(654.5454545 68.23529412 750)
(672.7272727 68.23529412 750)
(690.9090909 68.23529412 750)
(709.0909091 68.23529412 750)
(727.2727273 68.23529412 750)
(745.4545455 68.23529412 750)
(763.6363636 68.23529412 750)
(781.8181818 68.23529412 750)
(800 68.23529412 750)
(818.1818182 68.23529412 750)
(836.3636364 68.23529412 750)
(854.5454545 68.23529412 750)
(872.7272727 68.23529412 750)
(890.9090909 68.23529412 750)
(909.0909091 68.23529412 750)
(927.2727273 68.23529412 750)
(945.4545455 68.23529412 750)
(963.6363636 68.23529412 750)
(981.8181818 68.23529412 750)
(1000 68.23529412 750)
(1018.181818 68.23529412 750)
(1036.363636 68.23529412 750)
(1054.545455 68.23529412 750)
(1072.727273 68.23529412 750)
(1090.909091 68.23529412 750)
(1109.090909 68.23529412 750)
(1127.272727 68.23529412 750)
(1145.454545 68.23529412 750)
(1163.636364 68.23529412 750)
(1181.818182 68.23529412 750)
(1200 68.23529412 750)
(1218.181818 68.23529412 750)
(1236.363636 68.23529412 750)
(1254.545455 68.23529412 750)
(1272.727273 68.23529412 750)
(1290.909091 68.23529412 750)
(1309.090909 68.23529412 750)
(1327.272727 68.23529412 750)
(1345.454545 68.23529412 750)
(1363.636364 68.23529412 750)
(1381.818182 68.23529412 750)
(1400 68.23529412 750)
(1418.181818 68.23529412 750)
(1436.363636 68.23529412 750)
(1454.545455 68.23529412 750)
(1472.727273 68.23529412 750)
(1490.909091 68.23529412 750)
(1509.090909 68.23529412 750)
(1527.272727 68.23529412 750)
(1545.454545 68.23529412 750)
(1563.636364 68.23529412 750)
(1581.818182 68.23529412 750)
(1600 68.23529412 750)
(1618.181818 68.23529412 750)
(1636.363636 68.23529412 750)
(1654.545455 68.23529412 750)
(1672.727273 68.23529412 750)
(1690.909091 68.23529412 750)
(1709.090909 68.23529412 750)
(1727.272727 68.23529412 750)
(1745.454545 68.23529412 750)
(1763.636364 68.23529412 750)
(1781.818182 68.23529412 750)
(1800 68.23529412 750)
(1818.181818 68.23529412 750)
(1836.363636 68.23529412 750)
(1854.545455 68.23529412 750)
(1872.727273 68.23529412 750)
(1890.909091 68.23529412 750)
(1909.090909 68.23529412 750)
(1927.272727 68.23529412 750)
(1945.454545 68.23529412 750)
(1963.636364 68.23529412 750)
(1981.818182 68.23529412 750)
(2000 68.23529412 750)
(0 69.41176471 750)
(18.18181818 69.41176471 750)
(36.36363636 69.41176471 750)
(54.54545455 69.41176471 750)
(72.72727273 69.41176471 750)
(90.90909091 69.41176471 750)
(109.0909091 69.41176471 750)
(127.2727273 69.41176471 750)
(145.4545455 69.41176471 750)
(163.6363636 69.41176471 750)
(181.8181818 69.41176471 750)
(200 69.41176471 750)
(218.1818182 69.41176471 750)
(236.3636364 69.41176471 750)
(254.5454545 69.41176471 750)
(272.7272727 69.41176471 750)
(290.9090909 69.41176471 750)
(309.0909091 69.41176471 750)
(327.2727273 69.41176471 750)
(345.4545455 69.41176471 750)
(363.6363636 69.41176471 750)
(381.8181818 69.41176471 750)
(400 69.41176471 750)
(418.1818182 69.41176471 750)
(436.3636364 69.41176471 750)
(454.5454545 69.41176471 750)
(472.7272727 69.41176471 750)
(490.9090909 69.41176471 750)
(509.0909091 69.41176471 750)
(527.2727273 69.41176471 750)
(545.4545455 69.41176471 750)
(563.6363636 69.41176471 750)
(581.8181818 69.41176471 750)
(600 69.41176471 750)
(618.1818182 69.41176471 750)
(636.3636364 69.41176471 750)
(654.5454545 69.41176471 750)
(672.7272727 69.41176471 750)
(690.9090909 69.41176471 750)
(709.0909091 69.41176471 750)
(727.2727273 69.41176471 750)
(745.4545455 69.41176471 750)
(763.6363636 69.41176471 750)
(781.8181818 69.41176471 750)
(800 69.41176471 750)
(818.1818182 69.41176471 750)
(836.3636364 69.41176471 750)
(854.5454545 69.41176471 750)
(872.7272727 69.41176471 750)
(890.9090909 69.41176471 750)
(909.0909091 69.41176471 750)
(927.2727273 69.41176471 750)
(945.4545455 69.41176471 750)
(963.6363636 69.41176471 750)
(981.8181818 69.41176471 750)
(1000 69.41176471 750)
(1018.181818 69.41176471 750)
(1036.363636 69.41176471 750)
(1054.545455 69.41176471 750)
(1072.727273 69.41176471 750)
(1090.909091 69.41176471 750)
(1109.090909 69.41176471 750)
(1127.272727 69.41176471 750)
(1145.454545 69.41176471 750)
(1163.636364 69.41176471 750)
(1181.818182 69.41176471 750)
(1200 69.41176471 750)
(1218.181818 69.41176471 750)
(1236.363636 69.41176471 750)
(1254.545455 69.41176471 750)
(1272.727273 69.41176471 750)
(1290.909091 69.41176471 750)
(1309.090909 69.41176471 750)
(1327.272727 69.41176471 750)
(1345.454545 69.41176471 750)
(1363.636364 69.41176471 750)
(1381.818182 69.41176471 750)
(1400 69.41176471 750)
(1418.181818 69.41176471 750)
(1436.363636 69.41176471 750)
(1454.545455 69.41176471 750)
(1472.727273 69.41176471 750)
(1490.909091 69.41176471 750)
(1509.090909 69.41176471 750)
(1527.272727 69.41176471 750)
(1545.454545 69.41176471 750)
(1563.636364 69.41176471 750)
(1581.818182 69.41176471 750)
(1600 69.41176471 750)
(1618.181818 69.41176471 750)
(1636.363636 69.41176471 750)
(1654.545455 69.41176471 750)
(1672.727273 69.41176471 750)
(1690.909091 69.41176471 750)
(1709.090909 69.41176471 750)
(1727.272727 69.41176471 750)
(1745.454545 69.41176471 750)
(1763.636364 69.41176471 750)
(1781.818182 69.41176471 750)
(1800 69.41176471 750)
(1818.181818 69.41176471 750)
(1836.363636 69.41176471 750)
(1854.545455 69.41176471 750)
(1872.727273 69.41176471 750)
(1890.909091 69.41176471 750)
(1909.090909 69.41176471 750)
(1927.272727 69.41176471 750)
(1945.454545 69.41176471 750)
(1963.636364 69.41176471 750)
(1981.818182 69.41176471 750)
(2000 69.41176471 750)
(0 70.58823529 750)
(18.18181818 70.58823529 750)
(36.36363636 70.58823529 750)
(54.54545455 70.58823529 750)
(72.72727273 70.58823529 750)
(90.90909091 70.58823529 750)
(109.0909091 70.58823529 750)
(127.2727273 70.58823529 750)
(145.4545455 70.58823529 750)
(163.6363636 70.58823529 750)
(181.8181818 70.58823529 750)
(200 70.58823529 750)
(218.1818182 70.58823529 750)
(236.3636364 70.58823529 750)
(254.5454545 70.58823529 750)
(272.7272727 70.58823529 750)
(290.9090909 70.58823529 750)
(309.0909091 70.58823529 750)
(327.2727273 70.58823529 750)
(345.4545455 70.58823529 750)
(363.6363636 70.58823529 750)
(381.8181818 70.58823529 750)
(400 70.58823529 750)
(418.1818182 70.58823529 750)
(436.3636364 70.58823529 750)
(454.5454545 70.58823529 750)
(472.7272727 70.58823529 750)
(490.9090909 70.58823529 750)
(509.0909091 70.58823529 750)
(527.2727273 70.58823529 750)
(545.4545455 70.58823529 750)
(563.6363636 70.58823529 750)
(581.8181818 70.58823529 750)
(600 70.58823529 750)
(618.1818182 70.58823529 750)
(636.3636364 70.58823529 750)
(654.5454545 70.58823529 750)
(672.7272727 70.58823529 750)
(690.9090909 70.58823529 750)
(709.0909091 70.58823529 750)
(727.2727273 70.58823529 750)
(745.4545455 70.58823529 750)
(763.6363636 70.58823529 750)
(781.8181818 70.58823529 750)
(800 70.58823529 750)
(818.1818182 70.58823529 750)
(836.3636364 70.58823529 750)
(854.5454545 70.58823529 750)
(872.7272727 70.58823529 750)
(890.9090909 70.58823529 750)
(909.0909091 70.58823529 750)
(927.2727273 70.58823529 750)
(945.4545455 70.58823529 750)
(963.6363636 70.58823529 750)
(981.8181818 70.58823529 750)
(1000 70.58823529 750)
(1018.181818 70.58823529 750)
(1036.363636 70.58823529 750)
(1054.545455 70.58823529 750)
(1072.727273 70.58823529 750)
(1090.909091 70.58823529 750)
(1109.090909 70.58823529 750)
(1127.272727 70.58823529 750)
(1145.454545 70.58823529 750)
(1163.636364 70.58823529 750)
(1181.818182 70.58823529 750)
(1200 70.58823529 750)
(1218.181818 70.58823529 750)
(1236.363636 70.58823529 750)
(1254.545455 70.58823529 750)
(1272.727273 70.58823529 750)
(1290.909091 70.58823529 750)
(1309.090909 70.58823529 750)
(1327.272727 70.58823529 750)
(1345.454545 70.58823529 750)
(1363.636364 70.58823529 750)
(1381.818182 70.58823529 750)
(1400 70.58823529 750)
(1418.181818 70.58823529 750)
(1436.363636 70.58823529 750)
(1454.545455 70.58823529 750)
(1472.727273 70.58823529 750)
(1490.909091 70.58823529 750)
(1509.090909 70.58823529 750)
(1527.272727 70.58823529 750)
(1545.454545 70.58823529 750)
(1563.636364 70.58823529 750)
(1581.818182 70.58823529 750)
(1600 70.58823529 750)
(1618.181818 70.58823529 750)
(1636.363636 70.58823529 750)
(1654.545455 70.58823529 750)
(1672.727273 70.58823529 750)
(1690.909091 70.58823529 750)
(1709.090909 70.58823529 750)
(1727.272727 70.58823529 750)
(1745.454545 70.58823529 750)
(1763.636364 70.58823529 750)
(1781.818182 70.58823529 750)
(1800 70.58823529 750)
(1818.181818 70.58823529 750)
(1836.363636 70.58823529 750)
(1854.545455 70.58823529 750)
(1872.727273 70.58823529 750)
(1890.909091 70.58823529 750)
(1909.090909 70.58823529 750)
(1927.272727 70.58823529 750)
(1945.454545 70.58823529 750)
(1963.636364 70.58823529 750)
(1981.818182 70.58823529 750)
(2000 70.58823529 750)
(0 71.76470588 750)
(18.18181818 71.76470588 750)
(36.36363636 71.76470588 750)
(54.54545455 71.76470588 750)
(72.72727273 71.76470588 750)
(90.90909091 71.76470588 750)
(109.0909091 71.76470588 750)
(127.2727273 71.76470588 750)
(145.4545455 71.76470588 750)
(163.6363636 71.76470588 750)
(181.8181818 71.76470588 750)
(200 71.76470588 750)
(218.1818182 71.76470588 750)
(236.3636364 71.76470588 750)
(254.5454545 71.76470588 750)
(272.7272727 71.76470588 750)
(290.9090909 71.76470588 750)
(309.0909091 71.76470588 750)
(327.2727273 71.76470588 750)
(345.4545455 71.76470588 750)
(363.6363636 71.76470588 750)
(381.8181818 71.76470588 750)
(400 71.76470588 750)
(418.1818182 71.76470588 750)
(436.3636364 71.76470588 750)
(454.5454545 71.76470588 750)
(472.7272727 71.76470588 750)
(490.9090909 71.76470588 750)
(509.0909091 71.76470588 750)
(527.2727273 71.76470588 750)
(545.4545455 71.76470588 750)
(563.6363636 71.76470588 750)
(581.8181818 71.76470588 750)
(600 71.76470588 750)
(618.1818182 71.76470588 750)
(636.3636364 71.76470588 750)
(654.5454545 71.76470588 750)
(672.7272727 71.76470588 750)
(690.9090909 71.76470588 750)
(709.0909091 71.76470588 750)
(727.2727273 71.76470588 750)
(745.4545455 71.76470588 750)
(763.6363636 71.76470588 750)
(781.8181818 71.76470588 750)
(800 71.76470588 750)
(818.1818182 71.76470588 750)
(836.3636364 71.76470588 750)
(854.5454545 71.76470588 750)
(872.7272727 71.76470588 750)
(890.9090909 71.76470588 750)
(909.0909091 71.76470588 750)
(927.2727273 71.76470588 750)
(945.4545455 71.76470588 750)
(963.6363636 71.76470588 750)
(981.8181818 71.76470588 750)
(1000 71.76470588 750)
(1018.181818 71.76470588 750)
(1036.363636 71.76470588 750)
(1054.545455 71.76470588 750)
(1072.727273 71.76470588 750)
(1090.909091 71.76470588 750)
(1109.090909 71.76470588 750)
(1127.272727 71.76470588 750)
(1145.454545 71.76470588 750)
(1163.636364 71.76470588 750)
(1181.818182 71.76470588 750)
(1200 71.76470588 750)
(1218.181818 71.76470588 750)
(1236.363636 71.76470588 750)
(1254.545455 71.76470588 750)
(1272.727273 71.76470588 750)
(1290.909091 71.76470588 750)
(1309.090909 71.76470588 750)
(1327.272727 71.76470588 750)
(1345.454545 71.76470588 750)
(1363.636364 71.76470588 750)
(1381.818182 71.76470588 750)
(1400 71.76470588 750)
(1418.181818 71.76470588 750)
(1436.363636 71.76470588 750)
(1454.545455 71.76470588 750)
(1472.727273 71.76470588 750)
(1490.909091 71.76470588 750)
(1509.090909 71.76470588 750)
(1527.272727 71.76470588 750)
(1545.454545 71.76470588 750)
(1563.636364 71.76470588 750)
(1581.818182 71.76470588 750)
(1600 71.76470588 750)
(1618.181818 71.76470588 750)
(1636.363636 71.76470588 750)
(1654.545455 71.76470588 750)
(1672.727273 71.76470588 750)
(1690.909091 71.76470588 750)
(1709.090909 71.76470588 750)
(1727.272727 71.76470588 750)
(1745.454545 71.76470588 750)
(1763.636364 71.76470588 750)
(1781.818182 71.76470588 750)
(1800 71.76470588 750)
(1818.181818 71.76470588 750)
(1836.363636 71.76470588 750)
(1854.545455 71.76470588 750)
(1872.727273 71.76470588 750)
(1890.909091 71.76470588 750)
(1909.090909 71.76470588 750)
(1927.272727 71.76470588 750)
(1945.454545 71.76470588 750)
(1963.636364 71.76470588 750)
(1981.818182 71.76470588 750)
(2000 71.76470588 750)
(0 72.94117647 750)
(18.18181818 72.94117647 750)
(36.36363636 72.94117647 750)
(54.54545455 72.94117647 750)
(72.72727273 72.94117647 750)
(90.90909091 72.94117647 750)
(109.0909091 72.94117647 750)
(127.2727273 72.94117647 750)
(145.4545455 72.94117647 750)
(163.6363636 72.94117647 750)
(181.8181818 72.94117647 750)
(200 72.94117647 750)
(218.1818182 72.94117647 750)
(236.3636364 72.94117647 750)
(254.5454545 72.94117647 750)
(272.7272727 72.94117647 750)
(290.9090909 72.94117647 750)
(309.0909091 72.94117647 750)
(327.2727273 72.94117647 750)
(345.4545455 72.94117647 750)
(363.6363636 72.94117647 750)
(381.8181818 72.94117647 750)
(400 72.94117647 750)
(418.1818182 72.94117647 750)
(436.3636364 72.94117647 750)
(454.5454545 72.94117647 750)
(472.7272727 72.94117647 750)
(490.9090909 72.94117647 750)
(509.0909091 72.94117647 750)
(527.2727273 72.94117647 750)
(545.4545455 72.94117647 750)
(563.6363636 72.94117647 750)
(581.8181818 72.94117647 750)
(600 72.94117647 750)
(618.1818182 72.94117647 750)
(636.3636364 72.94117647 750)
(654.5454545 72.94117647 750)
(672.7272727 72.94117647 750)
(690.9090909 72.94117647 750)
(709.0909091 72.94117647 750)
(727.2727273 72.94117647 750)
(745.4545455 72.94117647 750)
(763.6363636 72.94117647 750)
(781.8181818 72.94117647 750)
(800 72.94117647 750)
(818.1818182 72.94117647 750)
(836.3636364 72.94117647 750)
(854.5454545 72.94117647 750)
(872.7272727 72.94117647 750)
(890.9090909 72.94117647 750)
(909.0909091 72.94117647 750)
(927.2727273 72.94117647 750)
(945.4545455 72.94117647 750)
(963.6363636 72.94117647 750)
(981.8181818 72.94117647 750)
(1000 72.94117647 750)
(1018.181818 72.94117647 750)
(1036.363636 72.94117647 750)
(1054.545455 72.94117647 750)
(1072.727273 72.94117647 750)
(1090.909091 72.94117647 750)
(1109.090909 72.94117647 750)
(1127.272727 72.94117647 750)
(1145.454545 72.94117647 750)
(1163.636364 72.94117647 750)
(1181.818182 72.94117647 750)
(1200 72.94117647 750)
(1218.181818 72.94117647 750)
(1236.363636 72.94117647 750)
(1254.545455 72.94117647 750)
(1272.727273 72.94117647 750)
(1290.909091 72.94117647 750)
(1309.090909 72.94117647 750)
(1327.272727 72.94117647 750)
(1345.454545 72.94117647 750)
(1363.636364 72.94117647 750)
(1381.818182 72.94117647 750)
(1400 72.94117647 750)
(1418.181818 72.94117647 750)
(1436.363636 72.94117647 750)
(1454.545455 72.94117647 750)
(1472.727273 72.94117647 750)
(1490.909091 72.94117647 750)
(1509.090909 72.94117647 750)
(1527.272727 72.94117647 750)
(1545.454545 72.94117647 750)
(1563.636364 72.94117647 750)
(1581.818182 72.94117647 750)
(1600 72.94117647 750)
(1618.181818 72.94117647 750)
(1636.363636 72.94117647 750)
(1654.545455 72.94117647 750)
(1672.727273 72.94117647 750)
(1690.909091 72.94117647 750)
(1709.090909 72.94117647 750)
(1727.272727 72.94117647 750)
(1745.454545 72.94117647 750)
(1763.636364 72.94117647 750)
(1781.818182 72.94117647 750)
(1800 72.94117647 750)
(1818.181818 72.94117647 750)
(1836.363636 72.94117647 750)
(1854.545455 72.94117647 750)
(1872.727273 72.94117647 750)
(1890.909091 72.94117647 750)
(1909.090909 72.94117647 750)
(1927.272727 72.94117647 750)
(1945.454545 72.94117647 750)
(1963.636364 72.94117647 750)
(1981.818182 72.94117647 750)
(2000 72.94117647 750)
(0 74.11764706 750)
(18.18181818 74.11764706 750)
(36.36363636 74.11764706 750)
(54.54545455 74.11764706 750)
(72.72727273 74.11764706 750)
(90.90909091 74.11764706 750)
(109.0909091 74.11764706 750)
(127.2727273 74.11764706 750)
(145.4545455 74.11764706 750)
(163.6363636 74.11764706 750)
(181.8181818 74.11764706 750)
(200 74.11764706 750)
(218.1818182 74.11764706 750)
(236.3636364 74.11764706 750)
(254.5454545 74.11764706 750)
(272.7272727 74.11764706 750)
(290.9090909 74.11764706 750)
(309.0909091 74.11764706 750)
(327.2727273 74.11764706 750)
(345.4545455 74.11764706 750)
(363.6363636 74.11764706 750)
(381.8181818 74.11764706 750)
(400 74.11764706 750)
(418.1818182 74.11764706 750)
(436.3636364 74.11764706 750)
(454.5454545 74.11764706 750)
(472.7272727 74.11764706 750)
(490.9090909 74.11764706 750)
(509.0909091 74.11764706 750)
(527.2727273 74.11764706 750)
(545.4545455 74.11764706 750)
(563.6363636 74.11764706 750)
(581.8181818 74.11764706 750)
(600 74.11764706 750)
(618.1818182 74.11764706 750)
(636.3636364 74.11764706 750)
(654.5454545 74.11764706 750)
(672.7272727 74.11764706 750)
(690.9090909 74.11764706 750)
(709.0909091 74.11764706 750)
(727.2727273 74.11764706 750)
(745.4545455 74.11764706 750)
(763.6363636 74.11764706 750)
(781.8181818 74.11764706 750)
(800 74.11764706 750)
(818.1818182 74.11764706 750)
(836.3636364 74.11764706 750)
(854.5454545 74.11764706 750)
(872.7272727 74.11764706 750)
(890.9090909 74.11764706 750)
(909.0909091 74.11764706 750)
(927.2727273 74.11764706 750)
(945.4545455 74.11764706 750)
(963.6363636 74.11764706 750)
(981.8181818 74.11764706 750)
(1000 74.11764706 750)
(1018.181818 74.11764706 750)
(1036.363636 74.11764706 750)
(1054.545455 74.11764706 750)
(1072.727273 74.11764706 750)
(1090.909091 74.11764706 750)
(1109.090909 74.11764706 750)
(1127.272727 74.11764706 750)
(1145.454545 74.11764706 750)
(1163.636364 74.11764706 750)
(1181.818182 74.11764706 750)
(1200 74.11764706 750)
(1218.181818 74.11764706 750)
(1236.363636 74.11764706 750)
(1254.545455 74.11764706 750)
(1272.727273 74.11764706 750)
(1290.909091 74.11764706 750)
(1309.090909 74.11764706 750)
(1327.272727 74.11764706 750)
(1345.454545 74.11764706 750)
(1363.636364 74.11764706 750)
(1381.818182 74.11764706 750)
(1400 74.11764706 750)
(1418.181818 74.11764706 750)
(1436.363636 74.11764706 750)
(1454.545455 74.11764706 750)
(1472.727273 74.11764706 750)
(1490.909091 74.11764706 750)
(1509.090909 74.11764706 750)
(1527.272727 74.11764706 750)
(1545.454545 74.11764706 750)
(1563.636364 74.11764706 750)
(1581.818182 74.11764706 750)
(1600 74.11764706 750)
(1618.181818 74.11764706 750)
(1636.363636 74.11764706 750)
(1654.545455 74.11764706 750)
(1672.727273 74.11764706 750)
(1690.909091 74.11764706 750)
(1709.090909 74.11764706 750)
(1727.272727 74.11764706 750)
(1745.454545 74.11764706 750)
(1763.636364 74.11764706 750)
(1781.818182 74.11764706 750)
(1800 74.11764706 750)
(1818.181818 74.11764706 750)
(1836.363636 74.11764706 750)
(1854.545455 74.11764706 750)
(1872.727273 74.11764706 750)
(1890.909091 74.11764706 750)
(1909.090909 74.11764706 750)
(1927.272727 74.11764706 750)
(1945.454545 74.11764706 750)
(1963.636364 74.11764706 750)
(1981.818182 74.11764706 750)
(2000 74.11764706 750)
(0 75.29411765 750)
(18.18181818 75.29411765 750)
(36.36363636 75.29411765 750)
(54.54545455 75.29411765 750)
(72.72727273 75.29411765 750)
(90.90909091 75.29411765 750)
(109.0909091 75.29411765 750)
(127.2727273 75.29411765 750)
(145.4545455 75.29411765 750)
(163.6363636 75.29411765 750)
(181.8181818 75.29411765 750)
(200 75.29411765 750)
(218.1818182 75.29411765 750)
(236.3636364 75.29411765 750)
(254.5454545 75.29411765 750)
(272.7272727 75.29411765 750)
(290.9090909 75.29411765 750)
(309.0909091 75.29411765 750)
(327.2727273 75.29411765 750)
(345.4545455 75.29411765 750)
(363.6363636 75.29411765 750)
(381.8181818 75.29411765 750)
(400 75.29411765 750)
(418.1818182 75.29411765 750)
(436.3636364 75.29411765 750)
(454.5454545 75.29411765 750)
(472.7272727 75.29411765 750)
(490.9090909 75.29411765 750)
(509.0909091 75.29411765 750)
(527.2727273 75.29411765 750)
(545.4545455 75.29411765 750)
(563.6363636 75.29411765 750)
(581.8181818 75.29411765 750)
(600 75.29411765 750)
(618.1818182 75.29411765 750)
(636.3636364 75.29411765 750)
(654.5454545 75.29411765 750)
(672.7272727 75.29411765 750)
(690.9090909 75.29411765 750)
(709.0909091 75.29411765 750)
(727.2727273 75.29411765 750)
(745.4545455 75.29411765 750)
(763.6363636 75.29411765 750)
(781.8181818 75.29411765 750)
(800 75.29411765 750)
(818.1818182 75.29411765 750)
(836.3636364 75.29411765 750)
(854.5454545 75.29411765 750)
(872.7272727 75.29411765 750)
(890.9090909 75.29411765 750)
(909.0909091 75.29411765 750)
(927.2727273 75.29411765 750)
(945.4545455 75.29411765 750)
(963.6363636 75.29411765 750)
(981.8181818 75.29411765 750)
(1000 75.29411765 750)
(1018.181818 75.29411765 750)
(1036.363636 75.29411765 750)
(1054.545455 75.29411765 750)
(1072.727273 75.29411765 750)
(1090.909091 75.29411765 750)
(1109.090909 75.29411765 750)
(1127.272727 75.29411765 750)
(1145.454545 75.29411765 750)
(1163.636364 75.29411765 750)
(1181.818182 75.29411765 750)
(1200 75.29411765 750)
(1218.181818 75.29411765 750)
(1236.363636 75.29411765 750)
(1254.545455 75.29411765 750)
(1272.727273 75.29411765 750)
(1290.909091 75.29411765 750)
(1309.090909 75.29411765 750)
(1327.272727 75.29411765 750)
(1345.454545 75.29411765 750)
(1363.636364 75.29411765 750)
(1381.818182 75.29411765 750)
(1400 75.29411765 750)
(1418.181818 75.29411765 750)
(1436.363636 75.29411765 750)
(1454.545455 75.29411765 750)
(1472.727273 75.29411765 750)
(1490.909091 75.29411765 750)
(1509.090909 75.29411765 750)
(1527.272727 75.29411765 750)
(1545.454545 75.29411765 750)
(1563.636364 75.29411765 750)
(1581.818182 75.29411765 750)
(1600 75.29411765 750)
(1618.181818 75.29411765 750)
(1636.363636 75.29411765 750)
(1654.545455 75.29411765 750)
(1672.727273 75.29411765 750)
(1690.909091 75.29411765 750)
(1709.090909 75.29411765 750)
(1727.272727 75.29411765 750)
(1745.454545 75.29411765 750)
(1763.636364 75.29411765 750)
(1781.818182 75.29411765 750)
(1800 75.29411765 750)
(1818.181818 75.29411765 750)
(1836.363636 75.29411765 750)
(1854.545455 75.29411765 750)
(1872.727273 75.29411765 750)
(1890.909091 75.29411765 750)
(1909.090909 75.29411765 750)
(1927.272727 75.29411765 750)
(1945.454545 75.29411765 750)
(1963.636364 75.29411765 750)
(1981.818182 75.29411765 750)
(2000 75.29411765 750)
(0 76.47058824 750)
(18.18181818 76.47058824 750)
(36.36363636 76.47058824 750)
(54.54545455 76.47058824 750)
(72.72727273 76.47058824 750)
(90.90909091 76.47058824 750)
(109.0909091 76.47058824 750)
(127.2727273 76.47058824 750)
(145.4545455 76.47058824 750)
(163.6363636 76.47058824 750)
(181.8181818 76.47058824 750)
(200 76.47058824 750)
(218.1818182 76.47058824 750)
(236.3636364 76.47058824 750)
(254.5454545 76.47058824 750)
(272.7272727 76.47058824 750)
(290.9090909 76.47058824 750)
(309.0909091 76.47058824 750)
(327.2727273 76.47058824 750)
(345.4545455 76.47058824 750)
(363.6363636 76.47058824 750)
(381.8181818 76.47058824 750)
(400 76.47058824 750)
(418.1818182 76.47058824 750)
(436.3636364 76.47058824 750)
(454.5454545 76.47058824 750)
(472.7272727 76.47058824 750)
(490.9090909 76.47058824 750)
(509.0909091 76.47058824 750)
(527.2727273 76.47058824 750)
(545.4545455 76.47058824 750)
(563.6363636 76.47058824 750)
(581.8181818 76.47058824 750)
(600 76.47058824 750)
(618.1818182 76.47058824 750)
(636.3636364 76.47058824 750)
(654.5454545 76.47058824 750)
(672.7272727 76.47058824 750)
(690.9090909 76.47058824 750)
(709.0909091 76.47058824 750)
(727.2727273 76.47058824 750)
(745.4545455 76.47058824 750)
(763.6363636 76.47058824 750)
(781.8181818 76.47058824 750)
(800 76.47058824 750)
(818.1818182 76.47058824 750)
(836.3636364 76.47058824 750)
(854.5454545 76.47058824 750)
(872.7272727 76.47058824 750)
(890.9090909 76.47058824 750)
(909.0909091 76.47058824 750)
(927.2727273 76.47058824 750)
(945.4545455 76.47058824 750)
(963.6363636 76.47058824 750)
(981.8181818 76.47058824 750)
(1000 76.47058824 750)
(1018.181818 76.47058824 750)
(1036.363636 76.47058824 750)
(1054.545455 76.47058824 750)
(1072.727273 76.47058824 750)
(1090.909091 76.47058824 750)
(1109.090909 76.47058824 750)
(1127.272727 76.47058824 750)
(1145.454545 76.47058824 750)
(1163.636364 76.47058824 750)
(1181.818182 76.47058824 750)
(1200 76.47058824 750)
(1218.181818 76.47058824 750)
(1236.363636 76.47058824 750)
(1254.545455 76.47058824 750)
(1272.727273 76.47058824 750)
(1290.909091 76.47058824 750)
(1309.090909 76.47058824 750)
(1327.272727 76.47058824 750)
(1345.454545 76.47058824 750)
(1363.636364 76.47058824 750)
(1381.818182 76.47058824 750)
(1400 76.47058824 750)
(1418.181818 76.47058824 750)
(1436.363636 76.47058824 750)
(1454.545455 76.47058824 750)
(1472.727273 76.47058824 750)
(1490.909091 76.47058824 750)
(1509.090909 76.47058824 750)
(1527.272727 76.47058824 750)
(1545.454545 76.47058824 750)
(1563.636364 76.47058824 750)
(1581.818182 76.47058824 750)
(1600 76.47058824 750)
(1618.181818 76.47058824 750)
(1636.363636 76.47058824 750)
(1654.545455 76.47058824 750)
(1672.727273 76.47058824 750)
(1690.909091 76.47058824 750)
(1709.090909 76.47058824 750)
(1727.272727 76.47058824 750)
(1745.454545 76.47058824 750)
(1763.636364 76.47058824 750)
(1781.818182 76.47058824 750)
(1800 76.47058824 750)
(1818.181818 76.47058824 750)
(1836.363636 76.47058824 750)
(1854.545455 76.47058824 750)
(1872.727273 76.47058824 750)
(1890.909091 76.47058824 750)
(1909.090909 76.47058824 750)
(1927.272727 76.47058824 750)
(1945.454545 76.47058824 750)
(1963.636364 76.47058824 750)
(1981.818182 76.47058824 750)
(2000 76.47058824 750)
(0 77.64705882 750)
(18.18181818 77.64705882 750)
(36.36363636 77.64705882 750)
(54.54545455 77.64705882 750)
(72.72727273 77.64705882 750)
(90.90909091 77.64705882 750)
(109.0909091 77.64705882 750)
(127.2727273 77.64705882 750)
(145.4545455 77.64705882 750)
(163.6363636 77.64705882 750)
(181.8181818 77.64705882 750)
(200 77.64705882 750)
(218.1818182 77.64705882 750)
(236.3636364 77.64705882 750)
(254.5454545 77.64705882 750)
(272.7272727 77.64705882 750)
(290.9090909 77.64705882 750)
(309.0909091 77.64705882 750)
(327.2727273 77.64705882 750)
(345.4545455 77.64705882 750)
(363.6363636 77.64705882 750)
(381.8181818 77.64705882 750)
(400 77.64705882 750)
(418.1818182 77.64705882 750)
(436.3636364 77.64705882 750)
(454.5454545 77.64705882 750)
(472.7272727 77.64705882 750)
(490.9090909 77.64705882 750)
(509.0909091 77.64705882 750)
(527.2727273 77.64705882 750)
(545.4545455 77.64705882 750)
(563.6363636 77.64705882 750)
(581.8181818 77.64705882 750)
(600 77.64705882 750)
(618.1818182 77.64705882 750)
(636.3636364 77.64705882 750)
(654.5454545 77.64705882 750)
(672.7272727 77.64705882 750)
(690.9090909 77.64705882 750)
(709.0909091 77.64705882 750)
(727.2727273 77.64705882 750)
(745.4545455 77.64705882 750)
(763.6363636 77.64705882 750)
(781.8181818 77.64705882 750)
(800 77.64705882 750)
(818.1818182 77.64705882 750)
(836.3636364 77.64705882 750)
(854.5454545 77.64705882 750)
(872.7272727 77.64705882 750)
(890.9090909 77.64705882 750)
(909.0909091 77.64705882 750)
(927.2727273 77.64705882 750)
(945.4545455 77.64705882 750)
(963.6363636 77.64705882 750)
(981.8181818 77.64705882 750)
(1000 77.64705882 750)
(1018.181818 77.64705882 750)
(1036.363636 77.64705882 750)
(1054.545455 77.64705882 750)
(1072.727273 77.64705882 750)
(1090.909091 77.64705882 750)
(1109.090909 77.64705882 750)
(1127.272727 77.64705882 750)
(1145.454545 77.64705882 750)
(1163.636364 77.64705882 750)
(1181.818182 77.64705882 750)
(1200 77.64705882 750)
(1218.181818 77.64705882 750)
(1236.363636 77.64705882 750)
(1254.545455 77.64705882 750)
(1272.727273 77.64705882 750)
(1290.909091 77.64705882 750)
(1309.090909 77.64705882 750)
(1327.272727 77.64705882 750)
(1345.454545 77.64705882 750)
(1363.636364 77.64705882 750)
(1381.818182 77.64705882 750)
(1400 77.64705882 750)
(1418.181818 77.64705882 750)
(1436.363636 77.64705882 750)
(1454.545455 77.64705882 750)
(1472.727273 77.64705882 750)
(1490.909091 77.64705882 750)
(1509.090909 77.64705882 750)
(1527.272727 77.64705882 750)
(1545.454545 77.64705882 750)
(1563.636364 77.64705882 750)
(1581.818182 77.64705882 750)
(1600 77.64705882 750)
(1618.181818 77.64705882 750)
(1636.363636 77.64705882 750)
(1654.545455 77.64705882 750)
(1672.727273 77.64705882 750)
(1690.909091 77.64705882 750)
(1709.090909 77.64705882 750)
(1727.272727 77.64705882 750)
(1745.454545 77.64705882 750)
(1763.636364 77.64705882 750)
(1781.818182 77.64705882 750)
(1800 77.64705882 750)
(1818.181818 77.64705882 750)
(1836.363636 77.64705882 750)
(1854.545455 77.64705882 750)
(1872.727273 77.64705882 750)
(1890.909091 77.64705882 750)
(1909.090909 77.64705882 750)
(1927.272727 77.64705882 750)
(1945.454545 77.64705882 750)
(1963.636364 77.64705882 750)
(1981.818182 77.64705882 750)
(2000 77.64705882 750)
(0 78.82352941 750)
(18.18181818 78.82352941 750)
(36.36363636 78.82352941 750)
(54.54545455 78.82352941 750)
(72.72727273 78.82352941 750)
(90.90909091 78.82352941 750)
(109.0909091 78.82352941 750)
(127.2727273 78.82352941 750)
(145.4545455 78.82352941 750)
(163.6363636 78.82352941 750)
(181.8181818 78.82352941 750)
(200 78.82352941 750)
(218.1818182 78.82352941 750)
(236.3636364 78.82352941 750)
(254.5454545 78.82352941 750)
(272.7272727 78.82352941 750)
(290.9090909 78.82352941 750)
(309.0909091 78.82352941 750)
(327.2727273 78.82352941 750)
(345.4545455 78.82352941 750)
(363.6363636 78.82352941 750)
(381.8181818 78.82352941 750)
(400 78.82352941 750)
(418.1818182 78.82352941 750)
(436.3636364 78.82352941 750)
(454.5454545 78.82352941 750)
(472.7272727 78.82352941 750)
(490.9090909 78.82352941 750)
(509.0909091 78.82352941 750)
(527.2727273 78.82352941 750)
(545.4545455 78.82352941 750)
(563.6363636 78.82352941 750)
(581.8181818 78.82352941 750)
(600 78.82352941 750)
(618.1818182 78.82352941 750)
(636.3636364 78.82352941 750)
(654.5454545 78.82352941 750)
(672.7272727 78.82352941 750)
(690.9090909 78.82352941 750)
(709.0909091 78.82352941 750)
(727.2727273 78.82352941 750)
(745.4545455 78.82352941 750)
(763.6363636 78.82352941 750)
(781.8181818 78.82352941 750)
(800 78.82352941 750)
(818.1818182 78.82352941 750)
(836.3636364 78.82352941 750)
(854.5454545 78.82352941 750)
(872.7272727 78.82352941 750)
(890.9090909 78.82352941 750)
(909.0909091 78.82352941 750)
(927.2727273 78.82352941 750)
(945.4545455 78.82352941 750)
(963.6363636 78.82352941 750)
(981.8181818 78.82352941 750)
(1000 78.82352941 750)
(1018.181818 78.82352941 750)
(1036.363636 78.82352941 750)
(1054.545455 78.82352941 750)
(1072.727273 78.82352941 750)
(1090.909091 78.82352941 750)
(1109.090909 78.82352941 750)
(1127.272727 78.82352941 750)
(1145.454545 78.82352941 750)
(1163.636364 78.82352941 750)
(1181.818182 78.82352941 750)
(1200 78.82352941 750)
(1218.181818 78.82352941 750)
(1236.363636 78.82352941 750)
(1254.545455 78.82352941 750)
(1272.727273 78.82352941 750)
(1290.909091 78.82352941 750)
(1309.090909 78.82352941 750)
(1327.272727 78.82352941 750)
(1345.454545 78.82352941 750)
(1363.636364 78.82352941 750)
(1381.818182 78.82352941 750)
(1400 78.82352941 750)
(1418.181818 78.82352941 750)
(1436.363636 78.82352941 750)
(1454.545455 78.82352941 750)
(1472.727273 78.82352941 750)
(1490.909091 78.82352941 750)
(1509.090909 78.82352941 750)
(1527.272727 78.82352941 750)
(1545.454545 78.82352941 750)
(1563.636364 78.82352941 750)
(1581.818182 78.82352941 750)
(1600 78.82352941 750)
(1618.181818 78.82352941 750)
(1636.363636 78.82352941 750)
(1654.545455 78.82352941 750)
(1672.727273 78.82352941 750)
(1690.909091 78.82352941 750)
(1709.090909 78.82352941 750)
(1727.272727 78.82352941 750)
(1745.454545 78.82352941 750)
(1763.636364 78.82352941 750)
(1781.818182 78.82352941 750)
(1800 78.82352941 750)
(1818.181818 78.82352941 750)
(1836.363636 78.82352941 750)
(1854.545455 78.82352941 750)
(1872.727273 78.82352941 750)
(1890.909091 78.82352941 750)
(1909.090909 78.82352941 750)
(1927.272727 78.82352941 750)
(1945.454545 78.82352941 750)
(1963.636364 78.82352941 750)
(1981.818182 78.82352941 750)
(2000 78.82352941 750)
(0 80 750)
(18.18181818 80 750)
(36.36363636 80 750)
(54.54545455 80 750)
(72.72727273 80 750)
(90.90909091 80 750)
(109.0909091 80 750)
(127.2727273 80 750)
(145.4545455 80 750)
(163.6363636 80 750)
(181.8181818 80 750)
(200 80 750)
(218.1818182 80 750)
(236.3636364 80 750)
(254.5454545 80 750)
(272.7272727 80 750)
(290.9090909 80 750)
(309.0909091 80 750)
(327.2727273 80 750)
(345.4545455 80 750)
(363.6363636 80 750)
(381.8181818 80 750)
(400 80 750)
(418.1818182 80 750)
(436.3636364 80 750)
(454.5454545 80 750)
(472.7272727 80 750)
(490.9090909 80 750)
(509.0909091 80 750)
(527.2727273 80 750)
(545.4545455 80 750)
(563.6363636 80 750)
(581.8181818 80 750)
(600 80 750)
(618.1818182 80 750)
(636.3636364 80 750)
(654.5454545 80 750)
(672.7272727 80 750)
(690.9090909 80 750)
(709.0909091 80 750)
(727.2727273 80 750)
(745.4545455 80 750)
(763.6363636 80 750)
(781.8181818 80 750)
(800 80 750)
(818.1818182 80 750)
(836.3636364 80 750)
(854.5454545 80 750)
(872.7272727 80 750)
(890.9090909 80 750)
(909.0909091 80 750)
(927.2727273 80 750)
(945.4545455 80 750)
(963.6363636 80 750)
(981.8181818 80 750)
(1000 80 750)
(1018.181818 80 750)
(1036.363636 80 750)
(1054.545455 80 750)
(1072.727273 80 750)
(1090.909091 80 750)
(1109.090909 80 750)
(1127.272727 80 750)
(1145.454545 80 750)
(1163.636364 80 750)
(1181.818182 80 750)
(1200 80 750)
(1218.181818 80 750)
(1236.363636 80 750)
(1254.545455 80 750)
(1272.727273 80 750)
(1290.909091 80 750)
(1309.090909 80 750)
(1327.272727 80 750)
(1345.454545 80 750)
(1363.636364 80 750)
(1381.818182 80 750)
(1400 80 750)
(1418.181818 80 750)
(1436.363636 80 750)
(1454.545455 80 750)
(1472.727273 80 750)
(1490.909091 80 750)
(1509.090909 80 750)
(1527.272727 80 750)
(1545.454545 80 750)
(1563.636364 80 750)
(1581.818182 80 750)
(1600 80 750)
(1618.181818 80 750)
(1636.363636 80 750)
(1654.545455 80 750)
(1672.727273 80 750)
(1690.909091 80 750)
(1709.090909 80 750)
(1727.272727 80 750)
(1745.454545 80 750)
(1763.636364 80 750)
(1781.818182 80 750)
(1800 80 750)
(1818.181818 80 750)
(1836.363636 80 750)
(1854.545455 80 750)
(1872.727273 80 750)
(1890.909091 80 750)
(1909.090909 80 750)
(1927.272727 80 750)
(1945.454545 80 750)
(1963.636364 80 750)
(1981.818182 80 750)
(2000 80 750)
(0 81.17647059 750)
(18.18181818 81.17647059 750)
(36.36363636 81.17647059 750)
(54.54545455 81.17647059 750)
(72.72727273 81.17647059 750)
(90.90909091 81.17647059 750)
(109.0909091 81.17647059 750)
(127.2727273 81.17647059 750)
(145.4545455 81.17647059 750)
(163.6363636 81.17647059 750)
(181.8181818 81.17647059 750)
(200 81.17647059 750)
(218.1818182 81.17647059 750)
(236.3636364 81.17647059 750)
(254.5454545 81.17647059 750)
(272.7272727 81.17647059 750)
(290.9090909 81.17647059 750)
(309.0909091 81.17647059 750)
(327.2727273 81.17647059 750)
(345.4545455 81.17647059 750)
(363.6363636 81.17647059 750)
(381.8181818 81.17647059 750)
(400 81.17647059 750)
(418.1818182 81.17647059 750)
(436.3636364 81.17647059 750)
(454.5454545 81.17647059 750)
(472.7272727 81.17647059 750)
(490.9090909 81.17647059 750)
(509.0909091 81.17647059 750)
(527.2727273 81.17647059 750)
(545.4545455 81.17647059 750)
(563.6363636 81.17647059 750)
(581.8181818 81.17647059 750)
(600 81.17647059 750)
(618.1818182 81.17647059 750)
(636.3636364 81.17647059 750)
(654.5454545 81.17647059 750)
(672.7272727 81.17647059 750)
(690.9090909 81.17647059 750)
(709.0909091 81.17647059 750)
(727.2727273 81.17647059 750)
(745.4545455 81.17647059 750)
(763.6363636 81.17647059 750)
(781.8181818 81.17647059 750)
(800 81.17647059 750)
(818.1818182 81.17647059 750)
(836.3636364 81.17647059 750)
(854.5454545 81.17647059 750)
(872.7272727 81.17647059 750)
(890.9090909 81.17647059 750)
(909.0909091 81.17647059 750)
(927.2727273 81.17647059 750)
(945.4545455 81.17647059 750)
(963.6363636 81.17647059 750)
(981.8181818 81.17647059 750)
(1000 81.17647059 750)
(1018.181818 81.17647059 750)
(1036.363636 81.17647059 750)
(1054.545455 81.17647059 750)
(1072.727273 81.17647059 750)
(1090.909091 81.17647059 750)
(1109.090909 81.17647059 750)
(1127.272727 81.17647059 750)
(1145.454545 81.17647059 750)
(1163.636364 81.17647059 750)
(1181.818182 81.17647059 750)
(1200 81.17647059 750)
(1218.181818 81.17647059 750)
(1236.363636 81.17647059 750)
(1254.545455 81.17647059 750)
(1272.727273 81.17647059 750)
(1290.909091 81.17647059 750)
(1309.090909 81.17647059 750)
(1327.272727 81.17647059 750)
(1345.454545 81.17647059 750)
(1363.636364 81.17647059 750)
(1381.818182 81.17647059 750)
(1400 81.17647059 750)
(1418.181818 81.17647059 750)
(1436.363636 81.17647059 750)
(1454.545455 81.17647059 750)
(1472.727273 81.17647059 750)
(1490.909091 81.17647059 750)
(1509.090909 81.17647059 750)
(1527.272727 81.17647059 750)
(1545.454545 81.17647059 750)
(1563.636364 81.17647059 750)
(1581.818182 81.17647059 750)
(1600 81.17647059 750)
(1618.181818 81.17647059 750)
(1636.363636 81.17647059 750)
(1654.545455 81.17647059 750)
(1672.727273 81.17647059 750)
(1690.909091 81.17647059 750)
(1709.090909 81.17647059 750)
(1727.272727 81.17647059 750)
(1745.454545 81.17647059 750)
(1763.636364 81.17647059 750)
(1781.818182 81.17647059 750)
(1800 81.17647059 750)
(1818.181818 81.17647059 750)
(1836.363636 81.17647059 750)
(1854.545455 81.17647059 750)
(1872.727273 81.17647059 750)
(1890.909091 81.17647059 750)
(1909.090909 81.17647059 750)
(1927.272727 81.17647059 750)
(1945.454545 81.17647059 750)
(1963.636364 81.17647059 750)
(1981.818182 81.17647059 750)
(2000 81.17647059 750)
(0 82.35294118 750)
(18.18181818 82.35294118 750)
(36.36363636 82.35294118 750)
(54.54545455 82.35294118 750)
(72.72727273 82.35294118 750)
(90.90909091 82.35294118 750)
(109.0909091 82.35294118 750)
(127.2727273 82.35294118 750)
(145.4545455 82.35294118 750)
(163.6363636 82.35294118 750)
(181.8181818 82.35294118 750)
(200 82.35294118 750)
(218.1818182 82.35294118 750)
(236.3636364 82.35294118 750)
(254.5454545 82.35294118 750)
(272.7272727 82.35294118 750)
(290.9090909 82.35294118 750)
(309.0909091 82.35294118 750)
(327.2727273 82.35294118 750)
(345.4545455 82.35294118 750)
(363.6363636 82.35294118 750)
(381.8181818 82.35294118 750)
(400 82.35294118 750)
(418.1818182 82.35294118 750)
(436.3636364 82.35294118 750)
(454.5454545 82.35294118 750)
(472.7272727 82.35294118 750)
(490.9090909 82.35294118 750)
(509.0909091 82.35294118 750)
(527.2727273 82.35294118 750)
(545.4545455 82.35294118 750)
(563.6363636 82.35294118 750)
(581.8181818 82.35294118 750)
(600 82.35294118 750)
(618.1818182 82.35294118 750)
(636.3636364 82.35294118 750)
(654.5454545 82.35294118 750)
(672.7272727 82.35294118 750)
(690.9090909 82.35294118 750)
(709.0909091 82.35294118 750)
(727.2727273 82.35294118 750)
(745.4545455 82.35294118 750)
(763.6363636 82.35294118 750)
(781.8181818 82.35294118 750)
(800 82.35294118 750)
(818.1818182 82.35294118 750)
(836.3636364 82.35294118 750)
(854.5454545 82.35294118 750)
(872.7272727 82.35294118 750)
(890.9090909 82.35294118 750)
(909.0909091 82.35294118 750)
(927.2727273 82.35294118 750)
(945.4545455 82.35294118 750)
(963.6363636 82.35294118 750)
(981.8181818 82.35294118 750)
(1000 82.35294118 750)
(1018.181818 82.35294118 750)
(1036.363636 82.35294118 750)
(1054.545455 82.35294118 750)
(1072.727273 82.35294118 750)
(1090.909091 82.35294118 750)
(1109.090909 82.35294118 750)
(1127.272727 82.35294118 750)
(1145.454545 82.35294118 750)
(1163.636364 82.35294118 750)
(1181.818182 82.35294118 750)
(1200 82.35294118 750)
(1218.181818 82.35294118 750)
(1236.363636 82.35294118 750)
(1254.545455 82.35294118 750)
(1272.727273 82.35294118 750)
(1290.909091 82.35294118 750)
(1309.090909 82.35294118 750)
(1327.272727 82.35294118 750)
(1345.454545 82.35294118 750)
(1363.636364 82.35294118 750)
(1381.818182 82.35294118 750)
(1400 82.35294118 750)
(1418.181818 82.35294118 750)
(1436.363636 82.35294118 750)
(1454.545455 82.35294118 750)
(1472.727273 82.35294118 750)
(1490.909091 82.35294118 750)
(1509.090909 82.35294118 750)
(1527.272727 82.35294118 750)
(1545.454545 82.35294118 750)
(1563.636364 82.35294118 750)
(1581.818182 82.35294118 750)
(1600 82.35294118 750)
(1618.181818 82.35294118 750)
(1636.363636 82.35294118 750)
(1654.545455 82.35294118 750)
(1672.727273 82.35294118 750)
(1690.909091 82.35294118 750)
(1709.090909 82.35294118 750)
(1727.272727 82.35294118 750)
(1745.454545 82.35294118 750)
(1763.636364 82.35294118 750)
(1781.818182 82.35294118 750)
(1800 82.35294118 750)
(1818.181818 82.35294118 750)
(1836.363636 82.35294118 750)
(1854.545455 82.35294118 750)
(1872.727273 82.35294118 750)
(1890.909091 82.35294118 750)
(1909.090909 82.35294118 750)
(1927.272727 82.35294118 750)
(1945.454545 82.35294118 750)
(1963.636364 82.35294118 750)
(1981.818182 82.35294118 750)
(2000 82.35294118 750)
(0 83.52941176 750)
(18.18181818 83.52941176 750)
(36.36363636 83.52941176 750)
(54.54545455 83.52941176 750)
(72.72727273 83.52941176 750)
(90.90909091 83.52941176 750)
(109.0909091 83.52941176 750)
(127.2727273 83.52941176 750)
(145.4545455 83.52941176 750)
(163.6363636 83.52941176 750)
(181.8181818 83.52941176 750)
(200 83.52941176 750)
(218.1818182 83.52941176 750)
(236.3636364 83.52941176 750)
(254.5454545 83.52941176 750)
(272.7272727 83.52941176 750)
(290.9090909 83.52941176 750)
(309.0909091 83.52941176 750)
(327.2727273 83.52941176 750)
(345.4545455 83.52941176 750)
(363.6363636 83.52941176 750)
(381.8181818 83.52941176 750)
(400 83.52941176 750)
(418.1818182 83.52941176 750)
(436.3636364 83.52941176 750)
(454.5454545 83.52941176 750)
(472.7272727 83.52941176 750)
(490.9090909 83.52941176 750)
(509.0909091 83.52941176 750)
(527.2727273 83.52941176 750)
(545.4545455 83.52941176 750)
(563.6363636 83.52941176 750)
(581.8181818 83.52941176 750)
(600 83.52941176 750)
(618.1818182 83.52941176 750)
(636.3636364 83.52941176 750)
(654.5454545 83.52941176 750)
(672.7272727 83.52941176 750)
(690.9090909 83.52941176 750)
(709.0909091 83.52941176 750)
(727.2727273 83.52941176 750)
(745.4545455 83.52941176 750)
(763.6363636 83.52941176 750)
(781.8181818 83.52941176 750)
(800 83.52941176 750)
(818.1818182 83.52941176 750)
(836.3636364 83.52941176 750)
(854.5454545 83.52941176 750)
(872.7272727 83.52941176 750)
(890.9090909 83.52941176 750)
(909.0909091 83.52941176 750)
(927.2727273 83.52941176 750)
(945.4545455 83.52941176 750)
(963.6363636 83.52941176 750)
(981.8181818 83.52941176 750)
(1000 83.52941176 750)
(1018.181818 83.52941176 750)
(1036.363636 83.52941176 750)
(1054.545455 83.52941176 750)
(1072.727273 83.52941176 750)
(1090.909091 83.52941176 750)
(1109.090909 83.52941176 750)
(1127.272727 83.52941176 750)
(1145.454545 83.52941176 750)
(1163.636364 83.52941176 750)
(1181.818182 83.52941176 750)
(1200 83.52941176 750)
(1218.181818 83.52941176 750)
(1236.363636 83.52941176 750)
(1254.545455 83.52941176 750)
(1272.727273 83.52941176 750)
(1290.909091 83.52941176 750)
(1309.090909 83.52941176 750)
(1327.272727 83.52941176 750)
(1345.454545 83.52941176 750)
(1363.636364 83.52941176 750)
(1381.818182 83.52941176 750)
(1400 83.52941176 750)
(1418.181818 83.52941176 750)
(1436.363636 83.52941176 750)
(1454.545455 83.52941176 750)
(1472.727273 83.52941176 750)
(1490.909091 83.52941176 750)
(1509.090909 83.52941176 750)
(1527.272727 83.52941176 750)
(1545.454545 83.52941176 750)
(1563.636364 83.52941176 750)
(1581.818182 83.52941176 750)
(1600 83.52941176 750)
(1618.181818 83.52941176 750)
(1636.363636 83.52941176 750)
(1654.545455 83.52941176 750)
(1672.727273 83.52941176 750)
(1690.909091 83.52941176 750)
(1709.090909 83.52941176 750)
(1727.272727 83.52941176 750)
(1745.454545 83.52941176 750)
(1763.636364 83.52941176 750)
(1781.818182 83.52941176 750)
(1800 83.52941176 750)
(1818.181818 83.52941176 750)
(1836.363636 83.52941176 750)
(1854.545455 83.52941176 750)
(1872.727273 83.52941176 750)
(1890.909091 83.52941176 750)
(1909.090909 83.52941176 750)
(1927.272727 83.52941176 750)
(1945.454545 83.52941176 750)
(1963.636364 83.52941176 750)
(1981.818182 83.52941176 750)
(2000 83.52941176 750)
(0 84.70588235 750)
(18.18181818 84.70588235 750)
(36.36363636 84.70588235 750)
(54.54545455 84.70588235 750)
(72.72727273 84.70588235 750)
(90.90909091 84.70588235 750)
(109.0909091 84.70588235 750)
(127.2727273 84.70588235 750)
(145.4545455 84.70588235 750)
(163.6363636 84.70588235 750)
(181.8181818 84.70588235 750)
(200 84.70588235 750)
(218.1818182 84.70588235 750)
(236.3636364 84.70588235 750)
(254.5454545 84.70588235 750)
(272.7272727 84.70588235 750)
(290.9090909 84.70588235 750)
(309.0909091 84.70588235 750)
(327.2727273 84.70588235 750)
(345.4545455 84.70588235 750)
(363.6363636 84.70588235 750)
(381.8181818 84.70588235 750)
(400 84.70588235 750)
(418.1818182 84.70588235 750)
(436.3636364 84.70588235 750)
(454.5454545 84.70588235 750)
(472.7272727 84.70588235 750)
(490.9090909 84.70588235 750)
(509.0909091 84.70588235 750)
(527.2727273 84.70588235 750)
(545.4545455 84.70588235 750)
(563.6363636 84.70588235 750)
(581.8181818 84.70588235 750)
(600 84.70588235 750)
(618.1818182 84.70588235 750)
(636.3636364 84.70588235 750)
(654.5454545 84.70588235 750)
(672.7272727 84.70588235 750)
(690.9090909 84.70588235 750)
(709.0909091 84.70588235 750)
(727.2727273 84.70588235 750)
(745.4545455 84.70588235 750)
(763.6363636 84.70588235 750)
(781.8181818 84.70588235 750)
(800 84.70588235 750)
(818.1818182 84.70588235 750)
(836.3636364 84.70588235 750)
(854.5454545 84.70588235 750)
(872.7272727 84.70588235 750)
(890.9090909 84.70588235 750)
(909.0909091 84.70588235 750)
(927.2727273 84.70588235 750)
(945.4545455 84.70588235 750)
(963.6363636 84.70588235 750)
(981.8181818 84.70588235 750)
(1000 84.70588235 750)
(1018.181818 84.70588235 750)
(1036.363636 84.70588235 750)
(1054.545455 84.70588235 750)
(1072.727273 84.70588235 750)
(1090.909091 84.70588235 750)
(1109.090909 84.70588235 750)
(1127.272727 84.70588235 750)
(1145.454545 84.70588235 750)
(1163.636364 84.70588235 750)
(1181.818182 84.70588235 750)
(1200 84.70588235 750)
(1218.181818 84.70588235 750)
(1236.363636 84.70588235 750)
(1254.545455 84.70588235 750)
(1272.727273 84.70588235 750)
(1290.909091 84.70588235 750)
(1309.090909 84.70588235 750)
(1327.272727 84.70588235 750)
(1345.454545 84.70588235 750)
(1363.636364 84.70588235 750)
(1381.818182 84.70588235 750)
(1400 84.70588235 750)
(1418.181818 84.70588235 750)
(1436.363636 84.70588235 750)
(1454.545455 84.70588235 750)
(1472.727273 84.70588235 750)
(1490.909091 84.70588235 750)
(1509.090909 84.70588235 750)
(1527.272727 84.70588235 750)
(1545.454545 84.70588235 750)
(1563.636364 84.70588235 750)
(1581.818182 84.70588235 750)
(1600 84.70588235 750)
(1618.181818 84.70588235 750)
(1636.363636 84.70588235 750)
(1654.545455 84.70588235 750)
(1672.727273 84.70588235 750)
(1690.909091 84.70588235 750)
(1709.090909 84.70588235 750)
(1727.272727 84.70588235 750)
(1745.454545 84.70588235 750)
(1763.636364 84.70588235 750)
(1781.818182 84.70588235 750)
(1800 84.70588235 750)
(1818.181818 84.70588235 750)
(1836.363636 84.70588235 750)
(1854.545455 84.70588235 750)
(1872.727273 84.70588235 750)
(1890.909091 84.70588235 750)
(1909.090909 84.70588235 750)
(1927.272727 84.70588235 750)
(1945.454545 84.70588235 750)
(1963.636364 84.70588235 750)
(1981.818182 84.70588235 750)
(2000 84.70588235 750)
(0 85.88235294 750)
(18.18181818 85.88235294 750)
(36.36363636 85.88235294 750)
(54.54545455 85.88235294 750)
(72.72727273 85.88235294 750)
(90.90909091 85.88235294 750)
(109.0909091 85.88235294 750)
(127.2727273 85.88235294 750)
(145.4545455 85.88235294 750)
(163.6363636 85.88235294 750)
(181.8181818 85.88235294 750)
(200 85.88235294 750)
(218.1818182 85.88235294 750)
(236.3636364 85.88235294 750)
(254.5454545 85.88235294 750)
(272.7272727 85.88235294 750)
(290.9090909 85.88235294 750)
(309.0909091 85.88235294 750)
(327.2727273 85.88235294 750)
(345.4545455 85.88235294 750)
(363.6363636 85.88235294 750)
(381.8181818 85.88235294 750)
(400 85.88235294 750)
(418.1818182 85.88235294 750)
(436.3636364 85.88235294 750)
(454.5454545 85.88235294 750)
(472.7272727 85.88235294 750)
(490.9090909 85.88235294 750)
(509.0909091 85.88235294 750)
(527.2727273 85.88235294 750)
(545.4545455 85.88235294 750)
(563.6363636 85.88235294 750)
(581.8181818 85.88235294 750)
(600 85.88235294 750)
(618.1818182 85.88235294 750)
(636.3636364 85.88235294 750)
(654.5454545 85.88235294 750)
(672.7272727 85.88235294 750)
(690.9090909 85.88235294 750)
(709.0909091 85.88235294 750)
(727.2727273 85.88235294 750)
(745.4545455 85.88235294 750)
(763.6363636 85.88235294 750)
(781.8181818 85.88235294 750)
(800 85.88235294 750)
(818.1818182 85.88235294 750)
(836.3636364 85.88235294 750)
(854.5454545 85.88235294 750)
(872.7272727 85.88235294 750)
(890.9090909 85.88235294 750)
(909.0909091 85.88235294 750)
(927.2727273 85.88235294 750)
(945.4545455 85.88235294 750)
(963.6363636 85.88235294 750)
(981.8181818 85.88235294 750)
(1000 85.88235294 750)
(1018.181818 85.88235294 750)
(1036.363636 85.88235294 750)
(1054.545455 85.88235294 750)
(1072.727273 85.88235294 750)
(1090.909091 85.88235294 750)
(1109.090909 85.88235294 750)
(1127.272727 85.88235294 750)
(1145.454545 85.88235294 750)
(1163.636364 85.88235294 750)
(1181.818182 85.88235294 750)
(1200 85.88235294 750)
(1218.181818 85.88235294 750)
(1236.363636 85.88235294 750)
(1254.545455 85.88235294 750)
(1272.727273 85.88235294 750)
(1290.909091 85.88235294 750)
(1309.090909 85.88235294 750)
(1327.272727 85.88235294 750)
(1345.454545 85.88235294 750)
(1363.636364 85.88235294 750)
(1381.818182 85.88235294 750)
(1400 85.88235294 750)
(1418.181818 85.88235294 750)
(1436.363636 85.88235294 750)
(1454.545455 85.88235294 750)
(1472.727273 85.88235294 750)
(1490.909091 85.88235294 750)
(1509.090909 85.88235294 750)
(1527.272727 85.88235294 750)
(1545.454545 85.88235294 750)
(1563.636364 85.88235294 750)
(1581.818182 85.88235294 750)
(1600 85.88235294 750)
(1618.181818 85.88235294 750)
(1636.363636 85.88235294 750)
(1654.545455 85.88235294 750)
(1672.727273 85.88235294 750)
(1690.909091 85.88235294 750)
(1709.090909 85.88235294 750)
(1727.272727 85.88235294 750)
(1745.454545 85.88235294 750)
(1763.636364 85.88235294 750)
(1781.818182 85.88235294 750)
(1800 85.88235294 750)
(1818.181818 85.88235294 750)
(1836.363636 85.88235294 750)
(1854.545455 85.88235294 750)
(1872.727273 85.88235294 750)
(1890.909091 85.88235294 750)
(1909.090909 85.88235294 750)
(1927.272727 85.88235294 750)
(1945.454545 85.88235294 750)
(1963.636364 85.88235294 750)
(1981.818182 85.88235294 750)
(2000 85.88235294 750)
(0 87.05882353 750)
(18.18181818 87.05882353 750)
(36.36363636 87.05882353 750)
(54.54545455 87.05882353 750)
(72.72727273 87.05882353 750)
(90.90909091 87.05882353 750)
(109.0909091 87.05882353 750)
(127.2727273 87.05882353 750)
(145.4545455 87.05882353 750)
(163.6363636 87.05882353 750)
(181.8181818 87.05882353 750)
(200 87.05882353 750)
(218.1818182 87.05882353 750)
(236.3636364 87.05882353 750)
(254.5454545 87.05882353 750)
(272.7272727 87.05882353 750)
(290.9090909 87.05882353 750)
(309.0909091 87.05882353 750)
(327.2727273 87.05882353 750)
(345.4545455 87.05882353 750)
(363.6363636 87.05882353 750)
(381.8181818 87.05882353 750)
(400 87.05882353 750)
(418.1818182 87.05882353 750)
(436.3636364 87.05882353 750)
(454.5454545 87.05882353 750)
(472.7272727 87.05882353 750)
(490.9090909 87.05882353 750)
(509.0909091 87.05882353 750)
(527.2727273 87.05882353 750)
(545.4545455 87.05882353 750)
(563.6363636 87.05882353 750)
(581.8181818 87.05882353 750)
(600 87.05882353 750)
(618.1818182 87.05882353 750)
(636.3636364 87.05882353 750)
(654.5454545 87.05882353 750)
(672.7272727 87.05882353 750)
(690.9090909 87.05882353 750)
(709.0909091 87.05882353 750)
(727.2727273 87.05882353 750)
(745.4545455 87.05882353 750)
(763.6363636 87.05882353 750)
(781.8181818 87.05882353 750)
(800 87.05882353 750)
(818.1818182 87.05882353 750)
(836.3636364 87.05882353 750)
(854.5454545 87.05882353 750)
(872.7272727 87.05882353 750)
(890.9090909 87.05882353 750)
(909.0909091 87.05882353 750)
(927.2727273 87.05882353 750)
(945.4545455 87.05882353 750)
(963.6363636 87.05882353 750)
(981.8181818 87.05882353 750)
(1000 87.05882353 750)
(1018.181818 87.05882353 750)
(1036.363636 87.05882353 750)
(1054.545455 87.05882353 750)
(1072.727273 87.05882353 750)
(1090.909091 87.05882353 750)
(1109.090909 87.05882353 750)
(1127.272727 87.05882353 750)
(1145.454545 87.05882353 750)
(1163.636364 87.05882353 750)
(1181.818182 87.05882353 750)
(1200 87.05882353 750)
(1218.181818 87.05882353 750)
(1236.363636 87.05882353 750)
(1254.545455 87.05882353 750)
(1272.727273 87.05882353 750)
(1290.909091 87.05882353 750)
(1309.090909 87.05882353 750)
(1327.272727 87.05882353 750)
(1345.454545 87.05882353 750)
(1363.636364 87.05882353 750)
(1381.818182 87.05882353 750)
(1400 87.05882353 750)
(1418.181818 87.05882353 750)
(1436.363636 87.05882353 750)
(1454.545455 87.05882353 750)
(1472.727273 87.05882353 750)
(1490.909091 87.05882353 750)
(1509.090909 87.05882353 750)
(1527.272727 87.05882353 750)
(1545.454545 87.05882353 750)
(1563.636364 87.05882353 750)
(1581.818182 87.05882353 750)
(1600 87.05882353 750)
(1618.181818 87.05882353 750)
(1636.363636 87.05882353 750)
(1654.545455 87.05882353 750)
(1672.727273 87.05882353 750)
(1690.909091 87.05882353 750)
(1709.090909 87.05882353 750)
(1727.272727 87.05882353 750)
(1745.454545 87.05882353 750)
(1763.636364 87.05882353 750)
(1781.818182 87.05882353 750)
(1800 87.05882353 750)
(1818.181818 87.05882353 750)
(1836.363636 87.05882353 750)
(1854.545455 87.05882353 750)
(1872.727273 87.05882353 750)
(1890.909091 87.05882353 750)
(1909.090909 87.05882353 750)
(1927.272727 87.05882353 750)
(1945.454545 87.05882353 750)
(1963.636364 87.05882353 750)
(1981.818182 87.05882353 750)
(2000 87.05882353 750)
(0 88.23529412 750)
(18.18181818 88.23529412 750)
(36.36363636 88.23529412 750)
(54.54545455 88.23529412 750)
(72.72727273 88.23529412 750)
(90.90909091 88.23529412 750)
(109.0909091 88.23529412 750)
(127.2727273 88.23529412 750)
(145.4545455 88.23529412 750)
(163.6363636 88.23529412 750)
(181.8181818 88.23529412 750)
(200 88.23529412 750)
(218.1818182 88.23529412 750)
(236.3636364 88.23529412 750)
(254.5454545 88.23529412 750)
(272.7272727 88.23529412 750)
(290.9090909 88.23529412 750)
(309.0909091 88.23529412 750)
(327.2727273 88.23529412 750)
(345.4545455 88.23529412 750)
(363.6363636 88.23529412 750)
(381.8181818 88.23529412 750)
(400 88.23529412 750)
(418.1818182 88.23529412 750)
(436.3636364 88.23529412 750)
(454.5454545 88.23529412 750)
(472.7272727 88.23529412 750)
(490.9090909 88.23529412 750)
(509.0909091 88.23529412 750)
(527.2727273 88.23529412 750)
(545.4545455 88.23529412 750)
(563.6363636 88.23529412 750)
(581.8181818 88.23529412 750)
(600 88.23529412 750)
(618.1818182 88.23529412 750)
(636.3636364 88.23529412 750)
(654.5454545 88.23529412 750)
(672.7272727 88.23529412 750)
(690.9090909 88.23529412 750)
(709.0909091 88.23529412 750)
(727.2727273 88.23529412 750)
(745.4545455 88.23529412 750)
(763.6363636 88.23529412 750)
(781.8181818 88.23529412 750)
(800 88.23529412 750)
(818.1818182 88.23529412 750)
(836.3636364 88.23529412 750)
(854.5454545 88.23529412 750)
(872.7272727 88.23529412 750)
(890.9090909 88.23529412 750)
(909.0909091 88.23529412 750)
(927.2727273 88.23529412 750)
(945.4545455 88.23529412 750)
(963.6363636 88.23529412 750)
(981.8181818 88.23529412 750)
(1000 88.23529412 750)
(1018.181818 88.23529412 750)
(1036.363636 88.23529412 750)
(1054.545455 88.23529412 750)
(1072.727273 88.23529412 750)
(1090.909091 88.23529412 750)
(1109.090909 88.23529412 750)
(1127.272727 88.23529412 750)
(1145.454545 88.23529412 750)
(1163.636364 88.23529412 750)
(1181.818182 88.23529412 750)
(1200 88.23529412 750)
(1218.181818 88.23529412 750)
(1236.363636 88.23529412 750)
(1254.545455 88.23529412 750)
(1272.727273 88.23529412 750)
(1290.909091 88.23529412 750)
(1309.090909 88.23529412 750)
(1327.272727 88.23529412 750)
(1345.454545 88.23529412 750)
(1363.636364 88.23529412 750)
(1381.818182 88.23529412 750)
(1400 88.23529412 750)
(1418.181818 88.23529412 750)
(1436.363636 88.23529412 750)
(1454.545455 88.23529412 750)
(1472.727273 88.23529412 750)
(1490.909091 88.23529412 750)
(1509.090909 88.23529412 750)
(1527.272727 88.23529412 750)
(1545.454545 88.23529412 750)
(1563.636364 88.23529412 750)
(1581.818182 88.23529412 750)
(1600 88.23529412 750)
(1618.181818 88.23529412 750)
(1636.363636 88.23529412 750)
(1654.545455 88.23529412 750)
(1672.727273 88.23529412 750)
(1690.909091 88.23529412 750)
(1709.090909 88.23529412 750)
(1727.272727 88.23529412 750)
(1745.454545 88.23529412 750)
(1763.636364 88.23529412 750)
(1781.818182 88.23529412 750)
(1800 88.23529412 750)
(1818.181818 88.23529412 750)
(1836.363636 88.23529412 750)
(1854.545455 88.23529412 750)
(1872.727273 88.23529412 750)
(1890.909091 88.23529412 750)
(1909.090909 88.23529412 750)
(1927.272727 88.23529412 750)
(1945.454545 88.23529412 750)
(1963.636364 88.23529412 750)
(1981.818182 88.23529412 750)
(2000 88.23529412 750)
(0 89.41176471 750)
(18.18181818 89.41176471 750)
(36.36363636 89.41176471 750)
(54.54545455 89.41176471 750)
(72.72727273 89.41176471 750)
(90.90909091 89.41176471 750)
(109.0909091 89.41176471 750)
(127.2727273 89.41176471 750)
(145.4545455 89.41176471 750)
(163.6363636 89.41176471 750)
(181.8181818 89.41176471 750)
(200 89.41176471 750)
(218.1818182 89.41176471 750)
(236.3636364 89.41176471 750)
(254.5454545 89.41176471 750)
(272.7272727 89.41176471 750)
(290.9090909 89.41176471 750)
(309.0909091 89.41176471 750)
(327.2727273 89.41176471 750)
(345.4545455 89.41176471 750)
(363.6363636 89.41176471 750)
(381.8181818 89.41176471 750)
(400 89.41176471 750)
(418.1818182 89.41176471 750)
(436.3636364 89.41176471 750)
(454.5454545 89.41176471 750)
(472.7272727 89.41176471 750)
(490.9090909 89.41176471 750)
(509.0909091 89.41176471 750)
(527.2727273 89.41176471 750)
(545.4545455 89.41176471 750)
(563.6363636 89.41176471 750)
(581.8181818 89.41176471 750)
(600 89.41176471 750)
(618.1818182 89.41176471 750)
(636.3636364 89.41176471 750)
(654.5454545 89.41176471 750)
(672.7272727 89.41176471 750)
(690.9090909 89.41176471 750)
(709.0909091 89.41176471 750)
(727.2727273 89.41176471 750)
(745.4545455 89.41176471 750)
(763.6363636 89.41176471 750)
(781.8181818 89.41176471 750)
(800 89.41176471 750)
(818.1818182 89.41176471 750)
(836.3636364 89.41176471 750)
(854.5454545 89.41176471 750)
(872.7272727 89.41176471 750)
(890.9090909 89.41176471 750)
(909.0909091 89.41176471 750)
(927.2727273 89.41176471 750)
(945.4545455 89.41176471 750)
(963.6363636 89.41176471 750)
(981.8181818 89.41176471 750)
(1000 89.41176471 750)
(1018.181818 89.41176471 750)
(1036.363636 89.41176471 750)
(1054.545455 89.41176471 750)
(1072.727273 89.41176471 750)
(1090.909091 89.41176471 750)
(1109.090909 89.41176471 750)
(1127.272727 89.41176471 750)
(1145.454545 89.41176471 750)
(1163.636364 89.41176471 750)
(1181.818182 89.41176471 750)
(1200 89.41176471 750)
(1218.181818 89.41176471 750)
(1236.363636 89.41176471 750)
(1254.545455 89.41176471 750)
(1272.727273 89.41176471 750)
(1290.909091 89.41176471 750)
(1309.090909 89.41176471 750)
(1327.272727 89.41176471 750)
(1345.454545 89.41176471 750)
(1363.636364 89.41176471 750)
(1381.818182 89.41176471 750)
(1400 89.41176471 750)
(1418.181818 89.41176471 750)
(1436.363636 89.41176471 750)
(1454.545455 89.41176471 750)
(1472.727273 89.41176471 750)
(1490.909091 89.41176471 750)
(1509.090909 89.41176471 750)
(1527.272727 89.41176471 750)
(1545.454545 89.41176471 750)
(1563.636364 89.41176471 750)
(1581.818182 89.41176471 750)
(1600 89.41176471 750)
(1618.181818 89.41176471 750)
(1636.363636 89.41176471 750)
(1654.545455 89.41176471 750)
(1672.727273 89.41176471 750)
(1690.909091 89.41176471 750)
(1709.090909 89.41176471 750)
(1727.272727 89.41176471 750)
(1745.454545 89.41176471 750)
(1763.636364 89.41176471 750)
(1781.818182 89.41176471 750)
(1800 89.41176471 750)
(1818.181818 89.41176471 750)
(1836.363636 89.41176471 750)
(1854.545455 89.41176471 750)
(1872.727273 89.41176471 750)
(1890.909091 89.41176471 750)
(1909.090909 89.41176471 750)
(1927.272727 89.41176471 750)
(1945.454545 89.41176471 750)
(1963.636364 89.41176471 750)
(1981.818182 89.41176471 750)
(2000 89.41176471 750)
(0 90.58823529 750)
(18.18181818 90.58823529 750)
(36.36363636 90.58823529 750)
(54.54545455 90.58823529 750)
(72.72727273 90.58823529 750)
(90.90909091 90.58823529 750)
(109.0909091 90.58823529 750)
(127.2727273 90.58823529 750)
(145.4545455 90.58823529 750)
(163.6363636 90.58823529 750)
(181.8181818 90.58823529 750)
(200 90.58823529 750)
(218.1818182 90.58823529 750)
(236.3636364 90.58823529 750)
(254.5454545 90.58823529 750)
(272.7272727 90.58823529 750)
(290.9090909 90.58823529 750)
(309.0909091 90.58823529 750)
(327.2727273 90.58823529 750)
(345.4545455 90.58823529 750)
(363.6363636 90.58823529 750)
(381.8181818 90.58823529 750)
(400 90.58823529 750)
(418.1818182 90.58823529 750)
(436.3636364 90.58823529 750)
(454.5454545 90.58823529 750)
(472.7272727 90.58823529 750)
(490.9090909 90.58823529 750)
(509.0909091 90.58823529 750)
(527.2727273 90.58823529 750)
(545.4545455 90.58823529 750)
(563.6363636 90.58823529 750)
(581.8181818 90.58823529 750)
(600 90.58823529 750)
(618.1818182 90.58823529 750)
(636.3636364 90.58823529 750)
(654.5454545 90.58823529 750)
(672.7272727 90.58823529 750)
(690.9090909 90.58823529 750)
(709.0909091 90.58823529 750)
(727.2727273 90.58823529 750)
(745.4545455 90.58823529 750)
(763.6363636 90.58823529 750)
(781.8181818 90.58823529 750)
(800 90.58823529 750)
(818.1818182 90.58823529 750)
(836.3636364 90.58823529 750)
(854.5454545 90.58823529 750)
(872.7272727 90.58823529 750)
(890.9090909 90.58823529 750)
(909.0909091 90.58823529 750)
(927.2727273 90.58823529 750)
(945.4545455 90.58823529 750)
(963.6363636 90.58823529 750)
(981.8181818 90.58823529 750)
(1000 90.58823529 750)
(1018.181818 90.58823529 750)
(1036.363636 90.58823529 750)
(1054.545455 90.58823529 750)
(1072.727273 90.58823529 750)
(1090.909091 90.58823529 750)
(1109.090909 90.58823529 750)
(1127.272727 90.58823529 750)
(1145.454545 90.58823529 750)
(1163.636364 90.58823529 750)
(1181.818182 90.58823529 750)
(1200 90.58823529 750)
(1218.181818 90.58823529 750)
(1236.363636 90.58823529 750)
(1254.545455 90.58823529 750)
(1272.727273 90.58823529 750)
(1290.909091 90.58823529 750)
(1309.090909 90.58823529 750)
(1327.272727 90.58823529 750)
(1345.454545 90.58823529 750)
(1363.636364 90.58823529 750)
(1381.818182 90.58823529 750)
(1400 90.58823529 750)
(1418.181818 90.58823529 750)
(1436.363636 90.58823529 750)
(1454.545455 90.58823529 750)
(1472.727273 90.58823529 750)
(1490.909091 90.58823529 750)
(1509.090909 90.58823529 750)
(1527.272727 90.58823529 750)
(1545.454545 90.58823529 750)
(1563.636364 90.58823529 750)
(1581.818182 90.58823529 750)
(1600 90.58823529 750)
(1618.181818 90.58823529 750)
(1636.363636 90.58823529 750)
(1654.545455 90.58823529 750)
(1672.727273 90.58823529 750)
(1690.909091 90.58823529 750)
(1709.090909 90.58823529 750)
(1727.272727 90.58823529 750)
(1745.454545 90.58823529 750)
(1763.636364 90.58823529 750)
(1781.818182 90.58823529 750)
(1800 90.58823529 750)
(1818.181818 90.58823529 750)
(1836.363636 90.58823529 750)
(1854.545455 90.58823529 750)
(1872.727273 90.58823529 750)
(1890.909091 90.58823529 750)
(1909.090909 90.58823529 750)
(1927.272727 90.58823529 750)
(1945.454545 90.58823529 750)
(1963.636364 90.58823529 750)
(1981.818182 90.58823529 750)
(2000 90.58823529 750)
(0 91.76470588 750)
(18.18181818 91.76470588 750)
(36.36363636 91.76470588 750)
(54.54545455 91.76470588 750)
(72.72727273 91.76470588 750)
(90.90909091 91.76470588 750)
(109.0909091 91.76470588 750)
(127.2727273 91.76470588 750)
(145.4545455 91.76470588 750)
(163.6363636 91.76470588 750)
(181.8181818 91.76470588 750)
(200 91.76470588 750)
(218.1818182 91.76470588 750)
(236.3636364 91.76470588 750)
(254.5454545 91.76470588 750)
(272.7272727 91.76470588 750)
(290.9090909 91.76470588 750)
(309.0909091 91.76470588 750)
(327.2727273 91.76470588 750)
(345.4545455 91.76470588 750)
(363.6363636 91.76470588 750)
(381.8181818 91.76470588 750)
(400 91.76470588 750)
(418.1818182 91.76470588 750)
(436.3636364 91.76470588 750)
(454.5454545 91.76470588 750)
(472.7272727 91.76470588 750)
(490.9090909 91.76470588 750)
(509.0909091 91.76470588 750)
(527.2727273 91.76470588 750)
(545.4545455 91.76470588 750)
(563.6363636 91.76470588 750)
(581.8181818 91.76470588 750)
(600 91.76470588 750)
(618.1818182 91.76470588 750)
(636.3636364 91.76470588 750)
(654.5454545 91.76470588 750)
(672.7272727 91.76470588 750)
(690.9090909 91.76470588 750)
(709.0909091 91.76470588 750)
(727.2727273 91.76470588 750)
(745.4545455 91.76470588 750)
(763.6363636 91.76470588 750)
(781.8181818 91.76470588 750)
(800 91.76470588 750)
(818.1818182 91.76470588 750)
(836.3636364 91.76470588 750)
(854.5454545 91.76470588 750)
(872.7272727 91.76470588 750)
(890.9090909 91.76470588 750)
(909.0909091 91.76470588 750)
(927.2727273 91.76470588 750)
(945.4545455 91.76470588 750)
(963.6363636 91.76470588 750)
(981.8181818 91.76470588 750)
(1000 91.76470588 750)
(1018.181818 91.76470588 750)
(1036.363636 91.76470588 750)
(1054.545455 91.76470588 750)
(1072.727273 91.76470588 750)
(1090.909091 91.76470588 750)
(1109.090909 91.76470588 750)
(1127.272727 91.76470588 750)
(1145.454545 91.76470588 750)
(1163.636364 91.76470588 750)
(1181.818182 91.76470588 750)
(1200 91.76470588 750)
(1218.181818 91.76470588 750)
(1236.363636 91.76470588 750)
(1254.545455 91.76470588 750)
(1272.727273 91.76470588 750)
(1290.909091 91.76470588 750)
(1309.090909 91.76470588 750)
(1327.272727 91.76470588 750)
(1345.454545 91.76470588 750)
(1363.636364 91.76470588 750)
(1381.818182 91.76470588 750)
(1400 91.76470588 750)
(1418.181818 91.76470588 750)
(1436.363636 91.76470588 750)
(1454.545455 91.76470588 750)
(1472.727273 91.76470588 750)
(1490.909091 91.76470588 750)
(1509.090909 91.76470588 750)
(1527.272727 91.76470588 750)
(1545.454545 91.76470588 750)
(1563.636364 91.76470588 750)
(1581.818182 91.76470588 750)
(1600 91.76470588 750)
(1618.181818 91.76470588 750)
(1636.363636 91.76470588 750)
(1654.545455 91.76470588 750)
(1672.727273 91.76470588 750)
(1690.909091 91.76470588 750)
(1709.090909 91.76470588 750)
(1727.272727 91.76470588 750)
(1745.454545 91.76470588 750)
(1763.636364 91.76470588 750)
(1781.818182 91.76470588 750)
(1800 91.76470588 750)
(1818.181818 91.76470588 750)
(1836.363636 91.76470588 750)
(1854.545455 91.76470588 750)
(1872.727273 91.76470588 750)
(1890.909091 91.76470588 750)
(1909.090909 91.76470588 750)
(1927.272727 91.76470588 750)
(1945.454545 91.76470588 750)
(1963.636364 91.76470588 750)
(1981.818182 91.76470588 750)
(2000 91.76470588 750)
(0 92.94117647 750)
(18.18181818 92.94117647 750)
(36.36363636 92.94117647 750)
(54.54545455 92.94117647 750)
(72.72727273 92.94117647 750)
(90.90909091 92.94117647 750)
(109.0909091 92.94117647 750)
(127.2727273 92.94117647 750)
(145.4545455 92.94117647 750)
(163.6363636 92.94117647 750)
(181.8181818 92.94117647 750)
(200 92.94117647 750)
(218.1818182 92.94117647 750)
(236.3636364 92.94117647 750)
(254.5454545 92.94117647 750)
(272.7272727 92.94117647 750)
(290.9090909 92.94117647 750)
(309.0909091 92.94117647 750)
(327.2727273 92.94117647 750)
(345.4545455 92.94117647 750)
(363.6363636 92.94117647 750)
(381.8181818 92.94117647 750)
(400 92.94117647 750)
(418.1818182 92.94117647 750)
(436.3636364 92.94117647 750)
(454.5454545 92.94117647 750)
(472.7272727 92.94117647 750)
(490.9090909 92.94117647 750)
(509.0909091 92.94117647 750)
(527.2727273 92.94117647 750)
(545.4545455 92.94117647 750)
(563.6363636 92.94117647 750)
(581.8181818 92.94117647 750)
(600 92.94117647 750)
(618.1818182 92.94117647 750)
(636.3636364 92.94117647 750)
(654.5454545 92.94117647 750)
(672.7272727 92.94117647 750)
(690.9090909 92.94117647 750)
(709.0909091 92.94117647 750)
(727.2727273 92.94117647 750)
(745.4545455 92.94117647 750)
(763.6363636 92.94117647 750)
(781.8181818 92.94117647 750)
(800 92.94117647 750)
(818.1818182 92.94117647 750)
(836.3636364 92.94117647 750)
(854.5454545 92.94117647 750)
(872.7272727 92.94117647 750)
(890.9090909 92.94117647 750)
(909.0909091 92.94117647 750)
(927.2727273 92.94117647 750)
(945.4545455 92.94117647 750)
(963.6363636 92.94117647 750)
(981.8181818 92.94117647 750)
(1000 92.94117647 750)
(1018.181818 92.94117647 750)
(1036.363636 92.94117647 750)
(1054.545455 92.94117647 750)
(1072.727273 92.94117647 750)
(1090.909091 92.94117647 750)
(1109.090909 92.94117647 750)
(1127.272727 92.94117647 750)
(1145.454545 92.94117647 750)
(1163.636364 92.94117647 750)
(1181.818182 92.94117647 750)
(1200 92.94117647 750)
(1218.181818 92.94117647 750)
(1236.363636 92.94117647 750)
(1254.545455 92.94117647 750)
(1272.727273 92.94117647 750)
(1290.909091 92.94117647 750)
(1309.090909 92.94117647 750)
(1327.272727 92.94117647 750)
(1345.454545 92.94117647 750)
(1363.636364 92.94117647 750)
(1381.818182 92.94117647 750)
(1400 92.94117647 750)
(1418.181818 92.94117647 750)
(1436.363636 92.94117647 750)
(1454.545455 92.94117647 750)
(1472.727273 92.94117647 750)
(1490.909091 92.94117647 750)
(1509.090909 92.94117647 750)
(1527.272727 92.94117647 750)
(1545.454545 92.94117647 750)
(1563.636364 92.94117647 750)
(1581.818182 92.94117647 750)
(1600 92.94117647 750)
(1618.181818 92.94117647 750)
(1636.363636 92.94117647 750)
(1654.545455 92.94117647 750)
(1672.727273 92.94117647 750)
(1690.909091 92.94117647 750)
(1709.090909 92.94117647 750)
(1727.272727 92.94117647 750)
(1745.454545 92.94117647 750)
(1763.636364 92.94117647 750)
(1781.818182 92.94117647 750)
(1800 92.94117647 750)
(1818.181818 92.94117647 750)
(1836.363636 92.94117647 750)
(1854.545455 92.94117647 750)
(1872.727273 92.94117647 750)
(1890.909091 92.94117647 750)
(1909.090909 92.94117647 750)
(1927.272727 92.94117647 750)
(1945.454545 92.94117647 750)
(1963.636364 92.94117647 750)
(1981.818182 92.94117647 750)
(2000 92.94117647 750)
(0 94.11764706 750)
(18.18181818 94.11764706 750)
(36.36363636 94.11764706 750)
(54.54545455 94.11764706 750)
(72.72727273 94.11764706 750)
(90.90909091 94.11764706 750)
(109.0909091 94.11764706 750)
(127.2727273 94.11764706 750)
(145.4545455 94.11764706 750)
(163.6363636 94.11764706 750)
(181.8181818 94.11764706 750)
(200 94.11764706 750)
(218.1818182 94.11764706 750)
(236.3636364 94.11764706 750)
(254.5454545 94.11764706 750)
(272.7272727 94.11764706 750)
(290.9090909 94.11764706 750)
(309.0909091 94.11764706 750)
(327.2727273 94.11764706 750)
(345.4545455 94.11764706 750)
(363.6363636 94.11764706 750)
(381.8181818 94.11764706 750)
(400 94.11764706 750)
(418.1818182 94.11764706 750)
(436.3636364 94.11764706 750)
(454.5454545 94.11764706 750)
(472.7272727 94.11764706 750)
(490.9090909 94.11764706 750)
(509.0909091 94.11764706 750)
(527.2727273 94.11764706 750)
(545.4545455 94.11764706 750)
(563.6363636 94.11764706 750)
(581.8181818 94.11764706 750)
(600 94.11764706 750)
(618.1818182 94.11764706 750)
(636.3636364 94.11764706 750)
(654.5454545 94.11764706 750)
(672.7272727 94.11764706 750)
(690.9090909 94.11764706 750)
(709.0909091 94.11764706 750)
(727.2727273 94.11764706 750)
(745.4545455 94.11764706 750)
(763.6363636 94.11764706 750)
(781.8181818 94.11764706 750)
(800 94.11764706 750)
(818.1818182 94.11764706 750)
(836.3636364 94.11764706 750)
(854.5454545 94.11764706 750)
(872.7272727 94.11764706 750)
(890.9090909 94.11764706 750)
(909.0909091 94.11764706 750)
(927.2727273 94.11764706 750)
(945.4545455 94.11764706 750)
(963.6363636 94.11764706 750)
(981.8181818 94.11764706 750)
(1000 94.11764706 750)
(1018.181818 94.11764706 750)
(1036.363636 94.11764706 750)
(1054.545455 94.11764706 750)
(1072.727273 94.11764706 750)
(1090.909091 94.11764706 750)
(1109.090909 94.11764706 750)
(1127.272727 94.11764706 750)
(1145.454545 94.11764706 750)
(1163.636364 94.11764706 750)
(1181.818182 94.11764706 750)
(1200 94.11764706 750)
(1218.181818 94.11764706 750)
(1236.363636 94.11764706 750)
(1254.545455 94.11764706 750)
(1272.727273 94.11764706 750)
(1290.909091 94.11764706 750)
(1309.090909 94.11764706 750)
(1327.272727 94.11764706 750)
(1345.454545 94.11764706 750)
(1363.636364 94.11764706 750)
(1381.818182 94.11764706 750)
(1400 94.11764706 750)
(1418.181818 94.11764706 750)
(1436.363636 94.11764706 750)
(1454.545455 94.11764706 750)
(1472.727273 94.11764706 750)
(1490.909091 94.11764706 750)
(1509.090909 94.11764706 750)
(1527.272727 94.11764706 750)
(1545.454545 94.11764706 750)
(1563.636364 94.11764706 750)
(1581.818182 94.11764706 750)
(1600 94.11764706 750)
(1618.181818 94.11764706 750)
(1636.363636 94.11764706 750)
(1654.545455 94.11764706 750)
(1672.727273 94.11764706 750)
(1690.909091 94.11764706 750)
(1709.090909 94.11764706 750)
(1727.272727 94.11764706 750)
(1745.454545 94.11764706 750)
(1763.636364 94.11764706 750)
(1781.818182 94.11764706 750)
(1800 94.11764706 750)
(1818.181818 94.11764706 750)
(1836.363636 94.11764706 750)
(1854.545455 94.11764706 750)
(1872.727273 94.11764706 750)
(1890.909091 94.11764706 750)
(1909.090909 94.11764706 750)
(1927.272727 94.11764706 750)
(1945.454545 94.11764706 750)
(1963.636364 94.11764706 750)
(1981.818182 94.11764706 750)
(2000 94.11764706 750)
(0 95.29411765 750)
(18.18181818 95.29411765 750)
(36.36363636 95.29411765 750)
(54.54545455 95.29411765 750)
(72.72727273 95.29411765 750)
(90.90909091 95.29411765 750)
(109.0909091 95.29411765 750)
(127.2727273 95.29411765 750)
(145.4545455 95.29411765 750)
(163.6363636 95.29411765 750)
(181.8181818 95.29411765 750)
(200 95.29411765 750)
(218.1818182 95.29411765 750)
(236.3636364 95.29411765 750)
(254.5454545 95.29411765 750)
(272.7272727 95.29411765 750)
(290.9090909 95.29411765 750)
(309.0909091 95.29411765 750)
(327.2727273 95.29411765 750)
(345.4545455 95.29411765 750)
(363.6363636 95.29411765 750)
(381.8181818 95.29411765 750)
(400 95.29411765 750)
(418.1818182 95.29411765 750)
(436.3636364 95.29411765 750)
(454.5454545 95.29411765 750)
(472.7272727 95.29411765 750)
(490.9090909 95.29411765 750)
(509.0909091 95.29411765 750)
(527.2727273 95.29411765 750)
(545.4545455 95.29411765 750)
(563.6363636 95.29411765 750)
(581.8181818 95.29411765 750)
(600 95.29411765 750)
(618.1818182 95.29411765 750)
(636.3636364 95.29411765 750)
(654.5454545 95.29411765 750)
(672.7272727 95.29411765 750)
(690.9090909 95.29411765 750)
(709.0909091 95.29411765 750)
(727.2727273 95.29411765 750)
(745.4545455 95.29411765 750)
(763.6363636 95.29411765 750)
(781.8181818 95.29411765 750)
(800 95.29411765 750)
(818.1818182 95.29411765 750)
(836.3636364 95.29411765 750)
(854.5454545 95.29411765 750)
(872.7272727 95.29411765 750)
(890.9090909 95.29411765 750)
(909.0909091 95.29411765 750)
(927.2727273 95.29411765 750)
(945.4545455 95.29411765 750)
(963.6363636 95.29411765 750)
(981.8181818 95.29411765 750)
(1000 95.29411765 750)
(1018.181818 95.29411765 750)
(1036.363636 95.29411765 750)
(1054.545455 95.29411765 750)
(1072.727273 95.29411765 750)
(1090.909091 95.29411765 750)
(1109.090909 95.29411765 750)
(1127.272727 95.29411765 750)
(1145.454545 95.29411765 750)
(1163.636364 95.29411765 750)
(1181.818182 95.29411765 750)
(1200 95.29411765 750)
(1218.181818 95.29411765 750)
(1236.363636 95.29411765 750)
(1254.545455 95.29411765 750)
(1272.727273 95.29411765 750)
(1290.909091 95.29411765 750)
(1309.090909 95.29411765 750)
(1327.272727 95.29411765 750)
(1345.454545 95.29411765 750)
(1363.636364 95.29411765 750)
(1381.818182 95.29411765 750)
(1400 95.29411765 750)
(1418.181818 95.29411765 750)
(1436.363636 95.29411765 750)
(1454.545455 95.29411765 750)
(1472.727273 95.29411765 750)
(1490.909091 95.29411765 750)
(1509.090909 95.29411765 750)
(1527.272727 95.29411765 750)
(1545.454545 95.29411765 750)
(1563.636364 95.29411765 750)
(1581.818182 95.29411765 750)
(1600 95.29411765 750)
(1618.181818 95.29411765 750)
(1636.363636 95.29411765 750)
(1654.545455 95.29411765 750)
(1672.727273 95.29411765 750)
(1690.909091 95.29411765 750)
(1709.090909 95.29411765 750)
(1727.272727 95.29411765 750)
(1745.454545 95.29411765 750)
(1763.636364 95.29411765 750)
(1781.818182 95.29411765 750)
(1800 95.29411765 750)
(1818.181818 95.29411765 750)
(1836.363636 95.29411765 750)
(1854.545455 95.29411765 750)
(1872.727273 95.29411765 750)
(1890.909091 95.29411765 750)
(1909.090909 95.29411765 750)
(1927.272727 95.29411765 750)
(1945.454545 95.29411765 750)
(1963.636364 95.29411765 750)
(1981.818182 95.29411765 750)
(2000 95.29411765 750)
(0 96.47058824 750)
(18.18181818 96.47058824 750)
(36.36363636 96.47058824 750)
(54.54545455 96.47058824 750)
(72.72727273 96.47058824 750)
(90.90909091 96.47058824 750)
(109.0909091 96.47058824 750)
(127.2727273 96.47058824 750)
(145.4545455 96.47058824 750)
(163.6363636 96.47058824 750)
(181.8181818 96.47058824 750)
(200 96.47058824 750)
(218.1818182 96.47058824 750)
(236.3636364 96.47058824 750)
(254.5454545 96.47058824 750)
(272.7272727 96.47058824 750)
(290.9090909 96.47058824 750)
(309.0909091 96.47058824 750)
(327.2727273 96.47058824 750)
(345.4545455 96.47058824 750)
(363.6363636 96.47058824 750)
(381.8181818 96.47058824 750)
(400 96.47058824 750)
(418.1818182 96.47058824 750)
(436.3636364 96.47058824 750)
(454.5454545 96.47058824 750)
(472.7272727 96.47058824 750)
(490.9090909 96.47058824 750)
(509.0909091 96.47058824 750)
(527.2727273 96.47058824 750)
(545.4545455 96.47058824 750)
(563.6363636 96.47058824 750)
(581.8181818 96.47058824 750)
(600 96.47058824 750)
(618.1818182 96.47058824 750)
(636.3636364 96.47058824 750)
(654.5454545 96.47058824 750)
(672.7272727 96.47058824 750)
(690.9090909 96.47058824 750)
(709.0909091 96.47058824 750)
(727.2727273 96.47058824 750)
(745.4545455 96.47058824 750)
(763.6363636 96.47058824 750)
(781.8181818 96.47058824 750)
(800 96.47058824 750)
(818.1818182 96.47058824 750)
(836.3636364 96.47058824 750)
(854.5454545 96.47058824 750)
(872.7272727 96.47058824 750)
(890.9090909 96.47058824 750)
(909.0909091 96.47058824 750)
(927.2727273 96.47058824 750)
(945.4545455 96.47058824 750)
(963.6363636 96.47058824 750)
(981.8181818 96.47058824 750)
(1000 96.47058824 750)
(1018.181818 96.47058824 750)
(1036.363636 96.47058824 750)
(1054.545455 96.47058824 750)
(1072.727273 96.47058824 750)
(1090.909091 96.47058824 750)
(1109.090909 96.47058824 750)
(1127.272727 96.47058824 750)
(1145.454545 96.47058824 750)
(1163.636364 96.47058824 750)
(1181.818182 96.47058824 750)
(1200 96.47058824 750)
(1218.181818 96.47058824 750)
(1236.363636 96.47058824 750)
(1254.545455 96.47058824 750)
(1272.727273 96.47058824 750)
(1290.909091 96.47058824 750)
(1309.090909 96.47058824 750)
(1327.272727 96.47058824 750)
(1345.454545 96.47058824 750)
(1363.636364 96.47058824 750)
(1381.818182 96.47058824 750)
(1400 96.47058824 750)
(1418.181818 96.47058824 750)
(1436.363636 96.47058824 750)
(1454.545455 96.47058824 750)
(1472.727273 96.47058824 750)
(1490.909091 96.47058824 750)
(1509.090909 96.47058824 750)
(1527.272727 96.47058824 750)
(1545.454545 96.47058824 750)
(1563.636364 96.47058824 750)
(1581.818182 96.47058824 750)
(1600 96.47058824 750)
(1618.181818 96.47058824 750)
(1636.363636 96.47058824 750)
(1654.545455 96.47058824 750)
(1672.727273 96.47058824 750)
(1690.909091 96.47058824 750)
(1709.090909 96.47058824 750)
(1727.272727 96.47058824 750)
(1745.454545 96.47058824 750)
(1763.636364 96.47058824 750)
(1781.818182 96.47058824 750)
(1800 96.47058824 750)
(1818.181818 96.47058824 750)
(1836.363636 96.47058824 750)
(1854.545455 96.47058824 750)
(1872.727273 96.47058824 750)
(1890.909091 96.47058824 750)
(1909.090909 96.47058824 750)
(1927.272727 96.47058824 750)
(1945.454545 96.47058824 750)
(1963.636364 96.47058824 750)
(1981.818182 96.47058824 750)
(2000 96.47058824 750)
(0 97.64705882 750)
(18.18181818 97.64705882 750)
(36.36363636 97.64705882 750)
(54.54545455 97.64705882 750)
(72.72727273 97.64705882 750)
(90.90909091 97.64705882 750)
(109.0909091 97.64705882 750)
(127.2727273 97.64705882 750)
(145.4545455 97.64705882 750)
(163.6363636 97.64705882 750)
(181.8181818 97.64705882 750)
(200 97.64705882 750)
(218.1818182 97.64705882 750)
(236.3636364 97.64705882 750)
(254.5454545 97.64705882 750)
(272.7272727 97.64705882 750)
(290.9090909 97.64705882 750)
(309.0909091 97.64705882 750)
(327.2727273 97.64705882 750)
(345.4545455 97.64705882 750)
(363.6363636 97.64705882 750)
(381.8181818 97.64705882 750)
(400 97.64705882 750)
(418.1818182 97.64705882 750)
(436.3636364 97.64705882 750)
(454.5454545 97.64705882 750)
(472.7272727 97.64705882 750)
(490.9090909 97.64705882 750)
(509.0909091 97.64705882 750)
(527.2727273 97.64705882 750)
(545.4545455 97.64705882 750)
(563.6363636 97.64705882 750)
(581.8181818 97.64705882 750)
(600 97.64705882 750)
(618.1818182 97.64705882 750)
(636.3636364 97.64705882 750)
(654.5454545 97.64705882 750)
(672.7272727 97.64705882 750)
(690.9090909 97.64705882 750)
(709.0909091 97.64705882 750)
(727.2727273 97.64705882 750)
(745.4545455 97.64705882 750)
(763.6363636 97.64705882 750)
(781.8181818 97.64705882 750)
(800 97.64705882 750)
(818.1818182 97.64705882 750)
(836.3636364 97.64705882 750)
(854.5454545 97.64705882 750)
(872.7272727 97.64705882 750)
(890.9090909 97.64705882 750)
(909.0909091 97.64705882 750)
(927.2727273 97.64705882 750)
(945.4545455 97.64705882 750)
(963.6363636 97.64705882 750)
(981.8181818 97.64705882 750)
(1000 97.64705882 750)
(1018.181818 97.64705882 750)
(1036.363636 97.64705882 750)
(1054.545455 97.64705882 750)
(1072.727273 97.64705882 750)
(1090.909091 97.64705882 750)
(1109.090909 97.64705882 750)
(1127.272727 97.64705882 750)
(1145.454545 97.64705882 750)
(1163.636364 97.64705882 750)
(1181.818182 97.64705882 750)
(1200 97.64705882 750)
(1218.181818 97.64705882 750)
(1236.363636 97.64705882 750)
(1254.545455 97.64705882 750)
(1272.727273 97.64705882 750)
(1290.909091 97.64705882 750)
(1309.090909 97.64705882 750)
(1327.272727 97.64705882 750)
(1345.454545 97.64705882 750)
(1363.636364 97.64705882 750)
(1381.818182 97.64705882 750)
(1400 97.64705882 750)
(1418.181818 97.64705882 750)
(1436.363636 97.64705882 750)
(1454.545455 97.64705882 750)
(1472.727273 97.64705882 750)
(1490.909091 97.64705882 750)
(1509.090909 97.64705882 750)
(1527.272727 97.64705882 750)
(1545.454545 97.64705882 750)
(1563.636364 97.64705882 750)
(1581.818182 97.64705882 750)
(1600 97.64705882 750)
(1618.181818 97.64705882 750)
(1636.363636 97.64705882 750)
(1654.545455 97.64705882 750)
(1672.727273 97.64705882 750)
(1690.909091 97.64705882 750)
(1709.090909 97.64705882 750)
(1727.272727 97.64705882 750)
(1745.454545 97.64705882 750)
(1763.636364 97.64705882 750)
(1781.818182 97.64705882 750)
(1800 97.64705882 750)
(1818.181818 97.64705882 750)
(1836.363636 97.64705882 750)
(1854.545455 97.64705882 750)
(1872.727273 97.64705882 750)
(1890.909091 97.64705882 750)
(1909.090909 97.64705882 750)
(1927.272727 97.64705882 750)
(1945.454545 97.64705882 750)
(1963.636364 97.64705882 750)
(1981.818182 97.64705882 750)
(2000 97.64705882 750)
(0 98.82352941 750)
(18.18181818 98.82352941 750)
(36.36363636 98.82352941 750)
(54.54545455 98.82352941 750)
(72.72727273 98.82352941 750)
(90.90909091 98.82352941 750)
(109.0909091 98.82352941 750)
(127.2727273 98.82352941 750)
(145.4545455 98.82352941 750)
(163.6363636 98.82352941 750)
(181.8181818 98.82352941 750)
(200 98.82352941 750)
(218.1818182 98.82352941 750)
(236.3636364 98.82352941 750)
(254.5454545 98.82352941 750)
(272.7272727 98.82352941 750)
(290.9090909 98.82352941 750)
(309.0909091 98.82352941 750)
(327.2727273 98.82352941 750)
(345.4545455 98.82352941 750)
(363.6363636 98.82352941 750)
(381.8181818 98.82352941 750)
(400 98.82352941 750)
(418.1818182 98.82352941 750)
(436.3636364 98.82352941 750)
(454.5454545 98.82352941 750)
(472.7272727 98.82352941 750)
(490.9090909 98.82352941 750)
(509.0909091 98.82352941 750)
(527.2727273 98.82352941 750)
(545.4545455 98.82352941 750)
(563.6363636 98.82352941 750)
(581.8181818 98.82352941 750)
(600 98.82352941 750)
(618.1818182 98.82352941 750)
(636.3636364 98.82352941 750)
(654.5454545 98.82352941 750)
(672.7272727 98.82352941 750)
(690.9090909 98.82352941 750)
(709.0909091 98.82352941 750)
(727.2727273 98.82352941 750)
(745.4545455 98.82352941 750)
(763.6363636 98.82352941 750)
(781.8181818 98.82352941 750)
(800 98.82352941 750)
(818.1818182 98.82352941 750)
(836.3636364 98.82352941 750)
(854.5454545 98.82352941 750)
(872.7272727 98.82352941 750)
(890.9090909 98.82352941 750)
(909.0909091 98.82352941 750)
(927.2727273 98.82352941 750)
(945.4545455 98.82352941 750)
(963.6363636 98.82352941 750)
(981.8181818 98.82352941 750)
(1000 98.82352941 750)
(1018.181818 98.82352941 750)
(1036.363636 98.82352941 750)
(1054.545455 98.82352941 750)
(1072.727273 98.82352941 750)
(1090.909091 98.82352941 750)
(1109.090909 98.82352941 750)
(1127.272727 98.82352941 750)
(1145.454545 98.82352941 750)
(1163.636364 98.82352941 750)
(1181.818182 98.82352941 750)
(1200 98.82352941 750)
(1218.181818 98.82352941 750)
(1236.363636 98.82352941 750)
(1254.545455 98.82352941 750)
(1272.727273 98.82352941 750)
(1290.909091 98.82352941 750)
(1309.090909 98.82352941 750)
(1327.272727 98.82352941 750)
(1345.454545 98.82352941 750)
(1363.636364 98.82352941 750)
(1381.818182 98.82352941 750)
(1400 98.82352941 750)
(1418.181818 98.82352941 750)
(1436.363636 98.82352941 750)
(1454.545455 98.82352941 750)
(1472.727273 98.82352941 750)
(1490.909091 98.82352941 750)
(1509.090909 98.82352941 750)
(1527.272727 98.82352941 750)
(1545.454545 98.82352941 750)
(1563.636364 98.82352941 750)
(1581.818182 98.82352941 750)
(1600 98.82352941 750)
(1618.181818 98.82352941 750)
(1636.363636 98.82352941 750)
(1654.545455 98.82352941 750)
(1672.727273 98.82352941 750)
(1690.909091 98.82352941 750)
(1709.090909 98.82352941 750)
(1727.272727 98.82352941 750)
(1745.454545 98.82352941 750)
(1763.636364 98.82352941 750)
(1781.818182 98.82352941 750)
(1800 98.82352941 750)
(1818.181818 98.82352941 750)
(1836.363636 98.82352941 750)
(1854.545455 98.82352941 750)
(1872.727273 98.82352941 750)
(1890.909091 98.82352941 750)
(1909.090909 98.82352941 750)
(1927.272727 98.82352941 750)
(1945.454545 98.82352941 750)
(1963.636364 98.82352941 750)
(1981.818182 98.82352941 750)
(2000 98.82352941 750)
(0 100 750)
(18.18181818 100 750)
(36.36363636 100 750)
(54.54545455 100 750)
(72.72727273 100 750)
(90.90909091 100 750)
(109.0909091 100 750)
(127.2727273 100 750)
(145.4545455 100 750)
(163.6363636 100 750)
(181.8181818 100 750)
(200 100 750)
(218.1818182 100 750)
(236.3636364 100 750)
(254.5454545 100 750)
(272.7272727 100 750)
(290.9090909 100 750)
(309.0909091 100 750)
(327.2727273 100 750)
(345.4545455 100 750)
(363.6363636 100 750)
(381.8181818 100 750)
(400 100 750)
(418.1818182 100 750)
(436.3636364 100 750)
(454.5454545 100 750)
(472.7272727 100 750)
(490.9090909 100 750)
(509.0909091 100 750)
(527.2727273 100 750)
(545.4545455 100 750)
(563.6363636 100 750)
(581.8181818 100 750)
(600 100 750)
(618.1818182 100 750)
(636.3636364 100 750)
(654.5454545 100 750)
(672.7272727 100 750)
(690.9090909 100 750)
(709.0909091 100 750)
(727.2727273 100 750)
(745.4545455 100 750)
(763.6363636 100 750)
(781.8181818 100 750)
(800 100 750)
(818.1818182 100 750)
(836.3636364 100 750)
(854.5454545 100 750)
(872.7272727 100 750)
(890.9090909 100 750)
(909.0909091 100 750)
(927.2727273 100 750)
(945.4545455 100 750)
(963.6363636 100 750)
(981.8181818 100 750)
(1000 100 750)
(1018.181818 100 750)
(1036.363636 100 750)
(1054.545455 100 750)
(1072.727273 100 750)
(1090.909091 100 750)
(1109.090909 100 750)
(1127.272727 100 750)
(1145.454545 100 750)
(1163.636364 100 750)
(1181.818182 100 750)
(1200 100 750)
(1218.181818 100 750)
(1236.363636 100 750)
(1254.545455 100 750)
(1272.727273 100 750)
(1290.909091 100 750)
(1309.090909 100 750)
(1327.272727 100 750)
(1345.454545 100 750)
(1363.636364 100 750)
(1381.818182 100 750)
(1400 100 750)
(1418.181818 100 750)
(1436.363636 100 750)
(1454.545455 100 750)
(1472.727273 100 750)
(1490.909091 100 750)
(1509.090909 100 750)
(1527.272727 100 750)
(1545.454545 100 750)
(1563.636364 100 750)
(1581.818182 100 750)
(1600 100 750)
(1618.181818 100 750)
(1636.363636 100 750)
(1654.545455 100 750)
(1672.727273 100 750)
(1690.909091 100 750)
(1709.090909 100 750)
(1727.272727 100 750)
(1745.454545 100 750)
(1763.636364 100 750)
(1781.818182 100 750)
(1800 100 750)
(1818.181818 100 750)
(1836.363636 100 750)
(1854.545455 100 750)
(1872.727273 100 750)
(1890.909091 100 750)
(1909.090909 100 750)
(1927.272727 100 750)
(1945.454545 100 750)
(1963.636364 100 750)
(1981.818182 100 750)
(2000 100 750)
)


// ************************************************************************* //
