"Fa","Fb","Foil","Fshear","K","Nca","Sa","Sb","Sc","U:0","U:1","U:2","Ua:0","Ua:1","Ua:2","Ub:0","Ub:1","Ub:2","Uc:0","Uc:1","Uc:2","eps","kra","krb","krc","p","phi","phia","phib","phic","vtkValidPointMask","arc_length","Points:0","Points:1","Points:2"
1.94862e-01,8.05138e-01,5.50000e-01,1.00000e-12,1.00000e-12,3.52545e-06,5.50000e-01,3.50000e-01,1.00000e-01,1.41110e-05,0.00000e+00,0.00000e+00,2.74882e-06,0.00000e+00,0.00000e+00,1.13622e-05,0.00000e+00,0.00000e+00,0.00000e+00,0.00000e+00,0.00000e+00,2.50000e-01,2.36351e-04,9.76562e-02,3.08149e-33,1.76292e+05,-1.41110e-09,-2.74882e-10,-1.13622e-09,0.00000e+00,1,0.00000e+00,0.00000e+00,5.00000e-03,5.00000e-03
1.94802e-01,8.05197e-01,9.98353e-01,1.00000e+00,1.00000e-12,3.52373e-06,5.49709e-01,3.50071e-01,1.00219e-01,1.41110e-05,0.00000e+00,0.00000e+00,2.74904e-06,0.00000e+00,0.00000e+00,1.13619e-05,0.00000e+00,0.00000e+00,2.42137e-12,0.00000e+00,0.00000e+00,2.50000e-01,2.36396e-04,9.77121e-02,8.04969e-08,1.76078e+05,nan,nan,nan,nan,1,3.67000e-03,3.67000e-03,5.00000e-03,5.00000e-03
1.94799e-01,8.05201e-01,9.97088e-01,1.00000e+00,1.00000e-12,3.52196e-06,5.49482e-01,3.50129e-01,1.00389e-01,1.41110e-05,0.00000e+00,0.00000e+00,2.74881e-06,0.00000e+00,0.00000e+00,1.13622e-05,0.00000e+00,0.00000e+00,6.97685e-12,0.00000e+00,0.00000e+00,2.50000e-01,2.36501e-04,9.77573e-02,2.55589e-07,1.75652e+05,nan,nan,nan,nan,1,7.34000e-03,7.34000e-03,5.00000e-03,5.00000e-03
1.94799e-01,8.05201e-01,9.95402e-01,1.00000e+00,1.00000e-12,3.51992e-06,5.49182e-01,3.50204e-01,1.00614e-01,1.41110e-05,0.00000e+00,0.00000e+00,2.74880e-06,0.00000e+00,0.00000e+00,1.13622e-05,0.00000e+00,0.00000e+00,1.54239e-11,0.00000e+00,0.00000e+00,2.50000e-01,2.36642e-04,9.78159e-02,6.09193e-07,1.75226e+05,nan,nan,nan,nan,1,1.10100e-02,1.10100e-02,5.00000e-03,5.00000e-03
1.94798e-01,8.05200e-01,9.93567e-01,1.00000e+00,1.00000e-12,3.51758e-06,5.48854e-01,3.50287e-01,1.00859e-01,1.41110e-05,0.00000e+00,0.00000e+00,2.74878e-06,0.00000e+00,0.00000e+00,1.13622e-05,0.00000e+00,0.00000e+00,2.91051e-11,0.00000e+00,0.00000e+00,2.50000e-01,2.36796e-04,9.78800e-02,1.18231e-06,1.74799e+05,nan,nan,nan,nan,1,1.46800e-02,1.46800e-02,5.00000e-03,5.00000e-03
1.94793e-01,8.05203e-01,9.91517e-01,1.00000e+00,1.00000e-12,3.51503e-06,5.48486e-01,3.50380e-01,1.01134e-01,1.41110e-05,0.00000e+00,0.00000e+00,2.74874e-06,0.00000e+00,0.00000e+00,1.13622e-05,0.00000e+00,0.00000e+00,4.89089e-11,0.00000e+00,0.00000e+00,2.50000e-01,2.36967e-04,9.79533e-02,2.04185e-06,1.74374e+05,nan,nan,nan,nan,1,1.83500e-02,1.83500e-02,5.00000e-03,5.00000e-03
1.94793e-01,8.05201e-01,9.89410e-01,1.00000e+00,1.00000e-12,3.51241e-06,5.48109e-01,3.50473e-01,1.01418e-01,1.41110e-05,0.00000e+00,0.00000e+00,2.74871e-06,0.00000e+00,0.00000e+00,1.13622e-05,0.00000e+00,0.00000e+00,7.46008e-11,0.00000e+00,0.00000e+00,2.50000e-01,2.37145e-04,9.80267e-02,3.16833e-06,1.73948e+05,nan,nan,nan,nan,1,2.20200e-02,2.20200e-02,5.00000e-03,5.00000e-03
1.94788e-01,8.05205e-01,9.87372e-01,1.00000e+00,1.00000e-12,3.50983e-06,5.47741e-01,3.50567e-01,1.01692e-01,1.41110e-05,0.00000e+00,0.00000e+00,2.74867e-06,0.00000e+00,0.00000e+00,1.13622e-05,0.00000e+00,0.00000e+00,1.04947e-10,0.00000e+00,0.00000e+00,2.50000e-01,2.37316e-04,9.81003e-02,4.49560e-06,1.73522e+05,nan,nan,nan,nan,1,2.56900e-02,2.56900e-02,5.00000e-03,5.00000e-03
1.94788e-01,8.05203e-01,9.85449e-01,1.00000e+00,1.00000e-12,3.50738e-06,5.47396e-01,3.50653e-01,1.01950e-01,1.41110e-05,0.00000e+00,0.00000e+00,2.74864e-06,0.00000e+00,0.00000e+00,1.13622e-05,0.00000e+00,0.00000e+00,1.38693e-10,0.00000e+00,0.00000e+00,2.50000e-01,2.37479e-04,9.81677e-02,5.96413e-06,1.73098e+05,nan,nan,nan,nan,1,2.93600e-02,2.93600e-02,5.00000e-03,5.00000e-03
1.94783e-01,8.05205e-01,9.83635e-01,1.00000e+00,1.00000e-12,3.50504e-06,5.47068e-01,3.50738e-01,1.02194e-01,1.41110e-05,0.00000e+00,0.00000e+00,2.74859e-06,0.00000e+00,0.00000e+00,1.13622e-05,0.00000e+00,0.00000e+00,1.75460e-10,0.00000e+00,0.00000e+00,2.50000e-01,2.37631e-04,9.82333e-02,7.54365e-06,1.72673e+05,nan,nan,nan,nan,1,3.30300e-02,3.30300e-02,5.00000e-03,5.00000e-03
1.94780e-01,8.05206e-01,9.81847e-01,1.00000e+00,1.00000e-12,3.50273e-06,5.46745e-01,3.50820e-01,1.02435e-01,1.41110e-05,0.00000e+00,0.00000e+00,2.74854e-06,0.00000e+00,0.00000e+00,1.13623e-05,0.00000e+00,0.00000e+00,2.15866e-10,0.00000e+00,0.00000e+00,2.50000e-01,2.37783e-04,9.82976e-02,9.28978e-06,1.72249e+05,nan,nan,nan,nan,1,3.67000e-02,3.67000e-02,5.00000e-03,5.00000e-03
1.94777e-01,8.05206e-01,9.80048e-01,1.00000e+00,1.00000e-12,3.50043e-06,5.46420e-01,3.50902e-01,1.02678e-01,1.41110e-05,0.00000e+00,0.00000e+00,2.74848e-06,0.00000e+00,0.00000e+00,1.13623e-05,0.00000e+00,0.00000e+00,2.60216e-10,0.00000e+00,0.00000e+00,2.50000e-01,2.37935e-04,9.83624e-02,1.12294e-05,1.71825e+05,nan,nan,nan,nan,1,4.03700e-02,4.03700e-02,5.00000e-03,5.00000e-03
1.94770e-01,8.05209e-01,9.78289e-01,1.00000e+00,1.00000e-12,3.49814e-06,5.46098e-01,3.50985e-01,1.02917e-01,1.41110e-05,0.00000e+00,0.00000e+00,2.74841e-06,0.00000e+00,0.00000e+00,1.13623e-05,0.00000e+00,0.00000e+00,3.08436e-10,0.00000e+00,0.00000e+00,2.50000e-01,2.38083e-04,9.84275e-02,1.33075e-05,1.71401e+05,nan,nan,nan,nan,1,4.40400e-02,4.40400e-02,5.00000e-03,5.00000e-03
1.94768e-01,8.05207e-01,9.76510e-01,1.00000e+00,1.00000e-12,3.49583e-06,5.45776e-01,3.51066e-01,1.03158e-01,1.41110e-05,0.00000e+00,0.00000e+00,2.74834e-06,0.00000e+00,0.00000e+00,1.13623e-05,0.00000e+00,0.00000e+00,3.61269e-10,0.00000e+00,0.00000e+00,2.50000e-01,2.38235e-04,9.84911e-02,1.55957e-05,1.70978e+05,nan,nan,nan,nan,1,4.77100e-02,4.77100e-02,5.00000e-03,5.00000e-03
1.94759e-01,8.05211e-01,9.74681e-01,1.00000e+00,1.00000e-12,3.49349e-06,5.45442e-01,3.51153e-01,1.03405e-01,1.41110e-05,0.00000e+00,0.00000e+00,2.74826e-06,0.00000e+00,0.00000e+00,1.13623e-05,0.00000e+00,0.00000e+00,4.18800e-10,0.00000e+00,0.00000e+00,2.50000e-01,2.38389e-04,9.85595e-02,1.81364e-05,1.70554e+05,nan,nan,nan,nan,1,5.13800e-02,5.13800e-02,5.00000e-03,5.00000e-03
1.94756e-01,8.05210e-01,9.72905e-01,1.00000e+00,1.00000e-12,3.49117e-06,5.45119e-01,3.51236e-01,1.03646e-01,1.41110e-05,0.00000e+00,0.00000e+00,2.74818e-06,0.00000e+00,0.00000e+00,1.13623e-05,0.00000e+00,0.00000e+00,4.79631e-10,0.00000e+00,0.00000e+00,2.50000e-01,2.38541e-04,9.86238e-02,2.07896e-05,1.70132e+05,nan,nan,nan,nan,1,5.50500e-02,5.50500e-02,5.00000e-03,5.00000e-03
1.94748e-01,8.05214e-01,9.71178e-01,1.00000e+00,1.00000e-12,3.48889e-06,5.44801e-01,3.51318e-01,1.03881e-01,1.41110e-05,0.00000e+00,0.00000e+00,2.74810e-06,0.00000e+00,0.00000e+00,1.13624e-05,0.00000e+00,0.00000e+00,5.43623e-10,0.00000e+00,0.00000e+00,2.50000e-01,2.38687e-04,9.86886e-02,2.35508e-05,1.69708e+05,nan,nan,nan,nan,1,5.87200e-02,5.87200e-02,5.00000e-03,5.00000e-03
1.94742e-01,8.05215e-01,9.69417e-01,1.00000e+00,1.00000e-12,3.48657e-06,5.44479e-01,3.51402e-01,1.04119e-01,1.41110e-05,0.00000e+00,0.00000e+00,2.74800e-06,0.00000e+00,0.00000e+00,1.13624e-05,0.00000e+00,0.00000e+00,6.12325e-10,0.00000e+00,0.00000e+00,2.50000e-01,2.38836e-04,9.87540e-02,2.65463e-05,1.69286e+05,nan,nan,nan,nan,1,6.23900e-02,6.23900e-02,5.00000e-03,5.00000e-03
1.94735e-01,8.05216e-01,9.67616e-01,1.00000e+00,1.00000e-12,3.48420e-06,5.44149e-01,3.51487e-01,1.04365e-01,1.41110e-05,0.00000e+00,0.00000e+00,2.74789e-06,0.00000e+00,0.00000e+00,1.13624e-05,0.00000e+00,0.00000e+00,6.86928e-10,0.00000e+00,0.00000e+00,2.50000e-01,2.38990e-04,9.88210e-02,2.97993e-05,1.68864e+05,nan,nan,nan,nan,1,6.60600e-02,6.60600e-02,5.00000e-03,5.00000e-03
1.94725e-01,8.05221e-01,9.65764e-01,1.00000e+00,1.00000e-12,3.48174e-06,5.43806e-01,3.51576e-01,1.04618e-01,1.41110e-05,0.00000e+00,0.00000e+00,2.74777e-06,0.00000e+00,0.00000e+00,1.13625e-05,0.00000e+00,0.00000e+00,7.68379e-10,0.00000e+00,0.00000e+00,2.50000e-01,2.39147e-04,9.88917e-02,3.33477e-05,1.68442e+05,nan,nan,nan,nan,1,6.97300e-02,6.97300e-02,5.00000e-03,5.00000e-03
1.94719e-01,8.05220e-01,9.63834e-01,1.00000e+00,1.00000e-12,3.47922e-06,5.43451e-01,3.51667e-01,1.04882e-01,1.41110e-05,0.00000e+00,0.00000e+00,2.74766e-06,0.00000e+00,0.00000e+00,1.13625e-05,0.00000e+00,0.00000e+00,8.56918e-10,0.00000e+00,0.00000e+00,2.50000e-01,2.39313e-04,9.89630e-02,3.72606e-05,1.68020e+05,nan,nan,nan,nan,1,7.34000e-02,7.34000e-02,5.00000e-03,5.00000e-03
1.94707e-01,8.05225e-01,9.61898e-01,1.00000e+00,1.00000e-12,3.47666e-06,5.43091e-01,3.51762e-01,1.05147e-01,1.41110e-05,0.00000e+00,0.00000e+00,2.74754e-06,0.00000e+00,0.00000e+00,1.13625e-05,0.00000e+00,0.00000e+00,9.50924e-10,0.00000e+00,0.00000e+00,2.50000e-01,2.39477e-04,9.90378e-02,4.14070e-05,1.67600e+05,nan,nan,nan,nan,1,7.70700e-02,7.70700e-02,5.00000e-03,5.00000e-03
1.94701e-01,8.05224e-01,9.59997e-01,1.00000e+00,1.00000e-12,3.47411e-06,5.42741e-01,3.51852e-01,1.05407e-01,1.41110e-05,0.00000e+00,0.00000e+00,2.74741e-06,0.00000e+00,0.00000e+00,1.13626e-05,0.00000e+00,0.00000e+00,1.04957e-09,0.00000e+00,0.00000e+00,2.50000e-01,2.39642e-04,9.91088e-02,4.56987e-05,1.67178e+05,nan,nan,nan,nan,1,8.07400e-02,8.07400e-02,5.00000e-03,5.00000e-03
1.94689e-01,8.05229e-01,9.58059e-01,1.00000e+00,1.00000e-12,3.47152e-06,5.42380e-01,3.51947e-01,1.05673e-01,1.41110e-05,0.00000e+00,0.00000e+00,2.74726e-06,0.00000e+00,0.00000e+00,1.13626e-05,0.00000e+00,0.00000e+00,1.15447e-09,0.00000e+00,0.00000e+00,2.50000e-01,2.39807e-04,9.91838e-02,5.02990e-05,1.66758e+05,nan,nan,nan,nan,1,8.44100e-02,8.44100e-02,5.00000e-03,5.00000e-03
1.94679e-01,8.05232e-01,9.56070e-01,1.00000e+00,1.00000e-12,3.46889e-06,5.42010e-01,3.52044e-01,1.05945e-01,1.41110e-05,0.00000e+00,0.00000e+00,2.74711e-06,0.00000e+00,0.00000e+00,1.13626e-05,0.00000e+00,0.00000e+00,1.26631e-09,0.00000e+00,0.00000e+00,2.50000e-01,2.39978e-04,9.92600e-02,5.52581e-05,1.66338e+05,nan,nan,nan,nan,1,8.80800e-02,8.80800e-02,5.00000e-03,5.00000e-03
1.94669e-01,8.05233e-01,9.54089e-01,1.00000e+00,1.00000e-12,3.46624e-06,5.41641e-01,3.52141e-01,1.06218e-01,1.41110e-05,0.00000e+00,0.00000e+00,2.74696e-06,0.00000e+00,0.00000e+00,1.13627e-05,0.00000e+00,0.00000e+00,1.38348e-09,0.00000e+00,0.00000e+00,2.50000e-01,2.40149e-04,9.93360e-02,6.04336e-05,1.65918e+05,nan,nan,nan,nan,1,9.17500e-02,9.17500e-02,5.00000e-03,5.00000e-03
1.94655e-01,8.05239e-01,9.52133e-01,1.00000e+00,1.00000e-12,3.46359e-06,5.41275e-01,3.52239e-01,1.06486e-01,1.41110e-05,0.00000e+00,0.00000e+00,2.74679e-06,0.00000e+00,0.00000e+00,1.13627e-05,0.00000e+00,0.00000e+00,1.50511e-09,0.00000e+00,0.00000e+00,2.50000e-01,2.40316e-04,9.94129e-02,6.57798e-05,1.65498e+05,nan,nan,nan,nan,1,9.54200e-02,9.54200e-02,5.00000e-03,5.00000e-03
1.94646e-01,8.05238e-01,9.50171e-01,1.00000e+00,1.00000e-12,3.46094e-06,5.40909e-01,3.52333e-01,1.06758e-01,1.41110e-05,0.00000e+00,0.00000e+00,2.74662e-06,0.00000e+00,0.00000e+00,1.13628e-05,0.00000e+00,0.00000e+00,1.63191e-09,0.00000e+00,0.00000e+00,2.50000e-01,2.40486e-04,9.94878e-02,7.13788e-05,1.65078e+05,nan,nan,nan,nan,1,9.90900e-02,9.90900e-02,5.00000e-03,5.00000e-03
1.94630e-01,8.05246e-01,9.48198e-01,1.00000e+00,1.00000e-12,3.45827e-06,5.40537e-01,3.52434e-01,1.07030e-01,1.41110e-05,0.00000e+00,0.00000e+00,2.74645e-06,0.00000e+00,0.00000e+00,1.13628e-05,0.00000e+00,0.00000e+00,1.76407e-09,0.00000e+00,0.00000e+00,2.50000e-01,2.40655e-04,9.95667e-02,7.72423e-05,1.64660e+05,nan,nan,nan,nan,1,1.02760e-01,1.02760e-01,5.00000e-03,5.00000e-03
1.94620e-01,8.05246e-01,9.46242e-01,1.00000e+00,1.00000e-12,3.45562e-06,5.40170e-01,3.52529e-01,1.07300e-01,1.41110e-05,0.00000e+00,0.00000e+00,2.74626e-06,0.00000e+00,0.00000e+00,1.13629e-05,0.00000e+00,0.00000e+00,1.90076e-09,0.00000e+00,0.00000e+00,2.50000e-01,2.40825e-04,9.96424e-02,8.32985e-05,1.64241e+05,nan,nan,nan,nan,1,1.06430e-01,1.06430e-01,5.00000e-03,5.00000e-03
1.94604e-01,8.05252e-01,9.44304e-01,1.00000e+00,1.00000e-12,3.45297e-06,5.39804e-01,3.52628e-01,1.07568e-01,1.41110e-05,0.00000e+00,0.00000e+00,2.74607e-06,0.00000e+00,0.00000e+00,1.13629e-05,0.00000e+00,0.00000e+00,2.04161e-09,0.00000e+00,0.00000e+00,2.50000e-01,2.40992e-04,9.97201e-02,8.95327e-05,1.63823e+05,nan,nan,nan,nan,1,1.10100e-01,1.10100e-01,5.00000e-03,5.00000e-03
1.94590e-01,8.05255e-01,9.42370e-01,1.00000e+00,1.00000e-12,3.45033e-06,5.39438e-01,3.52725e-01,1.07837e-01,1.41110e-05,0.00000e+00,0.00000e+00,2.74587e-06,0.00000e+00,0.00000e+00,1.13630e-05,0.00000e+00,0.00000e+00,2.18677e-09,0.00000e+00,0.00000e+00,2.50000e-01,2.41159e-04,9.97968e-02,9.59857e-05,1.63405e+05,nan,nan,nan,nan,1,1.13770e-01,1.13770e-01,5.00000e-03,5.00000e-03
1.94577e-01,8.05258e-01,9.40450e-01,1.00000e+00,1.00000e-12,3.44770e-06,5.39075e-01,3.52821e-01,1.08103e-01,1.41110e-05,0.00000e+00,0.00000e+00,2.74566e-06,0.00000e+00,0.00000e+00,1.13630e-05,0.00000e+00,0.00000e+00,2.33562e-09,0.00000e+00,0.00000e+00,2.50000e-01,2.41326e-04,9.98731e-02,1.02619e-04,1.62987e+05,nan,nan,nan,nan,1,1.17440e-01,1.17440e-01,5.00000e-03,5.00000e-03
1.94559e-01,8.05264e-01,9.38566e-01,1.00000e+00,1.00000e-12,3.44510e-06,5.38716e-01,3.52919e-01,1.08364e-01,1.41110e-05,0.00000e+00,0.00000e+00,2.74545e-06,0.00000e+00,0.00000e+00,1.13631e-05,0.00000e+00,0.00000e+00,2.48730e-09,0.00000e+00,0.00000e+00,2.50000e-01,2.41488e-04,9.99499e-02,1.09357e-04,1.62570e+05,nan,nan,nan,nan,1,1.21110e-01,1.21110e-01,5.00000e-03,5.00000e-03
1.94548e-01,8.05265e-01,9.36704e-01,1.00000e+00,1.00000e-12,3.44252e-06,5.38364e-01,3.53012e-01,1.08624e-01,1.41110e-05,0.00000e+00,0.00000e+00,2.74523e-06,0.00000e+00,0.00000e+00,1.13632e-05,0.00000e+00,0.00000e+00,2.64211e-09,0.00000e+00,0.00000e+00,2.50000e-01,2.41652e-04,1.00024e-01,1.16239e-04,1.62152e+05,nan,nan,nan,nan,1,1.24780e-01,1.24780e-01,5.00000e-03,5.00000e-03
1.94529e-01,8.05273e-01,9.34846e-01,1.00000e+00,1.00000e-12,3.43995e-06,5.38007e-01,3.53109e-01,1.08884e-01,1.41110e-05,0.00000e+00,0.00000e+00,2.74502e-06,0.00000e+00,0.00000e+00,1.13632e-05,0.00000e+00,0.00000e+00,2.80067e-09,0.00000e+00,0.00000e+00,2.50000e-01,2.41811e-04,1.00101e-01,1.23320e-04,1.61736e+05,nan,nan,nan,nan,1,1.28450e-01,1.28450e-01,5.00000e-03,5.00000e-03
1.94516e-01,8.05274e-01,9.33004e-01,1.00000e+00,1.00000e-12,3.43740e-06,5.37657e-01,3.53202e-01,1.09141e-01,1.41110e-05,0.00000e+00,0.00000e+00,2.74479e-06,0.00000e+00,0.00000e+00,1.13633e-05,0.00000e+00,0.00000e+00,2.96274e-09,0.00000e+00,0.00000e+00,2.50000e-01,2.41973e-04,1.00174e-01,1.30560e-04,1.61319e+05,nan,nan,nan,nan,1,1.32120e-01,1.32120e-01,5.00000e-03,5.00000e-03
1.94497e-01,8.05281e-01,9.31180e-01,1.00000e+00,1.00000e-12,3.43485e-06,5.37307e-01,3.53298e-01,1.09395e-01,1.41110e-05,0.00000e+00,0.00000e+00,2.74457e-06,0.00000e+00,0.00000e+00,1.13633e-05,0.00000e+00,0.00000e+00,3.12831e-09,0.00000e+00,0.00000e+00,2.50000e-01,2.42131e-04,1.00250e-01,1.37942e-04,1.60903e+05,nan,nan,nan,nan,1,1.35790e-01,1.35790e-01,5.00000e-03,5.00000e-03
1.94482e-01,8.05284e-01,9.29355e-01,1.00000e+00,1.00000e-12,3.43231e-06,5.36958e-01,3.53391e-01,1.09651e-01,1.41110e-05,0.00000e+00,0.00000e+00,2.74434e-06,0.00000e+00,0.00000e+00,1.13633e-05,0.00000e+00,0.00000e+00,3.29799e-09,0.00000e+00,0.00000e+00,2.50000e-01,2.42290e-04,1.00324e-01,1.45539e-04,1.60487e+05,nan,nan,nan,nan,1,1.39460e-01,1.39460e-01,5.00000e-03,5.00000e-03
1.94467e-01,8.05287e-01,9.27535e-01,1.00000e+00,1.00000e-12,3.42977e-06,5.36609e-01,3.53486e-01,1.09905e-01,1.41110e-05,0.00000e+00,0.00000e+00,2.74410e-06,0.00000e+00,0.00000e+00,1.13634e-05,0.00000e+00,0.00000e+00,3.47177e-09,0.00000e+00,0.00000e+00,2.50000e-01,2.42450e-04,1.00399e-01,1.53332e-04,1.60072e+05,nan,nan,nan,nan,1,1.43130e-01,1.43130e-01,5.00000e-03,5.00000e-03
1.94447e-01,8.05295e-01,9.25726e-01,1.00000e+00,1.00000e-12,3.42722e-06,5.36259e-01,3.53582e-01,1.10159e-01,1.41110e-05,0.00000e+00,0.00000e+00,2.74386e-06,0.00000e+00,0.00000e+00,1.13635e-05,0.00000e+00,0.00000e+00,3.64959e-09,0.00000e+00,0.00000e+00,2.50000e-01,2.42607e-04,1.00475e-01,1.61288e-04,1.59656e+05,nan,nan,nan,nan,1,1.46800e-01,1.46800e-01,5.00000e-03,5.00000e-03
1.94433e-01,8.05296e-01,9.23910e-01,1.00000e+00,1.00000e-12,3.42467e-06,5.35911e-01,3.53675e-01,1.10414e-01,1.41110e-05,0.00000e+00,0.00000e+00,2.74361e-06,0.00000e+00,0.00000e+00,1.13635e-05,0.00000e+00,0.00000e+00,3.83219e-09,0.00000e+00,0.00000e+00,2.50000e-01,2.42768e-04,1.00548e-01,1.69484e-04,1.59242e+05,nan,nan,nan,nan,1,1.50470e-01,1.50470e-01,5.00000e-03,5.00000e-03
1.94411e-01,8.05305e-01,9.22087e-01,1.00000e+00,1.00000e-12,3.42210e-06,5.35556e-01,3.53774e-01,1.10670e-01,1.41110e-05,0.00000e+00,0.00000e+00,2.74336e-06,0.00000e+00,0.00000e+00,1.13636e-05,0.00000e+00,0.00000e+00,4.01992e-09,0.00000e+00,0.00000e+00,2.50000e-01,2.42925e-04,1.00626e-01,1.77933e-04,1.58827e+05,nan,nan,nan,nan,1,1.54140e-01,1.54140e-01,5.00000e-03,5.00000e-03
1.94396e-01,8.05306e-01,9.20264e-01,1.00000e+00,1.00000e-12,3.41951e-06,5.35205e-01,3.53868e-01,1.10927e-01,1.41110e-05,0.00000e+00,0.00000e+00,2.74309e-06,0.00000e+00,0.00000e+00,1.13637e-05,0.00000e+00,0.00000e+00,4.21274e-09,0.00000e+00,0.00000e+00,2.50000e-01,2.43087e-04,1.00702e-01,1.86596e-04,1.58413e+05,nan,nan,nan,nan,1,1.57810e-01,1.57810e-01,5.00000e-03,5.00000e-03
1.94374e-01,8.05314e-01,9.18430e-01,1.00000e+00,1.00000e-12,3.41690e-06,5.34846e-01,3.53967e-01,1.11187e-01,1.41110e-05,0.00000e+00,0.00000e+00,2.74282e-06,0.00000e+00,0.00000e+00,1.13637e-05,0.00000e+00,0.00000e+00,4.41126e-09,0.00000e+00,0.00000e+00,2.50000e-01,2.43246e-04,1.00780e-01,1.95535e-04,1.57999e+05,nan,nan,nan,nan,1,1.61480e-01,1.61480e-01,5.00000e-03,5.00000e-03
1.94354e-01,8.05318e-01,9.16579e-01,1.00000e+00,1.00000e-12,3.41427e-06,5.34487e-01,3.54066e-01,1.11447e-01,1.41110e-05,0.00000e+00,0.00000e+00,2.74253e-06,0.00000e+00,0.00000e+00,1.13638e-05,0.00000e+00,0.00000e+00,4.61587e-09,0.00000e+00,0.00000e+00,2.50000e-01,2.43409e-04,1.00858e-01,2.04775e-04,1.57585e+05,nan,nan,nan,nan,1,1.65150e-01,1.65150e-01,5.00000e-03,5.00000e-03
1.94335e-01,8.05323e-01,9.14722e-01,1.00000e+00,1.00000e-12,3.41162e-06,5.34126e-01,3.54165e-01,1.11710e-01,1.41110e-05,0.00000e+00,0.00000e+00,2.74223e-06,0.00000e+00,0.00000e+00,1.13639e-05,0.00000e+00,0.00000e+00,4.82650e-09,0.00000e+00,0.00000e+00,2.50000e-01,2.43573e-04,1.00937e-01,2.14280e-04,1.57172e+05,nan,nan,nan,nan,1,1.68820e-01,1.68820e-01,5.00000e-03,5.00000e-03
1.94311e-01,8.05332e-01,9.12851e-01,1.00000e+00,1.00000e-12,3.40894e-06,5.33758e-01,3.54267e-01,1.11975e-01,1.41110e-05,0.00000e+00,0.00000e+00,2.74194e-06,0.00000e+00,0.00000e+00,1.13640e-05,0.00000e+00,0.00000e+00,5.04342e-09,0.00000e+00,0.00000e+00,2.50000e-01,2.43737e-04,1.01019e-01,2.24085e-04,1.56758e+05,nan,nan,nan,nan,1,1.72490e-01,1.72490e-01,5.00000e-03,5.00000e-03
1.94293e-01,8.05335e-01,9.10963e-01,1.00000e+00,1.00000e-12,3.40623e-06,5.33391e-01,3.54367e-01,1.12242e-01,1.41110e-05,0.00000e+00,0.00000e+00,2.74163e-06,0.00000e+00,0.00000e+00,1.13641e-05,0.00000e+00,0.00000e+00,5.26688e-09,0.00000e+00,0.00000e+00,2.50000e-01,2.43905e-04,1.01098e-01,2.34212e-04,1.56346e+05,nan,nan,nan,nan,1,1.76160e-01,1.76160e-01,5.00000e-03,5.00000e-03
1.94265e-01,8.05345e-01,9.09067e-01,1.00000e+00,1.00000e-12,3.40348e-06,5.33016e-01,3.54473e-01,1.12511e-01,1.41110e-05,0.00000e+00,0.00000e+00,2.74131e-06,0.00000e+00,0.00000e+00,1.13642e-05,0.00000e+00,0.00000e+00,5.49685e-09,0.00000e+00,0.00000e+00,2.50000e-01,2.44070e-04,1.01182e-01,2.44625e-04,1.55934e+05,nan,nan,nan,nan,1,1.79830e-01,1.79830e-01,5.00000e-03,5.00000e-03
1.94246e-01,8.05348e-01,9.07154e-01,1.00000e+00,1.00000e-12,3.40073e-06,5.32642e-01,3.54575e-01,1.12783e-01,1.41110e-05,0.00000e+00,0.00000e+00,2.74098e-06,0.00000e+00,0.00000e+00,1.13642e-05,0.00000e+00,0.00000e+00,5.73379e-09,0.00000e+00,0.00000e+00,2.50000e-01,2.44241e-04,1.01263e-01,2.55377e-04,1.55522e+05,nan,nan,nan,nan,1,1.83500e-01,1.83500e-01,5.00000e-03,5.00000e-03
1.94219e-01,8.05357e-01,9.05223e-01,1.00000e+00,1.00000e-12,3.39793e-06,5.32260e-01,3.54682e-01,1.13058e-01,1.41110e-05,0.00000e+00,0.00000e+00,2.74064e-06,0.00000e+00,0.00000e+00,1.13644e-05,0.00000e+00,0.00000e+00,5.97774e-09,0.00000e+00,0.00000e+00,2.50000e-01,2.44411e-04,1.01348e-01,2.66479e-04,1.55110e+05,nan,nan,nan,nan,1,1.87170e-01,1.87170e-01,5.00000e-03,5.00000e-03
1.94195e-01,8.05363e-01,9.03285e-01,1.00000e+00,1.00000e-12,3.39512e-06,5.31877e-01,3.54787e-01,1.13336e-01,1.41110e-05,0.00000e+00,0.00000e+00,2.74030e-06,0.00000e+00,0.00000e+00,1.13645e-05,0.00000e+00,0.00000e+00,6.22836e-09,0.00000e+00,0.00000e+00,2.50000e-01,2.44583e-04,1.01433e-01,2.77877e-04,1.54698e+05,nan,nan,nan,nan,1,1.90840e-01,1.90840e-01,5.00000e-03,5.00000e-03
1.94172e-01,8.05368e-01,9.01335e-01,1.00000e+00,1.00000e-12,3.39228e-06,5.31492e-01,3.54895e-01,1.13613e-01,1.41110e-05,0.00000e+00,0.00000e+00,2.73995e-06,0.00000e+00,0.00000e+00,1.13646e-05,0.00000e+00,0.00000e+00,6.48583e-09,0.00000e+00,0.00000e+00,2.50000e-01,2.44757e-04,1.01518e-01,2.89605e-04,1.54288e+05,nan,nan,nan,nan,1,1.94510e-01,1.94510e-01,5.00000e-03,5.00000e-03
1.94143e-01,8.05378e-01,8.99369e-01,1.00000e+00,1.00000e-12,3.38941e-06,5.31100e-01,3.55006e-01,1.13894e-01,1.41110e-05,0.00000e+00,0.00000e+00,2.73958e-06,0.00000e+00,0.00000e+00,1.13647e-05,0.00000e+00,0.00000e+00,6.75031e-09,0.00000e+00,0.00000e+00,2.50000e-01,2.44930e-04,1.01607e-01,3.01681e-04,1.53877e+05,nan,nan,nan,nan,1,1.98180e-01,1.98180e-01,5.00000e-03,5.00000e-03
1.94121e-01,8.05381e-01,8.97397e-01,1.00000e+00,1.00000e-12,3.38652e-06,5.30710e-01,3.55114e-01,1.14177e-01,1.41110e-05,0.00000e+00,0.00000e+00,2.73921e-06,0.00000e+00,0.00000e+00,1.13648e-05,0.00000e+00,0.00000e+00,7.02167e-09,0.00000e+00,0.00000e+00,2.50000e-01,2.45108e-04,1.01692e-01,3.14072e-04,1.53466e+05,nan,nan,nan,nan,1,2.01850e-01,2.01850e-01,5.00000e-03,5.00000e-03
1.94089e-01,8.05394e-01,8.95413e-01,1.00000e+00,1.00000e-12,3.38360e-06,5.30312e-01,3.55227e-01,1.14461e-01,1.41110e-05,0.00000e+00,0.00000e+00,2.73882e-06,0.00000e+00,0.00000e+00,1.13649e-05,0.00000e+00,0.00000e+00,7.30004e-09,0.00000e+00,0.00000e+00,2.50000e-01,2.45281e-04,1.01783e-01,3.26807e-04,1.53056e+05,nan,nan,nan,nan,1,2.05520e-01,2.05520e-01,5.00000e-03,5.00000e-03
1.94065e-01,8.05397e-01,8.93417e-01,1.00000e+00,1.00000e-12,3.38067e-06,5.29915e-01,3.55336e-01,1.14749e-01,1.41110e-05,0.00000e+00,0.00000e+00,2.73843e-06,0.00000e+00,0.00000e+00,1.13650e-05,0.00000e+00,0.00000e+00,7.58548e-09,0.00000e+00,0.00000e+00,2.50000e-01,2.45462e-04,1.01870e-01,3.39892e-04,1.52647e+05,nan,nan,nan,nan,1,2.09190e-01,2.09190e-01,5.00000e-03,5.00000e-03
1.94033e-01,8.05409e-01,8.91415e-01,1.00000e+00,1.00000e-12,3.37770e-06,5.29512e-01,3.55451e-01,1.15037e-01,1.41110e-05,0.00000e+00,0.00000e+00,2.73801e-06,0.00000e+00,0.00000e+00,1.13651e-05,0.00000e+00,0.00000e+00,7.87782e-09,0.00000e+00,0.00000e+00,2.50000e-01,2.45639e-04,1.01962e-01,3.53294e-04,1.52238e+05,nan,nan,nan,nan,1,2.12860e-01,2.12860e-01,5.00000e-03,5.00000e-03
1.94005e-01,8.05417e-01,8.89402e-01,1.00000e+00,1.00000e-12,3.37472e-06,5.29109e-01,3.55565e-01,1.15326e-01,1.41110e-05,0.00000e+00,0.00000e+00,2.73759e-06,0.00000e+00,0.00000e+00,1.13653e-05,0.00000e+00,0.00000e+00,8.17734e-09,0.00000e+00,0.00000e+00,2.50000e-01,2.45819e-04,1.02053e-01,3.67054e-04,1.51828e+05,nan,nan,nan,nan,1,2.16530e-01,2.16530e-01,5.00000e-03,5.00000e-03
1.93975e-01,8.05424e-01,8.87378e-01,1.00000e+00,1.00000e-12,3.37170e-06,5.28701e-01,3.55680e-01,1.15619e-01,1.41110e-05,0.00000e+00,0.00000e+00,2.73717e-06,0.00000e+00,0.00000e+00,1.13653e-05,0.00000e+00,0.00000e+00,8.48402e-09,0.00000e+00,0.00000e+00,2.50000e-01,2.46000e-04,1.02144e-01,3.81173e-04,1.51420e+05,nan,nan,nan,nan,1,2.20200e-01,2.20200e-01,5.00000e-03,5.00000e-03
1.93941e-01,8.05436e-01,8.85350e-01,1.00000e+00,1.00000e-12,3.36867e-06,5.28290e-01,3.55799e-01,1.15912e-01,1.41110e-05,0.00000e+00,0.00000e+00,2.73672e-06,0.00000e+00,0.00000e+00,1.13654e-05,0.00000e+00,0.00000e+00,8.79761e-09,0.00000e+00,0.00000e+00,2.50000e-01,2.46180e-04,1.02238e-01,3.95612e-04,1.51012e+05,nan,nan,nan,nan,1,2.23870e-01,2.23870e-01,5.00000e-03,5.00000e-03
1.93913e-01,8.05440e-01,8.83313e-01,1.00000e+00,1.00000e-12,3.36563e-06,5.27880e-01,3.55913e-01,1.16206e-01,1.41110e-05,0.00000e+00,0.00000e+00,2.73627e-06,0.00000e+00,0.00000e+00,1.13656e-05,0.00000e+00,0.00000e+00,9.11820e-09,0.00000e+00,0.00000e+00,2.50000e-01,2.46365e-04,1.02330e-01,4.10406e-04,1.50604e+05,nan,nan,nan,nan,1,2.27540e-01,2.27540e-01,5.00000e-03,5.00000e-03
1.93875e-01,8.05456e-01,8.81270e-01,1.00000e+00,1.00000e-12,3.36256e-06,5.27463e-01,3.56034e-01,1.16502e-01,1.41110e-05,0.00000e+00,0.00000e+00,2.73581e-06,0.00000e+00,0.00000e+00,1.13657e-05,0.00000e+00,0.00000e+00,9.44558e-09,0.00000e+00,0.00000e+00,2.50000e-01,2.46546e-04,1.02427e-01,4.25543e-04,1.50196e+05,nan,nan,nan,nan,1,2.31210e-01,2.31210e-01,5.00000e-03,5.00000e-03
1.93847e-01,8.05460e-01,8.79226e-01,1.00000e+00,1.00000e-12,3.35948e-06,5.27051e-01,3.56151e-01,1.16799e-01,1.41110e-05,0.00000e+00,0.00000e+00,2.73535e-06,0.00000e+00,0.00000e+00,1.13658e-05,0.00000e+00,0.00000e+00,9.77927e-09,0.00000e+00,0.00000e+00,2.50000e-01,2.46732e-04,1.02521e-01,4.40979e-04,1.49790e+05,nan,nan,nan,nan,1,2.34880e-01,2.34880e-01,5.00000e-03,5.00000e-03
1.93810e-01,8.05473e-01,8.77181e-01,1.00000e+00,1.00000e-12,3.35640e-06,5.26632e-01,3.56272e-01,1.17096e-01,1.41110e-05,0.00000e+00,0.00000e+00,2.73486e-06,0.00000e+00,0.00000e+00,1.13660e-05,0.00000e+00,0.00000e+00,1.01190e-08,0.00000e+00,0.00000e+00,2.50000e-01,2.46913e-04,1.02618e-01,4.56726e-04,1.49383e+05,nan,nan,nan,nan,1,2.38550e-01,2.38550e-01,5.00000e-03,5.00000e-03
1.93778e-01,8.05481e-01,8.75136e-01,1.00000e+00,1.00000e-12,3.35330e-06,5.26215e-01,3.56390e-01,1.17395e-01,1.41110e-05,0.00000e+00,0.00000e+00,2.73438e-06,0.00000e+00,0.00000e+00,1.13661e-05,0.00000e+00,0.00000e+00,1.04646e-08,0.00000e+00,0.00000e+00,2.50000e-01,2.47099e-04,1.02712e-01,4.72765e-04,1.48977e+05,nan,nan,nan,nan,1,2.42220e-01,2.42220e-01,5.00000e-03,5.00000e-03
1.93743e-01,8.05490e-01,8.73096e-01,1.00000e+00,1.00000e-12,3.35020e-06,5.25798e-01,3.56510e-01,1.17691e-01,1.41110e-05,0.00000e+00,0.00000e+00,2.73389e-06,0.00000e+00,0.00000e+00,1.13663e-05,0.00000e+00,0.00000e+00,1.08158e-08,0.00000e+00,0.00000e+00,2.50000e-01,2.47283e-04,1.02808e-01,4.89084e-04,1.48571e+05,nan,nan,nan,nan,1,2.45890e-01,2.45890e-01,5.00000e-03,5.00000e-03
1.93705e-01,8.05503e-01,8.71056e-01,1.00000e+00,1.00000e-12,3.34710e-06,5.25378e-01,3.56633e-01,1.17990e-01,1.41110e-05,0.00000e+00,0.00000e+00,2.73339e-06,0.00000e+00,0.00000e+00,1.13665e-05,0.00000e+00,0.00000e+00,1.11726e-08,0.00000e+00,0.00000e+00,2.50000e-01,2.47466e-04,1.02907e-01,5.05694e-04,1.48166e+05,nan,nan,nan,nan,1,2.49560e-01,2.49560e-01,5.00000e-03,5.00000e-03
1.93674e-01,8.05508e-01,8.69021e-01,1.00000e+00,1.00000e-12,3.34400e-06,5.24962e-01,3.56750e-01,1.18288e-01,1.41110e-05,0.00000e+00,0.00000e+00,2.73289e-06,0.00000e+00,0.00000e+00,1.13666e-05,0.00000e+00,0.00000e+00,1.15346e-08,0.00000e+00,0.00000e+00,2.50000e-01,2.47652e-04,1.03001e-01,5.22571e-04,1.47760e+05,nan,nan,nan,nan,1,2.53230e-01,2.53230e-01,5.00000e-03,5.00000e-03
1.93632e-01,8.05525e-01,8.66991e-01,1.00000e+00,1.00000e-12,3.34089e-06,5.24540e-01,3.56875e-01,1.18585e-01,1.41110e-05,0.00000e+00,0.00000e+00,2.73237e-06,0.00000e+00,0.00000e+00,1.13667e-05,0.00000e+00,0.00000e+00,1.19015e-08,0.00000e+00,0.00000e+00,2.50000e-01,2.47833e-04,1.03101e-01,5.39705e-04,1.47356e+05,nan,nan,nan,nan,1,2.56900e-01,2.56900e-01,5.00000e-03,5.00000e-03
1.93600e-01,8.05530e-01,8.64971e-01,1.00000e+00,1.00000e-12,3.33779e-06,5.24126e-01,3.56993e-01,1.18881e-01,1.41110e-05,0.00000e+00,0.00000e+00,2.73185e-06,0.00000e+00,0.00000e+00,1.13669e-05,0.00000e+00,0.00000e+00,1.22727e-08,0.00000e+00,0.00000e+00,2.50000e-01,2.48019e-04,1.03196e-01,5.57066e-04,1.46951e+05,nan,nan,nan,nan,1,2.60570e-01,2.60570e-01,5.00000e-03,5.00000e-03
1.93558e-01,8.05546e-01,8.62964e-01,1.00000e+00,1.00000e-12,3.33469e-06,5.23708e-01,3.57116e-01,1.19176e-01,1.41110e-05,0.00000e+00,0.00000e+00,2.73132e-06,0.00000e+00,0.00000e+00,1.13670e-05,0.00000e+00,0.00000e+00,1.26473e-08,0.00000e+00,0.00000e+00,2.50000e-01,2.48200e-04,1.03294e-01,5.74603e-04,1.46547e+05,nan,nan,nan,nan,1,2.64240e-01,2.64240e-01,5.00000e-03,5.00000e-03
1.93522e-01,8.05555e-01,8.60969e-01,1.00000e+00,1.00000e-12,3.33161e-06,5.23295e-01,3.57236e-01,1.19469e-01,1.41110e-05,0.00000e+00,0.00000e+00,2.73079e-06,0.00000e+00,0.00000e+00,1.13672e-05,0.00000e+00,0.00000e+00,1.30253e-08,0.00000e+00,0.00000e+00,2.50000e-01,2.48381e-04,1.03390e-01,5.92330e-04,1.46143e+05,nan,nan,nan,nan,1,2.67910e-01,2.67910e-01,5.00000e-03,5.00000e-03
1.93485e-01,8.05565e-01,8.58992e-01,1.00000e+00,1.00000e-12,3.32854e-06,5.22883e-01,3.57356e-01,1.19761e-01,1.41110e-05,0.00000e+00,0.00000e+00,2.73025e-06,0.00000e+00,0.00000e+00,1.13674e-05,0.00000e+00,0.00000e+00,1.34060e-08,0.00000e+00,0.00000e+00,2.50000e-01,2.48561e-04,1.03487e-01,6.10210e-04,1.45740e+05,nan,nan,nan,nan,1,2.71580e-01,2.71580e-01,5.00000e-03,5.00000e-03
1.93443e-01,8.05580e-01,8.57029e-01,1.00000e+00,1.00000e-12,3.32549e-06,5.22471e-01,3.57477e-01,1.20052e-01,1.41110e-05,0.00000e+00,0.00000e+00,2.72971e-06,0.00000e+00,0.00000e+00,1.13675e-05,0.00000e+00,0.00000e+00,1.37894e-08,0.00000e+00,0.00000e+00,2.50000e-01,2.48738e-04,1.03585e-01,6.28234e-04,1.45337e+05,nan,nan,nan,nan,1,2.75250e-01,2.75250e-01,5.00000e-03,5.00000e-03
1.93410e-01,8.05587e-01,8.55080e-01,1.00000e+00,1.00000e-12,3.32245e-06,5.22066e-01,3.57594e-01,1.20340e-01,1.41110e-05,0.00000e+00,0.00000e+00,2.72916e-06,0.00000e+00,0.00000e+00,1.13677e-05,0.00000e+00,0.00000e+00,1.41754e-08,0.00000e+00,0.00000e+00,2.50000e-01,2.48919e-04,1.03679e-01,6.46423e-04,1.44934e+05,nan,nan,nan,nan,1,2.78920e-01,2.78920e-01,5.00000e-03,5.00000e-03
1.93364e-01,8.05604e-01,8.53149e-01,1.00000e+00,1.00000e-12,3.31943e-06,5.21658e-01,3.57717e-01,1.20625e-01,1.41110e-05,0.00000e+00,0.00000e+00,2.72860e-06,0.00000e+00,0.00000e+00,1.13678e-05,0.00000e+00,0.00000e+00,1.45638e-08,0.00000e+00,0.00000e+00,2.50000e-01,2.49091e-04,1.03777e-01,6.64731e-04,1.44532e+05,nan,nan,nan,nan,1,2.82590e-01,2.82590e-01,5.00000e-03,5.00000e-03
1.93330e-01,8.05610e-01,8.51232e-01,1.00000e+00,1.00000e-12,3.31642e-06,5.21258e-01,3.57832e-01,1.20910e-01,1.41110e-05,0.00000e+00,0.00000e+00,2.72805e-06,0.00000e+00,0.00000e+00,1.13680e-05,0.00000e+00,0.00000e+00,1.49545e-08,0.00000e+00,0.00000e+00,2.50000e-01,2.49269e-04,1.03871e-01,6.83183e-04,1.44130e+05,nan,nan,nan,nan,1,2.86260e-01,2.86260e-01,5.00000e-03,5.00000e-03
1.93286e-01,8.05625e-01,8.49328e-01,1.00000e+00,1.00000e-12,3.31343e-06,5.20855e-01,3.57952e-01,1.21193e-01,1.41110e-05,0.00000e+00,0.00000e+00,2.72749e-06,0.00000e+00,0.00000e+00,1.13682e-05,0.00000e+00,0.00000e+00,1.53479e-08,0.00000e+00,0.00000e+00,2.50000e-01,2.49441e-04,1.03968e-01,7.01790e-04,1.43729e+05,nan,nan,nan,nan,1,2.89930e-01,2.89930e-01,5.00000e-03,5.00000e-03
1.93249e-01,8.05636e-01,8.47439e-01,1.00000e+00,1.00000e-12,3.31045e-06,5.20457e-01,3.58069e-01,1.21474e-01,1.41110e-05,0.00000e+00,0.00000e+00,2.72693e-06,0.00000e+00,0.00000e+00,1.13683e-05,0.00000e+00,0.00000e+00,1.57438e-08,0.00000e+00,0.00000e+00,2.50000e-01,2.49615e-04,1.04062e-01,7.20529e-04,1.43328e+05,nan,nan,nan,nan,1,2.93600e-01,2.93600e-01,5.00000e-03,5.00000e-03
1.93210e-01,8.05646e-01,8.45559e-01,1.00000e+00,1.00000e-12,3.30749e-06,5.20060e-01,3.58186e-01,1.21754e-01,1.41110e-05,0.00000e+00,0.00000e+00,2.72637e-06,0.00000e+00,0.00000e+00,1.13685e-05,0.00000e+00,0.00000e+00,1.61428e-08,0.00000e+00,0.00000e+00,2.50000e-01,2.49788e-04,1.04157e-01,7.39451e-04,1.42927e+05,nan,nan,nan,nan,1,2.97270e-01,2.97270e-01,5.00000e-03,5.00000e-03
1.93166e-01,8.05662e-01,8.43686e-01,1.00000e+00,1.00000e-12,3.30452e-06,5.19661e-01,3.58306e-01,1.22033e-01,1.41110e-05,0.00000e+00,0.00000e+00,2.72580e-06,0.00000e+00,0.00000e+00,1.13687e-05,0.00000e+00,0.00000e+00,1.65454e-08,0.00000e+00,0.00000e+00,2.50000e-01,2.49958e-04,1.04253e-01,7.58573e-04,1.42527e+05,nan,nan,nan,nan,1,3.00940e-01,3.00940e-01,5.00000e-03,5.00000e-03
1.93131e-01,8.05668e-01,8.41820e-01,1.00000e+00,1.00000e-12,3.30155e-06,5.19267e-01,3.58420e-01,1.22312e-01,1.41110e-05,0.00000e+00,0.00000e+00,2.72522e-06,0.00000e+00,0.00000e+00,1.13688e-05,0.00000e+00,0.00000e+00,1.69521e-08,0.00000e+00,0.00000e+00,2.50000e-01,2.50132e-04,1.04346e-01,7.77901e-04,1.42127e+05,nan,nan,nan,nan,1,3.04610e-01,3.04610e-01,5.00000e-03,5.00000e-03
1.93083e-01,8.05686e-01,8.39954e-01,1.00000e+00,1.00000e-12,3.29858e-06,5.18866e-01,3.58543e-01,1.22591e-01,1.41110e-05,0.00000e+00,0.00000e+00,2.72463e-06,0.00000e+00,0.00000e+00,1.13690e-05,0.00000e+00,0.00000e+00,1.73633e-08,0.00000e+00,0.00000e+00,2.50000e-01,2.50301e-04,1.04444e-01,7.97490e-04,1.41727e+05,nan,nan,nan,nan,1,3.08280e-01,3.08280e-01,5.00000e-03,5.00000e-03
1.93047e-01,8.05692e-01,8.38089e-01,1.00000e+00,1.00000e-12,3.29561e-06,5.18471e-01,3.58658e-01,1.22871e-01,1.41110e-05,0.00000e+00,0.00000e+00,2.72405e-06,0.00000e+00,0.00000e+00,1.13692e-05,0.00000e+00,0.00000e+00,1.77796e-08,0.00000e+00,0.00000e+00,2.50000e-01,2.50476e-04,1.04537e-01,8.17345e-04,1.41328e+05,nan,nan,nan,nan,1,3.11950e-01,3.11950e-01,5.00000e-03,5.00000e-03
1.93000e-01,8.05710e-01,8.36223e-01,1.00000e+00,1.00000e-12,3.29262e-06,5.18070e-01,3.58779e-01,1.23151e-01,1.41110e-05,0.00000e+00,0.00000e+00,2.72345e-06,0.00000e+00,0.00000e+00,1.13694e-05,0.00000e+00,0.00000e+00,1.82016e-08,0.00000e+00,0.00000e+00,2.50000e-01,2.50644e-04,1.04635e-01,8.37490e-04,1.40928e+05,nan,nan,nan,nan,1,3.15620e-01,3.15620e-01,5.00000e-03,5.00000e-03
1.92959e-01,8.05721e-01,8.34350e-01,1.00000e+00,1.00000e-12,3.28961e-06,5.17669e-01,3.58898e-01,1.23432e-01,1.41110e-05,0.00000e+00,0.00000e+00,2.72283e-06,0.00000e+00,0.00000e+00,1.13695e-05,0.00000e+00,0.00000e+00,1.86298e-08,0.00000e+00,0.00000e+00,2.50000e-01,2.50818e-04,1.04732e-01,8.57980e-04,1.40530e+05,nan,nan,nan,nan,1,3.19290e-01,3.19290e-01,5.00000e-03,5.00000e-03
1.92915e-01,8.05734e-01,8.32473e-01,1.00000e+00,1.00000e-12,3.28659e-06,5.17265e-01,3.59019e-01,1.23715e-01,1.41110e-05,0.00000e+00,0.00000e+00,2.72220e-06,0.00000e+00,0.00000e+00,1.13697e-05,0.00000e+00,0.00000e+00,1.90645e-08,0.00000e+00,0.00000e+00,2.50000e-01,2.50992e-04,1.04829e-01,8.78801e-04,1.40132e+05,nan,nan,nan,nan,1,3.22960e-01,3.22960e-01,5.00000e-03,5.00000e-03
1.92867e-01,8.05751e-01,8.30588e-01,1.00000e+00,1.00000e-12,3.28355e-06,5.16857e-01,3.59143e-01,1.23999e-01,1.41110e-05,0.00000e+00,0.00000e+00,2.72157e-06,0.00000e+00,0.00000e+00,1.13699e-05,0.00000e+00,0.00000e+00,1.95062e-08,0.00000e+00,0.00000e+00,2.50000e-01,2.51164e-04,1.04930e-01,8.99994e-04,1.39734e+05,nan,nan,nan,nan,1,3.26630e-01,3.26630e-01,5.00000e-03,5.00000e-03
1.92827e-01,8.05759e-01,8.28694e-01,1.00000e+00,1.00000e-12,3.28048e-06,5.16451e-01,3.59264e-01,1.24285e-01,1.41110e-05,0.00000e+00,0.00000e+00,2.72093e-06,0.00000e+00,0.00000e+00,1.13701e-05,0.00000e+00,0.00000e+00,1.99552e-08,0.00000e+00,0.00000e+00,2.50000e-01,2.51342e-04,1.05027e-01,9.21577e-04,1.39336e+05,nan,nan,nan,nan,1,3.30300e-01,3.30300e-01,5.00000e-03,5.00000e-03
1.92773e-01,8.05780e-01,8.26792e-01,1.00000e+00,1.00000e-12,3.27739e-06,5.16035e-01,3.59392e-01,1.24573e-01,1.41110e-05,0.00000e+00,0.00000e+00,2.72027e-06,0.00000e+00,0.00000e+00,1.13703e-05,0.00000e+00,0.00000e+00,2.04116e-08,0.00000e+00,0.00000e+00,2.50000e-01,2.51514e-04,1.05131e-01,9.43534e-04,1.38940e+05,nan,nan,nan,nan,1,3.33970e-01,3.33970e-01,5.00000e-03,5.00000e-03
1.92732e-01,8.05788e-01,8.24879e-01,1.00000e+00,1.00000e-12,3.27429e-06,5.15624e-01,3.59513e-01,1.24863e-01,1.41110e-05,0.00000e+00,0.00000e+00,2.71961e-06,0.00000e+00,0.00000e+00,1.13705e-05,0.00000e+00,0.00000e+00,2.08761e-08,0.00000e+00,0.00000e+00,2.50000e-01,2.51695e-04,1.05230e-01,9.65921e-04,1.38542e+05,nan,nan,nan,nan,1,3.37640e-01,3.37640e-01,5.00000e-03,5.00000e-03
1.92679e-01,8.05807e-01,8.22954e-01,1.00000e+00,1.00000e-12,3.27115e-06,5.15202e-01,3.59643e-01,1.25155e-01,1.41110e-05,0.00000e+00,0.00000e+00,2.71893e-06,0.00000e+00,0.00000e+00,1.13707e-05,0.00000e+00,0.00000e+00,2.13485e-08,0.00000e+00,0.00000e+00,2.50000e-01,2.51871e-04,1.05335e-01,9.88730e-04,1.38146e+05,nan,nan,nan,nan,1,3.41310e-01,3.41310e-01,5.00000e-03,5.00000e-03
1.92633e-01,8.05820e-01,8.21020e-01,1.00000e+00,1.00000e-12,3.26798e-06,5.14781e-01,3.59770e-01,1.25449e-01,1.41110e-05,0.00000e+00,0.00000e+00,2.71825e-06,0.00000e+00,0.00000e+00,1.13709e-05,0.00000e+00,0.00000e+00,2.18295e-08,0.00000e+00,0.00000e+00,2.50000e-01,2.52053e-04,1.05438e-01,1.01197e-03,1.37750e+05,nan,nan,nan,nan,1,3.44980e-01,3.44980e-01,5.00000e-03,5.00000e-03
1.92585e-01,8.05834e-01,8.19072e-01,1.00000e+00,1.00000e-12,3.26479e-06,5.14356e-01,3.59899e-01,1.25745e-01,1.41110e-05,0.00000e+00,0.00000e+00,2.71754e-06,0.00000e+00,0.00000e+00,1.13712e-05,0.00000e+00,0.00000e+00,2.23191e-08,0.00000e+00,0.00000e+00,2.50000e-01,2.52234e-04,1.05543e-01,1.03569e-03,1.37354e+05,nan,nan,nan,nan,1,3.48650e-01,3.48650e-01,5.00000e-03,5.00000e-03
1.92530e-01,8.05853e-01,8.17113e-01,1.00000e+00,1.00000e-12,3.26157e-06,5.13925e-01,3.60031e-01,1.26044e-01,1.41110e-05,0.00000e+00,0.00000e+00,2.71683e-06,0.00000e+00,0.00000e+00,1.13714e-05,0.00000e+00,0.00000e+00,2.28176e-08,0.00000e+00,0.00000e+00,2.50000e-01,2.52414e-04,1.05650e-01,1.05987e-03,1.36960e+05,nan,nan,nan,nan,1,3.52320e-01,3.52320e-01,5.00000e-03,5.00000e-03
1.92485e-01,8.05862e-01,8.15140e-01,1.00000e+00,1.00000e-12,3.25833e-06,5.13496e-01,3.60160e-01,1.26345e-01,1.41110e-05,0.00000e+00,0.00000e+00,2.71610e-06,0.00000e+00,0.00000e+00,1.13716e-05,0.00000e+00,0.00000e+00,2.33250e-08,0.00000e+00,0.00000e+00,2.50000e-01,2.52601e-04,1.05755e-01,1.08451e-03,1.36564e+05,nan,nan,nan,nan,1,3.55990e-01,3.55990e-01,5.00000e-03,5.00000e-03
1.92425e-01,8.05886e-01,8.13155e-01,1.00000e+00,1.00000e-12,3.25504e-06,5.13054e-01,3.60298e-01,1.26648e-01,1.41110e-05,0.00000e+00,0.00000e+00,2.71536e-06,0.00000e+00,0.00000e+00,1.13718e-05,0.00000e+00,0.00000e+00,2.38414e-08,0.00000e+00,0.00000e+00,2.50000e-01,2.52783e-04,1.05867e-01,1.10965e-03,1.36170e+05,nan,nan,nan,nan,1,3.59660e-01,3.59660e-01,5.00000e-03,5.00000e-03
1.92379e-01,8.05895e-01,8.11158e-01,1.00000e+00,1.00000e-12,3.25174e-06,5.12617e-01,3.60429e-01,1.26954e-01,1.41110e-05,0.00000e+00,0.00000e+00,2.71460e-06,0.00000e+00,0.00000e+00,1.13720e-05,0.00000e+00,0.00000e+00,2.43671e-08,0.00000e+00,0.00000e+00,2.50000e-01,2.52973e-04,1.05973e-01,1.13526e-03,1.35776e+05,nan,nan,nan,nan,1,3.63330e-01,3.63330e-01,5.00000e-03,5.00000e-03
1.92318e-01,8.05917e-01,8.09149e-01,1.00000e+00,1.00000e-12,3.24840e-06,5.12169e-01,3.60568e-01,1.27263e-01,1.41110e-05,0.00000e+00,0.00000e+00,2.71383e-06,0.00000e+00,0.00000e+00,1.13722e-05,0.00000e+00,0.00000e+00,2.49020e-08,0.00000e+00,0.00000e+00,2.50000e-01,2.53158e-04,1.06087e-01,1.16137e-03,1.35382e+05,nan,nan,nan,nan,1,3.67000e-01,3.67000e-01,5.00000e-03,5.00000e-03
1.92265e-01,8.05932e-01,8.07127e-01,1.00000e+00,1.00000e-12,3.24504e-06,5.11722e-01,3.60705e-01,1.27573e-01,1.41110e-05,0.00000e+00,0.00000e+00,2.71304e-06,0.00000e+00,0.00000e+00,1.13725e-05,0.00000e+00,0.00000e+00,2.54464e-08,0.00000e+00,0.00000e+00,2.50000e-01,2.53349e-04,1.06198e-01,1.18800e-03,1.34990e+05,nan,nan,nan,nan,1,3.70670e-01,3.70670e-01,5.00000e-03,5.00000e-03
1.92209e-01,8.05949e-01,8.05093e-01,1.00000e+00,1.00000e-12,3.24164e-06,5.11270e-01,3.60844e-01,1.27887e-01,1.41110e-05,0.00000e+00,0.00000e+00,2.71224e-06,0.00000e+00,0.00000e+00,1.13728e-05,0.00000e+00,0.00000e+00,2.60003e-08,0.00000e+00,0.00000e+00,2.50000e-01,2.53540e-04,1.06311e-01,1.21513e-03,1.34596e+05,nan,nan,nan,nan,1,3.74340e-01,3.74340e-01,5.00000e-03,5.00000e-03
1.92146e-01,8.05971e-01,8.03047e-01,1.00000e+00,1.00000e-12,3.23820e-06,5.10811e-01,3.60987e-01,1.28202e-01,1.41110e-05,0.00000e+00,0.00000e+00,2.71142e-06,0.00000e+00,0.00000e+00,1.13730e-05,0.00000e+00,0.00000e+00,2.65638e-08,0.00000e+00,0.00000e+00,2.50000e-01,2.53729e-04,1.06428e-01,1.24279e-03,1.34204e+05,nan,nan,nan,nan,1,3.78010e-01,3.78010e-01,5.00000e-03,5.00000e-03
1.92095e-01,8.05982e-01,8.00988e-01,1.00000e+00,1.00000e-12,3.23475e-06,5.10355e-01,3.61125e-01,1.28520e-01,1.41110e-05,0.00000e+00,0.00000e+00,2.71060e-06,0.00000e+00,0.00000e+00,1.13733e-05,0.00000e+00,0.00000e+00,2.71370e-08,0.00000e+00,0.00000e+00,2.50000e-01,2.53926e-04,1.06541e-01,1.27096e-03,1.33812e+05,nan,nan,nan,nan,1,3.81680e-01,3.81680e-01,5.00000e-03,5.00000e-03
1.92026e-01,8.06009e-01,7.98919e-01,1.00000e+00,1.00000e-12,3.23126e-06,5.09887e-01,3.61273e-01,1.28840e-01,1.41110e-05,0.00000e+00,0.00000e+00,2.70974e-06,0.00000e+00,0.00000e+00,1.13735e-05,0.00000e+00,0.00000e+00,2.77198e-08,0.00000e+00,0.00000e+00,2.50000e-01,2.54116e-04,1.06662e-01,1.29967e-03,1.33420e+05,nan,nan,nan,nan,1,3.85350e-01,3.85350e-01,5.00000e-03,5.00000e-03
1.91973e-01,8.06020e-01,7.96839e-01,1.00000e+00,1.00000e-12,3.22776e-06,5.09423e-01,3.61414e-01,1.29163e-01,1.41110e-05,0.00000e+00,0.00000e+00,2.70888e-06,0.00000e+00,0.00000e+00,1.13738e-05,0.00000e+00,0.00000e+00,2.83122e-08,0.00000e+00,0.00000e+00,2.50000e-01,2.54316e-04,1.06777e-01,1.32889e-03,1.33030e+05,nan,nan,nan,nan,1,3.89020e-01,3.89020e-01,5.00000e-03,5.00000e-03
1.91905e-01,8.06045e-01,7.94749e-01,1.00000e+00,1.00000e-12,3.22422e-06,5.08949e-01,3.61564e-01,1.29487e-01,1.41110e-05,0.00000e+00,0.00000e+00,2.70801e-06,0.00000e+00,0.00000e+00,1.13740e-05,0.00000e+00,0.00000e+00,2.89140e-08,0.00000e+00,0.00000e+00,2.50000e-01,2.54510e-04,1.06900e-01,1.35863e-03,1.32639e+05,nan,nan,nan,nan,1,3.92690e-01,3.92690e-01,5.00000e-03,5.00000e-03
1.91846e-01,8.06063e-01,7.92648e-01,1.00000e+00,1.00000e-12,3.22065e-06,5.08475e-01,3.61710e-01,1.29814e-01,1.41110e-05,0.00000e+00,0.00000e+00,2.70713e-06,0.00000e+00,0.00000e+00,1.13743e-05,0.00000e+00,0.00000e+00,2.95256e-08,0.00000e+00,0.00000e+00,2.50000e-01,2.54710e-04,1.07019e-01,1.38890e-03,1.32248e+05,nan,nan,nan,nan,1,3.96360e-01,3.96360e-01,5.00000e-03,5.00000e-03
1.91783e-01,8.06081e-01,7.90538e-01,1.00000e+00,1.00000e-12,3.21706e-06,5.07998e-01,3.61859e-01,1.30143e-01,1.41110e-05,0.00000e+00,0.00000e+00,2.70622e-06,0.00000e+00,0.00000e+00,1.13747e-05,0.00000e+00,0.00000e+00,3.01469e-08,0.00000e+00,0.00000e+00,2.50000e-01,2.54910e-04,1.07141e-01,1.41971e-03,1.31858e+05,nan,nan,nan,nan,1,4.00030e-01,4.00030e-01,5.00000e-03,5.00000e-03
1.91713e-01,8.06106e-01,7.88418e-01,1.00000e+00,1.00000e-12,3.21344e-06,5.07514e-01,3.62013e-01,1.30474e-01,1.41110e-05,0.00000e+00,0.00000e+00,2.70530e-06,0.00000e+00,0.00000e+00,1.13750e-05,0.00000e+00,0.00000e+00,3.07781e-08,0.00000e+00,0.00000e+00,2.50000e-01,2.55108e-04,1.07267e-01,1.45106e-03,1.31470e+05,nan,nan,nan,nan,1,4.03700e-01,4.03700e-01,5.00000e-03,5.00000e-03
1.91655e-01,8.06119e-01,7.86286e-01,1.00000e+00,1.00000e-12,3.20980e-06,5.07032e-01,3.62161e-01,1.30808e-01,1.41110e-05,0.00000e+00,0.00000e+00,2.70437e-06,0.00000e+00,0.00000e+00,1.13753e-05,0.00000e+00,0.00000e+00,3.14193e-08,0.00000e+00,0.00000e+00,2.50000e-01,2.55314e-04,1.07387e-01,1.48297e-03,1.31080e+05,nan,nan,nan,nan,1,4.07370e-01,4.07370e-01,5.00000e-03,5.00000e-03
1.91579e-01,8.06149e-01,7.84145e-01,1.00000e+00,1.00000e-12,3.20611e-06,5.06538e-01,3.62319e-01,1.31143e-01,1.41110e-05,0.00000e+00,0.00000e+00,2.70342e-06,0.00000e+00,0.00000e+00,1.13755e-05,0.00000e+00,0.00000e+00,3.20705e-08,0.00000e+00,0.00000e+00,2.50000e-01,2.55512e-04,1.07518e-01,1.51545e-03,1.30692e+05,nan,nan,nan,nan,1,4.11040e-01,4.11040e-01,5.00000e-03,5.00000e-03
1.91519e-01,8.06162e-01,7.81991e-01,1.00000e+00,1.00000e-12,3.20241e-06,5.06050e-01,3.62469e-01,1.31481e-01,1.41110e-05,0.00000e+00,0.00000e+00,2.70246e-06,0.00000e+00,0.00000e+00,1.13758e-05,0.00000e+00,0.00000e+00,3.27321e-08,0.00000e+00,0.00000e+00,2.50000e-01,2.55721e-04,1.07641e-01,1.54851e-03,1.30304e+05,nan,nan,nan,nan,1,4.14710e-01,4.14710e-01,5.00000e-03,5.00000e-03
1.91443e-01,8.06190e-01,7.79830e-01,1.00000e+00,1.00000e-12,3.19867e-06,5.05550e-01,3.62630e-01,1.31820e-01,1.41110e-05,0.00000e+00,0.00000e+00,2.70148e-06,0.00000e+00,0.00000e+00,1.13761e-05,0.00000e+00,0.00000e+00,3.34038e-08,0.00000e+00,0.00000e+00,2.50000e-01,2.55923e-04,1.07772e-01,1.58213e-03,1.29916e+05,nan,nan,nan,nan,1,4.18380e-01,4.18380e-01,5.00000e-03,5.00000e-03
1.91375e-01,8.06210e-01,7.77658e-01,1.00000e+00,1.00000e-12,3.19492e-06,5.05051e-01,3.62786e-01,1.32163e-01,1.41110e-05,0.00000e+00,0.00000e+00,2.70048e-06,0.00000e+00,0.00000e+00,1.13764e-05,0.00000e+00,0.00000e+00,3.40860e-08,0.00000e+00,0.00000e+00,2.50000e-01,2.56131e-04,1.07901e-01,1.61634e-03,1.29528e+05,nan,nan,nan,nan,1,4.22050e-01,4.22050e-01,5.00000e-03,5.00000e-03
1.91304e-01,8.06231e-01,7.75475e-01,1.00000e+00,1.00000e-12,3.19112e-06,5.04547e-01,3.62945e-01,1.32508e-01,1.41110e-05,0.00000e+00,0.00000e+00,2.69947e-06,0.00000e+00,0.00000e+00,1.13768e-05,0.00000e+00,0.00000e+00,3.47784e-08,0.00000e+00,0.00000e+00,2.50000e-01,2.56339e-04,1.08032e-01,1.65114e-03,1.29142e+05,nan,nan,nan,nan,1,4.25720e-01,4.25720e-01,5.00000e-03,5.00000e-03
1.91225e-01,8.06260e-01,7.73283e-01,1.00000e+00,1.00000e-12,3.18731e-06,5.04037e-01,3.63109e-01,1.32854e-01,1.41110e-05,0.00000e+00,0.00000e+00,2.69843e-06,0.00000e+00,0.00000e+00,1.13771e-05,0.00000e+00,0.00000e+00,3.54812e-08,0.00000e+00,0.00000e+00,2.50000e-01,2.56545e-04,1.08167e-01,1.68652e-03,1.28756e+05,nan,nan,nan,nan,1,4.29390e-01,4.29390e-01,5.00000e-03,5.00000e-03
1.91160e-01,8.06275e-01,7.71082e-01,1.00000e+00,1.00000e-12,3.18346e-06,5.03530e-01,3.63268e-01,1.33202e-01,1.41110e-05,0.00000e+00,0.00000e+00,2.69739e-06,0.00000e+00,0.00000e+00,1.13774e-05,0.00000e+00,0.00000e+00,3.61948e-08,0.00000e+00,0.00000e+00,2.50000e-01,2.56760e-04,1.08296e-01,1.72252e-03,1.28370e+05,nan,nan,nan,nan,1,4.33060e-01,4.33060e-01,5.00000e-03,5.00000e-03
1.91075e-01,8.06310e-01,7.68872e-01,1.00000e+00,1.00000e-12,3.17959e-06,5.03010e-01,3.63437e-01,1.33553e-01,1.41110e-05,0.00000e+00,0.00000e+00,2.69632e-06,0.00000e+00,0.00000e+00,1.13777e-05,0.00000e+00,0.00000e+00,3.69187e-08,0.00000e+00,0.00000e+00,2.50000e-01,2.56966e-04,1.08436e-01,1.75912e-03,1.27984e+05,nan,nan,nan,nan,1,4.36730e-01,4.36730e-01,5.00000e-03,5.00000e-03
1.91007e-01,8.06324e-01,7.66652e-01,1.00000e+00,1.00000e-12,3.17569e-06,5.02496e-01,3.63598e-01,1.33906e-01,1.41110e-05,0.00000e+00,0.00000e+00,2.69525e-06,0.00000e+00,0.00000e+00,1.13781e-05,0.00000e+00,0.00000e+00,3.76535e-08,0.00000e+00,0.00000e+00,2.50000e-01,2.57184e-04,1.08568e-01,1.79633e-03,1.27600e+05,nan,nan,nan,nan,1,4.40400e-01,4.40400e-01,5.00000e-03,5.00000e-03
1.90922e-01,8.06356e-01,7.64422e-01,1.00000e+00,1.00000e-12,3.17177e-06,5.01971e-01,3.63768e-01,1.34261e-01,1.41110e-05,0.00000e+00,0.00000e+00,2.69414e-06,0.00000e+00,0.00000e+00,1.13784e-05,0.00000e+00,0.00000e+00,3.83991e-08,0.00000e+00,0.00000e+00,2.50000e-01,2.57393e-04,1.08709e-01,1.83416e-03,1.27216e+05,nan,nan,nan,nan,1,4.44070e-01,4.44070e-01,5.00000e-03,5.00000e-03
1.90847e-01,8.06378e-01,7.62183e-01,1.00000e+00,1.00000e-12,3.16782e-06,5.01446e-01,3.63936e-01,1.34618e-01,1.41110e-05,0.00000e+00,0.00000e+00,2.69303e-06,0.00000e+00,0.00000e+00,1.13788e-05,0.00000e+00,0.00000e+00,3.91555e-08,0.00000e+00,0.00000e+00,2.50000e-01,2.57609e-04,1.08847e-01,1.87263e-03,1.26832e+05,nan,nan,nan,nan,1,4.47740e-01,4.47740e-01,5.00000e-03,5.00000e-03
1.90768e-01,8.06403e-01,7.59935e-01,1.00000e+00,1.00000e-12,3.16383e-06,5.00917e-01,3.64105e-01,1.34978e-01,1.41110e-05,0.00000e+00,0.00000e+00,2.69190e-06,0.00000e+00,0.00000e+00,1.13792e-05,0.00000e+00,0.00000e+00,3.99228e-08,0.00000e+00,0.00000e+00,2.50000e-01,2.57826e-04,1.08986e-01,1.91173e-03,1.26448e+05,nan,nan,nan,nan,1,4.51410e-01,4.51410e-01,5.00000e-03,5.00000e-03
1.90682e-01,8.06435e-01,7.57679e-01,1.00000e+00,1.00000e-12,3.15982e-06,5.00381e-01,3.64280e-01,1.35339e-01,1.41110e-05,0.00000e+00,0.00000e+00,2.69076e-06,0.00000e+00,0.00000e+00,1.13796e-05,0.00000e+00,0.00000e+00,4.07011e-08,0.00000e+00,0.00000e+00,2.50000e-01,2.58040e-04,1.09131e-01,1.95147e-03,1.26066e+05,nan,nan,nan,nan,1,4.55080e-01,4.55080e-01,5.00000e-03,5.00000e-03
1.90608e-01,8.06452e-01,7.55413e-01,1.00000e+00,1.00000e-12,3.15579e-06,4.99849e-01,3.64448e-01,1.35704e-01,1.41110e-05,0.00000e+00,0.00000e+00,2.68960e-06,0.00000e+00,0.00000e+00,1.13799e-05,0.00000e+00,0.00000e+00,4.14907e-08,0.00000e+00,0.00000e+00,2.50000e-01,2.58263e-04,1.09270e-01,1.99188e-03,1.25683e+05,nan,nan,nan,nan,1,4.58750e-01,4.58750e-01,5.00000e-03,5.00000e-03
1.90514e-01,8.06490e-01,7.53138e-01,1.00000e+00,1.00000e-12,3.15172e-06,4.99301e-01,3.64628e-01,1.36071e-01,1.41110e-05,0.00000e+00,0.00000e+00,2.68841e-06,0.00000e+00,0.00000e+00,1.13803e-05,0.00000e+00,0.00000e+00,4.22914e-08,0.00000e+00,0.00000e+00,2.50000e-01,2.58477e-04,1.09419e-01,2.03293e-03,1.25301e+05,nan,nan,nan,nan,1,4.62420e-01,4.62420e-01,5.00000e-03,5.00000e-03
1.90438e-01,8.06507e-01,7.50853e-01,1.00000e+00,1.00000e-12,3.14764e-06,4.98762e-01,3.64799e-01,1.36439e-01,1.41110e-05,0.00000e+00,0.00000e+00,2.68722e-06,0.00000e+00,0.00000e+00,1.13807e-05,0.00000e+00,0.00000e+00,4.31035e-08,0.00000e+00,0.00000e+00,2.50000e-01,2.58702e-04,1.09560e-01,2.07467e-03,1.24920e+05,nan,nan,nan,nan,1,4.66090e-01,4.66090e-01,5.00000e-03,5.00000e-03
1.90345e-01,8.06542e-01,7.48559e-01,1.00000e+00,1.00000e-12,3.14351e-06,4.98210e-01,3.64981e-01,1.36809e-01,1.41110e-05,0.00000e+00,0.00000e+00,2.68599e-06,0.00000e+00,0.00000e+00,1.13811e-05,0.00000e+00,0.00000e+00,4.39269e-08,0.00000e+00,0.00000e+00,2.50000e-01,2.58920e-04,1.09711e-01,2.11707e-03,1.24538e+05,nan,nan,nan,nan,1,4.69760e-01,4.69760e-01,5.00000e-03,5.00000e-03
1.90260e-01,8.06567e-01,7.46257e-01,1.00000e+00,1.00000e-12,3.13937e-06,4.97659e-01,3.65159e-01,1.37182e-01,1.41110e-05,0.00000e+00,0.00000e+00,2.68475e-06,0.00000e+00,0.00000e+00,1.13815e-05,0.00000e+00,0.00000e+00,4.47620e-08,0.00000e+00,0.00000e+00,2.50000e-01,2.59144e-04,1.09858e-01,2.16016e-03,1.24158e+05,nan,nan,nan,nan,1,4.73430e-01,4.73430e-01,5.00000e-03,5.00000e-03
1.90173e-01,8.06596e-01,7.43945e-01,1.00000e+00,1.00000e-12,3.13519e-06,4.97104e-01,3.65339e-01,1.37557e-01,1.41110e-05,0.00000e+00,0.00000e+00,2.68350e-06,0.00000e+00,0.00000e+00,1.13819e-05,0.00000e+00,0.00000e+00,4.56085e-08,0.00000e+00,0.00000e+00,2.50000e-01,2.59369e-04,1.10008e-01,2.20395e-03,1.23778e+05,nan,nan,nan,nan,1,4.77100e-01,4.77100e-01,5.00000e-03,5.00000e-03
1.90077e-01,8.06632e-01,7.41625e-01,1.00000e+00,1.00000e-12,3.13099e-06,4.96540e-01,3.65526e-01,1.37934e-01,1.41110e-05,0.00000e+00,0.00000e+00,2.68222e-06,0.00000e+00,0.00000e+00,1.13823e-05,0.00000e+00,0.00000e+00,4.64666e-08,0.00000e+00,0.00000e+00,2.50000e-01,2.59590e-04,1.10162e-01,2.24844e-03,1.23398e+05,nan,nan,nan,nan,1,4.80770e-01,4.80770e-01,5.00000e-03,5.00000e-03
1.89994e-01,8.06652e-01,7.39297e-01,1.00000e+00,1.00000e-12,3.12676e-06,4.95982e-01,3.65705e-01,1.38313e-01,1.41110e-05,0.00000e+00,0.00000e+00,2.68093e-06,0.00000e+00,0.00000e+00,1.13828e-05,0.00000e+00,0.00000e+00,4.73365e-08,0.00000e+00,0.00000e+00,2.50000e-01,2.59821e-04,1.10312e-01,2.29362e-03,1.23020e+05,nan,nan,nan,nan,1,4.84440e-01,4.84440e-01,5.00000e-03,5.00000e-03
1.89890e-01,8.06693e-01,7.36960e-01,1.00000e+00,1.00000e-12,3.12249e-06,4.95407e-01,3.65898e-01,1.38694e-01,1.41110e-05,0.00000e+00,0.00000e+00,2.67960e-06,0.00000e+00,0.00000e+00,1.13832e-05,0.00000e+00,0.00000e+00,4.82182e-08,0.00000e+00,0.00000e+00,2.50000e-01,2.60042e-04,1.10472e-01,2.33953e-03,1.22641e+05,nan,nan,nan,nan,1,4.88110e-01,4.88110e-01,5.00000e-03,5.00000e-03
1.89806e-01,8.06714e-01,7.34613e-01,1.00000e+00,1.00000e-12,3.11821e-06,4.94841e-01,3.66080e-01,1.39079e-01,1.41110e-05,0.00000e+00,0.00000e+00,2.67828e-06,0.00000e+00,0.00000e+00,1.13836e-05,0.00000e+00,0.00000e+00,4.91122e-08,0.00000e+00,0.00000e+00,2.50000e-01,2.60276e-04,1.10623e-01,2.38619e-03,1.22264e+05,nan,nan,nan,nan,1,4.91780e-01,4.91780e-01,5.00000e-03,5.00000e-03
1.89702e-01,8.06754e-01,7.32258e-01,1.00000e+00,1.00000e-12,3.11388e-06,4.94262e-01,3.66273e-01,1.39465e-01,1.41110e-05,0.00000e+00,0.00000e+00,2.67693e-06,0.00000e+00,0.00000e+00,1.13840e-05,0.00000e+00,0.00000e+00,5.00183e-08,0.00000e+00,0.00000e+00,2.50000e-01,2.60500e-04,1.10784e-01,2.43358e-03,1.21886e+05,nan,nan,nan,nan,1,4.95450e-01,4.95450e-01,5.00000e-03,5.00000e-03
1.89609e-01,8.06782e-01,7.29893e-01,1.00000e+00,1.00000e-12,3.10954e-06,4.93683e-01,3.66463e-01,1.39854e-01,1.41110e-05,0.00000e+00,0.00000e+00,2.67556e-06,0.00000e+00,0.00000e+00,1.13845e-05,0.00000e+00,0.00000e+00,5.09371e-08,0.00000e+00,0.00000e+00,2.50000e-01,2.60733e-04,1.10942e-01,2.48175e-03,1.21509e+05,nan,nan,nan,nan,1,4.99120e-01,4.99120e-01,5.00000e-03,5.00000e-03
1.89513e-01,8.06813e-01,7.27518e-01,1.00000e+00,1.00000e-12,3.10516e-06,4.93100e-01,3.66655e-01,1.40245e-01,1.41110e-05,0.00000e+00,0.00000e+00,2.67417e-06,0.00000e+00,0.00000e+00,1.13850e-05,0.00000e+00,0.00000e+00,5.18685e-08,0.00000e+00,0.00000e+00,2.50000e-01,2.60966e-04,1.11102e-01,2.53069e-03,1.21133e+05,nan,nan,nan,nan,1,5.02790e-01,5.02790e-01,5.00000e-03,5.00000e-03
1.89406e-01,8.06852e-01,7.25133e-01,1.00000e+00,1.00000e-12,3.10076e-06,4.92508e-01,3.66854e-01,1.40639e-01,1.41110e-05,0.00000e+00,0.00000e+00,2.67276e-06,0.00000e+00,0.00000e+00,1.13855e-05,0.00000e+00,0.00000e+00,5.28129e-08,0.00000e+00,0.00000e+00,2.50000e-01,2.61195e-04,1.11267e-01,2.58043e-03,1.20757e+05,nan,nan,nan,nan,1,5.06460e-01,5.06460e-01,5.00000e-03,5.00000e-03
1.89314e-01,8.06875e-01,7.22737e-01,1.00000e+00,1.00000e-12,3.09632e-06,4.91921e-01,3.67045e-01,1.41034e-01,1.41110e-05,0.00000e+00,0.00000e+00,2.67133e-06,0.00000e+00,0.00000e+00,1.13859e-05,0.00000e+00,0.00000e+00,5.37704e-08,0.00000e+00,0.00000e+00,2.50000e-01,2.61436e-04,1.11427e-01,2.63099e-03,1.20382e+05,nan,nan,nan,nan,1,5.10130e-01,5.10130e-01,5.00000e-03,5.00000e-03
1.89200e-01,8.06921e-01,7.20332e-01,1.00000e+00,1.00000e-12,3.09184e-06,4.91318e-01,3.67250e-01,1.41432e-01,1.41110e-05,0.00000e+00,0.00000e+00,2.66986e-06,0.00000e+00,0.00000e+00,1.13863e-05,0.00000e+00,0.00000e+00,5.47411e-08,0.00000e+00,0.00000e+00,2.50000e-01,2.61664e-04,1.11598e-01,2.68235e-03,1.20007e+05,nan,nan,nan,nan,1,5.13800e-01,5.13800e-01,5.00000e-03,5.00000e-03
1.89106e-01,8.06945e-01,7.17915e-01,1.00000e+00,1.00000e-12,3.08734e-06,4.90721e-01,3.67444e-01,1.41834e-01,1.41110e-05,0.00000e+00,0.00000e+00,2.66840e-06,0.00000e+00,0.00000e+00,1.13869e-05,0.00000e+00,0.00000e+00,5.57255e-08,0.00000e+00,0.00000e+00,2.50000e-01,2.61908e-04,1.11760e-01,2.73458e-03,1.19633e+05,nan,nan,nan,nan,1,5.17470e-01,5.17470e-01,5.00000e-03,5.00000e-03
1.88992e-01,8.06988e-01,7.15489e-01,1.00000e+00,1.00000e-12,3.08280e-06,4.90110e-01,3.67651e-01,1.42239e-01,1.41110e-05,0.00000e+00,0.00000e+00,2.66689e-06,0.00000e+00,0.00000e+00,1.13874e-05,0.00000e+00,0.00000e+00,5.67234e-08,0.00000e+00,0.00000e+00,2.50000e-01,2.62141e-04,1.11933e-01,2.78764e-03,1.19259e+05,nan,nan,nan,nan,1,5.21140e-01,5.21140e-01,5.00000e-03,5.00000e-03
1.88887e-01,8.07021e-01,7.13051e-01,1.00000e+00,1.00000e-12,3.07823e-06,4.89500e-01,3.67855e-01,1.42645e-01,1.41110e-05,0.00000e+00,0.00000e+00,2.66537e-06,0.00000e+00,0.00000e+00,1.13878e-05,0.00000e+00,0.00000e+00,5.77354e-08,0.00000e+00,0.00000e+00,2.50000e-01,2.62383e-04,1.12103e-01,2.84159e-03,1.18886e+05,nan,nan,nan,nan,1,5.24810e-01,5.24810e-01,5.00000e-03,5.00000e-03
1.88780e-01,8.07056e-01,7.10603e-01,1.00000e+00,1.00000e-12,3.07362e-06,4.88885e-01,3.68060e-01,1.43055e-01,1.41110e-05,0.00000e+00,0.00000e+00,2.66383e-06,0.00000e+00,0.00000e+00,1.13884e-05,0.00000e+00,0.00000e+00,5.87617e-08,0.00000e+00,0.00000e+00,2.50000e-01,2.62625e-04,1.12275e-01,2.89644e-03,1.18514e+05,nan,nan,nan,nan,1,5.28480e-01,5.28480e-01,5.00000e-03,5.00000e-03
1.88661e-01,8.07101e-01,7.08142e-01,1.00000e+00,1.00000e-12,3.06897e-06,4.88260e-01,3.68273e-01,1.43467e-01,1.41110e-05,0.00000e+00,0.00000e+00,2.66226e-06,0.00000e+00,0.00000e+00,1.13890e-05,0.00000e+00,0.00000e+00,5.98026e-08,0.00000e+00,0.00000e+00,2.50000e-01,2.62863e-04,1.12453e-01,2.95220e-03,1.18141e+05,nan,nan,nan,nan,1,5.32150e-01,5.32150e-01,5.00000e-03,5.00000e-03
1.88560e-01,8.07128e-01,7.05669e-01,1.00000e+00,1.00000e-12,3.06430e-06,4.87639e-01,3.68478e-01,1.43883e-01,1.41110e-05,0.00000e+00,0.00000e+00,2.66067e-06,0.00000e+00,0.00000e+00,1.13895e-05,0.00000e+00,0.00000e+00,6.08585e-08,0.00000e+00,0.00000e+00,2.50000e-01,2.63113e-04,1.12626e-01,3.00892e-03,1.17770e+05,nan,nan,nan,nan,1,5.35820e-01,5.35820e-01,5.00000e-03,5.00000e-03
1.88432e-01,8.07180e-01,7.03184e-01,1.00000e+00,1.00000e-12,3.05957e-06,4.87000e-01,3.68699e-01,1.44301e-01,1.41110e-05,0.00000e+00,0.00000e+00,2.65905e-06,0.00000e+00,0.00000e+00,1.13900e-05,0.00000e+00,0.00000e+00,6.19293e-08,0.00000e+00,0.00000e+00,2.50000e-01,2.63351e-04,1.12811e-01,3.06657e-03,1.17400e+05,nan,nan,nan,nan,1,5.39490e-01,5.39490e-01,5.00000e-03,5.00000e-03
1.88328e-01,8.07207e-01,7.00686e-01,1.00000e+00,1.00000e-12,3.05482e-06,4.86370e-01,3.68908e-01,1.44722e-01,1.41110e-05,0.00000e+00,0.00000e+00,2.65742e-06,0.00000e+00,0.00000e+00,1.13905e-05,0.00000e+00,0.00000e+00,6.30158e-08,0.00000e+00,0.00000e+00,2.50000e-01,2.63605e-04,1.12986e-01,3.12523e-03,1.17029e+05,nan,nan,nan,nan,1,5.43160e-01,5.43160e-01,5.00000e-03,5.00000e-03
1.88201e-01,8.07256e-01,6.98177e-01,1.00000e+00,1.00000e-12,3.05003e-06,4.85723e-01,3.69130e-01,1.45147e-01,1.41110e-05,0.00000e+00,0.00000e+00,2.65574e-06,0.00000e+00,0.00000e+00,1.13911e-05,0.00000e+00,0.00000e+00,6.41176e-08,0.00000e+00,0.00000e+00,2.50000e-01,2.63848e-04,1.13173e-01,3.18487e-03,1.16660e+05,nan,nan,nan,nan,1,5.46830e-01,5.46830e-01,5.00000e-03,5.00000e-03
1.88084e-01,8.07293e-01,6.95654e-01,1.00000e+00,1.00000e-12,3.04520e-06,4.85077e-01,3.69348e-01,1.45575e-01,1.41110e-05,0.00000e+00,0.00000e+00,2.65405e-06,0.00000e+00,0.00000e+00,1.13917e-05,0.00000e+00,0.00000e+00,6.52352e-08,0.00000e+00,0.00000e+00,2.50000e-01,2.64100e-04,1.13357e-01,3.24553e-03,1.16290e+05,nan,nan,nan,nan,1,5.50500e-01,5.50500e-01,5.00000e-03,5.00000e-03
1.87965e-01,8.07332e-01,6.93120e-01,1.00000e+00,1.00000e-12,3.04034e-06,4.84425e-01,3.69568e-01,1.46006e-01,1.41110e-05,0.00000e+00,0.00000e+00,2.65234e-06,0.00000e+00,0.00000e+00,1.13923e-05,0.00000e+00,0.00000e+00,6.63685e-08,0.00000e+00,0.00000e+00,2.50000e-01,2.64353e-04,1.13543e-01,3.30719e-03,1.15922e+05,nan,nan,nan,nan,1,5.54170e-01,5.54170e-01,5.00000e-03,5.00000e-03
1.87834e-01,8.07382e-01,6.90574e-01,1.00000e+00,1.00000e-12,3.03543e-06,4.83762e-01,3.69797e-01,1.46441e-01,1.41110e-05,0.00000e+00,0.00000e+00,2.65058e-06,0.00000e+00,0.00000e+00,1.13929e-05,0.00000e+00,0.00000e+00,6.75176e-08,0.00000e+00,0.00000e+00,2.50000e-01,2.64601e-04,1.13736e-01,3.36988e-03,1.15554e+05,nan,nan,nan,nan,1,5.57840e-01,5.57840e-01,5.00000e-03,5.00000e-03
1.87721e-01,8.07412e-01,6.88014e-01,1.00000e+00,1.00000e-12,3.03050e-06,4.83105e-01,3.70018e-01,1.46877e-01,1.41110e-05,0.00000e+00,0.00000e+00,2.64883e-06,0.00000e+00,0.00000e+00,1.13935e-05,0.00000e+00,0.00000e+00,6.86830e-08,0.00000e+00,0.00000e+00,2.50000e-01,2.64864e-04,1.13922e-01,3.43364e-03,1.15186e+05,nan,nan,nan,nan,1,5.61510e-01,5.61510e-01,5.00000e-03,5.00000e-03
1.87579e-01,8.07469e-01,6.85444e-01,1.00000e+00,1.00000e-12,3.02551e-06,4.82428e-01,3.70255e-01,1.47317e-01,1.41110e-05,0.00000e+00,0.00000e+00,2.64702e-06,0.00000e+00,0.00000e+00,1.13941e-05,0.00000e+00,0.00000e+00,6.98644e-08,0.00000e+00,0.00000e+00,2.50000e-01,2.65111e-04,1.14121e-01,3.49844e-03,1.14820e+05,nan,nan,nan,nan,1,5.65180e-01,5.65180e-01,5.00000e-03,5.00000e-03
1.87462e-01,8.07501e-01,6.82860e-01,1.00000e+00,1.00000e-12,3.02049e-06,4.81759e-01,3.70479e-01,1.47762e-01,1.41110e-05,0.00000e+00,0.00000e+00,2.64521e-06,0.00000e+00,0.00000e+00,1.13947e-05,0.00000e+00,0.00000e+00,7.10629e-08,0.00000e+00,0.00000e+00,2.50000e-01,2.65376e-04,1.14312e-01,3.56438e-03,1.14453e+05,nan,nan,nan,nan,1,5.68850e-01,5.68850e-01,5.00000e-03,5.00000e-03
1.87322e-01,8.07555e-01,6.80264e-01,1.00000e+00,1.00000e-12,3.01543e-06,4.81072e-01,3.70719e-01,1.48209e-01,1.41110e-05,0.00000e+00,0.00000e+00,2.64334e-06,0.00000e+00,0.00000e+00,1.13954e-05,0.00000e+00,0.00000e+00,7.22781e-08,0.00000e+00,0.00000e+00,2.50000e-01,2.65629e-04,1.14514e-01,3.63140e-03,1.14088e+05,nan,nan,nan,nan,1,5.72520e-01,5.72520e-01,5.00000e-03,5.00000e-03
1.87192e-01,8.07598e-01,6.77652e-01,1.00000e+00,1.00000e-12,3.01033e-06,4.80386e-01,3.70955e-01,1.48659e-01,1.41110e-05,0.00000e+00,0.00000e+00,2.64147e-06,0.00000e+00,0.00000e+00,1.13960e-05,0.00000e+00,0.00000e+00,7.35110e-08,0.00000e+00,0.00000e+00,2.50000e-01,2.65892e-04,1.14713e-01,3.69960e-03,1.13723e+05,nan,nan,nan,nan,1,5.76190e-01,5.76190e-01,5.00000e-03,5.00000e-03
1.87061e-01,8.07642e-01,6.75028e-01,1.00000e+00,1.00000e-12,3.00518e-06,4.79694e-01,3.71193e-01,1.49113e-01,1.41110e-05,0.00000e+00,0.00000e+00,2.63956e-06,0.00000e+00,0.00000e+00,1.13966e-05,0.00000e+00,0.00000e+00,7.47617e-08,0.00000e+00,0.00000e+00,2.50000e-01,2.66157e-04,1.14914e-01,3.76899e-03,1.13359e+05,nan,nan,nan,nan,1,5.79860e-01,5.79860e-01,5.00000e-03,5.00000e-03
1.86914e-01,8.07698e-01,6.72390e-01,1.00000e+00,1.00000e-12,2.99999e-06,4.78989e-01,3.71440e-01,1.49571e-01,1.41110e-05,0.00000e+00,0.00000e+00,2.63760e-06,0.00000e+00,0.00000e+00,1.13974e-05,0.00000e+00,0.00000e+00,7.60307e-08,0.00000e+00,0.00000e+00,2.50000e-01,2.66415e-04,1.15125e-01,3.83958e-03,1.12996e+05,nan,nan,nan,nan,1,5.83530e-01,5.83530e-01,5.00000e-03,5.00000e-03
1.86787e-01,8.07734e-01,6.69734e-01,1.00000e+00,1.00000e-12,2.99476e-06,4.78290e-01,3.71677e-01,1.50033e-01,1.41110e-05,0.00000e+00,0.00000e+00,2.63564e-06,0.00000e+00,0.00000e+00,1.13981e-05,0.00000e+00,0.00000e+00,7.73187e-08,0.00000e+00,0.00000e+00,2.50000e-01,2.66689e-04,1.15327e-01,3.91146e-03,1.12632e+05,nan,nan,nan,nan,1,5.87200e-01,5.87200e-01,5.00000e-03,5.00000e-03
1.86631e-01,8.07799e-01,6.67066e-01,1.00000e+00,1.00000e-12,2.98947e-06,4.77567e-01,3.71934e-01,1.50499e-01,1.41110e-05,0.00000e+00,0.00000e+00,2.63363e-06,0.00000e+00,0.00000e+00,1.13987e-05,0.00000e+00,0.00000e+00,7.86254e-08,0.00000e+00,0.00000e+00,2.50000e-01,2.66948e-04,1.15544e-01,3.98458e-03,1.12270e+05,nan,nan,nan,nan,1,5.90870e-01,5.90870e-01,5.00000e-03,5.00000e-03
1.86499e-01,8.07835e-01,6.64379e-01,1.00000e+00,1.00000e-12,2.98415e-06,4.76854e-01,3.72178e-01,1.50968e-01,1.41110e-05,0.00000e+00,0.00000e+00,2.63160e-06,0.00000e+00,0.00000e+00,1.13995e-05,0.00000e+00,0.00000e+00,7.99522e-08,0.00000e+00,0.00000e+00,2.50000e-01,2.67227e-04,1.15751e-01,4.05906e-03,1.11908e+05,nan,nan,nan,nan,1,5.94540e-01,5.94540e-01,5.00000e-03,5.00000e-03
1.86344e-01,8.07895e-01,6.61678e-01,1.00000e+00,1.00000e-12,2.97877e-06,4.76121e-01,3.72437e-01,1.51442e-01,1.41110e-05,0.00000e+00,0.00000e+00,2.62952e-06,0.00000e+00,0.00000e+00,1.14002e-05,0.00000e+00,0.00000e+00,8.12985e-08,0.00000e+00,0.00000e+00,2.50000e-01,2.67492e-04,1.15971e-01,4.13485e-03,1.11547e+05,nan,nan,nan,nan,1,5.98210e-01,5.98210e-01,5.00000e-03,5.00000e-03
1.86198e-01,8.07944e-01,6.58961e-01,1.00000e+00,1.00000e-12,2.97335e-06,4.75388e-01,3.72692e-01,1.51920e-01,1.41110e-05,0.00000e+00,0.00000e+00,2.62742e-06,0.00000e+00,0.00000e+00,1.14009e-05,0.00000e+00,0.00000e+00,8.26653e-08,0.00000e+00,0.00000e+00,2.50000e-01,2.67767e-04,1.16189e-01,4.21203e-03,1.11186e+05,nan,nan,nan,nan,1,6.01880e-01,6.01880e-01,5.00000e-03,5.00000e-03
1.86051e-01,8.07993e-01,6.56226e-01,1.00000e+00,1.00000e-12,2.96787e-06,4.74648e-01,3.72950e-01,1.52402e-01,1.41110e-05,0.00000e+00,0.00000e+00,2.62530e-06,0.00000e+00,0.00000e+00,1.14017e-05,0.00000e+00,0.00000e+00,8.40529e-08,0.00000e+00,0.00000e+00,2.50000e-01,2.68046e-04,1.16409e-01,4.29064e-03,1.10826e+05,nan,nan,nan,nan,1,6.05550e-01,6.05550e-01,5.00000e-03,5.00000e-03
1.85887e-01,8.08057e-01,6.53475e-01,1.00000e+00,1.00000e-12,2.96234e-06,4.73892e-01,3.73219e-01,1.52889e-01,1.41110e-05,0.00000e+00,0.00000e+00,2.62312e-06,0.00000e+00,0.00000e+00,1.14024e-05,0.00000e+00,0.00000e+00,8.54614e-08,0.00000e+00,0.00000e+00,2.50000e-01,2.68317e-04,1.16638e-01,4.37065e-03,1.10468e+05,nan,nan,nan,nan,1,6.09220e-01,6.09220e-01,5.00000e-03,5.00000e-03
1.85744e-01,8.08098e-01,6.50705e-01,1.00000e+00,1.00000e-12,2.95678e-06,4.73143e-01,3.73478e-01,1.53379e-01,1.41110e-05,0.00000e+00,0.00000e+00,2.62092e-06,0.00000e+00,0.00000e+00,1.14032e-05,0.00000e+00,0.00000e+00,8.68919e-08,0.00000e+00,0.00000e+00,2.50000e-01,2.68606e-04,1.16860e-01,4.45220e-03,1.10109e+05,nan,nan,nan,nan,1,6.12890e-01,6.12890e-01,5.00000e-03,5.00000e-03
1.85569e-01,8.08170e-01,6.47919e-01,1.00000e+00,1.00000e-12,2.95114e-06,4.72369e-01,3.73757e-01,1.53874e-01,1.41110e-05,0.00000e+00,0.00000e+00,2.61867e-06,0.00000e+00,0.00000e+00,1.14040e-05,0.00000e+00,0.00000e+00,8.83441e-08,0.00000e+00,0.00000e+00,2.50000e-01,2.68878e-04,1.17099e-01,4.53523e-03,1.09751e+05,nan,nan,nan,nan,1,6.16560e-01,6.16560e-01,5.00000e-03,5.00000e-03
1.85422e-01,8.08213e-01,6.45113e-01,1.00000e+00,1.00000e-12,2.94546e-06,4.71602e-01,3.74023e-01,1.54375e-01,1.41110e-05,0.00000e+00,0.00000e+00,2.61640e-06,0.00000e+00,0.00000e+00,1.14048e-05,0.00000e+00,0.00000e+00,8.98193e-08,0.00000e+00,0.00000e+00,2.50000e-01,2.69171e-04,1.17326e-01,4.61987e-03,1.09394e+05,nan,nan,nan,nan,1,6.20230e-01,6.20230e-01,5.00000e-03,5.00000e-03
1.85248e-01,8.08281e-01,6.42290e-01,1.00000e+00,1.00000e-12,2.93972e-06,4.70815e-01,3.74305e-01,1.54880e-01,1.41110e-05,0.00000e+00,0.00000e+00,2.61407e-06,0.00000e+00,0.00000e+00,1.14057e-05,0.00000e+00,0.00000e+00,9.13172e-08,0.00000e+00,0.00000e+00,2.50000e-01,2.69451e-04,1.17568e-01,4.70607e-03,1.09038e+05,nan,nan,nan,nan,1,6.23900e-01,6.23900e-01,5.00000e-03,5.00000e-03
1.85083e-01,8.08338e-01,6.39446e-01,1.00000e+00,1.00000e-12,2.93392e-06,4.70025e-01,3.74585e-01,1.55390e-01,1.41110e-05,0.00000e+00,0.00000e+00,2.61171e-06,0.00000e+00,0.00000e+00,1.14064e-05,0.00000e+00,0.00000e+00,9.28392e-08,0.00000e+00,0.00000e+00,2.50000e-01,2.69741e-04,1.17808e-01,4.79396e-03,1.08682e+05,nan,nan,nan,nan,1,6.27570e-01,6.27570e-01,5.00000e-03,5.00000e-03
1.84918e-01,8.08393e-01,6.36582e-01,1.00000e+00,1.00000e-12,2.92806e-06,4.69228e-01,3.74866e-01,1.55906e-01,1.41110e-05,0.00000e+00,0.00000e+00,2.60932e-06,0.00000e+00,0.00000e+00,1.14073e-05,0.00000e+00,0.00000e+00,9.43854e-08,0.00000e+00,0.00000e+00,2.50000e-01,2.70035e-04,1.18050e-01,4.88355e-03,1.08328e+05,nan,nan,nan,nan,1,6.31240e-01,6.31240e-01,5.00000e-03,5.00000e-03
1.84734e-01,8.08466e-01,6.33699e-01,1.00000e+00,1.00000e-12,2.92215e-06,4.68413e-01,3.75161e-01,1.56426e-01,1.41110e-05,0.00000e+00,0.00000e+00,2.60686e-06,0.00000e+00,0.00000e+00,1.14082e-05,0.00000e+00,0.00000e+00,9.59564e-08,0.00000e+00,0.00000e+00,2.50000e-01,2.70321e-04,1.18303e-01,4.97486e-03,1.07973e+05,nan,nan,nan,nan,1,6.34910e-01,6.34910e-01,5.00000e-03,5.00000e-03
1.84573e-01,8.08514e-01,6.30794e-01,1.00000e+00,1.00000e-12,2.91617e-06,4.67603e-01,3.75445e-01,1.56952e-01,1.41110e-05,0.00000e+00,0.00000e+00,2.60438e-06,0.00000e+00,0.00000e+00,1.14090e-05,0.00000e+00,0.00000e+00,9.75533e-08,0.00000e+00,0.00000e+00,2.50000e-01,2.70627e-04,1.18547e-01,5.06805e-03,1.07620e+05,nan,nan,nan,nan,1,6.38580e-01,6.38580e-01,5.00000e-03,5.00000e-03
1.84377e-01,8.08595e-01,6.27868e-01,1.00000e+00,1.00000e-12,2.91012e-06,4.66765e-01,3.75751e-01,1.57483e-01,1.41110e-05,0.00000e+00,0.00000e+00,2.60184e-06,0.00000e+00,0.00000e+00,1.14100e-05,0.00000e+00,0.00000e+00,9.91761e-08,0.00000e+00,0.00000e+00,2.50000e-01,2.70914e-04,1.18811e-01,5.16301e-03,1.07266e+05,nan,nan,nan,nan,1,6.42250e-01,6.42250e-01,5.00000e-03,5.00000e-03
1.84209e-01,8.08647e-01,6.24918e-01,1.00000e+00,1.00000e-12,2.90402e-06,4.65936e-01,3.76044e-01,1.58020e-01,1.41110e-05,0.00000e+00,0.00000e+00,2.59928e-06,0.00000e+00,0.00000e+00,1.14108e-05,0.00000e+00,0.00000e+00,1.00827e-07,0.00000e+00,0.00000e+00,2.50000e-01,2.71225e-04,1.19063e-01,5.25998e-03,1.06914e+05,nan,nan,nan,nan,1,6.45920e-01,6.45920e-01,5.00000e-03,5.00000e-03
1.84014e-01,8.08722e-01,6.21947e-01,1.00000e+00,1.00000e-12,2.89784e-06,4.65083e-01,3.76354e-01,1.58563e-01,1.41110e-05,0.00000e+00,0.00000e+00,2.59665e-06,0.00000e+00,0.00000e+00,1.14118e-05,0.00000e+00,0.00000e+00,1.02504e-07,0.00000e+00,0.00000e+00,2.50000e-01,2.71522e-04,1.19331e-01,5.35885e-03,1.06564e+05,nan,nan,nan,nan,1,6.49590e-01,6.49590e-01,5.00000e-03,5.00000e-03
1.83828e-01,8.08788e-01,6.18952e-01,1.00000e+00,1.00000e-12,2.89160e-06,4.64225e-01,3.76663e-01,1.59112e-01,1.41110e-05,0.00000e+00,0.00000e+00,2.59399e-06,0.00000e+00,0.00000e+00,1.14128e-05,0.00000e+00,0.00000e+00,1.04210e-07,0.00000e+00,0.00000e+00,2.50000e-01,2.71830e-04,1.19598e-01,5.45981e-03,1.06212e+05,nan,nan,nan,nan,1,6.53260e-01,6.53260e-01,5.00000e-03,5.00000e-03
1.83641e-01,8.08851e-01,6.15933e-01,1.00000e+00,1.00000e-12,2.88530e-06,4.63359e-01,3.76974e-01,1.59667e-01,1.41110e-05,0.00000e+00,0.00000e+00,2.59128e-06,0.00000e+00,0.00000e+00,1.14138e-05,0.00000e+00,0.00000e+00,1.05946e-07,0.00000e+00,0.00000e+00,2.50000e-01,2.72143e-04,1.19866e-01,5.56287e-03,1.05862e+05,nan,nan,nan,nan,1,6.56930e-01,6.56930e-01,5.00000e-03,5.00000e-03
1.83432e-01,8.08936e-01,6.12890e-01,1.00000e+00,1.00000e-12,2.87891e-06,4.62471e-01,3.77300e-01,1.60229e-01,1.41110e-05,0.00000e+00,0.00000e+00,2.58850e-06,0.00000e+00,0.00000e+00,1.14148e-05,0.00000e+00,0.00000e+00,1.07710e-07,0.00000e+00,0.00000e+00,2.50000e-01,2.72446e-04,1.20149e-01,5.66804e-03,1.05514e+05,nan,nan,nan,nan,1,6.60600e-01,6.60600e-01,5.00000e-03,5.00000e-03
1.83249e-01,8.08991e-01,6.09819e-01,1.00000e+00,1.00000e-12,2.87246e-06,4.61589e-01,3.77614e-01,1.60797e-01,1.41110e-05,0.00000e+00,0.00000e+00,2.58570e-06,0.00000e+00,0.00000e+00,1.14158e-05,0.00000e+00,0.00000e+00,1.09506e-07,0.00000e+00,0.00000e+00,2.50000e-01,2.72773e-04,1.20422e-01,5.77552e-03,1.05165e+05,nan,nan,nan,nan,1,6.64270e-01,6.64270e-01,5.00000e-03,5.00000e-03
1.83028e-01,8.09083e-01,6.06725e-01,1.00000e+00,1.00000e-12,2.86592e-06,4.60676e-01,3.77952e-01,1.61372e-01,1.41110e-05,0.00000e+00,0.00000e+00,2.58281e-06,0.00000e+00,0.00000e+00,1.14168e-05,0.00000e+00,0.00000e+00,1.11332e-07,0.00000e+00,0.00000e+00,2.50000e-01,2.73078e-04,1.20715e-01,5.88520e-03,1.04818e+05,nan,nan,nan,nan,1,6.67940e-01,6.67940e-01,5.00000e-03,5.00000e-03
1.82836e-01,8.09143e-01,6.03602e-01,1.00000e+00,1.00000e-12,2.85931e-06,4.59768e-01,3.78278e-01,1.61954e-01,1.41110e-05,0.00000e+00,0.00000e+00,2.57989e-06,0.00000e+00,0.00000e+00,1.14179e-05,0.00000e+00,0.00000e+00,1.13192e-07,0.00000e+00,0.00000e+00,2.50000e-01,2.73410e-04,1.20998e-01,5.99736e-03,1.04471e+05,nan,nan,nan,nan,1,6.71610e-01,6.71610e-01,5.00000e-03,5.00000e-03
1.82616e-01,8.09230e-01,6.00453e-01,1.00000e+00,1.00000e-12,2.85262e-06,4.58835e-01,3.78623e-01,1.62543e-01,1.41110e-05,0.00000e+00,0.00000e+00,2.57690e-06,0.00000e+00,0.00000e+00,1.14190e-05,0.00000e+00,0.00000e+00,1.15085e-07,0.00000e+00,0.00000e+00,2.50000e-01,2.73727e-04,1.21298e-01,6.11189e-03,1.04125e+05,nan,nan,nan,nan,1,6.75280e-01,6.75280e-01,5.00000e-03,5.00000e-03
1.82401e-01,8.09308e-01,5.97276e-01,1.00000e+00,1.00000e-12,2.84585e-06,4.57895e-01,3.78967e-01,1.63139e-01,1.41110e-05,0.00000e+00,0.00000e+00,2.57387e-06,0.00000e+00,0.00000e+00,1.14202e-05,0.00000e+00,0.00000e+00,1.17012e-07,0.00000e+00,0.00000e+00,2.50000e-01,2.74055e-04,1.21597e-01,6.22900e-03,1.03780e+05,nan,nan,nan,nan,1,6.78950e-01,6.78950e-01,5.00000e-03,5.00000e-03
1.82188e-01,8.09381e-01,5.94069e-01,1.00000e+00,1.00000e-12,2.83899e-06,4.56944e-01,3.79313e-01,1.63743e-01,1.41110e-05,0.00000e+00,0.00000e+00,2.57076e-06,0.00000e+00,0.00000e+00,1.14213e-05,0.00000e+00,0.00000e+00,1.18974e-07,0.00000e+00,0.00000e+00,2.50000e-01,2.74391e-04,1.21900e-01,6.34878e-03,1.03436e+05,nan,nan,nan,nan,1,6.82620e-01,6.82620e-01,5.00000e-03,5.00000e-03
1.81950e-01,8.09478e-01,5.90832e-01,1.00000e+00,1.00000e-12,2.83205e-06,4.55967e-01,3.79678e-01,1.64355e-01,1.41110e-05,0.00000e+00,0.00000e+00,2.56759e-06,0.00000e+00,0.00000e+00,1.14225e-05,0.00000e+00,0.00000e+00,1.20973e-07,0.00000e+00,0.00000e+00,2.50000e-01,2.74715e-04,1.22218e-01,6.47124e-03,1.03092e+05,nan,nan,nan,nan,1,6.86290e-01,6.86290e-01,5.00000e-03,5.00000e-03
1.81739e-01,8.09544e-01,5.87560e-01,1.00000e+00,1.00000e-12,2.82501e-06,4.54995e-01,3.80030e-01,1.64975e-01,1.41110e-05,0.00000e+00,0.00000e+00,2.56438e-06,0.00000e+00,0.00000e+00,1.14236e-05,0.00000e+00,0.00000e+00,1.23011e-07,0.00000e+00,0.00000e+00,2.50000e-01,2.75066e-04,1.22526e-01,6.59665e-03,1.02750e+05,nan,nan,nan,nan,1,6.89960e-01,6.89960e-01,5.00000e-03,5.00000e-03
1.81488e-01,8.09650e-01,5.84259e-01,1.00000e+00,1.00000e-12,2.81787e-06,4.53987e-01,3.80410e-01,1.65603e-01,1.41110e-05,0.00000e+00,0.00000e+00,2.56107e-06,0.00000e+00,0.00000e+00,1.14248e-05,0.00000e+00,0.00000e+00,1.25087e-07,0.00000e+00,0.00000e+00,2.50000e-01,2.75394e-04,1.22859e-01,6.72491e-03,1.02408e+05,nan,nan,nan,nan,1,6.93630e-01,6.93630e-01,5.00000e-03,5.00000e-03
1.81264e-01,8.09722e-01,5.80921e-01,1.00000e+00,1.00000e-12,2.81065e-06,4.52982e-01,3.80776e-01,1.66242e-01,1.41110e-05,0.00000e+00,0.00000e+00,2.55772e-06,0.00000e+00,0.00000e+00,1.14261e-05,0.00000e+00,0.00000e+00,1.27205e-07,0.00000e+00,0.00000e+00,2.50000e-01,2.75750e-04,1.23180e-01,6.85637e-03,1.02068e+05,nan,nan,nan,nan,1,6.97300e-01,6.97300e-01,5.00000e-03,5.00000e-03
1.81012e-01,8.09821e-01,5.77549e-01,1.00000e+00,1.00000e-12,2.80332e-06,4.51948e-01,3.81164e-01,1.66889e-01,1.41110e-05,0.00000e+00,0.00000e+00,2.55427e-06,0.00000e+00,0.00000e+00,1.14273e-05,0.00000e+00,0.00000e+00,1.29365e-07,0.00000e+00,0.00000e+00,2.50000e-01,2.76093e-04,1.23520e-01,6.99097e-03,1.01728e+05,nan,nan,nan,nan,1,7.00970e-01,7.00970e-01,5.00000e-03,5.00000e-03
1.80763e-01,8.09914e-01,5.74139e-01,1.00000e+00,1.00000e-12,2.79588e-06,4.50901e-01,3.81554e-01,1.67546e-01,1.41110e-05,0.00000e+00,0.00000e+00,2.55076e-06,0.00000e+00,0.00000e+00,1.14287e-05,0.00000e+00,0.00000e+00,1.31569e-07,0.00000e+00,0.00000e+00,2.50000e-01,2.76448e-04,1.23863e-01,7.12897e-03,1.01388e+05,nan,nan,nan,nan,1,7.04640e-01,7.04640e-01,5.00000e-03,5.00000e-03
1.80518e-01,8.10000e-01,5.70690e-01,1.00000e+00,1.00000e-12,2.78835e-06,4.49842e-01,3.81945e-01,1.68213e-01,1.41110e-05,0.00000e+00,0.00000e+00,2.54718e-06,0.00000e+00,0.00000e+00,1.14300e-05,0.00000e+00,0.00000e+00,1.33819e-07,0.00000e+00,0.00000e+00,2.50000e-01,2.76812e-04,1.24207e-01,7.27047e-03,1.01050e+05,nan,nan,nan,nan,1,7.08310e-01,7.08310e-01,5.00000e-03,5.00000e-03
1.80242e-01,8.10113e-01,5.67203e-01,1.00000e+00,1.00000e-12,2.78068e-06,4.48751e-01,3.82358e-01,1.68891e-01,1.41110e-05,0.00000e+00,0.00000e+00,2.54350e-06,0.00000e+00,0.00000e+00,1.14314e-05,0.00000e+00,0.00000e+00,1.36114e-07,0.00000e+00,0.00000e+00,2.50000e-01,2.77162e-04,1.24573e-01,7.41553e-03,1.00712e+05,nan,nan,nan,nan,1,7.11980e-01,7.11980e-01,5.00000e-03,5.00000e-03
1.79997e-01,8.10193e-01,5.63672e-01,1.00000e+00,1.00000e-12,2.77291e-06,4.47661e-01,3.82760e-01,1.69579e-01,1.41110e-05,0.00000e+00,0.00000e+00,2.53977e-06,0.00000e+00,0.00000e+00,1.14328e-05,0.00000e+00,0.00000e+00,1.38461e-07,0.00000e+00,0.00000e+00,2.50000e-01,2.77544e-04,1.24927e-01,7.56451e-03,1.00376e+05,nan,nan,nan,nan,1,7.15650e-01,7.15650e-01,5.00000e-03,5.00000e-03
1.79705e-01,8.10314e-01,5.60101e-01,1.00000e+00,1.00000e-12,2.76500e-06,4.46530e-01,3.83193e-01,1.70277e-01,1.41110e-05,0.00000e+00,0.00000e+00,2.53591e-06,0.00000e+00,0.00000e+00,1.14343e-05,0.00000e+00,0.00000e+00,1.40856e-07,0.00000e+00,0.00000e+00,2.50000e-01,2.77901e-04,1.25309e-01,7.71730e-03,1.00041e+05,nan,nan,nan,nan,1,7.19320e-01,7.19320e-01,5.00000e-03,5.00000e-03
1.79441e-01,8.10404e-01,5.56483e-01,1.00000e+00,1.00000e-12,2.75698e-06,4.45397e-01,3.83613e-01,1.70990e-01,1.41110e-05,0.00000e+00,0.00000e+00,2.53199e-06,0.00000e+00,0.00000e+00,1.14357e-05,0.00000e+00,0.00000e+00,1.43306e-07,0.00000e+00,0.00000e+00,2.50000e-01,2.78289e-04,1.25683e-01,7.87437e-03,9.97067e+04,nan,nan,nan,nan,1,7.22990e-01,7.22990e-01,5.00000e-03,5.00000e-03
1.79149e-01,8.10519e-01,5.52821e-01,1.00000e+00,1.00000e-12,2.74882e-06,4.44230e-01,3.84057e-01,1.71713e-01,1.41110e-05,0.00000e+00,0.00000e+00,2.52796e-06,0.00000e+00,0.00000e+00,1.14372e-05,0.00000e+00,0.00000e+00,1.45810e-07,0.00000e+00,0.00000e+00,2.50000e-01,2.78665e-04,1.26076e-01,8.03567e-03,9.93734e+04,nan,nan,nan,nan,1,7.26660e-01,7.26660e-01,5.00000e-03,5.00000e-03
1.78855e-01,8.10632e-01,5.49109e-01,1.00000e+00,1.00000e-12,2.74052e-06,4.43044e-01,3.84507e-01,1.72449e-01,1.41110e-05,0.00000e+00,0.00000e+00,2.52384e-06,0.00000e+00,0.00000e+00,1.14388e-05,0.00000e+00,0.00000e+00,1.48371e-07,0.00000e+00,0.00000e+00,2.50000e-01,2.79051e-04,1.26475e-01,8.20156e-03,9.90410e+04,nan,nan,nan,nan,1,7.30330e-01,7.30330e-01,5.00000e-03,5.00000e-03
1.78566e-01,8.10734e-01,5.45345e-01,1.00000e+00,1.00000e-12,2.73210e-06,4.41842e-01,3.84959e-01,1.73199e-01,1.41110e-05,0.00000e+00,0.00000e+00,2.51962e-06,0.00000e+00,0.00000e+00,1.14404e-05,0.00000e+00,0.00000e+00,1.50994e-07,0.00000e+00,0.00000e+00,2.50000e-01,2.79451e-04,1.26878e-01,8.37226e-03,9.87095e+04,nan,nan,nan,nan,1,7.34000e-01,7.34000e-01,5.00000e-03,5.00000e-03
1.78242e-01,8.10870e-01,5.41531e-01,1.00000e+00,1.00000e-12,2.72351e-06,4.40598e-01,3.85439e-01,1.73963e-01,1.41110e-05,0.00000e+00,0.00000e+00,2.51527e-06,0.00000e+00,0.00000e+00,1.14420e-05,0.00000e+00,0.00000e+00,1.53678e-07,0.00000e+00,0.00000e+00,2.50000e-01,2.79836e-04,1.27305e-01,8.54787e-03,9.83791e+04,nan,nan,nan,nan,1,7.37670e-01,7.37670e-01,5.00000e-03,5.00000e-03
1.77948e-01,8.10968e-01,5.37657e-01,1.00000e+00,1.00000e-12,2.71476e-06,4.39351e-01,3.85907e-01,1.74742e-01,1.41110e-05,0.00000e+00,0.00000e+00,2.51084e-06,0.00000e+00,0.00000e+00,1.14437e-05,0.00000e+00,0.00000e+00,1.56430e-07,0.00000e+00,0.00000e+00,2.50000e-01,2.80257e-04,1.27723e-01,8.72896e-03,9.80498e+04,nan,nan,nan,nan,1,7.41340e-01,7.41340e-01,5.00000e-03,5.00000e-03
1.77604e-01,8.11112e-01,5.33728e-01,1.00000e+00,1.00000e-12,2.70584e-06,4.38053e-01,3.86411e-01,1.75536e-01,1.41110e-05,0.00000e+00,0.00000e+00,2.50626e-06,0.00000e+00,0.00000e+00,1.14455e-05,0.00000e+00,0.00000e+00,1.59249e-07,0.00000e+00,0.00000e+00,2.50000e-01,2.80652e-04,1.28174e-01,8.91543e-03,9.77215e+04,nan,nan,nan,nan,1,7.45010e-01,7.45010e-01,5.00000e-03,5.00000e-03
1.77287e-01,8.11224e-01,5.29734e-01,1.00000e+00,1.00000e-12,2.69677e-06,4.36747e-01,3.86906e-01,1.76347e-01,1.41110e-05,0.00000e+00,0.00000e+00,2.50158e-06,0.00000e+00,0.00000e+00,1.14473e-05,0.00000e+00,0.00000e+00,1.62142e-07,0.00000e+00,0.00000e+00,2.50000e-01,2.81082e-04,1.28617e-01,9.10802e-03,9.73943e+04,nan,nan,nan,nan,1,7.48680e-01,7.48680e-01,5.00000e-03,5.00000e-03
1.76939e-01,8.11362e-01,5.25678e-01,1.00000e+00,1.00000e-12,2.68750e-06,4.35397e-01,3.87426e-01,1.77176e-01,1.41110e-05,0.00000e+00,0.00000e+00,2.49675e-06,0.00000e+00,0.00000e+00,1.14492e-05,0.00000e+00,0.00000e+00,1.65113e-07,0.00000e+00,0.00000e+00,2.50000e-01,2.81502e-04,1.29085e-01,9.30673e-03,9.70682e+04,nan,nan,nan,nan,1,7.52350e-01,7.52350e-01,5.00000e-03,5.00000e-03
1.76583e-01,8.11501e-01,5.21552e-01,1.00000e+00,1.00000e-12,2.67803e-06,4.34018e-01,3.87959e-01,1.78023e-01,1.41110e-05,0.00000e+00,0.00000e+00,2.49178e-06,0.00000e+00,0.00000e+00,1.14511e-05,0.00000e+00,0.00000e+00,1.68164e-07,0.00000e+00,0.00000e+00,2.50000e-01,2.81931e-04,1.29563e-01,9.51212e-03,9.67433e+04,nan,nan,nan,nan,1,7.56020e-01,7.56020e-01,5.00000e-03,5.00000e-03
1.76234e-01,8.11628e-01,5.17352e-01,1.00000e+00,1.00000e-12,2.66837e-06,4.32613e-01,3.88497e-01,1.78890e-01,1.41110e-05,0.00000e+00,0.00000e+00,2.48668e-06,0.00000e+00,0.00000e+00,1.14530e-05,0.00000e+00,0.00000e+00,1.71301e-07,0.00000e+00,0.00000e+00,2.50000e-01,2.82381e-04,1.30048e-01,9.72463e-03,9.64195e+04,nan,nan,nan,nan,1,7.59690e-01,7.59690e-01,5.00000e-03,5.00000e-03
1.75841e-01,8.11792e-01,5.13077e-01,1.00000e+00,1.00000e-12,2.65849e-06,4.31154e-01,3.89069e-01,1.79776e-01,1.41110e-05,0.00000e+00,0.00000e+00,2.48141e-06,0.00000e+00,0.00000e+00,1.14551e-05,0.00000e+00,0.00000e+00,1.74528e-07,0.00000e+00,0.00000e+00,2.50000e-01,2.82814e-04,1.30564e-01,9.94449e-03,9.60969e+04,nan,nan,nan,nan,1,7.63360e-01,7.63360e-01,5.00000e-03,5.00000e-03
1.75479e-01,8.11918e-01,5.08717e-01,1.00000e+00,1.00000e-12,2.64839e-06,4.29680e-01,3.89634e-01,1.80687e-01,1.41110e-05,0.00000e+00,0.00000e+00,2.47598e-06,0.00000e+00,0.00000e+00,1.14572e-05,0.00000e+00,0.00000e+00,1.77853e-07,0.00000e+00,0.00000e+00,2.50000e-01,2.83289e-04,1.31075e-01,1.01726e-02,9.57755e+04,nan,nan,nan,nan,1,7.67030e-01,7.67030e-01,5.00000e-03,5.00000e-03
1.75061e-01,8.12095e-01,5.04273e-01,1.00000e+00,1.00000e-12,2.63803e-06,4.28141e-01,3.90240e-01,1.81619e-01,1.41110e-05,0.00000e+00,0.00000e+00,2.47035e-06,0.00000e+00,0.00000e+00,1.14594e-05,0.00000e+00,0.00000e+00,1.81281e-07,0.00000e+00,0.00000e+00,2.50000e-01,2.83738e-04,1.31625e-01,1.04091e-02,9.54553e+04,nan,nan,nan,nan,1,7.70700e-01,7.70700e-01,5.00000e-03,5.00000e-03
1.74664e-01,8.12240e-01,4.99730e-01,1.00000e+00,1.00000e-12,2.62741e-06,4.26576e-01,3.90846e-01,1.82577e-01,1.41110e-05,0.00000e+00,0.00000e+00,2.46456e-06,0.00000e+00,0.00000e+00,1.14616e-05,0.00000e+00,0.00000e+00,1.84820e-07,0.00000e+00,0.00000e+00,2.50000e-01,2.84226e-04,1.32174e-01,1.06551e-02,9.51365e+04,nan,nan,nan,nan,1,7.74370e-01,7.74370e-01,5.00000e-03,5.00000e-03
1.74233e-01,8.12413e-01,4.95086e-01,1.00000e+00,1.00000e-12,2.61650e-06,4.24953e-01,3.91483e-01,1.83564e-01,1.41110e-05,0.00000e+00,0.00000e+00,2.45854e-06,0.00000e+00,0.00000e+00,1.14639e-05,0.00000e+00,0.00000e+00,1.88480e-07,0.00000e+00,0.00000e+00,2.50000e-01,2.84710e-04,1.32755e-01,1.09112e-02,9.48190e+04,nan,nan,nan,nan,1,7.78040e-01,7.78040e-01,5.00000e-03,5.00000e-03
1.73785e-01,8.12592e-01,4.90326e-01,1.00000e+00,1.00000e-12,2.60527e-06,4.23274e-01,3.92145e-01,1.84581e-01,1.41110e-05,0.00000e+00,0.00000e+00,2.45228e-06,0.00000e+00,0.00000e+00,1.14664e-05,0.00000e+00,0.00000e+00,1.92275e-07,0.00000e+00,0.00000e+00,2.50000e-01,2.85204e-04,1.33357e-01,1.11786e-02,9.45027e+04,nan,nan,nan,nan,1,7.81710e-01,7.81710e-01,5.00000e-03,5.00000e-03
1.73340e-01,8.12757e-01,4.85431e-01,1.00000e+00,1.00000e-12,2.59368e-06,4.21546e-01,3.92819e-01,1.85635e-01,1.41110e-05,0.00000e+00,0.00000e+00,2.44578e-06,0.00000e+00,0.00000e+00,1.14690e-05,0.00000e+00,0.00000e+00,1.96223e-07,0.00000e+00,0.00000e+00,2.50000e-01,2.85730e-04,1.33974e-01,1.14587e-02,9.41878e+04,nan,nan,nan,nan,1,7.85380e-01,7.85380e-01,5.00000e-03,5.00000e-03
1.72836e-01,8.12970e-01,4.80383e-01,1.00000e+00,1.00000e-12,2.58164e-06,4.19726e-01,3.93546e-01,1.86728e-01,1.41110e-05,0.00000e+00,0.00000e+00,2.43895e-06,0.00000e+00,0.00000e+00,1.14717e-05,0.00000e+00,0.00000e+00,2.00346e-07,0.00000e+00,0.00000e+00,2.50000e-01,2.86241e-04,1.34640e-01,1.17533e-02,9.38743e+04,nan,nan,nan,nan,1,7.89050e-01,7.89050e-01,5.00000e-03,5.00000e-03
1.72352e-01,8.13146e-01,4.75136e-01,1.00000e+00,1.00000e-12,2.56908e-06,4.17845e-01,3.94282e-01,1.87872e-01,1.41110e-05,0.00000e+00,0.00000e+00,2.43179e-06,0.00000e+00,0.00000e+00,1.14745e-05,0.00000e+00,0.00000e+00,2.04684e-07,0.00000e+00,0.00000e+00,2.50000e-01,2.86811e-04,1.35316e-01,1.20657e-02,9.35624e+04,nan,nan,nan,nan,1,7.92720e-01,7.92720e-01,5.00000e-03,5.00000e-03
1.71793e-01,8.13382e-01,4.69644e-01,1.00000e+00,1.00000e-12,2.55583e-06,4.15830e-01,3.95090e-01,1.89080e-01,1.41110e-05,0.00000e+00,0.00000e+00,2.42413e-06,0.00000e+00,0.00000e+00,1.14776e-05,0.00000e+00,0.00000e+00,2.09291e-07,0.00000e+00,0.00000e+00,2.50000e-01,2.87368e-04,1.36060e-01,1.23995e-02,9.32520e+04,nan,nan,nan,nan,1,7.96390e-01,7.96390e-01,5.00000e-03,5.00000e-03
1.71224e-01,8.13600e-01,4.63809e-01,1.00000e+00,1.00000e-12,2.54167e-06,4.13687e-01,3.95939e-01,1.90374e-01,1.41110e-05,0.00000e+00,0.00000e+00,2.41588e-06,0.00000e+00,0.00000e+00,1.14808e-05,0.00000e+00,0.00000e+00,2.14260e-07,0.00000e+00,0.00000e+00,2.50000e-01,2.87991e-04,1.36844e-01,1.27623e-02,9.29432e+04,nan,nan,nan,nan,1,8.00060e-01,8.00060e-01,5.00000e-03,5.00000e-03
1.70583e-01,8.13858e-01,4.57498e-01,1.00000e+00,1.00000e-12,2.52621e-06,4.11335e-01,3.96881e-01,1.91785e-01,1.41110e-05,0.00000e+00,0.00000e+00,2.40677e-06,0.00000e+00,0.00000e+00,1.14845e-05,0.00000e+00,0.00000e+00,2.19726e-07,0.00000e+00,0.00000e+00,2.50000e-01,2.88649e-04,1.37716e-01,1.31641e-02,9.26363e+04,nan,nan,nan,nan,1,8.03730e-01,8.03730e-01,5.00000e-03,5.00000e-03
1.69853e-01,8.14156e-01,4.50494e-01,1.00000e+00,1.00000e-12,2.50890e-06,4.08688e-01,3.97945e-01,1.93366e-01,1.41110e-05,0.00000e+00,0.00000e+00,2.39644e-06,0.00000e+00,0.00000e+00,1.14886e-05,0.00000e+00,0.00000e+00,2.25907e-07,0.00000e+00,0.00000e+00,2.50000e-01,2.89372e-04,1.38706e-01,1.36218e-02,9.23313e+04,nan,nan,nan,nan,1,8.07400e-01,8.07400e-01,5.00000e-03,5.00000e-03
1.69029e-01,8.14477e-01,4.42474e-01,1.00000e+00,1.00000e-12,2.48889e-06,4.05632e-01,3.99170e-01,1.95198e-01,1.41110e-05,0.00000e+00,0.00000e+00,2.38435e-06,0.00000e+00,0.00000e+00,1.14935e-05,0.00000e+00,0.00000e+00,2.33132e-07,0.00000e+00,0.00000e+00,2.50000e-01,2.90224e-04,1.39849e-01,1.41619e-02,9.20285e+04,nan,nan,nan,nan,1,8.11070e-01,8.11070e-01,5.00000e-03,5.00000e-03
1.67985e-01,8.14915e-01,4.32991e-01,1.00000e+00,1.00000e-12,2.46496e-06,4.01929e-01,4.00678e-01,1.97393e-01,1.41110e-05,0.00000e+00,0.00000e+00,2.36965e-06,0.00000e+00,0.00000e+00,1.14995e-05,0.00000e+00,0.00000e+00,2.41874e-07,0.00000e+00,0.00000e+00,2.50000e-01,2.91189e-04,1.41262e-01,1.48231e-02,9.17284e+04,nan,nan,nan,nan,1,8.14740e-01,8.14740e-01,5.00000e-03,5.00000e-03
1.66731e-01,8.15409e-01,4.21430e-01,1.00000e+00,1.00000e-12,2.43554e-06,3.97357e-01,4.02530e-01,2.00114e-01,1.41110e-05,0.00000e+00,0.00000e+00,2.35124e-06,0.00000e+00,0.00000e+00,1.15069e-05,0.00000e+00,0.00000e+00,2.52794e-07,0.00000e+00,0.00000e+00,2.50000e-01,2.92407e-04,1.43008e-01,1.56640e-02,9.14313e+04,nan,nan,nan,nan,1,8.18410e-01,8.18410e-01,5.00000e-03,5.00000e-03
1.65074e-01,8.16099e-01,4.07104e-01,1.00000e+00,1.00000e-12,2.39876e-06,3.91514e-01,4.04930e-01,2.03556e-01,1.41110e-05,0.00000e+00,0.00000e+00,2.32767e-06,0.00000e+00,0.00000e+00,1.15166e-05,0.00000e+00,0.00000e+00,2.66701e-07,0.00000e+00,0.00000e+00,2.50000e-01,2.93861e-04,1.45287e-01,1.67617e-02,9.11382e+04,nan,nan,nan,nan,1,8.22080e-01,8.22080e-01,5.00000e-03,5.00000e-03
1.62969e-01,8.16961e-01,3.89338e-01,1.00000e+00,1.00000e-12,2.35289e-06,3.84053e-01,4.08006e-01,2.07941e-01,1.41110e-05,0.00000e+00,0.00000e+00,2.29739e-06,0.00000e+00,0.00000e+00,1.15291e-05,0.00000e+00,0.00000e+00,2.84480e-07,0.00000e+00,0.00000e+00,2.50000e-01,2.95679e-04,1.48235e-01,1.82143e-02,9.08501e+04,nan,nan,nan,nan,1,8.25750e-01,8.25750e-01,5.00000e-03,5.00000e-03
1.60273e-01,8.18083e-01,3.67775e-01,1.00000e+00,1.00000e-12,2.29681e-06,3.74617e-01,4.11935e-01,2.13448e-01,1.41110e-05,0.00000e+00,0.00000e+00,2.25904e-06,0.00000e+00,0.00000e+00,1.15451e-05,0.00000e+00,0.00000e+00,3.06852e-07,0.00000e+00,0.00000e+00,2.50000e-01,2.97833e-04,1.52044e-01,2.01242e-02,9.05680e+04,nan,nan,nan,nan,1,8.29420e-01,8.29420e-01,5.00000e-03,5.00000e-03
1.56928e-01,8.19496e-01,3.42645e-01,1.00000e+00,1.00000e-12,2.23087e-06,3.63052e-01,4.16802e-01,2.20145e-01,1.41110e-05,0.00000e+00,0.00000e+00,2.21202e-06,0.00000e+00,0.00000e+00,1.15649e-05,0.00000e+00,0.00000e+00,3.34083e-07,0.00000e+00,0.00000e+00,2.50000e-01,3.00259e-04,1.56829e-01,2.25749e-02,9.02934e+04,nan,nan,nan,nan,1,8.33090e-01,8.33090e-01,5.00000e-03,5.00000e-03
1.53020e-01,8.21143e-01,3.14919e-01,1.00000e+00,1.00000e-12,2.15726e-06,3.49546e-01,4.22531e-01,2.27923e-01,1.41110e-05,0.00000e+00,0.00000e+00,2.15703e-06,0.00000e+00,0.00000e+00,1.15883e-05,0.00000e+00,0.00000e+00,3.65723e-07,0.00000e+00,0.00000e+00,2.50000e-01,3.02842e-04,1.62556e-01,2.55956e-02,9.00273e+04,nan,nan,nan,nan,1,8.36760e-01,8.36760e-01,5.00000e-03,5.00000e-03
1.48627e-01,8.23040e-01,2.86193e-01,1.00000e+00,1.00000e-12,2.07968e-06,3.34566e-01,4.28960e-01,2.36474e-01,1.41110e-05,0.00000e+00,0.00000e+00,2.09605e-06,0.00000e+00,0.00000e+00,1.16144e-05,0.00000e+00,0.00000e+00,4.00550e-07,0.00000e+00,0.00000e+00,2.50000e-01,3.05273e-04,1.69103e-01,2.91321e-02,8.97705e+04,nan,nan,nan,nan,1,8.40430e-01,8.40430e-01,5.00000e-03,5.00000e-03
1.44058e-01,8.25001e-01,2.58193e-01,1.00000e+00,1.00000e-12,2.00258e-06,3.18918e-01,4.35710e-01,2.45371e-01,1.41110e-05,0.00000e+00,0.00000e+00,2.03218e-06,0.00000e+00,0.00000e+00,1.16419e-05,0.00000e+00,0.00000e+00,4.36849e-07,0.00000e+00,0.00000e+00,2.50000e-01,3.07423e-04,1.76114e-01,3.30514e-02,8.95231e+04,nan,nan,nan,nan,1,8.44100e-01,8.44100e-01,5.00000e-03,5.00000e-03
1.39486e-01,8.26996e-01,2.32351e-01,1.00000e+00,1.00000e-12,1.92982e-06,3.03364e-01,4.42470e-01,2.54166e-01,1.41110e-05,0.00000e+00,0.00000e+00,1.96859e-06,0.00000e+00,0.00000e+00,1.16696e-05,0.00000e+00,0.00000e+00,4.72828e-07,0.00000e+00,0.00000e+00,2.50000e-01,3.09025e-04,1.83276e-01,3.71656e-02,8.92850e+04,nan,nan,nan,nan,1,8.47770e-01,8.47770e-01,5.00000e-03,5.00000e-03
1.35161e-01,8.28877e-01,2.09489e-01,1.00000e+00,1.00000e-12,1.86402e-06,2.88597e-01,4.48900e-01,2.62504e-01,1.41110e-05,0.00000e+00,0.00000e+00,1.90801e-06,0.00000e+00,0.00000e+00,1.16959e-05,0.00000e+00,0.00000e+00,5.07035e-07,0.00000e+00,0.00000e+00,2.50000e-01,3.10098e-04,1.90220e-01,4.12871e-02,8.90553e+04,nan,nan,nan,nan,1,8.51440e-01,8.51440e-01,5.00000e-03,5.00000e-03
1.31187e-01,8.30606e-01,1.89856e-01,1.00000e+00,1.00000e-12,1.80631e-06,2.75027e-01,4.54814e-01,2.70159e-01,1.41110e-05,0.00000e+00,0.00000e+00,1.85215e-06,0.00000e+00,0.00000e+00,1.17203e-05,0.00000e+00,0.00000e+00,5.38545e-07,0.00000e+00,0.00000e+00,2.50000e-01,3.10631e-04,1.96720e-01,4.52618e-02,8.88331e+04,nan,nan,nan,nan,1,8.55110e-01,8.55110e-01,5.00000e-03,5.00000e-03
1.27582e-01,8.32196e-01,1.73276e-01,1.00000e+00,1.00000e-12,1.75657e-06,2.62805e-01,4.60150e-01,2.77045e-01,1.41110e-05,0.00000e+00,0.00000e+00,1.80166e-06,0.00000e+00,0.00000e+00,1.17423e-05,0.00000e+00,0.00000e+00,5.66998e-07,0.00000e+00,0.00000e+00,2.50000e-01,3.10666e-04,2.02679e-01,4.89938e-02,8.86175e+04,nan,nan,nan,nan,1,8.58780e-01,8.58780e-01,5.00000e-03,5.00000e-03
1.24408e-01,8.33565e-01,1.59313e-01,1.00000e+00,1.00000e-12,1.71415e-06,2.51937e-01,4.64867e-01,2.83196e-01,1.41110e-05,0.00000e+00,0.00000e+00,1.75663e-06,0.00000e+00,0.00000e+00,1.17619e-05,0.00000e+00,0.00000e+00,5.92468e-07,0.00000e+00,0.00000e+00,2.50000e-01,3.10422e-04,2.08020e-01,5.24519e-02,8.84075e+04,nan,nan,nan,nan,1,8.62450e-01,8.62450e-01,5.00000e-03,5.00000e-03
1.21585e-01,8.34783e-01,1.47565e-01,1.00000e+00,1.00000e-12,1.67802e-06,2.42307e-01,4.69037e-01,2.88656e-01,1.41110e-05,0.00000e+00,0.00000e+00,1.71666e-06,0.00000e+00,0.00000e+00,1.17792e-05,0.00000e+00,0.00000e+00,6.15141e-07,0.00000e+00,0.00000e+00,2.50000e-01,3.09906e-04,2.12801e-01,5.56211e-02,8.82021e+04,nan,nan,nan,nan,1,8.66120e-01,8.66120e-01,5.00000e-03,5.00000e-03
1.19085e-01,8.35863e-01,1.37673e-01,1.00000e+00,1.00000e-12,1.64719e-06,2.33815e-01,4.72703e-01,2.93482e-01,1.41110e-05,0.00000e+00,0.00000e+00,1.68126e-06,0.00000e+00,0.00000e+00,1.17945e-05,0.00000e+00,0.00000e+00,6.35257e-07,0.00000e+00,0.00000e+00,2.50000e-01,3.09200e-04,2.17048e-01,5.85007e-02,8.80008e+04,nan,nan,nan,nan,1,8.69790e-01,8.69790e-01,5.00000e-03,5.00000e-03
1.16870e-01,8.36815e-01,1.29284e-01,1.00000e+00,1.00000e-12,1.62078e-06,2.26309e-01,4.75930e-01,2.97761e-01,1.41110e-05,0.00000e+00,0.00000e+00,1.64989e-06,0.00000e+00,0.00000e+00,1.18079e-05,0.00000e+00,0.00000e+00,6.53145e-07,0.00000e+00,0.00000e+00,2.50000e-01,3.08378e-04,2.20821e-01,6.11147e-02,8.78030e+04,nan,nan,nan,nan,1,8.73460e-01,8.73460e-01,5.00000e-03,5.00000e-03
1.14896e-01,8.37660e-01,1.22101e-01,1.00000e+00,1.00000e-12,1.59798e-06,2.19642e-01,4.78784e-01,3.01575e-01,1.41110e-05,0.00000e+00,0.00000e+00,1.62192e-06,0.00000e+00,0.00000e+00,1.18199e-05,0.00000e+00,0.00000e+00,6.69141e-07,0.00000e+00,0.00000e+00,2.50000e-01,3.07482e-04,2.24186e-01,6.34931e-02,8.76080e+04,nan,nan,nan,nan,1,8.77130e-01,8.77130e-01,5.00000e-03,5.00000e-03
1.13125e-01,8.38414e-01,1.15888e-01,1.00000e+00,1.00000e-12,1.57811e-06,2.13681e-01,4.81324e-01,3.04996e-01,1.41110e-05,0.00000e+00,0.00000e+00,1.59684e-06,0.00000e+00,0.00000e+00,1.18306e-05,0.00000e+00,0.00000e+00,6.83537e-07,0.00000e+00,0.00000e+00,2.50000e-01,3.06543e-04,2.27202e-01,6.56657e-02,8.74158e+04,nan,nan,nan,nan,1,8.80800e-01,8.80800e-01,5.00000e-03,5.00000e-03
1.11525e-01,8.39092e-01,1.10461e-01,1.00000e+00,1.00000e-12,1.56065e-06,2.08313e-01,4.83600e-01,3.08087e-01,1.41110e-05,0.00000e+00,0.00000e+00,1.57418e-06,0.00000e+00,0.00000e+00,1.18403e-05,0.00000e+00,0.00000e+00,6.96587e-07,0.00000e+00,0.00000e+00,2.50000e-01,3.05581e-04,2.29922e-01,6.76601e-02,8.72257e+04,nan,nan,nan,nan,1,8.84470e-01,8.84470e-01,5.00000e-03,5.00000e-03
1.10069e-01,8.39707e-01,1.05673e-01,1.00000e+00,1.00000e-12,1.54516e-06,2.03448e-01,4.85653e-01,3.10899e-01,1.41110e-05,0.00000e+00,0.00000e+00,1.55357e-06,0.00000e+00,0.00000e+00,1.18489e-05,0.00000e+00,0.00000e+00,7.08498e-07,0.00000e+00,0.00000e+00,2.50000e-01,3.04608e-04,2.32390e-01,6.95003e-02,8.70376e+04,nan,nan,nan,nan,1,8.88140e-01,8.88140e-01,5.00000e-03,5.00000e-03
1.08735e-01,8.40267e-01,1.01413e-01,1.00000e+00,1.00000e-12,1.53130e-06,1.99006e-01,4.87520e-01,3.13474e-01,1.41110e-05,0.00000e+00,0.00000e+00,1.53469e-06,0.00000e+00,0.00000e+00,1.18569e-05,0.00000e+00,0.00000e+00,7.19444e-07,0.00000e+00,0.00000e+00,2.50000e-01,3.03635e-04,2.34645e-01,7.12073e-02,8.68514e+04,nan,nan,nan,nan,1,8.91810e-01,8.91810e-01,5.00000e-03,5.00000e-03
1.07505e-01,8.40782e-01,9.75906e-02,1.00000e+00,1.00000e-12,1.51881e-06,1.94927e-01,4.89226e-01,3.15847e-01,1.41110e-05,0.00000e+00,0.00000e+00,1.51729e-06,0.00000e+00,0.00000e+00,1.18642e-05,0.00000e+00,0.00000e+00,7.29567e-07,0.00000e+00,0.00000e+00,2.50000e-01,3.02665e-04,2.36715e-01,7.27987e-02,8.66666e+04,nan,nan,nan,nan,1,8.95480e-01,8.95480e-01,5.00000e-03,5.00000e-03
1.06365e-01,8.41256e-01,9.41351e-02,1.00000e+00,1.00000e-12,1.50747e-06,1.91160e-01,4.90795e-01,3.18045e-01,1.41110e-05,0.00000e+00,0.00000e+00,1.50116e-06,0.00000e+00,0.00000e+00,1.18709e-05,0.00000e+00,0.00000e+00,7.38981e-07,0.00000e+00,0.00000e+00,2.50000e-01,3.01703e-04,2.38626e-01,7.42891e-02,8.64834e+04,nan,nan,nan,nan,1,8.99150e-01,8.99150e-01,5.00000e-03,5.00000e-03
1.05301e-01,8.41698e-01,9.09906e-02,1.00000e+00,1.00000e-12,1.49712e-06,1.87661e-01,4.92245e-01,3.20094e-01,1.41110e-05,0.00000e+00,0.00000e+00,1.48613e-06,0.00000e+00,0.00000e+00,1.18771e-05,0.00000e+00,0.00000e+00,7.47783e-07,0.00000e+00,0.00000e+00,2.50000e-01,3.00752e-04,2.40401e-01,7.56911e-02,8.63015e+04,nan,nan,nan,nan,1,9.02820e-01,9.02820e-01,5.00000e-03,5.00000e-03
1.04306e-01,8.42108e-01,8.81121e-02,1.00000e+00,1.00000e-12,1.48761e-06,1.84397e-01,4.93593e-01,3.22011e-01,1.41110e-05,0.00000e+00,0.00000e+00,1.47205e-06,0.00000e+00,0.00000e+00,1.18829e-05,0.00000e+00,0.00000e+00,7.56051e-07,0.00000e+00,0.00000e+00,2.50000e-01,2.99811e-04,2.42055e-01,7.70151e-02,8.61207e+04,nan,nan,nan,nan,1,9.06490e-01,9.06490e-01,5.00000e-03,5.00000e-03
1.03369e-01,8.42493e-01,8.54633e-02,1.00000e+00,1.00000e-12,1.47882e-06,1.81340e-01,4.94849e-01,3.23812e-01,1.41110e-05,0.00000e+00,0.00000e+00,1.45881e-06,0.00000e+00,0.00000e+00,1.18883e-05,0.00000e+00,0.00000e+00,7.63849e-07,0.00000e+00,0.00000e+00,2.50000e-01,2.98883e-04,2.43603e-01,7.82697e-02,8.59410e+04,nan,nan,nan,nan,1,9.10160e-01,9.10160e-01,5.00000e-03,5.00000e-03
1.02485e-01,8.42854e-01,8.30145e-02,1.00000e+00,1.00000e-12,1.47067e-06,1.78464e-01,4.96025e-01,3.25511e-01,1.41110e-05,0.00000e+00,0.00000e+00,1.44632e-06,0.00000e+00,0.00000e+00,1.18935e-05,0.00000e+00,0.00000e+00,7.71230e-07,0.00000e+00,0.00000e+00,2.50000e-01,2.97968e-04,2.45057e-01,7.94623e-02,8.57625e+04,nan,nan,nan,nan,1,9.13830e-01,9.13830e-01,5.00000e-03,5.00000e-03
1.01649e-01,8.43195e-01,8.07413e-02,1.00000e+00,1.00000e-12,1.46309e-06,1.75753e-01,4.97129e-01,3.27118e-01,1.41110e-05,0.00000e+00,0.00000e+00,1.43449e-06,0.00000e+00,0.00000e+00,1.18982e-05,0.00000e+00,0.00000e+00,7.78238e-07,0.00000e+00,0.00000e+00,2.50000e-01,2.97066e-04,2.46425e-01,8.05988e-02,8.55848e+04,nan,nan,nan,nan,1,9.17500e-01,9.17500e-01,5.00000e-03,5.00000e-03
1.00854e-01,8.43518e-01,7.86233e-02,1.00000e+00,1.00000e-12,1.45600e-06,1.73187e-01,4.98170e-01,3.28643e-01,1.41110e-05,0.00000e+00,0.00000e+00,1.42326e-06,0.00000e+00,0.00000e+00,1.19028e-05,0.00000e+00,0.00000e+00,7.84913e-07,0.00000e+00,0.00000e+00,2.50000e-01,2.96176e-04,2.47718e-01,8.16846e-02,8.54080e+04,nan,nan,nan,nan,1,9.21170e-01,9.21170e-01,5.00000e-03,5.00000e-03
1.00097e-01,8.43823e-01,7.66437e-02,1.00000e+00,1.00000e-12,1.44937e-06,1.70754e-01,4.99154e-01,3.30093e-01,1.41110e-05,0.00000e+00,0.00000e+00,1.41257e-06,0.00000e+00,0.00000e+00,1.19071e-05,0.00000e+00,0.00000e+00,7.91284e-07,0.00000e+00,0.00000e+00,2.50000e-01,2.95300e-04,2.48943e-01,8.27239e-02,8.52321e+04,nan,nan,nan,nan,1,9.24840e-01,9.24840e-01,5.00000e-03,5.00000e-03
9.93745e-02,8.44114e-01,7.47883e-02,1.00000e+00,1.00000e-12,1.44314e-06,1.68442e-01,5.00084e-01,3.31475e-01,1.41110e-05,0.00000e+00,0.00000e+00,1.40238e-06,0.00000e+00,0.00000e+00,1.19112e-05,0.00000e+00,0.00000e+00,7.97378e-07,0.00000e+00,0.00000e+00,2.50000e-01,2.94437e-04,2.50105e-01,8.37206e-02,8.50569e+04,nan,nan,nan,nan,1,9.28510e-01,9.28510e-01,5.00000e-03,5.00000e-03
9.86844e-02,8.44391e-01,7.30449e-02,1.00000e+00,1.00000e-12,1.43726e-06,1.66239e-01,5.00965e-01,3.32795e-01,1.41110e-05,0.00000e+00,0.00000e+00,1.39263e-06,0.00000e+00,0.00000e+00,1.19152e-05,0.00000e+00,0.00000e+00,8.03218e-07,0.00000e+00,0.00000e+00,2.50000e-01,2.93588e-04,2.51209e-01,8.46778e-02,8.48825e+04,nan,nan,nan,nan,1,9.32180e-01,9.32180e-01,5.00000e-03,5.00000e-03
9.80241e-02,8.44654e-01,7.14037e-02,1.00000e+00,1.00000e-12,1.43172e-06,1.64140e-01,5.01804e-01,3.34056e-01,1.41110e-05,0.00000e+00,0.00000e+00,1.38331e-06,0.00000e+00,0.00000e+00,1.19189e-05,0.00000e+00,0.00000e+00,8.08821e-07,0.00000e+00,0.00000e+00,2.50000e-01,2.92752e-04,2.52259e-01,8.55979e-02,8.47088e+04,nan,nan,nan,nan,1,9.35850e-01,9.35850e-01,5.00000e-03,5.00000e-03
9.73915e-02,8.44905e-01,6.98562e-02,1.00000e+00,1.00000e-12,1.42649e-06,1.62136e-01,5.02600e-01,3.35264e-01,1.41110e-05,0.00000e+00,0.00000e+00,1.37437e-06,0.00000e+00,0.00000e+00,1.19224e-05,0.00000e+00,0.00000e+00,8.14203e-07,0.00000e+00,0.00000e+00,2.50000e-01,2.91929e-04,2.53260e-01,8.64834e-02,8.45357e+04,nan,nan,nan,nan,1,9.39520e-01,9.39520e-01,5.00000e-03,5.00000e-03
9.67850e-02,8.45146e-01,6.83951e-02,1.00000e+00,1.00000e-12,1.42153e-06,1.60222e-01,5.03358e-01,3.36420e-01,1.41110e-05,0.00000e+00,0.00000e+00,1.36581e-06,0.00000e+00,0.00000e+00,1.19259e-05,0.00000e+00,0.00000e+00,8.19376e-07,0.00000e+00,0.00000e+00,2.50000e-01,2.91122e-04,2.54215e-01,8.73356e-02,8.43632e+04,nan,nan,nan,nan,1,9.43190e-01,9.43190e-01,5.00000e-03,5.00000e-03
9.62034e-02,8.45375e-01,6.70147e-02,1.00000e+00,1.00000e-12,1.41685e-06,1.58393e-01,5.04079e-01,3.37528e-01,1.41110e-05,0.00000e+00,0.00000e+00,1.35761e-06,0.00000e+00,0.00000e+00,1.19290e-05,0.00000e+00,0.00000e+00,8.24348e-07,0.00000e+00,0.00000e+00,2.50000e-01,2.90330e-04,2.55125e-01,8.81559e-02,8.41913e+04,nan,nan,nan,nan,1,9.46860e-01,9.46860e-01,5.00000e-03,5.00000e-03
9.56458e-02,8.45594e-01,6.57100e-02,1.00000e+00,1.00000e-12,1.41242e-06,1.56645e-01,5.04766e-01,3.38589e-01,1.41110e-05,0.00000e+00,0.00000e+00,1.34974e-06,0.00000e+00,0.00000e+00,1.19321e-05,0.00000e+00,0.00000e+00,8.29127e-07,0.00000e+00,0.00000e+00,2.50000e-01,2.89554e-04,2.55993e-01,8.89454e-02,8.40200e+04,nan,nan,nan,nan,1,9.50530e-01,9.50530e-01,5.00000e-03,5.00000e-03
9.51115e-02,8.45803e-01,6.44769e-02,1.00000e+00,1.00000e-12,1.40822e-06,1.54976e-01,5.05418e-01,3.39606e-01,1.41110e-05,0.00000e+00,0.00000e+00,1.34219e-06,0.00000e+00,0.00000e+00,1.19350e-05,0.00000e+00,0.00000e+00,8.33718e-07,0.00000e+00,0.00000e+00,2.50000e-01,2.88795e-04,2.56819e-01,8.97044e-02,8.38492e+04,nan,nan,nan,nan,1,9.54200e-01,9.54200e-01,5.00000e-03,5.00000e-03
9.45999e-02,8.46002e-01,6.33122e-02,1.00000e+00,1.00000e-12,1.40426e-06,1.53384e-01,5.06040e-01,3.40576e-01,1.41110e-05,0.00000e+00,0.00000e+00,1.33497e-06,0.00000e+00,0.00000e+00,1.19379e-05,0.00000e+00,0.00000e+00,8.38123e-07,0.00000e+00,0.00000e+00,2.50000e-01,2.88054e-04,2.57607e-01,9.04333e-02,8.36789e+04,nan,nan,nan,nan,1,9.57870e-01,9.57870e-01,5.00000e-03,5.00000e-03
9.41111e-02,8.46192e-01,6.22135e-02,1.00000e+00,1.00000e-12,1.40051e-06,1.51867e-01,5.06629e-01,3.41504e-01,1.41110e-05,0.00000e+00,0.00000e+00,1.32808e-06,0.00000e+00,0.00000e+00,1.19406e-05,0.00000e+00,0.00000e+00,8.42341e-07,0.00000e+00,0.00000e+00,2.50000e-01,2.87334e-04,2.58354e-01,9.11319e-02,8.35090e+04,nan,nan,nan,nan,1,9.61540e-01,9.61540e-01,5.00000e-03,5.00000e-03
9.36451e-02,8.46372e-01,6.11788e-02,1.00000e+00,1.00000e-12,1.39697e-06,1.50427e-01,5.07186e-01,3.42387e-01,1.41110e-05,0.00000e+00,0.00000e+00,1.32151e-06,0.00000e+00,0.00000e+00,1.19431e-05,0.00000e+00,0.00000e+00,8.46372e-07,0.00000e+00,0.00000e+00,2.50000e-01,2.86634e-04,2.59063e-01,9.17999e-02,8.33396e+04,nan,nan,nan,nan,1,9.65210e-01,9.65210e-01,5.00000e-03,5.00000e-03
9.32019e-02,8.46543e-01,6.02066e-02,1.00000e+00,1.00000e-12,1.39365e-06,1.49061e-01,5.07713e-01,3.43226e-01,1.41110e-05,0.00000e+00,0.00000e+00,1.31525e-06,0.00000e+00,0.00000e+00,1.19455e-05,0.00000e+00,0.00000e+00,8.50212e-07,0.00000e+00,0.00000e+00,2.50000e-01,2.85958e-04,2.59734e-01,9.24367e-02,8.31706e+04,nan,nan,nan,nan,1,9.68880e-01,9.68880e-01,5.00000e-03,5.00000e-03
9.27820e-02,8.46704e-01,5.92958e-02,1.00000e+00,1.00000e-12,1.39054e-06,1.47770e-01,5.08209e-01,3.44021e-01,1.41110e-05,0.00000e+00,0.00000e+00,1.30933e-06,0.00000e+00,0.00000e+00,1.19478e-05,0.00000e+00,0.00000e+00,8.53859e-07,0.00000e+00,0.00000e+00,2.50000e-01,2.85309e-04,2.60366e-01,9.30415e-02,8.30020e+04,nan,nan,nan,nan,1,9.72550e-01,9.72550e-01,5.00000e-03,5.00000e-03
9.23860e-02,8.46856e-01,5.84458e-02,1.00000e+00,1.00000e-12,1.38763e-06,1.46556e-01,5.08673e-01,3.44770e-01,1.41110e-05,0.00000e+00,0.00000e+00,1.30374e-06,0.00000e+00,0.00000e+00,1.19500e-05,0.00000e+00,0.00000e+00,8.57304e-07,0.00000e+00,0.00000e+00,2.50000e-01,2.84688e-04,2.60960e-01,9.36133e-02,8.28338e+04,nan,nan,nan,nan,1,9.76220e-01,9.76220e-01,5.00000e-03,5.00000e-03
9.20143e-02,8.46999e-01,5.76563e-02,1.00000e+00,1.00000e-12,1.38493e-06,1.45420e-01,5.09107e-01,3.45472e-01,1.41110e-05,0.00000e+00,0.00000e+00,1.29850e-06,0.00000e+00,0.00000e+00,1.19520e-05,0.00000e+00,0.00000e+00,8.60545e-07,0.00000e+00,0.00000e+00,2.50000e-01,2.84098e-04,2.61514e-01,9.41511e-02,8.26659e+04,nan,nan,nan,nan,1,9.79890e-01,9.79890e-01,5.00000e-03,5.00000e-03
9.16677e-02,8.47130e-01,5.69269e-02,1.00000e+00,1.00000e-12,1.38243e-06,1.44364e-01,5.09510e-01,3.46126e-01,1.41110e-05,0.00000e+00,0.00000e+00,1.29362e-06,0.00000e+00,0.00000e+00,1.19538e-05,0.00000e+00,0.00000e+00,8.63572e-07,0.00000e+00,0.00000e+00,2.50000e-01,2.83540e-04,2.62028e-01,9.46536e-02,8.24983e+04,nan,nan,nan,nan,1,9.83560e-01,9.83560e-01,5.00000e-03,5.00000e-03
9.13467e-02,8.47252e-01,5.62574e-02,1.00000e+00,1.00000e-12,1.38013e-06,1.43388e-01,5.09880e-01,3.46732e-01,1.41110e-05,0.00000e+00,0.00000e+00,1.28909e-06,0.00000e+00,0.00000e+00,1.19555e-05,0.00000e+00,0.00000e+00,8.66382e-07,0.00000e+00,0.00000e+00,2.50000e-01,2.83018e-04,2.62503e-01,9.51198e-02,8.23310e+04,nan,nan,nan,nan,1,9.87230e-01,9.87230e-01,5.00000e-03,5.00000e-03
9.10517e-02,8.47363e-01,5.56474e-02,1.00000e+00,1.00000e-12,1.37803e-06,1.42493e-01,5.10220e-01,3.47287e-01,1.41110e-05,0.00000e+00,0.00000e+00,1.28492e-06,0.00000e+00,0.00000e+00,1.19571e-05,0.00000e+00,0.00000e+00,8.68967e-07,0.00000e+00,0.00000e+00,2.50000e-01,2.82533e-04,2.62937e-01,9.55490e-02,8.21640e+04,nan,nan,nan,nan,1,9.90900e-01,9.90900e-01,5.00000e-03,5.00000e-03
9.07831e-02,8.47465e-01,5.50961e-02,1.00000e+00,1.00000e-12,1.37614e-06,1.41680e-01,5.10526e-01,3.47794e-01,1.41110e-05,0.00000e+00,0.00000e+00,1.28113e-06,0.00000e+00,0.00000e+00,1.19586e-05,0.00000e+00,0.00000e+00,8.71325e-07,0.00000e+00,0.00000e+00,2.50000e-01,2.82088e-04,2.63331e-01,9.59402e-02,8.19972e+04,nan,nan,nan,nan,1,9.94570e-01,9.94570e-01,5.00000e-03,5.00000e-03
9.05410e-02,8.47556e-01,5.46026e-02,1.00000e+00,1.00000e-12,1.37445e-06,1.40949e-01,5.10802e-01,3.48250e-01,1.41110e-05,0.00000e+00,0.00000e+00,1.27772e-06,0.00000e+00,0.00000e+00,1.19598e-05,0.00000e+00,0.00000e+00,8.73454e-07,0.00000e+00,0.00000e+00,2.50000e-01,2.81683e-04,2.63685e-01,9.62935e-02,8.18306e+04,nan,nan,nan,nan,1,9.98240e-01,9.98240e-01,5.00000e-03,5.00000e-03
9.03250e-02,8.47637e-01,5.41651e-02,1.00000e+00,1.00000e-12,1.37295e-06,1.40298e-01,5.11047e-01,3.48655e-01,1.41110e-05,0.00000e+00,0.00000e+00,1.27467e-06,0.00000e+00,0.00000e+00,1.19610e-05,0.00000e+00,0.00000e+00,8.75357e-07,0.00000e+00,0.00000e+00,2.50000e-01,2.81319e-04,2.63999e-01,9.66090e-02,8.16643e+04,nan,nan,nan,nan,1,1.00191e+00,1.00191e+00,5.00000e-03,5.00000e-03
9.01345e-02,8.47709e-01,5.37812e-02,1.00000e+00,1.00000e-12,1.37162e-06,1.39724e-01,5.11262e-01,3.49014e-01,1.41110e-05,0.00000e+00,0.00000e+00,1.27197e-06,0.00000e+00,0.00000e+00,1.19620e-05,0.00000e+00,0.00000e+00,8.77039e-07,0.00000e+00,0.00000e+00,2.50000e-01,2.80997e-04,2.64276e-01,9.68876e-02,8.14981e+04,nan,nan,nan,nan,1,1.00558e+00,1.00558e+00,5.00000e-03,5.00000e-03
8.99684e-02,8.47771e-01,5.34482e-02,1.00000e+00,1.00000e-12,1.37048e-06,1.39224e-01,5.11450e-01,3.49326e-01,1.41110e-05,0.00000e+00,0.00000e+00,1.26963e-06,0.00000e+00,0.00000e+00,1.19629e-05,0.00000e+00,0.00000e+00,8.78507e-07,0.00000e+00,0.00000e+00,2.50000e-01,2.80714e-04,2.64517e-01,9.71308e-02,8.13320e+04,nan,nan,nan,nan,1,1.00925e+00,1.00925e+00,5.00000e-03,5.00000e-03
8.98253e-02,8.47825e-01,5.31624e-02,1.00000e+00,1.00000e-12,1.36950e-06,1.38794e-01,5.11610e-01,3.49596e-01,1.41110e-05,0.00000e+00,0.00000e+00,1.26760e-06,0.00000e+00,0.00000e+00,1.19636e-05,0.00000e+00,0.00000e+00,8.79775e-07,0.00000e+00,0.00000e+00,2.50000e-01,2.80469e-04,2.64724e-01,9.73404e-02,8.11661e+04,nan,nan,nan,nan,1,1.01292e+00,1.01292e+00,5.00000e-03,5.00000e-03
8.97034e-02,8.47870e-01,5.29199e-02,1.00000e+00,1.00000e-12,1.36867e-06,1.38428e-01,5.11747e-01,3.49825e-01,1.41110e-05,0.00000e+00,0.00000e+00,1.26587e-06,0.00000e+00,0.00000e+00,1.19643e-05,0.00000e+00,0.00000e+00,8.80857e-07,0.00000e+00,0.00000e+00,2.50000e-01,2.80259e-04,2.64899e-01,9.75191e-02,8.10004e+04,nan,nan,nan,nan,1,1.01659e+00,1.01659e+00,5.00000e-03,5.00000e-03
8.96008e-02,8.47908e-01,5.27165e-02,1.00000e+00,1.00000e-12,1.36796e-06,1.38121e-01,5.11862e-01,3.50018e-01,1.41110e-05,0.00000e+00,0.00000e+00,1.26442e-06,0.00000e+00,0.00000e+00,1.19649e-05,0.00000e+00,0.00000e+00,8.81769e-07,0.00000e+00,0.00000e+00,2.50000e-01,2.80082e-04,2.65047e-01,9.76695e-02,8.08346e+04,nan,nan,nan,nan,1,1.02026e+00,1.02026e+00,5.00000e-03,5.00000e-03
8.95155e-02,8.47941e-01,5.25477e-02,1.00000e+00,1.00000e-12,1.36738e-06,1.37865e-01,5.11957e-01,3.50178e-01,1.41110e-05,0.00000e+00,0.00000e+00,1.26321e-06,0.00000e+00,0.00000e+00,1.19653e-05,0.00000e+00,0.00000e+00,8.82528e-07,0.00000e+00,0.00000e+00,2.50000e-01,2.79935e-04,2.65170e-01,9.77947e-02,8.06690e+04,nan,nan,nan,nan,1,1.02393e+00,1.02393e+00,5.00000e-03,5.00000e-03
8.94454e-02,8.47966e-01,5.24094e-02,1.00000e+00,1.00000e-12,1.36691e-06,1.37656e-01,5.12035e-01,3.50309e-01,1.41110e-05,0.00000e+00,0.00000e+00,1.26221e-06,0.00000e+00,0.00000e+00,1.19656e-05,0.00000e+00,0.00000e+00,8.83152e-07,0.00000e+00,0.00000e+00,2.50000e-01,2.79813e-04,2.65271e-01,9.78976e-02,8.05034e+04,nan,nan,nan,nan,1,1.02760e+00,1.02760e+00,5.00000e-03,5.00000e-03
8.93883e-02,8.47987e-01,5.22972e-02,1.00000e+00,1.00000e-12,1.36651e-06,1.37486e-01,5.12098e-01,3.50416e-01,1.41110e-05,0.00000e+00,0.00000e+00,1.26140e-06,0.00000e+00,0.00000e+00,1.19659e-05,0.00000e+00,0.00000e+00,8.83662e-07,0.00000e+00,0.00000e+00,2.50000e-01,2.79714e-04,2.65352e-01,9.79813e-02,8.03379e+04,nan,nan,nan,nan,1,1.03127e+00,1.03127e+00,5.00000e-03,5.00000e-03
8.93426e-02,8.48005e-01,5.22071e-02,1.00000e+00,1.00000e-12,1.36620e-06,1.37349e-01,5.12150e-01,3.50501e-01,1.41110e-05,0.00000e+00,0.00000e+00,1.26075e-06,0.00000e+00,0.00000e+00,1.19662e-05,0.00000e+00,0.00000e+00,8.84071e-07,0.00000e+00,0.00000e+00,2.50000e-01,2.79634e-04,2.65418e-01,9.80486e-02,8.01724e+04,nan,nan,nan,nan,1,1.03494e+00,1.03494e+00,5.00000e-03,5.00000e-03
8.93062e-02,8.48018e-01,5.21356e-02,1.00000e+00,1.00000e-12,1.36595e-06,1.37240e-01,5.12190e-01,3.50570e-01,1.41110e-05,0.00000e+00,0.00000e+00,1.26023e-06,0.00000e+00,0.00000e+00,1.19664e-05,0.00000e+00,0.00000e+00,8.84397e-07,0.00000e+00,0.00000e+00,2.50000e-01,2.79571e-04,2.65470e-01,9.81020e-02,8.00070e+04,nan,nan,nan,nan,1,1.03861e+00,1.03861e+00,5.00000e-03,5.00000e-03
8.92775e-02,8.48029e-01,5.20792e-02,1.00000e+00,1.00000e-12,1.36575e-06,1.37154e-01,5.12222e-01,3.50624e-01,1.41110e-05,0.00000e+00,0.00000e+00,1.25982e-06,0.00000e+00,0.00000e+00,1.19666e-05,0.00000e+00,0.00000e+00,8.84655e-07,0.00000e+00,0.00000e+00,2.50000e-01,2.79520e-04,2.65511e-01,9.81442e-02,7.98415e+04,nan,nan,nan,nan,1,1.04228e+00,1.04228e+00,5.00000e-03,5.00000e-03
8.92549e-02,8.48037e-01,5.20350e-02,1.00000e+00,1.00000e-12,1.36561e-06,1.37086e-01,5.12247e-01,3.50666e-01,1.41110e-05,0.00000e+00,0.00000e+00,1.25949e-06,0.00000e+00,0.00000e+00,1.19667e-05,0.00000e+00,0.00000e+00,8.84857e-07,0.00000e+00,0.00000e+00,2.50000e-01,2.79481e-04,2.65543e-01,9.81774e-02,7.96761e+04,nan,nan,nan,nan,1,1.04595e+00,1.04595e+00,5.00000e-03,5.00000e-03
8.92373e-02,8.48044e-01,5.20004e-02,1.00000e+00,1.00000e-12,1.36548e-06,1.37034e-01,5.12267e-01,3.50699e-01,1.41110e-05,0.00000e+00,0.00000e+00,1.25924e-06,0.00000e+00,0.00000e+00,1.19668e-05,0.00000e+00,0.00000e+00,8.85016e-07,0.00000e+00,0.00000e+00,2.50000e-01,2.79450e-04,2.65569e-01,9.82033e-02,7.95108e+04,nan,nan,nan,nan,1,1.04962e+00,1.04962e+00,5.00000e-03,5.00000e-03
8.92234e-02,8.48049e-01,5.19732e-02,1.00000e+00,1.00000e-12,1.36539e-06,1.36992e-01,5.12282e-01,3.50725e-01,1.41110e-05,0.00000e+00,0.00000e+00,1.25904e-06,0.00000e+00,0.00000e+00,1.19668e-05,0.00000e+00,0.00000e+00,8.85141e-07,0.00000e+00,0.00000e+00,2.50000e-01,2.79426e-04,2.65588e-01,9.82236e-02,7.93454e+04,nan,nan,nan,nan,1,1.05329e+00,1.05329e+00,5.00000e-03,5.00000e-03
8.92125e-02,8.48053e-01,5.19518e-02,1.00000e+00,1.00000e-12,1.36532e-06,1.36960e-01,5.12294e-01,3.50746e-01,1.41110e-05,0.00000e+00,0.00000e+00,1.25889e-06,0.00000e+00,0.00000e+00,1.19669e-05,0.00000e+00,0.00000e+00,8.85240e-07,0.00000e+00,0.00000e+00,2.50000e-01,2.79407e-04,2.65604e-01,9.82397e-02,7.91800e+04,nan,nan,nan,nan,1,1.05696e+00,1.05696e+00,5.00000e-03,5.00000e-03
8.92038e-02,8.48056e-01,5.19347e-02,1.00000e+00,1.00000e-12,1.36526e-06,1.36934e-01,5.12304e-01,3.50762e-01,1.41110e-05,0.00000e+00,0.00000e+00,1.25876e-06,0.00000e+00,0.00000e+00,1.19669e-05,0.00000e+00,0.00000e+00,8.85318e-07,0.00000e+00,0.00000e+00,2.50000e-01,2.79392e-04,2.65617e-01,9.82525e-02,7.90147e+04,nan,nan,nan,nan,1,1.06063e+00,1.06063e+00,5.00000e-03,5.00000e-03
8.91968e-02,8.48059e-01,5.19210e-02,1.00000e+00,1.00000e-12,1.36521e-06,1.36913e-01,5.12312e-01,3.50775e-01,1.41110e-05,0.00000e+00,0.00000e+00,1.25866e-06,0.00000e+00,0.00000e+00,1.19670e-05,0.00000e+00,0.00000e+00,8.85381e-07,0.00000e+00,0.00000e+00,2.50000e-01,2.79380e-04,2.65626e-01,9.82629e-02,7.88493e+04,nan,nan,nan,nan,1,1.06430e+00,1.06430e+00,5.00000e-03,5.00000e-03
8.91912e-02,8.48061e-01,5.19098e-02,1.00000e+00,1.00000e-12,1.36517e-06,1.36896e-01,5.12318e-01,3.50786e-01,1.41110e-05,0.00000e+00,0.00000e+00,1.25858e-06,0.00000e+00,0.00000e+00,1.19670e-05,0.00000e+00,0.00000e+00,8.85432e-07,0.00000e+00,0.00000e+00,2.50000e-01,2.79370e-04,2.65635e-01,9.82713e-02,7.86840e+04,nan,nan,nan,nan,1,1.06797e+00,1.06797e+00,5.00000e-03,5.00000e-03
8.91865e-02,8.48063e-01,5.19007e-02,1.00000e+00,1.00000e-12,1.36513e-06,1.36882e-01,5.12323e-01,3.50795e-01,1.41110e-05,0.00000e+00,0.00000e+00,1.25851e-06,0.00000e+00,0.00000e+00,1.19670e-05,0.00000e+00,0.00000e+00,8.85474e-07,0.00000e+00,0.00000e+00,2.50000e-01,2.79361e-04,2.65641e-01,9.82781e-02,7.85186e+04,nan,nan,nan,nan,1,1.07164e+00,1.07164e+00,5.00000e-03,5.00000e-03
8.91827e-02,8.48064e-01,5.18934e-02,1.00000e+00,1.00000e-12,1.36511e-06,1.36871e-01,5.12327e-01,3.50802e-01,1.41110e-05,0.00000e+00,0.00000e+00,1.25846e-06,0.00000e+00,0.00000e+00,1.19670e-05,0.00000e+00,0.00000e+00,8.85507e-07,0.00000e+00,0.00000e+00,2.50000e-01,2.79355e-04,2.65646e-01,9.82836e-02,7.83534e+04,nan,nan,nan,nan,1,1.07531e+00,1.07531e+00,5.00000e-03,5.00000e-03
8.91797e-02,8.48065e-01,5.18875e-02,1.00000e+00,1.00000e-12,1.36509e-06,1.36862e-01,5.12330e-01,3.50808e-01,1.41110e-05,0.00000e+00,0.00000e+00,1.25842e-06,0.00000e+00,0.00000e+00,1.19671e-05,0.00000e+00,0.00000e+00,8.85535e-07,0.00000e+00,0.00000e+00,2.50000e-01,2.79350e-04,2.65651e-01,9.82879e-02,7.81880e+04,nan,nan,nan,nan,1,1.07898e+00,1.07898e+00,5.00000e-03,5.00000e-03
8.91773e-02,8.48067e-01,5.18827e-02,1.00000e+00,1.00000e-12,1.36508e-06,1.36854e-01,5.12334e-01,3.50812e-01,1.41110e-05,0.00000e+00,0.00000e+00,1.25839e-06,0.00000e+00,0.00000e+00,1.19671e-05,0.00000e+00,0.00000e+00,8.85557e-07,0.00000e+00,0.00000e+00,2.50000e-01,2.79345e-04,2.65655e-01,9.82916e-02,7.80227e+04,nan,nan,nan,nan,1,1.08265e+00,1.08265e+00,5.00000e-03,5.00000e-03
8.91752e-02,8.48067e-01,5.18786e-02,1.00000e+00,1.00000e-12,1.36506e-06,1.36848e-01,5.12336e-01,3.50815e-01,1.41110e-05,0.00000e+00,0.00000e+00,1.25836e-06,0.00000e+00,0.00000e+00,1.19671e-05,0.00000e+00,0.00000e+00,8.85576e-07,0.00000e+00,0.00000e+00,2.50000e-01,2.79342e-04,2.65658e-01,9.82946e-02,7.78574e+04,nan,nan,nan,nan,1,1.08632e+00,1.08632e+00,5.00000e-03,5.00000e-03
8.91735e-02,8.48068e-01,5.18752e-02,1.00000e+00,1.00000e-12,1.36505e-06,1.36844e-01,5.12338e-01,3.50819e-01,1.41110e-05,0.00000e+00,0.00000e+00,1.25833e-06,0.00000e+00,0.00000e+00,1.19671e-05,0.00000e+00,0.00000e+00,8.85591e-07,0.00000e+00,0.00000e+00,2.50000e-01,2.79339e-04,2.65660e-01,9.82973e-02,7.76920e+04,nan,nan,nan,nan,1,1.08999e+00,1.08999e+00,5.00000e-03,5.00000e-03
8.91718e-02,8.48068e-01,5.18720e-02,1.00000e+00,1.00000e-12,1.36504e-06,1.36838e-01,5.12339e-01,3.50822e-01,1.41110e-05,0.00000e+00,0.00000e+00,1.25830e-06,0.00000e+00,0.00000e+00,1.19671e-05,0.00000e+00,0.00000e+00,8.85606e-07,0.00000e+00,0.00000e+00,2.50000e-01,2.79336e-04,2.65662e-01,9.82996e-02,7.75268e+04,nan,nan,nan,nan,1,1.09366e+00,1.09366e+00,5.00000e-03,5.00000e-03
8.91703e-02,8.48069e-01,5.18692e-02,1.00000e+00,1.00000e-12,1.36503e-06,1.36834e-01,5.12341e-01,3.50825e-01,1.41110e-05,0.00000e+00,0.00000e+00,1.25828e-06,0.00000e+00,0.00000e+00,1.19671e-05,0.00000e+00,0.00000e+00,8.85618e-07,0.00000e+00,0.00000e+00,2.50000e-01,2.79333e-04,2.65664e-01,9.83018e-02,7.73614e+04,nan,nan,nan,nan,1,1.09733e+00,1.09733e+00,5.00000e-03,5.00000e-03
8.91690e-02,8.48069e-01,5.18665e-02,1.00000e+00,1.00000e-12,1.36502e-06,1.36830e-01,5.12343e-01,3.50827e-01,1.41110e-05,0.00000e+00,0.00000e+00,1.25826e-06,0.00000e+00,0.00000e+00,1.19671e-05,0.00000e+00,0.00000e+00,8.85631e-07,0.00000e+00,0.00000e+00,2.50000e-01,2.79331e-04,2.65666e-01,9.83038e-02,7.71960e+04,nan,nan,nan,nan,1,1.10100e+00,1.10100e+00,5.00000e-03,5.00000e-03
8.91677e-02,8.48070e-01,5.18640e-02,1.00000e+00,1.00000e-12,1.36501e-06,1.36826e-01,5.12344e-01,3.50830e-01,1.41110e-05,0.00000e+00,0.00000e+00,1.25824e-06,0.00000e+00,0.00000e+00,1.19671e-05,0.00000e+00,0.00000e+00,8.85642e-07,0.00000e+00,0.00000e+00,2.50000e-01,2.79329e-04,2.65668e-01,9.83056e-02,7.70308e+04,nan,nan,nan,nan,1,1.10467e+00,1.10467e+00,5.00000e-03,5.00000e-03
8.91666e-02,8.48070e-01,5.18618e-02,1.00000e+00,1.00000e-12,1.36501e-06,1.36823e-01,5.12345e-01,3.50832e-01,1.41110e-05,0.00000e+00,0.00000e+00,1.25823e-06,0.00000e+00,0.00000e+00,1.19671e-05,0.00000e+00,0.00000e+00,8.85652e-07,0.00000e+00,0.00000e+00,2.50000e-01,2.79327e-04,2.65669e-01,9.83073e-02,7.68655e+04,nan,nan,nan,nan,1,1.10834e+00,1.10834e+00,5.00000e-03,5.00000e-03
8.91657e-02,8.48071e-01,5.18598e-02,1.00000e+00,1.00000e-12,1.36500e-06,1.36819e-01,5.12347e-01,3.50834e-01,1.41110e-05,0.00000e+00,0.00000e+00,1.25821e-06,0.00000e+00,0.00000e+00,1.19671e-05,0.00000e+00,0.00000e+00,8.85661e-07,0.00000e+00,0.00000e+00,2.50000e-01,2.79325e-04,2.65671e-01,9.83088e-02,7.67001e+04,nan,nan,nan,nan,1,1.11201e+00,1.11201e+00,5.00000e-03,5.00000e-03
8.91648e-02,8.48071e-01,5.18581e-02,1.00000e+00,1.00000e-12,1.36499e-06,1.36817e-01,5.12348e-01,3.50835e-01,1.41110e-05,0.00000e+00,0.00000e+00,1.25820e-06,0.00000e+00,0.00000e+00,1.19671e-05,0.00000e+00,0.00000e+00,8.85669e-07,0.00000e+00,0.00000e+00,2.50000e-01,2.79323e-04,2.65673e-01,9.83101e-02,7.65349e+04,nan,nan,nan,nan,1,1.11568e+00,1.11568e+00,5.00000e-03,5.00000e-03
8.91640e-02,8.48071e-01,5.18566e-02,1.00000e+00,1.00000e-12,1.36498e-06,1.36815e-01,5.12348e-01,3.50837e-01,1.41110e-05,0.00000e+00,0.00000e+00,1.25819e-06,0.00000e+00,0.00000e+00,1.19671e-05,0.00000e+00,0.00000e+00,8.85676e-07,0.00000e+00,0.00000e+00,2.50000e-01,2.79322e-04,2.65673e-01,9.83112e-02,7.63695e+04,nan,nan,nan,nan,1,1.11935e+00,1.11935e+00,5.00000e-03,5.00000e-03
8.91633e-02,8.48071e-01,5.18553e-02,1.00000e+00,1.00000e-12,1.36498e-06,1.36813e-01,5.12349e-01,3.50838e-01,1.41110e-05,0.00000e+00,0.00000e+00,1.25818e-06,0.00000e+00,0.00000e+00,1.19671e-05,0.00000e+00,0.00000e+00,8.85682e-07,0.00000e+00,0.00000e+00,2.50000e-01,2.79322e-04,2.65675e-01,9.83122e-02,7.62042e+04,nan,nan,nan,nan,1,1.12302e+00,1.12302e+00,5.00000e-03,5.00000e-03
8.91627e-02,8.48072e-01,5.18540e-02,1.00000e+00,1.00000e-12,1.36497e-06,1.36811e-01,5.12349e-01,3.50840e-01,1.41110e-05,0.00000e+00,0.00000e+00,1.25817e-06,0.00000e+00,0.00000e+00,1.19671e-05,0.00000e+00,0.00000e+00,8.85688e-07,0.00000e+00,0.00000e+00,2.50000e-01,2.79320e-04,2.65675e-01,9.83132e-02,7.60389e+04,nan,nan,nan,nan,1,1.12669e+00,1.12669e+00,5.00000e-03,5.00000e-03
8.91621e-02,8.48072e-01,5.18528e-02,1.00000e+00,1.00000e-12,1.36497e-06,1.36809e-01,5.12350e-01,3.50840e-01,1.41110e-05,0.00000e+00,0.00000e+00,1.25816e-06,0.00000e+00,0.00000e+00,1.19671e-05,0.00000e+00,0.00000e+00,8.85694e-07,0.00000e+00,0.00000e+00,2.50000e-01,2.79319e-04,2.65676e-01,9.83141e-02,7.58735e+04,nan,nan,nan,nan,1,1.13036e+00,1.13036e+00,5.00000e-03,5.00000e-03
8.91614e-02,8.48072e-01,5.18514e-02,1.00000e+00,1.00000e-12,1.36496e-06,1.36807e-01,5.12351e-01,3.50842e-01,1.41110e-05,0.00000e+00,0.00000e+00,1.25815e-06,0.00000e+00,0.00000e+00,1.19671e-05,0.00000e+00,0.00000e+00,8.85699e-07,0.00000e+00,0.00000e+00,2.50000e-01,2.79317e-04,2.65678e-01,9.83151e-02,7.57082e+04,nan,nan,nan,nan,1,1.13403e+00,1.13403e+00,5.00000e-03,5.00000e-03
8.91607e-02,8.48072e-01,5.18501e-02,1.00000e+00,1.00000e-12,1.36496e-06,1.36805e-01,5.12352e-01,3.50843e-01,1.41110e-05,0.00000e+00,0.00000e+00,1.25814e-06,0.00000e+00,0.00000e+00,1.19671e-05,0.00000e+00,0.00000e+00,8.85705e-07,0.00000e+00,0.00000e+00,2.50000e-01,2.79317e-04,2.65678e-01,9.83161e-02,7.55429e+04,nan,nan,nan,nan,1,1.13770e+00,1.13770e+00,5.00000e-03,5.00000e-03
8.91601e-02,8.48073e-01,5.18489e-02,1.00000e+00,1.00000e-12,1.36496e-06,1.36803e-01,5.12353e-01,3.50844e-01,1.41110e-05,0.00000e+00,0.00000e+00,1.25813e-06,0.00000e+00,0.00000e+00,1.19672e-05,0.00000e+00,0.00000e+00,8.85711e-07,0.00000e+00,0.00000e+00,2.50000e-01,2.79316e-04,2.65680e-01,9.83170e-02,7.53776e+04,nan,nan,nan,nan,1,1.14137e+00,1.14137e+00,5.00000e-03,5.00000e-03
8.91595e-02,8.48073e-01,5.18477e-02,1.00000e+00,1.00000e-12,1.36495e-06,1.36801e-01,5.12353e-01,3.50845e-01,1.41110e-05,0.00000e+00,0.00000e+00,1.25813e-06,0.00000e+00,0.00000e+00,1.19672e-05,0.00000e+00,0.00000e+00,8.85716e-07,0.00000e+00,0.00000e+00,2.50000e-01,2.79314e-04,2.65680e-01,9.83179e-02,7.52124e+04,nan,nan,nan,nan,1,1.14504e+00,1.14504e+00,5.00000e-03,5.00000e-03
8.91590e-02,8.48073e-01,5.18467e-02,1.00000e+00,1.00000e-12,1.36495e-06,1.36800e-01,5.12354e-01,3.50846e-01,1.41110e-05,0.00000e+00,0.00000e+00,1.25813e-06,0.00000e+00,0.00000e+00,1.19672e-05,0.00000e+00,0.00000e+00,8.85721e-07,0.00000e+00,0.00000e+00,2.50000e-01,2.79314e-04,2.65680e-01,9.83187e-02,7.50470e+04,nan,nan,nan,nan,1,1.14871e+00,1.14871e+00,5.00000e-03,5.00000e-03
8.91585e-02,8.48073e-01,5.18458e-02,1.00000e+00,1.00000e-12,1.36495e-06,1.36799e-01,5.12354e-01,3.50847e-01,1.41110e-05,0.00000e+00,0.00000e+00,1.25812e-06,0.00000e+00,0.00000e+00,1.19672e-05,0.00000e+00,0.00000e+00,8.85724e-07,0.00000e+00,0.00000e+00,2.50000e-01,2.79312e-04,2.65682e-01,9.83193e-02,7.48818e+04,nan,nan,nan,nan,1,1.15238e+00,1.15238e+00,5.00000e-03,5.00000e-03
8.91581e-02,8.48073e-01,5.18451e-02,1.00000e+00,1.00000e-12,1.36494e-06,1.36798e-01,5.12354e-01,3.50848e-01,1.41110e-05,0.00000e+00,0.00000e+00,1.25811e-06,0.00000e+00,0.00000e+00,1.19672e-05,0.00000e+00,0.00000e+00,8.85728e-07,0.00000e+00,0.00000e+00,2.50000e-01,2.79312e-04,2.65682e-01,9.83199e-02,7.47165e+04,nan,nan,nan,nan,1,1.15605e+00,1.15605e+00,5.00000e-03,5.00000e-03
8.91578e-02,8.48073e-01,5.18444e-02,1.00000e+00,1.00000e-12,1.36494e-06,1.36797e-01,5.12355e-01,3.50848e-01,1.41110e-05,0.00000e+00,0.00000e+00,1.25811e-06,0.00000e+00,0.00000e+00,1.19672e-05,0.00000e+00,0.00000e+00,8.85731e-07,0.00000e+00,0.00000e+00,2.50000e-01,2.79311e-04,2.65682e-01,9.83204e-02,7.45511e+04,nan,nan,nan,nan,1,1.15972e+00,1.15972e+00,5.00000e-03,5.00000e-03
8.91575e-02,8.48073e-01,5.18437e-02,1.00000e+00,1.00000e-12,1.36494e-06,1.36796e-01,5.12356e-01,3.50849e-01,1.41110e-05,0.00000e+00,0.00000e+00,1.25810e-06,0.00000e+00,0.00000e+00,1.19672e-05,0.00000e+00,0.00000e+00,8.85734e-07,0.00000e+00,0.00000e+00,2.50000e-01,2.79311e-04,2.65683e-01,9.83208e-02,7.43858e+04,nan,nan,nan,nan,1,1.16339e+00,1.16339e+00,5.00000e-03,5.00000e-03
8.91571e-02,8.48073e-01,5.18430e-02,1.00000e+00,1.00000e-12,1.36494e-06,1.36794e-01,5.12356e-01,3.50850e-01,1.41110e-05,0.00000e+00,0.00000e+00,1.25810e-06,0.00000e+00,0.00000e+00,1.19672e-05,0.00000e+00,0.00000e+00,8.85738e-07,0.00000e+00,0.00000e+00,2.50000e-01,2.79311e-04,2.65684e-01,9.83214e-02,7.42205e+04,nan,nan,nan,nan,1,1.16706e+00,1.16706e+00,5.00000e-03,5.00000e-03
8.91568e-02,8.48074e-01,5.18422e-02,1.00000e+00,1.00000e-12,1.36493e-06,1.36793e-01,5.12356e-01,3.50851e-01,1.41110e-05,0.00000e+00,0.00000e+00,1.25809e-06,0.00000e+00,0.00000e+00,1.19672e-05,0.00000e+00,0.00000e+00,8.85741e-07,0.00000e+00,0.00000e+00,2.50000e-01,2.79309e-04,2.65684e-01,9.83220e-02,7.40551e+04,nan,nan,nan,nan,1,1.17073e+00,1.17073e+00,5.00000e-03,5.00000e-03
8.91564e-02,8.48074e-01,5.18414e-02,1.00000e+00,1.00000e-12,1.36493e-06,1.36791e-01,5.12357e-01,3.50852e-01,1.41110e-05,0.00000e+00,0.00000e+00,1.25809e-06,0.00000e+00,0.00000e+00,1.19672e-05,0.00000e+00,0.00000e+00,8.85745e-07,0.00000e+00,0.00000e+00,2.50000e-01,2.79309e-04,2.65684e-01,9.83226e-02,7.38899e+04,nan,nan,nan,nan,1,1.17440e+00,1.17440e+00,5.00000e-03,5.00000e-03
8.91560e-02,8.48074e-01,5.18407e-02,1.00000e+00,1.00000e-12,1.36493e-06,1.36790e-01,5.12357e-01,3.50853e-01,1.41110e-05,0.00000e+00,0.00000e+00,1.25808e-06,0.00000e+00,0.00000e+00,1.19672e-05,0.00000e+00,0.00000e+00,8.85748e-07,0.00000e+00,0.00000e+00,2.50000e-01,2.79309e-04,2.65685e-01,9.83232e-02,7.37245e+04,nan,nan,nan,nan,1,1.17807e+00,1.17807e+00,5.00000e-03,5.00000e-03
8.91556e-02,8.48074e-01,5.18400e-02,1.00000e+00,1.00000e-12,1.36493e-06,1.36790e-01,5.12357e-01,3.50853e-01,1.41110e-05,0.00000e+00,0.00000e+00,1.25808e-06,0.00000e+00,0.00000e+00,1.19672e-05,0.00000e+00,0.00000e+00,8.85751e-07,0.00000e+00,0.00000e+00,2.50000e-01,2.79308e-04,2.65685e-01,9.83237e-02,7.35592e+04,nan,nan,nan,nan,1,1.18174e+00,1.18174e+00,5.00000e-03,5.00000e-03
8.91553e-02,8.48074e-01,5.18393e-02,1.00000e+00,1.00000e-12,1.36492e-06,1.36789e-01,5.12358e-01,3.50853e-01,1.41110e-05,0.00000e+00,0.00000e+00,1.25807e-06,0.00000e+00,0.00000e+00,1.19672e-05,0.00000e+00,0.00000e+00,8.85755e-07,0.00000e+00,0.00000e+00,2.50000e-01,2.79307e-04,2.65686e-01,9.83242e-02,7.33940e+04,nan,nan,nan,nan,1,1.18541e+00,1.18541e+00,5.00000e-03,5.00000e-03
8.91550e-02,8.48074e-01,5.18388e-02,1.00000e+00,1.00000e-12,1.36492e-06,1.36788e-01,5.12358e-01,3.50854e-01,1.41110e-05,0.00000e+00,0.00000e+00,1.25807e-06,0.00000e+00,0.00000e+00,1.19672e-05,0.00000e+00,0.00000e+00,8.85757e-07,0.00000e+00,0.00000e+00,2.50000e-01,2.79306e-04,2.65687e-01,9.83246e-02,7.32286e+04,nan,nan,nan,nan,1,1.18908e+00,1.18908e+00,5.00000e-03,5.00000e-03
8.91548e-02,8.48074e-01,5.18384e-02,1.00000e+00,1.00000e-12,1.36492e-06,1.36787e-01,5.12358e-01,3.50855e-01,1.41110e-05,0.00000e+00,0.00000e+00,1.25807e-06,0.00000e+00,0.00000e+00,1.19672e-05,0.00000e+00,0.00000e+00,8.85758e-07,0.00000e+00,0.00000e+00,2.50000e-01,2.79306e-04,2.65687e-01,9.83249e-02,7.30634e+04,nan,nan,nan,nan,1,1.19275e+00,1.19275e+00,5.00000e-03,5.00000e-03
8.91546e-02,8.48074e-01,5.18380e-02,1.00000e+00,1.00000e-12,1.36492e-06,1.36787e-01,5.12359e-01,3.50854e-01,1.41110e-05,0.00000e+00,0.00000e+00,1.25806e-06,0.00000e+00,0.00000e+00,1.19672e-05,0.00000e+00,0.00000e+00,8.85760e-07,0.00000e+00,0.00000e+00,2.50000e-01,2.79306e-04,2.65687e-01,9.83251e-02,7.28980e+04,nan,nan,nan,nan,1,1.19642e+00,1.19642e+00,5.00000e-03,5.00000e-03
8.91544e-02,8.48075e-01,5.18376e-02,1.00000e+00,1.00000e-12,1.36492e-06,1.36786e-01,5.12359e-01,3.50855e-01,1.41110e-05,0.00000e+00,0.00000e+00,1.25806e-06,0.00000e+00,0.00000e+00,1.19672e-05,0.00000e+00,0.00000e+00,8.85762e-07,0.00000e+00,0.00000e+00,2.50000e-01,2.79306e-04,2.65687e-01,9.83255e-02,7.27328e+04,nan,nan,nan,nan,1,1.20009e+00,1.20009e+00,5.00000e-03,5.00000e-03
8.91542e-02,8.48075e-01,5.18372e-02,1.00000e+00,1.00000e-12,1.36492e-06,1.36786e-01,5.12359e-01,3.50855e-01,1.41110e-05,0.00000e+00,0.00000e+00,1.25806e-06,0.00000e+00,0.00000e+00,1.19672e-05,0.00000e+00,0.00000e+00,8.85764e-07,0.00000e+00,0.00000e+00,2.50000e-01,2.79305e-04,2.65687e-01,9.83258e-02,7.25675e+04,nan,nan,nan,nan,1,1.20376e+00,1.20376e+00,5.00000e-03,5.00000e-03
8.91540e-02,8.48075e-01,5.18367e-02,1.00000e+00,1.00000e-12,1.36492e-06,1.36784e-01,5.12359e-01,3.50856e-01,1.41110e-05,0.00000e+00,0.00000e+00,1.25805e-06,0.00000e+00,0.00000e+00,1.19672e-05,0.00000e+00,0.00000e+00,8.85766e-07,0.00000e+00,0.00000e+00,2.50000e-01,2.79305e-04,2.65688e-01,9.83261e-02,7.24021e+04,nan,nan,nan,nan,1,1.20743e+00,1.20743e+00,5.00000e-03,5.00000e-03
8.91537e-02,8.48075e-01,5.18362e-02,1.00000e+00,1.00000e-12,1.36491e-06,1.36783e-01,5.12360e-01,3.50857e-01,1.41110e-05,0.00000e+00,0.00000e+00,1.25805e-06,0.00000e+00,0.00000e+00,1.19672e-05,0.00000e+00,0.00000e+00,8.85769e-07,0.00000e+00,0.00000e+00,2.50000e-01,2.79305e-04,2.65688e-01,9.83265e-02,7.22369e+04,nan,nan,nan,nan,1,1.21110e+00,1.21110e+00,5.00000e-03,5.00000e-03
8.91535e-02,8.48075e-01,5.18356e-02,1.00000e+00,1.00000e-12,1.36491e-06,1.36783e-01,5.12360e-01,3.50857e-01,1.41110e-05,0.00000e+00,0.00000e+00,1.25805e-06,0.00000e+00,0.00000e+00,1.19672e-05,0.00000e+00,0.00000e+00,8.85771e-07,0.00000e+00,0.00000e+00,2.50000e-01,2.79304e-04,2.65689e-01,9.83270e-02,7.20715e+04,nan,nan,nan,nan,1,1.21477e+00,1.21477e+00,5.00000e-03,5.00000e-03
8.91532e-02,8.48075e-01,5.18350e-02,1.00000e+00,1.00000e-12,1.36491e-06,1.36782e-01,5.12360e-01,3.50858e-01,1.41110e-05,0.00000e+00,0.00000e+00,1.25804e-06,0.00000e+00,0.00000e+00,1.19672e-05,0.00000e+00,0.00000e+00,8.85774e-07,0.00000e+00,0.00000e+00,2.50000e-01,2.79303e-04,2.65689e-01,9.83274e-02,7.19062e+04,nan,nan,nan,nan,1,1.21844e+00,1.21844e+00,5.00000e-03,5.00000e-03
8.91530e-02,8.48075e-01,5.18346e-02,1.00000e+00,1.00000e-12,1.36491e-06,1.36781e-01,5.12361e-01,3.50858e-01,1.41110e-05,0.00000e+00,0.00000e+00,1.25804e-06,0.00000e+00,0.00000e+00,1.19672e-05,0.00000e+00,0.00000e+00,8.85776e-07,0.00000e+00,0.00000e+00,2.50000e-01,2.79303e-04,2.65689e-01,9.83277e-02,7.17409e+04,nan,nan,nan,nan,1,1.22211e+00,1.22211e+00,5.00000e-03,5.00000e-03
8.91528e-02,8.48075e-01,5.18342e-02,1.00000e+00,1.00000e-12,1.36491e-06,1.36781e-01,5.12361e-01,3.50858e-01,1.41110e-05,0.00000e+00,0.00000e+00,1.25804e-06,0.00000e+00,0.00000e+00,1.19672e-05,0.00000e+00,0.00000e+00,8.85778e-07,0.00000e+00,0.00000e+00,2.50000e-01,2.79303e-04,2.65690e-01,9.83280e-02,7.15755e+04,nan,nan,nan,nan,1,1.22578e+00,1.22578e+00,5.00000e-03,5.00000e-03
8.91526e-02,8.48075e-01,5.18339e-02,1.00000e+00,1.00000e-12,1.36491e-06,1.36781e-01,5.12361e-01,3.50859e-01,1.41110e-05,0.00000e+00,0.00000e+00,1.25803e-06,0.00000e+00,0.00000e+00,1.19672e-05,0.00000e+00,0.00000e+00,8.85779e-07,0.00000e+00,0.00000e+00,2.50000e-01,2.79303e-04,2.65690e-01,9.83282e-02,7.14102e+04,nan,nan,nan,nan,1,1.22945e+00,1.22945e+00,5.00000e-03,5.00000e-03
8.91526e-02,8.48075e-01,5.18337e-02,1.00000e+00,1.00000e-12,1.36491e-06,1.36780e-01,5.12361e-01,3.50859e-01,1.41110e-05,0.00000e+00,0.00000e+00,1.25803e-06,0.00000e+00,0.00000e+00,1.19672e-05,0.00000e+00,0.00000e+00,8.85780e-07,0.00000e+00,0.00000e+00,2.50000e-01,2.79302e-04,2.65690e-01,9.83284e-02,7.12449e+04,nan,nan,nan,nan,1,1.23312e+00,1.23312e+00,5.00000e-03,5.00000e-03
8.91524e-02,8.48075e-01,5.18335e-02,1.00000e+00,1.00000e-12,1.36491e-06,1.36780e-01,5.12361e-01,3.50860e-01,1.41110e-05,0.00000e+00,0.00000e+00,1.25803e-06,0.00000e+00,0.00000e+00,1.19672e-05,0.00000e+00,0.00000e+00,8.85782e-07,0.00000e+00,0.00000e+00,2.50000e-01,2.79302e-04,2.65690e-01,9.83286e-02,7.10796e+04,nan,nan,nan,nan,1,1.23679e+00,1.23679e+00,5.00000e-03,5.00000e-03
8.91522e-02,8.48075e-01,5.18331e-02,1.00000e+00,1.00000e-12,1.36490e-06,1.36779e-01,5.12361e-01,3.50860e-01,1.41110e-05,0.00000e+00,0.00000e+00,1.25803e-06,0.00000e+00,0.00000e+00,1.19672e-05,0.00000e+00,0.00000e+00,8.85783e-07,0.00000e+00,0.00000e+00,2.50000e-01,2.79302e-04,2.65691e-01,9.83289e-02,7.09144e+04,nan,nan,nan,nan,1,1.24046e+00,1.24046e+00,5.00000e-03,5.00000e-03
8.91520e-02,8.48075e-01,5.18328e-02,1.00000e+00,1.00000e-12,1.36490e-06,1.36779e-01,5.12362e-01,3.50860e-01,1.41110e-05,0.00000e+00,0.00000e+00,1.25803e-06,0.00000e+00,0.00000e+00,1.19672e-05,0.00000e+00,0.00000e+00,8.85784e-07,0.00000e+00,0.00000e+00,2.50000e-01,2.79301e-04,2.65691e-01,9.83291e-02,7.07490e+04,nan,nan,nan,nan,1,1.24413e+00,1.24413e+00,5.00000e-03,5.00000e-03
8.91518e-02,8.48075e-01,5.18324e-02,1.00000e+00,1.00000e-12,1.36490e-06,1.36778e-01,5.12362e-01,3.50860e-01,1.41110e-05,0.00000e+00,0.00000e+00,1.25802e-06,0.00000e+00,0.00000e+00,1.19672e-05,0.00000e+00,0.00000e+00,8.85786e-07,0.00000e+00,0.00000e+00,2.50000e-01,2.79301e-04,2.65691e-01,9.83294e-02,7.05838e+04,nan,nan,nan,nan,1,1.24780e+00,1.24780e+00,5.00000e-03,5.00000e-03
8.91516e-02,8.48076e-01,5.18320e-02,1.00000e+00,1.00000e-12,1.36490e-06,1.36778e-01,5.12362e-01,3.50860e-01,1.41110e-05,0.00000e+00,0.00000e+00,1.25802e-06,0.00000e+00,0.00000e+00,1.19672e-05,0.00000e+00,0.00000e+00,8.85788e-07,0.00000e+00,0.00000e+00,2.50000e-01,2.79301e-04,2.65691e-01,9.83298e-02,7.04185e+04,nan,nan,nan,nan,1,1.25147e+00,1.25147e+00,5.00000e-03,5.00000e-03
8.91514e-02,8.48076e-01,5.18316e-02,1.00000e+00,1.00000e-12,1.36490e-06,1.36777e-01,5.12362e-01,3.50861e-01,1.41110e-05,0.00000e+00,0.00000e+00,1.25802e-06,0.00000e+00,0.00000e+00,1.19672e-05,0.00000e+00,0.00000e+00,8.85790e-07,0.00000e+00,0.00000e+00,2.50000e-01,2.79300e-04,2.65691e-01,9.83300e-02,7.02531e+04,nan,nan,nan,nan,1,1.25514e+00,1.25514e+00,5.00000e-03,5.00000e-03
8.91512e-02,8.48076e-01,5.18312e-02,1.00000e+00,1.00000e-12,1.36490e-06,1.36777e-01,5.12362e-01,3.50861e-01,1.41110e-05,0.00000e+00,0.00000e+00,1.25801e-06,0.00000e+00,0.00000e+00,1.19672e-05,0.00000e+00,0.00000e+00,8.85791e-07,0.00000e+00,0.00000e+00,2.50000e-01,2.79300e-04,2.65692e-01,9.83303e-02,7.00879e+04,nan,nan,nan,nan,1,1.25881e+00,1.25881e+00,5.00000e-03,5.00000e-03
8.91512e-02,8.48076e-01,5.18310e-02,1.00000e+00,1.00000e-12,1.36490e-06,1.36776e-01,5.12362e-01,3.50862e-01,1.41110e-05,0.00000e+00,0.00000e+00,1.25801e-06,0.00000e+00,0.00000e+00,1.19672e-05,0.00000e+00,0.00000e+00,8.85792e-07,0.00000e+00,0.00000e+00,2.50000e-01,2.79300e-04,2.65692e-01,9.83305e-02,6.99225e+04,nan,nan,nan,nan,1,1.26248e+00,1.26248e+00,5.00000e-03,5.00000e-03
8.91510e-02,8.48076e-01,5.18308e-02,1.00000e+00,1.00000e-12,1.36490e-06,1.36775e-01,5.12363e-01,3.50861e-01,1.41110e-05,0.00000e+00,0.00000e+00,1.25801e-06,0.00000e+00,0.00000e+00,1.19672e-05,0.00000e+00,0.00000e+00,8.85793e-07,0.00000e+00,0.00000e+00,2.50000e-01,2.79300e-04,2.65692e-01,9.83306e-02,6.97572e+04,nan,nan,nan,nan,1,1.26615e+00,1.26615e+00,5.00000e-03,5.00000e-03
8.91510e-02,8.48076e-01,5.18306e-02,1.00000e+00,1.00000e-12,1.36490e-06,1.36775e-01,5.12363e-01,3.50862e-01,1.41110e-05,0.00000e+00,0.00000e+00,1.25801e-06,0.00000e+00,0.00000e+00,1.19672e-05,0.00000e+00,0.00000e+00,8.85795e-07,0.00000e+00,0.00000e+00,2.50000e-01,2.79300e-04,2.65692e-01,9.83308e-02,6.95920e+04,nan,nan,nan,nan,1,1.26982e+00,1.26982e+00,5.00000e-03,5.00000e-03
8.91510e-02,8.48076e-01,5.18304e-02,1.00000e+00,1.00000e-12,1.36490e-06,1.36775e-01,5.12363e-01,3.50862e-01,1.41110e-05,0.00000e+00,0.00000e+00,1.25801e-06,0.00000e+00,0.00000e+00,1.19672e-05,0.00000e+00,0.00000e+00,8.85795e-07,0.00000e+00,0.00000e+00,2.50000e-01,2.79300e-04,2.65692e-01,9.83308e-02,6.94266e+04,nan,nan,nan,nan,1,1.27349e+00,1.27349e+00,5.00000e-03,5.00000e-03
8.91509e-02,8.48076e-01,5.18302e-02,1.00000e+00,1.00000e-12,1.36489e-06,1.36775e-01,5.12363e-01,3.50862e-01,1.41110e-05,0.00000e+00,0.00000e+00,1.25801e-06,0.00000e+00,0.00000e+00,1.19672e-05,0.00000e+00,0.00000e+00,8.85797e-07,0.00000e+00,0.00000e+00,2.50000e-01,2.79300e-04,2.65693e-01,9.83310e-02,6.92614e+04,nan,nan,nan,nan,1,1.27716e+00,1.27716e+00,5.00000e-03,5.00000e-03
8.91507e-02,8.48076e-01,5.18299e-02,1.00000e+00,1.00000e-12,1.36489e-06,1.36774e-01,5.12363e-01,3.50862e-01,1.41110e-05,0.00000e+00,0.00000e+00,1.25800e-06,0.00000e+00,0.00000e+00,1.19672e-05,0.00000e+00,0.00000e+00,8.85797e-07,0.00000e+00,0.00000e+00,2.50000e-01,2.79299e-04,2.65693e-01,9.83312e-02,6.90960e+04,nan,nan,nan,nan,1,1.28083e+00,1.28083e+00,5.00000e-03,5.00000e-03
8.91505e-02,8.48076e-01,5.18297e-02,1.00000e+00,1.00000e-12,1.36489e-06,1.36774e-01,5.12363e-01,3.50863e-01,1.41110e-05,0.00000e+00,0.00000e+00,1.25800e-06,0.00000e+00,0.00000e+00,1.19672e-05,0.00000e+00,0.00000e+00,8.85798e-07,0.00000e+00,0.00000e+00,2.50000e-01,2.79299e-04,2.65693e-01,9.83315e-02,6.89308e+04,nan,nan,nan,nan,1,1.28450e+00,1.28450e+00,5.00000e-03,5.00000e-03
8.91504e-02,8.48076e-01,5.18293e-02,1.00000e+00,1.00000e-12,1.36489e-06,1.36773e-01,5.12363e-01,3.50863e-01,1.41110e-05,0.00000e+00,0.00000e+00,1.25800e-06,0.00000e+00,0.00000e+00,1.19672e-05,0.00000e+00,0.00000e+00,8.85800e-07,0.00000e+00,0.00000e+00,2.50000e-01,2.79299e-04,2.65693e-01,9.83317e-02,6.87655e+04,nan,nan,nan,nan,1,1.28817e+00,1.28817e+00,5.00000e-03,5.00000e-03
8.91502e-02,8.48076e-01,5.18291e-02,1.00000e+00,1.00000e-12,1.36489e-06,1.36773e-01,5.12364e-01,3.50863e-01,1.41110e-05,0.00000e+00,0.00000e+00,1.25800e-06,0.00000e+00,0.00000e+00,1.19672e-05,0.00000e+00,0.00000e+00,8.85802e-07,0.00000e+00,0.00000e+00,2.50000e-01,2.79298e-04,2.65693e-01,9.83319e-02,6.86001e+04,nan,nan,nan,nan,1,1.29184e+00,1.29184e+00,5.00000e-03,5.00000e-03
8.91502e-02,8.48076e-01,5.18288e-02,1.00000e+00,1.00000e-12,1.36489e-06,1.36773e-01,5.12364e-01,3.50863e-01,1.41110e-05,0.00000e+00,0.00000e+00,1.25800e-06,0.00000e+00,0.00000e+00,1.19672e-05,0.00000e+00,0.00000e+00,8.85802e-07,0.00000e+00,0.00000e+00,2.50000e-01,2.79298e-04,2.65693e-01,9.83321e-02,6.84349e+04,nan,nan,nan,nan,1,1.29551e+00,1.29551e+00,5.00000e-03,5.00000e-03
8.91500e-02,8.48076e-01,5.18286e-02,1.00000e+00,1.00000e-12,1.36489e-06,1.36772e-01,5.12364e-01,3.50864e-01,1.41110e-05,0.00000e+00,0.00000e+00,1.25800e-06,0.00000e+00,0.00000e+00,1.19672e-05,0.00000e+00,0.00000e+00,8.85804e-07,0.00000e+00,0.00000e+00,2.50000e-01,2.79298e-04,2.65694e-01,9.83322e-02,6.82695e+04,nan,nan,nan,nan,1,1.29918e+00,1.29918e+00,5.00000e-03,5.00000e-03
8.91500e-02,8.48076e-01,5.18285e-02,1.00000e+00,1.00000e-12,1.36489e-06,1.36772e-01,5.12364e-01,3.50864e-01,1.41110e-05,0.00000e+00,0.00000e+00,1.25799e-06,0.00000e+00,0.00000e+00,1.19672e-05,0.00000e+00,0.00000e+00,8.85804e-07,0.00000e+00,0.00000e+00,2.50000e-01,2.79298e-04,2.65694e-01,9.83324e-02,6.81042e+04,nan,nan,nan,nan,1,1.30285e+00,1.30285e+00,5.00000e-03,5.00000e-03
8.91499e-02,8.48076e-01,5.18284e-02,1.00000e+00,1.00000e-12,1.36489e-06,1.36772e-01,5.12364e-01,3.50864e-01,1.41110e-05,0.00000e+00,0.00000e+00,1.25799e-06,0.00000e+00,0.00000e+00,1.19672e-05,0.00000e+00,0.00000e+00,8.85805e-07,0.00000e+00,0.00000e+00,2.50000e-01,2.79298e-04,2.65694e-01,9.83324e-02,6.79390e+04,nan,nan,nan,nan,1,1.30652e+00,1.30652e+00,5.00000e-03,5.00000e-03
8.91498e-02,8.48076e-01,5.18283e-02,1.00000e+00,1.00000e-12,1.36489e-06,1.36772e-01,5.12364e-01,3.50864e-01,1.41110e-05,0.00000e+00,0.00000e+00,1.25799e-06,0.00000e+00,0.00000e+00,1.19672e-05,0.00000e+00,0.00000e+00,8.85805e-07,0.00000e+00,0.00000e+00,2.50000e-01,2.79298e-04,2.65694e-01,9.83325e-02,6.77736e+04,nan,nan,nan,nan,1,1.31019e+00,1.31019e+00,5.00000e-03,5.00000e-03
8.91498e-02,8.48076e-01,5.18281e-02,1.00000e+00,1.00000e-12,1.36489e-06,1.36772e-01,5.12364e-01,3.50864e-01,1.41110e-05,0.00000e+00,0.00000e+00,1.25799e-06,0.00000e+00,0.00000e+00,1.19672e-05,0.00000e+00,0.00000e+00,8.85805e-07,0.00000e+00,0.00000e+00,2.50000e-01,2.79298e-04,2.65694e-01,9.83327e-02,6.76084e+04,nan,nan,nan,nan,1,1.31386e+00,1.31386e+00,5.00000e-03,5.00000e-03
8.91498e-02,8.48076e-01,5.18279e-02,1.00000e+00,1.00000e-12,1.36489e-06,1.36772e-01,5.12364e-01,3.50865e-01,1.41110e-05,0.00000e+00,0.00000e+00,1.25799e-06,0.00000e+00,0.00000e+00,1.19672e-05,0.00000e+00,0.00000e+00,8.85807e-07,0.00000e+00,0.00000e+00,2.50000e-01,2.79297e-04,2.65694e-01,9.83327e-02,6.74430e+04,nan,nan,nan,nan,1,1.31753e+00,1.31753e+00,5.00000e-03,5.00000e-03
8.91496e-02,8.48076e-01,5.18277e-02,1.00000e+00,1.00000e-12,1.36489e-06,1.36771e-01,5.12364e-01,3.50865e-01,1.41110e-05,0.00000e+00,0.00000e+00,1.25799e-06,0.00000e+00,0.00000e+00,1.19672e-05,0.00000e+00,0.00000e+00,8.85807e-07,0.00000e+00,0.00000e+00,2.50000e-01,2.79297e-04,2.65694e-01,9.83329e-02,6.72778e+04,nan,nan,nan,nan,1,1.32120e+00,1.32120e+00,5.00000e-03,5.00000e-03
8.91495e-02,8.48076e-01,5.18274e-02,1.00000e+00,1.00000e-12,1.36488e-06,1.36771e-01,5.12365e-01,3.50865e-01,1.41110e-05,0.00000e+00,0.00000e+00,1.25799e-06,0.00000e+00,0.00000e+00,1.19672e-05,0.00000e+00,0.00000e+00,8.85809e-07,0.00000e+00,0.00000e+00,2.50000e-01,2.79297e-04,2.65694e-01,9.83331e-02,6.71125e+04,nan,nan,nan,nan,1,1.32487e+00,1.32487e+00,5.00000e-03,5.00000e-03
8.91493e-02,8.48076e-01,5.18272e-02,1.00000e+00,1.00000e-12,1.36488e-06,1.36770e-01,5.12365e-01,3.50865e-01,1.41110e-05,0.00000e+00,0.00000e+00,1.25799e-06,0.00000e+00,0.00000e+00,1.19672e-05,0.00000e+00,0.00000e+00,8.85810e-07,0.00000e+00,0.00000e+00,2.50000e-01,2.79297e-04,2.65695e-01,9.83333e-02,6.69471e+04,nan,nan,nan,nan,1,1.32854e+00,1.32854e+00,5.00000e-03,5.00000e-03
8.91493e-02,8.48076e-01,5.18269e-02,1.00000e+00,1.00000e-12,1.36488e-06,1.36770e-01,5.12365e-01,3.50865e-01,1.41110e-05,0.00000e+00,0.00000e+00,1.25798e-06,0.00000e+00,0.00000e+00,1.19672e-05,0.00000e+00,0.00000e+00,8.85811e-07,0.00000e+00,0.00000e+00,2.50000e-01,2.79297e-04,2.65695e-01,9.83335e-02,6.67818e+04,nan,nan,nan,nan,1,1.33221e+00,1.33221e+00,5.00000e-03,5.00000e-03
8.91492e-02,8.48076e-01,5.18267e-02,1.00000e+00,1.00000e-12,1.36488e-06,1.36770e-01,5.12365e-01,3.50865e-01,1.41110e-05,0.00000e+00,0.00000e+00,1.25798e-06,0.00000e+00,0.00000e+00,1.19672e-05,0.00000e+00,0.00000e+00,8.85812e-07,0.00000e+00,0.00000e+00,2.50000e-01,2.79297e-04,2.65695e-01,9.83336e-02,6.66165e+04,nan,nan,nan,nan,1,1.33588e+00,1.33588e+00,5.00000e-03,5.00000e-03
8.91491e-02,8.48076e-01,5.18266e-02,1.00000e+00,1.00000e-12,1.36488e-06,1.36770e-01,5.12365e-01,3.50866e-01,1.41110e-05,0.00000e+00,0.00000e+00,1.25798e-06,0.00000e+00,0.00000e+00,1.19672e-05,0.00000e+00,0.00000e+00,8.85812e-07,0.00000e+00,0.00000e+00,2.50000e-01,2.79297e-04,2.65695e-01,9.83337e-02,6.64512e+04,nan,nan,nan,nan,1,1.33955e+00,1.33955e+00,5.00000e-03,5.00000e-03
8.91491e-02,8.48076e-01,5.18266e-02,1.00000e+00,1.00000e-12,1.36488e-06,1.36769e-01,5.12365e-01,3.50866e-01,1.41110e-05,0.00000e+00,0.00000e+00,1.25798e-06,0.00000e+00,0.00000e+00,1.19672e-05,0.00000e+00,0.00000e+00,8.85813e-07,0.00000e+00,0.00000e+00,2.50000e-01,2.79297e-04,2.65695e-01,9.83338e-02,6.62860e+04,nan,nan,nan,nan,1,1.34322e+00,1.34322e+00,5.00000e-03,5.00000e-03
8.91491e-02,8.48076e-01,5.18265e-02,1.00000e+00,1.00000e-12,1.36488e-06,1.36769e-01,5.12365e-01,3.50866e-01,1.41110e-05,0.00000e+00,0.00000e+00,1.25798e-06,0.00000e+00,0.00000e+00,1.19672e-05,0.00000e+00,0.00000e+00,8.85813e-07,0.00000e+00,0.00000e+00,2.50000e-01,2.79296e-04,2.65695e-01,9.83339e-02,6.61206e+04,nan,nan,nan,nan,1,1.34689e+00,1.34689e+00,5.00000e-03,5.00000e-03
8.91490e-02,8.48076e-01,5.18264e-02,1.00000e+00,1.00000e-12,1.36488e-06,1.36769e-01,5.12365e-01,3.50866e-01,1.41110e-05,0.00000e+00,0.00000e+00,1.25798e-06,0.00000e+00,0.00000e+00,1.19672e-05,0.00000e+00,0.00000e+00,8.85814e-07,0.00000e+00,0.00000e+00,2.50000e-01,2.79296e-04,2.65695e-01,9.83339e-02,6.59553e+04,nan,nan,nan,nan,1,1.35056e+00,1.35056e+00,5.00000e-03,5.00000e-03
8.91490e-02,8.48076e-01,5.18262e-02,1.00000e+00,1.00000e-12,1.36488e-06,1.36769e-01,5.12365e-01,3.50866e-01,1.41110e-05,0.00000e+00,0.00000e+00,1.25798e-06,0.00000e+00,0.00000e+00,1.19672e-05,0.00000e+00,0.00000e+00,8.85814e-07,0.00000e+00,0.00000e+00,2.50000e-01,2.79296e-04,2.65695e-01,9.83340e-02,6.57900e+04,nan,nan,nan,nan,1,1.35423e+00,1.35423e+00,5.00000e-03,5.00000e-03
8.91488e-02,8.48076e-01,5.18261e-02,1.00000e+00,1.00000e-12,1.36488e-06,1.36769e-01,5.12365e-01,3.50867e-01,1.41110e-05,0.00000e+00,0.00000e+00,1.25798e-06,0.00000e+00,0.00000e+00,1.19672e-05,0.00000e+00,0.00000e+00,8.85815e-07,0.00000e+00,0.00000e+00,2.50000e-01,2.79296e-04,2.65695e-01,9.83341e-02,6.56248e+04,nan,nan,nan,nan,1,1.35790e+00,1.35790e+00,5.00000e-03,5.00000e-03
8.91488e-02,8.48076e-01,5.18259e-02,1.00000e+00,1.00000e-12,1.36488e-06,1.36768e-01,5.12365e-01,3.50867e-01,1.41110e-05,0.00000e+00,0.00000e+00,1.25798e-06,0.00000e+00,0.00000e+00,1.19672e-05,0.00000e+00,0.00000e+00,8.85815e-07,0.00000e+00,0.00000e+00,2.50000e-01,2.79296e-04,2.65696e-01,9.83343e-02,6.54594e+04,nan,nan,nan,nan,1,1.36157e+00,1.36157e+00,5.00000e-03,5.00000e-03
8.91486e-02,8.48076e-01,5.18257e-02,1.00000e+00,1.00000e-12,1.36488e-06,1.36768e-01,5.12365e-01,3.50867e-01,1.41110e-05,0.00000e+00,0.00000e+00,1.25798e-06,0.00000e+00,0.00000e+00,1.19672e-05,0.00000e+00,0.00000e+00,8.85817e-07,0.00000e+00,0.00000e+00,2.50000e-01,2.79296e-04,2.65696e-01,9.83344e-02,6.52941e+04,nan,nan,nan,nan,1,1.36524e+00,1.36524e+00,5.00000e-03,5.00000e-03
8.91486e-02,8.48076e-01,5.18254e-02,1.00000e+00,1.00000e-12,1.36488e-06,1.36768e-01,5.12366e-01,3.50866e-01,1.41110e-05,0.00000e+00,0.00000e+00,1.25798e-06,0.00000e+00,0.00000e+00,1.19672e-05,0.00000e+00,0.00000e+00,8.85817e-07,0.00000e+00,0.00000e+00,2.50000e-01,2.79296e-04,2.65696e-01,9.83346e-02,6.51288e+04,nan,nan,nan,nan,1,1.36891e+00,1.36891e+00,5.00000e-03,5.00000e-03
8.91485e-02,8.48076e-01,5.18253e-02,1.00000e+00,1.00000e-12,1.36488e-06,1.36768e-01,5.12366e-01,3.50866e-01,1.41110e-05,0.00000e+00,0.00000e+00,1.25797e-06,0.00000e+00,0.00000e+00,1.19672e-05,0.00000e+00,0.00000e+00,8.85819e-07,0.00000e+00,0.00000e+00,2.50000e-01,2.79296e-04,2.65696e-01,9.83347e-02,6.49636e+04,nan,nan,nan,nan,1,1.37258e+00,1.37258e+00,5.00000e-03,5.00000e-03
8.91485e-02,8.48076e-01,5.18253e-02,1.00000e+00,1.00000e-12,1.36488e-06,1.36767e-01,5.12366e-01,3.50867e-01,1.41110e-05,0.00000e+00,0.00000e+00,1.25797e-06,0.00000e+00,0.00000e+00,1.19672e-05,0.00000e+00,0.00000e+00,8.85819e-07,0.00000e+00,0.00000e+00,2.50000e-01,2.79295e-04,2.65696e-01,9.83348e-02,6.47982e+04,nan,nan,nan,nan,1,1.37625e+00,1.37625e+00,5.00000e-03,5.00000e-03
8.91485e-02,8.48076e-01,5.18252e-02,1.00000e+00,1.00000e-12,1.36488e-06,1.36767e-01,5.12366e-01,3.50867e-01,1.41110e-05,0.00000e+00,0.00000e+00,1.25797e-06,0.00000e+00,0.00000e+00,1.19672e-05,0.00000e+00,0.00000e+00,8.85819e-07,0.00000e+00,0.00000e+00,2.50000e-01,2.79295e-04,2.65696e-01,9.83348e-02,6.46329e+04,nan,nan,nan,nan,1,1.37992e+00,1.37992e+00,5.00000e-03,5.00000e-03
8.91485e-02,8.48076e-01,5.18252e-02,1.00000e+00,1.00000e-12,1.36488e-06,1.36767e-01,5.12366e-01,3.50867e-01,1.41110e-05,0.00000e+00,0.00000e+00,1.25797e-06,0.00000e+00,0.00000e+00,1.19672e-05,0.00000e+00,0.00000e+00,8.85819e-07,0.00000e+00,0.00000e+00,2.50000e-01,2.79295e-04,2.65696e-01,9.83348e-02,6.44676e+04,nan,nan,nan,nan,1,1.38359e+00,1.38359e+00,5.00000e-03,5.00000e-03
8.91484e-02,8.48076e-01,5.18251e-02,1.00000e+00,1.00000e-12,1.36488e-06,1.36767e-01,5.12366e-01,3.50867e-01,1.41110e-05,0.00000e+00,0.00000e+00,1.25797e-06,0.00000e+00,0.00000e+00,1.19672e-05,0.00000e+00,0.00000e+00,8.85820e-07,0.00000e+00,0.00000e+00,2.50000e-01,2.79295e-04,2.65696e-01,9.83349e-02,6.43023e+04,nan,nan,nan,nan,1,1.38726e+00,1.38726e+00,5.00000e-03,5.00000e-03
8.91484e-02,8.48076e-01,5.18249e-02,1.00000e+00,1.00000e-12,1.36488e-06,1.36767e-01,5.12366e-01,3.50867e-01,1.41110e-05,0.00000e+00,0.00000e+00,1.25797e-06,0.00000e+00,0.00000e+00,1.19672e-05,0.00000e+00,0.00000e+00,8.85820e-07,0.00000e+00,0.00000e+00,2.50000e-01,2.79295e-04,2.65696e-01,9.83350e-02,6.41371e+04,nan,nan,nan,nan,1,1.39093e+00,1.39093e+00,5.00000e-03,5.00000e-03
8.91483e-02,8.48077e-01,5.18248e-02,1.00000e+00,1.00000e-12,1.36488e-06,1.36767e-01,5.12366e-01,3.50867e-01,1.41110e-05,0.00000e+00,0.00000e+00,1.25797e-06,0.00000e+00,0.00000e+00,1.19672e-05,0.00000e+00,0.00000e+00,8.85821e-07,0.00000e+00,0.00000e+00,2.50000e-01,2.79295e-04,2.65696e-01,9.83351e-02,6.39718e+04,nan,nan,nan,nan,1,1.39460e+00,1.39460e+00,5.00000e-03,5.00000e-03
8.91483e-02,8.48077e-01,5.18246e-02,1.00000e+00,1.00000e-12,1.36488e-06,1.36766e-01,5.12366e-01,3.50868e-01,1.41110e-05,0.00000e+00,0.00000e+00,1.25797e-06,0.00000e+00,0.00000e+00,1.19672e-05,0.00000e+00,0.00000e+00,8.85822e-07,0.00000e+00,0.00000e+00,2.50000e-01,2.79295e-04,2.65696e-01,9.83353e-02,6.38064e+04,nan,nan,nan,nan,1,1.39827e+00,1.39827e+00,5.00000e-03,5.00000e-03
8.91481e-02,8.48077e-01,5.18245e-02,1.00000e+00,1.00000e-12,1.36488e-06,1.36766e-01,5.12366e-01,3.50868e-01,1.41110e-05,0.00000e+00,0.00000e+00,1.25797e-06,0.00000e+00,0.00000e+00,1.19672e-05,0.00000e+00,0.00000e+00,8.85822e-07,0.00000e+00,0.00000e+00,2.50000e-01,2.79295e-04,2.65696e-01,9.83353e-02,6.36411e+04,nan,nan,nan,nan,1,1.40194e+00,1.40194e+00,5.00000e-03,5.00000e-03
8.91481e-02,8.48077e-01,5.18243e-02,1.00000e+00,1.00000e-12,1.36487e-06,1.36766e-01,5.12366e-01,3.50868e-01,1.41110e-05,0.00000e+00,0.00000e+00,1.25797e-06,0.00000e+00,0.00000e+00,1.19672e-05,0.00000e+00,0.00000e+00,8.85823e-07,0.00000e+00,0.00000e+00,2.50000e-01,2.79295e-04,2.65697e-01,9.83355e-02,6.34758e+04,nan,nan,nan,nan,1,1.40561e+00,1.40561e+00,5.00000e-03,5.00000e-03
8.91480e-02,8.48077e-01,5.18241e-02,1.00000e+00,1.00000e-12,1.36487e-06,1.36766e-01,5.12366e-01,3.50868e-01,1.41110e-05,0.00000e+00,0.00000e+00,1.25797e-06,0.00000e+00,0.00000e+00,1.19672e-05,0.00000e+00,0.00000e+00,8.85824e-07,0.00000e+00,0.00000e+00,2.50000e-01,2.79295e-04,2.65697e-01,9.83355e-02,6.33105e+04,nan,nan,nan,nan,1,1.40928e+00,1.40928e+00,5.00000e-03,5.00000e-03
8.91480e-02,8.48077e-01,5.18241e-02,1.00000e+00,1.00000e-12,1.36487e-06,1.36766e-01,5.12366e-01,3.50868e-01,1.41110e-05,0.00000e+00,0.00000e+00,1.25797e-06,0.00000e+00,0.00000e+00,1.19672e-05,0.00000e+00,0.00000e+00,8.85824e-07,0.00000e+00,0.00000e+00,2.50000e-01,2.79295e-04,2.65697e-01,9.83356e-02,6.31452e+04,nan,nan,nan,nan,1,1.41295e+00,1.41295e+00,5.00000e-03,5.00000e-03
8.91479e-02,8.48077e-01,5.18240e-02,1.00000e+00,1.00000e-12,1.36487e-06,1.36766e-01,5.12366e-01,3.50868e-01,1.41110e-05,0.00000e+00,0.00000e+00,1.25797e-06,0.00000e+00,0.00000e+00,1.19672e-05,0.00000e+00,0.00000e+00,8.85824e-07,0.00000e+00,0.00000e+00,2.50000e-01,2.79295e-04,2.65697e-01,9.83357e-02,6.29799e+04,nan,nan,nan,nan,1,1.41662e+00,1.41662e+00,5.00000e-03,5.00000e-03
8.91479e-02,8.48077e-01,5.18240e-02,1.00000e+00,1.00000e-12,1.36487e-06,1.36765e-01,5.12366e-01,3.50869e-01,1.41110e-05,0.00000e+00,0.00000e+00,1.25797e-06,0.00000e+00,0.00000e+00,1.19672e-05,0.00000e+00,0.00000e+00,8.85824e-07,0.00000e+00,0.00000e+00,2.50000e-01,2.79295e-04,2.65697e-01,9.83357e-02,6.28146e+04,nan,nan,nan,nan,1,1.42029e+00,1.42029e+00,5.00000e-03,5.00000e-03
8.91479e-02,8.48077e-01,5.18240e-02,1.00000e+00,1.00000e-12,1.36487e-06,1.36765e-01,5.12366e-01,3.50869e-01,1.41110e-05,0.00000e+00,0.00000e+00,1.25797e-06,0.00000e+00,0.00000e+00,1.19672e-05,0.00000e+00,0.00000e+00,8.85825e-07,0.00000e+00,0.00000e+00,2.50000e-01,2.79295e-04,2.65697e-01,9.83358e-02,6.26494e+04,nan,nan,nan,nan,1,1.42396e+00,1.42396e+00,5.00000e-03,5.00000e-03
8.91479e-02,8.48077e-01,5.18239e-02,1.00000e+00,1.00000e-12,1.36487e-06,1.36765e-01,5.12366e-01,3.50869e-01,1.41110e-05,0.00000e+00,0.00000e+00,1.25797e-06,0.00000e+00,0.00000e+00,1.19672e-05,0.00000e+00,0.00000e+00,8.85826e-07,0.00000e+00,0.00000e+00,2.50000e-01,2.79295e-04,2.65697e-01,9.83358e-02,6.24840e+04,nan,nan,nan,nan,1,1.42763e+00,1.42763e+00,5.00000e-03,5.00000e-03
8.91479e-02,8.48077e-01,5.18238e-02,1.00000e+00,1.00000e-12,1.36487e-06,1.36765e-01,5.12366e-01,3.50869e-01,1.41110e-05,0.00000e+00,0.00000e+00,1.25796e-06,0.00000e+00,0.00000e+00,1.19672e-05,0.00000e+00,0.00000e+00,8.85826e-07,0.00000e+00,0.00000e+00,2.50000e-01,2.79295e-04,2.65697e-01,9.83358e-02,6.23188e+04,nan,nan,nan,nan,1,1.43130e+00,1.43130e+00,5.00000e-03,5.00000e-03
8.91478e-02,8.48077e-01,5.18236e-02,1.00000e+00,1.00000e-12,1.36487e-06,1.36765e-01,5.12366e-01,3.50869e-01,1.41110e-05,0.00000e+00,0.00000e+00,1.25796e-06,0.00000e+00,0.00000e+00,1.19672e-05,0.00000e+00,0.00000e+00,8.85827e-07,0.00000e+00,0.00000e+00,2.50000e-01,2.79294e-04,2.65697e-01,9.83360e-02,6.21534e+04,nan,nan,nan,nan,1,1.43497e+00,1.43497e+00,5.00000e-03,5.00000e-03
8.91477e-02,8.48077e-01,5.18234e-02,1.00000e+00,1.00000e-12,1.36487e-06,1.36765e-01,5.12367e-01,3.50868e-01,1.41110e-05,0.00000e+00,0.00000e+00,1.25796e-06,0.00000e+00,0.00000e+00,1.19672e-05,0.00000e+00,0.00000e+00,8.85827e-07,0.00000e+00,0.00000e+00,2.50000e-01,2.79294e-04,2.65697e-01,9.83362e-02,6.19881e+04,nan,nan,nan,nan,1,1.43864e+00,1.43864e+00,5.00000e-03,5.00000e-03
8.91476e-02,8.48077e-01,5.18234e-02,1.00000e+00,1.00000e-12,1.36487e-06,1.36764e-01,5.12367e-01,3.50868e-01,1.41110e-05,0.00000e+00,0.00000e+00,1.25796e-06,0.00000e+00,0.00000e+00,1.19672e-05,0.00000e+00,0.00000e+00,8.85828e-07,0.00000e+00,0.00000e+00,2.50000e-01,2.79294e-04,2.65697e-01,9.83362e-02,6.18229e+04,nan,nan,nan,nan,1,1.44231e+00,1.44231e+00,5.00000e-03,5.00000e-03
8.91476e-02,8.48077e-01,5.18233e-02,1.00000e+00,1.00000e-12,1.36487e-06,1.36764e-01,5.12367e-01,3.50869e-01,1.41110e-05,0.00000e+00,0.00000e+00,1.25796e-06,0.00000e+00,0.00000e+00,1.19672e-05,0.00000e+00,0.00000e+00,8.85828e-07,0.00000e+00,0.00000e+00,2.50000e-01,2.79294e-04,2.65697e-01,9.83363e-02,6.16575e+04,nan,nan,nan,nan,1,1.44598e+00,1.44598e+00,5.00000e-03,5.00000e-03
8.91476e-02,8.48077e-01,5.18232e-02,1.00000e+00,1.00000e-12,1.36487e-06,1.36764e-01,5.12367e-01,3.50869e-01,1.41110e-05,0.00000e+00,0.00000e+00,1.25796e-06,0.00000e+00,0.00000e+00,1.19672e-05,0.00000e+00,0.00000e+00,8.85829e-07,0.00000e+00,0.00000e+00,2.50000e-01,2.79294e-04,2.65697e-01,9.83363e-02,6.14922e+04,nan,nan,nan,nan,1,1.44965e+00,1.44965e+00,5.00000e-03,5.00000e-03
8.91476e-02,8.48077e-01,5.18231e-02,1.00000e+00,1.00000e-12,1.36487e-06,1.36764e-01,5.12367e-01,3.50869e-01,1.41110e-05,0.00000e+00,0.00000e+00,1.25796e-06,0.00000e+00,0.00000e+00,1.19672e-05,0.00000e+00,0.00000e+00,8.85829e-07,0.00000e+00,0.00000e+00,2.50000e-01,2.79294e-04,2.65697e-01,9.83363e-02,6.13269e+04,nan,nan,nan,nan,1,1.45332e+00,1.45332e+00,5.00000e-03,5.00000e-03
8.91476e-02,8.48077e-01,5.18231e-02,1.00000e+00,1.00000e-12,1.36487e-06,1.36764e-01,5.12367e-01,3.50869e-01,1.41110e-05,0.00000e+00,0.00000e+00,1.25796e-06,0.00000e+00,0.00000e+00,1.19672e-05,0.00000e+00,0.00000e+00,8.85829e-07,0.00000e+00,0.00000e+00,2.50000e-01,2.79294e-04,2.65697e-01,9.83364e-02,6.11616e+04,nan,nan,nan,nan,1,1.45699e+00,1.45699e+00,5.00000e-03,5.00000e-03
8.91476e-02,8.48077e-01,5.18231e-02,1.00000e+00,1.00000e-12,1.36487e-06,1.36764e-01,5.12367e-01,3.50869e-01,1.41110e-05,0.00000e+00,0.00000e+00,1.25796e-06,0.00000e+00,0.00000e+00,1.19672e-05,0.00000e+00,0.00000e+00,8.85829e-07,0.00000e+00,0.00000e+00,2.50000e-01,2.79294e-04,2.65697e-01,9.83364e-02,6.09964e+04,nan,nan,nan,nan,1,1.46066e+00,1.46066e+00,5.00000e-03,5.00000e-03
8.91475e-02,8.48077e-01,5.18230e-02,1.00000e+00,1.00000e-12,1.36487e-06,1.36764e-01,5.12367e-01,3.50869e-01,1.41110e-05,0.00000e+00,0.00000e+00,1.25796e-06,0.00000e+00,0.00000e+00,1.19672e-05,0.00000e+00,0.00000e+00,8.85829e-07,0.00000e+00,0.00000e+00,2.50000e-01,2.79294e-04,2.65697e-01,9.83365e-02,6.08310e+04,nan,nan,nan,nan,1,1.46433e+00,1.46433e+00,5.00000e-03,5.00000e-03
8.91475e-02,8.48077e-01,5.18229e-02,1.00000e+00,1.00000e-12,1.36487e-06,1.36764e-01,5.12367e-01,3.50869e-01,1.41110e-05,0.00000e+00,0.00000e+00,1.25796e-06,0.00000e+00,0.00000e+00,1.19672e-05,0.00000e+00,0.00000e+00,8.85829e-07,0.00000e+00,0.00000e+00,2.50000e-01,2.79294e-04,2.65698e-01,9.83365e-02,6.06658e+04,nan,nan,nan,nan,1,1.46800e+00,1.46800e+00,5.00000e-03,5.00000e-03
8.91474e-02,8.48077e-01,5.18228e-02,1.00000e+00,1.00000e-12,1.36487e-06,1.36764e-01,5.12367e-01,3.50869e-01,1.41110e-05,0.00000e+00,0.00000e+00,1.25796e-06,0.00000e+00,0.00000e+00,1.19672e-05,0.00000e+00,0.00000e+00,8.85831e-07,0.00000e+00,0.00000e+00,2.50000e-01,2.79294e-04,2.65698e-01,9.83365e-02,6.05004e+04,nan,nan,nan,nan,1,1.47167e+00,1.47167e+00,5.00000e-03,5.00000e-03
8.91474e-02,8.48077e-01,5.18227e-02,1.00000e+00,1.00000e-12,1.36487e-06,1.36763e-01,5.12367e-01,3.50869e-01,1.41110e-05,0.00000e+00,0.00000e+00,1.25796e-06,0.00000e+00,0.00000e+00,1.19672e-05,0.00000e+00,0.00000e+00,8.85831e-07,0.00000e+00,0.00000e+00,2.50000e-01,2.79294e-04,2.65698e-01,9.83367e-02,6.03351e+04,nan,nan,nan,nan,1,1.47534e+00,1.47534e+00,5.00000e-03,5.00000e-03
8.91474e-02,8.48077e-01,5.18226e-02,1.00000e+00,1.00000e-12,1.36487e-06,1.36763e-01,5.12367e-01,3.50870e-01,1.41110e-05,0.00000e+00,0.00000e+00,1.25796e-06,0.00000e+00,0.00000e+00,1.19672e-05,0.00000e+00,0.00000e+00,8.85832e-07,0.00000e+00,0.00000e+00,2.50000e-01,2.79294e-04,2.65698e-01,9.83367e-02,6.01699e+04,nan,nan,nan,nan,1,1.47901e+00,1.47901e+00,5.00000e-03,5.00000e-03
8.91473e-02,8.48077e-01,5.18225e-02,1.00000e+00,1.00000e-12,1.36487e-06,1.36763e-01,5.12367e-01,3.50870e-01,1.41110e-05,0.00000e+00,0.00000e+00,1.25796e-06,0.00000e+00,0.00000e+00,1.19672e-05,0.00000e+00,0.00000e+00,8.85832e-07,0.00000e+00,0.00000e+00,2.50000e-01,2.79294e-04,2.65698e-01,9.83369e-02,6.00045e+04,nan,nan,nan,nan,1,1.48268e+00,1.48268e+00,5.00000e-03,5.00000e-03
8.91473e-02,8.48077e-01,5.18224e-02,1.00000e+00,1.00000e-12,1.36487e-06,1.36763e-01,5.12367e-01,3.50870e-01,1.41110e-05,0.00000e+00,0.00000e+00,1.25796e-06,0.00000e+00,0.00000e+00,1.19672e-05,0.00000e+00,0.00000e+00,8.85832e-07,0.00000e+00,0.00000e+00,2.50000e-01,2.79294e-04,2.65698e-01,9.83369e-02,5.98392e+04,nan,nan,nan,nan,1,1.48635e+00,1.48635e+00,5.00000e-03,5.00000e-03
8.91473e-02,8.48077e-01,5.18223e-02,1.00000e+00,1.00000e-12,1.36487e-06,1.36763e-01,5.12367e-01,3.50870e-01,1.41110e-05,0.00000e+00,0.00000e+00,1.25796e-06,0.00000e+00,0.00000e+00,1.19672e-05,0.00000e+00,0.00000e+00,8.85832e-07,0.00000e+00,0.00000e+00,2.50000e-01,2.79294e-04,2.65698e-01,9.83369e-02,5.96739e+04,nan,nan,nan,nan,1,1.49002e+00,1.49002e+00,5.00000e-03,5.00000e-03
8.91473e-02,8.48077e-01,5.18223e-02,1.00000e+00,1.00000e-12,1.36487e-06,1.36763e-01,5.12367e-01,3.50870e-01,1.41110e-05,0.00000e+00,0.00000e+00,1.25796e-06,0.00000e+00,0.00000e+00,1.19672e-05,0.00000e+00,0.00000e+00,8.85832e-07,0.00000e+00,0.00000e+00,2.50000e-01,2.79294e-04,2.65698e-01,9.83369e-02,5.95086e+04,nan,nan,nan,nan,1,1.49369e+00,1.49369e+00,5.00000e-03,5.00000e-03
8.91473e-02,8.48077e-01,5.18223e-02,1.00000e+00,1.00000e-12,1.36487e-06,1.36763e-01,5.12367e-01,3.50870e-01,1.41110e-05,0.00000e+00,0.00000e+00,1.25796e-06,0.00000e+00,0.00000e+00,1.19672e-05,0.00000e+00,0.00000e+00,8.85832e-07,0.00000e+00,0.00000e+00,2.50000e-01,2.79294e-04,2.65698e-01,9.83369e-02,5.93434e+04,nan,nan,nan,nan,1,1.49736e+00,1.49736e+00,5.00000e-03,5.00000e-03
8.91472e-02,8.48077e-01,5.18223e-02,1.00000e+00,1.00000e-12,1.36487e-06,1.36763e-01,5.12367e-01,3.50870e-01,1.41110e-05,0.00000e+00,0.00000e+00,1.25796e-06,0.00000e+00,0.00000e+00,1.19672e-05,0.00000e+00,0.00000e+00,8.85833e-07,0.00000e+00,0.00000e+00,2.50000e-01,2.79294e-04,2.65698e-01,9.83370e-02,5.91780e+04,nan,nan,nan,nan,1,1.50103e+00,1.50103e+00,5.00000e-03,5.00000e-03
8.91472e-02,8.48077e-01,5.18222e-02,1.00000e+00,1.00000e-12,1.36487e-06,1.36763e-01,5.12367e-01,3.50870e-01,1.41110e-05,0.00000e+00,0.00000e+00,1.25796e-06,0.00000e+00,0.00000e+00,1.19672e-05,0.00000e+00,0.00000e+00,8.85833e-07,0.00000e+00,0.00000e+00,2.50000e-01,2.79294e-04,2.65698e-01,9.83370e-02,5.90127e+04,nan,nan,nan,nan,1,1.50470e+00,1.50470e+00,5.00000e-03,5.00000e-03
8.91472e-02,8.48077e-01,5.18221e-02,1.00000e+00,1.00000e-12,1.36487e-06,1.36763e-01,5.12367e-01,3.50870e-01,1.41110e-05,0.00000e+00,0.00000e+00,1.25796e-06,0.00000e+00,0.00000e+00,1.19672e-05,0.00000e+00,0.00000e+00,8.85834e-07,0.00000e+00,0.00000e+00,2.50000e-01,2.79294e-04,2.65698e-01,9.83372e-02,5.88474e+04,nan,nan,nan,nan,1,1.50837e+00,1.50837e+00,5.00000e-03,5.00000e-03
8.91471e-02,8.48077e-01,5.18220e-02,1.00000e+00,1.00000e-12,1.36487e-06,1.36763e-01,5.12367e-01,3.50870e-01,1.41110e-05,0.00000e+00,0.00000e+00,1.25795e-06,0.00000e+00,0.00000e+00,1.19672e-05,0.00000e+00,0.00000e+00,8.85834e-07,0.00000e+00,0.00000e+00,2.50000e-01,2.79293e-04,2.65698e-01,9.83372e-02,5.86821e+04,nan,nan,nan,nan,1,1.51204e+00,1.51204e+00,5.00000e-03,5.00000e-03
8.91471e-02,8.48077e-01,5.18219e-02,1.00000e+00,1.00000e-12,1.36487e-06,1.36762e-01,5.12367e-01,3.50870e-01,1.41110e-05,0.00000e+00,0.00000e+00,1.25795e-06,0.00000e+00,0.00000e+00,1.19672e-05,0.00000e+00,0.00000e+00,8.85834e-07,0.00000e+00,0.00000e+00,2.50000e-01,2.79293e-04,2.65698e-01,9.83372e-02,5.85169e+04,nan,nan,nan,nan,1,1.51571e+00,1.51571e+00,5.00000e-03,5.00000e-03
8.91471e-02,8.48077e-01,5.18218e-02,1.00000e+00,1.00000e-12,1.36487e-06,1.36762e-01,5.12367e-01,3.50871e-01,1.41110e-05,0.00000e+00,0.00000e+00,1.25795e-06,0.00000e+00,0.00000e+00,1.19672e-05,0.00000e+00,0.00000e+00,8.85835e-07,0.00000e+00,0.00000e+00,2.50000e-01,2.79293e-04,2.65698e-01,9.83374e-02,5.83516e+04,nan,nan,nan,nan,1,1.51938e+00,1.51938e+00,5.00000e-03,5.00000e-03
8.91470e-02,8.48077e-01,5.18217e-02,1.00000e+00,1.00000e-12,1.36487e-06,1.36762e-01,5.12367e-01,3.50871e-01,1.41110e-05,0.00000e+00,0.00000e+00,1.25795e-06,0.00000e+00,0.00000e+00,1.19672e-05,0.00000e+00,0.00000e+00,8.85835e-07,0.00000e+00,0.00000e+00,2.50000e-01,2.79293e-04,2.65698e-01,9.83374e-02,5.81862e+04,nan,nan,nan,nan,1,1.52305e+00,1.52305e+00,5.00000e-03,5.00000e-03
8.91470e-02,8.48077e-01,5.18217e-02,1.00000e+00,1.00000e-12,1.36487e-06,1.36762e-01,5.12367e-01,3.50871e-01,1.41110e-05,0.00000e+00,0.00000e+00,1.25795e-06,0.00000e+00,0.00000e+00,1.19672e-05,0.00000e+00,0.00000e+00,8.85835e-07,0.00000e+00,0.00000e+00,2.50000e-01,2.79293e-04,2.65698e-01,9.83374e-02,5.80209e+04,nan,nan,nan,nan,1,1.52672e+00,1.52672e+00,5.00000e-03,5.00000e-03
8.91470e-02,8.48077e-01,5.18217e-02,1.00000e+00,1.00000e-12,1.36487e-06,1.36762e-01,5.12367e-01,3.50871e-01,1.41110e-05,0.00000e+00,0.00000e+00,1.25795e-06,0.00000e+00,0.00000e+00,1.19672e-05,0.00000e+00,0.00000e+00,8.85835e-07,0.00000e+00,0.00000e+00,2.50000e-01,2.79293e-04,2.65698e-01,9.83374e-02,5.78556e+04,nan,nan,nan,nan,1,1.53039e+00,1.53039e+00,5.00000e-03,5.00000e-03
8.91470e-02,8.48077e-01,5.18217e-02,1.00000e+00,1.00000e-12,1.36487e-06,1.36762e-01,5.12367e-01,3.50871e-01,1.41110e-05,0.00000e+00,0.00000e+00,1.25795e-06,0.00000e+00,0.00000e+00,1.19672e-05,0.00000e+00,0.00000e+00,8.85836e-07,0.00000e+00,0.00000e+00,2.50000e-01,2.79293e-04,2.65698e-01,9.83374e-02,5.76904e+04,nan,nan,nan,nan,1,1.53406e+00,1.53406e+00,5.00000e-03,5.00000e-03
8.91470e-02,8.48077e-01,5.18216e-02,1.00000e+00,1.00000e-12,1.36487e-06,1.36762e-01,5.12367e-01,3.50871e-01,1.41110e-05,0.00000e+00,0.00000e+00,1.25795e-06,0.00000e+00,0.00000e+00,1.19672e-05,0.00000e+00,0.00000e+00,8.85836e-07,0.00000e+00,0.00000e+00,2.50000e-01,2.79293e-04,2.65698e-01,9.83374e-02,5.75251e+04,nan,nan,nan,nan,1,1.53773e+00,1.53773e+00,5.00000e-03,5.00000e-03
8.91470e-02,8.48077e-01,5.18215e-02,1.00000e+00,1.00000e-12,1.36487e-06,1.36762e-01,5.12367e-01,3.50871e-01,1.41110e-05,0.00000e+00,0.00000e+00,1.25795e-06,0.00000e+00,0.00000e+00,1.19672e-05,0.00000e+00,0.00000e+00,8.85836e-07,0.00000e+00,0.00000e+00,2.50000e-01,2.79293e-04,2.65698e-01,9.83376e-02,5.73597e+04,nan,nan,nan,nan,1,1.54140e+00,1.54140e+00,5.00000e-03,5.00000e-03
8.91469e-02,8.48077e-01,5.18215e-02,1.00000e+00,1.00000e-12,1.36487e-06,1.36762e-01,5.12367e-01,3.50871e-01,1.41110e-05,0.00000e+00,0.00000e+00,1.25795e-06,0.00000e+00,0.00000e+00,1.19672e-05,0.00000e+00,0.00000e+00,8.85837e-07,0.00000e+00,0.00000e+00,2.50000e-01,2.79293e-04,2.65698e-01,9.83376e-02,5.71944e+04,nan,nan,nan,nan,1,1.54507e+00,1.54507e+00,5.00000e-03,5.00000e-03
8.91469e-02,8.48077e-01,5.18214e-02,1.00000e+00,1.00000e-12,1.36487e-06,1.36762e-01,5.12368e-01,3.50870e-01,1.41110e-05,0.00000e+00,0.00000e+00,1.25795e-06,0.00000e+00,0.00000e+00,1.19672e-05,0.00000e+00,0.00000e+00,8.85837e-07,0.00000e+00,0.00000e+00,2.50000e-01,2.79293e-04,2.65698e-01,9.83377e-02,5.70291e+04,nan,nan,nan,nan,1,1.54874e+00,1.54874e+00,5.00000e-03,5.00000e-03
8.91469e-02,8.48077e-01,5.18213e-02,1.00000e+00,1.00000e-12,1.36487e-06,1.36762e-01,5.12368e-01,3.50870e-01,1.41110e-05,0.00000e+00,0.00000e+00,1.25795e-06,0.00000e+00,0.00000e+00,1.19672e-05,0.00000e+00,0.00000e+00,8.85837e-07,0.00000e+00,0.00000e+00,2.50000e-01,2.79293e-04,2.65698e-01,9.83377e-02,5.68639e+04,nan,nan,nan,nan,1,1.55241e+00,1.55241e+00,5.00000e-03,5.00000e-03
8.91469e-02,8.48077e-01,5.18213e-02,1.00000e+00,1.00000e-12,1.36487e-06,1.36762e-01,5.12368e-01,3.50870e-01,1.41110e-05,0.00000e+00,0.00000e+00,1.25795e-06,0.00000e+00,0.00000e+00,1.19672e-05,0.00000e+00,0.00000e+00,8.85838e-07,0.00000e+00,0.00000e+00,2.50000e-01,2.79293e-04,2.65699e-01,9.83378e-02,5.66986e+04,nan,nan,nan,nan,1,1.55608e+00,1.55608e+00,5.00000e-03,5.00000e-03
8.91468e-02,8.48077e-01,5.18212e-02,1.00000e+00,1.00000e-12,1.36487e-06,1.36761e-01,5.12368e-01,3.50871e-01,1.41110e-05,0.00000e+00,0.00000e+00,1.25795e-06,0.00000e+00,0.00000e+00,1.19672e-05,0.00000e+00,0.00000e+00,8.85838e-07,0.00000e+00,0.00000e+00,2.50000e-01,2.79293e-04,2.65699e-01,9.83378e-02,5.65332e+04,nan,nan,nan,nan,1,1.55975e+00,1.55975e+00,5.00000e-03,5.00000e-03
8.91468e-02,8.48077e-01,5.18211e-02,1.00000e+00,1.00000e-12,1.36487e-06,1.36761e-01,5.12368e-01,3.50871e-01,1.41110e-05,0.00000e+00,0.00000e+00,1.25795e-06,0.00000e+00,0.00000e+00,1.19672e-05,0.00000e+00,0.00000e+00,8.85838e-07,0.00000e+00,0.00000e+00,2.50000e-01,2.79293e-04,2.65699e-01,9.83378e-02,5.63679e+04,nan,nan,nan,nan,1,1.56342e+00,1.56342e+00,5.00000e-03,5.00000e-03
8.91468e-02,8.48077e-01,5.18211e-02,1.00000e+00,1.00000e-12,1.36487e-06,1.36761e-01,5.12368e-01,3.50871e-01,1.41110e-05,0.00000e+00,0.00000e+00,1.25795e-06,0.00000e+00,0.00000e+00,1.19672e-05,0.00000e+00,0.00000e+00,8.85838e-07,0.00000e+00,0.00000e+00,2.50000e-01,2.79293e-04,2.65699e-01,9.83378e-02,5.62026e+04,nan,nan,nan,nan,1,1.56709e+00,1.56709e+00,5.00000e-03,5.00000e-03
8.91468e-02,8.48077e-01,5.18211e-02,1.00000e+00,1.00000e-12,1.36487e-06,1.36761e-01,5.12368e-01,3.50871e-01,1.41110e-05,0.00000e+00,0.00000e+00,1.25795e-06,0.00000e+00,0.00000e+00,1.19672e-05,0.00000e+00,0.00000e+00,8.85838e-07,0.00000e+00,0.00000e+00,2.50000e-01,2.79293e-04,2.65699e-01,9.83379e-02,5.60374e+04,nan,nan,nan,nan,1,1.57076e+00,1.57076e+00,5.00000e-03,5.00000e-03
8.91468e-02,8.48077e-01,5.18211e-02,1.00000e+00,1.00000e-12,1.36487e-06,1.36761e-01,5.12368e-01,3.50871e-01,1.41110e-05,0.00000e+00,0.00000e+00,1.25795e-06,0.00000e+00,0.00000e+00,1.19672e-05,0.00000e+00,0.00000e+00,8.85838e-07,0.00000e+00,0.00000e+00,2.50000e-01,2.79293e-04,2.65699e-01,9.83379e-02,5.58721e+04,nan,nan,nan,nan,1,1.57443e+00,1.57443e+00,5.00000e-03,5.00000e-03
8.91468e-02,8.48077e-01,5.18210e-02,1.00000e+00,1.00000e-12,1.36487e-06,1.36761e-01,5.12368e-01,3.50871e-01,1.41110e-05,0.00000e+00,0.00000e+00,1.25795e-06,0.00000e+00,0.00000e+00,1.19672e-05,0.00000e+00,0.00000e+00,8.85839e-07,0.00000e+00,0.00000e+00,2.50000e-01,2.79293e-04,2.65699e-01,9.83379e-02,5.57067e+04,nan,nan,nan,nan,1,1.57810e+00,1.57810e+00,5.00000e-03,5.00000e-03
8.91467e-02,8.48077e-01,5.18209e-02,1.00000e+00,1.00000e-12,1.36486e-06,1.36761e-01,5.12368e-01,3.50871e-01,1.41110e-05,0.00000e+00,0.00000e+00,1.25795e-06,0.00000e+00,0.00000e+00,1.19672e-05,0.00000e+00,0.00000e+00,8.85839e-07,0.00000e+00,0.00000e+00,2.50000e-01,2.79293e-04,2.65699e-01,9.83379e-02,5.55414e+04,nan,nan,nan,nan,1,1.58177e+00,1.58177e+00,5.00000e-03,5.00000e-03
8.91467e-02,8.48077e-01,5.18209e-02,1.00000e+00,1.00000e-12,1.36486e-06,1.36761e-01,5.12368e-01,3.50871e-01,1.41110e-05,0.00000e+00,0.00000e+00,1.25795e-06,0.00000e+00,0.00000e+00,1.19672e-05,0.00000e+00,0.00000e+00,8.85839e-07,0.00000e+00,0.00000e+00,2.50000e-01,2.79293e-04,2.65699e-01,9.83381e-02,5.53761e+04,nan,nan,nan,nan,1,1.58544e+00,1.58544e+00,5.00000e-03,5.00000e-03
8.91467e-02,8.48077e-01,5.18208e-02,1.00000e+00,1.00000e-12,1.36486e-06,1.36761e-01,5.12368e-01,3.50871e-01,1.41110e-05,0.00000e+00,0.00000e+00,1.25795e-06,0.00000e+00,0.00000e+00,1.19672e-05,0.00000e+00,0.00000e+00,8.85840e-07,0.00000e+00,0.00000e+00,2.50000e-01,2.79293e-04,2.65699e-01,9.83381e-02,5.52109e+04,nan,nan,nan,nan,1,1.58911e+00,1.58911e+00,5.00000e-03,5.00000e-03
8.91467e-02,8.48077e-01,5.18207e-02,1.00000e+00,1.00000e-12,1.36486e-06,1.36761e-01,5.12368e-01,3.50871e-01,1.41110e-05,0.00000e+00,0.00000e+00,1.25795e-06,0.00000e+00,0.00000e+00,1.19672e-05,0.00000e+00,0.00000e+00,8.85840e-07,0.00000e+00,0.00000e+00,2.50000e-01,2.79293e-04,2.65699e-01,9.83381e-02,5.50456e+04,nan,nan,nan,nan,1,1.59278e+00,1.59278e+00,5.00000e-03,5.00000e-03
8.91467e-02,8.48077e-01,5.18207e-02,1.00000e+00,1.00000e-12,1.36486e-06,1.36761e-01,5.12368e-01,3.50871e-01,1.41110e-05,0.00000e+00,0.00000e+00,1.25795e-06,0.00000e+00,0.00000e+00,1.19672e-05,0.00000e+00,0.00000e+00,8.85840e-07,0.00000e+00,0.00000e+00,2.50000e-01,2.79293e-04,2.65699e-01,9.83382e-02,5.48802e+04,nan,nan,nan,nan,1,1.59645e+00,1.59645e+00,5.00000e-03,5.00000e-03
8.91467e-02,8.48077e-01,5.18207e-02,1.00000e+00,1.00000e-12,1.36486e-06,1.36761e-01,5.12368e-01,3.50871e-01,1.41110e-05,0.00000e+00,0.00000e+00,1.25795e-06,0.00000e+00,0.00000e+00,1.19672e-05,0.00000e+00,0.00000e+00,8.85840e-07,0.00000e+00,0.00000e+00,2.50000e-01,2.79293e-04,2.65699e-01,9.83382e-02,5.47149e+04,nan,nan,nan,nan,1,1.60012e+00,1.60012e+00,5.00000e-03,5.00000e-03
8.91467e-02,8.48077e-01,5.18207e-02,1.00000e+00,1.00000e-12,1.36486e-06,1.36761e-01,5.12368e-01,3.50871e-01,1.41110e-05,0.00000e+00,0.00000e+00,1.25795e-06,0.00000e+00,0.00000e+00,1.19672e-05,0.00000e+00,0.00000e+00,8.85841e-07,0.00000e+00,0.00000e+00,2.50000e-01,2.79293e-04,2.65699e-01,9.83382e-02,5.45496e+04,nan,nan,nan,nan,1,1.60379e+00,1.60379e+00,5.00000e-03,5.00000e-03
8.91467e-02,8.48077e-01,5.18207e-02,1.00000e+00,1.00000e-12,1.36486e-06,1.36761e-01,5.12368e-01,3.50871e-01,1.41110e-05,0.00000e+00,0.00000e+00,1.25795e-06,0.00000e+00,0.00000e+00,1.19672e-05,0.00000e+00,0.00000e+00,8.85841e-07,0.00000e+00,0.00000e+00,2.50000e-01,2.79293e-04,2.65699e-01,9.83382e-02,5.43844e+04,nan,nan,nan,nan,1,1.60746e+00,1.60746e+00,5.00000e-03,5.00000e-03
8.91467e-02,8.48077e-01,5.18207e-02,1.00000e+00,1.00000e-12,1.36486e-06,1.36761e-01,5.12368e-01,3.50871e-01,1.41110e-05,0.00000e+00,0.00000e+00,1.25795e-06,0.00000e+00,0.00000e+00,1.19672e-05,0.00000e+00,0.00000e+00,8.85841e-07,0.00000e+00,0.00000e+00,2.50000e-01,2.79293e-04,2.65699e-01,9.83382e-02,5.42191e+04,nan,nan,nan,nan,1,1.61113e+00,1.61113e+00,5.00000e-03,5.00000e-03
8.91467e-02,8.48077e-01,5.18206e-02,1.00000e+00,1.00000e-12,1.36486e-06,1.36761e-01,5.12368e-01,3.50871e-01,1.41110e-05,0.00000e+00,0.00000e+00,1.25795e-06,0.00000e+00,0.00000e+00,1.19672e-05,0.00000e+00,0.00000e+00,8.85841e-07,0.00000e+00,0.00000e+00,2.50000e-01,2.79293e-04,2.65699e-01,9.83382e-02,5.40538e+04,nan,nan,nan,nan,1,1.61480e+00,1.61480e+00,5.00000e-03,5.00000e-03
8.91466e-02,8.48077e-01,5.18205e-02,1.00000e+00,1.00000e-12,1.36486e-06,1.36761e-01,5.12368e-01,3.50871e-01,1.41110e-05,0.00000e+00,0.00000e+00,1.25795e-06,0.00000e+00,0.00000e+00,1.19672e-05,0.00000e+00,0.00000e+00,8.85841e-07,0.00000e+00,0.00000e+00,2.50000e-01,2.79293e-04,2.65699e-01,9.83384e-02,5.38884e+04,nan,nan,nan,nan,1,1.61847e+00,1.61847e+00,5.00000e-03,5.00000e-03
8.91466e-02,8.48077e-01,5.18204e-02,1.00000e+00,1.00000e-12,1.36486e-06,1.36760e-01,5.12368e-01,3.50872e-01,1.41110e-05,0.00000e+00,0.00000e+00,1.25795e-06,0.00000e+00,0.00000e+00,1.19672e-05,0.00000e+00,0.00000e+00,8.85841e-07,0.00000e+00,0.00000e+00,2.50000e-01,2.79293e-04,2.65699e-01,9.83384e-02,5.37231e+04,nan,nan,nan,nan,1,1.62214e+00,1.62214e+00,5.00000e-03,5.00000e-03
8.91465e-02,8.48077e-01,5.18203e-02,1.00000e+00,1.00000e-12,1.36486e-06,1.36760e-01,5.12368e-01,3.50872e-01,1.41110e-05,0.00000e+00,0.00000e+00,1.25795e-06,0.00000e+00,0.00000e+00,1.19672e-05,0.00000e+00,0.00000e+00,8.85842e-07,0.00000e+00,0.00000e+00,2.50000e-01,2.79293e-04,2.65699e-01,9.83384e-02,5.35579e+04,nan,nan,nan,nan,1,1.62581e+00,1.62581e+00,5.00000e-03,5.00000e-03
8.91465e-02,8.48077e-01,5.18203e-02,1.00000e+00,1.00000e-12,1.36486e-06,1.36760e-01,5.12368e-01,3.50872e-01,1.41110e-05,0.00000e+00,0.00000e+00,1.25795e-06,0.00000e+00,0.00000e+00,1.19672e-05,0.00000e+00,0.00000e+00,8.85842e-07,0.00000e+00,0.00000e+00,2.50000e-01,2.79293e-04,2.65699e-01,9.83385e-02,5.33926e+04,nan,nan,nan,nan,1,1.62948e+00,1.62948e+00,5.00000e-03,5.00000e-03
8.91465e-02,8.48077e-01,5.18203e-02,1.00000e+00,1.00000e-12,1.36486e-06,1.36760e-01,5.12368e-01,3.50872e-01,1.41110e-05,0.00000e+00,0.00000e+00,1.25795e-06,0.00000e+00,0.00000e+00,1.19672e-05,0.00000e+00,0.00000e+00,8.85842e-07,0.00000e+00,0.00000e+00,2.50000e-01,2.79293e-04,2.65699e-01,9.83385e-02,5.32272e+04,nan,nan,nan,nan,1,1.63315e+00,1.63315e+00,5.00000e-03,5.00000e-03
8.91465e-02,8.48077e-01,5.18202e-02,1.00000e+00,1.00000e-12,1.36486e-06,1.36760e-01,5.12368e-01,3.50872e-01,1.41110e-05,0.00000e+00,0.00000e+00,1.25795e-06,0.00000e+00,0.00000e+00,1.19672e-05,0.00000e+00,0.00000e+00,8.85842e-07,0.00000e+00,0.00000e+00,2.50000e-01,2.79293e-04,2.65699e-01,9.83385e-02,5.30619e+04,nan,nan,nan,nan,1,1.63682e+00,1.63682e+00,5.00000e-03,5.00000e-03
8.91465e-02,8.48077e-01,5.18202e-02,1.00000e+00,1.00000e-12,1.36486e-06,1.36760e-01,5.12368e-01,3.50872e-01,1.41110e-05,0.00000e+00,0.00000e+00,1.25795e-06,0.00000e+00,0.00000e+00,1.19672e-05,0.00000e+00,0.00000e+00,8.85842e-07,0.00000e+00,0.00000e+00,2.50000e-01,2.79293e-04,2.65699e-01,9.83385e-02,5.28966e+04,nan,nan,nan,nan,1,1.64049e+00,1.64049e+00,5.00000e-03,5.00000e-03
8.91465e-02,8.48077e-01,5.18202e-02,1.00000e+00,1.00000e-12,1.36486e-06,1.36760e-01,5.12368e-01,3.50872e-01,1.41110e-05,0.00000e+00,0.00000e+00,1.25795e-06,0.00000e+00,0.00000e+00,1.19672e-05,0.00000e+00,0.00000e+00,8.85842e-07,0.00000e+00,0.00000e+00,2.50000e-01,2.79293e-04,2.65699e-01,9.83385e-02,5.27314e+04,nan,nan,nan,nan,1,1.64416e+00,1.64416e+00,5.00000e-03,5.00000e-03
8.91466e-02,8.48077e-01,5.18202e-02,1.00000e+00,1.00000e-12,1.36486e-06,1.36760e-01,5.12368e-01,3.50872e-01,1.41110e-05,0.00000e+00,0.00000e+00,1.25795e-06,0.00000e+00,0.00000e+00,1.19672e-05,0.00000e+00,0.00000e+00,8.85843e-07,0.00000e+00,0.00000e+00,2.50000e-01,2.79293e-04,2.65699e-01,9.83385e-02,5.25661e+04,nan,nan,nan,nan,1,1.64783e+00,1.64783e+00,5.00000e-03,5.00000e-03
8.91465e-02,8.48077e-01,5.18202e-02,1.00000e+00,1.00000e-12,1.36486e-06,1.36760e-01,5.12368e-01,3.50872e-01,1.41110e-05,0.00000e+00,0.00000e+00,1.25795e-06,0.00000e+00,0.00000e+00,1.19672e-05,0.00000e+00,0.00000e+00,8.85843e-07,0.00000e+00,0.00000e+00,2.50000e-01,2.79293e-04,2.65699e-01,9.83386e-02,5.24008e+04,nan,nan,nan,nan,1,1.65150e+00,1.65150e+00,5.00000e-03,5.00000e-03
8.91465e-02,8.48077e-01,5.18201e-02,1.00000e+00,1.00000e-12,1.36486e-06,1.36760e-01,5.12368e-01,3.50872e-01,1.41110e-05,0.00000e+00,0.00000e+00,1.25795e-06,0.00000e+00,0.00000e+00,1.19672e-05,0.00000e+00,0.00000e+00,8.85844e-07,0.00000e+00,0.00000e+00,2.50000e-01,2.79293e-04,2.65699e-01,9.83386e-02,5.22354e+04,nan,nan,nan,nan,1,1.65517e+00,1.65517e+00,5.00000e-03,5.00000e-03
8.91465e-02,8.48077e-01,5.18200e-02,1.00000e+00,1.00000e-12,1.36486e-06,1.36760e-01,5.12368e-01,3.50872e-01,1.41110e-05,0.00000e+00,0.00000e+00,1.25795e-06,0.00000e+00,0.00000e+00,1.19672e-05,0.00000e+00,0.00000e+00,8.85844e-07,0.00000e+00,0.00000e+00,2.50000e-01,2.79293e-04,2.65699e-01,9.83388e-02,5.20701e+04,nan,nan,nan,nan,1,1.65884e+00,1.65884e+00,5.00000e-03,5.00000e-03
8.91464e-02,8.48077e-01,5.18199e-02,1.00000e+00,1.00000e-12,1.36486e-06,1.36760e-01,5.12368e-01,3.50872e-01,1.41110e-05,0.00000e+00,0.00000e+00,1.25795e-06,0.00000e+00,0.00000e+00,1.19672e-05,0.00000e+00,0.00000e+00,8.85844e-07,0.00000e+00,0.00000e+00,2.50000e-01,2.79292e-04,2.65699e-01,9.83388e-02,5.19049e+04,nan,nan,nan,nan,1,1.66251e+00,1.66251e+00,5.00000e-03,5.00000e-03
8.91464e-02,8.48077e-01,5.18199e-02,1.00000e+00,1.00000e-12,1.36486e-06,1.36760e-01,5.12368e-01,3.50872e-01,1.41110e-05,0.00000e+00,0.00000e+00,1.25795e-06,0.00000e+00,0.00000e+00,1.19672e-05,0.00000e+00,0.00000e+00,8.85844e-07,0.00000e+00,0.00000e+00,2.50000e-01,2.79292e-04,2.65699e-01,9.83388e-02,5.17396e+04,nan,nan,nan,nan,1,1.66618e+00,1.66618e+00,5.00000e-03,5.00000e-03
8.91464e-02,8.48077e-01,5.18199e-02,1.00000e+00,1.00000e-12,1.36486e-06,1.36760e-01,5.12368e-01,3.50872e-01,1.41110e-05,0.00000e+00,0.00000e+00,1.25795e-06,0.00000e+00,0.00000e+00,1.19672e-05,0.00000e+00,0.00000e+00,8.85844e-07,0.00000e+00,0.00000e+00,2.50000e-01,2.79292e-04,2.65699e-01,9.83388e-02,5.15742e+04,nan,nan,nan,nan,1,1.66985e+00,1.66985e+00,5.00000e-03,5.00000e-03
8.91465e-02,8.48077e-01,5.18199e-02,1.00000e+00,1.00000e-12,1.36486e-06,1.36760e-01,5.12368e-01,3.50872e-01,1.41110e-05,0.00000e+00,0.00000e+00,1.25795e-06,0.00000e+00,0.00000e+00,1.19672e-05,0.00000e+00,0.00000e+00,8.85844e-07,0.00000e+00,0.00000e+00,2.50000e-01,2.79293e-04,2.65699e-01,9.83388e-02,5.14089e+04,nan,nan,nan,nan,1,1.67352e+00,1.67352e+00,5.00000e-03,5.00000e-03
8.91465e-02,8.48077e-01,5.18199e-02,1.00000e+00,1.00000e-12,1.36486e-06,1.36760e-01,5.12368e-01,3.50872e-01,1.41110e-05,0.00000e+00,0.00000e+00,1.25795e-06,0.00000e+00,0.00000e+00,1.19672e-05,0.00000e+00,0.00000e+00,8.85844e-07,0.00000e+00,0.00000e+00,2.50000e-01,2.79293e-04,2.65699e-01,9.83388e-02,5.12436e+04,nan,nan,nan,nan,1,1.67719e+00,1.67719e+00,5.00000e-03,5.00000e-03
8.91465e-02,8.48077e-01,5.18199e-02,1.00000e+00,1.00000e-12,1.36486e-06,1.36760e-01,5.12368e-01,3.50872e-01,1.41110e-05,0.00000e+00,0.00000e+00,1.25795e-06,0.00000e+00,0.00000e+00,1.19672e-05,0.00000e+00,0.00000e+00,8.85844e-07,0.00000e+00,0.00000e+00,2.50000e-01,2.79293e-04,2.65699e-01,9.83388e-02,5.10784e+04,nan,nan,nan,nan,1,1.68086e+00,1.68086e+00,5.00000e-03,5.00000e-03
8.91465e-02,8.48077e-01,5.18199e-02,1.00000e+00,1.00000e-12,1.36486e-06,1.36760e-01,5.12368e-01,3.50872e-01,1.41110e-05,0.00000e+00,0.00000e+00,1.25795e-06,0.00000e+00,0.00000e+00,1.19672e-05,0.00000e+00,0.00000e+00,8.85844e-07,0.00000e+00,0.00000e+00,2.50000e-01,2.79293e-04,2.65699e-01,9.83388e-02,5.09131e+04,nan,nan,nan,nan,1,1.68453e+00,1.68453e+00,5.00000e-03,5.00000e-03
8.91465e-02,8.48077e-01,5.18198e-02,1.00000e+00,1.00000e-12,1.36486e-06,1.36760e-01,5.12368e-01,3.50872e-01,1.41110e-05,0.00000e+00,0.00000e+00,1.25795e-06,0.00000e+00,0.00000e+00,1.19672e-05,0.00000e+00,0.00000e+00,8.85844e-07,0.00000e+00,0.00000e+00,2.50000e-01,2.79293e-04,2.65699e-01,9.83388e-02,5.07478e+04,nan,nan,nan,nan,1,1.68820e+00,1.68820e+00,5.00000e-03,5.00000e-03
8.91465e-02,8.48077e-01,5.18197e-02,1.00000e+00,1.00000e-12,1.36486e-06,1.36760e-01,5.12368e-01,3.50872e-01,1.41110e-05,0.00000e+00,0.00000e+00,1.25794e-06,0.00000e+00,0.00000e+00,1.19672e-05,0.00000e+00,0.00000e+00,8.85845e-07,0.00000e+00,0.00000e+00,2.50000e-01,2.79292e-04,2.65699e-01,9.83389e-02,5.05824e+04,nan,nan,nan,nan,1,1.69187e+00,1.69187e+00,5.00000e-03,5.00000e-03
8.91464e-02,8.48077e-01,5.18196e-02,1.00000e+00,1.00000e-12,1.36486e-06,1.36759e-01,5.12368e-01,3.50873e-01,1.41110e-05,0.00000e+00,0.00000e+00,1.25794e-06,0.00000e+00,0.00000e+00,1.19672e-05,0.00000e+00,0.00000e+00,8.85846e-07,0.00000e+00,0.00000e+00,2.50000e-01,2.79292e-04,2.65699e-01,9.83390e-02,5.04171e+04,nan,nan,nan,nan,1,1.69554e+00,1.69554e+00,5.00000e-03,5.00000e-03
8.91464e-02,8.48077e-01,5.18196e-02,1.00000e+00,1.00000e-12,1.36486e-06,1.36759e-01,5.12368e-01,3.50873e-01,1.41110e-05,0.00000e+00,0.00000e+00,1.25794e-06,0.00000e+00,0.00000e+00,1.19672e-05,0.00000e+00,0.00000e+00,8.85846e-07,0.00000e+00,0.00000e+00,2.50000e-01,2.79292e-04,2.65699e-01,9.83391e-02,5.02519e+04,nan,nan,nan,nan,1,1.69921e+00,1.69921e+00,5.00000e-03,5.00000e-03
8.91463e-02,8.48077e-01,5.18195e-02,1.00000e+00,1.00000e-12,1.36486e-06,1.36759e-01,5.12368e-01,3.50873e-01,1.41110e-05,0.00000e+00,0.00000e+00,1.25794e-06,0.00000e+00,0.00000e+00,1.19672e-05,0.00000e+00,0.00000e+00,8.85846e-07,0.00000e+00,0.00000e+00,2.50000e-01,2.79292e-04,2.65699e-01,9.83391e-02,5.00866e+04,nan,nan,nan,nan,1,1.70288e+00,1.70288e+00,5.00000e-03,5.00000e-03
8.91464e-02,8.48077e-01,5.18195e-02,1.00000e+00,1.00000e-12,1.36486e-06,1.36759e-01,5.12368e-01,3.50873e-01,1.41110e-05,0.00000e+00,0.00000e+00,1.25794e-06,0.00000e+00,0.00000e+00,1.19672e-05,0.00000e+00,0.00000e+00,8.85846e-07,0.00000e+00,0.00000e+00,2.50000e-01,2.79292e-04,2.65699e-01,9.83391e-02,4.99212e+04,nan,nan,nan,nan,1,1.70655e+00,1.70655e+00,5.00000e-03,5.00000e-03
8.91464e-02,8.48077e-01,5.18196e-02,1.00000e+00,1.00000e-12,1.36486e-06,1.36759e-01,5.12368e-01,3.50873e-01,1.41110e-05,0.00000e+00,0.00000e+00,1.25794e-06,0.00000e+00,0.00000e+00,1.19672e-05,0.00000e+00,0.00000e+00,8.85846e-07,0.00000e+00,0.00000e+00,2.50000e-01,2.79292e-04,2.65699e-01,9.83391e-02,4.97559e+04,nan,nan,nan,nan,1,1.71022e+00,1.71022e+00,5.00000e-03,5.00000e-03
8.91464e-02,8.48077e-01,5.18196e-02,1.00000e+00,1.00000e-12,1.36486e-06,1.36759e-01,5.12368e-01,3.50873e-01,1.41110e-05,0.00000e+00,0.00000e+00,1.25794e-06,0.00000e+00,0.00000e+00,1.19672e-05,0.00000e+00,0.00000e+00,8.85846e-07,0.00000e+00,0.00000e+00,2.50000e-01,2.79293e-04,2.65699e-01,9.83390e-02,4.95906e+04,nan,nan,nan,nan,1,1.71389e+00,1.71389e+00,5.00000e-03,5.00000e-03
8.91464e-02,8.48077e-01,5.18196e-02,1.00000e+00,1.00000e-12,1.36486e-06,1.36759e-01,5.12368e-01,3.50873e-01,1.41110e-05,0.00000e+00,0.00000e+00,1.25795e-06,0.00000e+00,0.00000e+00,1.19672e-05,0.00000e+00,0.00000e+00,8.85846e-07,0.00000e+00,0.00000e+00,2.50000e-01,2.79293e-04,2.65699e-01,9.83390e-02,4.94254e+04,nan,nan,nan,nan,1,1.71756e+00,1.71756e+00,5.00000e-03,5.00000e-03
8.91464e-02,8.48077e-01,5.18196e-02,1.00000e+00,1.00000e-12,1.36486e-06,1.36759e-01,5.12368e-01,3.50873e-01,1.41110e-05,0.00000e+00,0.00000e+00,1.25795e-06,0.00000e+00,0.00000e+00,1.19672e-05,0.00000e+00,0.00000e+00,8.85846e-07,0.00000e+00,0.00000e+00,2.50000e-01,2.79293e-04,2.65699e-01,9.83390e-02,4.92601e+04,nan,nan,nan,nan,1,1.72123e+00,1.72123e+00,5.00000e-03,5.00000e-03
8.91464e-02,8.48077e-01,5.18196e-02,1.00000e+00,1.00000e-12,1.36486e-06,1.36759e-01,5.12368e-01,3.50873e-01,1.41110e-05,0.00000e+00,0.00000e+00,1.25794e-06,0.00000e+00,0.00000e+00,1.19672e-05,0.00000e+00,0.00000e+00,8.85846e-07,0.00000e+00,0.00000e+00,2.50000e-01,2.79293e-04,2.65699e-01,9.83391e-02,4.90949e+04,nan,nan,nan,nan,1,1.72490e+00,1.72490e+00,5.00000e-03,5.00000e-03
8.91464e-02,8.48077e-01,5.18194e-02,1.00000e+00,1.00000e-12,1.36486e-06,1.36759e-01,5.12368e-01,3.50873e-01,1.41110e-05,0.00000e+00,0.00000e+00,1.25794e-06,0.00000e+00,0.00000e+00,1.19672e-05,0.00000e+00,0.00000e+00,8.85846e-07,0.00000e+00,0.00000e+00,2.50000e-01,2.79292e-04,2.65700e-01,9.83391e-02,4.89296e+04,nan,nan,nan,nan,1,1.72857e+00,1.72857e+00,5.00000e-03,5.00000e-03
8.91463e-02,8.48077e-01,5.18192e-02,1.00000e+00,1.00000e-12,1.36486e-06,1.36759e-01,5.12369e-01,3.50873e-01,1.41110e-05,0.00000e+00,0.00000e+00,1.25794e-06,0.00000e+00,0.00000e+00,1.19672e-05,0.00000e+00,0.00000e+00,8.85847e-07,0.00000e+00,0.00000e+00,2.50000e-01,2.79292e-04,2.65700e-01,9.83393e-02,4.87642e+04,nan,nan,nan,nan,1,1.73224e+00,1.73224e+00,5.00000e-03,5.00000e-03
8.91463e-02,8.48077e-01,5.18192e-02,1.00000e+00,1.00000e-12,1.36486e-06,1.36759e-01,5.12369e-01,3.50872e-01,1.41110e-05,0.00000e+00,0.00000e+00,1.25794e-06,0.00000e+00,0.00000e+00,1.19672e-05,0.00000e+00,0.00000e+00,8.85848e-07,0.00000e+00,0.00000e+00,2.50000e-01,2.79292e-04,2.65700e-01,9.83393e-02,4.85989e+04,nan,nan,nan,nan,1,1.73591e+00,1.73591e+00,5.00000e-03,5.00000e-03
8.91463e-02,8.48077e-01,5.18192e-02,1.00000e+00,1.00000e-12,1.36486e-06,1.36759e-01,5.12369e-01,3.50872e-01,1.41110e-05,0.00000e+00,0.00000e+00,1.25794e-06,0.00000e+00,0.00000e+00,1.19672e-05,0.00000e+00,0.00000e+00,8.85848e-07,0.00000e+00,0.00000e+00,2.50000e-01,2.79292e-04,2.65700e-01,9.83393e-02,4.84336e+04,nan,nan,nan,nan,1,1.73958e+00,1.73958e+00,5.00000e-03,5.00000e-03
8.91463e-02,8.48077e-01,5.18192e-02,1.00000e+00,1.00000e-12,1.36486e-06,1.36759e-01,5.12369e-01,3.50873e-01,1.41110e-05,0.00000e+00,0.00000e+00,1.25794e-06,0.00000e+00,0.00000e+00,1.19672e-05,0.00000e+00,0.00000e+00,8.85848e-07,0.00000e+00,0.00000e+00,2.50000e-01,2.79292e-04,2.65700e-01,9.83393e-02,4.82684e+04,nan,nan,nan,nan,1,1.74325e+00,1.74325e+00,5.00000e-03,5.00000e-03
8.91464e-02,8.48077e-01,5.18192e-02,1.00000e+00,1.00000e-12,1.36486e-06,1.36759e-01,5.12368e-01,3.50873e-01,1.41110e-05,0.00000e+00,0.00000e+00,1.25794e-06,0.00000e+00,0.00000e+00,1.19672e-05,0.00000e+00,0.00000e+00,8.85847e-07,0.00000e+00,0.00000e+00,2.50000e-01,2.79292e-04,2.65700e-01,9.83393e-02,4.81031e+04,nan,nan,nan,nan,1,1.74692e+00,1.74692e+00,5.00000e-03,5.00000e-03
8.91464e-02,8.48077e-01,5.18194e-02,1.00000e+00,1.00000e-12,1.36486e-06,1.36759e-01,5.12368e-01,3.50873e-01,1.41110e-05,0.00000e+00,0.00000e+00,1.25794e-06,0.00000e+00,0.00000e+00,1.19672e-05,0.00000e+00,0.00000e+00,8.85847e-07,0.00000e+00,0.00000e+00,2.50000e-01,2.79293e-04,2.65700e-01,9.83392e-02,4.79377e+04,nan,nan,nan,nan,1,1.75059e+00,1.75059e+00,5.00000e-03,5.00000e-03
8.91464e-02,8.48077e-01,5.18194e-02,1.00000e+00,1.00000e-12,1.36486e-06,1.36759e-01,5.12368e-01,3.50873e-01,1.41110e-05,0.00000e+00,0.00000e+00,1.25794e-06,0.00000e+00,0.00000e+00,1.19672e-05,0.00000e+00,0.00000e+00,8.85847e-07,0.00000e+00,0.00000e+00,2.50000e-01,2.79293e-04,2.65699e-01,9.83392e-02,4.77724e+04,nan,nan,nan,nan,1,1.75426e+00,1.75426e+00,5.00000e-03,5.00000e-03
8.91464e-02,8.48077e-01,5.18194e-02,1.00000e+00,1.00000e-12,1.36486e-06,1.36759e-01,5.12368e-01,3.50873e-01,1.41110e-05,0.00000e+00,0.00000e+00,1.25795e-06,0.00000e+00,0.00000e+00,1.19672e-05,0.00000e+00,0.00000e+00,8.85847e-07,0.00000e+00,0.00000e+00,2.50000e-01,2.79293e-04,2.65699e-01,9.83392e-02,4.76071e+04,nan,nan,nan,nan,1,1.75793e+00,1.75793e+00,5.00000e-03,5.00000e-03
8.91464e-02,8.48077e-01,5.18193e-02,1.00000e+00,1.00000e-12,1.36486e-06,1.36759e-01,5.12368e-01,3.50873e-01,1.41110e-05,0.00000e+00,0.00000e+00,1.25794e-06,0.00000e+00,0.00000e+00,1.19672e-05,0.00000e+00,0.00000e+00,8.85847e-07,0.00000e+00,0.00000e+00,2.50000e-01,2.79293e-04,2.65700e-01,9.83393e-02,4.74419e+04,nan,nan,nan,nan,1,1.76160e+00,1.76160e+00,5.00000e-03,5.00000e-03
8.91462e-02,8.48077e-01,5.18191e-02,1.00000e+00,1.00000e-12,1.36486e-06,1.36759e-01,5.12369e-01,3.50873e-01,1.41110e-05,0.00000e+00,0.00000e+00,1.25794e-06,0.00000e+00,0.00000e+00,1.19672e-05,0.00000e+00,0.00000e+00,8.85849e-07,0.00000e+00,0.00000e+00,2.50000e-01,2.79292e-04,2.65700e-01,9.83394e-02,4.72766e+04,nan,nan,nan,nan,1,1.76527e+00,1.76527e+00,5.00000e-03,5.00000e-03
8.91462e-02,8.48077e-01,5.18189e-02,1.00000e+00,1.00000e-12,1.36486e-06,1.36758e-01,5.12369e-01,3.50873e-01,1.41110e-05,0.00000e+00,0.00000e+00,1.25794e-06,0.00000e+00,0.00000e+00,1.19672e-05,0.00000e+00,0.00000e+00,8.85849e-07,0.00000e+00,0.00000e+00,2.50000e-01,2.79292e-04,2.65700e-01,9.83396e-02,4.71112e+04,nan,nan,nan,nan,1,1.76894e+00,1.76894e+00,5.00000e-03,5.00000e-03
8.91462e-02,8.48077e-01,5.18189e-02,1.00000e+00,1.00000e-12,1.36486e-06,1.36758e-01,5.12369e-01,3.50873e-01,1.41110e-05,0.00000e+00,0.00000e+00,1.25794e-06,0.00000e+00,0.00000e+00,1.19672e-05,0.00000e+00,0.00000e+00,8.85849e-07,0.00000e+00,0.00000e+00,2.50000e-01,2.79292e-04,2.65700e-01,9.83396e-02,4.69459e+04,nan,nan,nan,nan,1,1.77261e+00,1.77261e+00,5.00000e-03,5.00000e-03
8.91462e-02,8.48077e-01,5.18188e-02,1.00000e+00,1.00000e-12,1.36486e-06,1.36758e-01,5.12369e-01,3.50873e-01,1.41110e-05,0.00000e+00,0.00000e+00,1.25794e-06,0.00000e+00,0.00000e+00,1.19672e-05,0.00000e+00,0.00000e+00,8.85849e-07,0.00000e+00,0.00000e+00,2.50000e-01,2.79292e-04,2.65700e-01,9.83396e-02,4.67806e+04,nan,nan,nan,nan,1,1.77628e+00,1.77628e+00,5.00000e-03,5.00000e-03
8.91462e-02,8.48077e-01,5.18189e-02,1.00000e+00,1.00000e-12,1.36486e-06,1.36758e-01,5.12369e-01,3.50873e-01,1.41110e-05,0.00000e+00,0.00000e+00,1.25794e-06,0.00000e+00,0.00000e+00,1.19672e-05,0.00000e+00,0.00000e+00,8.85849e-07,0.00000e+00,0.00000e+00,2.50000e-01,2.79292e-04,2.65700e-01,9.83396e-02,4.66154e+04,nan,nan,nan,nan,1,1.77995e+00,1.77995e+00,5.00000e-03,5.00000e-03
8.91464e-02,8.48077e-01,5.18190e-02,1.00000e+00,1.00000e-12,1.36486e-06,1.36759e-01,5.12369e-01,3.50873e-01,1.41110e-05,0.00000e+00,0.00000e+00,1.25794e-06,0.00000e+00,0.00000e+00,1.19672e-05,0.00000e+00,0.00000e+00,8.85849e-07,0.00000e+00,0.00000e+00,2.50000e-01,2.79292e-04,2.65700e-01,9.83395e-02,4.64501e+04,nan,nan,nan,nan,1,1.78362e+00,1.78362e+00,5.00000e-03,5.00000e-03
8.91464e-02,8.48076e-01,5.18191e-02,1.00000e+00,1.00000e-12,1.36486e-06,1.36759e-01,5.12368e-01,3.50873e-01,1.41110e-05,0.00000e+00,0.00000e+00,1.25794e-06,0.00000e+00,0.00000e+00,1.19672e-05,0.00000e+00,0.00000e+00,8.85848e-07,0.00000e+00,0.00000e+00,2.50000e-01,2.79293e-04,2.65700e-01,9.83393e-02,4.62847e+04,nan,nan,nan,nan,1,1.78729e+00,1.78729e+00,5.00000e-03,5.00000e-03
8.91464e-02,8.48076e-01,5.18192e-02,1.00000e+00,1.00000e-12,1.36486e-06,1.36759e-01,5.12368e-01,3.50873e-01,1.41110e-05,0.00000e+00,0.00000e+00,1.25794e-06,0.00000e+00,0.00000e+00,1.19672e-05,0.00000e+00,0.00000e+00,8.85848e-07,0.00000e+00,0.00000e+00,2.50000e-01,2.79293e-04,2.65700e-01,9.83393e-02,4.61194e+04,nan,nan,nan,nan,1,1.79096e+00,1.79096e+00,5.00000e-03,5.00000e-03
8.91464e-02,8.48076e-01,5.18192e-02,1.00000e+00,1.00000e-12,1.36486e-06,1.36759e-01,5.12368e-01,3.50873e-01,1.41110e-05,0.00000e+00,0.00000e+00,1.25795e-06,0.00000e+00,0.00000e+00,1.19672e-05,0.00000e+00,0.00000e+00,8.85848e-07,0.00000e+00,0.00000e+00,2.50000e-01,2.79293e-04,2.65700e-01,9.83393e-02,4.59541e+04,nan,nan,nan,nan,1,1.79463e+00,1.79463e+00,5.00000e-03,5.00000e-03
8.91464e-02,8.48076e-01,5.18190e-02,1.00000e+00,1.00000e-12,1.36486e-06,1.36759e-01,5.12369e-01,3.50873e-01,1.41110e-05,0.00000e+00,0.00000e+00,1.25794e-06,0.00000e+00,0.00000e+00,1.19672e-05,0.00000e+00,0.00000e+00,8.85849e-07,0.00000e+00,0.00000e+00,2.50000e-01,2.79293e-04,2.65700e-01,9.83394e-02,4.57889e+04,nan,nan,nan,nan,1,1.79830e+00,1.79830e+00,5.00000e-03,5.00000e-03
8.91462e-02,8.48077e-01,5.18188e-02,1.00000e+00,1.00000e-12,1.36486e-06,1.36758e-01,5.12369e-01,3.50873e-01,1.41110e-05,0.00000e+00,0.00000e+00,1.25794e-06,0.00000e+00,0.00000e+00,1.19672e-05,0.00000e+00,0.00000e+00,8.85849e-07,0.00000e+00,0.00000e+00,2.50000e-01,2.79292e-04,2.65700e-01,9.83396e-02,4.56236e+04,nan,nan,nan,nan,1,1.80197e+00,1.80197e+00,5.00000e-03,5.00000e-03
8.91462e-02,8.48077e-01,5.18185e-02,1.00000e+00,1.00000e-12,1.36486e-06,1.36758e-01,5.12369e-01,3.50873e-01,1.41110e-05,0.00000e+00,0.00000e+00,1.25794e-06,0.00000e+00,0.00000e+00,1.19672e-05,0.00000e+00,0.00000e+00,8.85851e-07,0.00000e+00,0.00000e+00,2.50000e-01,2.79292e-04,2.65700e-01,9.83398e-02,4.54582e+04,nan,nan,nan,nan,1,1.80564e+00,1.80564e+00,5.00000e-03,5.00000e-03
8.91461e-02,8.48077e-01,5.18185e-02,1.00000e+00,1.00000e-12,1.36486e-06,1.36758e-01,5.12369e-01,3.50873e-01,1.41110e-05,0.00000e+00,0.00000e+00,1.25794e-06,0.00000e+00,0.00000e+00,1.19672e-05,0.00000e+00,0.00000e+00,8.85851e-07,0.00000e+00,0.00000e+00,2.50000e-01,2.79292e-04,2.65700e-01,9.83398e-02,4.52929e+04,nan,nan,nan,nan,1,1.80931e+00,1.80931e+00,5.00000e-03,5.00000e-03
8.91461e-02,8.48077e-01,5.18185e-02,1.00000e+00,1.00000e-12,1.36486e-06,1.36758e-01,5.12369e-01,3.50873e-01,1.41110e-05,0.00000e+00,0.00000e+00,1.25794e-06,0.00000e+00,0.00000e+00,1.19672e-05,0.00000e+00,0.00000e+00,8.85851e-07,0.00000e+00,0.00000e+00,2.50000e-01,2.79292e-04,2.65700e-01,9.83398e-02,4.51276e+04,nan,nan,nan,nan,1,1.81298e+00,1.81298e+00,5.00000e-03,5.00000e-03
8.91462e-02,8.48077e-01,5.18186e-02,1.00000e+00,1.00000e-12,1.36486e-06,1.36758e-01,5.12369e-01,3.50873e-01,1.41110e-05,0.00000e+00,0.00000e+00,1.25794e-06,0.00000e+00,0.00000e+00,1.19672e-05,0.00000e+00,0.00000e+00,8.85851e-07,0.00000e+00,0.00000e+00,2.50000e-01,2.79292e-04,2.65700e-01,9.83398e-02,4.49624e+04,nan,nan,nan,nan,1,1.81665e+00,1.81665e+00,5.00000e-03,5.00000e-03
8.91464e-02,8.48076e-01,5.18189e-02,1.00000e+00,1.00000e-12,1.36486e-06,1.36759e-01,5.12369e-01,3.50873e-01,1.41110e-05,0.00000e+00,0.00000e+00,1.25794e-06,0.00000e+00,0.00000e+00,1.19672e-05,0.00000e+00,0.00000e+00,8.85849e-07,0.00000e+00,0.00000e+00,2.50000e-01,2.79293e-04,2.65700e-01,9.83396e-02,4.47971e+04,nan,nan,nan,nan,1,1.82032e+00,1.82032e+00,5.00000e-03,5.00000e-03
8.91465e-02,8.48076e-01,5.18190e-02,1.00000e+00,1.00000e-12,1.36486e-06,1.36759e-01,5.12368e-01,3.50873e-01,1.41110e-05,0.00000e+00,0.00000e+00,1.25794e-06,0.00000e+00,0.00000e+00,1.19672e-05,0.00000e+00,0.00000e+00,8.85849e-07,0.00000e+00,0.00000e+00,2.50000e-01,2.79293e-04,2.65700e-01,9.83395e-02,4.46318e+04,nan,nan,nan,nan,1,1.82399e+00,1.82399e+00,5.00000e-03,5.00000e-03
8.91465e-02,8.48076e-01,5.18191e-02,1.00000e+00,1.00000e-12,1.36486e-06,1.36759e-01,5.12368e-01,3.50873e-01,1.41110e-05,0.00000e+00,0.00000e+00,1.25795e-06,0.00000e+00,0.00000e+00,1.19672e-05,0.00000e+00,0.00000e+00,8.85849e-07,0.00000e+00,0.00000e+00,2.50000e-01,2.79293e-04,2.65700e-01,9.83394e-02,4.44664e+04,nan,nan,nan,nan,1,1.82766e+00,1.82766e+00,5.00000e-03,5.00000e-03
8.91465e-02,8.48076e-01,5.18191e-02,1.00000e+00,1.00000e-12,1.36486e-06,1.36759e-01,5.12368e-01,3.50873e-01,1.41110e-05,0.00000e+00,0.00000e+00,1.25795e-06,0.00000e+00,0.00000e+00,1.19672e-05,0.00000e+00,0.00000e+00,8.85849e-07,0.00000e+00,0.00000e+00,2.50000e-01,2.79293e-04,2.65700e-01,9.83394e-02,4.43011e+04,nan,nan,nan,nan,1,1.83133e+00,1.83133e+00,5.00000e-03,5.00000e-03
8.91464e-02,8.48076e-01,5.18189e-02,1.00000e+00,1.00000e-12,1.36486e-06,1.36759e-01,5.12369e-01,3.50873e-01,1.41110e-05,0.00000e+00,0.00000e+00,1.25794e-06,0.00000e+00,0.00000e+00,1.19672e-05,0.00000e+00,0.00000e+00,8.85849e-07,0.00000e+00,0.00000e+00,2.50000e-01,2.79293e-04,2.65700e-01,9.83396e-02,4.41359e+04,nan,nan,nan,nan,1,1.83500e+00,1.83500e+00,5.00000e-03,5.00000e-03
8.91462e-02,8.48076e-01,5.18184e-02,1.00000e+00,1.00000e-12,1.36486e-06,1.36757e-01,5.12369e-01,3.50874e-01,1.41110e-05,0.00000e+00,0.00000e+00,1.25794e-06,0.00000e+00,0.00000e+00,1.19672e-05,0.00000e+00,0.00000e+00,8.85851e-07,0.00000e+00,0.00000e+00,2.50000e-01,2.79292e-04,2.65700e-01,9.83398e-02,4.39706e+04,nan,nan,nan,nan,1,1.83867e+00,1.83867e+00,5.00000e-03,5.00000e-03
8.91460e-02,8.48077e-01,5.18182e-02,1.00000e+00,1.00000e-12,1.36486e-06,1.36757e-01,5.12369e-01,3.50874e-01,1.41110e-05,0.00000e+00,0.00000e+00,1.25794e-06,0.00000e+00,0.00000e+00,1.19672e-05,0.00000e+00,0.00000e+00,8.85853e-07,0.00000e+00,0.00000e+00,2.50000e-01,2.79292e-04,2.65700e-01,9.83400e-02,4.38052e+04,nan,nan,nan,nan,1,1.84234e+00,1.84234e+00,5.00000e-03,5.00000e-03
8.91460e-02,8.48077e-01,5.18181e-02,1.00000e+00,1.00000e-12,1.36486e-06,1.36757e-01,5.12369e-01,3.50874e-01,1.41110e-05,0.00000e+00,0.00000e+00,1.25794e-06,0.00000e+00,0.00000e+00,1.19672e-05,0.00000e+00,0.00000e+00,8.85853e-07,0.00000e+00,0.00000e+00,2.50000e-01,2.79292e-04,2.65700e-01,9.83402e-02,4.36399e+04,nan,nan,nan,nan,1,1.84601e+00,1.84601e+00,5.00000e-03,5.00000e-03
8.91460e-02,8.48076e-01,5.18181e-02,1.00000e+00,1.00000e-12,1.36486e-06,1.36757e-01,5.12369e-01,3.50874e-01,1.41110e-05,0.00000e+00,0.00000e+00,1.25794e-06,0.00000e+00,0.00000e+00,1.19672e-05,0.00000e+00,0.00000e+00,8.85853e-07,0.00000e+00,0.00000e+00,2.50000e-01,2.79292e-04,2.65700e-01,9.83402e-02,4.34746e+04,nan,nan,nan,nan,1,1.84968e+00,1.84968e+00,5.00000e-03,5.00000e-03
8.91462e-02,8.48076e-01,5.18183e-02,1.00000e+00,1.00000e-12,1.36486e-06,1.36757e-01,5.12369e-01,3.50874e-01,1.41110e-05,0.00000e+00,0.00000e+00,1.25794e-06,0.00000e+00,0.00000e+00,1.19672e-05,0.00000e+00,0.00000e+00,8.85852e-07,0.00000e+00,0.00000e+00,2.50000e-01,2.79292e-04,2.65700e-01,9.83400e-02,4.33094e+04,nan,nan,nan,nan,1,1.85335e+00,1.85335e+00,5.00000e-03,5.00000e-03
8.91464e-02,8.48076e-01,5.18188e-02,1.00000e+00,1.00000e-12,1.36486e-06,1.36759e-01,5.12369e-01,3.50873e-01,1.41110e-05,0.00000e+00,0.00000e+00,1.25794e-06,0.00000e+00,0.00000e+00,1.19672e-05,0.00000e+00,0.00000e+00,8.85851e-07,0.00000e+00,0.00000e+00,2.50000e-01,2.79293e-04,2.65700e-01,9.83396e-02,4.31441e+04,nan,nan,nan,nan,1,1.85702e+00,1.85702e+00,5.00000e-03,5.00000e-03
8.91465e-02,8.48076e-01,5.18190e-02,1.00000e+00,1.00000e-12,1.36486e-06,1.36759e-01,5.12368e-01,3.50873e-01,1.41110e-05,0.00000e+00,0.00000e+00,1.25795e-06,0.00000e+00,0.00000e+00,1.19672e-05,0.00000e+00,0.00000e+00,8.85849e-07,0.00000e+00,0.00000e+00,2.50000e-01,2.79293e-04,2.65700e-01,9.83395e-02,4.29788e+04,nan,nan,nan,nan,1,1.86069e+00,1.86069e+00,5.00000e-03,5.00000e-03
8.91466e-02,8.48076e-01,5.18191e-02,1.00000e+00,1.00000e-12,1.36486e-06,1.36759e-01,5.12368e-01,3.50873e-01,1.41110e-05,0.00000e+00,0.00000e+00,1.25795e-06,0.00000e+00,0.00000e+00,1.19672e-05,0.00000e+00,0.00000e+00,8.85849e-07,0.00000e+00,0.00000e+00,2.50000e-01,2.79293e-04,2.65699e-01,9.83394e-02,4.28134e+04,nan,nan,nan,nan,1,1.86436e+00,1.86436e+00,5.00000e-03,5.00000e-03
8.91465e-02,8.48076e-01,5.18190e-02,1.00000e+00,1.00000e-12,1.36486e-06,1.36759e-01,5.12368e-01,3.50873e-01,1.41110e-05,0.00000e+00,0.00000e+00,1.25795e-06,0.00000e+00,0.00000e+00,1.19672e-05,0.00000e+00,0.00000e+00,8.85849e-07,0.00000e+00,0.00000e+00,2.50000e-01,2.79293e-04,2.65700e-01,9.83395e-02,4.26481e+04,nan,nan,nan,nan,1,1.86803e+00,1.86803e+00,5.00000e-03,5.00000e-03
8.91464e-02,8.48076e-01,5.18187e-02,1.00000e+00,1.00000e-12,1.36486e-06,1.36759e-01,5.12369e-01,3.50873e-01,1.41110e-05,0.00000e+00,0.00000e+00,1.25794e-06,0.00000e+00,0.00000e+00,1.19672e-05,0.00000e+00,0.00000e+00,8.85851e-07,0.00000e+00,0.00000e+00,2.50000e-01,2.79293e-04,2.65700e-01,9.83398e-02,4.24829e+04,nan,nan,nan,nan,1,1.87170e+00,1.87170e+00,5.00000e-03,5.00000e-03
8.91461e-02,8.48076e-01,5.18181e-02,1.00000e+00,1.00000e-12,1.36486e-06,1.36757e-01,5.12369e-01,3.50874e-01,1.41110e-05,0.00000e+00,0.00000e+00,1.25794e-06,0.00000e+00,0.00000e+00,1.19672e-05,0.00000e+00,0.00000e+00,8.85853e-07,0.00000e+00,0.00000e+00,2.50000e-01,2.79292e-04,2.65700e-01,9.83402e-02,4.23176e+04,nan,nan,nan,nan,1,1.87537e+00,1.87537e+00,5.00000e-03,5.00000e-03
8.91460e-02,8.48076e-01,5.18178e-02,1.00000e+00,1.00000e-12,1.36486e-06,1.36757e-01,5.12369e-01,3.50874e-01,1.41110e-05,0.00000e+00,0.00000e+00,1.25794e-06,0.00000e+00,0.00000e+00,1.19672e-05,0.00000e+00,0.00000e+00,8.85854e-07,0.00000e+00,0.00000e+00,2.50000e-01,2.79292e-04,2.65700e-01,9.83404e-02,4.21522e+04,nan,nan,nan,nan,1,1.87904e+00,1.87904e+00,5.00000e-03,5.00000e-03
8.91459e-02,8.48076e-01,5.18177e-02,1.00000e+00,1.00000e-12,1.36486e-06,1.36757e-01,5.12369e-01,3.50874e-01,1.41110e-05,0.00000e+00,0.00000e+00,1.25794e-06,0.00000e+00,0.00000e+00,1.19672e-05,0.00000e+00,0.00000e+00,8.85855e-07,0.00000e+00,0.00000e+00,2.50000e-01,2.79292e-04,2.65700e-01,9.83405e-02,4.19869e+04,nan,nan,nan,nan,1,1.88271e+00,1.88271e+00,5.00000e-03,5.00000e-03
8.91460e-02,8.48076e-01,5.18177e-02,1.00000e+00,1.00000e-12,1.36486e-06,1.36757e-01,5.12369e-01,3.50874e-01,1.41110e-05,0.00000e+00,0.00000e+00,1.25794e-06,0.00000e+00,0.00000e+00,1.19672e-05,0.00000e+00,0.00000e+00,8.85855e-07,0.00000e+00,0.00000e+00,2.50000e-01,2.79292e-04,2.65700e-01,9.83405e-02,4.18216e+04,nan,nan,nan,nan,1,1.88638e+00,1.88638e+00,5.00000e-03,5.00000e-03
8.91462e-02,8.48076e-01,5.18181e-02,1.00000e+00,1.00000e-12,1.36486e-06,1.36757e-01,5.12369e-01,3.50874e-01,1.41110e-05,0.00000e+00,0.00000e+00,1.25794e-06,0.00000e+00,0.00000e+00,1.19672e-05,0.00000e+00,0.00000e+00,8.85854e-07,0.00000e+00,0.00000e+00,2.50000e-01,2.79292e-04,2.65700e-01,9.83402e-02,4.16564e+04,nan,nan,nan,nan,1,1.89005e+00,1.89005e+00,5.00000e-03,5.00000e-03
8.91465e-02,8.48076e-01,5.18187e-02,1.00000e+00,1.00000e-12,1.36486e-06,1.36759e-01,5.12369e-01,3.50873e-01,1.41110e-05,0.00000e+00,0.00000e+00,1.25794e-06,0.00000e+00,0.00000e+00,1.19672e-05,0.00000e+00,0.00000e+00,8.85851e-07,0.00000e+00,0.00000e+00,2.50000e-01,2.79293e-04,2.65700e-01,9.83396e-02,4.14911e+04,nan,nan,nan,nan,1,1.89372e+00,1.89372e+00,5.00000e-03,5.00000e-03
8.91467e-02,8.48076e-01,5.18191e-02,1.00000e+00,1.00000e-12,1.36486e-06,1.36759e-01,5.12368e-01,3.50873e-01,1.41110e-05,0.00000e+00,0.00000e+00,1.25795e-06,0.00000e+00,0.00000e+00,1.19672e-05,0.00000e+00,0.00000e+00,8.85849e-07,0.00000e+00,0.00000e+00,2.50000e-01,2.79294e-04,2.65699e-01,9.83393e-02,4.13258e+04,nan,nan,nan,nan,1,1.89739e+00,1.89739e+00,5.00000e-03,5.00000e-03
8.91468e-02,8.48076e-01,5.18194e-02,1.00000e+00,1.00000e-12,1.36486e-06,1.36759e-01,5.12368e-01,3.50873e-01,1.41110e-05,0.00000e+00,0.00000e+00,1.25795e-06,0.00000e+00,0.00000e+00,1.19672e-05,0.00000e+00,0.00000e+00,8.85847e-07,0.00000e+00,0.00000e+00,2.50000e-01,2.79294e-04,2.65699e-01,9.83392e-02,4.11604e+04,nan,nan,nan,nan,1,1.90106e+00,1.90106e+00,5.00000e-03,5.00000e-03
8.91391e-02,8.48085e-01,5.18198e-02,1.00000e+00,1.00000e-12,1.36481e-06,1.36753e-01,5.12375e-01,3.50872e-01,1.41110e-05,0.00000e+00,0.00000e+00,1.25779e-06,0.00000e+00,0.00000e+00,1.19674e-05,0.00000e+00,0.00000e+00,8.85826e-07,0.00000e+00,0.00000e+00,2.50000e-01,2.79273e-04,2.65706e-01,9.83389e-02,4.09952e+04,nan,nan,nan,nan,1,1.90473e+00,1.90473e+00,5.00000e-03,5.00000e-03
8.71056e-02,8.50416e-01,5.19877e-02,1.00000e+00,1.00000e-12,1.35313e-06,1.35331e-01,5.14003e-01,3.50666e-01,1.41110e-05,0.00000e+00,0.00000e+00,1.21528e-06,0.00000e+00,0.00000e+00,1.20162e-05,0.00000e+00,0.00000e+00,8.79587e-07,0.00000e+00,0.00000e+00,2.50000e-01,2.73837e-04,2.67373e-01,9.82129e-02,4.08299e+04,nan,nan,nan,nan,1,1.90840e+00,1.90840e+00,5.00000e-03,5.00000e-03
4.39476e-02,9.09402e-01,7.35358e-02,1.00000e+00,1.00000e-12,1.19606e-06,8.74491e-02,5.78533e-01,3.34018e-01,1.41110e-05,0.00000e+00,0.00000e+00,8.62982e-07,0.00000e+00,0.00000e+00,1.25131e-05,0.00000e+00,0.00000e+00,7.34915e-07,0.00000e+00,0.00000e+00,2.50000e-01,1.40900e-04,3.64053e-01,8.60144e-02,4.06664e+04,nan,nan,nan,nan,1,1.91207e+00,1.91207e+00,5.00000e-03,5.00000e-03
1.40778e-03,9.74263e-01,1.26222e-01,1.00000e+00,1.00000e-12,8.97123e-07,2.06279e-02,6.78575e-01,3.00797e-01,1.41110e-05,0.00000e+00,0.00000e+00,2.80895e-07,0.00000e+00,0.00000e+00,1.33886e-05,0.00000e+00,0.00000e+00,4.41502e-07,0.00000e+00,0.00000e+00,2.50000e-01,6.68985e-06,5.25779e-01,6.34125e-02,4.05374e+04,nan,nan,nan,nan,1,1.91574e+00,1.91574e+00,5.00000e-03,5.00000e-03
2.44022e-08,9.82908e-01,1.61629e-01,1.00000e+00,1.00000e-12,7.22984e-07,1.35710e-04,7.17709e-01,2.82155e-01,1.41110e-05,0.00000e+00,0.00000e+00,4.37759e-09,0.00000e+00,0.00000e+00,1.38445e-05,0.00000e+00,0.00000e+00,2.62165e-07,0.00000e+00,0.00000e+00,2.50000e-01,1.47161e-10,5.96280e-01,5.18343e-02,4.04466e+04,nan,nan,nan,nan,1,1.91941e+00,1.91941e+00,5.00000e-03,5.00000e-03
1.86367e-18,9.83386e-01,1.66030e-01,1.00000e+00,1.00000e-12,7.01318e-07,1.55071e-09,7.19845e-01,2.80155e-01,1.41110e-05,0.00000e+00,0.00000e+00,8.55732e-14,0.00000e+00,0.00000e+00,1.38750e-05,0.00000e+00,0.00000e+00,2.35994e-07,0.00000e+00,0.00000e+00,2.50000e-01,1.13727e-20,6.00330e-01,5.07107e-02,4.03615e+04,nan,nan,nan,nan,1,1.92308e+00,1.92308e+00,5.00000e-03,5.00000e-03
1.91290e-39,9.83419e-01,1.66350e-01,1.00000e+00,1.00000e-12,7.00213e-07,8.43428e-20,7.19989e-01,2.80011e-01,1.41110e-05,0.00000e+00,0.00000e+00,6.57194e-24,0.00000e+00,0.00000e+00,1.38769e-05,0.00000e+00,0.00000e+00,2.34076e-07,0.00000e+00,0.00000e+00,2.50000e-01,1.16826e-41,6.00604e-01,5.06311e-02,4.02767e+04,nan,nan,nan,nan,1,1.92675e+00,1.92675e+00,5.00000e-03,5.00000e-03
0.00000e+00,9.83422e-01,1.66374e-01,1.00000e+00,1.00000e-12,7.00138e-07,7.51881e-41,7.19999e-01,2.80001e-01,1.41110e-05,0.00000e+00,0.00000e+00,7.00649e-45,0.00000e+00,0.00000e+00,1.38771e-05,0.00000e+00,0.00000e+00,2.33942e-07,0.00000e+00,0.00000e+00,2.50000e-01,0.00000e+00,6.00623e-01,5.06255e-02,4.01919e+04,nan,nan,nan,nan,1,1.93042e+00,1.93042e+00,5.00000e-03,5.00000e-03
0.00000e+00,9.83422e-01,1.66375e-01,1.00000e+00,1.00000e-12,7.00133e-07,0.00000e+00,7.20000e-01,2.80000e-01,1.41110e-05,0.00000e+00,0.00000e+00,0.00000e+00,0.00000e+00,0.00000e+00,1.38771e-05,0.00000e+00,0.00000e+00,2.33932e-07,0.00000e+00,0.00000e+00,2.50000e-01,0.00000e+00,6.00625e-01,5.06250e-02,4.01071e+04,nan,nan,nan,nan,1,1.93409e+00,1.93409e+00,5.00000e-03,5.00000e-03
0.00000e+00,9.83422e-01,1.66375e-01,1.00000e+00,1.00000e-12,7.00133e-07,0.00000e+00,7.20000e-01,2.80000e-01,1.41110e-05,0.00000e+00,0.00000e+00,0.00000e+00,0.00000e+00,0.00000e+00,1.38771e-05,0.00000e+00,0.00000e+00,2.33932e-07,0.00000e+00,0.00000e+00,2.50000e-01,0.00000e+00,6.00625e-01,5.06250e-02,4.00223e+04,nan,nan,nan,nan,1,1.93776e+00,1.93776e+00,5.00000e-03,5.00000e-03
0.00000e+00,9.83422e-01,1.66375e-01,1.00000e+00,1.00000e-12,7.00133e-07,0.00000e+00,7.20000e-01,2.80000e-01,1.41110e-05,0.00000e+00,0.00000e+00,0.00000e+00,0.00000e+00,0.00000e+00,1.38771e-05,0.00000e+00,0.00000e+00,2.33932e-07,0.00000e+00,0.00000e+00,2.50000e-01,0.00000e+00,6.00625e-01,5.06250e-02,3.99375e+04,nan,nan,nan,nan,1,1.94143e+00,1.94143e+00,5.00000e-03,5.00000e-03
0.00000e+00,9.83422e-01,1.66375e-01,1.00000e+00,1.00000e-12,7.00133e-07,0.00000e+00,7.20000e-01,2.80000e-01,1.41110e-05,0.00000e+00,0.00000e+00,0.00000e+00,0.00000e+00,0.00000e+00,1.38771e-05,0.00000e+00,0.00000e+00,2.33932e-07,0.00000e+00,0.00000e+00,2.50000e-01,0.00000e+00,6.00625e-01,5.06250e-02,3.98527e+04,nan,nan,nan,nan,1,1.94510e+00,1.94510e+00,5.00000e-03,5.00000e-03
0.00000e+00,9.83422e-01,1.66375e-01,1.00000e+00,1.00000e-12,7.00133e-07,0.00000e+00,7.20000e-01,2.80000e-01,1.41110e-05,0.00000e+00,0.00000e+00,0.00000e+00,0.00000e+00,0.00000e+00,1.38771e-05,0.00000e+00,0.00000e+00,2.33932e-07,0.00000e+00,0.00000e+00,2.50000e-01,0.00000e+00,6.00625e-01,5.06250e-02,3.97679e+04,nan,nan,nan,nan,1,1.94877e+00,1.94877e+00,5.00000e-03,5.00000e-03
0.00000e+00,9.83422e-01,1.66375e-01,1.00000e+00,1.00000e-12,7.00133e-07,0.00000e+00,7.20000e-01,2.80000e-01,1.41110e-05,0.00000e+00,0.00000e+00,0.00000e+00,0.00000e+00,0.00000e+00,1.38771e-05,0.00000e+00,0.00000e+00,2.33932e-07,0.00000e+00,0.00000e+00,2.50000e-01,0.00000e+00,6.00625e-01,5.06250e-02,3.96832e+04,nan,nan,nan,nan,1,1.95244e+00,1.95244e+00,5.00000e-03,5.00000e-03
0.00000e+00,9.83422e-01,1.66375e-01,1.00000e+00,1.00000e-12,7.00133e-07,0.00000e+00,7.20000e-01,2.80000e-01,1.41110e-05,0.00000e+00,0.00000e+00,0.00000e+00,0.00000e+00,0.00000e+00,1.38771e-05,0.00000e+00,0.00000e+00,2.33932e-07,0.00000e+00,0.00000e+00,2.50000e-01,0.00000e+00,6.00625e-01,5.06250e-02,3.95984e+04,nan,nan,nan,nan,1,1.95611e+00,1.95611e+00,5.00000e-03,5.00000e-03
0.00000e+00,9.83422e-01,1.66375e-01,1.00000e+00,1.00000e-12,7.00133e-07,0.00000e+00,7.20000e-01,2.80000e-01,1.41110e-05,0.00000e+00,0.00000e+00,0.00000e+00,0.00000e+00,0.00000e+00,1.38771e-05,0.00000e+00,0.00000e+00,2.33932e-07,0.00000e+00,0.00000e+00,2.50000e-01,0.00000e+00,6.00625e-01,5.06250e-02,3.95136e+04,nan,nan,nan,nan,1,1.95978e+00,1.95978e+00,5.00000e-03,5.00000e-03
0.00000e+00,9.83422e-01,1.66375e-01,1.00000e+00,1.00000e-12,7.00133e-07,0.00000e+00,7.20000e-01,2.80000e-01,1.41110e-05,0.00000e+00,0.00000e+00,0.00000e+00,0.00000e+00,0.00000e+00,1.38771e-05,0.00000e+00,0.00000e+00,2.33932e-07,0.00000e+00,0.00000e+00,2.50000e-01,0.00000e+00,6.00625e-01,5.06250e-02,3.94288e+04,nan,nan,nan,nan,1,1.96345e+00,1.96345e+00,5.00000e-03,5.00000e-03
0.00000e+00,9.83422e-01,1.66375e-01,1.00000e+00,1.00000e-12,7.00133e-07,0.00000e+00,7.20000e-01,2.80000e-01,1.41110e-05,0.00000e+00,0.00000e+00,0.00000e+00,0.00000e+00,0.00000e+00,1.38771e-05,0.00000e+00,0.00000e+00,2.33932e-07,0.00000e+00,0.00000e+00,2.50000e-01,0.00000e+00,6.00625e-01,5.06250e-02,3.93440e+04,nan,nan,nan,nan,1,1.96712e+00,1.96712e+00,5.00000e-03,5.00000e-03
0.00000e+00,9.83422e-01,1.66375e-01,1.00000e+00,1.00000e-12,7.00133e-07,0.00000e+00,7.20000e-01,2.80000e-01,1.41110e-05,0.00000e+00,0.00000e+00,0.00000e+00,0.00000e+00,0.00000e+00,1.38771e-05,0.00000e+00,0.00000e+00,2.33932e-07,0.00000e+00,0.00000e+00,2.50000e-01,0.00000e+00,6.00625e-01,5.06250e-02,3.92592e+04,nan,nan,nan,nan,1,1.97079e+00,1.97079e+00,5.00000e-03,5.00000e-03
0.00000e+00,9.83422e-01,1.66375e-01,1.00000e+00,1.00000e-12,7.00133e-07,0.00000e+00,7.20000e-01,2.80000e-01,1.41110e-05,0.00000e+00,0.00000e+00,0.00000e+00,0.00000e+00,0.00000e+00,1.38771e-05,0.00000e+00,0.00000e+00,2.33932e-07,0.00000e+00,0.00000e+00,2.50000e-01,0.00000e+00,6.00625e-01,5.06250e-02,3.91744e+04,nan,nan,nan,nan,1,1.97446e+00,1.97446e+00,5.00000e-03,5.00000e-03
0.00000e+00,9.83422e-01,1.66375e-01,1.00000e+00,1.00000e-12,7.00133e-07,0.00000e+00,7.20000e-01,2.80000e-01,1.41110e-05,0.00000e+00,0.00000e+00,0.00000e+00,0.00000e+00,0.00000e+00,1.38771e-05,0.00000e+00,0.00000e+00,2.33932e-07,0.00000e+00,0.00000e+00,2.50000e-01,0.00000e+00,6.00625e-01,5.06250e-02,3.90896e+04,nan,nan,nan,nan,1,1.97813e+00,1.97813e+00,5.00000e-03,5.00000e-03
0.00000e+00,9.83422e-01,1.66375e-01,1.00000e+00,1.00000e-12,7.00133e-07,0.00000e+00,7.20000e-01,2.80000e-01,1.41110e-05,0.00000e+00,0.00000e+00,0.00000e+00,0.00000e+00,0.00000e+00,1.38771e-05,0.00000e+00,0.00000e+00,2.33932e-07,0.00000e+00,0.00000e+00,2.50000e-01,0.00000e+00,6.00625e-01,5.06250e-02,3.90048e+04,nan,nan,nan,nan,1,1.98180e+00,1.98180e+00,5.00000e-03,5.00000e-03
0.00000e+00,9.83422e-01,1.66375e-01,1.00000e+00,1.00000e-12,7.00133e-07,0.00000e+00,7.20000e-01,2.80000e-01,1.41110e-05,0.00000e+00,0.00000e+00,0.00000e+00,0.00000e+00,0.00000e+00,1.38771e-05,0.00000e+00,0.00000e+00,2.33932e-07,0.00000e+00,0.00000e+00,2.50000e-01,0.00000e+00,6.00625e-01,5.06250e-02,3.89200e+04,nan,nan,nan,nan,1,1.98547e+00,1.98547e+00,5.00000e-03,5.00000e-03
0.00000e+00,9.83422e-01,1.66375e-01,1.00000e+00,1.00000e-12,7.00133e-07,0.00000e+00,7.20000e-01,2.80000e-01,1.41110e-05,0.00000e+00,0.00000e+00,0.00000e+00,0.00000e+00,0.00000e+00,1.38771e-05,0.00000e+00,0.00000e+00,2.33932e-07,0.00000e+00,0.00000e+00,2.50000e-01,0.00000e+00,6.00625e-01,5.06250e-02,3.88352e+04,nan,nan,nan,nan,1,1.98914e+00,1.98914e+00,5.00000e-03,5.00000e-03
0.00000e+00,9.83422e-01,1.66375e-01,1.00000e+00,1.00000e-12,7.00133e-07,0.00000e+00,7.20000e-01,2.80000e-01,1.41110e-05,0.00000e+00,0.00000e+00,0.00000e+00,0.00000e+00,0.00000e+00,1.38771e-05,0.00000e+00,0.00000e+00,2.33932e-07,0.00000e+00,0.00000e+00,2.50000e-01,0.00000e+00,6.00625e-01,5.06250e-02,3.87504e+04,nan,nan,nan,nan,1,1.99281e+00,1.99281e+00,5.00000e-03,5.00000e-03
0.00000e+00,9.83422e-01,1.66375e-01,1.00000e+00,1.00000e-12,7.00133e-07,0.00000e+00,7.20000e-01,2.80000e-01,1.41110e-05,0.00000e+00,0.00000e+00,0.00000e+00,0.00000e+00,0.00000e+00,1.38771e-05,0.00000e+00,0.00000e+00,2.33932e-07,0.00000e+00,0.00000e+00,2.50000e-01,0.00000e+00,6.00625e-01,5.06250e-02,3.86656e+04,nan,nan,nan,nan,1,1.99648e+00,1.99648e+00,5.00000e-03,5.00000e-03
0.00000e+00,9.83422e-01,1.66375e-01,1.00000e+00,1.00000e-12,7.00133e-07,0.00000e+00,7.20000e-01,2.80000e-01,1.41110e-05,0.00000e+00,0.00000e+00,0.00000e+00,0.00000e+00,0.00000e+00,1.38771e-05,0.00000e+00,0.00000e+00,2.33932e-07,0.00000e+00,0.00000e+00,2.50000e-01,0.00000e+00,6.00625e-01,5.06250e-02,3.85809e+04,nan,nan,nan,nan,1,2.00015e+00,2.00015e+00,5.00000e-03,5.00000e-03
0.00000e+00,9.83422e-01,1.66375e-01,1.00000e+00,1.00000e-12,7.00133e-07,0.00000e+00,7.20000e-01,2.80000e-01,1.41110e-05,0.00000e+00,0.00000e+00,0.00000e+00,0.00000e+00,0.00000e+00,1.38771e-05,0.00000e+00,0.00000e+00,2.33932e-07,0.00000e+00,0.00000e+00,2.50000e-01,0.00000e+00,6.00625e-01,5.06250e-02,3.84961e+04,nan,nan,nan,nan,1,2.00382e+00,2.00382e+00,5.00000e-03,5.00000e-03
0.00000e+00,9.83422e-01,1.66375e-01,1.00000e+00,1.00000e-12,7.00133e-07,0.00000e+00,7.20000e-01,2.80000e-01,1.41110e-05,0.00000e+00,0.00000e+00,0.00000e+00,0.00000e+00,0.00000e+00,1.38771e-05,0.00000e+00,0.00000e+00,2.33932e-07,0.00000e+00,0.00000e+00,2.50000e-01,0.00000e+00,6.00625e-01,5.06250e-02,3.84113e+04,nan,nan,nan,nan,1,2.00749e+00,2.00749e+00,5.00000e-03,5.00000e-03
0.00000e+00,9.83422e-01,1.66375e-01,1.00000e+00,1.00000e-12,7.00133e-07,0.00000e+00,7.20000e-01,2.80000e-01,1.41110e-05,0.00000e+00,0.00000e+00,0.00000e+00,0.00000e+00,0.00000e+00,1.38771e-05,0.00000e+00,0.00000e+00,2.33932e-07,0.00000e+00,0.00000e+00,2.50000e-01,0.00000e+00,6.00625e-01,5.06250e-02,3.83265e+04,nan,nan,nan,nan,1,2.01116e+00,2.01116e+00,5.00000e-03,5.00000e-03
0.00000e+00,9.83422e-01,1.66375e-01,1.00000e+00,1.00000e-12,7.00133e-07,0.00000e+00,7.20000e-01,2.80000e-01,1.41110e-05,0.00000e+00,0.00000e+00,0.00000e+00,0.00000e+00,0.00000e+00,1.38771e-05,0.00000e+00,0.00000e+00,2.33932e-07,0.00000e+00,0.00000e+00,2.50000e-01,0.00000e+00,6.00625e-01,5.06250e-02,3.82417e+04,nan,nan,nan,nan,1,2.01483e+00,2.01483e+00,5.00000e-03,5.00000e-03
0.00000e+00,9.83422e-01,1.66375e-01,1.00000e+00,1.00000e-12,7.00133e-07,0.00000e+00,7.20000e-01,2.80000e-01,1.41110e-05,0.00000e+00,0.00000e+00,0.00000e+00,0.00000e+00,0.00000e+00,1.38771e-05,0.00000e+00,0.00000e+00,2.33932e-07,0.00000e+00,0.00000e+00,2.50000e-01,0.00000e+00,6.00625e-01,5.06250e-02,3.81569e+04,nan,nan,nan,nan,1,2.01850e+00,2.01850e+00,5.00000e-03,5.00000e-03
0.00000e+00,9.83422e-01,1.66375e-01,1.00000e+00,1.00000e-12,7.00133e-07,0.00000e+00,7.20000e-01,2.80000e-01,1.41110e-05,0.00000e+00,0.00000e+00,0.00000e+00,0.00000e+00,0.00000e+00,1.38771e-05,0.00000e+00,0.00000e+00,2.33932e-07,0.00000e+00,0.00000e+00,2.50000e-01,0.00000e+00,6.00625e-01,5.06250e-02,3.80721e+04,nan,nan,nan,nan,1,2.02217e+00,2.02217e+00,5.00000e-03,5.00000e-03
0.00000e+00,9.83422e-01,1.66375e-01,1.00000e+00,1.00000e-12,7.00133e-07,0.00000e+00,7.20000e-01,2.80000e-01,1.41110e-05,0.00000e+00,0.00000e+00,0.00000e+00,0.00000e+00,0.00000e+00,1.38771e-05,0.00000e+00,0.00000e+00,2.33932e-07,0.00000e+00,0.00000e+00,2.50000e-01,0.00000e+00,6.00625e-01,5.06250e-02,3.79873e+04,nan,nan,nan,nan,1,2.02584e+00,2.02584e+00,5.00000e-03,5.00000e-03
0.00000e+00,9.83422e-01,1.66375e-01,1.00000e+00,1.00000e-12,7.00133e-07,0.00000e+00,7.20000e-01,2.80000e-01,1.41110e-05,0.00000e+00,0.00000e+00,0.00000e+00,0.00000e+00,0.00000e+00,1.38771e-05,0.00000e+00,0.00000e+00,2.33932e-07,0.00000e+00,0.00000e+00,2.50000e-01,0.00000e+00,6.00625e-01,5.06250e-02,3.79025e+04,nan,nan,nan,nan,1,2.02951e+00,2.02951e+00,5.00000e-03,5.00000e-03
0.00000e+00,9.83422e-01,1.66375e-01,1.00000e+00,1.00000e-12,7.00133e-07,0.00000e+00,7.20000e-01,2.80000e-01,1.41110e-05,0.00000e+00,0.00000e+00,0.00000e+00,0.00000e+00,0.00000e+00,1.38771e-05,0.00000e+00,0.00000e+00,2.33932e-07,0.00000e+00,0.00000e+00,2.50000e-01,0.00000e+00,6.00625e-01,5.06250e-02,3.78177e+04,nan,nan,nan,nan,1,2.03318e+00,2.03318e+00,5.00000e-03,5.00000e-03
0.00000e+00,9.83422e-01,1.66375e-01,1.00000e+00,1.00000e-12,7.00133e-07,0.00000e+00,7.20000e-01,2.80000e-01,1.41110e-05,0.00000e+00,0.00000e+00,0.00000e+00,0.00000e+00,0.00000e+00,1.38771e-05,0.00000e+00,0.00000e+00,2.33932e-07,0.00000e+00,0.00000e+00,2.50000e-01,0.00000e+00,6.00625e-01,5.06250e-02,3.77329e+04,nan,nan,nan,nan,1,2.03685e+00,2.03685e+00,5.00000e-03,5.00000e-03
0.00000e+00,9.83422e-01,1.66375e-01,1.00000e+00,1.00000e-12,7.00133e-07,0.00000e+00,7.20000e-01,2.80000e-01,1.41110e-05,0.00000e+00,0.00000e+00,0.00000e+00,0.00000e+00,0.00000e+00,1.38771e-05,0.00000e+00,0.00000e+00,2.33932e-07,0.00000e+00,0.00000e+00,2.50000e-01,0.00000e+00,6.00625e-01,5.06250e-02,3.76481e+04,nan,nan,nan,nan,1,2.04052e+00,2.04052e+00,5.00000e-03,5.00000e-03
0.00000e+00,9.83422e-01,1.66375e-01,1.00000e+00,1.00000e-12,7.00133e-07,0.00000e+00,7.20000e-01,2.80000e-01,1.41110e-05,0.00000e+00,0.00000e+00,0.00000e+00,0.00000e+00,0.00000e+00,1.38771e-05,0.00000e+00,0.00000e+00,2.33932e-07,0.00000e+00,0.00000e+00,2.50000e-01,0.00000e+00,6.00625e-01,5.06250e-02,3.75633e+04,nan,nan,nan,nan,1,2.04419e+00,2.04419e+00,5.00000e-03,5.00000e-03
0.00000e+00,9.83422e-01,1.66375e-01,1.00000e+00,1.00000e-12,7.00133e-07,0.00000e+00,7.20000e-01,2.80000e-01,1.41110e-05,0.00000e+00,0.00000e+00,0.00000e+00,0.00000e+00,0.00000e+00,1.38771e-05,0.00000e+00,0.00000e+00,2.33932e-07,0.00000e+00,0.00000e+00,2.50000e-01,0.00000e+00,6.00625e-01,5.06250e-02,3.74785e+04,nan,nan,nan,nan,1,2.04786e+00,2.04786e+00,5.00000e-03,5.00000e-03
0.00000e+00,9.83422e-01,1.66375e-01,1.00000e+00,1.00000e-12,7.00133e-07,0.00000e+00,7.20000e-01,2.80000e-01,1.41110e-05,0.00000e+00,0.00000e+00,0.00000e+00,0.00000e+00,0.00000e+00,1.38771e-05,0.00000e+00,0.00000e+00,2.33932e-07,0.00000e+00,0.00000e+00,2.50000e-01,0.00000e+00,6.00625e-01,5.06250e-02,3.73937e+04,nan,nan,nan,nan,1,2.05153e+00,2.05153e+00,5.00000e-03,5.00000e-03
0.00000e+00,9.83422e-01,1.66375e-01,1.00000e+00,1.00000e-12,7.00133e-07,0.00000e+00,7.20000e-01,2.80000e-01,1.41110e-05,0.00000e+00,0.00000e+00,0.00000e+00,0.00000e+00,0.00000e+00,1.38771e-05,0.00000e+00,0.00000e+00,2.33932e-07,0.00000e+00,0.00000e+00,2.50000e-01,0.00000e+00,6.00625e-01,5.06250e-02,3.73089e+04,nan,nan,nan,nan,1,2.05520e+00,2.05520e+00,5.00000e-03,5.00000e-03
0.00000e+00,9.83422e-01,1.66375e-01,1.00000e+00,1.00000e-12,7.00133e-07,0.00000e+00,7.20000e-01,2.80000e-01,1.41110e-05,0.00000e+00,0.00000e+00,0.00000e+00,0.00000e+00,0.00000e+00,1.38771e-05,0.00000e+00,0.00000e+00,2.33932e-07,0.00000e+00,0.00000e+00,2.50000e-01,0.00000e+00,6.00625e-01,5.06250e-02,3.72242e+04,nan,nan,nan,nan,1,2.05887e+00,2.05887e+00,5.00000e-03,5.00000e-03
0.00000e+00,9.83422e-01,1.66375e-01,1.00000e+00,1.00000e-12,7.00133e-07,0.00000e+00,7.20000e-01,2.80000e-01,1.41110e-05,0.00000e+00,0.00000e+00,0.00000e+00,0.00000e+00,0.00000e+00,1.38771e-05,0.00000e+00,0.00000e+00,2.33932e-07,0.00000e+00,0.00000e+00,2.50000e-01,0.00000e+00,6.00625e-01,5.06250e-02,3.71394e+04,nan,nan,nan,nan,1,2.06254e+00,2.06254e+00,5.00000e-03,5.00000e-03
0.00000e+00,9.83422e-01,1.66375e-01,1.00000e+00,1.00000e-12,7.00133e-07,0.00000e+00,7.20000e-01,2.80000e-01,1.41110e-05,0.00000e+00,0.00000e+00,0.00000e+00,0.00000e+00,0.00000e+00,1.38771e-05,0.00000e+00,0.00000e+00,2.33932e-07,0.00000e+00,0.00000e+00,2.50000e-01,0.00000e+00,6.00625e-01,5.06250e-02,3.70546e+04,nan,nan,nan,nan,1,2.06621e+00,2.06621e+00,5.00000e-03,5.00000e-03
0.00000e+00,9.83422e-01,1.66375e-01,1.00000e+00,1.00000e-12,7.00133e-07,0.00000e+00,7.20000e-01,2.80000e-01,1.41110e-05,0.00000e+00,0.00000e+00,0.00000e+00,0.00000e+00,0.00000e+00,1.38771e-05,0.00000e+00,0.00000e+00,2.33932e-07,0.00000e+00,0.00000e+00,2.50000e-01,0.00000e+00,6.00625e-01,5.06250e-02,3.69698e+04,nan,nan,nan,nan,1,2.06988e+00,2.06988e+00,5.00000e-03,5.00000e-03
0.00000e+00,9.83422e-01,1.66375e-01,1.00000e+00,1.00000e-12,7.00133e-07,0.00000e+00,7.20000e-01,2.80000e-01,1.41110e-05,0.00000e+00,0.00000e+00,0.00000e+00,0.00000e+00,0.00000e+00,1.38771e-05,0.00000e+00,0.00000e+00,2.33932e-07,0.00000e+00,0.00000e+00,2.50000e-01,0.00000e+00,6.00625e-01,5.06250e-02,3.68850e+04,nan,nan,nan,nan,1,2.07355e+00,2.07355e+00,5.00000e-03,5.00000e-03
0.00000e+00,9.83422e-01,1.66375e-01,1.00000e+00,1.00000e-12,7.00133e-07,0.00000e+00,7.20000e-01,2.80000e-01,1.41110e-05,0.00000e+00,0.00000e+00,0.00000e+00,0.00000e+00,0.00000e+00,1.38771e-05,0.00000e+00,0.00000e+00,2.33932e-07,0.00000e+00,0.00000e+00,2.50000e-01,0.00000e+00,6.00625e-01,5.06250e-02,3.68002e+04,nan,nan,nan,nan,1,2.07722e+00,2.07722e+00,5.00000e-03,5.00000e-03
0.00000e+00,9.83422e-01,1.66375e-01,1.00000e+00,1.00000e-12,7.00133e-07,0.00000e+00,7.20000e-01,2.80000e-01,1.41110e-05,0.00000e+00,0.00000e+00,0.00000e+00,0.00000e+00,0.00000e+00,1.38771e-05,0.00000e+00,0.00000e+00,2.33932e-07,0.00000e+00,0.00000e+00,2.50000e-01,0.00000e+00,6.00625e-01,5.06250e-02,3.67154e+04,nan,nan,nan,nan,1,2.08089e+00,2.08089e+00,5.00000e-03,5.00000e-03
0.00000e+00,9.83422e-01,1.66375e-01,1.00000e+00,1.00000e-12,7.00133e-07,0.00000e+00,7.20000e-01,2.80000e-01,1.41110e-05,0.00000e+00,0.00000e+00,0.00000e+00,0.00000e+00,0.00000e+00,1.38771e-05,0.00000e+00,0.00000e+00,2.33932e-07,0.00000e+00,0.00000e+00,2.50000e-01,0.00000e+00,6.00625e-01,5.06250e-02,3.66306e+04,nan,nan,nan,nan,1,2.08456e+00,2.08456e+00,5.00000e-03,5.00000e-03
0.00000e+00,9.83422e-01,1.66375e-01,1.00000e+00,1.00000e-12,7.00133e-07,0.00000e+00,7.20000e-01,2.80000e-01,1.41110e-05,0.00000e+00,0.00000e+00,0.00000e+00,0.00000e+00,0.00000e+00,1.38771e-05,0.00000e+00,0.00000e+00,2.33932e-07,0.00000e+00,0.00000e+00,2.50000e-01,0.00000e+00,6.00625e-01,5.06250e-02,3.65458e+04,nan,nan,nan,nan,1,2.08823e+00,2.08823e+00,5.00000e-03,5.00000e-03
0.00000e+00,9.83422e-01,1.66375e-01,1.00000e+00,1.00000e-12,7.00133e-07,0.00000e+00,7.20000e-01,2.80000e-01,1.41110e-05,0.00000e+00,0.00000e+00,0.00000e+00,0.00000e+00,0.00000e+00,1.38771e-05,0.00000e+00,0.00000e+00,2.33932e-07,0.00000e+00,0.00000e+00,2.50000e-01,0.00000e+00,6.00625e-01,5.06250e-02,3.64610e+04,nan,nan,nan,nan,1,2.09190e+00,2.09190e+00,5.00000e-03,5.00000e-03
0.00000e+00,9.83422e-01,1.66375e-01,1.00000e+00,1.00000e-12,7.00133e-07,0.00000e+00,7.20000e-01,2.80000e-01,1.41110e-05,0.00000e+00,0.00000e+00,0.00000e+00,0.00000e+00,0.00000e+00,1.38771e-05,0.00000e+00,0.00000e+00,2.33932e-07,0.00000e+00,0.00000e+00,2.50000e-01,0.00000e+00,6.00625e-01,5.06250e-02,3.63762e+04,nan,nan,nan,nan,1,2.09557e+00,2.09557e+00,5.00000e-03,5.00000e-03
0.00000e+00,9.83422e-01,1.66375e-01,1.00000e+00,1.00000e-12,7.00133e-07,0.00000e+00,7.20000e-01,2.80000e-01,1.41110e-05,0.00000e+00,0.00000e+00,0.00000e+00,0.00000e+00,0.00000e+00,1.38771e-05,0.00000e+00,0.00000e+00,2.33932e-07,0.00000e+00,0.00000e+00,2.50000e-01,0.00000e+00,6.00625e-01,5.06250e-02,3.62914e+04,nan,nan,nan,nan,1,2.09924e+00,2.09924e+00,5.00000e-03,5.00000e-03
0.00000e+00,9.83422e-01,1.66375e-01,1.00000e+00,1.00000e-12,7.00133e-07,0.00000e+00,7.20000e-01,2.80000e-01,1.41110e-05,0.00000e+00,0.00000e+00,0.00000e+00,0.00000e+00,0.00000e+00,1.38771e-05,0.00000e+00,0.00000e+00,2.33932e-07,0.00000e+00,0.00000e+00,2.50000e-01,0.00000e+00,6.00625e-01,5.06250e-02,3.62066e+04,nan,nan,nan,nan,1,2.10291e+00,2.10291e+00,5.00000e-03,5.00000e-03
0.00000e+00,9.83422e-01,1.66375e-01,1.00000e+00,1.00000e-12,7.00133e-07,0.00000e+00,7.20000e-01,2.80000e-01,1.41110e-05,0.00000e+00,0.00000e+00,0.00000e+00,0.00000e+00,0.00000e+00,1.38771e-05,0.00000e+00,0.00000e+00,2.33932e-07,0.00000e+00,0.00000e+00,2.50000e-01,0.00000e+00,6.00625e-01,5.06250e-02,3.61219e+04,nan,nan,nan,nan,1,2.10658e+00,2.10658e+00,5.00000e-03,5.00000e-03
0.00000e+00,9.83422e-01,1.66375e-01,1.00000e+00,1.00000e-12,7.00133e-07,0.00000e+00,7.20000e-01,2.80000e-01,1.41110e-05,0.00000e+00,0.00000e+00,0.00000e+00,0.00000e+00,0.00000e+00,1.38771e-05,0.00000e+00,0.00000e+00,2.33932e-07,0.00000e+00,0.00000e+00,2.50000e-01,0.00000e+00,6.00625e-01,5.06250e-02,3.60371e+04,nan,nan,nan,nan,1,2.11025e+00,2.11025e+00,5.00000e-03,5.00000e-03
0.00000e+00,9.83422e-01,1.66375e-01,1.00000e+00,1.00000e-12,7.00133e-07,0.00000e+00,7.20000e-01,2.80000e-01,1.41110e-05,0.00000e+00,0.00000e+00,0.00000e+00,0.00000e+00,0.00000e+00,1.38771e-05,0.00000e+00,0.00000e+00,2.33932e-07,0.00000e+00,0.00000e+00,2.50000e-01,0.00000e+00,6.00625e-01,5.06250e-02,3.59523e+04,nan,nan,nan,nan,1,2.11392e+00,2.11392e+00,5.00000e-03,5.00000e-03
0.00000e+00,9.83422e-01,1.66375e-01,1.00000e+00,1.00000e-12,7.00133e-07,0.00000e+00,7.20000e-01,2.80000e-01,1.41110e-05,0.00000e+00,0.00000e+00,0.00000e+00,0.00000e+00,0.00000e+00,1.38771e-05,0.00000e+00,0.00000e+00,2.33932e-07,0.00000e+00,0.00000e+00,2.50000e-01,0.00000e+00,6.00625e-01,5.06250e-02,3.58675e+04,nan,nan,nan,nan,1,2.11759e+00,2.11759e+00,5.00000e-03,5.00000e-03
0.00000e+00,9.83422e-01,1.66375e-01,1.00000e+00,1.00000e-12,7.00133e-07,0.00000e+00,7.20000e-01,2.80000e-01,1.41110e-05,0.00000e+00,0.00000e+00,0.00000e+00,0.00000e+00,0.00000e+00,1.38771e-05,0.00000e+00,0.00000e+00,2.33932e-07,0.00000e+00,0.00000e+00,2.50000e-01,0.00000e+00,6.00625e-01,5.06250e-02,3.57827e+04,nan,nan,nan,nan,1,2.12126e+00,2.12126e+00,5.00000e-03,5.00000e-03
0.00000e+00,9.83422e-01,1.66375e-01,1.00000e+00,1.00000e-12,7.00133e-07,0.00000e+00,7.20000e-01,2.80000e-01,1.41110e-05,0.00000e+00,0.00000e+00,0.00000e+00,0.00000e+00,0.00000e+00,1.38771e-05,0.00000e+00,0.00000e+00,2.33932e-07,0.00000e+00,0.00000e+00,2.50000e-01,0.00000e+00,6.00625e-01,5.06250e-02,3.56979e+04,nan,nan,nan,nan,1,2.12493e+00,2.12493e+00,5.00000e-03,5.00000e-03
0.00000e+00,9.83422e-01,1.66375e-01,1.00000e+00,1.00000e-12,7.00133e-07,0.00000e+00,7.20000e-01,2.80000e-01,1.41110e-05,0.00000e+00,0.00000e+00,0.00000e+00,0.00000e+00,0.00000e+00,1.38771e-05,0.00000e+00,0.00000e+00,2.33932e-07,0.00000e+00,0.00000e+00,2.50000e-01,0.00000e+00,6.00625e-01,5.06250e-02,3.56131e+04,nan,nan,nan,nan,1,2.12860e+00,2.12860e+00,5.00000e-03,5.00000e-03
0.00000e+00,9.83422e-01,1.66375e-01,1.00000e+00,1.00000e-12,7.00133e-07,0.00000e+00,7.20000e-01,2.80000e-01,1.41110e-05,0.00000e+00,0.00000e+00,0.00000e+00,0.00000e+00,0.00000e+00,1.38771e-05,0.00000e+00,0.00000e+00,2.33932e-07,0.00000e+00,0.00000e+00,2.50000e-01,0.00000e+00,6.00625e-01,5.06250e-02,3.55283e+04,nan,nan,nan,nan,1,2.13227e+00,2.13227e+00,5.00000e-03,5.00000e-03
0.00000e+00,9.83422e-01,1.66375e-01,1.00000e+00,1.00000e-12,7.00133e-07,0.00000e+00,7.20000e-01,2.80000e-01,1.41110e-05,0.00000e+00,0.00000e+00,0.00000e+00,0.00000e+00,0.00000e+00,1.38771e-05,0.00000e+00,0.00000e+00,2.33932e-07,0.00000e+00,0.00000e+00,2.50000e-01,0.00000e+00,6.00625e-01,5.06250e-02,3.54435e+04,nan,nan,nan,nan,1,2.13594e+00,2.13594e+00,5.00000e-03,5.00000e-03
0.00000e+00,9.83422e-01,1.66375e-01,1.00000e+00,1.00000e-12,7.00133e-07,0.00000e+00,7.20000e-01,2.80000e-01,1.41110e-05,0.00000e+00,0.00000e+00,0.00000e+00,0.00000e+00,0.00000e+00,1.38771e-05,0.00000e+00,0.00000e+00,2.33932e-07,0.00000e+00,0.00000e+00,2.50000e-01,0.00000e+00,6.00625e-01,5.06250e-02,3.53587e+04,nan,nan,nan,nan,1,2.13961e+00,2.13961e+00,5.00000e-03,5.00000e-03
0.00000e+00,9.83422e-01,1.66375e-01,1.00000e+00,1.00000e-12,7.00133e-07,0.00000e+00,7.20000e-01,2.80000e-01,1.41110e-05,0.00000e+00,0.00000e+00,0.00000e+00,0.00000e+00,0.00000e+00,1.38771e-05,0.00000e+00,0.00000e+00,2.33932e-07,0.00000e+00,0.00000e+00,2.50000e-01,0.00000e+00,6.00625e-01,5.06250e-02,3.52739e+04,nan,nan,nan,nan,1,2.14328e+00,2.14328e+00,5.00000e-03,5.00000e-03
0.00000e+00,9.83422e-01,1.66375e-01,1.00000e+00,1.00000e-12,7.00133e-07,0.00000e+00,7.20000e-01,2.80000e-01,1.41110e-05,0.00000e+00,0.00000e+00,0.00000e+00,0.00000e+00,0.00000e+00,1.38771e-05,0.00000e+00,0.00000e+00,2.33932e-07,0.00000e+00,0.00000e+00,2.50000e-01,0.00000e+00,6.00625e-01,5.06250e-02,3.51891e+04,nan,nan,nan,nan,1,2.14695e+00,2.14695e+00,5.00000e-03,5.00000e-03
0.00000e+00,9.83422e-01,1.66375e-01,1.00000e+00,1.00000e-12,7.00133e-07,0.00000e+00,7.20000e-01,2.80000e-01,1.41110e-05,0.00000e+00,0.00000e+00,0.00000e+00,0.00000e+00,0.00000e+00,1.38771e-05,0.00000e+00,0.00000e+00,2.33932e-07,0.00000e+00,0.00000e+00,2.50000e-01,0.00000e+00,6.00625e-01,5.06250e-02,3.51043e+04,nan,nan,nan,nan,1,2.15062e+00,2.15062e+00,5.00000e-03,5.00000e-03
0.00000e+00,9.83422e-01,1.66375e-01,1.00000e+00,1.00000e-12,7.00133e-07,0.00000e+00,7.20000e-01,2.80000e-01,1.41110e-05,0.00000e+00,0.00000e+00,0.00000e+00,0.00000e+00,0.00000e+00,1.38771e-05,0.00000e+00,0.00000e+00,2.33932e-07,0.00000e+00,0.00000e+00,2.50000e-01,0.00000e+00,6.00625e-01,5.06250e-02,3.50195e+04,nan,nan,nan,nan,1,2.15429e+00,2.15429e+00,5.00000e-03,5.00000e-03
0.00000e+00,9.83422e-01,1.66375e-01,1.00000e+00,1.00000e-12,7.00133e-07,0.00000e+00,7.20000e-01,2.80000e-01,1.41110e-05,0.00000e+00,0.00000e+00,0.00000e+00,0.00000e+00,0.00000e+00,1.38771e-05,0.00000e+00,0.00000e+00,2.33932e-07,0.00000e+00,0.00000e+00,2.50000e-01,0.00000e+00,6.00625e-01,5.06250e-02,3.49347e+04,nan,nan,nan,nan,1,2.15796e+00,2.15796e+00,5.00000e-03,5.00000e-03
0.00000e+00,9.83422e-01,1.66375e-01,1.00000e+00,1.00000e-12,7.00133e-07,0.00000e+00,7.20000e-01,2.80000e-01,1.41110e-05,0.00000e+00,0.00000e+00,0.00000e+00,0.00000e+00,0.00000e+00,1.38771e-05,0.00000e+00,0.00000e+00,2.33932e-07,0.00000e+00,0.00000e+00,2.50000e-01,0.00000e+00,6.00625e-01,5.06250e-02,3.48499e+04,nan,nan,nan,nan,1,2.16163e+00,2.16163e+00,5.00000e-03,5.00000e-03
0.00000e+00,9.83422e-01,1.66375e-01,1.00000e+00,1.00000e-12,7.00133e-07,0.00000e+00,7.20000e-01,2.80000e-01,1.41110e-05,0.00000e+00,0.00000e+00,0.00000e+00,0.00000e+00,0.00000e+00,1.38771e-05,0.00000e+00,0.00000e+00,2.33932e-07,0.00000e+00,0.00000e+00,2.50000e-01,0.00000e+00,6.00625e-01,5.06250e-02,3.47652e+04,nan,nan,nan,nan,1,2.16530e+00,2.16530e+00,5.00000e-03,5.00000e-03
0.00000e+00,9.83422e-01,1.66375e-01,1.00000e+00,1.00000e-12,7.00133e-07,0.00000e+00,7.20000e-01,2.80000e-01,1.41110e-05,0.00000e+00,0.00000e+00,0.00000e+00,0.00000e+00,0.00000e+00,1.38771e-05,0.00000e+00,0.00000e+00,2.33932e-07,0.00000e+00,0.00000e+00,2.50000e-01,0.00000e+00,6.00625e-01,5.06250e-02,3.46804e+04,nan,nan,nan,nan,1,2.16897e+00,2.16897e+00,5.00000e-03,5.00000e-03
0.00000e+00,9.83422e-01,1.66375e-01,1.00000e+00,1.00000e-12,7.00133e-07,0.00000e+00,7.20000e-01,2.80000e-01,1.41110e-05,0.00000e+00,0.00000e+00,0.00000e+00,0.00000e+00,0.00000e+00,1.38771e-05,0.00000e+00,0.00000e+00,2.33932e-07,0.00000e+00,0.00000e+00,2.50000e-01,0.00000e+00,6.00625e-01,5.06250e-02,3.45956e+04,nan,nan,nan,nan,1,2.17264e+00,2.17264e+00,5.00000e-03,5.00000e-03
0.00000e+00,9.83422e-01,1.66375e-01,1.00000e+00,1.00000e-12,7.00133e-07,0.00000e+00,7.20000e-01,2.80000e-01,1.41110e-05,0.00000e+00,0.00000e+00,0.00000e+00,0.00000e+00,0.00000e+00,1.38771e-05,0.00000e+00,0.00000e+00,2.33932e-07,0.00000e+00,0.00000e+00,2.50000e-01,0.00000e+00,6.00625e-01,5.06250e-02,3.45108e+04,nan,nan,nan,nan,1,2.17631e+00,2.17631e+00,5.00000e-03,5.00000e-03
0.00000e+00,9.83422e-01,1.66375e-01,1.00000e+00,1.00000e-12,7.00133e-07,0.00000e+00,7.20000e-01,2.80000e-01,1.41110e-05,0.00000e+00,0.00000e+00,0.00000e+00,0.00000e+00,0.00000e+00,1.38771e-05,0.00000e+00,0.00000e+00,2.33932e-07,0.00000e+00,0.00000e+00,2.50000e-01,0.00000e+00,6.00625e-01,5.06250e-02,3.44260e+04,nan,nan,nan,nan,1,2.17998e+00,2.17998e+00,5.00000e-03,5.00000e-03
0.00000e+00,9.83422e-01,1.66375e-01,1.00000e+00,1.00000e-12,7.00133e-07,0.00000e+00,7.20000e-01,2.80000e-01,1.41110e-05,0.00000e+00,0.00000e+00,0.00000e+00,0.00000e+00,0.00000e+00,1.38771e-05,0.00000e+00,0.00000e+00,2.33932e-07,0.00000e+00,0.00000e+00,2.50000e-01,0.00000e+00,6.00625e-01,5.06250e-02,3.43412e+04,nan,nan,nan,nan,1,2.18365e+00,2.18365e+00,5.00000e-03,5.00000e-03
0.00000e+00,9.83422e-01,1.66375e-01,1.00000e+00,1.00000e-12,7.00133e-07,0.00000e+00,7.20000e-01,2.80000e-01,1.41110e-05,0.00000e+00,0.00000e+00,0.00000e+00,0.00000e+00,0.00000e+00,1.38771e-05,0.00000e+00,0.00000e+00,2.33932e-07,0.00000e+00,0.00000e+00,2.50000e-01,0.00000e+00,6.00625e-01,5.06250e-02,3.42564e+04,nan,nan,nan,nan,1,2.18732e+00,2.18732e+00,5.00000e-03,5.00000e-03
0.00000e+00,9.83422e-01,1.66375e-01,1.00000e+00,1.00000e-12,7.00133e-07,0.00000e+00,7.20000e-01,2.80000e-01,1.41110e-05,0.00000e+00,0.00000e+00,0.00000e+00,0.00000e+00,0.00000e+00,1.38771e-05,0.00000e+00,0.00000e+00,2.33932e-07,0.00000e+00,0.00000e+00,2.50000e-01,0.00000e+00,6.00625e-01,5.06250e-02,3.41716e+04,nan,nan,nan,nan,1,2.19099e+00,2.19099e+00,5.00000e-03,5.00000e-03
0.00000e+00,9.83422e-01,1.66375e-01,1.00000e+00,1.00000e-12,7.00133e-07,0.00000e+00,7.20000e-01,2.80000e-01,1.41110e-05,0.00000e+00,0.00000e+00,0.00000e+00,0.00000e+00,0.00000e+00,1.38771e-05,0.00000e+00,0.00000e+00,2.33932e-07,0.00000e+00,0.00000e+00,2.50000e-01,0.00000e+00,6.00625e-01,5.06250e-02,3.40868e+04,nan,nan,nan,nan,1,2.19466e+00,2.19466e+00,5.00000e-03,5.00000e-03
0.00000e+00,9.83422e-01,1.66375e-01,1.00000e+00,1.00000e-12,7.00133e-07,0.00000e+00,7.20000e-01,2.80000e-01,1.41110e-05,0.00000e+00,0.00000e+00,0.00000e+00,0.00000e+00,0.00000e+00,1.38771e-05,0.00000e+00,0.00000e+00,2.33932e-07,0.00000e+00,0.00000e+00,2.50000e-01,0.00000e+00,6.00625e-01,5.06250e-02,3.40020e+04,nan,nan,nan,nan,1,2.19833e+00,2.19833e+00,5.00000e-03,5.00000e-03
0.00000e+00,9.83422e-01,1.66375e-01,1.00000e+00,1.00000e-12,7.00133e-07,0.00000e+00,7.20000e-01,2.80000e-01,1.41110e-05,0.00000e+00,0.00000e+00,0.00000e+00,0.00000e+00,0.00000e+00,1.38771e-05,0.00000e+00,0.00000e+00,2.33932e-07,0.00000e+00,0.00000e+00,2.50000e-01,0.00000e+00,6.00625e-01,5.06250e-02,3.39172e+04,nan,nan,nan,nan,1,2.20200e+00,2.20200e+00,5.00000e-03,5.00000e-03
0.00000e+00,9.83422e-01,1.66375e-01,1.00000e+00,1.00000e-12,7.00133e-07,0.00000e+00,7.20000e-01,2.80000e-01,1.41110e-05,0.00000e+00,0.00000e+00,0.00000e+00,0.00000e+00,0.00000e+00,1.38771e-05,0.00000e+00,0.00000e+00,2.33932e-07,0.00000e+00,0.00000e+00,2.50000e-01,0.00000e+00,6.00625e-01,5.06250e-02,3.38324e+04,nan,nan,nan,nan,1,2.20567e+00,2.20567e+00,5.00000e-03,5.00000e-03
0.00000e+00,9.83422e-01,1.66375e-01,1.00000e+00,1.00000e-12,7.00133e-07,0.00000e+00,7.20000e-01,2.80000e-01,1.41110e-05,0.00000e+00,0.00000e+00,0.00000e+00,0.00000e+00,0.00000e+00,1.38771e-05,0.00000e+00,0.00000e+00,2.33932e-07,0.00000e+00,0.00000e+00,2.50000e-01,0.00000e+00,6.00625e-01,5.06250e-02,3.37476e+04,nan,nan,nan,nan,1,2.20934e+00,2.20934e+00,5.00000e-03,5.00000e-03
0.00000e+00,9.83422e-01,1.66375e-01,1.00000e+00,1.00000e-12,7.00133e-07,0.00000e+00,7.20000e-01,2.80000e-01,1.41110e-05,0.00000e+00,0.00000e+00,0.00000e+00,0.00000e+00,0.00000e+00,1.38771e-05,0.00000e+00,0.00000e+00,2.33932e-07,0.00000e+00,0.00000e+00,2.50000e-01,0.00000e+00,6.00625e-01,5.06250e-02,3.36629e+04,nan,nan,nan,nan,1,2.21301e+00,2.21301e+00,5.00000e-03,5.00000e-03
0.00000e+00,9.83422e-01,1.66375e-01,1.00000e+00,1.00000e-12,7.00133e-07,0.00000e+00,7.20000e-01,2.80000e-01,1.41110e-05,0.00000e+00,0.00000e+00,0.00000e+00,0.00000e+00,0.00000e+00,1.38771e-05,0.00000e+00,0.00000e+00,2.33932e-07,0.00000e+00,0.00000e+00,2.50000e-01,0.00000e+00,6.00625e-01,5.06250e-02,3.35781e+04,nan,nan,nan,nan,1,2.21668e+00,2.21668e+00,5.00000e-03,5.00000e-03
0.00000e+00,9.83422e-01,1.66375e-01,1.00000e+00,1.00000e-12,7.00133e-07,0.00000e+00,7.20000e-01,2.80000e-01,1.41110e-05,0.00000e+00,0.00000e+00,0.00000e+00,0.00000e+00,0.00000e+00,1.38771e-05,0.00000e+00,0.00000e+00,2.33932e-07,0.00000e+00,0.00000e+00,2.50000e-01,0.00000e+00,6.00625e-01,5.06250e-02,3.34933e+04,nan,nan,nan,nan,1,2.22035e+00,2.22035e+00,5.00000e-03,5.00000e-03
0.00000e+00,9.83422e-01,1.66375e-01,1.00000e+00,1.00000e-12,7.00133e-07,0.00000e+00,7.20000e-01,2.80000e-01,1.41110e-05,0.00000e+00,0.00000e+00,0.00000e+00,0.00000e+00,0.00000e+00,1.38771e-05,0.00000e+00,0.00000e+00,2.33932e-07,0.00000e+00,0.00000e+00,2.50000e-01,0.00000e+00,6.00625e-01,5.06250e-02,3.34085e+04,nan,nan,nan,nan,1,2.22402e+00,2.22402e+00,5.00000e-03,5.00000e-03
0.00000e+00,9.83422e-01,1.66375e-01,1.00000e+00,1.00000e-12,7.00133e-07,0.00000e+00,7.20000e-01,2.80000e-01,1.41110e-05,0.00000e+00,0.00000e+00,0.00000e+00,0.00000e+00,0.00000e+00,1.38771e-05,0.00000e+00,0.00000e+00,2.33932e-07,0.00000e+00,0.00000e+00,2.50000e-01,0.00000e+00,6.00625e-01,5.06250e-02,3.33237e+04,nan,nan,nan,nan,1,2.22769e+00,2.22769e+00,5.00000e-03,5.00000e-03
0.00000e+00,9.83422e-01,1.66375e-01,1.00000e+00,1.00000e-12,7.00133e-07,0.00000e+00,7.20000e-01,2.80000e-01,1.41110e-05,0.00000e+00,0.00000e+00,0.00000e+00,0.00000e+00,0.00000e+00,1.38771e-05,0.00000e+00,0.00000e+00,2.33932e-07,0.00000e+00,0.00000e+00,2.50000e-01,0.00000e+00,6.00625e-01,5.06250e-02,3.32389e+04,nan,nan,nan,nan,1,2.23136e+00,2.23136e+00,5.00000e-03,5.00000e-03
0.00000e+00,9.83422e-01,1.66375e-01,1.00000e+00,1.00000e-12,7.00133e-07,0.00000e+00,7.20000e-01,2.80000e-01,1.41110e-05,0.00000e+00,0.00000e+00,0.00000e+00,0.00000e+00,0.00000e+00,1.38771e-05,0.00000e+00,0.00000e+00,2.33932e-07,0.00000e+00,0.00000e+00,2.50000e-01,0.00000e+00,6.00625e-01,5.06250e-02,3.31541e+04,nan,nan,nan,nan,1,2.23503e+00,2.23503e+00,5.00000e-03,5.00000e-03
0.00000e+00,9.83422e-01,1.66375e-01,1.00000e+00,1.00000e-12,7.00133e-07,0.00000e+00,7.20000e-01,2.80000e-01,1.41110e-05,0.00000e+00,0.00000e+00,0.00000e+00,0.00000e+00,0.00000e+00,1.38771e-05,0.00000e+00,0.00000e+00,2.33932e-07,0.00000e+00,0.00000e+00,2.50000e-01,0.00000e+00,6.00625e-01,5.06250e-02,3.30693e+04,nan,nan,nan,nan,1,2.23870e+00,2.23870e+00,5.00000e-03,5.00000e-03
0.00000e+00,9.83422e-01,1.66375e-01,1.00000e+00,1.00000e-12,7.00133e-07,0.00000e+00,7.20000e-01,2.80000e-01,1.41110e-05,0.00000e+00,0.00000e+00,0.00000e+00,0.00000e+00,0.00000e+00,1.38771e-05,0.00000e+00,0.00000e+00,2.33932e-07,0.00000e+00,0.00000e+00,2.50000e-01,0.00000e+00,6.00625e-01,5.06250e-02,3.29845e+04,nan,nan,nan,nan,1,2.24237e+00,2.24237e+00,5.00000e-03,5.00000e-03
0.00000e+00,9.83422e-01,1.66375e-01,1.00000e+00,1.00000e-12,7.00133e-07,0.00000e+00,7.20000e-01,2.80000e-01,1.41110e-05,0.00000e+00,0.00000e+00,0.00000e+00,0.00000e+00,0.00000e+00,1.38771e-05,0.00000e+00,0.00000e+00,2.33932e-07,0.00000e+00,0.00000e+00,2.50000e-01,0.00000e+00,6.00625e-01,5.06250e-02,3.28997e+04,nan,nan,nan,nan,1,2.24604e+00,2.24604e+00,5.00000e-03,5.00000e-03
0.00000e+00,9.83422e-01,1.66375e-01,1.00000e+00,1.00000e-12,7.00133e-07,0.00000e+00,7.20000e-01,2.80000e-01,1.41110e-05,0.00000e+00,0.00000e+00,0.00000e+00,0.00000e+00,0.00000e+00,1.38771e-05,0.00000e+00,0.00000e+00,2.33932e-07,0.00000e+00,0.00000e+00,2.50000e-01,0.00000e+00,6.00625e-01,5.06250e-02,3.28149e+04,nan,nan,nan,nan,1,2.24971e+00,2.24971e+00,5.00000e-03,5.00000e-03
0.00000e+00,9.83422e-01,1.66375e-01,1.00000e+00,1.00000e-12,7.00133e-07,0.00000e+00,7.20000e-01,2.80000e-01,1.41110e-05,0.00000e+00,0.00000e+00,0.00000e+00,0.00000e+00,0.00000e+00,1.38771e-05,0.00000e+00,0.00000e+00,2.33932e-07,0.00000e+00,0.00000e+00,2.50000e-01,0.00000e+00,6.00625e-01,5.06250e-02,3.27301e+04,nan,nan,nan,nan,1,2.25338e+00,2.25338e+00,5.00000e-03,5.00000e-03
0.00000e+00,9.83422e-01,1.66375e-01,1.00000e+00,1.00000e-12,7.00133e-07,0.00000e+00,7.20000e-01,2.80000e-01,1.41110e-05,0.00000e+00,0.00000e+00,0.00000e+00,0.00000e+00,0.00000e+00,1.38771e-05,0.00000e+00,0.00000e+00,2.33932e-07,0.00000e+00,0.00000e+00,2.50000e-01,0.00000e+00,6.00625e-01,5.06250e-02,3.26453e+04,nan,nan,nan,nan,1,2.25705e+00,2.25705e+00,5.00000e-03,5.00000e-03
0.00000e+00,9.83422e-01,1.66375e-01,1.00000e+00,1.00000e-12,7.00133e-07,0.00000e+00,7.20000e-01,2.80000e-01,1.41110e-05,0.00000e+00,0.00000e+00,0.00000e+00,0.00000e+00,0.00000e+00,1.38771e-05,0.00000e+00,0.00000e+00,2.33932e-07,0.00000e+00,0.00000e+00,2.50000e-01,0.00000e+00,6.00625e-01,5.06250e-02,3.25605e+04,nan,nan,nan,nan,1,2.26072e+00,2.26072e+00,5.00000e-03,5.00000e-03
0.00000e+00,9.83422e-01,1.66375e-01,1.00000e+00,1.00000e-12,7.00133e-07,0.00000e+00,7.20000e-01,2.80000e-01,1.41110e-05,0.00000e+00,0.00000e+00,0.00000e+00,0.00000e+00,0.00000e+00,1.38771e-05,0.00000e+00,0.00000e+00,2.33932e-07,0.00000e+00,0.00000e+00,2.50000e-01,0.00000e+00,6.00625e-01,5.06250e-02,3.24758e+04,nan,nan,nan,nan,1,2.26439e+00,2.26439e+00,5.00000e-03,5.00000e-03
0.00000e+00,9.83422e-01,1.66375e-01,1.00000e+00,1.00000e-12,7.00133e-07,0.00000e+00,7.20000e-01,2.80000e-01,1.41110e-05,0.00000e+00,0.00000e+00,0.00000e+00,0.00000e+00,0.00000e+00,1.38771e-05,0.00000e+00,0.00000e+00,2.33932e-07,0.00000e+00,0.00000e+00,2.50000e-01,0.00000e+00,6.00625e-01,5.06250e-02,3.23910e+04,nan,nan,nan,nan,1,2.26806e+00,2.26806e+00,5.00000e-03,5.00000e-03
0.00000e+00,9.83422e-01,1.66375e-01,1.00000e+00,1.00000e-12,7.00133e-07,0.00000e+00,7.20000e-01,2.80000e-01,1.41110e-05,0.00000e+00,0.00000e+00,0.00000e+00,0.00000e+00,0.00000e+00,1.38771e-05,0.00000e+00,0.00000e+00,2.33932e-07,0.00000e+00,0.00000e+00,2.50000e-01,0.00000e+00,6.00625e-01,5.06250e-02,3.23062e+04,nan,nan,nan,nan,1,2.27173e+00,2.27173e+00,5.00000e-03,5.00000e-03
0.00000e+00,9.83422e-01,1.66375e-01,1.00000e+00,1.00000e-12,7.00133e-07,0.00000e+00,7.20000e-01,2.80000e-01,1.41110e-05,0.00000e+00,0.00000e+00,0.00000e+00,0.00000e+00,0.00000e+00,1.38771e-05,0.00000e+00,0.00000e+00,2.33932e-07,0.00000e+00,0.00000e+00,2.50000e-01,0.00000e+00,6.00625e-01,5.06250e-02,3.22214e+04,nan,nan,nan,nan,1,2.27540e+00,2.27540e+00,5.00000e-03,5.00000e-03
0.00000e+00,9.83422e-01,1.66375e-01,1.00000e+00,1.00000e-12,7.00133e-07,0.00000e+00,7.20000e-01,2.80000e-01,1.41110e-05,0.00000e+00,0.00000e+00,0.00000e+00,0.00000e+00,0.00000e+00,1.38771e-05,0.00000e+00,0.00000e+00,2.33932e-07,0.00000e+00,0.00000e+00,2.50000e-01,0.00000e+00,6.00625e-01,5.06250e-02,3.21366e+04,nan,nan,nan,nan,1,2.27907e+00,2.27907e+00,5.00000e-03,5.00000e-03
0.00000e+00,9.83422e-01,1.66375e-01,1.00000e+00,1.00000e-12,7.00133e-07,0.00000e+00,7.20000e-01,2.80000e-01,1.41110e-05,0.00000e+00,0.00000e+00,0.00000e+00,0.00000e+00,0.00000e+00,1.38771e-05,0.00000e+00,0.00000e+00,2.33932e-07,0.00000e+00,0.00000e+00,2.50000e-01,0.00000e+00,6.00625e-01,5.06250e-02,3.20518e+04,nan,nan,nan,nan,1,2.28274e+00,2.28274e+00,5.00000e-03,5.00000e-03
0.00000e+00,9.83422e-01,1.66375e-01,1.00000e+00,1.00000e-12,7.00133e-07,0.00000e+00,7.20000e-01,2.80000e-01,1.41110e-05,0.00000e+00,0.00000e+00,0.00000e+00,0.00000e+00,0.00000e+00,1.38771e-05,0.00000e+00,0.00000e+00,2.33932e-07,0.00000e+00,0.00000e+00,2.50000e-01,0.00000e+00,6.00625e-01,5.06250e-02,3.19670e+04,nan,nan,nan,nan,1,2.28641e+00,2.28641e+00,5.00000e-03,5.00000e-03
0.00000e+00,9.83422e-01,1.66375e-01,1.00000e+00,1.00000e-12,7.00133e-07,0.00000e+00,7.20000e-01,2.80000e-01,1.41110e-05,0.00000e+00,0.00000e+00,0.00000e+00,0.00000e+00,0.00000e+00,1.38771e-05,0.00000e+00,0.00000e+00,2.33932e-07,0.00000e+00,0.00000e+00,2.50000e-01,0.00000e+00,6.00625e-01,5.06250e-02,3.18822e+04,nan,nan,nan,nan,1,2.29008e+00,2.29008e+00,5.00000e-03,5.00000e-03
0.00000e+00,9.83422e-01,1.66375e-01,1.00000e+00,1.00000e-12,7.00133e-07,0.00000e+00,7.20000e-01,2.80000e-01,1.41110e-05,0.00000e+00,0.00000e+00,0.00000e+00,0.00000e+00,0.00000e+00,1.38771e-05,0.00000e+00,0.00000e+00,2.33932e-07,0.00000e+00,0.00000e+00,2.50000e-01,0.00000e+00,6.00625e-01,5.06250e-02,3.17974e+04,nan,nan,nan,nan,1,2.29375e+00,2.29375e+00,5.00000e-03,5.00000e-03
0.00000e+00,9.83422e-01,1.66375e-01,1.00000e+00,1.00000e-12,7.00133e-07,0.00000e+00,7.20000e-01,2.80000e-01,1.41110e-05,0.00000e+00,0.00000e+00,0.00000e+00,0.00000e+00,0.00000e+00,1.38771e-05,0.00000e+00,0.00000e+00,2.33932e-07,0.00000e+00,0.00000e+00,2.50000e-01,0.00000e+00,6.00625e-01,5.06250e-02,3.17126e+04,nan,nan,nan,nan,1,2.29742e+00,2.29742e+00,5.00000e-03,5.00000e-03
0.00000e+00,9.83422e-01,1.66375e-01,1.00000e+00,1.00000e-12,7.00133e-07,0.00000e+00,7.20000e-01,2.80000e-01,1.41110e-05,0.00000e+00,0.00000e+00,0.00000e+00,0.00000e+00,0.00000e+00,1.38771e-05,0.00000e+00,0.00000e+00,2.33932e-07,0.00000e+00,0.00000e+00,2.50000e-01,0.00000e+00,6.00625e-01,5.06250e-02,3.16278e+04,nan,nan,nan,nan,1,2.30109e+00,2.30109e+00,5.00000e-03,5.00000e-03
0.00000e+00,9.83422e-01,1.66375e-01,1.00000e+00,1.00000e-12,7.00133e-07,0.00000e+00,7.20000e-01,2.80000e-01,1.41110e-05,0.00000e+00,0.00000e+00,0.00000e+00,0.00000e+00,0.00000e+00,1.38771e-05,0.00000e+00,0.00000e+00,2.33932e-07,0.00000e+00,0.00000e+00,2.50000e-01,0.00000e+00,6.00625e-01,5.06250e-02,3.15430e+04,nan,nan,nan,nan,1,2.30476e+00,2.30476e+00,5.00000e-03,5.00000e-03
0.00000e+00,9.83422e-01,1.66375e-01,1.00000e+00,1.00000e-12,7.00133e-07,0.00000e+00,7.20000e-01,2.80000e-01,1.41110e-05,0.00000e+00,0.00000e+00,0.00000e+00,0.00000e+00,0.00000e+00,1.38771e-05,0.00000e+00,0.00000e+00,2.33932e-07,0.00000e+00,0.00000e+00,2.50000e-01,0.00000e+00,6.00625e-01,5.06250e-02,3.14582e+04,nan,nan,nan,nan,1,2.30843e+00,2.30843e+00,5.00000e-03,5.00000e-03
0.00000e+00,9.83422e-01,1.66375e-01,1.00000e+00,1.00000e-12,7.00133e-07,0.00000e+00,7.20000e-01,2.80000e-01,1.41110e-05,0.00000e+00,0.00000e+00,0.00000e+00,0.00000e+00,0.00000e+00,1.38771e-05,0.00000e+00,0.00000e+00,2.33932e-07,0.00000e+00,0.00000e+00,2.50000e-01,0.00000e+00,6.00625e-01,5.06250e-02,3.13734e+04,nan,nan,nan,nan,1,2.31210e+00,2.31210e+00,5.00000e-03,5.00000e-03
0.00000e+00,9.83422e-01,1.66375e-01,1.00000e+00,1.00000e-12,7.00133e-07,0.00000e+00,7.20000e-01,2.80000e-01,1.41110e-05,0.00000e+00,0.00000e+00,0.00000e+00,0.00000e+00,0.00000e+00,1.38771e-05,0.00000e+00,0.00000e+00,2.33932e-07,0.00000e+00,0.00000e+00,2.50000e-01,0.00000e+00,6.00625e-01,5.06250e-02,3.12886e+04,nan,nan,nan,nan,1,2.31577e+00,2.31577e+00,5.00000e-03,5.00000e-03
0.00000e+00,9.83422e-01,1.66375e-01,1.00000e+00,1.00000e-12,7.00133e-07,0.00000e+00,7.20000e-01,2.80000e-01,1.41110e-05,0.00000e+00,0.00000e+00,0.00000e+00,0.00000e+00,0.00000e+00,1.38771e-05,0.00000e+00,0.00000e+00,2.33932e-07,0.00000e+00,0.00000e+00,2.50000e-01,0.00000e+00,6.00625e-01,5.06250e-02,3.12038e+04,nan,nan,nan,nan,1,2.31944e+00,2.31944e+00,5.00000e-03,5.00000e-03
0.00000e+00,9.83422e-01,1.66375e-01,1.00000e+00,1.00000e-12,7.00133e-07,0.00000e+00,7.20000e-01,2.80000e-01,1.41110e-05,0.00000e+00,0.00000e+00,0.00000e+00,0.00000e+00,0.00000e+00,1.38771e-05,0.00000e+00,0.00000e+00,2.33932e-07,0.00000e+00,0.00000e+00,2.50000e-01,0.00000e+00,6.00625e-01,5.06250e-02,3.11191e+04,nan,nan,nan,nan,1,2.32311e+00,2.32311e+00,5.00000e-03,5.00000e-03
0.00000e+00,9.83422e-01,1.66375e-01,1.00000e+00,1.00000e-12,7.00133e-07,0.00000e+00,7.20000e-01,2.80000e-01,1.41110e-05,0.00000e+00,0.00000e+00,0.00000e+00,0.00000e+00,0.00000e+00,1.38771e-05,0.00000e+00,0.00000e+00,2.33932e-07,0.00000e+00,0.00000e+00,2.50000e-01,0.00000e+00,6.00625e-01,5.06250e-02,3.10343e+04,nan,nan,nan,nan,1,2.32678e+00,2.32678e+00,5.00000e-03,5.00000e-03
0.00000e+00,9.83422e-01,1.66375e-01,1.00000e+00,1.00000e-12,7.00133e-07,0.00000e+00,7.20000e-01,2.80000e-01,1.41110e-05,0.00000e+00,0.00000e+00,0.00000e+00,0.00000e+00,0.00000e+00,1.38771e-05,0.00000e+00,0.00000e+00,2.33932e-07,0.00000e+00,0.00000e+00,2.50000e-01,0.00000e+00,6.00625e-01,5.06250e-02,3.09495e+04,nan,nan,nan,nan,1,2.33045e+00,2.33045e+00,5.00000e-03,5.00000e-03
0.00000e+00,9.83422e-01,1.66375e-01,1.00000e+00,1.00000e-12,7.00133e-07,0.00000e+00,7.20000e-01,2.80000e-01,1.41110e-05,0.00000e+00,0.00000e+00,0.00000e+00,0.00000e+00,0.00000e+00,1.38771e-05,0.00000e+00,0.00000e+00,2.33932e-07,0.00000e+00,0.00000e+00,2.50000e-01,0.00000e+00,6.00625e-01,5.06250e-02,3.08647e+04,nan,nan,nan,nan,1,2.33412e+00,2.33412e+00,5.00000e-03,5.00000e-03
0.00000e+00,9.83422e-01,1.66375e-01,1.00000e+00,1.00000e-12,7.00133e-07,0.00000e+00,7.20000e-01,2.80000e-01,1.41110e-05,0.00000e+00,0.00000e+00,0.00000e+00,0.00000e+00,0.00000e+00,1.38771e-05,0.00000e+00,0.00000e+00,2.33932e-07,0.00000e+00,0.00000e+00,2.50000e-01,0.00000e+00,6.00625e-01,5.06250e-02,3.07799e+04,nan,nan,nan,nan,1,2.33779e+00,2.33779e+00,5.00000e-03,5.00000e-03
0.00000e+00,9.83422e-01,1.66375e-01,1.00000e+00,1.00000e-12,7.00133e-07,0.00000e+00,7.20000e-01,2.80000e-01,1.41110e-05,0.00000e+00,0.00000e+00,0.00000e+00,0.00000e+00,0.00000e+00,1.38771e-05,0.00000e+00,0.00000e+00,2.33932e-07,0.00000e+00,0.00000e+00,2.50000e-01,0.00000e+00,6.00625e-01,5.06250e-02,3.06951e+04,nan,nan,nan,nan,1,2.34146e+00,2.34146e+00,5.00000e-03,5.00000e-03
0.00000e+00,9.83422e-01,1.66375e-01,1.00000e+00,1.00000e-12,7.00133e-07,0.00000e+00,7.20000e-01,2.80000e-01,1.41110e-05,0.00000e+00,0.00000e+00,0.00000e+00,0.00000e+00,0.00000e+00,1.38771e-05,0.00000e+00,0.00000e+00,2.33932e-07,0.00000e+00,0.00000e+00,2.50000e-01,0.00000e+00,6.00625e-01,5.06250e-02,3.06103e+04,nan,nan,nan,nan,1,2.34513e+00,2.34513e+00,5.00000e-03,5.00000e-03
0.00000e+00,9.83422e-01,1.66375e-01,1.00000e+00,1.00000e-12,7.00133e-07,0.00000e+00,7.20000e-01,2.80000e-01,1.41110e-05,0.00000e+00,0.00000e+00,0.00000e+00,0.00000e+00,0.00000e+00,1.38771e-05,0.00000e+00,0.00000e+00,2.33932e-07,0.00000e+00,0.00000e+00,2.50000e-01,0.00000e+00,6.00625e-01,5.06250e-02,3.05255e+04,nan,nan,nan,nan,1,2.34880e+00,2.34880e+00,5.00000e-03,5.00000e-03
0.00000e+00,9.83422e-01,1.66375e-01,1.00000e+00,1.00000e-12,7.00133e-07,0.00000e+00,7.20000e-01,2.80000e-01,1.41110e-05,0.00000e+00,0.00000e+00,0.00000e+00,0.00000e+00,0.00000e+00,1.38771e-05,0.00000e+00,0.00000e+00,2.33932e-07,0.00000e+00,0.00000e+00,2.50000e-01,0.00000e+00,6.00625e-01,5.06250e-02,3.04407e+04,nan,nan,nan,nan,1,2.35247e+00,2.35247e+00,5.00000e-03,5.00000e-03
0.00000e+00,9.83422e-01,1.66375e-01,1.00000e+00,1.00000e-12,7.00133e-07,0.00000e+00,7.20000e-01,2.80000e-01,1.41110e-05,0.00000e+00,0.00000e+00,0.00000e+00,0.00000e+00,0.00000e+00,1.38771e-05,0.00000e+00,0.00000e+00,2.33932e-07,0.00000e+00,0.00000e+00,2.50000e-01,0.00000e+00,6.00625e-01,5.06250e-02,3.03559e+04,nan,nan,nan,nan,1,2.35614e+00,2.35614e+00,5.00000e-03,5.00000e-03
0.00000e+00,9.83422e-01,1.66375e-01,1.00000e+00,1.00000e-12,7.00133e-07,0.00000e+00,7.20000e-01,2.80000e-01,1.41110e-05,0.00000e+00,0.00000e+00,0.00000e+00,0.00000e+00,0.00000e+00,1.38771e-05,0.00000e+00,0.00000e+00,2.33932e-07,0.00000e+00,0.00000e+00,2.50000e-01,0.00000e+00,6.00625e-01,5.06250e-02,3.02711e+04,nan,nan,nan,nan,1,2.35981e+00,2.35981e+00,5.00000e-03,5.00000e-03
0.00000e+00,9.83422e-01,1.66375e-01,1.00000e+00,1.00000e-12,7.00133e-07,0.00000e+00,7.20000e-01,2.80000e-01,1.41110e-05,0.00000e+00,0.00000e+00,0.00000e+00,0.00000e+00,0.00000e+00,1.38771e-05,0.00000e+00,0.00000e+00,2.33932e-07,0.00000e+00,0.00000e+00,2.50000e-01,0.00000e+00,6.00625e-01,5.06250e-02,3.01863e+04,nan,nan,nan,nan,1,2.36348e+00,2.36348e+00,5.00000e-03,5.00000e-03
0.00000e+00,9.83422e-01,1.66375e-01,1.00000e+00,1.00000e-12,7.00133e-07,0.00000e+00,7.20000e-01,2.80000e-01,1.41110e-05,0.00000e+00,0.00000e+00,0.00000e+00,0.00000e+00,0.00000e+00,1.38771e-05,0.00000e+00,0.00000e+00,2.33932e-07,0.00000e+00,0.00000e+00,2.50000e-01,0.00000e+00,6.00625e-01,5.06250e-02,3.01015e+04,nan,nan,nan,nan,1,2.36715e+00,2.36715e+00,5.00000e-03,5.00000e-03
0.00000e+00,9.83422e-01,1.66375e-01,1.00000e+00,1.00000e-12,7.00133e-07,0.00000e+00,7.20000e-01,2.80000e-01,1.41110e-05,0.00000e+00,0.00000e+00,0.00000e+00,0.00000e+00,0.00000e+00,1.38771e-05,0.00000e+00,0.00000e+00,2.33932e-07,0.00000e+00,0.00000e+00,2.50000e-01,0.00000e+00,6.00625e-01,5.06250e-02,3.00168e+04,nan,nan,nan,nan,1,2.37082e+00,2.37082e+00,5.00000e-03,5.00000e-03
0.00000e+00,9.83422e-01,1.66375e-01,1.00000e+00,1.00000e-12,7.00133e-07,0.00000e+00,7.20000e-01,2.80000e-01,1.41110e-05,0.00000e+00,0.00000e+00,0.00000e+00,0.00000e+00,0.00000e+00,1.38771e-05,0.00000e+00,0.00000e+00,2.33932e-07,0.00000e+00,0.00000e+00,2.50000e-01,0.00000e+00,6.00625e-01,5.06250e-02,2.99320e+04,nan,nan,nan,nan,1,2.37449e+00,2.37449e+00,5.00000e-03,5.00000e-03
0.00000e+00,9.83422e-01,1.66375e-01,1.00000e+00,1.00000e-12,7.00133e-07,0.00000e+00,7.20000e-01,2.80000e-01,1.41110e-05,0.00000e+00,0.00000e+00,0.00000e+00,0.00000e+00,0.00000e+00,1.38771e-05,0.00000e+00,0.00000e+00,2.33932e-07,0.00000e+00,0.00000e+00,2.50000e-01,0.00000e+00,6.00625e-01,5.06250e-02,2.98472e+04,nan,nan,nan,nan,1,2.37816e+00,2.37816e+00,5.00000e-03,5.00000e-03
0.00000e+00,9.83422e-01,1.66375e-01,1.00000e+00,1.00000e-12,7.00133e-07,0.00000e+00,7.20000e-01,2.80000e-01,1.41110e-05,0.00000e+00,0.00000e+00,0.00000e+00,0.00000e+00,0.00000e+00,1.38771e-05,0.00000e+00,0.00000e+00,2.33932e-07,0.00000e+00,0.00000e+00,2.50000e-01,0.00000e+00,6.00625e-01,5.06250e-02,2.97624e+04,nan,nan,nan,nan,1,2.38183e+00,2.38183e+00,5.00000e-03,5.00000e-03
0.00000e+00,9.83422e-01,1.66375e-01,1.00000e+00,1.00000e-12,7.00133e-07,0.00000e+00,7.20000e-01,2.80000e-01,1.41110e-05,0.00000e+00,0.00000e+00,0.00000e+00,0.00000e+00,0.00000e+00,1.38771e-05,0.00000e+00,0.00000e+00,2.33932e-07,0.00000e+00,0.00000e+00,2.50000e-01,0.00000e+00,6.00625e-01,5.06250e-02,2.96776e+04,nan,nan,nan,nan,1,2.38550e+00,2.38550e+00,5.00000e-03,5.00000e-03
0.00000e+00,9.83422e-01,1.66375e-01,1.00000e+00,1.00000e-12,7.00133e-07,0.00000e+00,7.20000e-01,2.80000e-01,1.41110e-05,0.00000e+00,0.00000e+00,0.00000e+00,0.00000e+00,0.00000e+00,1.38771e-05,0.00000e+00,0.00000e+00,2.33932e-07,0.00000e+00,0.00000e+00,2.50000e-01,0.00000e+00,6.00625e-01,5.06250e-02,2.95928e+04,nan,nan,nan,nan,1,2.38917e+00,2.38917e+00,5.00000e-03,5.00000e-03
0.00000e+00,9.83422e-01,1.66375e-01,1.00000e+00,1.00000e-12,7.00133e-07,0.00000e+00,7.20000e-01,2.80000e-01,1.41110e-05,0.00000e+00,0.00000e+00,0.00000e+00,0.00000e+00,0.00000e+00,1.38771e-05,0.00000e+00,0.00000e+00,2.33932e-07,0.00000e+00,0.00000e+00,2.50000e-01,0.00000e+00,6.00625e-01,5.06250e-02,2.95080e+04,nan,nan,nan,nan,1,2.39284e+00,2.39284e+00,5.00000e-03,5.00000e-03
0.00000e+00,9.83422e-01,1.66375e-01,1.00000e+00,1.00000e-12,7.00133e-07,0.00000e+00,7.20000e-01,2.80000e-01,1.41110e-05,0.00000e+00,0.00000e+00,0.00000e+00,0.00000e+00,0.00000e+00,1.38771e-05,0.00000e+00,0.00000e+00,2.33932e-07,0.00000e+00,0.00000e+00,2.50000e-01,0.00000e+00,6.00625e-01,5.06250e-02,2.94232e+04,nan,nan,nan,nan,1,2.39651e+00,2.39651e+00,5.00000e-03,5.00000e-03
0.00000e+00,9.83422e-01,1.66375e-01,1.00000e+00,1.00000e-12,7.00133e-07,0.00000e+00,7.20000e-01,2.80000e-01,1.41110e-05,0.00000e+00,0.00000e+00,0.00000e+00,0.00000e+00,0.00000e+00,1.38771e-05,0.00000e+00,0.00000e+00,2.33932e-07,0.00000e+00,0.00000e+00,2.50000e-01,0.00000e+00,6.00625e-01,5.06250e-02,2.93384e+04,nan,nan,nan,nan,1,2.40018e+00,2.40018e+00,5.00000e-03,5.00000e-03
0.00000e+00,9.83422e-01,1.66375e-01,1.00000e+00,1.00000e-12,7.00133e-07,0.00000e+00,7.20000e-01,2.80000e-01,1.41110e-05,0.00000e+00,0.00000e+00,0.00000e+00,0.00000e+00,0.00000e+00,1.38771e-05,0.00000e+00,0.00000e+00,2.33932e-07,0.00000e+00,0.00000e+00,2.50000e-01,0.00000e+00,6.00625e-01,5.06250e-02,2.92536e+04,nan,nan,nan,nan,1,2.40385e+00,2.40385e+00,5.00000e-03,5.00000e-03
0.00000e+00,9.83422e-01,1.66375e-01,1.00000e+00,1.00000e-12,7.00133e-07,0.00000e+00,7.20000e-01,2.80000e-01,1.41110e-05,0.00000e+00,0.00000e+00,0.00000e+00,0.00000e+00,0.00000e+00,1.38771e-05,0.00000e+00,0.00000e+00,2.33932e-07,0.00000e+00,0.00000e+00,2.50000e-01,0.00000e+00,6.00625e-01,5.06250e-02,2.91688e+04,nan,nan,nan,nan,1,2.40752e+00,2.40752e+00,5.00000e-03,5.00000e-03
0.00000e+00,9.83422e-01,1.66375e-01,1.00000e+00,1.00000e-12,7.00133e-07,0.00000e+00,7.20000e-01,2.80000e-01,1.41110e-05,0.00000e+00,0.00000e+00,0.00000e+00,0.00000e+00,0.00000e+00,1.38771e-05,0.00000e+00,0.00000e+00,2.33932e-07,0.00000e+00,0.00000e+00,2.50000e-01,0.00000e+00,6.00625e-01,5.06250e-02,2.90840e+04,nan,nan,nan,nan,1,2.41119e+00,2.41119e+00,5.00000e-03,5.00000e-03
0.00000e+00,9.83422e-01,1.66375e-01,1.00000e+00,1.00000e-12,7.00133e-07,0.00000e+00,7.20000e-01,2.80000e-01,1.41110e-05,0.00000e+00,0.00000e+00,0.00000e+00,0.00000e+00,0.00000e+00,1.38771e-05,0.00000e+00,0.00000e+00,2.33932e-07,0.00000e+00,0.00000e+00,2.50000e-01,0.00000e+00,6.00625e-01,5.06250e-02,2.89992e+04,nan,nan,nan,nan,1,2.41486e+00,2.41486e+00,5.00000e-03,5.00000e-03
0.00000e+00,9.83422e-01,1.66375e-01,1.00000e+00,1.00000e-12,7.00133e-07,0.00000e+00,7.20000e-01,2.80000e-01,1.41110e-05,0.00000e+00,0.00000e+00,0.00000e+00,0.00000e+00,0.00000e+00,1.38771e-05,0.00000e+00,0.00000e+00,2.33932e-07,0.00000e+00,0.00000e+00,2.50000e-01,0.00000e+00,6.00625e-01,5.06250e-02,2.89144e+04,nan,nan,nan,nan,1,2.41853e+00,2.41853e+00,5.00000e-03,5.00000e-03
0.00000e+00,9.83422e-01,1.66375e-01,1.00000e+00,1.00000e-12,7.00133e-07,0.00000e+00,7.20000e-01,2.80000e-01,1.41110e-05,0.00000e+00,0.00000e+00,0.00000e+00,0.00000e+00,0.00000e+00,1.38771e-05,0.00000e+00,0.00000e+00,2.33932e-07,0.00000e+00,0.00000e+00,2.50000e-01,0.00000e+00,6.00625e-01,5.06250e-02,2.88296e+04,nan,nan,nan,nan,1,2.42220e+00,2.42220e+00,5.00000e-03,5.00000e-03
0.00000e+00,9.83422e-01,1.66375e-01,1.00000e+00,1.00000e-12,7.00133e-07,0.00000e+00,7.20000e-01,2.80000e-01,1.41110e-05,0.00000e+00,0.00000e+00,0.00000e+00,0.00000e+00,0.00000e+00,1.38771e-05,0.00000e+00,0.00000e+00,2.33932e-07,0.00000e+00,0.00000e+00,2.50000e-01,0.00000e+00,6.00625e-01,5.06250e-02,2.87448e+04,nan,nan,nan,nan,1,2.42587e+00,2.42587e+00,5.00000e-03,5.00000e-03
0.00000e+00,9.83422e-01,1.66375e-01,1.00000e+00,1.00000e-12,7.00133e-07,0.00000e+00,7.20000e-01,2.80000e-01,1.41110e-05,0.00000e+00,0.00000e+00,0.00000e+00,0.00000e+00,0.00000e+00,1.38771e-05,0.00000e+00,0.00000e+00,2.33932e-07,0.00000e+00,0.00000e+00,2.50000e-01,0.00000e+00,6.00625e-01,5.06250e-02,2.86601e+04,nan,nan,nan,nan,1,2.42954e+00,2.42954e+00,5.00000e-03,5.00000e-03
0.00000e+00,9.83422e-01,1.66375e-01,1.00000e+00,1.00000e-12,7.00133e-07,0.00000e+00,7.20000e-01,2.80000e-01,1.41110e-05,0.00000e+00,0.00000e+00,0.00000e+00,0.00000e+00,0.00000e+00,1.38771e-05,0.00000e+00,0.00000e+00,2.33932e-07,0.00000e+00,0.00000e+00,2.50000e-01,0.00000e+00,6.00625e-01,5.06250e-02,2.85753e+04,nan,nan,nan,nan,1,2.43321e+00,2.43321e+00,5.00000e-03,5.00000e-03
0.00000e+00,9.83422e-01,1.66375e-01,1.00000e+00,1.00000e-12,7.00133e-07,0.00000e+00,7.20000e-01,2.80000e-01,1.41110e-05,0.00000e+00,0.00000e+00,0.00000e+00,0.00000e+00,0.00000e+00,1.38771e-05,0.00000e+00,0.00000e+00,2.33932e-07,0.00000e+00,0.00000e+00,2.50000e-01,0.00000e+00,6.00625e-01,5.06250e-02,2.84905e+04,nan,nan,nan,nan,1,2.43688e+00,2.43688e+00,5.00000e-03,5.00000e-03
0.00000e+00,9.83422e-01,1.66375e-01,1.00000e+00,1.00000e-12,7.00133e-07,0.00000e+00,7.20000e-01,2.80000e-01,1.41110e-05,0.00000e+00,0.00000e+00,0.00000e+00,0.00000e+00,0.00000e+00,1.38771e-05,0.00000e+00,0.00000e+00,2.33932e-07,0.00000e+00,0.00000e+00,2.50000e-01,0.00000e+00,6.00625e-01,5.06250e-02,2.84057e+04,nan,nan,nan,nan,1,2.44055e+00,2.44055e+00,5.00000e-03,5.00000e-03
0.00000e+00,9.83422e-01,1.66375e-01,1.00000e+00,1.00000e-12,7.00133e-07,0.00000e+00,7.20000e-01,2.80000e-01,1.41110e-05,0.00000e+00,0.00000e+00,0.00000e+00,0.00000e+00,0.00000e+00,1.38771e-05,0.00000e+00,0.00000e+00,2.33932e-07,0.00000e+00,0.00000e+00,2.50000e-01,0.00000e+00,6.00625e-01,5.06250e-02,2.83209e+04,nan,nan,nan,nan,1,2.44422e+00,2.44422e+00,5.00000e-03,5.00000e-03
0.00000e+00,9.83422e-01,1.66375e-01,1.00000e+00,1.00000e-12,7.00133e-07,0.00000e+00,7.20000e-01,2.80000e-01,1.41110e-05,0.00000e+00,0.00000e+00,0.00000e+00,0.00000e+00,0.00000e+00,1.38771e-05,0.00000e+00,0.00000e+00,2.33932e-07,0.00000e+00,0.00000e+00,2.50000e-01,0.00000e+00,6.00625e-01,5.06250e-02,2.82361e+04,nan,nan,nan,nan,1,2.44789e+00,2.44789e+00,5.00000e-03,5.00000e-03
0.00000e+00,9.83422e-01,1.66375e-01,1.00000e+00,1.00000e-12,7.00133e-07,0.00000e+00,7.20000e-01,2.80000e-01,1.41110e-05,0.00000e+00,0.00000e+00,0.00000e+00,0.00000e+00,0.00000e+00,1.38771e-05,0.00000e+00,0.00000e+00,2.33932e-07,0.00000e+00,0.00000e+00,2.50000e-01,0.00000e+00,6.00625e-01,5.06250e-02,2.81513e+04,nan,nan,nan,nan,1,2.45156e+00,2.45156e+00,5.00000e-03,5.00000e-03
0.00000e+00,9.83422e-01,1.66375e-01,1.00000e+00,1.00000e-12,7.00133e-07,0.00000e+00,7.20000e-01,2.80000e-01,1.41110e-05,0.00000e+00,0.00000e+00,0.00000e+00,0.00000e+00,0.00000e+00,1.38771e-05,0.00000e+00,0.00000e+00,2.33932e-07,0.00000e+00,0.00000e+00,2.50000e-01,0.00000e+00,6.00625e-01,5.06250e-02,2.80665e+04,nan,nan,nan,nan,1,2.45523e+00,2.45523e+00,5.00000e-03,5.00000e-03
0.00000e+00,9.83422e-01,1.66375e-01,1.00000e+00,1.00000e-12,7.00133e-07,0.00000e+00,7.20000e-01,2.80000e-01,1.41110e-05,0.00000e+00,0.00000e+00,0.00000e+00,0.00000e+00,0.00000e+00,1.38771e-05,0.00000e+00,0.00000e+00,2.33932e-07,0.00000e+00,0.00000e+00,2.50000e-01,0.00000e+00,6.00625e-01,5.06250e-02,2.79817e+04,nan,nan,nan,nan,1,2.45890e+00,2.45890e+00,5.00000e-03,5.00000e-03
0.00000e+00,9.83422e-01,1.66375e-01,1.00000e+00,1.00000e-12,7.00133e-07,0.00000e+00,7.20000e-01,2.80000e-01,1.41110e-05,0.00000e+00,0.00000e+00,0.00000e+00,0.00000e+00,0.00000e+00,1.38771e-05,0.00000e+00,0.00000e+00,2.33932e-07,0.00000e+00,0.00000e+00,2.50000e-01,0.00000e+00,6.00625e-01,5.06250e-02,2.78969e+04,nan,nan,nan,nan,1,2.46257e+00,2.46257e+00,5.00000e-03,5.00000e-03
0.00000e+00,9.83422e-01,1.66375e-01,1.00000e+00,1.00000e-12,7.00133e-07,0.00000e+00,7.20000e-01,2.80000e-01,1.41110e-05,0.00000e+00,0.00000e+00,0.00000e+00,0.00000e+00,0.00000e+00,1.38771e-05,0.00000e+00,0.00000e+00,2.33932e-07,0.00000e+00,0.00000e+00,2.50000e-01,0.00000e+00,6.00625e-01,5.06250e-02,2.78121e+04,nan,nan,nan,nan,1,2.46624e+00,2.46624e+00,5.00000e-03,5.00000e-03
0.00000e+00,9.83422e-01,1.66375e-01,1.00000e+00,1.00000e-12,7.00133e-07,0.00000e+00,7.20000e-01,2.80000e-01,1.41110e-05,0.00000e+00,0.00000e+00,0.00000e+00,0.00000e+00,0.00000e+00,1.38771e-05,0.00000e+00,0.00000e+00,2.33932e-07,0.00000e+00,0.00000e+00,2.50000e-01,0.00000e+00,6.00625e-01,5.06250e-02,2.77273e+04,nan,nan,nan,nan,1,2.46991e+00,2.46991e+00,5.00000e-03,5.00000e-03
0.00000e+00,9.83422e-01,1.66375e-01,1.00000e+00,1.00000e-12,7.00133e-07,0.00000e+00,7.20000e-01,2.80000e-01,1.41110e-05,0.00000e+00,0.00000e+00,0.00000e+00,0.00000e+00,0.00000e+00,1.38771e-05,0.00000e+00,0.00000e+00,2.33932e-07,0.00000e+00,0.00000e+00,2.50000e-01,0.00000e+00,6.00625e-01,5.06250e-02,2.76425e+04,nan,nan,nan,nan,1,2.47358e+00,2.47358e+00,5.00000e-03,5.00000e-03
0.00000e+00,9.83422e-01,1.66375e-01,1.00000e+00,1.00000e-12,7.00133e-07,0.00000e+00,7.20000e-01,2.80000e-01,1.41110e-05,0.00000e+00,0.00000e+00,0.00000e+00,0.00000e+00,0.00000e+00,1.38771e-05,0.00000e+00,0.00000e+00,2.33932e-07,0.00000e+00,0.00000e+00,2.50000e-01,0.00000e+00,6.00625e-01,5.06250e-02,2.75578e+04,nan,nan,nan,nan,1,2.47725e+00,2.47725e+00,5.00000e-03,5.00000e-03
0.00000e+00,9.83422e-01,1.66375e-01,1.00000e+00,1.00000e-12,7.00133e-07,0.00000e+00,7.20000e-01,2.80000e-01,1.41110e-05,0.00000e+00,0.00000e+00,0.00000e+00,0.00000e+00,0.00000e+00,1.38771e-05,0.00000e+00,0.00000e+00,2.33932e-07,0.00000e+00,0.00000e+00,2.50000e-01,0.00000e+00,6.00625e-01,5.06250e-02,2.74730e+04,nan,nan,nan,nan,1,2.48092e+00,2.48092e+00,5.00000e-03,5.00000e-03
0.00000e+00,9.83422e-01,1.66375e-01,1.00000e+00,1.00000e-12,7.00133e-07,0.00000e+00,7.20000e-01,2.80000e-01,1.41110e-05,0.00000e+00,0.00000e+00,0.00000e+00,0.00000e+00,0.00000e+00,1.38771e-05,0.00000e+00,0.00000e+00,2.33932e-07,0.00000e+00,0.00000e+00,2.50000e-01,0.00000e+00,6.00625e-01,5.06250e-02,2.73882e+04,nan,nan,nan,nan,1,2.48459e+00,2.48459e+00,5.00000e-03,5.00000e-03
0.00000e+00,9.83422e-01,1.66375e-01,1.00000e+00,1.00000e-12,7.00133e-07,0.00000e+00,7.20000e-01,2.80000e-01,1.41110e-05,0.00000e+00,0.00000e+00,0.00000e+00,0.00000e+00,0.00000e+00,1.38771e-05,0.00000e+00,0.00000e+00,2.33932e-07,0.00000e+00,0.00000e+00,2.50000e-01,0.00000e+00,6.00625e-01,5.06250e-02,2.73034e+04,nan,nan,nan,nan,1,2.48826e+00,2.48826e+00,5.00000e-03,5.00000e-03
0.00000e+00,9.83422e-01,1.66375e-01,1.00000e+00,1.00000e-12,7.00133e-07,0.00000e+00,7.20000e-01,2.80000e-01,1.41110e-05,0.00000e+00,0.00000e+00,0.00000e+00,0.00000e+00,0.00000e+00,1.38771e-05,0.00000e+00,0.00000e+00,2.33932e-07,0.00000e+00,0.00000e+00,2.50000e-01,0.00000e+00,6.00625e-01,5.06250e-02,2.72186e+04,nan,nan,nan,nan,1,2.49193e+00,2.49193e+00,5.00000e-03,5.00000e-03
0.00000e+00,9.83422e-01,1.66375e-01,1.00000e+00,1.00000e-12,7.00133e-07,0.00000e+00,7.20000e-01,2.80000e-01,1.41110e-05,0.00000e+00,0.00000e+00,0.00000e+00,0.00000e+00,0.00000e+00,1.38771e-05,0.00000e+00,0.00000e+00,2.33932e-07,0.00000e+00,0.00000e+00,2.50000e-01,0.00000e+00,6.00625e-01,5.06250e-02,2.71338e+04,nan,nan,nan,nan,1,2.49560e+00,2.49560e+00,5.00000e-03,5.00000e-03
0.00000e+00,9.83422e-01,1.66375e-01,1.00000e+00,1.00000e-12,7.00133e-07,0.00000e+00,7.20000e-01,2.80000e-01,1.41110e-05,0.00000e+00,0.00000e+00,0.00000e+00,0.00000e+00,0.00000e+00,1.38771e-05,0.00000e+00,0.00000e+00,2.33932e-07,0.00000e+00,0.00000e+00,2.50000e-01,0.00000e+00,6.00625e-01,5.06250e-02,2.70490e+04,nan,nan,nan,nan,1,2.49927e+00,2.49927e+00,5.00000e-03,5.00000e-03
0.00000e+00,9.83422e-01,1.66375e-01,1.00000e+00,1.00000e-12,7.00133e-07,0.00000e+00,7.20000e-01,2.80000e-01,1.41110e-05,0.00000e+00,0.00000e+00,0.00000e+00,0.00000e+00,0.00000e+00,1.38771e-05,0.00000e+00,0.00000e+00,2.33932e-07,0.00000e+00,0.00000e+00,2.50000e-01,0.00000e+00,6.00625e-01,5.06250e-02,2.69642e+04,nan,nan,nan,nan,1,2.50294e+00,2.50294e+00,5.00000e-03,5.00000e-03
0.00000e+00,9.83422e-01,1.66375e-01,1.00000e+00,1.00000e-12,7.00133e-07,0.00000e+00,7.20000e-01,2.80000e-01,1.41110e-05,0.00000e+00,0.00000e+00,0.00000e+00,0.00000e+00,0.00000e+00,1.38771e-05,0.00000e+00,0.00000e+00,2.33932e-07,0.00000e+00,0.00000e+00,2.50000e-01,0.00000e+00,6.00625e-01,5.06250e-02,2.68794e+04,nan,nan,nan,nan,1,2.50661e+00,2.50661e+00,5.00000e-03,5.00000e-03
0.00000e+00,9.83422e-01,1.66375e-01,1.00000e+00,1.00000e-12,7.00133e-07,0.00000e+00,7.20000e-01,2.80000e-01,1.41110e-05,0.00000e+00,0.00000e+00,0.00000e+00,0.00000e+00,0.00000e+00,1.38771e-05,0.00000e+00,0.00000e+00,2.33932e-07,0.00000e+00,0.00000e+00,2.50000e-01,0.00000e+00,6.00625e-01,5.06250e-02,2.67946e+04,nan,nan,nan,nan,1,2.51028e+00,2.51028e+00,5.00000e-03,5.00000e-03
0.00000e+00,9.83422e-01,1.66375e-01,1.00000e+00,1.00000e-12,7.00133e-07,0.00000e+00,7.20000e-01,2.80000e-01,1.41110e-05,0.00000e+00,0.00000e+00,0.00000e+00,0.00000e+00,0.00000e+00,1.38771e-05,0.00000e+00,0.00000e+00,2.33932e-07,0.00000e+00,0.00000e+00,2.50000e-01,0.00000e+00,6.00625e-01,5.06250e-02,2.67098e+04,nan,nan,nan,nan,1,2.51395e+00,2.51395e+00,5.00000e-03,5.00000e-03
0.00000e+00,9.83422e-01,1.66375e-01,1.00000e+00,1.00000e-12,7.00133e-07,0.00000e+00,7.20000e-01,2.80000e-01,1.41110e-05,0.00000e+00,0.00000e+00,0.00000e+00,0.00000e+00,0.00000e+00,1.38771e-05,0.00000e+00,0.00000e+00,2.33932e-07,0.00000e+00,0.00000e+00,2.50000e-01,0.00000e+00,6.00625e-01,5.06250e-02,2.66250e+04,nan,nan,nan,nan,1,2.51762e+00,2.51762e+00,5.00000e-03,5.00000e-03
0.00000e+00,9.83422e-01,1.66375e-01,1.00000e+00,1.00000e-12,7.00133e-07,0.00000e+00,7.20000e-01,2.80000e-01,1.41110e-05,0.00000e+00,0.00000e+00,0.00000e+00,0.00000e+00,0.00000e+00,1.38771e-05,0.00000e+00,0.00000e+00,2.33932e-07,0.00000e+00,0.00000e+00,2.50000e-01,0.00000e+00,6.00625e-01,5.06250e-02,2.65402e+04,nan,nan,nan,nan,1,2.52129e+00,2.52129e+00,5.00000e-03,5.00000e-03
0.00000e+00,9.83422e-01,1.66375e-01,1.00000e+00,1.00000e-12,7.00133e-07,0.00000e+00,7.20000e-01,2.80000e-01,1.41110e-05,0.00000e+00,0.00000e+00,0.00000e+00,0.00000e+00,0.00000e+00,1.38771e-05,0.00000e+00,0.00000e+00,2.33932e-07,0.00000e+00,0.00000e+00,2.50000e-01,0.00000e+00,6.00625e-01,5.06250e-02,2.64554e+04,nan,nan,nan,nan,1,2.52496e+00,2.52496e+00,5.00000e-03,5.00000e-03
0.00000e+00,9.83422e-01,1.66375e-01,1.00000e+00,1.00000e-12,7.00133e-07,0.00000e+00,7.20000e-01,2.80000e-01,1.41110e-05,0.00000e+00,0.00000e+00,0.00000e+00,0.00000e+00,0.00000e+00,1.38771e-05,0.00000e+00,0.00000e+00,2.33932e-07,0.00000e+00,0.00000e+00,2.50000e-01,0.00000e+00,6.00625e-01,5.06250e-02,2.63706e+04,nan,nan,nan,nan,1,2.52863e+00,2.52863e+00,5.00000e-03,5.00000e-03
0.00000e+00,9.83422e-01,1.66375e-01,1.00000e+00,1.00000e-12,7.00133e-07,0.00000e+00,7.20000e-01,2.80000e-01,1.41110e-05,0.00000e+00,0.00000e+00,0.00000e+00,0.00000e+00,0.00000e+00,1.38771e-05,0.00000e+00,0.00000e+00,2.33932e-07,0.00000e+00,0.00000e+00,2.50000e-01,0.00000e+00,6.00625e-01,5.06250e-02,2.62858e+04,nan,nan,nan,nan,1,2.53230e+00,2.53230e+00,5.00000e-03,5.00000e-03
0.00000e+00,9.83422e-01,1.66375e-01,1.00000e+00,1.00000e-12,7.00133e-07,0.00000e+00,7.20000e-01,2.80000e-01,1.41110e-05,0.00000e+00,0.00000e+00,0.00000e+00,0.00000e+00,0.00000e+00,1.38771e-05,0.00000e+00,0.00000e+00,2.33932e-07,0.00000e+00,0.00000e+00,2.50000e-01,0.00000e+00,6.00625e-01,5.06250e-02,2.62011e+04,nan,nan,nan,nan,1,2.53597e+00,2.53597e+00,5.00000e-03,5.00000e-03
0.00000e+00,9.83422e-01,1.66375e-01,1.00000e+00,1.00000e-12,7.00133e-07,0.00000e+00,7.20000e-01,2.80000e-01,1.41110e-05,0.00000e+00,0.00000e+00,0.00000e+00,0.00000e+00,0.00000e+00,1.38771e-05,0.00000e+00,0.00000e+00,2.33932e-07,0.00000e+00,0.00000e+00,2.50000e-01,0.00000e+00,6.00625e-01,5.06250e-02,2.61163e+04,nan,nan,nan,nan,1,2.53964e+00,2.53964e+00,5.00000e-03,5.00000e-03
0.00000e+00,9.83422e-01,1.66375e-01,1.00000e+00,1.00000e-12,7.00133e-07,0.00000e+00,7.20000e-01,2.80000e-01,1.41110e-05,0.00000e+00,0.00000e+00,0.00000e+00,0.00000e+00,0.00000e+00,1.38771e-05,0.00000e+00,0.00000e+00,2.33932e-07,0.00000e+00,0.00000e+00,2.50000e-01,0.00000e+00,6.00625e-01,5.06250e-02,2.60315e+04,nan,nan,nan,nan,1,2.54331e+00,2.54331e+00,5.00000e-03,5.00000e-03
0.00000e+00,9.83422e-01,1.66375e-01,1.00000e+00,1.00000e-12,7.00133e-07,0.00000e+00,7.20000e-01,2.80000e-01,1.41110e-05,0.00000e+00,0.00000e+00,0.00000e+00,0.00000e+00,0.00000e+00,1.38771e-05,0.00000e+00,0.00000e+00,2.33932e-07,0.00000e+00,0.00000e+00,2.50000e-01,0.00000e+00,6.00625e-01,5.06250e-02,2.59467e+04,nan,nan,nan,nan,1,2.54698e+00,2.54698e+00,5.00000e-03,5.00000e-03
0.00000e+00,9.83422e-01,1.66375e-01,1.00000e+00,1.00000e-12,7.00133e-07,0.00000e+00,7.20000e-01,2.80000e-01,1.41110e-05,0.00000e+00,0.00000e+00,0.00000e+00,0.00000e+00,0.00000e+00,1.38771e-05,0.00000e+00,0.00000e+00,2.33932e-07,0.00000e+00,0.00000e+00,2.50000e-01,0.00000e+00,6.00625e-01,5.06250e-02,2.58619e+04,nan,nan,nan,nan,1,2.55065e+00,2.55065e+00,5.00000e-03,5.00000e-03
0.00000e+00,9.83422e-01,1.66375e-01,1.00000e+00,1.00000e-12,7.00133e-07,0.00000e+00,7.20000e-01,2.80000e-01,1.41110e-05,0.00000e+00,0.00000e+00,0.00000e+00,0.00000e+00,0.00000e+00,1.38771e-05,0.00000e+00,0.00000e+00,2.33932e-07,0.00000e+00,0.00000e+00,2.50000e-01,0.00000e+00,6.00625e-01,5.06250e-02,2.57771e+04,nan,nan,nan,nan,1,2.55432e+00,2.55432e+00,5.00000e-03,5.00000e-03
0.00000e+00,9.83422e-01,1.66375e-01,1.00000e+00,1.00000e-12,7.00133e-07,0.00000e+00,7.20000e-01,2.80000e-01,1.41110e-05,0.00000e+00,0.00000e+00,0.00000e+00,0.00000e+00,0.00000e+00,1.38771e-05,0.00000e+00,0.00000e+00,2.33932e-07,0.00000e+00,0.00000e+00,2.50000e-01,0.00000e+00,6.00625e-01,5.06250e-02,2.56923e+04,nan,nan,nan,nan,1,2.55799e+00,2.55799e+00,5.00000e-03,5.00000e-03
0.00000e+00,9.83422e-01,1.66375e-01,1.00000e+00,1.00000e-12,7.00133e-07,0.00000e+00,7.20000e-01,2.80000e-01,1.41110e-05,0.00000e+00,0.00000e+00,0.00000e+00,0.00000e+00,0.00000e+00,1.38771e-05,0.00000e+00,0.00000e+00,2.33932e-07,0.00000e+00,0.00000e+00,2.50000e-01,0.00000e+00,6.00625e-01,5.06250e-02,2.56075e+04,nan,nan,nan,nan,1,2.56166e+00,2.56166e+00,5.00000e-03,5.00000e-03
0.00000e+00,9.83422e-01,1.66375e-01,1.00000e+00,1.00000e-12,7.00133e-07,0.00000e+00,7.20000e-01,2.80000e-01,1.41110e-05,0.00000e+00,0.00000e+00,0.00000e+00,0.00000e+00,0.00000e+00,1.38771e-05,0.00000e+00,0.00000e+00,2.33932e-07,0.00000e+00,0.00000e+00,2.50000e-01,0.00000e+00,6.00625e-01,5.06250e-02,2.55227e+04,nan,nan,nan,nan,1,2.56533e+00,2.56533e+00,5.00000e-03,5.00000e-03
0.00000e+00,9.83422e-01,1.66375e-01,1.00000e+00,1.00000e-12,7.00133e-07,0.00000e+00,7.20000e-01,2.80000e-01,1.41110e-05,0.00000e+00,0.00000e+00,0.00000e+00,0.00000e+00,0.00000e+00,1.38771e-05,0.00000e+00,0.00000e+00,2.33932e-07,0.00000e+00,0.00000e+00,2.50000e-01,0.00000e+00,6.00625e-01,5.06250e-02,2.54379e+04,nan,nan,nan,nan,1,2.56900e+00,2.56900e+00,5.00000e-03,5.00000e-03
0.00000e+00,9.83422e-01,1.66375e-01,1.00000e+00,1.00000e-12,7.00133e-07,0.00000e+00,7.20000e-01,2.80000e-01,1.41110e-05,0.00000e+00,0.00000e+00,0.00000e+00,0.00000e+00,0.00000e+00,1.38771e-05,0.00000e+00,0.00000e+00,2.33932e-07,0.00000e+00,0.00000e+00,2.50000e-01,0.00000e+00,6.00625e-01,5.06250e-02,2.53531e+04,nan,nan,nan,nan,1,2.57267e+00,2.57267e+00,5.00000e-03,5.00000e-03
0.00000e+00,9.83422e-01,1.66375e-01,1.00000e+00,1.00000e-12,7.00133e-07,0.00000e+00,7.20000e-01,2.80000e-01,1.41110e-05,0.00000e+00,0.00000e+00,0.00000e+00,0.00000e+00,0.00000e+00,1.38771e-05,0.00000e+00,0.00000e+00,2.33932e-07,0.00000e+00,0.00000e+00,2.50000e-01,0.00000e+00,6.00625e-01,5.06250e-02,2.52683e+04,nan,nan,nan,nan,1,2.57634e+00,2.57634e+00,5.00000e-03,5.00000e-03
0.00000e+00,9.83422e-01,1.66375e-01,1.00000e+00,1.00000e-12,7.00133e-07,0.00000e+00,7.20000e-01,2.80000e-01,1.41110e-05,0.00000e+00,0.00000e+00,0.00000e+00,0.00000e+00,0.00000e+00,1.38771e-05,0.00000e+00,0.00000e+00,2.33932e-07,0.00000e+00,0.00000e+00,2.50000e-01,0.00000e+00,6.00625e-01,5.06250e-02,2.51835e+04,nan,nan,nan,nan,1,2.58001e+00,2.58001e+00,5.00000e-03,5.00000e-03
0.00000e+00,9.83422e-01,1.66375e-01,1.00000e+00,1.00000e-12,7.00133e-07,0.00000e+00,7.20000e-01,2.80000e-01,1.41110e-05,0.00000e+00,0.00000e+00,0.00000e+00,0.00000e+00,0.00000e+00,1.38771e-05,0.00000e+00,0.00000e+00,2.33932e-07,0.00000e+00,0.00000e+00,2.50000e-01,0.00000e+00,6.00625e-01,5.06250e-02,2.50987e+04,nan,nan,nan,nan,1,2.58368e+00,2.58368e+00,5.00000e-03,5.00000e-03
0.00000e+00,9.83422e-01,1.66375e-01,1.00000e+00,1.00000e-12,7.00133e-07,0.00000e+00,7.20000e-01,2.80000e-01,1.41110e-05,0.00000e+00,0.00000e+00,0.00000e+00,0.00000e+00,0.00000e+00,1.38771e-05,0.00000e+00,0.00000e+00,2.33932e-07,0.00000e+00,0.00000e+00,2.50000e-01,0.00000e+00,6.00625e-01,5.06250e-02,2.50140e+04,nan,nan,nan,nan,1,2.58735e+00,2.58735e+00,5.00000e-03,5.00000e-03
0.00000e+00,9.83422e-01,1.66375e-01,1.00000e+00,1.00000e-12,7.00133e-07,0.00000e+00,7.20000e-01,2.80000e-01,1.41110e-05,0.00000e+00,0.00000e+00,0.00000e+00,0.00000e+00,0.00000e+00,1.38771e-05,0.00000e+00,0.00000e+00,2.33932e-07,0.00000e+00,0.00000e+00,2.50000e-01,0.00000e+00,6.00625e-01,5.06250e-02,2.49292e+04,nan,nan,nan,nan,1,2.59102e+00,2.59102e+00,5.00000e-03,5.00000e-03
0.00000e+00,9.83422e-01,1.66375e-01,1.00000e+00,1.00000e-12,7.00133e-07,0.00000e+00,7.20000e-01,2.80000e-01,1.41110e-05,0.00000e+00,0.00000e+00,0.00000e+00,0.00000e+00,0.00000e+00,1.38771e-05,0.00000e+00,0.00000e+00,2.33932e-07,0.00000e+00,0.00000e+00,2.50000e-01,0.00000e+00,6.00625e-01,5.06250e-02,2.48444e+04,nan,nan,nan,nan,1,2.59469e+00,2.59469e+00,5.00000e-03,5.00000e-03
0.00000e+00,9.83422e-01,1.66375e-01,1.00000e+00,1.00000e-12,7.00133e-07,0.00000e+00,7.20000e-01,2.80000e-01,1.41110e-05,0.00000e+00,0.00000e+00,0.00000e+00,0.00000e+00,0.00000e+00,1.38771e-05,0.00000e+00,0.00000e+00,2.33932e-07,0.00000e+00,0.00000e+00,2.50000e-01,0.00000e+00,6.00625e-01,5.06250e-02,2.47596e+04,nan,nan,nan,nan,1,2.59836e+00,2.59836e+00,5.00000e-03,5.00000e-03
0.00000e+00,9.83422e-01,1.66375e-01,1.00000e+00,1.00000e-12,7.00133e-07,0.00000e+00,7.20000e-01,2.80000e-01,1.41110e-05,0.00000e+00,0.00000e+00,0.00000e+00,0.00000e+00,0.00000e+00,1.38771e-05,0.00000e+00,0.00000e+00,2.33932e-07,0.00000e+00,0.00000e+00,2.50000e-01,0.00000e+00,6.00625e-01,5.06250e-02,2.46748e+04,nan,nan,nan,nan,1,2.60203e+00,2.60203e+00,5.00000e-03,5.00000e-03
0.00000e+00,9.83422e-01,1.66375e-01,1.00000e+00,1.00000e-12,7.00133e-07,0.00000e+00,7.20000e-01,2.80000e-01,1.41110e-05,0.00000e+00,0.00000e+00,0.00000e+00,0.00000e+00,0.00000e+00,1.38771e-05,0.00000e+00,0.00000e+00,2.33932e-07,0.00000e+00,0.00000e+00,2.50000e-01,0.00000e+00,6.00625e-01,5.06250e-02,2.45900e+04,nan,nan,nan,nan,1,2.60570e+00,2.60570e+00,5.00000e-03,5.00000e-03
0.00000e+00,9.83422e-01,1.66375e-01,1.00000e+00,1.00000e-12,7.00133e-07,0.00000e+00,7.20000e-01,2.80000e-01,1.41110e-05,0.00000e+00,0.00000e+00,0.00000e+00,0.00000e+00,0.00000e+00,1.38771e-05,0.00000e+00,0.00000e+00,2.33932e-07,0.00000e+00,0.00000e+00,2.50000e-01,0.00000e+00,6.00625e-01,5.06250e-02,2.45052e+04,nan,nan,nan,nan,1,2.60937e+00,2.60937e+00,5.00000e-03,5.00000e-03
0.00000e+00,9.83422e-01,1.66375e-01,1.00000e+00,1.00000e-12,7.00133e-07,0.00000e+00,7.20000e-01,2.80000e-01,1.41110e-05,0.00000e+00,0.00000e+00,0.00000e+00,0.00000e+00,0.00000e+00,1.38771e-05,0.00000e+00,0.00000e+00,2.33932e-07,0.00000e+00,0.00000e+00,2.50000e-01,0.00000e+00,6.00625e-01,5.06250e-02,2.44204e+04,nan,nan,nan,nan,1,2.61304e+00,2.61304e+00,5.00000e-03,5.00000e-03
0.00000e+00,9.83422e-01,1.66375e-01,1.00000e+00,1.00000e-12,7.00133e-07,0.00000e+00,7.20000e-01,2.80000e-01,1.41110e-05,0.00000e+00,0.00000e+00,0.00000e+00,0.00000e+00,0.00000e+00,1.38771e-05,0.00000e+00,0.00000e+00,2.33932e-07,0.00000e+00,0.00000e+00,2.50000e-01,0.00000e+00,6.00625e-01,5.06250e-02,2.43356e+04,nan,nan,nan,nan,1,2.61671e+00,2.61671e+00,5.00000e-03,5.00000e-03
0.00000e+00,9.83422e-01,1.66375e-01,1.00000e+00,1.00000e-12,7.00133e-07,0.00000e+00,7.20000e-01,2.80000e-01,1.41110e-05,0.00000e+00,0.00000e+00,0.00000e+00,0.00000e+00,0.00000e+00,1.38771e-05,0.00000e+00,0.00000e+00,2.33932e-07,0.00000e+00,0.00000e+00,2.50000e-01,0.00000e+00,6.00625e-01,5.06250e-02,2.42508e+04,nan,nan,nan,nan,1,2.62038e+00,2.62038e+00,5.00000e-03,5.00000e-03
0.00000e+00,9.83422e-01,1.66375e-01,1.00000e+00,1.00000e-12,7.00133e-07,0.00000e+00,7.20000e-01,2.80000e-01,1.41110e-05,0.00000e+00,0.00000e+00,0.00000e+00,0.00000e+00,0.00000e+00,1.38771e-05,0.00000e+00,0.00000e+00,2.33932e-07,0.00000e+00,0.00000e+00,2.50000e-01,0.00000e+00,6.00625e-01,5.06250e-02,2.41660e+04,nan,nan,nan,nan,1,2.62405e+00,2.62405e+00,5.00000e-03,5.00000e-03
0.00000e+00,9.83422e-01,1.66375e-01,1.00000e+00,1.00000e-12,7.00133e-07,0.00000e+00,7.20000e-01,2.80000e-01,1.41110e-05,0.00000e+00,0.00000e+00,0.00000e+00,0.00000e+00,0.00000e+00,1.38771e-05,0.00000e+00,0.00000e+00,2.33932e-07,0.00000e+00,0.00000e+00,2.50000e-01,0.00000e+00,6.00625e-01,5.06250e-02,2.40812e+04,nan,nan,nan,nan,1,2.62772e+00,2.62772e+00,5.00000e-03,5.00000e-03
0.00000e+00,9.83422e-01,1.66375e-01,1.00000e+00,1.00000e-12,7.00133e-07,0.00000e+00,7.20000e-01,2.80000e-01,1.41110e-05,0.00000e+00,0.00000e+00,0.00000e+00,0.00000e+00,0.00000e+00,1.38771e-05,0.00000e+00,0.00000e+00,2.33932e-07,0.00000e+00,0.00000e+00,2.50000e-01,0.00000e+00,6.00625e-01,5.06250e-02,2.39964e+04,nan,nan,nan,nan,1,2.63139e+00,2.63139e+00,5.00000e-03,5.00000e-03
0.00000e+00,9.83422e-01,1.66375e-01,1.00000e+00,1.00000e-12,7.00133e-07,0.00000e+00,7.20000e-01,2.80000e-01,1.41110e-05,0.00000e+00,0.00000e+00,0.00000e+00,0.00000e+00,0.00000e+00,1.38771e-05,0.00000e+00,0.00000e+00,2.33932e-07,0.00000e+00,0.00000e+00,2.50000e-01,0.00000e+00,6.00625e-01,5.06250e-02,2.39117e+04,nan,nan,nan,nan,1,2.63506e+00,2.63506e+00,5.00000e-03,5.00000e-03
0.00000e+00,9.83422e-01,1.66375e-01,1.00000e+00,1.00000e-12,7.00133e-07,0.00000e+00,7.20000e-01,2.80000e-01,1.41110e-05,0.00000e+00,0.00000e+00,0.00000e+00,0.00000e+00,0.00000e+00,1.38771e-05,0.00000e+00,0.00000e+00,2.33932e-07,0.00000e+00,0.00000e+00,2.50000e-01,0.00000e+00,6.00625e-01,5.06250e-02,2.38269e+04,nan,nan,nan,nan,1,2.63873e+00,2.63873e+00,5.00000e-03,5.00000e-03
0.00000e+00,9.83422e-01,1.66375e-01,1.00000e+00,1.00000e-12,7.00133e-07,0.00000e+00,7.20000e-01,2.80000e-01,1.41110e-05,0.00000e+00,0.00000e+00,0.00000e+00,0.00000e+00,0.00000e+00,1.38771e-05,0.00000e+00,0.00000e+00,2.33932e-07,0.00000e+00,0.00000e+00,2.50000e-01,0.00000e+00,6.00625e-01,5.06250e-02,2.37421e+04,nan,nan,nan,nan,1,2.64240e+00,2.64240e+00,5.00000e-03,5.00000e-03
0.00000e+00,9.83422e-01,1.66375e-01,1.00000e+00,1.00000e-12,7.00133e-07,0.00000e+00,7.20000e-01,2.80000e-01,1.41110e-05,0.00000e+00,0.00000e+00,0.00000e+00,0.00000e+00,0.00000e+00,1.38771e-05,0.00000e+00,0.00000e+00,2.33932e-07,0.00000e+00,0.00000e+00,2.50000e-01,0.00000e+00,6.00625e-01,5.06250e-02,2.36573e+04,nan,nan,nan,nan,1,2.64607e+00,2.64607e+00,5.00000e-03,5.00000e-03
0.00000e+00,9.83422e-01,1.66375e-01,1.00000e+00,1.00000e-12,7.00133e-07,0.00000e+00,7.20000e-01,2.80000e-01,1.41110e-05,0.00000e+00,0.00000e+00,0.00000e+00,0.00000e+00,0.00000e+00,1.38771e-05,0.00000e+00,0.00000e+00,2.33932e-07,0.00000e+00,0.00000e+00,2.50000e-01,0.00000e+00,6.00625e-01,5.06250e-02,2.35725e+04,nan,nan,nan,nan,1,2.64974e+00,2.64974e+00,5.00000e-03,5.00000e-03
0.00000e+00,9.83422e-01,1.66375e-01,1.00000e+00,1.00000e-12,7.00133e-07,0.00000e+00,7.20000e-01,2.80000e-01,1.41110e-05,0.00000e+00,0.00000e+00,0.00000e+00,0.00000e+00,0.00000e+00,1.38771e-05,0.00000e+00,0.00000e+00,2.33932e-07,0.00000e+00,0.00000e+00,2.50000e-01,0.00000e+00,6.00625e-01,5.06250e-02,2.34877e+04,nan,nan,nan,nan,1,2.65341e+00,2.65341e+00,5.00000e-03,5.00000e-03
0.00000e+00,9.83422e-01,1.66375e-01,1.00000e+00,1.00000e-12,7.00133e-07,0.00000e+00,7.20000e-01,2.80000e-01,1.41110e-05,0.00000e+00,0.00000e+00,0.00000e+00,0.00000e+00,0.00000e+00,1.38771e-05,0.00000e+00,0.00000e+00,2.33932e-07,0.00000e+00,0.00000e+00,2.50000e-01,0.00000e+00,6.00625e-01,5.06250e-02,2.34029e+04,nan,nan,nan,nan,1,2.65708e+00,2.65708e+00,5.00000e-03,5.00000e-03
0.00000e+00,9.83422e-01,1.66375e-01,1.00000e+00,1.00000e-12,7.00133e-07,0.00000e+00,7.20000e-01,2.80000e-01,1.41110e-05,0.00000e+00,0.00000e+00,0.00000e+00,0.00000e+00,0.00000e+00,1.38771e-05,0.00000e+00,0.00000e+00,2.33932e-07,0.00000e+00,0.00000e+00,2.50000e-01,0.00000e+00,6.00625e-01,5.06250e-02,2.33181e+04,nan,nan,nan,nan,1,2.66075e+00,2.66075e+00,5.00000e-03,5.00000e-03
0.00000e+00,9.83422e-01,1.66375e-01,1.00000e+00,1.00000e-12,7.00133e-07,0.00000e+00,7.20000e-01,2.80000e-01,1.41110e-05,0.00000e+00,0.00000e+00,0.00000e+00,0.00000e+00,0.00000e+00,1.38771e-05,0.00000e+00,0.00000e+00,2.33932e-07,0.00000e+00,0.00000e+00,2.50000e-01,0.00000e+00,6.00625e-01,5.06250e-02,2.32333e+04,nan,nan,nan,nan,1,2.66442e+00,2.66442e+00,5.00000e-03,5.00000e-03
0.00000e+00,9.83422e-01,1.66375e-01,1.00000e+00,1.00000e-12,7.00133e-07,0.00000e+00,7.20000e-01,2.80000e-01,1.41110e-05,0.00000e+00,0.00000e+00,0.00000e+00,0.00000e+00,0.00000e+00,1.38771e-05,0.00000e+00,0.00000e+00,2.33932e-07,0.00000e+00,0.00000e+00,2.50000e-01,0.00000e+00,6.00625e-01,5.06250e-02,2.31485e+04,nan,nan,nan,nan,1,2.66809e+00,2.66809e+00,5.00000e-03,5.00000e-03
0.00000e+00,9.83422e-01,1.66375e-01,1.00000e+00,1.00000e-12,7.00133e-07,0.00000e+00,7.20000e-01,2.80000e-01,1.41110e-05,0.00000e+00,0.00000e+00,0.00000e+00,0.00000e+00,0.00000e+00,1.38771e-05,0.00000e+00,0.00000e+00,2.33932e-07,0.00000e+00,0.00000e+00,2.50000e-01,0.00000e+00,6.00625e-01,5.06250e-02,2.30637e+04,nan,nan,nan,nan,1,2.67176e+00,2.67176e+00,5.00000e-03,5.00000e-03
0.00000e+00,9.83422e-01,1.66375e-01,1.00000e+00,1.00000e-12,7.00133e-07,0.00000e+00,7.20000e-01,2.80000e-01,1.41110e-05,0.00000e+00,0.00000e+00,0.00000e+00,0.00000e+00,0.00000e+00,1.38771e-05,0.00000e+00,0.00000e+00,2.33932e-07,0.00000e+00,0.00000e+00,2.50000e-01,0.00000e+00,6.00625e-01,5.06250e-02,2.29789e+04,nan,nan,nan,nan,1,2.67543e+00,2.67543e+00,5.00000e-03,5.00000e-03
0.00000e+00,9.83422e-01,1.66375e-01,1.00000e+00,1.00000e-12,7.00133e-07,0.00000e+00,7.20000e-01,2.80000e-01,1.41110e-05,0.00000e+00,0.00000e+00,0.00000e+00,0.00000e+00,0.00000e+00,1.38771e-05,0.00000e+00,0.00000e+00,2.33932e-07,0.00000e+00,0.00000e+00,2.50000e-01,0.00000e+00,6.00625e-01,5.06250e-02,2.28941e+04,nan,nan,nan,nan,1,2.67910e+00,2.67910e+00,5.00000e-03,5.00000e-03
0.00000e+00,9.83422e-01,1.66375e-01,1.00000e+00,1.00000e-12,7.00133e-07,0.00000e+00,7.20000e-01,2.80000e-01,1.41110e-05,0.00000e+00,0.00000e+00,0.00000e+00,0.00000e+00,0.00000e+00,1.38771e-05,0.00000e+00,0.00000e+00,2.33932e-07,0.00000e+00,0.00000e+00,2.50000e-01,0.00000e+00,6.00625e-01,5.06250e-02,2.28093e+04,nan,nan,nan,nan,1,2.68277e+00,2.68277e+00,5.00000e-03,5.00000e-03
0.00000e+00,9.83422e-01,1.66375e-01,1.00000e+00,1.00000e-12,7.00133e-07,0.00000e+00,7.20000e-01,2.80000e-01,1.41110e-05,0.00000e+00,0.00000e+00,0.00000e+00,0.00000e+00,0.00000e+00,1.38771e-05,0.00000e+00,0.00000e+00,2.33932e-07,0.00000e+00,0.00000e+00,2.50000e-01,0.00000e+00,6.00625e-01,5.06250e-02,2.27245e+04,nan,nan,nan,nan,1,2.68644e+00,2.68644e+00,5.00000e-03,5.00000e-03
0.00000e+00,9.83422e-01,1.66375e-01,1.00000e+00,1.00000e-12,7.00133e-07,0.00000e+00,7.20000e-01,2.80000e-01,1.41110e-05,0.00000e+00,0.00000e+00,0.00000e+00,0.00000e+00,0.00000e+00,1.38771e-05,0.00000e+00,0.00000e+00,2.33932e-07,0.00000e+00,0.00000e+00,2.50000e-01,0.00000e+00,6.00625e-01,5.06250e-02,2.26398e+04,nan,nan,nan,nan,1,2.69011e+00,2.69011e+00,5.00000e-03,5.00000e-03
0.00000e+00,9.83422e-01,1.66375e-01,1.00000e+00,1.00000e-12,7.00133e-07,0.00000e+00,7.20000e-01,2.80000e-01,1.41110e-05,0.00000e+00,0.00000e+00,0.00000e+00,0.00000e+00,0.00000e+00,1.38771e-05,0.00000e+00,0.00000e+00,2.33932e-07,0.00000e+00,0.00000e+00,2.50000e-01,0.00000e+00,6.00625e-01,5.06250e-02,2.25550e+04,nan,nan,nan,nan,1,2.69378e+00,2.69378e+00,5.00000e-03,5.00000e-03
0.00000e+00,9.83422e-01,1.66375e-01,1.00000e+00,1.00000e-12,7.00133e-07,0.00000e+00,7.20000e-01,2.80000e-01,1.41110e-05,0.00000e+00,0.00000e+00,0.00000e+00,0.00000e+00,0.00000e+00,1.38771e-05,0.00000e+00,0.00000e+00,2.33932e-07,0.00000e+00,0.00000e+00,2.50000e-01,0.00000e+00,6.00625e-01,5.06250e-02,2.24702e+04,nan,nan,nan,nan,1,2.69745e+00,2.69745e+00,5.00000e-03,5.00000e-03
0.00000e+00,9.83422e-01,1.66375e-01,1.00000e+00,1.00000e-12,7.00133e-07,0.00000e+00,7.20000e-01,2.80000e-01,1.41110e-05,0.00000e+00,0.00000e+00,0.00000e+00,0.00000e+00,0.00000e+00,1.38771e-05,0.00000e+00,0.00000e+00,2.33932e-07,0.00000e+00,0.00000e+00,2.50000e-01,0.00000e+00,6.00625e-01,5.06250e-02,2.23854e+04,nan,nan,nan,nan,1,2.70112e+00,2.70112e+00,5.00000e-03,5.00000e-03
0.00000e+00,9.83422e-01,1.66375e-01,1.00000e+00,1.00000e-12,7.00133e-07,0.00000e+00,7.20000e-01,2.80000e-01,1.41110e-05,0.00000e+00,0.00000e+00,0.00000e+00,0.00000e+00,0.00000e+00,1.38771e-05,0.00000e+00,0.00000e+00,2.33932e-07,0.00000e+00,0.00000e+00,2.50000e-01,0.00000e+00,6.00625e-01,5.06250e-02,2.23006e+04,nan,nan,nan,nan,1,2.70479e+00,2.70479e+00,5.00000e-03,5.00000e-03
0.00000e+00,9.83422e-01,1.66375e-01,1.00000e+00,1.00000e-12,7.00133e-07,0.00000e+00,7.20000e-01,2.80000e-01,1.41110e-05,0.00000e+00,0.00000e+00,0.00000e+00,0.00000e+00,0.00000e+00,1.38771e-05,0.00000e+00,0.00000e+00,2.33932e-07,0.00000e+00,0.00000e+00,2.50000e-01,0.00000e+00,6.00625e-01,5.06250e-02,2.22158e+04,nan,nan,nan,nan,1,2.70846e+00,2.70846e+00,5.00000e-03,5.00000e-03
0.00000e+00,9.83422e-01,1.66375e-01,1.00000e+00,1.00000e-12,7.00133e-07,0.00000e+00,7.20000e-01,2.80000e-01,1.41110e-05,0.00000e+00,0.00000e+00,0.00000e+00,0.00000e+00,0.00000e+00,1.38771e-05,0.00000e+00,0.00000e+00,2.33932e-07,0.00000e+00,0.00000e+00,2.50000e-01,0.00000e+00,6.00625e-01,5.06250e-02,2.21310e+04,nan,nan,nan,nan,1,2.71213e+00,2.71213e+00,5.00000e-03,5.00000e-03
0.00000e+00,9.83422e-01,1.66375e-01,1.00000e+00,1.00000e-12,7.00133e-07,0.00000e+00,7.20000e-01,2.80000e-01,1.41110e-05,0.00000e+00,0.00000e+00,0.00000e+00,0.00000e+00,0.00000e+00,1.38771e-05,0.00000e+00,0.00000e+00,2.33932e-07,0.00000e+00,0.00000e+00,2.50000e-01,0.00000e+00,6.00625e-01,5.06250e-02,2.20462e+04,nan,nan,nan,nan,1,2.71580e+00,2.71580e+00,5.00000e-03,5.00000e-03
0.00000e+00,9.83422e-01,1.66375e-01,1.00000e+00,1.00000e-12,7.00133e-07,0.00000e+00,7.20000e-01,2.80000e-01,1.41110e-05,0.00000e+00,0.00000e+00,0.00000e+00,0.00000e+00,0.00000e+00,1.38771e-05,0.00000e+00,0.00000e+00,2.33932e-07,0.00000e+00,0.00000e+00,2.50000e-01,0.00000e+00,6.00625e-01,5.06250e-02,2.19614e+04,nan,nan,nan,nan,1,2.71947e+00,2.71947e+00,5.00000e-03,5.00000e-03
0.00000e+00,9.83422e-01,1.66375e-01,1.00000e+00,1.00000e-12,7.00133e-07,0.00000e+00,7.20000e-01,2.80000e-01,1.41110e-05,0.00000e+00,0.00000e+00,0.00000e+00,0.00000e+00,0.00000e+00,1.38771e-05,0.00000e+00,0.00000e+00,2.33932e-07,0.00000e+00,0.00000e+00,2.50000e-01,0.00000e+00,6.00625e-01,5.06250e-02,2.18766e+04,nan,nan,nan,nan,1,2.72314e+00,2.72314e+00,5.00000e-03,5.00000e-03
0.00000e+00,9.83422e-01,1.66375e-01,1.00000e+00,1.00000e-12,7.00133e-07,0.00000e+00,7.20000e-01,2.80000e-01,1.41110e-05,0.00000e+00,0.00000e+00,0.00000e+00,0.00000e+00,0.00000e+00,1.38771e-05,0.00000e+00,0.00000e+00,2.33932e-07,0.00000e+00,0.00000e+00,2.50000e-01,0.00000e+00,6.00625e-01,5.06250e-02,2.17918e+04,nan,nan,nan,nan,1,2.72681e+00,2.72681e+00,5.00000e-03,5.00000e-03
0.00000e+00,9.83422e-01,1.66375e-01,1.00000e+00,1.00000e-12,7.00133e-07,0.00000e+00,7.20000e-01,2.80000e-01,1.41110e-05,0.00000e+00,0.00000e+00,0.00000e+00,0.00000e+00,0.00000e+00,1.38771e-05,0.00000e+00,0.00000e+00,2.33932e-07,0.00000e+00,0.00000e+00,2.50000e-01,0.00000e+00,6.00625e-01,5.06250e-02,2.17070e+04,nan,nan,nan,nan,1,2.73048e+00,2.73048e+00,5.00000e-03,5.00000e-03
0.00000e+00,9.83422e-01,1.66375e-01,1.00000e+00,1.00000e-12,7.00133e-07,0.00000e+00,7.20000e-01,2.80000e-01,1.41110e-05,0.00000e+00,0.00000e+00,0.00000e+00,0.00000e+00,0.00000e+00,1.38771e-05,0.00000e+00,0.00000e+00,2.33932e-07,0.00000e+00,0.00000e+00,2.50000e-01,0.00000e+00,6.00625e-01,5.06250e-02,2.16222e+04,nan,nan,nan,nan,1,2.73415e+00,2.73415e+00,5.00000e-03,5.00000e-03
0.00000e+00,9.83422e-01,1.66375e-01,1.00000e+00,1.00000e-12,7.00133e-07,0.00000e+00,7.20000e-01,2.80000e-01,1.41110e-05,0.00000e+00,0.00000e+00,0.00000e+00,0.00000e+00,0.00000e+00,1.38771e-05,0.00000e+00,0.00000e+00,2.33932e-07,0.00000e+00,0.00000e+00,2.50000e-01,0.00000e+00,6.00625e-01,5.06250e-02,2.15374e+04,nan,nan,nan,nan,1,2.73782e+00,2.73782e+00,5.00000e-03,5.00000e-03
0.00000e+00,9.83422e-01,1.66375e-01,1.00000e+00,1.00000e-12,7.00133e-07,0.00000e+00,7.20000e-01,2.80000e-01,1.41110e-05,0.00000e+00,0.00000e+00,0.00000e+00,0.00000e+00,0.00000e+00,1.38771e-05,0.00000e+00,0.00000e+00,2.33932e-07,0.00000e+00,0.00000e+00,2.50000e-01,0.00000e+00,6.00625e-01,5.06250e-02,2.14526e+04,nan,nan,nan,nan,1,2.74149e+00,2.74149e+00,5.00000e-03,5.00000e-03
0.00000e+00,9.83422e-01,1.66375e-01,1.00000e+00,1.00000e-12,7.00133e-07,0.00000e+00,7.20000e-01,2.80000e-01,1.41110e-05,0.00000e+00,0.00000e+00,0.00000e+00,0.00000e+00,0.00000e+00,1.38771e-05,0.00000e+00,0.00000e+00,2.33932e-07,0.00000e+00,0.00000e+00,2.50000e-01,0.00000e+00,6.00625e-01,5.06250e-02,2.13679e+04,nan,nan,nan,nan,1,2.74516e+00,2.74516e+00,5.00000e-03,5.00000e-03
0.00000e+00,9.83422e-01,1.66375e-01,1.00000e+00,1.00000e-12,7.00133e-07,0.00000e+00,7.20000e-01,2.80000e-01,1.41110e-05,0.00000e+00,0.00000e+00,0.00000e+00,0.00000e+00,0.00000e+00,1.38771e-05,0.00000e+00,0.00000e+00,2.33932e-07,0.00000e+00,0.00000e+00,2.50000e-01,0.00000e+00,6.00625e-01,5.06250e-02,2.12831e+04,nan,nan,nan,nan,1,2.74883e+00,2.74883e+00,5.00000e-03,5.00000e-03
0.00000e+00,9.83422e-01,1.66375e-01,1.00000e+00,1.00000e-12,7.00133e-07,0.00000e+00,7.20000e-01,2.80000e-01,1.41110e-05,0.00000e+00,0.00000e+00,0.00000e+00,0.00000e+00,0.00000e+00,1.38771e-05,0.00000e+00,0.00000e+00,2.33932e-07,0.00000e+00,0.00000e+00,2.50000e-01,0.00000e+00,6.00625e-01,5.06250e-02,2.11983e+04,nan,nan,nan,nan,1,2.75250e+00,2.75250e+00,5.00000e-03,5.00000e-03
0.00000e+00,9.83422e-01,1.66375e-01,1.00000e+00,1.00000e-12,7.00133e-07,0.00000e+00,7.20000e-01,2.80000e-01,1.41110e-05,0.00000e+00,0.00000e+00,0.00000e+00,0.00000e+00,0.00000e+00,1.38771e-05,0.00000e+00,0.00000e+00,2.33932e-07,0.00000e+00,0.00000e+00,2.50000e-01,0.00000e+00,6.00625e-01,5.06250e-02,2.11135e+04,nan,nan,nan,nan,1,2.75617e+00,2.75617e+00,5.00000e-03,5.00000e-03
0.00000e+00,9.83422e-01,1.66375e-01,1.00000e+00,1.00000e-12,7.00133e-07,0.00000e+00,7.20000e-01,2.80000e-01,1.41110e-05,0.00000e+00,0.00000e+00,0.00000e+00,0.00000e+00,0.00000e+00,1.38771e-05,0.00000e+00,0.00000e+00,2.33932e-07,0.00000e+00,0.00000e+00,2.50000e-01,0.00000e+00,6.00625e-01,5.06250e-02,2.10287e+04,nan,nan,nan,nan,1,2.75984e+00,2.75984e+00,5.00000e-03,5.00000e-03
0.00000e+00,9.83422e-01,1.66375e-01,1.00000e+00,1.00000e-12,7.00133e-07,0.00000e+00,7.20000e-01,2.80000e-01,1.41110e-05,0.00000e+00,0.00000e+00,0.00000e+00,0.00000e+00,0.00000e+00,1.38771e-05,0.00000e+00,0.00000e+00,2.33932e-07,0.00000e+00,0.00000e+00,2.50000e-01,0.00000e+00,6.00625e-01,5.06250e-02,2.09439e+04,nan,nan,nan,nan,1,2.76351e+00,2.76351e+00,5.00000e-03,5.00000e-03
0.00000e+00,9.83422e-01,1.66375e-01,1.00000e+00,1.00000e-12,7.00133e-07,0.00000e+00,7.20000e-01,2.80000e-01,1.41110e-05,0.00000e+00,0.00000e+00,0.00000e+00,0.00000e+00,0.00000e+00,1.38771e-05,0.00000e+00,0.00000e+00,2.33932e-07,0.00000e+00,0.00000e+00,2.50000e-01,0.00000e+00,6.00625e-01,5.06250e-02,2.08591e+04,nan,nan,nan,nan,1,2.76718e+00,2.76718e+00,5.00000e-03,5.00000e-03
0.00000e+00,9.83422e-01,1.66375e-01,1.00000e+00,1.00000e-12,7.00133e-07,0.00000e+00,7.20000e-01,2.80000e-01,1.41110e-05,0.00000e+00,0.00000e+00,0.00000e+00,0.00000e+00,0.00000e+00,1.38771e-05,0.00000e+00,0.00000e+00,2.33932e-07,0.00000e+00,0.00000e+00,2.50000e-01,0.00000e+00,6.00625e-01,5.06250e-02,2.07743e+04,nan,nan,nan,nan,1,2.77085e+00,2.77085e+00,5.00000e-03,5.00000e-03
0.00000e+00,9.83422e-01,1.66375e-01,1.00000e+00,1.00000e-12,7.00133e-07,0.00000e+00,7.20000e-01,2.80000e-01,1.41110e-05,0.00000e+00,0.00000e+00,0.00000e+00,0.00000e+00,0.00000e+00,1.38771e-05,0.00000e+00,0.00000e+00,2.33932e-07,0.00000e+00,0.00000e+00,2.50000e-01,0.00000e+00,6.00625e-01,5.06250e-02,2.06895e+04,nan,nan,nan,nan,1,2.77452e+00,2.77452e+00,5.00000e-03,5.00000e-03
0.00000e+00,9.83422e-01,1.66375e-01,1.00000e+00,1.00000e-12,7.00133e-07,0.00000e+00,7.20000e-01,2.80000e-01,1.41110e-05,0.00000e+00,0.00000e+00,0.00000e+00,0.00000e+00,0.00000e+00,1.38771e-05,0.00000e+00,0.00000e+00,2.33932e-07,0.00000e+00,0.00000e+00,2.50000e-01,0.00000e+00,6.00625e-01,5.06250e-02,2.06047e+04,nan,nan,nan,nan,1,2.77819e+00,2.77819e+00,5.00000e-03,5.00000e-03
0.00000e+00,9.83422e-01,1.66375e-01,1.00000e+00,1.00000e-12,7.00133e-07,0.00000e+00,7.20000e-01,2.80000e-01,1.41110e-05,0.00000e+00,0.00000e+00,0.00000e+00,0.00000e+00,0.00000e+00,1.38771e-05,0.00000e+00,0.00000e+00,2.33932e-07,0.00000e+00,0.00000e+00,2.50000e-01,0.00000e+00,6.00625e-01,5.06250e-02,2.05199e+04,nan,nan,nan,nan,1,2.78186e+00,2.78186e+00,5.00000e-03,5.00000e-03
0.00000e+00,9.83422e-01,1.66375e-01,1.00000e+00,1.00000e-12,7.00133e-07,0.00000e+00,7.20000e-01,2.80000e-01,1.41110e-05,0.00000e+00,0.00000e+00,0.00000e+00,0.00000e+00,0.00000e+00,1.38771e-05,0.00000e+00,0.00000e+00,2.33932e-07,0.00000e+00,0.00000e+00,2.50000e-01,0.00000e+00,6.00625e-01,5.06250e-02,2.04351e+04,nan,nan,nan,nan,1,2.78553e+00,2.78553e+00,5.00000e-03,5.00000e-03
0.00000e+00,9.83422e-01,1.66375e-01,1.00000e+00,1.00000e-12,7.00133e-07,0.00000e+00,7.20000e-01,2.80000e-01,1.41110e-05,0.00000e+00,0.00000e+00,0.00000e+00,0.00000e+00,0.00000e+00,1.38771e-05,0.00000e+00,0.00000e+00,2.33932e-07,0.00000e+00,0.00000e+00,2.50000e-01,0.00000e+00,6.00625e-01,5.06250e-02,2.03503e+04,nan,nan,nan,nan,1,2.78920e+00,2.78920e+00,5.00000e-03,5.00000e-03
0.00000e+00,9.83422e-01,1.66375e-01,1.00000e+00,1.00000e-12,7.00133e-07,0.00000e+00,7.20000e-01,2.80000e-01,1.41110e-05,0.00000e+00,0.00000e+00,0.00000e+00,0.00000e+00,0.00000e+00,1.38771e-05,0.00000e+00,0.00000e+00,2.33932e-07,0.00000e+00,0.00000e+00,2.50000e-01,0.00000e+00,6.00625e-01,5.06250e-02,2.02655e+04,nan,nan,nan,nan,1,2.79287e+00,2.79287e+00,5.00000e-03,5.00000e-03
0.00000e+00,9.83422e-01,1.66375e-01,1.00000e+00,1.00000e-12,7.00133e-07,0.00000e+00,7.20000e-01,2.80000e-01,1.41110e-05,0.00000e+00,0.00000e+00,0.00000e+00,0.00000e+00,0.00000e+00,1.38771e-05,0.00000e+00,0.00000e+00,2.33932e-07,0.00000e+00,0.00000e+00,2.50000e-01,0.00000e+00,6.00625e-01,5.06250e-02,2.01808e+04,nan,nan,nan,nan,1,2.79654e+00,2.79654e+00,5.00000e-03,5.00000e-03
0.00000e+00,9.83422e-01,1.66375e-01,1.00000e+00,1.00000e-12,7.00133e-07,0.00000e+00,7.20000e-01,2.80000e-01,1.41110e-05,0.00000e+00,0.00000e+00,0.00000e+00,0.00000e+00,0.00000e+00,1.38771e-05,0.00000e+00,0.00000e+00,2.33932e-07,0.00000e+00,0.00000e+00,2.50000e-01,0.00000e+00,6.00625e-01,5.06250e-02,2.00960e+04,nan,nan,nan,nan,1,2.80021e+00,2.80021e+00,5.00000e-03,5.00000e-03
0.00000e+00,9.83422e-01,1.66375e-01,1.00000e+00,1.00000e-12,7.00133e-07,0.00000e+00,7.20000e-01,2.80000e-01,1.41110e-05,0.00000e+00,0.00000e+00,0.00000e+00,0.00000e+00,0.00000e+00,1.38771e-05,0.00000e+00,0.00000e+00,2.33932e-07,0.00000e+00,0.00000e+00,2.50000e-01,0.00000e+00,6.00625e-01,5.06250e-02,2.00112e+04,nan,nan,nan,nan,1,2.80388e+00,2.80388e+00,5.00000e-03,5.00000e-03
0.00000e+00,9.83422e-01,1.66375e-01,1.00000e+00,1.00000e-12,7.00133e-07,0.00000e+00,7.20000e-01,2.80000e-01,1.41110e-05,0.00000e+00,0.00000e+00,0.00000e+00,0.00000e+00,0.00000e+00,1.38771e-05,0.00000e+00,0.00000e+00,2.33932e-07,0.00000e+00,0.00000e+00,2.50000e-01,0.00000e+00,6.00625e-01,5.06250e-02,1.99264e+04,nan,nan,nan,nan,1,2.80755e+00,2.80755e+00,5.00000e-03,5.00000e-03
0.00000e+00,9.83422e-01,1.66375e-01,1.00000e+00,1.00000e-12,7.00133e-07,0.00000e+00,7.20000e-01,2.80000e-01,1.41110e-05,0.00000e+00,0.00000e+00,0.00000e+00,0.00000e+00,0.00000e+00,1.38771e-05,0.00000e+00,0.00000e+00,2.33932e-07,0.00000e+00,0.00000e+00,2.50000e-01,0.00000e+00,6.00625e-01,5.06250e-02,1.98416e+04,nan,nan,nan,nan,1,2.81122e+00,2.81122e+00,5.00000e-03,5.00000e-03
0.00000e+00,9.83422e-01,1.66375e-01,1.00000e+00,1.00000e-12,7.00133e-07,0.00000e+00,7.20000e-01,2.80000e-01,1.41110e-05,0.00000e+00,0.00000e+00,0.00000e+00,0.00000e+00,0.00000e+00,1.38771e-05,0.00000e+00,0.00000e+00,2.33932e-07,0.00000e+00,0.00000e+00,2.50000e-01,0.00000e+00,6.00625e-01,5.06250e-02,1.97568e+04,nan,nan,nan,nan,1,2.81489e+00,2.81489e+00,5.00000e-03,5.00000e-03
0.00000e+00,9.83422e-01,1.66375e-01,1.00000e+00,1.00000e-12,7.00133e-07,0.00000e+00,7.20000e-01,2.80000e-01,1.41110e-05,0.00000e+00,0.00000e+00,0.00000e+00,0.00000e+00,0.00000e+00,1.38771e-05,0.00000e+00,0.00000e+00,2.33932e-07,0.00000e+00,0.00000e+00,2.50000e-01,0.00000e+00,6.00625e-01,5.06250e-02,1.96720e+04,nan,nan,nan,nan,1,2.81856e+00,2.81856e+00,5.00000e-03,5.00000e-03
0.00000e+00,9.83422e-01,1.66375e-01,1.00000e+00,1.00000e-12,7.00133e-07,0.00000e+00,7.20000e-01,2.80000e-01,1.41110e-05,0.00000e+00,0.00000e+00,0.00000e+00,0.00000e+00,0.00000e+00,1.38771e-05,0.00000e+00,0.00000e+00,2.33932e-07,0.00000e+00,0.00000e+00,2.50000e-01,0.00000e+00,6.00625e-01,5.06250e-02,1.95872e+04,nan,nan,nan,nan,1,2.82223e+00,2.82223e+00,5.00000e-03,5.00000e-03
0.00000e+00,9.83422e-01,1.66375e-01,1.00000e+00,1.00000e-12,7.00133e-07,0.00000e+00,7.20000e-01,2.80000e-01,1.41110e-05,0.00000e+00,0.00000e+00,0.00000e+00,0.00000e+00,0.00000e+00,1.38771e-05,0.00000e+00,0.00000e+00,2.33932e-07,0.00000e+00,0.00000e+00,2.50000e-01,0.00000e+00,6.00625e-01,5.06250e-02,1.95024e+04,nan,nan,nan,nan,1,2.82590e+00,2.82590e+00,5.00000e-03,5.00000e-03
0.00000e+00,9.83422e-01,1.66375e-01,1.00000e+00,1.00000e-12,7.00133e-07,0.00000e+00,7.20000e-01,2.80000e-01,1.41110e-05,0.00000e+00,0.00000e+00,0.00000e+00,0.00000e+00,0.00000e+00,1.38771e-05,0.00000e+00,0.00000e+00,2.33932e-07,0.00000e+00,0.00000e+00,2.50000e-01,0.00000e+00,6.00625e-01,5.06250e-02,1.94176e+04,nan,nan,nan,nan,1,2.82957e+00,2.82957e+00,5.00000e-03,5.00000e-03
0.00000e+00,9.83422e-01,1.66375e-01,1.00000e+00,1.00000e-12,7.00133e-07,0.00000e+00,7.20000e-01,2.80000e-01,1.41110e-05,0.00000e+00,0.00000e+00,0.00000e+00,0.00000e+00,0.00000e+00,1.38771e-05,0.00000e+00,0.00000e+00,2.33932e-07,0.00000e+00,0.00000e+00,2.50000e-01,0.00000e+00,6.00625e-01,5.06250e-02,1.93328e+04,nan,nan,nan,nan,1,2.83324e+00,2.83324e+00,5.00000e-03,5.00000e-03
0.00000e+00,9.83422e-01,1.66375e-01,1.00000e+00,1.00000e-12,7.00133e-07,0.00000e+00,7.20000e-01,2.80000e-01,1.41110e-05,0.00000e+00,0.00000e+00,0.00000e+00,0.00000e+00,0.00000e+00,1.38771e-05,0.00000e+00,0.00000e+00,2.33932e-07,0.00000e+00,0.00000e+00,2.50000e-01,0.00000e+00,6.00625e-01,5.06250e-02,1.92480e+04,nan,nan,nan,nan,1,2.83691e+00,2.83691e+00,5.00000e-03,5.00000e-03
0.00000e+00,9.83422e-01,1.66375e-01,1.00000e+00,1.00000e-12,7.00133e-07,0.00000e+00,7.20000e-01,2.80000e-01,1.41110e-05,0.00000e+00,0.00000e+00,0.00000e+00,0.00000e+00,0.00000e+00,1.38771e-05,0.00000e+00,0.00000e+00,2.33932e-07,0.00000e+00,0.00000e+00,2.50000e-01,0.00000e+00,6.00625e-01,5.06250e-02,1.91632e+04,nan,nan,nan,nan,1,2.84058e+00,2.84058e+00,5.00000e-03,5.00000e-03
0.00000e+00,9.83422e-01,1.66375e-01,1.00000e+00,1.00000e-12,7.00133e-07,0.00000e+00,7.20000e-01,2.80000e-01,1.41110e-05,0.00000e+00,0.00000e+00,0.00000e+00,0.00000e+00,0.00000e+00,1.38771e-05,0.00000e+00,0.00000e+00,2.33932e-07,0.00000e+00,0.00000e+00,2.50000e-01,0.00000e+00,6.00625e-01,5.06250e-02,1.90784e+04,nan,nan,nan,nan,1,2.84425e+00,2.84425e+00,5.00000e-03,5.00000e-03
0.00000e+00,9.83422e-01,1.66375e-01,1.00000e+00,1.00000e-12,7.00133e-07,0.00000e+00,7.20000e-01,2.80000e-01,1.41110e-05,0.00000e+00,0.00000e+00,0.00000e+00,0.00000e+00,0.00000e+00,1.38771e-05,0.00000e+00,0.00000e+00,2.33932e-07,0.00000e+00,0.00000e+00,2.50000e-01,0.00000e+00,6.00625e-01,5.06250e-02,1.89937e+04,nan,nan,nan,nan,1,2.84792e+00,2.84792e+00,5.00000e-03,5.00000e-03
0.00000e+00,9.83422e-01,1.66375e-01,1.00000e+00,1.00000e-12,7.00133e-07,0.00000e+00,7.20000e-01,2.80000e-01,1.41110e-05,0.00000e+00,0.00000e+00,0.00000e+00,0.00000e+00,0.00000e+00,1.38771e-05,0.00000e+00,0.00000e+00,2.33932e-07,0.00000e+00,0.00000e+00,2.50000e-01,0.00000e+00,6.00625e-01,5.06250e-02,1.89089e+04,nan,nan,nan,nan,1,2.85159e+00,2.85159e+00,5.00000e-03,5.00000e-03
0.00000e+00,9.83422e-01,1.66375e-01,1.00000e+00,1.00000e-12,7.00133e-07,0.00000e+00,7.20000e-01,2.80000e-01,1.41110e-05,0.00000e+00,0.00000e+00,0.00000e+00,0.00000e+00,0.00000e+00,1.38771e-05,0.00000e+00,0.00000e+00,2.33932e-07,0.00000e+00,0.00000e+00,2.50000e-01,0.00000e+00,6.00625e-01,5.06250e-02,1.88241e+04,nan,nan,nan,nan,1,2.85526e+00,2.85526e+00,5.00000e-03,5.00000e-03
0.00000e+00,9.83422e-01,1.66375e-01,1.00000e+00,1.00000e-12,7.00133e-07,0.00000e+00,7.20000e-01,2.80000e-01,1.41110e-05,0.00000e+00,0.00000e+00,0.00000e+00,0.00000e+00,0.00000e+00,1.38771e-05,0.00000e+00,0.00000e+00,2.33932e-07,0.00000e+00,0.00000e+00,2.50000e-01,0.00000e+00,6.00625e-01,5.06250e-02,1.87393e+04,nan,nan,nan,nan,1,2.85893e+00,2.85893e+00,5.00000e-03,5.00000e-03
0.00000e+00,9.83422e-01,1.66375e-01,1.00000e+00,1.00000e-12,7.00133e-07,0.00000e+00,7.20000e-01,2.80000e-01,1.41110e-05,0.00000e+00,0.00000e+00,0.00000e+00,0.00000e+00,0.00000e+00,1.38771e-05,0.00000e+00,0.00000e+00,2.33932e-07,0.00000e+00,0.00000e+00,2.50000e-01,0.00000e+00,6.00625e-01,5.06250e-02,1.86545e+04,nan,nan,nan,nan,1,2.86260e+00,2.86260e+00,5.00000e-03,5.00000e-03
0.00000e+00,9.83422e-01,1.66375e-01,1.00000e+00,1.00000e-12,7.00133e-07,0.00000e+00,7.20000e-01,2.80000e-01,1.41110e-05,0.00000e+00,0.00000e+00,0.00000e+00,0.00000e+00,0.00000e+00,1.38771e-05,0.00000e+00,0.00000e+00,2.33932e-07,0.00000e+00,0.00000e+00,2.50000e-01,0.00000e+00,6.00625e-01,5.06250e-02,1.85697e+04,nan,nan,nan,nan,1,2.86627e+00,2.86627e+00,5.00000e-03,5.00000e-03
0.00000e+00,9.83422e-01,1.66375e-01,1.00000e+00,1.00000e-12,7.00133e-07,0.00000e+00,7.20000e-01,2.80000e-01,1.41110e-05,0.00000e+00,0.00000e+00,0.00000e+00,0.00000e+00,0.00000e+00,1.38771e-05,0.00000e+00,0.00000e+00,2.33932e-07,0.00000e+00,0.00000e+00,2.50000e-01,0.00000e+00,6.00625e-01,5.06250e-02,1.84849e+04,nan,nan,nan,nan,1,2.86994e+00,2.86994e+00,5.00000e-03,5.00000e-03
0.00000e+00,9.83422e-01,1.66375e-01,1.00000e+00,1.00000e-12,7.00133e-07,0.00000e+00,7.20000e-01,2.80000e-01,1.41110e-05,0.00000e+00,0.00000e+00,0.00000e+00,0.00000e+00,0.00000e+00,1.38771e-05,0.00000e+00,0.00000e+00,2.33932e-07,0.00000e+00,0.00000e+00,2.50000e-01,0.00000e+00,6.00625e-01,5.06250e-02,1.84001e+04,nan,nan,nan,nan,1,2.87361e+00,2.87361e+00,5.00000e-03,5.00000e-03
0.00000e+00,9.83422e-01,1.66375e-01,1.00000e+00,1.00000e-12,7.00133e-07,0.00000e+00,7.20000e-01,2.80000e-01,1.41110e-05,0.00000e+00,0.00000e+00,0.00000e+00,0.00000e+00,0.00000e+00,1.38771e-05,0.00000e+00,0.00000e+00,2.33932e-07,0.00000e+00,0.00000e+00,2.50000e-01,0.00000e+00,6.00625e-01,5.06250e-02,1.83153e+04,nan,nan,nan,nan,1,2.87728e+00,2.87728e+00,5.00000e-03,5.00000e-03
0.00000e+00,9.83422e-01,1.66375e-01,1.00000e+00,1.00000e-12,7.00133e-07,0.00000e+00,7.20000e-01,2.80000e-01,1.41110e-05,0.00000e+00,0.00000e+00,0.00000e+00,0.00000e+00,0.00000e+00,1.38771e-05,0.00000e+00,0.00000e+00,2.33932e-07,0.00000e+00,0.00000e+00,2.50000e-01,0.00000e+00,6.00625e-01,5.06250e-02,1.82305e+04,nan,nan,nan,nan,1,2.88095e+00,2.88095e+00,5.00000e-03,5.00000e-03
0.00000e+00,9.83422e-01,1.66375e-01,1.00000e+00,1.00000e-12,7.00133e-07,0.00000e+00,7.20000e-01,2.80000e-01,1.41110e-05,0.00000e+00,0.00000e+00,0.00000e+00,0.00000e+00,0.00000e+00,1.38771e-05,0.00000e+00,0.00000e+00,2.33932e-07,0.00000e+00,0.00000e+00,2.50000e-01,0.00000e+00,6.00625e-01,5.06250e-02,1.81457e+04,nan,nan,nan,nan,1,2.88462e+00,2.88462e+00,5.00000e-03,5.00000e-03
0.00000e+00,9.83422e-01,1.66375e-01,1.00000e+00,1.00000e-12,7.00133e-07,0.00000e+00,7.20000e-01,2.80000e-01,1.41110e-05,0.00000e+00,0.00000e+00,0.00000e+00,0.00000e+00,0.00000e+00,1.38771e-05,0.00000e+00,0.00000e+00,2.33932e-07,0.00000e+00,0.00000e+00,2.50000e-01,0.00000e+00,6.00625e-01,5.06250e-02,1.80609e+04,nan,nan,nan,nan,1,2.88829e+00,2.88829e+00,5.00000e-03,5.00000e-03
0.00000e+00,9.83422e-01,1.66375e-01,1.00000e+00,1.00000e-12,7.00133e-07,0.00000e+00,7.20000e-01,2.80000e-01,1.41110e-05,0.00000e+00,0.00000e+00,0.00000e+00,0.00000e+00,0.00000e+00,1.38771e-05,0.00000e+00,0.00000e+00,2.33932e-07,0.00000e+00,0.00000e+00,2.50000e-01,0.00000e+00,6.00625e-01,5.06250e-02,1.79761e+04,nan,nan,nan,nan,1,2.89196e+00,2.89196e+00,5.00000e-03,5.00000e-03
0.00000e+00,9.83422e-01,1.66375e-01,1.00000e+00,1.00000e-12,7.00133e-07,0.00000e+00,7.20000e-01,2.80000e-01,1.41110e-05,0.00000e+00,0.00000e+00,0.00000e+00,0.00000e+00,0.00000e+00,1.38771e-05,0.00000e+00,0.00000e+00,2.33932e-07,0.00000e+00,0.00000e+00,2.50000e-01,0.00000e+00,6.00625e-01,5.06250e-02,1.78913e+04,nan,nan,nan,nan,1,2.89563e+00,2.89563e+00,5.00000e-03,5.00000e-03
0.00000e+00,9.83422e-01,1.66375e-01,1.00000e+00,1.00000e-12,7.00133e-07,0.00000e+00,7.20000e-01,2.80000e-01,1.41110e-05,0.00000e+00,0.00000e+00,0.00000e+00,0.00000e+00,0.00000e+00,1.38771e-05,0.00000e+00,0.00000e+00,2.33932e-07,0.00000e+00,0.00000e+00,2.50000e-01,0.00000e+00,6.00625e-01,5.06250e-02,1.78065e+04,nan,nan,nan,nan,1,2.89930e+00,2.89930e+00,5.00000e-03,5.00000e-03
0.00000e+00,9.83422e-01,1.66375e-01,1.00000e+00,1.00000e-12,7.00133e-07,0.00000e+00,7.20000e-01,2.80000e-01,1.41110e-05,0.00000e+00,0.00000e+00,0.00000e+00,0.00000e+00,0.00000e+00,1.38771e-05,0.00000e+00,0.00000e+00,2.33932e-07,0.00000e+00,0.00000e+00,2.50000e-01,0.00000e+00,6.00625e-01,5.06250e-02,1.77218e+04,nan,nan,nan,nan,1,2.90297e+00,2.90297e+00,5.00000e-03,5.00000e-03
0.00000e+00,9.83422e-01,1.66375e-01,1.00000e+00,1.00000e-12,7.00133e-07,0.00000e+00,7.20000e-01,2.80000e-01,1.41110e-05,0.00000e+00,0.00000e+00,0.00000e+00,0.00000e+00,0.00000e+00,1.38771e-05,0.00000e+00,0.00000e+00,2.33932e-07,0.00000e+00,0.00000e+00,2.50000e-01,0.00000e+00,6.00625e-01,5.06250e-02,1.76370e+04,nan,nan,nan,nan,1,2.90664e+00,2.90664e+00,5.00000e-03,5.00000e-03
0.00000e+00,9.83422e-01,1.66375e-01,1.00000e+00,1.00000e-12,7.00133e-07,0.00000e+00,7.20000e-01,2.80000e-01,1.41110e-05,0.00000e+00,0.00000e+00,0.00000e+00,0.00000e+00,0.00000e+00,1.38771e-05,0.00000e+00,0.00000e+00,2.33932e-07,0.00000e+00,0.00000e+00,2.50000e-01,0.00000e+00,6.00625e-01,5.06250e-02,1.75522e+04,nan,nan,nan,nan,1,2.91031e+00,2.91031e+00,5.00000e-03,5.00000e-03
0.00000e+00,9.83422e-01,1.66375e-01,1.00000e+00,1.00000e-12,7.00133e-07,0.00000e+00,7.20000e-01,2.80000e-01,1.41110e-05,0.00000e+00,0.00000e+00,0.00000e+00,0.00000e+00,0.00000e+00,1.38771e-05,0.00000e+00,0.00000e+00,2.33932e-07,0.00000e+00,0.00000e+00,2.50000e-01,0.00000e+00,6.00625e-01,5.06250e-02,1.74674e+04,nan,nan,nan,nan,1,2.91398e+00,2.91398e+00,5.00000e-03,5.00000e-03
0.00000e+00,9.83422e-01,1.66375e-01,1.00000e+00,1.00000e-12,7.00133e-07,0.00000e+00,7.20000e-01,2.80000e-01,1.41110e-05,0.00000e+00,0.00000e+00,0.00000e+00,0.00000e+00,0.00000e+00,1.38771e-05,0.00000e+00,0.00000e+00,2.33932e-07,0.00000e+00,0.00000e+00,2.50000e-01,0.00000e+00,6.00625e-01,5.06250e-02,1.73826e+04,nan,nan,nan,nan,1,2.91765e+00,2.91765e+00,5.00000e-03,5.00000e-03
0.00000e+00,9.83422e-01,1.66375e-01,1.00000e+00,1.00000e-12,7.00133e-07,0.00000e+00,7.20000e-01,2.80000e-01,1.41110e-05,0.00000e+00,0.00000e+00,0.00000e+00,0.00000e+00,0.00000e+00,1.38771e-05,0.00000e+00,0.00000e+00,2.33932e-07,0.00000e+00,0.00000e+00,2.50000e-01,0.00000e+00,6.00625e-01,5.06250e-02,1.72978e+04,nan,nan,nan,nan,1,2.92132e+00,2.92132e+00,5.00000e-03,5.00000e-03
0.00000e+00,9.83422e-01,1.66375e-01,1.00000e+00,1.00000e-12,7.00133e-07,0.00000e+00,7.20000e-01,2.80000e-01,1.41110e-05,0.00000e+00,0.00000e+00,0.00000e+00,0.00000e+00,0.00000e+00,1.38771e-05,0.00000e+00,0.00000e+00,2.33932e-07,0.00000e+00,0.00000e+00,2.50000e-01,0.00000e+00,6.00625e-01,5.06250e-02,1.72130e+04,nan,nan,nan,nan,1,2.92499e+00,2.92499e+00,5.00000e-03,5.00000e-03
0.00000e+00,9.83422e-01,1.66375e-01,1.00000e+00,1.00000e-12,7.00133e-07,0.00000e+00,7.20000e-01,2.80000e-01,1.41110e-05,0.00000e+00,0.00000e+00,0.00000e+00,0.00000e+00,0.00000e+00,1.38771e-05,0.00000e+00,0.00000e+00,2.33932e-07,0.00000e+00,0.00000e+00,2.50000e-01,0.00000e+00,6.00625e-01,5.06250e-02,1.71282e+04,nan,nan,nan,nan,1,2.92866e+00,2.92866e+00,5.00000e-03,5.00000e-03
0.00000e+00,9.83422e-01,1.66375e-01,1.00000e+00,1.00000e-12,7.00133e-07,0.00000e+00,7.20000e-01,2.80000e-01,1.41110e-05,0.00000e+00,0.00000e+00,0.00000e+00,0.00000e+00,0.00000e+00,1.38771e-05,0.00000e+00,0.00000e+00,2.33932e-07,0.00000e+00,0.00000e+00,2.50000e-01,0.00000e+00,6.00625e-01,5.06250e-02,1.70434e+04,nan,nan,nan,nan,1,2.93233e+00,2.93233e+00,5.00000e-03,5.00000e-03
0.00000e+00,9.83422e-01,1.66375e-01,1.00000e+00,1.00000e-12,7.00133e-07,0.00000e+00,7.20000e-01,2.80000e-01,1.41110e-05,0.00000e+00,0.00000e+00,0.00000e+00,0.00000e+00,0.00000e+00,1.38771e-05,0.00000e+00,0.00000e+00,2.33932e-07,0.00000e+00,0.00000e+00,2.50000e-01,0.00000e+00,6.00625e-01,5.06250e-02,1.69586e+04,nan,nan,nan,nan,1,2.93600e+00,2.93600e+00,5.00000e-03,5.00000e-03
0.00000e+00,9.83422e-01,1.66375e-01,1.00000e+00,1.00000e-12,7.00133e-07,0.00000e+00,7.20000e-01,2.80000e-01,1.41110e-05,0.00000e+00,0.00000e+00,0.00000e+00,0.00000e+00,0.00000e+00,1.38771e-05,0.00000e+00,0.00000e+00,2.33932e-07,0.00000e+00,0.00000e+00,2.50000e-01,0.00000e+00,6.00625e-01,5.06250e-02,1.68738e+04,nan,nan,nan,nan,1,2.93967e+00,2.93967e+00,5.00000e-03,5.00000e-03
0.00000e+00,9.83422e-01,1.66375e-01,1.00000e+00,1.00000e-12,7.00133e-07,0.00000e+00,7.20000e-01,2.80000e-01,1.41110e-05,0.00000e+00,0.00000e+00,0.00000e+00,0.00000e+00,0.00000e+00,1.38771e-05,0.00000e+00,0.00000e+00,2.33932e-07,0.00000e+00,0.00000e+00,2.50000e-01,0.00000e+00,6.00625e-01,5.06250e-02,1.67890e+04,nan,nan,nan,nan,1,2.94334e+00,2.94334e+00,5.00000e-03,5.00000e-03
0.00000e+00,9.83422e-01,1.66375e-01,1.00000e+00,1.00000e-12,7.00133e-07,0.00000e+00,7.20000e-01,2.80000e-01,1.41110e-05,0.00000e+00,0.00000e+00,0.00000e+00,0.00000e+00,0.00000e+00,1.38771e-05,0.00000e+00,0.00000e+00,2.33932e-07,0.00000e+00,0.00000e+00,2.50000e-01,0.00000e+00,6.00625e-01,5.06250e-02,1.67042e+04,nan,nan,nan,nan,1,2.94701e+00,2.94701e+00,5.00000e-03,5.00000e-03
0.00000e+00,9.83422e-01,1.66375e-01,1.00000e+00,1.00000e-12,7.00133e-07,0.00000e+00,7.20000e-01,2.80000e-01,1.41110e-05,0.00000e+00,0.00000e+00,0.00000e+00,0.00000e+00,0.00000e+00,1.38771e-05,0.00000e+00,0.00000e+00,2.33932e-07,0.00000e+00,0.00000e+00,2.50000e-01,0.00000e+00,6.00625e-01,5.06250e-02,1.66194e+04,nan,nan,nan,nan,1,2.95068e+00,2.95068e+00,5.00000e-03,5.00000e-03
0.00000e+00,9.83422e-01,1.66375e-01,1.00000e+00,1.00000e-12,7.00133e-07,0.00000e+00,7.20000e-01,2.80000e-01,1.41110e-05,0.00000e+00,0.00000e+00,0.00000e+00,0.00000e+00,0.00000e+00,1.38771e-05,0.00000e+00,0.00000e+00,2.33932e-07,0.00000e+00,0.00000e+00,2.50000e-01,0.00000e+00,6.00625e-01,5.06250e-02,1.65347e+04,nan,nan,nan,nan,1,2.95435e+00,2.95435e+00,5.00000e-03,5.00000e-03
0.00000e+00,9.83422e-01,1.66375e-01,1.00000e+00,1.00000e-12,7.00133e-07,0.00000e+00,7.20000e-01,2.80000e-01,1.41110e-05,0.00000e+00,0.00000e+00,0.00000e+00,0.00000e+00,0.00000e+00,1.38771e-05,0.00000e+00,0.00000e+00,2.33932e-07,0.00000e+00,0.00000e+00,2.50000e-01,0.00000e+00,6.00625e-01,5.06250e-02,1.64499e+04,nan,nan,nan,nan,1,2.95802e+00,2.95802e+00,5.00000e-03,5.00000e-03
0.00000e+00,9.83422e-01,1.66375e-01,1.00000e+00,1.00000e-12,7.00133e-07,0.00000e+00,7.20000e-01,2.80000e-01,1.41110e-05,0.00000e+00,0.00000e+00,0.00000e+00,0.00000e+00,0.00000e+00,1.38771e-05,0.00000e+00,0.00000e+00,2.33932e-07,0.00000e+00,0.00000e+00,2.50000e-01,0.00000e+00,6.00625e-01,5.06250e-02,1.63651e+04,nan,nan,nan,nan,1,2.96169e+00,2.96169e+00,5.00000e-03,5.00000e-03
0.00000e+00,9.83422e-01,1.66375e-01,1.00000e+00,1.00000e-12,7.00133e-07,0.00000e+00,7.20000e-01,2.80000e-01,1.41110e-05,0.00000e+00,0.00000e+00,0.00000e+00,0.00000e+00,0.00000e+00,1.38771e-05,0.00000e+00,0.00000e+00,2.33932e-07,0.00000e+00,0.00000e+00,2.50000e-01,0.00000e+00,6.00625e-01,5.06250e-02,1.62803e+04,nan,nan,nan,nan,1,2.96536e+00,2.96536e+00,5.00000e-03,5.00000e-03
0.00000e+00,9.83422e-01,1.66375e-01,1.00000e+00,1.00000e-12,7.00133e-07,0.00000e+00,7.20000e-01,2.80000e-01,1.41110e-05,0.00000e+00,0.00000e+00,0.00000e+00,0.00000e+00,0.00000e+00,1.38771e-05,0.00000e+00,0.00000e+00,2.33932e-07,0.00000e+00,0.00000e+00,2.50000e-01,0.00000e+00,6.00625e-01,5.06250e-02,1.61955e+04,nan,nan,nan,nan,1,2.96903e+00,2.96903e+00,5.00000e-03,5.00000e-03
0.00000e+00,9.83422e-01,1.66375e-01,1.00000e+00,1.00000e-12,7.00133e-07,0.00000e+00,7.20000e-01,2.80000e-01,1.41110e-05,0.00000e+00,0.00000e+00,0.00000e+00,0.00000e+00,0.00000e+00,1.38771e-05,0.00000e+00,0.00000e+00,2.33932e-07,0.00000e+00,0.00000e+00,2.50000e-01,0.00000e+00,6.00625e-01,5.06250e-02,1.61107e+04,nan,nan,nan,nan,1,2.97270e+00,2.97270e+00,5.00000e-03,5.00000e-03
0.00000e+00,9.83422e-01,1.66375e-01,1.00000e+00,1.00000e-12,7.00133e-07,0.00000e+00,7.20000e-01,2.80000e-01,1.41110e-05,0.00000e+00,0.00000e+00,0.00000e+00,0.00000e+00,0.00000e+00,1.38771e-05,0.00000e+00,0.00000e+00,2.33932e-07,0.00000e+00,0.00000e+00,2.50000e-01,0.00000e+00,6.00625e-01,5.06250e-02,1.60259e+04,nan,nan,nan,nan,1,2.97637e+00,2.97637e+00,5.00000e-03,5.00000e-03
0.00000e+00,9.83422e-01,1.66375e-01,1.00000e+00,1.00000e-12,7.00133e-07,0.00000e+00,7.20000e-01,2.80000e-01,1.41110e-05,0.00000e+00,0.00000e+00,0.00000e+00,0.00000e+00,0.00000e+00,1.38771e-05,0.00000e+00,0.00000e+00,2.33932e-07,0.00000e+00,0.00000e+00,2.50000e-01,0.00000e+00,6.00625e-01,5.06250e-02,1.59411e+04,nan,nan,nan,nan,1,2.98004e+00,2.98004e+00,5.00000e-03,5.00000e-03
0.00000e+00,9.83422e-01,1.66375e-01,1.00000e+00,1.00000e-12,7.00133e-07,0.00000e+00,7.20000e-01,2.80000e-01,1.41110e-05,0.00000e+00,0.00000e+00,0.00000e+00,0.00000e+00,0.00000e+00,1.38771e-05,0.00000e+00,0.00000e+00,2.33932e-07,0.00000e+00,0.00000e+00,2.50000e-01,0.00000e+00,6.00625e-01,5.06250e-02,1.58563e+04,nan,nan,nan,nan,1,2.98371e+00,2.98371e+00,5.00000e-03,5.00000e-03
0.00000e+00,9.83422e-01,1.66375e-01,1.00000e+00,1.00000e-12,7.00133e-07,0.00000e+00,7.20000e-01,2.80000e-01,1.41110e-05,0.00000e+00,0.00000e+00,0.00000e+00,0.00000e+00,0.00000e+00,1.38771e-05,0.00000e+00,0.00000e+00,2.33932e-07,0.00000e+00,0.00000e+00,2.50000e-01,0.00000e+00,6.00625e-01,5.06250e-02,1.57715e+04,nan,nan,nan,nan,1,2.98738e+00,2.98738e+00,5.00000e-03,5.00000e-03
0.00000e+00,9.83422e-01,1.66375e-01,1.00000e+00,1.00000e-12,7.00133e-07,0.00000e+00,7.20000e-01,2.80000e-01,1.41110e-05,0.00000e+00,0.00000e+00,0.00000e+00,0.00000e+00,0.00000e+00,1.38771e-05,0.00000e+00,0.00000e+00,2.33932e-07,0.00000e+00,0.00000e+00,2.50000e-01,0.00000e+00,6.00625e-01,5.06250e-02,1.56867e+04,nan,nan,nan,nan,1,2.99105e+00,2.99105e+00,5.00000e-03,5.00000e-03
0.00000e+00,9.83422e-01,1.66375e-01,1.00000e+00,1.00000e-12,7.00133e-07,0.00000e+00,7.20000e-01,2.80000e-01,1.41110e-05,0.00000e+00,0.00000e+00,0.00000e+00,0.00000e+00,0.00000e+00,1.38771e-05,0.00000e+00,0.00000e+00,2.33932e-07,0.00000e+00,0.00000e+00,2.50000e-01,0.00000e+00,6.00625e-01,5.06250e-02,1.56019e+04,nan,nan,nan,nan,1,2.99472e+00,2.99472e+00,5.00000e-03,5.00000e-03
0.00000e+00,9.83422e-01,1.66375e-01,1.00000e+00,1.00000e-12,7.00133e-07,0.00000e+00,7.20000e-01,2.80000e-01,1.41110e-05,0.00000e+00,0.00000e+00,0.00000e+00,0.00000e+00,0.00000e+00,1.38771e-05,0.00000e+00,0.00000e+00,2.33932e-07,0.00000e+00,0.00000e+00,2.50000e-01,0.00000e+00,6.00625e-01,5.06250e-02,1.55171e+04,nan,nan,nan,nan,1,2.99839e+00,2.99839e+00,5.00000e-03,5.00000e-03
0.00000e+00,9.83422e-01,1.66375e-01,1.00000e+00,1.00000e-12,7.00133e-07,0.00000e+00,7.20000e-01,2.80000e-01,1.41110e-05,0.00000e+00,0.00000e+00,0.00000e+00,0.00000e+00,0.00000e+00,1.38771e-05,0.00000e+00,0.00000e+00,2.33932e-07,0.00000e+00,0.00000e+00,2.50000e-01,0.00000e+00,6.00625e-01,5.06250e-02,1.54323e+04,nan,nan,nan,nan,1,3.00206e+00,3.00206e+00,5.00000e-03,5.00000e-03
0.00000e+00,9.83422e-01,1.66375e-01,1.00000e+00,1.00000e-12,7.00133e-07,0.00000e+00,7.20000e-01,2.80000e-01,1.41110e-05,0.00000e+00,0.00000e+00,0.00000e+00,0.00000e+00,0.00000e+00,1.38771e-05,0.00000e+00,0.00000e+00,2.33932e-07,0.00000e+00,0.00000e+00,2.50000e-01,0.00000e+00,6.00625e-01,5.06250e-02,1.53475e+04,nan,nan,nan,nan,1,3.00573e+00,3.00573e+00,5.00000e-03,5.00000e-03
0.00000e+00,9.83422e-01,1.66375e-01,1.00000e+00,1.00000e-12,7.00133e-07,0.00000e+00,7.20000e-01,2.80000e-01,1.41110e-05,0.00000e+00,0.00000e+00,0.00000e+00,0.00000e+00,0.00000e+00,1.38771e-05,0.00000e+00,0.00000e+00,2.33932e-07,0.00000e+00,0.00000e+00,2.50000e-01,0.00000e+00,6.00625e-01,5.06250e-02,1.52627e+04,nan,nan,nan,nan,1,3.00940e+00,3.00940e+00,5.00000e-03,5.00000e-03
0.00000e+00,9.83422e-01,1.66375e-01,1.00000e+00,1.00000e-12,7.00133e-07,0.00000e+00,7.20000e-01,2.80000e-01,1.41110e-05,0.00000e+00,0.00000e+00,0.00000e+00,0.00000e+00,0.00000e+00,1.38771e-05,0.00000e+00,0.00000e+00,2.33932e-07,0.00000e+00,0.00000e+00,2.50000e-01,0.00000e+00,6.00625e-01,5.06250e-02,1.51780e+04,nan,nan,nan,nan,1,3.01307e+00,3.01307e+00,5.00000e-03,5.00000e-03
0.00000e+00,9.83422e-01,1.66375e-01,1.00000e+00,1.00000e-12,7.00133e-07,0.00000e+00,7.20000e-01,2.80000e-01,1.41110e-05,0.00000e+00,0.00000e+00,0.00000e+00,0.00000e+00,0.00000e+00,1.38771e-05,0.00000e+00,0.00000e+00,2.33932e-07,0.00000e+00,0.00000e+00,2.50000e-01,0.00000e+00,6.00625e-01,5.06250e-02,1.50932e+04,nan,nan,nan,nan,1,3.01674e+00,3.01674e+00,5.00000e-03,5.00000e-03
0.00000e+00,9.83422e-01,1.66375e-01,1.00000e+00,1.00000e-12,7.00133e-07,0.00000e+00,7.20000e-01,2.80000e-01,1.41110e-05,0.00000e+00,0.00000e+00,0.00000e+00,0.00000e+00,0.00000e+00,1.38771e-05,0.00000e+00,0.00000e+00,2.33932e-07,0.00000e+00,0.00000e+00,2.50000e-01,0.00000e+00,6.00625e-01,5.06250e-02,1.50084e+04,nan,nan,nan,nan,1,3.02041e+00,3.02041e+00,5.00000e-03,5.00000e-03
0.00000e+00,9.83422e-01,1.66375e-01,1.00000e+00,1.00000e-12,7.00133e-07,0.00000e+00,7.20000e-01,2.80000e-01,1.41110e-05,0.00000e+00,0.00000e+00,0.00000e+00,0.00000e+00,0.00000e+00,1.38771e-05,0.00000e+00,0.00000e+00,2.33932e-07,0.00000e+00,0.00000e+00,2.50000e-01,0.00000e+00,6.00625e-01,5.06250e-02,1.49236e+04,nan,nan,nan,nan,1,3.02408e+00,3.02408e+00,5.00000e-03,5.00000e-03
0.00000e+00,9.83422e-01,1.66375e-01,1.00000e+00,1.00000e-12,7.00133e-07,0.00000e+00,7.20000e-01,2.80000e-01,1.41110e-05,0.00000e+00,0.00000e+00,0.00000e+00,0.00000e+00,0.00000e+00,1.38771e-05,0.00000e+00,0.00000e+00,2.33932e-07,0.00000e+00,0.00000e+00,2.50000e-01,0.00000e+00,6.00625e-01,5.06250e-02,1.48388e+04,nan,nan,nan,nan,1,3.02775e+00,3.02775e+00,5.00000e-03,5.00000e-03
0.00000e+00,9.83422e-01,1.66375e-01,1.00000e+00,1.00000e-12,7.00133e-07,0.00000e+00,7.20000e-01,2.80000e-01,1.41110e-05,0.00000e+00,0.00000e+00,0.00000e+00,0.00000e+00,0.00000e+00,1.38771e-05,0.00000e+00,0.00000e+00,2.33932e-07,0.00000e+00,0.00000e+00,2.50000e-01,0.00000e+00,6.00625e-01,5.06250e-02,1.47540e+04,nan,nan,nan,nan,1,3.03142e+00,3.03142e+00,5.00000e-03,5.00000e-03
0.00000e+00,9.83422e-01,1.66375e-01,1.00000e+00,1.00000e-12,7.00133e-07,0.00000e+00,7.20000e-01,2.80000e-01,1.41110e-05,0.00000e+00,0.00000e+00,0.00000e+00,0.00000e+00,0.00000e+00,1.38771e-05,0.00000e+00,0.00000e+00,2.33932e-07,0.00000e+00,0.00000e+00,2.50000e-01,0.00000e+00,6.00625e-01,5.06250e-02,1.46692e+04,nan,nan,nan,nan,1,3.03509e+00,3.03509e+00,5.00000e-03,5.00000e-03
0.00000e+00,9.83422e-01,1.66375e-01,1.00000e+00,1.00000e-12,7.00133e-07,0.00000e+00,7.20000e-01,2.80000e-01,1.41110e-05,0.00000e+00,0.00000e+00,0.00000e+00,0.00000e+00,0.00000e+00,1.38771e-05,0.00000e+00,0.00000e+00,2.33932e-07,0.00000e+00,0.00000e+00,2.50000e-01,0.00000e+00,6.00625e-01,5.06250e-02,1.45844e+04,nan,nan,nan,nan,1,3.03876e+00,3.03876e+00,5.00000e-03,5.00000e-03
0.00000e+00,9.83422e-01,1.66375e-01,1.00000e+00,1.00000e-12,7.00133e-07,0.00000e+00,7.20000e-01,2.80000e-01,1.41110e-05,0.00000e+00,0.00000e+00,0.00000e+00,0.00000e+00,0.00000e+00,1.38771e-05,0.00000e+00,0.00000e+00,2.33932e-07,0.00000e+00,0.00000e+00,2.50000e-01,0.00000e+00,6.00625e-01,5.06250e-02,1.44996e+04,nan,nan,nan,nan,1,3.04243e+00,3.04243e+00,5.00000e-03,5.00000e-03
0.00000e+00,9.83422e-01,1.66375e-01,1.00000e+00,1.00000e-12,7.00133e-07,0.00000e+00,7.20000e-01,2.80000e-01,1.41110e-05,0.00000e+00,0.00000e+00,0.00000e+00,0.00000e+00,0.00000e+00,1.38771e-05,0.00000e+00,0.00000e+00,2.33932e-07,0.00000e+00,0.00000e+00,2.50000e-01,0.00000e+00,6.00625e-01,5.06250e-02,1.44148e+04,nan,nan,nan,nan,1,3.04610e+00,3.04610e+00,5.00000e-03,5.00000e-03
0.00000e+00,9.83422e-01,1.66375e-01,1.00000e+00,1.00000e-12,7.00133e-07,0.00000e+00,7.20000e-01,2.80000e-01,1.41110e-05,0.00000e+00,0.00000e+00,0.00000e+00,0.00000e+00,0.00000e+00,1.38771e-05,0.00000e+00,0.00000e+00,2.33932e-07,0.00000e+00,0.00000e+00,2.50000e-01,0.00000e+00,6.00625e-01,5.06250e-02,1.43300e+04,nan,nan,nan,nan,1,3.04977e+00,3.04977e+00,5.00000e-03,5.00000e-03
0.00000e+00,9.83422e-01,1.66375e-01,1.00000e+00,1.00000e-12,7.00133e-07,0.00000e+00,7.20000e-01,2.80000e-01,1.41110e-05,0.00000e+00,0.00000e+00,0.00000e+00,0.00000e+00,0.00000e+00,1.38771e-05,0.00000e+00,0.00000e+00,2.33932e-07,0.00000e+00,0.00000e+00,2.50000e-01,0.00000e+00,6.00625e-01,5.06250e-02,1.42452e+04,nan,nan,nan,nan,1,3.05344e+00,3.05344e+00,5.00000e-03,5.00000e-03
0.00000e+00,9.83422e-01,1.66375e-01,1.00000e+00,1.00000e-12,7.00133e-07,0.00000e+00,7.20000e-01,2.80000e-01,1.41110e-05,0.00000e+00,0.00000e+00,0.00000e+00,0.00000e+00,0.00000e+00,1.38771e-05,0.00000e+00,0.00000e+00,2.33932e-07,0.00000e+00,0.00000e+00,2.50000e-01,0.00000e+00,6.00625e-01,5.06250e-02,1.41604e+04,nan,nan,nan,nan,1,3.05711e+00,3.05711e+00,5.00000e-03,5.00000e-03
0.00000e+00,9.83422e-01,1.66375e-01,1.00000e+00,1.00000e-12,7.00133e-07,0.00000e+00,7.20000e-01,2.80000e-01,1.41110e-05,0.00000e+00,0.00000e+00,0.00000e+00,0.00000e+00,0.00000e+00,1.38771e-05,0.00000e+00,0.00000e+00,2.33932e-07,0.00000e+00,0.00000e+00,2.50000e-01,0.00000e+00,6.00625e-01,5.06250e-02,1.40757e+04,nan,nan,nan,nan,1,3.06078e+00,3.06078e+00,5.00000e-03,5.00000e-03
0.00000e+00,9.83422e-01,1.66375e-01,1.00000e+00,1.00000e-12,7.00133e-07,0.00000e+00,7.20000e-01,2.80000e-01,1.41110e-05,0.00000e+00,0.00000e+00,0.00000e+00,0.00000e+00,0.00000e+00,1.38771e-05,0.00000e+00,0.00000e+00,2.33932e-07,0.00000e+00,0.00000e+00,2.50000e-01,0.00000e+00,6.00625e-01,5.06250e-02,1.39909e+04,nan,nan,nan,nan,1,3.06445e+00,3.06445e+00,5.00000e-03,5.00000e-03
0.00000e+00,9.83422e-01,1.66375e-01,1.00000e+00,1.00000e-12,7.00133e-07,0.00000e+00,7.20000e-01,2.80000e-01,1.41110e-05,0.00000e+00,0.00000e+00,0.00000e+00,0.00000e+00,0.00000e+00,1.38771e-05,0.00000e+00,0.00000e+00,2.33932e-07,0.00000e+00,0.00000e+00,2.50000e-01,0.00000e+00,6.00625e-01,5.06250e-02,1.39061e+04,nan,nan,nan,nan,1,3.06812e+00,3.06812e+00,5.00000e-03,5.00000e-03
0.00000e+00,9.83422e-01,1.66375e-01,1.00000e+00,1.00000e-12,7.00133e-07,0.00000e+00,7.20000e-01,2.80000e-01,1.41110e-05,0.00000e+00,0.00000e+00,0.00000e+00,0.00000e+00,0.00000e+00,1.38771e-05,0.00000e+00,0.00000e+00,2.33932e-07,0.00000e+00,0.00000e+00,2.50000e-01,0.00000e+00,6.00625e-01,5.06250e-02,1.38213e+04,nan,nan,nan,nan,1,3.07179e+00,3.07179e+00,5.00000e-03,5.00000e-03
0.00000e+00,9.83422e-01,1.66375e-01,1.00000e+00,1.00000e-12,7.00133e-07,0.00000e+00,7.20000e-01,2.80000e-01,1.41110e-05,0.00000e+00,0.00000e+00,0.00000e+00,0.00000e+00,0.00000e+00,1.38771e-05,0.00000e+00,0.00000e+00,2.33932e-07,0.00000e+00,0.00000e+00,2.50000e-01,0.00000e+00,6.00625e-01,5.06250e-02,1.37365e+04,nan,nan,nan,nan,1,3.07546e+00,3.07546e+00,5.00000e-03,5.00000e-03
0.00000e+00,9.83422e-01,1.66375e-01,1.00000e+00,1.00000e-12,7.00133e-07,0.00000e+00,7.20000e-01,2.80000e-01,1.41110e-05,0.00000e+00,0.00000e+00,0.00000e+00,0.00000e+00,0.00000e+00,1.38771e-05,0.00000e+00,0.00000e+00,2.33932e-07,0.00000e+00,0.00000e+00,2.50000e-01,0.00000e+00,6.00625e-01,5.06250e-02,1.36517e+04,nan,nan,nan,nan,1,3.07913e+00,3.07913e+00,5.00000e-03,5.00000e-03
0.00000e+00,9.83422e-01,1.66375e-01,1.00000e+00,1.00000e-12,7.00133e-07,0.00000e+00,7.20000e-01,2.80000e-01,1.41110e-05,0.00000e+00,0.00000e+00,0.00000e+00,0.00000e+00,0.00000e+00,1.38771e-05,0.00000e+00,0.00000e+00,2.33932e-07,0.00000e+00,0.00000e+00,2.50000e-01,0.00000e+00,6.00625e-01,5.06250e-02,1.35669e+04,nan,nan,nan,nan,1,3.08280e+00,3.08280e+00,5.00000e-03,5.00000e-03
0.00000e+00,9.83422e-01,1.66375e-01,1.00000e+00,1.00000e-12,7.00133e-07,0.00000e+00,7.20000e-01,2.80000e-01,1.41110e-05,0.00000e+00,0.00000e+00,0.00000e+00,0.00000e+00,0.00000e+00,1.38771e-05,0.00000e+00,0.00000e+00,2.33932e-07,0.00000e+00,0.00000e+00,2.50000e-01,0.00000e+00,6.00625e-01,5.06250e-02,1.34821e+04,nan,nan,nan,nan,1,3.08647e+00,3.08647e+00,5.00000e-03,5.00000e-03
0.00000e+00,9.83422e-01,1.66375e-01,1.00000e+00,1.00000e-12,7.00133e-07,0.00000e+00,7.20000e-01,2.80000e-01,1.41110e-05,0.00000e+00,0.00000e+00,0.00000e+00,0.00000e+00,0.00000e+00,1.38771e-05,0.00000e+00,0.00000e+00,2.33932e-07,0.00000e+00,0.00000e+00,2.50000e-01,0.00000e+00,6.00625e-01,5.06250e-02,1.33973e+04,nan,nan,nan,nan,1,3.09014e+00,3.09014e+00,5.00000e-03,5.00000e-03
0.00000e+00,9.83422e-01,1.66375e-01,1.00000e+00,1.00000e-12,7.00133e-07,0.00000e+00,7.20000e-01,2.80000e-01,1.41110e-05,0.00000e+00,0.00000e+00,0.00000e+00,0.00000e+00,0.00000e+00,1.38771e-05,0.00000e+00,0.00000e+00,2.33932e-07,0.00000e+00,0.00000e+00,2.50000e-01,0.00000e+00,6.00625e-01,5.06250e-02,1.33125e+04,nan,nan,nan,nan,1,3.09381e+00,3.09381e+00,5.00000e-03,5.00000e-03
0.00000e+00,9.83422e-01,1.66375e-01,1.00000e+00,1.00000e-12,7.00133e-07,0.00000e+00,7.20000e-01,2.80000e-01,1.41110e-05,0.00000e+00,0.00000e+00,0.00000e+00,0.00000e+00,0.00000e+00,1.38771e-05,0.00000e+00,0.00000e+00,2.33932e-07,0.00000e+00,0.00000e+00,2.50000e-01,0.00000e+00,6.00625e-01,5.06250e-02,1.32277e+04,nan,nan,nan,nan,1,3.09748e+00,3.09748e+00,5.00000e-03,5.00000e-03
0.00000e+00,9.83422e-01,1.66375e-01,1.00000e+00,1.00000e-12,7.00133e-07,0.00000e+00,7.20000e-01,2.80000e-01,1.41110e-05,0.00000e+00,0.00000e+00,0.00000e+00,0.00000e+00,0.00000e+00,1.38771e-05,0.00000e+00,0.00000e+00,2.33932e-07,0.00000e+00,0.00000e+00,2.50000e-01,0.00000e+00,6.00625e-01,5.06250e-02,1.31429e+04,nan,nan,nan,nan,1,3.10115e+00,3.10115e+00,5.00000e-03,5.00000e-03
0.00000e+00,9.83422e-01,1.66375e-01,1.00000e+00,1.00000e-12,7.00133e-07,0.00000e+00,7.20000e-01,2.80000e-01,1.41110e-05,0.00000e+00,0.00000e+00,0.00000e+00,0.00000e+00,0.00000e+00,1.38771e-05,0.00000e+00,0.00000e+00,2.33932e-07,0.00000e+00,0.00000e+00,2.50000e-01,0.00000e+00,6.00625e-01,5.06250e-02,1.30581e+04,nan,nan,nan,nan,1,3.10482e+00,3.10482e+00,5.00000e-03,5.00000e-03
0.00000e+00,9.83422e-01,1.66375e-01,1.00000e+00,1.00000e-12,7.00133e-07,0.00000e+00,7.20000e-01,2.80000e-01,1.41110e-05,0.00000e+00,0.00000e+00,0.00000e+00,0.00000e+00,0.00000e+00,1.38771e-05,0.00000e+00,0.00000e+00,2.33932e-07,0.00000e+00,0.00000e+00,2.50000e-01,0.00000e+00,6.00625e-01,5.06250e-02,1.29733e+04,nan,nan,nan,nan,1,3.10849e+00,3.10849e+00,5.00000e-03,5.00000e-03
0.00000e+00,9.83422e-01,1.66375e-01,1.00000e+00,1.00000e-12,7.00133e-07,0.00000e+00,7.20000e-01,2.80000e-01,1.41110e-05,0.00000e+00,0.00000e+00,0.00000e+00,0.00000e+00,0.00000e+00,1.38771e-05,0.00000e+00,0.00000e+00,2.33932e-07,0.00000e+00,0.00000e+00,2.50000e-01,0.00000e+00,6.00625e-01,5.06250e-02,1.28885e+04,nan,nan,nan,nan,1,3.11216e+00,3.11216e+00,5.00000e-03,5.00000e-03
0.00000e+00,9.83422e-01,1.66375e-01,1.00000e+00,1.00000e-12,7.00133e-07,0.00000e+00,7.20000e-01,2.80000e-01,1.41110e-05,0.00000e+00,0.00000e+00,0.00000e+00,0.00000e+00,0.00000e+00,1.38771e-05,0.00000e+00,0.00000e+00,2.33932e-07,0.00000e+00,0.00000e+00,2.50000e-01,0.00000e+00,6.00625e-01,5.06250e-02,1.28038e+04,nan,nan,nan,nan,1,3.11583e+00,3.11583e+00,5.00000e-03,5.00000e-03
0.00000e+00,9.83422e-01,1.66375e-01,1.00000e+00,1.00000e-12,7.00133e-07,0.00000e+00,7.20000e-01,2.80000e-01,1.41110e-05,0.00000e+00,0.00000e+00,0.00000e+00,0.00000e+00,0.00000e+00,1.38771e-05,0.00000e+00,0.00000e+00,2.33932e-07,0.00000e+00,0.00000e+00,2.50000e-01,0.00000e+00,6.00625e-01,5.06250e-02,1.27190e+04,nan,nan,nan,nan,1,3.11950e+00,3.11950e+00,5.00000e-03,5.00000e-03
0.00000e+00,9.83422e-01,1.66375e-01,1.00000e+00,1.00000e-12,7.00133e-07,0.00000e+00,7.20000e-01,2.80000e-01,1.41110e-05,0.00000e+00,0.00000e+00,0.00000e+00,0.00000e+00,0.00000e+00,1.38771e-05,0.00000e+00,0.00000e+00,2.33932e-07,0.00000e+00,0.00000e+00,2.50000e-01,0.00000e+00,6.00625e-01,5.06250e-02,1.26342e+04,nan,nan,nan,nan,1,3.12317e+00,3.12317e+00,5.00000e-03,5.00000e-03
0.00000e+00,9.83422e-01,1.66375e-01,1.00000e+00,1.00000e-12,7.00133e-07,0.00000e+00,7.20000e-01,2.80000e-01,1.41110e-05,0.00000e+00,0.00000e+00,0.00000e+00,0.00000e+00,0.00000e+00,1.38771e-05,0.00000e+00,0.00000e+00,2.33932e-07,0.00000e+00,0.00000e+00,2.50000e-01,0.00000e+00,6.00625e-01,5.06250e-02,1.25494e+04,nan,nan,nan,nan,1,3.12684e+00,3.12684e+00,5.00000e-03,5.00000e-03
0.00000e+00,9.83422e-01,1.66375e-01,1.00000e+00,1.00000e-12,7.00133e-07,0.00000e+00,7.20000e-01,2.80000e-01,1.41110e-05,0.00000e+00,0.00000e+00,0.00000e+00,0.00000e+00,0.00000e+00,1.38771e-05,0.00000e+00,0.00000e+00,2.33932e-07,0.00000e+00,0.00000e+00,2.50000e-01,0.00000e+00,6.00625e-01,5.06250e-02,1.24646e+04,nan,nan,nan,nan,1,3.13051e+00,3.13051e+00,5.00000e-03,5.00000e-03
0.00000e+00,9.83422e-01,1.66375e-01,1.00000e+00,1.00000e-12,7.00133e-07,0.00000e+00,7.20000e-01,2.80000e-01,1.41110e-05,0.00000e+00,0.00000e+00,0.00000e+00,0.00000e+00,0.00000e+00,1.38771e-05,0.00000e+00,0.00000e+00,2.33932e-07,0.00000e+00,0.00000e+00,2.50000e-01,0.00000e+00,6.00625e-01,5.06250e-02,1.23798e+04,nan,nan,nan,nan,1,3.13418e+00,3.13418e+00,5.00000e-03,5.00000e-03
0.00000e+00,9.83422e-01,1.66375e-01,1.00000e+00,1.00000e-12,7.00133e-07,0.00000e+00,7.20000e-01,2.80000e-01,1.41110e-05,0.00000e+00,0.00000e+00,0.00000e+00,0.00000e+00,0.00000e+00,1.38771e-05,0.00000e+00,0.00000e+00,2.33932e-07,0.00000e+00,0.00000e+00,2.50000e-01,0.00000e+00,6.00625e-01,5.06250e-02,1.22950e+04,nan,nan,nan,nan,1,3.13785e+00,3.13785e+00,5.00000e-03,5.00000e-03
0.00000e+00,9.83422e-01,1.66375e-01,1.00000e+00,1.00000e-12,7.00133e-07,0.00000e+00,7.20000e-01,2.80000e-01,1.41110e-05,0.00000e+00,0.00000e+00,0.00000e+00,0.00000e+00,0.00000e+00,1.38771e-05,0.00000e+00,0.00000e+00,2.33932e-07,0.00000e+00,0.00000e+00,2.50000e-01,0.00000e+00,6.00625e-01,5.06250e-02,1.22102e+04,nan,nan,nan,nan,1,3.14152e+00,3.14152e+00,5.00000e-03,5.00000e-03
0.00000e+00,9.83422e-01,1.66375e-01,1.00000e+00,1.00000e-12,7.00133e-07,0.00000e+00,7.20000e-01,2.80000e-01,1.41110e-05,0.00000e+00,0.00000e+00,0.00000e+00,0.00000e+00,0.00000e+00,1.38771e-05,0.00000e+00,0.00000e+00,2.33932e-07,0.00000e+00,0.00000e+00,2.50000e-01,0.00000e+00,6.00625e-01,5.06250e-02,1.21254e+04,nan,nan,nan,nan,1,3.14519e+00,3.14519e+00,5.00000e-03,5.00000e-03
0.00000e+00,9.83422e-01,1.66375e-01,1.00000e+00,1.00000e-12,7.00133e-07,0.00000e+00,7.20000e-01,2.80000e-01,1.41110e-05,0.00000e+00,0.00000e+00,0.00000e+00,0.00000e+00,0.00000e+00,1.38771e-05,0.00000e+00,0.00000e+00,2.33932e-07,0.00000e+00,0.00000e+00,2.50000e-01,0.00000e+00,6.00625e-01,5.06250e-02,1.20406e+04,nan,nan,nan,nan,1,3.14886e+00,3.14886e+00,5.00000e-03,5.00000e-03
0.00000e+00,9.83422e-01,1.66375e-01,1.00000e+00,1.00000e-12,7.00133e-07,0.00000e+00,7.20000e-01,2.80000e-01,1.41110e-05,0.00000e+00,0.00000e+00,0.00000e+00,0.00000e+00,0.00000e+00,1.38771e-05,0.00000e+00,0.00000e+00,2.33932e-07,0.00000e+00,0.00000e+00,2.50000e-01,0.00000e+00,6.00625e-01,5.06250e-02,1.19558e+04,nan,nan,nan,nan,1,3.15253e+00,3.15253e+00,5.00000e-03,5.00000e-03
0.00000e+00,9.83422e-01,1.66375e-01,1.00000e+00,1.00000e-12,7.00133e-07,0.00000e+00,7.20000e-01,2.80000e-01,1.41110e-05,0.00000e+00,0.00000e+00,0.00000e+00,0.00000e+00,0.00000e+00,1.38771e-05,0.00000e+00,0.00000e+00,2.33932e-07,0.00000e+00,0.00000e+00,2.50000e-01,0.00000e+00,6.00625e-01,5.06250e-02,1.18710e+04,nan,nan,nan,nan,1,3.15620e+00,3.15620e+00,5.00000e-03,5.00000e-03
0.00000e+00,9.83422e-01,1.66375e-01,1.00000e+00,1.00000e-12,7.00133e-07,0.00000e+00,7.20000e-01,2.80000e-01,1.41110e-05,0.00000e+00,0.00000e+00,0.00000e+00,0.00000e+00,0.00000e+00,1.38771e-05,0.00000e+00,0.00000e+00,2.33932e-07,0.00000e+00,0.00000e+00,2.50000e-01,0.00000e+00,6.00625e-01,5.06250e-02,1.17862e+04,nan,nan,nan,nan,1,3.15987e+00,3.15987e+00,5.00000e-03,5.00000e-03
0.00000e+00,9.83422e-01,1.66375e-01,1.00000e+00,1.00000e-12,7.00133e-07,0.00000e+00,7.20000e-01,2.80000e-01,1.41110e-05,0.00000e+00,0.00000e+00,0.00000e+00,0.00000e+00,0.00000e+00,1.38771e-05,0.00000e+00,0.00000e+00,2.33932e-07,0.00000e+00,0.00000e+00,2.50000e-01,0.00000e+00,6.00625e-01,5.06250e-02,1.17014e+04,nan,nan,nan,nan,1,3.16354e+00,3.16354e+00,5.00000e-03,5.00000e-03
0.00000e+00,9.83422e-01,1.66375e-01,1.00000e+00,1.00000e-12,7.00133e-07,0.00000e+00,7.20000e-01,2.80000e-01,1.41110e-05,0.00000e+00,0.00000e+00,0.00000e+00,0.00000e+00,0.00000e+00,1.38771e-05,0.00000e+00,0.00000e+00,2.33932e-07,0.00000e+00,0.00000e+00,2.50000e-01,0.00000e+00,6.00625e-01,5.06250e-02,1.16167e+04,nan,nan,nan,nan,1,3.16721e+00,3.16721e+00,5.00000e-03,5.00000e-03
0.00000e+00,9.83422e-01,1.66375e-01,1.00000e+00,1.00000e-12,7.00133e-07,0.00000e+00,7.20000e-01,2.80000e-01,1.41110e-05,0.00000e+00,0.00000e+00,0.00000e+00,0.00000e+00,0.00000e+00,1.38771e-05,0.00000e+00,0.00000e+00,2.33932e-07,0.00000e+00,0.00000e+00,2.50000e-01,0.00000e+00,6.00625e-01,5.06250e-02,1.15319e+04,nan,nan,nan,nan,1,3.17088e+00,3.17088e+00,5.00000e-03,5.00000e-03
0.00000e+00,9.83422e-01,1.66375e-01,1.00000e+00,1.00000e-12,7.00133e-07,0.00000e+00,7.20000e-01,2.80000e-01,1.41110e-05,0.00000e+00,0.00000e+00,0.00000e+00,0.00000e+00,0.00000e+00,1.38771e-05,0.00000e+00,0.00000e+00,2.33932e-07,0.00000e+00,0.00000e+00,2.50000e-01,0.00000e+00,6.00625e-01,5.06250e-02,1.14471e+04,nan,nan,nan,nan,1,3.17455e+00,3.17455e+00,5.00000e-03,5.00000e-03
0.00000e+00,9.83422e-01,1.66375e-01,1.00000e+00,1.00000e-12,7.00133e-07,0.00000e+00,7.20000e-01,2.80000e-01,1.41110e-05,0.00000e+00,0.00000e+00,0.00000e+00,0.00000e+00,0.00000e+00,1.38771e-05,0.00000e+00,0.00000e+00,2.33932e-07,0.00000e+00,0.00000e+00,2.50000e-01,0.00000e+00,6.00625e-01,5.06250e-02,1.13623e+04,nan,nan,nan,nan,1,3.17822e+00,3.17822e+00,5.00000e-03,5.00000e-03
0.00000e+00,9.83422e-01,1.66375e-01,1.00000e+00,1.00000e-12,7.00133e-07,0.00000e+00,7.20000e-01,2.80000e-01,1.41110e-05,0.00000e+00,0.00000e+00,0.00000e+00,0.00000e+00,0.00000e+00,1.38771e-05,0.00000e+00,0.00000e+00,2.33932e-07,0.00000e+00,0.00000e+00,2.50000e-01,0.00000e+00,6.00625e-01,5.06250e-02,1.12775e+04,nan,nan,nan,nan,1,3.18189e+00,3.18189e+00,5.00000e-03,5.00000e-03
0.00000e+00,9.83422e-01,1.66375e-01,1.00000e+00,1.00000e-12,7.00133e-07,0.00000e+00,7.20000e-01,2.80000e-01,1.41110e-05,0.00000e+00,0.00000e+00,0.00000e+00,0.00000e+00,0.00000e+00,1.38771e-05,0.00000e+00,0.00000e+00,2.33932e-07,0.00000e+00,0.00000e+00,2.50000e-01,0.00000e+00,6.00625e-01,5.06250e-02,1.11927e+04,nan,nan,nan,nan,1,3.18556e+00,3.18556e+00,5.00000e-03,5.00000e-03
0.00000e+00,9.83422e-01,1.66375e-01,1.00000e+00,1.00000e-12,7.00133e-07,0.00000e+00,7.20000e-01,2.80000e-01,1.41110e-05,0.00000e+00,0.00000e+00,0.00000e+00,0.00000e+00,0.00000e+00,1.38771e-05,0.00000e+00,0.00000e+00,2.33932e-07,0.00000e+00,0.00000e+00,2.50000e-01,0.00000e+00,6.00625e-01,5.06250e-02,1.11079e+04,nan,nan,nan,nan,1,3.18923e+00,3.18923e+00,5.00000e-03,5.00000e-03
0.00000e+00,9.83422e-01,1.66375e-01,1.00000e+00,1.00000e-12,7.00133e-07,0.00000e+00,7.20000e-01,2.80000e-01,1.41110e-05,0.00000e+00,0.00000e+00,0.00000e+00,0.00000e+00,0.00000e+00,1.38771e-05,0.00000e+00,0.00000e+00,2.33932e-07,0.00000e+00,0.00000e+00,2.50000e-01,0.00000e+00,6.00625e-01,5.06250e-02,1.10231e+04,nan,nan,nan,nan,1,3.19290e+00,3.19290e+00,5.00000e-03,5.00000e-03
0.00000e+00,9.83422e-01,1.66375e-01,1.00000e+00,1.00000e-12,7.00133e-07,0.00000e+00,7.20000e-01,2.80000e-01,1.41110e-05,0.00000e+00,0.00000e+00,0.00000e+00,0.00000e+00,0.00000e+00,1.38771e-05,0.00000e+00,0.00000e+00,2.33932e-07,0.00000e+00,0.00000e+00,2.50000e-01,0.00000e+00,6.00625e-01,5.06250e-02,1.09383e+04,nan,nan,nan,nan,1,3.19657e+00,3.19657e+00,5.00000e-03,5.00000e-03
0.00000e+00,9.83422e-01,1.66375e-01,1.00000e+00,1.00000e-12,7.00133e-07,0.00000e+00,7.20000e-01,2.80000e-01,1.41110e-05,0.00000e+00,0.00000e+00,0.00000e+00,0.00000e+00,0.00000e+00,1.38771e-05,0.00000e+00,0.00000e+00,2.33932e-07,0.00000e+00,0.00000e+00,2.50000e-01,0.00000e+00,6.00625e-01,5.06250e-02,1.08535e+04,nan,nan,nan,nan,1,3.20024e+00,3.20024e+00,5.00000e-03,5.00000e-03
0.00000e+00,9.83422e-01,1.66375e-01,1.00000e+00,1.00000e-12,7.00133e-07,0.00000e+00,7.20000e-01,2.80000e-01,1.41110e-05,0.00000e+00,0.00000e+00,0.00000e+00,0.00000e+00,0.00000e+00,1.38771e-05,0.00000e+00,0.00000e+00,2.33932e-07,0.00000e+00,0.00000e+00,2.50000e-01,0.00000e+00,6.00625e-01,5.06250e-02,1.07687e+04,nan,nan,nan,nan,1,3.20391e+00,3.20391e+00,5.00000e-03,5.00000e-03
0.00000e+00,9.83422e-01,1.66375e-01,1.00000e+00,1.00000e-12,7.00133e-07,0.00000e+00,7.20000e-01,2.80000e-01,1.41110e-05,0.00000e+00,0.00000e+00,0.00000e+00,0.00000e+00,0.00000e+00,1.38771e-05,0.00000e+00,0.00000e+00,2.33932e-07,0.00000e+00,0.00000e+00,2.50000e-01,0.00000e+00,6.00625e-01,5.06250e-02,1.06839e+04,nan,nan,nan,nan,1,3.20758e+00,3.20758e+00,5.00000e-03,5.00000e-03
0.00000e+00,9.83422e-01,1.66375e-01,1.00000e+00,1.00000e-12,7.00133e-07,0.00000e+00,7.20000e-01,2.80000e-01,1.41110e-05,0.00000e+00,0.00000e+00,0.00000e+00,0.00000e+00,0.00000e+00,1.38771e-05,0.00000e+00,0.00000e+00,2.33932e-07,0.00000e+00,0.00000e+00,2.50000e-01,0.00000e+00,6.00625e-01,5.06250e-02,1.05991e+04,nan,nan,nan,nan,1,3.21125e+00,3.21125e+00,5.00000e-03,5.00000e-03
0.00000e+00,9.83422e-01,1.66375e-01,1.00000e+00,1.00000e-12,7.00133e-07,0.00000e+00,7.20000e-01,2.80000e-01,1.41110e-05,0.00000e+00,0.00000e+00,0.00000e+00,0.00000e+00,0.00000e+00,1.38771e-05,0.00000e+00,0.00000e+00,2.33932e-07,0.00000e+00,0.00000e+00,2.50000e-01,0.00000e+00,6.00625e-01,5.06250e-02,1.05143e+04,nan,nan,nan,nan,1,3.21492e+00,3.21492e+00,5.00000e-03,5.00000e-03
0.00000e+00,9.83422e-01,1.66375e-01,1.00000e+00,1.00000e-12,7.00133e-07,0.00000e+00,7.20000e-01,2.80000e-01,1.41110e-05,0.00000e+00,0.00000e+00,0.00000e+00,0.00000e+00,0.00000e+00,1.38771e-05,0.00000e+00,0.00000e+00,2.33932e-07,0.00000e+00,0.00000e+00,2.50000e-01,0.00000e+00,6.00625e-01,5.06250e-02,1.04295e+04,nan,nan,nan,nan,1,3.21859e+00,3.21859e+00,5.00000e-03,5.00000e-03
0.00000e+00,9.83422e-01,1.66375e-01,1.00000e+00,1.00000e-12,7.00133e-07,0.00000e+00,7.20000e-01,2.80000e-01,1.41110e-05,0.00000e+00,0.00000e+00,0.00000e+00,0.00000e+00,0.00000e+00,1.38771e-05,0.00000e+00,0.00000e+00,2.33932e-07,0.00000e+00,0.00000e+00,2.50000e-01,0.00000e+00,6.00625e-01,5.06250e-02,1.03448e+04,nan,nan,nan,nan,1,3.22226e+00,3.22226e+00,5.00000e-03,5.00000e-03
0.00000e+00,9.83422e-01,1.66375e-01,1.00000e+00,1.00000e-12,7.00133e-07,0.00000e+00,7.20000e-01,2.80000e-01,1.41110e-05,0.00000e+00,0.00000e+00,0.00000e+00,0.00000e+00,0.00000e+00,1.38771e-05,0.00000e+00,0.00000e+00,2.33932e-07,0.00000e+00,0.00000e+00,2.50000e-01,0.00000e+00,6.00625e-01,5.06250e-02,1.02600e+04,nan,nan,nan,nan,1,3.22593e+00,3.22593e+00,5.00000e-03,5.00000e-03
0.00000e+00,9.83422e-01,1.66375e-01,1.00000e+00,1.00000e-12,7.00133e-07,0.00000e+00,7.20000e-01,2.80000e-01,1.41110e-05,0.00000e+00,0.00000e+00,0.00000e+00,0.00000e+00,0.00000e+00,1.38771e-05,0.00000e+00,0.00000e+00,2.33932e-07,0.00000e+00,0.00000e+00,2.50000e-01,0.00000e+00,6.00625e-01,5.06250e-02,1.01752e+04,nan,nan,nan,nan,1,3.22960e+00,3.22960e+00,5.00000e-03,5.00000e-03
0.00000e+00,9.83422e-01,1.66375e-01,1.00000e+00,1.00000e-12,7.00133e-07,0.00000e+00,7.20000e-01,2.80000e-01,1.41110e-05,0.00000e+00,0.00000e+00,0.00000e+00,0.00000e+00,0.00000e+00,1.38771e-05,0.00000e+00,0.00000e+00,2.33932e-07,0.00000e+00,0.00000e+00,2.50000e-01,0.00000e+00,6.00625e-01,5.06250e-02,1.00904e+04,nan,nan,nan,nan,1,3.23327e+00,3.23327e+00,5.00000e-03,5.00000e-03
0.00000e+00,9.83422e-01,1.66375e-01,1.00000e+00,1.00000e-12,7.00133e-07,0.00000e+00,7.20000e-01,2.80000e-01,1.41110e-05,0.00000e+00,0.00000e+00,0.00000e+00,0.00000e+00,0.00000e+00,1.38771e-05,0.00000e+00,0.00000e+00,2.33932e-07,0.00000e+00,0.00000e+00,2.50000e-01,0.00000e+00,6.00625e-01,5.06250e-02,1.00056e+04,nan,nan,nan,nan,1,3.23694e+00,3.23694e+00,5.00000e-03,5.00000e-03
0.00000e+00,9.83422e-01,1.66375e-01,1.00000e+00,1.00000e-12,7.00133e-07,0.00000e+00,7.20000e-01,2.80000e-01,1.41110e-05,0.00000e+00,0.00000e+00,0.00000e+00,0.00000e+00,0.00000e+00,1.38771e-05,0.00000e+00,0.00000e+00,2.33932e-07,0.00000e+00,0.00000e+00,2.50000e-01,0.00000e+00,6.00625e-01,5.06250e-02,9.92078e+03,nan,nan,nan,nan,1,3.24061e+00,3.24061e+00,5.00000e-03,5.00000e-03
0.00000e+00,9.83422e-01,1.66375e-01,1.00000e+00,1.00000e-12,7.00133e-07,0.00000e+00,7.20000e-01,2.80000e-01,1.41110e-05,0.00000e+00,0.00000e+00,0.00000e+00,0.00000e+00,0.00000e+00,1.38771e-05,0.00000e+00,0.00000e+00,2.33932e-07,0.00000e+00,0.00000e+00,2.50000e-01,0.00000e+00,6.00625e-01,5.06250e-02,9.83600e+03,nan,nan,nan,nan,1,3.24428e+00,3.24428e+00,5.00000e-03,5.00000e-03
0.00000e+00,9.83422e-01,1.66375e-01,1.00000e+00,1.00000e-12,7.00133e-07,0.00000e+00,7.20000e-01,2.80000e-01,1.41110e-05,0.00000e+00,0.00000e+00,0.00000e+00,0.00000e+00,0.00000e+00,1.38771e-05,0.00000e+00,0.00000e+00,2.33932e-07,0.00000e+00,0.00000e+00,2.50000e-01,0.00000e+00,6.00625e-01,5.06250e-02,9.75121e+03,nan,nan,nan,nan,1,3.24795e+00,3.24795e+00,5.00000e-03,5.00000e-03
0.00000e+00,9.83422e-01,1.66375e-01,1.00000e+00,1.00000e-12,7.00133e-07,0.00000e+00,7.20000e-01,2.80000e-01,1.41110e-05,0.00000e+00,0.00000e+00,0.00000e+00,0.00000e+00,0.00000e+00,1.38771e-05,0.00000e+00,0.00000e+00,2.33932e-07,0.00000e+00,0.00000e+00,2.50000e-01,0.00000e+00,6.00625e-01,5.06250e-02,9.66641e+03,nan,nan,nan,nan,1,3.25162e+00,3.25162e+00,5.00000e-03,5.00000e-03
0.00000e+00,9.83422e-01,1.66375e-01,1.00000e+00,1.00000e-12,7.00133e-07,0.00000e+00,7.20000e-01,2.80000e-01,1.41110e-05,0.00000e+00,0.00000e+00,0.00000e+00,0.00000e+00,0.00000e+00,1.38771e-05,0.00000e+00,0.00000e+00,2.33932e-07,0.00000e+00,0.00000e+00,2.50000e-01,0.00000e+00,6.00625e-01,5.06250e-02,9.58162e+03,nan,nan,nan,nan,1,3.25529e+00,3.25529e+00,5.00000e-03,5.00000e-03
0.00000e+00,9.83422e-01,1.66375e-01,1.00000e+00,1.00000e-12,7.00133e-07,0.00000e+00,7.20000e-01,2.80000e-01,1.41110e-05,0.00000e+00,0.00000e+00,0.00000e+00,0.00000e+00,0.00000e+00,1.38771e-05,0.00000e+00,0.00000e+00,2.33932e-07,0.00000e+00,0.00000e+00,2.50000e-01,0.00000e+00,6.00625e-01,5.06250e-02,9.49683e+03,nan,nan,nan,nan,1,3.25896e+00,3.25896e+00,5.00000e-03,5.00000e-03
0.00000e+00,9.83422e-01,1.66375e-01,1.00000e+00,1.00000e-12,7.00133e-07,0.00000e+00,7.20000e-01,2.80000e-01,1.41110e-05,0.00000e+00,0.00000e+00,0.00000e+00,0.00000e+00,0.00000e+00,1.38771e-05,0.00000e+00,0.00000e+00,2.33932e-07,0.00000e+00,0.00000e+00,2.50000e-01,0.00000e+00,6.00625e-01,5.06250e-02,9.41203e+03,nan,nan,nan,nan,1,3.26263e+00,3.26263e+00,5.00000e-03,5.00000e-03
0.00000e+00,9.83422e-01,1.66375e-01,1.00000e+00,1.00000e-12,7.00133e-07,0.00000e+00,7.20000e-01,2.80000e-01,1.41110e-05,0.00000e+00,0.00000e+00,0.00000e+00,0.00000e+00,0.00000e+00,1.38771e-05,0.00000e+00,0.00000e+00,2.33932e-07,0.00000e+00,0.00000e+00,2.50000e-01,0.00000e+00,6.00625e-01,5.06250e-02,9.32724e+03,nan,nan,nan,nan,1,3.26630e+00,3.26630e+00,5.00000e-03,5.00000e-03
0.00000e+00,9.83422e-01,1.66375e-01,1.00000e+00,1.00000e-12,7.00133e-07,0.00000e+00,7.20000e-01,2.80000e-01,1.41110e-05,0.00000e+00,0.00000e+00,0.00000e+00,0.00000e+00,0.00000e+00,1.38771e-05,0.00000e+00,0.00000e+00,2.33932e-07,0.00000e+00,0.00000e+00,2.50000e-01,0.00000e+00,6.00625e-01,5.06250e-02,9.24244e+03,nan,nan,nan,nan,1,3.26997e+00,3.26997e+00,5.00000e-03,5.00000e-03
0.00000e+00,9.83422e-01,1.66375e-01,1.00000e+00,1.00000e-12,7.00133e-07,0.00000e+00,7.20000e-01,2.80000e-01,1.41110e-05,0.00000e+00,0.00000e+00,0.00000e+00,0.00000e+00,0.00000e+00,1.38771e-05,0.00000e+00,0.00000e+00,2.33932e-07,0.00000e+00,0.00000e+00,2.50000e-01,0.00000e+00,6.00625e-01,5.06250e-02,9.15765e+03,nan,nan,nan,nan,1,3.27364e+00,3.27364e+00,5.00000e-03,5.00000e-03
0.00000e+00,9.83422e-01,1.66375e-01,1.00000e+00,1.00000e-12,7.00133e-07,0.00000e+00,7.20000e-01,2.80000e-01,1.41110e-05,0.00000e+00,0.00000e+00,0.00000e+00,0.00000e+00,0.00000e+00,1.38771e-05,0.00000e+00,0.00000e+00,2.33932e-07,0.00000e+00,0.00000e+00,2.50000e-01,0.00000e+00,6.00625e-01,5.06250e-02,9.07285e+03,nan,nan,nan,nan,1,3.27731e+00,3.27731e+00,5.00000e-03,5.00000e-03
0.00000e+00,9.83422e-01,1.66375e-01,1.00000e+00,1.00000e-12,7.00133e-07,0.00000e+00,7.20000e-01,2.80000e-01,1.41110e-05,0.00000e+00,0.00000e+00,0.00000e+00,0.00000e+00,0.00000e+00,1.38771e-05,0.00000e+00,0.00000e+00,2.33932e-07,0.00000e+00,0.00000e+00,2.50000e-01,0.00000e+00,6.00625e-01,5.06250e-02,8.98807e+03,nan,nan,nan,nan,1,3.28098e+00,3.28098e+00,5.00000e-03,5.00000e-03
0.00000e+00,9.83422e-01,1.66375e-01,1.00000e+00,1.00000e-12,7.00133e-07,0.00000e+00,7.20000e-01,2.80000e-01,1.41110e-05,0.00000e+00,0.00000e+00,0.00000e+00,0.00000e+00,0.00000e+00,1.38771e-05,0.00000e+00,0.00000e+00,2.33932e-07,0.00000e+00,0.00000e+00,2.50000e-01,0.00000e+00,6.00625e-01,5.06250e-02,8.90328e+03,nan,nan,nan,nan,1,3.28465e+00,3.28465e+00,5.00000e-03,5.00000e-03
0.00000e+00,9.83422e-01,1.66375e-01,1.00000e+00,1.00000e-12,7.00133e-07,0.00000e+00,7.20000e-01,2.80000e-01,1.41110e-05,0.00000e+00,0.00000e+00,0.00000e+00,0.00000e+00,0.00000e+00,1.38771e-05,0.00000e+00,0.00000e+00,2.33932e-07,0.00000e+00,0.00000e+00,2.50000e-01,0.00000e+00,6.00625e-01,5.06250e-02,8.81848e+03,nan,nan,nan,nan,1,3.28832e+00,3.28832e+00,5.00000e-03,5.00000e-03
0.00000e+00,9.83422e-01,1.66375e-01,1.00000e+00,1.00000e-12,7.00133e-07,0.00000e+00,7.20000e-01,2.80000e-01,1.41110e-05,0.00000e+00,0.00000e+00,0.00000e+00,0.00000e+00,0.00000e+00,1.38771e-05,0.00000e+00,0.00000e+00,2.33932e-07,0.00000e+00,0.00000e+00,2.50000e-01,0.00000e+00,6.00625e-01,5.06250e-02,8.73368e+03,nan,nan,nan,nan,1,3.29199e+00,3.29199e+00,5.00000e-03,5.00000e-03
0.00000e+00,9.83422e-01,1.66375e-01,1.00000e+00,1.00000e-12,7.00133e-07,0.00000e+00,7.20000e-01,2.80000e-01,1.41110e-05,0.00000e+00,0.00000e+00,0.00000e+00,0.00000e+00,0.00000e+00,1.38771e-05,0.00000e+00,0.00000e+00,2.33932e-07,0.00000e+00,0.00000e+00,2.50000e-01,0.00000e+00,6.00625e-01,5.06250e-02,8.64889e+03,nan,nan,nan,nan,1,3.29566e+00,3.29566e+00,5.00000e-03,5.00000e-03
0.00000e+00,9.83422e-01,1.66375e-01,1.00000e+00,1.00000e-12,7.00133e-07,0.00000e+00,7.20000e-01,2.80000e-01,1.41110e-05,0.00000e+00,0.00000e+00,0.00000e+00,0.00000e+00,0.00000e+00,1.38771e-05,0.00000e+00,0.00000e+00,2.33932e-07,0.00000e+00,0.00000e+00,2.50000e-01,0.00000e+00,6.00625e-01,5.06250e-02,8.56410e+03,nan,nan,nan,nan,1,3.29933e+00,3.29933e+00,5.00000e-03,5.00000e-03
0.00000e+00,9.83422e-01,1.66375e-01,1.00000e+00,1.00000e-12,7.00133e-07,0.00000e+00,7.20000e-01,2.80000e-01,1.41110e-05,0.00000e+00,0.00000e+00,0.00000e+00,0.00000e+00,0.00000e+00,1.38771e-05,0.00000e+00,0.00000e+00,2.33932e-07,0.00000e+00,0.00000e+00,2.50000e-01,0.00000e+00,6.00625e-01,5.06250e-02,8.47930e+03,nan,nan,nan,nan,1,3.30300e+00,3.30300e+00,5.00000e-03,5.00000e-03
0.00000e+00,9.83422e-01,1.66375e-01,1.00000e+00,1.00000e-12,7.00133e-07,0.00000e+00,7.20000e-01,2.80000e-01,1.41110e-05,0.00000e+00,0.00000e+00,0.00000e+00,0.00000e+00,0.00000e+00,1.38771e-05,0.00000e+00,0.00000e+00,2.33932e-07,0.00000e+00,0.00000e+00,2.50000e-01,0.00000e+00,6.00625e-01,5.06250e-02,8.39451e+03,nan,nan,nan,nan,1,3.30667e+00,3.30667e+00,5.00000e-03,5.00000e-03
0.00000e+00,9.83422e-01,1.66375e-01,1.00000e+00,1.00000e-12,7.00133e-07,0.00000e+00,7.20000e-01,2.80000e-01,1.41110e-05,0.00000e+00,0.00000e+00,0.00000e+00,0.00000e+00,0.00000e+00,1.38771e-05,0.00000e+00,0.00000e+00,2.33932e-07,0.00000e+00,0.00000e+00,2.50000e-01,0.00000e+00,6.00625e-01,5.06250e-02,8.30971e+03,nan,nan,nan,nan,1,3.31034e+00,3.31034e+00,5.00000e-03,5.00000e-03
0.00000e+00,9.83422e-01,1.66375e-01,1.00000e+00,1.00000e-12,7.00133e-07,0.00000e+00,7.20000e-01,2.80000e-01,1.41110e-05,0.00000e+00,0.00000e+00,0.00000e+00,0.00000e+00,0.00000e+00,1.38771e-05,0.00000e+00,0.00000e+00,2.33932e-07,0.00000e+00,0.00000e+00,2.50000e-01,0.00000e+00,6.00625e-01,5.06250e-02,8.22492e+03,nan,nan,nan,nan,1,3.31401e+00,3.31401e+00,5.00000e-03,5.00000e-03
0.00000e+00,9.83422e-01,1.66375e-01,1.00000e+00,1.00000e-12,7.00133e-07,0.00000e+00,7.20000e-01,2.80000e-01,1.41110e-05,0.00000e+00,0.00000e+00,0.00000e+00,0.00000e+00,0.00000e+00,1.38771e-05,0.00000e+00,0.00000e+00,2.33932e-07,0.00000e+00,0.00000e+00,2.50000e-01,0.00000e+00,6.00625e-01,5.06250e-02,8.14013e+03,nan,nan,nan,nan,1,3.31768e+00,3.31768e+00,5.00000e-03,5.00000e-03
0.00000e+00,9.83422e-01,1.66375e-01,1.00000e+00,1.00000e-12,7.00133e-07,0.00000e+00,7.20000e-01,2.80000e-01,1.41110e-05,0.00000e+00,0.00000e+00,0.00000e+00,0.00000e+00,0.00000e+00,1.38771e-05,0.00000e+00,0.00000e+00,2.33932e-07,0.00000e+00,0.00000e+00,2.50000e-01,0.00000e+00,6.00625e-01,5.06250e-02,8.05535e+03,nan,nan,nan,nan,1,3.32135e+00,3.32135e+00,5.00000e-03,5.00000e-03
0.00000e+00,9.83422e-01,1.66375e-01,1.00000e+00,1.00000e-12,7.00133e-07,0.00000e+00,7.20000e-01,2.80000e-01,1.41110e-05,0.00000e+00,0.00000e+00,0.00000e+00,0.00000e+00,0.00000e+00,1.38771e-05,0.00000e+00,0.00000e+00,2.33932e-07,0.00000e+00,0.00000e+00,2.50000e-01,0.00000e+00,6.00625e-01,5.06250e-02,7.97055e+03,nan,nan,nan,nan,1,3.32502e+00,3.32502e+00,5.00000e-03,5.00000e-03
0.00000e+00,9.83422e-01,1.66375e-01,1.00000e+00,1.00000e-12,7.00133e-07,0.00000e+00,7.20000e-01,2.80000e-01,1.41110e-05,0.00000e+00,0.00000e+00,0.00000e+00,0.00000e+00,0.00000e+00,1.38771e-05,0.00000e+00,0.00000e+00,2.33932e-07,0.00000e+00,0.00000e+00,2.50000e-01,0.00000e+00,6.00625e-01,5.06250e-02,7.88575e+03,nan,nan,nan,nan,1,3.32869e+00,3.32869e+00,5.00000e-03,5.00000e-03
0.00000e+00,9.83422e-01,1.66375e-01,1.00000e+00,1.00000e-12,7.00133e-07,0.00000e+00,7.20000e-01,2.80000e-01,1.41110e-05,0.00000e+00,0.00000e+00,0.00000e+00,0.00000e+00,0.00000e+00,1.38771e-05,0.00000e+00,0.00000e+00,2.33932e-07,0.00000e+00,0.00000e+00,2.50000e-01,0.00000e+00,6.00625e-01,5.06250e-02,7.80096e+03,nan,nan,nan,nan,1,3.33236e+00,3.33236e+00,5.00000e-03,5.00000e-03
0.00000e+00,9.83422e-01,1.66375e-01,1.00000e+00,1.00000e-12,7.00133e-07,0.00000e+00,7.20000e-01,2.80000e-01,1.41110e-05,0.00000e+00,0.00000e+00,0.00000e+00,0.00000e+00,0.00000e+00,1.38771e-05,0.00000e+00,0.00000e+00,2.33932e-07,0.00000e+00,0.00000e+00,2.50000e-01,0.00000e+00,6.00625e-01,5.06250e-02,7.71617e+03,nan,nan,nan,nan,1,3.33603e+00,3.33603e+00,5.00000e-03,5.00000e-03
0.00000e+00,9.83422e-01,1.66375e-01,1.00000e+00,1.00000e-12,7.00133e-07,0.00000e+00,7.20000e-01,2.80000e-01,1.41110e-05,0.00000e+00,0.00000e+00,0.00000e+00,0.00000e+00,0.00000e+00,1.38771e-05,0.00000e+00,0.00000e+00,2.33932e-07,0.00000e+00,0.00000e+00,2.50000e-01,0.00000e+00,6.00625e-01,5.06250e-02,7.63138e+03,nan,nan,nan,nan,1,3.33970e+00,3.33970e+00,5.00000e-03,5.00000e-03
0.00000e+00,9.83422e-01,1.66375e-01,1.00000e+00,1.00000e-12,7.00133e-07,0.00000e+00,7.20000e-01,2.80000e-01,1.41110e-05,0.00000e+00,0.00000e+00,0.00000e+00,0.00000e+00,0.00000e+00,1.38771e-05,0.00000e+00,0.00000e+00,2.33932e-07,0.00000e+00,0.00000e+00,2.50000e-01,0.00000e+00,6.00625e-01,5.06250e-02,7.54658e+03,nan,nan,nan,nan,1,3.34337e+00,3.34337e+00,5.00000e-03,5.00000e-03
0.00000e+00,9.83422e-01,1.66375e-01,1.00000e+00,1.00000e-12,7.00133e-07,0.00000e+00,7.20000e-01,2.80000e-01,1.41110e-05,0.00000e+00,0.00000e+00,0.00000e+00,0.00000e+00,0.00000e+00,1.38771e-05,0.00000e+00,0.00000e+00,2.33932e-07,0.00000e+00,0.00000e+00,2.50000e-01,0.00000e+00,6.00625e-01,5.06250e-02,7.46178e+03,nan,nan,nan,nan,1,3.34704e+00,3.34704e+00,5.00000e-03,5.00000e-03
0.00000e+00,9.83422e-01,1.66375e-01,1.00000e+00,1.00000e-12,7.00133e-07,0.00000e+00,7.20000e-01,2.80000e-01,1.41110e-05,0.00000e+00,0.00000e+00,0.00000e+00,0.00000e+00,0.00000e+00,1.38771e-05,0.00000e+00,0.00000e+00,2.33932e-07,0.00000e+00,0.00000e+00,2.50000e-01,0.00000e+00,6.00625e-01,5.06250e-02,7.37699e+03,nan,nan,nan,nan,1,3.35071e+00,3.35071e+00,5.00000e-03,5.00000e-03
0.00000e+00,9.83422e-01,1.66375e-01,1.00000e+00,1.00000e-12,7.00133e-07,0.00000e+00,7.20000e-01,2.80000e-01,1.41110e-05,0.00000e+00,0.00000e+00,0.00000e+00,0.00000e+00,0.00000e+00,1.38771e-05,0.00000e+00,0.00000e+00,2.33932e-07,0.00000e+00,0.00000e+00,2.50000e-01,0.00000e+00,6.00625e-01,5.06250e-02,7.29220e+03,nan,nan,nan,nan,1,3.35438e+00,3.35438e+00,5.00000e-03,5.00000e-03
0.00000e+00,9.83422e-01,1.66375e-01,1.00000e+00,1.00000e-12,7.00133e-07,0.00000e+00,7.20000e-01,2.80000e-01,1.41110e-05,0.00000e+00,0.00000e+00,0.00000e+00,0.00000e+00,0.00000e+00,1.38771e-05,0.00000e+00,0.00000e+00,2.33932e-07,0.00000e+00,0.00000e+00,2.50000e-01,0.00000e+00,6.00625e-01,5.06250e-02,7.20741e+03,nan,nan,nan,nan,1,3.35805e+00,3.35805e+00,5.00000e-03,5.00000e-03
0.00000e+00,9.83422e-01,1.66375e-01,1.00000e+00,1.00000e-12,7.00133e-07,0.00000e+00,7.20000e-01,2.80000e-01,1.41110e-05,0.00000e+00,0.00000e+00,0.00000e+00,0.00000e+00,0.00000e+00,1.38771e-05,0.00000e+00,0.00000e+00,2.33932e-07,0.00000e+00,0.00000e+00,2.50000e-01,0.00000e+00,6.00625e-01,5.06250e-02,7.12262e+03,nan,nan,nan,nan,1,3.36172e+00,3.36172e+00,5.00000e-03,5.00000e-03
0.00000e+00,9.83422e-01,1.66375e-01,1.00000e+00,1.00000e-12,7.00133e-07,0.00000e+00,7.20000e-01,2.80000e-01,1.41110e-05,0.00000e+00,0.00000e+00,0.00000e+00,0.00000e+00,0.00000e+00,1.38771e-05,0.00000e+00,0.00000e+00,2.33932e-07,0.00000e+00,0.00000e+00,2.50000e-01,0.00000e+00,6.00625e-01,5.06250e-02,7.03783e+03,nan,nan,nan,nan,1,3.36539e+00,3.36539e+00,5.00000e-03,5.00000e-03
0.00000e+00,9.83422e-01,1.66375e-01,1.00000e+00,1.00000e-12,7.00133e-07,0.00000e+00,7.20000e-01,2.80000e-01,1.41110e-05,0.00000e+00,0.00000e+00,0.00000e+00,0.00000e+00,0.00000e+00,1.38771e-05,0.00000e+00,0.00000e+00,2.33932e-07,0.00000e+00,0.00000e+00,2.50000e-01,0.00000e+00,6.00625e-01,5.06250e-02,6.95304e+03,nan,nan,nan,nan,1,3.36906e+00,3.36906e+00,5.00000e-03,5.00000e-03
0.00000e+00,9.83422e-01,1.66375e-01,1.00000e+00,1.00000e-12,7.00133e-07,0.00000e+00,7.20000e-01,2.80000e-01,1.41110e-05,0.00000e+00,0.00000e+00,0.00000e+00,0.00000e+00,0.00000e+00,1.38771e-05,0.00000e+00,0.00000e+00,2.33932e-07,0.00000e+00,0.00000e+00,2.50000e-01,0.00000e+00,6.00625e-01,5.06250e-02,6.86824e+03,nan,nan,nan,nan,1,3.37273e+00,3.37273e+00,5.00000e-03,5.00000e-03
0.00000e+00,9.83422e-01,1.66375e-01,1.00000e+00,1.00000e-12,7.00133e-07,0.00000e+00,7.20000e-01,2.80000e-01,1.41110e-05,0.00000e+00,0.00000e+00,0.00000e+00,0.00000e+00,0.00000e+00,1.38771e-05,0.00000e+00,0.00000e+00,2.33932e-07,0.00000e+00,0.00000e+00,2.50000e-01,0.00000e+00,6.00625e-01,5.06250e-02,6.78344e+03,nan,nan,nan,nan,1,3.37640e+00,3.37640e+00,5.00000e-03,5.00000e-03
0.00000e+00,9.83422e-01,1.66375e-01,1.00000e+00,1.00000e-12,7.00133e-07,0.00000e+00,7.20000e-01,2.80000e-01,1.41110e-05,0.00000e+00,0.00000e+00,0.00000e+00,0.00000e+00,0.00000e+00,1.38771e-05,0.00000e+00,0.00000e+00,2.33932e-07,0.00000e+00,0.00000e+00,2.50000e-01,0.00000e+00,6.00625e-01,5.06250e-02,6.69865e+03,nan,nan,nan,nan,1,3.38007e+00,3.38007e+00,5.00000e-03,5.00000e-03
0.00000e+00,9.83422e-01,1.66375e-01,1.00000e+00,1.00000e-12,7.00133e-07,0.00000e+00,7.20000e-01,2.80000e-01,1.41110e-05,0.00000e+00,0.00000e+00,0.00000e+00,0.00000e+00,0.00000e+00,1.38771e-05,0.00000e+00,0.00000e+00,2.33932e-07,0.00000e+00,0.00000e+00,2.50000e-01,0.00000e+00,6.00625e-01,5.06250e-02,6.61385e+03,nan,nan,nan,nan,1,3.38374e+00,3.38374e+00,5.00000e-03,5.00000e-03
0.00000e+00,9.83422e-01,1.66375e-01,1.00000e+00,1.00000e-12,7.00133e-07,0.00000e+00,7.20000e-01,2.80000e-01,1.41110e-05,0.00000e+00,0.00000e+00,0.00000e+00,0.00000e+00,0.00000e+00,1.38771e-05,0.00000e+00,0.00000e+00,2.33932e-07,0.00000e+00,0.00000e+00,2.50000e-01,0.00000e+00,6.00625e-01,5.06250e-02,6.52906e+03,nan,nan,nan,nan,1,3.38741e+00,3.38741e+00,5.00000e-03,5.00000e-03
0.00000e+00,9.83422e-01,1.66375e-01,1.00000e+00,1.00000e-12,7.00133e-07,0.00000e+00,7.20000e-01,2.80000e-01,1.41110e-05,0.00000e+00,0.00000e+00,0.00000e+00,0.00000e+00,0.00000e+00,1.38771e-05,0.00000e+00,0.00000e+00,2.33932e-07,0.00000e+00,0.00000e+00,2.50000e-01,0.00000e+00,6.00625e-01,5.06250e-02,6.44427e+03,nan,nan,nan,nan,1,3.39108e+00,3.39108e+00,5.00000e-03,5.00000e-03
0.00000e+00,9.83422e-01,1.66375e-01,1.00000e+00,1.00000e-12,7.00133e-07,0.00000e+00,7.20000e-01,2.80000e-01,1.41110e-05,0.00000e+00,0.00000e+00,0.00000e+00,0.00000e+00,0.00000e+00,1.38771e-05,0.00000e+00,0.00000e+00,2.33932e-07,0.00000e+00,0.00000e+00,2.50000e-01,0.00000e+00,6.00625e-01,5.06250e-02,6.35948e+03,nan,nan,nan,nan,1,3.39475e+00,3.39475e+00,5.00000e-03,5.00000e-03
0.00000e+00,9.83422e-01,1.66375e-01,1.00000e+00,1.00000e-12,7.00133e-07,0.00000e+00,7.20000e-01,2.80000e-01,1.41110e-05,0.00000e+00,0.00000e+00,0.00000e+00,0.00000e+00,0.00000e+00,1.38771e-05,0.00000e+00,0.00000e+00,2.33932e-07,0.00000e+00,0.00000e+00,2.50000e-01,0.00000e+00,6.00625e-01,5.06250e-02,6.27469e+03,nan,nan,nan,nan,1,3.39842e+00,3.39842e+00,5.00000e-03,5.00000e-03
0.00000e+00,9.83422e-01,1.66375e-01,1.00000e+00,1.00000e-12,7.00133e-07,0.00000e+00,7.20000e-01,2.80000e-01,1.41110e-05,0.00000e+00,0.00000e+00,0.00000e+00,0.00000e+00,0.00000e+00,1.38771e-05,0.00000e+00,0.00000e+00,2.33932e-07,0.00000e+00,0.00000e+00,2.50000e-01,0.00000e+00,6.00625e-01,5.06250e-02,6.18990e+03,nan,nan,nan,nan,1,3.40209e+00,3.40209e+00,5.00000e-03,5.00000e-03
0.00000e+00,9.83422e-01,1.66375e-01,1.00000e+00,1.00000e-12,7.00133e-07,0.00000e+00,7.20000e-01,2.80000e-01,1.41110e-05,0.00000e+00,0.00000e+00,0.00000e+00,0.00000e+00,0.00000e+00,1.38771e-05,0.00000e+00,0.00000e+00,2.33932e-07,0.00000e+00,0.00000e+00,2.50000e-01,0.00000e+00,6.00625e-01,5.06250e-02,6.10510e+03,nan,nan,nan,nan,1,3.40576e+00,3.40576e+00,5.00000e-03,5.00000e-03
0.00000e+00,9.83422e-01,1.66375e-01,1.00000e+00,1.00000e-12,7.00133e-07,0.00000e+00,7.20000e-01,2.80000e-01,1.41110e-05,0.00000e+00,0.00000e+00,0.00000e+00,0.00000e+00,0.00000e+00,1.38771e-05,0.00000e+00,0.00000e+00,2.33932e-07,0.00000e+00,0.00000e+00,2.50000e-01,0.00000e+00,6.00625e-01,5.06250e-02,6.02031e+03,nan,nan,nan,nan,1,3.40943e+00,3.40943e+00,5.00000e-03,5.00000e-03
0.00000e+00,9.83422e-01,1.66375e-01,1.00000e+00,1.00000e-12,7.00133e-07,0.00000e+00,7.20000e-01,2.80000e-01,1.41110e-05,0.00000e+00,0.00000e+00,0.00000e+00,0.00000e+00,0.00000e+00,1.38771e-05,0.00000e+00,0.00000e+00,2.33932e-07,0.00000e+00,0.00000e+00,2.50000e-01,0.00000e+00,6.00625e-01,5.06250e-02,5.93552e+03,nan,nan,nan,nan,1,3.41310e+00,3.41310e+00,5.00000e-03,5.00000e-03
0.00000e+00,9.83422e-01,1.66375e-01,1.00000e+00,1.00000e-12,7.00133e-07,0.00000e+00,7.20000e-01,2.80000e-01,1.41110e-05,0.00000e+00,0.00000e+00,0.00000e+00,0.00000e+00,0.00000e+00,1.38771e-05,0.00000e+00,0.00000e+00,2.33932e-07,0.00000e+00,0.00000e+00,2.50000e-01,0.00000e+00,6.00625e-01,5.06250e-02,5.85073e+03,nan,nan,nan,nan,1,3.41677e+00,3.41677e+00,5.00000e-03,5.00000e-03
0.00000e+00,9.83422e-01,1.66375e-01,1.00000e+00,1.00000e-12,7.00133e-07,0.00000e+00,7.20000e-01,2.80000e-01,1.41110e-05,0.00000e+00,0.00000e+00,0.00000e+00,0.00000e+00,0.00000e+00,1.38771e-05,0.00000e+00,0.00000e+00,2.33932e-07,0.00000e+00,0.00000e+00,2.50000e-01,0.00000e+00,6.00625e-01,5.06250e-02,5.76593e+03,nan,nan,nan,nan,1,3.42044e+00,3.42044e+00,5.00000e-03,5.00000e-03
0.00000e+00,9.83422e-01,1.66375e-01,1.00000e+00,1.00000e-12,7.00133e-07,0.00000e+00,7.20000e-01,2.80000e-01,1.41110e-05,0.00000e+00,0.00000e+00,0.00000e+00,0.00000e+00,0.00000e+00,1.38771e-05,0.00000e+00,0.00000e+00,2.33932e-07,0.00000e+00,0.00000e+00,2.50000e-01,0.00000e+00,6.00625e-01,5.06250e-02,5.68113e+03,nan,nan,nan,nan,1,3.42411e+00,3.42411e+00,5.00000e-03,5.00000e-03
0.00000e+00,9.83422e-01,1.66375e-01,1.00000e+00,1.00000e-12,7.00133e-07,0.00000e+00,7.20000e-01,2.80000e-01,1.41110e-05,0.00000e+00,0.00000e+00,0.00000e+00,0.00000e+00,0.00000e+00,1.38771e-05,0.00000e+00,0.00000e+00,2.33932e-07,0.00000e+00,0.00000e+00,2.50000e-01,0.00000e+00,6.00625e-01,5.06250e-02,5.59634e+03,nan,nan,nan,nan,1,3.42778e+00,3.42778e+00,5.00000e-03,5.00000e-03
0.00000e+00,9.83422e-01,1.66375e-01,1.00000e+00,1.00000e-12,7.00133e-07,0.00000e+00,7.20000e-01,2.80000e-01,1.41110e-05,0.00000e+00,0.00000e+00,0.00000e+00,0.00000e+00,0.00000e+00,1.38771e-05,0.00000e+00,0.00000e+00,2.33932e-07,0.00000e+00,0.00000e+00,2.50000e-01,0.00000e+00,6.00625e-01,5.06250e-02,5.51154e+03,nan,nan,nan,nan,1,3.43145e+00,3.43145e+00,5.00000e-03,5.00000e-03
0.00000e+00,9.83422e-01,1.66375e-01,1.00000e+00,1.00000e-12,7.00133e-07,0.00000e+00,7.20000e-01,2.80000e-01,1.41110e-05,0.00000e+00,0.00000e+00,0.00000e+00,0.00000e+00,0.00000e+00,1.38771e-05,0.00000e+00,0.00000e+00,2.33932e-07,0.00000e+00,0.00000e+00,2.50000e-01,0.00000e+00,6.00625e-01,5.06250e-02,5.42675e+03,nan,nan,nan,nan,1,3.43512e+00,3.43512e+00,5.00000e-03,5.00000e-03
0.00000e+00,9.83422e-01,1.66375e-01,1.00000e+00,1.00000e-12,7.00133e-07,0.00000e+00,7.20000e-01,2.80000e-01,1.41110e-05,0.00000e+00,0.00000e+00,0.00000e+00,0.00000e+00,0.00000e+00,1.38771e-05,0.00000e+00,0.00000e+00,2.33932e-07,0.00000e+00,0.00000e+00,2.50000e-01,0.00000e+00,6.00625e-01,5.06250e-02,5.34196e+03,nan,nan,nan,nan,1,3.43879e+00,3.43879e+00,5.00000e-03,5.00000e-03
0.00000e+00,9.83422e-01,1.66375e-01,1.00000e+00,1.00000e-12,7.00133e-07,0.00000e+00,7.20000e-01,2.80000e-01,1.41110e-05,0.00000e+00,0.00000e+00,0.00000e+00,0.00000e+00,0.00000e+00,1.38771e-05,0.00000e+00,0.00000e+00,2.33932e-07,0.00000e+00,0.00000e+00,2.50000e-01,0.00000e+00,6.00625e-01,5.06250e-02,5.25717e+03,nan,nan,nan,nan,1,3.44246e+00,3.44246e+00,5.00000e-03,5.00000e-03
0.00000e+00,9.83422e-01,1.66375e-01,1.00000e+00,1.00000e-12,7.00133e-07,0.00000e+00,7.20000e-01,2.80000e-01,1.41110e-05,0.00000e+00,0.00000e+00,0.00000e+00,0.00000e+00,0.00000e+00,1.38771e-05,0.00000e+00,0.00000e+00,2.33932e-07,0.00000e+00,0.00000e+00,2.50000e-01,0.00000e+00,6.00625e-01,5.06250e-02,5.17238e+03,nan,nan,nan,nan,1,3.44613e+00,3.44613e+00,5.00000e-03,5.00000e-03
0.00000e+00,9.83422e-01,1.66375e-01,1.00000e+00,1.00000e-12,7.00133e-07,0.00000e+00,7.20000e-01,2.80000e-01,1.41110e-05,0.00000e+00,0.00000e+00,0.00000e+00,0.00000e+00,0.00000e+00,1.38771e-05,0.00000e+00,0.00000e+00,2.33932e-07,0.00000e+00,0.00000e+00,2.50000e-01,0.00000e+00,6.00625e-01,5.06250e-02,5.08758e+03,nan,nan,nan,nan,1,3.44980e+00,3.44980e+00,5.00000e-03,5.00000e-03
0.00000e+00,9.83422e-01,1.66375e-01,1.00000e+00,1.00000e-12,7.00133e-07,0.00000e+00,7.20000e-01,2.80000e-01,1.41110e-05,0.00000e+00,0.00000e+00,0.00000e+00,0.00000e+00,0.00000e+00,1.38771e-05,0.00000e+00,0.00000e+00,2.33932e-07,0.00000e+00,0.00000e+00,2.50000e-01,0.00000e+00,6.00625e-01,5.06250e-02,5.00279e+03,nan,nan,nan,nan,1,3.45347e+00,3.45347e+00,5.00000e-03,5.00000e-03
0.00000e+00,9.83422e-01,1.66375e-01,1.00000e+00,1.00000e-12,7.00133e-07,0.00000e+00,7.20000e-01,2.80000e-01,1.41110e-05,0.00000e+00,0.00000e+00,0.00000e+00,0.00000e+00,0.00000e+00,1.38771e-05,0.00000e+00,0.00000e+00,2.33932e-07,0.00000e+00,0.00000e+00,2.50000e-01,0.00000e+00,6.00625e-01,5.06250e-02,4.91800e+03,nan,nan,nan,nan,1,3.45714e+00,3.45714e+00,5.00000e-03,5.00000e-03
0.00000e+00,9.83422e-01,1.66375e-01,1.00000e+00,1.00000e-12,7.00133e-07,0.00000e+00,7.20000e-01,2.80000e-01,1.41110e-05,0.00000e+00,0.00000e+00,0.00000e+00,0.00000e+00,0.00000e+00,1.38771e-05,0.00000e+00,0.00000e+00,2.33932e-07,0.00000e+00,0.00000e+00,2.50000e-01,0.00000e+00,6.00625e-01,5.06250e-02,4.83320e+03,nan,nan,nan,nan,1,3.46081e+00,3.46081e+00,5.00000e-03,5.00000e-03
0.00000e+00,9.83422e-01,1.66375e-01,1.00000e+00,1.00000e-12,7.00133e-07,0.00000e+00,7.20000e-01,2.80000e-01,1.41110e-05,0.00000e+00,0.00000e+00,0.00000e+00,0.00000e+00,0.00000e+00,1.38771e-05,0.00000e+00,0.00000e+00,2.33932e-07,0.00000e+00,0.00000e+00,2.50000e-01,0.00000e+00,6.00625e-01,5.06250e-02,4.74841e+03,nan,nan,nan,nan,1,3.46448e+00,3.46448e+00,5.00000e-03,5.00000e-03
0.00000e+00,9.83422e-01,1.66375e-01,1.00000e+00,1.00000e-12,7.00133e-07,0.00000e+00,7.20000e-01,2.80000e-01,1.41110e-05,0.00000e+00,0.00000e+00,0.00000e+00,0.00000e+00,0.00000e+00,1.38771e-05,0.00000e+00,0.00000e+00,2.33932e-07,0.00000e+00,0.00000e+00,2.50000e-01,0.00000e+00,6.00625e-01,5.06250e-02,4.66361e+03,nan,nan,nan,nan,1,3.46815e+00,3.46815e+00,5.00000e-03,5.00000e-03
0.00000e+00,9.83422e-01,1.66375e-01,1.00000e+00,1.00000e-12,7.00133e-07,0.00000e+00,7.20000e-01,2.80000e-01,1.41110e-05,0.00000e+00,0.00000e+00,0.00000e+00,0.00000e+00,0.00000e+00,1.38771e-05,0.00000e+00,0.00000e+00,2.33932e-07,0.00000e+00,0.00000e+00,2.50000e-01,0.00000e+00,6.00625e-01,5.06250e-02,4.57883e+03,nan,nan,nan,nan,1,3.47182e+00,3.47182e+00,5.00000e-03,5.00000e-03
0.00000e+00,9.83422e-01,1.66375e-01,1.00000e+00,1.00000e-12,7.00133e-07,0.00000e+00,7.20000e-01,2.80000e-01,1.41110e-05,0.00000e+00,0.00000e+00,0.00000e+00,0.00000e+00,0.00000e+00,1.38771e-05,0.00000e+00,0.00000e+00,2.33932e-07,0.00000e+00,0.00000e+00,2.50000e-01,0.00000e+00,6.00625e-01,5.06250e-02,4.49404e+03,nan,nan,nan,nan,1,3.47549e+00,3.47549e+00,5.00000e-03,5.00000e-03
0.00000e+00,9.83422e-01,1.66375e-01,1.00000e+00,1.00000e-12,7.00133e-07,0.00000e+00,7.20000e-01,2.80000e-01,1.41110e-05,0.00000e+00,0.00000e+00,0.00000e+00,0.00000e+00,0.00000e+00,1.38771e-05,0.00000e+00,0.00000e+00,2.33932e-07,0.00000e+00,0.00000e+00,2.50000e-01,0.00000e+00,6.00625e-01,5.06250e-02,4.40924e+03,nan,nan,nan,nan,1,3.47916e+00,3.47916e+00,5.00000e-03,5.00000e-03
0.00000e+00,9.83422e-01,1.66375e-01,1.00000e+00,1.00000e-12,7.00133e-07,0.00000e+00,7.20000e-01,2.80000e-01,1.41110e-05,0.00000e+00,0.00000e+00,0.00000e+00,0.00000e+00,0.00000e+00,1.38771e-05,0.00000e+00,0.00000e+00,2.33932e-07,0.00000e+00,0.00000e+00,2.50000e-01,0.00000e+00,6.00625e-01,5.06250e-02,4.32444e+03,nan,nan,nan,nan,1,3.48283e+00,3.48283e+00,5.00000e-03,5.00000e-03
0.00000e+00,9.83422e-01,1.66375e-01,1.00000e+00,1.00000e-12,7.00133e-07,0.00000e+00,7.20000e-01,2.80000e-01,1.41110e-05,0.00000e+00,0.00000e+00,0.00000e+00,0.00000e+00,0.00000e+00,1.38771e-05,0.00000e+00,0.00000e+00,2.33932e-07,0.00000e+00,0.00000e+00,2.50000e-01,0.00000e+00,6.00625e-01,5.06250e-02,4.23965e+03,nan,nan,nan,nan,1,3.48650e+00,3.48650e+00,5.00000e-03,5.00000e-03
0.00000e+00,9.83422e-01,1.66375e-01,1.00000e+00,1.00000e-12,7.00133e-07,0.00000e+00,7.20000e-01,2.80000e-01,1.41110e-05,0.00000e+00,0.00000e+00,0.00000e+00,0.00000e+00,0.00000e+00,1.38771e-05,0.00000e+00,0.00000e+00,2.33932e-07,0.00000e+00,0.00000e+00,2.50000e-01,0.00000e+00,6.00625e-01,5.06250e-02,4.15486e+03,nan,nan,nan,nan,1,3.49017e+00,3.49017e+00,5.00000e-03,5.00000e-03
0.00000e+00,9.83422e-01,1.66375e-01,1.00000e+00,1.00000e-12,7.00133e-07,0.00000e+00,7.20000e-01,2.80000e-01,1.41110e-05,0.00000e+00,0.00000e+00,0.00000e+00,0.00000e+00,0.00000e+00,1.38771e-05,0.00000e+00,0.00000e+00,2.33932e-07,0.00000e+00,0.00000e+00,2.50000e-01,0.00000e+00,6.00625e-01,5.06250e-02,4.07006e+03,nan,nan,nan,nan,1,3.49384e+00,3.49384e+00,5.00000e-03,5.00000e-03
0.00000e+00,9.83422e-01,1.66375e-01,1.00000e+00,1.00000e-12,7.00133e-07,0.00000e+00,7.20000e-01,2.80000e-01,1.41110e-05,0.00000e+00,0.00000e+00,0.00000e+00,0.00000e+00,0.00000e+00,1.38771e-05,0.00000e+00,0.00000e+00,2.33932e-07,0.00000e+00,0.00000e+00,2.50000e-01,0.00000e+00,6.00625e-01,5.06250e-02,3.98527e+03,nan,nan,nan,nan,1,3.49751e+00,3.49751e+00,5.00000e-03,5.00000e-03
0.00000e+00,9.83422e-01,1.66375e-01,1.00000e+00,1.00000e-12,7.00133e-07,0.00000e+00,7.20000e-01,2.80000e-01,1.41110e-05,0.00000e+00,0.00000e+00,0.00000e+00,0.00000e+00,0.00000e+00,1.38771e-05,0.00000e+00,0.00000e+00,2.33932e-07,0.00000e+00,0.00000e+00,2.50000e-01,0.00000e+00,6.00625e-01,5.06250e-02,3.90047e+03,nan,nan,nan,nan,1,3.50118e+00,3.50118e+00,5.00000e-03,5.00000e-03
0.00000e+00,9.83422e-01,1.66375e-01,1.00000e+00,1.00000e-12,7.00133e-07,0.00000e+00,7.20000e-01,2.80000e-01,1.41110e-05,0.00000e+00,0.00000e+00,0.00000e+00,0.00000e+00,0.00000e+00,1.38771e-05,0.00000e+00,0.00000e+00,2.33932e-07,0.00000e+00,0.00000e+00,2.50000e-01,0.00000e+00,6.00625e-01,5.06250e-02,3.81568e+03,nan,nan,nan,nan,1,3.50485e+00,3.50485e+00,5.00000e-03,5.00000e-03
0.00000e+00,9.83422e-01,1.66375e-01,1.00000e+00,1.00000e-12,7.00133e-07,0.00000e+00,7.20000e-01,2.80000e-01,1.41110e-05,0.00000e+00,0.00000e+00,0.00000e+00,0.00000e+00,0.00000e+00,1.38771e-05,0.00000e+00,0.00000e+00,2.33932e-07,0.00000e+00,0.00000e+00,2.50000e-01,0.00000e+00,6.00625e-01,5.06250e-02,3.73089e+03,nan,nan,nan,nan,1,3.50852e+00,3.50852e+00,5.00000e-03,5.00000e-03
0.00000e+00,9.83422e-01,1.66375e-01,1.00000e+00,1.00000e-12,7.00133e-07,0.00000e+00,7.20000e-01,2.80000e-01,1.41110e-05,0.00000e+00,0.00000e+00,0.00000e+00,0.00000e+00,0.00000e+00,1.38771e-05,0.00000e+00,0.00000e+00,2.33932e-07,0.00000e+00,0.00000e+00,2.50000e-01,0.00000e+00,6.00625e-01,5.06250e-02,3.64610e+03,nan,nan,nan,nan,1,3.51219e+00,3.51219e+00,5.00000e-03,5.00000e-03
0.00000e+00,9.83422e-01,1.66375e-01,1.00000e+00,1.00000e-12,7.00133e-07,0.00000e+00,7.20000e-01,2.80000e-01,1.41110e-05,0.00000e+00,0.00000e+00,0.00000e+00,0.00000e+00,0.00000e+00,1.38771e-05,0.00000e+00,0.00000e+00,2.33932e-07,0.00000e+00,0.00000e+00,2.50000e-01,0.00000e+00,6.00625e-01,5.06250e-02,3.56131e+03,nan,nan,nan,nan,1,3.51586e+00,3.51586e+00,5.00000e-03,5.00000e-03
0.00000e+00,9.83422e-01,1.66375e-01,1.00000e+00,1.00000e-12,7.00133e-07,0.00000e+00,7.20000e-01,2.80000e-01,1.41110e-05,0.00000e+00,0.00000e+00,0.00000e+00,0.00000e+00,0.00000e+00,1.38771e-05,0.00000e+00,0.00000e+00,2.33932e-07,0.00000e+00,0.00000e+00,2.50000e-01,0.00000e+00,6.00625e-01,5.06250e-02,3.47651e+03,nan,nan,nan,nan,1,3.51953e+00,3.51953e+00,5.00000e-03,5.00000e-03
0.00000e+00,9.83422e-01,1.66375e-01,1.00000e+00,1.00000e-12,7.00133e-07,0.00000e+00,7.20000e-01,2.80000e-01,1.41110e-05,0.00000e+00,0.00000e+00,0.00000e+00,0.00000e+00,0.00000e+00,1.38771e-05,0.00000e+00,0.00000e+00,2.33932e-07,0.00000e+00,0.00000e+00,2.50000e-01,0.00000e+00,6.00625e-01,5.06250e-02,3.39173e+03,nan,nan,nan,nan,1,3.52320e+00,3.52320e+00,5.00000e-03,5.00000e-03
0.00000e+00,9.83422e-01,1.66375e-01,1.00000e+00,1.00000e-12,7.00133e-07,0.00000e+00,7.20000e-01,2.80000e-01,1.41110e-05,0.00000e+00,0.00000e+00,0.00000e+00,0.00000e+00,0.00000e+00,1.38771e-05,0.00000e+00,0.00000e+00,2.33932e-07,0.00000e+00,0.00000e+00,2.50000e-01,0.00000e+00,6.00625e-01,5.06250e-02,3.30693e+03,nan,nan,nan,nan,1,3.52687e+00,3.52687e+00,5.00000e-03,5.00000e-03
0.00000e+00,9.83422e-01,1.66375e-01,1.00000e+00,1.00000e-12,7.00133e-07,0.00000e+00,7.20000e-01,2.80000e-01,1.41110e-05,0.00000e+00,0.00000e+00,0.00000e+00,0.00000e+00,0.00000e+00,1.38771e-05,0.00000e+00,0.00000e+00,2.33932e-07,0.00000e+00,0.00000e+00,2.50000e-01,0.00000e+00,6.00625e-01,5.06250e-02,3.22214e+03,nan,nan,nan,nan,1,3.53054e+00,3.53054e+00,5.00000e-03,5.00000e-03
0.00000e+00,9.83422e-01,1.66375e-01,1.00000e+00,1.00000e-12,7.00133e-07,0.00000e+00,7.20000e-01,2.80000e-01,1.41110e-05,0.00000e+00,0.00000e+00,0.00000e+00,0.00000e+00,0.00000e+00,1.38771e-05,0.00000e+00,0.00000e+00,2.33932e-07,0.00000e+00,0.00000e+00,2.50000e-01,0.00000e+00,6.00625e-01,5.06250e-02,3.13734e+03,nan,nan,nan,nan,1,3.53421e+00,3.53421e+00,5.00000e-03,5.00000e-03
0.00000e+00,9.83422e-01,1.66375e-01,1.00000e+00,1.00000e-12,7.00133e-07,0.00000e+00,7.20000e-01,2.80000e-01,1.41110e-05,0.00000e+00,0.00000e+00,0.00000e+00,0.00000e+00,0.00000e+00,1.38771e-05,0.00000e+00,0.00000e+00,2.33932e-07,0.00000e+00,0.00000e+00,2.50000e-01,0.00000e+00,6.00625e-01,5.06250e-02,3.05254e+03,nan,nan,nan,nan,1,3.53788e+00,3.53788e+00,5.00000e-03,5.00000e-03
0.00000e+00,9.83422e-01,1.66375e-01,1.00000e+00,1.00000e-12,7.00133e-07,0.00000e+00,7.20000e-01,2.80000e-01,1.41110e-05,0.00000e+00,0.00000e+00,0.00000e+00,0.00000e+00,0.00000e+00,1.38771e-05,0.00000e+00,0.00000e+00,2.33932e-07,0.00000e+00,0.00000e+00,2.50000e-01,0.00000e+00,6.00625e-01,5.06250e-02,2.96775e+03,nan,nan,nan,nan,1,3.54155e+00,3.54155e+00,5.00000e-03,5.00000e-03
0.00000e+00,9.83422e-01,1.66375e-01,1.00000e+00,1.00000e-12,7.00133e-07,0.00000e+00,7.20000e-01,2.80000e-01,1.41110e-05,0.00000e+00,0.00000e+00,0.00000e+00,0.00000e+00,0.00000e+00,1.38771e-05,0.00000e+00,0.00000e+00,2.33932e-07,0.00000e+00,0.00000e+00,2.50000e-01,0.00000e+00,6.00625e-01,5.06250e-02,2.88296e+03,nan,nan,nan,nan,1,3.54522e+00,3.54522e+00,5.00000e-03,5.00000e-03
0.00000e+00,9.83422e-01,1.66375e-01,1.00000e+00,1.00000e-12,7.00133e-07,0.00000e+00,7.20000e-01,2.80000e-01,1.41110e-05,0.00000e+00,0.00000e+00,0.00000e+00,0.00000e+00,0.00000e+00,1.38771e-05,0.00000e+00,0.00000e+00,2.33932e-07,0.00000e+00,0.00000e+00,2.50000e-01,0.00000e+00,6.00625e-01,5.06250e-02,2.79817e+03,nan,nan,nan,nan,1,3.54889e+00,3.54889e+00,5.00000e-03,5.00000e-03
0.00000e+00,9.83422e-01,1.66375e-01,1.00000e+00,1.00000e-12,7.00133e-07,0.00000e+00,7.20000e-01,2.80000e-01,1.41110e-05,0.00000e+00,0.00000e+00,0.00000e+00,0.00000e+00,0.00000e+00,1.38771e-05,0.00000e+00,0.00000e+00,2.33932e-07,0.00000e+00,0.00000e+00,2.50000e-01,0.00000e+00,6.00625e-01,5.06250e-02,2.71338e+03,nan,nan,nan,nan,1,3.55256e+00,3.55256e+00,5.00000e-03,5.00000e-03
0.00000e+00,9.83422e-01,1.66375e-01,1.00000e+00,1.00000e-12,7.00133e-07,0.00000e+00,7.20000e-01,2.80000e-01,1.41110e-05,0.00000e+00,0.00000e+00,0.00000e+00,0.00000e+00,0.00000e+00,1.38771e-05,0.00000e+00,0.00000e+00,2.33932e-07,0.00000e+00,0.00000e+00,2.50000e-01,0.00000e+00,6.00625e-01,5.06250e-02,2.62858e+03,nan,nan,nan,nan,1,3.55623e+00,3.55623e+00,5.00000e-03,5.00000e-03
0.00000e+00,9.83422e-01,1.66375e-01,1.00000e+00,1.00000e-12,7.00133e-07,0.00000e+00,7.20000e-01,2.80000e-01,1.41110e-05,0.00000e+00,0.00000e+00,0.00000e+00,0.00000e+00,0.00000e+00,1.38771e-05,0.00000e+00,0.00000e+00,2.33932e-07,0.00000e+00,0.00000e+00,2.50000e-01,0.00000e+00,6.00625e-01,5.06250e-02,2.54379e+03,nan,nan,nan,nan,1,3.55990e+00,3.55990e+00,5.00000e-03,5.00000e-03
0.00000e+00,9.83422e-01,1.66375e-01,1.00000e+00,1.00000e-12,7.00133e-07,0.00000e+00,7.20000e-01,2.80000e-01,1.41110e-05,0.00000e+00,0.00000e+00,0.00000e+00,0.00000e+00,0.00000e+00,1.38771e-05,0.00000e+00,0.00000e+00,2.33932e-07,0.00000e+00,0.00000e+00,2.50000e-01,0.00000e+00,6.00625e-01,5.06250e-02,2.45900e+03,nan,nan,nan,nan,1,3.56357e+00,3.56357e+00,5.00000e-03,5.00000e-03
0.00000e+00,9.83422e-01,1.66375e-01,1.00000e+00,1.00000e-12,7.00133e-07,0.00000e+00,7.20000e-01,2.80000e-01,1.41110e-05,0.00000e+00,0.00000e+00,0.00000e+00,0.00000e+00,0.00000e+00,1.38771e-05,0.00000e+00,0.00000e+00,2.33932e-07,0.00000e+00,0.00000e+00,2.50000e-01,0.00000e+00,6.00625e-01,5.06250e-02,2.37421e+03,nan,nan,nan,nan,1,3.56724e+00,3.56724e+00,5.00000e-03,5.00000e-03
0.00000e+00,9.83422e-01,1.66375e-01,1.00000e+00,1.00000e-12,7.00133e-07,0.00000e+00,7.20000e-01,2.80000e-01,1.41110e-05,0.00000e+00,0.00000e+00,0.00000e+00,0.00000e+00,0.00000e+00,1.38771e-05,0.00000e+00,0.00000e+00,2.33932e-07,0.00000e+00,0.00000e+00,2.50000e-01,0.00000e+00,6.00625e-01,5.06250e-02,2.28942e+03,nan,nan,nan,nan,1,3.57091e+00,3.57091e+00,5.00000e-03,5.00000e-03
0.00000e+00,9.83422e-01,1.66375e-01,1.00000e+00,1.00000e-12,7.00133e-07,0.00000e+00,7.20000e-01,2.80000e-01,1.41110e-05,0.00000e+00,0.00000e+00,0.00000e+00,0.00000e+00,0.00000e+00,1.38771e-05,0.00000e+00,0.00000e+00,2.33932e-07,0.00000e+00,0.00000e+00,2.50000e-01,0.00000e+00,6.00625e-01,5.06250e-02,2.20461e+03,nan,nan,nan,nan,1,3.57458e+00,3.57458e+00,5.00000e-03,5.00000e-03
0.00000e+00,9.83422e-01,1.66375e-01,1.00000e+00,1.00000e-12,7.00133e-07,0.00000e+00,7.20000e-01,2.80000e-01,1.41110e-05,0.00000e+00,0.00000e+00,0.00000e+00,0.00000e+00,0.00000e+00,1.38771e-05,0.00000e+00,0.00000e+00,2.33932e-07,0.00000e+00,0.00000e+00,2.50000e-01,0.00000e+00,6.00625e-01,5.06250e-02,2.11982e+03,nan,nan,nan,nan,1,3.57825e+00,3.57825e+00,5.00000e-03,5.00000e-03
0.00000e+00,9.83422e-01,1.66375e-01,1.00000e+00,1.00000e-12,7.00133e-07,0.00000e+00,7.20000e-01,2.80000e-01,1.41110e-05,0.00000e+00,0.00000e+00,0.00000e+00,0.00000e+00,0.00000e+00,1.38771e-05,0.00000e+00,0.00000e+00,2.33932e-07,0.00000e+00,0.00000e+00,2.50000e-01,0.00000e+00,6.00625e-01,5.06250e-02,2.03503e+03,nan,nan,nan,nan,1,3.58192e+00,3.58192e+00,5.00000e-03,5.00000e-03
0.00000e+00,9.83422e-01,1.66375e-01,1.00000e+00,1.00000e-12,7.00133e-07,0.00000e+00,7.20000e-01,2.80000e-01,1.41110e-05,0.00000e+00,0.00000e+00,0.00000e+00,0.00000e+00,0.00000e+00,1.38771e-05,0.00000e+00,0.00000e+00,2.33932e-07,0.00000e+00,0.00000e+00,2.50000e-01,0.00000e+00,6.00625e-01,5.06250e-02,1.95023e+03,nan,nan,nan,nan,1,3.58559e+00,3.58559e+00,5.00000e-03,5.00000e-03
0.00000e+00,9.83422e-01,1.66375e-01,1.00000e+00,1.00000e-12,7.00133e-07,0.00000e+00,7.20000e-01,2.80000e-01,1.41110e-05,0.00000e+00,0.00000e+00,0.00000e+00,0.00000e+00,0.00000e+00,1.38771e-05,0.00000e+00,0.00000e+00,2.33932e-07,0.00000e+00,0.00000e+00,2.50000e-01,0.00000e+00,6.00625e-01,5.06250e-02,1.86544e+03,nan,nan,nan,nan,1,3.58926e+00,3.58926e+00,5.00000e-03,5.00000e-03
0.00000e+00,9.83422e-01,1.66375e-01,1.00000e+00,1.00000e-12,7.00133e-07,0.00000e+00,7.20000e-01,2.80000e-01,1.41110e-05,0.00000e+00,0.00000e+00,0.00000e+00,0.00000e+00,0.00000e+00,1.38771e-05,0.00000e+00,0.00000e+00,2.33932e-07,0.00000e+00,0.00000e+00,2.50000e-01,0.00000e+00,6.00625e-01,5.06250e-02,1.78066e+03,nan,nan,nan,nan,1,3.59293e+00,3.59293e+00,5.00000e-03,5.00000e-03
0.00000e+00,9.83422e-01,1.66375e-01,1.00000e+00,1.00000e-12,7.00133e-07,0.00000e+00,7.20000e-01,2.80000e-01,1.41110e-05,0.00000e+00,0.00000e+00,0.00000e+00,0.00000e+00,0.00000e+00,1.38771e-05,0.00000e+00,0.00000e+00,2.33932e-07,0.00000e+00,0.00000e+00,2.50000e-01,0.00000e+00,6.00625e-01,5.06250e-02,1.69586e+03,nan,nan,nan,nan,1,3.59660e+00,3.59660e+00,5.00000e-03,5.00000e-03
0.00000e+00,9.83422e-01,1.66375e-01,1.00000e+00,1.00000e-12,7.00133e-07,0.00000e+00,7.20000e-01,2.80000e-01,1.41110e-05,0.00000e+00,0.00000e+00,0.00000e+00,0.00000e+00,0.00000e+00,1.38771e-05,0.00000e+00,0.00000e+00,2.33932e-07,0.00000e+00,0.00000e+00,2.50000e-01,0.00000e+00,6.00625e-01,5.06250e-02,1.61106e+03,nan,nan,nan,nan,1,3.60027e+00,3.60027e+00,5.00000e-03,5.00000e-03
0.00000e+00,9.83422e-01,1.66375e-01,1.00000e+00,1.00000e-12,7.00133e-07,0.00000e+00,7.20000e-01,2.80000e-01,1.41110e-05,0.00000e+00,0.00000e+00,0.00000e+00,0.00000e+00,0.00000e+00,1.38771e-05,0.00000e+00,0.00000e+00,2.33932e-07,0.00000e+00,0.00000e+00,2.50000e-01,0.00000e+00,6.00625e-01,5.06250e-02,1.52628e+03,nan,nan,nan,nan,1,3.60394e+00,3.60394e+00,5.00000e-03,5.00000e-03
0.00000e+00,9.83422e-01,1.66375e-01,1.00000e+00,1.00000e-12,7.00133e-07,0.00000e+00,7.20000e-01,2.80000e-01,1.41110e-05,0.00000e+00,0.00000e+00,0.00000e+00,0.00000e+00,0.00000e+00,1.38771e-05,0.00000e+00,0.00000e+00,2.33932e-07,0.00000e+00,0.00000e+00,2.50000e-01,0.00000e+00,6.00625e-01,5.06250e-02,1.44148e+03,nan,nan,nan,nan,1,3.60761e+00,3.60761e+00,5.00000e-03,5.00000e-03
0.00000e+00,9.83422e-01,1.66375e-01,1.00000e+00,1.00000e-12,7.00133e-07,0.00000e+00,7.20000e-01,2.80000e-01,1.41110e-05,0.00000e+00,0.00000e+00,0.00000e+00,0.00000e+00,0.00000e+00,1.38771e-05,0.00000e+00,0.00000e+00,2.33932e-07,0.00000e+00,0.00000e+00,2.50000e-01,0.00000e+00,6.00625e-01,5.06250e-02,1.35669e+03,nan,nan,nan,nan,1,3.61128e+00,3.61128e+00,5.00000e-03,5.00000e-03
0.00000e+00,9.83422e-01,1.66375e-01,1.00000e+00,1.00000e-12,7.00133e-07,0.00000e+00,7.20000e-01,2.80000e-01,1.41110e-05,0.00000e+00,0.00000e+00,0.00000e+00,0.00000e+00,0.00000e+00,1.38771e-05,0.00000e+00,0.00000e+00,2.33932e-07,0.00000e+00,0.00000e+00,2.50000e-01,0.00000e+00,6.00625e-01,5.06250e-02,1.27189e+03,nan,nan,nan,nan,1,3.61495e+00,3.61495e+00,5.00000e-03,5.00000e-03
0.00000e+00,9.83422e-01,1.66375e-01,1.00000e+00,1.00000e-12,7.00133e-07,0.00000e+00,7.20000e-01,2.80000e-01,1.41110e-05,0.00000e+00,0.00000e+00,0.00000e+00,0.00000e+00,0.00000e+00,1.38771e-05,0.00000e+00,0.00000e+00,2.33932e-07,0.00000e+00,0.00000e+00,2.50000e-01,0.00000e+00,6.00625e-01,5.06250e-02,1.18710e+03,nan,nan,nan,nan,1,3.61862e+00,3.61862e+00,5.00000e-03,5.00000e-03
0.00000e+00,9.83422e-01,1.66375e-01,1.00000e+00,1.00000e-12,7.00133e-07,0.00000e+00,7.20000e-01,2.80000e-01,1.41110e-05,0.00000e+00,0.00000e+00,0.00000e+00,0.00000e+00,0.00000e+00,1.38771e-05,0.00000e+00,0.00000e+00,2.33932e-07,0.00000e+00,0.00000e+00,2.50000e-01,0.00000e+00,6.00625e-01,5.06250e-02,1.10230e+03,nan,nan,nan,nan,1,3.62229e+00,3.62229e+00,5.00000e-03,5.00000e-03
0.00000e+00,9.83422e-01,1.66375e-01,1.00000e+00,1.00000e-12,7.00133e-07,0.00000e+00,7.20000e-01,2.80000e-01,1.41110e-05,0.00000e+00,0.00000e+00,0.00000e+00,0.00000e+00,0.00000e+00,1.38771e-05,0.00000e+00,0.00000e+00,2.33932e-07,0.00000e+00,0.00000e+00,2.50000e-01,0.00000e+00,6.00625e-01,5.06250e-02,1.01752e+03,nan,nan,nan,nan,1,3.62596e+00,3.62596e+00,5.00000e-03,5.00000e-03
0.00000e+00,9.83422e-01,1.66375e-01,1.00000e+00,1.00000e-12,7.00133e-07,0.00000e+00,7.20000e-01,2.80000e-01,1.41110e-05,0.00000e+00,0.00000e+00,0.00000e+00,0.00000e+00,0.00000e+00,1.38771e-05,0.00000e+00,0.00000e+00,2.33932e-07,0.00000e+00,0.00000e+00,2.50000e-01,0.00000e+00,6.00625e-01,5.06250e-02,9.32724e+02,nan,nan,nan,nan,1,3.62963e+00,3.62963e+00,5.00000e-03,5.00000e-03
0.00000e+00,9.83422e-01,1.66375e-01,1.00000e+00,1.00000e-12,7.00133e-07,0.00000e+00,7.20000e-01,2.80000e-01,1.41110e-05,0.00000e+00,0.00000e+00,0.00000e+00,0.00000e+00,0.00000e+00,1.38771e-05,0.00000e+00,0.00000e+00,2.33932e-07,0.00000e+00,0.00000e+00,2.50000e-01,0.00000e+00,6.00625e-01,5.06250e-02,8.47930e+02,nan,nan,nan,nan,1,3.63330e+00,3.63330e+00,5.00000e-03,5.00000e-03
0.00000e+00,9.83422e-01,1.66375e-01,1.00000e+00,1.00000e-12,7.00133e-07,0.00000e+00,7.20000e-01,2.80000e-01,1.41110e-05,0.00000e+00,0.00000e+00,0.00000e+00,0.00000e+00,0.00000e+00,1.38771e-05,0.00000e+00,0.00000e+00,2.33932e-07,0.00000e+00,0.00000e+00,2.50000e-01,0.00000e+00,6.00625e-01,5.06250e-02,7.63138e+02,nan,nan,nan,nan,1,3.63697e+00,3.63697e+00,5.00000e-03,5.00000e-03
0.00000e+00,9.83422e-01,1.66375e-01,1.00000e+00,1.00000e-12,7.00133e-07,0.00000e+00,7.20000e-01,2.80000e-01,1.41110e-05,0.00000e+00,0.00000e+00,0.00000e+00,0.00000e+00,0.00000e+00,1.38771e-05,0.00000e+00,0.00000e+00,2.33932e-07,0.00000e+00,0.00000e+00,2.50000e-01,0.00000e+00,6.00625e-01,5.06250e-02,6.78344e+02,nan,nan,nan,nan,1,3.64064e+00,3.64064e+00,5.00000e-03,5.00000e-03
0.00000e+00,9.83422e-01,1.66375e-01,1.00000e+00,1.00000e-12,7.00133e-07,0.00000e+00,7.20000e-01,2.80000e-01,1.41110e-05,0.00000e+00,0.00000e+00,0.00000e+00,0.00000e+00,0.00000e+00,1.38771e-05,0.00000e+00,0.00000e+00,2.33932e-07,0.00000e+00,0.00000e+00,2.50000e-01,0.00000e+00,6.00625e-01,5.06250e-02,5.93552e+02,nan,nan,nan,nan,1,3.64431e+00,3.64431e+00,5.00000e-03,5.00000e-03
0.00000e+00,9.83422e-01,1.66375e-01,1.00000e+00,1.00000e-12,7.00133e-07,0.00000e+00,7.20000e-01,2.80000e-01,1.41110e-05,0.00000e+00,0.00000e+00,0.00000e+00,0.00000e+00,0.00000e+00,1.38771e-05,0.00000e+00,0.00000e+00,2.33932e-07,0.00000e+00,0.00000e+00,2.50000e-01,0.00000e+00,6.00625e-01,5.06250e-02,5.08759e+02,nan,nan,nan,nan,1,3.64798e+00,3.64798e+00,5.00000e-03,5.00000e-03
0.00000e+00,9.83422e-01,1.66375e-01,1.00000e+00,1.00000e-12,7.00133e-07,0.00000e+00,7.20000e-01,2.80000e-01,1.41110e-05,0.00000e+00,0.00000e+00,0.00000e+00,0.00000e+00,0.00000e+00,1.38771e-05,0.00000e+00,0.00000e+00,2.33932e-07,0.00000e+00,0.00000e+00,2.50000e-01,0.00000e+00,6.00625e-01,5.06250e-02,4.23960e+02,nan,nan,nan,nan,1,3.65165e+00,3.65165e+00,5.00000e-03,5.00000e-03
0.00000e+00,9.83422e-01,1.66375e-01,1.00000e+00,1.00000e-12,7.00133e-07,0.00000e+00,7.20000e-01,2.80000e-01,1.41110e-05,0.00000e+00,0.00000e+00,0.00000e+00,0.00000e+00,0.00000e+00,1.38771e-05,0.00000e+00,0.00000e+00,2.33932e-07,0.00000e+00,0.00000e+00,2.50000e-01,0.00000e+00,6.00625e-01,5.06250e-02,3.39167e+02,nan,nan,nan,nan,1,3.65532e+00,3.65532e+00,5.00000e-03,5.00000e-03
0.00000e+00,9.83422e-01,1.66375e-01,1.00000e+00,1.00000e-12,7.00133e-07,0.00000e+00,7.20000e-01,2.80000e-01,1.41110e-05,0.00000e+00,0.00000e+00,0.00000e+00,0.00000e+00,0.00000e+00,1.38771e-05,0.00000e+00,0.00000e+00,2.33932e-07,0.00000e+00,0.00000e+00,2.50000e-01,0.00000e+00,6.00625e-01,5.06250e-02,2.54374e+02,nan,nan,nan,nan,1,3.65899e+00,3.65899e+00,5.00000e-03,5.00000e-03
0.00000e+00,9.83422e-01,1.66375e-01,1.00000e+00,1.00000e-12,7.00133e-07,0.00000e+00,7.20000e-01,2.80000e-01,1.41110e-05,0.00000e+00,0.00000e+00,0.00000e+00,0.00000e+00,0.00000e+00,1.38771e-05,0.00000e+00,0.00000e+00,2.33932e-07,0.00000e+00,0.00000e+00,2.50000e-01,0.00000e+00,6.00625e-01,5.06250e-02,1.69581e+02,nan,nan,nan,nan,1,3.66266e+00,3.66266e+00,5.00000e-03,5.00000e-03
0.00000e+00,9.83422e-01,1.66375e-01,1.00000e+00,1.00000e-12,7.00133e-07,0.00000e+00,7.20000e-01,2.80000e-01,1.41110e-05,0.00000e+00,0.00000e+00,0.00000e+00,0.00000e+00,0.00000e+00,1.38771e-05,0.00000e+00,0.00000e+00,2.33932e-07,0.00000e+00,0.00000e+00,2.50000e-01,0.00000e+00,6.00625e-01,5.06250e-02,8.47933e+01,nan,nan,nan,nan,1,3.66633e+00,3.66633e+00,5.00000e-03,5.00000e-03
0.00000e+00,9.83422e-01,0.00000e+00,1.00000e-12,1.00000e-12,7.00133e-07,0.00000e+00,7.20000e-01,2.80000e-01,1.41110e-05,0.00000e+00,0.00000e+00,0.00000e+00,0.00000e+00,0.00000e+00,1.38771e-05,0.00000e+00,0.00000e+00,2.33932e-07,0.00000e+00,0.00000e+00,2.50000e-01,0.00000e+00,6.00625e-01,5.06250e-02,0.00000e+00,1.41110e-09,0.00000e+00,1.38771e-09,2.33932e-11,1,3.67000e+00,3.67000e+00,5.00000e-03,5.00000e-03
