/*--------------------------------*- C++ -*----------------------------------*\
  =========                 |
  \\      /  F ield         | OpenFOAM: The Open Source CFD Toolbox
   \\    /   O peration     | Website:  https://openfoam.org
    \\  /    A nd           | Version:  9
     \\/     M anipulation  |
\*---------------------------------------------------------------------------*/
FoamFile
{
    format      ascii;
    class       vectorField;
    location    "constant/polyMesh";
    object      points;
}
// * * * * * * * * * * * * * * * * * * * * * * * * * * * * * * * * * * * * * //


26962
(
(0 0 0)
(0.004545454545 0 0)
(0.009090909091 0 0)
(0.01363636364 0 0)
(0.01818181818 0 0)
(0.02272727273 0 0)
(0.02727272727 0 0)
(0.03181818182 0 0)
(0.03636363636 0 0)
(0.04090909091 0 0)
(0.04545454545 0 0)
(0.05 0 0)
(0.05454545455 0 0)
(0.05909090909 0 0)
(0.06363636364 0 0)
(0.06818181818 0 0)
(0.07272727273 0 0)
(0.07727272727 0 0)
(0.08181818182 0 0)
(0.08636363636 0 0)
(0.09090909091 0 0)
(0.09545454545 0 0)
(0.1 0 0)
(0.1045454545 0 0)
(0.1090909091 0 0)
(0.1136363636 0 0)
(0.1181818182 0 0)
(0.1227272727 0 0)
(0.1272727273 0 0)
(0.1318181818 0 0)
(0.1363636364 0 0)
(0.1409090909 0 0)
(0.1454545455 0 0)
(0.15 0 0)
(0.1545454545 0 0)
(0.1590909091 0 0)
(0.1636363636 0 0)
(0.1681818182 0 0)
(0.1727272727 0 0)
(0.1772727273 0 0)
(0.1818181818 0 0)
(0.1863636364 0 0)
(0.1909090909 0 0)
(0.1954545455 0 0)
(0.2 0 0)
(0.2045454545 0 0)
(0.2090909091 0 0)
(0.2136363636 0 0)
(0.2181818182 0 0)
(0.2227272727 0 0)
(0.2272727273 0 0)
(0.2318181818 0 0)
(0.2363636364 0 0)
(0.2409090909 0 0)
(0.2454545455 0 0)
(0.25 0 0)
(0.2545454545 0 0)
(0.2590909091 0 0)
(0.2636363636 0 0)
(0.2681818182 0 0)
(0.2727272727 0 0)
(0.2772727273 0 0)
(0.2818181818 0 0)
(0.2863636364 0 0)
(0.2909090909 0 0)
(0.2954545455 0 0)
(0.3 0 0)
(0.3045454545 0 0)
(0.3090909091 0 0)
(0.3136363636 0 0)
(0.3181818182 0 0)
(0.3227272727 0 0)
(0.3272727273 0 0)
(0.3318181818 0 0)
(0.3363636364 0 0)
(0.3409090909 0 0)
(0.3454545455 0 0)
(0.35 0 0)
(0.3545454545 0 0)
(0.3590909091 0 0)
(0.3636363636 0 0)
(0.3681818182 0 0)
(0.3727272727 0 0)
(0.3772727273 0 0)
(0.3818181818 0 0)
(0.3863636364 0 0)
(0.3909090909 0 0)
(0.3954545455 0 0)
(0.4 0 0)
(0.4045454545 0 0)
(0.4090909091 0 0)
(0.4136363636 0 0)
(0.4181818182 0 0)
(0.4227272727 0 0)
(0.4272727273 0 0)
(0.4318181818 0 0)
(0.4363636364 0 0)
(0.4409090909 0 0)
(0.4454545455 0 0)
(0.45 0 0)
(0.4545454545 0 0)
(0.4590909091 0 0)
(0.4636363636 0 0)
(0.4681818182 0 0)
(0.4727272727 0 0)
(0.4772727273 0 0)
(0.4818181818 0 0)
(0.4863636364 0 0)
(0.4909090909 0 0)
(0.4954545455 0 0)
(0.5 0 0)
(0.5045454545 0 0)
(0.5090909091 0 0)
(0.5136363636 0 0)
(0.5181818182 0 0)
(0.5227272727 0 0)
(0.5272727273 0 0)
(0.5318181818 0 0)
(0.5363636364 0 0)
(0.5409090909 0 0)
(0.5454545455 0 0)
(0.55 0 0)
(0.5545454545 0 0)
(0.5590909091 0 0)
(0.5636363636 0 0)
(0.5681818182 0 0)
(0.5727272727 0 0)
(0.5772727273 0 0)
(0.5818181818 0 0)
(0.5863636364 0 0)
(0.5909090909 0 0)
(0.5954545455 0 0)
(0.6 0 0)
(0.6045454545 0 0)
(0.6090909091 0 0)
(0.6136363636 0 0)
(0.6181818182 0 0)
(0.6227272727 0 0)
(0.6272727273 0 0)
(0.6318181818 0 0)
(0.6363636364 0 0)
(0.6409090909 0 0)
(0.6454545455 0 0)
(0.65 0 0)
(0.6545454545 0 0)
(0.6590909091 0 0)
(0.6636363636 0 0)
(0.6681818182 0 0)
(0.6727272727 0 0)
(0.6772727273 0 0)
(0.6818181818 0 0)
(0.6863636364 0 0)
(0.6909090909 0 0)
(0.6954545455 0 0)
(0.7 0 0)
(0.7045454545 0 0)
(0.7090909091 0 0)
(0.7136363636 0 0)
(0.7181818182 0 0)
(0.7227272727 0 0)
(0.7272727273 0 0)
(0.7318181818 0 0)
(0.7363636364 0 0)
(0.7409090909 0 0)
(0.7454545455 0 0)
(0.75 0 0)
(0.7545454545 0 0)
(0.7590909091 0 0)
(0.7636363636 0 0)
(0.7681818182 0 0)
(0.7727272727 0 0)
(0.7772727273 0 0)
(0.7818181818 0 0)
(0.7863636364 0 0)
(0.7909090909 0 0)
(0.7954545455 0 0)
(0.8 0 0)
(0.8045454545 0 0)
(0.8090909091 0 0)
(0.8136363636 0 0)
(0.8181818182 0 0)
(0.8227272727 0 0)
(0.8272727273 0 0)
(0.8318181818 0 0)
(0.8363636364 0 0)
(0.8409090909 0 0)
(0.8454545455 0 0)
(0.85 0 0)
(0.8545454545 0 0)
(0.8590909091 0 0)
(0.8636363636 0 0)
(0.8681818182 0 0)
(0.8727272727 0 0)
(0.8772727273 0 0)
(0.8818181818 0 0)
(0.8863636364 0 0)
(0.8909090909 0 0)
(0.8954545455 0 0)
(0.9 0 0)
(0.9045454545 0 0)
(0.9090909091 0 0)
(0.9136363636 0 0)
(0.9181818182 0 0)
(0.9227272727 0 0)
(0.9272727273 0 0)
(0.9318181818 0 0)
(0.9363636364 0 0)
(0.9409090909 0 0)
(0.9454545455 0 0)
(0.95 0 0)
(0.9545454545 0 0)
(0.9590909091 0 0)
(0.9636363636 0 0)
(0.9681818182 0 0)
(0.9727272727 0 0)
(0.9772727273 0 0)
(0.9818181818 0 0)
(0.9863636364 0 0)
(0.9909090909 0 0)
(0.9954545455 0 0)
(1 0 0)
(0 0.006666666667 0)
(0.004545454545 0.006666666667 0)
(0.009090909091 0.006666666667 0)
(0.01363636364 0.006666666667 0)
(0.01818181818 0.006666666667 0)
(0.02272727273 0.006666666667 0)
(0.02727272727 0.006666666667 0)
(0.03181818182 0.006666666667 0)
(0.03636363636 0.006666666667 0)
(0.04090909091 0.006666666667 0)
(0.04545454545 0.006666666667 0)
(0.05 0.006666666667 0)
(0.05454545455 0.006666666667 0)
(0.05909090909 0.006666666667 0)
(0.06363636364 0.006666666667 0)
(0.06818181818 0.006666666667 0)
(0.07272727273 0.006666666667 0)
(0.07727272727 0.006666666667 0)
(0.08181818182 0.006666666667 0)
(0.08636363636 0.006666666667 0)
(0.09090909091 0.006666666667 0)
(0.09545454545 0.006666666667 0)
(0.1 0.006666666667 0)
(0.1045454545 0.006666666667 0)
(0.1090909091 0.006666666667 0)
(0.1136363636 0.006666666667 0)
(0.1181818182 0.006666666667 0)
(0.1227272727 0.006666666667 0)
(0.1272727273 0.006666666667 0)
(0.1318181818 0.006666666667 0)
(0.1363636364 0.006666666667 0)
(0.1409090909 0.006666666667 0)
(0.1454545455 0.006666666667 0)
(0.15 0.006666666667 0)
(0.1545454545 0.006666666667 0)
(0.1590909091 0.006666666667 0)
(0.1636363636 0.006666666667 0)
(0.1681818182 0.006666666667 0)
(0.1727272727 0.006666666667 0)
(0.1772727273 0.006666666667 0)
(0.1818181818 0.006666666667 0)
(0.1863636364 0.006666666667 0)
(0.1909090909 0.006666666667 0)
(0.1954545455 0.006666666667 0)
(0.2 0.006666666667 0)
(0.2045454545 0.006666666667 0)
(0.2090909091 0.006666666667 0)
(0.2136363636 0.006666666667 0)
(0.2181818182 0.006666666667 0)
(0.2227272727 0.006666666667 0)
(0.2272727273 0.006666666667 0)
(0.2318181818 0.006666666667 0)
(0.2363636364 0.006666666667 0)
(0.2409090909 0.006666666667 0)
(0.2454545455 0.006666666667 0)
(0.25 0.006666666667 0)
(0.2545454545 0.006666666667 0)
(0.2590909091 0.006666666667 0)
(0.2636363636 0.006666666667 0)
(0.2681818182 0.006666666667 0)
(0.2727272727 0.006666666667 0)
(0.2772727273 0.006666666667 0)
(0.2818181818 0.006666666667 0)
(0.2863636364 0.006666666667 0)
(0.2909090909 0.006666666667 0)
(0.2954545455 0.006666666667 0)
(0.3 0.006666666667 0)
(0.3045454545 0.006666666667 0)
(0.3090909091 0.006666666667 0)
(0.3136363636 0.006666666667 0)
(0.3181818182 0.006666666667 0)
(0.3227272727 0.006666666667 0)
(0.3272727273 0.006666666667 0)
(0.3318181818 0.006666666667 0)
(0.3363636364 0.006666666667 0)
(0.3409090909 0.006666666667 0)
(0.3454545455 0.006666666667 0)
(0.35 0.006666666667 0)
(0.3545454545 0.006666666667 0)
(0.3590909091 0.006666666667 0)
(0.3636363636 0.006666666667 0)
(0.3681818182 0.006666666667 0)
(0.3727272727 0.006666666667 0)
(0.3772727273 0.006666666667 0)
(0.3818181818 0.006666666667 0)
(0.3863636364 0.006666666667 0)
(0.3909090909 0.006666666667 0)
(0.3954545455 0.006666666667 0)
(0.4 0.006666666667 0)
(0.4045454545 0.006666666667 0)
(0.4090909091 0.006666666667 0)
(0.4136363636 0.006666666667 0)
(0.4181818182 0.006666666667 0)
(0.4227272727 0.006666666667 0)
(0.4272727273 0.006666666667 0)
(0.4318181818 0.006666666667 0)
(0.4363636364 0.006666666667 0)
(0.4409090909 0.006666666667 0)
(0.4454545455 0.006666666667 0)
(0.45 0.006666666667 0)
(0.4545454545 0.006666666667 0)
(0.4590909091 0.006666666667 0)
(0.4636363636 0.006666666667 0)
(0.4681818182 0.006666666667 0)
(0.4727272727 0.006666666667 0)
(0.4772727273 0.006666666667 0)
(0.4818181818 0.006666666667 0)
(0.4863636364 0.006666666667 0)
(0.4909090909 0.006666666667 0)
(0.4954545455 0.006666666667 0)
(0.5 0.006666666667 0)
(0.5045454545 0.006666666667 0)
(0.5090909091 0.006666666667 0)
(0.5136363636 0.006666666667 0)
(0.5181818182 0.006666666667 0)
(0.5227272727 0.006666666667 0)
(0.5272727273 0.006666666667 0)
(0.5318181818 0.006666666667 0)
(0.5363636364 0.006666666667 0)
(0.5409090909 0.006666666667 0)
(0.5454545455 0.006666666667 0)
(0.55 0.006666666667 0)
(0.5545454545 0.006666666667 0)
(0.5590909091 0.006666666667 0)
(0.5636363636 0.006666666667 0)
(0.5681818182 0.006666666667 0)
(0.5727272727 0.006666666667 0)
(0.5772727273 0.006666666667 0)
(0.5818181818 0.006666666667 0)
(0.5863636364 0.006666666667 0)
(0.5909090909 0.006666666667 0)
(0.5954545455 0.006666666667 0)
(0.6 0.006666666667 0)
(0.6045454545 0.006666666667 0)
(0.6090909091 0.006666666667 0)
(0.6136363636 0.006666666667 0)
(0.6181818182 0.006666666667 0)
(0.6227272727 0.006666666667 0)
(0.6272727273 0.006666666667 0)
(0.6318181818 0.006666666667 0)
(0.6363636364 0.006666666667 0)
(0.6409090909 0.006666666667 0)
(0.6454545455 0.006666666667 0)
(0.65 0.006666666667 0)
(0.6545454545 0.006666666667 0)
(0.6590909091 0.006666666667 0)
(0.6636363636 0.006666666667 0)
(0.6681818182 0.006666666667 0)
(0.6727272727 0.006666666667 0)
(0.6772727273 0.006666666667 0)
(0.6818181818 0.006666666667 0)
(0.6863636364 0.006666666667 0)
(0.6909090909 0.006666666667 0)
(0.6954545455 0.006666666667 0)
(0.7 0.006666666667 0)
(0.7045454545 0.006666666667 0)
(0.7090909091 0.006666666667 0)
(0.7136363636 0.006666666667 0)
(0.7181818182 0.006666666667 0)
(0.7227272727 0.006666666667 0)
(0.7272727273 0.006666666667 0)
(0.7318181818 0.006666666667 0)
(0.7363636364 0.006666666667 0)
(0.7409090909 0.006666666667 0)
(0.7454545455 0.006666666667 0)
(0.75 0.006666666667 0)
(0.7545454545 0.006666666667 0)
(0.7590909091 0.006666666667 0)
(0.7636363636 0.006666666667 0)
(0.7681818182 0.006666666667 0)
(0.7727272727 0.006666666667 0)
(0.7772727273 0.006666666667 0)
(0.7818181818 0.006666666667 0)
(0.7863636364 0.006666666667 0)
(0.7909090909 0.006666666667 0)
(0.7954545455 0.006666666667 0)
(0.8 0.006666666667 0)
(0.8045454545 0.006666666667 0)
(0.8090909091 0.006666666667 0)
(0.8136363636 0.006666666667 0)
(0.8181818182 0.006666666667 0)
(0.8227272727 0.006666666667 0)
(0.8272727273 0.006666666667 0)
(0.8318181818 0.006666666667 0)
(0.8363636364 0.006666666667 0)
(0.8409090909 0.006666666667 0)
(0.8454545455 0.006666666667 0)
(0.85 0.006666666667 0)
(0.8545454545 0.006666666667 0)
(0.8590909091 0.006666666667 0)
(0.8636363636 0.006666666667 0)
(0.8681818182 0.006666666667 0)
(0.8727272727 0.006666666667 0)
(0.8772727273 0.006666666667 0)
(0.8818181818 0.006666666667 0)
(0.8863636364 0.006666666667 0)
(0.8909090909 0.006666666667 0)
(0.8954545455 0.006666666667 0)
(0.9 0.006666666667 0)
(0.9045454545 0.006666666667 0)
(0.9090909091 0.006666666667 0)
(0.9136363636 0.006666666667 0)
(0.9181818182 0.006666666667 0)
(0.9227272727 0.006666666667 0)
(0.9272727273 0.006666666667 0)
(0.9318181818 0.006666666667 0)
(0.9363636364 0.006666666667 0)
(0.9409090909 0.006666666667 0)
(0.9454545455 0.006666666667 0)
(0.95 0.006666666667 0)
(0.9545454545 0.006666666667 0)
(0.9590909091 0.006666666667 0)
(0.9636363636 0.006666666667 0)
(0.9681818182 0.006666666667 0)
(0.9727272727 0.006666666667 0)
(0.9772727273 0.006666666667 0)
(0.9818181818 0.006666666667 0)
(0.9863636364 0.006666666667 0)
(0.9909090909 0.006666666667 0)
(0.9954545455 0.006666666667 0)
(1 0.006666666667 0)
(0 0.01333333333 0)
(0.004545454545 0.01333333333 0)
(0.009090909091 0.01333333333 0)
(0.01363636364 0.01333333333 0)
(0.01818181818 0.01333333333 0)
(0.02272727273 0.01333333333 0)
(0.02727272727 0.01333333333 0)
(0.03181818182 0.01333333333 0)
(0.03636363636 0.01333333333 0)
(0.04090909091 0.01333333333 0)
(0.04545454545 0.01333333333 0)
(0.05 0.01333333333 0)
(0.05454545455 0.01333333333 0)
(0.05909090909 0.01333333333 0)
(0.06363636364 0.01333333333 0)
(0.06818181818 0.01333333333 0)
(0.07272727273 0.01333333333 0)
(0.07727272727 0.01333333333 0)
(0.08181818182 0.01333333333 0)
(0.08636363636 0.01333333333 0)
(0.09090909091 0.01333333333 0)
(0.09545454545 0.01333333333 0)
(0.1 0.01333333333 0)
(0.1045454545 0.01333333333 0)
(0.1090909091 0.01333333333 0)
(0.1136363636 0.01333333333 0)
(0.1181818182 0.01333333333 0)
(0.1227272727 0.01333333333 0)
(0.1272727273 0.01333333333 0)
(0.1318181818 0.01333333333 0)
(0.1363636364 0.01333333333 0)
(0.1409090909 0.01333333333 0)
(0.1454545455 0.01333333333 0)
(0.15 0.01333333333 0)
(0.1545454545 0.01333333333 0)
(0.1590909091 0.01333333333 0)
(0.1636363636 0.01333333333 0)
(0.1681818182 0.01333333333 0)
(0.1727272727 0.01333333333 0)
(0.1772727273 0.01333333333 0)
(0.1818181818 0.01333333333 0)
(0.1863636364 0.01333333333 0)
(0.1909090909 0.01333333333 0)
(0.1954545455 0.01333333333 0)
(0.2 0.01333333333 0)
(0.2045454545 0.01333333333 0)
(0.2090909091 0.01333333333 0)
(0.2136363636 0.01333333333 0)
(0.2181818182 0.01333333333 0)
(0.2227272727 0.01333333333 0)
(0.2272727273 0.01333333333 0)
(0.2318181818 0.01333333333 0)
(0.2363636364 0.01333333333 0)
(0.2409090909 0.01333333333 0)
(0.2454545455 0.01333333333 0)
(0.25 0.01333333333 0)
(0.2545454545 0.01333333333 0)
(0.2590909091 0.01333333333 0)
(0.2636363636 0.01333333333 0)
(0.2681818182 0.01333333333 0)
(0.2727272727 0.01333333333 0)
(0.2772727273 0.01333333333 0)
(0.2818181818 0.01333333333 0)
(0.2863636364 0.01333333333 0)
(0.2909090909 0.01333333333 0)
(0.2954545455 0.01333333333 0)
(0.3 0.01333333333 0)
(0.3045454545 0.01333333333 0)
(0.3090909091 0.01333333333 0)
(0.3136363636 0.01333333333 0)
(0.3181818182 0.01333333333 0)
(0.3227272727 0.01333333333 0)
(0.3272727273 0.01333333333 0)
(0.3318181818 0.01333333333 0)
(0.3363636364 0.01333333333 0)
(0.3409090909 0.01333333333 0)
(0.3454545455 0.01333333333 0)
(0.35 0.01333333333 0)
(0.3545454545 0.01333333333 0)
(0.3590909091 0.01333333333 0)
(0.3636363636 0.01333333333 0)
(0.3681818182 0.01333333333 0)
(0.3727272727 0.01333333333 0)
(0.3772727273 0.01333333333 0)
(0.3818181818 0.01333333333 0)
(0.3863636364 0.01333333333 0)
(0.3909090909 0.01333333333 0)
(0.3954545455 0.01333333333 0)
(0.4 0.01333333333 0)
(0.4045454545 0.01333333333 0)
(0.4090909091 0.01333333333 0)
(0.4136363636 0.01333333333 0)
(0.4181818182 0.01333333333 0)
(0.4227272727 0.01333333333 0)
(0.4272727273 0.01333333333 0)
(0.4318181818 0.01333333333 0)
(0.4363636364 0.01333333333 0)
(0.4409090909 0.01333333333 0)
(0.4454545455 0.01333333333 0)
(0.45 0.01333333333 0)
(0.4545454545 0.01333333333 0)
(0.4590909091 0.01333333333 0)
(0.4636363636 0.01333333333 0)
(0.4681818182 0.01333333333 0)
(0.4727272727 0.01333333333 0)
(0.4772727273 0.01333333333 0)
(0.4818181818 0.01333333333 0)
(0.4863636364 0.01333333333 0)
(0.4909090909 0.01333333333 0)
(0.4954545455 0.01333333333 0)
(0.5 0.01333333333 0)
(0.5045454545 0.01333333333 0)
(0.5090909091 0.01333333333 0)
(0.5136363636 0.01333333333 0)
(0.5181818182 0.01333333333 0)
(0.5227272727 0.01333333333 0)
(0.5272727273 0.01333333333 0)
(0.5318181818 0.01333333333 0)
(0.5363636364 0.01333333333 0)
(0.5409090909 0.01333333333 0)
(0.5454545455 0.01333333333 0)
(0.55 0.01333333333 0)
(0.5545454545 0.01333333333 0)
(0.5590909091 0.01333333333 0)
(0.5636363636 0.01333333333 0)
(0.5681818182 0.01333333333 0)
(0.5727272727 0.01333333333 0)
(0.5772727273 0.01333333333 0)
(0.5818181818 0.01333333333 0)
(0.5863636364 0.01333333333 0)
(0.5909090909 0.01333333333 0)
(0.5954545455 0.01333333333 0)
(0.6 0.01333333333 0)
(0.6045454545 0.01333333333 0)
(0.6090909091 0.01333333333 0)
(0.6136363636 0.01333333333 0)
(0.6181818182 0.01333333333 0)
(0.6227272727 0.01333333333 0)
(0.6272727273 0.01333333333 0)
(0.6318181818 0.01333333333 0)
(0.6363636364 0.01333333333 0)
(0.6409090909 0.01333333333 0)
(0.6454545455 0.01333333333 0)
(0.65 0.01333333333 0)
(0.6545454545 0.01333333333 0)
(0.6590909091 0.01333333333 0)
(0.6636363636 0.01333333333 0)
(0.6681818182 0.01333333333 0)
(0.6727272727 0.01333333333 0)
(0.6772727273 0.01333333333 0)
(0.6818181818 0.01333333333 0)
(0.6863636364 0.01333333333 0)
(0.6909090909 0.01333333333 0)
(0.6954545455 0.01333333333 0)
(0.7 0.01333333333 0)
(0.7045454545 0.01333333333 0)
(0.7090909091 0.01333333333 0)
(0.7136363636 0.01333333333 0)
(0.7181818182 0.01333333333 0)
(0.7227272727 0.01333333333 0)
(0.7272727273 0.01333333333 0)
(0.7318181818 0.01333333333 0)
(0.7363636364 0.01333333333 0)
(0.7409090909 0.01333333333 0)
(0.7454545455 0.01333333333 0)
(0.75 0.01333333333 0)
(0.7545454545 0.01333333333 0)
(0.7590909091 0.01333333333 0)
(0.7636363636 0.01333333333 0)
(0.7681818182 0.01333333333 0)
(0.7727272727 0.01333333333 0)
(0.7772727273 0.01333333333 0)
(0.7818181818 0.01333333333 0)
(0.7863636364 0.01333333333 0)
(0.7909090909 0.01333333333 0)
(0.7954545455 0.01333333333 0)
(0.8 0.01333333333 0)
(0.8045454545 0.01333333333 0)
(0.8090909091 0.01333333333 0)
(0.8136363636 0.01333333333 0)
(0.8181818182 0.01333333333 0)
(0.8227272727 0.01333333333 0)
(0.8272727273 0.01333333333 0)
(0.8318181818 0.01333333333 0)
(0.8363636364 0.01333333333 0)
(0.8409090909 0.01333333333 0)
(0.8454545455 0.01333333333 0)
(0.85 0.01333333333 0)
(0.8545454545 0.01333333333 0)
(0.8590909091 0.01333333333 0)
(0.8636363636 0.01333333333 0)
(0.8681818182 0.01333333333 0)
(0.8727272727 0.01333333333 0)
(0.8772727273 0.01333333333 0)
(0.8818181818 0.01333333333 0)
(0.8863636364 0.01333333333 0)
(0.8909090909 0.01333333333 0)
(0.8954545455 0.01333333333 0)
(0.9 0.01333333333 0)
(0.9045454545 0.01333333333 0)
(0.9090909091 0.01333333333 0)
(0.9136363636 0.01333333333 0)
(0.9181818182 0.01333333333 0)
(0.9227272727 0.01333333333 0)
(0.9272727273 0.01333333333 0)
(0.9318181818 0.01333333333 0)
(0.9363636364 0.01333333333 0)
(0.9409090909 0.01333333333 0)
(0.9454545455 0.01333333333 0)
(0.95 0.01333333333 0)
(0.9545454545 0.01333333333 0)
(0.9590909091 0.01333333333 0)
(0.9636363636 0.01333333333 0)
(0.9681818182 0.01333333333 0)
(0.9727272727 0.01333333333 0)
(0.9772727273 0.01333333333 0)
(0.9818181818 0.01333333333 0)
(0.9863636364 0.01333333333 0)
(0.9909090909 0.01333333333 0)
(0.9954545455 0.01333333333 0)
(1 0.01333333333 0)
(0 0.02 0)
(0.004545454545 0.02 0)
(0.009090909091 0.02 0)
(0.01363636364 0.02 0)
(0.01818181818 0.02 0)
(0.02272727273 0.02 0)
(0.02727272727 0.02 0)
(0.03181818182 0.02 0)
(0.03636363636 0.02 0)
(0.04090909091 0.02 0)
(0.04545454545 0.02 0)
(0.05 0.02 0)
(0.05454545455 0.02 0)
(0.05909090909 0.02 0)
(0.06363636364 0.02 0)
(0.06818181818 0.02 0)
(0.07272727273 0.02 0)
(0.07727272727 0.02 0)
(0.08181818182 0.02 0)
(0.08636363636 0.02 0)
(0.09090909091 0.02 0)
(0.09545454545 0.02 0)
(0.1 0.02 0)
(0.1045454545 0.02 0)
(0.1090909091 0.02 0)
(0.1136363636 0.02 0)
(0.1181818182 0.02 0)
(0.1227272727 0.02 0)
(0.1272727273 0.02 0)
(0.1318181818 0.02 0)
(0.1363636364 0.02 0)
(0.1409090909 0.02 0)
(0.1454545455 0.02 0)
(0.15 0.02 0)
(0.1545454545 0.02 0)
(0.1590909091 0.02 0)
(0.1636363636 0.02 0)
(0.1681818182 0.02 0)
(0.1727272727 0.02 0)
(0.1772727273 0.02 0)
(0.1818181818 0.02 0)
(0.1863636364 0.02 0)
(0.1909090909 0.02 0)
(0.1954545455 0.02 0)
(0.2 0.02 0)
(0.2045454545 0.02 0)
(0.2090909091 0.02 0)
(0.2136363636 0.02 0)
(0.2181818182 0.02 0)
(0.2227272727 0.02 0)
(0.2272727273 0.02 0)
(0.2318181818 0.02 0)
(0.2363636364 0.02 0)
(0.2409090909 0.02 0)
(0.2454545455 0.02 0)
(0.25 0.02 0)
(0.2545454545 0.02 0)
(0.2590909091 0.02 0)
(0.2636363636 0.02 0)
(0.2681818182 0.02 0)
(0.2727272727 0.02 0)
(0.2772727273 0.02 0)
(0.2818181818 0.02 0)
(0.2863636364 0.02 0)
(0.2909090909 0.02 0)
(0.2954545455 0.02 0)
(0.3 0.02 0)
(0.3045454545 0.02 0)
(0.3090909091 0.02 0)
(0.3136363636 0.02 0)
(0.3181818182 0.02 0)
(0.3227272727 0.02 0)
(0.3272727273 0.02 0)
(0.3318181818 0.02 0)
(0.3363636364 0.02 0)
(0.3409090909 0.02 0)
(0.3454545455 0.02 0)
(0.35 0.02 0)
(0.3545454545 0.02 0)
(0.3590909091 0.02 0)
(0.3636363636 0.02 0)
(0.3681818182 0.02 0)
(0.3727272727 0.02 0)
(0.3772727273 0.02 0)
(0.3818181818 0.02 0)
(0.3863636364 0.02 0)
(0.3909090909 0.02 0)
(0.3954545455 0.02 0)
(0.4 0.02 0)
(0.4045454545 0.02 0)
(0.4090909091 0.02 0)
(0.4136363636 0.02 0)
(0.4181818182 0.02 0)
(0.4227272727 0.02 0)
(0.4272727273 0.02 0)
(0.4318181818 0.02 0)
(0.4363636364 0.02 0)
(0.4409090909 0.02 0)
(0.4454545455 0.02 0)
(0.45 0.02 0)
(0.4545454545 0.02 0)
(0.4590909091 0.02 0)
(0.4636363636 0.02 0)
(0.4681818182 0.02 0)
(0.4727272727 0.02 0)
(0.4772727273 0.02 0)
(0.4818181818 0.02 0)
(0.4863636364 0.02 0)
(0.4909090909 0.02 0)
(0.4954545455 0.02 0)
(0.5 0.02 0)
(0.5045454545 0.02 0)
(0.5090909091 0.02 0)
(0.5136363636 0.02 0)
(0.5181818182 0.02 0)
(0.5227272727 0.02 0)
(0.5272727273 0.02 0)
(0.5318181818 0.02 0)
(0.5363636364 0.02 0)
(0.5409090909 0.02 0)
(0.5454545455 0.02 0)
(0.55 0.02 0)
(0.5545454545 0.02 0)
(0.5590909091 0.02 0)
(0.5636363636 0.02 0)
(0.5681818182 0.02 0)
(0.5727272727 0.02 0)
(0.5772727273 0.02 0)
(0.5818181818 0.02 0)
(0.5863636364 0.02 0)
(0.5909090909 0.02 0)
(0.5954545455 0.02 0)
(0.6 0.02 0)
(0.6045454545 0.02 0)
(0.6090909091 0.02 0)
(0.6136363636 0.02 0)
(0.6181818182 0.02 0)
(0.6227272727 0.02 0)
(0.6272727273 0.02 0)
(0.6318181818 0.02 0)
(0.6363636364 0.02 0)
(0.6409090909 0.02 0)
(0.6454545455 0.02 0)
(0.65 0.02 0)
(0.6545454545 0.02 0)
(0.6590909091 0.02 0)
(0.6636363636 0.02 0)
(0.6681818182 0.02 0)
(0.6727272727 0.02 0)
(0.6772727273 0.02 0)
(0.6818181818 0.02 0)
(0.6863636364 0.02 0)
(0.6909090909 0.02 0)
(0.6954545455 0.02 0)
(0.7 0.02 0)
(0.7045454545 0.02 0)
(0.7090909091 0.02 0)
(0.7136363636 0.02 0)
(0.7181818182 0.02 0)
(0.7227272727 0.02 0)
(0.7272727273 0.02 0)
(0.7318181818 0.02 0)
(0.7363636364 0.02 0)
(0.7409090909 0.02 0)
(0.7454545455 0.02 0)
(0.75 0.02 0)
(0.7545454545 0.02 0)
(0.7590909091 0.02 0)
(0.7636363636 0.02 0)
(0.7681818182 0.02 0)
(0.7727272727 0.02 0)
(0.7772727273 0.02 0)
(0.7818181818 0.02 0)
(0.7863636364 0.02 0)
(0.7909090909 0.02 0)
(0.7954545455 0.02 0)
(0.8 0.02 0)
(0.8045454545 0.02 0)
(0.8090909091 0.02 0)
(0.8136363636 0.02 0)
(0.8181818182 0.02 0)
(0.8227272727 0.02 0)
(0.8272727273 0.02 0)
(0.8318181818 0.02 0)
(0.8363636364 0.02 0)
(0.8409090909 0.02 0)
(0.8454545455 0.02 0)
(0.85 0.02 0)
(0.8545454545 0.02 0)
(0.8590909091 0.02 0)
(0.8636363636 0.02 0)
(0.8681818182 0.02 0)
(0.8727272727 0.02 0)
(0.8772727273 0.02 0)
(0.8818181818 0.02 0)
(0.8863636364 0.02 0)
(0.8909090909 0.02 0)
(0.8954545455 0.02 0)
(0.9 0.02 0)
(0.9045454545 0.02 0)
(0.9090909091 0.02 0)
(0.9136363636 0.02 0)
(0.9181818182 0.02 0)
(0.9227272727 0.02 0)
(0.9272727273 0.02 0)
(0.9318181818 0.02 0)
(0.9363636364 0.02 0)
(0.9409090909 0.02 0)
(0.9454545455 0.02 0)
(0.95 0.02 0)
(0.9545454545 0.02 0)
(0.9590909091 0.02 0)
(0.9636363636 0.02 0)
(0.9681818182 0.02 0)
(0.9727272727 0.02 0)
(0.9772727273 0.02 0)
(0.9818181818 0.02 0)
(0.9863636364 0.02 0)
(0.9909090909 0.02 0)
(0.9954545455 0.02 0)
(1 0.02 0)
(0 0.02666666667 0)
(0.004545454545 0.02666666667 0)
(0.009090909091 0.02666666667 0)
(0.01363636364 0.02666666667 0)
(0.01818181818 0.02666666667 0)
(0.02272727273 0.02666666667 0)
(0.02727272727 0.02666666667 0)
(0.03181818182 0.02666666667 0)
(0.03636363636 0.02666666667 0)
(0.04090909091 0.02666666667 0)
(0.04545454545 0.02666666667 0)
(0.05 0.02666666667 0)
(0.05454545455 0.02666666667 0)
(0.05909090909 0.02666666667 0)
(0.06363636364 0.02666666667 0)
(0.06818181818 0.02666666667 0)
(0.07272727273 0.02666666667 0)
(0.07727272727 0.02666666667 0)
(0.08181818182 0.02666666667 0)
(0.08636363636 0.02666666667 0)
(0.09090909091 0.02666666667 0)
(0.09545454545 0.02666666667 0)
(0.1 0.02666666667 0)
(0.1045454545 0.02666666667 0)
(0.1090909091 0.02666666667 0)
(0.1136363636 0.02666666667 0)
(0.1181818182 0.02666666667 0)
(0.1227272727 0.02666666667 0)
(0.1272727273 0.02666666667 0)
(0.1318181818 0.02666666667 0)
(0.1363636364 0.02666666667 0)
(0.1409090909 0.02666666667 0)
(0.1454545455 0.02666666667 0)
(0.15 0.02666666667 0)
(0.1545454545 0.02666666667 0)
(0.1590909091 0.02666666667 0)
(0.1636363636 0.02666666667 0)
(0.1681818182 0.02666666667 0)
(0.1727272727 0.02666666667 0)
(0.1772727273 0.02666666667 0)
(0.1818181818 0.02666666667 0)
(0.1863636364 0.02666666667 0)
(0.1909090909 0.02666666667 0)
(0.1954545455 0.02666666667 0)
(0.2 0.02666666667 0)
(0.2045454545 0.02666666667 0)
(0.2090909091 0.02666666667 0)
(0.2136363636 0.02666666667 0)
(0.2181818182 0.02666666667 0)
(0.2227272727 0.02666666667 0)
(0.2272727273 0.02666666667 0)
(0.2318181818 0.02666666667 0)
(0.2363636364 0.02666666667 0)
(0.2409090909 0.02666666667 0)
(0.2454545455 0.02666666667 0)
(0.25 0.02666666667 0)
(0.2545454545 0.02666666667 0)
(0.2590909091 0.02666666667 0)
(0.2636363636 0.02666666667 0)
(0.2681818182 0.02666666667 0)
(0.2727272727 0.02666666667 0)
(0.2772727273 0.02666666667 0)
(0.2818181818 0.02666666667 0)
(0.2863636364 0.02666666667 0)
(0.2909090909 0.02666666667 0)
(0.2954545455 0.02666666667 0)
(0.3 0.02666666667 0)
(0.3045454545 0.02666666667 0)
(0.3090909091 0.02666666667 0)
(0.3136363636 0.02666666667 0)
(0.3181818182 0.02666666667 0)
(0.3227272727 0.02666666667 0)
(0.3272727273 0.02666666667 0)
(0.3318181818 0.02666666667 0)
(0.3363636364 0.02666666667 0)
(0.3409090909 0.02666666667 0)
(0.3454545455 0.02666666667 0)
(0.35 0.02666666667 0)
(0.3545454545 0.02666666667 0)
(0.3590909091 0.02666666667 0)
(0.3636363636 0.02666666667 0)
(0.3681818182 0.02666666667 0)
(0.3727272727 0.02666666667 0)
(0.3772727273 0.02666666667 0)
(0.3818181818 0.02666666667 0)
(0.3863636364 0.02666666667 0)
(0.3909090909 0.02666666667 0)
(0.3954545455 0.02666666667 0)
(0.4 0.02666666667 0)
(0.4045454545 0.02666666667 0)
(0.4090909091 0.02666666667 0)
(0.4136363636 0.02666666667 0)
(0.4181818182 0.02666666667 0)
(0.4227272727 0.02666666667 0)
(0.4272727273 0.02666666667 0)
(0.4318181818 0.02666666667 0)
(0.4363636364 0.02666666667 0)
(0.4409090909 0.02666666667 0)
(0.4454545455 0.02666666667 0)
(0.45 0.02666666667 0)
(0.4545454545 0.02666666667 0)
(0.4590909091 0.02666666667 0)
(0.4636363636 0.02666666667 0)
(0.4681818182 0.02666666667 0)
(0.4727272727 0.02666666667 0)
(0.4772727273 0.02666666667 0)
(0.4818181818 0.02666666667 0)
(0.4863636364 0.02666666667 0)
(0.4909090909 0.02666666667 0)
(0.4954545455 0.02666666667 0)
(0.5 0.02666666667 0)
(0.5045454545 0.02666666667 0)
(0.5090909091 0.02666666667 0)
(0.5136363636 0.02666666667 0)
(0.5181818182 0.02666666667 0)
(0.5227272727 0.02666666667 0)
(0.5272727273 0.02666666667 0)
(0.5318181818 0.02666666667 0)
(0.5363636364 0.02666666667 0)
(0.5409090909 0.02666666667 0)
(0.5454545455 0.02666666667 0)
(0.55 0.02666666667 0)
(0.5545454545 0.02666666667 0)
(0.5590909091 0.02666666667 0)
(0.5636363636 0.02666666667 0)
(0.5681818182 0.02666666667 0)
(0.5727272727 0.02666666667 0)
(0.5772727273 0.02666666667 0)
(0.5818181818 0.02666666667 0)
(0.5863636364 0.02666666667 0)
(0.5909090909 0.02666666667 0)
(0.5954545455 0.02666666667 0)
(0.6 0.02666666667 0)
(0.6045454545 0.02666666667 0)
(0.6090909091 0.02666666667 0)
(0.6136363636 0.02666666667 0)
(0.6181818182 0.02666666667 0)
(0.6227272727 0.02666666667 0)
(0.6272727273 0.02666666667 0)
(0.6318181818 0.02666666667 0)
(0.6363636364 0.02666666667 0)
(0.6409090909 0.02666666667 0)
(0.6454545455 0.02666666667 0)
(0.65 0.02666666667 0)
(0.6545454545 0.02666666667 0)
(0.6590909091 0.02666666667 0)
(0.6636363636 0.02666666667 0)
(0.6681818182 0.02666666667 0)
(0.6727272727 0.02666666667 0)
(0.6772727273 0.02666666667 0)
(0.6818181818 0.02666666667 0)
(0.6863636364 0.02666666667 0)
(0.6909090909 0.02666666667 0)
(0.6954545455 0.02666666667 0)
(0.7 0.02666666667 0)
(0.7045454545 0.02666666667 0)
(0.7090909091 0.02666666667 0)
(0.7136363636 0.02666666667 0)
(0.7181818182 0.02666666667 0)
(0.7227272727 0.02666666667 0)
(0.7272727273 0.02666666667 0)
(0.7318181818 0.02666666667 0)
(0.7363636364 0.02666666667 0)
(0.7409090909 0.02666666667 0)
(0.7454545455 0.02666666667 0)
(0.75 0.02666666667 0)
(0.7545454545 0.02666666667 0)
(0.7590909091 0.02666666667 0)
(0.7636363636 0.02666666667 0)
(0.7681818182 0.02666666667 0)
(0.7727272727 0.02666666667 0)
(0.7772727273 0.02666666667 0)
(0.7818181818 0.02666666667 0)
(0.7863636364 0.02666666667 0)
(0.7909090909 0.02666666667 0)
(0.7954545455 0.02666666667 0)
(0.8 0.02666666667 0)
(0.8045454545 0.02666666667 0)
(0.8090909091 0.02666666667 0)
(0.8136363636 0.02666666667 0)
(0.8181818182 0.02666666667 0)
(0.8227272727 0.02666666667 0)
(0.8272727273 0.02666666667 0)
(0.8318181818 0.02666666667 0)
(0.8363636364 0.02666666667 0)
(0.8409090909 0.02666666667 0)
(0.8454545455 0.02666666667 0)
(0.85 0.02666666667 0)
(0.8545454545 0.02666666667 0)
(0.8590909091 0.02666666667 0)
(0.8636363636 0.02666666667 0)
(0.8681818182 0.02666666667 0)
(0.8727272727 0.02666666667 0)
(0.8772727273 0.02666666667 0)
(0.8818181818 0.02666666667 0)
(0.8863636364 0.02666666667 0)
(0.8909090909 0.02666666667 0)
(0.8954545455 0.02666666667 0)
(0.9 0.02666666667 0)
(0.9045454545 0.02666666667 0)
(0.9090909091 0.02666666667 0)
(0.9136363636 0.02666666667 0)
(0.9181818182 0.02666666667 0)
(0.9227272727 0.02666666667 0)
(0.9272727273 0.02666666667 0)
(0.9318181818 0.02666666667 0)
(0.9363636364 0.02666666667 0)
(0.9409090909 0.02666666667 0)
(0.9454545455 0.02666666667 0)
(0.95 0.02666666667 0)
(0.9545454545 0.02666666667 0)
(0.9590909091 0.02666666667 0)
(0.9636363636 0.02666666667 0)
(0.9681818182 0.02666666667 0)
(0.9727272727 0.02666666667 0)
(0.9772727273 0.02666666667 0)
(0.9818181818 0.02666666667 0)
(0.9863636364 0.02666666667 0)
(0.9909090909 0.02666666667 0)
(0.9954545455 0.02666666667 0)
(1 0.02666666667 0)
(0 0.03333333333 0)
(0.004545454545 0.03333333333 0)
(0.009090909091 0.03333333333 0)
(0.01363636364 0.03333333333 0)
(0.01818181818 0.03333333333 0)
(0.02272727273 0.03333333333 0)
(0.02727272727 0.03333333333 0)
(0.03181818182 0.03333333333 0)
(0.03636363636 0.03333333333 0)
(0.04090909091 0.03333333333 0)
(0.04545454545 0.03333333333 0)
(0.05 0.03333333333 0)
(0.05454545455 0.03333333333 0)
(0.05909090909 0.03333333333 0)
(0.06363636364 0.03333333333 0)
(0.06818181818 0.03333333333 0)
(0.07272727273 0.03333333333 0)
(0.07727272727 0.03333333333 0)
(0.08181818182 0.03333333333 0)
(0.08636363636 0.03333333333 0)
(0.09090909091 0.03333333333 0)
(0.09545454545 0.03333333333 0)
(0.1 0.03333333333 0)
(0.1045454545 0.03333333333 0)
(0.1090909091 0.03333333333 0)
(0.1136363636 0.03333333333 0)
(0.1181818182 0.03333333333 0)
(0.1227272727 0.03333333333 0)
(0.1272727273 0.03333333333 0)
(0.1318181818 0.03333333333 0)
(0.1363636364 0.03333333333 0)
(0.1409090909 0.03333333333 0)
(0.1454545455 0.03333333333 0)
(0.15 0.03333333333 0)
(0.1545454545 0.03333333333 0)
(0.1590909091 0.03333333333 0)
(0.1636363636 0.03333333333 0)
(0.1681818182 0.03333333333 0)
(0.1727272727 0.03333333333 0)
(0.1772727273 0.03333333333 0)
(0.1818181818 0.03333333333 0)
(0.1863636364 0.03333333333 0)
(0.1909090909 0.03333333333 0)
(0.1954545455 0.03333333333 0)
(0.2 0.03333333333 0)
(0.2045454545 0.03333333333 0)
(0.2090909091 0.03333333333 0)
(0.2136363636 0.03333333333 0)
(0.2181818182 0.03333333333 0)
(0.2227272727 0.03333333333 0)
(0.2272727273 0.03333333333 0)
(0.2318181818 0.03333333333 0)
(0.2363636364 0.03333333333 0)
(0.2409090909 0.03333333333 0)
(0.2454545455 0.03333333333 0)
(0.25 0.03333333333 0)
(0.2545454545 0.03333333333 0)
(0.2590909091 0.03333333333 0)
(0.2636363636 0.03333333333 0)
(0.2681818182 0.03333333333 0)
(0.2727272727 0.03333333333 0)
(0.2772727273 0.03333333333 0)
(0.2818181818 0.03333333333 0)
(0.2863636364 0.03333333333 0)
(0.2909090909 0.03333333333 0)
(0.2954545455 0.03333333333 0)
(0.3 0.03333333333 0)
(0.3045454545 0.03333333333 0)
(0.3090909091 0.03333333333 0)
(0.3136363636 0.03333333333 0)
(0.3181818182 0.03333333333 0)
(0.3227272727 0.03333333333 0)
(0.3272727273 0.03333333333 0)
(0.3318181818 0.03333333333 0)
(0.3363636364 0.03333333333 0)
(0.3409090909 0.03333333333 0)
(0.3454545455 0.03333333333 0)
(0.35 0.03333333333 0)
(0.3545454545 0.03333333333 0)
(0.3590909091 0.03333333333 0)
(0.3636363636 0.03333333333 0)
(0.3681818182 0.03333333333 0)
(0.3727272727 0.03333333333 0)
(0.3772727273 0.03333333333 0)
(0.3818181818 0.03333333333 0)
(0.3863636364 0.03333333333 0)
(0.3909090909 0.03333333333 0)
(0.3954545455 0.03333333333 0)
(0.4 0.03333333333 0)
(0.4045454545 0.03333333333 0)
(0.4090909091 0.03333333333 0)
(0.4136363636 0.03333333333 0)
(0.4181818182 0.03333333333 0)
(0.4227272727 0.03333333333 0)
(0.4272727273 0.03333333333 0)
(0.4318181818 0.03333333333 0)
(0.4363636364 0.03333333333 0)
(0.4409090909 0.03333333333 0)
(0.4454545455 0.03333333333 0)
(0.45 0.03333333333 0)
(0.4545454545 0.03333333333 0)
(0.4590909091 0.03333333333 0)
(0.4636363636 0.03333333333 0)
(0.4681818182 0.03333333333 0)
(0.4727272727 0.03333333333 0)
(0.4772727273 0.03333333333 0)
(0.4818181818 0.03333333333 0)
(0.4863636364 0.03333333333 0)
(0.4909090909 0.03333333333 0)
(0.4954545455 0.03333333333 0)
(0.5 0.03333333333 0)
(0.5045454545 0.03333333333 0)
(0.5090909091 0.03333333333 0)
(0.5136363636 0.03333333333 0)
(0.5181818182 0.03333333333 0)
(0.5227272727 0.03333333333 0)
(0.5272727273 0.03333333333 0)
(0.5318181818 0.03333333333 0)
(0.5363636364 0.03333333333 0)
(0.5409090909 0.03333333333 0)
(0.5454545455 0.03333333333 0)
(0.55 0.03333333333 0)
(0.5545454545 0.03333333333 0)
(0.5590909091 0.03333333333 0)
(0.5636363636 0.03333333333 0)
(0.5681818182 0.03333333333 0)
(0.5727272727 0.03333333333 0)
(0.5772727273 0.03333333333 0)
(0.5818181818 0.03333333333 0)
(0.5863636364 0.03333333333 0)
(0.5909090909 0.03333333333 0)
(0.5954545455 0.03333333333 0)
(0.6 0.03333333333 0)
(0.6045454545 0.03333333333 0)
(0.6090909091 0.03333333333 0)
(0.6136363636 0.03333333333 0)
(0.6181818182 0.03333333333 0)
(0.6227272727 0.03333333333 0)
(0.6272727273 0.03333333333 0)
(0.6318181818 0.03333333333 0)
(0.6363636364 0.03333333333 0)
(0.6409090909 0.03333333333 0)
(0.6454545455 0.03333333333 0)
(0.65 0.03333333333 0)
(0.6545454545 0.03333333333 0)
(0.6590909091 0.03333333333 0)
(0.6636363636 0.03333333333 0)
(0.6681818182 0.03333333333 0)
(0.6727272727 0.03333333333 0)
(0.6772727273 0.03333333333 0)
(0.6818181818 0.03333333333 0)
(0.6863636364 0.03333333333 0)
(0.6909090909 0.03333333333 0)
(0.6954545455 0.03333333333 0)
(0.7 0.03333333333 0)
(0.7045454545 0.03333333333 0)
(0.7090909091 0.03333333333 0)
(0.7136363636 0.03333333333 0)
(0.7181818182 0.03333333333 0)
(0.7227272727 0.03333333333 0)
(0.7272727273 0.03333333333 0)
(0.7318181818 0.03333333333 0)
(0.7363636364 0.03333333333 0)
(0.7409090909 0.03333333333 0)
(0.7454545455 0.03333333333 0)
(0.75 0.03333333333 0)
(0.7545454545 0.03333333333 0)
(0.7590909091 0.03333333333 0)
(0.7636363636 0.03333333333 0)
(0.7681818182 0.03333333333 0)
(0.7727272727 0.03333333333 0)
(0.7772727273 0.03333333333 0)
(0.7818181818 0.03333333333 0)
(0.7863636364 0.03333333333 0)
(0.7909090909 0.03333333333 0)
(0.7954545455 0.03333333333 0)
(0.8 0.03333333333 0)
(0.8045454545 0.03333333333 0)
(0.8090909091 0.03333333333 0)
(0.8136363636 0.03333333333 0)
(0.8181818182 0.03333333333 0)
(0.8227272727 0.03333333333 0)
(0.8272727273 0.03333333333 0)
(0.8318181818 0.03333333333 0)
(0.8363636364 0.03333333333 0)
(0.8409090909 0.03333333333 0)
(0.8454545455 0.03333333333 0)
(0.85 0.03333333333 0)
(0.8545454545 0.03333333333 0)
(0.8590909091 0.03333333333 0)
(0.8636363636 0.03333333333 0)
(0.8681818182 0.03333333333 0)
(0.8727272727 0.03333333333 0)
(0.8772727273 0.03333333333 0)
(0.8818181818 0.03333333333 0)
(0.8863636364 0.03333333333 0)
(0.8909090909 0.03333333333 0)
(0.8954545455 0.03333333333 0)
(0.9 0.03333333333 0)
(0.9045454545 0.03333333333 0)
(0.9090909091 0.03333333333 0)
(0.9136363636 0.03333333333 0)
(0.9181818182 0.03333333333 0)
(0.9227272727 0.03333333333 0)
(0.9272727273 0.03333333333 0)
(0.9318181818 0.03333333333 0)
(0.9363636364 0.03333333333 0)
(0.9409090909 0.03333333333 0)
(0.9454545455 0.03333333333 0)
(0.95 0.03333333333 0)
(0.9545454545 0.03333333333 0)
(0.9590909091 0.03333333333 0)
(0.9636363636 0.03333333333 0)
(0.9681818182 0.03333333333 0)
(0.9727272727 0.03333333333 0)
(0.9772727273 0.03333333333 0)
(0.9818181818 0.03333333333 0)
(0.9863636364 0.03333333333 0)
(0.9909090909 0.03333333333 0)
(0.9954545455 0.03333333333 0)
(1 0.03333333333 0)
(0 0.04 0)
(0.004545454545 0.04 0)
(0.009090909091 0.04 0)
(0.01363636364 0.04 0)
(0.01818181818 0.04 0)
(0.02272727273 0.04 0)
(0.02727272727 0.04 0)
(0.03181818182 0.04 0)
(0.03636363636 0.04 0)
(0.04090909091 0.04 0)
(0.04545454545 0.04 0)
(0.05 0.04 0)
(0.05454545455 0.04 0)
(0.05909090909 0.04 0)
(0.06363636364 0.04 0)
(0.06818181818 0.04 0)
(0.07272727273 0.04 0)
(0.07727272727 0.04 0)
(0.08181818182 0.04 0)
(0.08636363636 0.04 0)
(0.09090909091 0.04 0)
(0.09545454545 0.04 0)
(0.1 0.04 0)
(0.1045454545 0.04 0)
(0.1090909091 0.04 0)
(0.1136363636 0.04 0)
(0.1181818182 0.04 0)
(0.1227272727 0.04 0)
(0.1272727273 0.04 0)
(0.1318181818 0.04 0)
(0.1363636364 0.04 0)
(0.1409090909 0.04 0)
(0.1454545455 0.04 0)
(0.15 0.04 0)
(0.1545454545 0.04 0)
(0.1590909091 0.04 0)
(0.1636363636 0.04 0)
(0.1681818182 0.04 0)
(0.1727272727 0.04 0)
(0.1772727273 0.04 0)
(0.1818181818 0.04 0)
(0.1863636364 0.04 0)
(0.1909090909 0.04 0)
(0.1954545455 0.04 0)
(0.2 0.04 0)
(0.2045454545 0.04 0)
(0.2090909091 0.04 0)
(0.2136363636 0.04 0)
(0.2181818182 0.04 0)
(0.2227272727 0.04 0)
(0.2272727273 0.04 0)
(0.2318181818 0.04 0)
(0.2363636364 0.04 0)
(0.2409090909 0.04 0)
(0.2454545455 0.04 0)
(0.25 0.04 0)
(0.2545454545 0.04 0)
(0.2590909091 0.04 0)
(0.2636363636 0.04 0)
(0.2681818182 0.04 0)
(0.2727272727 0.04 0)
(0.2772727273 0.04 0)
(0.2818181818 0.04 0)
(0.2863636364 0.04 0)
(0.2909090909 0.04 0)
(0.2954545455 0.04 0)
(0.3 0.04 0)
(0.3045454545 0.04 0)
(0.3090909091 0.04 0)
(0.3136363636 0.04 0)
(0.3181818182 0.04 0)
(0.3227272727 0.04 0)
(0.3272727273 0.04 0)
(0.3318181818 0.04 0)
(0.3363636364 0.04 0)
(0.3409090909 0.04 0)
(0.3454545455 0.04 0)
(0.35 0.04 0)
(0.3545454545 0.04 0)
(0.3590909091 0.04 0)
(0.3636363636 0.04 0)
(0.3681818182 0.04 0)
(0.3727272727 0.04 0)
(0.3772727273 0.04 0)
(0.3818181818 0.04 0)
(0.3863636364 0.04 0)
(0.3909090909 0.04 0)
(0.3954545455 0.04 0)
(0.4 0.04 0)
(0.4045454545 0.04 0)
(0.4090909091 0.04 0)
(0.4136363636 0.04 0)
(0.4181818182 0.04 0)
(0.4227272727 0.04 0)
(0.4272727273 0.04 0)
(0.4318181818 0.04 0)
(0.4363636364 0.04 0)
(0.4409090909 0.04 0)
(0.4454545455 0.04 0)
(0.45 0.04 0)
(0.4545454545 0.04 0)
(0.4590909091 0.04 0)
(0.4636363636 0.04 0)
(0.4681818182 0.04 0)
(0.4727272727 0.04 0)
(0.4772727273 0.04 0)
(0.4818181818 0.04 0)
(0.4863636364 0.04 0)
(0.4909090909 0.04 0)
(0.4954545455 0.04 0)
(0.5 0.04 0)
(0.5045454545 0.04 0)
(0.5090909091 0.04 0)
(0.5136363636 0.04 0)
(0.5181818182 0.04 0)
(0.5227272727 0.04 0)
(0.5272727273 0.04 0)
(0.5318181818 0.04 0)
(0.5363636364 0.04 0)
(0.5409090909 0.04 0)
(0.5454545455 0.04 0)
(0.55 0.04 0)
(0.5545454545 0.04 0)
(0.5590909091 0.04 0)
(0.5636363636 0.04 0)
(0.5681818182 0.04 0)
(0.5727272727 0.04 0)
(0.5772727273 0.04 0)
(0.5818181818 0.04 0)
(0.5863636364 0.04 0)
(0.5909090909 0.04 0)
(0.5954545455 0.04 0)
(0.6 0.04 0)
(0.6045454545 0.04 0)
(0.6090909091 0.04 0)
(0.6136363636 0.04 0)
(0.6181818182 0.04 0)
(0.6227272727 0.04 0)
(0.6272727273 0.04 0)
(0.6318181818 0.04 0)
(0.6363636364 0.04 0)
(0.6409090909 0.04 0)
(0.6454545455 0.04 0)
(0.65 0.04 0)
(0.6545454545 0.04 0)
(0.6590909091 0.04 0)
(0.6636363636 0.04 0)
(0.6681818182 0.04 0)
(0.6727272727 0.04 0)
(0.6772727273 0.04 0)
(0.6818181818 0.04 0)
(0.6863636364 0.04 0)
(0.6909090909 0.04 0)
(0.6954545455 0.04 0)
(0.7 0.04 0)
(0.7045454545 0.04 0)
(0.7090909091 0.04 0)
(0.7136363636 0.04 0)
(0.7181818182 0.04 0)
(0.7227272727 0.04 0)
(0.7272727273 0.04 0)
(0.7318181818 0.04 0)
(0.7363636364 0.04 0)
(0.7409090909 0.04 0)
(0.7454545455 0.04 0)
(0.75 0.04 0)
(0.7545454545 0.04 0)
(0.7590909091 0.04 0)
(0.7636363636 0.04 0)
(0.7681818182 0.04 0)
(0.7727272727 0.04 0)
(0.7772727273 0.04 0)
(0.7818181818 0.04 0)
(0.7863636364 0.04 0)
(0.7909090909 0.04 0)
(0.7954545455 0.04 0)
(0.8 0.04 0)
(0.8045454545 0.04 0)
(0.8090909091 0.04 0)
(0.8136363636 0.04 0)
(0.8181818182 0.04 0)
(0.8227272727 0.04 0)
(0.8272727273 0.04 0)
(0.8318181818 0.04 0)
(0.8363636364 0.04 0)
(0.8409090909 0.04 0)
(0.8454545455 0.04 0)
(0.85 0.04 0)
(0.8545454545 0.04 0)
(0.8590909091 0.04 0)
(0.8636363636 0.04 0)
(0.8681818182 0.04 0)
(0.8727272727 0.04 0)
(0.8772727273 0.04 0)
(0.8818181818 0.04 0)
(0.8863636364 0.04 0)
(0.8909090909 0.04 0)
(0.8954545455 0.04 0)
(0.9 0.04 0)
(0.9045454545 0.04 0)
(0.9090909091 0.04 0)
(0.9136363636 0.04 0)
(0.9181818182 0.04 0)
(0.9227272727 0.04 0)
(0.9272727273 0.04 0)
(0.9318181818 0.04 0)
(0.9363636364 0.04 0)
(0.9409090909 0.04 0)
(0.9454545455 0.04 0)
(0.95 0.04 0)
(0.9545454545 0.04 0)
(0.9590909091 0.04 0)
(0.9636363636 0.04 0)
(0.9681818182 0.04 0)
(0.9727272727 0.04 0)
(0.9772727273 0.04 0)
(0.9818181818 0.04 0)
(0.9863636364 0.04 0)
(0.9909090909 0.04 0)
(0.9954545455 0.04 0)
(1 0.04 0)
(0 0.04666666667 0)
(0.004545454545 0.04666666667 0)
(0.009090909091 0.04666666667 0)
(0.01363636364 0.04666666667 0)
(0.01818181818 0.04666666667 0)
(0.02272727273 0.04666666667 0)
(0.02727272727 0.04666666667 0)
(0.03181818182 0.04666666667 0)
(0.03636363636 0.04666666667 0)
(0.04090909091 0.04666666667 0)
(0.04545454545 0.04666666667 0)
(0.05 0.04666666667 0)
(0.05454545455 0.04666666667 0)
(0.05909090909 0.04666666667 0)
(0.06363636364 0.04666666667 0)
(0.06818181818 0.04666666667 0)
(0.07272727273 0.04666666667 0)
(0.07727272727 0.04666666667 0)
(0.08181818182 0.04666666667 0)
(0.08636363636 0.04666666667 0)
(0.09090909091 0.04666666667 0)
(0.09545454545 0.04666666667 0)
(0.1 0.04666666667 0)
(0.1045454545 0.04666666667 0)
(0.1090909091 0.04666666667 0)
(0.1136363636 0.04666666667 0)
(0.1181818182 0.04666666667 0)
(0.1227272727 0.04666666667 0)
(0.1272727273 0.04666666667 0)
(0.1318181818 0.04666666667 0)
(0.1363636364 0.04666666667 0)
(0.1409090909 0.04666666667 0)
(0.1454545455 0.04666666667 0)
(0.15 0.04666666667 0)
(0.1545454545 0.04666666667 0)
(0.1590909091 0.04666666667 0)
(0.1636363636 0.04666666667 0)
(0.1681818182 0.04666666667 0)
(0.1727272727 0.04666666667 0)
(0.1772727273 0.04666666667 0)
(0.1818181818 0.04666666667 0)
(0.1863636364 0.04666666667 0)
(0.1909090909 0.04666666667 0)
(0.1954545455 0.04666666667 0)
(0.2 0.04666666667 0)
(0.2045454545 0.04666666667 0)
(0.2090909091 0.04666666667 0)
(0.2136363636 0.04666666667 0)
(0.2181818182 0.04666666667 0)
(0.2227272727 0.04666666667 0)
(0.2272727273 0.04666666667 0)
(0.2318181818 0.04666666667 0)
(0.2363636364 0.04666666667 0)
(0.2409090909 0.04666666667 0)
(0.2454545455 0.04666666667 0)
(0.25 0.04666666667 0)
(0.2545454545 0.04666666667 0)
(0.2590909091 0.04666666667 0)
(0.2636363636 0.04666666667 0)
(0.2681818182 0.04666666667 0)
(0.2727272727 0.04666666667 0)
(0.2772727273 0.04666666667 0)
(0.2818181818 0.04666666667 0)
(0.2863636364 0.04666666667 0)
(0.2909090909 0.04666666667 0)
(0.2954545455 0.04666666667 0)
(0.3 0.04666666667 0)
(0.3045454545 0.04666666667 0)
(0.3090909091 0.04666666667 0)
(0.3136363636 0.04666666667 0)
(0.3181818182 0.04666666667 0)
(0.3227272727 0.04666666667 0)
(0.3272727273 0.04666666667 0)
(0.3318181818 0.04666666667 0)
(0.3363636364 0.04666666667 0)
(0.3409090909 0.04666666667 0)
(0.3454545455 0.04666666667 0)
(0.35 0.04666666667 0)
(0.3545454545 0.04666666667 0)
(0.3590909091 0.04666666667 0)
(0.3636363636 0.04666666667 0)
(0.3681818182 0.04666666667 0)
(0.3727272727 0.04666666667 0)
(0.3772727273 0.04666666667 0)
(0.3818181818 0.04666666667 0)
(0.3863636364 0.04666666667 0)
(0.3909090909 0.04666666667 0)
(0.3954545455 0.04666666667 0)
(0.4 0.04666666667 0)
(0.4045454545 0.04666666667 0)
(0.4090909091 0.04666666667 0)
(0.4136363636 0.04666666667 0)
(0.4181818182 0.04666666667 0)
(0.4227272727 0.04666666667 0)
(0.4272727273 0.04666666667 0)
(0.4318181818 0.04666666667 0)
(0.4363636364 0.04666666667 0)
(0.4409090909 0.04666666667 0)
(0.4454545455 0.04666666667 0)
(0.45 0.04666666667 0)
(0.4545454545 0.04666666667 0)
(0.4590909091 0.04666666667 0)
(0.4636363636 0.04666666667 0)
(0.4681818182 0.04666666667 0)
(0.4727272727 0.04666666667 0)
(0.4772727273 0.04666666667 0)
(0.4818181818 0.04666666667 0)
(0.4863636364 0.04666666667 0)
(0.4909090909 0.04666666667 0)
(0.4954545455 0.04666666667 0)
(0.5 0.04666666667 0)
(0.5045454545 0.04666666667 0)
(0.5090909091 0.04666666667 0)
(0.5136363636 0.04666666667 0)
(0.5181818182 0.04666666667 0)
(0.5227272727 0.04666666667 0)
(0.5272727273 0.04666666667 0)
(0.5318181818 0.04666666667 0)
(0.5363636364 0.04666666667 0)
(0.5409090909 0.04666666667 0)
(0.5454545455 0.04666666667 0)
(0.55 0.04666666667 0)
(0.5545454545 0.04666666667 0)
(0.5590909091 0.04666666667 0)
(0.5636363636 0.04666666667 0)
(0.5681818182 0.04666666667 0)
(0.5727272727 0.04666666667 0)
(0.5772727273 0.04666666667 0)
(0.5818181818 0.04666666667 0)
(0.5863636364 0.04666666667 0)
(0.5909090909 0.04666666667 0)
(0.5954545455 0.04666666667 0)
(0.6 0.04666666667 0)
(0.6045454545 0.04666666667 0)
(0.6090909091 0.04666666667 0)
(0.6136363636 0.04666666667 0)
(0.6181818182 0.04666666667 0)
(0.6227272727 0.04666666667 0)
(0.6272727273 0.04666666667 0)
(0.6318181818 0.04666666667 0)
(0.6363636364 0.04666666667 0)
(0.6409090909 0.04666666667 0)
(0.6454545455 0.04666666667 0)
(0.65 0.04666666667 0)
(0.6545454545 0.04666666667 0)
(0.6590909091 0.04666666667 0)
(0.6636363636 0.04666666667 0)
(0.6681818182 0.04666666667 0)
(0.6727272727 0.04666666667 0)
(0.6772727273 0.04666666667 0)
(0.6818181818 0.04666666667 0)
(0.6863636364 0.04666666667 0)
(0.6909090909 0.04666666667 0)
(0.6954545455 0.04666666667 0)
(0.7 0.04666666667 0)
(0.7045454545 0.04666666667 0)
(0.7090909091 0.04666666667 0)
(0.7136363636 0.04666666667 0)
(0.7181818182 0.04666666667 0)
(0.7227272727 0.04666666667 0)
(0.7272727273 0.04666666667 0)
(0.7318181818 0.04666666667 0)
(0.7363636364 0.04666666667 0)
(0.7409090909 0.04666666667 0)
(0.7454545455 0.04666666667 0)
(0.75 0.04666666667 0)
(0.7545454545 0.04666666667 0)
(0.7590909091 0.04666666667 0)
(0.7636363636 0.04666666667 0)
(0.7681818182 0.04666666667 0)
(0.7727272727 0.04666666667 0)
(0.7772727273 0.04666666667 0)
(0.7818181818 0.04666666667 0)
(0.7863636364 0.04666666667 0)
(0.7909090909 0.04666666667 0)
(0.7954545455 0.04666666667 0)
(0.8 0.04666666667 0)
(0.8045454545 0.04666666667 0)
(0.8090909091 0.04666666667 0)
(0.8136363636 0.04666666667 0)
(0.8181818182 0.04666666667 0)
(0.8227272727 0.04666666667 0)
(0.8272727273 0.04666666667 0)
(0.8318181818 0.04666666667 0)
(0.8363636364 0.04666666667 0)
(0.8409090909 0.04666666667 0)
(0.8454545455 0.04666666667 0)
(0.85 0.04666666667 0)
(0.8545454545 0.04666666667 0)
(0.8590909091 0.04666666667 0)
(0.8636363636 0.04666666667 0)
(0.8681818182 0.04666666667 0)
(0.8727272727 0.04666666667 0)
(0.8772727273 0.04666666667 0)
(0.8818181818 0.04666666667 0)
(0.8863636364 0.04666666667 0)
(0.8909090909 0.04666666667 0)
(0.8954545455 0.04666666667 0)
(0.9 0.04666666667 0)
(0.9045454545 0.04666666667 0)
(0.9090909091 0.04666666667 0)
(0.9136363636 0.04666666667 0)
(0.9181818182 0.04666666667 0)
(0.9227272727 0.04666666667 0)
(0.9272727273 0.04666666667 0)
(0.9318181818 0.04666666667 0)
(0.9363636364 0.04666666667 0)
(0.9409090909 0.04666666667 0)
(0.9454545455 0.04666666667 0)
(0.95 0.04666666667 0)
(0.9545454545 0.04666666667 0)
(0.9590909091 0.04666666667 0)
(0.9636363636 0.04666666667 0)
(0.9681818182 0.04666666667 0)
(0.9727272727 0.04666666667 0)
(0.9772727273 0.04666666667 0)
(0.9818181818 0.04666666667 0)
(0.9863636364 0.04666666667 0)
(0.9909090909 0.04666666667 0)
(0.9954545455 0.04666666667 0)
(1 0.04666666667 0)
(0 0.05333333333 0)
(0.004545454545 0.05333333333 0)
(0.009090909091 0.05333333333 0)
(0.01363636364 0.05333333333 0)
(0.01818181818 0.05333333333 0)
(0.02272727273 0.05333333333 0)
(0.02727272727 0.05333333333 0)
(0.03181818182 0.05333333333 0)
(0.03636363636 0.05333333333 0)
(0.04090909091 0.05333333333 0)
(0.04545454545 0.05333333333 0)
(0.05 0.05333333333 0)
(0.05454545455 0.05333333333 0)
(0.05909090909 0.05333333333 0)
(0.06363636364 0.05333333333 0)
(0.06818181818 0.05333333333 0)
(0.07272727273 0.05333333333 0)
(0.07727272727 0.05333333333 0)
(0.08181818182 0.05333333333 0)
(0.08636363636 0.05333333333 0)
(0.09090909091 0.05333333333 0)
(0.09545454545 0.05333333333 0)
(0.1 0.05333333333 0)
(0.1045454545 0.05333333333 0)
(0.1090909091 0.05333333333 0)
(0.1136363636 0.05333333333 0)
(0.1181818182 0.05333333333 0)
(0.1227272727 0.05333333333 0)
(0.1272727273 0.05333333333 0)
(0.1318181818 0.05333333333 0)
(0.1363636364 0.05333333333 0)
(0.1409090909 0.05333333333 0)
(0.1454545455 0.05333333333 0)
(0.15 0.05333333333 0)
(0.1545454545 0.05333333333 0)
(0.1590909091 0.05333333333 0)
(0.1636363636 0.05333333333 0)
(0.1681818182 0.05333333333 0)
(0.1727272727 0.05333333333 0)
(0.1772727273 0.05333333333 0)
(0.1818181818 0.05333333333 0)
(0.1863636364 0.05333333333 0)
(0.1909090909 0.05333333333 0)
(0.1954545455 0.05333333333 0)
(0.2 0.05333333333 0)
(0.2045454545 0.05333333333 0)
(0.2090909091 0.05333333333 0)
(0.2136363636 0.05333333333 0)
(0.2181818182 0.05333333333 0)
(0.2227272727 0.05333333333 0)
(0.2272727273 0.05333333333 0)
(0.2318181818 0.05333333333 0)
(0.2363636364 0.05333333333 0)
(0.2409090909 0.05333333333 0)
(0.2454545455 0.05333333333 0)
(0.25 0.05333333333 0)
(0.2545454545 0.05333333333 0)
(0.2590909091 0.05333333333 0)
(0.2636363636 0.05333333333 0)
(0.2681818182 0.05333333333 0)
(0.2727272727 0.05333333333 0)
(0.2772727273 0.05333333333 0)
(0.2818181818 0.05333333333 0)
(0.2863636364 0.05333333333 0)
(0.2909090909 0.05333333333 0)
(0.2954545455 0.05333333333 0)
(0.3 0.05333333333 0)
(0.3045454545 0.05333333333 0)
(0.3090909091 0.05333333333 0)
(0.3136363636 0.05333333333 0)
(0.3181818182 0.05333333333 0)
(0.3227272727 0.05333333333 0)
(0.3272727273 0.05333333333 0)
(0.3318181818 0.05333333333 0)
(0.3363636364 0.05333333333 0)
(0.3409090909 0.05333333333 0)
(0.3454545455 0.05333333333 0)
(0.35 0.05333333333 0)
(0.3545454545 0.05333333333 0)
(0.3590909091 0.05333333333 0)
(0.3636363636 0.05333333333 0)
(0.3681818182 0.05333333333 0)
(0.3727272727 0.05333333333 0)
(0.3772727273 0.05333333333 0)
(0.3818181818 0.05333333333 0)
(0.3863636364 0.05333333333 0)
(0.3909090909 0.05333333333 0)
(0.3954545455 0.05333333333 0)
(0.4 0.05333333333 0)
(0.4045454545 0.05333333333 0)
(0.4090909091 0.05333333333 0)
(0.4136363636 0.05333333333 0)
(0.4181818182 0.05333333333 0)
(0.4227272727 0.05333333333 0)
(0.4272727273 0.05333333333 0)
(0.4318181818 0.05333333333 0)
(0.4363636364 0.05333333333 0)
(0.4409090909 0.05333333333 0)
(0.4454545455 0.05333333333 0)
(0.45 0.05333333333 0)
(0.4545454545 0.05333333333 0)
(0.4590909091 0.05333333333 0)
(0.4636363636 0.05333333333 0)
(0.4681818182 0.05333333333 0)
(0.4727272727 0.05333333333 0)
(0.4772727273 0.05333333333 0)
(0.4818181818 0.05333333333 0)
(0.4863636364 0.05333333333 0)
(0.4909090909 0.05333333333 0)
(0.4954545455 0.05333333333 0)
(0.5 0.05333333333 0)
(0.5045454545 0.05333333333 0)
(0.5090909091 0.05333333333 0)
(0.5136363636 0.05333333333 0)
(0.5181818182 0.05333333333 0)
(0.5227272727 0.05333333333 0)
(0.5272727273 0.05333333333 0)
(0.5318181818 0.05333333333 0)
(0.5363636364 0.05333333333 0)
(0.5409090909 0.05333333333 0)
(0.5454545455 0.05333333333 0)
(0.55 0.05333333333 0)
(0.5545454545 0.05333333333 0)
(0.5590909091 0.05333333333 0)
(0.5636363636 0.05333333333 0)
(0.5681818182 0.05333333333 0)
(0.5727272727 0.05333333333 0)
(0.5772727273 0.05333333333 0)
(0.5818181818 0.05333333333 0)
(0.5863636364 0.05333333333 0)
(0.5909090909 0.05333333333 0)
(0.5954545455 0.05333333333 0)
(0.6 0.05333333333 0)
(0.6045454545 0.05333333333 0)
(0.6090909091 0.05333333333 0)
(0.6136363636 0.05333333333 0)
(0.6181818182 0.05333333333 0)
(0.6227272727 0.05333333333 0)
(0.6272727273 0.05333333333 0)
(0.6318181818 0.05333333333 0)
(0.6363636364 0.05333333333 0)
(0.6409090909 0.05333333333 0)
(0.6454545455 0.05333333333 0)
(0.65 0.05333333333 0)
(0.6545454545 0.05333333333 0)
(0.6590909091 0.05333333333 0)
(0.6636363636 0.05333333333 0)
(0.6681818182 0.05333333333 0)
(0.6727272727 0.05333333333 0)
(0.6772727273 0.05333333333 0)
(0.6818181818 0.05333333333 0)
(0.6863636364 0.05333333333 0)
(0.6909090909 0.05333333333 0)
(0.6954545455 0.05333333333 0)
(0.7 0.05333333333 0)
(0.7045454545 0.05333333333 0)
(0.7090909091 0.05333333333 0)
(0.7136363636 0.05333333333 0)
(0.7181818182 0.05333333333 0)
(0.7227272727 0.05333333333 0)
(0.7272727273 0.05333333333 0)
(0.7318181818 0.05333333333 0)
(0.7363636364 0.05333333333 0)
(0.7409090909 0.05333333333 0)
(0.7454545455 0.05333333333 0)
(0.75 0.05333333333 0)
(0.7545454545 0.05333333333 0)
(0.7590909091 0.05333333333 0)
(0.7636363636 0.05333333333 0)
(0.7681818182 0.05333333333 0)
(0.7727272727 0.05333333333 0)
(0.7772727273 0.05333333333 0)
(0.7818181818 0.05333333333 0)
(0.7863636364 0.05333333333 0)
(0.7909090909 0.05333333333 0)
(0.7954545455 0.05333333333 0)
(0.8 0.05333333333 0)
(0.8045454545 0.05333333333 0)
(0.8090909091 0.05333333333 0)
(0.8136363636 0.05333333333 0)
(0.8181818182 0.05333333333 0)
(0.8227272727 0.05333333333 0)
(0.8272727273 0.05333333333 0)
(0.8318181818 0.05333333333 0)
(0.8363636364 0.05333333333 0)
(0.8409090909 0.05333333333 0)
(0.8454545455 0.05333333333 0)
(0.85 0.05333333333 0)
(0.8545454545 0.05333333333 0)
(0.8590909091 0.05333333333 0)
(0.8636363636 0.05333333333 0)
(0.8681818182 0.05333333333 0)
(0.8727272727 0.05333333333 0)
(0.8772727273 0.05333333333 0)
(0.8818181818 0.05333333333 0)
(0.8863636364 0.05333333333 0)
(0.8909090909 0.05333333333 0)
(0.8954545455 0.05333333333 0)
(0.9 0.05333333333 0)
(0.9045454545 0.05333333333 0)
(0.9090909091 0.05333333333 0)
(0.9136363636 0.05333333333 0)
(0.9181818182 0.05333333333 0)
(0.9227272727 0.05333333333 0)
(0.9272727273 0.05333333333 0)
(0.9318181818 0.05333333333 0)
(0.9363636364 0.05333333333 0)
(0.9409090909 0.05333333333 0)
(0.9454545455 0.05333333333 0)
(0.95 0.05333333333 0)
(0.9545454545 0.05333333333 0)
(0.9590909091 0.05333333333 0)
(0.9636363636 0.05333333333 0)
(0.9681818182 0.05333333333 0)
(0.9727272727 0.05333333333 0)
(0.9772727273 0.05333333333 0)
(0.9818181818 0.05333333333 0)
(0.9863636364 0.05333333333 0)
(0.9909090909 0.05333333333 0)
(0.9954545455 0.05333333333 0)
(1 0.05333333333 0)
(0 0.06 0)
(0.004545454545 0.06 0)
(0.009090909091 0.06 0)
(0.01363636364 0.06 0)
(0.01818181818 0.06 0)
(0.02272727273 0.06 0)
(0.02727272727 0.06 0)
(0.03181818182 0.06 0)
(0.03636363636 0.06 0)
(0.04090909091 0.06 0)
(0.04545454545 0.06 0)
(0.05 0.06 0)
(0.05454545455 0.06 0)
(0.05909090909 0.06 0)
(0.06363636364 0.06 0)
(0.06818181818 0.06 0)
(0.07272727273 0.06 0)
(0.07727272727 0.06 0)
(0.08181818182 0.06 0)
(0.08636363636 0.06 0)
(0.09090909091 0.06 0)
(0.09545454545 0.06 0)
(0.1 0.06 0)
(0.1045454545 0.06 0)
(0.1090909091 0.06 0)
(0.1136363636 0.06 0)
(0.1181818182 0.06 0)
(0.1227272727 0.06 0)
(0.1272727273 0.06 0)
(0.1318181818 0.06 0)
(0.1363636364 0.06 0)
(0.1409090909 0.06 0)
(0.1454545455 0.06 0)
(0.15 0.06 0)
(0.1545454545 0.06 0)
(0.1590909091 0.06 0)
(0.1636363636 0.06 0)
(0.1681818182 0.06 0)
(0.1727272727 0.06 0)
(0.1772727273 0.06 0)
(0.1818181818 0.06 0)
(0.1863636364 0.06 0)
(0.1909090909 0.06 0)
(0.1954545455 0.06 0)
(0.2 0.06 0)
(0.2045454545 0.06 0)
(0.2090909091 0.06 0)
(0.2136363636 0.06 0)
(0.2181818182 0.06 0)
(0.2227272727 0.06 0)
(0.2272727273 0.06 0)
(0.2318181818 0.06 0)
(0.2363636364 0.06 0)
(0.2409090909 0.06 0)
(0.2454545455 0.06 0)
(0.25 0.06 0)
(0.2545454545 0.06 0)
(0.2590909091 0.06 0)
(0.2636363636 0.06 0)
(0.2681818182 0.06 0)
(0.2727272727 0.06 0)
(0.2772727273 0.06 0)
(0.2818181818 0.06 0)
(0.2863636364 0.06 0)
(0.2909090909 0.06 0)
(0.2954545455 0.06 0)
(0.3 0.06 0)
(0.3045454545 0.06 0)
(0.3090909091 0.06 0)
(0.3136363636 0.06 0)
(0.3181818182 0.06 0)
(0.3227272727 0.06 0)
(0.3272727273 0.06 0)
(0.3318181818 0.06 0)
(0.3363636364 0.06 0)
(0.3409090909 0.06 0)
(0.3454545455 0.06 0)
(0.35 0.06 0)
(0.3545454545 0.06 0)
(0.3590909091 0.06 0)
(0.3636363636 0.06 0)
(0.3681818182 0.06 0)
(0.3727272727 0.06 0)
(0.3772727273 0.06 0)
(0.3818181818 0.06 0)
(0.3863636364 0.06 0)
(0.3909090909 0.06 0)
(0.3954545455 0.06 0)
(0.4 0.06 0)
(0.4045454545 0.06 0)
(0.4090909091 0.06 0)
(0.4136363636 0.06 0)
(0.4181818182 0.06 0)
(0.4227272727 0.06 0)
(0.4272727273 0.06 0)
(0.4318181818 0.06 0)
(0.4363636364 0.06 0)
(0.4409090909 0.06 0)
(0.4454545455 0.06 0)
(0.45 0.06 0)
(0.4545454545 0.06 0)
(0.4590909091 0.06 0)
(0.4636363636 0.06 0)
(0.4681818182 0.06 0)
(0.4727272727 0.06 0)
(0.4772727273 0.06 0)
(0.4818181818 0.06 0)
(0.4863636364 0.06 0)
(0.4909090909 0.06 0)
(0.4954545455 0.06 0)
(0.5 0.06 0)
(0.5045454545 0.06 0)
(0.5090909091 0.06 0)
(0.5136363636 0.06 0)
(0.5181818182 0.06 0)
(0.5227272727 0.06 0)
(0.5272727273 0.06 0)
(0.5318181818 0.06 0)
(0.5363636364 0.06 0)
(0.5409090909 0.06 0)
(0.5454545455 0.06 0)
(0.55 0.06 0)
(0.5545454545 0.06 0)
(0.5590909091 0.06 0)
(0.5636363636 0.06 0)
(0.5681818182 0.06 0)
(0.5727272727 0.06 0)
(0.5772727273 0.06 0)
(0.5818181818 0.06 0)
(0.5863636364 0.06 0)
(0.5909090909 0.06 0)
(0.5954545455 0.06 0)
(0.6 0.06 0)
(0.6045454545 0.06 0)
(0.6090909091 0.06 0)
(0.6136363636 0.06 0)
(0.6181818182 0.06 0)
(0.6227272727 0.06 0)
(0.6272727273 0.06 0)
(0.6318181818 0.06 0)
(0.6363636364 0.06 0)
(0.6409090909 0.06 0)
(0.6454545455 0.06 0)
(0.65 0.06 0)
(0.6545454545 0.06 0)
(0.6590909091 0.06 0)
(0.6636363636 0.06 0)
(0.6681818182 0.06 0)
(0.6727272727 0.06 0)
(0.6772727273 0.06 0)
(0.6818181818 0.06 0)
(0.6863636364 0.06 0)
(0.6909090909 0.06 0)
(0.6954545455 0.06 0)
(0.7 0.06 0)
(0.7045454545 0.06 0)
(0.7090909091 0.06 0)
(0.7136363636 0.06 0)
(0.7181818182 0.06 0)
(0.7227272727 0.06 0)
(0.7272727273 0.06 0)
(0.7318181818 0.06 0)
(0.7363636364 0.06 0)
(0.7409090909 0.06 0)
(0.7454545455 0.06 0)
(0.75 0.06 0)
(0.7545454545 0.06 0)
(0.7590909091 0.06 0)
(0.7636363636 0.06 0)
(0.7681818182 0.06 0)
(0.7727272727 0.06 0)
(0.7772727273 0.06 0)
(0.7818181818 0.06 0)
(0.7863636364 0.06 0)
(0.7909090909 0.06 0)
(0.7954545455 0.06 0)
(0.8 0.06 0)
(0.8045454545 0.06 0)
(0.8090909091 0.06 0)
(0.8136363636 0.06 0)
(0.8181818182 0.06 0)
(0.8227272727 0.06 0)
(0.8272727273 0.06 0)
(0.8318181818 0.06 0)
(0.8363636364 0.06 0)
(0.8409090909 0.06 0)
(0.8454545455 0.06 0)
(0.85 0.06 0)
(0.8545454545 0.06 0)
(0.8590909091 0.06 0)
(0.8636363636 0.06 0)
(0.8681818182 0.06 0)
(0.8727272727 0.06 0)
(0.8772727273 0.06 0)
(0.8818181818 0.06 0)
(0.8863636364 0.06 0)
(0.8909090909 0.06 0)
(0.8954545455 0.06 0)
(0.9 0.06 0)
(0.9045454545 0.06 0)
(0.9090909091 0.06 0)
(0.9136363636 0.06 0)
(0.9181818182 0.06 0)
(0.9227272727 0.06 0)
(0.9272727273 0.06 0)
(0.9318181818 0.06 0)
(0.9363636364 0.06 0)
(0.9409090909 0.06 0)
(0.9454545455 0.06 0)
(0.95 0.06 0)
(0.9545454545 0.06 0)
(0.9590909091 0.06 0)
(0.9636363636 0.06 0)
(0.9681818182 0.06 0)
(0.9727272727 0.06 0)
(0.9772727273 0.06 0)
(0.9818181818 0.06 0)
(0.9863636364 0.06 0)
(0.9909090909 0.06 0)
(0.9954545455 0.06 0)
(1 0.06 0)
(0 0.06666666667 0)
(0.004545454545 0.06666666667 0)
(0.009090909091 0.06666666667 0)
(0.01363636364 0.06666666667 0)
(0.01818181818 0.06666666667 0)
(0.02272727273 0.06666666667 0)
(0.02727272727 0.06666666667 0)
(0.03181818182 0.06666666667 0)
(0.03636363636 0.06666666667 0)
(0.04090909091 0.06666666667 0)
(0.04545454545 0.06666666667 0)
(0.05 0.06666666667 0)
(0.05454545455 0.06666666667 0)
(0.05909090909 0.06666666667 0)
(0.06363636364 0.06666666667 0)
(0.06818181818 0.06666666667 0)
(0.07272727273 0.06666666667 0)
(0.07727272727 0.06666666667 0)
(0.08181818182 0.06666666667 0)
(0.08636363636 0.06666666667 0)
(0.09090909091 0.06666666667 0)
(0.09545454545 0.06666666667 0)
(0.1 0.06666666667 0)
(0.1045454545 0.06666666667 0)
(0.1090909091 0.06666666667 0)
(0.1136363636 0.06666666667 0)
(0.1181818182 0.06666666667 0)
(0.1227272727 0.06666666667 0)
(0.1272727273 0.06666666667 0)
(0.1318181818 0.06666666667 0)
(0.1363636364 0.06666666667 0)
(0.1409090909 0.06666666667 0)
(0.1454545455 0.06666666667 0)
(0.15 0.06666666667 0)
(0.1545454545 0.06666666667 0)
(0.1590909091 0.06666666667 0)
(0.1636363636 0.06666666667 0)
(0.1681818182 0.06666666667 0)
(0.1727272727 0.06666666667 0)
(0.1772727273 0.06666666667 0)
(0.1818181818 0.06666666667 0)
(0.1863636364 0.06666666667 0)
(0.1909090909 0.06666666667 0)
(0.1954545455 0.06666666667 0)
(0.2 0.06666666667 0)
(0.2045454545 0.06666666667 0)
(0.2090909091 0.06666666667 0)
(0.2136363636 0.06666666667 0)
(0.2181818182 0.06666666667 0)
(0.2227272727 0.06666666667 0)
(0.2272727273 0.06666666667 0)
(0.2318181818 0.06666666667 0)
(0.2363636364 0.06666666667 0)
(0.2409090909 0.06666666667 0)
(0.2454545455 0.06666666667 0)
(0.25 0.06666666667 0)
(0.2545454545 0.06666666667 0)
(0.2590909091 0.06666666667 0)
(0.2636363636 0.06666666667 0)
(0.2681818182 0.06666666667 0)
(0.2727272727 0.06666666667 0)
(0.2772727273 0.06666666667 0)
(0.2818181818 0.06666666667 0)
(0.2863636364 0.06666666667 0)
(0.2909090909 0.06666666667 0)
(0.2954545455 0.06666666667 0)
(0.3 0.06666666667 0)
(0.3045454545 0.06666666667 0)
(0.3090909091 0.06666666667 0)
(0.3136363636 0.06666666667 0)
(0.3181818182 0.06666666667 0)
(0.3227272727 0.06666666667 0)
(0.3272727273 0.06666666667 0)
(0.3318181818 0.06666666667 0)
(0.3363636364 0.06666666667 0)
(0.3409090909 0.06666666667 0)
(0.3454545455 0.06666666667 0)
(0.35 0.06666666667 0)
(0.3545454545 0.06666666667 0)
(0.3590909091 0.06666666667 0)
(0.3636363636 0.06666666667 0)
(0.3681818182 0.06666666667 0)
(0.3727272727 0.06666666667 0)
(0.3772727273 0.06666666667 0)
(0.3818181818 0.06666666667 0)
(0.3863636364 0.06666666667 0)
(0.3909090909 0.06666666667 0)
(0.3954545455 0.06666666667 0)
(0.4 0.06666666667 0)
(0.4045454545 0.06666666667 0)
(0.4090909091 0.06666666667 0)
(0.4136363636 0.06666666667 0)
(0.4181818182 0.06666666667 0)
(0.4227272727 0.06666666667 0)
(0.4272727273 0.06666666667 0)
(0.4318181818 0.06666666667 0)
(0.4363636364 0.06666666667 0)
(0.4409090909 0.06666666667 0)
(0.4454545455 0.06666666667 0)
(0.45 0.06666666667 0)
(0.4545454545 0.06666666667 0)
(0.4590909091 0.06666666667 0)
(0.4636363636 0.06666666667 0)
(0.4681818182 0.06666666667 0)
(0.4727272727 0.06666666667 0)
(0.4772727273 0.06666666667 0)
(0.4818181818 0.06666666667 0)
(0.4863636364 0.06666666667 0)
(0.4909090909 0.06666666667 0)
(0.4954545455 0.06666666667 0)
(0.5 0.06666666667 0)
(0.5045454545 0.06666666667 0)
(0.5090909091 0.06666666667 0)
(0.5136363636 0.06666666667 0)
(0.5181818182 0.06666666667 0)
(0.5227272727 0.06666666667 0)
(0.5272727273 0.06666666667 0)
(0.5318181818 0.06666666667 0)
(0.5363636364 0.06666666667 0)
(0.5409090909 0.06666666667 0)
(0.5454545455 0.06666666667 0)
(0.55 0.06666666667 0)
(0.5545454545 0.06666666667 0)
(0.5590909091 0.06666666667 0)
(0.5636363636 0.06666666667 0)
(0.5681818182 0.06666666667 0)
(0.5727272727 0.06666666667 0)
(0.5772727273 0.06666666667 0)
(0.5818181818 0.06666666667 0)
(0.5863636364 0.06666666667 0)
(0.5909090909 0.06666666667 0)
(0.5954545455 0.06666666667 0)
(0.6 0.06666666667 0)
(0.6045454545 0.06666666667 0)
(0.6090909091 0.06666666667 0)
(0.6136363636 0.06666666667 0)
(0.6181818182 0.06666666667 0)
(0.6227272727 0.06666666667 0)
(0.6272727273 0.06666666667 0)
(0.6318181818 0.06666666667 0)
(0.6363636364 0.06666666667 0)
(0.6409090909 0.06666666667 0)
(0.6454545455 0.06666666667 0)
(0.65 0.06666666667 0)
(0.6545454545 0.06666666667 0)
(0.6590909091 0.06666666667 0)
(0.6636363636 0.06666666667 0)
(0.6681818182 0.06666666667 0)
(0.6727272727 0.06666666667 0)
(0.6772727273 0.06666666667 0)
(0.6818181818 0.06666666667 0)
(0.6863636364 0.06666666667 0)
(0.6909090909 0.06666666667 0)
(0.6954545455 0.06666666667 0)
(0.7 0.06666666667 0)
(0.7045454545 0.06666666667 0)
(0.7090909091 0.06666666667 0)
(0.7136363636 0.06666666667 0)
(0.7181818182 0.06666666667 0)
(0.7227272727 0.06666666667 0)
(0.7272727273 0.06666666667 0)
(0.7318181818 0.06666666667 0)
(0.7363636364 0.06666666667 0)
(0.7409090909 0.06666666667 0)
(0.7454545455 0.06666666667 0)
(0.75 0.06666666667 0)
(0.7545454545 0.06666666667 0)
(0.7590909091 0.06666666667 0)
(0.7636363636 0.06666666667 0)
(0.7681818182 0.06666666667 0)
(0.7727272727 0.06666666667 0)
(0.7772727273 0.06666666667 0)
(0.7818181818 0.06666666667 0)
(0.7863636364 0.06666666667 0)
(0.7909090909 0.06666666667 0)
(0.7954545455 0.06666666667 0)
(0.8 0.06666666667 0)
(0.8045454545 0.06666666667 0)
(0.8090909091 0.06666666667 0)
(0.8136363636 0.06666666667 0)
(0.8181818182 0.06666666667 0)
(0.8227272727 0.06666666667 0)
(0.8272727273 0.06666666667 0)
(0.8318181818 0.06666666667 0)
(0.8363636364 0.06666666667 0)
(0.8409090909 0.06666666667 0)
(0.8454545455 0.06666666667 0)
(0.85 0.06666666667 0)
(0.8545454545 0.06666666667 0)
(0.8590909091 0.06666666667 0)
(0.8636363636 0.06666666667 0)
(0.8681818182 0.06666666667 0)
(0.8727272727 0.06666666667 0)
(0.8772727273 0.06666666667 0)
(0.8818181818 0.06666666667 0)
(0.8863636364 0.06666666667 0)
(0.8909090909 0.06666666667 0)
(0.8954545455 0.06666666667 0)
(0.9 0.06666666667 0)
(0.9045454545 0.06666666667 0)
(0.9090909091 0.06666666667 0)
(0.9136363636 0.06666666667 0)
(0.9181818182 0.06666666667 0)
(0.9227272727 0.06666666667 0)
(0.9272727273 0.06666666667 0)
(0.9318181818 0.06666666667 0)
(0.9363636364 0.06666666667 0)
(0.9409090909 0.06666666667 0)
(0.9454545455 0.06666666667 0)
(0.95 0.06666666667 0)
(0.9545454545 0.06666666667 0)
(0.9590909091 0.06666666667 0)
(0.9636363636 0.06666666667 0)
(0.9681818182 0.06666666667 0)
(0.9727272727 0.06666666667 0)
(0.9772727273 0.06666666667 0)
(0.9818181818 0.06666666667 0)
(0.9863636364 0.06666666667 0)
(0.9909090909 0.06666666667 0)
(0.9954545455 0.06666666667 0)
(1 0.06666666667 0)
(0 0.07333333333 0)
(0.004545454545 0.07333333333 0)
(0.009090909091 0.07333333333 0)
(0.01363636364 0.07333333333 0)
(0.01818181818 0.07333333333 0)
(0.02272727273 0.07333333333 0)
(0.02727272727 0.07333333333 0)
(0.03181818182 0.07333333333 0)
(0.03636363636 0.07333333333 0)
(0.04090909091 0.07333333333 0)
(0.04545454545 0.07333333333 0)
(0.05 0.07333333333 0)
(0.05454545455 0.07333333333 0)
(0.05909090909 0.07333333333 0)
(0.06363636364 0.07333333333 0)
(0.06818181818 0.07333333333 0)
(0.07272727273 0.07333333333 0)
(0.07727272727 0.07333333333 0)
(0.08181818182 0.07333333333 0)
(0.08636363636 0.07333333333 0)
(0.09090909091 0.07333333333 0)
(0.09545454545 0.07333333333 0)
(0.1 0.07333333333 0)
(0.1045454545 0.07333333333 0)
(0.1090909091 0.07333333333 0)
(0.1136363636 0.07333333333 0)
(0.1181818182 0.07333333333 0)
(0.1227272727 0.07333333333 0)
(0.1272727273 0.07333333333 0)
(0.1318181818 0.07333333333 0)
(0.1363636364 0.07333333333 0)
(0.1409090909 0.07333333333 0)
(0.1454545455 0.07333333333 0)
(0.15 0.07333333333 0)
(0.1545454545 0.07333333333 0)
(0.1590909091 0.07333333333 0)
(0.1636363636 0.07333333333 0)
(0.1681818182 0.07333333333 0)
(0.1727272727 0.07333333333 0)
(0.1772727273 0.07333333333 0)
(0.1818181818 0.07333333333 0)
(0.1863636364 0.07333333333 0)
(0.1909090909 0.07333333333 0)
(0.1954545455 0.07333333333 0)
(0.2 0.07333333333 0)
(0.2045454545 0.07333333333 0)
(0.2090909091 0.07333333333 0)
(0.2136363636 0.07333333333 0)
(0.2181818182 0.07333333333 0)
(0.2227272727 0.07333333333 0)
(0.2272727273 0.07333333333 0)
(0.2318181818 0.07333333333 0)
(0.2363636364 0.07333333333 0)
(0.2409090909 0.07333333333 0)
(0.2454545455 0.07333333333 0)
(0.25 0.07333333333 0)
(0.2545454545 0.07333333333 0)
(0.2590909091 0.07333333333 0)
(0.2636363636 0.07333333333 0)
(0.2681818182 0.07333333333 0)
(0.2727272727 0.07333333333 0)
(0.2772727273 0.07333333333 0)
(0.2818181818 0.07333333333 0)
(0.2863636364 0.07333333333 0)
(0.2909090909 0.07333333333 0)
(0.2954545455 0.07333333333 0)
(0.3 0.07333333333 0)
(0.3045454545 0.07333333333 0)
(0.3090909091 0.07333333333 0)
(0.3136363636 0.07333333333 0)
(0.3181818182 0.07333333333 0)
(0.3227272727 0.07333333333 0)
(0.3272727273 0.07333333333 0)
(0.3318181818 0.07333333333 0)
(0.3363636364 0.07333333333 0)
(0.3409090909 0.07333333333 0)
(0.3454545455 0.07333333333 0)
(0.35 0.07333333333 0)
(0.3545454545 0.07333333333 0)
(0.3590909091 0.07333333333 0)
(0.3636363636 0.07333333333 0)
(0.3681818182 0.07333333333 0)
(0.3727272727 0.07333333333 0)
(0.3772727273 0.07333333333 0)
(0.3818181818 0.07333333333 0)
(0.3863636364 0.07333333333 0)
(0.3909090909 0.07333333333 0)
(0.3954545455 0.07333333333 0)
(0.4 0.07333333333 0)
(0.4045454545 0.07333333333 0)
(0.4090909091 0.07333333333 0)
(0.4136363636 0.07333333333 0)
(0.4181818182 0.07333333333 0)
(0.4227272727 0.07333333333 0)
(0.4272727273 0.07333333333 0)
(0.4318181818 0.07333333333 0)
(0.4363636364 0.07333333333 0)
(0.4409090909 0.07333333333 0)
(0.4454545455 0.07333333333 0)
(0.45 0.07333333333 0)
(0.4545454545 0.07333333333 0)
(0.4590909091 0.07333333333 0)
(0.4636363636 0.07333333333 0)
(0.4681818182 0.07333333333 0)
(0.4727272727 0.07333333333 0)
(0.4772727273 0.07333333333 0)
(0.4818181818 0.07333333333 0)
(0.4863636364 0.07333333333 0)
(0.4909090909 0.07333333333 0)
(0.4954545455 0.07333333333 0)
(0.5 0.07333333333 0)
(0.5045454545 0.07333333333 0)
(0.5090909091 0.07333333333 0)
(0.5136363636 0.07333333333 0)
(0.5181818182 0.07333333333 0)
(0.5227272727 0.07333333333 0)
(0.5272727273 0.07333333333 0)
(0.5318181818 0.07333333333 0)
(0.5363636364 0.07333333333 0)
(0.5409090909 0.07333333333 0)
(0.5454545455 0.07333333333 0)
(0.55 0.07333333333 0)
(0.5545454545 0.07333333333 0)
(0.5590909091 0.07333333333 0)
(0.5636363636 0.07333333333 0)
(0.5681818182 0.07333333333 0)
(0.5727272727 0.07333333333 0)
(0.5772727273 0.07333333333 0)
(0.5818181818 0.07333333333 0)
(0.5863636364 0.07333333333 0)
(0.5909090909 0.07333333333 0)
(0.5954545455 0.07333333333 0)
(0.6 0.07333333333 0)
(0.6045454545 0.07333333333 0)
(0.6090909091 0.07333333333 0)
(0.6136363636 0.07333333333 0)
(0.6181818182 0.07333333333 0)
(0.6227272727 0.07333333333 0)
(0.6272727273 0.07333333333 0)
(0.6318181818 0.07333333333 0)
(0.6363636364 0.07333333333 0)
(0.6409090909 0.07333333333 0)
(0.6454545455 0.07333333333 0)
(0.65 0.07333333333 0)
(0.6545454545 0.07333333333 0)
(0.6590909091 0.07333333333 0)
(0.6636363636 0.07333333333 0)
(0.6681818182 0.07333333333 0)
(0.6727272727 0.07333333333 0)
(0.6772727273 0.07333333333 0)
(0.6818181818 0.07333333333 0)
(0.6863636364 0.07333333333 0)
(0.6909090909 0.07333333333 0)
(0.6954545455 0.07333333333 0)
(0.7 0.07333333333 0)
(0.7045454545 0.07333333333 0)
(0.7090909091 0.07333333333 0)
(0.7136363636 0.07333333333 0)
(0.7181818182 0.07333333333 0)
(0.7227272727 0.07333333333 0)
(0.7272727273 0.07333333333 0)
(0.7318181818 0.07333333333 0)
(0.7363636364 0.07333333333 0)
(0.7409090909 0.07333333333 0)
(0.7454545455 0.07333333333 0)
(0.75 0.07333333333 0)
(0.7545454545 0.07333333333 0)
(0.7590909091 0.07333333333 0)
(0.7636363636 0.07333333333 0)
(0.7681818182 0.07333333333 0)
(0.7727272727 0.07333333333 0)
(0.7772727273 0.07333333333 0)
(0.7818181818 0.07333333333 0)
(0.7863636364 0.07333333333 0)
(0.7909090909 0.07333333333 0)
(0.7954545455 0.07333333333 0)
(0.8 0.07333333333 0)
(0.8045454545 0.07333333333 0)
(0.8090909091 0.07333333333 0)
(0.8136363636 0.07333333333 0)
(0.8181818182 0.07333333333 0)
(0.8227272727 0.07333333333 0)
(0.8272727273 0.07333333333 0)
(0.8318181818 0.07333333333 0)
(0.8363636364 0.07333333333 0)
(0.8409090909 0.07333333333 0)
(0.8454545455 0.07333333333 0)
(0.85 0.07333333333 0)
(0.8545454545 0.07333333333 0)
(0.8590909091 0.07333333333 0)
(0.8636363636 0.07333333333 0)
(0.8681818182 0.07333333333 0)
(0.8727272727 0.07333333333 0)
(0.8772727273 0.07333333333 0)
(0.8818181818 0.07333333333 0)
(0.8863636364 0.07333333333 0)
(0.8909090909 0.07333333333 0)
(0.8954545455 0.07333333333 0)
(0.9 0.07333333333 0)
(0.9045454545 0.07333333333 0)
(0.9090909091 0.07333333333 0)
(0.9136363636 0.07333333333 0)
(0.9181818182 0.07333333333 0)
(0.9227272727 0.07333333333 0)
(0.9272727273 0.07333333333 0)
(0.9318181818 0.07333333333 0)
(0.9363636364 0.07333333333 0)
(0.9409090909 0.07333333333 0)
(0.9454545455 0.07333333333 0)
(0.95 0.07333333333 0)
(0.9545454545 0.07333333333 0)
(0.9590909091 0.07333333333 0)
(0.9636363636 0.07333333333 0)
(0.9681818182 0.07333333333 0)
(0.9727272727 0.07333333333 0)
(0.9772727273 0.07333333333 0)
(0.9818181818 0.07333333333 0)
(0.9863636364 0.07333333333 0)
(0.9909090909 0.07333333333 0)
(0.9954545455 0.07333333333 0)
(1 0.07333333333 0)
(0 0.08 0)
(0.004545454545 0.08 0)
(0.009090909091 0.08 0)
(0.01363636364 0.08 0)
(0.01818181818 0.08 0)
(0.02272727273 0.08 0)
(0.02727272727 0.08 0)
(0.03181818182 0.08 0)
(0.03636363636 0.08 0)
(0.04090909091 0.08 0)
(0.04545454545 0.08 0)
(0.05 0.08 0)
(0.05454545455 0.08 0)
(0.05909090909 0.08 0)
(0.06363636364 0.08 0)
(0.06818181818 0.08 0)
(0.07272727273 0.08 0)
(0.07727272727 0.08 0)
(0.08181818182 0.08 0)
(0.08636363636 0.08 0)
(0.09090909091 0.08 0)
(0.09545454545 0.08 0)
(0.1 0.08 0)
(0.1045454545 0.08 0)
(0.1090909091 0.08 0)
(0.1136363636 0.08 0)
(0.1181818182 0.08 0)
(0.1227272727 0.08 0)
(0.1272727273 0.08 0)
(0.1318181818 0.08 0)
(0.1363636364 0.08 0)
(0.1409090909 0.08 0)
(0.1454545455 0.08 0)
(0.15 0.08 0)
(0.1545454545 0.08 0)
(0.1590909091 0.08 0)
(0.1636363636 0.08 0)
(0.1681818182 0.08 0)
(0.1727272727 0.08 0)
(0.1772727273 0.08 0)
(0.1818181818 0.08 0)
(0.1863636364 0.08 0)
(0.1909090909 0.08 0)
(0.1954545455 0.08 0)
(0.2 0.08 0)
(0.2045454545 0.08 0)
(0.2090909091 0.08 0)
(0.2136363636 0.08 0)
(0.2181818182 0.08 0)
(0.2227272727 0.08 0)
(0.2272727273 0.08 0)
(0.2318181818 0.08 0)
(0.2363636364 0.08 0)
(0.2409090909 0.08 0)
(0.2454545455 0.08 0)
(0.25 0.08 0)
(0.2545454545 0.08 0)
(0.2590909091 0.08 0)
(0.2636363636 0.08 0)
(0.2681818182 0.08 0)
(0.2727272727 0.08 0)
(0.2772727273 0.08 0)
(0.2818181818 0.08 0)
(0.2863636364 0.08 0)
(0.2909090909 0.08 0)
(0.2954545455 0.08 0)
(0.3 0.08 0)
(0.3045454545 0.08 0)
(0.3090909091 0.08 0)
(0.3136363636 0.08 0)
(0.3181818182 0.08 0)
(0.3227272727 0.08 0)
(0.3272727273 0.08 0)
(0.3318181818 0.08 0)
(0.3363636364 0.08 0)
(0.3409090909 0.08 0)
(0.3454545455 0.08 0)
(0.35 0.08 0)
(0.3545454545 0.08 0)
(0.3590909091 0.08 0)
(0.3636363636 0.08 0)
(0.3681818182 0.08 0)
(0.3727272727 0.08 0)
(0.3772727273 0.08 0)
(0.3818181818 0.08 0)
(0.3863636364 0.08 0)
(0.3909090909 0.08 0)
(0.3954545455 0.08 0)
(0.4 0.08 0)
(0.4045454545 0.08 0)
(0.4090909091 0.08 0)
(0.4136363636 0.08 0)
(0.4181818182 0.08 0)
(0.4227272727 0.08 0)
(0.4272727273 0.08 0)
(0.4318181818 0.08 0)
(0.4363636364 0.08 0)
(0.4409090909 0.08 0)
(0.4454545455 0.08 0)
(0.45 0.08 0)
(0.4545454545 0.08 0)
(0.4590909091 0.08 0)
(0.4636363636 0.08 0)
(0.4681818182 0.08 0)
(0.4727272727 0.08 0)
(0.4772727273 0.08 0)
(0.4818181818 0.08 0)
(0.4863636364 0.08 0)
(0.4909090909 0.08 0)
(0.4954545455 0.08 0)
(0.5 0.08 0)
(0.5045454545 0.08 0)
(0.5090909091 0.08 0)
(0.5136363636 0.08 0)
(0.5181818182 0.08 0)
(0.5227272727 0.08 0)
(0.5272727273 0.08 0)
(0.5318181818 0.08 0)
(0.5363636364 0.08 0)
(0.5409090909 0.08 0)
(0.5454545455 0.08 0)
(0.55 0.08 0)
(0.5545454545 0.08 0)
(0.5590909091 0.08 0)
(0.5636363636 0.08 0)
(0.5681818182 0.08 0)
(0.5727272727 0.08 0)
(0.5772727273 0.08 0)
(0.5818181818 0.08 0)
(0.5863636364 0.08 0)
(0.5909090909 0.08 0)
(0.5954545455 0.08 0)
(0.6 0.08 0)
(0.6045454545 0.08 0)
(0.6090909091 0.08 0)
(0.6136363636 0.08 0)
(0.6181818182 0.08 0)
(0.6227272727 0.08 0)
(0.6272727273 0.08 0)
(0.6318181818 0.08 0)
(0.6363636364 0.08 0)
(0.6409090909 0.08 0)
(0.6454545455 0.08 0)
(0.65 0.08 0)
(0.6545454545 0.08 0)
(0.6590909091 0.08 0)
(0.6636363636 0.08 0)
(0.6681818182 0.08 0)
(0.6727272727 0.08 0)
(0.6772727273 0.08 0)
(0.6818181818 0.08 0)
(0.6863636364 0.08 0)
(0.6909090909 0.08 0)
(0.6954545455 0.08 0)
(0.7 0.08 0)
(0.7045454545 0.08 0)
(0.7090909091 0.08 0)
(0.7136363636 0.08 0)
(0.7181818182 0.08 0)
(0.7227272727 0.08 0)
(0.7272727273 0.08 0)
(0.7318181818 0.08 0)
(0.7363636364 0.08 0)
(0.7409090909 0.08 0)
(0.7454545455 0.08 0)
(0.75 0.08 0)
(0.7545454545 0.08 0)
(0.7590909091 0.08 0)
(0.7636363636 0.08 0)
(0.7681818182 0.08 0)
(0.7727272727 0.08 0)
(0.7772727273 0.08 0)
(0.7818181818 0.08 0)
(0.7863636364 0.08 0)
(0.7909090909 0.08 0)
(0.7954545455 0.08 0)
(0.8 0.08 0)
(0.8045454545 0.08 0)
(0.8090909091 0.08 0)
(0.8136363636 0.08 0)
(0.8181818182 0.08 0)
(0.8227272727 0.08 0)
(0.8272727273 0.08 0)
(0.8318181818 0.08 0)
(0.8363636364 0.08 0)
(0.8409090909 0.08 0)
(0.8454545455 0.08 0)
(0.85 0.08 0)
(0.8545454545 0.08 0)
(0.8590909091 0.08 0)
(0.8636363636 0.08 0)
(0.8681818182 0.08 0)
(0.8727272727 0.08 0)
(0.8772727273 0.08 0)
(0.8818181818 0.08 0)
(0.8863636364 0.08 0)
(0.8909090909 0.08 0)
(0.8954545455 0.08 0)
(0.9 0.08 0)
(0.9045454545 0.08 0)
(0.9090909091 0.08 0)
(0.9136363636 0.08 0)
(0.9181818182 0.08 0)
(0.9227272727 0.08 0)
(0.9272727273 0.08 0)
(0.9318181818 0.08 0)
(0.9363636364 0.08 0)
(0.9409090909 0.08 0)
(0.9454545455 0.08 0)
(0.95 0.08 0)
(0.9545454545 0.08 0)
(0.9590909091 0.08 0)
(0.9636363636 0.08 0)
(0.9681818182 0.08 0)
(0.9727272727 0.08 0)
(0.9772727273 0.08 0)
(0.9818181818 0.08 0)
(0.9863636364 0.08 0)
(0.9909090909 0.08 0)
(0.9954545455 0.08 0)
(1 0.08 0)
(0 0.08666666667 0)
(0.004545454545 0.08666666667 0)
(0.009090909091 0.08666666667 0)
(0.01363636364 0.08666666667 0)
(0.01818181818 0.08666666667 0)
(0.02272727273 0.08666666667 0)
(0.02727272727 0.08666666667 0)
(0.03181818182 0.08666666667 0)
(0.03636363636 0.08666666667 0)
(0.04090909091 0.08666666667 0)
(0.04545454545 0.08666666667 0)
(0.05 0.08666666667 0)
(0.05454545455 0.08666666667 0)
(0.05909090909 0.08666666667 0)
(0.06363636364 0.08666666667 0)
(0.06818181818 0.08666666667 0)
(0.07272727273 0.08666666667 0)
(0.07727272727 0.08666666667 0)
(0.08181818182 0.08666666667 0)
(0.08636363636 0.08666666667 0)
(0.09090909091 0.08666666667 0)
(0.09545454545 0.08666666667 0)
(0.1 0.08666666667 0)
(0.1045454545 0.08666666667 0)
(0.1090909091 0.08666666667 0)
(0.1136363636 0.08666666667 0)
(0.1181818182 0.08666666667 0)
(0.1227272727 0.08666666667 0)
(0.1272727273 0.08666666667 0)
(0.1318181818 0.08666666667 0)
(0.1363636364 0.08666666667 0)
(0.1409090909 0.08666666667 0)
(0.1454545455 0.08666666667 0)
(0.15 0.08666666667 0)
(0.1545454545 0.08666666667 0)
(0.1590909091 0.08666666667 0)
(0.1636363636 0.08666666667 0)
(0.1681818182 0.08666666667 0)
(0.1727272727 0.08666666667 0)
(0.1772727273 0.08666666667 0)
(0.1818181818 0.08666666667 0)
(0.1863636364 0.08666666667 0)
(0.1909090909 0.08666666667 0)
(0.1954545455 0.08666666667 0)
(0.2 0.08666666667 0)
(0.2045454545 0.08666666667 0)
(0.2090909091 0.08666666667 0)
(0.2136363636 0.08666666667 0)
(0.2181818182 0.08666666667 0)
(0.2227272727 0.08666666667 0)
(0.2272727273 0.08666666667 0)
(0.2318181818 0.08666666667 0)
(0.2363636364 0.08666666667 0)
(0.2409090909 0.08666666667 0)
(0.2454545455 0.08666666667 0)
(0.25 0.08666666667 0)
(0.2545454545 0.08666666667 0)
(0.2590909091 0.08666666667 0)
(0.2636363636 0.08666666667 0)
(0.2681818182 0.08666666667 0)
(0.2727272727 0.08666666667 0)
(0.2772727273 0.08666666667 0)
(0.2818181818 0.08666666667 0)
(0.2863636364 0.08666666667 0)
(0.2909090909 0.08666666667 0)
(0.2954545455 0.08666666667 0)
(0.3 0.08666666667 0)
(0.3045454545 0.08666666667 0)
(0.3090909091 0.08666666667 0)
(0.3136363636 0.08666666667 0)
(0.3181818182 0.08666666667 0)
(0.3227272727 0.08666666667 0)
(0.3272727273 0.08666666667 0)
(0.3318181818 0.08666666667 0)
(0.3363636364 0.08666666667 0)
(0.3409090909 0.08666666667 0)
(0.3454545455 0.08666666667 0)
(0.35 0.08666666667 0)
(0.3545454545 0.08666666667 0)
(0.3590909091 0.08666666667 0)
(0.3636363636 0.08666666667 0)
(0.3681818182 0.08666666667 0)
(0.3727272727 0.08666666667 0)
(0.3772727273 0.08666666667 0)
(0.3818181818 0.08666666667 0)
(0.3863636364 0.08666666667 0)
(0.3909090909 0.08666666667 0)
(0.3954545455 0.08666666667 0)
(0.4 0.08666666667 0)
(0.4045454545 0.08666666667 0)
(0.4090909091 0.08666666667 0)
(0.4136363636 0.08666666667 0)
(0.4181818182 0.08666666667 0)
(0.4227272727 0.08666666667 0)
(0.4272727273 0.08666666667 0)
(0.4318181818 0.08666666667 0)
(0.4363636364 0.08666666667 0)
(0.4409090909 0.08666666667 0)
(0.4454545455 0.08666666667 0)
(0.45 0.08666666667 0)
(0.4545454545 0.08666666667 0)
(0.4590909091 0.08666666667 0)
(0.4636363636 0.08666666667 0)
(0.4681818182 0.08666666667 0)
(0.4727272727 0.08666666667 0)
(0.4772727273 0.08666666667 0)
(0.4818181818 0.08666666667 0)
(0.4863636364 0.08666666667 0)
(0.4909090909 0.08666666667 0)
(0.4954545455 0.08666666667 0)
(0.5 0.08666666667 0)
(0.5045454545 0.08666666667 0)
(0.5090909091 0.08666666667 0)
(0.5136363636 0.08666666667 0)
(0.5181818182 0.08666666667 0)
(0.5227272727 0.08666666667 0)
(0.5272727273 0.08666666667 0)
(0.5318181818 0.08666666667 0)
(0.5363636364 0.08666666667 0)
(0.5409090909 0.08666666667 0)
(0.5454545455 0.08666666667 0)
(0.55 0.08666666667 0)
(0.5545454545 0.08666666667 0)
(0.5590909091 0.08666666667 0)
(0.5636363636 0.08666666667 0)
(0.5681818182 0.08666666667 0)
(0.5727272727 0.08666666667 0)
(0.5772727273 0.08666666667 0)
(0.5818181818 0.08666666667 0)
(0.5863636364 0.08666666667 0)
(0.5909090909 0.08666666667 0)
(0.5954545455 0.08666666667 0)
(0.6 0.08666666667 0)
(0.6045454545 0.08666666667 0)
(0.6090909091 0.08666666667 0)
(0.6136363636 0.08666666667 0)
(0.6181818182 0.08666666667 0)
(0.6227272727 0.08666666667 0)
(0.6272727273 0.08666666667 0)
(0.6318181818 0.08666666667 0)
(0.6363636364 0.08666666667 0)
(0.6409090909 0.08666666667 0)
(0.6454545455 0.08666666667 0)
(0.65 0.08666666667 0)
(0.6545454545 0.08666666667 0)
(0.6590909091 0.08666666667 0)
(0.6636363636 0.08666666667 0)
(0.6681818182 0.08666666667 0)
(0.6727272727 0.08666666667 0)
(0.6772727273 0.08666666667 0)
(0.6818181818 0.08666666667 0)
(0.6863636364 0.08666666667 0)
(0.6909090909 0.08666666667 0)
(0.6954545455 0.08666666667 0)
(0.7 0.08666666667 0)
(0.7045454545 0.08666666667 0)
(0.7090909091 0.08666666667 0)
(0.7136363636 0.08666666667 0)
(0.7181818182 0.08666666667 0)
(0.7227272727 0.08666666667 0)
(0.7272727273 0.08666666667 0)
(0.7318181818 0.08666666667 0)
(0.7363636364 0.08666666667 0)
(0.7409090909 0.08666666667 0)
(0.7454545455 0.08666666667 0)
(0.75 0.08666666667 0)
(0.7545454545 0.08666666667 0)
(0.7590909091 0.08666666667 0)
(0.7636363636 0.08666666667 0)
(0.7681818182 0.08666666667 0)
(0.7727272727 0.08666666667 0)
(0.7772727273 0.08666666667 0)
(0.7818181818 0.08666666667 0)
(0.7863636364 0.08666666667 0)
(0.7909090909 0.08666666667 0)
(0.7954545455 0.08666666667 0)
(0.8 0.08666666667 0)
(0.8045454545 0.08666666667 0)
(0.8090909091 0.08666666667 0)
(0.8136363636 0.08666666667 0)
(0.8181818182 0.08666666667 0)
(0.8227272727 0.08666666667 0)
(0.8272727273 0.08666666667 0)
(0.8318181818 0.08666666667 0)
(0.8363636364 0.08666666667 0)
(0.8409090909 0.08666666667 0)
(0.8454545455 0.08666666667 0)
(0.85 0.08666666667 0)
(0.8545454545 0.08666666667 0)
(0.8590909091 0.08666666667 0)
(0.8636363636 0.08666666667 0)
(0.8681818182 0.08666666667 0)
(0.8727272727 0.08666666667 0)
(0.8772727273 0.08666666667 0)
(0.8818181818 0.08666666667 0)
(0.8863636364 0.08666666667 0)
(0.8909090909 0.08666666667 0)
(0.8954545455 0.08666666667 0)
(0.9 0.08666666667 0)
(0.9045454545 0.08666666667 0)
(0.9090909091 0.08666666667 0)
(0.9136363636 0.08666666667 0)
(0.9181818182 0.08666666667 0)
(0.9227272727 0.08666666667 0)
(0.9272727273 0.08666666667 0)
(0.9318181818 0.08666666667 0)
(0.9363636364 0.08666666667 0)
(0.9409090909 0.08666666667 0)
(0.9454545455 0.08666666667 0)
(0.95 0.08666666667 0)
(0.9545454545 0.08666666667 0)
(0.9590909091 0.08666666667 0)
(0.9636363636 0.08666666667 0)
(0.9681818182 0.08666666667 0)
(0.9727272727 0.08666666667 0)
(0.9772727273 0.08666666667 0)
(0.9818181818 0.08666666667 0)
(0.9863636364 0.08666666667 0)
(0.9909090909 0.08666666667 0)
(0.9954545455 0.08666666667 0)
(1 0.08666666667 0)
(0 0.09333333333 0)
(0.004545454545 0.09333333333 0)
(0.009090909091 0.09333333333 0)
(0.01363636364 0.09333333333 0)
(0.01818181818 0.09333333333 0)
(0.02272727273 0.09333333333 0)
(0.02727272727 0.09333333333 0)
(0.03181818182 0.09333333333 0)
(0.03636363636 0.09333333333 0)
(0.04090909091 0.09333333333 0)
(0.04545454545 0.09333333333 0)
(0.05 0.09333333333 0)
(0.05454545455 0.09333333333 0)
(0.05909090909 0.09333333333 0)
(0.06363636364 0.09333333333 0)
(0.06818181818 0.09333333333 0)
(0.07272727273 0.09333333333 0)
(0.07727272727 0.09333333333 0)
(0.08181818182 0.09333333333 0)
(0.08636363636 0.09333333333 0)
(0.09090909091 0.09333333333 0)
(0.09545454545 0.09333333333 0)
(0.1 0.09333333333 0)
(0.1045454545 0.09333333333 0)
(0.1090909091 0.09333333333 0)
(0.1136363636 0.09333333333 0)
(0.1181818182 0.09333333333 0)
(0.1227272727 0.09333333333 0)
(0.1272727273 0.09333333333 0)
(0.1318181818 0.09333333333 0)
(0.1363636364 0.09333333333 0)
(0.1409090909 0.09333333333 0)
(0.1454545455 0.09333333333 0)
(0.15 0.09333333333 0)
(0.1545454545 0.09333333333 0)
(0.1590909091 0.09333333333 0)
(0.1636363636 0.09333333333 0)
(0.1681818182 0.09333333333 0)
(0.1727272727 0.09333333333 0)
(0.1772727273 0.09333333333 0)
(0.1818181818 0.09333333333 0)
(0.1863636364 0.09333333333 0)
(0.1909090909 0.09333333333 0)
(0.1954545455 0.09333333333 0)
(0.2 0.09333333333 0)
(0.2045454545 0.09333333333 0)
(0.2090909091 0.09333333333 0)
(0.2136363636 0.09333333333 0)
(0.2181818182 0.09333333333 0)
(0.2227272727 0.09333333333 0)
(0.2272727273 0.09333333333 0)
(0.2318181818 0.09333333333 0)
(0.2363636364 0.09333333333 0)
(0.2409090909 0.09333333333 0)
(0.2454545455 0.09333333333 0)
(0.25 0.09333333333 0)
(0.2545454545 0.09333333333 0)
(0.2590909091 0.09333333333 0)
(0.2636363636 0.09333333333 0)
(0.2681818182 0.09333333333 0)
(0.2727272727 0.09333333333 0)
(0.2772727273 0.09333333333 0)
(0.2818181818 0.09333333333 0)
(0.2863636364 0.09333333333 0)
(0.2909090909 0.09333333333 0)
(0.2954545455 0.09333333333 0)
(0.3 0.09333333333 0)
(0.3045454545 0.09333333333 0)
(0.3090909091 0.09333333333 0)
(0.3136363636 0.09333333333 0)
(0.3181818182 0.09333333333 0)
(0.3227272727 0.09333333333 0)
(0.3272727273 0.09333333333 0)
(0.3318181818 0.09333333333 0)
(0.3363636364 0.09333333333 0)
(0.3409090909 0.09333333333 0)
(0.3454545455 0.09333333333 0)
(0.35 0.09333333333 0)
(0.3545454545 0.09333333333 0)
(0.3590909091 0.09333333333 0)
(0.3636363636 0.09333333333 0)
(0.3681818182 0.09333333333 0)
(0.3727272727 0.09333333333 0)
(0.3772727273 0.09333333333 0)
(0.3818181818 0.09333333333 0)
(0.3863636364 0.09333333333 0)
(0.3909090909 0.09333333333 0)
(0.3954545455 0.09333333333 0)
(0.4 0.09333333333 0)
(0.4045454545 0.09333333333 0)
(0.4090909091 0.09333333333 0)
(0.4136363636 0.09333333333 0)
(0.4181818182 0.09333333333 0)
(0.4227272727 0.09333333333 0)
(0.4272727273 0.09333333333 0)
(0.4318181818 0.09333333333 0)
(0.4363636364 0.09333333333 0)
(0.4409090909 0.09333333333 0)
(0.4454545455 0.09333333333 0)
(0.45 0.09333333333 0)
(0.4545454545 0.09333333333 0)
(0.4590909091 0.09333333333 0)
(0.4636363636 0.09333333333 0)
(0.4681818182 0.09333333333 0)
(0.4727272727 0.09333333333 0)
(0.4772727273 0.09333333333 0)
(0.4818181818 0.09333333333 0)
(0.4863636364 0.09333333333 0)
(0.4909090909 0.09333333333 0)
(0.4954545455 0.09333333333 0)
(0.5 0.09333333333 0)
(0.5045454545 0.09333333333 0)
(0.5090909091 0.09333333333 0)
(0.5136363636 0.09333333333 0)
(0.5181818182 0.09333333333 0)
(0.5227272727 0.09333333333 0)
(0.5272727273 0.09333333333 0)
(0.5318181818 0.09333333333 0)
(0.5363636364 0.09333333333 0)
(0.5409090909 0.09333333333 0)
(0.5454545455 0.09333333333 0)
(0.55 0.09333333333 0)
(0.5545454545 0.09333333333 0)
(0.5590909091 0.09333333333 0)
(0.5636363636 0.09333333333 0)
(0.5681818182 0.09333333333 0)
(0.5727272727 0.09333333333 0)
(0.5772727273 0.09333333333 0)
(0.5818181818 0.09333333333 0)
(0.5863636364 0.09333333333 0)
(0.5909090909 0.09333333333 0)
(0.5954545455 0.09333333333 0)
(0.6 0.09333333333 0)
(0.6045454545 0.09333333333 0)
(0.6090909091 0.09333333333 0)
(0.6136363636 0.09333333333 0)
(0.6181818182 0.09333333333 0)
(0.6227272727 0.09333333333 0)
(0.6272727273 0.09333333333 0)
(0.6318181818 0.09333333333 0)
(0.6363636364 0.09333333333 0)
(0.6409090909 0.09333333333 0)
(0.6454545455 0.09333333333 0)
(0.65 0.09333333333 0)
(0.6545454545 0.09333333333 0)
(0.6590909091 0.09333333333 0)
(0.6636363636 0.09333333333 0)
(0.6681818182 0.09333333333 0)
(0.6727272727 0.09333333333 0)
(0.6772727273 0.09333333333 0)
(0.6818181818 0.09333333333 0)
(0.6863636364 0.09333333333 0)
(0.6909090909 0.09333333333 0)
(0.6954545455 0.09333333333 0)
(0.7 0.09333333333 0)
(0.7045454545 0.09333333333 0)
(0.7090909091 0.09333333333 0)
(0.7136363636 0.09333333333 0)
(0.7181818182 0.09333333333 0)
(0.7227272727 0.09333333333 0)
(0.7272727273 0.09333333333 0)
(0.7318181818 0.09333333333 0)
(0.7363636364 0.09333333333 0)
(0.7409090909 0.09333333333 0)
(0.7454545455 0.09333333333 0)
(0.75 0.09333333333 0)
(0.7545454545 0.09333333333 0)
(0.7590909091 0.09333333333 0)
(0.7636363636 0.09333333333 0)
(0.7681818182 0.09333333333 0)
(0.7727272727 0.09333333333 0)
(0.7772727273 0.09333333333 0)
(0.7818181818 0.09333333333 0)
(0.7863636364 0.09333333333 0)
(0.7909090909 0.09333333333 0)
(0.7954545455 0.09333333333 0)
(0.8 0.09333333333 0)
(0.8045454545 0.09333333333 0)
(0.8090909091 0.09333333333 0)
(0.8136363636 0.09333333333 0)
(0.8181818182 0.09333333333 0)
(0.8227272727 0.09333333333 0)
(0.8272727273 0.09333333333 0)
(0.8318181818 0.09333333333 0)
(0.8363636364 0.09333333333 0)
(0.8409090909 0.09333333333 0)
(0.8454545455 0.09333333333 0)
(0.85 0.09333333333 0)
(0.8545454545 0.09333333333 0)
(0.8590909091 0.09333333333 0)
(0.8636363636 0.09333333333 0)
(0.8681818182 0.09333333333 0)
(0.8727272727 0.09333333333 0)
(0.8772727273 0.09333333333 0)
(0.8818181818 0.09333333333 0)
(0.8863636364 0.09333333333 0)
(0.8909090909 0.09333333333 0)
(0.8954545455 0.09333333333 0)
(0.9 0.09333333333 0)
(0.9045454545 0.09333333333 0)
(0.9090909091 0.09333333333 0)
(0.9136363636 0.09333333333 0)
(0.9181818182 0.09333333333 0)
(0.9227272727 0.09333333333 0)
(0.9272727273 0.09333333333 0)
(0.9318181818 0.09333333333 0)
(0.9363636364 0.09333333333 0)
(0.9409090909 0.09333333333 0)
(0.9454545455 0.09333333333 0)
(0.95 0.09333333333 0)
(0.9545454545 0.09333333333 0)
(0.9590909091 0.09333333333 0)
(0.9636363636 0.09333333333 0)
(0.9681818182 0.09333333333 0)
(0.9727272727 0.09333333333 0)
(0.9772727273 0.09333333333 0)
(0.9818181818 0.09333333333 0)
(0.9863636364 0.09333333333 0)
(0.9909090909 0.09333333333 0)
(0.9954545455 0.09333333333 0)
(1 0.09333333333 0)
(0 0.1 0)
(0.004545454545 0.1 0)
(0.009090909091 0.1 0)
(0.01363636364 0.1 0)
(0.01818181818 0.1 0)
(0.02272727273 0.1 0)
(0.02727272727 0.1 0)
(0.03181818182 0.1 0)
(0.03636363636 0.1 0)
(0.04090909091 0.1 0)
(0.04545454545 0.1 0)
(0.05 0.1 0)
(0.05454545455 0.1 0)
(0.05909090909 0.1 0)
(0.06363636364 0.1 0)
(0.06818181818 0.1 0)
(0.07272727273 0.1 0)
(0.07727272727 0.1 0)
(0.08181818182 0.1 0)
(0.08636363636 0.1 0)
(0.09090909091 0.1 0)
(0.09545454545 0.1 0)
(0.1 0.1 0)
(0.1045454545 0.1 0)
(0.1090909091 0.1 0)
(0.1136363636 0.1 0)
(0.1181818182 0.1 0)
(0.1227272727 0.1 0)
(0.1272727273 0.1 0)
(0.1318181818 0.1 0)
(0.1363636364 0.1 0)
(0.1409090909 0.1 0)
(0.1454545455 0.1 0)
(0.15 0.1 0)
(0.1545454545 0.1 0)
(0.1590909091 0.1 0)
(0.1636363636 0.1 0)
(0.1681818182 0.1 0)
(0.1727272727 0.1 0)
(0.1772727273 0.1 0)
(0.1818181818 0.1 0)
(0.1863636364 0.1 0)
(0.1909090909 0.1 0)
(0.1954545455 0.1 0)
(0.2 0.1 0)
(0.2045454545 0.1 0)
(0.2090909091 0.1 0)
(0.2136363636 0.1 0)
(0.2181818182 0.1 0)
(0.2227272727 0.1 0)
(0.2272727273 0.1 0)
(0.2318181818 0.1 0)
(0.2363636364 0.1 0)
(0.2409090909 0.1 0)
(0.2454545455 0.1 0)
(0.25 0.1 0)
(0.2545454545 0.1 0)
(0.2590909091 0.1 0)
(0.2636363636 0.1 0)
(0.2681818182 0.1 0)
(0.2727272727 0.1 0)
(0.2772727273 0.1 0)
(0.2818181818 0.1 0)
(0.2863636364 0.1 0)
(0.2909090909 0.1 0)
(0.2954545455 0.1 0)
(0.3 0.1 0)
(0.3045454545 0.1 0)
(0.3090909091 0.1 0)
(0.3136363636 0.1 0)
(0.3181818182 0.1 0)
(0.3227272727 0.1 0)
(0.3272727273 0.1 0)
(0.3318181818 0.1 0)
(0.3363636364 0.1 0)
(0.3409090909 0.1 0)
(0.3454545455 0.1 0)
(0.35 0.1 0)
(0.3545454545 0.1 0)
(0.3590909091 0.1 0)
(0.3636363636 0.1 0)
(0.3681818182 0.1 0)
(0.3727272727 0.1 0)
(0.3772727273 0.1 0)
(0.3818181818 0.1 0)
(0.3863636364 0.1 0)
(0.3909090909 0.1 0)
(0.3954545455 0.1 0)
(0.4 0.1 0)
(0.4045454545 0.1 0)
(0.4090909091 0.1 0)
(0.4136363636 0.1 0)
(0.4181818182 0.1 0)
(0.4227272727 0.1 0)
(0.4272727273 0.1 0)
(0.4318181818 0.1 0)
(0.4363636364 0.1 0)
(0.4409090909 0.1 0)
(0.4454545455 0.1 0)
(0.45 0.1 0)
(0.4545454545 0.1 0)
(0.4590909091 0.1 0)
(0.4636363636 0.1 0)
(0.4681818182 0.1 0)
(0.4727272727 0.1 0)
(0.4772727273 0.1 0)
(0.4818181818 0.1 0)
(0.4863636364 0.1 0)
(0.4909090909 0.1 0)
(0.4954545455 0.1 0)
(0.5 0.1 0)
(0.5045454545 0.1 0)
(0.5090909091 0.1 0)
(0.5136363636 0.1 0)
(0.5181818182 0.1 0)
(0.5227272727 0.1 0)
(0.5272727273 0.1 0)
(0.5318181818 0.1 0)
(0.5363636364 0.1 0)
(0.5409090909 0.1 0)
(0.5454545455 0.1 0)
(0.55 0.1 0)
(0.5545454545 0.1 0)
(0.5590909091 0.1 0)
(0.5636363636 0.1 0)
(0.5681818182 0.1 0)
(0.5727272727 0.1 0)
(0.5772727273 0.1 0)
(0.5818181818 0.1 0)
(0.5863636364 0.1 0)
(0.5909090909 0.1 0)
(0.5954545455 0.1 0)
(0.6 0.1 0)
(0.6045454545 0.1 0)
(0.6090909091 0.1 0)
(0.6136363636 0.1 0)
(0.6181818182 0.1 0)
(0.6227272727 0.1 0)
(0.6272727273 0.1 0)
(0.6318181818 0.1 0)
(0.6363636364 0.1 0)
(0.6409090909 0.1 0)
(0.6454545455 0.1 0)
(0.65 0.1 0)
(0.6545454545 0.1 0)
(0.6590909091 0.1 0)
(0.6636363636 0.1 0)
(0.6681818182 0.1 0)
(0.6727272727 0.1 0)
(0.6772727273 0.1 0)
(0.6818181818 0.1 0)
(0.6863636364 0.1 0)
(0.6909090909 0.1 0)
(0.6954545455 0.1 0)
(0.7 0.1 0)
(0.7045454545 0.1 0)
(0.7090909091 0.1 0)
(0.7136363636 0.1 0)
(0.7181818182 0.1 0)
(0.7227272727 0.1 0)
(0.7272727273 0.1 0)
(0.7318181818 0.1 0)
(0.7363636364 0.1 0)
(0.7409090909 0.1 0)
(0.7454545455 0.1 0)
(0.75 0.1 0)
(0.7545454545 0.1 0)
(0.7590909091 0.1 0)
(0.7636363636 0.1 0)
(0.7681818182 0.1 0)
(0.7727272727 0.1 0)
(0.7772727273 0.1 0)
(0.7818181818 0.1 0)
(0.7863636364 0.1 0)
(0.7909090909 0.1 0)
(0.7954545455 0.1 0)
(0.8 0.1 0)
(0.8045454545 0.1 0)
(0.8090909091 0.1 0)
(0.8136363636 0.1 0)
(0.8181818182 0.1 0)
(0.8227272727 0.1 0)
(0.8272727273 0.1 0)
(0.8318181818 0.1 0)
(0.8363636364 0.1 0)
(0.8409090909 0.1 0)
(0.8454545455 0.1 0)
(0.85 0.1 0)
(0.8545454545 0.1 0)
(0.8590909091 0.1 0)
(0.8636363636 0.1 0)
(0.8681818182 0.1 0)
(0.8727272727 0.1 0)
(0.8772727273 0.1 0)
(0.8818181818 0.1 0)
(0.8863636364 0.1 0)
(0.8909090909 0.1 0)
(0.8954545455 0.1 0)
(0.9 0.1 0)
(0.9045454545 0.1 0)
(0.9090909091 0.1 0)
(0.9136363636 0.1 0)
(0.9181818182 0.1 0)
(0.9227272727 0.1 0)
(0.9272727273 0.1 0)
(0.9318181818 0.1 0)
(0.9363636364 0.1 0)
(0.9409090909 0.1 0)
(0.9454545455 0.1 0)
(0.95 0.1 0)
(0.9545454545 0.1 0)
(0.9590909091 0.1 0)
(0.9636363636 0.1 0)
(0.9681818182 0.1 0)
(0.9727272727 0.1 0)
(0.9772727273 0.1 0)
(0.9818181818 0.1 0)
(0.9863636364 0.1 0)
(0.9909090909 0.1 0)
(0.9954545455 0.1 0)
(1 0.1 0)
(0 0.1066666667 0)
(0.004545454545 0.1066666667 0)
(0.009090909091 0.1066666667 0)
(0.01363636364 0.1066666667 0)
(0.01818181818 0.1066666667 0)
(0.02272727273 0.1066666667 0)
(0.02727272727 0.1066666667 0)
(0.03181818182 0.1066666667 0)
(0.03636363636 0.1066666667 0)
(0.04090909091 0.1066666667 0)
(0.04545454545 0.1066666667 0)
(0.05 0.1066666667 0)
(0.05454545455 0.1066666667 0)
(0.05909090909 0.1066666667 0)
(0.06363636364 0.1066666667 0)
(0.06818181818 0.1066666667 0)
(0.07272727273 0.1066666667 0)
(0.07727272727 0.1066666667 0)
(0.08181818182 0.1066666667 0)
(0.08636363636 0.1066666667 0)
(0.09090909091 0.1066666667 0)
(0.09545454545 0.1066666667 0)
(0.1 0.1066666667 0)
(0.1045454545 0.1066666667 0)
(0.1090909091 0.1066666667 0)
(0.1136363636 0.1066666667 0)
(0.1181818182 0.1066666667 0)
(0.1227272727 0.1066666667 0)
(0.1272727273 0.1066666667 0)
(0.1318181818 0.1066666667 0)
(0.1363636364 0.1066666667 0)
(0.1409090909 0.1066666667 0)
(0.1454545455 0.1066666667 0)
(0.15 0.1066666667 0)
(0.1545454545 0.1066666667 0)
(0.1590909091 0.1066666667 0)
(0.1636363636 0.1066666667 0)
(0.1681818182 0.1066666667 0)
(0.1727272727 0.1066666667 0)
(0.1772727273 0.1066666667 0)
(0.1818181818 0.1066666667 0)
(0.1863636364 0.1066666667 0)
(0.1909090909 0.1066666667 0)
(0.1954545455 0.1066666667 0)
(0.2 0.1066666667 0)
(0.2045454545 0.1066666667 0)
(0.2090909091 0.1066666667 0)
(0.2136363636 0.1066666667 0)
(0.2181818182 0.1066666667 0)
(0.2227272727 0.1066666667 0)
(0.2272727273 0.1066666667 0)
(0.2318181818 0.1066666667 0)
(0.2363636364 0.1066666667 0)
(0.2409090909 0.1066666667 0)
(0.2454545455 0.1066666667 0)
(0.25 0.1066666667 0)
(0.2545454545 0.1066666667 0)
(0.2590909091 0.1066666667 0)
(0.2636363636 0.1066666667 0)
(0.2681818182 0.1066666667 0)
(0.2727272727 0.1066666667 0)
(0.2772727273 0.1066666667 0)
(0.2818181818 0.1066666667 0)
(0.2863636364 0.1066666667 0)
(0.2909090909 0.1066666667 0)
(0.2954545455 0.1066666667 0)
(0.3 0.1066666667 0)
(0.3045454545 0.1066666667 0)
(0.3090909091 0.1066666667 0)
(0.3136363636 0.1066666667 0)
(0.3181818182 0.1066666667 0)
(0.3227272727 0.1066666667 0)
(0.3272727273 0.1066666667 0)
(0.3318181818 0.1066666667 0)
(0.3363636364 0.1066666667 0)
(0.3409090909 0.1066666667 0)
(0.3454545455 0.1066666667 0)
(0.35 0.1066666667 0)
(0.3545454545 0.1066666667 0)
(0.3590909091 0.1066666667 0)
(0.3636363636 0.1066666667 0)
(0.3681818182 0.1066666667 0)
(0.3727272727 0.1066666667 0)
(0.3772727273 0.1066666667 0)
(0.3818181818 0.1066666667 0)
(0.3863636364 0.1066666667 0)
(0.3909090909 0.1066666667 0)
(0.3954545455 0.1066666667 0)
(0.4 0.1066666667 0)
(0.4045454545 0.1066666667 0)
(0.4090909091 0.1066666667 0)
(0.4136363636 0.1066666667 0)
(0.4181818182 0.1066666667 0)
(0.4227272727 0.1066666667 0)
(0.4272727273 0.1066666667 0)
(0.4318181818 0.1066666667 0)
(0.4363636364 0.1066666667 0)
(0.4409090909 0.1066666667 0)
(0.4454545455 0.1066666667 0)
(0.45 0.1066666667 0)
(0.4545454545 0.1066666667 0)
(0.4590909091 0.1066666667 0)
(0.4636363636 0.1066666667 0)
(0.4681818182 0.1066666667 0)
(0.4727272727 0.1066666667 0)
(0.4772727273 0.1066666667 0)
(0.4818181818 0.1066666667 0)
(0.4863636364 0.1066666667 0)
(0.4909090909 0.1066666667 0)
(0.4954545455 0.1066666667 0)
(0.5 0.1066666667 0)
(0.5045454545 0.1066666667 0)
(0.5090909091 0.1066666667 0)
(0.5136363636 0.1066666667 0)
(0.5181818182 0.1066666667 0)
(0.5227272727 0.1066666667 0)
(0.5272727273 0.1066666667 0)
(0.5318181818 0.1066666667 0)
(0.5363636364 0.1066666667 0)
(0.5409090909 0.1066666667 0)
(0.5454545455 0.1066666667 0)
(0.55 0.1066666667 0)
(0.5545454545 0.1066666667 0)
(0.5590909091 0.1066666667 0)
(0.5636363636 0.1066666667 0)
(0.5681818182 0.1066666667 0)
(0.5727272727 0.1066666667 0)
(0.5772727273 0.1066666667 0)
(0.5818181818 0.1066666667 0)
(0.5863636364 0.1066666667 0)
(0.5909090909 0.1066666667 0)
(0.5954545455 0.1066666667 0)
(0.6 0.1066666667 0)
(0.6045454545 0.1066666667 0)
(0.6090909091 0.1066666667 0)
(0.6136363636 0.1066666667 0)
(0.6181818182 0.1066666667 0)
(0.6227272727 0.1066666667 0)
(0.6272727273 0.1066666667 0)
(0.6318181818 0.1066666667 0)
(0.6363636364 0.1066666667 0)
(0.6409090909 0.1066666667 0)
(0.6454545455 0.1066666667 0)
(0.65 0.1066666667 0)
(0.6545454545 0.1066666667 0)
(0.6590909091 0.1066666667 0)
(0.6636363636 0.1066666667 0)
(0.6681818182 0.1066666667 0)
(0.6727272727 0.1066666667 0)
(0.6772727273 0.1066666667 0)
(0.6818181818 0.1066666667 0)
(0.6863636364 0.1066666667 0)
(0.6909090909 0.1066666667 0)
(0.6954545455 0.1066666667 0)
(0.7 0.1066666667 0)
(0.7045454545 0.1066666667 0)
(0.7090909091 0.1066666667 0)
(0.7136363636 0.1066666667 0)
(0.7181818182 0.1066666667 0)
(0.7227272727 0.1066666667 0)
(0.7272727273 0.1066666667 0)
(0.7318181818 0.1066666667 0)
(0.7363636364 0.1066666667 0)
(0.7409090909 0.1066666667 0)
(0.7454545455 0.1066666667 0)
(0.75 0.1066666667 0)
(0.7545454545 0.1066666667 0)
(0.7590909091 0.1066666667 0)
(0.7636363636 0.1066666667 0)
(0.7681818182 0.1066666667 0)
(0.7727272727 0.1066666667 0)
(0.7772727273 0.1066666667 0)
(0.7818181818 0.1066666667 0)
(0.7863636364 0.1066666667 0)
(0.7909090909 0.1066666667 0)
(0.7954545455 0.1066666667 0)
(0.8 0.1066666667 0)
(0.8045454545 0.1066666667 0)
(0.8090909091 0.1066666667 0)
(0.8136363636 0.1066666667 0)
(0.8181818182 0.1066666667 0)
(0.8227272727 0.1066666667 0)
(0.8272727273 0.1066666667 0)
(0.8318181818 0.1066666667 0)
(0.8363636364 0.1066666667 0)
(0.8409090909 0.1066666667 0)
(0.8454545455 0.1066666667 0)
(0.85 0.1066666667 0)
(0.8545454545 0.1066666667 0)
(0.8590909091 0.1066666667 0)
(0.8636363636 0.1066666667 0)
(0.8681818182 0.1066666667 0)
(0.8727272727 0.1066666667 0)
(0.8772727273 0.1066666667 0)
(0.8818181818 0.1066666667 0)
(0.8863636364 0.1066666667 0)
(0.8909090909 0.1066666667 0)
(0.8954545455 0.1066666667 0)
(0.9 0.1066666667 0)
(0.9045454545 0.1066666667 0)
(0.9090909091 0.1066666667 0)
(0.9136363636 0.1066666667 0)
(0.9181818182 0.1066666667 0)
(0.9227272727 0.1066666667 0)
(0.9272727273 0.1066666667 0)
(0.9318181818 0.1066666667 0)
(0.9363636364 0.1066666667 0)
(0.9409090909 0.1066666667 0)
(0.9454545455 0.1066666667 0)
(0.95 0.1066666667 0)
(0.9545454545 0.1066666667 0)
(0.9590909091 0.1066666667 0)
(0.9636363636 0.1066666667 0)
(0.9681818182 0.1066666667 0)
(0.9727272727 0.1066666667 0)
(0.9772727273 0.1066666667 0)
(0.9818181818 0.1066666667 0)
(0.9863636364 0.1066666667 0)
(0.9909090909 0.1066666667 0)
(0.9954545455 0.1066666667 0)
(1 0.1066666667 0)
(0 0.1133333333 0)
(0.004545454545 0.1133333333 0)
(0.009090909091 0.1133333333 0)
(0.01363636364 0.1133333333 0)
(0.01818181818 0.1133333333 0)
(0.02272727273 0.1133333333 0)
(0.02727272727 0.1133333333 0)
(0.03181818182 0.1133333333 0)
(0.03636363636 0.1133333333 0)
(0.04090909091 0.1133333333 0)
(0.04545454545 0.1133333333 0)
(0.05 0.1133333333 0)
(0.05454545455 0.1133333333 0)
(0.05909090909 0.1133333333 0)
(0.06363636364 0.1133333333 0)
(0.06818181818 0.1133333333 0)
(0.07272727273 0.1133333333 0)
(0.07727272727 0.1133333333 0)
(0.08181818182 0.1133333333 0)
(0.08636363636 0.1133333333 0)
(0.09090909091 0.1133333333 0)
(0.09545454545 0.1133333333 0)
(0.1 0.1133333333 0)
(0.1045454545 0.1133333333 0)
(0.1090909091 0.1133333333 0)
(0.1136363636 0.1133333333 0)
(0.1181818182 0.1133333333 0)
(0.1227272727 0.1133333333 0)
(0.1272727273 0.1133333333 0)
(0.1318181818 0.1133333333 0)
(0.1363636364 0.1133333333 0)
(0.1409090909 0.1133333333 0)
(0.1454545455 0.1133333333 0)
(0.15 0.1133333333 0)
(0.1545454545 0.1133333333 0)
(0.1590909091 0.1133333333 0)
(0.1636363636 0.1133333333 0)
(0.1681818182 0.1133333333 0)
(0.1727272727 0.1133333333 0)
(0.1772727273 0.1133333333 0)
(0.1818181818 0.1133333333 0)
(0.1863636364 0.1133333333 0)
(0.1909090909 0.1133333333 0)
(0.1954545455 0.1133333333 0)
(0.2 0.1133333333 0)
(0.2045454545 0.1133333333 0)
(0.2090909091 0.1133333333 0)
(0.2136363636 0.1133333333 0)
(0.2181818182 0.1133333333 0)
(0.2227272727 0.1133333333 0)
(0.2272727273 0.1133333333 0)
(0.2318181818 0.1133333333 0)
(0.2363636364 0.1133333333 0)
(0.2409090909 0.1133333333 0)
(0.2454545455 0.1133333333 0)
(0.25 0.1133333333 0)
(0.2545454545 0.1133333333 0)
(0.2590909091 0.1133333333 0)
(0.2636363636 0.1133333333 0)
(0.2681818182 0.1133333333 0)
(0.2727272727 0.1133333333 0)
(0.2772727273 0.1133333333 0)
(0.2818181818 0.1133333333 0)
(0.2863636364 0.1133333333 0)
(0.2909090909 0.1133333333 0)
(0.2954545455 0.1133333333 0)
(0.3 0.1133333333 0)
(0.3045454545 0.1133333333 0)
(0.3090909091 0.1133333333 0)
(0.3136363636 0.1133333333 0)
(0.3181818182 0.1133333333 0)
(0.3227272727 0.1133333333 0)
(0.3272727273 0.1133333333 0)
(0.3318181818 0.1133333333 0)
(0.3363636364 0.1133333333 0)
(0.3409090909 0.1133333333 0)
(0.3454545455 0.1133333333 0)
(0.35 0.1133333333 0)
(0.3545454545 0.1133333333 0)
(0.3590909091 0.1133333333 0)
(0.3636363636 0.1133333333 0)
(0.3681818182 0.1133333333 0)
(0.3727272727 0.1133333333 0)
(0.3772727273 0.1133333333 0)
(0.3818181818 0.1133333333 0)
(0.3863636364 0.1133333333 0)
(0.3909090909 0.1133333333 0)
(0.3954545455 0.1133333333 0)
(0.4 0.1133333333 0)
(0.4045454545 0.1133333333 0)
(0.4090909091 0.1133333333 0)
(0.4136363636 0.1133333333 0)
(0.4181818182 0.1133333333 0)
(0.4227272727 0.1133333333 0)
(0.4272727273 0.1133333333 0)
(0.4318181818 0.1133333333 0)
(0.4363636364 0.1133333333 0)
(0.4409090909 0.1133333333 0)
(0.4454545455 0.1133333333 0)
(0.45 0.1133333333 0)
(0.4545454545 0.1133333333 0)
(0.4590909091 0.1133333333 0)
(0.4636363636 0.1133333333 0)
(0.4681818182 0.1133333333 0)
(0.4727272727 0.1133333333 0)
(0.4772727273 0.1133333333 0)
(0.4818181818 0.1133333333 0)
(0.4863636364 0.1133333333 0)
(0.4909090909 0.1133333333 0)
(0.4954545455 0.1133333333 0)
(0.5 0.1133333333 0)
(0.5045454545 0.1133333333 0)
(0.5090909091 0.1133333333 0)
(0.5136363636 0.1133333333 0)
(0.5181818182 0.1133333333 0)
(0.5227272727 0.1133333333 0)
(0.5272727273 0.1133333333 0)
(0.5318181818 0.1133333333 0)
(0.5363636364 0.1133333333 0)
(0.5409090909 0.1133333333 0)
(0.5454545455 0.1133333333 0)
(0.55 0.1133333333 0)
(0.5545454545 0.1133333333 0)
(0.5590909091 0.1133333333 0)
(0.5636363636 0.1133333333 0)
(0.5681818182 0.1133333333 0)
(0.5727272727 0.1133333333 0)
(0.5772727273 0.1133333333 0)
(0.5818181818 0.1133333333 0)
(0.5863636364 0.1133333333 0)
(0.5909090909 0.1133333333 0)
(0.5954545455 0.1133333333 0)
(0.6 0.1133333333 0)
(0.6045454545 0.1133333333 0)
(0.6090909091 0.1133333333 0)
(0.6136363636 0.1133333333 0)
(0.6181818182 0.1133333333 0)
(0.6227272727 0.1133333333 0)
(0.6272727273 0.1133333333 0)
(0.6318181818 0.1133333333 0)
(0.6363636364 0.1133333333 0)
(0.6409090909 0.1133333333 0)
(0.6454545455 0.1133333333 0)
(0.65 0.1133333333 0)
(0.6545454545 0.1133333333 0)
(0.6590909091 0.1133333333 0)
(0.6636363636 0.1133333333 0)
(0.6681818182 0.1133333333 0)
(0.6727272727 0.1133333333 0)
(0.6772727273 0.1133333333 0)
(0.6818181818 0.1133333333 0)
(0.6863636364 0.1133333333 0)
(0.6909090909 0.1133333333 0)
(0.6954545455 0.1133333333 0)
(0.7 0.1133333333 0)
(0.7045454545 0.1133333333 0)
(0.7090909091 0.1133333333 0)
(0.7136363636 0.1133333333 0)
(0.7181818182 0.1133333333 0)
(0.7227272727 0.1133333333 0)
(0.7272727273 0.1133333333 0)
(0.7318181818 0.1133333333 0)
(0.7363636364 0.1133333333 0)
(0.7409090909 0.1133333333 0)
(0.7454545455 0.1133333333 0)
(0.75 0.1133333333 0)
(0.7545454545 0.1133333333 0)
(0.7590909091 0.1133333333 0)
(0.7636363636 0.1133333333 0)
(0.7681818182 0.1133333333 0)
(0.7727272727 0.1133333333 0)
(0.7772727273 0.1133333333 0)
(0.7818181818 0.1133333333 0)
(0.7863636364 0.1133333333 0)
(0.7909090909 0.1133333333 0)
(0.7954545455 0.1133333333 0)
(0.8 0.1133333333 0)
(0.8045454545 0.1133333333 0)
(0.8090909091 0.1133333333 0)
(0.8136363636 0.1133333333 0)
(0.8181818182 0.1133333333 0)
(0.8227272727 0.1133333333 0)
(0.8272727273 0.1133333333 0)
(0.8318181818 0.1133333333 0)
(0.8363636364 0.1133333333 0)
(0.8409090909 0.1133333333 0)
(0.8454545455 0.1133333333 0)
(0.85 0.1133333333 0)
(0.8545454545 0.1133333333 0)
(0.8590909091 0.1133333333 0)
(0.8636363636 0.1133333333 0)
(0.8681818182 0.1133333333 0)
(0.8727272727 0.1133333333 0)
(0.8772727273 0.1133333333 0)
(0.8818181818 0.1133333333 0)
(0.8863636364 0.1133333333 0)
(0.8909090909 0.1133333333 0)
(0.8954545455 0.1133333333 0)
(0.9 0.1133333333 0)
(0.9045454545 0.1133333333 0)
(0.9090909091 0.1133333333 0)
(0.9136363636 0.1133333333 0)
(0.9181818182 0.1133333333 0)
(0.9227272727 0.1133333333 0)
(0.9272727273 0.1133333333 0)
(0.9318181818 0.1133333333 0)
(0.9363636364 0.1133333333 0)
(0.9409090909 0.1133333333 0)
(0.9454545455 0.1133333333 0)
(0.95 0.1133333333 0)
(0.9545454545 0.1133333333 0)
(0.9590909091 0.1133333333 0)
(0.9636363636 0.1133333333 0)
(0.9681818182 0.1133333333 0)
(0.9727272727 0.1133333333 0)
(0.9772727273 0.1133333333 0)
(0.9818181818 0.1133333333 0)
(0.9863636364 0.1133333333 0)
(0.9909090909 0.1133333333 0)
(0.9954545455 0.1133333333 0)
(1 0.1133333333 0)
(0 0.12 0)
(0.004545454545 0.12 0)
(0.009090909091 0.12 0)
(0.01363636364 0.12 0)
(0.01818181818 0.12 0)
(0.02272727273 0.12 0)
(0.02727272727 0.12 0)
(0.03181818182 0.12 0)
(0.03636363636 0.12 0)
(0.04090909091 0.12 0)
(0.04545454545 0.12 0)
(0.05 0.12 0)
(0.05454545455 0.12 0)
(0.05909090909 0.12 0)
(0.06363636364 0.12 0)
(0.06818181818 0.12 0)
(0.07272727273 0.12 0)
(0.07727272727 0.12 0)
(0.08181818182 0.12 0)
(0.08636363636 0.12 0)
(0.09090909091 0.12 0)
(0.09545454545 0.12 0)
(0.1 0.12 0)
(0.1045454545 0.12 0)
(0.1090909091 0.12 0)
(0.1136363636 0.12 0)
(0.1181818182 0.12 0)
(0.1227272727 0.12 0)
(0.1272727273 0.12 0)
(0.1318181818 0.12 0)
(0.1363636364 0.12 0)
(0.1409090909 0.12 0)
(0.1454545455 0.12 0)
(0.15 0.12 0)
(0.1545454545 0.12 0)
(0.1590909091 0.12 0)
(0.1636363636 0.12 0)
(0.1681818182 0.12 0)
(0.1727272727 0.12 0)
(0.1772727273 0.12 0)
(0.1818181818 0.12 0)
(0.1863636364 0.12 0)
(0.1909090909 0.12 0)
(0.1954545455 0.12 0)
(0.2 0.12 0)
(0.2045454545 0.12 0)
(0.2090909091 0.12 0)
(0.2136363636 0.12 0)
(0.2181818182 0.12 0)
(0.2227272727 0.12 0)
(0.2272727273 0.12 0)
(0.2318181818 0.12 0)
(0.2363636364 0.12 0)
(0.2409090909 0.12 0)
(0.2454545455 0.12 0)
(0.25 0.12 0)
(0.2545454545 0.12 0)
(0.2590909091 0.12 0)
(0.2636363636 0.12 0)
(0.2681818182 0.12 0)
(0.2727272727 0.12 0)
(0.2772727273 0.12 0)
(0.2818181818 0.12 0)
(0.2863636364 0.12 0)
(0.2909090909 0.12 0)
(0.2954545455 0.12 0)
(0.3 0.12 0)
(0.3045454545 0.12 0)
(0.3090909091 0.12 0)
(0.3136363636 0.12 0)
(0.3181818182 0.12 0)
(0.3227272727 0.12 0)
(0.3272727273 0.12 0)
(0.3318181818 0.12 0)
(0.3363636364 0.12 0)
(0.3409090909 0.12 0)
(0.3454545455 0.12 0)
(0.35 0.12 0)
(0.3545454545 0.12 0)
(0.3590909091 0.12 0)
(0.3636363636 0.12 0)
(0.3681818182 0.12 0)
(0.3727272727 0.12 0)
(0.3772727273 0.12 0)
(0.3818181818 0.12 0)
(0.3863636364 0.12 0)
(0.3909090909 0.12 0)
(0.3954545455 0.12 0)
(0.4 0.12 0)
(0.4045454545 0.12 0)
(0.4090909091 0.12 0)
(0.4136363636 0.12 0)
(0.4181818182 0.12 0)
(0.4227272727 0.12 0)
(0.4272727273 0.12 0)
(0.4318181818 0.12 0)
(0.4363636364 0.12 0)
(0.4409090909 0.12 0)
(0.4454545455 0.12 0)
(0.45 0.12 0)
(0.4545454545 0.12 0)
(0.4590909091 0.12 0)
(0.4636363636 0.12 0)
(0.4681818182 0.12 0)
(0.4727272727 0.12 0)
(0.4772727273 0.12 0)
(0.4818181818 0.12 0)
(0.4863636364 0.12 0)
(0.4909090909 0.12 0)
(0.4954545455 0.12 0)
(0.5 0.12 0)
(0.5045454545 0.12 0)
(0.5090909091 0.12 0)
(0.5136363636 0.12 0)
(0.5181818182 0.12 0)
(0.5227272727 0.12 0)
(0.5272727273 0.12 0)
(0.5318181818 0.12 0)
(0.5363636364 0.12 0)
(0.5409090909 0.12 0)
(0.5454545455 0.12 0)
(0.55 0.12 0)
(0.5545454545 0.12 0)
(0.5590909091 0.12 0)
(0.5636363636 0.12 0)
(0.5681818182 0.12 0)
(0.5727272727 0.12 0)
(0.5772727273 0.12 0)
(0.5818181818 0.12 0)
(0.5863636364 0.12 0)
(0.5909090909 0.12 0)
(0.5954545455 0.12 0)
(0.6 0.12 0)
(0.6045454545 0.12 0)
(0.6090909091 0.12 0)
(0.6136363636 0.12 0)
(0.6181818182 0.12 0)
(0.6227272727 0.12 0)
(0.6272727273 0.12 0)
(0.6318181818 0.12 0)
(0.6363636364 0.12 0)
(0.6409090909 0.12 0)
(0.6454545455 0.12 0)
(0.65 0.12 0)
(0.6545454545 0.12 0)
(0.6590909091 0.12 0)
(0.6636363636 0.12 0)
(0.6681818182 0.12 0)
(0.6727272727 0.12 0)
(0.6772727273 0.12 0)
(0.6818181818 0.12 0)
(0.6863636364 0.12 0)
(0.6909090909 0.12 0)
(0.6954545455 0.12 0)
(0.7 0.12 0)
(0.7045454545 0.12 0)
(0.7090909091 0.12 0)
(0.7136363636 0.12 0)
(0.7181818182 0.12 0)
(0.7227272727 0.12 0)
(0.7272727273 0.12 0)
(0.7318181818 0.12 0)
(0.7363636364 0.12 0)
(0.7409090909 0.12 0)
(0.7454545455 0.12 0)
(0.75 0.12 0)
(0.7545454545 0.12 0)
(0.7590909091 0.12 0)
(0.7636363636 0.12 0)
(0.7681818182 0.12 0)
(0.7727272727 0.12 0)
(0.7772727273 0.12 0)
(0.7818181818 0.12 0)
(0.7863636364 0.12 0)
(0.7909090909 0.12 0)
(0.7954545455 0.12 0)
(0.8 0.12 0)
(0.8045454545 0.12 0)
(0.8090909091 0.12 0)
(0.8136363636 0.12 0)
(0.8181818182 0.12 0)
(0.8227272727 0.12 0)
(0.8272727273 0.12 0)
(0.8318181818 0.12 0)
(0.8363636364 0.12 0)
(0.8409090909 0.12 0)
(0.8454545455 0.12 0)
(0.85 0.12 0)
(0.8545454545 0.12 0)
(0.8590909091 0.12 0)
(0.8636363636 0.12 0)
(0.8681818182 0.12 0)
(0.8727272727 0.12 0)
(0.8772727273 0.12 0)
(0.8818181818 0.12 0)
(0.8863636364 0.12 0)
(0.8909090909 0.12 0)
(0.8954545455 0.12 0)
(0.9 0.12 0)
(0.9045454545 0.12 0)
(0.9090909091 0.12 0)
(0.9136363636 0.12 0)
(0.9181818182 0.12 0)
(0.9227272727 0.12 0)
(0.9272727273 0.12 0)
(0.9318181818 0.12 0)
(0.9363636364 0.12 0)
(0.9409090909 0.12 0)
(0.9454545455 0.12 0)
(0.95 0.12 0)
(0.9545454545 0.12 0)
(0.9590909091 0.12 0)
(0.9636363636 0.12 0)
(0.9681818182 0.12 0)
(0.9727272727 0.12 0)
(0.9772727273 0.12 0)
(0.9818181818 0.12 0)
(0.9863636364 0.12 0)
(0.9909090909 0.12 0)
(0.9954545455 0.12 0)
(1 0.12 0)
(0 0.1266666667 0)
(0.004545454545 0.1266666667 0)
(0.009090909091 0.1266666667 0)
(0.01363636364 0.1266666667 0)
(0.01818181818 0.1266666667 0)
(0.02272727273 0.1266666667 0)
(0.02727272727 0.1266666667 0)
(0.03181818182 0.1266666667 0)
(0.03636363636 0.1266666667 0)
(0.04090909091 0.1266666667 0)
(0.04545454545 0.1266666667 0)
(0.05 0.1266666667 0)
(0.05454545455 0.1266666667 0)
(0.05909090909 0.1266666667 0)
(0.06363636364 0.1266666667 0)
(0.06818181818 0.1266666667 0)
(0.07272727273 0.1266666667 0)
(0.07727272727 0.1266666667 0)
(0.08181818182 0.1266666667 0)
(0.08636363636 0.1266666667 0)
(0.09090909091 0.1266666667 0)
(0.09545454545 0.1266666667 0)
(0.1 0.1266666667 0)
(0.1045454545 0.1266666667 0)
(0.1090909091 0.1266666667 0)
(0.1136363636 0.1266666667 0)
(0.1181818182 0.1266666667 0)
(0.1227272727 0.1266666667 0)
(0.1272727273 0.1266666667 0)
(0.1318181818 0.1266666667 0)
(0.1363636364 0.1266666667 0)
(0.1409090909 0.1266666667 0)
(0.1454545455 0.1266666667 0)
(0.15 0.1266666667 0)
(0.1545454545 0.1266666667 0)
(0.1590909091 0.1266666667 0)
(0.1636363636 0.1266666667 0)
(0.1681818182 0.1266666667 0)
(0.1727272727 0.1266666667 0)
(0.1772727273 0.1266666667 0)
(0.1818181818 0.1266666667 0)
(0.1863636364 0.1266666667 0)
(0.1909090909 0.1266666667 0)
(0.1954545455 0.1266666667 0)
(0.2 0.1266666667 0)
(0.2045454545 0.1266666667 0)
(0.2090909091 0.1266666667 0)
(0.2136363636 0.1266666667 0)
(0.2181818182 0.1266666667 0)
(0.2227272727 0.1266666667 0)
(0.2272727273 0.1266666667 0)
(0.2318181818 0.1266666667 0)
(0.2363636364 0.1266666667 0)
(0.2409090909 0.1266666667 0)
(0.2454545455 0.1266666667 0)
(0.25 0.1266666667 0)
(0.2545454545 0.1266666667 0)
(0.2590909091 0.1266666667 0)
(0.2636363636 0.1266666667 0)
(0.2681818182 0.1266666667 0)
(0.2727272727 0.1266666667 0)
(0.2772727273 0.1266666667 0)
(0.2818181818 0.1266666667 0)
(0.2863636364 0.1266666667 0)
(0.2909090909 0.1266666667 0)
(0.2954545455 0.1266666667 0)
(0.3 0.1266666667 0)
(0.3045454545 0.1266666667 0)
(0.3090909091 0.1266666667 0)
(0.3136363636 0.1266666667 0)
(0.3181818182 0.1266666667 0)
(0.3227272727 0.1266666667 0)
(0.3272727273 0.1266666667 0)
(0.3318181818 0.1266666667 0)
(0.3363636364 0.1266666667 0)
(0.3409090909 0.1266666667 0)
(0.3454545455 0.1266666667 0)
(0.35 0.1266666667 0)
(0.3545454545 0.1266666667 0)
(0.3590909091 0.1266666667 0)
(0.3636363636 0.1266666667 0)
(0.3681818182 0.1266666667 0)
(0.3727272727 0.1266666667 0)
(0.3772727273 0.1266666667 0)
(0.3818181818 0.1266666667 0)
(0.3863636364 0.1266666667 0)
(0.3909090909 0.1266666667 0)
(0.3954545455 0.1266666667 0)
(0.4 0.1266666667 0)
(0.4045454545 0.1266666667 0)
(0.4090909091 0.1266666667 0)
(0.4136363636 0.1266666667 0)
(0.4181818182 0.1266666667 0)
(0.4227272727 0.1266666667 0)
(0.4272727273 0.1266666667 0)
(0.4318181818 0.1266666667 0)
(0.4363636364 0.1266666667 0)
(0.4409090909 0.1266666667 0)
(0.4454545455 0.1266666667 0)
(0.45 0.1266666667 0)
(0.4545454545 0.1266666667 0)
(0.4590909091 0.1266666667 0)
(0.4636363636 0.1266666667 0)
(0.4681818182 0.1266666667 0)
(0.4727272727 0.1266666667 0)
(0.4772727273 0.1266666667 0)
(0.4818181818 0.1266666667 0)
(0.4863636364 0.1266666667 0)
(0.4909090909 0.1266666667 0)
(0.4954545455 0.1266666667 0)
(0.5 0.1266666667 0)
(0.5045454545 0.1266666667 0)
(0.5090909091 0.1266666667 0)
(0.5136363636 0.1266666667 0)
(0.5181818182 0.1266666667 0)
(0.5227272727 0.1266666667 0)
(0.5272727273 0.1266666667 0)
(0.5318181818 0.1266666667 0)
(0.5363636364 0.1266666667 0)
(0.5409090909 0.1266666667 0)
(0.5454545455 0.1266666667 0)
(0.55 0.1266666667 0)
(0.5545454545 0.1266666667 0)
(0.5590909091 0.1266666667 0)
(0.5636363636 0.1266666667 0)
(0.5681818182 0.1266666667 0)
(0.5727272727 0.1266666667 0)
(0.5772727273 0.1266666667 0)
(0.5818181818 0.1266666667 0)
(0.5863636364 0.1266666667 0)
(0.5909090909 0.1266666667 0)
(0.5954545455 0.1266666667 0)
(0.6 0.1266666667 0)
(0.6045454545 0.1266666667 0)
(0.6090909091 0.1266666667 0)
(0.6136363636 0.1266666667 0)
(0.6181818182 0.1266666667 0)
(0.6227272727 0.1266666667 0)
(0.6272727273 0.1266666667 0)
(0.6318181818 0.1266666667 0)
(0.6363636364 0.1266666667 0)
(0.6409090909 0.1266666667 0)
(0.6454545455 0.1266666667 0)
(0.65 0.1266666667 0)
(0.6545454545 0.1266666667 0)
(0.6590909091 0.1266666667 0)
(0.6636363636 0.1266666667 0)
(0.6681818182 0.1266666667 0)
(0.6727272727 0.1266666667 0)
(0.6772727273 0.1266666667 0)
(0.6818181818 0.1266666667 0)
(0.6863636364 0.1266666667 0)
(0.6909090909 0.1266666667 0)
(0.6954545455 0.1266666667 0)
(0.7 0.1266666667 0)
(0.7045454545 0.1266666667 0)
(0.7090909091 0.1266666667 0)
(0.7136363636 0.1266666667 0)
(0.7181818182 0.1266666667 0)
(0.7227272727 0.1266666667 0)
(0.7272727273 0.1266666667 0)
(0.7318181818 0.1266666667 0)
(0.7363636364 0.1266666667 0)
(0.7409090909 0.1266666667 0)
(0.7454545455 0.1266666667 0)
(0.75 0.1266666667 0)
(0.7545454545 0.1266666667 0)
(0.7590909091 0.1266666667 0)
(0.7636363636 0.1266666667 0)
(0.7681818182 0.1266666667 0)
(0.7727272727 0.1266666667 0)
(0.7772727273 0.1266666667 0)
(0.7818181818 0.1266666667 0)
(0.7863636364 0.1266666667 0)
(0.7909090909 0.1266666667 0)
(0.7954545455 0.1266666667 0)
(0.8 0.1266666667 0)
(0.8045454545 0.1266666667 0)
(0.8090909091 0.1266666667 0)
(0.8136363636 0.1266666667 0)
(0.8181818182 0.1266666667 0)
(0.8227272727 0.1266666667 0)
(0.8272727273 0.1266666667 0)
(0.8318181818 0.1266666667 0)
(0.8363636364 0.1266666667 0)
(0.8409090909 0.1266666667 0)
(0.8454545455 0.1266666667 0)
(0.85 0.1266666667 0)
(0.8545454545 0.1266666667 0)
(0.8590909091 0.1266666667 0)
(0.8636363636 0.1266666667 0)
(0.8681818182 0.1266666667 0)
(0.8727272727 0.1266666667 0)
(0.8772727273 0.1266666667 0)
(0.8818181818 0.1266666667 0)
(0.8863636364 0.1266666667 0)
(0.8909090909 0.1266666667 0)
(0.8954545455 0.1266666667 0)
(0.9 0.1266666667 0)
(0.9045454545 0.1266666667 0)
(0.9090909091 0.1266666667 0)
(0.9136363636 0.1266666667 0)
(0.9181818182 0.1266666667 0)
(0.9227272727 0.1266666667 0)
(0.9272727273 0.1266666667 0)
(0.9318181818 0.1266666667 0)
(0.9363636364 0.1266666667 0)
(0.9409090909 0.1266666667 0)
(0.9454545455 0.1266666667 0)
(0.95 0.1266666667 0)
(0.9545454545 0.1266666667 0)
(0.9590909091 0.1266666667 0)
(0.9636363636 0.1266666667 0)
(0.9681818182 0.1266666667 0)
(0.9727272727 0.1266666667 0)
(0.9772727273 0.1266666667 0)
(0.9818181818 0.1266666667 0)
(0.9863636364 0.1266666667 0)
(0.9909090909 0.1266666667 0)
(0.9954545455 0.1266666667 0)
(1 0.1266666667 0)
(0 0.1333333333 0)
(0.004545454545 0.1333333333 0)
(0.009090909091 0.1333333333 0)
(0.01363636364 0.1333333333 0)
(0.01818181818 0.1333333333 0)
(0.02272727273 0.1333333333 0)
(0.02727272727 0.1333333333 0)
(0.03181818182 0.1333333333 0)
(0.03636363636 0.1333333333 0)
(0.04090909091 0.1333333333 0)
(0.04545454545 0.1333333333 0)
(0.05 0.1333333333 0)
(0.05454545455 0.1333333333 0)
(0.05909090909 0.1333333333 0)
(0.06363636364 0.1333333333 0)
(0.06818181818 0.1333333333 0)
(0.07272727273 0.1333333333 0)
(0.07727272727 0.1333333333 0)
(0.08181818182 0.1333333333 0)
(0.08636363636 0.1333333333 0)
(0.09090909091 0.1333333333 0)
(0.09545454545 0.1333333333 0)
(0.1 0.1333333333 0)
(0.1045454545 0.1333333333 0)
(0.1090909091 0.1333333333 0)
(0.1136363636 0.1333333333 0)
(0.1181818182 0.1333333333 0)
(0.1227272727 0.1333333333 0)
(0.1272727273 0.1333333333 0)
(0.1318181818 0.1333333333 0)
(0.1363636364 0.1333333333 0)
(0.1409090909 0.1333333333 0)
(0.1454545455 0.1333333333 0)
(0.15 0.1333333333 0)
(0.1545454545 0.1333333333 0)
(0.1590909091 0.1333333333 0)
(0.1636363636 0.1333333333 0)
(0.1681818182 0.1333333333 0)
(0.1727272727 0.1333333333 0)
(0.1772727273 0.1333333333 0)
(0.1818181818 0.1333333333 0)
(0.1863636364 0.1333333333 0)
(0.1909090909 0.1333333333 0)
(0.1954545455 0.1333333333 0)
(0.2 0.1333333333 0)
(0.2045454545 0.1333333333 0)
(0.2090909091 0.1333333333 0)
(0.2136363636 0.1333333333 0)
(0.2181818182 0.1333333333 0)
(0.2227272727 0.1333333333 0)
(0.2272727273 0.1333333333 0)
(0.2318181818 0.1333333333 0)
(0.2363636364 0.1333333333 0)
(0.2409090909 0.1333333333 0)
(0.2454545455 0.1333333333 0)
(0.25 0.1333333333 0)
(0.2545454545 0.1333333333 0)
(0.2590909091 0.1333333333 0)
(0.2636363636 0.1333333333 0)
(0.2681818182 0.1333333333 0)
(0.2727272727 0.1333333333 0)
(0.2772727273 0.1333333333 0)
(0.2818181818 0.1333333333 0)
(0.2863636364 0.1333333333 0)
(0.2909090909 0.1333333333 0)
(0.2954545455 0.1333333333 0)
(0.3 0.1333333333 0)
(0.3045454545 0.1333333333 0)
(0.3090909091 0.1333333333 0)
(0.3136363636 0.1333333333 0)
(0.3181818182 0.1333333333 0)
(0.3227272727 0.1333333333 0)
(0.3272727273 0.1333333333 0)
(0.3318181818 0.1333333333 0)
(0.3363636364 0.1333333333 0)
(0.3409090909 0.1333333333 0)
(0.3454545455 0.1333333333 0)
(0.35 0.1333333333 0)
(0.3545454545 0.1333333333 0)
(0.3590909091 0.1333333333 0)
(0.3636363636 0.1333333333 0)
(0.3681818182 0.1333333333 0)
(0.3727272727 0.1333333333 0)
(0.3772727273 0.1333333333 0)
(0.3818181818 0.1333333333 0)
(0.3863636364 0.1333333333 0)
(0.3909090909 0.1333333333 0)
(0.3954545455 0.1333333333 0)
(0.4 0.1333333333 0)
(0.4045454545 0.1333333333 0)
(0.4090909091 0.1333333333 0)
(0.4136363636 0.1333333333 0)
(0.4181818182 0.1333333333 0)
(0.4227272727 0.1333333333 0)
(0.4272727273 0.1333333333 0)
(0.4318181818 0.1333333333 0)
(0.4363636364 0.1333333333 0)
(0.4409090909 0.1333333333 0)
(0.4454545455 0.1333333333 0)
(0.45 0.1333333333 0)
(0.4545454545 0.1333333333 0)
(0.4590909091 0.1333333333 0)
(0.4636363636 0.1333333333 0)
(0.4681818182 0.1333333333 0)
(0.4727272727 0.1333333333 0)
(0.4772727273 0.1333333333 0)
(0.4818181818 0.1333333333 0)
(0.4863636364 0.1333333333 0)
(0.4909090909 0.1333333333 0)
(0.4954545455 0.1333333333 0)
(0.5 0.1333333333 0)
(0.5045454545 0.1333333333 0)
(0.5090909091 0.1333333333 0)
(0.5136363636 0.1333333333 0)
(0.5181818182 0.1333333333 0)
(0.5227272727 0.1333333333 0)
(0.5272727273 0.1333333333 0)
(0.5318181818 0.1333333333 0)
(0.5363636364 0.1333333333 0)
(0.5409090909 0.1333333333 0)
(0.5454545455 0.1333333333 0)
(0.55 0.1333333333 0)
(0.5545454545 0.1333333333 0)
(0.5590909091 0.1333333333 0)
(0.5636363636 0.1333333333 0)
(0.5681818182 0.1333333333 0)
(0.5727272727 0.1333333333 0)
(0.5772727273 0.1333333333 0)
(0.5818181818 0.1333333333 0)
(0.5863636364 0.1333333333 0)
(0.5909090909 0.1333333333 0)
(0.5954545455 0.1333333333 0)
(0.6 0.1333333333 0)
(0.6045454545 0.1333333333 0)
(0.6090909091 0.1333333333 0)
(0.6136363636 0.1333333333 0)
(0.6181818182 0.1333333333 0)
(0.6227272727 0.1333333333 0)
(0.6272727273 0.1333333333 0)
(0.6318181818 0.1333333333 0)
(0.6363636364 0.1333333333 0)
(0.6409090909 0.1333333333 0)
(0.6454545455 0.1333333333 0)
(0.65 0.1333333333 0)
(0.6545454545 0.1333333333 0)
(0.6590909091 0.1333333333 0)
(0.6636363636 0.1333333333 0)
(0.6681818182 0.1333333333 0)
(0.6727272727 0.1333333333 0)
(0.6772727273 0.1333333333 0)
(0.6818181818 0.1333333333 0)
(0.6863636364 0.1333333333 0)
(0.6909090909 0.1333333333 0)
(0.6954545455 0.1333333333 0)
(0.7 0.1333333333 0)
(0.7045454545 0.1333333333 0)
(0.7090909091 0.1333333333 0)
(0.7136363636 0.1333333333 0)
(0.7181818182 0.1333333333 0)
(0.7227272727 0.1333333333 0)
(0.7272727273 0.1333333333 0)
(0.7318181818 0.1333333333 0)
(0.7363636364 0.1333333333 0)
(0.7409090909 0.1333333333 0)
(0.7454545455 0.1333333333 0)
(0.75 0.1333333333 0)
(0.7545454545 0.1333333333 0)
(0.7590909091 0.1333333333 0)
(0.7636363636 0.1333333333 0)
(0.7681818182 0.1333333333 0)
(0.7727272727 0.1333333333 0)
(0.7772727273 0.1333333333 0)
(0.7818181818 0.1333333333 0)
(0.7863636364 0.1333333333 0)
(0.7909090909 0.1333333333 0)
(0.7954545455 0.1333333333 0)
(0.8 0.1333333333 0)
(0.8045454545 0.1333333333 0)
(0.8090909091 0.1333333333 0)
(0.8136363636 0.1333333333 0)
(0.8181818182 0.1333333333 0)
(0.8227272727 0.1333333333 0)
(0.8272727273 0.1333333333 0)
(0.8318181818 0.1333333333 0)
(0.8363636364 0.1333333333 0)
(0.8409090909 0.1333333333 0)
(0.8454545455 0.1333333333 0)
(0.85 0.1333333333 0)
(0.8545454545 0.1333333333 0)
(0.8590909091 0.1333333333 0)
(0.8636363636 0.1333333333 0)
(0.8681818182 0.1333333333 0)
(0.8727272727 0.1333333333 0)
(0.8772727273 0.1333333333 0)
(0.8818181818 0.1333333333 0)
(0.8863636364 0.1333333333 0)
(0.8909090909 0.1333333333 0)
(0.8954545455 0.1333333333 0)
(0.9 0.1333333333 0)
(0.9045454545 0.1333333333 0)
(0.9090909091 0.1333333333 0)
(0.9136363636 0.1333333333 0)
(0.9181818182 0.1333333333 0)
(0.9227272727 0.1333333333 0)
(0.9272727273 0.1333333333 0)
(0.9318181818 0.1333333333 0)
(0.9363636364 0.1333333333 0)
(0.9409090909 0.1333333333 0)
(0.9454545455 0.1333333333 0)
(0.95 0.1333333333 0)
(0.9545454545 0.1333333333 0)
(0.9590909091 0.1333333333 0)
(0.9636363636 0.1333333333 0)
(0.9681818182 0.1333333333 0)
(0.9727272727 0.1333333333 0)
(0.9772727273 0.1333333333 0)
(0.9818181818 0.1333333333 0)
(0.9863636364 0.1333333333 0)
(0.9909090909 0.1333333333 0)
(0.9954545455 0.1333333333 0)
(1 0.1333333333 0)
(0 0.14 0)
(0.004545454545 0.14 0)
(0.009090909091 0.14 0)
(0.01363636364 0.14 0)
(0.01818181818 0.14 0)
(0.02272727273 0.14 0)
(0.02727272727 0.14 0)
(0.03181818182 0.14 0)
(0.03636363636 0.14 0)
(0.04090909091 0.14 0)
(0.04545454545 0.14 0)
(0.05 0.14 0)
(0.05454545455 0.14 0)
(0.05909090909 0.14 0)
(0.06363636364 0.14 0)
(0.06818181818 0.14 0)
(0.07272727273 0.14 0)
(0.07727272727 0.14 0)
(0.08181818182 0.14 0)
(0.08636363636 0.14 0)
(0.09090909091 0.14 0)
(0.09545454545 0.14 0)
(0.1 0.14 0)
(0.1045454545 0.14 0)
(0.1090909091 0.14 0)
(0.1136363636 0.14 0)
(0.1181818182 0.14 0)
(0.1227272727 0.14 0)
(0.1272727273 0.14 0)
(0.1318181818 0.14 0)
(0.1363636364 0.14 0)
(0.1409090909 0.14 0)
(0.1454545455 0.14 0)
(0.15 0.14 0)
(0.1545454545 0.14 0)
(0.1590909091 0.14 0)
(0.1636363636 0.14 0)
(0.1681818182 0.14 0)
(0.1727272727 0.14 0)
(0.1772727273 0.14 0)
(0.1818181818 0.14 0)
(0.1863636364 0.14 0)
(0.1909090909 0.14 0)
(0.1954545455 0.14 0)
(0.2 0.14 0)
(0.2045454545 0.14 0)
(0.2090909091 0.14 0)
(0.2136363636 0.14 0)
(0.2181818182 0.14 0)
(0.2227272727 0.14 0)
(0.2272727273 0.14 0)
(0.2318181818 0.14 0)
(0.2363636364 0.14 0)
(0.2409090909 0.14 0)
(0.2454545455 0.14 0)
(0.25 0.14 0)
(0.2545454545 0.14 0)
(0.2590909091 0.14 0)
(0.2636363636 0.14 0)
(0.2681818182 0.14 0)
(0.2727272727 0.14 0)
(0.2772727273 0.14 0)
(0.2818181818 0.14 0)
(0.2863636364 0.14 0)
(0.2909090909 0.14 0)
(0.2954545455 0.14 0)
(0.3 0.14 0)
(0.3045454545 0.14 0)
(0.3090909091 0.14 0)
(0.3136363636 0.14 0)
(0.3181818182 0.14 0)
(0.3227272727 0.14 0)
(0.3272727273 0.14 0)
(0.3318181818 0.14 0)
(0.3363636364 0.14 0)
(0.3409090909 0.14 0)
(0.3454545455 0.14 0)
(0.35 0.14 0)
(0.3545454545 0.14 0)
(0.3590909091 0.14 0)
(0.3636363636 0.14 0)
(0.3681818182 0.14 0)
(0.3727272727 0.14 0)
(0.3772727273 0.14 0)
(0.3818181818 0.14 0)
(0.3863636364 0.14 0)
(0.3909090909 0.14 0)
(0.3954545455 0.14 0)
(0.4 0.14 0)
(0.4045454545 0.14 0)
(0.4090909091 0.14 0)
(0.4136363636 0.14 0)
(0.4181818182 0.14 0)
(0.4227272727 0.14 0)
(0.4272727273 0.14 0)
(0.4318181818 0.14 0)
(0.4363636364 0.14 0)
(0.4409090909 0.14 0)
(0.4454545455 0.14 0)
(0.45 0.14 0)
(0.4545454545 0.14 0)
(0.4590909091 0.14 0)
(0.4636363636 0.14 0)
(0.4681818182 0.14 0)
(0.4727272727 0.14 0)
(0.4772727273 0.14 0)
(0.4818181818 0.14 0)
(0.4863636364 0.14 0)
(0.4909090909 0.14 0)
(0.4954545455 0.14 0)
(0.5 0.14 0)
(0.5045454545 0.14 0)
(0.5090909091 0.14 0)
(0.5136363636 0.14 0)
(0.5181818182 0.14 0)
(0.5227272727 0.14 0)
(0.5272727273 0.14 0)
(0.5318181818 0.14 0)
(0.5363636364 0.14 0)
(0.5409090909 0.14 0)
(0.5454545455 0.14 0)
(0.55 0.14 0)
(0.5545454545 0.14 0)
(0.5590909091 0.14 0)
(0.5636363636 0.14 0)
(0.5681818182 0.14 0)
(0.5727272727 0.14 0)
(0.5772727273 0.14 0)
(0.5818181818 0.14 0)
(0.5863636364 0.14 0)
(0.5909090909 0.14 0)
(0.5954545455 0.14 0)
(0.6 0.14 0)
(0.6045454545 0.14 0)
(0.6090909091 0.14 0)
(0.6136363636 0.14 0)
(0.6181818182 0.14 0)
(0.6227272727 0.14 0)
(0.6272727273 0.14 0)
(0.6318181818 0.14 0)
(0.6363636364 0.14 0)
(0.6409090909 0.14 0)
(0.6454545455 0.14 0)
(0.65 0.14 0)
(0.6545454545 0.14 0)
(0.6590909091 0.14 0)
(0.6636363636 0.14 0)
(0.6681818182 0.14 0)
(0.6727272727 0.14 0)
(0.6772727273 0.14 0)
(0.6818181818 0.14 0)
(0.6863636364 0.14 0)
(0.6909090909 0.14 0)
(0.6954545455 0.14 0)
(0.7 0.14 0)
(0.7045454545 0.14 0)
(0.7090909091 0.14 0)
(0.7136363636 0.14 0)
(0.7181818182 0.14 0)
(0.7227272727 0.14 0)
(0.7272727273 0.14 0)
(0.7318181818 0.14 0)
(0.7363636364 0.14 0)
(0.7409090909 0.14 0)
(0.7454545455 0.14 0)
(0.75 0.14 0)
(0.7545454545 0.14 0)
(0.7590909091 0.14 0)
(0.7636363636 0.14 0)
(0.7681818182 0.14 0)
(0.7727272727 0.14 0)
(0.7772727273 0.14 0)
(0.7818181818 0.14 0)
(0.7863636364 0.14 0)
(0.7909090909 0.14 0)
(0.7954545455 0.14 0)
(0.8 0.14 0)
(0.8045454545 0.14 0)
(0.8090909091 0.14 0)
(0.8136363636 0.14 0)
(0.8181818182 0.14 0)
(0.8227272727 0.14 0)
(0.8272727273 0.14 0)
(0.8318181818 0.14 0)
(0.8363636364 0.14 0)
(0.8409090909 0.14 0)
(0.8454545455 0.14 0)
(0.85 0.14 0)
(0.8545454545 0.14 0)
(0.8590909091 0.14 0)
(0.8636363636 0.14 0)
(0.8681818182 0.14 0)
(0.8727272727 0.14 0)
(0.8772727273 0.14 0)
(0.8818181818 0.14 0)
(0.8863636364 0.14 0)
(0.8909090909 0.14 0)
(0.8954545455 0.14 0)
(0.9 0.14 0)
(0.9045454545 0.14 0)
(0.9090909091 0.14 0)
(0.9136363636 0.14 0)
(0.9181818182 0.14 0)
(0.9227272727 0.14 0)
(0.9272727273 0.14 0)
(0.9318181818 0.14 0)
(0.9363636364 0.14 0)
(0.9409090909 0.14 0)
(0.9454545455 0.14 0)
(0.95 0.14 0)
(0.9545454545 0.14 0)
(0.9590909091 0.14 0)
(0.9636363636 0.14 0)
(0.9681818182 0.14 0)
(0.9727272727 0.14 0)
(0.9772727273 0.14 0)
(0.9818181818 0.14 0)
(0.9863636364 0.14 0)
(0.9909090909 0.14 0)
(0.9954545455 0.14 0)
(1 0.14 0)
(0 0.1466666667 0)
(0.004545454545 0.1466666667 0)
(0.009090909091 0.1466666667 0)
(0.01363636364 0.1466666667 0)
(0.01818181818 0.1466666667 0)
(0.02272727273 0.1466666667 0)
(0.02727272727 0.1466666667 0)
(0.03181818182 0.1466666667 0)
(0.03636363636 0.1466666667 0)
(0.04090909091 0.1466666667 0)
(0.04545454545 0.1466666667 0)
(0.05 0.1466666667 0)
(0.05454545455 0.1466666667 0)
(0.05909090909 0.1466666667 0)
(0.06363636364 0.1466666667 0)
(0.06818181818 0.1466666667 0)
(0.07272727273 0.1466666667 0)
(0.07727272727 0.1466666667 0)
(0.08181818182 0.1466666667 0)
(0.08636363636 0.1466666667 0)
(0.09090909091 0.1466666667 0)
(0.09545454545 0.1466666667 0)
(0.1 0.1466666667 0)
(0.1045454545 0.1466666667 0)
(0.1090909091 0.1466666667 0)
(0.1136363636 0.1466666667 0)
(0.1181818182 0.1466666667 0)
(0.1227272727 0.1466666667 0)
(0.1272727273 0.1466666667 0)
(0.1318181818 0.1466666667 0)
(0.1363636364 0.1466666667 0)
(0.1409090909 0.1466666667 0)
(0.1454545455 0.1466666667 0)
(0.15 0.1466666667 0)
(0.1545454545 0.1466666667 0)
(0.1590909091 0.1466666667 0)
(0.1636363636 0.1466666667 0)
(0.1681818182 0.1466666667 0)
(0.1727272727 0.1466666667 0)
(0.1772727273 0.1466666667 0)
(0.1818181818 0.1466666667 0)
(0.1863636364 0.1466666667 0)
(0.1909090909 0.1466666667 0)
(0.1954545455 0.1466666667 0)
(0.2 0.1466666667 0)
(0.2045454545 0.1466666667 0)
(0.2090909091 0.1466666667 0)
(0.2136363636 0.1466666667 0)
(0.2181818182 0.1466666667 0)
(0.2227272727 0.1466666667 0)
(0.2272727273 0.1466666667 0)
(0.2318181818 0.1466666667 0)
(0.2363636364 0.1466666667 0)
(0.2409090909 0.1466666667 0)
(0.2454545455 0.1466666667 0)
(0.25 0.1466666667 0)
(0.2545454545 0.1466666667 0)
(0.2590909091 0.1466666667 0)
(0.2636363636 0.1466666667 0)
(0.2681818182 0.1466666667 0)
(0.2727272727 0.1466666667 0)
(0.2772727273 0.1466666667 0)
(0.2818181818 0.1466666667 0)
(0.2863636364 0.1466666667 0)
(0.2909090909 0.1466666667 0)
(0.2954545455 0.1466666667 0)
(0.3 0.1466666667 0)
(0.3045454545 0.1466666667 0)
(0.3090909091 0.1466666667 0)
(0.3136363636 0.1466666667 0)
(0.3181818182 0.1466666667 0)
(0.3227272727 0.1466666667 0)
(0.3272727273 0.1466666667 0)
(0.3318181818 0.1466666667 0)
(0.3363636364 0.1466666667 0)
(0.3409090909 0.1466666667 0)
(0.3454545455 0.1466666667 0)
(0.35 0.1466666667 0)
(0.3545454545 0.1466666667 0)
(0.3590909091 0.1466666667 0)
(0.3636363636 0.1466666667 0)
(0.3681818182 0.1466666667 0)
(0.3727272727 0.1466666667 0)
(0.3772727273 0.1466666667 0)
(0.3818181818 0.1466666667 0)
(0.3863636364 0.1466666667 0)
(0.3909090909 0.1466666667 0)
(0.3954545455 0.1466666667 0)
(0.4 0.1466666667 0)
(0.4045454545 0.1466666667 0)
(0.4090909091 0.1466666667 0)
(0.4136363636 0.1466666667 0)
(0.4181818182 0.1466666667 0)
(0.4227272727 0.1466666667 0)
(0.4272727273 0.1466666667 0)
(0.4318181818 0.1466666667 0)
(0.4363636364 0.1466666667 0)
(0.4409090909 0.1466666667 0)
(0.4454545455 0.1466666667 0)
(0.45 0.1466666667 0)
(0.4545454545 0.1466666667 0)
(0.4590909091 0.1466666667 0)
(0.4636363636 0.1466666667 0)
(0.4681818182 0.1466666667 0)
(0.4727272727 0.1466666667 0)
(0.4772727273 0.1466666667 0)
(0.4818181818 0.1466666667 0)
(0.4863636364 0.1466666667 0)
(0.4909090909 0.1466666667 0)
(0.4954545455 0.1466666667 0)
(0.5 0.1466666667 0)
(0.5045454545 0.1466666667 0)
(0.5090909091 0.1466666667 0)
(0.5136363636 0.1466666667 0)
(0.5181818182 0.1466666667 0)
(0.5227272727 0.1466666667 0)
(0.5272727273 0.1466666667 0)
(0.5318181818 0.1466666667 0)
(0.5363636364 0.1466666667 0)
(0.5409090909 0.1466666667 0)
(0.5454545455 0.1466666667 0)
(0.55 0.1466666667 0)
(0.5545454545 0.1466666667 0)
(0.5590909091 0.1466666667 0)
(0.5636363636 0.1466666667 0)
(0.5681818182 0.1466666667 0)
(0.5727272727 0.1466666667 0)
(0.5772727273 0.1466666667 0)
(0.5818181818 0.1466666667 0)
(0.5863636364 0.1466666667 0)
(0.5909090909 0.1466666667 0)
(0.5954545455 0.1466666667 0)
(0.6 0.1466666667 0)
(0.6045454545 0.1466666667 0)
(0.6090909091 0.1466666667 0)
(0.6136363636 0.1466666667 0)
(0.6181818182 0.1466666667 0)
(0.6227272727 0.1466666667 0)
(0.6272727273 0.1466666667 0)
(0.6318181818 0.1466666667 0)
(0.6363636364 0.1466666667 0)
(0.6409090909 0.1466666667 0)
(0.6454545455 0.1466666667 0)
(0.65 0.1466666667 0)
(0.6545454545 0.1466666667 0)
(0.6590909091 0.1466666667 0)
(0.6636363636 0.1466666667 0)
(0.6681818182 0.1466666667 0)
(0.6727272727 0.1466666667 0)
(0.6772727273 0.1466666667 0)
(0.6818181818 0.1466666667 0)
(0.6863636364 0.1466666667 0)
(0.6909090909 0.1466666667 0)
(0.6954545455 0.1466666667 0)
(0.7 0.1466666667 0)
(0.7045454545 0.1466666667 0)
(0.7090909091 0.1466666667 0)
(0.7136363636 0.1466666667 0)
(0.7181818182 0.1466666667 0)
(0.7227272727 0.1466666667 0)
(0.7272727273 0.1466666667 0)
(0.7318181818 0.1466666667 0)
(0.7363636364 0.1466666667 0)
(0.7409090909 0.1466666667 0)
(0.7454545455 0.1466666667 0)
(0.75 0.1466666667 0)
(0.7545454545 0.1466666667 0)
(0.7590909091 0.1466666667 0)
(0.7636363636 0.1466666667 0)
(0.7681818182 0.1466666667 0)
(0.7727272727 0.1466666667 0)
(0.7772727273 0.1466666667 0)
(0.7818181818 0.1466666667 0)
(0.7863636364 0.1466666667 0)
(0.7909090909 0.1466666667 0)
(0.7954545455 0.1466666667 0)
(0.8 0.1466666667 0)
(0.8045454545 0.1466666667 0)
(0.8090909091 0.1466666667 0)
(0.8136363636 0.1466666667 0)
(0.8181818182 0.1466666667 0)
(0.8227272727 0.1466666667 0)
(0.8272727273 0.1466666667 0)
(0.8318181818 0.1466666667 0)
(0.8363636364 0.1466666667 0)
(0.8409090909 0.1466666667 0)
(0.8454545455 0.1466666667 0)
(0.85 0.1466666667 0)
(0.8545454545 0.1466666667 0)
(0.8590909091 0.1466666667 0)
(0.8636363636 0.1466666667 0)
(0.8681818182 0.1466666667 0)
(0.8727272727 0.1466666667 0)
(0.8772727273 0.1466666667 0)
(0.8818181818 0.1466666667 0)
(0.8863636364 0.1466666667 0)
(0.8909090909 0.1466666667 0)
(0.8954545455 0.1466666667 0)
(0.9 0.1466666667 0)
(0.9045454545 0.1466666667 0)
(0.9090909091 0.1466666667 0)
(0.9136363636 0.1466666667 0)
(0.9181818182 0.1466666667 0)
(0.9227272727 0.1466666667 0)
(0.9272727273 0.1466666667 0)
(0.9318181818 0.1466666667 0)
(0.9363636364 0.1466666667 0)
(0.9409090909 0.1466666667 0)
(0.9454545455 0.1466666667 0)
(0.95 0.1466666667 0)
(0.9545454545 0.1466666667 0)
(0.9590909091 0.1466666667 0)
(0.9636363636 0.1466666667 0)
(0.9681818182 0.1466666667 0)
(0.9727272727 0.1466666667 0)
(0.9772727273 0.1466666667 0)
(0.9818181818 0.1466666667 0)
(0.9863636364 0.1466666667 0)
(0.9909090909 0.1466666667 0)
(0.9954545455 0.1466666667 0)
(1 0.1466666667 0)
(0 0.1533333333 0)
(0.004545454545 0.1533333333 0)
(0.009090909091 0.1533333333 0)
(0.01363636364 0.1533333333 0)
(0.01818181818 0.1533333333 0)
(0.02272727273 0.1533333333 0)
(0.02727272727 0.1533333333 0)
(0.03181818182 0.1533333333 0)
(0.03636363636 0.1533333333 0)
(0.04090909091 0.1533333333 0)
(0.04545454545 0.1533333333 0)
(0.05 0.1533333333 0)
(0.05454545455 0.1533333333 0)
(0.05909090909 0.1533333333 0)
(0.06363636364 0.1533333333 0)
(0.06818181818 0.1533333333 0)
(0.07272727273 0.1533333333 0)
(0.07727272727 0.1533333333 0)
(0.08181818182 0.1533333333 0)
(0.08636363636 0.1533333333 0)
(0.09090909091 0.1533333333 0)
(0.09545454545 0.1533333333 0)
(0.1 0.1533333333 0)
(0.1045454545 0.1533333333 0)
(0.1090909091 0.1533333333 0)
(0.1136363636 0.1533333333 0)
(0.1181818182 0.1533333333 0)
(0.1227272727 0.1533333333 0)
(0.1272727273 0.1533333333 0)
(0.1318181818 0.1533333333 0)
(0.1363636364 0.1533333333 0)
(0.1409090909 0.1533333333 0)
(0.1454545455 0.1533333333 0)
(0.15 0.1533333333 0)
(0.1545454545 0.1533333333 0)
(0.1590909091 0.1533333333 0)
(0.1636363636 0.1533333333 0)
(0.1681818182 0.1533333333 0)
(0.1727272727 0.1533333333 0)
(0.1772727273 0.1533333333 0)
(0.1818181818 0.1533333333 0)
(0.1863636364 0.1533333333 0)
(0.1909090909 0.1533333333 0)
(0.1954545455 0.1533333333 0)
(0.2 0.1533333333 0)
(0.2045454545 0.1533333333 0)
(0.2090909091 0.1533333333 0)
(0.2136363636 0.1533333333 0)
(0.2181818182 0.1533333333 0)
(0.2227272727 0.1533333333 0)
(0.2272727273 0.1533333333 0)
(0.2318181818 0.1533333333 0)
(0.2363636364 0.1533333333 0)
(0.2409090909 0.1533333333 0)
(0.2454545455 0.1533333333 0)
(0.25 0.1533333333 0)
(0.2545454545 0.1533333333 0)
(0.2590909091 0.1533333333 0)
(0.2636363636 0.1533333333 0)
(0.2681818182 0.1533333333 0)
(0.2727272727 0.1533333333 0)
(0.2772727273 0.1533333333 0)
(0.2818181818 0.1533333333 0)
(0.2863636364 0.1533333333 0)
(0.2909090909 0.1533333333 0)
(0.2954545455 0.1533333333 0)
(0.3 0.1533333333 0)
(0.3045454545 0.1533333333 0)
(0.3090909091 0.1533333333 0)
(0.3136363636 0.1533333333 0)
(0.3181818182 0.1533333333 0)
(0.3227272727 0.1533333333 0)
(0.3272727273 0.1533333333 0)
(0.3318181818 0.1533333333 0)
(0.3363636364 0.1533333333 0)
(0.3409090909 0.1533333333 0)
(0.3454545455 0.1533333333 0)
(0.35 0.1533333333 0)
(0.3545454545 0.1533333333 0)
(0.3590909091 0.1533333333 0)
(0.3636363636 0.1533333333 0)
(0.3681818182 0.1533333333 0)
(0.3727272727 0.1533333333 0)
(0.3772727273 0.1533333333 0)
(0.3818181818 0.1533333333 0)
(0.3863636364 0.1533333333 0)
(0.3909090909 0.1533333333 0)
(0.3954545455 0.1533333333 0)
(0.4 0.1533333333 0)
(0.4045454545 0.1533333333 0)
(0.4090909091 0.1533333333 0)
(0.4136363636 0.1533333333 0)
(0.4181818182 0.1533333333 0)
(0.4227272727 0.1533333333 0)
(0.4272727273 0.1533333333 0)
(0.4318181818 0.1533333333 0)
(0.4363636364 0.1533333333 0)
(0.4409090909 0.1533333333 0)
(0.4454545455 0.1533333333 0)
(0.45 0.1533333333 0)
(0.4545454545 0.1533333333 0)
(0.4590909091 0.1533333333 0)
(0.4636363636 0.1533333333 0)
(0.4681818182 0.1533333333 0)
(0.4727272727 0.1533333333 0)
(0.4772727273 0.1533333333 0)
(0.4818181818 0.1533333333 0)
(0.4863636364 0.1533333333 0)
(0.4909090909 0.1533333333 0)
(0.4954545455 0.1533333333 0)
(0.5 0.1533333333 0)
(0.5045454545 0.1533333333 0)
(0.5090909091 0.1533333333 0)
(0.5136363636 0.1533333333 0)
(0.5181818182 0.1533333333 0)
(0.5227272727 0.1533333333 0)
(0.5272727273 0.1533333333 0)
(0.5318181818 0.1533333333 0)
(0.5363636364 0.1533333333 0)
(0.5409090909 0.1533333333 0)
(0.5454545455 0.1533333333 0)
(0.55 0.1533333333 0)
(0.5545454545 0.1533333333 0)
(0.5590909091 0.1533333333 0)
(0.5636363636 0.1533333333 0)
(0.5681818182 0.1533333333 0)
(0.5727272727 0.1533333333 0)
(0.5772727273 0.1533333333 0)
(0.5818181818 0.1533333333 0)
(0.5863636364 0.1533333333 0)
(0.5909090909 0.1533333333 0)
(0.5954545455 0.1533333333 0)
(0.6 0.1533333333 0)
(0.6045454545 0.1533333333 0)
(0.6090909091 0.1533333333 0)
(0.6136363636 0.1533333333 0)
(0.6181818182 0.1533333333 0)
(0.6227272727 0.1533333333 0)
(0.6272727273 0.1533333333 0)
(0.6318181818 0.1533333333 0)
(0.6363636364 0.1533333333 0)
(0.6409090909 0.1533333333 0)
(0.6454545455 0.1533333333 0)
(0.65 0.1533333333 0)
(0.6545454545 0.1533333333 0)
(0.6590909091 0.1533333333 0)
(0.6636363636 0.1533333333 0)
(0.6681818182 0.1533333333 0)
(0.6727272727 0.1533333333 0)
(0.6772727273 0.1533333333 0)
(0.6818181818 0.1533333333 0)
(0.6863636364 0.1533333333 0)
(0.6909090909 0.1533333333 0)
(0.6954545455 0.1533333333 0)
(0.7 0.1533333333 0)
(0.7045454545 0.1533333333 0)
(0.7090909091 0.1533333333 0)
(0.7136363636 0.1533333333 0)
(0.7181818182 0.1533333333 0)
(0.7227272727 0.1533333333 0)
(0.7272727273 0.1533333333 0)
(0.7318181818 0.1533333333 0)
(0.7363636364 0.1533333333 0)
(0.7409090909 0.1533333333 0)
(0.7454545455 0.1533333333 0)
(0.75 0.1533333333 0)
(0.7545454545 0.1533333333 0)
(0.7590909091 0.1533333333 0)
(0.7636363636 0.1533333333 0)
(0.7681818182 0.1533333333 0)
(0.7727272727 0.1533333333 0)
(0.7772727273 0.1533333333 0)
(0.7818181818 0.1533333333 0)
(0.7863636364 0.1533333333 0)
(0.7909090909 0.1533333333 0)
(0.7954545455 0.1533333333 0)
(0.8 0.1533333333 0)
(0.8045454545 0.1533333333 0)
(0.8090909091 0.1533333333 0)
(0.8136363636 0.1533333333 0)
(0.8181818182 0.1533333333 0)
(0.8227272727 0.1533333333 0)
(0.8272727273 0.1533333333 0)
(0.8318181818 0.1533333333 0)
(0.8363636364 0.1533333333 0)
(0.8409090909 0.1533333333 0)
(0.8454545455 0.1533333333 0)
(0.85 0.1533333333 0)
(0.8545454545 0.1533333333 0)
(0.8590909091 0.1533333333 0)
(0.8636363636 0.1533333333 0)
(0.8681818182 0.1533333333 0)
(0.8727272727 0.1533333333 0)
(0.8772727273 0.1533333333 0)
(0.8818181818 0.1533333333 0)
(0.8863636364 0.1533333333 0)
(0.8909090909 0.1533333333 0)
(0.8954545455 0.1533333333 0)
(0.9 0.1533333333 0)
(0.9045454545 0.1533333333 0)
(0.9090909091 0.1533333333 0)
(0.9136363636 0.1533333333 0)
(0.9181818182 0.1533333333 0)
(0.9227272727 0.1533333333 0)
(0.9272727273 0.1533333333 0)
(0.9318181818 0.1533333333 0)
(0.9363636364 0.1533333333 0)
(0.9409090909 0.1533333333 0)
(0.9454545455 0.1533333333 0)
(0.95 0.1533333333 0)
(0.9545454545 0.1533333333 0)
(0.9590909091 0.1533333333 0)
(0.9636363636 0.1533333333 0)
(0.9681818182 0.1533333333 0)
(0.9727272727 0.1533333333 0)
(0.9772727273 0.1533333333 0)
(0.9818181818 0.1533333333 0)
(0.9863636364 0.1533333333 0)
(0.9909090909 0.1533333333 0)
(0.9954545455 0.1533333333 0)
(1 0.1533333333 0)
(0 0.16 0)
(0.004545454545 0.16 0)
(0.009090909091 0.16 0)
(0.01363636364 0.16 0)
(0.01818181818 0.16 0)
(0.02272727273 0.16 0)
(0.02727272727 0.16 0)
(0.03181818182 0.16 0)
(0.03636363636 0.16 0)
(0.04090909091 0.16 0)
(0.04545454545 0.16 0)
(0.05 0.16 0)
(0.05454545455 0.16 0)
(0.05909090909 0.16 0)
(0.06363636364 0.16 0)
(0.06818181818 0.16 0)
(0.07272727273 0.16 0)
(0.07727272727 0.16 0)
(0.08181818182 0.16 0)
(0.08636363636 0.16 0)
(0.09090909091 0.16 0)
(0.09545454545 0.16 0)
(0.1 0.16 0)
(0.1045454545 0.16 0)
(0.1090909091 0.16 0)
(0.1136363636 0.16 0)
(0.1181818182 0.16 0)
(0.1227272727 0.16 0)
(0.1272727273 0.16 0)
(0.1318181818 0.16 0)
(0.1363636364 0.16 0)
(0.1409090909 0.16 0)
(0.1454545455 0.16 0)
(0.15 0.16 0)
(0.1545454545 0.16 0)
(0.1590909091 0.16 0)
(0.1636363636 0.16 0)
(0.1681818182 0.16 0)
(0.1727272727 0.16 0)
(0.1772727273 0.16 0)
(0.1818181818 0.16 0)
(0.1863636364 0.16 0)
(0.1909090909 0.16 0)
(0.1954545455 0.16 0)
(0.2 0.16 0)
(0.2045454545 0.16 0)
(0.2090909091 0.16 0)
(0.2136363636 0.16 0)
(0.2181818182 0.16 0)
(0.2227272727 0.16 0)
(0.2272727273 0.16 0)
(0.2318181818 0.16 0)
(0.2363636364 0.16 0)
(0.2409090909 0.16 0)
(0.2454545455 0.16 0)
(0.25 0.16 0)
(0.2545454545 0.16 0)
(0.2590909091 0.16 0)
(0.2636363636 0.16 0)
(0.2681818182 0.16 0)
(0.2727272727 0.16 0)
(0.2772727273 0.16 0)
(0.2818181818 0.16 0)
(0.2863636364 0.16 0)
(0.2909090909 0.16 0)
(0.2954545455 0.16 0)
(0.3 0.16 0)
(0.3045454545 0.16 0)
(0.3090909091 0.16 0)
(0.3136363636 0.16 0)
(0.3181818182 0.16 0)
(0.3227272727 0.16 0)
(0.3272727273 0.16 0)
(0.3318181818 0.16 0)
(0.3363636364 0.16 0)
(0.3409090909 0.16 0)
(0.3454545455 0.16 0)
(0.35 0.16 0)
(0.3545454545 0.16 0)
(0.3590909091 0.16 0)
(0.3636363636 0.16 0)
(0.3681818182 0.16 0)
(0.3727272727 0.16 0)
(0.3772727273 0.16 0)
(0.3818181818 0.16 0)
(0.3863636364 0.16 0)
(0.3909090909 0.16 0)
(0.3954545455 0.16 0)
(0.4 0.16 0)
(0.4045454545 0.16 0)
(0.4090909091 0.16 0)
(0.4136363636 0.16 0)
(0.4181818182 0.16 0)
(0.4227272727 0.16 0)
(0.4272727273 0.16 0)
(0.4318181818 0.16 0)
(0.4363636364 0.16 0)
(0.4409090909 0.16 0)
(0.4454545455 0.16 0)
(0.45 0.16 0)
(0.4545454545 0.16 0)
(0.4590909091 0.16 0)
(0.4636363636 0.16 0)
(0.4681818182 0.16 0)
(0.4727272727 0.16 0)
(0.4772727273 0.16 0)
(0.4818181818 0.16 0)
(0.4863636364 0.16 0)
(0.4909090909 0.16 0)
(0.4954545455 0.16 0)
(0.5 0.16 0)
(0.5045454545 0.16 0)
(0.5090909091 0.16 0)
(0.5136363636 0.16 0)
(0.5181818182 0.16 0)
(0.5227272727 0.16 0)
(0.5272727273 0.16 0)
(0.5318181818 0.16 0)
(0.5363636364 0.16 0)
(0.5409090909 0.16 0)
(0.5454545455 0.16 0)
(0.55 0.16 0)
(0.5545454545 0.16 0)
(0.5590909091 0.16 0)
(0.5636363636 0.16 0)
(0.5681818182 0.16 0)
(0.5727272727 0.16 0)
(0.5772727273 0.16 0)
(0.5818181818 0.16 0)
(0.5863636364 0.16 0)
(0.5909090909 0.16 0)
(0.5954545455 0.16 0)
(0.6 0.16 0)
(0.6045454545 0.16 0)
(0.6090909091 0.16 0)
(0.6136363636 0.16 0)
(0.6181818182 0.16 0)
(0.6227272727 0.16 0)
(0.6272727273 0.16 0)
(0.6318181818 0.16 0)
(0.6363636364 0.16 0)
(0.6409090909 0.16 0)
(0.6454545455 0.16 0)
(0.65 0.16 0)
(0.6545454545 0.16 0)
(0.6590909091 0.16 0)
(0.6636363636 0.16 0)
(0.6681818182 0.16 0)
(0.6727272727 0.16 0)
(0.6772727273 0.16 0)
(0.6818181818 0.16 0)
(0.6863636364 0.16 0)
(0.6909090909 0.16 0)
(0.6954545455 0.16 0)
(0.7 0.16 0)
(0.7045454545 0.16 0)
(0.7090909091 0.16 0)
(0.7136363636 0.16 0)
(0.7181818182 0.16 0)
(0.7227272727 0.16 0)
(0.7272727273 0.16 0)
(0.7318181818 0.16 0)
(0.7363636364 0.16 0)
(0.7409090909 0.16 0)
(0.7454545455 0.16 0)
(0.75 0.16 0)
(0.7545454545 0.16 0)
(0.7590909091 0.16 0)
(0.7636363636 0.16 0)
(0.7681818182 0.16 0)
(0.7727272727 0.16 0)
(0.7772727273 0.16 0)
(0.7818181818 0.16 0)
(0.7863636364 0.16 0)
(0.7909090909 0.16 0)
(0.7954545455 0.16 0)
(0.8 0.16 0)
(0.8045454545 0.16 0)
(0.8090909091 0.16 0)
(0.8136363636 0.16 0)
(0.8181818182 0.16 0)
(0.8227272727 0.16 0)
(0.8272727273 0.16 0)
(0.8318181818 0.16 0)
(0.8363636364 0.16 0)
(0.8409090909 0.16 0)
(0.8454545455 0.16 0)
(0.85 0.16 0)
(0.8545454545 0.16 0)
(0.8590909091 0.16 0)
(0.8636363636 0.16 0)
(0.8681818182 0.16 0)
(0.8727272727 0.16 0)
(0.8772727273 0.16 0)
(0.8818181818 0.16 0)
(0.8863636364 0.16 0)
(0.8909090909 0.16 0)
(0.8954545455 0.16 0)
(0.9 0.16 0)
(0.9045454545 0.16 0)
(0.9090909091 0.16 0)
(0.9136363636 0.16 0)
(0.9181818182 0.16 0)
(0.9227272727 0.16 0)
(0.9272727273 0.16 0)
(0.9318181818 0.16 0)
(0.9363636364 0.16 0)
(0.9409090909 0.16 0)
(0.9454545455 0.16 0)
(0.95 0.16 0)
(0.9545454545 0.16 0)
(0.9590909091 0.16 0)
(0.9636363636 0.16 0)
(0.9681818182 0.16 0)
(0.9727272727 0.16 0)
(0.9772727273 0.16 0)
(0.9818181818 0.16 0)
(0.9863636364 0.16 0)
(0.9909090909 0.16 0)
(0.9954545455 0.16 0)
(1 0.16 0)
(0 0.1666666667 0)
(0.004545454545 0.1666666667 0)
(0.009090909091 0.1666666667 0)
(0.01363636364 0.1666666667 0)
(0.01818181818 0.1666666667 0)
(0.02272727273 0.1666666667 0)
(0.02727272727 0.1666666667 0)
(0.03181818182 0.1666666667 0)
(0.03636363636 0.1666666667 0)
(0.04090909091 0.1666666667 0)
(0.04545454545 0.1666666667 0)
(0.05 0.1666666667 0)
(0.05454545455 0.1666666667 0)
(0.05909090909 0.1666666667 0)
(0.06363636364 0.1666666667 0)
(0.06818181818 0.1666666667 0)
(0.07272727273 0.1666666667 0)
(0.07727272727 0.1666666667 0)
(0.08181818182 0.1666666667 0)
(0.08636363636 0.1666666667 0)
(0.09090909091 0.1666666667 0)
(0.09545454545 0.1666666667 0)
(0.1 0.1666666667 0)
(0.1045454545 0.1666666667 0)
(0.1090909091 0.1666666667 0)
(0.1136363636 0.1666666667 0)
(0.1181818182 0.1666666667 0)
(0.1227272727 0.1666666667 0)
(0.1272727273 0.1666666667 0)
(0.1318181818 0.1666666667 0)
(0.1363636364 0.1666666667 0)
(0.1409090909 0.1666666667 0)
(0.1454545455 0.1666666667 0)
(0.15 0.1666666667 0)
(0.1545454545 0.1666666667 0)
(0.1590909091 0.1666666667 0)
(0.1636363636 0.1666666667 0)
(0.1681818182 0.1666666667 0)
(0.1727272727 0.1666666667 0)
(0.1772727273 0.1666666667 0)
(0.1818181818 0.1666666667 0)
(0.1863636364 0.1666666667 0)
(0.1909090909 0.1666666667 0)
(0.1954545455 0.1666666667 0)
(0.2 0.1666666667 0)
(0.2045454545 0.1666666667 0)
(0.2090909091 0.1666666667 0)
(0.2136363636 0.1666666667 0)
(0.2181818182 0.1666666667 0)
(0.2227272727 0.1666666667 0)
(0.2272727273 0.1666666667 0)
(0.2318181818 0.1666666667 0)
(0.2363636364 0.1666666667 0)
(0.2409090909 0.1666666667 0)
(0.2454545455 0.1666666667 0)
(0.25 0.1666666667 0)
(0.2545454545 0.1666666667 0)
(0.2590909091 0.1666666667 0)
(0.2636363636 0.1666666667 0)
(0.2681818182 0.1666666667 0)
(0.2727272727 0.1666666667 0)
(0.2772727273 0.1666666667 0)
(0.2818181818 0.1666666667 0)
(0.2863636364 0.1666666667 0)
(0.2909090909 0.1666666667 0)
(0.2954545455 0.1666666667 0)
(0.3 0.1666666667 0)
(0.3045454545 0.1666666667 0)
(0.3090909091 0.1666666667 0)
(0.3136363636 0.1666666667 0)
(0.3181818182 0.1666666667 0)
(0.3227272727 0.1666666667 0)
(0.3272727273 0.1666666667 0)
(0.3318181818 0.1666666667 0)
(0.3363636364 0.1666666667 0)
(0.3409090909 0.1666666667 0)
(0.3454545455 0.1666666667 0)
(0.35 0.1666666667 0)
(0.3545454545 0.1666666667 0)
(0.3590909091 0.1666666667 0)
(0.3636363636 0.1666666667 0)
(0.3681818182 0.1666666667 0)
(0.3727272727 0.1666666667 0)
(0.3772727273 0.1666666667 0)
(0.3818181818 0.1666666667 0)
(0.3863636364 0.1666666667 0)
(0.3909090909 0.1666666667 0)
(0.3954545455 0.1666666667 0)
(0.4 0.1666666667 0)
(0.4045454545 0.1666666667 0)
(0.4090909091 0.1666666667 0)
(0.4136363636 0.1666666667 0)
(0.4181818182 0.1666666667 0)
(0.4227272727 0.1666666667 0)
(0.4272727273 0.1666666667 0)
(0.4318181818 0.1666666667 0)
(0.4363636364 0.1666666667 0)
(0.4409090909 0.1666666667 0)
(0.4454545455 0.1666666667 0)
(0.45 0.1666666667 0)
(0.4545454545 0.1666666667 0)
(0.4590909091 0.1666666667 0)
(0.4636363636 0.1666666667 0)
(0.4681818182 0.1666666667 0)
(0.4727272727 0.1666666667 0)
(0.4772727273 0.1666666667 0)
(0.4818181818 0.1666666667 0)
(0.4863636364 0.1666666667 0)
(0.4909090909 0.1666666667 0)
(0.4954545455 0.1666666667 0)
(0.5 0.1666666667 0)
(0.5045454545 0.1666666667 0)
(0.5090909091 0.1666666667 0)
(0.5136363636 0.1666666667 0)
(0.5181818182 0.1666666667 0)
(0.5227272727 0.1666666667 0)
(0.5272727273 0.1666666667 0)
(0.5318181818 0.1666666667 0)
(0.5363636364 0.1666666667 0)
(0.5409090909 0.1666666667 0)
(0.5454545455 0.1666666667 0)
(0.55 0.1666666667 0)
(0.5545454545 0.1666666667 0)
(0.5590909091 0.1666666667 0)
(0.5636363636 0.1666666667 0)
(0.5681818182 0.1666666667 0)
(0.5727272727 0.1666666667 0)
(0.5772727273 0.1666666667 0)
(0.5818181818 0.1666666667 0)
(0.5863636364 0.1666666667 0)
(0.5909090909 0.1666666667 0)
(0.5954545455 0.1666666667 0)
(0.6 0.1666666667 0)
(0.6045454545 0.1666666667 0)
(0.6090909091 0.1666666667 0)
(0.6136363636 0.1666666667 0)
(0.6181818182 0.1666666667 0)
(0.6227272727 0.1666666667 0)
(0.6272727273 0.1666666667 0)
(0.6318181818 0.1666666667 0)
(0.6363636364 0.1666666667 0)
(0.6409090909 0.1666666667 0)
(0.6454545455 0.1666666667 0)
(0.65 0.1666666667 0)
(0.6545454545 0.1666666667 0)
(0.6590909091 0.1666666667 0)
(0.6636363636 0.1666666667 0)
(0.6681818182 0.1666666667 0)
(0.6727272727 0.1666666667 0)
(0.6772727273 0.1666666667 0)
(0.6818181818 0.1666666667 0)
(0.6863636364 0.1666666667 0)
(0.6909090909 0.1666666667 0)
(0.6954545455 0.1666666667 0)
(0.7 0.1666666667 0)
(0.7045454545 0.1666666667 0)
(0.7090909091 0.1666666667 0)
(0.7136363636 0.1666666667 0)
(0.7181818182 0.1666666667 0)
(0.7227272727 0.1666666667 0)
(0.7272727273 0.1666666667 0)
(0.7318181818 0.1666666667 0)
(0.7363636364 0.1666666667 0)
(0.7409090909 0.1666666667 0)
(0.7454545455 0.1666666667 0)
(0.75 0.1666666667 0)
(0.7545454545 0.1666666667 0)
(0.7590909091 0.1666666667 0)
(0.7636363636 0.1666666667 0)
(0.7681818182 0.1666666667 0)
(0.7727272727 0.1666666667 0)
(0.7772727273 0.1666666667 0)
(0.7818181818 0.1666666667 0)
(0.7863636364 0.1666666667 0)
(0.7909090909 0.1666666667 0)
(0.7954545455 0.1666666667 0)
(0.8 0.1666666667 0)
(0.8045454545 0.1666666667 0)
(0.8090909091 0.1666666667 0)
(0.8136363636 0.1666666667 0)
(0.8181818182 0.1666666667 0)
(0.8227272727 0.1666666667 0)
(0.8272727273 0.1666666667 0)
(0.8318181818 0.1666666667 0)
(0.8363636364 0.1666666667 0)
(0.8409090909 0.1666666667 0)
(0.8454545455 0.1666666667 0)
(0.85 0.1666666667 0)
(0.8545454545 0.1666666667 0)
(0.8590909091 0.1666666667 0)
(0.8636363636 0.1666666667 0)
(0.8681818182 0.1666666667 0)
(0.8727272727 0.1666666667 0)
(0.8772727273 0.1666666667 0)
(0.8818181818 0.1666666667 0)
(0.8863636364 0.1666666667 0)
(0.8909090909 0.1666666667 0)
(0.8954545455 0.1666666667 0)
(0.9 0.1666666667 0)
(0.9045454545 0.1666666667 0)
(0.9090909091 0.1666666667 0)
(0.9136363636 0.1666666667 0)
(0.9181818182 0.1666666667 0)
(0.9227272727 0.1666666667 0)
(0.9272727273 0.1666666667 0)
(0.9318181818 0.1666666667 0)
(0.9363636364 0.1666666667 0)
(0.9409090909 0.1666666667 0)
(0.9454545455 0.1666666667 0)
(0.95 0.1666666667 0)
(0.9545454545 0.1666666667 0)
(0.9590909091 0.1666666667 0)
(0.9636363636 0.1666666667 0)
(0.9681818182 0.1666666667 0)
(0.9727272727 0.1666666667 0)
(0.9772727273 0.1666666667 0)
(0.9818181818 0.1666666667 0)
(0.9863636364 0.1666666667 0)
(0.9909090909 0.1666666667 0)
(0.9954545455 0.1666666667 0)
(1 0.1666666667 0)
(0 0.1733333333 0)
(0.004545454545 0.1733333333 0)
(0.009090909091 0.1733333333 0)
(0.01363636364 0.1733333333 0)
(0.01818181818 0.1733333333 0)
(0.02272727273 0.1733333333 0)
(0.02727272727 0.1733333333 0)
(0.03181818182 0.1733333333 0)
(0.03636363636 0.1733333333 0)
(0.04090909091 0.1733333333 0)
(0.04545454545 0.1733333333 0)
(0.05 0.1733333333 0)
(0.05454545455 0.1733333333 0)
(0.05909090909 0.1733333333 0)
(0.06363636364 0.1733333333 0)
(0.06818181818 0.1733333333 0)
(0.07272727273 0.1733333333 0)
(0.07727272727 0.1733333333 0)
(0.08181818182 0.1733333333 0)
(0.08636363636 0.1733333333 0)
(0.09090909091 0.1733333333 0)
(0.09545454545 0.1733333333 0)
(0.1 0.1733333333 0)
(0.1045454545 0.1733333333 0)
(0.1090909091 0.1733333333 0)
(0.1136363636 0.1733333333 0)
(0.1181818182 0.1733333333 0)
(0.1227272727 0.1733333333 0)
(0.1272727273 0.1733333333 0)
(0.1318181818 0.1733333333 0)
(0.1363636364 0.1733333333 0)
(0.1409090909 0.1733333333 0)
(0.1454545455 0.1733333333 0)
(0.15 0.1733333333 0)
(0.1545454545 0.1733333333 0)
(0.1590909091 0.1733333333 0)
(0.1636363636 0.1733333333 0)
(0.1681818182 0.1733333333 0)
(0.1727272727 0.1733333333 0)
(0.1772727273 0.1733333333 0)
(0.1818181818 0.1733333333 0)
(0.1863636364 0.1733333333 0)
(0.1909090909 0.1733333333 0)
(0.1954545455 0.1733333333 0)
(0.2 0.1733333333 0)
(0.2045454545 0.1733333333 0)
(0.2090909091 0.1733333333 0)
(0.2136363636 0.1733333333 0)
(0.2181818182 0.1733333333 0)
(0.2227272727 0.1733333333 0)
(0.2272727273 0.1733333333 0)
(0.2318181818 0.1733333333 0)
(0.2363636364 0.1733333333 0)
(0.2409090909 0.1733333333 0)
(0.2454545455 0.1733333333 0)
(0.25 0.1733333333 0)
(0.2545454545 0.1733333333 0)
(0.2590909091 0.1733333333 0)
(0.2636363636 0.1733333333 0)
(0.2681818182 0.1733333333 0)
(0.2727272727 0.1733333333 0)
(0.2772727273 0.1733333333 0)
(0.2818181818 0.1733333333 0)
(0.2863636364 0.1733333333 0)
(0.2909090909 0.1733333333 0)
(0.2954545455 0.1733333333 0)
(0.3 0.1733333333 0)
(0.3045454545 0.1733333333 0)
(0.3090909091 0.1733333333 0)
(0.3136363636 0.1733333333 0)
(0.3181818182 0.1733333333 0)
(0.3227272727 0.1733333333 0)
(0.3272727273 0.1733333333 0)
(0.3318181818 0.1733333333 0)
(0.3363636364 0.1733333333 0)
(0.3409090909 0.1733333333 0)
(0.3454545455 0.1733333333 0)
(0.35 0.1733333333 0)
(0.3545454545 0.1733333333 0)
(0.3590909091 0.1733333333 0)
(0.3636363636 0.1733333333 0)
(0.3681818182 0.1733333333 0)
(0.3727272727 0.1733333333 0)
(0.3772727273 0.1733333333 0)
(0.3818181818 0.1733333333 0)
(0.3863636364 0.1733333333 0)
(0.3909090909 0.1733333333 0)
(0.3954545455 0.1733333333 0)
(0.4 0.1733333333 0)
(0.4045454545 0.1733333333 0)
(0.4090909091 0.1733333333 0)
(0.4136363636 0.1733333333 0)
(0.4181818182 0.1733333333 0)
(0.4227272727 0.1733333333 0)
(0.4272727273 0.1733333333 0)
(0.4318181818 0.1733333333 0)
(0.4363636364 0.1733333333 0)
(0.4409090909 0.1733333333 0)
(0.4454545455 0.1733333333 0)
(0.45 0.1733333333 0)
(0.4545454545 0.1733333333 0)
(0.4590909091 0.1733333333 0)
(0.4636363636 0.1733333333 0)
(0.4681818182 0.1733333333 0)
(0.4727272727 0.1733333333 0)
(0.4772727273 0.1733333333 0)
(0.4818181818 0.1733333333 0)
(0.4863636364 0.1733333333 0)
(0.4909090909 0.1733333333 0)
(0.4954545455 0.1733333333 0)
(0.5 0.1733333333 0)
(0.5045454545 0.1733333333 0)
(0.5090909091 0.1733333333 0)
(0.5136363636 0.1733333333 0)
(0.5181818182 0.1733333333 0)
(0.5227272727 0.1733333333 0)
(0.5272727273 0.1733333333 0)
(0.5318181818 0.1733333333 0)
(0.5363636364 0.1733333333 0)
(0.5409090909 0.1733333333 0)
(0.5454545455 0.1733333333 0)
(0.55 0.1733333333 0)
(0.5545454545 0.1733333333 0)
(0.5590909091 0.1733333333 0)
(0.5636363636 0.1733333333 0)
(0.5681818182 0.1733333333 0)
(0.5727272727 0.1733333333 0)
(0.5772727273 0.1733333333 0)
(0.5818181818 0.1733333333 0)
(0.5863636364 0.1733333333 0)
(0.5909090909 0.1733333333 0)
(0.5954545455 0.1733333333 0)
(0.6 0.1733333333 0)
(0.6045454545 0.1733333333 0)
(0.6090909091 0.1733333333 0)
(0.6136363636 0.1733333333 0)
(0.6181818182 0.1733333333 0)
(0.6227272727 0.1733333333 0)
(0.6272727273 0.1733333333 0)
(0.6318181818 0.1733333333 0)
(0.6363636364 0.1733333333 0)
(0.6409090909 0.1733333333 0)
(0.6454545455 0.1733333333 0)
(0.65 0.1733333333 0)
(0.6545454545 0.1733333333 0)
(0.6590909091 0.1733333333 0)
(0.6636363636 0.1733333333 0)
(0.6681818182 0.1733333333 0)
(0.6727272727 0.1733333333 0)
(0.6772727273 0.1733333333 0)
(0.6818181818 0.1733333333 0)
(0.6863636364 0.1733333333 0)
(0.6909090909 0.1733333333 0)
(0.6954545455 0.1733333333 0)
(0.7 0.1733333333 0)
(0.7045454545 0.1733333333 0)
(0.7090909091 0.1733333333 0)
(0.7136363636 0.1733333333 0)
(0.7181818182 0.1733333333 0)
(0.7227272727 0.1733333333 0)
(0.7272727273 0.1733333333 0)
(0.7318181818 0.1733333333 0)
(0.7363636364 0.1733333333 0)
(0.7409090909 0.1733333333 0)
(0.7454545455 0.1733333333 0)
(0.75 0.1733333333 0)
(0.7545454545 0.1733333333 0)
(0.7590909091 0.1733333333 0)
(0.7636363636 0.1733333333 0)
(0.7681818182 0.1733333333 0)
(0.7727272727 0.1733333333 0)
(0.7772727273 0.1733333333 0)
(0.7818181818 0.1733333333 0)
(0.7863636364 0.1733333333 0)
(0.7909090909 0.1733333333 0)
(0.7954545455 0.1733333333 0)
(0.8 0.1733333333 0)
(0.8045454545 0.1733333333 0)
(0.8090909091 0.1733333333 0)
(0.8136363636 0.1733333333 0)
(0.8181818182 0.1733333333 0)
(0.8227272727 0.1733333333 0)
(0.8272727273 0.1733333333 0)
(0.8318181818 0.1733333333 0)
(0.8363636364 0.1733333333 0)
(0.8409090909 0.1733333333 0)
(0.8454545455 0.1733333333 0)
(0.85 0.1733333333 0)
(0.8545454545 0.1733333333 0)
(0.8590909091 0.1733333333 0)
(0.8636363636 0.1733333333 0)
(0.8681818182 0.1733333333 0)
(0.8727272727 0.1733333333 0)
(0.8772727273 0.1733333333 0)
(0.8818181818 0.1733333333 0)
(0.8863636364 0.1733333333 0)
(0.8909090909 0.1733333333 0)
(0.8954545455 0.1733333333 0)
(0.9 0.1733333333 0)
(0.9045454545 0.1733333333 0)
(0.9090909091 0.1733333333 0)
(0.9136363636 0.1733333333 0)
(0.9181818182 0.1733333333 0)
(0.9227272727 0.1733333333 0)
(0.9272727273 0.1733333333 0)
(0.9318181818 0.1733333333 0)
(0.9363636364 0.1733333333 0)
(0.9409090909 0.1733333333 0)
(0.9454545455 0.1733333333 0)
(0.95 0.1733333333 0)
(0.9545454545 0.1733333333 0)
(0.9590909091 0.1733333333 0)
(0.9636363636 0.1733333333 0)
(0.9681818182 0.1733333333 0)
(0.9727272727 0.1733333333 0)
(0.9772727273 0.1733333333 0)
(0.9818181818 0.1733333333 0)
(0.9863636364 0.1733333333 0)
(0.9909090909 0.1733333333 0)
(0.9954545455 0.1733333333 0)
(1 0.1733333333 0)
(0 0.18 0)
(0.004545454545 0.18 0)
(0.009090909091 0.18 0)
(0.01363636364 0.18 0)
(0.01818181818 0.18 0)
(0.02272727273 0.18 0)
(0.02727272727 0.18 0)
(0.03181818182 0.18 0)
(0.03636363636 0.18 0)
(0.04090909091 0.18 0)
(0.04545454545 0.18 0)
(0.05 0.18 0)
(0.05454545455 0.18 0)
(0.05909090909 0.18 0)
(0.06363636364 0.18 0)
(0.06818181818 0.18 0)
(0.07272727273 0.18 0)
(0.07727272727 0.18 0)
(0.08181818182 0.18 0)
(0.08636363636 0.18 0)
(0.09090909091 0.18 0)
(0.09545454545 0.18 0)
(0.1 0.18 0)
(0.1045454545 0.18 0)
(0.1090909091 0.18 0)
(0.1136363636 0.18 0)
(0.1181818182 0.18 0)
(0.1227272727 0.18 0)
(0.1272727273 0.18 0)
(0.1318181818 0.18 0)
(0.1363636364 0.18 0)
(0.1409090909 0.18 0)
(0.1454545455 0.18 0)
(0.15 0.18 0)
(0.1545454545 0.18 0)
(0.1590909091 0.18 0)
(0.1636363636 0.18 0)
(0.1681818182 0.18 0)
(0.1727272727 0.18 0)
(0.1772727273 0.18 0)
(0.1818181818 0.18 0)
(0.1863636364 0.18 0)
(0.1909090909 0.18 0)
(0.1954545455 0.18 0)
(0.2 0.18 0)
(0.2045454545 0.18 0)
(0.2090909091 0.18 0)
(0.2136363636 0.18 0)
(0.2181818182 0.18 0)
(0.2227272727 0.18 0)
(0.2272727273 0.18 0)
(0.2318181818 0.18 0)
(0.2363636364 0.18 0)
(0.2409090909 0.18 0)
(0.2454545455 0.18 0)
(0.25 0.18 0)
(0.2545454545 0.18 0)
(0.2590909091 0.18 0)
(0.2636363636 0.18 0)
(0.2681818182 0.18 0)
(0.2727272727 0.18 0)
(0.2772727273 0.18 0)
(0.2818181818 0.18 0)
(0.2863636364 0.18 0)
(0.2909090909 0.18 0)
(0.2954545455 0.18 0)
(0.3 0.18 0)
(0.3045454545 0.18 0)
(0.3090909091 0.18 0)
(0.3136363636 0.18 0)
(0.3181818182 0.18 0)
(0.3227272727 0.18 0)
(0.3272727273 0.18 0)
(0.3318181818 0.18 0)
(0.3363636364 0.18 0)
(0.3409090909 0.18 0)
(0.3454545455 0.18 0)
(0.35 0.18 0)
(0.3545454545 0.18 0)
(0.3590909091 0.18 0)
(0.3636363636 0.18 0)
(0.3681818182 0.18 0)
(0.3727272727 0.18 0)
(0.3772727273 0.18 0)
(0.3818181818 0.18 0)
(0.3863636364 0.18 0)
(0.3909090909 0.18 0)
(0.3954545455 0.18 0)
(0.4 0.18 0)
(0.4045454545 0.18 0)
(0.4090909091 0.18 0)
(0.4136363636 0.18 0)
(0.4181818182 0.18 0)
(0.4227272727 0.18 0)
(0.4272727273 0.18 0)
(0.4318181818 0.18 0)
(0.4363636364 0.18 0)
(0.4409090909 0.18 0)
(0.4454545455 0.18 0)
(0.45 0.18 0)
(0.4545454545 0.18 0)
(0.4590909091 0.18 0)
(0.4636363636 0.18 0)
(0.4681818182 0.18 0)
(0.4727272727 0.18 0)
(0.4772727273 0.18 0)
(0.4818181818 0.18 0)
(0.4863636364 0.18 0)
(0.4909090909 0.18 0)
(0.4954545455 0.18 0)
(0.5 0.18 0)
(0.5045454545 0.18 0)
(0.5090909091 0.18 0)
(0.5136363636 0.18 0)
(0.5181818182 0.18 0)
(0.5227272727 0.18 0)
(0.5272727273 0.18 0)
(0.5318181818 0.18 0)
(0.5363636364 0.18 0)
(0.5409090909 0.18 0)
(0.5454545455 0.18 0)
(0.55 0.18 0)
(0.5545454545 0.18 0)
(0.5590909091 0.18 0)
(0.5636363636 0.18 0)
(0.5681818182 0.18 0)
(0.5727272727 0.18 0)
(0.5772727273 0.18 0)
(0.5818181818 0.18 0)
(0.5863636364 0.18 0)
(0.5909090909 0.18 0)
(0.5954545455 0.18 0)
(0.6 0.18 0)
(0.6045454545 0.18 0)
(0.6090909091 0.18 0)
(0.6136363636 0.18 0)
(0.6181818182 0.18 0)
(0.6227272727 0.18 0)
(0.6272727273 0.18 0)
(0.6318181818 0.18 0)
(0.6363636364 0.18 0)
(0.6409090909 0.18 0)
(0.6454545455 0.18 0)
(0.65 0.18 0)
(0.6545454545 0.18 0)
(0.6590909091 0.18 0)
(0.6636363636 0.18 0)
(0.6681818182 0.18 0)
(0.6727272727 0.18 0)
(0.6772727273 0.18 0)
(0.6818181818 0.18 0)
(0.6863636364 0.18 0)
(0.6909090909 0.18 0)
(0.6954545455 0.18 0)
(0.7 0.18 0)
(0.7045454545 0.18 0)
(0.7090909091 0.18 0)
(0.7136363636 0.18 0)
(0.7181818182 0.18 0)
(0.7227272727 0.18 0)
(0.7272727273 0.18 0)
(0.7318181818 0.18 0)
(0.7363636364 0.18 0)
(0.7409090909 0.18 0)
(0.7454545455 0.18 0)
(0.75 0.18 0)
(0.7545454545 0.18 0)
(0.7590909091 0.18 0)
(0.7636363636 0.18 0)
(0.7681818182 0.18 0)
(0.7727272727 0.18 0)
(0.7772727273 0.18 0)
(0.7818181818 0.18 0)
(0.7863636364 0.18 0)
(0.7909090909 0.18 0)
(0.7954545455 0.18 0)
(0.8 0.18 0)
(0.8045454545 0.18 0)
(0.8090909091 0.18 0)
(0.8136363636 0.18 0)
(0.8181818182 0.18 0)
(0.8227272727 0.18 0)
(0.8272727273 0.18 0)
(0.8318181818 0.18 0)
(0.8363636364 0.18 0)
(0.8409090909 0.18 0)
(0.8454545455 0.18 0)
(0.85 0.18 0)
(0.8545454545 0.18 0)
(0.8590909091 0.18 0)
(0.8636363636 0.18 0)
(0.8681818182 0.18 0)
(0.8727272727 0.18 0)
(0.8772727273 0.18 0)
(0.8818181818 0.18 0)
(0.8863636364 0.18 0)
(0.8909090909 0.18 0)
(0.8954545455 0.18 0)
(0.9 0.18 0)
(0.9045454545 0.18 0)
(0.9090909091 0.18 0)
(0.9136363636 0.18 0)
(0.9181818182 0.18 0)
(0.9227272727 0.18 0)
(0.9272727273 0.18 0)
(0.9318181818 0.18 0)
(0.9363636364 0.18 0)
(0.9409090909 0.18 0)
(0.9454545455 0.18 0)
(0.95 0.18 0)
(0.9545454545 0.18 0)
(0.9590909091 0.18 0)
(0.9636363636 0.18 0)
(0.9681818182 0.18 0)
(0.9727272727 0.18 0)
(0.9772727273 0.18 0)
(0.9818181818 0.18 0)
(0.9863636364 0.18 0)
(0.9909090909 0.18 0)
(0.9954545455 0.18 0)
(1 0.18 0)
(0 0.1866666667 0)
(0.004545454545 0.1866666667 0)
(0.009090909091 0.1866666667 0)
(0.01363636364 0.1866666667 0)
(0.01818181818 0.1866666667 0)
(0.02272727273 0.1866666667 0)
(0.02727272727 0.1866666667 0)
(0.03181818182 0.1866666667 0)
(0.03636363636 0.1866666667 0)
(0.04090909091 0.1866666667 0)
(0.04545454545 0.1866666667 0)
(0.05 0.1866666667 0)
(0.05454545455 0.1866666667 0)
(0.05909090909 0.1866666667 0)
(0.06363636364 0.1866666667 0)
(0.06818181818 0.1866666667 0)
(0.07272727273 0.1866666667 0)
(0.07727272727 0.1866666667 0)
(0.08181818182 0.1866666667 0)
(0.08636363636 0.1866666667 0)
(0.09090909091 0.1866666667 0)
(0.09545454545 0.1866666667 0)
(0.1 0.1866666667 0)
(0.1045454545 0.1866666667 0)
(0.1090909091 0.1866666667 0)
(0.1136363636 0.1866666667 0)
(0.1181818182 0.1866666667 0)
(0.1227272727 0.1866666667 0)
(0.1272727273 0.1866666667 0)
(0.1318181818 0.1866666667 0)
(0.1363636364 0.1866666667 0)
(0.1409090909 0.1866666667 0)
(0.1454545455 0.1866666667 0)
(0.15 0.1866666667 0)
(0.1545454545 0.1866666667 0)
(0.1590909091 0.1866666667 0)
(0.1636363636 0.1866666667 0)
(0.1681818182 0.1866666667 0)
(0.1727272727 0.1866666667 0)
(0.1772727273 0.1866666667 0)
(0.1818181818 0.1866666667 0)
(0.1863636364 0.1866666667 0)
(0.1909090909 0.1866666667 0)
(0.1954545455 0.1866666667 0)
(0.2 0.1866666667 0)
(0.2045454545 0.1866666667 0)
(0.2090909091 0.1866666667 0)
(0.2136363636 0.1866666667 0)
(0.2181818182 0.1866666667 0)
(0.2227272727 0.1866666667 0)
(0.2272727273 0.1866666667 0)
(0.2318181818 0.1866666667 0)
(0.2363636364 0.1866666667 0)
(0.2409090909 0.1866666667 0)
(0.2454545455 0.1866666667 0)
(0.25 0.1866666667 0)
(0.2545454545 0.1866666667 0)
(0.2590909091 0.1866666667 0)
(0.2636363636 0.1866666667 0)
(0.2681818182 0.1866666667 0)
(0.2727272727 0.1866666667 0)
(0.2772727273 0.1866666667 0)
(0.2818181818 0.1866666667 0)
(0.2863636364 0.1866666667 0)
(0.2909090909 0.1866666667 0)
(0.2954545455 0.1866666667 0)
(0.3 0.1866666667 0)
(0.3045454545 0.1866666667 0)
(0.3090909091 0.1866666667 0)
(0.3136363636 0.1866666667 0)
(0.3181818182 0.1866666667 0)
(0.3227272727 0.1866666667 0)
(0.3272727273 0.1866666667 0)
(0.3318181818 0.1866666667 0)
(0.3363636364 0.1866666667 0)
(0.3409090909 0.1866666667 0)
(0.3454545455 0.1866666667 0)
(0.35 0.1866666667 0)
(0.3545454545 0.1866666667 0)
(0.3590909091 0.1866666667 0)
(0.3636363636 0.1866666667 0)
(0.3681818182 0.1866666667 0)
(0.3727272727 0.1866666667 0)
(0.3772727273 0.1866666667 0)
(0.3818181818 0.1866666667 0)
(0.3863636364 0.1866666667 0)
(0.3909090909 0.1866666667 0)
(0.3954545455 0.1866666667 0)
(0.4 0.1866666667 0)
(0.4045454545 0.1866666667 0)
(0.4090909091 0.1866666667 0)
(0.4136363636 0.1866666667 0)
(0.4181818182 0.1866666667 0)
(0.4227272727 0.1866666667 0)
(0.4272727273 0.1866666667 0)
(0.4318181818 0.1866666667 0)
(0.4363636364 0.1866666667 0)
(0.4409090909 0.1866666667 0)
(0.4454545455 0.1866666667 0)
(0.45 0.1866666667 0)
(0.4545454545 0.1866666667 0)
(0.4590909091 0.1866666667 0)
(0.4636363636 0.1866666667 0)
(0.4681818182 0.1866666667 0)
(0.4727272727 0.1866666667 0)
(0.4772727273 0.1866666667 0)
(0.4818181818 0.1866666667 0)
(0.4863636364 0.1866666667 0)
(0.4909090909 0.1866666667 0)
(0.4954545455 0.1866666667 0)
(0.5 0.1866666667 0)
(0.5045454545 0.1866666667 0)
(0.5090909091 0.1866666667 0)
(0.5136363636 0.1866666667 0)
(0.5181818182 0.1866666667 0)
(0.5227272727 0.1866666667 0)
(0.5272727273 0.1866666667 0)
(0.5318181818 0.1866666667 0)
(0.5363636364 0.1866666667 0)
(0.5409090909 0.1866666667 0)
(0.5454545455 0.1866666667 0)
(0.55 0.1866666667 0)
(0.5545454545 0.1866666667 0)
(0.5590909091 0.1866666667 0)
(0.5636363636 0.1866666667 0)
(0.5681818182 0.1866666667 0)
(0.5727272727 0.1866666667 0)
(0.5772727273 0.1866666667 0)
(0.5818181818 0.1866666667 0)
(0.5863636364 0.1866666667 0)
(0.5909090909 0.1866666667 0)
(0.5954545455 0.1866666667 0)
(0.6 0.1866666667 0)
(0.6045454545 0.1866666667 0)
(0.6090909091 0.1866666667 0)
(0.6136363636 0.1866666667 0)
(0.6181818182 0.1866666667 0)
(0.6227272727 0.1866666667 0)
(0.6272727273 0.1866666667 0)
(0.6318181818 0.1866666667 0)
(0.6363636364 0.1866666667 0)
(0.6409090909 0.1866666667 0)
(0.6454545455 0.1866666667 0)
(0.65 0.1866666667 0)
(0.6545454545 0.1866666667 0)
(0.6590909091 0.1866666667 0)
(0.6636363636 0.1866666667 0)
(0.6681818182 0.1866666667 0)
(0.6727272727 0.1866666667 0)
(0.6772727273 0.1866666667 0)
(0.6818181818 0.1866666667 0)
(0.6863636364 0.1866666667 0)
(0.6909090909 0.1866666667 0)
(0.6954545455 0.1866666667 0)
(0.7 0.1866666667 0)
(0.7045454545 0.1866666667 0)
(0.7090909091 0.1866666667 0)
(0.7136363636 0.1866666667 0)
(0.7181818182 0.1866666667 0)
(0.7227272727 0.1866666667 0)
(0.7272727273 0.1866666667 0)
(0.7318181818 0.1866666667 0)
(0.7363636364 0.1866666667 0)
(0.7409090909 0.1866666667 0)
(0.7454545455 0.1866666667 0)
(0.75 0.1866666667 0)
(0.7545454545 0.1866666667 0)
(0.7590909091 0.1866666667 0)
(0.7636363636 0.1866666667 0)
(0.7681818182 0.1866666667 0)
(0.7727272727 0.1866666667 0)
(0.7772727273 0.1866666667 0)
(0.7818181818 0.1866666667 0)
(0.7863636364 0.1866666667 0)
(0.7909090909 0.1866666667 0)
(0.7954545455 0.1866666667 0)
(0.8 0.1866666667 0)
(0.8045454545 0.1866666667 0)
(0.8090909091 0.1866666667 0)
(0.8136363636 0.1866666667 0)
(0.8181818182 0.1866666667 0)
(0.8227272727 0.1866666667 0)
(0.8272727273 0.1866666667 0)
(0.8318181818 0.1866666667 0)
(0.8363636364 0.1866666667 0)
(0.8409090909 0.1866666667 0)
(0.8454545455 0.1866666667 0)
(0.85 0.1866666667 0)
(0.8545454545 0.1866666667 0)
(0.8590909091 0.1866666667 0)
(0.8636363636 0.1866666667 0)
(0.8681818182 0.1866666667 0)
(0.8727272727 0.1866666667 0)
(0.8772727273 0.1866666667 0)
(0.8818181818 0.1866666667 0)
(0.8863636364 0.1866666667 0)
(0.8909090909 0.1866666667 0)
(0.8954545455 0.1866666667 0)
(0.9 0.1866666667 0)
(0.9045454545 0.1866666667 0)
(0.9090909091 0.1866666667 0)
(0.9136363636 0.1866666667 0)
(0.9181818182 0.1866666667 0)
(0.9227272727 0.1866666667 0)
(0.9272727273 0.1866666667 0)
(0.9318181818 0.1866666667 0)
(0.9363636364 0.1866666667 0)
(0.9409090909 0.1866666667 0)
(0.9454545455 0.1866666667 0)
(0.95 0.1866666667 0)
(0.9545454545 0.1866666667 0)
(0.9590909091 0.1866666667 0)
(0.9636363636 0.1866666667 0)
(0.9681818182 0.1866666667 0)
(0.9727272727 0.1866666667 0)
(0.9772727273 0.1866666667 0)
(0.9818181818 0.1866666667 0)
(0.9863636364 0.1866666667 0)
(0.9909090909 0.1866666667 0)
(0.9954545455 0.1866666667 0)
(1 0.1866666667 0)
(0 0.1933333333 0)
(0.004545454545 0.1933333333 0)
(0.009090909091 0.1933333333 0)
(0.01363636364 0.1933333333 0)
(0.01818181818 0.1933333333 0)
(0.02272727273 0.1933333333 0)
(0.02727272727 0.1933333333 0)
(0.03181818182 0.1933333333 0)
(0.03636363636 0.1933333333 0)
(0.04090909091 0.1933333333 0)
(0.04545454545 0.1933333333 0)
(0.05 0.1933333333 0)
(0.05454545455 0.1933333333 0)
(0.05909090909 0.1933333333 0)
(0.06363636364 0.1933333333 0)
(0.06818181818 0.1933333333 0)
(0.07272727273 0.1933333333 0)
(0.07727272727 0.1933333333 0)
(0.08181818182 0.1933333333 0)
(0.08636363636 0.1933333333 0)
(0.09090909091 0.1933333333 0)
(0.09545454545 0.1933333333 0)
(0.1 0.1933333333 0)
(0.1045454545 0.1933333333 0)
(0.1090909091 0.1933333333 0)
(0.1136363636 0.1933333333 0)
(0.1181818182 0.1933333333 0)
(0.1227272727 0.1933333333 0)
(0.1272727273 0.1933333333 0)
(0.1318181818 0.1933333333 0)
(0.1363636364 0.1933333333 0)
(0.1409090909 0.1933333333 0)
(0.1454545455 0.1933333333 0)
(0.15 0.1933333333 0)
(0.1545454545 0.1933333333 0)
(0.1590909091 0.1933333333 0)
(0.1636363636 0.1933333333 0)
(0.1681818182 0.1933333333 0)
(0.1727272727 0.1933333333 0)
(0.1772727273 0.1933333333 0)
(0.1818181818 0.1933333333 0)
(0.1863636364 0.1933333333 0)
(0.1909090909 0.1933333333 0)
(0.1954545455 0.1933333333 0)
(0.2 0.1933333333 0)
(0.2045454545 0.1933333333 0)
(0.2090909091 0.1933333333 0)
(0.2136363636 0.1933333333 0)
(0.2181818182 0.1933333333 0)
(0.2227272727 0.1933333333 0)
(0.2272727273 0.1933333333 0)
(0.2318181818 0.1933333333 0)
(0.2363636364 0.1933333333 0)
(0.2409090909 0.1933333333 0)
(0.2454545455 0.1933333333 0)
(0.25 0.1933333333 0)
(0.2545454545 0.1933333333 0)
(0.2590909091 0.1933333333 0)
(0.2636363636 0.1933333333 0)
(0.2681818182 0.1933333333 0)
(0.2727272727 0.1933333333 0)
(0.2772727273 0.1933333333 0)
(0.2818181818 0.1933333333 0)
(0.2863636364 0.1933333333 0)
(0.2909090909 0.1933333333 0)
(0.2954545455 0.1933333333 0)
(0.3 0.1933333333 0)
(0.3045454545 0.1933333333 0)
(0.3090909091 0.1933333333 0)
(0.3136363636 0.1933333333 0)
(0.3181818182 0.1933333333 0)
(0.3227272727 0.1933333333 0)
(0.3272727273 0.1933333333 0)
(0.3318181818 0.1933333333 0)
(0.3363636364 0.1933333333 0)
(0.3409090909 0.1933333333 0)
(0.3454545455 0.1933333333 0)
(0.35 0.1933333333 0)
(0.3545454545 0.1933333333 0)
(0.3590909091 0.1933333333 0)
(0.3636363636 0.1933333333 0)
(0.3681818182 0.1933333333 0)
(0.3727272727 0.1933333333 0)
(0.3772727273 0.1933333333 0)
(0.3818181818 0.1933333333 0)
(0.3863636364 0.1933333333 0)
(0.3909090909 0.1933333333 0)
(0.3954545455 0.1933333333 0)
(0.4 0.1933333333 0)
(0.4045454545 0.1933333333 0)
(0.4090909091 0.1933333333 0)
(0.4136363636 0.1933333333 0)
(0.4181818182 0.1933333333 0)
(0.4227272727 0.1933333333 0)
(0.4272727273 0.1933333333 0)
(0.4318181818 0.1933333333 0)
(0.4363636364 0.1933333333 0)
(0.4409090909 0.1933333333 0)
(0.4454545455 0.1933333333 0)
(0.45 0.1933333333 0)
(0.4545454545 0.1933333333 0)
(0.4590909091 0.1933333333 0)
(0.4636363636 0.1933333333 0)
(0.4681818182 0.1933333333 0)
(0.4727272727 0.1933333333 0)
(0.4772727273 0.1933333333 0)
(0.4818181818 0.1933333333 0)
(0.4863636364 0.1933333333 0)
(0.4909090909 0.1933333333 0)
(0.4954545455 0.1933333333 0)
(0.5 0.1933333333 0)
(0.5045454545 0.1933333333 0)
(0.5090909091 0.1933333333 0)
(0.5136363636 0.1933333333 0)
(0.5181818182 0.1933333333 0)
(0.5227272727 0.1933333333 0)
(0.5272727273 0.1933333333 0)
(0.5318181818 0.1933333333 0)
(0.5363636364 0.1933333333 0)
(0.5409090909 0.1933333333 0)
(0.5454545455 0.1933333333 0)
(0.55 0.1933333333 0)
(0.5545454545 0.1933333333 0)
(0.5590909091 0.1933333333 0)
(0.5636363636 0.1933333333 0)
(0.5681818182 0.1933333333 0)
(0.5727272727 0.1933333333 0)
(0.5772727273 0.1933333333 0)
(0.5818181818 0.1933333333 0)
(0.5863636364 0.1933333333 0)
(0.5909090909 0.1933333333 0)
(0.5954545455 0.1933333333 0)
(0.6 0.1933333333 0)
(0.6045454545 0.1933333333 0)
(0.6090909091 0.1933333333 0)
(0.6136363636 0.1933333333 0)
(0.6181818182 0.1933333333 0)
(0.6227272727 0.1933333333 0)
(0.6272727273 0.1933333333 0)
(0.6318181818 0.1933333333 0)
(0.6363636364 0.1933333333 0)
(0.6409090909 0.1933333333 0)
(0.6454545455 0.1933333333 0)
(0.65 0.1933333333 0)
(0.6545454545 0.1933333333 0)
(0.6590909091 0.1933333333 0)
(0.6636363636 0.1933333333 0)
(0.6681818182 0.1933333333 0)
(0.6727272727 0.1933333333 0)
(0.6772727273 0.1933333333 0)
(0.6818181818 0.1933333333 0)
(0.6863636364 0.1933333333 0)
(0.6909090909 0.1933333333 0)
(0.6954545455 0.1933333333 0)
(0.7 0.1933333333 0)
(0.7045454545 0.1933333333 0)
(0.7090909091 0.1933333333 0)
(0.7136363636 0.1933333333 0)
(0.7181818182 0.1933333333 0)
(0.7227272727 0.1933333333 0)
(0.7272727273 0.1933333333 0)
(0.7318181818 0.1933333333 0)
(0.7363636364 0.1933333333 0)
(0.7409090909 0.1933333333 0)
(0.7454545455 0.1933333333 0)
(0.75 0.1933333333 0)
(0.7545454545 0.1933333333 0)
(0.7590909091 0.1933333333 0)
(0.7636363636 0.1933333333 0)
(0.7681818182 0.1933333333 0)
(0.7727272727 0.1933333333 0)
(0.7772727273 0.1933333333 0)
(0.7818181818 0.1933333333 0)
(0.7863636364 0.1933333333 0)
(0.7909090909 0.1933333333 0)
(0.7954545455 0.1933333333 0)
(0.8 0.1933333333 0)
(0.8045454545 0.1933333333 0)
(0.8090909091 0.1933333333 0)
(0.8136363636 0.1933333333 0)
(0.8181818182 0.1933333333 0)
(0.8227272727 0.1933333333 0)
(0.8272727273 0.1933333333 0)
(0.8318181818 0.1933333333 0)
(0.8363636364 0.1933333333 0)
(0.8409090909 0.1933333333 0)
(0.8454545455 0.1933333333 0)
(0.85 0.1933333333 0)
(0.8545454545 0.1933333333 0)
(0.8590909091 0.1933333333 0)
(0.8636363636 0.1933333333 0)
(0.8681818182 0.1933333333 0)
(0.8727272727 0.1933333333 0)
(0.8772727273 0.1933333333 0)
(0.8818181818 0.1933333333 0)
(0.8863636364 0.1933333333 0)
(0.8909090909 0.1933333333 0)
(0.8954545455 0.1933333333 0)
(0.9 0.1933333333 0)
(0.9045454545 0.1933333333 0)
(0.9090909091 0.1933333333 0)
(0.9136363636 0.1933333333 0)
(0.9181818182 0.1933333333 0)
(0.9227272727 0.1933333333 0)
(0.9272727273 0.1933333333 0)
(0.9318181818 0.1933333333 0)
(0.9363636364 0.1933333333 0)
(0.9409090909 0.1933333333 0)
(0.9454545455 0.1933333333 0)
(0.95 0.1933333333 0)
(0.9545454545 0.1933333333 0)
(0.9590909091 0.1933333333 0)
(0.9636363636 0.1933333333 0)
(0.9681818182 0.1933333333 0)
(0.9727272727 0.1933333333 0)
(0.9772727273 0.1933333333 0)
(0.9818181818 0.1933333333 0)
(0.9863636364 0.1933333333 0)
(0.9909090909 0.1933333333 0)
(0.9954545455 0.1933333333 0)
(1 0.1933333333 0)
(0 0.2 0)
(0.004545454545 0.2 0)
(0.009090909091 0.2 0)
(0.01363636364 0.2 0)
(0.01818181818 0.2 0)
(0.02272727273 0.2 0)
(0.02727272727 0.2 0)
(0.03181818182 0.2 0)
(0.03636363636 0.2 0)
(0.04090909091 0.2 0)
(0.04545454545 0.2 0)
(0.05 0.2 0)
(0.05454545455 0.2 0)
(0.05909090909 0.2 0)
(0.06363636364 0.2 0)
(0.06818181818 0.2 0)
(0.07272727273 0.2 0)
(0.07727272727 0.2 0)
(0.08181818182 0.2 0)
(0.08636363636 0.2 0)
(0.09090909091 0.2 0)
(0.09545454545 0.2 0)
(0.1 0.2 0)
(0.1045454545 0.2 0)
(0.1090909091 0.2 0)
(0.1136363636 0.2 0)
(0.1181818182 0.2 0)
(0.1227272727 0.2 0)
(0.1272727273 0.2 0)
(0.1318181818 0.2 0)
(0.1363636364 0.2 0)
(0.1409090909 0.2 0)
(0.1454545455 0.2 0)
(0.15 0.2 0)
(0.1545454545 0.2 0)
(0.1590909091 0.2 0)
(0.1636363636 0.2 0)
(0.1681818182 0.2 0)
(0.1727272727 0.2 0)
(0.1772727273 0.2 0)
(0.1818181818 0.2 0)
(0.1863636364 0.2 0)
(0.1909090909 0.2 0)
(0.1954545455 0.2 0)
(0.2 0.2 0)
(0.2045454545 0.2 0)
(0.2090909091 0.2 0)
(0.2136363636 0.2 0)
(0.2181818182 0.2 0)
(0.2227272727 0.2 0)
(0.2272727273 0.2 0)
(0.2318181818 0.2 0)
(0.2363636364 0.2 0)
(0.2409090909 0.2 0)
(0.2454545455 0.2 0)
(0.25 0.2 0)
(0.2545454545 0.2 0)
(0.2590909091 0.2 0)
(0.2636363636 0.2 0)
(0.2681818182 0.2 0)
(0.2727272727 0.2 0)
(0.2772727273 0.2 0)
(0.2818181818 0.2 0)
(0.2863636364 0.2 0)
(0.2909090909 0.2 0)
(0.2954545455 0.2 0)
(0.3 0.2 0)
(0.3045454545 0.2 0)
(0.3090909091 0.2 0)
(0.3136363636 0.2 0)
(0.3181818182 0.2 0)
(0.3227272727 0.2 0)
(0.3272727273 0.2 0)
(0.3318181818 0.2 0)
(0.3363636364 0.2 0)
(0.3409090909 0.2 0)
(0.3454545455 0.2 0)
(0.35 0.2 0)
(0.3545454545 0.2 0)
(0.3590909091 0.2 0)
(0.3636363636 0.2 0)
(0.3681818182 0.2 0)
(0.3727272727 0.2 0)
(0.3772727273 0.2 0)
(0.3818181818 0.2 0)
(0.3863636364 0.2 0)
(0.3909090909 0.2 0)
(0.3954545455 0.2 0)
(0.4 0.2 0)
(0.4045454545 0.2 0)
(0.4090909091 0.2 0)
(0.4136363636 0.2 0)
(0.4181818182 0.2 0)
(0.4227272727 0.2 0)
(0.4272727273 0.2 0)
(0.4318181818 0.2 0)
(0.4363636364 0.2 0)
(0.4409090909 0.2 0)
(0.4454545455 0.2 0)
(0.45 0.2 0)
(0.4545454545 0.2 0)
(0.4590909091 0.2 0)
(0.4636363636 0.2 0)
(0.4681818182 0.2 0)
(0.4727272727 0.2 0)
(0.4772727273 0.2 0)
(0.4818181818 0.2 0)
(0.4863636364 0.2 0)
(0.4909090909 0.2 0)
(0.4954545455 0.2 0)
(0.5 0.2 0)
(0.5045454545 0.2 0)
(0.5090909091 0.2 0)
(0.5136363636 0.2 0)
(0.5181818182 0.2 0)
(0.5227272727 0.2 0)
(0.5272727273 0.2 0)
(0.5318181818 0.2 0)
(0.5363636364 0.2 0)
(0.5409090909 0.2 0)
(0.5454545455 0.2 0)
(0.55 0.2 0)
(0.5545454545 0.2 0)
(0.5590909091 0.2 0)
(0.5636363636 0.2 0)
(0.5681818182 0.2 0)
(0.5727272727 0.2 0)
(0.5772727273 0.2 0)
(0.5818181818 0.2 0)
(0.5863636364 0.2 0)
(0.5909090909 0.2 0)
(0.5954545455 0.2 0)
(0.6 0.2 0)
(0.6045454545 0.2 0)
(0.6090909091 0.2 0)
(0.6136363636 0.2 0)
(0.6181818182 0.2 0)
(0.6227272727 0.2 0)
(0.6272727273 0.2 0)
(0.6318181818 0.2 0)
(0.6363636364 0.2 0)
(0.6409090909 0.2 0)
(0.6454545455 0.2 0)
(0.65 0.2 0)
(0.6545454545 0.2 0)
(0.6590909091 0.2 0)
(0.6636363636 0.2 0)
(0.6681818182 0.2 0)
(0.6727272727 0.2 0)
(0.6772727273 0.2 0)
(0.6818181818 0.2 0)
(0.6863636364 0.2 0)
(0.6909090909 0.2 0)
(0.6954545455 0.2 0)
(0.7 0.2 0)
(0.7045454545 0.2 0)
(0.7090909091 0.2 0)
(0.7136363636 0.2 0)
(0.7181818182 0.2 0)
(0.7227272727 0.2 0)
(0.7272727273 0.2 0)
(0.7318181818 0.2 0)
(0.7363636364 0.2 0)
(0.7409090909 0.2 0)
(0.7454545455 0.2 0)
(0.75 0.2 0)
(0.7545454545 0.2 0)
(0.7590909091 0.2 0)
(0.7636363636 0.2 0)
(0.7681818182 0.2 0)
(0.7727272727 0.2 0)
(0.7772727273 0.2 0)
(0.7818181818 0.2 0)
(0.7863636364 0.2 0)
(0.7909090909 0.2 0)
(0.7954545455 0.2 0)
(0.8 0.2 0)
(0.8045454545 0.2 0)
(0.8090909091 0.2 0)
(0.8136363636 0.2 0)
(0.8181818182 0.2 0)
(0.8227272727 0.2 0)
(0.8272727273 0.2 0)
(0.8318181818 0.2 0)
(0.8363636364 0.2 0)
(0.8409090909 0.2 0)
(0.8454545455 0.2 0)
(0.85 0.2 0)
(0.8545454545 0.2 0)
(0.8590909091 0.2 0)
(0.8636363636 0.2 0)
(0.8681818182 0.2 0)
(0.8727272727 0.2 0)
(0.8772727273 0.2 0)
(0.8818181818 0.2 0)
(0.8863636364 0.2 0)
(0.8909090909 0.2 0)
(0.8954545455 0.2 0)
(0.9 0.2 0)
(0.9045454545 0.2 0)
(0.9090909091 0.2 0)
(0.9136363636 0.2 0)
(0.9181818182 0.2 0)
(0.9227272727 0.2 0)
(0.9272727273 0.2 0)
(0.9318181818 0.2 0)
(0.9363636364 0.2 0)
(0.9409090909 0.2 0)
(0.9454545455 0.2 0)
(0.95 0.2 0)
(0.9545454545 0.2 0)
(0.9590909091 0.2 0)
(0.9636363636 0.2 0)
(0.9681818182 0.2 0)
(0.9727272727 0.2 0)
(0.9772727273 0.2 0)
(0.9818181818 0.2 0)
(0.9863636364 0.2 0)
(0.9909090909 0.2 0)
(0.9954545455 0.2 0)
(1 0.2 0)
(0 0.2066666667 0)
(0.004545454545 0.2066666667 0)
(0.009090909091 0.2066666667 0)
(0.01363636364 0.2066666667 0)
(0.01818181818 0.2066666667 0)
(0.02272727273 0.2066666667 0)
(0.02727272727 0.2066666667 0)
(0.03181818182 0.2066666667 0)
(0.03636363636 0.2066666667 0)
(0.04090909091 0.2066666667 0)
(0.04545454545 0.2066666667 0)
(0.05 0.2066666667 0)
(0.05454545455 0.2066666667 0)
(0.05909090909 0.2066666667 0)
(0.06363636364 0.2066666667 0)
(0.06818181818 0.2066666667 0)
(0.07272727273 0.2066666667 0)
(0.07727272727 0.2066666667 0)
(0.08181818182 0.2066666667 0)
(0.08636363636 0.2066666667 0)
(0.09090909091 0.2066666667 0)
(0.09545454545 0.2066666667 0)
(0.1 0.2066666667 0)
(0.1045454545 0.2066666667 0)
(0.1090909091 0.2066666667 0)
(0.1136363636 0.2066666667 0)
(0.1181818182 0.2066666667 0)
(0.1227272727 0.2066666667 0)
(0.1272727273 0.2066666667 0)
(0.1318181818 0.2066666667 0)
(0.1363636364 0.2066666667 0)
(0.1409090909 0.2066666667 0)
(0.1454545455 0.2066666667 0)
(0.15 0.2066666667 0)
(0.1545454545 0.2066666667 0)
(0.1590909091 0.2066666667 0)
(0.1636363636 0.2066666667 0)
(0.1681818182 0.2066666667 0)
(0.1727272727 0.2066666667 0)
(0.1772727273 0.2066666667 0)
(0.1818181818 0.2066666667 0)
(0.1863636364 0.2066666667 0)
(0.1909090909 0.2066666667 0)
(0.1954545455 0.2066666667 0)
(0.2 0.2066666667 0)
(0.2045454545 0.2066666667 0)
(0.2090909091 0.2066666667 0)
(0.2136363636 0.2066666667 0)
(0.2181818182 0.2066666667 0)
(0.2227272727 0.2066666667 0)
(0.2272727273 0.2066666667 0)
(0.2318181818 0.2066666667 0)
(0.2363636364 0.2066666667 0)
(0.2409090909 0.2066666667 0)
(0.2454545455 0.2066666667 0)
(0.25 0.2066666667 0)
(0.2545454545 0.2066666667 0)
(0.2590909091 0.2066666667 0)
(0.2636363636 0.2066666667 0)
(0.2681818182 0.2066666667 0)
(0.2727272727 0.2066666667 0)
(0.2772727273 0.2066666667 0)
(0.2818181818 0.2066666667 0)
(0.2863636364 0.2066666667 0)
(0.2909090909 0.2066666667 0)
(0.2954545455 0.2066666667 0)
(0.3 0.2066666667 0)
(0.3045454545 0.2066666667 0)
(0.3090909091 0.2066666667 0)
(0.3136363636 0.2066666667 0)
(0.3181818182 0.2066666667 0)
(0.3227272727 0.2066666667 0)
(0.3272727273 0.2066666667 0)
(0.3318181818 0.2066666667 0)
(0.3363636364 0.2066666667 0)
(0.3409090909 0.2066666667 0)
(0.3454545455 0.2066666667 0)
(0.35 0.2066666667 0)
(0.3545454545 0.2066666667 0)
(0.3590909091 0.2066666667 0)
(0.3636363636 0.2066666667 0)
(0.3681818182 0.2066666667 0)
(0.3727272727 0.2066666667 0)
(0.3772727273 0.2066666667 0)
(0.3818181818 0.2066666667 0)
(0.3863636364 0.2066666667 0)
(0.3909090909 0.2066666667 0)
(0.3954545455 0.2066666667 0)
(0.4 0.2066666667 0)
(0.4045454545 0.2066666667 0)
(0.4090909091 0.2066666667 0)
(0.4136363636 0.2066666667 0)
(0.4181818182 0.2066666667 0)
(0.4227272727 0.2066666667 0)
(0.4272727273 0.2066666667 0)
(0.4318181818 0.2066666667 0)
(0.4363636364 0.2066666667 0)
(0.4409090909 0.2066666667 0)
(0.4454545455 0.2066666667 0)
(0.45 0.2066666667 0)
(0.4545454545 0.2066666667 0)
(0.4590909091 0.2066666667 0)
(0.4636363636 0.2066666667 0)
(0.4681818182 0.2066666667 0)
(0.4727272727 0.2066666667 0)
(0.4772727273 0.2066666667 0)
(0.4818181818 0.2066666667 0)
(0.4863636364 0.2066666667 0)
(0.4909090909 0.2066666667 0)
(0.4954545455 0.2066666667 0)
(0.5 0.2066666667 0)
(0.5045454545 0.2066666667 0)
(0.5090909091 0.2066666667 0)
(0.5136363636 0.2066666667 0)
(0.5181818182 0.2066666667 0)
(0.5227272727 0.2066666667 0)
(0.5272727273 0.2066666667 0)
(0.5318181818 0.2066666667 0)
(0.5363636364 0.2066666667 0)
(0.5409090909 0.2066666667 0)
(0.5454545455 0.2066666667 0)
(0.55 0.2066666667 0)
(0.5545454545 0.2066666667 0)
(0.5590909091 0.2066666667 0)
(0.5636363636 0.2066666667 0)
(0.5681818182 0.2066666667 0)
(0.5727272727 0.2066666667 0)
(0.5772727273 0.2066666667 0)
(0.5818181818 0.2066666667 0)
(0.5863636364 0.2066666667 0)
(0.5909090909 0.2066666667 0)
(0.5954545455 0.2066666667 0)
(0.6 0.2066666667 0)
(0.6045454545 0.2066666667 0)
(0.6090909091 0.2066666667 0)
(0.6136363636 0.2066666667 0)
(0.6181818182 0.2066666667 0)
(0.6227272727 0.2066666667 0)
(0.6272727273 0.2066666667 0)
(0.6318181818 0.2066666667 0)
(0.6363636364 0.2066666667 0)
(0.6409090909 0.2066666667 0)
(0.6454545455 0.2066666667 0)
(0.65 0.2066666667 0)
(0.6545454545 0.2066666667 0)
(0.6590909091 0.2066666667 0)
(0.6636363636 0.2066666667 0)
(0.6681818182 0.2066666667 0)
(0.6727272727 0.2066666667 0)
(0.6772727273 0.2066666667 0)
(0.6818181818 0.2066666667 0)
(0.6863636364 0.2066666667 0)
(0.6909090909 0.2066666667 0)
(0.6954545455 0.2066666667 0)
(0.7 0.2066666667 0)
(0.7045454545 0.2066666667 0)
(0.7090909091 0.2066666667 0)
(0.7136363636 0.2066666667 0)
(0.7181818182 0.2066666667 0)
(0.7227272727 0.2066666667 0)
(0.7272727273 0.2066666667 0)
(0.7318181818 0.2066666667 0)
(0.7363636364 0.2066666667 0)
(0.7409090909 0.2066666667 0)
(0.7454545455 0.2066666667 0)
(0.75 0.2066666667 0)
(0.7545454545 0.2066666667 0)
(0.7590909091 0.2066666667 0)
(0.7636363636 0.2066666667 0)
(0.7681818182 0.2066666667 0)
(0.7727272727 0.2066666667 0)
(0.7772727273 0.2066666667 0)
(0.7818181818 0.2066666667 0)
(0.7863636364 0.2066666667 0)
(0.7909090909 0.2066666667 0)
(0.7954545455 0.2066666667 0)
(0.8 0.2066666667 0)
(0.8045454545 0.2066666667 0)
(0.8090909091 0.2066666667 0)
(0.8136363636 0.2066666667 0)
(0.8181818182 0.2066666667 0)
(0.8227272727 0.2066666667 0)
(0.8272727273 0.2066666667 0)
(0.8318181818 0.2066666667 0)
(0.8363636364 0.2066666667 0)
(0.8409090909 0.2066666667 0)
(0.8454545455 0.2066666667 0)
(0.85 0.2066666667 0)
(0.8545454545 0.2066666667 0)
(0.8590909091 0.2066666667 0)
(0.8636363636 0.2066666667 0)
(0.8681818182 0.2066666667 0)
(0.8727272727 0.2066666667 0)
(0.8772727273 0.2066666667 0)
(0.8818181818 0.2066666667 0)
(0.8863636364 0.2066666667 0)
(0.8909090909 0.2066666667 0)
(0.8954545455 0.2066666667 0)
(0.9 0.2066666667 0)
(0.9045454545 0.2066666667 0)
(0.9090909091 0.2066666667 0)
(0.9136363636 0.2066666667 0)
(0.9181818182 0.2066666667 0)
(0.9227272727 0.2066666667 0)
(0.9272727273 0.2066666667 0)
(0.9318181818 0.2066666667 0)
(0.9363636364 0.2066666667 0)
(0.9409090909 0.2066666667 0)
(0.9454545455 0.2066666667 0)
(0.95 0.2066666667 0)
(0.9545454545 0.2066666667 0)
(0.9590909091 0.2066666667 0)
(0.9636363636 0.2066666667 0)
(0.9681818182 0.2066666667 0)
(0.9727272727 0.2066666667 0)
(0.9772727273 0.2066666667 0)
(0.9818181818 0.2066666667 0)
(0.9863636364 0.2066666667 0)
(0.9909090909 0.2066666667 0)
(0.9954545455 0.2066666667 0)
(1 0.2066666667 0)
(0 0.2133333333 0)
(0.004545454545 0.2133333333 0)
(0.009090909091 0.2133333333 0)
(0.01363636364 0.2133333333 0)
(0.01818181818 0.2133333333 0)
(0.02272727273 0.2133333333 0)
(0.02727272727 0.2133333333 0)
(0.03181818182 0.2133333333 0)
(0.03636363636 0.2133333333 0)
(0.04090909091 0.2133333333 0)
(0.04545454545 0.2133333333 0)
(0.05 0.2133333333 0)
(0.05454545455 0.2133333333 0)
(0.05909090909 0.2133333333 0)
(0.06363636364 0.2133333333 0)
(0.06818181818 0.2133333333 0)
(0.07272727273 0.2133333333 0)
(0.07727272727 0.2133333333 0)
(0.08181818182 0.2133333333 0)
(0.08636363636 0.2133333333 0)
(0.09090909091 0.2133333333 0)
(0.09545454545 0.2133333333 0)
(0.1 0.2133333333 0)
(0.1045454545 0.2133333333 0)
(0.1090909091 0.2133333333 0)
(0.1136363636 0.2133333333 0)
(0.1181818182 0.2133333333 0)
(0.1227272727 0.2133333333 0)
(0.1272727273 0.2133333333 0)
(0.1318181818 0.2133333333 0)
(0.1363636364 0.2133333333 0)
(0.1409090909 0.2133333333 0)
(0.1454545455 0.2133333333 0)
(0.15 0.2133333333 0)
(0.1545454545 0.2133333333 0)
(0.1590909091 0.2133333333 0)
(0.1636363636 0.2133333333 0)
(0.1681818182 0.2133333333 0)
(0.1727272727 0.2133333333 0)
(0.1772727273 0.2133333333 0)
(0.1818181818 0.2133333333 0)
(0.1863636364 0.2133333333 0)
(0.1909090909 0.2133333333 0)
(0.1954545455 0.2133333333 0)
(0.2 0.2133333333 0)
(0.2045454545 0.2133333333 0)
(0.2090909091 0.2133333333 0)
(0.2136363636 0.2133333333 0)
(0.2181818182 0.2133333333 0)
(0.2227272727 0.2133333333 0)
(0.2272727273 0.2133333333 0)
(0.2318181818 0.2133333333 0)
(0.2363636364 0.2133333333 0)
(0.2409090909 0.2133333333 0)
(0.2454545455 0.2133333333 0)
(0.25 0.2133333333 0)
(0.2545454545 0.2133333333 0)
(0.2590909091 0.2133333333 0)
(0.2636363636 0.2133333333 0)
(0.2681818182 0.2133333333 0)
(0.2727272727 0.2133333333 0)
(0.2772727273 0.2133333333 0)
(0.2818181818 0.2133333333 0)
(0.2863636364 0.2133333333 0)
(0.2909090909 0.2133333333 0)
(0.2954545455 0.2133333333 0)
(0.3 0.2133333333 0)
(0.3045454545 0.2133333333 0)
(0.3090909091 0.2133333333 0)
(0.3136363636 0.2133333333 0)
(0.3181818182 0.2133333333 0)
(0.3227272727 0.2133333333 0)
(0.3272727273 0.2133333333 0)
(0.3318181818 0.2133333333 0)
(0.3363636364 0.2133333333 0)
(0.3409090909 0.2133333333 0)
(0.3454545455 0.2133333333 0)
(0.35 0.2133333333 0)
(0.3545454545 0.2133333333 0)
(0.3590909091 0.2133333333 0)
(0.3636363636 0.2133333333 0)
(0.3681818182 0.2133333333 0)
(0.3727272727 0.2133333333 0)
(0.3772727273 0.2133333333 0)
(0.3818181818 0.2133333333 0)
(0.3863636364 0.2133333333 0)
(0.3909090909 0.2133333333 0)
(0.3954545455 0.2133333333 0)
(0.4 0.2133333333 0)
(0.4045454545 0.2133333333 0)
(0.4090909091 0.2133333333 0)
(0.4136363636 0.2133333333 0)
(0.4181818182 0.2133333333 0)
(0.4227272727 0.2133333333 0)
(0.4272727273 0.2133333333 0)
(0.4318181818 0.2133333333 0)
(0.4363636364 0.2133333333 0)
(0.4409090909 0.2133333333 0)
(0.4454545455 0.2133333333 0)
(0.45 0.2133333333 0)
(0.4545454545 0.2133333333 0)
(0.4590909091 0.2133333333 0)
(0.4636363636 0.2133333333 0)
(0.4681818182 0.2133333333 0)
(0.4727272727 0.2133333333 0)
(0.4772727273 0.2133333333 0)
(0.4818181818 0.2133333333 0)
(0.4863636364 0.2133333333 0)
(0.4909090909 0.2133333333 0)
(0.4954545455 0.2133333333 0)
(0.5 0.2133333333 0)
(0.5045454545 0.2133333333 0)
(0.5090909091 0.2133333333 0)
(0.5136363636 0.2133333333 0)
(0.5181818182 0.2133333333 0)
(0.5227272727 0.2133333333 0)
(0.5272727273 0.2133333333 0)
(0.5318181818 0.2133333333 0)
(0.5363636364 0.2133333333 0)
(0.5409090909 0.2133333333 0)
(0.5454545455 0.2133333333 0)
(0.55 0.2133333333 0)
(0.5545454545 0.2133333333 0)
(0.5590909091 0.2133333333 0)
(0.5636363636 0.2133333333 0)
(0.5681818182 0.2133333333 0)
(0.5727272727 0.2133333333 0)
(0.5772727273 0.2133333333 0)
(0.5818181818 0.2133333333 0)
(0.5863636364 0.2133333333 0)
(0.5909090909 0.2133333333 0)
(0.5954545455 0.2133333333 0)
(0.6 0.2133333333 0)
(0.6045454545 0.2133333333 0)
(0.6090909091 0.2133333333 0)
(0.6136363636 0.2133333333 0)
(0.6181818182 0.2133333333 0)
(0.6227272727 0.2133333333 0)
(0.6272727273 0.2133333333 0)
(0.6318181818 0.2133333333 0)
(0.6363636364 0.2133333333 0)
(0.6409090909 0.2133333333 0)
(0.6454545455 0.2133333333 0)
(0.65 0.2133333333 0)
(0.6545454545 0.2133333333 0)
(0.6590909091 0.2133333333 0)
(0.6636363636 0.2133333333 0)
(0.6681818182 0.2133333333 0)
(0.6727272727 0.2133333333 0)
(0.6772727273 0.2133333333 0)
(0.6818181818 0.2133333333 0)
(0.6863636364 0.2133333333 0)
(0.6909090909 0.2133333333 0)
(0.6954545455 0.2133333333 0)
(0.7 0.2133333333 0)
(0.7045454545 0.2133333333 0)
(0.7090909091 0.2133333333 0)
(0.7136363636 0.2133333333 0)
(0.7181818182 0.2133333333 0)
(0.7227272727 0.2133333333 0)
(0.7272727273 0.2133333333 0)
(0.7318181818 0.2133333333 0)
(0.7363636364 0.2133333333 0)
(0.7409090909 0.2133333333 0)
(0.7454545455 0.2133333333 0)
(0.75 0.2133333333 0)
(0.7545454545 0.2133333333 0)
(0.7590909091 0.2133333333 0)
(0.7636363636 0.2133333333 0)
(0.7681818182 0.2133333333 0)
(0.7727272727 0.2133333333 0)
(0.7772727273 0.2133333333 0)
(0.7818181818 0.2133333333 0)
(0.7863636364 0.2133333333 0)
(0.7909090909 0.2133333333 0)
(0.7954545455 0.2133333333 0)
(0.8 0.2133333333 0)
(0.8045454545 0.2133333333 0)
(0.8090909091 0.2133333333 0)
(0.8136363636 0.2133333333 0)
(0.8181818182 0.2133333333 0)
(0.8227272727 0.2133333333 0)
(0.8272727273 0.2133333333 0)
(0.8318181818 0.2133333333 0)
(0.8363636364 0.2133333333 0)
(0.8409090909 0.2133333333 0)
(0.8454545455 0.2133333333 0)
(0.85 0.2133333333 0)
(0.8545454545 0.2133333333 0)
(0.8590909091 0.2133333333 0)
(0.8636363636 0.2133333333 0)
(0.8681818182 0.2133333333 0)
(0.8727272727 0.2133333333 0)
(0.8772727273 0.2133333333 0)
(0.8818181818 0.2133333333 0)
(0.8863636364 0.2133333333 0)
(0.8909090909 0.2133333333 0)
(0.8954545455 0.2133333333 0)
(0.9 0.2133333333 0)
(0.9045454545 0.2133333333 0)
(0.9090909091 0.2133333333 0)
(0.9136363636 0.2133333333 0)
(0.9181818182 0.2133333333 0)
(0.9227272727 0.2133333333 0)
(0.9272727273 0.2133333333 0)
(0.9318181818 0.2133333333 0)
(0.9363636364 0.2133333333 0)
(0.9409090909 0.2133333333 0)
(0.9454545455 0.2133333333 0)
(0.95 0.2133333333 0)
(0.9545454545 0.2133333333 0)
(0.9590909091 0.2133333333 0)
(0.9636363636 0.2133333333 0)
(0.9681818182 0.2133333333 0)
(0.9727272727 0.2133333333 0)
(0.9772727273 0.2133333333 0)
(0.9818181818 0.2133333333 0)
(0.9863636364 0.2133333333 0)
(0.9909090909 0.2133333333 0)
(0.9954545455 0.2133333333 0)
(1 0.2133333333 0)
(0 0.22 0)
(0.004545454545 0.22 0)
(0.009090909091 0.22 0)
(0.01363636364 0.22 0)
(0.01818181818 0.22 0)
(0.02272727273 0.22 0)
(0.02727272727 0.22 0)
(0.03181818182 0.22 0)
(0.03636363636 0.22 0)
(0.04090909091 0.22 0)
(0.04545454545 0.22 0)
(0.05 0.22 0)
(0.05454545455 0.22 0)
(0.05909090909 0.22 0)
(0.06363636364 0.22 0)
(0.06818181818 0.22 0)
(0.07272727273 0.22 0)
(0.07727272727 0.22 0)
(0.08181818182 0.22 0)
(0.08636363636 0.22 0)
(0.09090909091 0.22 0)
(0.09545454545 0.22 0)
(0.1 0.22 0)
(0.1045454545 0.22 0)
(0.1090909091 0.22 0)
(0.1136363636 0.22 0)
(0.1181818182 0.22 0)
(0.1227272727 0.22 0)
(0.1272727273 0.22 0)
(0.1318181818 0.22 0)
(0.1363636364 0.22 0)
(0.1409090909 0.22 0)
(0.1454545455 0.22 0)
(0.15 0.22 0)
(0.1545454545 0.22 0)
(0.1590909091 0.22 0)
(0.1636363636 0.22 0)
(0.1681818182 0.22 0)
(0.1727272727 0.22 0)
(0.1772727273 0.22 0)
(0.1818181818 0.22 0)
(0.1863636364 0.22 0)
(0.1909090909 0.22 0)
(0.1954545455 0.22 0)
(0.2 0.22 0)
(0.2045454545 0.22 0)
(0.2090909091 0.22 0)
(0.2136363636 0.22 0)
(0.2181818182 0.22 0)
(0.2227272727 0.22 0)
(0.2272727273 0.22 0)
(0.2318181818 0.22 0)
(0.2363636364 0.22 0)
(0.2409090909 0.22 0)
(0.2454545455 0.22 0)
(0.25 0.22 0)
(0.2545454545 0.22 0)
(0.2590909091 0.22 0)
(0.2636363636 0.22 0)
(0.2681818182 0.22 0)
(0.2727272727 0.22 0)
(0.2772727273 0.22 0)
(0.2818181818 0.22 0)
(0.2863636364 0.22 0)
(0.2909090909 0.22 0)
(0.2954545455 0.22 0)
(0.3 0.22 0)
(0.3045454545 0.22 0)
(0.3090909091 0.22 0)
(0.3136363636 0.22 0)
(0.3181818182 0.22 0)
(0.3227272727 0.22 0)
(0.3272727273 0.22 0)
(0.3318181818 0.22 0)
(0.3363636364 0.22 0)
(0.3409090909 0.22 0)
(0.3454545455 0.22 0)
(0.35 0.22 0)
(0.3545454545 0.22 0)
(0.3590909091 0.22 0)
(0.3636363636 0.22 0)
(0.3681818182 0.22 0)
(0.3727272727 0.22 0)
(0.3772727273 0.22 0)
(0.3818181818 0.22 0)
(0.3863636364 0.22 0)
(0.3909090909 0.22 0)
(0.3954545455 0.22 0)
(0.4 0.22 0)
(0.4045454545 0.22 0)
(0.4090909091 0.22 0)
(0.4136363636 0.22 0)
(0.4181818182 0.22 0)
(0.4227272727 0.22 0)
(0.4272727273 0.22 0)
(0.4318181818 0.22 0)
(0.4363636364 0.22 0)
(0.4409090909 0.22 0)
(0.4454545455 0.22 0)
(0.45 0.22 0)
(0.4545454545 0.22 0)
(0.4590909091 0.22 0)
(0.4636363636 0.22 0)
(0.4681818182 0.22 0)
(0.4727272727 0.22 0)
(0.4772727273 0.22 0)
(0.4818181818 0.22 0)
(0.4863636364 0.22 0)
(0.4909090909 0.22 0)
(0.4954545455 0.22 0)
(0.5 0.22 0)
(0.5045454545 0.22 0)
(0.5090909091 0.22 0)
(0.5136363636 0.22 0)
(0.5181818182 0.22 0)
(0.5227272727 0.22 0)
(0.5272727273 0.22 0)
(0.5318181818 0.22 0)
(0.5363636364 0.22 0)
(0.5409090909 0.22 0)
(0.5454545455 0.22 0)
(0.55 0.22 0)
(0.5545454545 0.22 0)
(0.5590909091 0.22 0)
(0.5636363636 0.22 0)
(0.5681818182 0.22 0)
(0.5727272727 0.22 0)
(0.5772727273 0.22 0)
(0.5818181818 0.22 0)
(0.5863636364 0.22 0)
(0.5909090909 0.22 0)
(0.5954545455 0.22 0)
(0.6 0.22 0)
(0.6045454545 0.22 0)
(0.6090909091 0.22 0)
(0.6136363636 0.22 0)
(0.6181818182 0.22 0)
(0.6227272727 0.22 0)
(0.6272727273 0.22 0)
(0.6318181818 0.22 0)
(0.6363636364 0.22 0)
(0.6409090909 0.22 0)
(0.6454545455 0.22 0)
(0.65 0.22 0)
(0.6545454545 0.22 0)
(0.6590909091 0.22 0)
(0.6636363636 0.22 0)
(0.6681818182 0.22 0)
(0.6727272727 0.22 0)
(0.6772727273 0.22 0)
(0.6818181818 0.22 0)
(0.6863636364 0.22 0)
(0.6909090909 0.22 0)
(0.6954545455 0.22 0)
(0.7 0.22 0)
(0.7045454545 0.22 0)
(0.7090909091 0.22 0)
(0.7136363636 0.22 0)
(0.7181818182 0.22 0)
(0.7227272727 0.22 0)
(0.7272727273 0.22 0)
(0.7318181818 0.22 0)
(0.7363636364 0.22 0)
(0.7409090909 0.22 0)
(0.7454545455 0.22 0)
(0.75 0.22 0)
(0.7545454545 0.22 0)
(0.7590909091 0.22 0)
(0.7636363636 0.22 0)
(0.7681818182 0.22 0)
(0.7727272727 0.22 0)
(0.7772727273 0.22 0)
(0.7818181818 0.22 0)
(0.7863636364 0.22 0)
(0.7909090909 0.22 0)
(0.7954545455 0.22 0)
(0.8 0.22 0)
(0.8045454545 0.22 0)
(0.8090909091 0.22 0)
(0.8136363636 0.22 0)
(0.8181818182 0.22 0)
(0.8227272727 0.22 0)
(0.8272727273 0.22 0)
(0.8318181818 0.22 0)
(0.8363636364 0.22 0)
(0.8409090909 0.22 0)
(0.8454545455 0.22 0)
(0.85 0.22 0)
(0.8545454545 0.22 0)
(0.8590909091 0.22 0)
(0.8636363636 0.22 0)
(0.8681818182 0.22 0)
(0.8727272727 0.22 0)
(0.8772727273 0.22 0)
(0.8818181818 0.22 0)
(0.8863636364 0.22 0)
(0.8909090909 0.22 0)
(0.8954545455 0.22 0)
(0.9 0.22 0)
(0.9045454545 0.22 0)
(0.9090909091 0.22 0)
(0.9136363636 0.22 0)
(0.9181818182 0.22 0)
(0.9227272727 0.22 0)
(0.9272727273 0.22 0)
(0.9318181818 0.22 0)
(0.9363636364 0.22 0)
(0.9409090909 0.22 0)
(0.9454545455 0.22 0)
(0.95 0.22 0)
(0.9545454545 0.22 0)
(0.9590909091 0.22 0)
(0.9636363636 0.22 0)
(0.9681818182 0.22 0)
(0.9727272727 0.22 0)
(0.9772727273 0.22 0)
(0.9818181818 0.22 0)
(0.9863636364 0.22 0)
(0.9909090909 0.22 0)
(0.9954545455 0.22 0)
(1 0.22 0)
(0 0.2266666667 0)
(0.004545454545 0.2266666667 0)
(0.009090909091 0.2266666667 0)
(0.01363636364 0.2266666667 0)
(0.01818181818 0.2266666667 0)
(0.02272727273 0.2266666667 0)
(0.02727272727 0.2266666667 0)
(0.03181818182 0.2266666667 0)
(0.03636363636 0.2266666667 0)
(0.04090909091 0.2266666667 0)
(0.04545454545 0.2266666667 0)
(0.05 0.2266666667 0)
(0.05454545455 0.2266666667 0)
(0.05909090909 0.2266666667 0)
(0.06363636364 0.2266666667 0)
(0.06818181818 0.2266666667 0)
(0.07272727273 0.2266666667 0)
(0.07727272727 0.2266666667 0)
(0.08181818182 0.2266666667 0)
(0.08636363636 0.2266666667 0)
(0.09090909091 0.2266666667 0)
(0.09545454545 0.2266666667 0)
(0.1 0.2266666667 0)
(0.1045454545 0.2266666667 0)
(0.1090909091 0.2266666667 0)
(0.1136363636 0.2266666667 0)
(0.1181818182 0.2266666667 0)
(0.1227272727 0.2266666667 0)
(0.1272727273 0.2266666667 0)
(0.1318181818 0.2266666667 0)
(0.1363636364 0.2266666667 0)
(0.1409090909 0.2266666667 0)
(0.1454545455 0.2266666667 0)
(0.15 0.2266666667 0)
(0.1545454545 0.2266666667 0)
(0.1590909091 0.2266666667 0)
(0.1636363636 0.2266666667 0)
(0.1681818182 0.2266666667 0)
(0.1727272727 0.2266666667 0)
(0.1772727273 0.2266666667 0)
(0.1818181818 0.2266666667 0)
(0.1863636364 0.2266666667 0)
(0.1909090909 0.2266666667 0)
(0.1954545455 0.2266666667 0)
(0.2 0.2266666667 0)
(0.2045454545 0.2266666667 0)
(0.2090909091 0.2266666667 0)
(0.2136363636 0.2266666667 0)
(0.2181818182 0.2266666667 0)
(0.2227272727 0.2266666667 0)
(0.2272727273 0.2266666667 0)
(0.2318181818 0.2266666667 0)
(0.2363636364 0.2266666667 0)
(0.2409090909 0.2266666667 0)
(0.2454545455 0.2266666667 0)
(0.25 0.2266666667 0)
(0.2545454545 0.2266666667 0)
(0.2590909091 0.2266666667 0)
(0.2636363636 0.2266666667 0)
(0.2681818182 0.2266666667 0)
(0.2727272727 0.2266666667 0)
(0.2772727273 0.2266666667 0)
(0.2818181818 0.2266666667 0)
(0.2863636364 0.2266666667 0)
(0.2909090909 0.2266666667 0)
(0.2954545455 0.2266666667 0)
(0.3 0.2266666667 0)
(0.3045454545 0.2266666667 0)
(0.3090909091 0.2266666667 0)
(0.3136363636 0.2266666667 0)
(0.3181818182 0.2266666667 0)
(0.3227272727 0.2266666667 0)
(0.3272727273 0.2266666667 0)
(0.3318181818 0.2266666667 0)
(0.3363636364 0.2266666667 0)
(0.3409090909 0.2266666667 0)
(0.3454545455 0.2266666667 0)
(0.35 0.2266666667 0)
(0.3545454545 0.2266666667 0)
(0.3590909091 0.2266666667 0)
(0.3636363636 0.2266666667 0)
(0.3681818182 0.2266666667 0)
(0.3727272727 0.2266666667 0)
(0.3772727273 0.2266666667 0)
(0.3818181818 0.2266666667 0)
(0.3863636364 0.2266666667 0)
(0.3909090909 0.2266666667 0)
(0.3954545455 0.2266666667 0)
(0.4 0.2266666667 0)
(0.4045454545 0.2266666667 0)
(0.4090909091 0.2266666667 0)
(0.4136363636 0.2266666667 0)
(0.4181818182 0.2266666667 0)
(0.4227272727 0.2266666667 0)
(0.4272727273 0.2266666667 0)
(0.4318181818 0.2266666667 0)
(0.4363636364 0.2266666667 0)
(0.4409090909 0.2266666667 0)
(0.4454545455 0.2266666667 0)
(0.45 0.2266666667 0)
(0.4545454545 0.2266666667 0)
(0.4590909091 0.2266666667 0)
(0.4636363636 0.2266666667 0)
(0.4681818182 0.2266666667 0)
(0.4727272727 0.2266666667 0)
(0.4772727273 0.2266666667 0)
(0.4818181818 0.2266666667 0)
(0.4863636364 0.2266666667 0)
(0.4909090909 0.2266666667 0)
(0.4954545455 0.2266666667 0)
(0.5 0.2266666667 0)
(0.5045454545 0.2266666667 0)
(0.5090909091 0.2266666667 0)
(0.5136363636 0.2266666667 0)
(0.5181818182 0.2266666667 0)
(0.5227272727 0.2266666667 0)
(0.5272727273 0.2266666667 0)
(0.5318181818 0.2266666667 0)
(0.5363636364 0.2266666667 0)
(0.5409090909 0.2266666667 0)
(0.5454545455 0.2266666667 0)
(0.55 0.2266666667 0)
(0.5545454545 0.2266666667 0)
(0.5590909091 0.2266666667 0)
(0.5636363636 0.2266666667 0)
(0.5681818182 0.2266666667 0)
(0.5727272727 0.2266666667 0)
(0.5772727273 0.2266666667 0)
(0.5818181818 0.2266666667 0)
(0.5863636364 0.2266666667 0)
(0.5909090909 0.2266666667 0)
(0.5954545455 0.2266666667 0)
(0.6 0.2266666667 0)
(0.6045454545 0.2266666667 0)
(0.6090909091 0.2266666667 0)
(0.6136363636 0.2266666667 0)
(0.6181818182 0.2266666667 0)
(0.6227272727 0.2266666667 0)
(0.6272727273 0.2266666667 0)
(0.6318181818 0.2266666667 0)
(0.6363636364 0.2266666667 0)
(0.6409090909 0.2266666667 0)
(0.6454545455 0.2266666667 0)
(0.65 0.2266666667 0)
(0.6545454545 0.2266666667 0)
(0.6590909091 0.2266666667 0)
(0.6636363636 0.2266666667 0)
(0.6681818182 0.2266666667 0)
(0.6727272727 0.2266666667 0)
(0.6772727273 0.2266666667 0)
(0.6818181818 0.2266666667 0)
(0.6863636364 0.2266666667 0)
(0.6909090909 0.2266666667 0)
(0.6954545455 0.2266666667 0)
(0.7 0.2266666667 0)
(0.7045454545 0.2266666667 0)
(0.7090909091 0.2266666667 0)
(0.7136363636 0.2266666667 0)
(0.7181818182 0.2266666667 0)
(0.7227272727 0.2266666667 0)
(0.7272727273 0.2266666667 0)
(0.7318181818 0.2266666667 0)
(0.7363636364 0.2266666667 0)
(0.7409090909 0.2266666667 0)
(0.7454545455 0.2266666667 0)
(0.75 0.2266666667 0)
(0.7545454545 0.2266666667 0)
(0.7590909091 0.2266666667 0)
(0.7636363636 0.2266666667 0)
(0.7681818182 0.2266666667 0)
(0.7727272727 0.2266666667 0)
(0.7772727273 0.2266666667 0)
(0.7818181818 0.2266666667 0)
(0.7863636364 0.2266666667 0)
(0.7909090909 0.2266666667 0)
(0.7954545455 0.2266666667 0)
(0.8 0.2266666667 0)
(0.8045454545 0.2266666667 0)
(0.8090909091 0.2266666667 0)
(0.8136363636 0.2266666667 0)
(0.8181818182 0.2266666667 0)
(0.8227272727 0.2266666667 0)
(0.8272727273 0.2266666667 0)
(0.8318181818 0.2266666667 0)
(0.8363636364 0.2266666667 0)
(0.8409090909 0.2266666667 0)
(0.8454545455 0.2266666667 0)
(0.85 0.2266666667 0)
(0.8545454545 0.2266666667 0)
(0.8590909091 0.2266666667 0)
(0.8636363636 0.2266666667 0)
(0.8681818182 0.2266666667 0)
(0.8727272727 0.2266666667 0)
(0.8772727273 0.2266666667 0)
(0.8818181818 0.2266666667 0)
(0.8863636364 0.2266666667 0)
(0.8909090909 0.2266666667 0)
(0.8954545455 0.2266666667 0)
(0.9 0.2266666667 0)
(0.9045454545 0.2266666667 0)
(0.9090909091 0.2266666667 0)
(0.9136363636 0.2266666667 0)
(0.9181818182 0.2266666667 0)
(0.9227272727 0.2266666667 0)
(0.9272727273 0.2266666667 0)
(0.9318181818 0.2266666667 0)
(0.9363636364 0.2266666667 0)
(0.9409090909 0.2266666667 0)
(0.9454545455 0.2266666667 0)
(0.95 0.2266666667 0)
(0.9545454545 0.2266666667 0)
(0.9590909091 0.2266666667 0)
(0.9636363636 0.2266666667 0)
(0.9681818182 0.2266666667 0)
(0.9727272727 0.2266666667 0)
(0.9772727273 0.2266666667 0)
(0.9818181818 0.2266666667 0)
(0.9863636364 0.2266666667 0)
(0.9909090909 0.2266666667 0)
(0.9954545455 0.2266666667 0)
(1 0.2266666667 0)
(0 0.2333333333 0)
(0.004545454545 0.2333333333 0)
(0.009090909091 0.2333333333 0)
(0.01363636364 0.2333333333 0)
(0.01818181818 0.2333333333 0)
(0.02272727273 0.2333333333 0)
(0.02727272727 0.2333333333 0)
(0.03181818182 0.2333333333 0)
(0.03636363636 0.2333333333 0)
(0.04090909091 0.2333333333 0)
(0.04545454545 0.2333333333 0)
(0.05 0.2333333333 0)
(0.05454545455 0.2333333333 0)
(0.05909090909 0.2333333333 0)
(0.06363636364 0.2333333333 0)
(0.06818181818 0.2333333333 0)
(0.07272727273 0.2333333333 0)
(0.07727272727 0.2333333333 0)
(0.08181818182 0.2333333333 0)
(0.08636363636 0.2333333333 0)
(0.09090909091 0.2333333333 0)
(0.09545454545 0.2333333333 0)
(0.1 0.2333333333 0)
(0.1045454545 0.2333333333 0)
(0.1090909091 0.2333333333 0)
(0.1136363636 0.2333333333 0)
(0.1181818182 0.2333333333 0)
(0.1227272727 0.2333333333 0)
(0.1272727273 0.2333333333 0)
(0.1318181818 0.2333333333 0)
(0.1363636364 0.2333333333 0)
(0.1409090909 0.2333333333 0)
(0.1454545455 0.2333333333 0)
(0.15 0.2333333333 0)
(0.1545454545 0.2333333333 0)
(0.1590909091 0.2333333333 0)
(0.1636363636 0.2333333333 0)
(0.1681818182 0.2333333333 0)
(0.1727272727 0.2333333333 0)
(0.1772727273 0.2333333333 0)
(0.1818181818 0.2333333333 0)
(0.1863636364 0.2333333333 0)
(0.1909090909 0.2333333333 0)
(0.1954545455 0.2333333333 0)
(0.2 0.2333333333 0)
(0.2045454545 0.2333333333 0)
(0.2090909091 0.2333333333 0)
(0.2136363636 0.2333333333 0)
(0.2181818182 0.2333333333 0)
(0.2227272727 0.2333333333 0)
(0.2272727273 0.2333333333 0)
(0.2318181818 0.2333333333 0)
(0.2363636364 0.2333333333 0)
(0.2409090909 0.2333333333 0)
(0.2454545455 0.2333333333 0)
(0.25 0.2333333333 0)
(0.2545454545 0.2333333333 0)
(0.2590909091 0.2333333333 0)
(0.2636363636 0.2333333333 0)
(0.2681818182 0.2333333333 0)
(0.2727272727 0.2333333333 0)
(0.2772727273 0.2333333333 0)
(0.2818181818 0.2333333333 0)
(0.2863636364 0.2333333333 0)
(0.2909090909 0.2333333333 0)
(0.2954545455 0.2333333333 0)
(0.3 0.2333333333 0)
(0.3045454545 0.2333333333 0)
(0.3090909091 0.2333333333 0)
(0.3136363636 0.2333333333 0)
(0.3181818182 0.2333333333 0)
(0.3227272727 0.2333333333 0)
(0.3272727273 0.2333333333 0)
(0.3318181818 0.2333333333 0)
(0.3363636364 0.2333333333 0)
(0.3409090909 0.2333333333 0)
(0.3454545455 0.2333333333 0)
(0.35 0.2333333333 0)
(0.3545454545 0.2333333333 0)
(0.3590909091 0.2333333333 0)
(0.3636363636 0.2333333333 0)
(0.3681818182 0.2333333333 0)
(0.3727272727 0.2333333333 0)
(0.3772727273 0.2333333333 0)
(0.3818181818 0.2333333333 0)
(0.3863636364 0.2333333333 0)
(0.3909090909 0.2333333333 0)
(0.3954545455 0.2333333333 0)
(0.4 0.2333333333 0)
(0.4045454545 0.2333333333 0)
(0.4090909091 0.2333333333 0)
(0.4136363636 0.2333333333 0)
(0.4181818182 0.2333333333 0)
(0.4227272727 0.2333333333 0)
(0.4272727273 0.2333333333 0)
(0.4318181818 0.2333333333 0)
(0.4363636364 0.2333333333 0)
(0.4409090909 0.2333333333 0)
(0.4454545455 0.2333333333 0)
(0.45 0.2333333333 0)
(0.4545454545 0.2333333333 0)
(0.4590909091 0.2333333333 0)
(0.4636363636 0.2333333333 0)
(0.4681818182 0.2333333333 0)
(0.4727272727 0.2333333333 0)
(0.4772727273 0.2333333333 0)
(0.4818181818 0.2333333333 0)
(0.4863636364 0.2333333333 0)
(0.4909090909 0.2333333333 0)
(0.4954545455 0.2333333333 0)
(0.5 0.2333333333 0)
(0.5045454545 0.2333333333 0)
(0.5090909091 0.2333333333 0)
(0.5136363636 0.2333333333 0)
(0.5181818182 0.2333333333 0)
(0.5227272727 0.2333333333 0)
(0.5272727273 0.2333333333 0)
(0.5318181818 0.2333333333 0)
(0.5363636364 0.2333333333 0)
(0.5409090909 0.2333333333 0)
(0.5454545455 0.2333333333 0)
(0.55 0.2333333333 0)
(0.5545454545 0.2333333333 0)
(0.5590909091 0.2333333333 0)
(0.5636363636 0.2333333333 0)
(0.5681818182 0.2333333333 0)
(0.5727272727 0.2333333333 0)
(0.5772727273 0.2333333333 0)
(0.5818181818 0.2333333333 0)
(0.5863636364 0.2333333333 0)
(0.5909090909 0.2333333333 0)
(0.5954545455 0.2333333333 0)
(0.6 0.2333333333 0)
(0.6045454545 0.2333333333 0)
(0.6090909091 0.2333333333 0)
(0.6136363636 0.2333333333 0)
(0.6181818182 0.2333333333 0)
(0.6227272727 0.2333333333 0)
(0.6272727273 0.2333333333 0)
(0.6318181818 0.2333333333 0)
(0.6363636364 0.2333333333 0)
(0.6409090909 0.2333333333 0)
(0.6454545455 0.2333333333 0)
(0.65 0.2333333333 0)
(0.6545454545 0.2333333333 0)
(0.6590909091 0.2333333333 0)
(0.6636363636 0.2333333333 0)
(0.6681818182 0.2333333333 0)
(0.6727272727 0.2333333333 0)
(0.6772727273 0.2333333333 0)
(0.6818181818 0.2333333333 0)
(0.6863636364 0.2333333333 0)
(0.6909090909 0.2333333333 0)
(0.6954545455 0.2333333333 0)
(0.7 0.2333333333 0)
(0.7045454545 0.2333333333 0)
(0.7090909091 0.2333333333 0)
(0.7136363636 0.2333333333 0)
(0.7181818182 0.2333333333 0)
(0.7227272727 0.2333333333 0)
(0.7272727273 0.2333333333 0)
(0.7318181818 0.2333333333 0)
(0.7363636364 0.2333333333 0)
(0.7409090909 0.2333333333 0)
(0.7454545455 0.2333333333 0)
(0.75 0.2333333333 0)
(0.7545454545 0.2333333333 0)
(0.7590909091 0.2333333333 0)
(0.7636363636 0.2333333333 0)
(0.7681818182 0.2333333333 0)
(0.7727272727 0.2333333333 0)
(0.7772727273 0.2333333333 0)
(0.7818181818 0.2333333333 0)
(0.7863636364 0.2333333333 0)
(0.7909090909 0.2333333333 0)
(0.7954545455 0.2333333333 0)
(0.8 0.2333333333 0)
(0.8045454545 0.2333333333 0)
(0.8090909091 0.2333333333 0)
(0.8136363636 0.2333333333 0)
(0.8181818182 0.2333333333 0)
(0.8227272727 0.2333333333 0)
(0.8272727273 0.2333333333 0)
(0.8318181818 0.2333333333 0)
(0.8363636364 0.2333333333 0)
(0.8409090909 0.2333333333 0)
(0.8454545455 0.2333333333 0)
(0.85 0.2333333333 0)
(0.8545454545 0.2333333333 0)
(0.8590909091 0.2333333333 0)
(0.8636363636 0.2333333333 0)
(0.8681818182 0.2333333333 0)
(0.8727272727 0.2333333333 0)
(0.8772727273 0.2333333333 0)
(0.8818181818 0.2333333333 0)
(0.8863636364 0.2333333333 0)
(0.8909090909 0.2333333333 0)
(0.8954545455 0.2333333333 0)
(0.9 0.2333333333 0)
(0.9045454545 0.2333333333 0)
(0.9090909091 0.2333333333 0)
(0.9136363636 0.2333333333 0)
(0.9181818182 0.2333333333 0)
(0.9227272727 0.2333333333 0)
(0.9272727273 0.2333333333 0)
(0.9318181818 0.2333333333 0)
(0.9363636364 0.2333333333 0)
(0.9409090909 0.2333333333 0)
(0.9454545455 0.2333333333 0)
(0.95 0.2333333333 0)
(0.9545454545 0.2333333333 0)
(0.9590909091 0.2333333333 0)
(0.9636363636 0.2333333333 0)
(0.9681818182 0.2333333333 0)
(0.9727272727 0.2333333333 0)
(0.9772727273 0.2333333333 0)
(0.9818181818 0.2333333333 0)
(0.9863636364 0.2333333333 0)
(0.9909090909 0.2333333333 0)
(0.9954545455 0.2333333333 0)
(1 0.2333333333 0)
(0 0.24 0)
(0.004545454545 0.24 0)
(0.009090909091 0.24 0)
(0.01363636364 0.24 0)
(0.01818181818 0.24 0)
(0.02272727273 0.24 0)
(0.02727272727 0.24 0)
(0.03181818182 0.24 0)
(0.03636363636 0.24 0)
(0.04090909091 0.24 0)
(0.04545454545 0.24 0)
(0.05 0.24 0)
(0.05454545455 0.24 0)
(0.05909090909 0.24 0)
(0.06363636364 0.24 0)
(0.06818181818 0.24 0)
(0.07272727273 0.24 0)
(0.07727272727 0.24 0)
(0.08181818182 0.24 0)
(0.08636363636 0.24 0)
(0.09090909091 0.24 0)
(0.09545454545 0.24 0)
(0.1 0.24 0)
(0.1045454545 0.24 0)
(0.1090909091 0.24 0)
(0.1136363636 0.24 0)
(0.1181818182 0.24 0)
(0.1227272727 0.24 0)
(0.1272727273 0.24 0)
(0.1318181818 0.24 0)
(0.1363636364 0.24 0)
(0.1409090909 0.24 0)
(0.1454545455 0.24 0)
(0.15 0.24 0)
(0.1545454545 0.24 0)
(0.1590909091 0.24 0)
(0.1636363636 0.24 0)
(0.1681818182 0.24 0)
(0.1727272727 0.24 0)
(0.1772727273 0.24 0)
(0.1818181818 0.24 0)
(0.1863636364 0.24 0)
(0.1909090909 0.24 0)
(0.1954545455 0.24 0)
(0.2 0.24 0)
(0.2045454545 0.24 0)
(0.2090909091 0.24 0)
(0.2136363636 0.24 0)
(0.2181818182 0.24 0)
(0.2227272727 0.24 0)
(0.2272727273 0.24 0)
(0.2318181818 0.24 0)
(0.2363636364 0.24 0)
(0.2409090909 0.24 0)
(0.2454545455 0.24 0)
(0.25 0.24 0)
(0.2545454545 0.24 0)
(0.2590909091 0.24 0)
(0.2636363636 0.24 0)
(0.2681818182 0.24 0)
(0.2727272727 0.24 0)
(0.2772727273 0.24 0)
(0.2818181818 0.24 0)
(0.2863636364 0.24 0)
(0.2909090909 0.24 0)
(0.2954545455 0.24 0)
(0.3 0.24 0)
(0.3045454545 0.24 0)
(0.3090909091 0.24 0)
(0.3136363636 0.24 0)
(0.3181818182 0.24 0)
(0.3227272727 0.24 0)
(0.3272727273 0.24 0)
(0.3318181818 0.24 0)
(0.3363636364 0.24 0)
(0.3409090909 0.24 0)
(0.3454545455 0.24 0)
(0.35 0.24 0)
(0.3545454545 0.24 0)
(0.3590909091 0.24 0)
(0.3636363636 0.24 0)
(0.3681818182 0.24 0)
(0.3727272727 0.24 0)
(0.3772727273 0.24 0)
(0.3818181818 0.24 0)
(0.3863636364 0.24 0)
(0.3909090909 0.24 0)
(0.3954545455 0.24 0)
(0.4 0.24 0)
(0.4045454545 0.24 0)
(0.4090909091 0.24 0)
(0.4136363636 0.24 0)
(0.4181818182 0.24 0)
(0.4227272727 0.24 0)
(0.4272727273 0.24 0)
(0.4318181818 0.24 0)
(0.4363636364 0.24 0)
(0.4409090909 0.24 0)
(0.4454545455 0.24 0)
(0.45 0.24 0)
(0.4545454545 0.24 0)
(0.4590909091 0.24 0)
(0.4636363636 0.24 0)
(0.4681818182 0.24 0)
(0.4727272727 0.24 0)
(0.4772727273 0.24 0)
(0.4818181818 0.24 0)
(0.4863636364 0.24 0)
(0.4909090909 0.24 0)
(0.4954545455 0.24 0)
(0.5 0.24 0)
(0.5045454545 0.24 0)
(0.5090909091 0.24 0)
(0.5136363636 0.24 0)
(0.5181818182 0.24 0)
(0.5227272727 0.24 0)
(0.5272727273 0.24 0)
(0.5318181818 0.24 0)
(0.5363636364 0.24 0)
(0.5409090909 0.24 0)
(0.5454545455 0.24 0)
(0.55 0.24 0)
(0.5545454545 0.24 0)
(0.5590909091 0.24 0)
(0.5636363636 0.24 0)
(0.5681818182 0.24 0)
(0.5727272727 0.24 0)
(0.5772727273 0.24 0)
(0.5818181818 0.24 0)
(0.5863636364 0.24 0)
(0.5909090909 0.24 0)
(0.5954545455 0.24 0)
(0.6 0.24 0)
(0.6045454545 0.24 0)
(0.6090909091 0.24 0)
(0.6136363636 0.24 0)
(0.6181818182 0.24 0)
(0.6227272727 0.24 0)
(0.6272727273 0.24 0)
(0.6318181818 0.24 0)
(0.6363636364 0.24 0)
(0.6409090909 0.24 0)
(0.6454545455 0.24 0)
(0.65 0.24 0)
(0.6545454545 0.24 0)
(0.6590909091 0.24 0)
(0.6636363636 0.24 0)
(0.6681818182 0.24 0)
(0.6727272727 0.24 0)
(0.6772727273 0.24 0)
(0.6818181818 0.24 0)
(0.6863636364 0.24 0)
(0.6909090909 0.24 0)
(0.6954545455 0.24 0)
(0.7 0.24 0)
(0.7045454545 0.24 0)
(0.7090909091 0.24 0)
(0.7136363636 0.24 0)
(0.7181818182 0.24 0)
(0.7227272727 0.24 0)
(0.7272727273 0.24 0)
(0.7318181818 0.24 0)
(0.7363636364 0.24 0)
(0.7409090909 0.24 0)
(0.7454545455 0.24 0)
(0.75 0.24 0)
(0.7545454545 0.24 0)
(0.7590909091 0.24 0)
(0.7636363636 0.24 0)
(0.7681818182 0.24 0)
(0.7727272727 0.24 0)
(0.7772727273 0.24 0)
(0.7818181818 0.24 0)
(0.7863636364 0.24 0)
(0.7909090909 0.24 0)
(0.7954545455 0.24 0)
(0.8 0.24 0)
(0.8045454545 0.24 0)
(0.8090909091 0.24 0)
(0.8136363636 0.24 0)
(0.8181818182 0.24 0)
(0.8227272727 0.24 0)
(0.8272727273 0.24 0)
(0.8318181818 0.24 0)
(0.8363636364 0.24 0)
(0.8409090909 0.24 0)
(0.8454545455 0.24 0)
(0.85 0.24 0)
(0.8545454545 0.24 0)
(0.8590909091 0.24 0)
(0.8636363636 0.24 0)
(0.8681818182 0.24 0)
(0.8727272727 0.24 0)
(0.8772727273 0.24 0)
(0.8818181818 0.24 0)
(0.8863636364 0.24 0)
(0.8909090909 0.24 0)
(0.8954545455 0.24 0)
(0.9 0.24 0)
(0.9045454545 0.24 0)
(0.9090909091 0.24 0)
(0.9136363636 0.24 0)
(0.9181818182 0.24 0)
(0.9227272727 0.24 0)
(0.9272727273 0.24 0)
(0.9318181818 0.24 0)
(0.9363636364 0.24 0)
(0.9409090909 0.24 0)
(0.9454545455 0.24 0)
(0.95 0.24 0)
(0.9545454545 0.24 0)
(0.9590909091 0.24 0)
(0.9636363636 0.24 0)
(0.9681818182 0.24 0)
(0.9727272727 0.24 0)
(0.9772727273 0.24 0)
(0.9818181818 0.24 0)
(0.9863636364 0.24 0)
(0.9909090909 0.24 0)
(0.9954545455 0.24 0)
(1 0.24 0)
(0 0.2466666667 0)
(0.004545454545 0.2466666667 0)
(0.009090909091 0.2466666667 0)
(0.01363636364 0.2466666667 0)
(0.01818181818 0.2466666667 0)
(0.02272727273 0.2466666667 0)
(0.02727272727 0.2466666667 0)
(0.03181818182 0.2466666667 0)
(0.03636363636 0.2466666667 0)
(0.04090909091 0.2466666667 0)
(0.04545454545 0.2466666667 0)
(0.05 0.2466666667 0)
(0.05454545455 0.2466666667 0)
(0.05909090909 0.2466666667 0)
(0.06363636364 0.2466666667 0)
(0.06818181818 0.2466666667 0)
(0.07272727273 0.2466666667 0)
(0.07727272727 0.2466666667 0)
(0.08181818182 0.2466666667 0)
(0.08636363636 0.2466666667 0)
(0.09090909091 0.2466666667 0)
(0.09545454545 0.2466666667 0)
(0.1 0.2466666667 0)
(0.1045454545 0.2466666667 0)
(0.1090909091 0.2466666667 0)
(0.1136363636 0.2466666667 0)
(0.1181818182 0.2466666667 0)
(0.1227272727 0.2466666667 0)
(0.1272727273 0.2466666667 0)
(0.1318181818 0.2466666667 0)
(0.1363636364 0.2466666667 0)
(0.1409090909 0.2466666667 0)
(0.1454545455 0.2466666667 0)
(0.15 0.2466666667 0)
(0.1545454545 0.2466666667 0)
(0.1590909091 0.2466666667 0)
(0.1636363636 0.2466666667 0)
(0.1681818182 0.2466666667 0)
(0.1727272727 0.2466666667 0)
(0.1772727273 0.2466666667 0)
(0.1818181818 0.2466666667 0)
(0.1863636364 0.2466666667 0)
(0.1909090909 0.2466666667 0)
(0.1954545455 0.2466666667 0)
(0.2 0.2466666667 0)
(0.2045454545 0.2466666667 0)
(0.2090909091 0.2466666667 0)
(0.2136363636 0.2466666667 0)
(0.2181818182 0.2466666667 0)
(0.2227272727 0.2466666667 0)
(0.2272727273 0.2466666667 0)
(0.2318181818 0.2466666667 0)
(0.2363636364 0.2466666667 0)
(0.2409090909 0.2466666667 0)
(0.2454545455 0.2466666667 0)
(0.25 0.2466666667 0)
(0.2545454545 0.2466666667 0)
(0.2590909091 0.2466666667 0)
(0.2636363636 0.2466666667 0)
(0.2681818182 0.2466666667 0)
(0.2727272727 0.2466666667 0)
(0.2772727273 0.2466666667 0)
(0.2818181818 0.2466666667 0)
(0.2863636364 0.2466666667 0)
(0.2909090909 0.2466666667 0)
(0.2954545455 0.2466666667 0)
(0.3 0.2466666667 0)
(0.3045454545 0.2466666667 0)
(0.3090909091 0.2466666667 0)
(0.3136363636 0.2466666667 0)
(0.3181818182 0.2466666667 0)
(0.3227272727 0.2466666667 0)
(0.3272727273 0.2466666667 0)
(0.3318181818 0.2466666667 0)
(0.3363636364 0.2466666667 0)
(0.3409090909 0.2466666667 0)
(0.3454545455 0.2466666667 0)
(0.35 0.2466666667 0)
(0.3545454545 0.2466666667 0)
(0.3590909091 0.2466666667 0)
(0.3636363636 0.2466666667 0)
(0.3681818182 0.2466666667 0)
(0.3727272727 0.2466666667 0)
(0.3772727273 0.2466666667 0)
(0.3818181818 0.2466666667 0)
(0.3863636364 0.2466666667 0)
(0.3909090909 0.2466666667 0)
(0.3954545455 0.2466666667 0)
(0.4 0.2466666667 0)
(0.4045454545 0.2466666667 0)
(0.4090909091 0.2466666667 0)
(0.4136363636 0.2466666667 0)
(0.4181818182 0.2466666667 0)
(0.4227272727 0.2466666667 0)
(0.4272727273 0.2466666667 0)
(0.4318181818 0.2466666667 0)
(0.4363636364 0.2466666667 0)
(0.4409090909 0.2466666667 0)
(0.4454545455 0.2466666667 0)
(0.45 0.2466666667 0)
(0.4545454545 0.2466666667 0)
(0.4590909091 0.2466666667 0)
(0.4636363636 0.2466666667 0)
(0.4681818182 0.2466666667 0)
(0.4727272727 0.2466666667 0)
(0.4772727273 0.2466666667 0)
(0.4818181818 0.2466666667 0)
(0.4863636364 0.2466666667 0)
(0.4909090909 0.2466666667 0)
(0.4954545455 0.2466666667 0)
(0.5 0.2466666667 0)
(0.5045454545 0.2466666667 0)
(0.5090909091 0.2466666667 0)
(0.5136363636 0.2466666667 0)
(0.5181818182 0.2466666667 0)
(0.5227272727 0.2466666667 0)
(0.5272727273 0.2466666667 0)
(0.5318181818 0.2466666667 0)
(0.5363636364 0.2466666667 0)
(0.5409090909 0.2466666667 0)
(0.5454545455 0.2466666667 0)
(0.55 0.2466666667 0)
(0.5545454545 0.2466666667 0)
(0.5590909091 0.2466666667 0)
(0.5636363636 0.2466666667 0)
(0.5681818182 0.2466666667 0)
(0.5727272727 0.2466666667 0)
(0.5772727273 0.2466666667 0)
(0.5818181818 0.2466666667 0)
(0.5863636364 0.2466666667 0)
(0.5909090909 0.2466666667 0)
(0.5954545455 0.2466666667 0)
(0.6 0.2466666667 0)
(0.6045454545 0.2466666667 0)
(0.6090909091 0.2466666667 0)
(0.6136363636 0.2466666667 0)
(0.6181818182 0.2466666667 0)
(0.6227272727 0.2466666667 0)
(0.6272727273 0.2466666667 0)
(0.6318181818 0.2466666667 0)
(0.6363636364 0.2466666667 0)
(0.6409090909 0.2466666667 0)
(0.6454545455 0.2466666667 0)
(0.65 0.2466666667 0)
(0.6545454545 0.2466666667 0)
(0.6590909091 0.2466666667 0)
(0.6636363636 0.2466666667 0)
(0.6681818182 0.2466666667 0)
(0.6727272727 0.2466666667 0)
(0.6772727273 0.2466666667 0)
(0.6818181818 0.2466666667 0)
(0.6863636364 0.2466666667 0)
(0.6909090909 0.2466666667 0)
(0.6954545455 0.2466666667 0)
(0.7 0.2466666667 0)
(0.7045454545 0.2466666667 0)
(0.7090909091 0.2466666667 0)
(0.7136363636 0.2466666667 0)
(0.7181818182 0.2466666667 0)
(0.7227272727 0.2466666667 0)
(0.7272727273 0.2466666667 0)
(0.7318181818 0.2466666667 0)
(0.7363636364 0.2466666667 0)
(0.7409090909 0.2466666667 0)
(0.7454545455 0.2466666667 0)
(0.75 0.2466666667 0)
(0.7545454545 0.2466666667 0)
(0.7590909091 0.2466666667 0)
(0.7636363636 0.2466666667 0)
(0.7681818182 0.2466666667 0)
(0.7727272727 0.2466666667 0)
(0.7772727273 0.2466666667 0)
(0.7818181818 0.2466666667 0)
(0.7863636364 0.2466666667 0)
(0.7909090909 0.2466666667 0)
(0.7954545455 0.2466666667 0)
(0.8 0.2466666667 0)
(0.8045454545 0.2466666667 0)
(0.8090909091 0.2466666667 0)
(0.8136363636 0.2466666667 0)
(0.8181818182 0.2466666667 0)
(0.8227272727 0.2466666667 0)
(0.8272727273 0.2466666667 0)
(0.8318181818 0.2466666667 0)
(0.8363636364 0.2466666667 0)
(0.8409090909 0.2466666667 0)
(0.8454545455 0.2466666667 0)
(0.85 0.2466666667 0)
(0.8545454545 0.2466666667 0)
(0.8590909091 0.2466666667 0)
(0.8636363636 0.2466666667 0)
(0.8681818182 0.2466666667 0)
(0.8727272727 0.2466666667 0)
(0.8772727273 0.2466666667 0)
(0.8818181818 0.2466666667 0)
(0.8863636364 0.2466666667 0)
(0.8909090909 0.2466666667 0)
(0.8954545455 0.2466666667 0)
(0.9 0.2466666667 0)
(0.9045454545 0.2466666667 0)
(0.9090909091 0.2466666667 0)
(0.9136363636 0.2466666667 0)
(0.9181818182 0.2466666667 0)
(0.9227272727 0.2466666667 0)
(0.9272727273 0.2466666667 0)
(0.9318181818 0.2466666667 0)
(0.9363636364 0.2466666667 0)
(0.9409090909 0.2466666667 0)
(0.9454545455 0.2466666667 0)
(0.95 0.2466666667 0)
(0.9545454545 0.2466666667 0)
(0.9590909091 0.2466666667 0)
(0.9636363636 0.2466666667 0)
(0.9681818182 0.2466666667 0)
(0.9727272727 0.2466666667 0)
(0.9772727273 0.2466666667 0)
(0.9818181818 0.2466666667 0)
(0.9863636364 0.2466666667 0)
(0.9909090909 0.2466666667 0)
(0.9954545455 0.2466666667 0)
(1 0.2466666667 0)
(0 0.2533333333 0)
(0.004545454545 0.2533333333 0)
(0.009090909091 0.2533333333 0)
(0.01363636364 0.2533333333 0)
(0.01818181818 0.2533333333 0)
(0.02272727273 0.2533333333 0)
(0.02727272727 0.2533333333 0)
(0.03181818182 0.2533333333 0)
(0.03636363636 0.2533333333 0)
(0.04090909091 0.2533333333 0)
(0.04545454545 0.2533333333 0)
(0.05 0.2533333333 0)
(0.05454545455 0.2533333333 0)
(0.05909090909 0.2533333333 0)
(0.06363636364 0.2533333333 0)
(0.06818181818 0.2533333333 0)
(0.07272727273 0.2533333333 0)
(0.07727272727 0.2533333333 0)
(0.08181818182 0.2533333333 0)
(0.08636363636 0.2533333333 0)
(0.09090909091 0.2533333333 0)
(0.09545454545 0.2533333333 0)
(0.1 0.2533333333 0)
(0.1045454545 0.2533333333 0)
(0.1090909091 0.2533333333 0)
(0.1136363636 0.2533333333 0)
(0.1181818182 0.2533333333 0)
(0.1227272727 0.2533333333 0)
(0.1272727273 0.2533333333 0)
(0.1318181818 0.2533333333 0)
(0.1363636364 0.2533333333 0)
(0.1409090909 0.2533333333 0)
(0.1454545455 0.2533333333 0)
(0.15 0.2533333333 0)
(0.1545454545 0.2533333333 0)
(0.1590909091 0.2533333333 0)
(0.1636363636 0.2533333333 0)
(0.1681818182 0.2533333333 0)
(0.1727272727 0.2533333333 0)
(0.1772727273 0.2533333333 0)
(0.1818181818 0.2533333333 0)
(0.1863636364 0.2533333333 0)
(0.1909090909 0.2533333333 0)
(0.1954545455 0.2533333333 0)
(0.2 0.2533333333 0)
(0.2045454545 0.2533333333 0)
(0.2090909091 0.2533333333 0)
(0.2136363636 0.2533333333 0)
(0.2181818182 0.2533333333 0)
(0.2227272727 0.2533333333 0)
(0.2272727273 0.2533333333 0)
(0.2318181818 0.2533333333 0)
(0.2363636364 0.2533333333 0)
(0.2409090909 0.2533333333 0)
(0.2454545455 0.2533333333 0)
(0.25 0.2533333333 0)
(0.2545454545 0.2533333333 0)
(0.2590909091 0.2533333333 0)
(0.2636363636 0.2533333333 0)
(0.2681818182 0.2533333333 0)
(0.2727272727 0.2533333333 0)
(0.2772727273 0.2533333333 0)
(0.2818181818 0.2533333333 0)
(0.2863636364 0.2533333333 0)
(0.2909090909 0.2533333333 0)
(0.2954545455 0.2533333333 0)
(0.3 0.2533333333 0)
(0.3045454545 0.2533333333 0)
(0.3090909091 0.2533333333 0)
(0.3136363636 0.2533333333 0)
(0.3181818182 0.2533333333 0)
(0.3227272727 0.2533333333 0)
(0.3272727273 0.2533333333 0)
(0.3318181818 0.2533333333 0)
(0.3363636364 0.2533333333 0)
(0.3409090909 0.2533333333 0)
(0.3454545455 0.2533333333 0)
(0.35 0.2533333333 0)
(0.3545454545 0.2533333333 0)
(0.3590909091 0.2533333333 0)
(0.3636363636 0.2533333333 0)
(0.3681818182 0.2533333333 0)
(0.3727272727 0.2533333333 0)
(0.3772727273 0.2533333333 0)
(0.3818181818 0.2533333333 0)
(0.3863636364 0.2533333333 0)
(0.3909090909 0.2533333333 0)
(0.3954545455 0.2533333333 0)
(0.4 0.2533333333 0)
(0.4045454545 0.2533333333 0)
(0.4090909091 0.2533333333 0)
(0.4136363636 0.2533333333 0)
(0.4181818182 0.2533333333 0)
(0.4227272727 0.2533333333 0)
(0.4272727273 0.2533333333 0)
(0.4318181818 0.2533333333 0)
(0.4363636364 0.2533333333 0)
(0.4409090909 0.2533333333 0)
(0.4454545455 0.2533333333 0)
(0.45 0.2533333333 0)
(0.4545454545 0.2533333333 0)
(0.4590909091 0.2533333333 0)
(0.4636363636 0.2533333333 0)
(0.4681818182 0.2533333333 0)
(0.4727272727 0.2533333333 0)
(0.4772727273 0.2533333333 0)
(0.4818181818 0.2533333333 0)
(0.4863636364 0.2533333333 0)
(0.4909090909 0.2533333333 0)
(0.4954545455 0.2533333333 0)
(0.5 0.2533333333 0)
(0.5045454545 0.2533333333 0)
(0.5090909091 0.2533333333 0)
(0.5136363636 0.2533333333 0)
(0.5181818182 0.2533333333 0)
(0.5227272727 0.2533333333 0)
(0.5272727273 0.2533333333 0)
(0.5318181818 0.2533333333 0)
(0.5363636364 0.2533333333 0)
(0.5409090909 0.2533333333 0)
(0.5454545455 0.2533333333 0)
(0.55 0.2533333333 0)
(0.5545454545 0.2533333333 0)
(0.5590909091 0.2533333333 0)
(0.5636363636 0.2533333333 0)
(0.5681818182 0.2533333333 0)
(0.5727272727 0.2533333333 0)
(0.5772727273 0.2533333333 0)
(0.5818181818 0.2533333333 0)
(0.5863636364 0.2533333333 0)
(0.5909090909 0.2533333333 0)
(0.5954545455 0.2533333333 0)
(0.6 0.2533333333 0)
(0.6045454545 0.2533333333 0)
(0.6090909091 0.2533333333 0)
(0.6136363636 0.2533333333 0)
(0.6181818182 0.2533333333 0)
(0.6227272727 0.2533333333 0)
(0.6272727273 0.2533333333 0)
(0.6318181818 0.2533333333 0)
(0.6363636364 0.2533333333 0)
(0.6409090909 0.2533333333 0)
(0.6454545455 0.2533333333 0)
(0.65 0.2533333333 0)
(0.6545454545 0.2533333333 0)
(0.6590909091 0.2533333333 0)
(0.6636363636 0.2533333333 0)
(0.6681818182 0.2533333333 0)
(0.6727272727 0.2533333333 0)
(0.6772727273 0.2533333333 0)
(0.6818181818 0.2533333333 0)
(0.6863636364 0.2533333333 0)
(0.6909090909 0.2533333333 0)
(0.6954545455 0.2533333333 0)
(0.7 0.2533333333 0)
(0.7045454545 0.2533333333 0)
(0.7090909091 0.2533333333 0)
(0.7136363636 0.2533333333 0)
(0.7181818182 0.2533333333 0)
(0.7227272727 0.2533333333 0)
(0.7272727273 0.2533333333 0)
(0.7318181818 0.2533333333 0)
(0.7363636364 0.2533333333 0)
(0.7409090909 0.2533333333 0)
(0.7454545455 0.2533333333 0)
(0.75 0.2533333333 0)
(0.7545454545 0.2533333333 0)
(0.7590909091 0.2533333333 0)
(0.7636363636 0.2533333333 0)
(0.7681818182 0.2533333333 0)
(0.7727272727 0.2533333333 0)
(0.7772727273 0.2533333333 0)
(0.7818181818 0.2533333333 0)
(0.7863636364 0.2533333333 0)
(0.7909090909 0.2533333333 0)
(0.7954545455 0.2533333333 0)
(0.8 0.2533333333 0)
(0.8045454545 0.2533333333 0)
(0.8090909091 0.2533333333 0)
(0.8136363636 0.2533333333 0)
(0.8181818182 0.2533333333 0)
(0.8227272727 0.2533333333 0)
(0.8272727273 0.2533333333 0)
(0.8318181818 0.2533333333 0)
(0.8363636364 0.2533333333 0)
(0.8409090909 0.2533333333 0)
(0.8454545455 0.2533333333 0)
(0.85 0.2533333333 0)
(0.8545454545 0.2533333333 0)
(0.8590909091 0.2533333333 0)
(0.8636363636 0.2533333333 0)
(0.8681818182 0.2533333333 0)
(0.8727272727 0.2533333333 0)
(0.8772727273 0.2533333333 0)
(0.8818181818 0.2533333333 0)
(0.8863636364 0.2533333333 0)
(0.8909090909 0.2533333333 0)
(0.8954545455 0.2533333333 0)
(0.9 0.2533333333 0)
(0.9045454545 0.2533333333 0)
(0.9090909091 0.2533333333 0)
(0.9136363636 0.2533333333 0)
(0.9181818182 0.2533333333 0)
(0.9227272727 0.2533333333 0)
(0.9272727273 0.2533333333 0)
(0.9318181818 0.2533333333 0)
(0.9363636364 0.2533333333 0)
(0.9409090909 0.2533333333 0)
(0.9454545455 0.2533333333 0)
(0.95 0.2533333333 0)
(0.9545454545 0.2533333333 0)
(0.9590909091 0.2533333333 0)
(0.9636363636 0.2533333333 0)
(0.9681818182 0.2533333333 0)
(0.9727272727 0.2533333333 0)
(0.9772727273 0.2533333333 0)
(0.9818181818 0.2533333333 0)
(0.9863636364 0.2533333333 0)
(0.9909090909 0.2533333333 0)
(0.9954545455 0.2533333333 0)
(1 0.2533333333 0)
(0 0.26 0)
(0.004545454545 0.26 0)
(0.009090909091 0.26 0)
(0.01363636364 0.26 0)
(0.01818181818 0.26 0)
(0.02272727273 0.26 0)
(0.02727272727 0.26 0)
(0.03181818182 0.26 0)
(0.03636363636 0.26 0)
(0.04090909091 0.26 0)
(0.04545454545 0.26 0)
(0.05 0.26 0)
(0.05454545455 0.26 0)
(0.05909090909 0.26 0)
(0.06363636364 0.26 0)
(0.06818181818 0.26 0)
(0.07272727273 0.26 0)
(0.07727272727 0.26 0)
(0.08181818182 0.26 0)
(0.08636363636 0.26 0)
(0.09090909091 0.26 0)
(0.09545454545 0.26 0)
(0.1 0.26 0)
(0.1045454545 0.26 0)
(0.1090909091 0.26 0)
(0.1136363636 0.26 0)
(0.1181818182 0.26 0)
(0.1227272727 0.26 0)
(0.1272727273 0.26 0)
(0.1318181818 0.26 0)
(0.1363636364 0.26 0)
(0.1409090909 0.26 0)
(0.1454545455 0.26 0)
(0.15 0.26 0)
(0.1545454545 0.26 0)
(0.1590909091 0.26 0)
(0.1636363636 0.26 0)
(0.1681818182 0.26 0)
(0.1727272727 0.26 0)
(0.1772727273 0.26 0)
(0.1818181818 0.26 0)
(0.1863636364 0.26 0)
(0.1909090909 0.26 0)
(0.1954545455 0.26 0)
(0.2 0.26 0)
(0.2045454545 0.26 0)
(0.2090909091 0.26 0)
(0.2136363636 0.26 0)
(0.2181818182 0.26 0)
(0.2227272727 0.26 0)
(0.2272727273 0.26 0)
(0.2318181818 0.26 0)
(0.2363636364 0.26 0)
(0.2409090909 0.26 0)
(0.2454545455 0.26 0)
(0.25 0.26 0)
(0.2545454545 0.26 0)
(0.2590909091 0.26 0)
(0.2636363636 0.26 0)
(0.2681818182 0.26 0)
(0.2727272727 0.26 0)
(0.2772727273 0.26 0)
(0.2818181818 0.26 0)
(0.2863636364 0.26 0)
(0.2909090909 0.26 0)
(0.2954545455 0.26 0)
(0.3 0.26 0)
(0.3045454545 0.26 0)
(0.3090909091 0.26 0)
(0.3136363636 0.26 0)
(0.3181818182 0.26 0)
(0.3227272727 0.26 0)
(0.3272727273 0.26 0)
(0.3318181818 0.26 0)
(0.3363636364 0.26 0)
(0.3409090909 0.26 0)
(0.3454545455 0.26 0)
(0.35 0.26 0)
(0.3545454545 0.26 0)
(0.3590909091 0.26 0)
(0.3636363636 0.26 0)
(0.3681818182 0.26 0)
(0.3727272727 0.26 0)
(0.3772727273 0.26 0)
(0.3818181818 0.26 0)
(0.3863636364 0.26 0)
(0.3909090909 0.26 0)
(0.3954545455 0.26 0)
(0.4 0.26 0)
(0.4045454545 0.26 0)
(0.4090909091 0.26 0)
(0.4136363636 0.26 0)
(0.4181818182 0.26 0)
(0.4227272727 0.26 0)
(0.4272727273 0.26 0)
(0.4318181818 0.26 0)
(0.4363636364 0.26 0)
(0.4409090909 0.26 0)
(0.4454545455 0.26 0)
(0.45 0.26 0)
(0.4545454545 0.26 0)
(0.4590909091 0.26 0)
(0.4636363636 0.26 0)
(0.4681818182 0.26 0)
(0.4727272727 0.26 0)
(0.4772727273 0.26 0)
(0.4818181818 0.26 0)
(0.4863636364 0.26 0)
(0.4909090909 0.26 0)
(0.4954545455 0.26 0)
(0.5 0.26 0)
(0.5045454545 0.26 0)
(0.5090909091 0.26 0)
(0.5136363636 0.26 0)
(0.5181818182 0.26 0)
(0.5227272727 0.26 0)
(0.5272727273 0.26 0)
(0.5318181818 0.26 0)
(0.5363636364 0.26 0)
(0.5409090909 0.26 0)
(0.5454545455 0.26 0)
(0.55 0.26 0)
(0.5545454545 0.26 0)
(0.5590909091 0.26 0)
(0.5636363636 0.26 0)
(0.5681818182 0.26 0)
(0.5727272727 0.26 0)
(0.5772727273 0.26 0)
(0.5818181818 0.26 0)
(0.5863636364 0.26 0)
(0.5909090909 0.26 0)
(0.5954545455 0.26 0)
(0.6 0.26 0)
(0.6045454545 0.26 0)
(0.6090909091 0.26 0)
(0.6136363636 0.26 0)
(0.6181818182 0.26 0)
(0.6227272727 0.26 0)
(0.6272727273 0.26 0)
(0.6318181818 0.26 0)
(0.6363636364 0.26 0)
(0.6409090909 0.26 0)
(0.6454545455 0.26 0)
(0.65 0.26 0)
(0.6545454545 0.26 0)
(0.6590909091 0.26 0)
(0.6636363636 0.26 0)
(0.6681818182 0.26 0)
(0.6727272727 0.26 0)
(0.6772727273 0.26 0)
(0.6818181818 0.26 0)
(0.6863636364 0.26 0)
(0.6909090909 0.26 0)
(0.6954545455 0.26 0)
(0.7 0.26 0)
(0.7045454545 0.26 0)
(0.7090909091 0.26 0)
(0.7136363636 0.26 0)
(0.7181818182 0.26 0)
(0.7227272727 0.26 0)
(0.7272727273 0.26 0)
(0.7318181818 0.26 0)
(0.7363636364 0.26 0)
(0.7409090909 0.26 0)
(0.7454545455 0.26 0)
(0.75 0.26 0)
(0.7545454545 0.26 0)
(0.7590909091 0.26 0)
(0.7636363636 0.26 0)
(0.7681818182 0.26 0)
(0.7727272727 0.26 0)
(0.7772727273 0.26 0)
(0.7818181818 0.26 0)
(0.7863636364 0.26 0)
(0.7909090909 0.26 0)
(0.7954545455 0.26 0)
(0.8 0.26 0)
(0.8045454545 0.26 0)
(0.8090909091 0.26 0)
(0.8136363636 0.26 0)
(0.8181818182 0.26 0)
(0.8227272727 0.26 0)
(0.8272727273 0.26 0)
(0.8318181818 0.26 0)
(0.8363636364 0.26 0)
(0.8409090909 0.26 0)
(0.8454545455 0.26 0)
(0.85 0.26 0)
(0.8545454545 0.26 0)
(0.8590909091 0.26 0)
(0.8636363636 0.26 0)
(0.8681818182 0.26 0)
(0.8727272727 0.26 0)
(0.8772727273 0.26 0)
(0.8818181818 0.26 0)
(0.8863636364 0.26 0)
(0.8909090909 0.26 0)
(0.8954545455 0.26 0)
(0.9 0.26 0)
(0.9045454545 0.26 0)
(0.9090909091 0.26 0)
(0.9136363636 0.26 0)
(0.9181818182 0.26 0)
(0.9227272727 0.26 0)
(0.9272727273 0.26 0)
(0.9318181818 0.26 0)
(0.9363636364 0.26 0)
(0.9409090909 0.26 0)
(0.9454545455 0.26 0)
(0.95 0.26 0)
(0.9545454545 0.26 0)
(0.9590909091 0.26 0)
(0.9636363636 0.26 0)
(0.9681818182 0.26 0)
(0.9727272727 0.26 0)
(0.9772727273 0.26 0)
(0.9818181818 0.26 0)
(0.9863636364 0.26 0)
(0.9909090909 0.26 0)
(0.9954545455 0.26 0)
(1 0.26 0)
(0 0.2666666667 0)
(0.004545454545 0.2666666667 0)
(0.009090909091 0.2666666667 0)
(0.01363636364 0.2666666667 0)
(0.01818181818 0.2666666667 0)
(0.02272727273 0.2666666667 0)
(0.02727272727 0.2666666667 0)
(0.03181818182 0.2666666667 0)
(0.03636363636 0.2666666667 0)
(0.04090909091 0.2666666667 0)
(0.04545454545 0.2666666667 0)
(0.05 0.2666666667 0)
(0.05454545455 0.2666666667 0)
(0.05909090909 0.2666666667 0)
(0.06363636364 0.2666666667 0)
(0.06818181818 0.2666666667 0)
(0.07272727273 0.2666666667 0)
(0.07727272727 0.2666666667 0)
(0.08181818182 0.2666666667 0)
(0.08636363636 0.2666666667 0)
(0.09090909091 0.2666666667 0)
(0.09545454545 0.2666666667 0)
(0.1 0.2666666667 0)
(0.1045454545 0.2666666667 0)
(0.1090909091 0.2666666667 0)
(0.1136363636 0.2666666667 0)
(0.1181818182 0.2666666667 0)
(0.1227272727 0.2666666667 0)
(0.1272727273 0.2666666667 0)
(0.1318181818 0.2666666667 0)
(0.1363636364 0.2666666667 0)
(0.1409090909 0.2666666667 0)
(0.1454545455 0.2666666667 0)
(0.15 0.2666666667 0)
(0.1545454545 0.2666666667 0)
(0.1590909091 0.2666666667 0)
(0.1636363636 0.2666666667 0)
(0.1681818182 0.2666666667 0)
(0.1727272727 0.2666666667 0)
(0.1772727273 0.2666666667 0)
(0.1818181818 0.2666666667 0)
(0.1863636364 0.2666666667 0)
(0.1909090909 0.2666666667 0)
(0.1954545455 0.2666666667 0)
(0.2 0.2666666667 0)
(0.2045454545 0.2666666667 0)
(0.2090909091 0.2666666667 0)
(0.2136363636 0.2666666667 0)
(0.2181818182 0.2666666667 0)
(0.2227272727 0.2666666667 0)
(0.2272727273 0.2666666667 0)
(0.2318181818 0.2666666667 0)
(0.2363636364 0.2666666667 0)
(0.2409090909 0.2666666667 0)
(0.2454545455 0.2666666667 0)
(0.25 0.2666666667 0)
(0.2545454545 0.2666666667 0)
(0.2590909091 0.2666666667 0)
(0.2636363636 0.2666666667 0)
(0.2681818182 0.2666666667 0)
(0.2727272727 0.2666666667 0)
(0.2772727273 0.2666666667 0)
(0.2818181818 0.2666666667 0)
(0.2863636364 0.2666666667 0)
(0.2909090909 0.2666666667 0)
(0.2954545455 0.2666666667 0)
(0.3 0.2666666667 0)
(0.3045454545 0.2666666667 0)
(0.3090909091 0.2666666667 0)
(0.3136363636 0.2666666667 0)
(0.3181818182 0.2666666667 0)
(0.3227272727 0.2666666667 0)
(0.3272727273 0.2666666667 0)
(0.3318181818 0.2666666667 0)
(0.3363636364 0.2666666667 0)
(0.3409090909 0.2666666667 0)
(0.3454545455 0.2666666667 0)
(0.35 0.2666666667 0)
(0.3545454545 0.2666666667 0)
(0.3590909091 0.2666666667 0)
(0.3636363636 0.2666666667 0)
(0.3681818182 0.2666666667 0)
(0.3727272727 0.2666666667 0)
(0.3772727273 0.2666666667 0)
(0.3818181818 0.2666666667 0)
(0.3863636364 0.2666666667 0)
(0.3909090909 0.2666666667 0)
(0.3954545455 0.2666666667 0)
(0.4 0.2666666667 0)
(0.4045454545 0.2666666667 0)
(0.4090909091 0.2666666667 0)
(0.4136363636 0.2666666667 0)
(0.4181818182 0.2666666667 0)
(0.4227272727 0.2666666667 0)
(0.4272727273 0.2666666667 0)
(0.4318181818 0.2666666667 0)
(0.4363636364 0.2666666667 0)
(0.4409090909 0.2666666667 0)
(0.4454545455 0.2666666667 0)
(0.45 0.2666666667 0)
(0.4545454545 0.2666666667 0)
(0.4590909091 0.2666666667 0)
(0.4636363636 0.2666666667 0)
(0.4681818182 0.2666666667 0)
(0.4727272727 0.2666666667 0)
(0.4772727273 0.2666666667 0)
(0.4818181818 0.2666666667 0)
(0.4863636364 0.2666666667 0)
(0.4909090909 0.2666666667 0)
(0.4954545455 0.2666666667 0)
(0.5 0.2666666667 0)
(0.5045454545 0.2666666667 0)
(0.5090909091 0.2666666667 0)
(0.5136363636 0.2666666667 0)
(0.5181818182 0.2666666667 0)
(0.5227272727 0.2666666667 0)
(0.5272727273 0.2666666667 0)
(0.5318181818 0.2666666667 0)
(0.5363636364 0.2666666667 0)
(0.5409090909 0.2666666667 0)
(0.5454545455 0.2666666667 0)
(0.55 0.2666666667 0)
(0.5545454545 0.2666666667 0)
(0.5590909091 0.2666666667 0)
(0.5636363636 0.2666666667 0)
(0.5681818182 0.2666666667 0)
(0.5727272727 0.2666666667 0)
(0.5772727273 0.2666666667 0)
(0.5818181818 0.2666666667 0)
(0.5863636364 0.2666666667 0)
(0.5909090909 0.2666666667 0)
(0.5954545455 0.2666666667 0)
(0.6 0.2666666667 0)
(0.6045454545 0.2666666667 0)
(0.6090909091 0.2666666667 0)
(0.6136363636 0.2666666667 0)
(0.6181818182 0.2666666667 0)
(0.6227272727 0.2666666667 0)
(0.6272727273 0.2666666667 0)
(0.6318181818 0.2666666667 0)
(0.6363636364 0.2666666667 0)
(0.6409090909 0.2666666667 0)
(0.6454545455 0.2666666667 0)
(0.65 0.2666666667 0)
(0.6545454545 0.2666666667 0)
(0.6590909091 0.2666666667 0)
(0.6636363636 0.2666666667 0)
(0.6681818182 0.2666666667 0)
(0.6727272727 0.2666666667 0)
(0.6772727273 0.2666666667 0)
(0.6818181818 0.2666666667 0)
(0.6863636364 0.2666666667 0)
(0.6909090909 0.2666666667 0)
(0.6954545455 0.2666666667 0)
(0.7 0.2666666667 0)
(0.7045454545 0.2666666667 0)
(0.7090909091 0.2666666667 0)
(0.7136363636 0.2666666667 0)
(0.7181818182 0.2666666667 0)
(0.7227272727 0.2666666667 0)
(0.7272727273 0.2666666667 0)
(0.7318181818 0.2666666667 0)
(0.7363636364 0.2666666667 0)
(0.7409090909 0.2666666667 0)
(0.7454545455 0.2666666667 0)
(0.75 0.2666666667 0)
(0.7545454545 0.2666666667 0)
(0.7590909091 0.2666666667 0)
(0.7636363636 0.2666666667 0)
(0.7681818182 0.2666666667 0)
(0.7727272727 0.2666666667 0)
(0.7772727273 0.2666666667 0)
(0.7818181818 0.2666666667 0)
(0.7863636364 0.2666666667 0)
(0.7909090909 0.2666666667 0)
(0.7954545455 0.2666666667 0)
(0.8 0.2666666667 0)
(0.8045454545 0.2666666667 0)
(0.8090909091 0.2666666667 0)
(0.8136363636 0.2666666667 0)
(0.8181818182 0.2666666667 0)
(0.8227272727 0.2666666667 0)
(0.8272727273 0.2666666667 0)
(0.8318181818 0.2666666667 0)
(0.8363636364 0.2666666667 0)
(0.8409090909 0.2666666667 0)
(0.8454545455 0.2666666667 0)
(0.85 0.2666666667 0)
(0.8545454545 0.2666666667 0)
(0.8590909091 0.2666666667 0)
(0.8636363636 0.2666666667 0)
(0.8681818182 0.2666666667 0)
(0.8727272727 0.2666666667 0)
(0.8772727273 0.2666666667 0)
(0.8818181818 0.2666666667 0)
(0.8863636364 0.2666666667 0)
(0.8909090909 0.2666666667 0)
(0.8954545455 0.2666666667 0)
(0.9 0.2666666667 0)
(0.9045454545 0.2666666667 0)
(0.9090909091 0.2666666667 0)
(0.9136363636 0.2666666667 0)
(0.9181818182 0.2666666667 0)
(0.9227272727 0.2666666667 0)
(0.9272727273 0.2666666667 0)
(0.9318181818 0.2666666667 0)
(0.9363636364 0.2666666667 0)
(0.9409090909 0.2666666667 0)
(0.9454545455 0.2666666667 0)
(0.95 0.2666666667 0)
(0.9545454545 0.2666666667 0)
(0.9590909091 0.2666666667 0)
(0.9636363636 0.2666666667 0)
(0.9681818182 0.2666666667 0)
(0.9727272727 0.2666666667 0)
(0.9772727273 0.2666666667 0)
(0.9818181818 0.2666666667 0)
(0.9863636364 0.2666666667 0)
(0.9909090909 0.2666666667 0)
(0.9954545455 0.2666666667 0)
(1 0.2666666667 0)
(0 0.2733333333 0)
(0.004545454545 0.2733333333 0)
(0.009090909091 0.2733333333 0)
(0.01363636364 0.2733333333 0)
(0.01818181818 0.2733333333 0)
(0.02272727273 0.2733333333 0)
(0.02727272727 0.2733333333 0)
(0.03181818182 0.2733333333 0)
(0.03636363636 0.2733333333 0)
(0.04090909091 0.2733333333 0)
(0.04545454545 0.2733333333 0)
(0.05 0.2733333333 0)
(0.05454545455 0.2733333333 0)
(0.05909090909 0.2733333333 0)
(0.06363636364 0.2733333333 0)
(0.06818181818 0.2733333333 0)
(0.07272727273 0.2733333333 0)
(0.07727272727 0.2733333333 0)
(0.08181818182 0.2733333333 0)
(0.08636363636 0.2733333333 0)
(0.09090909091 0.2733333333 0)
(0.09545454545 0.2733333333 0)
(0.1 0.2733333333 0)
(0.1045454545 0.2733333333 0)
(0.1090909091 0.2733333333 0)
(0.1136363636 0.2733333333 0)
(0.1181818182 0.2733333333 0)
(0.1227272727 0.2733333333 0)
(0.1272727273 0.2733333333 0)
(0.1318181818 0.2733333333 0)
(0.1363636364 0.2733333333 0)
(0.1409090909 0.2733333333 0)
(0.1454545455 0.2733333333 0)
(0.15 0.2733333333 0)
(0.1545454545 0.2733333333 0)
(0.1590909091 0.2733333333 0)
(0.1636363636 0.2733333333 0)
(0.1681818182 0.2733333333 0)
(0.1727272727 0.2733333333 0)
(0.1772727273 0.2733333333 0)
(0.1818181818 0.2733333333 0)
(0.1863636364 0.2733333333 0)
(0.1909090909 0.2733333333 0)
(0.1954545455 0.2733333333 0)
(0.2 0.2733333333 0)
(0.2045454545 0.2733333333 0)
(0.2090909091 0.2733333333 0)
(0.2136363636 0.2733333333 0)
(0.2181818182 0.2733333333 0)
(0.2227272727 0.2733333333 0)
(0.2272727273 0.2733333333 0)
(0.2318181818 0.2733333333 0)
(0.2363636364 0.2733333333 0)
(0.2409090909 0.2733333333 0)
(0.2454545455 0.2733333333 0)
(0.25 0.2733333333 0)
(0.2545454545 0.2733333333 0)
(0.2590909091 0.2733333333 0)
(0.2636363636 0.2733333333 0)
(0.2681818182 0.2733333333 0)
(0.2727272727 0.2733333333 0)
(0.2772727273 0.2733333333 0)
(0.2818181818 0.2733333333 0)
(0.2863636364 0.2733333333 0)
(0.2909090909 0.2733333333 0)
(0.2954545455 0.2733333333 0)
(0.3 0.2733333333 0)
(0.3045454545 0.2733333333 0)
(0.3090909091 0.2733333333 0)
(0.3136363636 0.2733333333 0)
(0.3181818182 0.2733333333 0)
(0.3227272727 0.2733333333 0)
(0.3272727273 0.2733333333 0)
(0.3318181818 0.2733333333 0)
(0.3363636364 0.2733333333 0)
(0.3409090909 0.2733333333 0)
(0.3454545455 0.2733333333 0)
(0.35 0.2733333333 0)
(0.3545454545 0.2733333333 0)
(0.3590909091 0.2733333333 0)
(0.3636363636 0.2733333333 0)
(0.3681818182 0.2733333333 0)
(0.3727272727 0.2733333333 0)
(0.3772727273 0.2733333333 0)
(0.3818181818 0.2733333333 0)
(0.3863636364 0.2733333333 0)
(0.3909090909 0.2733333333 0)
(0.3954545455 0.2733333333 0)
(0.4 0.2733333333 0)
(0.4045454545 0.2733333333 0)
(0.4090909091 0.2733333333 0)
(0.4136363636 0.2733333333 0)
(0.4181818182 0.2733333333 0)
(0.4227272727 0.2733333333 0)
(0.4272727273 0.2733333333 0)
(0.4318181818 0.2733333333 0)
(0.4363636364 0.2733333333 0)
(0.4409090909 0.2733333333 0)
(0.4454545455 0.2733333333 0)
(0.45 0.2733333333 0)
(0.4545454545 0.2733333333 0)
(0.4590909091 0.2733333333 0)
(0.4636363636 0.2733333333 0)
(0.4681818182 0.2733333333 0)
(0.4727272727 0.2733333333 0)
(0.4772727273 0.2733333333 0)
(0.4818181818 0.2733333333 0)
(0.4863636364 0.2733333333 0)
(0.4909090909 0.2733333333 0)
(0.4954545455 0.2733333333 0)
(0.5 0.2733333333 0)
(0.5045454545 0.2733333333 0)
(0.5090909091 0.2733333333 0)
(0.5136363636 0.2733333333 0)
(0.5181818182 0.2733333333 0)
(0.5227272727 0.2733333333 0)
(0.5272727273 0.2733333333 0)
(0.5318181818 0.2733333333 0)
(0.5363636364 0.2733333333 0)
(0.5409090909 0.2733333333 0)
(0.5454545455 0.2733333333 0)
(0.55 0.2733333333 0)
(0.5545454545 0.2733333333 0)
(0.5590909091 0.2733333333 0)
(0.5636363636 0.2733333333 0)
(0.5681818182 0.2733333333 0)
(0.5727272727 0.2733333333 0)
(0.5772727273 0.2733333333 0)
(0.5818181818 0.2733333333 0)
(0.5863636364 0.2733333333 0)
(0.5909090909 0.2733333333 0)
(0.5954545455 0.2733333333 0)
(0.6 0.2733333333 0)
(0.6045454545 0.2733333333 0)
(0.6090909091 0.2733333333 0)
(0.6136363636 0.2733333333 0)
(0.6181818182 0.2733333333 0)
(0.6227272727 0.2733333333 0)
(0.6272727273 0.2733333333 0)
(0.6318181818 0.2733333333 0)
(0.6363636364 0.2733333333 0)
(0.6409090909 0.2733333333 0)
(0.6454545455 0.2733333333 0)
(0.65 0.2733333333 0)
(0.6545454545 0.2733333333 0)
(0.6590909091 0.2733333333 0)
(0.6636363636 0.2733333333 0)
(0.6681818182 0.2733333333 0)
(0.6727272727 0.2733333333 0)
(0.6772727273 0.2733333333 0)
(0.6818181818 0.2733333333 0)
(0.6863636364 0.2733333333 0)
(0.6909090909 0.2733333333 0)
(0.6954545455 0.2733333333 0)
(0.7 0.2733333333 0)
(0.7045454545 0.2733333333 0)
(0.7090909091 0.2733333333 0)
(0.7136363636 0.2733333333 0)
(0.7181818182 0.2733333333 0)
(0.7227272727 0.2733333333 0)
(0.7272727273 0.2733333333 0)
(0.7318181818 0.2733333333 0)
(0.7363636364 0.2733333333 0)
(0.7409090909 0.2733333333 0)
(0.7454545455 0.2733333333 0)
(0.75 0.2733333333 0)
(0.7545454545 0.2733333333 0)
(0.7590909091 0.2733333333 0)
(0.7636363636 0.2733333333 0)
(0.7681818182 0.2733333333 0)
(0.7727272727 0.2733333333 0)
(0.7772727273 0.2733333333 0)
(0.7818181818 0.2733333333 0)
(0.7863636364 0.2733333333 0)
(0.7909090909 0.2733333333 0)
(0.7954545455 0.2733333333 0)
(0.8 0.2733333333 0)
(0.8045454545 0.2733333333 0)
(0.8090909091 0.2733333333 0)
(0.8136363636 0.2733333333 0)
(0.8181818182 0.2733333333 0)
(0.8227272727 0.2733333333 0)
(0.8272727273 0.2733333333 0)
(0.8318181818 0.2733333333 0)
(0.8363636364 0.2733333333 0)
(0.8409090909 0.2733333333 0)
(0.8454545455 0.2733333333 0)
(0.85 0.2733333333 0)
(0.8545454545 0.2733333333 0)
(0.8590909091 0.2733333333 0)
(0.8636363636 0.2733333333 0)
(0.8681818182 0.2733333333 0)
(0.8727272727 0.2733333333 0)
(0.8772727273 0.2733333333 0)
(0.8818181818 0.2733333333 0)
(0.8863636364 0.2733333333 0)
(0.8909090909 0.2733333333 0)
(0.8954545455 0.2733333333 0)
(0.9 0.2733333333 0)
(0.9045454545 0.2733333333 0)
(0.9090909091 0.2733333333 0)
(0.9136363636 0.2733333333 0)
(0.9181818182 0.2733333333 0)
(0.9227272727 0.2733333333 0)
(0.9272727273 0.2733333333 0)
(0.9318181818 0.2733333333 0)
(0.9363636364 0.2733333333 0)
(0.9409090909 0.2733333333 0)
(0.9454545455 0.2733333333 0)
(0.95 0.2733333333 0)
(0.9545454545 0.2733333333 0)
(0.9590909091 0.2733333333 0)
(0.9636363636 0.2733333333 0)
(0.9681818182 0.2733333333 0)
(0.9727272727 0.2733333333 0)
(0.9772727273 0.2733333333 0)
(0.9818181818 0.2733333333 0)
(0.9863636364 0.2733333333 0)
(0.9909090909 0.2733333333 0)
(0.9954545455 0.2733333333 0)
(1 0.2733333333 0)
(0 0.28 0)
(0.004545454545 0.28 0)
(0.009090909091 0.28 0)
(0.01363636364 0.28 0)
(0.01818181818 0.28 0)
(0.02272727273 0.28 0)
(0.02727272727 0.28 0)
(0.03181818182 0.28 0)
(0.03636363636 0.28 0)
(0.04090909091 0.28 0)
(0.04545454545 0.28 0)
(0.05 0.28 0)
(0.05454545455 0.28 0)
(0.05909090909 0.28 0)
(0.06363636364 0.28 0)
(0.06818181818 0.28 0)
(0.07272727273 0.28 0)
(0.07727272727 0.28 0)
(0.08181818182 0.28 0)
(0.08636363636 0.28 0)
(0.09090909091 0.28 0)
(0.09545454545 0.28 0)
(0.1 0.28 0)
(0.1045454545 0.28 0)
(0.1090909091 0.28 0)
(0.1136363636 0.28 0)
(0.1181818182 0.28 0)
(0.1227272727 0.28 0)
(0.1272727273 0.28 0)
(0.1318181818 0.28 0)
(0.1363636364 0.28 0)
(0.1409090909 0.28 0)
(0.1454545455 0.28 0)
(0.15 0.28 0)
(0.1545454545 0.28 0)
(0.1590909091 0.28 0)
(0.1636363636 0.28 0)
(0.1681818182 0.28 0)
(0.1727272727 0.28 0)
(0.1772727273 0.28 0)
(0.1818181818 0.28 0)
(0.1863636364 0.28 0)
(0.1909090909 0.28 0)
(0.1954545455 0.28 0)
(0.2 0.28 0)
(0.2045454545 0.28 0)
(0.2090909091 0.28 0)
(0.2136363636 0.28 0)
(0.2181818182 0.28 0)
(0.2227272727 0.28 0)
(0.2272727273 0.28 0)
(0.2318181818 0.28 0)
(0.2363636364 0.28 0)
(0.2409090909 0.28 0)
(0.2454545455 0.28 0)
(0.25 0.28 0)
(0.2545454545 0.28 0)
(0.2590909091 0.28 0)
(0.2636363636 0.28 0)
(0.2681818182 0.28 0)
(0.2727272727 0.28 0)
(0.2772727273 0.28 0)
(0.2818181818 0.28 0)
(0.2863636364 0.28 0)
(0.2909090909 0.28 0)
(0.2954545455 0.28 0)
(0.3 0.28 0)
(0.3045454545 0.28 0)
(0.3090909091 0.28 0)
(0.3136363636 0.28 0)
(0.3181818182 0.28 0)
(0.3227272727 0.28 0)
(0.3272727273 0.28 0)
(0.3318181818 0.28 0)
(0.3363636364 0.28 0)
(0.3409090909 0.28 0)
(0.3454545455 0.28 0)
(0.35 0.28 0)
(0.3545454545 0.28 0)
(0.3590909091 0.28 0)
(0.3636363636 0.28 0)
(0.3681818182 0.28 0)
(0.3727272727 0.28 0)
(0.3772727273 0.28 0)
(0.3818181818 0.28 0)
(0.3863636364 0.28 0)
(0.3909090909 0.28 0)
(0.3954545455 0.28 0)
(0.4 0.28 0)
(0.4045454545 0.28 0)
(0.4090909091 0.28 0)
(0.4136363636 0.28 0)
(0.4181818182 0.28 0)
(0.4227272727 0.28 0)
(0.4272727273 0.28 0)
(0.4318181818 0.28 0)
(0.4363636364 0.28 0)
(0.4409090909 0.28 0)
(0.4454545455 0.28 0)
(0.45 0.28 0)
(0.4545454545 0.28 0)
(0.4590909091 0.28 0)
(0.4636363636 0.28 0)
(0.4681818182 0.28 0)
(0.4727272727 0.28 0)
(0.4772727273 0.28 0)
(0.4818181818 0.28 0)
(0.4863636364 0.28 0)
(0.4909090909 0.28 0)
(0.4954545455 0.28 0)
(0.5 0.28 0)
(0.5045454545 0.28 0)
(0.5090909091 0.28 0)
(0.5136363636 0.28 0)
(0.5181818182 0.28 0)
(0.5227272727 0.28 0)
(0.5272727273 0.28 0)
(0.5318181818 0.28 0)
(0.5363636364 0.28 0)
(0.5409090909 0.28 0)
(0.5454545455 0.28 0)
(0.55 0.28 0)
(0.5545454545 0.28 0)
(0.5590909091 0.28 0)
(0.5636363636 0.28 0)
(0.5681818182 0.28 0)
(0.5727272727 0.28 0)
(0.5772727273 0.28 0)
(0.5818181818 0.28 0)
(0.5863636364 0.28 0)
(0.5909090909 0.28 0)
(0.5954545455 0.28 0)
(0.6 0.28 0)
(0.6045454545 0.28 0)
(0.6090909091 0.28 0)
(0.6136363636 0.28 0)
(0.6181818182 0.28 0)
(0.6227272727 0.28 0)
(0.6272727273 0.28 0)
(0.6318181818 0.28 0)
(0.6363636364 0.28 0)
(0.6409090909 0.28 0)
(0.6454545455 0.28 0)
(0.65 0.28 0)
(0.6545454545 0.28 0)
(0.6590909091 0.28 0)
(0.6636363636 0.28 0)
(0.6681818182 0.28 0)
(0.6727272727 0.28 0)
(0.6772727273 0.28 0)
(0.6818181818 0.28 0)
(0.6863636364 0.28 0)
(0.6909090909 0.28 0)
(0.6954545455 0.28 0)
(0.7 0.28 0)
(0.7045454545 0.28 0)
(0.7090909091 0.28 0)
(0.7136363636 0.28 0)
(0.7181818182 0.28 0)
(0.7227272727 0.28 0)
(0.7272727273 0.28 0)
(0.7318181818 0.28 0)
(0.7363636364 0.28 0)
(0.7409090909 0.28 0)
(0.7454545455 0.28 0)
(0.75 0.28 0)
(0.7545454545 0.28 0)
(0.7590909091 0.28 0)
(0.7636363636 0.28 0)
(0.7681818182 0.28 0)
(0.7727272727 0.28 0)
(0.7772727273 0.28 0)
(0.7818181818 0.28 0)
(0.7863636364 0.28 0)
(0.7909090909 0.28 0)
(0.7954545455 0.28 0)
(0.8 0.28 0)
(0.8045454545 0.28 0)
(0.8090909091 0.28 0)
(0.8136363636 0.28 0)
(0.8181818182 0.28 0)
(0.8227272727 0.28 0)
(0.8272727273 0.28 0)
(0.8318181818 0.28 0)
(0.8363636364 0.28 0)
(0.8409090909 0.28 0)
(0.8454545455 0.28 0)
(0.85 0.28 0)
(0.8545454545 0.28 0)
(0.8590909091 0.28 0)
(0.8636363636 0.28 0)
(0.8681818182 0.28 0)
(0.8727272727 0.28 0)
(0.8772727273 0.28 0)
(0.8818181818 0.28 0)
(0.8863636364 0.28 0)
(0.8909090909 0.28 0)
(0.8954545455 0.28 0)
(0.9 0.28 0)
(0.9045454545 0.28 0)
(0.9090909091 0.28 0)
(0.9136363636 0.28 0)
(0.9181818182 0.28 0)
(0.9227272727 0.28 0)
(0.9272727273 0.28 0)
(0.9318181818 0.28 0)
(0.9363636364 0.28 0)
(0.9409090909 0.28 0)
(0.9454545455 0.28 0)
(0.95 0.28 0)
(0.9545454545 0.28 0)
(0.9590909091 0.28 0)
(0.9636363636 0.28 0)
(0.9681818182 0.28 0)
(0.9727272727 0.28 0)
(0.9772727273 0.28 0)
(0.9818181818 0.28 0)
(0.9863636364 0.28 0)
(0.9909090909 0.28 0)
(0.9954545455 0.28 0)
(1 0.28 0)
(0 0.2866666667 0)
(0.004545454545 0.2866666667 0)
(0.009090909091 0.2866666667 0)
(0.01363636364 0.2866666667 0)
(0.01818181818 0.2866666667 0)
(0.02272727273 0.2866666667 0)
(0.02727272727 0.2866666667 0)
(0.03181818182 0.2866666667 0)
(0.03636363636 0.2866666667 0)
(0.04090909091 0.2866666667 0)
(0.04545454545 0.2866666667 0)
(0.05 0.2866666667 0)
(0.05454545455 0.2866666667 0)
(0.05909090909 0.2866666667 0)
(0.06363636364 0.2866666667 0)
(0.06818181818 0.2866666667 0)
(0.07272727273 0.2866666667 0)
(0.07727272727 0.2866666667 0)
(0.08181818182 0.2866666667 0)
(0.08636363636 0.2866666667 0)
(0.09090909091 0.2866666667 0)
(0.09545454545 0.2866666667 0)
(0.1 0.2866666667 0)
(0.1045454545 0.2866666667 0)
(0.1090909091 0.2866666667 0)
(0.1136363636 0.2866666667 0)
(0.1181818182 0.2866666667 0)
(0.1227272727 0.2866666667 0)
(0.1272727273 0.2866666667 0)
(0.1318181818 0.2866666667 0)
(0.1363636364 0.2866666667 0)
(0.1409090909 0.2866666667 0)
(0.1454545455 0.2866666667 0)
(0.15 0.2866666667 0)
(0.1545454545 0.2866666667 0)
(0.1590909091 0.2866666667 0)
(0.1636363636 0.2866666667 0)
(0.1681818182 0.2866666667 0)
(0.1727272727 0.2866666667 0)
(0.1772727273 0.2866666667 0)
(0.1818181818 0.2866666667 0)
(0.1863636364 0.2866666667 0)
(0.1909090909 0.2866666667 0)
(0.1954545455 0.2866666667 0)
(0.2 0.2866666667 0)
(0.2045454545 0.2866666667 0)
(0.2090909091 0.2866666667 0)
(0.2136363636 0.2866666667 0)
(0.2181818182 0.2866666667 0)
(0.2227272727 0.2866666667 0)
(0.2272727273 0.2866666667 0)
(0.2318181818 0.2866666667 0)
(0.2363636364 0.2866666667 0)
(0.2409090909 0.2866666667 0)
(0.2454545455 0.2866666667 0)
(0.25 0.2866666667 0)
(0.2545454545 0.2866666667 0)
(0.2590909091 0.2866666667 0)
(0.2636363636 0.2866666667 0)
(0.2681818182 0.2866666667 0)
(0.2727272727 0.2866666667 0)
(0.2772727273 0.2866666667 0)
(0.2818181818 0.2866666667 0)
(0.2863636364 0.2866666667 0)
(0.2909090909 0.2866666667 0)
(0.2954545455 0.2866666667 0)
(0.3 0.2866666667 0)
(0.3045454545 0.2866666667 0)
(0.3090909091 0.2866666667 0)
(0.3136363636 0.2866666667 0)
(0.3181818182 0.2866666667 0)
(0.3227272727 0.2866666667 0)
(0.3272727273 0.2866666667 0)
(0.3318181818 0.2866666667 0)
(0.3363636364 0.2866666667 0)
(0.3409090909 0.2866666667 0)
(0.3454545455 0.2866666667 0)
(0.35 0.2866666667 0)
(0.3545454545 0.2866666667 0)
(0.3590909091 0.2866666667 0)
(0.3636363636 0.2866666667 0)
(0.3681818182 0.2866666667 0)
(0.3727272727 0.2866666667 0)
(0.3772727273 0.2866666667 0)
(0.3818181818 0.2866666667 0)
(0.3863636364 0.2866666667 0)
(0.3909090909 0.2866666667 0)
(0.3954545455 0.2866666667 0)
(0.4 0.2866666667 0)
(0.4045454545 0.2866666667 0)
(0.4090909091 0.2866666667 0)
(0.4136363636 0.2866666667 0)
(0.4181818182 0.2866666667 0)
(0.4227272727 0.2866666667 0)
(0.4272727273 0.2866666667 0)
(0.4318181818 0.2866666667 0)
(0.4363636364 0.2866666667 0)
(0.4409090909 0.2866666667 0)
(0.4454545455 0.2866666667 0)
(0.45 0.2866666667 0)
(0.4545454545 0.2866666667 0)
(0.4590909091 0.2866666667 0)
(0.4636363636 0.2866666667 0)
(0.4681818182 0.2866666667 0)
(0.4727272727 0.2866666667 0)
(0.4772727273 0.2866666667 0)
(0.4818181818 0.2866666667 0)
(0.4863636364 0.2866666667 0)
(0.4909090909 0.2866666667 0)
(0.4954545455 0.2866666667 0)
(0.5 0.2866666667 0)
(0.5045454545 0.2866666667 0)
(0.5090909091 0.2866666667 0)
(0.5136363636 0.2866666667 0)
(0.5181818182 0.2866666667 0)
(0.5227272727 0.2866666667 0)
(0.5272727273 0.2866666667 0)
(0.5318181818 0.2866666667 0)
(0.5363636364 0.2866666667 0)
(0.5409090909 0.2866666667 0)
(0.5454545455 0.2866666667 0)
(0.55 0.2866666667 0)
(0.5545454545 0.2866666667 0)
(0.5590909091 0.2866666667 0)
(0.5636363636 0.2866666667 0)
(0.5681818182 0.2866666667 0)
(0.5727272727 0.2866666667 0)
(0.5772727273 0.2866666667 0)
(0.5818181818 0.2866666667 0)
(0.5863636364 0.2866666667 0)
(0.5909090909 0.2866666667 0)
(0.5954545455 0.2866666667 0)
(0.6 0.2866666667 0)
(0.6045454545 0.2866666667 0)
(0.6090909091 0.2866666667 0)
(0.6136363636 0.2866666667 0)
(0.6181818182 0.2866666667 0)
(0.6227272727 0.2866666667 0)
(0.6272727273 0.2866666667 0)
(0.6318181818 0.2866666667 0)
(0.6363636364 0.2866666667 0)
(0.6409090909 0.2866666667 0)
(0.6454545455 0.2866666667 0)
(0.65 0.2866666667 0)
(0.6545454545 0.2866666667 0)
(0.6590909091 0.2866666667 0)
(0.6636363636 0.2866666667 0)
(0.6681818182 0.2866666667 0)
(0.6727272727 0.2866666667 0)
(0.6772727273 0.2866666667 0)
(0.6818181818 0.2866666667 0)
(0.6863636364 0.2866666667 0)
(0.6909090909 0.2866666667 0)
(0.6954545455 0.2866666667 0)
(0.7 0.2866666667 0)
(0.7045454545 0.2866666667 0)
(0.7090909091 0.2866666667 0)
(0.7136363636 0.2866666667 0)
(0.7181818182 0.2866666667 0)
(0.7227272727 0.2866666667 0)
(0.7272727273 0.2866666667 0)
(0.7318181818 0.2866666667 0)
(0.7363636364 0.2866666667 0)
(0.7409090909 0.2866666667 0)
(0.7454545455 0.2866666667 0)
(0.75 0.2866666667 0)
(0.7545454545 0.2866666667 0)
(0.7590909091 0.2866666667 0)
(0.7636363636 0.2866666667 0)
(0.7681818182 0.2866666667 0)
(0.7727272727 0.2866666667 0)
(0.7772727273 0.2866666667 0)
(0.7818181818 0.2866666667 0)
(0.7863636364 0.2866666667 0)
(0.7909090909 0.2866666667 0)
(0.7954545455 0.2866666667 0)
(0.8 0.2866666667 0)
(0.8045454545 0.2866666667 0)
(0.8090909091 0.2866666667 0)
(0.8136363636 0.2866666667 0)
(0.8181818182 0.2866666667 0)
(0.8227272727 0.2866666667 0)
(0.8272727273 0.2866666667 0)
(0.8318181818 0.2866666667 0)
(0.8363636364 0.2866666667 0)
(0.8409090909 0.2866666667 0)
(0.8454545455 0.2866666667 0)
(0.85 0.2866666667 0)
(0.8545454545 0.2866666667 0)
(0.8590909091 0.2866666667 0)
(0.8636363636 0.2866666667 0)
(0.8681818182 0.2866666667 0)
(0.8727272727 0.2866666667 0)
(0.8772727273 0.2866666667 0)
(0.8818181818 0.2866666667 0)
(0.8863636364 0.2866666667 0)
(0.8909090909 0.2866666667 0)
(0.8954545455 0.2866666667 0)
(0.9 0.2866666667 0)
(0.9045454545 0.2866666667 0)
(0.9090909091 0.2866666667 0)
(0.9136363636 0.2866666667 0)
(0.9181818182 0.2866666667 0)
(0.9227272727 0.2866666667 0)
(0.9272727273 0.2866666667 0)
(0.9318181818 0.2866666667 0)
(0.9363636364 0.2866666667 0)
(0.9409090909 0.2866666667 0)
(0.9454545455 0.2866666667 0)
(0.95 0.2866666667 0)
(0.9545454545 0.2866666667 0)
(0.9590909091 0.2866666667 0)
(0.9636363636 0.2866666667 0)
(0.9681818182 0.2866666667 0)
(0.9727272727 0.2866666667 0)
(0.9772727273 0.2866666667 0)
(0.9818181818 0.2866666667 0)
(0.9863636364 0.2866666667 0)
(0.9909090909 0.2866666667 0)
(0.9954545455 0.2866666667 0)
(1 0.2866666667 0)
(0 0.2933333333 0)
(0.004545454545 0.2933333333 0)
(0.009090909091 0.2933333333 0)
(0.01363636364 0.2933333333 0)
(0.01818181818 0.2933333333 0)
(0.02272727273 0.2933333333 0)
(0.02727272727 0.2933333333 0)
(0.03181818182 0.2933333333 0)
(0.03636363636 0.2933333333 0)
(0.04090909091 0.2933333333 0)
(0.04545454545 0.2933333333 0)
(0.05 0.2933333333 0)
(0.05454545455 0.2933333333 0)
(0.05909090909 0.2933333333 0)
(0.06363636364 0.2933333333 0)
(0.06818181818 0.2933333333 0)
(0.07272727273 0.2933333333 0)
(0.07727272727 0.2933333333 0)
(0.08181818182 0.2933333333 0)
(0.08636363636 0.2933333333 0)
(0.09090909091 0.2933333333 0)
(0.09545454545 0.2933333333 0)
(0.1 0.2933333333 0)
(0.1045454545 0.2933333333 0)
(0.1090909091 0.2933333333 0)
(0.1136363636 0.2933333333 0)
(0.1181818182 0.2933333333 0)
(0.1227272727 0.2933333333 0)
(0.1272727273 0.2933333333 0)
(0.1318181818 0.2933333333 0)
(0.1363636364 0.2933333333 0)
(0.1409090909 0.2933333333 0)
(0.1454545455 0.2933333333 0)
(0.15 0.2933333333 0)
(0.1545454545 0.2933333333 0)
(0.1590909091 0.2933333333 0)
(0.1636363636 0.2933333333 0)
(0.1681818182 0.2933333333 0)
(0.1727272727 0.2933333333 0)
(0.1772727273 0.2933333333 0)
(0.1818181818 0.2933333333 0)
(0.1863636364 0.2933333333 0)
(0.1909090909 0.2933333333 0)
(0.1954545455 0.2933333333 0)
(0.2 0.2933333333 0)
(0.2045454545 0.2933333333 0)
(0.2090909091 0.2933333333 0)
(0.2136363636 0.2933333333 0)
(0.2181818182 0.2933333333 0)
(0.2227272727 0.2933333333 0)
(0.2272727273 0.2933333333 0)
(0.2318181818 0.2933333333 0)
(0.2363636364 0.2933333333 0)
(0.2409090909 0.2933333333 0)
(0.2454545455 0.2933333333 0)
(0.25 0.2933333333 0)
(0.2545454545 0.2933333333 0)
(0.2590909091 0.2933333333 0)
(0.2636363636 0.2933333333 0)
(0.2681818182 0.2933333333 0)
(0.2727272727 0.2933333333 0)
(0.2772727273 0.2933333333 0)
(0.2818181818 0.2933333333 0)
(0.2863636364 0.2933333333 0)
(0.2909090909 0.2933333333 0)
(0.2954545455 0.2933333333 0)
(0.3 0.2933333333 0)
(0.3045454545 0.2933333333 0)
(0.3090909091 0.2933333333 0)
(0.3136363636 0.2933333333 0)
(0.3181818182 0.2933333333 0)
(0.3227272727 0.2933333333 0)
(0.3272727273 0.2933333333 0)
(0.3318181818 0.2933333333 0)
(0.3363636364 0.2933333333 0)
(0.3409090909 0.2933333333 0)
(0.3454545455 0.2933333333 0)
(0.35 0.2933333333 0)
(0.3545454545 0.2933333333 0)
(0.3590909091 0.2933333333 0)
(0.3636363636 0.2933333333 0)
(0.3681818182 0.2933333333 0)
(0.3727272727 0.2933333333 0)
(0.3772727273 0.2933333333 0)
(0.3818181818 0.2933333333 0)
(0.3863636364 0.2933333333 0)
(0.3909090909 0.2933333333 0)
(0.3954545455 0.2933333333 0)
(0.4 0.2933333333 0)
(0.4045454545 0.2933333333 0)
(0.4090909091 0.2933333333 0)
(0.4136363636 0.2933333333 0)
(0.4181818182 0.2933333333 0)
(0.4227272727 0.2933333333 0)
(0.4272727273 0.2933333333 0)
(0.4318181818 0.2933333333 0)
(0.4363636364 0.2933333333 0)
(0.4409090909 0.2933333333 0)
(0.4454545455 0.2933333333 0)
(0.45 0.2933333333 0)
(0.4545454545 0.2933333333 0)
(0.4590909091 0.2933333333 0)
(0.4636363636 0.2933333333 0)
(0.4681818182 0.2933333333 0)
(0.4727272727 0.2933333333 0)
(0.4772727273 0.2933333333 0)
(0.4818181818 0.2933333333 0)
(0.4863636364 0.2933333333 0)
(0.4909090909 0.2933333333 0)
(0.4954545455 0.2933333333 0)
(0.5 0.2933333333 0)
(0.5045454545 0.2933333333 0)
(0.5090909091 0.2933333333 0)
(0.5136363636 0.2933333333 0)
(0.5181818182 0.2933333333 0)
(0.5227272727 0.2933333333 0)
(0.5272727273 0.2933333333 0)
(0.5318181818 0.2933333333 0)
(0.5363636364 0.2933333333 0)
(0.5409090909 0.2933333333 0)
(0.5454545455 0.2933333333 0)
(0.55 0.2933333333 0)
(0.5545454545 0.2933333333 0)
(0.5590909091 0.2933333333 0)
(0.5636363636 0.2933333333 0)
(0.5681818182 0.2933333333 0)
(0.5727272727 0.2933333333 0)
(0.5772727273 0.2933333333 0)
(0.5818181818 0.2933333333 0)
(0.5863636364 0.2933333333 0)
(0.5909090909 0.2933333333 0)
(0.5954545455 0.2933333333 0)
(0.6 0.2933333333 0)
(0.6045454545 0.2933333333 0)
(0.6090909091 0.2933333333 0)
(0.6136363636 0.2933333333 0)
(0.6181818182 0.2933333333 0)
(0.6227272727 0.2933333333 0)
(0.6272727273 0.2933333333 0)
(0.6318181818 0.2933333333 0)
(0.6363636364 0.2933333333 0)
(0.6409090909 0.2933333333 0)
(0.6454545455 0.2933333333 0)
(0.65 0.2933333333 0)
(0.6545454545 0.2933333333 0)
(0.6590909091 0.2933333333 0)
(0.6636363636 0.2933333333 0)
(0.6681818182 0.2933333333 0)
(0.6727272727 0.2933333333 0)
(0.6772727273 0.2933333333 0)
(0.6818181818 0.2933333333 0)
(0.6863636364 0.2933333333 0)
(0.6909090909 0.2933333333 0)
(0.6954545455 0.2933333333 0)
(0.7 0.2933333333 0)
(0.7045454545 0.2933333333 0)
(0.7090909091 0.2933333333 0)
(0.7136363636 0.2933333333 0)
(0.7181818182 0.2933333333 0)
(0.7227272727 0.2933333333 0)
(0.7272727273 0.2933333333 0)
(0.7318181818 0.2933333333 0)
(0.7363636364 0.2933333333 0)
(0.7409090909 0.2933333333 0)
(0.7454545455 0.2933333333 0)
(0.75 0.2933333333 0)
(0.7545454545 0.2933333333 0)
(0.7590909091 0.2933333333 0)
(0.7636363636 0.2933333333 0)
(0.7681818182 0.2933333333 0)
(0.7727272727 0.2933333333 0)
(0.7772727273 0.2933333333 0)
(0.7818181818 0.2933333333 0)
(0.7863636364 0.2933333333 0)
(0.7909090909 0.2933333333 0)
(0.7954545455 0.2933333333 0)
(0.8 0.2933333333 0)
(0.8045454545 0.2933333333 0)
(0.8090909091 0.2933333333 0)
(0.8136363636 0.2933333333 0)
(0.8181818182 0.2933333333 0)
(0.8227272727 0.2933333333 0)
(0.8272727273 0.2933333333 0)
(0.8318181818 0.2933333333 0)
(0.8363636364 0.2933333333 0)
(0.8409090909 0.2933333333 0)
(0.8454545455 0.2933333333 0)
(0.85 0.2933333333 0)
(0.8545454545 0.2933333333 0)
(0.8590909091 0.2933333333 0)
(0.8636363636 0.2933333333 0)
(0.8681818182 0.2933333333 0)
(0.8727272727 0.2933333333 0)
(0.8772727273 0.2933333333 0)
(0.8818181818 0.2933333333 0)
(0.8863636364 0.2933333333 0)
(0.8909090909 0.2933333333 0)
(0.8954545455 0.2933333333 0)
(0.9 0.2933333333 0)
(0.9045454545 0.2933333333 0)
(0.9090909091 0.2933333333 0)
(0.9136363636 0.2933333333 0)
(0.9181818182 0.2933333333 0)
(0.9227272727 0.2933333333 0)
(0.9272727273 0.2933333333 0)
(0.9318181818 0.2933333333 0)
(0.9363636364 0.2933333333 0)
(0.9409090909 0.2933333333 0)
(0.9454545455 0.2933333333 0)
(0.95 0.2933333333 0)
(0.9545454545 0.2933333333 0)
(0.9590909091 0.2933333333 0)
(0.9636363636 0.2933333333 0)
(0.9681818182 0.2933333333 0)
(0.9727272727 0.2933333333 0)
(0.9772727273 0.2933333333 0)
(0.9818181818 0.2933333333 0)
(0.9863636364 0.2933333333 0)
(0.9909090909 0.2933333333 0)
(0.9954545455 0.2933333333 0)
(1 0.2933333333 0)
(0 0.3 0)
(0.004545454545 0.3 0)
(0.009090909091 0.3 0)
(0.01363636364 0.3 0)
(0.01818181818 0.3 0)
(0.02272727273 0.3 0)
(0.02727272727 0.3 0)
(0.03181818182 0.3 0)
(0.03636363636 0.3 0)
(0.04090909091 0.3 0)
(0.04545454545 0.3 0)
(0.05 0.3 0)
(0.05454545455 0.3 0)
(0.05909090909 0.3 0)
(0.06363636364 0.3 0)
(0.06818181818 0.3 0)
(0.07272727273 0.3 0)
(0.07727272727 0.3 0)
(0.08181818182 0.3 0)
(0.08636363636 0.3 0)
(0.09090909091 0.3 0)
(0.09545454545 0.3 0)
(0.1 0.3 0)
(0.1045454545 0.3 0)
(0.1090909091 0.3 0)
(0.1136363636 0.3 0)
(0.1181818182 0.3 0)
(0.1227272727 0.3 0)
(0.1272727273 0.3 0)
(0.1318181818 0.3 0)
(0.1363636364 0.3 0)
(0.1409090909 0.3 0)
(0.1454545455 0.3 0)
(0.15 0.3 0)
(0.1545454545 0.3 0)
(0.1590909091 0.3 0)
(0.1636363636 0.3 0)
(0.1681818182 0.3 0)
(0.1727272727 0.3 0)
(0.1772727273 0.3 0)
(0.1818181818 0.3 0)
(0.1863636364 0.3 0)
(0.1909090909 0.3 0)
(0.1954545455 0.3 0)
(0.2 0.3 0)
(0.2045454545 0.3 0)
(0.2090909091 0.3 0)
(0.2136363636 0.3 0)
(0.2181818182 0.3 0)
(0.2227272727 0.3 0)
(0.2272727273 0.3 0)
(0.2318181818 0.3 0)
(0.2363636364 0.3 0)
(0.2409090909 0.3 0)
(0.2454545455 0.3 0)
(0.25 0.3 0)
(0.2545454545 0.3 0)
(0.2590909091 0.3 0)
(0.2636363636 0.3 0)
(0.2681818182 0.3 0)
(0.2727272727 0.3 0)
(0.2772727273 0.3 0)
(0.2818181818 0.3 0)
(0.2863636364 0.3 0)
(0.2909090909 0.3 0)
(0.2954545455 0.3 0)
(0.3 0.3 0)
(0.3045454545 0.3 0)
(0.3090909091 0.3 0)
(0.3136363636 0.3 0)
(0.3181818182 0.3 0)
(0.3227272727 0.3 0)
(0.3272727273 0.3 0)
(0.3318181818 0.3 0)
(0.3363636364 0.3 0)
(0.3409090909 0.3 0)
(0.3454545455 0.3 0)
(0.35 0.3 0)
(0.3545454545 0.3 0)
(0.3590909091 0.3 0)
(0.3636363636 0.3 0)
(0.3681818182 0.3 0)
(0.3727272727 0.3 0)
(0.3772727273 0.3 0)
(0.3818181818 0.3 0)
(0.3863636364 0.3 0)
(0.3909090909 0.3 0)
(0.3954545455 0.3 0)
(0.4 0.3 0)
(0.4045454545 0.3 0)
(0.4090909091 0.3 0)
(0.4136363636 0.3 0)
(0.4181818182 0.3 0)
(0.4227272727 0.3 0)
(0.4272727273 0.3 0)
(0.4318181818 0.3 0)
(0.4363636364 0.3 0)
(0.4409090909 0.3 0)
(0.4454545455 0.3 0)
(0.45 0.3 0)
(0.4545454545 0.3 0)
(0.4590909091 0.3 0)
(0.4636363636 0.3 0)
(0.4681818182 0.3 0)
(0.4727272727 0.3 0)
(0.4772727273 0.3 0)
(0.4818181818 0.3 0)
(0.4863636364 0.3 0)
(0.4909090909 0.3 0)
(0.4954545455 0.3 0)
(0.5 0.3 0)
(0.5045454545 0.3 0)
(0.5090909091 0.3 0)
(0.5136363636 0.3 0)
(0.5181818182 0.3 0)
(0.5227272727 0.3 0)
(0.5272727273 0.3 0)
(0.5318181818 0.3 0)
(0.5363636364 0.3 0)
(0.5409090909 0.3 0)
(0.5454545455 0.3 0)
(0.55 0.3 0)
(0.5545454545 0.3 0)
(0.5590909091 0.3 0)
(0.5636363636 0.3 0)
(0.5681818182 0.3 0)
(0.5727272727 0.3 0)
(0.5772727273 0.3 0)
(0.5818181818 0.3 0)
(0.5863636364 0.3 0)
(0.5909090909 0.3 0)
(0.5954545455 0.3 0)
(0.6 0.3 0)
(0.6045454545 0.3 0)
(0.6090909091 0.3 0)
(0.6136363636 0.3 0)
(0.6181818182 0.3 0)
(0.6227272727 0.3 0)
(0.6272727273 0.3 0)
(0.6318181818 0.3 0)
(0.6363636364 0.3 0)
(0.6409090909 0.3 0)
(0.6454545455 0.3 0)
(0.65 0.3 0)
(0.6545454545 0.3 0)
(0.6590909091 0.3 0)
(0.6636363636 0.3 0)
(0.6681818182 0.3 0)
(0.6727272727 0.3 0)
(0.6772727273 0.3 0)
(0.6818181818 0.3 0)
(0.6863636364 0.3 0)
(0.6909090909 0.3 0)
(0.6954545455 0.3 0)
(0.7 0.3 0)
(0.7045454545 0.3 0)
(0.7090909091 0.3 0)
(0.7136363636 0.3 0)
(0.7181818182 0.3 0)
(0.7227272727 0.3 0)
(0.7272727273 0.3 0)
(0.7318181818 0.3 0)
(0.7363636364 0.3 0)
(0.7409090909 0.3 0)
(0.7454545455 0.3 0)
(0.75 0.3 0)
(0.7545454545 0.3 0)
(0.7590909091 0.3 0)
(0.7636363636 0.3 0)
(0.7681818182 0.3 0)
(0.7727272727 0.3 0)
(0.7772727273 0.3 0)
(0.7818181818 0.3 0)
(0.7863636364 0.3 0)
(0.7909090909 0.3 0)
(0.7954545455 0.3 0)
(0.8 0.3 0)
(0.8045454545 0.3 0)
(0.8090909091 0.3 0)
(0.8136363636 0.3 0)
(0.8181818182 0.3 0)
(0.8227272727 0.3 0)
(0.8272727273 0.3 0)
(0.8318181818 0.3 0)
(0.8363636364 0.3 0)
(0.8409090909 0.3 0)
(0.8454545455 0.3 0)
(0.85 0.3 0)
(0.8545454545 0.3 0)
(0.8590909091 0.3 0)
(0.8636363636 0.3 0)
(0.8681818182 0.3 0)
(0.8727272727 0.3 0)
(0.8772727273 0.3 0)
(0.8818181818 0.3 0)
(0.8863636364 0.3 0)
(0.8909090909 0.3 0)
(0.8954545455 0.3 0)
(0.9 0.3 0)
(0.9045454545 0.3 0)
(0.9090909091 0.3 0)
(0.9136363636 0.3 0)
(0.9181818182 0.3 0)
(0.9227272727 0.3 0)
(0.9272727273 0.3 0)
(0.9318181818 0.3 0)
(0.9363636364 0.3 0)
(0.9409090909 0.3 0)
(0.9454545455 0.3 0)
(0.95 0.3 0)
(0.9545454545 0.3 0)
(0.9590909091 0.3 0)
(0.9636363636 0.3 0)
(0.9681818182 0.3 0)
(0.9727272727 0.3 0)
(0.9772727273 0.3 0)
(0.9818181818 0.3 0)
(0.9863636364 0.3 0)
(0.9909090909 0.3 0)
(0.9954545455 0.3 0)
(1 0.3 0)
(0 0.3066666667 0)
(0.004545454545 0.3066666667 0)
(0.009090909091 0.3066666667 0)
(0.01363636364 0.3066666667 0)
(0.01818181818 0.3066666667 0)
(0.02272727273 0.3066666667 0)
(0.02727272727 0.3066666667 0)
(0.03181818182 0.3066666667 0)
(0.03636363636 0.3066666667 0)
(0.04090909091 0.3066666667 0)
(0.04545454545 0.3066666667 0)
(0.05 0.3066666667 0)
(0.05454545455 0.3066666667 0)
(0.05909090909 0.3066666667 0)
(0.06363636364 0.3066666667 0)
(0.06818181818 0.3066666667 0)
(0.07272727273 0.3066666667 0)
(0.07727272727 0.3066666667 0)
(0.08181818182 0.3066666667 0)
(0.08636363636 0.3066666667 0)
(0.09090909091 0.3066666667 0)
(0.09545454545 0.3066666667 0)
(0.1 0.3066666667 0)
(0.1045454545 0.3066666667 0)
(0.1090909091 0.3066666667 0)
(0.1136363636 0.3066666667 0)
(0.1181818182 0.3066666667 0)
(0.1227272727 0.3066666667 0)
(0.1272727273 0.3066666667 0)
(0.1318181818 0.3066666667 0)
(0.1363636364 0.3066666667 0)
(0.1409090909 0.3066666667 0)
(0.1454545455 0.3066666667 0)
(0.15 0.3066666667 0)
(0.1545454545 0.3066666667 0)
(0.1590909091 0.3066666667 0)
(0.1636363636 0.3066666667 0)
(0.1681818182 0.3066666667 0)
(0.1727272727 0.3066666667 0)
(0.1772727273 0.3066666667 0)
(0.1818181818 0.3066666667 0)
(0.1863636364 0.3066666667 0)
(0.1909090909 0.3066666667 0)
(0.1954545455 0.3066666667 0)
(0.2 0.3066666667 0)
(0.2045454545 0.3066666667 0)
(0.2090909091 0.3066666667 0)
(0.2136363636 0.3066666667 0)
(0.2181818182 0.3066666667 0)
(0.2227272727 0.3066666667 0)
(0.2272727273 0.3066666667 0)
(0.2318181818 0.3066666667 0)
(0.2363636364 0.3066666667 0)
(0.2409090909 0.3066666667 0)
(0.2454545455 0.3066666667 0)
(0.25 0.3066666667 0)
(0.2545454545 0.3066666667 0)
(0.2590909091 0.3066666667 0)
(0.2636363636 0.3066666667 0)
(0.2681818182 0.3066666667 0)
(0.2727272727 0.3066666667 0)
(0.2772727273 0.3066666667 0)
(0.2818181818 0.3066666667 0)
(0.2863636364 0.3066666667 0)
(0.2909090909 0.3066666667 0)
(0.2954545455 0.3066666667 0)
(0.3 0.3066666667 0)
(0.3045454545 0.3066666667 0)
(0.3090909091 0.3066666667 0)
(0.3136363636 0.3066666667 0)
(0.3181818182 0.3066666667 0)
(0.3227272727 0.3066666667 0)
(0.3272727273 0.3066666667 0)
(0.3318181818 0.3066666667 0)
(0.3363636364 0.3066666667 0)
(0.3409090909 0.3066666667 0)
(0.3454545455 0.3066666667 0)
(0.35 0.3066666667 0)
(0.3545454545 0.3066666667 0)
(0.3590909091 0.3066666667 0)
(0.3636363636 0.3066666667 0)
(0.3681818182 0.3066666667 0)
(0.3727272727 0.3066666667 0)
(0.3772727273 0.3066666667 0)
(0.3818181818 0.3066666667 0)
(0.3863636364 0.3066666667 0)
(0.3909090909 0.3066666667 0)
(0.3954545455 0.3066666667 0)
(0.4 0.3066666667 0)
(0.4045454545 0.3066666667 0)
(0.4090909091 0.3066666667 0)
(0.4136363636 0.3066666667 0)
(0.4181818182 0.3066666667 0)
(0.4227272727 0.3066666667 0)
(0.4272727273 0.3066666667 0)
(0.4318181818 0.3066666667 0)
(0.4363636364 0.3066666667 0)
(0.4409090909 0.3066666667 0)
(0.4454545455 0.3066666667 0)
(0.45 0.3066666667 0)
(0.4545454545 0.3066666667 0)
(0.4590909091 0.3066666667 0)
(0.4636363636 0.3066666667 0)
(0.4681818182 0.3066666667 0)
(0.4727272727 0.3066666667 0)
(0.4772727273 0.3066666667 0)
(0.4818181818 0.3066666667 0)
(0.4863636364 0.3066666667 0)
(0.4909090909 0.3066666667 0)
(0.4954545455 0.3066666667 0)
(0.5 0.3066666667 0)
(0.5045454545 0.3066666667 0)
(0.5090909091 0.3066666667 0)
(0.5136363636 0.3066666667 0)
(0.5181818182 0.3066666667 0)
(0.5227272727 0.3066666667 0)
(0.5272727273 0.3066666667 0)
(0.5318181818 0.3066666667 0)
(0.5363636364 0.3066666667 0)
(0.5409090909 0.3066666667 0)
(0.5454545455 0.3066666667 0)
(0.55 0.3066666667 0)
(0.5545454545 0.3066666667 0)
(0.5590909091 0.3066666667 0)
(0.5636363636 0.3066666667 0)
(0.5681818182 0.3066666667 0)
(0.5727272727 0.3066666667 0)
(0.5772727273 0.3066666667 0)
(0.5818181818 0.3066666667 0)
(0.5863636364 0.3066666667 0)
(0.5909090909 0.3066666667 0)
(0.5954545455 0.3066666667 0)
(0.6 0.3066666667 0)
(0.6045454545 0.3066666667 0)
(0.6090909091 0.3066666667 0)
(0.6136363636 0.3066666667 0)
(0.6181818182 0.3066666667 0)
(0.6227272727 0.3066666667 0)
(0.6272727273 0.3066666667 0)
(0.6318181818 0.3066666667 0)
(0.6363636364 0.3066666667 0)
(0.6409090909 0.3066666667 0)
(0.6454545455 0.3066666667 0)
(0.65 0.3066666667 0)
(0.6545454545 0.3066666667 0)
(0.6590909091 0.3066666667 0)
(0.6636363636 0.3066666667 0)
(0.6681818182 0.3066666667 0)
(0.6727272727 0.3066666667 0)
(0.6772727273 0.3066666667 0)
(0.6818181818 0.3066666667 0)
(0.6863636364 0.3066666667 0)
(0.6909090909 0.3066666667 0)
(0.6954545455 0.3066666667 0)
(0.7 0.3066666667 0)
(0.7045454545 0.3066666667 0)
(0.7090909091 0.3066666667 0)
(0.7136363636 0.3066666667 0)
(0.7181818182 0.3066666667 0)
(0.7227272727 0.3066666667 0)
(0.7272727273 0.3066666667 0)
(0.7318181818 0.3066666667 0)
(0.7363636364 0.3066666667 0)
(0.7409090909 0.3066666667 0)
(0.7454545455 0.3066666667 0)
(0.75 0.3066666667 0)
(0.7545454545 0.3066666667 0)
(0.7590909091 0.3066666667 0)
(0.7636363636 0.3066666667 0)
(0.7681818182 0.3066666667 0)
(0.7727272727 0.3066666667 0)
(0.7772727273 0.3066666667 0)
(0.7818181818 0.3066666667 0)
(0.7863636364 0.3066666667 0)
(0.7909090909 0.3066666667 0)
(0.7954545455 0.3066666667 0)
(0.8 0.3066666667 0)
(0.8045454545 0.3066666667 0)
(0.8090909091 0.3066666667 0)
(0.8136363636 0.3066666667 0)
(0.8181818182 0.3066666667 0)
(0.8227272727 0.3066666667 0)
(0.8272727273 0.3066666667 0)
(0.8318181818 0.3066666667 0)
(0.8363636364 0.3066666667 0)
(0.8409090909 0.3066666667 0)
(0.8454545455 0.3066666667 0)
(0.85 0.3066666667 0)
(0.8545454545 0.3066666667 0)
(0.8590909091 0.3066666667 0)
(0.8636363636 0.3066666667 0)
(0.8681818182 0.3066666667 0)
(0.8727272727 0.3066666667 0)
(0.8772727273 0.3066666667 0)
(0.8818181818 0.3066666667 0)
(0.8863636364 0.3066666667 0)
(0.8909090909 0.3066666667 0)
(0.8954545455 0.3066666667 0)
(0.9 0.3066666667 0)
(0.9045454545 0.3066666667 0)
(0.9090909091 0.3066666667 0)
(0.9136363636 0.3066666667 0)
(0.9181818182 0.3066666667 0)
(0.9227272727 0.3066666667 0)
(0.9272727273 0.3066666667 0)
(0.9318181818 0.3066666667 0)
(0.9363636364 0.3066666667 0)
(0.9409090909 0.3066666667 0)
(0.9454545455 0.3066666667 0)
(0.95 0.3066666667 0)
(0.9545454545 0.3066666667 0)
(0.9590909091 0.3066666667 0)
(0.9636363636 0.3066666667 0)
(0.9681818182 0.3066666667 0)
(0.9727272727 0.3066666667 0)
(0.9772727273 0.3066666667 0)
(0.9818181818 0.3066666667 0)
(0.9863636364 0.3066666667 0)
(0.9909090909 0.3066666667 0)
(0.9954545455 0.3066666667 0)
(1 0.3066666667 0)
(0 0.3133333333 0)
(0.004545454545 0.3133333333 0)
(0.009090909091 0.3133333333 0)
(0.01363636364 0.3133333333 0)
(0.01818181818 0.3133333333 0)
(0.02272727273 0.3133333333 0)
(0.02727272727 0.3133333333 0)
(0.03181818182 0.3133333333 0)
(0.03636363636 0.3133333333 0)
(0.04090909091 0.3133333333 0)
(0.04545454545 0.3133333333 0)
(0.05 0.3133333333 0)
(0.05454545455 0.3133333333 0)
(0.05909090909 0.3133333333 0)
(0.06363636364 0.3133333333 0)
(0.06818181818 0.3133333333 0)
(0.07272727273 0.3133333333 0)
(0.07727272727 0.3133333333 0)
(0.08181818182 0.3133333333 0)
(0.08636363636 0.3133333333 0)
(0.09090909091 0.3133333333 0)
(0.09545454545 0.3133333333 0)
(0.1 0.3133333333 0)
(0.1045454545 0.3133333333 0)
(0.1090909091 0.3133333333 0)
(0.1136363636 0.3133333333 0)
(0.1181818182 0.3133333333 0)
(0.1227272727 0.3133333333 0)
(0.1272727273 0.3133333333 0)
(0.1318181818 0.3133333333 0)
(0.1363636364 0.3133333333 0)
(0.1409090909 0.3133333333 0)
(0.1454545455 0.3133333333 0)
(0.15 0.3133333333 0)
(0.1545454545 0.3133333333 0)
(0.1590909091 0.3133333333 0)
(0.1636363636 0.3133333333 0)
(0.1681818182 0.3133333333 0)
(0.1727272727 0.3133333333 0)
(0.1772727273 0.3133333333 0)
(0.1818181818 0.3133333333 0)
(0.1863636364 0.3133333333 0)
(0.1909090909 0.3133333333 0)
(0.1954545455 0.3133333333 0)
(0.2 0.3133333333 0)
(0.2045454545 0.3133333333 0)
(0.2090909091 0.3133333333 0)
(0.2136363636 0.3133333333 0)
(0.2181818182 0.3133333333 0)
(0.2227272727 0.3133333333 0)
(0.2272727273 0.3133333333 0)
(0.2318181818 0.3133333333 0)
(0.2363636364 0.3133333333 0)
(0.2409090909 0.3133333333 0)
(0.2454545455 0.3133333333 0)
(0.25 0.3133333333 0)
(0.2545454545 0.3133333333 0)
(0.2590909091 0.3133333333 0)
(0.2636363636 0.3133333333 0)
(0.2681818182 0.3133333333 0)
(0.2727272727 0.3133333333 0)
(0.2772727273 0.3133333333 0)
(0.2818181818 0.3133333333 0)
(0.2863636364 0.3133333333 0)
(0.2909090909 0.3133333333 0)
(0.2954545455 0.3133333333 0)
(0.3 0.3133333333 0)
(0.3045454545 0.3133333333 0)
(0.3090909091 0.3133333333 0)
(0.3136363636 0.3133333333 0)
(0.3181818182 0.3133333333 0)
(0.3227272727 0.3133333333 0)
(0.3272727273 0.3133333333 0)
(0.3318181818 0.3133333333 0)
(0.3363636364 0.3133333333 0)
(0.3409090909 0.3133333333 0)
(0.3454545455 0.3133333333 0)
(0.35 0.3133333333 0)
(0.3545454545 0.3133333333 0)
(0.3590909091 0.3133333333 0)
(0.3636363636 0.3133333333 0)
(0.3681818182 0.3133333333 0)
(0.3727272727 0.3133333333 0)
(0.3772727273 0.3133333333 0)
(0.3818181818 0.3133333333 0)
(0.3863636364 0.3133333333 0)
(0.3909090909 0.3133333333 0)
(0.3954545455 0.3133333333 0)
(0.4 0.3133333333 0)
(0.4045454545 0.3133333333 0)
(0.4090909091 0.3133333333 0)
(0.4136363636 0.3133333333 0)
(0.4181818182 0.3133333333 0)
(0.4227272727 0.3133333333 0)
(0.4272727273 0.3133333333 0)
(0.4318181818 0.3133333333 0)
(0.4363636364 0.3133333333 0)
(0.4409090909 0.3133333333 0)
(0.4454545455 0.3133333333 0)
(0.45 0.3133333333 0)
(0.4545454545 0.3133333333 0)
(0.4590909091 0.3133333333 0)
(0.4636363636 0.3133333333 0)
(0.4681818182 0.3133333333 0)
(0.4727272727 0.3133333333 0)
(0.4772727273 0.3133333333 0)
(0.4818181818 0.3133333333 0)
(0.4863636364 0.3133333333 0)
(0.4909090909 0.3133333333 0)
(0.4954545455 0.3133333333 0)
(0.5 0.3133333333 0)
(0.5045454545 0.3133333333 0)
(0.5090909091 0.3133333333 0)
(0.5136363636 0.3133333333 0)
(0.5181818182 0.3133333333 0)
(0.5227272727 0.3133333333 0)
(0.5272727273 0.3133333333 0)
(0.5318181818 0.3133333333 0)
(0.5363636364 0.3133333333 0)
(0.5409090909 0.3133333333 0)
(0.5454545455 0.3133333333 0)
(0.55 0.3133333333 0)
(0.5545454545 0.3133333333 0)
(0.5590909091 0.3133333333 0)
(0.5636363636 0.3133333333 0)
(0.5681818182 0.3133333333 0)
(0.5727272727 0.3133333333 0)
(0.5772727273 0.3133333333 0)
(0.5818181818 0.3133333333 0)
(0.5863636364 0.3133333333 0)
(0.5909090909 0.3133333333 0)
(0.5954545455 0.3133333333 0)
(0.6 0.3133333333 0)
(0.6045454545 0.3133333333 0)
(0.6090909091 0.3133333333 0)
(0.6136363636 0.3133333333 0)
(0.6181818182 0.3133333333 0)
(0.6227272727 0.3133333333 0)
(0.6272727273 0.3133333333 0)
(0.6318181818 0.3133333333 0)
(0.6363636364 0.3133333333 0)
(0.6409090909 0.3133333333 0)
(0.6454545455 0.3133333333 0)
(0.65 0.3133333333 0)
(0.6545454545 0.3133333333 0)
(0.6590909091 0.3133333333 0)
(0.6636363636 0.3133333333 0)
(0.6681818182 0.3133333333 0)
(0.6727272727 0.3133333333 0)
(0.6772727273 0.3133333333 0)
(0.6818181818 0.3133333333 0)
(0.6863636364 0.3133333333 0)
(0.6909090909 0.3133333333 0)
(0.6954545455 0.3133333333 0)
(0.7 0.3133333333 0)
(0.7045454545 0.3133333333 0)
(0.7090909091 0.3133333333 0)
(0.7136363636 0.3133333333 0)
(0.7181818182 0.3133333333 0)
(0.7227272727 0.3133333333 0)
(0.7272727273 0.3133333333 0)
(0.7318181818 0.3133333333 0)
(0.7363636364 0.3133333333 0)
(0.7409090909 0.3133333333 0)
(0.7454545455 0.3133333333 0)
(0.75 0.3133333333 0)
(0.7545454545 0.3133333333 0)
(0.7590909091 0.3133333333 0)
(0.7636363636 0.3133333333 0)
(0.7681818182 0.3133333333 0)
(0.7727272727 0.3133333333 0)
(0.7772727273 0.3133333333 0)
(0.7818181818 0.3133333333 0)
(0.7863636364 0.3133333333 0)
(0.7909090909 0.3133333333 0)
(0.7954545455 0.3133333333 0)
(0.8 0.3133333333 0)
(0.8045454545 0.3133333333 0)
(0.8090909091 0.3133333333 0)
(0.8136363636 0.3133333333 0)
(0.8181818182 0.3133333333 0)
(0.8227272727 0.3133333333 0)
(0.8272727273 0.3133333333 0)
(0.8318181818 0.3133333333 0)
(0.8363636364 0.3133333333 0)
(0.8409090909 0.3133333333 0)
(0.8454545455 0.3133333333 0)
(0.85 0.3133333333 0)
(0.8545454545 0.3133333333 0)
(0.8590909091 0.3133333333 0)
(0.8636363636 0.3133333333 0)
(0.8681818182 0.3133333333 0)
(0.8727272727 0.3133333333 0)
(0.8772727273 0.3133333333 0)
(0.8818181818 0.3133333333 0)
(0.8863636364 0.3133333333 0)
(0.8909090909 0.3133333333 0)
(0.8954545455 0.3133333333 0)
(0.9 0.3133333333 0)
(0.9045454545 0.3133333333 0)
(0.9090909091 0.3133333333 0)
(0.9136363636 0.3133333333 0)
(0.9181818182 0.3133333333 0)
(0.9227272727 0.3133333333 0)
(0.9272727273 0.3133333333 0)
(0.9318181818 0.3133333333 0)
(0.9363636364 0.3133333333 0)
(0.9409090909 0.3133333333 0)
(0.9454545455 0.3133333333 0)
(0.95 0.3133333333 0)
(0.9545454545 0.3133333333 0)
(0.9590909091 0.3133333333 0)
(0.9636363636 0.3133333333 0)
(0.9681818182 0.3133333333 0)
(0.9727272727 0.3133333333 0)
(0.9772727273 0.3133333333 0)
(0.9818181818 0.3133333333 0)
(0.9863636364 0.3133333333 0)
(0.9909090909 0.3133333333 0)
(0.9954545455 0.3133333333 0)
(1 0.3133333333 0)
(0 0.32 0)
(0.004545454545 0.32 0)
(0.009090909091 0.32 0)
(0.01363636364 0.32 0)
(0.01818181818 0.32 0)
(0.02272727273 0.32 0)
(0.02727272727 0.32 0)
(0.03181818182 0.32 0)
(0.03636363636 0.32 0)
(0.04090909091 0.32 0)
(0.04545454545 0.32 0)
(0.05 0.32 0)
(0.05454545455 0.32 0)
(0.05909090909 0.32 0)
(0.06363636364 0.32 0)
(0.06818181818 0.32 0)
(0.07272727273 0.32 0)
(0.07727272727 0.32 0)
(0.08181818182 0.32 0)
(0.08636363636 0.32 0)
(0.09090909091 0.32 0)
(0.09545454545 0.32 0)
(0.1 0.32 0)
(0.1045454545 0.32 0)
(0.1090909091 0.32 0)
(0.1136363636 0.32 0)
(0.1181818182 0.32 0)
(0.1227272727 0.32 0)
(0.1272727273 0.32 0)
(0.1318181818 0.32 0)
(0.1363636364 0.32 0)
(0.1409090909 0.32 0)
(0.1454545455 0.32 0)
(0.15 0.32 0)
(0.1545454545 0.32 0)
(0.1590909091 0.32 0)
(0.1636363636 0.32 0)
(0.1681818182 0.32 0)
(0.1727272727 0.32 0)
(0.1772727273 0.32 0)
(0.1818181818 0.32 0)
(0.1863636364 0.32 0)
(0.1909090909 0.32 0)
(0.1954545455 0.32 0)
(0.2 0.32 0)
(0.2045454545 0.32 0)
(0.2090909091 0.32 0)
(0.2136363636 0.32 0)
(0.2181818182 0.32 0)
(0.2227272727 0.32 0)
(0.2272727273 0.32 0)
(0.2318181818 0.32 0)
(0.2363636364 0.32 0)
(0.2409090909 0.32 0)
(0.2454545455 0.32 0)
(0.25 0.32 0)
(0.2545454545 0.32 0)
(0.2590909091 0.32 0)
(0.2636363636 0.32 0)
(0.2681818182 0.32 0)
(0.2727272727 0.32 0)
(0.2772727273 0.32 0)
(0.2818181818 0.32 0)
(0.2863636364 0.32 0)
(0.2909090909 0.32 0)
(0.2954545455 0.32 0)
(0.3 0.32 0)
(0.3045454545 0.32 0)
(0.3090909091 0.32 0)
(0.3136363636 0.32 0)
(0.3181818182 0.32 0)
(0.3227272727 0.32 0)
(0.3272727273 0.32 0)
(0.3318181818 0.32 0)
(0.3363636364 0.32 0)
(0.3409090909 0.32 0)
(0.3454545455 0.32 0)
(0.35 0.32 0)
(0.3545454545 0.32 0)
(0.3590909091 0.32 0)
(0.3636363636 0.32 0)
(0.3681818182 0.32 0)
(0.3727272727 0.32 0)
(0.3772727273 0.32 0)
(0.3818181818 0.32 0)
(0.3863636364 0.32 0)
(0.3909090909 0.32 0)
(0.3954545455 0.32 0)
(0.4 0.32 0)
(0.4045454545 0.32 0)
(0.4090909091 0.32 0)
(0.4136363636 0.32 0)
(0.4181818182 0.32 0)
(0.4227272727 0.32 0)
(0.4272727273 0.32 0)
(0.4318181818 0.32 0)
(0.4363636364 0.32 0)
(0.4409090909 0.32 0)
(0.4454545455 0.32 0)
(0.45 0.32 0)
(0.4545454545 0.32 0)
(0.4590909091 0.32 0)
(0.4636363636 0.32 0)
(0.4681818182 0.32 0)
(0.4727272727 0.32 0)
(0.4772727273 0.32 0)
(0.4818181818 0.32 0)
(0.4863636364 0.32 0)
(0.4909090909 0.32 0)
(0.4954545455 0.32 0)
(0.5 0.32 0)
(0.5045454545 0.32 0)
(0.5090909091 0.32 0)
(0.5136363636 0.32 0)
(0.5181818182 0.32 0)
(0.5227272727 0.32 0)
(0.5272727273 0.32 0)
(0.5318181818 0.32 0)
(0.5363636364 0.32 0)
(0.5409090909 0.32 0)
(0.5454545455 0.32 0)
(0.55 0.32 0)
(0.5545454545 0.32 0)
(0.5590909091 0.32 0)
(0.5636363636 0.32 0)
(0.5681818182 0.32 0)
(0.5727272727 0.32 0)
(0.5772727273 0.32 0)
(0.5818181818 0.32 0)
(0.5863636364 0.32 0)
(0.5909090909 0.32 0)
(0.5954545455 0.32 0)
(0.6 0.32 0)
(0.6045454545 0.32 0)
(0.6090909091 0.32 0)
(0.6136363636 0.32 0)
(0.6181818182 0.32 0)
(0.6227272727 0.32 0)
(0.6272727273 0.32 0)
(0.6318181818 0.32 0)
(0.6363636364 0.32 0)
(0.6409090909 0.32 0)
(0.6454545455 0.32 0)
(0.65 0.32 0)
(0.6545454545 0.32 0)
(0.6590909091 0.32 0)
(0.6636363636 0.32 0)
(0.6681818182 0.32 0)
(0.6727272727 0.32 0)
(0.6772727273 0.32 0)
(0.6818181818 0.32 0)
(0.6863636364 0.32 0)
(0.6909090909 0.32 0)
(0.6954545455 0.32 0)
(0.7 0.32 0)
(0.7045454545 0.32 0)
(0.7090909091 0.32 0)
(0.7136363636 0.32 0)
(0.7181818182 0.32 0)
(0.7227272727 0.32 0)
(0.7272727273 0.32 0)
(0.7318181818 0.32 0)
(0.7363636364 0.32 0)
(0.7409090909 0.32 0)
(0.7454545455 0.32 0)
(0.75 0.32 0)
(0.7545454545 0.32 0)
(0.7590909091 0.32 0)
(0.7636363636 0.32 0)
(0.7681818182 0.32 0)
(0.7727272727 0.32 0)
(0.7772727273 0.32 0)
(0.7818181818 0.32 0)
(0.7863636364 0.32 0)
(0.7909090909 0.32 0)
(0.7954545455 0.32 0)
(0.8 0.32 0)
(0.8045454545 0.32 0)
(0.8090909091 0.32 0)
(0.8136363636 0.32 0)
(0.8181818182 0.32 0)
(0.8227272727 0.32 0)
(0.8272727273 0.32 0)
(0.8318181818 0.32 0)
(0.8363636364 0.32 0)
(0.8409090909 0.32 0)
(0.8454545455 0.32 0)
(0.85 0.32 0)
(0.8545454545 0.32 0)
(0.8590909091 0.32 0)
(0.8636363636 0.32 0)
(0.8681818182 0.32 0)
(0.8727272727 0.32 0)
(0.8772727273 0.32 0)
(0.8818181818 0.32 0)
(0.8863636364 0.32 0)
(0.8909090909 0.32 0)
(0.8954545455 0.32 0)
(0.9 0.32 0)
(0.9045454545 0.32 0)
(0.9090909091 0.32 0)
(0.9136363636 0.32 0)
(0.9181818182 0.32 0)
(0.9227272727 0.32 0)
(0.9272727273 0.32 0)
(0.9318181818 0.32 0)
(0.9363636364 0.32 0)
(0.9409090909 0.32 0)
(0.9454545455 0.32 0)
(0.95 0.32 0)
(0.9545454545 0.32 0)
(0.9590909091 0.32 0)
(0.9636363636 0.32 0)
(0.9681818182 0.32 0)
(0.9727272727 0.32 0)
(0.9772727273 0.32 0)
(0.9818181818 0.32 0)
(0.9863636364 0.32 0)
(0.9909090909 0.32 0)
(0.9954545455 0.32 0)
(1 0.32 0)
(0 0.3266666667 0)
(0.004545454545 0.3266666667 0)
(0.009090909091 0.3266666667 0)
(0.01363636364 0.3266666667 0)
(0.01818181818 0.3266666667 0)
(0.02272727273 0.3266666667 0)
(0.02727272727 0.3266666667 0)
(0.03181818182 0.3266666667 0)
(0.03636363636 0.3266666667 0)
(0.04090909091 0.3266666667 0)
(0.04545454545 0.3266666667 0)
(0.05 0.3266666667 0)
(0.05454545455 0.3266666667 0)
(0.05909090909 0.3266666667 0)
(0.06363636364 0.3266666667 0)
(0.06818181818 0.3266666667 0)
(0.07272727273 0.3266666667 0)
(0.07727272727 0.3266666667 0)
(0.08181818182 0.3266666667 0)
(0.08636363636 0.3266666667 0)
(0.09090909091 0.3266666667 0)
(0.09545454545 0.3266666667 0)
(0.1 0.3266666667 0)
(0.1045454545 0.3266666667 0)
(0.1090909091 0.3266666667 0)
(0.1136363636 0.3266666667 0)
(0.1181818182 0.3266666667 0)
(0.1227272727 0.3266666667 0)
(0.1272727273 0.3266666667 0)
(0.1318181818 0.3266666667 0)
(0.1363636364 0.3266666667 0)
(0.1409090909 0.3266666667 0)
(0.1454545455 0.3266666667 0)
(0.15 0.3266666667 0)
(0.1545454545 0.3266666667 0)
(0.1590909091 0.3266666667 0)
(0.1636363636 0.3266666667 0)
(0.1681818182 0.3266666667 0)
(0.1727272727 0.3266666667 0)
(0.1772727273 0.3266666667 0)
(0.1818181818 0.3266666667 0)
(0.1863636364 0.3266666667 0)
(0.1909090909 0.3266666667 0)
(0.1954545455 0.3266666667 0)
(0.2 0.3266666667 0)
(0.2045454545 0.3266666667 0)
(0.2090909091 0.3266666667 0)
(0.2136363636 0.3266666667 0)
(0.2181818182 0.3266666667 0)
(0.2227272727 0.3266666667 0)
(0.2272727273 0.3266666667 0)
(0.2318181818 0.3266666667 0)
(0.2363636364 0.3266666667 0)
(0.2409090909 0.3266666667 0)
(0.2454545455 0.3266666667 0)
(0.25 0.3266666667 0)
(0.2545454545 0.3266666667 0)
(0.2590909091 0.3266666667 0)
(0.2636363636 0.3266666667 0)
(0.2681818182 0.3266666667 0)
(0.2727272727 0.3266666667 0)
(0.2772727273 0.3266666667 0)
(0.2818181818 0.3266666667 0)
(0.2863636364 0.3266666667 0)
(0.2909090909 0.3266666667 0)
(0.2954545455 0.3266666667 0)
(0.3 0.3266666667 0)
(0.3045454545 0.3266666667 0)
(0.3090909091 0.3266666667 0)
(0.3136363636 0.3266666667 0)
(0.3181818182 0.3266666667 0)
(0.3227272727 0.3266666667 0)
(0.3272727273 0.3266666667 0)
(0.3318181818 0.3266666667 0)
(0.3363636364 0.3266666667 0)
(0.3409090909 0.3266666667 0)
(0.3454545455 0.3266666667 0)
(0.35 0.3266666667 0)
(0.3545454545 0.3266666667 0)
(0.3590909091 0.3266666667 0)
(0.3636363636 0.3266666667 0)
(0.3681818182 0.3266666667 0)
(0.3727272727 0.3266666667 0)
(0.3772727273 0.3266666667 0)
(0.3818181818 0.3266666667 0)
(0.3863636364 0.3266666667 0)
(0.3909090909 0.3266666667 0)
(0.3954545455 0.3266666667 0)
(0.4 0.3266666667 0)
(0.4045454545 0.3266666667 0)
(0.4090909091 0.3266666667 0)
(0.4136363636 0.3266666667 0)
(0.4181818182 0.3266666667 0)
(0.4227272727 0.3266666667 0)
(0.4272727273 0.3266666667 0)
(0.4318181818 0.3266666667 0)
(0.4363636364 0.3266666667 0)
(0.4409090909 0.3266666667 0)
(0.4454545455 0.3266666667 0)
(0.45 0.3266666667 0)
(0.4545454545 0.3266666667 0)
(0.4590909091 0.3266666667 0)
(0.4636363636 0.3266666667 0)
(0.4681818182 0.3266666667 0)
(0.4727272727 0.3266666667 0)
(0.4772727273 0.3266666667 0)
(0.4818181818 0.3266666667 0)
(0.4863636364 0.3266666667 0)
(0.4909090909 0.3266666667 0)
(0.4954545455 0.3266666667 0)
(0.5 0.3266666667 0)
(0.5045454545 0.3266666667 0)
(0.5090909091 0.3266666667 0)
(0.5136363636 0.3266666667 0)
(0.5181818182 0.3266666667 0)
(0.5227272727 0.3266666667 0)
(0.5272727273 0.3266666667 0)
(0.5318181818 0.3266666667 0)
(0.5363636364 0.3266666667 0)
(0.5409090909 0.3266666667 0)
(0.5454545455 0.3266666667 0)
(0.55 0.3266666667 0)
(0.5545454545 0.3266666667 0)
(0.5590909091 0.3266666667 0)
(0.5636363636 0.3266666667 0)
(0.5681818182 0.3266666667 0)
(0.5727272727 0.3266666667 0)
(0.5772727273 0.3266666667 0)
(0.5818181818 0.3266666667 0)
(0.5863636364 0.3266666667 0)
(0.5909090909 0.3266666667 0)
(0.5954545455 0.3266666667 0)
(0.6 0.3266666667 0)
(0.6045454545 0.3266666667 0)
(0.6090909091 0.3266666667 0)
(0.6136363636 0.3266666667 0)
(0.6181818182 0.3266666667 0)
(0.6227272727 0.3266666667 0)
(0.6272727273 0.3266666667 0)
(0.6318181818 0.3266666667 0)
(0.6363636364 0.3266666667 0)
(0.6409090909 0.3266666667 0)
(0.6454545455 0.3266666667 0)
(0.65 0.3266666667 0)
(0.6545454545 0.3266666667 0)
(0.6590909091 0.3266666667 0)
(0.6636363636 0.3266666667 0)
(0.6681818182 0.3266666667 0)
(0.6727272727 0.3266666667 0)
(0.6772727273 0.3266666667 0)
(0.6818181818 0.3266666667 0)
(0.6863636364 0.3266666667 0)
(0.6909090909 0.3266666667 0)
(0.6954545455 0.3266666667 0)
(0.7 0.3266666667 0)
(0.7045454545 0.3266666667 0)
(0.7090909091 0.3266666667 0)
(0.7136363636 0.3266666667 0)
(0.7181818182 0.3266666667 0)
(0.7227272727 0.3266666667 0)
(0.7272727273 0.3266666667 0)
(0.7318181818 0.3266666667 0)
(0.7363636364 0.3266666667 0)
(0.7409090909 0.3266666667 0)
(0.7454545455 0.3266666667 0)
(0.75 0.3266666667 0)
(0.7545454545 0.3266666667 0)
(0.7590909091 0.3266666667 0)
(0.7636363636 0.3266666667 0)
(0.7681818182 0.3266666667 0)
(0.7727272727 0.3266666667 0)
(0.7772727273 0.3266666667 0)
(0.7818181818 0.3266666667 0)
(0.7863636364 0.3266666667 0)
(0.7909090909 0.3266666667 0)
(0.7954545455 0.3266666667 0)
(0.8 0.3266666667 0)
(0.8045454545 0.3266666667 0)
(0.8090909091 0.3266666667 0)
(0.8136363636 0.3266666667 0)
(0.8181818182 0.3266666667 0)
(0.8227272727 0.3266666667 0)
(0.8272727273 0.3266666667 0)
(0.8318181818 0.3266666667 0)
(0.8363636364 0.3266666667 0)
(0.8409090909 0.3266666667 0)
(0.8454545455 0.3266666667 0)
(0.85 0.3266666667 0)
(0.8545454545 0.3266666667 0)
(0.8590909091 0.3266666667 0)
(0.8636363636 0.3266666667 0)
(0.8681818182 0.3266666667 0)
(0.8727272727 0.3266666667 0)
(0.8772727273 0.3266666667 0)
(0.8818181818 0.3266666667 0)
(0.8863636364 0.3266666667 0)
(0.8909090909 0.3266666667 0)
(0.8954545455 0.3266666667 0)
(0.9 0.3266666667 0)
(0.9045454545 0.3266666667 0)
(0.9090909091 0.3266666667 0)
(0.9136363636 0.3266666667 0)
(0.9181818182 0.3266666667 0)
(0.9227272727 0.3266666667 0)
(0.9272727273 0.3266666667 0)
(0.9318181818 0.3266666667 0)
(0.9363636364 0.3266666667 0)
(0.9409090909 0.3266666667 0)
(0.9454545455 0.3266666667 0)
(0.95 0.3266666667 0)
(0.9545454545 0.3266666667 0)
(0.9590909091 0.3266666667 0)
(0.9636363636 0.3266666667 0)
(0.9681818182 0.3266666667 0)
(0.9727272727 0.3266666667 0)
(0.9772727273 0.3266666667 0)
(0.9818181818 0.3266666667 0)
(0.9863636364 0.3266666667 0)
(0.9909090909 0.3266666667 0)
(0.9954545455 0.3266666667 0)
(1 0.3266666667 0)
(0 0.3333333333 0)
(0.004545454545 0.3333333333 0)
(0.009090909091 0.3333333333 0)
(0.01363636364 0.3333333333 0)
(0.01818181818 0.3333333333 0)
(0.02272727273 0.3333333333 0)
(0.02727272727 0.3333333333 0)
(0.03181818182 0.3333333333 0)
(0.03636363636 0.3333333333 0)
(0.04090909091 0.3333333333 0)
(0.04545454545 0.3333333333 0)
(0.05 0.3333333333 0)
(0.05454545455 0.3333333333 0)
(0.05909090909 0.3333333333 0)
(0.06363636364 0.3333333333 0)
(0.06818181818 0.3333333333 0)
(0.07272727273 0.3333333333 0)
(0.07727272727 0.3333333333 0)
(0.08181818182 0.3333333333 0)
(0.08636363636 0.3333333333 0)
(0.09090909091 0.3333333333 0)
(0.09545454545 0.3333333333 0)
(0.1 0.3333333333 0)
(0.1045454545 0.3333333333 0)
(0.1090909091 0.3333333333 0)
(0.1136363636 0.3333333333 0)
(0.1181818182 0.3333333333 0)
(0.1227272727 0.3333333333 0)
(0.1272727273 0.3333333333 0)
(0.1318181818 0.3333333333 0)
(0.1363636364 0.3333333333 0)
(0.1409090909 0.3333333333 0)
(0.1454545455 0.3333333333 0)
(0.15 0.3333333333 0)
(0.1545454545 0.3333333333 0)
(0.1590909091 0.3333333333 0)
(0.1636363636 0.3333333333 0)
(0.1681818182 0.3333333333 0)
(0.1727272727 0.3333333333 0)
(0.1772727273 0.3333333333 0)
(0.1818181818 0.3333333333 0)
(0.1863636364 0.3333333333 0)
(0.1909090909 0.3333333333 0)
(0.1954545455 0.3333333333 0)
(0.2 0.3333333333 0)
(0.2045454545 0.3333333333 0)
(0.2090909091 0.3333333333 0)
(0.2136363636 0.3333333333 0)
(0.2181818182 0.3333333333 0)
(0.2227272727 0.3333333333 0)
(0.2272727273 0.3333333333 0)
(0.2318181818 0.3333333333 0)
(0.2363636364 0.3333333333 0)
(0.2409090909 0.3333333333 0)
(0.2454545455 0.3333333333 0)
(0.25 0.3333333333 0)
(0.2545454545 0.3333333333 0)
(0.2590909091 0.3333333333 0)
(0.2636363636 0.3333333333 0)
(0.2681818182 0.3333333333 0)
(0.2727272727 0.3333333333 0)
(0.2772727273 0.3333333333 0)
(0.2818181818 0.3333333333 0)
(0.2863636364 0.3333333333 0)
(0.2909090909 0.3333333333 0)
(0.2954545455 0.3333333333 0)
(0.3 0.3333333333 0)
(0.3045454545 0.3333333333 0)
(0.3090909091 0.3333333333 0)
(0.3136363636 0.3333333333 0)
(0.3181818182 0.3333333333 0)
(0.3227272727 0.3333333333 0)
(0.3272727273 0.3333333333 0)
(0.3318181818 0.3333333333 0)
(0.3363636364 0.3333333333 0)
(0.3409090909 0.3333333333 0)
(0.3454545455 0.3333333333 0)
(0.35 0.3333333333 0)
(0.3545454545 0.3333333333 0)
(0.3590909091 0.3333333333 0)
(0.3636363636 0.3333333333 0)
(0.3681818182 0.3333333333 0)
(0.3727272727 0.3333333333 0)
(0.3772727273 0.3333333333 0)
(0.3818181818 0.3333333333 0)
(0.3863636364 0.3333333333 0)
(0.3909090909 0.3333333333 0)
(0.3954545455 0.3333333333 0)
(0.4 0.3333333333 0)
(0.4045454545 0.3333333333 0)
(0.4090909091 0.3333333333 0)
(0.4136363636 0.3333333333 0)
(0.4181818182 0.3333333333 0)
(0.4227272727 0.3333333333 0)
(0.4272727273 0.3333333333 0)
(0.4318181818 0.3333333333 0)
(0.4363636364 0.3333333333 0)
(0.4409090909 0.3333333333 0)
(0.4454545455 0.3333333333 0)
(0.45 0.3333333333 0)
(0.4545454545 0.3333333333 0)
(0.4590909091 0.3333333333 0)
(0.4636363636 0.3333333333 0)
(0.4681818182 0.3333333333 0)
(0.4727272727 0.3333333333 0)
(0.4772727273 0.3333333333 0)
(0.4818181818 0.3333333333 0)
(0.4863636364 0.3333333333 0)
(0.4909090909 0.3333333333 0)
(0.4954545455 0.3333333333 0)
(0.5 0.3333333333 0)
(0.5045454545 0.3333333333 0)
(0.5090909091 0.3333333333 0)
(0.5136363636 0.3333333333 0)
(0.5181818182 0.3333333333 0)
(0.5227272727 0.3333333333 0)
(0.5272727273 0.3333333333 0)
(0.5318181818 0.3333333333 0)
(0.5363636364 0.3333333333 0)
(0.5409090909 0.3333333333 0)
(0.5454545455 0.3333333333 0)
(0.55 0.3333333333 0)
(0.5545454545 0.3333333333 0)
(0.5590909091 0.3333333333 0)
(0.5636363636 0.3333333333 0)
(0.5681818182 0.3333333333 0)
(0.5727272727 0.3333333333 0)
(0.5772727273 0.3333333333 0)
(0.5818181818 0.3333333333 0)
(0.5863636364 0.3333333333 0)
(0.5909090909 0.3333333333 0)
(0.5954545455 0.3333333333 0)
(0.6 0.3333333333 0)
(0.6045454545 0.3333333333 0)
(0.6090909091 0.3333333333 0)
(0.6136363636 0.3333333333 0)
(0.6181818182 0.3333333333 0)
(0.6227272727 0.3333333333 0)
(0.6272727273 0.3333333333 0)
(0.6318181818 0.3333333333 0)
(0.6363636364 0.3333333333 0)
(0.6409090909 0.3333333333 0)
(0.6454545455 0.3333333333 0)
(0.65 0.3333333333 0)
(0.6545454545 0.3333333333 0)
(0.6590909091 0.3333333333 0)
(0.6636363636 0.3333333333 0)
(0.6681818182 0.3333333333 0)
(0.6727272727 0.3333333333 0)
(0.6772727273 0.3333333333 0)
(0.6818181818 0.3333333333 0)
(0.6863636364 0.3333333333 0)
(0.6909090909 0.3333333333 0)
(0.6954545455 0.3333333333 0)
(0.7 0.3333333333 0)
(0.7045454545 0.3333333333 0)
(0.7090909091 0.3333333333 0)
(0.7136363636 0.3333333333 0)
(0.7181818182 0.3333333333 0)
(0.7227272727 0.3333333333 0)
(0.7272727273 0.3333333333 0)
(0.7318181818 0.3333333333 0)
(0.7363636364 0.3333333333 0)
(0.7409090909 0.3333333333 0)
(0.7454545455 0.3333333333 0)
(0.75 0.3333333333 0)
(0.7545454545 0.3333333333 0)
(0.7590909091 0.3333333333 0)
(0.7636363636 0.3333333333 0)
(0.7681818182 0.3333333333 0)
(0.7727272727 0.3333333333 0)
(0.7772727273 0.3333333333 0)
(0.7818181818 0.3333333333 0)
(0.7863636364 0.3333333333 0)
(0.7909090909 0.3333333333 0)
(0.7954545455 0.3333333333 0)
(0.8 0.3333333333 0)
(0.8045454545 0.3333333333 0)
(0.8090909091 0.3333333333 0)
(0.8136363636 0.3333333333 0)
(0.8181818182 0.3333333333 0)
(0.8227272727 0.3333333333 0)
(0.8272727273 0.3333333333 0)
(0.8318181818 0.3333333333 0)
(0.8363636364 0.3333333333 0)
(0.8409090909 0.3333333333 0)
(0.8454545455 0.3333333333 0)
(0.85 0.3333333333 0)
(0.8545454545 0.3333333333 0)
(0.8590909091 0.3333333333 0)
(0.8636363636 0.3333333333 0)
(0.8681818182 0.3333333333 0)
(0.8727272727 0.3333333333 0)
(0.8772727273 0.3333333333 0)
(0.8818181818 0.3333333333 0)
(0.8863636364 0.3333333333 0)
(0.8909090909 0.3333333333 0)
(0.8954545455 0.3333333333 0)
(0.9 0.3333333333 0)
(0.9045454545 0.3333333333 0)
(0.9090909091 0.3333333333 0)
(0.9136363636 0.3333333333 0)
(0.9181818182 0.3333333333 0)
(0.9227272727 0.3333333333 0)
(0.9272727273 0.3333333333 0)
(0.9318181818 0.3333333333 0)
(0.9363636364 0.3333333333 0)
(0.9409090909 0.3333333333 0)
(0.9454545455 0.3333333333 0)
(0.95 0.3333333333 0)
(0.9545454545 0.3333333333 0)
(0.9590909091 0.3333333333 0)
(0.9636363636 0.3333333333 0)
(0.9681818182 0.3333333333 0)
(0.9727272727 0.3333333333 0)
(0.9772727273 0.3333333333 0)
(0.9818181818 0.3333333333 0)
(0.9863636364 0.3333333333 0)
(0.9909090909 0.3333333333 0)
(0.9954545455 0.3333333333 0)
(1 0.3333333333 0)
(0 0.34 0)
(0.004545454545 0.34 0)
(0.009090909091 0.34 0)
(0.01363636364 0.34 0)
(0.01818181818 0.34 0)
(0.02272727273 0.34 0)
(0.02727272727 0.34 0)
(0.03181818182 0.34 0)
(0.03636363636 0.34 0)
(0.04090909091 0.34 0)
(0.04545454545 0.34 0)
(0.05 0.34 0)
(0.05454545455 0.34 0)
(0.05909090909 0.34 0)
(0.06363636364 0.34 0)
(0.06818181818 0.34 0)
(0.07272727273 0.34 0)
(0.07727272727 0.34 0)
(0.08181818182 0.34 0)
(0.08636363636 0.34 0)
(0.09090909091 0.34 0)
(0.09545454545 0.34 0)
(0.1 0.34 0)
(0.1045454545 0.34 0)
(0.1090909091 0.34 0)
(0.1136363636 0.34 0)
(0.1181818182 0.34 0)
(0.1227272727 0.34 0)
(0.1272727273 0.34 0)
(0.1318181818 0.34 0)
(0.1363636364 0.34 0)
(0.1409090909 0.34 0)
(0.1454545455 0.34 0)
(0.15 0.34 0)
(0.1545454545 0.34 0)
(0.1590909091 0.34 0)
(0.1636363636 0.34 0)
(0.1681818182 0.34 0)
(0.1727272727 0.34 0)
(0.1772727273 0.34 0)
(0.1818181818 0.34 0)
(0.1863636364 0.34 0)
(0.1909090909 0.34 0)
(0.1954545455 0.34 0)
(0.2 0.34 0)
(0.2045454545 0.34 0)
(0.2090909091 0.34 0)
(0.2136363636 0.34 0)
(0.2181818182 0.34 0)
(0.2227272727 0.34 0)
(0.2272727273 0.34 0)
(0.2318181818 0.34 0)
(0.2363636364 0.34 0)
(0.2409090909 0.34 0)
(0.2454545455 0.34 0)
(0.25 0.34 0)
(0.2545454545 0.34 0)
(0.2590909091 0.34 0)
(0.2636363636 0.34 0)
(0.2681818182 0.34 0)
(0.2727272727 0.34 0)
(0.2772727273 0.34 0)
(0.2818181818 0.34 0)
(0.2863636364 0.34 0)
(0.2909090909 0.34 0)
(0.2954545455 0.34 0)
(0.3 0.34 0)
(0.3045454545 0.34 0)
(0.3090909091 0.34 0)
(0.3136363636 0.34 0)
(0.3181818182 0.34 0)
(0.3227272727 0.34 0)
(0.3272727273 0.34 0)
(0.3318181818 0.34 0)
(0.3363636364 0.34 0)
(0.3409090909 0.34 0)
(0.3454545455 0.34 0)
(0.35 0.34 0)
(0.3545454545 0.34 0)
(0.3590909091 0.34 0)
(0.3636363636 0.34 0)
(0.3681818182 0.34 0)
(0.3727272727 0.34 0)
(0.3772727273 0.34 0)
(0.3818181818 0.34 0)
(0.3863636364 0.34 0)
(0.3909090909 0.34 0)
(0.3954545455 0.34 0)
(0.4 0.34 0)
(0.4045454545 0.34 0)
(0.4090909091 0.34 0)
(0.4136363636 0.34 0)
(0.4181818182 0.34 0)
(0.4227272727 0.34 0)
(0.4272727273 0.34 0)
(0.4318181818 0.34 0)
(0.4363636364 0.34 0)
(0.4409090909 0.34 0)
(0.4454545455 0.34 0)
(0.45 0.34 0)
(0.4545454545 0.34 0)
(0.4590909091 0.34 0)
(0.4636363636 0.34 0)
(0.4681818182 0.34 0)
(0.4727272727 0.34 0)
(0.4772727273 0.34 0)
(0.4818181818 0.34 0)
(0.4863636364 0.34 0)
(0.4909090909 0.34 0)
(0.4954545455 0.34 0)
(0.5 0.34 0)
(0.5045454545 0.34 0)
(0.5090909091 0.34 0)
(0.5136363636 0.34 0)
(0.5181818182 0.34 0)
(0.5227272727 0.34 0)
(0.5272727273 0.34 0)
(0.5318181818 0.34 0)
(0.5363636364 0.34 0)
(0.5409090909 0.34 0)
(0.5454545455 0.34 0)
(0.55 0.34 0)
(0.5545454545 0.34 0)
(0.5590909091 0.34 0)
(0.5636363636 0.34 0)
(0.5681818182 0.34 0)
(0.5727272727 0.34 0)
(0.5772727273 0.34 0)
(0.5818181818 0.34 0)
(0.5863636364 0.34 0)
(0.5909090909 0.34 0)
(0.5954545455 0.34 0)
(0.6 0.34 0)
(0.6045454545 0.34 0)
(0.6090909091 0.34 0)
(0.6136363636 0.34 0)
(0.6181818182 0.34 0)
(0.6227272727 0.34 0)
(0.6272727273 0.34 0)
(0.6318181818 0.34 0)
(0.6363636364 0.34 0)
(0.6409090909 0.34 0)
(0.6454545455 0.34 0)
(0.65 0.34 0)
(0.6545454545 0.34 0)
(0.6590909091 0.34 0)
(0.6636363636 0.34 0)
(0.6681818182 0.34 0)
(0.6727272727 0.34 0)
(0.6772727273 0.34 0)
(0.6818181818 0.34 0)
(0.6863636364 0.34 0)
(0.6909090909 0.34 0)
(0.6954545455 0.34 0)
(0.7 0.34 0)
(0.7045454545 0.34 0)
(0.7090909091 0.34 0)
(0.7136363636 0.34 0)
(0.7181818182 0.34 0)
(0.7227272727 0.34 0)
(0.7272727273 0.34 0)
(0.7318181818 0.34 0)
(0.7363636364 0.34 0)
(0.7409090909 0.34 0)
(0.7454545455 0.34 0)
(0.75 0.34 0)
(0.7545454545 0.34 0)
(0.7590909091 0.34 0)
(0.7636363636 0.34 0)
(0.7681818182 0.34 0)
(0.7727272727 0.34 0)
(0.7772727273 0.34 0)
(0.7818181818 0.34 0)
(0.7863636364 0.34 0)
(0.7909090909 0.34 0)
(0.7954545455 0.34 0)
(0.8 0.34 0)
(0.8045454545 0.34 0)
(0.8090909091 0.34 0)
(0.8136363636 0.34 0)
(0.8181818182 0.34 0)
(0.8227272727 0.34 0)
(0.8272727273 0.34 0)
(0.8318181818 0.34 0)
(0.8363636364 0.34 0)
(0.8409090909 0.34 0)
(0.8454545455 0.34 0)
(0.85 0.34 0)
(0.8545454545 0.34 0)
(0.8590909091 0.34 0)
(0.8636363636 0.34 0)
(0.8681818182 0.34 0)
(0.8727272727 0.34 0)
(0.8772727273 0.34 0)
(0.8818181818 0.34 0)
(0.8863636364 0.34 0)
(0.8909090909 0.34 0)
(0.8954545455 0.34 0)
(0.9 0.34 0)
(0.9045454545 0.34 0)
(0.9090909091 0.34 0)
(0.9136363636 0.34 0)
(0.9181818182 0.34 0)
(0.9227272727 0.34 0)
(0.9272727273 0.34 0)
(0.9318181818 0.34 0)
(0.9363636364 0.34 0)
(0.9409090909 0.34 0)
(0.9454545455 0.34 0)
(0.95 0.34 0)
(0.9545454545 0.34 0)
(0.9590909091 0.34 0)
(0.9636363636 0.34 0)
(0.9681818182 0.34 0)
(0.9727272727 0.34 0)
(0.9772727273 0.34 0)
(0.9818181818 0.34 0)
(0.9863636364 0.34 0)
(0.9909090909 0.34 0)
(0.9954545455 0.34 0)
(1 0.34 0)
(0 0.3466666667 0)
(0.004545454545 0.3466666667 0)
(0.009090909091 0.3466666667 0)
(0.01363636364 0.3466666667 0)
(0.01818181818 0.3466666667 0)
(0.02272727273 0.3466666667 0)
(0.02727272727 0.3466666667 0)
(0.03181818182 0.3466666667 0)
(0.03636363636 0.3466666667 0)
(0.04090909091 0.3466666667 0)
(0.04545454545 0.3466666667 0)
(0.05 0.3466666667 0)
(0.05454545455 0.3466666667 0)
(0.05909090909 0.3466666667 0)
(0.06363636364 0.3466666667 0)
(0.06818181818 0.3466666667 0)
(0.07272727273 0.3466666667 0)
(0.07727272727 0.3466666667 0)
(0.08181818182 0.3466666667 0)
(0.08636363636 0.3466666667 0)
(0.09090909091 0.3466666667 0)
(0.09545454545 0.3466666667 0)
(0.1 0.3466666667 0)
(0.1045454545 0.3466666667 0)
(0.1090909091 0.3466666667 0)
(0.1136363636 0.3466666667 0)
(0.1181818182 0.3466666667 0)
(0.1227272727 0.3466666667 0)
(0.1272727273 0.3466666667 0)
(0.1318181818 0.3466666667 0)
(0.1363636364 0.3466666667 0)
(0.1409090909 0.3466666667 0)
(0.1454545455 0.3466666667 0)
(0.15 0.3466666667 0)
(0.1545454545 0.3466666667 0)
(0.1590909091 0.3466666667 0)
(0.1636363636 0.3466666667 0)
(0.1681818182 0.3466666667 0)
(0.1727272727 0.3466666667 0)
(0.1772727273 0.3466666667 0)
(0.1818181818 0.3466666667 0)
(0.1863636364 0.3466666667 0)
(0.1909090909 0.3466666667 0)
(0.1954545455 0.3466666667 0)
(0.2 0.3466666667 0)
(0.2045454545 0.3466666667 0)
(0.2090909091 0.3466666667 0)
(0.2136363636 0.3466666667 0)
(0.2181818182 0.3466666667 0)
(0.2227272727 0.3466666667 0)
(0.2272727273 0.3466666667 0)
(0.2318181818 0.3466666667 0)
(0.2363636364 0.3466666667 0)
(0.2409090909 0.3466666667 0)
(0.2454545455 0.3466666667 0)
(0.25 0.3466666667 0)
(0.2545454545 0.3466666667 0)
(0.2590909091 0.3466666667 0)
(0.2636363636 0.3466666667 0)
(0.2681818182 0.3466666667 0)
(0.2727272727 0.3466666667 0)
(0.2772727273 0.3466666667 0)
(0.2818181818 0.3466666667 0)
(0.2863636364 0.3466666667 0)
(0.2909090909 0.3466666667 0)
(0.2954545455 0.3466666667 0)
(0.3 0.3466666667 0)
(0.3045454545 0.3466666667 0)
(0.3090909091 0.3466666667 0)
(0.3136363636 0.3466666667 0)
(0.3181818182 0.3466666667 0)
(0.3227272727 0.3466666667 0)
(0.3272727273 0.3466666667 0)
(0.3318181818 0.3466666667 0)
(0.3363636364 0.3466666667 0)
(0.3409090909 0.3466666667 0)
(0.3454545455 0.3466666667 0)
(0.35 0.3466666667 0)
(0.3545454545 0.3466666667 0)
(0.3590909091 0.3466666667 0)
(0.3636363636 0.3466666667 0)
(0.3681818182 0.3466666667 0)
(0.3727272727 0.3466666667 0)
(0.3772727273 0.3466666667 0)
(0.3818181818 0.3466666667 0)
(0.3863636364 0.3466666667 0)
(0.3909090909 0.3466666667 0)
(0.3954545455 0.3466666667 0)
(0.4 0.3466666667 0)
(0.4045454545 0.3466666667 0)
(0.4090909091 0.3466666667 0)
(0.4136363636 0.3466666667 0)
(0.4181818182 0.3466666667 0)
(0.4227272727 0.3466666667 0)
(0.4272727273 0.3466666667 0)
(0.4318181818 0.3466666667 0)
(0.4363636364 0.3466666667 0)
(0.4409090909 0.3466666667 0)
(0.4454545455 0.3466666667 0)
(0.45 0.3466666667 0)
(0.4545454545 0.3466666667 0)
(0.4590909091 0.3466666667 0)
(0.4636363636 0.3466666667 0)
(0.4681818182 0.3466666667 0)
(0.4727272727 0.3466666667 0)
(0.4772727273 0.3466666667 0)
(0.4818181818 0.3466666667 0)
(0.4863636364 0.3466666667 0)
(0.4909090909 0.3466666667 0)
(0.4954545455 0.3466666667 0)
(0.5 0.3466666667 0)
(0.5045454545 0.3466666667 0)
(0.5090909091 0.3466666667 0)
(0.5136363636 0.3466666667 0)
(0.5181818182 0.3466666667 0)
(0.5227272727 0.3466666667 0)
(0.5272727273 0.3466666667 0)
(0.5318181818 0.3466666667 0)
(0.5363636364 0.3466666667 0)
(0.5409090909 0.3466666667 0)
(0.5454545455 0.3466666667 0)
(0.55 0.3466666667 0)
(0.5545454545 0.3466666667 0)
(0.5590909091 0.3466666667 0)
(0.5636363636 0.3466666667 0)
(0.5681818182 0.3466666667 0)
(0.5727272727 0.3466666667 0)
(0.5772727273 0.3466666667 0)
(0.5818181818 0.3466666667 0)
(0.5863636364 0.3466666667 0)
(0.5909090909 0.3466666667 0)
(0.5954545455 0.3466666667 0)
(0.6 0.3466666667 0)
(0.6045454545 0.3466666667 0)
(0.6090909091 0.3466666667 0)
(0.6136363636 0.3466666667 0)
(0.6181818182 0.3466666667 0)
(0.6227272727 0.3466666667 0)
(0.6272727273 0.3466666667 0)
(0.6318181818 0.3466666667 0)
(0.6363636364 0.3466666667 0)
(0.6409090909 0.3466666667 0)
(0.6454545455 0.3466666667 0)
(0.65 0.3466666667 0)
(0.6545454545 0.3466666667 0)
(0.6590909091 0.3466666667 0)
(0.6636363636 0.3466666667 0)
(0.6681818182 0.3466666667 0)
(0.6727272727 0.3466666667 0)
(0.6772727273 0.3466666667 0)
(0.6818181818 0.3466666667 0)
(0.6863636364 0.3466666667 0)
(0.6909090909 0.3466666667 0)
(0.6954545455 0.3466666667 0)
(0.7 0.3466666667 0)
(0.7045454545 0.3466666667 0)
(0.7090909091 0.3466666667 0)
(0.7136363636 0.3466666667 0)
(0.7181818182 0.3466666667 0)
(0.7227272727 0.3466666667 0)
(0.7272727273 0.3466666667 0)
(0.7318181818 0.3466666667 0)
(0.7363636364 0.3466666667 0)
(0.7409090909 0.3466666667 0)
(0.7454545455 0.3466666667 0)
(0.75 0.3466666667 0)
(0.7545454545 0.3466666667 0)
(0.7590909091 0.3466666667 0)
(0.7636363636 0.3466666667 0)
(0.7681818182 0.3466666667 0)
(0.7727272727 0.3466666667 0)
(0.7772727273 0.3466666667 0)
(0.7818181818 0.3466666667 0)
(0.7863636364 0.3466666667 0)
(0.7909090909 0.3466666667 0)
(0.7954545455 0.3466666667 0)
(0.8 0.3466666667 0)
(0.8045454545 0.3466666667 0)
(0.8090909091 0.3466666667 0)
(0.8136363636 0.3466666667 0)
(0.8181818182 0.3466666667 0)
(0.8227272727 0.3466666667 0)
(0.8272727273 0.3466666667 0)
(0.8318181818 0.3466666667 0)
(0.8363636364 0.3466666667 0)
(0.8409090909 0.3466666667 0)
(0.8454545455 0.3466666667 0)
(0.85 0.3466666667 0)
(0.8545454545 0.3466666667 0)
(0.8590909091 0.3466666667 0)
(0.8636363636 0.3466666667 0)
(0.8681818182 0.3466666667 0)
(0.8727272727 0.3466666667 0)
(0.8772727273 0.3466666667 0)
(0.8818181818 0.3466666667 0)
(0.8863636364 0.3466666667 0)
(0.8909090909 0.3466666667 0)
(0.8954545455 0.3466666667 0)
(0.9 0.3466666667 0)
(0.9045454545 0.3466666667 0)
(0.9090909091 0.3466666667 0)
(0.9136363636 0.3466666667 0)
(0.9181818182 0.3466666667 0)
(0.9227272727 0.3466666667 0)
(0.9272727273 0.3466666667 0)
(0.9318181818 0.3466666667 0)
(0.9363636364 0.3466666667 0)
(0.9409090909 0.3466666667 0)
(0.9454545455 0.3466666667 0)
(0.95 0.3466666667 0)
(0.9545454545 0.3466666667 0)
(0.9590909091 0.3466666667 0)
(0.9636363636 0.3466666667 0)
(0.9681818182 0.3466666667 0)
(0.9727272727 0.3466666667 0)
(0.9772727273 0.3466666667 0)
(0.9818181818 0.3466666667 0)
(0.9863636364 0.3466666667 0)
(0.9909090909 0.3466666667 0)
(0.9954545455 0.3466666667 0)
(1 0.3466666667 0)
(0 0.3533333333 0)
(0.004545454545 0.3533333333 0)
(0.009090909091 0.3533333333 0)
(0.01363636364 0.3533333333 0)
(0.01818181818 0.3533333333 0)
(0.02272727273 0.3533333333 0)
(0.02727272727 0.3533333333 0)
(0.03181818182 0.3533333333 0)
(0.03636363636 0.3533333333 0)
(0.04090909091 0.3533333333 0)
(0.04545454545 0.3533333333 0)
(0.05 0.3533333333 0)
(0.05454545455 0.3533333333 0)
(0.05909090909 0.3533333333 0)
(0.06363636364 0.3533333333 0)
(0.06818181818 0.3533333333 0)
(0.07272727273 0.3533333333 0)
(0.07727272727 0.3533333333 0)
(0.08181818182 0.3533333333 0)
(0.08636363636 0.3533333333 0)
(0.09090909091 0.3533333333 0)
(0.09545454545 0.3533333333 0)
(0.1 0.3533333333 0)
(0.1045454545 0.3533333333 0)
(0.1090909091 0.3533333333 0)
(0.1136363636 0.3533333333 0)
(0.1181818182 0.3533333333 0)
(0.1227272727 0.3533333333 0)
(0.1272727273 0.3533333333 0)
(0.1318181818 0.3533333333 0)
(0.1363636364 0.3533333333 0)
(0.1409090909 0.3533333333 0)
(0.1454545455 0.3533333333 0)
(0.15 0.3533333333 0)
(0.1545454545 0.3533333333 0)
(0.1590909091 0.3533333333 0)
(0.1636363636 0.3533333333 0)
(0.1681818182 0.3533333333 0)
(0.1727272727 0.3533333333 0)
(0.1772727273 0.3533333333 0)
(0.1818181818 0.3533333333 0)
(0.1863636364 0.3533333333 0)
(0.1909090909 0.3533333333 0)
(0.1954545455 0.3533333333 0)
(0.2 0.3533333333 0)
(0.2045454545 0.3533333333 0)
(0.2090909091 0.3533333333 0)
(0.2136363636 0.3533333333 0)
(0.2181818182 0.3533333333 0)
(0.2227272727 0.3533333333 0)
(0.2272727273 0.3533333333 0)
(0.2318181818 0.3533333333 0)
(0.2363636364 0.3533333333 0)
(0.2409090909 0.3533333333 0)
(0.2454545455 0.3533333333 0)
(0.25 0.3533333333 0)
(0.2545454545 0.3533333333 0)
(0.2590909091 0.3533333333 0)
(0.2636363636 0.3533333333 0)
(0.2681818182 0.3533333333 0)
(0.2727272727 0.3533333333 0)
(0.2772727273 0.3533333333 0)
(0.2818181818 0.3533333333 0)
(0.2863636364 0.3533333333 0)
(0.2909090909 0.3533333333 0)
(0.2954545455 0.3533333333 0)
(0.3 0.3533333333 0)
(0.3045454545 0.3533333333 0)
(0.3090909091 0.3533333333 0)
(0.3136363636 0.3533333333 0)
(0.3181818182 0.3533333333 0)
(0.3227272727 0.3533333333 0)
(0.3272727273 0.3533333333 0)
(0.3318181818 0.3533333333 0)
(0.3363636364 0.3533333333 0)
(0.3409090909 0.3533333333 0)
(0.3454545455 0.3533333333 0)
(0.35 0.3533333333 0)
(0.3545454545 0.3533333333 0)
(0.3590909091 0.3533333333 0)
(0.3636363636 0.3533333333 0)
(0.3681818182 0.3533333333 0)
(0.3727272727 0.3533333333 0)
(0.3772727273 0.3533333333 0)
(0.3818181818 0.3533333333 0)
(0.3863636364 0.3533333333 0)
(0.3909090909 0.3533333333 0)
(0.3954545455 0.3533333333 0)
(0.4 0.3533333333 0)
(0.4045454545 0.3533333333 0)
(0.4090909091 0.3533333333 0)
(0.4136363636 0.3533333333 0)
(0.4181818182 0.3533333333 0)
(0.4227272727 0.3533333333 0)
(0.4272727273 0.3533333333 0)
(0.4318181818 0.3533333333 0)
(0.4363636364 0.3533333333 0)
(0.4409090909 0.3533333333 0)
(0.4454545455 0.3533333333 0)
(0.45 0.3533333333 0)
(0.4545454545 0.3533333333 0)
(0.4590909091 0.3533333333 0)
(0.4636363636 0.3533333333 0)
(0.4681818182 0.3533333333 0)
(0.4727272727 0.3533333333 0)
(0.4772727273 0.3533333333 0)
(0.4818181818 0.3533333333 0)
(0.4863636364 0.3533333333 0)
(0.4909090909 0.3533333333 0)
(0.4954545455 0.3533333333 0)
(0.5 0.3533333333 0)
(0.5045454545 0.3533333333 0)
(0.5090909091 0.3533333333 0)
(0.5136363636 0.3533333333 0)
(0.5181818182 0.3533333333 0)
(0.5227272727 0.3533333333 0)
(0.5272727273 0.3533333333 0)
(0.5318181818 0.3533333333 0)
(0.5363636364 0.3533333333 0)
(0.5409090909 0.3533333333 0)
(0.5454545455 0.3533333333 0)
(0.55 0.3533333333 0)
(0.5545454545 0.3533333333 0)
(0.5590909091 0.3533333333 0)
(0.5636363636 0.3533333333 0)
(0.5681818182 0.3533333333 0)
(0.5727272727 0.3533333333 0)
(0.5772727273 0.3533333333 0)
(0.5818181818 0.3533333333 0)
(0.5863636364 0.3533333333 0)
(0.5909090909 0.3533333333 0)
(0.5954545455 0.3533333333 0)
(0.6 0.3533333333 0)
(0.6045454545 0.3533333333 0)
(0.6090909091 0.3533333333 0)
(0.6136363636 0.3533333333 0)
(0.6181818182 0.3533333333 0)
(0.6227272727 0.3533333333 0)
(0.6272727273 0.3533333333 0)
(0.6318181818 0.3533333333 0)
(0.6363636364 0.3533333333 0)
(0.6409090909 0.3533333333 0)
(0.6454545455 0.3533333333 0)
(0.65 0.3533333333 0)
(0.6545454545 0.3533333333 0)
(0.6590909091 0.3533333333 0)
(0.6636363636 0.3533333333 0)
(0.6681818182 0.3533333333 0)
(0.6727272727 0.3533333333 0)
(0.6772727273 0.3533333333 0)
(0.6818181818 0.3533333333 0)
(0.6863636364 0.3533333333 0)
(0.6909090909 0.3533333333 0)
(0.6954545455 0.3533333333 0)
(0.7 0.3533333333 0)
(0.7045454545 0.3533333333 0)
(0.7090909091 0.3533333333 0)
(0.7136363636 0.3533333333 0)
(0.7181818182 0.3533333333 0)
(0.7227272727 0.3533333333 0)
(0.7272727273 0.3533333333 0)
(0.7318181818 0.3533333333 0)
(0.7363636364 0.3533333333 0)
(0.7409090909 0.3533333333 0)
(0.7454545455 0.3533333333 0)
(0.75 0.3533333333 0)
(0.7545454545 0.3533333333 0)
(0.7590909091 0.3533333333 0)
(0.7636363636 0.3533333333 0)
(0.7681818182 0.3533333333 0)
(0.7727272727 0.3533333333 0)
(0.7772727273 0.3533333333 0)
(0.7818181818 0.3533333333 0)
(0.7863636364 0.3533333333 0)
(0.7909090909 0.3533333333 0)
(0.7954545455 0.3533333333 0)
(0.8 0.3533333333 0)
(0.8045454545 0.3533333333 0)
(0.8090909091 0.3533333333 0)
(0.8136363636 0.3533333333 0)
(0.8181818182 0.3533333333 0)
(0.8227272727 0.3533333333 0)
(0.8272727273 0.3533333333 0)
(0.8318181818 0.3533333333 0)
(0.8363636364 0.3533333333 0)
(0.8409090909 0.3533333333 0)
(0.8454545455 0.3533333333 0)
(0.85 0.3533333333 0)
(0.8545454545 0.3533333333 0)
(0.8590909091 0.3533333333 0)
(0.8636363636 0.3533333333 0)
(0.8681818182 0.3533333333 0)
(0.8727272727 0.3533333333 0)
(0.8772727273 0.3533333333 0)
(0.8818181818 0.3533333333 0)
(0.8863636364 0.3533333333 0)
(0.8909090909 0.3533333333 0)
(0.8954545455 0.3533333333 0)
(0.9 0.3533333333 0)
(0.9045454545 0.3533333333 0)
(0.9090909091 0.3533333333 0)
(0.9136363636 0.3533333333 0)
(0.9181818182 0.3533333333 0)
(0.9227272727 0.3533333333 0)
(0.9272727273 0.3533333333 0)
(0.9318181818 0.3533333333 0)
(0.9363636364 0.3533333333 0)
(0.9409090909 0.3533333333 0)
(0.9454545455 0.3533333333 0)
(0.95 0.3533333333 0)
(0.9545454545 0.3533333333 0)
(0.9590909091 0.3533333333 0)
(0.9636363636 0.3533333333 0)
(0.9681818182 0.3533333333 0)
(0.9727272727 0.3533333333 0)
(0.9772727273 0.3533333333 0)
(0.9818181818 0.3533333333 0)
(0.9863636364 0.3533333333 0)
(0.9909090909 0.3533333333 0)
(0.9954545455 0.3533333333 0)
(1 0.3533333333 0)
(0 0.36 0)
(0.004545454545 0.36 0)
(0.009090909091 0.36 0)
(0.01363636364 0.36 0)
(0.01818181818 0.36 0)
(0.02272727273 0.36 0)
(0.02727272727 0.36 0)
(0.03181818182 0.36 0)
(0.03636363636 0.36 0)
(0.04090909091 0.36 0)
(0.04545454545 0.36 0)
(0.05 0.36 0)
(0.05454545455 0.36 0)
(0.05909090909 0.36 0)
(0.06363636364 0.36 0)
(0.06818181818 0.36 0)
(0.07272727273 0.36 0)
(0.07727272727 0.36 0)
(0.08181818182 0.36 0)
(0.08636363636 0.36 0)
(0.09090909091 0.36 0)
(0.09545454545 0.36 0)
(0.1 0.36 0)
(0.1045454545 0.36 0)
(0.1090909091 0.36 0)
(0.1136363636 0.36 0)
(0.1181818182 0.36 0)
(0.1227272727 0.36 0)
(0.1272727273 0.36 0)
(0.1318181818 0.36 0)
(0.1363636364 0.36 0)
(0.1409090909 0.36 0)
(0.1454545455 0.36 0)
(0.15 0.36 0)
(0.1545454545 0.36 0)
(0.1590909091 0.36 0)
(0.1636363636 0.36 0)
(0.1681818182 0.36 0)
(0.1727272727 0.36 0)
(0.1772727273 0.36 0)
(0.1818181818 0.36 0)
(0.1863636364 0.36 0)
(0.1909090909 0.36 0)
(0.1954545455 0.36 0)
(0.2 0.36 0)
(0.2045454545 0.36 0)
(0.2090909091 0.36 0)
(0.2136363636 0.36 0)
(0.2181818182 0.36 0)
(0.2227272727 0.36 0)
(0.2272727273 0.36 0)
(0.2318181818 0.36 0)
(0.2363636364 0.36 0)
(0.2409090909 0.36 0)
(0.2454545455 0.36 0)
(0.25 0.36 0)
(0.2545454545 0.36 0)
(0.2590909091 0.36 0)
(0.2636363636 0.36 0)
(0.2681818182 0.36 0)
(0.2727272727 0.36 0)
(0.2772727273 0.36 0)
(0.2818181818 0.36 0)
(0.2863636364 0.36 0)
(0.2909090909 0.36 0)
(0.2954545455 0.36 0)
(0.3 0.36 0)
(0.3045454545 0.36 0)
(0.3090909091 0.36 0)
(0.3136363636 0.36 0)
(0.3181818182 0.36 0)
(0.3227272727 0.36 0)
(0.3272727273 0.36 0)
(0.3318181818 0.36 0)
(0.3363636364 0.36 0)
(0.3409090909 0.36 0)
(0.3454545455 0.36 0)
(0.35 0.36 0)
(0.3545454545 0.36 0)
(0.3590909091 0.36 0)
(0.3636363636 0.36 0)
(0.3681818182 0.36 0)
(0.3727272727 0.36 0)
(0.3772727273 0.36 0)
(0.3818181818 0.36 0)
(0.3863636364 0.36 0)
(0.3909090909 0.36 0)
(0.3954545455 0.36 0)
(0.4 0.36 0)
(0.4045454545 0.36 0)
(0.4090909091 0.36 0)
(0.4136363636 0.36 0)
(0.4181818182 0.36 0)
(0.4227272727 0.36 0)
(0.4272727273 0.36 0)
(0.4318181818 0.36 0)
(0.4363636364 0.36 0)
(0.4409090909 0.36 0)
(0.4454545455 0.36 0)
(0.45 0.36 0)
(0.4545454545 0.36 0)
(0.4590909091 0.36 0)
(0.4636363636 0.36 0)
(0.4681818182 0.36 0)
(0.4727272727 0.36 0)
(0.4772727273 0.36 0)
(0.4818181818 0.36 0)
(0.4863636364 0.36 0)
(0.4909090909 0.36 0)
(0.4954545455 0.36 0)
(0.5 0.36 0)
(0.5045454545 0.36 0)
(0.5090909091 0.36 0)
(0.5136363636 0.36 0)
(0.5181818182 0.36 0)
(0.5227272727 0.36 0)
(0.5272727273 0.36 0)
(0.5318181818 0.36 0)
(0.5363636364 0.36 0)
(0.5409090909 0.36 0)
(0.5454545455 0.36 0)
(0.55 0.36 0)
(0.5545454545 0.36 0)
(0.5590909091 0.36 0)
(0.5636363636 0.36 0)
(0.5681818182 0.36 0)
(0.5727272727 0.36 0)
(0.5772727273 0.36 0)
(0.5818181818 0.36 0)
(0.5863636364 0.36 0)
(0.5909090909 0.36 0)
(0.5954545455 0.36 0)
(0.6 0.36 0)
(0.6045454545 0.36 0)
(0.6090909091 0.36 0)
(0.6136363636 0.36 0)
(0.6181818182 0.36 0)
(0.6227272727 0.36 0)
(0.6272727273 0.36 0)
(0.6318181818 0.36 0)
(0.6363636364 0.36 0)
(0.6409090909 0.36 0)
(0.6454545455 0.36 0)
(0.65 0.36 0)
(0.6545454545 0.36 0)
(0.6590909091 0.36 0)
(0.6636363636 0.36 0)
(0.6681818182 0.36 0)
(0.6727272727 0.36 0)
(0.6772727273 0.36 0)
(0.6818181818 0.36 0)
(0.6863636364 0.36 0)
(0.6909090909 0.36 0)
(0.6954545455 0.36 0)
(0.7 0.36 0)
(0.7045454545 0.36 0)
(0.7090909091 0.36 0)
(0.7136363636 0.36 0)
(0.7181818182 0.36 0)
(0.7227272727 0.36 0)
(0.7272727273 0.36 0)
(0.7318181818 0.36 0)
(0.7363636364 0.36 0)
(0.7409090909 0.36 0)
(0.7454545455 0.36 0)
(0.75 0.36 0)
(0.7545454545 0.36 0)
(0.7590909091 0.36 0)
(0.7636363636 0.36 0)
(0.7681818182 0.36 0)
(0.7727272727 0.36 0)
(0.7772727273 0.36 0)
(0.7818181818 0.36 0)
(0.7863636364 0.36 0)
(0.7909090909 0.36 0)
(0.7954545455 0.36 0)
(0.8 0.36 0)
(0.8045454545 0.36 0)
(0.8090909091 0.36 0)
(0.8136363636 0.36 0)
(0.8181818182 0.36 0)
(0.8227272727 0.36 0)
(0.8272727273 0.36 0)
(0.8318181818 0.36 0)
(0.8363636364 0.36 0)
(0.8409090909 0.36 0)
(0.8454545455 0.36 0)
(0.85 0.36 0)
(0.8545454545 0.36 0)
(0.8590909091 0.36 0)
(0.8636363636 0.36 0)
(0.8681818182 0.36 0)
(0.8727272727 0.36 0)
(0.8772727273 0.36 0)
(0.8818181818 0.36 0)
(0.8863636364 0.36 0)
(0.8909090909 0.36 0)
(0.8954545455 0.36 0)
(0.9 0.36 0)
(0.9045454545 0.36 0)
(0.9090909091 0.36 0)
(0.9136363636 0.36 0)
(0.9181818182 0.36 0)
(0.9227272727 0.36 0)
(0.9272727273 0.36 0)
(0.9318181818 0.36 0)
(0.9363636364 0.36 0)
(0.9409090909 0.36 0)
(0.9454545455 0.36 0)
(0.95 0.36 0)
(0.9545454545 0.36 0)
(0.9590909091 0.36 0)
(0.9636363636 0.36 0)
(0.9681818182 0.36 0)
(0.9727272727 0.36 0)
(0.9772727273 0.36 0)
(0.9818181818 0.36 0)
(0.9863636364 0.36 0)
(0.9909090909 0.36 0)
(0.9954545455 0.36 0)
(1 0.36 0)
(0 0.3666666667 0)
(0.004545454545 0.3666666667 0)
(0.009090909091 0.3666666667 0)
(0.01363636364 0.3666666667 0)
(0.01818181818 0.3666666667 0)
(0.02272727273 0.3666666667 0)
(0.02727272727 0.3666666667 0)
(0.03181818182 0.3666666667 0)
(0.03636363636 0.3666666667 0)
(0.04090909091 0.3666666667 0)
(0.04545454545 0.3666666667 0)
(0.05 0.3666666667 0)
(0.05454545455 0.3666666667 0)
(0.05909090909 0.3666666667 0)
(0.06363636364 0.3666666667 0)
(0.06818181818 0.3666666667 0)
(0.07272727273 0.3666666667 0)
(0.07727272727 0.3666666667 0)
(0.08181818182 0.3666666667 0)
(0.08636363636 0.3666666667 0)
(0.09090909091 0.3666666667 0)
(0.09545454545 0.3666666667 0)
(0.1 0.3666666667 0)
(0.1045454545 0.3666666667 0)
(0.1090909091 0.3666666667 0)
(0.1136363636 0.3666666667 0)
(0.1181818182 0.3666666667 0)
(0.1227272727 0.3666666667 0)
(0.1272727273 0.3666666667 0)
(0.1318181818 0.3666666667 0)
(0.1363636364 0.3666666667 0)
(0.1409090909 0.3666666667 0)
(0.1454545455 0.3666666667 0)
(0.15 0.3666666667 0)
(0.1545454545 0.3666666667 0)
(0.1590909091 0.3666666667 0)
(0.1636363636 0.3666666667 0)
(0.1681818182 0.3666666667 0)
(0.1727272727 0.3666666667 0)
(0.1772727273 0.3666666667 0)
(0.1818181818 0.3666666667 0)
(0.1863636364 0.3666666667 0)
(0.1909090909 0.3666666667 0)
(0.1954545455 0.3666666667 0)
(0.2 0.3666666667 0)
(0.2045454545 0.3666666667 0)
(0.2090909091 0.3666666667 0)
(0.2136363636 0.3666666667 0)
(0.2181818182 0.3666666667 0)
(0.2227272727 0.3666666667 0)
(0.2272727273 0.3666666667 0)
(0.2318181818 0.3666666667 0)
(0.2363636364 0.3666666667 0)
(0.2409090909 0.3666666667 0)
(0.2454545455 0.3666666667 0)
(0.25 0.3666666667 0)
(0.2545454545 0.3666666667 0)
(0.2590909091 0.3666666667 0)
(0.2636363636 0.3666666667 0)
(0.2681818182 0.3666666667 0)
(0.2727272727 0.3666666667 0)
(0.2772727273 0.3666666667 0)
(0.2818181818 0.3666666667 0)
(0.2863636364 0.3666666667 0)
(0.2909090909 0.3666666667 0)
(0.2954545455 0.3666666667 0)
(0.3 0.3666666667 0)
(0.3045454545 0.3666666667 0)
(0.3090909091 0.3666666667 0)
(0.3136363636 0.3666666667 0)
(0.3181818182 0.3666666667 0)
(0.3227272727 0.3666666667 0)
(0.3272727273 0.3666666667 0)
(0.3318181818 0.3666666667 0)
(0.3363636364 0.3666666667 0)
(0.3409090909 0.3666666667 0)
(0.3454545455 0.3666666667 0)
(0.35 0.3666666667 0)
(0.3545454545 0.3666666667 0)
(0.3590909091 0.3666666667 0)
(0.3636363636 0.3666666667 0)
(0.3681818182 0.3666666667 0)
(0.3727272727 0.3666666667 0)
(0.3772727273 0.3666666667 0)
(0.3818181818 0.3666666667 0)
(0.3863636364 0.3666666667 0)
(0.3909090909 0.3666666667 0)
(0.3954545455 0.3666666667 0)
(0.4 0.3666666667 0)
(0.4045454545 0.3666666667 0)
(0.4090909091 0.3666666667 0)
(0.4136363636 0.3666666667 0)
(0.4181818182 0.3666666667 0)
(0.4227272727 0.3666666667 0)
(0.4272727273 0.3666666667 0)
(0.4318181818 0.3666666667 0)
(0.4363636364 0.3666666667 0)
(0.4409090909 0.3666666667 0)
(0.4454545455 0.3666666667 0)
(0.45 0.3666666667 0)
(0.4545454545 0.3666666667 0)
(0.4590909091 0.3666666667 0)
(0.4636363636 0.3666666667 0)
(0.4681818182 0.3666666667 0)
(0.4727272727 0.3666666667 0)
(0.4772727273 0.3666666667 0)
(0.4818181818 0.3666666667 0)
(0.4863636364 0.3666666667 0)
(0.4909090909 0.3666666667 0)
(0.4954545455 0.3666666667 0)
(0.5 0.3666666667 0)
(0.5045454545 0.3666666667 0)
(0.5090909091 0.3666666667 0)
(0.5136363636 0.3666666667 0)
(0.5181818182 0.3666666667 0)
(0.5227272727 0.3666666667 0)
(0.5272727273 0.3666666667 0)
(0.5318181818 0.3666666667 0)
(0.5363636364 0.3666666667 0)
(0.5409090909 0.3666666667 0)
(0.5454545455 0.3666666667 0)
(0.55 0.3666666667 0)
(0.5545454545 0.3666666667 0)
(0.5590909091 0.3666666667 0)
(0.5636363636 0.3666666667 0)
(0.5681818182 0.3666666667 0)
(0.5727272727 0.3666666667 0)
(0.5772727273 0.3666666667 0)
(0.5818181818 0.3666666667 0)
(0.5863636364 0.3666666667 0)
(0.5909090909 0.3666666667 0)
(0.5954545455 0.3666666667 0)
(0.6 0.3666666667 0)
(0.6045454545 0.3666666667 0)
(0.6090909091 0.3666666667 0)
(0.6136363636 0.3666666667 0)
(0.6181818182 0.3666666667 0)
(0.6227272727 0.3666666667 0)
(0.6272727273 0.3666666667 0)
(0.6318181818 0.3666666667 0)
(0.6363636364 0.3666666667 0)
(0.6409090909 0.3666666667 0)
(0.6454545455 0.3666666667 0)
(0.65 0.3666666667 0)
(0.6545454545 0.3666666667 0)
(0.6590909091 0.3666666667 0)
(0.6636363636 0.3666666667 0)
(0.6681818182 0.3666666667 0)
(0.6727272727 0.3666666667 0)
(0.6772727273 0.3666666667 0)
(0.6818181818 0.3666666667 0)
(0.6863636364 0.3666666667 0)
(0.6909090909 0.3666666667 0)
(0.6954545455 0.3666666667 0)
(0.7 0.3666666667 0)
(0.7045454545 0.3666666667 0)
(0.7090909091 0.3666666667 0)
(0.7136363636 0.3666666667 0)
(0.7181818182 0.3666666667 0)
(0.7227272727 0.3666666667 0)
(0.7272727273 0.3666666667 0)
(0.7318181818 0.3666666667 0)
(0.7363636364 0.3666666667 0)
(0.7409090909 0.3666666667 0)
(0.7454545455 0.3666666667 0)
(0.75 0.3666666667 0)
(0.7545454545 0.3666666667 0)
(0.7590909091 0.3666666667 0)
(0.7636363636 0.3666666667 0)
(0.7681818182 0.3666666667 0)
(0.7727272727 0.3666666667 0)
(0.7772727273 0.3666666667 0)
(0.7818181818 0.3666666667 0)
(0.7863636364 0.3666666667 0)
(0.7909090909 0.3666666667 0)
(0.7954545455 0.3666666667 0)
(0.8 0.3666666667 0)
(0.8045454545 0.3666666667 0)
(0.8090909091 0.3666666667 0)
(0.8136363636 0.3666666667 0)
(0.8181818182 0.3666666667 0)
(0.8227272727 0.3666666667 0)
(0.8272727273 0.3666666667 0)
(0.8318181818 0.3666666667 0)
(0.8363636364 0.3666666667 0)
(0.8409090909 0.3666666667 0)
(0.8454545455 0.3666666667 0)
(0.85 0.3666666667 0)
(0.8545454545 0.3666666667 0)
(0.8590909091 0.3666666667 0)
(0.8636363636 0.3666666667 0)
(0.8681818182 0.3666666667 0)
(0.8727272727 0.3666666667 0)
(0.8772727273 0.3666666667 0)
(0.8818181818 0.3666666667 0)
(0.8863636364 0.3666666667 0)
(0.8909090909 0.3666666667 0)
(0.8954545455 0.3666666667 0)
(0.9 0.3666666667 0)
(0.9045454545 0.3666666667 0)
(0.9090909091 0.3666666667 0)
(0.9136363636 0.3666666667 0)
(0.9181818182 0.3666666667 0)
(0.9227272727 0.3666666667 0)
(0.9272727273 0.3666666667 0)
(0.9318181818 0.3666666667 0)
(0.9363636364 0.3666666667 0)
(0.9409090909 0.3666666667 0)
(0.9454545455 0.3666666667 0)
(0.95 0.3666666667 0)
(0.9545454545 0.3666666667 0)
(0.9590909091 0.3666666667 0)
(0.9636363636 0.3666666667 0)
(0.9681818182 0.3666666667 0)
(0.9727272727 0.3666666667 0)
(0.9772727273 0.3666666667 0)
(0.9818181818 0.3666666667 0)
(0.9863636364 0.3666666667 0)
(0.9909090909 0.3666666667 0)
(0.9954545455 0.3666666667 0)
(1 0.3666666667 0)
(0 0.3733333333 0)
(0.004545454545 0.3733333333 0)
(0.009090909091 0.3733333333 0)
(0.01363636364 0.3733333333 0)
(0.01818181818 0.3733333333 0)
(0.02272727273 0.3733333333 0)
(0.02727272727 0.3733333333 0)
(0.03181818182 0.3733333333 0)
(0.03636363636 0.3733333333 0)
(0.04090909091 0.3733333333 0)
(0.04545454545 0.3733333333 0)
(0.05 0.3733333333 0)
(0.05454545455 0.3733333333 0)
(0.05909090909 0.3733333333 0)
(0.06363636364 0.3733333333 0)
(0.06818181818 0.3733333333 0)
(0.07272727273 0.3733333333 0)
(0.07727272727 0.3733333333 0)
(0.08181818182 0.3733333333 0)
(0.08636363636 0.3733333333 0)
(0.09090909091 0.3733333333 0)
(0.09545454545 0.3733333333 0)
(0.1 0.3733333333 0)
(0.1045454545 0.3733333333 0)
(0.1090909091 0.3733333333 0)
(0.1136363636 0.3733333333 0)
(0.1181818182 0.3733333333 0)
(0.1227272727 0.3733333333 0)
(0.1272727273 0.3733333333 0)
(0.1318181818 0.3733333333 0)
(0.1363636364 0.3733333333 0)
(0.1409090909 0.3733333333 0)
(0.1454545455 0.3733333333 0)
(0.15 0.3733333333 0)
(0.1545454545 0.3733333333 0)
(0.1590909091 0.3733333333 0)
(0.1636363636 0.3733333333 0)
(0.1681818182 0.3733333333 0)
(0.1727272727 0.3733333333 0)
(0.1772727273 0.3733333333 0)
(0.1818181818 0.3733333333 0)
(0.1863636364 0.3733333333 0)
(0.1909090909 0.3733333333 0)
(0.1954545455 0.3733333333 0)
(0.2 0.3733333333 0)
(0.2045454545 0.3733333333 0)
(0.2090909091 0.3733333333 0)
(0.2136363636 0.3733333333 0)
(0.2181818182 0.3733333333 0)
(0.2227272727 0.3733333333 0)
(0.2272727273 0.3733333333 0)
(0.2318181818 0.3733333333 0)
(0.2363636364 0.3733333333 0)
(0.2409090909 0.3733333333 0)
(0.2454545455 0.3733333333 0)
(0.25 0.3733333333 0)
(0.2545454545 0.3733333333 0)
(0.2590909091 0.3733333333 0)
(0.2636363636 0.3733333333 0)
(0.2681818182 0.3733333333 0)
(0.2727272727 0.3733333333 0)
(0.2772727273 0.3733333333 0)
(0.2818181818 0.3733333333 0)
(0.2863636364 0.3733333333 0)
(0.2909090909 0.3733333333 0)
(0.2954545455 0.3733333333 0)
(0.3 0.3733333333 0)
(0.3045454545 0.3733333333 0)
(0.3090909091 0.3733333333 0)
(0.3136363636 0.3733333333 0)
(0.3181818182 0.3733333333 0)
(0.3227272727 0.3733333333 0)
(0.3272727273 0.3733333333 0)
(0.3318181818 0.3733333333 0)
(0.3363636364 0.3733333333 0)
(0.3409090909 0.3733333333 0)
(0.3454545455 0.3733333333 0)
(0.35 0.3733333333 0)
(0.3545454545 0.3733333333 0)
(0.3590909091 0.3733333333 0)
(0.3636363636 0.3733333333 0)
(0.3681818182 0.3733333333 0)
(0.3727272727 0.3733333333 0)
(0.3772727273 0.3733333333 0)
(0.3818181818 0.3733333333 0)
(0.3863636364 0.3733333333 0)
(0.3909090909 0.3733333333 0)
(0.3954545455 0.3733333333 0)
(0.4 0.3733333333 0)
(0.4045454545 0.3733333333 0)
(0.4090909091 0.3733333333 0)
(0.4136363636 0.3733333333 0)
(0.4181818182 0.3733333333 0)
(0.4227272727 0.3733333333 0)
(0.4272727273 0.3733333333 0)
(0.4318181818 0.3733333333 0)
(0.4363636364 0.3733333333 0)
(0.4409090909 0.3733333333 0)
(0.4454545455 0.3733333333 0)
(0.45 0.3733333333 0)
(0.4545454545 0.3733333333 0)
(0.4590909091 0.3733333333 0)
(0.4636363636 0.3733333333 0)
(0.4681818182 0.3733333333 0)
(0.4727272727 0.3733333333 0)
(0.4772727273 0.3733333333 0)
(0.4818181818 0.3733333333 0)
(0.4863636364 0.3733333333 0)
(0.4909090909 0.3733333333 0)
(0.4954545455 0.3733333333 0)
(0.5 0.3733333333 0)
(0.5045454545 0.3733333333 0)
(0.5090909091 0.3733333333 0)
(0.5136363636 0.3733333333 0)
(0.5181818182 0.3733333333 0)
(0.5227272727 0.3733333333 0)
(0.5272727273 0.3733333333 0)
(0.5318181818 0.3733333333 0)
(0.5363636364 0.3733333333 0)
(0.5409090909 0.3733333333 0)
(0.5454545455 0.3733333333 0)
(0.55 0.3733333333 0)
(0.5545454545 0.3733333333 0)
(0.5590909091 0.3733333333 0)
(0.5636363636 0.3733333333 0)
(0.5681818182 0.3733333333 0)
(0.5727272727 0.3733333333 0)
(0.5772727273 0.3733333333 0)
(0.5818181818 0.3733333333 0)
(0.5863636364 0.3733333333 0)
(0.5909090909 0.3733333333 0)
(0.5954545455 0.3733333333 0)
(0.6 0.3733333333 0)
(0.6045454545 0.3733333333 0)
(0.6090909091 0.3733333333 0)
(0.6136363636 0.3733333333 0)
(0.6181818182 0.3733333333 0)
(0.6227272727 0.3733333333 0)
(0.6272727273 0.3733333333 0)
(0.6318181818 0.3733333333 0)
(0.6363636364 0.3733333333 0)
(0.6409090909 0.3733333333 0)
(0.6454545455 0.3733333333 0)
(0.65 0.3733333333 0)
(0.6545454545 0.3733333333 0)
(0.6590909091 0.3733333333 0)
(0.6636363636 0.3733333333 0)
(0.6681818182 0.3733333333 0)
(0.6727272727 0.3733333333 0)
(0.6772727273 0.3733333333 0)
(0.6818181818 0.3733333333 0)
(0.6863636364 0.3733333333 0)
(0.6909090909 0.3733333333 0)
(0.6954545455 0.3733333333 0)
(0.7 0.3733333333 0)
(0.7045454545 0.3733333333 0)
(0.7090909091 0.3733333333 0)
(0.7136363636 0.3733333333 0)
(0.7181818182 0.3733333333 0)
(0.7227272727 0.3733333333 0)
(0.7272727273 0.3733333333 0)
(0.7318181818 0.3733333333 0)
(0.7363636364 0.3733333333 0)
(0.7409090909 0.3733333333 0)
(0.7454545455 0.3733333333 0)
(0.75 0.3733333333 0)
(0.7545454545 0.3733333333 0)
(0.7590909091 0.3733333333 0)
(0.7636363636 0.3733333333 0)
(0.7681818182 0.3733333333 0)
(0.7727272727 0.3733333333 0)
(0.7772727273 0.3733333333 0)
(0.7818181818 0.3733333333 0)
(0.7863636364 0.3733333333 0)
(0.7909090909 0.3733333333 0)
(0.7954545455 0.3733333333 0)
(0.8 0.3733333333 0)
(0.8045454545 0.3733333333 0)
(0.8090909091 0.3733333333 0)
(0.8136363636 0.3733333333 0)
(0.8181818182 0.3733333333 0)
(0.8227272727 0.3733333333 0)
(0.8272727273 0.3733333333 0)
(0.8318181818 0.3733333333 0)
(0.8363636364 0.3733333333 0)
(0.8409090909 0.3733333333 0)
(0.8454545455 0.3733333333 0)
(0.85 0.3733333333 0)
(0.8545454545 0.3733333333 0)
(0.8590909091 0.3733333333 0)
(0.8636363636 0.3733333333 0)
(0.8681818182 0.3733333333 0)
(0.8727272727 0.3733333333 0)
(0.8772727273 0.3733333333 0)
(0.8818181818 0.3733333333 0)
(0.8863636364 0.3733333333 0)
(0.8909090909 0.3733333333 0)
(0.8954545455 0.3733333333 0)
(0.9 0.3733333333 0)
(0.9045454545 0.3733333333 0)
(0.9090909091 0.3733333333 0)
(0.9136363636 0.3733333333 0)
(0.9181818182 0.3733333333 0)
(0.9227272727 0.3733333333 0)
(0.9272727273 0.3733333333 0)
(0.9318181818 0.3733333333 0)
(0.9363636364 0.3733333333 0)
(0.9409090909 0.3733333333 0)
(0.9454545455 0.3733333333 0)
(0.95 0.3733333333 0)
(0.9545454545 0.3733333333 0)
(0.9590909091 0.3733333333 0)
(0.9636363636 0.3733333333 0)
(0.9681818182 0.3733333333 0)
(0.9727272727 0.3733333333 0)
(0.9772727273 0.3733333333 0)
(0.9818181818 0.3733333333 0)
(0.9863636364 0.3733333333 0)
(0.9909090909 0.3733333333 0)
(0.9954545455 0.3733333333 0)
(1 0.3733333333 0)
(0 0.38 0)
(0.004545454545 0.38 0)
(0.009090909091 0.38 0)
(0.01363636364 0.38 0)
(0.01818181818 0.38 0)
(0.02272727273 0.38 0)
(0.02727272727 0.38 0)
(0.03181818182 0.38 0)
(0.03636363636 0.38 0)
(0.04090909091 0.38 0)
(0.04545454545 0.38 0)
(0.05 0.38 0)
(0.05454545455 0.38 0)
(0.05909090909 0.38 0)
(0.06363636364 0.38 0)
(0.06818181818 0.38 0)
(0.07272727273 0.38 0)
(0.07727272727 0.38 0)
(0.08181818182 0.38 0)
(0.08636363636 0.38 0)
(0.09090909091 0.38 0)
(0.09545454545 0.38 0)
(0.1 0.38 0)
(0.1045454545 0.38 0)
(0.1090909091 0.38 0)
(0.1136363636 0.38 0)
(0.1181818182 0.38 0)
(0.1227272727 0.38 0)
(0.1272727273 0.38 0)
(0.1318181818 0.38 0)
(0.1363636364 0.38 0)
(0.1409090909 0.38 0)
(0.1454545455 0.38 0)
(0.15 0.38 0)
(0.1545454545 0.38 0)
(0.1590909091 0.38 0)
(0.1636363636 0.38 0)
(0.1681818182 0.38 0)
(0.1727272727 0.38 0)
(0.1772727273 0.38 0)
(0.1818181818 0.38 0)
(0.1863636364 0.38 0)
(0.1909090909 0.38 0)
(0.1954545455 0.38 0)
(0.2 0.38 0)
(0.2045454545 0.38 0)
(0.2090909091 0.38 0)
(0.2136363636 0.38 0)
(0.2181818182 0.38 0)
(0.2227272727 0.38 0)
(0.2272727273 0.38 0)
(0.2318181818 0.38 0)
(0.2363636364 0.38 0)
(0.2409090909 0.38 0)
(0.2454545455 0.38 0)
(0.25 0.38 0)
(0.2545454545 0.38 0)
(0.2590909091 0.38 0)
(0.2636363636 0.38 0)
(0.2681818182 0.38 0)
(0.2727272727 0.38 0)
(0.2772727273 0.38 0)
(0.2818181818 0.38 0)
(0.2863636364 0.38 0)
(0.2909090909 0.38 0)
(0.2954545455 0.38 0)
(0.3 0.38 0)
(0.3045454545 0.38 0)
(0.3090909091 0.38 0)
(0.3136363636 0.38 0)
(0.3181818182 0.38 0)
(0.3227272727 0.38 0)
(0.3272727273 0.38 0)
(0.3318181818 0.38 0)
(0.3363636364 0.38 0)
(0.3409090909 0.38 0)
(0.3454545455 0.38 0)
(0.35 0.38 0)
(0.3545454545 0.38 0)
(0.3590909091 0.38 0)
(0.3636363636 0.38 0)
(0.3681818182 0.38 0)
(0.3727272727 0.38 0)
(0.3772727273 0.38 0)
(0.3818181818 0.38 0)
(0.3863636364 0.38 0)
(0.3909090909 0.38 0)
(0.3954545455 0.38 0)
(0.4 0.38 0)
(0.4045454545 0.38 0)
(0.4090909091 0.38 0)
(0.4136363636 0.38 0)
(0.4181818182 0.38 0)
(0.4227272727 0.38 0)
(0.4272727273 0.38 0)
(0.4318181818 0.38 0)
(0.4363636364 0.38 0)
(0.4409090909 0.38 0)
(0.4454545455 0.38 0)
(0.45 0.38 0)
(0.4545454545 0.38 0)
(0.4590909091 0.38 0)
(0.4636363636 0.38 0)
(0.4681818182 0.38 0)
(0.4727272727 0.38 0)
(0.4772727273 0.38 0)
(0.4818181818 0.38 0)
(0.4863636364 0.38 0)
(0.4909090909 0.38 0)
(0.4954545455 0.38 0)
(0.5 0.38 0)
(0.5045454545 0.38 0)
(0.5090909091 0.38 0)
(0.5136363636 0.38 0)
(0.5181818182 0.38 0)
(0.5227272727 0.38 0)
(0.5272727273 0.38 0)
(0.5318181818 0.38 0)
(0.5363636364 0.38 0)
(0.5409090909 0.38 0)
(0.5454545455 0.38 0)
(0.55 0.38 0)
(0.5545454545 0.38 0)
(0.5590909091 0.38 0)
(0.5636363636 0.38 0)
(0.5681818182 0.38 0)
(0.5727272727 0.38 0)
(0.5772727273 0.38 0)
(0.5818181818 0.38 0)
(0.5863636364 0.38 0)
(0.5909090909 0.38 0)
(0.5954545455 0.38 0)
(0.6 0.38 0)
(0.6045454545 0.38 0)
(0.6090909091 0.38 0)
(0.6136363636 0.38 0)
(0.6181818182 0.38 0)
(0.6227272727 0.38 0)
(0.6272727273 0.38 0)
(0.6318181818 0.38 0)
(0.6363636364 0.38 0)
(0.6409090909 0.38 0)
(0.6454545455 0.38 0)
(0.65 0.38 0)
(0.6545454545 0.38 0)
(0.6590909091 0.38 0)
(0.6636363636 0.38 0)
(0.6681818182 0.38 0)
(0.6727272727 0.38 0)
(0.6772727273 0.38 0)
(0.6818181818 0.38 0)
(0.6863636364 0.38 0)
(0.6909090909 0.38 0)
(0.6954545455 0.38 0)
(0.7 0.38 0)
(0.7045454545 0.38 0)
(0.7090909091 0.38 0)
(0.7136363636 0.38 0)
(0.7181818182 0.38 0)
(0.7227272727 0.38 0)
(0.7272727273 0.38 0)
(0.7318181818 0.38 0)
(0.7363636364 0.38 0)
(0.7409090909 0.38 0)
(0.7454545455 0.38 0)
(0.75 0.38 0)
(0.7545454545 0.38 0)
(0.7590909091 0.38 0)
(0.7636363636 0.38 0)
(0.7681818182 0.38 0)
(0.7727272727 0.38 0)
(0.7772727273 0.38 0)
(0.7818181818 0.38 0)
(0.7863636364 0.38 0)
(0.7909090909 0.38 0)
(0.7954545455 0.38 0)
(0.8 0.38 0)
(0.8045454545 0.38 0)
(0.8090909091 0.38 0)
(0.8136363636 0.38 0)
(0.8181818182 0.38 0)
(0.8227272727 0.38 0)
(0.8272727273 0.38 0)
(0.8318181818 0.38 0)
(0.8363636364 0.38 0)
(0.8409090909 0.38 0)
(0.8454545455 0.38 0)
(0.85 0.38 0)
(0.8545454545 0.38 0)
(0.8590909091 0.38 0)
(0.8636363636 0.38 0)
(0.8681818182 0.38 0)
(0.8727272727 0.38 0)
(0.8772727273 0.38 0)
(0.8818181818 0.38 0)
(0.8863636364 0.38 0)
(0.8909090909 0.38 0)
(0.8954545455 0.38 0)
(0.9 0.38 0)
(0.9045454545 0.38 0)
(0.9090909091 0.38 0)
(0.9136363636 0.38 0)
(0.9181818182 0.38 0)
(0.9227272727 0.38 0)
(0.9272727273 0.38 0)
(0.9318181818 0.38 0)
(0.9363636364 0.38 0)
(0.9409090909 0.38 0)
(0.9454545455 0.38 0)
(0.95 0.38 0)
(0.9545454545 0.38 0)
(0.9590909091 0.38 0)
(0.9636363636 0.38 0)
(0.9681818182 0.38 0)
(0.9727272727 0.38 0)
(0.9772727273 0.38 0)
(0.9818181818 0.38 0)
(0.9863636364 0.38 0)
(0.9909090909 0.38 0)
(0.9954545455 0.38 0)
(1 0.38 0)
(0 0.3866666667 0)
(0.004545454545 0.3866666667 0)
(0.009090909091 0.3866666667 0)
(0.01363636364 0.3866666667 0)
(0.01818181818 0.3866666667 0)
(0.02272727273 0.3866666667 0)
(0.02727272727 0.3866666667 0)
(0.03181818182 0.3866666667 0)
(0.03636363636 0.3866666667 0)
(0.04090909091 0.3866666667 0)
(0.04545454545 0.3866666667 0)
(0.05 0.3866666667 0)
(0.05454545455 0.3866666667 0)
(0.05909090909 0.3866666667 0)
(0.06363636364 0.3866666667 0)
(0.06818181818 0.3866666667 0)
(0.07272727273 0.3866666667 0)
(0.07727272727 0.3866666667 0)
(0.08181818182 0.3866666667 0)
(0.08636363636 0.3866666667 0)
(0.09090909091 0.3866666667 0)
(0.09545454545 0.3866666667 0)
(0.1 0.3866666667 0)
(0.1045454545 0.3866666667 0)
(0.1090909091 0.3866666667 0)
(0.1136363636 0.3866666667 0)
(0.1181818182 0.3866666667 0)
(0.1227272727 0.3866666667 0)
(0.1272727273 0.3866666667 0)
(0.1318181818 0.3866666667 0)
(0.1363636364 0.3866666667 0)
(0.1409090909 0.3866666667 0)
(0.1454545455 0.3866666667 0)
(0.15 0.3866666667 0)
(0.1545454545 0.3866666667 0)
(0.1590909091 0.3866666667 0)
(0.1636363636 0.3866666667 0)
(0.1681818182 0.3866666667 0)
(0.1727272727 0.3866666667 0)
(0.1772727273 0.3866666667 0)
(0.1818181818 0.3866666667 0)
(0.1863636364 0.3866666667 0)
(0.1909090909 0.3866666667 0)
(0.1954545455 0.3866666667 0)
(0.2 0.3866666667 0)
(0.2045454545 0.3866666667 0)
(0.2090909091 0.3866666667 0)
(0.2136363636 0.3866666667 0)
(0.2181818182 0.3866666667 0)
(0.2227272727 0.3866666667 0)
(0.2272727273 0.3866666667 0)
(0.2318181818 0.3866666667 0)
(0.2363636364 0.3866666667 0)
(0.2409090909 0.3866666667 0)
(0.2454545455 0.3866666667 0)
(0.25 0.3866666667 0)
(0.2545454545 0.3866666667 0)
(0.2590909091 0.3866666667 0)
(0.2636363636 0.3866666667 0)
(0.2681818182 0.3866666667 0)
(0.2727272727 0.3866666667 0)
(0.2772727273 0.3866666667 0)
(0.2818181818 0.3866666667 0)
(0.2863636364 0.3866666667 0)
(0.2909090909 0.3866666667 0)
(0.2954545455 0.3866666667 0)
(0.3 0.3866666667 0)
(0.3045454545 0.3866666667 0)
(0.3090909091 0.3866666667 0)
(0.3136363636 0.3866666667 0)
(0.3181818182 0.3866666667 0)
(0.3227272727 0.3866666667 0)
(0.3272727273 0.3866666667 0)
(0.3318181818 0.3866666667 0)
(0.3363636364 0.3866666667 0)
(0.3409090909 0.3866666667 0)
(0.3454545455 0.3866666667 0)
(0.35 0.3866666667 0)
(0.3545454545 0.3866666667 0)
(0.3590909091 0.3866666667 0)
(0.3636363636 0.3866666667 0)
(0.3681818182 0.3866666667 0)
(0.3727272727 0.3866666667 0)
(0.3772727273 0.3866666667 0)
(0.3818181818 0.3866666667 0)
(0.3863636364 0.3866666667 0)
(0.3909090909 0.3866666667 0)
(0.3954545455 0.3866666667 0)
(0.4 0.3866666667 0)
(0.4045454545 0.3866666667 0)
(0.4090909091 0.3866666667 0)
(0.4136363636 0.3866666667 0)
(0.4181818182 0.3866666667 0)
(0.4227272727 0.3866666667 0)
(0.4272727273 0.3866666667 0)
(0.4318181818 0.3866666667 0)
(0.4363636364 0.3866666667 0)
(0.4409090909 0.3866666667 0)
(0.4454545455 0.3866666667 0)
(0.45 0.3866666667 0)
(0.4545454545 0.3866666667 0)
(0.4590909091 0.3866666667 0)
(0.4636363636 0.3866666667 0)
(0.4681818182 0.3866666667 0)
(0.4727272727 0.3866666667 0)
(0.4772727273 0.3866666667 0)
(0.4818181818 0.3866666667 0)
(0.4863636364 0.3866666667 0)
(0.4909090909 0.3866666667 0)
(0.4954545455 0.3866666667 0)
(0.5 0.3866666667 0)
(0.5045454545 0.3866666667 0)
(0.5090909091 0.3866666667 0)
(0.5136363636 0.3866666667 0)
(0.5181818182 0.3866666667 0)
(0.5227272727 0.3866666667 0)
(0.5272727273 0.3866666667 0)
(0.5318181818 0.3866666667 0)
(0.5363636364 0.3866666667 0)
(0.5409090909 0.3866666667 0)
(0.5454545455 0.3866666667 0)
(0.55 0.3866666667 0)
(0.5545454545 0.3866666667 0)
(0.5590909091 0.3866666667 0)
(0.5636363636 0.3866666667 0)
(0.5681818182 0.3866666667 0)
(0.5727272727 0.3866666667 0)
(0.5772727273 0.3866666667 0)
(0.5818181818 0.3866666667 0)
(0.5863636364 0.3866666667 0)
(0.5909090909 0.3866666667 0)
(0.5954545455 0.3866666667 0)
(0.6 0.3866666667 0)
(0.6045454545 0.3866666667 0)
(0.6090909091 0.3866666667 0)
(0.6136363636 0.3866666667 0)
(0.6181818182 0.3866666667 0)
(0.6227272727 0.3866666667 0)
(0.6272727273 0.3866666667 0)
(0.6318181818 0.3866666667 0)
(0.6363636364 0.3866666667 0)
(0.6409090909 0.3866666667 0)
(0.6454545455 0.3866666667 0)
(0.65 0.3866666667 0)
(0.6545454545 0.3866666667 0)
(0.6590909091 0.3866666667 0)
(0.6636363636 0.3866666667 0)
(0.6681818182 0.3866666667 0)
(0.6727272727 0.3866666667 0)
(0.6772727273 0.3866666667 0)
(0.6818181818 0.3866666667 0)
(0.6863636364 0.3866666667 0)
(0.6909090909 0.3866666667 0)
(0.6954545455 0.3866666667 0)
(0.7 0.3866666667 0)
(0.7045454545 0.3866666667 0)
(0.7090909091 0.3866666667 0)
(0.7136363636 0.3866666667 0)
(0.7181818182 0.3866666667 0)
(0.7227272727 0.3866666667 0)
(0.7272727273 0.3866666667 0)
(0.7318181818 0.3866666667 0)
(0.7363636364 0.3866666667 0)
(0.7409090909 0.3866666667 0)
(0.7454545455 0.3866666667 0)
(0.75 0.3866666667 0)
(0.7545454545 0.3866666667 0)
(0.7590909091 0.3866666667 0)
(0.7636363636 0.3866666667 0)
(0.7681818182 0.3866666667 0)
(0.7727272727 0.3866666667 0)
(0.7772727273 0.3866666667 0)
(0.7818181818 0.3866666667 0)
(0.7863636364 0.3866666667 0)
(0.7909090909 0.3866666667 0)
(0.7954545455 0.3866666667 0)
(0.8 0.3866666667 0)
(0.8045454545 0.3866666667 0)
(0.8090909091 0.3866666667 0)
(0.8136363636 0.3866666667 0)
(0.8181818182 0.3866666667 0)
(0.8227272727 0.3866666667 0)
(0.8272727273 0.3866666667 0)
(0.8318181818 0.3866666667 0)
(0.8363636364 0.3866666667 0)
(0.8409090909 0.3866666667 0)
(0.8454545455 0.3866666667 0)
(0.85 0.3866666667 0)
(0.8545454545 0.3866666667 0)
(0.8590909091 0.3866666667 0)
(0.8636363636 0.3866666667 0)
(0.8681818182 0.3866666667 0)
(0.8727272727 0.3866666667 0)
(0.8772727273 0.3866666667 0)
(0.8818181818 0.3866666667 0)
(0.8863636364 0.3866666667 0)
(0.8909090909 0.3866666667 0)
(0.8954545455 0.3866666667 0)
(0.9 0.3866666667 0)
(0.9045454545 0.3866666667 0)
(0.9090909091 0.3866666667 0)
(0.9136363636 0.3866666667 0)
(0.9181818182 0.3866666667 0)
(0.9227272727 0.3866666667 0)
(0.9272727273 0.3866666667 0)
(0.9318181818 0.3866666667 0)
(0.9363636364 0.3866666667 0)
(0.9409090909 0.3866666667 0)
(0.9454545455 0.3866666667 0)
(0.95 0.3866666667 0)
(0.9545454545 0.3866666667 0)
(0.9590909091 0.3866666667 0)
(0.9636363636 0.3866666667 0)
(0.9681818182 0.3866666667 0)
(0.9727272727 0.3866666667 0)
(0.9772727273 0.3866666667 0)
(0.9818181818 0.3866666667 0)
(0.9863636364 0.3866666667 0)
(0.9909090909 0.3866666667 0)
(0.9954545455 0.3866666667 0)
(1 0.3866666667 0)
(0 0.3933333333 0)
(0.004545454545 0.3933333333 0)
(0.009090909091 0.3933333333 0)
(0.01363636364 0.3933333333 0)
(0.01818181818 0.3933333333 0)
(0.02272727273 0.3933333333 0)
(0.02727272727 0.3933333333 0)
(0.03181818182 0.3933333333 0)
(0.03636363636 0.3933333333 0)
(0.04090909091 0.3933333333 0)
(0.04545454545 0.3933333333 0)
(0.05 0.3933333333 0)
(0.05454545455 0.3933333333 0)
(0.05909090909 0.3933333333 0)
(0.06363636364 0.3933333333 0)
(0.06818181818 0.3933333333 0)
(0.07272727273 0.3933333333 0)
(0.07727272727 0.3933333333 0)
(0.08181818182 0.3933333333 0)
(0.08636363636 0.3933333333 0)
(0.09090909091 0.3933333333 0)
(0.09545454545 0.3933333333 0)
(0.1 0.3933333333 0)
(0.1045454545 0.3933333333 0)
(0.1090909091 0.3933333333 0)
(0.1136363636 0.3933333333 0)
(0.1181818182 0.3933333333 0)
(0.1227272727 0.3933333333 0)
(0.1272727273 0.3933333333 0)
(0.1318181818 0.3933333333 0)
(0.1363636364 0.3933333333 0)
(0.1409090909 0.3933333333 0)
(0.1454545455 0.3933333333 0)
(0.15 0.3933333333 0)
(0.1545454545 0.3933333333 0)
(0.1590909091 0.3933333333 0)
(0.1636363636 0.3933333333 0)
(0.1681818182 0.3933333333 0)
(0.1727272727 0.3933333333 0)
(0.1772727273 0.3933333333 0)
(0.1818181818 0.3933333333 0)
(0.1863636364 0.3933333333 0)
(0.1909090909 0.3933333333 0)
(0.1954545455 0.3933333333 0)
(0.2 0.3933333333 0)
(0.2045454545 0.3933333333 0)
(0.2090909091 0.3933333333 0)
(0.2136363636 0.3933333333 0)
(0.2181818182 0.3933333333 0)
(0.2227272727 0.3933333333 0)
(0.2272727273 0.3933333333 0)
(0.2318181818 0.3933333333 0)
(0.2363636364 0.3933333333 0)
(0.2409090909 0.3933333333 0)
(0.2454545455 0.3933333333 0)
(0.25 0.3933333333 0)
(0.2545454545 0.3933333333 0)
(0.2590909091 0.3933333333 0)
(0.2636363636 0.3933333333 0)
(0.2681818182 0.3933333333 0)
(0.2727272727 0.3933333333 0)
(0.2772727273 0.3933333333 0)
(0.2818181818 0.3933333333 0)
(0.2863636364 0.3933333333 0)
(0.2909090909 0.3933333333 0)
(0.2954545455 0.3933333333 0)
(0.3 0.3933333333 0)
(0.3045454545 0.3933333333 0)
(0.3090909091 0.3933333333 0)
(0.3136363636 0.3933333333 0)
(0.3181818182 0.3933333333 0)
(0.3227272727 0.3933333333 0)
(0.3272727273 0.3933333333 0)
(0.3318181818 0.3933333333 0)
(0.3363636364 0.3933333333 0)
(0.3409090909 0.3933333333 0)
(0.3454545455 0.3933333333 0)
(0.35 0.3933333333 0)
(0.3545454545 0.3933333333 0)
(0.3590909091 0.3933333333 0)
(0.3636363636 0.3933333333 0)
(0.3681818182 0.3933333333 0)
(0.3727272727 0.3933333333 0)
(0.3772727273 0.3933333333 0)
(0.3818181818 0.3933333333 0)
(0.3863636364 0.3933333333 0)
(0.3909090909 0.3933333333 0)
(0.3954545455 0.3933333333 0)
(0.4 0.3933333333 0)
(0.4045454545 0.3933333333 0)
(0.4090909091 0.3933333333 0)
(0.4136363636 0.3933333333 0)
(0.4181818182 0.3933333333 0)
(0.4227272727 0.3933333333 0)
(0.4272727273 0.3933333333 0)
(0.4318181818 0.3933333333 0)
(0.4363636364 0.3933333333 0)
(0.4409090909 0.3933333333 0)
(0.4454545455 0.3933333333 0)
(0.45 0.3933333333 0)
(0.4545454545 0.3933333333 0)
(0.4590909091 0.3933333333 0)
(0.4636363636 0.3933333333 0)
(0.4681818182 0.3933333333 0)
(0.4727272727 0.3933333333 0)
(0.4772727273 0.3933333333 0)
(0.4818181818 0.3933333333 0)
(0.4863636364 0.3933333333 0)
(0.4909090909 0.3933333333 0)
(0.4954545455 0.3933333333 0)
(0.5 0.3933333333 0)
(0.5045454545 0.3933333333 0)
(0.5090909091 0.3933333333 0)
(0.5136363636 0.3933333333 0)
(0.5181818182 0.3933333333 0)
(0.5227272727 0.3933333333 0)
(0.5272727273 0.3933333333 0)
(0.5318181818 0.3933333333 0)
(0.5363636364 0.3933333333 0)
(0.5409090909 0.3933333333 0)
(0.5454545455 0.3933333333 0)
(0.55 0.3933333333 0)
(0.5545454545 0.3933333333 0)
(0.5590909091 0.3933333333 0)
(0.5636363636 0.3933333333 0)
(0.5681818182 0.3933333333 0)
(0.5727272727 0.3933333333 0)
(0.5772727273 0.3933333333 0)
(0.5818181818 0.3933333333 0)
(0.5863636364 0.3933333333 0)
(0.5909090909 0.3933333333 0)
(0.5954545455 0.3933333333 0)
(0.6 0.3933333333 0)
(0.6045454545 0.3933333333 0)
(0.6090909091 0.3933333333 0)
(0.6136363636 0.3933333333 0)
(0.6181818182 0.3933333333 0)
(0.6227272727 0.3933333333 0)
(0.6272727273 0.3933333333 0)
(0.6318181818 0.3933333333 0)
(0.6363636364 0.3933333333 0)
(0.6409090909 0.3933333333 0)
(0.6454545455 0.3933333333 0)
(0.65 0.3933333333 0)
(0.6545454545 0.3933333333 0)
(0.6590909091 0.3933333333 0)
(0.6636363636 0.3933333333 0)
(0.6681818182 0.3933333333 0)
(0.6727272727 0.3933333333 0)
(0.6772727273 0.3933333333 0)
(0.6818181818 0.3933333333 0)
(0.6863636364 0.3933333333 0)
(0.6909090909 0.3933333333 0)
(0.6954545455 0.3933333333 0)
(0.7 0.3933333333 0)
(0.7045454545 0.3933333333 0)
(0.7090909091 0.3933333333 0)
(0.7136363636 0.3933333333 0)
(0.7181818182 0.3933333333 0)
(0.7227272727 0.3933333333 0)
(0.7272727273 0.3933333333 0)
(0.7318181818 0.3933333333 0)
(0.7363636364 0.3933333333 0)
(0.7409090909 0.3933333333 0)
(0.7454545455 0.3933333333 0)
(0.75 0.3933333333 0)
(0.7545454545 0.3933333333 0)
(0.7590909091 0.3933333333 0)
(0.7636363636 0.3933333333 0)
(0.7681818182 0.3933333333 0)
(0.7727272727 0.3933333333 0)
(0.7772727273 0.3933333333 0)
(0.7818181818 0.3933333333 0)
(0.7863636364 0.3933333333 0)
(0.7909090909 0.3933333333 0)
(0.7954545455 0.3933333333 0)
(0.8 0.3933333333 0)
(0.8045454545 0.3933333333 0)
(0.8090909091 0.3933333333 0)
(0.8136363636 0.3933333333 0)
(0.8181818182 0.3933333333 0)
(0.8227272727 0.3933333333 0)
(0.8272727273 0.3933333333 0)
(0.8318181818 0.3933333333 0)
(0.8363636364 0.3933333333 0)
(0.8409090909 0.3933333333 0)
(0.8454545455 0.3933333333 0)
(0.85 0.3933333333 0)
(0.8545454545 0.3933333333 0)
(0.8590909091 0.3933333333 0)
(0.8636363636 0.3933333333 0)
(0.8681818182 0.3933333333 0)
(0.8727272727 0.3933333333 0)
(0.8772727273 0.3933333333 0)
(0.8818181818 0.3933333333 0)
(0.8863636364 0.3933333333 0)
(0.8909090909 0.3933333333 0)
(0.8954545455 0.3933333333 0)
(0.9 0.3933333333 0)
(0.9045454545 0.3933333333 0)
(0.9090909091 0.3933333333 0)
(0.9136363636 0.3933333333 0)
(0.9181818182 0.3933333333 0)
(0.9227272727 0.3933333333 0)
(0.9272727273 0.3933333333 0)
(0.9318181818 0.3933333333 0)
(0.9363636364 0.3933333333 0)
(0.9409090909 0.3933333333 0)
(0.9454545455 0.3933333333 0)
(0.95 0.3933333333 0)
(0.9545454545 0.3933333333 0)
(0.9590909091 0.3933333333 0)
(0.9636363636 0.3933333333 0)
(0.9681818182 0.3933333333 0)
(0.9727272727 0.3933333333 0)
(0.9772727273 0.3933333333 0)
(0.9818181818 0.3933333333 0)
(0.9863636364 0.3933333333 0)
(0.9909090909 0.3933333333 0)
(0.9954545455 0.3933333333 0)
(1 0.3933333333 0)
(0 0.4 0)
(0.004545454545 0.4 0)
(0.009090909091 0.4 0)
(0.01363636364 0.4 0)
(0.01818181818 0.4 0)
(0.02272727273 0.4 0)
(0.02727272727 0.4 0)
(0.03181818182 0.4 0)
(0.03636363636 0.4 0)
(0.04090909091 0.4 0)
(0.04545454545 0.4 0)
(0.05 0.4 0)
(0.05454545455 0.4 0)
(0.05909090909 0.4 0)
(0.06363636364 0.4 0)
(0.06818181818 0.4 0)
(0.07272727273 0.4 0)
(0.07727272727 0.4 0)
(0.08181818182 0.4 0)
(0.08636363636 0.4 0)
(0.09090909091 0.4 0)
(0.09545454545 0.4 0)
(0.1 0.4 0)
(0.1045454545 0.4 0)
(0.1090909091 0.4 0)
(0.1136363636 0.4 0)
(0.1181818182 0.4 0)
(0.1227272727 0.4 0)
(0.1272727273 0.4 0)
(0.1318181818 0.4 0)
(0.1363636364 0.4 0)
(0.1409090909 0.4 0)
(0.1454545455 0.4 0)
(0.15 0.4 0)
(0.1545454545 0.4 0)
(0.1590909091 0.4 0)
(0.1636363636 0.4 0)
(0.1681818182 0.4 0)
(0.1727272727 0.4 0)
(0.1772727273 0.4 0)
(0.1818181818 0.4 0)
(0.1863636364 0.4 0)
(0.1909090909 0.4 0)
(0.1954545455 0.4 0)
(0.2 0.4 0)
(0.2045454545 0.4 0)
(0.2090909091 0.4 0)
(0.2136363636 0.4 0)
(0.2181818182 0.4 0)
(0.2227272727 0.4 0)
(0.2272727273 0.4 0)
(0.2318181818 0.4 0)
(0.2363636364 0.4 0)
(0.2409090909 0.4 0)
(0.2454545455 0.4 0)
(0.25 0.4 0)
(0.2545454545 0.4 0)
(0.2590909091 0.4 0)
(0.2636363636 0.4 0)
(0.2681818182 0.4 0)
(0.2727272727 0.4 0)
(0.2772727273 0.4 0)
(0.2818181818 0.4 0)
(0.2863636364 0.4 0)
(0.2909090909 0.4 0)
(0.2954545455 0.4 0)
(0.3 0.4 0)
(0.3045454545 0.4 0)
(0.3090909091 0.4 0)
(0.3136363636 0.4 0)
(0.3181818182 0.4 0)
(0.3227272727 0.4 0)
(0.3272727273 0.4 0)
(0.3318181818 0.4 0)
(0.3363636364 0.4 0)
(0.3409090909 0.4 0)
(0.3454545455 0.4 0)
(0.35 0.4 0)
(0.3545454545 0.4 0)
(0.3590909091 0.4 0)
(0.3636363636 0.4 0)
(0.3681818182 0.4 0)
(0.3727272727 0.4 0)
(0.3772727273 0.4 0)
(0.3818181818 0.4 0)
(0.3863636364 0.4 0)
(0.3909090909 0.4 0)
(0.3954545455 0.4 0)
(0.4 0.4 0)
(0.4045454545 0.4 0)
(0.4090909091 0.4 0)
(0.4136363636 0.4 0)
(0.4181818182 0.4 0)
(0.4227272727 0.4 0)
(0.4272727273 0.4 0)
(0.4318181818 0.4 0)
(0.4363636364 0.4 0)
(0.4409090909 0.4 0)
(0.4454545455 0.4 0)
(0.45 0.4 0)
(0.4545454545 0.4 0)
(0.4590909091 0.4 0)
(0.4636363636 0.4 0)
(0.4681818182 0.4 0)
(0.4727272727 0.4 0)
(0.4772727273 0.4 0)
(0.4818181818 0.4 0)
(0.4863636364 0.4 0)
(0.4909090909 0.4 0)
(0.4954545455 0.4 0)
(0.5 0.4 0)
(0.5045454545 0.4 0)
(0.5090909091 0.4 0)
(0.5136363636 0.4 0)
(0.5181818182 0.4 0)
(0.5227272727 0.4 0)
(0.5272727273 0.4 0)
(0.5318181818 0.4 0)
(0.5363636364 0.4 0)
(0.5409090909 0.4 0)
(0.5454545455 0.4 0)
(0.55 0.4 0)
(0.5545454545 0.4 0)
(0.5590909091 0.4 0)
(0.5636363636 0.4 0)
(0.5681818182 0.4 0)
(0.5727272727 0.4 0)
(0.5772727273 0.4 0)
(0.5818181818 0.4 0)
(0.5863636364 0.4 0)
(0.5909090909 0.4 0)
(0.5954545455 0.4 0)
(0.6 0.4 0)
(0.6045454545 0.4 0)
(0.6090909091 0.4 0)
(0.6136363636 0.4 0)
(0.6181818182 0.4 0)
(0.6227272727 0.4 0)
(0.6272727273 0.4 0)
(0.6318181818 0.4 0)
(0.6363636364 0.4 0)
(0.6409090909 0.4 0)
(0.6454545455 0.4 0)
(0.65 0.4 0)
(0.6545454545 0.4 0)
(0.6590909091 0.4 0)
(0.6636363636 0.4 0)
(0.6681818182 0.4 0)
(0.6727272727 0.4 0)
(0.6772727273 0.4 0)
(0.6818181818 0.4 0)
(0.6863636364 0.4 0)
(0.6909090909 0.4 0)
(0.6954545455 0.4 0)
(0.7 0.4 0)
(0.7045454545 0.4 0)
(0.7090909091 0.4 0)
(0.7136363636 0.4 0)
(0.7181818182 0.4 0)
(0.7227272727 0.4 0)
(0.7272727273 0.4 0)
(0.7318181818 0.4 0)
(0.7363636364 0.4 0)
(0.7409090909 0.4 0)
(0.7454545455 0.4 0)
(0.75 0.4 0)
(0.7545454545 0.4 0)
(0.7590909091 0.4 0)
(0.7636363636 0.4 0)
(0.7681818182 0.4 0)
(0.7727272727 0.4 0)
(0.7772727273 0.4 0)
(0.7818181818 0.4 0)
(0.7863636364 0.4 0)
(0.7909090909 0.4 0)
(0.7954545455 0.4 0)
(0.8 0.4 0)
(0.8045454545 0.4 0)
(0.8090909091 0.4 0)
(0.8136363636 0.4 0)
(0.8181818182 0.4 0)
(0.8227272727 0.4 0)
(0.8272727273 0.4 0)
(0.8318181818 0.4 0)
(0.8363636364 0.4 0)
(0.8409090909 0.4 0)
(0.8454545455 0.4 0)
(0.85 0.4 0)
(0.8545454545 0.4 0)
(0.8590909091 0.4 0)
(0.8636363636 0.4 0)
(0.8681818182 0.4 0)
(0.8727272727 0.4 0)
(0.8772727273 0.4 0)
(0.8818181818 0.4 0)
(0.8863636364 0.4 0)
(0.8909090909 0.4 0)
(0.8954545455 0.4 0)
(0.9 0.4 0)
(0.9045454545 0.4 0)
(0.9090909091 0.4 0)
(0.9136363636 0.4 0)
(0.9181818182 0.4 0)
(0.9227272727 0.4 0)
(0.9272727273 0.4 0)
(0.9318181818 0.4 0)
(0.9363636364 0.4 0)
(0.9409090909 0.4 0)
(0.9454545455 0.4 0)
(0.95 0.4 0)
(0.9545454545 0.4 0)
(0.9590909091 0.4 0)
(0.9636363636 0.4 0)
(0.9681818182 0.4 0)
(0.9727272727 0.4 0)
(0.9772727273 0.4 0)
(0.9818181818 0.4 0)
(0.9863636364 0.4 0)
(0.9909090909 0.4 0)
(0.9954545455 0.4 0)
(1 0.4 0)
(0 0 0.1)
(0.004545454545 0 0.1)
(0.009090909091 0 0.1)
(0.01363636364 0 0.1)
(0.01818181818 0 0.1)
(0.02272727273 0 0.1)
(0.02727272727 0 0.1)
(0.03181818182 0 0.1)
(0.03636363636 0 0.1)
(0.04090909091 0 0.1)
(0.04545454545 0 0.1)
(0.05 0 0.1)
(0.05454545455 0 0.1)
(0.05909090909 0 0.1)
(0.06363636364 0 0.1)
(0.06818181818 0 0.1)
(0.07272727273 0 0.1)
(0.07727272727 0 0.1)
(0.08181818182 0 0.1)
(0.08636363636 0 0.1)
(0.09090909091 0 0.1)
(0.09545454545 0 0.1)
(0.1 0 0.1)
(0.1045454545 0 0.1)
(0.1090909091 0 0.1)
(0.1136363636 0 0.1)
(0.1181818182 0 0.1)
(0.1227272727 0 0.1)
(0.1272727273 0 0.1)
(0.1318181818 0 0.1)
(0.1363636364 0 0.1)
(0.1409090909 0 0.1)
(0.1454545455 0 0.1)
(0.15 0 0.1)
(0.1545454545 0 0.1)
(0.1590909091 0 0.1)
(0.1636363636 0 0.1)
(0.1681818182 0 0.1)
(0.1727272727 0 0.1)
(0.1772727273 0 0.1)
(0.1818181818 0 0.1)
(0.1863636364 0 0.1)
(0.1909090909 0 0.1)
(0.1954545455 0 0.1)
(0.2 0 0.1)
(0.2045454545 0 0.1)
(0.2090909091 0 0.1)
(0.2136363636 0 0.1)
(0.2181818182 0 0.1)
(0.2227272727 0 0.1)
(0.2272727273 0 0.1)
(0.2318181818 0 0.1)
(0.2363636364 0 0.1)
(0.2409090909 0 0.1)
(0.2454545455 0 0.1)
(0.25 0 0.1)
(0.2545454545 0 0.1)
(0.2590909091 0 0.1)
(0.2636363636 0 0.1)
(0.2681818182 0 0.1)
(0.2727272727 0 0.1)
(0.2772727273 0 0.1)
(0.2818181818 0 0.1)
(0.2863636364 0 0.1)
(0.2909090909 0 0.1)
(0.2954545455 0 0.1)
(0.3 0 0.1)
(0.3045454545 0 0.1)
(0.3090909091 0 0.1)
(0.3136363636 0 0.1)
(0.3181818182 0 0.1)
(0.3227272727 0 0.1)
(0.3272727273 0 0.1)
(0.3318181818 0 0.1)
(0.3363636364 0 0.1)
(0.3409090909 0 0.1)
(0.3454545455 0 0.1)
(0.35 0 0.1)
(0.3545454545 0 0.1)
(0.3590909091 0 0.1)
(0.3636363636 0 0.1)
(0.3681818182 0 0.1)
(0.3727272727 0 0.1)
(0.3772727273 0 0.1)
(0.3818181818 0 0.1)
(0.3863636364 0 0.1)
(0.3909090909 0 0.1)
(0.3954545455 0 0.1)
(0.4 0 0.1)
(0.4045454545 0 0.1)
(0.4090909091 0 0.1)
(0.4136363636 0 0.1)
(0.4181818182 0 0.1)
(0.4227272727 0 0.1)
(0.4272727273 0 0.1)
(0.4318181818 0 0.1)
(0.4363636364 0 0.1)
(0.4409090909 0 0.1)
(0.4454545455 0 0.1)
(0.45 0 0.1)
(0.4545454545 0 0.1)
(0.4590909091 0 0.1)
(0.4636363636 0 0.1)
(0.4681818182 0 0.1)
(0.4727272727 0 0.1)
(0.4772727273 0 0.1)
(0.4818181818 0 0.1)
(0.4863636364 0 0.1)
(0.4909090909 0 0.1)
(0.4954545455 0 0.1)
(0.5 0 0.1)
(0.5045454545 0 0.1)
(0.5090909091 0 0.1)
(0.5136363636 0 0.1)
(0.5181818182 0 0.1)
(0.5227272727 0 0.1)
(0.5272727273 0 0.1)
(0.5318181818 0 0.1)
(0.5363636364 0 0.1)
(0.5409090909 0 0.1)
(0.5454545455 0 0.1)
(0.55 0 0.1)
(0.5545454545 0 0.1)
(0.5590909091 0 0.1)
(0.5636363636 0 0.1)
(0.5681818182 0 0.1)
(0.5727272727 0 0.1)
(0.5772727273 0 0.1)
(0.5818181818 0 0.1)
(0.5863636364 0 0.1)
(0.5909090909 0 0.1)
(0.5954545455 0 0.1)
(0.6 0 0.1)
(0.6045454545 0 0.1)
(0.6090909091 0 0.1)
(0.6136363636 0 0.1)
(0.6181818182 0 0.1)
(0.6227272727 0 0.1)
(0.6272727273 0 0.1)
(0.6318181818 0 0.1)
(0.6363636364 0 0.1)
(0.6409090909 0 0.1)
(0.6454545455 0 0.1)
(0.65 0 0.1)
(0.6545454545 0 0.1)
(0.6590909091 0 0.1)
(0.6636363636 0 0.1)
(0.6681818182 0 0.1)
(0.6727272727 0 0.1)
(0.6772727273 0 0.1)
(0.6818181818 0 0.1)
(0.6863636364 0 0.1)
(0.6909090909 0 0.1)
(0.6954545455 0 0.1)
(0.7 0 0.1)
(0.7045454545 0 0.1)
(0.7090909091 0 0.1)
(0.7136363636 0 0.1)
(0.7181818182 0 0.1)
(0.7227272727 0 0.1)
(0.7272727273 0 0.1)
(0.7318181818 0 0.1)
(0.7363636364 0 0.1)
(0.7409090909 0 0.1)
(0.7454545455 0 0.1)
(0.75 0 0.1)
(0.7545454545 0 0.1)
(0.7590909091 0 0.1)
(0.7636363636 0 0.1)
(0.7681818182 0 0.1)
(0.7727272727 0 0.1)
(0.7772727273 0 0.1)
(0.7818181818 0 0.1)
(0.7863636364 0 0.1)
(0.7909090909 0 0.1)
(0.7954545455 0 0.1)
(0.8 0 0.1)
(0.8045454545 0 0.1)
(0.8090909091 0 0.1)
(0.8136363636 0 0.1)
(0.8181818182 0 0.1)
(0.8227272727 0 0.1)
(0.8272727273 0 0.1)
(0.8318181818 0 0.1)
(0.8363636364 0 0.1)
(0.8409090909 0 0.1)
(0.8454545455 0 0.1)
(0.85 0 0.1)
(0.8545454545 0 0.1)
(0.8590909091 0 0.1)
(0.8636363636 0 0.1)
(0.8681818182 0 0.1)
(0.8727272727 0 0.1)
(0.8772727273 0 0.1)
(0.8818181818 0 0.1)
(0.8863636364 0 0.1)
(0.8909090909 0 0.1)
(0.8954545455 0 0.1)
(0.9 0 0.1)
(0.9045454545 0 0.1)
(0.9090909091 0 0.1)
(0.9136363636 0 0.1)
(0.9181818182 0 0.1)
(0.9227272727 0 0.1)
(0.9272727273 0 0.1)
(0.9318181818 0 0.1)
(0.9363636364 0 0.1)
(0.9409090909 0 0.1)
(0.9454545455 0 0.1)
(0.95 0 0.1)
(0.9545454545 0 0.1)
(0.9590909091 0 0.1)
(0.9636363636 0 0.1)
(0.9681818182 0 0.1)
(0.9727272727 0 0.1)
(0.9772727273 0 0.1)
(0.9818181818 0 0.1)
(0.9863636364 0 0.1)
(0.9909090909 0 0.1)
(0.9954545455 0 0.1)
(1 0 0.1)
(0 0.006666666667 0.1)
(0.004545454545 0.006666666667 0.1)
(0.009090909091 0.006666666667 0.1)
(0.01363636364 0.006666666667 0.1)
(0.01818181818 0.006666666667 0.1)
(0.02272727273 0.006666666667 0.1)
(0.02727272727 0.006666666667 0.1)
(0.03181818182 0.006666666667 0.1)
(0.03636363636 0.006666666667 0.1)
(0.04090909091 0.006666666667 0.1)
(0.04545454545 0.006666666667 0.1)
(0.05 0.006666666667 0.1)
(0.05454545455 0.006666666667 0.1)
(0.05909090909 0.006666666667 0.1)
(0.06363636364 0.006666666667 0.1)
(0.06818181818 0.006666666667 0.1)
(0.07272727273 0.006666666667 0.1)
(0.07727272727 0.006666666667 0.1)
(0.08181818182 0.006666666667 0.1)
(0.08636363636 0.006666666667 0.1)
(0.09090909091 0.006666666667 0.1)
(0.09545454545 0.006666666667 0.1)
(0.1 0.006666666667 0.1)
(0.1045454545 0.006666666667 0.1)
(0.1090909091 0.006666666667 0.1)
(0.1136363636 0.006666666667 0.1)
(0.1181818182 0.006666666667 0.1)
(0.1227272727 0.006666666667 0.1)
(0.1272727273 0.006666666667 0.1)
(0.1318181818 0.006666666667 0.1)
(0.1363636364 0.006666666667 0.1)
(0.1409090909 0.006666666667 0.1)
(0.1454545455 0.006666666667 0.1)
(0.15 0.006666666667 0.1)
(0.1545454545 0.006666666667 0.1)
(0.1590909091 0.006666666667 0.1)
(0.1636363636 0.006666666667 0.1)
(0.1681818182 0.006666666667 0.1)
(0.1727272727 0.006666666667 0.1)
(0.1772727273 0.006666666667 0.1)
(0.1818181818 0.006666666667 0.1)
(0.1863636364 0.006666666667 0.1)
(0.1909090909 0.006666666667 0.1)
(0.1954545455 0.006666666667 0.1)
(0.2 0.006666666667 0.1)
(0.2045454545 0.006666666667 0.1)
(0.2090909091 0.006666666667 0.1)
(0.2136363636 0.006666666667 0.1)
(0.2181818182 0.006666666667 0.1)
(0.2227272727 0.006666666667 0.1)
(0.2272727273 0.006666666667 0.1)
(0.2318181818 0.006666666667 0.1)
(0.2363636364 0.006666666667 0.1)
(0.2409090909 0.006666666667 0.1)
(0.2454545455 0.006666666667 0.1)
(0.25 0.006666666667 0.1)
(0.2545454545 0.006666666667 0.1)
(0.2590909091 0.006666666667 0.1)
(0.2636363636 0.006666666667 0.1)
(0.2681818182 0.006666666667 0.1)
(0.2727272727 0.006666666667 0.1)
(0.2772727273 0.006666666667 0.1)
(0.2818181818 0.006666666667 0.1)
(0.2863636364 0.006666666667 0.1)
(0.2909090909 0.006666666667 0.1)
(0.2954545455 0.006666666667 0.1)
(0.3 0.006666666667 0.1)
(0.3045454545 0.006666666667 0.1)
(0.3090909091 0.006666666667 0.1)
(0.3136363636 0.006666666667 0.1)
(0.3181818182 0.006666666667 0.1)
(0.3227272727 0.006666666667 0.1)
(0.3272727273 0.006666666667 0.1)
(0.3318181818 0.006666666667 0.1)
(0.3363636364 0.006666666667 0.1)
(0.3409090909 0.006666666667 0.1)
(0.3454545455 0.006666666667 0.1)
(0.35 0.006666666667 0.1)
(0.3545454545 0.006666666667 0.1)
(0.3590909091 0.006666666667 0.1)
(0.3636363636 0.006666666667 0.1)
(0.3681818182 0.006666666667 0.1)
(0.3727272727 0.006666666667 0.1)
(0.3772727273 0.006666666667 0.1)
(0.3818181818 0.006666666667 0.1)
(0.3863636364 0.006666666667 0.1)
(0.3909090909 0.006666666667 0.1)
(0.3954545455 0.006666666667 0.1)
(0.4 0.006666666667 0.1)
(0.4045454545 0.006666666667 0.1)
(0.4090909091 0.006666666667 0.1)
(0.4136363636 0.006666666667 0.1)
(0.4181818182 0.006666666667 0.1)
(0.4227272727 0.006666666667 0.1)
(0.4272727273 0.006666666667 0.1)
(0.4318181818 0.006666666667 0.1)
(0.4363636364 0.006666666667 0.1)
(0.4409090909 0.006666666667 0.1)
(0.4454545455 0.006666666667 0.1)
(0.45 0.006666666667 0.1)
(0.4545454545 0.006666666667 0.1)
(0.4590909091 0.006666666667 0.1)
(0.4636363636 0.006666666667 0.1)
(0.4681818182 0.006666666667 0.1)
(0.4727272727 0.006666666667 0.1)
(0.4772727273 0.006666666667 0.1)
(0.4818181818 0.006666666667 0.1)
(0.4863636364 0.006666666667 0.1)
(0.4909090909 0.006666666667 0.1)
(0.4954545455 0.006666666667 0.1)
(0.5 0.006666666667 0.1)
(0.5045454545 0.006666666667 0.1)
(0.5090909091 0.006666666667 0.1)
(0.5136363636 0.006666666667 0.1)
(0.5181818182 0.006666666667 0.1)
(0.5227272727 0.006666666667 0.1)
(0.5272727273 0.006666666667 0.1)
(0.5318181818 0.006666666667 0.1)
(0.5363636364 0.006666666667 0.1)
(0.5409090909 0.006666666667 0.1)
(0.5454545455 0.006666666667 0.1)
(0.55 0.006666666667 0.1)
(0.5545454545 0.006666666667 0.1)
(0.5590909091 0.006666666667 0.1)
(0.5636363636 0.006666666667 0.1)
(0.5681818182 0.006666666667 0.1)
(0.5727272727 0.006666666667 0.1)
(0.5772727273 0.006666666667 0.1)
(0.5818181818 0.006666666667 0.1)
(0.5863636364 0.006666666667 0.1)
(0.5909090909 0.006666666667 0.1)
(0.5954545455 0.006666666667 0.1)
(0.6 0.006666666667 0.1)
(0.6045454545 0.006666666667 0.1)
(0.6090909091 0.006666666667 0.1)
(0.6136363636 0.006666666667 0.1)
(0.6181818182 0.006666666667 0.1)
(0.6227272727 0.006666666667 0.1)
(0.6272727273 0.006666666667 0.1)
(0.6318181818 0.006666666667 0.1)
(0.6363636364 0.006666666667 0.1)
(0.6409090909 0.006666666667 0.1)
(0.6454545455 0.006666666667 0.1)
(0.65 0.006666666667 0.1)
(0.6545454545 0.006666666667 0.1)
(0.6590909091 0.006666666667 0.1)
(0.6636363636 0.006666666667 0.1)
(0.6681818182 0.006666666667 0.1)
(0.6727272727 0.006666666667 0.1)
(0.6772727273 0.006666666667 0.1)
(0.6818181818 0.006666666667 0.1)
(0.6863636364 0.006666666667 0.1)
(0.6909090909 0.006666666667 0.1)
(0.6954545455 0.006666666667 0.1)
(0.7 0.006666666667 0.1)
(0.7045454545 0.006666666667 0.1)
(0.7090909091 0.006666666667 0.1)
(0.7136363636 0.006666666667 0.1)
(0.7181818182 0.006666666667 0.1)
(0.7227272727 0.006666666667 0.1)
(0.7272727273 0.006666666667 0.1)
(0.7318181818 0.006666666667 0.1)
(0.7363636364 0.006666666667 0.1)
(0.7409090909 0.006666666667 0.1)
(0.7454545455 0.006666666667 0.1)
(0.75 0.006666666667 0.1)
(0.7545454545 0.006666666667 0.1)
(0.7590909091 0.006666666667 0.1)
(0.7636363636 0.006666666667 0.1)
(0.7681818182 0.006666666667 0.1)
(0.7727272727 0.006666666667 0.1)
(0.7772727273 0.006666666667 0.1)
(0.7818181818 0.006666666667 0.1)
(0.7863636364 0.006666666667 0.1)
(0.7909090909 0.006666666667 0.1)
(0.7954545455 0.006666666667 0.1)
(0.8 0.006666666667 0.1)
(0.8045454545 0.006666666667 0.1)
(0.8090909091 0.006666666667 0.1)
(0.8136363636 0.006666666667 0.1)
(0.8181818182 0.006666666667 0.1)
(0.8227272727 0.006666666667 0.1)
(0.8272727273 0.006666666667 0.1)
(0.8318181818 0.006666666667 0.1)
(0.8363636364 0.006666666667 0.1)
(0.8409090909 0.006666666667 0.1)
(0.8454545455 0.006666666667 0.1)
(0.85 0.006666666667 0.1)
(0.8545454545 0.006666666667 0.1)
(0.8590909091 0.006666666667 0.1)
(0.8636363636 0.006666666667 0.1)
(0.8681818182 0.006666666667 0.1)
(0.8727272727 0.006666666667 0.1)
(0.8772727273 0.006666666667 0.1)
(0.8818181818 0.006666666667 0.1)
(0.8863636364 0.006666666667 0.1)
(0.8909090909 0.006666666667 0.1)
(0.8954545455 0.006666666667 0.1)
(0.9 0.006666666667 0.1)
(0.9045454545 0.006666666667 0.1)
(0.9090909091 0.006666666667 0.1)
(0.9136363636 0.006666666667 0.1)
(0.9181818182 0.006666666667 0.1)
(0.9227272727 0.006666666667 0.1)
(0.9272727273 0.006666666667 0.1)
(0.9318181818 0.006666666667 0.1)
(0.9363636364 0.006666666667 0.1)
(0.9409090909 0.006666666667 0.1)
(0.9454545455 0.006666666667 0.1)
(0.95 0.006666666667 0.1)
(0.9545454545 0.006666666667 0.1)
(0.9590909091 0.006666666667 0.1)
(0.9636363636 0.006666666667 0.1)
(0.9681818182 0.006666666667 0.1)
(0.9727272727 0.006666666667 0.1)
(0.9772727273 0.006666666667 0.1)
(0.9818181818 0.006666666667 0.1)
(0.9863636364 0.006666666667 0.1)
(0.9909090909 0.006666666667 0.1)
(0.9954545455 0.006666666667 0.1)
(1 0.006666666667 0.1)
(0 0.01333333333 0.1)
(0.004545454545 0.01333333333 0.1)
(0.009090909091 0.01333333333 0.1)
(0.01363636364 0.01333333333 0.1)
(0.01818181818 0.01333333333 0.1)
(0.02272727273 0.01333333333 0.1)
(0.02727272727 0.01333333333 0.1)
(0.03181818182 0.01333333333 0.1)
(0.03636363636 0.01333333333 0.1)
(0.04090909091 0.01333333333 0.1)
(0.04545454545 0.01333333333 0.1)
(0.05 0.01333333333 0.1)
(0.05454545455 0.01333333333 0.1)
(0.05909090909 0.01333333333 0.1)
(0.06363636364 0.01333333333 0.1)
(0.06818181818 0.01333333333 0.1)
(0.07272727273 0.01333333333 0.1)
(0.07727272727 0.01333333333 0.1)
(0.08181818182 0.01333333333 0.1)
(0.08636363636 0.01333333333 0.1)
(0.09090909091 0.01333333333 0.1)
(0.09545454545 0.01333333333 0.1)
(0.1 0.01333333333 0.1)
(0.1045454545 0.01333333333 0.1)
(0.1090909091 0.01333333333 0.1)
(0.1136363636 0.01333333333 0.1)
(0.1181818182 0.01333333333 0.1)
(0.1227272727 0.01333333333 0.1)
(0.1272727273 0.01333333333 0.1)
(0.1318181818 0.01333333333 0.1)
(0.1363636364 0.01333333333 0.1)
(0.1409090909 0.01333333333 0.1)
(0.1454545455 0.01333333333 0.1)
(0.15 0.01333333333 0.1)
(0.1545454545 0.01333333333 0.1)
(0.1590909091 0.01333333333 0.1)
(0.1636363636 0.01333333333 0.1)
(0.1681818182 0.01333333333 0.1)
(0.1727272727 0.01333333333 0.1)
(0.1772727273 0.01333333333 0.1)
(0.1818181818 0.01333333333 0.1)
(0.1863636364 0.01333333333 0.1)
(0.1909090909 0.01333333333 0.1)
(0.1954545455 0.01333333333 0.1)
(0.2 0.01333333333 0.1)
(0.2045454545 0.01333333333 0.1)
(0.2090909091 0.01333333333 0.1)
(0.2136363636 0.01333333333 0.1)
(0.2181818182 0.01333333333 0.1)
(0.2227272727 0.01333333333 0.1)
(0.2272727273 0.01333333333 0.1)
(0.2318181818 0.01333333333 0.1)
(0.2363636364 0.01333333333 0.1)
(0.2409090909 0.01333333333 0.1)
(0.2454545455 0.01333333333 0.1)
(0.25 0.01333333333 0.1)
(0.2545454545 0.01333333333 0.1)
(0.2590909091 0.01333333333 0.1)
(0.2636363636 0.01333333333 0.1)
(0.2681818182 0.01333333333 0.1)
(0.2727272727 0.01333333333 0.1)
(0.2772727273 0.01333333333 0.1)
(0.2818181818 0.01333333333 0.1)
(0.2863636364 0.01333333333 0.1)
(0.2909090909 0.01333333333 0.1)
(0.2954545455 0.01333333333 0.1)
(0.3 0.01333333333 0.1)
(0.3045454545 0.01333333333 0.1)
(0.3090909091 0.01333333333 0.1)
(0.3136363636 0.01333333333 0.1)
(0.3181818182 0.01333333333 0.1)
(0.3227272727 0.01333333333 0.1)
(0.3272727273 0.01333333333 0.1)
(0.3318181818 0.01333333333 0.1)
(0.3363636364 0.01333333333 0.1)
(0.3409090909 0.01333333333 0.1)
(0.3454545455 0.01333333333 0.1)
(0.35 0.01333333333 0.1)
(0.3545454545 0.01333333333 0.1)
(0.3590909091 0.01333333333 0.1)
(0.3636363636 0.01333333333 0.1)
(0.3681818182 0.01333333333 0.1)
(0.3727272727 0.01333333333 0.1)
(0.3772727273 0.01333333333 0.1)
(0.3818181818 0.01333333333 0.1)
(0.3863636364 0.01333333333 0.1)
(0.3909090909 0.01333333333 0.1)
(0.3954545455 0.01333333333 0.1)
(0.4 0.01333333333 0.1)
(0.4045454545 0.01333333333 0.1)
(0.4090909091 0.01333333333 0.1)
(0.4136363636 0.01333333333 0.1)
(0.4181818182 0.01333333333 0.1)
(0.4227272727 0.01333333333 0.1)
(0.4272727273 0.01333333333 0.1)
(0.4318181818 0.01333333333 0.1)
(0.4363636364 0.01333333333 0.1)
(0.4409090909 0.01333333333 0.1)
(0.4454545455 0.01333333333 0.1)
(0.45 0.01333333333 0.1)
(0.4545454545 0.01333333333 0.1)
(0.4590909091 0.01333333333 0.1)
(0.4636363636 0.01333333333 0.1)
(0.4681818182 0.01333333333 0.1)
(0.4727272727 0.01333333333 0.1)
(0.4772727273 0.01333333333 0.1)
(0.4818181818 0.01333333333 0.1)
(0.4863636364 0.01333333333 0.1)
(0.4909090909 0.01333333333 0.1)
(0.4954545455 0.01333333333 0.1)
(0.5 0.01333333333 0.1)
(0.5045454545 0.01333333333 0.1)
(0.5090909091 0.01333333333 0.1)
(0.5136363636 0.01333333333 0.1)
(0.5181818182 0.01333333333 0.1)
(0.5227272727 0.01333333333 0.1)
(0.5272727273 0.01333333333 0.1)
(0.5318181818 0.01333333333 0.1)
(0.5363636364 0.01333333333 0.1)
(0.5409090909 0.01333333333 0.1)
(0.5454545455 0.01333333333 0.1)
(0.55 0.01333333333 0.1)
(0.5545454545 0.01333333333 0.1)
(0.5590909091 0.01333333333 0.1)
(0.5636363636 0.01333333333 0.1)
(0.5681818182 0.01333333333 0.1)
(0.5727272727 0.01333333333 0.1)
(0.5772727273 0.01333333333 0.1)
(0.5818181818 0.01333333333 0.1)
(0.5863636364 0.01333333333 0.1)
(0.5909090909 0.01333333333 0.1)
(0.5954545455 0.01333333333 0.1)
(0.6 0.01333333333 0.1)
(0.6045454545 0.01333333333 0.1)
(0.6090909091 0.01333333333 0.1)
(0.6136363636 0.01333333333 0.1)
(0.6181818182 0.01333333333 0.1)
(0.6227272727 0.01333333333 0.1)
(0.6272727273 0.01333333333 0.1)
(0.6318181818 0.01333333333 0.1)
(0.6363636364 0.01333333333 0.1)
(0.6409090909 0.01333333333 0.1)
(0.6454545455 0.01333333333 0.1)
(0.65 0.01333333333 0.1)
(0.6545454545 0.01333333333 0.1)
(0.6590909091 0.01333333333 0.1)
(0.6636363636 0.01333333333 0.1)
(0.6681818182 0.01333333333 0.1)
(0.6727272727 0.01333333333 0.1)
(0.6772727273 0.01333333333 0.1)
(0.6818181818 0.01333333333 0.1)
(0.6863636364 0.01333333333 0.1)
(0.6909090909 0.01333333333 0.1)
(0.6954545455 0.01333333333 0.1)
(0.7 0.01333333333 0.1)
(0.7045454545 0.01333333333 0.1)
(0.7090909091 0.01333333333 0.1)
(0.7136363636 0.01333333333 0.1)
(0.7181818182 0.01333333333 0.1)
(0.7227272727 0.01333333333 0.1)
(0.7272727273 0.01333333333 0.1)
(0.7318181818 0.01333333333 0.1)
(0.7363636364 0.01333333333 0.1)
(0.7409090909 0.01333333333 0.1)
(0.7454545455 0.01333333333 0.1)
(0.75 0.01333333333 0.1)
(0.7545454545 0.01333333333 0.1)
(0.7590909091 0.01333333333 0.1)
(0.7636363636 0.01333333333 0.1)
(0.7681818182 0.01333333333 0.1)
(0.7727272727 0.01333333333 0.1)
(0.7772727273 0.01333333333 0.1)
(0.7818181818 0.01333333333 0.1)
(0.7863636364 0.01333333333 0.1)
(0.7909090909 0.01333333333 0.1)
(0.7954545455 0.01333333333 0.1)
(0.8 0.01333333333 0.1)
(0.8045454545 0.01333333333 0.1)
(0.8090909091 0.01333333333 0.1)
(0.8136363636 0.01333333333 0.1)
(0.8181818182 0.01333333333 0.1)
(0.8227272727 0.01333333333 0.1)
(0.8272727273 0.01333333333 0.1)
(0.8318181818 0.01333333333 0.1)
(0.8363636364 0.01333333333 0.1)
(0.8409090909 0.01333333333 0.1)
(0.8454545455 0.01333333333 0.1)
(0.85 0.01333333333 0.1)
(0.8545454545 0.01333333333 0.1)
(0.8590909091 0.01333333333 0.1)
(0.8636363636 0.01333333333 0.1)
(0.8681818182 0.01333333333 0.1)
(0.8727272727 0.01333333333 0.1)
(0.8772727273 0.01333333333 0.1)
(0.8818181818 0.01333333333 0.1)
(0.8863636364 0.01333333333 0.1)
(0.8909090909 0.01333333333 0.1)
(0.8954545455 0.01333333333 0.1)
(0.9 0.01333333333 0.1)
(0.9045454545 0.01333333333 0.1)
(0.9090909091 0.01333333333 0.1)
(0.9136363636 0.01333333333 0.1)
(0.9181818182 0.01333333333 0.1)
(0.9227272727 0.01333333333 0.1)
(0.9272727273 0.01333333333 0.1)
(0.9318181818 0.01333333333 0.1)
(0.9363636364 0.01333333333 0.1)
(0.9409090909 0.01333333333 0.1)
(0.9454545455 0.01333333333 0.1)
(0.95 0.01333333333 0.1)
(0.9545454545 0.01333333333 0.1)
(0.9590909091 0.01333333333 0.1)
(0.9636363636 0.01333333333 0.1)
(0.9681818182 0.01333333333 0.1)
(0.9727272727 0.01333333333 0.1)
(0.9772727273 0.01333333333 0.1)
(0.9818181818 0.01333333333 0.1)
(0.9863636364 0.01333333333 0.1)
(0.9909090909 0.01333333333 0.1)
(0.9954545455 0.01333333333 0.1)
(1 0.01333333333 0.1)
(0 0.02 0.1)
(0.004545454545 0.02 0.1)
(0.009090909091 0.02 0.1)
(0.01363636364 0.02 0.1)
(0.01818181818 0.02 0.1)
(0.02272727273 0.02 0.1)
(0.02727272727 0.02 0.1)
(0.03181818182 0.02 0.1)
(0.03636363636 0.02 0.1)
(0.04090909091 0.02 0.1)
(0.04545454545 0.02 0.1)
(0.05 0.02 0.1)
(0.05454545455 0.02 0.1)
(0.05909090909 0.02 0.1)
(0.06363636364 0.02 0.1)
(0.06818181818 0.02 0.1)
(0.07272727273 0.02 0.1)
(0.07727272727 0.02 0.1)
(0.08181818182 0.02 0.1)
(0.08636363636 0.02 0.1)
(0.09090909091 0.02 0.1)
(0.09545454545 0.02 0.1)
(0.1 0.02 0.1)
(0.1045454545 0.02 0.1)
(0.1090909091 0.02 0.1)
(0.1136363636 0.02 0.1)
(0.1181818182 0.02 0.1)
(0.1227272727 0.02 0.1)
(0.1272727273 0.02 0.1)
(0.1318181818 0.02 0.1)
(0.1363636364 0.02 0.1)
(0.1409090909 0.02 0.1)
(0.1454545455 0.02 0.1)
(0.15 0.02 0.1)
(0.1545454545 0.02 0.1)
(0.1590909091 0.02 0.1)
(0.1636363636 0.02 0.1)
(0.1681818182 0.02 0.1)
(0.1727272727 0.02 0.1)
(0.1772727273 0.02 0.1)
(0.1818181818 0.02 0.1)
(0.1863636364 0.02 0.1)
(0.1909090909 0.02 0.1)
(0.1954545455 0.02 0.1)
(0.2 0.02 0.1)
(0.2045454545 0.02 0.1)
(0.2090909091 0.02 0.1)
(0.2136363636 0.02 0.1)
(0.2181818182 0.02 0.1)
(0.2227272727 0.02 0.1)
(0.2272727273 0.02 0.1)
(0.2318181818 0.02 0.1)
(0.2363636364 0.02 0.1)
(0.2409090909 0.02 0.1)
(0.2454545455 0.02 0.1)
(0.25 0.02 0.1)
(0.2545454545 0.02 0.1)
(0.2590909091 0.02 0.1)
(0.2636363636 0.02 0.1)
(0.2681818182 0.02 0.1)
(0.2727272727 0.02 0.1)
(0.2772727273 0.02 0.1)
(0.2818181818 0.02 0.1)
(0.2863636364 0.02 0.1)
(0.2909090909 0.02 0.1)
(0.2954545455 0.02 0.1)
(0.3 0.02 0.1)
(0.3045454545 0.02 0.1)
(0.3090909091 0.02 0.1)
(0.3136363636 0.02 0.1)
(0.3181818182 0.02 0.1)
(0.3227272727 0.02 0.1)
(0.3272727273 0.02 0.1)
(0.3318181818 0.02 0.1)
(0.3363636364 0.02 0.1)
(0.3409090909 0.02 0.1)
(0.3454545455 0.02 0.1)
(0.35 0.02 0.1)
(0.3545454545 0.02 0.1)
(0.3590909091 0.02 0.1)
(0.3636363636 0.02 0.1)
(0.3681818182 0.02 0.1)
(0.3727272727 0.02 0.1)
(0.3772727273 0.02 0.1)
(0.3818181818 0.02 0.1)
(0.3863636364 0.02 0.1)
(0.3909090909 0.02 0.1)
(0.3954545455 0.02 0.1)
(0.4 0.02 0.1)
(0.4045454545 0.02 0.1)
(0.4090909091 0.02 0.1)
(0.4136363636 0.02 0.1)
(0.4181818182 0.02 0.1)
(0.4227272727 0.02 0.1)
(0.4272727273 0.02 0.1)
(0.4318181818 0.02 0.1)
(0.4363636364 0.02 0.1)
(0.4409090909 0.02 0.1)
(0.4454545455 0.02 0.1)
(0.45 0.02 0.1)
(0.4545454545 0.02 0.1)
(0.4590909091 0.02 0.1)
(0.4636363636 0.02 0.1)
(0.4681818182 0.02 0.1)
(0.4727272727 0.02 0.1)
(0.4772727273 0.02 0.1)
(0.4818181818 0.02 0.1)
(0.4863636364 0.02 0.1)
(0.4909090909 0.02 0.1)
(0.4954545455 0.02 0.1)
(0.5 0.02 0.1)
(0.5045454545 0.02 0.1)
(0.5090909091 0.02 0.1)
(0.5136363636 0.02 0.1)
(0.5181818182 0.02 0.1)
(0.5227272727 0.02 0.1)
(0.5272727273 0.02 0.1)
(0.5318181818 0.02 0.1)
(0.5363636364 0.02 0.1)
(0.5409090909 0.02 0.1)
(0.5454545455 0.02 0.1)
(0.55 0.02 0.1)
(0.5545454545 0.02 0.1)
(0.5590909091 0.02 0.1)
(0.5636363636 0.02 0.1)
(0.5681818182 0.02 0.1)
(0.5727272727 0.02 0.1)
(0.5772727273 0.02 0.1)
(0.5818181818 0.02 0.1)
(0.5863636364 0.02 0.1)
(0.5909090909 0.02 0.1)
(0.5954545455 0.02 0.1)
(0.6 0.02 0.1)
(0.6045454545 0.02 0.1)
(0.6090909091 0.02 0.1)
(0.6136363636 0.02 0.1)
(0.6181818182 0.02 0.1)
(0.6227272727 0.02 0.1)
(0.6272727273 0.02 0.1)
(0.6318181818 0.02 0.1)
(0.6363636364 0.02 0.1)
(0.6409090909 0.02 0.1)
(0.6454545455 0.02 0.1)
(0.65 0.02 0.1)
(0.6545454545 0.02 0.1)
(0.6590909091 0.02 0.1)
(0.6636363636 0.02 0.1)
(0.6681818182 0.02 0.1)
(0.6727272727 0.02 0.1)
(0.6772727273 0.02 0.1)
(0.6818181818 0.02 0.1)
(0.6863636364 0.02 0.1)
(0.6909090909 0.02 0.1)
(0.6954545455 0.02 0.1)
(0.7 0.02 0.1)
(0.7045454545 0.02 0.1)
(0.7090909091 0.02 0.1)
(0.7136363636 0.02 0.1)
(0.7181818182 0.02 0.1)
(0.7227272727 0.02 0.1)
(0.7272727273 0.02 0.1)
(0.7318181818 0.02 0.1)
(0.7363636364 0.02 0.1)
(0.7409090909 0.02 0.1)
(0.7454545455 0.02 0.1)
(0.75 0.02 0.1)
(0.7545454545 0.02 0.1)
(0.7590909091 0.02 0.1)
(0.7636363636 0.02 0.1)
(0.7681818182 0.02 0.1)
(0.7727272727 0.02 0.1)
(0.7772727273 0.02 0.1)
(0.7818181818 0.02 0.1)
(0.7863636364 0.02 0.1)
(0.7909090909 0.02 0.1)
(0.7954545455 0.02 0.1)
(0.8 0.02 0.1)
(0.8045454545 0.02 0.1)
(0.8090909091 0.02 0.1)
(0.8136363636 0.02 0.1)
(0.8181818182 0.02 0.1)
(0.8227272727 0.02 0.1)
(0.8272727273 0.02 0.1)
(0.8318181818 0.02 0.1)
(0.8363636364 0.02 0.1)
(0.8409090909 0.02 0.1)
(0.8454545455 0.02 0.1)
(0.85 0.02 0.1)
(0.8545454545 0.02 0.1)
(0.8590909091 0.02 0.1)
(0.8636363636 0.02 0.1)
(0.8681818182 0.02 0.1)
(0.8727272727 0.02 0.1)
(0.8772727273 0.02 0.1)
(0.8818181818 0.02 0.1)
(0.8863636364 0.02 0.1)
(0.8909090909 0.02 0.1)
(0.8954545455 0.02 0.1)
(0.9 0.02 0.1)
(0.9045454545 0.02 0.1)
(0.9090909091 0.02 0.1)
(0.9136363636 0.02 0.1)
(0.9181818182 0.02 0.1)
(0.9227272727 0.02 0.1)
(0.9272727273 0.02 0.1)
(0.9318181818 0.02 0.1)
(0.9363636364 0.02 0.1)
(0.9409090909 0.02 0.1)
(0.9454545455 0.02 0.1)
(0.95 0.02 0.1)
(0.9545454545 0.02 0.1)
(0.9590909091 0.02 0.1)
(0.9636363636 0.02 0.1)
(0.9681818182 0.02 0.1)
(0.9727272727 0.02 0.1)
(0.9772727273 0.02 0.1)
(0.9818181818 0.02 0.1)
(0.9863636364 0.02 0.1)
(0.9909090909 0.02 0.1)
(0.9954545455 0.02 0.1)
(1 0.02 0.1)
(0 0.02666666667 0.1)
(0.004545454545 0.02666666667 0.1)
(0.009090909091 0.02666666667 0.1)
(0.01363636364 0.02666666667 0.1)
(0.01818181818 0.02666666667 0.1)
(0.02272727273 0.02666666667 0.1)
(0.02727272727 0.02666666667 0.1)
(0.03181818182 0.02666666667 0.1)
(0.03636363636 0.02666666667 0.1)
(0.04090909091 0.02666666667 0.1)
(0.04545454545 0.02666666667 0.1)
(0.05 0.02666666667 0.1)
(0.05454545455 0.02666666667 0.1)
(0.05909090909 0.02666666667 0.1)
(0.06363636364 0.02666666667 0.1)
(0.06818181818 0.02666666667 0.1)
(0.07272727273 0.02666666667 0.1)
(0.07727272727 0.02666666667 0.1)
(0.08181818182 0.02666666667 0.1)
(0.08636363636 0.02666666667 0.1)
(0.09090909091 0.02666666667 0.1)
(0.09545454545 0.02666666667 0.1)
(0.1 0.02666666667 0.1)
(0.1045454545 0.02666666667 0.1)
(0.1090909091 0.02666666667 0.1)
(0.1136363636 0.02666666667 0.1)
(0.1181818182 0.02666666667 0.1)
(0.1227272727 0.02666666667 0.1)
(0.1272727273 0.02666666667 0.1)
(0.1318181818 0.02666666667 0.1)
(0.1363636364 0.02666666667 0.1)
(0.1409090909 0.02666666667 0.1)
(0.1454545455 0.02666666667 0.1)
(0.15 0.02666666667 0.1)
(0.1545454545 0.02666666667 0.1)
(0.1590909091 0.02666666667 0.1)
(0.1636363636 0.02666666667 0.1)
(0.1681818182 0.02666666667 0.1)
(0.1727272727 0.02666666667 0.1)
(0.1772727273 0.02666666667 0.1)
(0.1818181818 0.02666666667 0.1)
(0.1863636364 0.02666666667 0.1)
(0.1909090909 0.02666666667 0.1)
(0.1954545455 0.02666666667 0.1)
(0.2 0.02666666667 0.1)
(0.2045454545 0.02666666667 0.1)
(0.2090909091 0.02666666667 0.1)
(0.2136363636 0.02666666667 0.1)
(0.2181818182 0.02666666667 0.1)
(0.2227272727 0.02666666667 0.1)
(0.2272727273 0.02666666667 0.1)
(0.2318181818 0.02666666667 0.1)
(0.2363636364 0.02666666667 0.1)
(0.2409090909 0.02666666667 0.1)
(0.2454545455 0.02666666667 0.1)
(0.25 0.02666666667 0.1)
(0.2545454545 0.02666666667 0.1)
(0.2590909091 0.02666666667 0.1)
(0.2636363636 0.02666666667 0.1)
(0.2681818182 0.02666666667 0.1)
(0.2727272727 0.02666666667 0.1)
(0.2772727273 0.02666666667 0.1)
(0.2818181818 0.02666666667 0.1)
(0.2863636364 0.02666666667 0.1)
(0.2909090909 0.02666666667 0.1)
(0.2954545455 0.02666666667 0.1)
(0.3 0.02666666667 0.1)
(0.3045454545 0.02666666667 0.1)
(0.3090909091 0.02666666667 0.1)
(0.3136363636 0.02666666667 0.1)
(0.3181818182 0.02666666667 0.1)
(0.3227272727 0.02666666667 0.1)
(0.3272727273 0.02666666667 0.1)
(0.3318181818 0.02666666667 0.1)
(0.3363636364 0.02666666667 0.1)
(0.3409090909 0.02666666667 0.1)
(0.3454545455 0.02666666667 0.1)
(0.35 0.02666666667 0.1)
(0.3545454545 0.02666666667 0.1)
(0.3590909091 0.02666666667 0.1)
(0.3636363636 0.02666666667 0.1)
(0.3681818182 0.02666666667 0.1)
(0.3727272727 0.02666666667 0.1)
(0.3772727273 0.02666666667 0.1)
(0.3818181818 0.02666666667 0.1)
(0.3863636364 0.02666666667 0.1)
(0.3909090909 0.02666666667 0.1)
(0.3954545455 0.02666666667 0.1)
(0.4 0.02666666667 0.1)
(0.4045454545 0.02666666667 0.1)
(0.4090909091 0.02666666667 0.1)
(0.4136363636 0.02666666667 0.1)
(0.4181818182 0.02666666667 0.1)
(0.4227272727 0.02666666667 0.1)
(0.4272727273 0.02666666667 0.1)
(0.4318181818 0.02666666667 0.1)
(0.4363636364 0.02666666667 0.1)
(0.4409090909 0.02666666667 0.1)
(0.4454545455 0.02666666667 0.1)
(0.45 0.02666666667 0.1)
(0.4545454545 0.02666666667 0.1)
(0.4590909091 0.02666666667 0.1)
(0.4636363636 0.02666666667 0.1)
(0.4681818182 0.02666666667 0.1)
(0.4727272727 0.02666666667 0.1)
(0.4772727273 0.02666666667 0.1)
(0.4818181818 0.02666666667 0.1)
(0.4863636364 0.02666666667 0.1)
(0.4909090909 0.02666666667 0.1)
(0.4954545455 0.02666666667 0.1)
(0.5 0.02666666667 0.1)
(0.5045454545 0.02666666667 0.1)
(0.5090909091 0.02666666667 0.1)
(0.5136363636 0.02666666667 0.1)
(0.5181818182 0.02666666667 0.1)
(0.5227272727 0.02666666667 0.1)
(0.5272727273 0.02666666667 0.1)
(0.5318181818 0.02666666667 0.1)
(0.5363636364 0.02666666667 0.1)
(0.5409090909 0.02666666667 0.1)
(0.5454545455 0.02666666667 0.1)
(0.55 0.02666666667 0.1)
(0.5545454545 0.02666666667 0.1)
(0.5590909091 0.02666666667 0.1)
(0.5636363636 0.02666666667 0.1)
(0.5681818182 0.02666666667 0.1)
(0.5727272727 0.02666666667 0.1)
(0.5772727273 0.02666666667 0.1)
(0.5818181818 0.02666666667 0.1)
(0.5863636364 0.02666666667 0.1)
(0.5909090909 0.02666666667 0.1)
(0.5954545455 0.02666666667 0.1)
(0.6 0.02666666667 0.1)
(0.6045454545 0.02666666667 0.1)
(0.6090909091 0.02666666667 0.1)
(0.6136363636 0.02666666667 0.1)
(0.6181818182 0.02666666667 0.1)
(0.6227272727 0.02666666667 0.1)
(0.6272727273 0.02666666667 0.1)
(0.6318181818 0.02666666667 0.1)
(0.6363636364 0.02666666667 0.1)
(0.6409090909 0.02666666667 0.1)
(0.6454545455 0.02666666667 0.1)
(0.65 0.02666666667 0.1)
(0.6545454545 0.02666666667 0.1)
(0.6590909091 0.02666666667 0.1)
(0.6636363636 0.02666666667 0.1)
(0.6681818182 0.02666666667 0.1)
(0.6727272727 0.02666666667 0.1)
(0.6772727273 0.02666666667 0.1)
(0.6818181818 0.02666666667 0.1)
(0.6863636364 0.02666666667 0.1)
(0.6909090909 0.02666666667 0.1)
(0.6954545455 0.02666666667 0.1)
(0.7 0.02666666667 0.1)
(0.7045454545 0.02666666667 0.1)
(0.7090909091 0.02666666667 0.1)
(0.7136363636 0.02666666667 0.1)
(0.7181818182 0.02666666667 0.1)
(0.7227272727 0.02666666667 0.1)
(0.7272727273 0.02666666667 0.1)
(0.7318181818 0.02666666667 0.1)
(0.7363636364 0.02666666667 0.1)
(0.7409090909 0.02666666667 0.1)
(0.7454545455 0.02666666667 0.1)
(0.75 0.02666666667 0.1)
(0.7545454545 0.02666666667 0.1)
(0.7590909091 0.02666666667 0.1)
(0.7636363636 0.02666666667 0.1)
(0.7681818182 0.02666666667 0.1)
(0.7727272727 0.02666666667 0.1)
(0.7772727273 0.02666666667 0.1)
(0.7818181818 0.02666666667 0.1)
(0.7863636364 0.02666666667 0.1)
(0.7909090909 0.02666666667 0.1)
(0.7954545455 0.02666666667 0.1)
(0.8 0.02666666667 0.1)
(0.8045454545 0.02666666667 0.1)
(0.8090909091 0.02666666667 0.1)
(0.8136363636 0.02666666667 0.1)
(0.8181818182 0.02666666667 0.1)
(0.8227272727 0.02666666667 0.1)
(0.8272727273 0.02666666667 0.1)
(0.8318181818 0.02666666667 0.1)
(0.8363636364 0.02666666667 0.1)
(0.8409090909 0.02666666667 0.1)
(0.8454545455 0.02666666667 0.1)
(0.85 0.02666666667 0.1)
(0.8545454545 0.02666666667 0.1)
(0.8590909091 0.02666666667 0.1)
(0.8636363636 0.02666666667 0.1)
(0.8681818182 0.02666666667 0.1)
(0.8727272727 0.02666666667 0.1)
(0.8772727273 0.02666666667 0.1)
(0.8818181818 0.02666666667 0.1)
(0.8863636364 0.02666666667 0.1)
(0.8909090909 0.02666666667 0.1)
(0.8954545455 0.02666666667 0.1)
(0.9 0.02666666667 0.1)
(0.9045454545 0.02666666667 0.1)
(0.9090909091 0.02666666667 0.1)
(0.9136363636 0.02666666667 0.1)
(0.9181818182 0.02666666667 0.1)
(0.9227272727 0.02666666667 0.1)
(0.9272727273 0.02666666667 0.1)
(0.9318181818 0.02666666667 0.1)
(0.9363636364 0.02666666667 0.1)
(0.9409090909 0.02666666667 0.1)
(0.9454545455 0.02666666667 0.1)
(0.95 0.02666666667 0.1)
(0.9545454545 0.02666666667 0.1)
(0.9590909091 0.02666666667 0.1)
(0.9636363636 0.02666666667 0.1)
(0.9681818182 0.02666666667 0.1)
(0.9727272727 0.02666666667 0.1)
(0.9772727273 0.02666666667 0.1)
(0.9818181818 0.02666666667 0.1)
(0.9863636364 0.02666666667 0.1)
(0.9909090909 0.02666666667 0.1)
(0.9954545455 0.02666666667 0.1)
(1 0.02666666667 0.1)
(0 0.03333333333 0.1)
(0.004545454545 0.03333333333 0.1)
(0.009090909091 0.03333333333 0.1)
(0.01363636364 0.03333333333 0.1)
(0.01818181818 0.03333333333 0.1)
(0.02272727273 0.03333333333 0.1)
(0.02727272727 0.03333333333 0.1)
(0.03181818182 0.03333333333 0.1)
(0.03636363636 0.03333333333 0.1)
(0.04090909091 0.03333333333 0.1)
(0.04545454545 0.03333333333 0.1)
(0.05 0.03333333333 0.1)
(0.05454545455 0.03333333333 0.1)
(0.05909090909 0.03333333333 0.1)
(0.06363636364 0.03333333333 0.1)
(0.06818181818 0.03333333333 0.1)
(0.07272727273 0.03333333333 0.1)
(0.07727272727 0.03333333333 0.1)
(0.08181818182 0.03333333333 0.1)
(0.08636363636 0.03333333333 0.1)
(0.09090909091 0.03333333333 0.1)
(0.09545454545 0.03333333333 0.1)
(0.1 0.03333333333 0.1)
(0.1045454545 0.03333333333 0.1)
(0.1090909091 0.03333333333 0.1)
(0.1136363636 0.03333333333 0.1)
(0.1181818182 0.03333333333 0.1)
(0.1227272727 0.03333333333 0.1)
(0.1272727273 0.03333333333 0.1)
(0.1318181818 0.03333333333 0.1)
(0.1363636364 0.03333333333 0.1)
(0.1409090909 0.03333333333 0.1)
(0.1454545455 0.03333333333 0.1)
(0.15 0.03333333333 0.1)
(0.1545454545 0.03333333333 0.1)
(0.1590909091 0.03333333333 0.1)
(0.1636363636 0.03333333333 0.1)
(0.1681818182 0.03333333333 0.1)
(0.1727272727 0.03333333333 0.1)
(0.1772727273 0.03333333333 0.1)
(0.1818181818 0.03333333333 0.1)
(0.1863636364 0.03333333333 0.1)
(0.1909090909 0.03333333333 0.1)
(0.1954545455 0.03333333333 0.1)
(0.2 0.03333333333 0.1)
(0.2045454545 0.03333333333 0.1)
(0.2090909091 0.03333333333 0.1)
(0.2136363636 0.03333333333 0.1)
(0.2181818182 0.03333333333 0.1)
(0.2227272727 0.03333333333 0.1)
(0.2272727273 0.03333333333 0.1)
(0.2318181818 0.03333333333 0.1)
(0.2363636364 0.03333333333 0.1)
(0.2409090909 0.03333333333 0.1)
(0.2454545455 0.03333333333 0.1)
(0.25 0.03333333333 0.1)
(0.2545454545 0.03333333333 0.1)
(0.2590909091 0.03333333333 0.1)
(0.2636363636 0.03333333333 0.1)
(0.2681818182 0.03333333333 0.1)
(0.2727272727 0.03333333333 0.1)
(0.2772727273 0.03333333333 0.1)
(0.2818181818 0.03333333333 0.1)
(0.2863636364 0.03333333333 0.1)
(0.2909090909 0.03333333333 0.1)
(0.2954545455 0.03333333333 0.1)
(0.3 0.03333333333 0.1)
(0.3045454545 0.03333333333 0.1)
(0.3090909091 0.03333333333 0.1)
(0.3136363636 0.03333333333 0.1)
(0.3181818182 0.03333333333 0.1)
(0.3227272727 0.03333333333 0.1)
(0.3272727273 0.03333333333 0.1)
(0.3318181818 0.03333333333 0.1)
(0.3363636364 0.03333333333 0.1)
(0.3409090909 0.03333333333 0.1)
(0.3454545455 0.03333333333 0.1)
(0.35 0.03333333333 0.1)
(0.3545454545 0.03333333333 0.1)
(0.3590909091 0.03333333333 0.1)
(0.3636363636 0.03333333333 0.1)
(0.3681818182 0.03333333333 0.1)
(0.3727272727 0.03333333333 0.1)
(0.3772727273 0.03333333333 0.1)
(0.3818181818 0.03333333333 0.1)
(0.3863636364 0.03333333333 0.1)
(0.3909090909 0.03333333333 0.1)
(0.3954545455 0.03333333333 0.1)
(0.4 0.03333333333 0.1)
(0.4045454545 0.03333333333 0.1)
(0.4090909091 0.03333333333 0.1)
(0.4136363636 0.03333333333 0.1)
(0.4181818182 0.03333333333 0.1)
(0.4227272727 0.03333333333 0.1)
(0.4272727273 0.03333333333 0.1)
(0.4318181818 0.03333333333 0.1)
(0.4363636364 0.03333333333 0.1)
(0.4409090909 0.03333333333 0.1)
(0.4454545455 0.03333333333 0.1)
(0.45 0.03333333333 0.1)
(0.4545454545 0.03333333333 0.1)
(0.4590909091 0.03333333333 0.1)
(0.4636363636 0.03333333333 0.1)
(0.4681818182 0.03333333333 0.1)
(0.4727272727 0.03333333333 0.1)
(0.4772727273 0.03333333333 0.1)
(0.4818181818 0.03333333333 0.1)
(0.4863636364 0.03333333333 0.1)
(0.4909090909 0.03333333333 0.1)
(0.4954545455 0.03333333333 0.1)
(0.5 0.03333333333 0.1)
(0.5045454545 0.03333333333 0.1)
(0.5090909091 0.03333333333 0.1)
(0.5136363636 0.03333333333 0.1)
(0.5181818182 0.03333333333 0.1)
(0.5227272727 0.03333333333 0.1)
(0.5272727273 0.03333333333 0.1)
(0.5318181818 0.03333333333 0.1)
(0.5363636364 0.03333333333 0.1)
(0.5409090909 0.03333333333 0.1)
(0.5454545455 0.03333333333 0.1)
(0.55 0.03333333333 0.1)
(0.5545454545 0.03333333333 0.1)
(0.5590909091 0.03333333333 0.1)
(0.5636363636 0.03333333333 0.1)
(0.5681818182 0.03333333333 0.1)
(0.5727272727 0.03333333333 0.1)
(0.5772727273 0.03333333333 0.1)
(0.5818181818 0.03333333333 0.1)
(0.5863636364 0.03333333333 0.1)
(0.5909090909 0.03333333333 0.1)
(0.5954545455 0.03333333333 0.1)
(0.6 0.03333333333 0.1)
(0.6045454545 0.03333333333 0.1)
(0.6090909091 0.03333333333 0.1)
(0.6136363636 0.03333333333 0.1)
(0.6181818182 0.03333333333 0.1)
(0.6227272727 0.03333333333 0.1)
(0.6272727273 0.03333333333 0.1)
(0.6318181818 0.03333333333 0.1)
(0.6363636364 0.03333333333 0.1)
(0.6409090909 0.03333333333 0.1)
(0.6454545455 0.03333333333 0.1)
(0.65 0.03333333333 0.1)
(0.6545454545 0.03333333333 0.1)
(0.6590909091 0.03333333333 0.1)
(0.6636363636 0.03333333333 0.1)
(0.6681818182 0.03333333333 0.1)
(0.6727272727 0.03333333333 0.1)
(0.6772727273 0.03333333333 0.1)
(0.6818181818 0.03333333333 0.1)
(0.6863636364 0.03333333333 0.1)
(0.6909090909 0.03333333333 0.1)
(0.6954545455 0.03333333333 0.1)
(0.7 0.03333333333 0.1)
(0.7045454545 0.03333333333 0.1)
(0.7090909091 0.03333333333 0.1)
(0.7136363636 0.03333333333 0.1)
(0.7181818182 0.03333333333 0.1)
(0.7227272727 0.03333333333 0.1)
(0.7272727273 0.03333333333 0.1)
(0.7318181818 0.03333333333 0.1)
(0.7363636364 0.03333333333 0.1)
(0.7409090909 0.03333333333 0.1)
(0.7454545455 0.03333333333 0.1)
(0.75 0.03333333333 0.1)
(0.7545454545 0.03333333333 0.1)
(0.7590909091 0.03333333333 0.1)
(0.7636363636 0.03333333333 0.1)
(0.7681818182 0.03333333333 0.1)
(0.7727272727 0.03333333333 0.1)
(0.7772727273 0.03333333333 0.1)
(0.7818181818 0.03333333333 0.1)
(0.7863636364 0.03333333333 0.1)
(0.7909090909 0.03333333333 0.1)
(0.7954545455 0.03333333333 0.1)
(0.8 0.03333333333 0.1)
(0.8045454545 0.03333333333 0.1)
(0.8090909091 0.03333333333 0.1)
(0.8136363636 0.03333333333 0.1)
(0.8181818182 0.03333333333 0.1)
(0.8227272727 0.03333333333 0.1)
(0.8272727273 0.03333333333 0.1)
(0.8318181818 0.03333333333 0.1)
(0.8363636364 0.03333333333 0.1)
(0.8409090909 0.03333333333 0.1)
(0.8454545455 0.03333333333 0.1)
(0.85 0.03333333333 0.1)
(0.8545454545 0.03333333333 0.1)
(0.8590909091 0.03333333333 0.1)
(0.8636363636 0.03333333333 0.1)
(0.8681818182 0.03333333333 0.1)
(0.8727272727 0.03333333333 0.1)
(0.8772727273 0.03333333333 0.1)
(0.8818181818 0.03333333333 0.1)
(0.8863636364 0.03333333333 0.1)
(0.8909090909 0.03333333333 0.1)
(0.8954545455 0.03333333333 0.1)
(0.9 0.03333333333 0.1)
(0.9045454545 0.03333333333 0.1)
(0.9090909091 0.03333333333 0.1)
(0.9136363636 0.03333333333 0.1)
(0.9181818182 0.03333333333 0.1)
(0.9227272727 0.03333333333 0.1)
(0.9272727273 0.03333333333 0.1)
(0.9318181818 0.03333333333 0.1)
(0.9363636364 0.03333333333 0.1)
(0.9409090909 0.03333333333 0.1)
(0.9454545455 0.03333333333 0.1)
(0.95 0.03333333333 0.1)
(0.9545454545 0.03333333333 0.1)
(0.9590909091 0.03333333333 0.1)
(0.9636363636 0.03333333333 0.1)
(0.9681818182 0.03333333333 0.1)
(0.9727272727 0.03333333333 0.1)
(0.9772727273 0.03333333333 0.1)
(0.9818181818 0.03333333333 0.1)
(0.9863636364 0.03333333333 0.1)
(0.9909090909 0.03333333333 0.1)
(0.9954545455 0.03333333333 0.1)
(1 0.03333333333 0.1)
(0 0.04 0.1)
(0.004545454545 0.04 0.1)
(0.009090909091 0.04 0.1)
(0.01363636364 0.04 0.1)
(0.01818181818 0.04 0.1)
(0.02272727273 0.04 0.1)
(0.02727272727 0.04 0.1)
(0.03181818182 0.04 0.1)
(0.03636363636 0.04 0.1)
(0.04090909091 0.04 0.1)
(0.04545454545 0.04 0.1)
(0.05 0.04 0.1)
(0.05454545455 0.04 0.1)
(0.05909090909 0.04 0.1)
(0.06363636364 0.04 0.1)
(0.06818181818 0.04 0.1)
(0.07272727273 0.04 0.1)
(0.07727272727 0.04 0.1)
(0.08181818182 0.04 0.1)
(0.08636363636 0.04 0.1)
(0.09090909091 0.04 0.1)
(0.09545454545 0.04 0.1)
(0.1 0.04 0.1)
(0.1045454545 0.04 0.1)
(0.1090909091 0.04 0.1)
(0.1136363636 0.04 0.1)
(0.1181818182 0.04 0.1)
(0.1227272727 0.04 0.1)
(0.1272727273 0.04 0.1)
(0.1318181818 0.04 0.1)
(0.1363636364 0.04 0.1)
(0.1409090909 0.04 0.1)
(0.1454545455 0.04 0.1)
(0.15 0.04 0.1)
(0.1545454545 0.04 0.1)
(0.1590909091 0.04 0.1)
(0.1636363636 0.04 0.1)
(0.1681818182 0.04 0.1)
(0.1727272727 0.04 0.1)
(0.1772727273 0.04 0.1)
(0.1818181818 0.04 0.1)
(0.1863636364 0.04 0.1)
(0.1909090909 0.04 0.1)
(0.1954545455 0.04 0.1)
(0.2 0.04 0.1)
(0.2045454545 0.04 0.1)
(0.2090909091 0.04 0.1)
(0.2136363636 0.04 0.1)
(0.2181818182 0.04 0.1)
(0.2227272727 0.04 0.1)
(0.2272727273 0.04 0.1)
(0.2318181818 0.04 0.1)
(0.2363636364 0.04 0.1)
(0.2409090909 0.04 0.1)
(0.2454545455 0.04 0.1)
(0.25 0.04 0.1)
(0.2545454545 0.04 0.1)
(0.2590909091 0.04 0.1)
(0.2636363636 0.04 0.1)
(0.2681818182 0.04 0.1)
(0.2727272727 0.04 0.1)
(0.2772727273 0.04 0.1)
(0.2818181818 0.04 0.1)
(0.2863636364 0.04 0.1)
(0.2909090909 0.04 0.1)
(0.2954545455 0.04 0.1)
(0.3 0.04 0.1)
(0.3045454545 0.04 0.1)
(0.3090909091 0.04 0.1)
(0.3136363636 0.04 0.1)
(0.3181818182 0.04 0.1)
(0.3227272727 0.04 0.1)
(0.3272727273 0.04 0.1)
(0.3318181818 0.04 0.1)
(0.3363636364 0.04 0.1)
(0.3409090909 0.04 0.1)
(0.3454545455 0.04 0.1)
(0.35 0.04 0.1)
(0.3545454545 0.04 0.1)
(0.3590909091 0.04 0.1)
(0.3636363636 0.04 0.1)
(0.3681818182 0.04 0.1)
(0.3727272727 0.04 0.1)
(0.3772727273 0.04 0.1)
(0.3818181818 0.04 0.1)
(0.3863636364 0.04 0.1)
(0.3909090909 0.04 0.1)
(0.3954545455 0.04 0.1)
(0.4 0.04 0.1)
(0.4045454545 0.04 0.1)
(0.4090909091 0.04 0.1)
(0.4136363636 0.04 0.1)
(0.4181818182 0.04 0.1)
(0.4227272727 0.04 0.1)
(0.4272727273 0.04 0.1)
(0.4318181818 0.04 0.1)
(0.4363636364 0.04 0.1)
(0.4409090909 0.04 0.1)
(0.4454545455 0.04 0.1)
(0.45 0.04 0.1)
(0.4545454545 0.04 0.1)
(0.4590909091 0.04 0.1)
(0.4636363636 0.04 0.1)
(0.4681818182 0.04 0.1)
(0.4727272727 0.04 0.1)
(0.4772727273 0.04 0.1)
(0.4818181818 0.04 0.1)
(0.4863636364 0.04 0.1)
(0.4909090909 0.04 0.1)
(0.4954545455 0.04 0.1)
(0.5 0.04 0.1)
(0.5045454545 0.04 0.1)
(0.5090909091 0.04 0.1)
(0.5136363636 0.04 0.1)
(0.5181818182 0.04 0.1)
(0.5227272727 0.04 0.1)
(0.5272727273 0.04 0.1)
(0.5318181818 0.04 0.1)
(0.5363636364 0.04 0.1)
(0.5409090909 0.04 0.1)
(0.5454545455 0.04 0.1)
(0.55 0.04 0.1)
(0.5545454545 0.04 0.1)
(0.5590909091 0.04 0.1)
(0.5636363636 0.04 0.1)
(0.5681818182 0.04 0.1)
(0.5727272727 0.04 0.1)
(0.5772727273 0.04 0.1)
(0.5818181818 0.04 0.1)
(0.5863636364 0.04 0.1)
(0.5909090909 0.04 0.1)
(0.5954545455 0.04 0.1)
(0.6 0.04 0.1)
(0.6045454545 0.04 0.1)
(0.6090909091 0.04 0.1)
(0.6136363636 0.04 0.1)
(0.6181818182 0.04 0.1)
(0.6227272727 0.04 0.1)
(0.6272727273 0.04 0.1)
(0.6318181818 0.04 0.1)
(0.6363636364 0.04 0.1)
(0.6409090909 0.04 0.1)
(0.6454545455 0.04 0.1)
(0.65 0.04 0.1)
(0.6545454545 0.04 0.1)
(0.6590909091 0.04 0.1)
(0.6636363636 0.04 0.1)
(0.6681818182 0.04 0.1)
(0.6727272727 0.04 0.1)
(0.6772727273 0.04 0.1)
(0.6818181818 0.04 0.1)
(0.6863636364 0.04 0.1)
(0.6909090909 0.04 0.1)
(0.6954545455 0.04 0.1)
(0.7 0.04 0.1)
(0.7045454545 0.04 0.1)
(0.7090909091 0.04 0.1)
(0.7136363636 0.04 0.1)
(0.7181818182 0.04 0.1)
(0.7227272727 0.04 0.1)
(0.7272727273 0.04 0.1)
(0.7318181818 0.04 0.1)
(0.7363636364 0.04 0.1)
(0.7409090909 0.04 0.1)
(0.7454545455 0.04 0.1)
(0.75 0.04 0.1)
(0.7545454545 0.04 0.1)
(0.7590909091 0.04 0.1)
(0.7636363636 0.04 0.1)
(0.7681818182 0.04 0.1)
(0.7727272727 0.04 0.1)
(0.7772727273 0.04 0.1)
(0.7818181818 0.04 0.1)
(0.7863636364 0.04 0.1)
(0.7909090909 0.04 0.1)
(0.7954545455 0.04 0.1)
(0.8 0.04 0.1)
(0.8045454545 0.04 0.1)
(0.8090909091 0.04 0.1)
(0.8136363636 0.04 0.1)
(0.8181818182 0.04 0.1)
(0.8227272727 0.04 0.1)
(0.8272727273 0.04 0.1)
(0.8318181818 0.04 0.1)
(0.8363636364 0.04 0.1)
(0.8409090909 0.04 0.1)
(0.8454545455 0.04 0.1)
(0.85 0.04 0.1)
(0.8545454545 0.04 0.1)
(0.8590909091 0.04 0.1)
(0.8636363636 0.04 0.1)
(0.8681818182 0.04 0.1)
(0.8727272727 0.04 0.1)
(0.8772727273 0.04 0.1)
(0.8818181818 0.04 0.1)
(0.8863636364 0.04 0.1)
(0.8909090909 0.04 0.1)
(0.8954545455 0.04 0.1)
(0.9 0.04 0.1)
(0.9045454545 0.04 0.1)
(0.9090909091 0.04 0.1)
(0.9136363636 0.04 0.1)
(0.9181818182 0.04 0.1)
(0.9227272727 0.04 0.1)
(0.9272727273 0.04 0.1)
(0.9318181818 0.04 0.1)
(0.9363636364 0.04 0.1)
(0.9409090909 0.04 0.1)
(0.9454545455 0.04 0.1)
(0.95 0.04 0.1)
(0.9545454545 0.04 0.1)
(0.9590909091 0.04 0.1)
(0.9636363636 0.04 0.1)
(0.9681818182 0.04 0.1)
(0.9727272727 0.04 0.1)
(0.9772727273 0.04 0.1)
(0.9818181818 0.04 0.1)
(0.9863636364 0.04 0.1)
(0.9909090909 0.04 0.1)
(0.9954545455 0.04 0.1)
(1 0.04 0.1)
(0 0.04666666667 0.1)
(0.004545454545 0.04666666667 0.1)
(0.009090909091 0.04666666667 0.1)
(0.01363636364 0.04666666667 0.1)
(0.01818181818 0.04666666667 0.1)
(0.02272727273 0.04666666667 0.1)
(0.02727272727 0.04666666667 0.1)
(0.03181818182 0.04666666667 0.1)
(0.03636363636 0.04666666667 0.1)
(0.04090909091 0.04666666667 0.1)
(0.04545454545 0.04666666667 0.1)
(0.05 0.04666666667 0.1)
(0.05454545455 0.04666666667 0.1)
(0.05909090909 0.04666666667 0.1)
(0.06363636364 0.04666666667 0.1)
(0.06818181818 0.04666666667 0.1)
(0.07272727273 0.04666666667 0.1)
(0.07727272727 0.04666666667 0.1)
(0.08181818182 0.04666666667 0.1)
(0.08636363636 0.04666666667 0.1)
(0.09090909091 0.04666666667 0.1)
(0.09545454545 0.04666666667 0.1)
(0.1 0.04666666667 0.1)
(0.1045454545 0.04666666667 0.1)
(0.1090909091 0.04666666667 0.1)
(0.1136363636 0.04666666667 0.1)
(0.1181818182 0.04666666667 0.1)
(0.1227272727 0.04666666667 0.1)
(0.1272727273 0.04666666667 0.1)
(0.1318181818 0.04666666667 0.1)
(0.1363636364 0.04666666667 0.1)
(0.1409090909 0.04666666667 0.1)
(0.1454545455 0.04666666667 0.1)
(0.15 0.04666666667 0.1)
(0.1545454545 0.04666666667 0.1)
(0.1590909091 0.04666666667 0.1)
(0.1636363636 0.04666666667 0.1)
(0.1681818182 0.04666666667 0.1)
(0.1727272727 0.04666666667 0.1)
(0.1772727273 0.04666666667 0.1)
(0.1818181818 0.04666666667 0.1)
(0.1863636364 0.04666666667 0.1)
(0.1909090909 0.04666666667 0.1)
(0.1954545455 0.04666666667 0.1)
(0.2 0.04666666667 0.1)
(0.2045454545 0.04666666667 0.1)
(0.2090909091 0.04666666667 0.1)
(0.2136363636 0.04666666667 0.1)
(0.2181818182 0.04666666667 0.1)
(0.2227272727 0.04666666667 0.1)
(0.2272727273 0.04666666667 0.1)
(0.2318181818 0.04666666667 0.1)
(0.2363636364 0.04666666667 0.1)
(0.2409090909 0.04666666667 0.1)
(0.2454545455 0.04666666667 0.1)
(0.25 0.04666666667 0.1)
(0.2545454545 0.04666666667 0.1)
(0.2590909091 0.04666666667 0.1)
(0.2636363636 0.04666666667 0.1)
(0.2681818182 0.04666666667 0.1)
(0.2727272727 0.04666666667 0.1)
(0.2772727273 0.04666666667 0.1)
(0.2818181818 0.04666666667 0.1)
(0.2863636364 0.04666666667 0.1)
(0.2909090909 0.04666666667 0.1)
(0.2954545455 0.04666666667 0.1)
(0.3 0.04666666667 0.1)
(0.3045454545 0.04666666667 0.1)
(0.3090909091 0.04666666667 0.1)
(0.3136363636 0.04666666667 0.1)
(0.3181818182 0.04666666667 0.1)
(0.3227272727 0.04666666667 0.1)
(0.3272727273 0.04666666667 0.1)
(0.3318181818 0.04666666667 0.1)
(0.3363636364 0.04666666667 0.1)
(0.3409090909 0.04666666667 0.1)
(0.3454545455 0.04666666667 0.1)
(0.35 0.04666666667 0.1)
(0.3545454545 0.04666666667 0.1)
(0.3590909091 0.04666666667 0.1)
(0.3636363636 0.04666666667 0.1)
(0.3681818182 0.04666666667 0.1)
(0.3727272727 0.04666666667 0.1)
(0.3772727273 0.04666666667 0.1)
(0.3818181818 0.04666666667 0.1)
(0.3863636364 0.04666666667 0.1)
(0.3909090909 0.04666666667 0.1)
(0.3954545455 0.04666666667 0.1)
(0.4 0.04666666667 0.1)
(0.4045454545 0.04666666667 0.1)
(0.4090909091 0.04666666667 0.1)
(0.4136363636 0.04666666667 0.1)
(0.4181818182 0.04666666667 0.1)
(0.4227272727 0.04666666667 0.1)
(0.4272727273 0.04666666667 0.1)
(0.4318181818 0.04666666667 0.1)
(0.4363636364 0.04666666667 0.1)
(0.4409090909 0.04666666667 0.1)
(0.4454545455 0.04666666667 0.1)
(0.45 0.04666666667 0.1)
(0.4545454545 0.04666666667 0.1)
(0.4590909091 0.04666666667 0.1)
(0.4636363636 0.04666666667 0.1)
(0.4681818182 0.04666666667 0.1)
(0.4727272727 0.04666666667 0.1)
(0.4772727273 0.04666666667 0.1)
(0.4818181818 0.04666666667 0.1)
(0.4863636364 0.04666666667 0.1)
(0.4909090909 0.04666666667 0.1)
(0.4954545455 0.04666666667 0.1)
(0.5 0.04666666667 0.1)
(0.5045454545 0.04666666667 0.1)
(0.5090909091 0.04666666667 0.1)
(0.5136363636 0.04666666667 0.1)
(0.5181818182 0.04666666667 0.1)
(0.5227272727 0.04666666667 0.1)
(0.5272727273 0.04666666667 0.1)
(0.5318181818 0.04666666667 0.1)
(0.5363636364 0.04666666667 0.1)
(0.5409090909 0.04666666667 0.1)
(0.5454545455 0.04666666667 0.1)
(0.55 0.04666666667 0.1)
(0.5545454545 0.04666666667 0.1)
(0.5590909091 0.04666666667 0.1)
(0.5636363636 0.04666666667 0.1)
(0.5681818182 0.04666666667 0.1)
(0.5727272727 0.04666666667 0.1)
(0.5772727273 0.04666666667 0.1)
(0.5818181818 0.04666666667 0.1)
(0.5863636364 0.04666666667 0.1)
(0.5909090909 0.04666666667 0.1)
(0.5954545455 0.04666666667 0.1)
(0.6 0.04666666667 0.1)
(0.6045454545 0.04666666667 0.1)
(0.6090909091 0.04666666667 0.1)
(0.6136363636 0.04666666667 0.1)
(0.6181818182 0.04666666667 0.1)
(0.6227272727 0.04666666667 0.1)
(0.6272727273 0.04666666667 0.1)
(0.6318181818 0.04666666667 0.1)
(0.6363636364 0.04666666667 0.1)
(0.6409090909 0.04666666667 0.1)
(0.6454545455 0.04666666667 0.1)
(0.65 0.04666666667 0.1)
(0.6545454545 0.04666666667 0.1)
(0.6590909091 0.04666666667 0.1)
(0.6636363636 0.04666666667 0.1)
(0.6681818182 0.04666666667 0.1)
(0.6727272727 0.04666666667 0.1)
(0.6772727273 0.04666666667 0.1)
(0.6818181818 0.04666666667 0.1)
(0.6863636364 0.04666666667 0.1)
(0.6909090909 0.04666666667 0.1)
(0.6954545455 0.04666666667 0.1)
(0.7 0.04666666667 0.1)
(0.7045454545 0.04666666667 0.1)
(0.7090909091 0.04666666667 0.1)
(0.7136363636 0.04666666667 0.1)
(0.7181818182 0.04666666667 0.1)
(0.7227272727 0.04666666667 0.1)
(0.7272727273 0.04666666667 0.1)
(0.7318181818 0.04666666667 0.1)
(0.7363636364 0.04666666667 0.1)
(0.7409090909 0.04666666667 0.1)
(0.7454545455 0.04666666667 0.1)
(0.75 0.04666666667 0.1)
(0.7545454545 0.04666666667 0.1)
(0.7590909091 0.04666666667 0.1)
(0.7636363636 0.04666666667 0.1)
(0.7681818182 0.04666666667 0.1)
(0.7727272727 0.04666666667 0.1)
(0.7772727273 0.04666666667 0.1)
(0.7818181818 0.04666666667 0.1)
(0.7863636364 0.04666666667 0.1)
(0.7909090909 0.04666666667 0.1)
(0.7954545455 0.04666666667 0.1)
(0.8 0.04666666667 0.1)
(0.8045454545 0.04666666667 0.1)
(0.8090909091 0.04666666667 0.1)
(0.8136363636 0.04666666667 0.1)
(0.8181818182 0.04666666667 0.1)
(0.8227272727 0.04666666667 0.1)
(0.8272727273 0.04666666667 0.1)
(0.8318181818 0.04666666667 0.1)
(0.8363636364 0.04666666667 0.1)
(0.8409090909 0.04666666667 0.1)
(0.8454545455 0.04666666667 0.1)
(0.85 0.04666666667 0.1)
(0.8545454545 0.04666666667 0.1)
(0.8590909091 0.04666666667 0.1)
(0.8636363636 0.04666666667 0.1)
(0.8681818182 0.04666666667 0.1)
(0.8727272727 0.04666666667 0.1)
(0.8772727273 0.04666666667 0.1)
(0.8818181818 0.04666666667 0.1)
(0.8863636364 0.04666666667 0.1)
(0.8909090909 0.04666666667 0.1)
(0.8954545455 0.04666666667 0.1)
(0.9 0.04666666667 0.1)
(0.9045454545 0.04666666667 0.1)
(0.9090909091 0.04666666667 0.1)
(0.9136363636 0.04666666667 0.1)
(0.9181818182 0.04666666667 0.1)
(0.9227272727 0.04666666667 0.1)
(0.9272727273 0.04666666667 0.1)
(0.9318181818 0.04666666667 0.1)
(0.9363636364 0.04666666667 0.1)
(0.9409090909 0.04666666667 0.1)
(0.9454545455 0.04666666667 0.1)
(0.95 0.04666666667 0.1)
(0.9545454545 0.04666666667 0.1)
(0.9590909091 0.04666666667 0.1)
(0.9636363636 0.04666666667 0.1)
(0.9681818182 0.04666666667 0.1)
(0.9727272727 0.04666666667 0.1)
(0.9772727273 0.04666666667 0.1)
(0.9818181818 0.04666666667 0.1)
(0.9863636364 0.04666666667 0.1)
(0.9909090909 0.04666666667 0.1)
(0.9954545455 0.04666666667 0.1)
(1 0.04666666667 0.1)
(0 0.05333333333 0.1)
(0.004545454545 0.05333333333 0.1)
(0.009090909091 0.05333333333 0.1)
(0.01363636364 0.05333333333 0.1)
(0.01818181818 0.05333333333 0.1)
(0.02272727273 0.05333333333 0.1)
(0.02727272727 0.05333333333 0.1)
(0.03181818182 0.05333333333 0.1)
(0.03636363636 0.05333333333 0.1)
(0.04090909091 0.05333333333 0.1)
(0.04545454545 0.05333333333 0.1)
(0.05 0.05333333333 0.1)
(0.05454545455 0.05333333333 0.1)
(0.05909090909 0.05333333333 0.1)
(0.06363636364 0.05333333333 0.1)
(0.06818181818 0.05333333333 0.1)
(0.07272727273 0.05333333333 0.1)
(0.07727272727 0.05333333333 0.1)
(0.08181818182 0.05333333333 0.1)
(0.08636363636 0.05333333333 0.1)
(0.09090909091 0.05333333333 0.1)
(0.09545454545 0.05333333333 0.1)
(0.1 0.05333333333 0.1)
(0.1045454545 0.05333333333 0.1)
(0.1090909091 0.05333333333 0.1)
(0.1136363636 0.05333333333 0.1)
(0.1181818182 0.05333333333 0.1)
(0.1227272727 0.05333333333 0.1)
(0.1272727273 0.05333333333 0.1)
(0.1318181818 0.05333333333 0.1)
(0.1363636364 0.05333333333 0.1)
(0.1409090909 0.05333333333 0.1)
(0.1454545455 0.05333333333 0.1)
(0.15 0.05333333333 0.1)
(0.1545454545 0.05333333333 0.1)
(0.1590909091 0.05333333333 0.1)
(0.1636363636 0.05333333333 0.1)
(0.1681818182 0.05333333333 0.1)
(0.1727272727 0.05333333333 0.1)
(0.1772727273 0.05333333333 0.1)
(0.1818181818 0.05333333333 0.1)
(0.1863636364 0.05333333333 0.1)
(0.1909090909 0.05333333333 0.1)
(0.1954545455 0.05333333333 0.1)
(0.2 0.05333333333 0.1)
(0.2045454545 0.05333333333 0.1)
(0.2090909091 0.05333333333 0.1)
(0.2136363636 0.05333333333 0.1)
(0.2181818182 0.05333333333 0.1)
(0.2227272727 0.05333333333 0.1)
(0.2272727273 0.05333333333 0.1)
(0.2318181818 0.05333333333 0.1)
(0.2363636364 0.05333333333 0.1)
(0.2409090909 0.05333333333 0.1)
(0.2454545455 0.05333333333 0.1)
(0.25 0.05333333333 0.1)
(0.2545454545 0.05333333333 0.1)
(0.2590909091 0.05333333333 0.1)
(0.2636363636 0.05333333333 0.1)
(0.2681818182 0.05333333333 0.1)
(0.2727272727 0.05333333333 0.1)
(0.2772727273 0.05333333333 0.1)
(0.2818181818 0.05333333333 0.1)
(0.2863636364 0.05333333333 0.1)
(0.2909090909 0.05333333333 0.1)
(0.2954545455 0.05333333333 0.1)
(0.3 0.05333333333 0.1)
(0.3045454545 0.05333333333 0.1)
(0.3090909091 0.05333333333 0.1)
(0.3136363636 0.05333333333 0.1)
(0.3181818182 0.05333333333 0.1)
(0.3227272727 0.05333333333 0.1)
(0.3272727273 0.05333333333 0.1)
(0.3318181818 0.05333333333 0.1)
(0.3363636364 0.05333333333 0.1)
(0.3409090909 0.05333333333 0.1)
(0.3454545455 0.05333333333 0.1)
(0.35 0.05333333333 0.1)
(0.3545454545 0.05333333333 0.1)
(0.3590909091 0.05333333333 0.1)
(0.3636363636 0.05333333333 0.1)
(0.3681818182 0.05333333333 0.1)
(0.3727272727 0.05333333333 0.1)
(0.3772727273 0.05333333333 0.1)
(0.3818181818 0.05333333333 0.1)
(0.3863636364 0.05333333333 0.1)
(0.3909090909 0.05333333333 0.1)
(0.3954545455 0.05333333333 0.1)
(0.4 0.05333333333 0.1)
(0.4045454545 0.05333333333 0.1)
(0.4090909091 0.05333333333 0.1)
(0.4136363636 0.05333333333 0.1)
(0.4181818182 0.05333333333 0.1)
(0.4227272727 0.05333333333 0.1)
(0.4272727273 0.05333333333 0.1)
(0.4318181818 0.05333333333 0.1)
(0.4363636364 0.05333333333 0.1)
(0.4409090909 0.05333333333 0.1)
(0.4454545455 0.05333333333 0.1)
(0.45 0.05333333333 0.1)
(0.4545454545 0.05333333333 0.1)
(0.4590909091 0.05333333333 0.1)
(0.4636363636 0.05333333333 0.1)
(0.4681818182 0.05333333333 0.1)
(0.4727272727 0.05333333333 0.1)
(0.4772727273 0.05333333333 0.1)
(0.4818181818 0.05333333333 0.1)
(0.4863636364 0.05333333333 0.1)
(0.4909090909 0.05333333333 0.1)
(0.4954545455 0.05333333333 0.1)
(0.5 0.05333333333 0.1)
(0.5045454545 0.05333333333 0.1)
(0.5090909091 0.05333333333 0.1)
(0.5136363636 0.05333333333 0.1)
(0.5181818182 0.05333333333 0.1)
(0.5227272727 0.05333333333 0.1)
(0.5272727273 0.05333333333 0.1)
(0.5318181818 0.05333333333 0.1)
(0.5363636364 0.05333333333 0.1)
(0.5409090909 0.05333333333 0.1)
(0.5454545455 0.05333333333 0.1)
(0.55 0.05333333333 0.1)
(0.5545454545 0.05333333333 0.1)
(0.5590909091 0.05333333333 0.1)
(0.5636363636 0.05333333333 0.1)
(0.5681818182 0.05333333333 0.1)
(0.5727272727 0.05333333333 0.1)
(0.5772727273 0.05333333333 0.1)
(0.5818181818 0.05333333333 0.1)
(0.5863636364 0.05333333333 0.1)
(0.5909090909 0.05333333333 0.1)
(0.5954545455 0.05333333333 0.1)
(0.6 0.05333333333 0.1)
(0.6045454545 0.05333333333 0.1)
(0.6090909091 0.05333333333 0.1)
(0.6136363636 0.05333333333 0.1)
(0.6181818182 0.05333333333 0.1)
(0.6227272727 0.05333333333 0.1)
(0.6272727273 0.05333333333 0.1)
(0.6318181818 0.05333333333 0.1)
(0.6363636364 0.05333333333 0.1)
(0.6409090909 0.05333333333 0.1)
(0.6454545455 0.05333333333 0.1)
(0.65 0.05333333333 0.1)
(0.6545454545 0.05333333333 0.1)
(0.6590909091 0.05333333333 0.1)
(0.6636363636 0.05333333333 0.1)
(0.6681818182 0.05333333333 0.1)
(0.6727272727 0.05333333333 0.1)
(0.6772727273 0.05333333333 0.1)
(0.6818181818 0.05333333333 0.1)
(0.6863636364 0.05333333333 0.1)
(0.6909090909 0.05333333333 0.1)
(0.6954545455 0.05333333333 0.1)
(0.7 0.05333333333 0.1)
(0.7045454545 0.05333333333 0.1)
(0.7090909091 0.05333333333 0.1)
(0.7136363636 0.05333333333 0.1)
(0.7181818182 0.05333333333 0.1)
(0.7227272727 0.05333333333 0.1)
(0.7272727273 0.05333333333 0.1)
(0.7318181818 0.05333333333 0.1)
(0.7363636364 0.05333333333 0.1)
(0.7409090909 0.05333333333 0.1)
(0.7454545455 0.05333333333 0.1)
(0.75 0.05333333333 0.1)
(0.7545454545 0.05333333333 0.1)
(0.7590909091 0.05333333333 0.1)
(0.7636363636 0.05333333333 0.1)
(0.7681818182 0.05333333333 0.1)
(0.7727272727 0.05333333333 0.1)
(0.7772727273 0.05333333333 0.1)
(0.7818181818 0.05333333333 0.1)
(0.7863636364 0.05333333333 0.1)
(0.7909090909 0.05333333333 0.1)
(0.7954545455 0.05333333333 0.1)
(0.8 0.05333333333 0.1)
(0.8045454545 0.05333333333 0.1)
(0.8090909091 0.05333333333 0.1)
(0.8136363636 0.05333333333 0.1)
(0.8181818182 0.05333333333 0.1)
(0.8227272727 0.05333333333 0.1)
(0.8272727273 0.05333333333 0.1)
(0.8318181818 0.05333333333 0.1)
(0.8363636364 0.05333333333 0.1)
(0.8409090909 0.05333333333 0.1)
(0.8454545455 0.05333333333 0.1)
(0.85 0.05333333333 0.1)
(0.8545454545 0.05333333333 0.1)
(0.8590909091 0.05333333333 0.1)
(0.8636363636 0.05333333333 0.1)
(0.8681818182 0.05333333333 0.1)
(0.8727272727 0.05333333333 0.1)
(0.8772727273 0.05333333333 0.1)
(0.8818181818 0.05333333333 0.1)
(0.8863636364 0.05333333333 0.1)
(0.8909090909 0.05333333333 0.1)
(0.8954545455 0.05333333333 0.1)
(0.9 0.05333333333 0.1)
(0.9045454545 0.05333333333 0.1)
(0.9090909091 0.05333333333 0.1)
(0.9136363636 0.05333333333 0.1)
(0.9181818182 0.05333333333 0.1)
(0.9227272727 0.05333333333 0.1)
(0.9272727273 0.05333333333 0.1)
(0.9318181818 0.05333333333 0.1)
(0.9363636364 0.05333333333 0.1)
(0.9409090909 0.05333333333 0.1)
(0.9454545455 0.05333333333 0.1)
(0.95 0.05333333333 0.1)
(0.9545454545 0.05333333333 0.1)
(0.9590909091 0.05333333333 0.1)
(0.9636363636 0.05333333333 0.1)
(0.9681818182 0.05333333333 0.1)
(0.9727272727 0.05333333333 0.1)
(0.9772727273 0.05333333333 0.1)
(0.9818181818 0.05333333333 0.1)
(0.9863636364 0.05333333333 0.1)
(0.9909090909 0.05333333333 0.1)
(0.9954545455 0.05333333333 0.1)
(1 0.05333333333 0.1)
(0 0.06 0.1)
(0.004545454545 0.06 0.1)
(0.009090909091 0.06 0.1)
(0.01363636364 0.06 0.1)
(0.01818181818 0.06 0.1)
(0.02272727273 0.06 0.1)
(0.02727272727 0.06 0.1)
(0.03181818182 0.06 0.1)
(0.03636363636 0.06 0.1)
(0.04090909091 0.06 0.1)
(0.04545454545 0.06 0.1)
(0.05 0.06 0.1)
(0.05454545455 0.06 0.1)
(0.05909090909 0.06 0.1)
(0.06363636364 0.06 0.1)
(0.06818181818 0.06 0.1)
(0.07272727273 0.06 0.1)
(0.07727272727 0.06 0.1)
(0.08181818182 0.06 0.1)
(0.08636363636 0.06 0.1)
(0.09090909091 0.06 0.1)
(0.09545454545 0.06 0.1)
(0.1 0.06 0.1)
(0.1045454545 0.06 0.1)
(0.1090909091 0.06 0.1)
(0.1136363636 0.06 0.1)
(0.1181818182 0.06 0.1)
(0.1227272727 0.06 0.1)
(0.1272727273 0.06 0.1)
(0.1318181818 0.06 0.1)
(0.1363636364 0.06 0.1)
(0.1409090909 0.06 0.1)
(0.1454545455 0.06 0.1)
(0.15 0.06 0.1)
(0.1545454545 0.06 0.1)
(0.1590909091 0.06 0.1)
(0.1636363636 0.06 0.1)
(0.1681818182 0.06 0.1)
(0.1727272727 0.06 0.1)
(0.1772727273 0.06 0.1)
(0.1818181818 0.06 0.1)
(0.1863636364 0.06 0.1)
(0.1909090909 0.06 0.1)
(0.1954545455 0.06 0.1)
(0.2 0.06 0.1)
(0.2045454545 0.06 0.1)
(0.2090909091 0.06 0.1)
(0.2136363636 0.06 0.1)
(0.2181818182 0.06 0.1)
(0.2227272727 0.06 0.1)
(0.2272727273 0.06 0.1)
(0.2318181818 0.06 0.1)
(0.2363636364 0.06 0.1)
(0.2409090909 0.06 0.1)
(0.2454545455 0.06 0.1)
(0.25 0.06 0.1)
(0.2545454545 0.06 0.1)
(0.2590909091 0.06 0.1)
(0.2636363636 0.06 0.1)
(0.2681818182 0.06 0.1)
(0.2727272727 0.06 0.1)
(0.2772727273 0.06 0.1)
(0.2818181818 0.06 0.1)
(0.2863636364 0.06 0.1)
(0.2909090909 0.06 0.1)
(0.2954545455 0.06 0.1)
(0.3 0.06 0.1)
(0.3045454545 0.06 0.1)
(0.3090909091 0.06 0.1)
(0.3136363636 0.06 0.1)
(0.3181818182 0.06 0.1)
(0.3227272727 0.06 0.1)
(0.3272727273 0.06 0.1)
(0.3318181818 0.06 0.1)
(0.3363636364 0.06 0.1)
(0.3409090909 0.06 0.1)
(0.3454545455 0.06 0.1)
(0.35 0.06 0.1)
(0.3545454545 0.06 0.1)
(0.3590909091 0.06 0.1)
(0.3636363636 0.06 0.1)
(0.3681818182 0.06 0.1)
(0.3727272727 0.06 0.1)
(0.3772727273 0.06 0.1)
(0.3818181818 0.06 0.1)
(0.3863636364 0.06 0.1)
(0.3909090909 0.06 0.1)
(0.3954545455 0.06 0.1)
(0.4 0.06 0.1)
(0.4045454545 0.06 0.1)
(0.4090909091 0.06 0.1)
(0.4136363636 0.06 0.1)
(0.4181818182 0.06 0.1)
(0.4227272727 0.06 0.1)
(0.4272727273 0.06 0.1)
(0.4318181818 0.06 0.1)
(0.4363636364 0.06 0.1)
(0.4409090909 0.06 0.1)
(0.4454545455 0.06 0.1)
(0.45 0.06 0.1)
(0.4545454545 0.06 0.1)
(0.4590909091 0.06 0.1)
(0.4636363636 0.06 0.1)
(0.4681818182 0.06 0.1)
(0.4727272727 0.06 0.1)
(0.4772727273 0.06 0.1)
(0.4818181818 0.06 0.1)
(0.4863636364 0.06 0.1)
(0.4909090909 0.06 0.1)
(0.4954545455 0.06 0.1)
(0.5 0.06 0.1)
(0.5045454545 0.06 0.1)
(0.5090909091 0.06 0.1)
(0.5136363636 0.06 0.1)
(0.5181818182 0.06 0.1)
(0.5227272727 0.06 0.1)
(0.5272727273 0.06 0.1)
(0.5318181818 0.06 0.1)
(0.5363636364 0.06 0.1)
(0.5409090909 0.06 0.1)
(0.5454545455 0.06 0.1)
(0.55 0.06 0.1)
(0.5545454545 0.06 0.1)
(0.5590909091 0.06 0.1)
(0.5636363636 0.06 0.1)
(0.5681818182 0.06 0.1)
(0.5727272727 0.06 0.1)
(0.5772727273 0.06 0.1)
(0.5818181818 0.06 0.1)
(0.5863636364 0.06 0.1)
(0.5909090909 0.06 0.1)
(0.5954545455 0.06 0.1)
(0.6 0.06 0.1)
(0.6045454545 0.06 0.1)
(0.6090909091 0.06 0.1)
(0.6136363636 0.06 0.1)
(0.6181818182 0.06 0.1)
(0.6227272727 0.06 0.1)
(0.6272727273 0.06 0.1)
(0.6318181818 0.06 0.1)
(0.6363636364 0.06 0.1)
(0.6409090909 0.06 0.1)
(0.6454545455 0.06 0.1)
(0.65 0.06 0.1)
(0.6545454545 0.06 0.1)
(0.6590909091 0.06 0.1)
(0.6636363636 0.06 0.1)
(0.6681818182 0.06 0.1)
(0.6727272727 0.06 0.1)
(0.6772727273 0.06 0.1)
(0.6818181818 0.06 0.1)
(0.6863636364 0.06 0.1)
(0.6909090909 0.06 0.1)
(0.6954545455 0.06 0.1)
(0.7 0.06 0.1)
(0.7045454545 0.06 0.1)
(0.7090909091 0.06 0.1)
(0.7136363636 0.06 0.1)
(0.7181818182 0.06 0.1)
(0.7227272727 0.06 0.1)
(0.7272727273 0.06 0.1)
(0.7318181818 0.06 0.1)
(0.7363636364 0.06 0.1)
(0.7409090909 0.06 0.1)
(0.7454545455 0.06 0.1)
(0.75 0.06 0.1)
(0.7545454545 0.06 0.1)
(0.7590909091 0.06 0.1)
(0.7636363636 0.06 0.1)
(0.7681818182 0.06 0.1)
(0.7727272727 0.06 0.1)
(0.7772727273 0.06 0.1)
(0.7818181818 0.06 0.1)
(0.7863636364 0.06 0.1)
(0.7909090909 0.06 0.1)
(0.7954545455 0.06 0.1)
(0.8 0.06 0.1)
(0.8045454545 0.06 0.1)
(0.8090909091 0.06 0.1)
(0.8136363636 0.06 0.1)
(0.8181818182 0.06 0.1)
(0.8227272727 0.06 0.1)
(0.8272727273 0.06 0.1)
(0.8318181818 0.06 0.1)
(0.8363636364 0.06 0.1)
(0.8409090909 0.06 0.1)
(0.8454545455 0.06 0.1)
(0.85 0.06 0.1)
(0.8545454545 0.06 0.1)
(0.8590909091 0.06 0.1)
(0.8636363636 0.06 0.1)
(0.8681818182 0.06 0.1)
(0.8727272727 0.06 0.1)
(0.8772727273 0.06 0.1)
(0.8818181818 0.06 0.1)
(0.8863636364 0.06 0.1)
(0.8909090909 0.06 0.1)
(0.8954545455 0.06 0.1)
(0.9 0.06 0.1)
(0.9045454545 0.06 0.1)
(0.9090909091 0.06 0.1)
(0.9136363636 0.06 0.1)
(0.9181818182 0.06 0.1)
(0.9227272727 0.06 0.1)
(0.9272727273 0.06 0.1)
(0.9318181818 0.06 0.1)
(0.9363636364 0.06 0.1)
(0.9409090909 0.06 0.1)
(0.9454545455 0.06 0.1)
(0.95 0.06 0.1)
(0.9545454545 0.06 0.1)
(0.9590909091 0.06 0.1)
(0.9636363636 0.06 0.1)
(0.9681818182 0.06 0.1)
(0.9727272727 0.06 0.1)
(0.9772727273 0.06 0.1)
(0.9818181818 0.06 0.1)
(0.9863636364 0.06 0.1)
(0.9909090909 0.06 0.1)
(0.9954545455 0.06 0.1)
(1 0.06 0.1)
(0 0.06666666667 0.1)
(0.004545454545 0.06666666667 0.1)
(0.009090909091 0.06666666667 0.1)
(0.01363636364 0.06666666667 0.1)
(0.01818181818 0.06666666667 0.1)
(0.02272727273 0.06666666667 0.1)
(0.02727272727 0.06666666667 0.1)
(0.03181818182 0.06666666667 0.1)
(0.03636363636 0.06666666667 0.1)
(0.04090909091 0.06666666667 0.1)
(0.04545454545 0.06666666667 0.1)
(0.05 0.06666666667 0.1)
(0.05454545455 0.06666666667 0.1)
(0.05909090909 0.06666666667 0.1)
(0.06363636364 0.06666666667 0.1)
(0.06818181818 0.06666666667 0.1)
(0.07272727273 0.06666666667 0.1)
(0.07727272727 0.06666666667 0.1)
(0.08181818182 0.06666666667 0.1)
(0.08636363636 0.06666666667 0.1)
(0.09090909091 0.06666666667 0.1)
(0.09545454545 0.06666666667 0.1)
(0.1 0.06666666667 0.1)
(0.1045454545 0.06666666667 0.1)
(0.1090909091 0.06666666667 0.1)
(0.1136363636 0.06666666667 0.1)
(0.1181818182 0.06666666667 0.1)
(0.1227272727 0.06666666667 0.1)
(0.1272727273 0.06666666667 0.1)
(0.1318181818 0.06666666667 0.1)
(0.1363636364 0.06666666667 0.1)
(0.1409090909 0.06666666667 0.1)
(0.1454545455 0.06666666667 0.1)
(0.15 0.06666666667 0.1)
(0.1545454545 0.06666666667 0.1)
(0.1590909091 0.06666666667 0.1)
(0.1636363636 0.06666666667 0.1)
(0.1681818182 0.06666666667 0.1)
(0.1727272727 0.06666666667 0.1)
(0.1772727273 0.06666666667 0.1)
(0.1818181818 0.06666666667 0.1)
(0.1863636364 0.06666666667 0.1)
(0.1909090909 0.06666666667 0.1)
(0.1954545455 0.06666666667 0.1)
(0.2 0.06666666667 0.1)
(0.2045454545 0.06666666667 0.1)
(0.2090909091 0.06666666667 0.1)
(0.2136363636 0.06666666667 0.1)
(0.2181818182 0.06666666667 0.1)
(0.2227272727 0.06666666667 0.1)
(0.2272727273 0.06666666667 0.1)
(0.2318181818 0.06666666667 0.1)
(0.2363636364 0.06666666667 0.1)
(0.2409090909 0.06666666667 0.1)
(0.2454545455 0.06666666667 0.1)
(0.25 0.06666666667 0.1)
(0.2545454545 0.06666666667 0.1)
(0.2590909091 0.06666666667 0.1)
(0.2636363636 0.06666666667 0.1)
(0.2681818182 0.06666666667 0.1)
(0.2727272727 0.06666666667 0.1)
(0.2772727273 0.06666666667 0.1)
(0.2818181818 0.06666666667 0.1)
(0.2863636364 0.06666666667 0.1)
(0.2909090909 0.06666666667 0.1)
(0.2954545455 0.06666666667 0.1)
(0.3 0.06666666667 0.1)
(0.3045454545 0.06666666667 0.1)
(0.3090909091 0.06666666667 0.1)
(0.3136363636 0.06666666667 0.1)
(0.3181818182 0.06666666667 0.1)
(0.3227272727 0.06666666667 0.1)
(0.3272727273 0.06666666667 0.1)
(0.3318181818 0.06666666667 0.1)
(0.3363636364 0.06666666667 0.1)
(0.3409090909 0.06666666667 0.1)
(0.3454545455 0.06666666667 0.1)
(0.35 0.06666666667 0.1)
(0.3545454545 0.06666666667 0.1)
(0.3590909091 0.06666666667 0.1)
(0.3636363636 0.06666666667 0.1)
(0.3681818182 0.06666666667 0.1)
(0.3727272727 0.06666666667 0.1)
(0.3772727273 0.06666666667 0.1)
(0.3818181818 0.06666666667 0.1)
(0.3863636364 0.06666666667 0.1)
(0.3909090909 0.06666666667 0.1)
(0.3954545455 0.06666666667 0.1)
(0.4 0.06666666667 0.1)
(0.4045454545 0.06666666667 0.1)
(0.4090909091 0.06666666667 0.1)
(0.4136363636 0.06666666667 0.1)
(0.4181818182 0.06666666667 0.1)
(0.4227272727 0.06666666667 0.1)
(0.4272727273 0.06666666667 0.1)
(0.4318181818 0.06666666667 0.1)
(0.4363636364 0.06666666667 0.1)
(0.4409090909 0.06666666667 0.1)
(0.4454545455 0.06666666667 0.1)
(0.45 0.06666666667 0.1)
(0.4545454545 0.06666666667 0.1)
(0.4590909091 0.06666666667 0.1)
(0.4636363636 0.06666666667 0.1)
(0.4681818182 0.06666666667 0.1)
(0.4727272727 0.06666666667 0.1)
(0.4772727273 0.06666666667 0.1)
(0.4818181818 0.06666666667 0.1)
(0.4863636364 0.06666666667 0.1)
(0.4909090909 0.06666666667 0.1)
(0.4954545455 0.06666666667 0.1)
(0.5 0.06666666667 0.1)
(0.5045454545 0.06666666667 0.1)
(0.5090909091 0.06666666667 0.1)
(0.5136363636 0.06666666667 0.1)
(0.5181818182 0.06666666667 0.1)
(0.5227272727 0.06666666667 0.1)
(0.5272727273 0.06666666667 0.1)
(0.5318181818 0.06666666667 0.1)
(0.5363636364 0.06666666667 0.1)
(0.5409090909 0.06666666667 0.1)
(0.5454545455 0.06666666667 0.1)
(0.55 0.06666666667 0.1)
(0.5545454545 0.06666666667 0.1)
(0.5590909091 0.06666666667 0.1)
(0.5636363636 0.06666666667 0.1)
(0.5681818182 0.06666666667 0.1)
(0.5727272727 0.06666666667 0.1)
(0.5772727273 0.06666666667 0.1)
(0.5818181818 0.06666666667 0.1)
(0.5863636364 0.06666666667 0.1)
(0.5909090909 0.06666666667 0.1)
(0.5954545455 0.06666666667 0.1)
(0.6 0.06666666667 0.1)
(0.6045454545 0.06666666667 0.1)
(0.6090909091 0.06666666667 0.1)
(0.6136363636 0.06666666667 0.1)
(0.6181818182 0.06666666667 0.1)
(0.6227272727 0.06666666667 0.1)
(0.6272727273 0.06666666667 0.1)
(0.6318181818 0.06666666667 0.1)
(0.6363636364 0.06666666667 0.1)
(0.6409090909 0.06666666667 0.1)
(0.6454545455 0.06666666667 0.1)
(0.65 0.06666666667 0.1)
(0.6545454545 0.06666666667 0.1)
(0.6590909091 0.06666666667 0.1)
(0.6636363636 0.06666666667 0.1)
(0.6681818182 0.06666666667 0.1)
(0.6727272727 0.06666666667 0.1)
(0.6772727273 0.06666666667 0.1)
(0.6818181818 0.06666666667 0.1)
(0.6863636364 0.06666666667 0.1)
(0.6909090909 0.06666666667 0.1)
(0.6954545455 0.06666666667 0.1)
(0.7 0.06666666667 0.1)
(0.7045454545 0.06666666667 0.1)
(0.7090909091 0.06666666667 0.1)
(0.7136363636 0.06666666667 0.1)
(0.7181818182 0.06666666667 0.1)
(0.7227272727 0.06666666667 0.1)
(0.7272727273 0.06666666667 0.1)
(0.7318181818 0.06666666667 0.1)
(0.7363636364 0.06666666667 0.1)
(0.7409090909 0.06666666667 0.1)
(0.7454545455 0.06666666667 0.1)
(0.75 0.06666666667 0.1)
(0.7545454545 0.06666666667 0.1)
(0.7590909091 0.06666666667 0.1)
(0.7636363636 0.06666666667 0.1)
(0.7681818182 0.06666666667 0.1)
(0.7727272727 0.06666666667 0.1)
(0.7772727273 0.06666666667 0.1)
(0.7818181818 0.06666666667 0.1)
(0.7863636364 0.06666666667 0.1)
(0.7909090909 0.06666666667 0.1)
(0.7954545455 0.06666666667 0.1)
(0.8 0.06666666667 0.1)
(0.8045454545 0.06666666667 0.1)
(0.8090909091 0.06666666667 0.1)
(0.8136363636 0.06666666667 0.1)
(0.8181818182 0.06666666667 0.1)
(0.8227272727 0.06666666667 0.1)
(0.8272727273 0.06666666667 0.1)
(0.8318181818 0.06666666667 0.1)
(0.8363636364 0.06666666667 0.1)
(0.8409090909 0.06666666667 0.1)
(0.8454545455 0.06666666667 0.1)
(0.85 0.06666666667 0.1)
(0.8545454545 0.06666666667 0.1)
(0.8590909091 0.06666666667 0.1)
(0.8636363636 0.06666666667 0.1)
(0.8681818182 0.06666666667 0.1)
(0.8727272727 0.06666666667 0.1)
(0.8772727273 0.06666666667 0.1)
(0.8818181818 0.06666666667 0.1)
(0.8863636364 0.06666666667 0.1)
(0.8909090909 0.06666666667 0.1)
(0.8954545455 0.06666666667 0.1)
(0.9 0.06666666667 0.1)
(0.9045454545 0.06666666667 0.1)
(0.9090909091 0.06666666667 0.1)
(0.9136363636 0.06666666667 0.1)
(0.9181818182 0.06666666667 0.1)
(0.9227272727 0.06666666667 0.1)
(0.9272727273 0.06666666667 0.1)
(0.9318181818 0.06666666667 0.1)
(0.9363636364 0.06666666667 0.1)
(0.9409090909 0.06666666667 0.1)
(0.9454545455 0.06666666667 0.1)
(0.95 0.06666666667 0.1)
(0.9545454545 0.06666666667 0.1)
(0.9590909091 0.06666666667 0.1)
(0.9636363636 0.06666666667 0.1)
(0.9681818182 0.06666666667 0.1)
(0.9727272727 0.06666666667 0.1)
(0.9772727273 0.06666666667 0.1)
(0.9818181818 0.06666666667 0.1)
(0.9863636364 0.06666666667 0.1)
(0.9909090909 0.06666666667 0.1)
(0.9954545455 0.06666666667 0.1)
(1 0.06666666667 0.1)
(0 0.07333333333 0.1)
(0.004545454545 0.07333333333 0.1)
(0.009090909091 0.07333333333 0.1)
(0.01363636364 0.07333333333 0.1)
(0.01818181818 0.07333333333 0.1)
(0.02272727273 0.07333333333 0.1)
(0.02727272727 0.07333333333 0.1)
(0.03181818182 0.07333333333 0.1)
(0.03636363636 0.07333333333 0.1)
(0.04090909091 0.07333333333 0.1)
(0.04545454545 0.07333333333 0.1)
(0.05 0.07333333333 0.1)
(0.05454545455 0.07333333333 0.1)
(0.05909090909 0.07333333333 0.1)
(0.06363636364 0.07333333333 0.1)
(0.06818181818 0.07333333333 0.1)
(0.07272727273 0.07333333333 0.1)
(0.07727272727 0.07333333333 0.1)
(0.08181818182 0.07333333333 0.1)
(0.08636363636 0.07333333333 0.1)
(0.09090909091 0.07333333333 0.1)
(0.09545454545 0.07333333333 0.1)
(0.1 0.07333333333 0.1)
(0.1045454545 0.07333333333 0.1)
(0.1090909091 0.07333333333 0.1)
(0.1136363636 0.07333333333 0.1)
(0.1181818182 0.07333333333 0.1)
(0.1227272727 0.07333333333 0.1)
(0.1272727273 0.07333333333 0.1)
(0.1318181818 0.07333333333 0.1)
(0.1363636364 0.07333333333 0.1)
(0.1409090909 0.07333333333 0.1)
(0.1454545455 0.07333333333 0.1)
(0.15 0.07333333333 0.1)
(0.1545454545 0.07333333333 0.1)
(0.1590909091 0.07333333333 0.1)
(0.1636363636 0.07333333333 0.1)
(0.1681818182 0.07333333333 0.1)
(0.1727272727 0.07333333333 0.1)
(0.1772727273 0.07333333333 0.1)
(0.1818181818 0.07333333333 0.1)
(0.1863636364 0.07333333333 0.1)
(0.1909090909 0.07333333333 0.1)
(0.1954545455 0.07333333333 0.1)
(0.2 0.07333333333 0.1)
(0.2045454545 0.07333333333 0.1)
(0.2090909091 0.07333333333 0.1)
(0.2136363636 0.07333333333 0.1)
(0.2181818182 0.07333333333 0.1)
(0.2227272727 0.07333333333 0.1)
(0.2272727273 0.07333333333 0.1)
(0.2318181818 0.07333333333 0.1)
(0.2363636364 0.07333333333 0.1)
(0.2409090909 0.07333333333 0.1)
(0.2454545455 0.07333333333 0.1)
(0.25 0.07333333333 0.1)
(0.2545454545 0.07333333333 0.1)
(0.2590909091 0.07333333333 0.1)
(0.2636363636 0.07333333333 0.1)
(0.2681818182 0.07333333333 0.1)
(0.2727272727 0.07333333333 0.1)
(0.2772727273 0.07333333333 0.1)
(0.2818181818 0.07333333333 0.1)
(0.2863636364 0.07333333333 0.1)
(0.2909090909 0.07333333333 0.1)
(0.2954545455 0.07333333333 0.1)
(0.3 0.07333333333 0.1)
(0.3045454545 0.07333333333 0.1)
(0.3090909091 0.07333333333 0.1)
(0.3136363636 0.07333333333 0.1)
(0.3181818182 0.07333333333 0.1)
(0.3227272727 0.07333333333 0.1)
(0.3272727273 0.07333333333 0.1)
(0.3318181818 0.07333333333 0.1)
(0.3363636364 0.07333333333 0.1)
(0.3409090909 0.07333333333 0.1)
(0.3454545455 0.07333333333 0.1)
(0.35 0.07333333333 0.1)
(0.3545454545 0.07333333333 0.1)
(0.3590909091 0.07333333333 0.1)
(0.3636363636 0.07333333333 0.1)
(0.3681818182 0.07333333333 0.1)
(0.3727272727 0.07333333333 0.1)
(0.3772727273 0.07333333333 0.1)
(0.3818181818 0.07333333333 0.1)
(0.3863636364 0.07333333333 0.1)
(0.3909090909 0.07333333333 0.1)
(0.3954545455 0.07333333333 0.1)
(0.4 0.07333333333 0.1)
(0.4045454545 0.07333333333 0.1)
(0.4090909091 0.07333333333 0.1)
(0.4136363636 0.07333333333 0.1)
(0.4181818182 0.07333333333 0.1)
(0.4227272727 0.07333333333 0.1)
(0.4272727273 0.07333333333 0.1)
(0.4318181818 0.07333333333 0.1)
(0.4363636364 0.07333333333 0.1)
(0.4409090909 0.07333333333 0.1)
(0.4454545455 0.07333333333 0.1)
(0.45 0.07333333333 0.1)
(0.4545454545 0.07333333333 0.1)
(0.4590909091 0.07333333333 0.1)
(0.4636363636 0.07333333333 0.1)
(0.4681818182 0.07333333333 0.1)
(0.4727272727 0.07333333333 0.1)
(0.4772727273 0.07333333333 0.1)
(0.4818181818 0.07333333333 0.1)
(0.4863636364 0.07333333333 0.1)
(0.4909090909 0.07333333333 0.1)
(0.4954545455 0.07333333333 0.1)
(0.5 0.07333333333 0.1)
(0.5045454545 0.07333333333 0.1)
(0.5090909091 0.07333333333 0.1)
(0.5136363636 0.07333333333 0.1)
(0.5181818182 0.07333333333 0.1)
(0.5227272727 0.07333333333 0.1)
(0.5272727273 0.07333333333 0.1)
(0.5318181818 0.07333333333 0.1)
(0.5363636364 0.07333333333 0.1)
(0.5409090909 0.07333333333 0.1)
(0.5454545455 0.07333333333 0.1)
(0.55 0.07333333333 0.1)
(0.5545454545 0.07333333333 0.1)
(0.5590909091 0.07333333333 0.1)
(0.5636363636 0.07333333333 0.1)
(0.5681818182 0.07333333333 0.1)
(0.5727272727 0.07333333333 0.1)
(0.5772727273 0.07333333333 0.1)
(0.5818181818 0.07333333333 0.1)
(0.5863636364 0.07333333333 0.1)
(0.5909090909 0.07333333333 0.1)
(0.5954545455 0.07333333333 0.1)
(0.6 0.07333333333 0.1)
(0.6045454545 0.07333333333 0.1)
(0.6090909091 0.07333333333 0.1)
(0.6136363636 0.07333333333 0.1)
(0.6181818182 0.07333333333 0.1)
(0.6227272727 0.07333333333 0.1)
(0.6272727273 0.07333333333 0.1)
(0.6318181818 0.07333333333 0.1)
(0.6363636364 0.07333333333 0.1)
(0.6409090909 0.07333333333 0.1)
(0.6454545455 0.07333333333 0.1)
(0.65 0.07333333333 0.1)
(0.6545454545 0.07333333333 0.1)
(0.6590909091 0.07333333333 0.1)
(0.6636363636 0.07333333333 0.1)
(0.6681818182 0.07333333333 0.1)
(0.6727272727 0.07333333333 0.1)
(0.6772727273 0.07333333333 0.1)
(0.6818181818 0.07333333333 0.1)
(0.6863636364 0.07333333333 0.1)
(0.6909090909 0.07333333333 0.1)
(0.6954545455 0.07333333333 0.1)
(0.7 0.07333333333 0.1)
(0.7045454545 0.07333333333 0.1)
(0.7090909091 0.07333333333 0.1)
(0.7136363636 0.07333333333 0.1)
(0.7181818182 0.07333333333 0.1)
(0.7227272727 0.07333333333 0.1)
(0.7272727273 0.07333333333 0.1)
(0.7318181818 0.07333333333 0.1)
(0.7363636364 0.07333333333 0.1)
(0.7409090909 0.07333333333 0.1)
(0.7454545455 0.07333333333 0.1)
(0.75 0.07333333333 0.1)
(0.7545454545 0.07333333333 0.1)
(0.7590909091 0.07333333333 0.1)
(0.7636363636 0.07333333333 0.1)
(0.7681818182 0.07333333333 0.1)
(0.7727272727 0.07333333333 0.1)
(0.7772727273 0.07333333333 0.1)
(0.7818181818 0.07333333333 0.1)
(0.7863636364 0.07333333333 0.1)
(0.7909090909 0.07333333333 0.1)
(0.7954545455 0.07333333333 0.1)
(0.8 0.07333333333 0.1)
(0.8045454545 0.07333333333 0.1)
(0.8090909091 0.07333333333 0.1)
(0.8136363636 0.07333333333 0.1)
(0.8181818182 0.07333333333 0.1)
(0.8227272727 0.07333333333 0.1)
(0.8272727273 0.07333333333 0.1)
(0.8318181818 0.07333333333 0.1)
(0.8363636364 0.07333333333 0.1)
(0.8409090909 0.07333333333 0.1)
(0.8454545455 0.07333333333 0.1)
(0.85 0.07333333333 0.1)
(0.8545454545 0.07333333333 0.1)
(0.8590909091 0.07333333333 0.1)
(0.8636363636 0.07333333333 0.1)
(0.8681818182 0.07333333333 0.1)
(0.8727272727 0.07333333333 0.1)
(0.8772727273 0.07333333333 0.1)
(0.8818181818 0.07333333333 0.1)
(0.8863636364 0.07333333333 0.1)
(0.8909090909 0.07333333333 0.1)
(0.8954545455 0.07333333333 0.1)
(0.9 0.07333333333 0.1)
(0.9045454545 0.07333333333 0.1)
(0.9090909091 0.07333333333 0.1)
(0.9136363636 0.07333333333 0.1)
(0.9181818182 0.07333333333 0.1)
(0.9227272727 0.07333333333 0.1)
(0.9272727273 0.07333333333 0.1)
(0.9318181818 0.07333333333 0.1)
(0.9363636364 0.07333333333 0.1)
(0.9409090909 0.07333333333 0.1)
(0.9454545455 0.07333333333 0.1)
(0.95 0.07333333333 0.1)
(0.9545454545 0.07333333333 0.1)
(0.9590909091 0.07333333333 0.1)
(0.9636363636 0.07333333333 0.1)
(0.9681818182 0.07333333333 0.1)
(0.9727272727 0.07333333333 0.1)
(0.9772727273 0.07333333333 0.1)
(0.9818181818 0.07333333333 0.1)
(0.9863636364 0.07333333333 0.1)
(0.9909090909 0.07333333333 0.1)
(0.9954545455 0.07333333333 0.1)
(1 0.07333333333 0.1)
(0 0.08 0.1)
(0.004545454545 0.08 0.1)
(0.009090909091 0.08 0.1)
(0.01363636364 0.08 0.1)
(0.01818181818 0.08 0.1)
(0.02272727273 0.08 0.1)
(0.02727272727 0.08 0.1)
(0.03181818182 0.08 0.1)
(0.03636363636 0.08 0.1)
(0.04090909091 0.08 0.1)
(0.04545454545 0.08 0.1)
(0.05 0.08 0.1)
(0.05454545455 0.08 0.1)
(0.05909090909 0.08 0.1)
(0.06363636364 0.08 0.1)
(0.06818181818 0.08 0.1)
(0.07272727273 0.08 0.1)
(0.07727272727 0.08 0.1)
(0.08181818182 0.08 0.1)
(0.08636363636 0.08 0.1)
(0.09090909091 0.08 0.1)
(0.09545454545 0.08 0.1)
(0.1 0.08 0.1)
(0.1045454545 0.08 0.1)
(0.1090909091 0.08 0.1)
(0.1136363636 0.08 0.1)
(0.1181818182 0.08 0.1)
(0.1227272727 0.08 0.1)
(0.1272727273 0.08 0.1)
(0.1318181818 0.08 0.1)
(0.1363636364 0.08 0.1)
(0.1409090909 0.08 0.1)
(0.1454545455 0.08 0.1)
(0.15 0.08 0.1)
(0.1545454545 0.08 0.1)
(0.1590909091 0.08 0.1)
(0.1636363636 0.08 0.1)
(0.1681818182 0.08 0.1)
(0.1727272727 0.08 0.1)
(0.1772727273 0.08 0.1)
(0.1818181818 0.08 0.1)
(0.1863636364 0.08 0.1)
(0.1909090909 0.08 0.1)
(0.1954545455 0.08 0.1)
(0.2 0.08 0.1)
(0.2045454545 0.08 0.1)
(0.2090909091 0.08 0.1)
(0.2136363636 0.08 0.1)
(0.2181818182 0.08 0.1)
(0.2227272727 0.08 0.1)
(0.2272727273 0.08 0.1)
(0.2318181818 0.08 0.1)
(0.2363636364 0.08 0.1)
(0.2409090909 0.08 0.1)
(0.2454545455 0.08 0.1)
(0.25 0.08 0.1)
(0.2545454545 0.08 0.1)
(0.2590909091 0.08 0.1)
(0.2636363636 0.08 0.1)
(0.2681818182 0.08 0.1)
(0.2727272727 0.08 0.1)
(0.2772727273 0.08 0.1)
(0.2818181818 0.08 0.1)
(0.2863636364 0.08 0.1)
(0.2909090909 0.08 0.1)
(0.2954545455 0.08 0.1)
(0.3 0.08 0.1)
(0.3045454545 0.08 0.1)
(0.3090909091 0.08 0.1)
(0.3136363636 0.08 0.1)
(0.3181818182 0.08 0.1)
(0.3227272727 0.08 0.1)
(0.3272727273 0.08 0.1)
(0.3318181818 0.08 0.1)
(0.3363636364 0.08 0.1)
(0.3409090909 0.08 0.1)
(0.3454545455 0.08 0.1)
(0.35 0.08 0.1)
(0.3545454545 0.08 0.1)
(0.3590909091 0.08 0.1)
(0.3636363636 0.08 0.1)
(0.3681818182 0.08 0.1)
(0.3727272727 0.08 0.1)
(0.3772727273 0.08 0.1)
(0.3818181818 0.08 0.1)
(0.3863636364 0.08 0.1)
(0.3909090909 0.08 0.1)
(0.3954545455 0.08 0.1)
(0.4 0.08 0.1)
(0.4045454545 0.08 0.1)
(0.4090909091 0.08 0.1)
(0.4136363636 0.08 0.1)
(0.4181818182 0.08 0.1)
(0.4227272727 0.08 0.1)
(0.4272727273 0.08 0.1)
(0.4318181818 0.08 0.1)
(0.4363636364 0.08 0.1)
(0.4409090909 0.08 0.1)
(0.4454545455 0.08 0.1)
(0.45 0.08 0.1)
(0.4545454545 0.08 0.1)
(0.4590909091 0.08 0.1)
(0.4636363636 0.08 0.1)
(0.4681818182 0.08 0.1)
(0.4727272727 0.08 0.1)
(0.4772727273 0.08 0.1)
(0.4818181818 0.08 0.1)
(0.4863636364 0.08 0.1)
(0.4909090909 0.08 0.1)
(0.4954545455 0.08 0.1)
(0.5 0.08 0.1)
(0.5045454545 0.08 0.1)
(0.5090909091 0.08 0.1)
(0.5136363636 0.08 0.1)
(0.5181818182 0.08 0.1)
(0.5227272727 0.08 0.1)
(0.5272727273 0.08 0.1)
(0.5318181818 0.08 0.1)
(0.5363636364 0.08 0.1)
(0.5409090909 0.08 0.1)
(0.5454545455 0.08 0.1)
(0.55 0.08 0.1)
(0.5545454545 0.08 0.1)
(0.5590909091 0.08 0.1)
(0.5636363636 0.08 0.1)
(0.5681818182 0.08 0.1)
(0.5727272727 0.08 0.1)
(0.5772727273 0.08 0.1)
(0.5818181818 0.08 0.1)
(0.5863636364 0.08 0.1)
(0.5909090909 0.08 0.1)
(0.5954545455 0.08 0.1)
(0.6 0.08 0.1)
(0.6045454545 0.08 0.1)
(0.6090909091 0.08 0.1)
(0.6136363636 0.08 0.1)
(0.6181818182 0.08 0.1)
(0.6227272727 0.08 0.1)
(0.6272727273 0.08 0.1)
(0.6318181818 0.08 0.1)
(0.6363636364 0.08 0.1)
(0.6409090909 0.08 0.1)
(0.6454545455 0.08 0.1)
(0.65 0.08 0.1)
(0.6545454545 0.08 0.1)
(0.6590909091 0.08 0.1)
(0.6636363636 0.08 0.1)
(0.6681818182 0.08 0.1)
(0.6727272727 0.08 0.1)
(0.6772727273 0.08 0.1)
(0.6818181818 0.08 0.1)
(0.6863636364 0.08 0.1)
(0.6909090909 0.08 0.1)
(0.6954545455 0.08 0.1)
(0.7 0.08 0.1)
(0.7045454545 0.08 0.1)
(0.7090909091 0.08 0.1)
(0.7136363636 0.08 0.1)
(0.7181818182 0.08 0.1)
(0.7227272727 0.08 0.1)
(0.7272727273 0.08 0.1)
(0.7318181818 0.08 0.1)
(0.7363636364 0.08 0.1)
(0.7409090909 0.08 0.1)
(0.7454545455 0.08 0.1)
(0.75 0.08 0.1)
(0.7545454545 0.08 0.1)
(0.7590909091 0.08 0.1)
(0.7636363636 0.08 0.1)
(0.7681818182 0.08 0.1)
(0.7727272727 0.08 0.1)
(0.7772727273 0.08 0.1)
(0.7818181818 0.08 0.1)
(0.7863636364 0.08 0.1)
(0.7909090909 0.08 0.1)
(0.7954545455 0.08 0.1)
(0.8 0.08 0.1)
(0.8045454545 0.08 0.1)
(0.8090909091 0.08 0.1)
(0.8136363636 0.08 0.1)
(0.8181818182 0.08 0.1)
(0.8227272727 0.08 0.1)
(0.8272727273 0.08 0.1)
(0.8318181818 0.08 0.1)
(0.8363636364 0.08 0.1)
(0.8409090909 0.08 0.1)
(0.8454545455 0.08 0.1)
(0.85 0.08 0.1)
(0.8545454545 0.08 0.1)
(0.8590909091 0.08 0.1)
(0.8636363636 0.08 0.1)
(0.8681818182 0.08 0.1)
(0.8727272727 0.08 0.1)
(0.8772727273 0.08 0.1)
(0.8818181818 0.08 0.1)
(0.8863636364 0.08 0.1)
(0.8909090909 0.08 0.1)
(0.8954545455 0.08 0.1)
(0.9 0.08 0.1)
(0.9045454545 0.08 0.1)
(0.9090909091 0.08 0.1)
(0.9136363636 0.08 0.1)
(0.9181818182 0.08 0.1)
(0.9227272727 0.08 0.1)
(0.9272727273 0.08 0.1)
(0.9318181818 0.08 0.1)
(0.9363636364 0.08 0.1)
(0.9409090909 0.08 0.1)
(0.9454545455 0.08 0.1)
(0.95 0.08 0.1)
(0.9545454545 0.08 0.1)
(0.9590909091 0.08 0.1)
(0.9636363636 0.08 0.1)
(0.9681818182 0.08 0.1)
(0.9727272727 0.08 0.1)
(0.9772727273 0.08 0.1)
(0.9818181818 0.08 0.1)
(0.9863636364 0.08 0.1)
(0.9909090909 0.08 0.1)
(0.9954545455 0.08 0.1)
(1 0.08 0.1)
(0 0.08666666667 0.1)
(0.004545454545 0.08666666667 0.1)
(0.009090909091 0.08666666667 0.1)
(0.01363636364 0.08666666667 0.1)
(0.01818181818 0.08666666667 0.1)
(0.02272727273 0.08666666667 0.1)
(0.02727272727 0.08666666667 0.1)
(0.03181818182 0.08666666667 0.1)
(0.03636363636 0.08666666667 0.1)
(0.04090909091 0.08666666667 0.1)
(0.04545454545 0.08666666667 0.1)
(0.05 0.08666666667 0.1)
(0.05454545455 0.08666666667 0.1)
(0.05909090909 0.08666666667 0.1)
(0.06363636364 0.08666666667 0.1)
(0.06818181818 0.08666666667 0.1)
(0.07272727273 0.08666666667 0.1)
(0.07727272727 0.08666666667 0.1)
(0.08181818182 0.08666666667 0.1)
(0.08636363636 0.08666666667 0.1)
(0.09090909091 0.08666666667 0.1)
(0.09545454545 0.08666666667 0.1)
(0.1 0.08666666667 0.1)
(0.1045454545 0.08666666667 0.1)
(0.1090909091 0.08666666667 0.1)
(0.1136363636 0.08666666667 0.1)
(0.1181818182 0.08666666667 0.1)
(0.1227272727 0.08666666667 0.1)
(0.1272727273 0.08666666667 0.1)
(0.1318181818 0.08666666667 0.1)
(0.1363636364 0.08666666667 0.1)
(0.1409090909 0.08666666667 0.1)
(0.1454545455 0.08666666667 0.1)
(0.15 0.08666666667 0.1)
(0.1545454545 0.08666666667 0.1)
(0.1590909091 0.08666666667 0.1)
(0.1636363636 0.08666666667 0.1)
(0.1681818182 0.08666666667 0.1)
(0.1727272727 0.08666666667 0.1)
(0.1772727273 0.08666666667 0.1)
(0.1818181818 0.08666666667 0.1)
(0.1863636364 0.08666666667 0.1)
(0.1909090909 0.08666666667 0.1)
(0.1954545455 0.08666666667 0.1)
(0.2 0.08666666667 0.1)
(0.2045454545 0.08666666667 0.1)
(0.2090909091 0.08666666667 0.1)
(0.2136363636 0.08666666667 0.1)
(0.2181818182 0.08666666667 0.1)
(0.2227272727 0.08666666667 0.1)
(0.2272727273 0.08666666667 0.1)
(0.2318181818 0.08666666667 0.1)
(0.2363636364 0.08666666667 0.1)
(0.2409090909 0.08666666667 0.1)
(0.2454545455 0.08666666667 0.1)
(0.25 0.08666666667 0.1)
(0.2545454545 0.08666666667 0.1)
(0.2590909091 0.08666666667 0.1)
(0.2636363636 0.08666666667 0.1)
(0.2681818182 0.08666666667 0.1)
(0.2727272727 0.08666666667 0.1)
(0.2772727273 0.08666666667 0.1)
(0.2818181818 0.08666666667 0.1)
(0.2863636364 0.08666666667 0.1)
(0.2909090909 0.08666666667 0.1)
(0.2954545455 0.08666666667 0.1)
(0.3 0.08666666667 0.1)
(0.3045454545 0.08666666667 0.1)
(0.3090909091 0.08666666667 0.1)
(0.3136363636 0.08666666667 0.1)
(0.3181818182 0.08666666667 0.1)
(0.3227272727 0.08666666667 0.1)
(0.3272727273 0.08666666667 0.1)
(0.3318181818 0.08666666667 0.1)
(0.3363636364 0.08666666667 0.1)
(0.3409090909 0.08666666667 0.1)
(0.3454545455 0.08666666667 0.1)
(0.35 0.08666666667 0.1)
(0.3545454545 0.08666666667 0.1)
(0.3590909091 0.08666666667 0.1)
(0.3636363636 0.08666666667 0.1)
(0.3681818182 0.08666666667 0.1)
(0.3727272727 0.08666666667 0.1)
(0.3772727273 0.08666666667 0.1)
(0.3818181818 0.08666666667 0.1)
(0.3863636364 0.08666666667 0.1)
(0.3909090909 0.08666666667 0.1)
(0.3954545455 0.08666666667 0.1)
(0.4 0.08666666667 0.1)
(0.4045454545 0.08666666667 0.1)
(0.4090909091 0.08666666667 0.1)
(0.4136363636 0.08666666667 0.1)
(0.4181818182 0.08666666667 0.1)
(0.4227272727 0.08666666667 0.1)
(0.4272727273 0.08666666667 0.1)
(0.4318181818 0.08666666667 0.1)
(0.4363636364 0.08666666667 0.1)
(0.4409090909 0.08666666667 0.1)
(0.4454545455 0.08666666667 0.1)
(0.45 0.08666666667 0.1)
(0.4545454545 0.08666666667 0.1)
(0.4590909091 0.08666666667 0.1)
(0.4636363636 0.08666666667 0.1)
(0.4681818182 0.08666666667 0.1)
(0.4727272727 0.08666666667 0.1)
(0.4772727273 0.08666666667 0.1)
(0.4818181818 0.08666666667 0.1)
(0.4863636364 0.08666666667 0.1)
(0.4909090909 0.08666666667 0.1)
(0.4954545455 0.08666666667 0.1)
(0.5 0.08666666667 0.1)
(0.5045454545 0.08666666667 0.1)
(0.5090909091 0.08666666667 0.1)
(0.5136363636 0.08666666667 0.1)
(0.5181818182 0.08666666667 0.1)
(0.5227272727 0.08666666667 0.1)
(0.5272727273 0.08666666667 0.1)
(0.5318181818 0.08666666667 0.1)
(0.5363636364 0.08666666667 0.1)
(0.5409090909 0.08666666667 0.1)
(0.5454545455 0.08666666667 0.1)
(0.55 0.08666666667 0.1)
(0.5545454545 0.08666666667 0.1)
(0.5590909091 0.08666666667 0.1)
(0.5636363636 0.08666666667 0.1)
(0.5681818182 0.08666666667 0.1)
(0.5727272727 0.08666666667 0.1)
(0.5772727273 0.08666666667 0.1)
(0.5818181818 0.08666666667 0.1)
(0.5863636364 0.08666666667 0.1)
(0.5909090909 0.08666666667 0.1)
(0.5954545455 0.08666666667 0.1)
(0.6 0.08666666667 0.1)
(0.6045454545 0.08666666667 0.1)
(0.6090909091 0.08666666667 0.1)
(0.6136363636 0.08666666667 0.1)
(0.6181818182 0.08666666667 0.1)
(0.6227272727 0.08666666667 0.1)
(0.6272727273 0.08666666667 0.1)
(0.6318181818 0.08666666667 0.1)
(0.6363636364 0.08666666667 0.1)
(0.6409090909 0.08666666667 0.1)
(0.6454545455 0.08666666667 0.1)
(0.65 0.08666666667 0.1)
(0.6545454545 0.08666666667 0.1)
(0.6590909091 0.08666666667 0.1)
(0.6636363636 0.08666666667 0.1)
(0.6681818182 0.08666666667 0.1)
(0.6727272727 0.08666666667 0.1)
(0.6772727273 0.08666666667 0.1)
(0.6818181818 0.08666666667 0.1)
(0.6863636364 0.08666666667 0.1)
(0.6909090909 0.08666666667 0.1)
(0.6954545455 0.08666666667 0.1)
(0.7 0.08666666667 0.1)
(0.7045454545 0.08666666667 0.1)
(0.7090909091 0.08666666667 0.1)
(0.7136363636 0.08666666667 0.1)
(0.7181818182 0.08666666667 0.1)
(0.7227272727 0.08666666667 0.1)
(0.7272727273 0.08666666667 0.1)
(0.7318181818 0.08666666667 0.1)
(0.7363636364 0.08666666667 0.1)
(0.7409090909 0.08666666667 0.1)
(0.7454545455 0.08666666667 0.1)
(0.75 0.08666666667 0.1)
(0.7545454545 0.08666666667 0.1)
(0.7590909091 0.08666666667 0.1)
(0.7636363636 0.08666666667 0.1)
(0.7681818182 0.08666666667 0.1)
(0.7727272727 0.08666666667 0.1)
(0.7772727273 0.08666666667 0.1)
(0.7818181818 0.08666666667 0.1)
(0.7863636364 0.08666666667 0.1)
(0.7909090909 0.08666666667 0.1)
(0.7954545455 0.08666666667 0.1)
(0.8 0.08666666667 0.1)
(0.8045454545 0.08666666667 0.1)
(0.8090909091 0.08666666667 0.1)
(0.8136363636 0.08666666667 0.1)
(0.8181818182 0.08666666667 0.1)
(0.8227272727 0.08666666667 0.1)
(0.8272727273 0.08666666667 0.1)
(0.8318181818 0.08666666667 0.1)
(0.8363636364 0.08666666667 0.1)
(0.8409090909 0.08666666667 0.1)
(0.8454545455 0.08666666667 0.1)
(0.85 0.08666666667 0.1)
(0.8545454545 0.08666666667 0.1)
(0.8590909091 0.08666666667 0.1)
(0.8636363636 0.08666666667 0.1)
(0.8681818182 0.08666666667 0.1)
(0.8727272727 0.08666666667 0.1)
(0.8772727273 0.08666666667 0.1)
(0.8818181818 0.08666666667 0.1)
(0.8863636364 0.08666666667 0.1)
(0.8909090909 0.08666666667 0.1)
(0.8954545455 0.08666666667 0.1)
(0.9 0.08666666667 0.1)
(0.9045454545 0.08666666667 0.1)
(0.9090909091 0.08666666667 0.1)
(0.9136363636 0.08666666667 0.1)
(0.9181818182 0.08666666667 0.1)
(0.9227272727 0.08666666667 0.1)
(0.9272727273 0.08666666667 0.1)
(0.9318181818 0.08666666667 0.1)
(0.9363636364 0.08666666667 0.1)
(0.9409090909 0.08666666667 0.1)
(0.9454545455 0.08666666667 0.1)
(0.95 0.08666666667 0.1)
(0.9545454545 0.08666666667 0.1)
(0.9590909091 0.08666666667 0.1)
(0.9636363636 0.08666666667 0.1)
(0.9681818182 0.08666666667 0.1)
(0.9727272727 0.08666666667 0.1)
(0.9772727273 0.08666666667 0.1)
(0.9818181818 0.08666666667 0.1)
(0.9863636364 0.08666666667 0.1)
(0.9909090909 0.08666666667 0.1)
(0.9954545455 0.08666666667 0.1)
(1 0.08666666667 0.1)
(0 0.09333333333 0.1)
(0.004545454545 0.09333333333 0.1)
(0.009090909091 0.09333333333 0.1)
(0.01363636364 0.09333333333 0.1)
(0.01818181818 0.09333333333 0.1)
(0.02272727273 0.09333333333 0.1)
(0.02727272727 0.09333333333 0.1)
(0.03181818182 0.09333333333 0.1)
(0.03636363636 0.09333333333 0.1)
(0.04090909091 0.09333333333 0.1)
(0.04545454545 0.09333333333 0.1)
(0.05 0.09333333333 0.1)
(0.05454545455 0.09333333333 0.1)
(0.05909090909 0.09333333333 0.1)
(0.06363636364 0.09333333333 0.1)
(0.06818181818 0.09333333333 0.1)
(0.07272727273 0.09333333333 0.1)
(0.07727272727 0.09333333333 0.1)
(0.08181818182 0.09333333333 0.1)
(0.08636363636 0.09333333333 0.1)
(0.09090909091 0.09333333333 0.1)
(0.09545454545 0.09333333333 0.1)
(0.1 0.09333333333 0.1)
(0.1045454545 0.09333333333 0.1)
(0.1090909091 0.09333333333 0.1)
(0.1136363636 0.09333333333 0.1)
(0.1181818182 0.09333333333 0.1)
(0.1227272727 0.09333333333 0.1)
(0.1272727273 0.09333333333 0.1)
(0.1318181818 0.09333333333 0.1)
(0.1363636364 0.09333333333 0.1)
(0.1409090909 0.09333333333 0.1)
(0.1454545455 0.09333333333 0.1)
(0.15 0.09333333333 0.1)
(0.1545454545 0.09333333333 0.1)
(0.1590909091 0.09333333333 0.1)
(0.1636363636 0.09333333333 0.1)
(0.1681818182 0.09333333333 0.1)
(0.1727272727 0.09333333333 0.1)
(0.1772727273 0.09333333333 0.1)
(0.1818181818 0.09333333333 0.1)
(0.1863636364 0.09333333333 0.1)
(0.1909090909 0.09333333333 0.1)
(0.1954545455 0.09333333333 0.1)
(0.2 0.09333333333 0.1)
(0.2045454545 0.09333333333 0.1)
(0.2090909091 0.09333333333 0.1)
(0.2136363636 0.09333333333 0.1)
(0.2181818182 0.09333333333 0.1)
(0.2227272727 0.09333333333 0.1)
(0.2272727273 0.09333333333 0.1)
(0.2318181818 0.09333333333 0.1)
(0.2363636364 0.09333333333 0.1)
(0.2409090909 0.09333333333 0.1)
(0.2454545455 0.09333333333 0.1)
(0.25 0.09333333333 0.1)
(0.2545454545 0.09333333333 0.1)
(0.2590909091 0.09333333333 0.1)
(0.2636363636 0.09333333333 0.1)
(0.2681818182 0.09333333333 0.1)
(0.2727272727 0.09333333333 0.1)
(0.2772727273 0.09333333333 0.1)
(0.2818181818 0.09333333333 0.1)
(0.2863636364 0.09333333333 0.1)
(0.2909090909 0.09333333333 0.1)
(0.2954545455 0.09333333333 0.1)
(0.3 0.09333333333 0.1)
(0.3045454545 0.09333333333 0.1)
(0.3090909091 0.09333333333 0.1)
(0.3136363636 0.09333333333 0.1)
(0.3181818182 0.09333333333 0.1)
(0.3227272727 0.09333333333 0.1)
(0.3272727273 0.09333333333 0.1)
(0.3318181818 0.09333333333 0.1)
(0.3363636364 0.09333333333 0.1)
(0.3409090909 0.09333333333 0.1)
(0.3454545455 0.09333333333 0.1)
(0.35 0.09333333333 0.1)
(0.3545454545 0.09333333333 0.1)
(0.3590909091 0.09333333333 0.1)
(0.3636363636 0.09333333333 0.1)
(0.3681818182 0.09333333333 0.1)
(0.3727272727 0.09333333333 0.1)
(0.3772727273 0.09333333333 0.1)
(0.3818181818 0.09333333333 0.1)
(0.3863636364 0.09333333333 0.1)
(0.3909090909 0.09333333333 0.1)
(0.3954545455 0.09333333333 0.1)
(0.4 0.09333333333 0.1)
(0.4045454545 0.09333333333 0.1)
(0.4090909091 0.09333333333 0.1)
(0.4136363636 0.09333333333 0.1)
(0.4181818182 0.09333333333 0.1)
(0.4227272727 0.09333333333 0.1)
(0.4272727273 0.09333333333 0.1)
(0.4318181818 0.09333333333 0.1)
(0.4363636364 0.09333333333 0.1)
(0.4409090909 0.09333333333 0.1)
(0.4454545455 0.09333333333 0.1)
(0.45 0.09333333333 0.1)
(0.4545454545 0.09333333333 0.1)
(0.4590909091 0.09333333333 0.1)
(0.4636363636 0.09333333333 0.1)
(0.4681818182 0.09333333333 0.1)
(0.4727272727 0.09333333333 0.1)
(0.4772727273 0.09333333333 0.1)
(0.4818181818 0.09333333333 0.1)
(0.4863636364 0.09333333333 0.1)
(0.4909090909 0.09333333333 0.1)
(0.4954545455 0.09333333333 0.1)
(0.5 0.09333333333 0.1)
(0.5045454545 0.09333333333 0.1)
(0.5090909091 0.09333333333 0.1)
(0.5136363636 0.09333333333 0.1)
(0.5181818182 0.09333333333 0.1)
(0.5227272727 0.09333333333 0.1)
(0.5272727273 0.09333333333 0.1)
(0.5318181818 0.09333333333 0.1)
(0.5363636364 0.09333333333 0.1)
(0.5409090909 0.09333333333 0.1)
(0.5454545455 0.09333333333 0.1)
(0.55 0.09333333333 0.1)
(0.5545454545 0.09333333333 0.1)
(0.5590909091 0.09333333333 0.1)
(0.5636363636 0.09333333333 0.1)
(0.5681818182 0.09333333333 0.1)
(0.5727272727 0.09333333333 0.1)
(0.5772727273 0.09333333333 0.1)
(0.5818181818 0.09333333333 0.1)
(0.5863636364 0.09333333333 0.1)
(0.5909090909 0.09333333333 0.1)
(0.5954545455 0.09333333333 0.1)
(0.6 0.09333333333 0.1)
(0.6045454545 0.09333333333 0.1)
(0.6090909091 0.09333333333 0.1)
(0.6136363636 0.09333333333 0.1)
(0.6181818182 0.09333333333 0.1)
(0.6227272727 0.09333333333 0.1)
(0.6272727273 0.09333333333 0.1)
(0.6318181818 0.09333333333 0.1)
(0.6363636364 0.09333333333 0.1)
(0.6409090909 0.09333333333 0.1)
(0.6454545455 0.09333333333 0.1)
(0.65 0.09333333333 0.1)
(0.6545454545 0.09333333333 0.1)
(0.6590909091 0.09333333333 0.1)
(0.6636363636 0.09333333333 0.1)
(0.6681818182 0.09333333333 0.1)
(0.6727272727 0.09333333333 0.1)
(0.6772727273 0.09333333333 0.1)
(0.6818181818 0.09333333333 0.1)
(0.6863636364 0.09333333333 0.1)
(0.6909090909 0.09333333333 0.1)
(0.6954545455 0.09333333333 0.1)
(0.7 0.09333333333 0.1)
(0.7045454545 0.09333333333 0.1)
(0.7090909091 0.09333333333 0.1)
(0.7136363636 0.09333333333 0.1)
(0.7181818182 0.09333333333 0.1)
(0.7227272727 0.09333333333 0.1)
(0.7272727273 0.09333333333 0.1)
(0.7318181818 0.09333333333 0.1)
(0.7363636364 0.09333333333 0.1)
(0.7409090909 0.09333333333 0.1)
(0.7454545455 0.09333333333 0.1)
(0.75 0.09333333333 0.1)
(0.7545454545 0.09333333333 0.1)
(0.7590909091 0.09333333333 0.1)
(0.7636363636 0.09333333333 0.1)
(0.7681818182 0.09333333333 0.1)
(0.7727272727 0.09333333333 0.1)
(0.7772727273 0.09333333333 0.1)
(0.7818181818 0.09333333333 0.1)
(0.7863636364 0.09333333333 0.1)
(0.7909090909 0.09333333333 0.1)
(0.7954545455 0.09333333333 0.1)
(0.8 0.09333333333 0.1)
(0.8045454545 0.09333333333 0.1)
(0.8090909091 0.09333333333 0.1)
(0.8136363636 0.09333333333 0.1)
(0.8181818182 0.09333333333 0.1)
(0.8227272727 0.09333333333 0.1)
(0.8272727273 0.09333333333 0.1)
(0.8318181818 0.09333333333 0.1)
(0.8363636364 0.09333333333 0.1)
(0.8409090909 0.09333333333 0.1)
(0.8454545455 0.09333333333 0.1)
(0.85 0.09333333333 0.1)
(0.8545454545 0.09333333333 0.1)
(0.8590909091 0.09333333333 0.1)
(0.8636363636 0.09333333333 0.1)
(0.8681818182 0.09333333333 0.1)
(0.8727272727 0.09333333333 0.1)
(0.8772727273 0.09333333333 0.1)
(0.8818181818 0.09333333333 0.1)
(0.8863636364 0.09333333333 0.1)
(0.8909090909 0.09333333333 0.1)
(0.8954545455 0.09333333333 0.1)
(0.9 0.09333333333 0.1)
(0.9045454545 0.09333333333 0.1)
(0.9090909091 0.09333333333 0.1)
(0.9136363636 0.09333333333 0.1)
(0.9181818182 0.09333333333 0.1)
(0.9227272727 0.09333333333 0.1)
(0.9272727273 0.09333333333 0.1)
(0.9318181818 0.09333333333 0.1)
(0.9363636364 0.09333333333 0.1)
(0.9409090909 0.09333333333 0.1)
(0.9454545455 0.09333333333 0.1)
(0.95 0.09333333333 0.1)
(0.9545454545 0.09333333333 0.1)
(0.9590909091 0.09333333333 0.1)
(0.9636363636 0.09333333333 0.1)
(0.9681818182 0.09333333333 0.1)
(0.9727272727 0.09333333333 0.1)
(0.9772727273 0.09333333333 0.1)
(0.9818181818 0.09333333333 0.1)
(0.9863636364 0.09333333333 0.1)
(0.9909090909 0.09333333333 0.1)
(0.9954545455 0.09333333333 0.1)
(1 0.09333333333 0.1)
(0 0.1 0.1)
(0.004545454545 0.1 0.1)
(0.009090909091 0.1 0.1)
(0.01363636364 0.1 0.1)
(0.01818181818 0.1 0.1)
(0.02272727273 0.1 0.1)
(0.02727272727 0.1 0.1)
(0.03181818182 0.1 0.1)
(0.03636363636 0.1 0.1)
(0.04090909091 0.1 0.1)
(0.04545454545 0.1 0.1)
(0.05 0.1 0.1)
(0.05454545455 0.1 0.1)
(0.05909090909 0.1 0.1)
(0.06363636364 0.1 0.1)
(0.06818181818 0.1 0.1)
(0.07272727273 0.1 0.1)
(0.07727272727 0.1 0.1)
(0.08181818182 0.1 0.1)
(0.08636363636 0.1 0.1)
(0.09090909091 0.1 0.1)
(0.09545454545 0.1 0.1)
(0.1 0.1 0.1)
(0.1045454545 0.1 0.1)
(0.1090909091 0.1 0.1)
(0.1136363636 0.1 0.1)
(0.1181818182 0.1 0.1)
(0.1227272727 0.1 0.1)
(0.1272727273 0.1 0.1)
(0.1318181818 0.1 0.1)
(0.1363636364 0.1 0.1)
(0.1409090909 0.1 0.1)
(0.1454545455 0.1 0.1)
(0.15 0.1 0.1)
(0.1545454545 0.1 0.1)
(0.1590909091 0.1 0.1)
(0.1636363636 0.1 0.1)
(0.1681818182 0.1 0.1)
(0.1727272727 0.1 0.1)
(0.1772727273 0.1 0.1)
(0.1818181818 0.1 0.1)
(0.1863636364 0.1 0.1)
(0.1909090909 0.1 0.1)
(0.1954545455 0.1 0.1)
(0.2 0.1 0.1)
(0.2045454545 0.1 0.1)
(0.2090909091 0.1 0.1)
(0.2136363636 0.1 0.1)
(0.2181818182 0.1 0.1)
(0.2227272727 0.1 0.1)
(0.2272727273 0.1 0.1)
(0.2318181818 0.1 0.1)
(0.2363636364 0.1 0.1)
(0.2409090909 0.1 0.1)
(0.2454545455 0.1 0.1)
(0.25 0.1 0.1)
(0.2545454545 0.1 0.1)
(0.2590909091 0.1 0.1)
(0.2636363636 0.1 0.1)
(0.2681818182 0.1 0.1)
(0.2727272727 0.1 0.1)
(0.2772727273 0.1 0.1)
(0.2818181818 0.1 0.1)
(0.2863636364 0.1 0.1)
(0.2909090909 0.1 0.1)
(0.2954545455 0.1 0.1)
(0.3 0.1 0.1)
(0.3045454545 0.1 0.1)
(0.3090909091 0.1 0.1)
(0.3136363636 0.1 0.1)
(0.3181818182 0.1 0.1)
(0.3227272727 0.1 0.1)
(0.3272727273 0.1 0.1)
(0.3318181818 0.1 0.1)
(0.3363636364 0.1 0.1)
(0.3409090909 0.1 0.1)
(0.3454545455 0.1 0.1)
(0.35 0.1 0.1)
(0.3545454545 0.1 0.1)
(0.3590909091 0.1 0.1)
(0.3636363636 0.1 0.1)
(0.3681818182 0.1 0.1)
(0.3727272727 0.1 0.1)
(0.3772727273 0.1 0.1)
(0.3818181818 0.1 0.1)
(0.3863636364 0.1 0.1)
(0.3909090909 0.1 0.1)
(0.3954545455 0.1 0.1)
(0.4 0.1 0.1)
(0.4045454545 0.1 0.1)
(0.4090909091 0.1 0.1)
(0.4136363636 0.1 0.1)
(0.4181818182 0.1 0.1)
(0.4227272727 0.1 0.1)
(0.4272727273 0.1 0.1)
(0.4318181818 0.1 0.1)
(0.4363636364 0.1 0.1)
(0.4409090909 0.1 0.1)
(0.4454545455 0.1 0.1)
(0.45 0.1 0.1)
(0.4545454545 0.1 0.1)
(0.4590909091 0.1 0.1)
(0.4636363636 0.1 0.1)
(0.4681818182 0.1 0.1)
(0.4727272727 0.1 0.1)
(0.4772727273 0.1 0.1)
(0.4818181818 0.1 0.1)
(0.4863636364 0.1 0.1)
(0.4909090909 0.1 0.1)
(0.4954545455 0.1 0.1)
(0.5 0.1 0.1)
(0.5045454545 0.1 0.1)
(0.5090909091 0.1 0.1)
(0.5136363636 0.1 0.1)
(0.5181818182 0.1 0.1)
(0.5227272727 0.1 0.1)
(0.5272727273 0.1 0.1)
(0.5318181818 0.1 0.1)
(0.5363636364 0.1 0.1)
(0.5409090909 0.1 0.1)
(0.5454545455 0.1 0.1)
(0.55 0.1 0.1)
(0.5545454545 0.1 0.1)
(0.5590909091 0.1 0.1)
(0.5636363636 0.1 0.1)
(0.5681818182 0.1 0.1)
(0.5727272727 0.1 0.1)
(0.5772727273 0.1 0.1)
(0.5818181818 0.1 0.1)
(0.5863636364 0.1 0.1)
(0.5909090909 0.1 0.1)
(0.5954545455 0.1 0.1)
(0.6 0.1 0.1)
(0.6045454545 0.1 0.1)
(0.6090909091 0.1 0.1)
(0.6136363636 0.1 0.1)
(0.6181818182 0.1 0.1)
(0.6227272727 0.1 0.1)
(0.6272727273 0.1 0.1)
(0.6318181818 0.1 0.1)
(0.6363636364 0.1 0.1)
(0.6409090909 0.1 0.1)
(0.6454545455 0.1 0.1)
(0.65 0.1 0.1)
(0.6545454545 0.1 0.1)
(0.6590909091 0.1 0.1)
(0.6636363636 0.1 0.1)
(0.6681818182 0.1 0.1)
(0.6727272727 0.1 0.1)
(0.6772727273 0.1 0.1)
(0.6818181818 0.1 0.1)
(0.6863636364 0.1 0.1)
(0.6909090909 0.1 0.1)
(0.6954545455 0.1 0.1)
(0.7 0.1 0.1)
(0.7045454545 0.1 0.1)
(0.7090909091 0.1 0.1)
(0.7136363636 0.1 0.1)
(0.7181818182 0.1 0.1)
(0.7227272727 0.1 0.1)
(0.7272727273 0.1 0.1)
(0.7318181818 0.1 0.1)
(0.7363636364 0.1 0.1)
(0.7409090909 0.1 0.1)
(0.7454545455 0.1 0.1)
(0.75 0.1 0.1)
(0.7545454545 0.1 0.1)
(0.7590909091 0.1 0.1)
(0.7636363636 0.1 0.1)
(0.7681818182 0.1 0.1)
(0.7727272727 0.1 0.1)
(0.7772727273 0.1 0.1)
(0.7818181818 0.1 0.1)
(0.7863636364 0.1 0.1)
(0.7909090909 0.1 0.1)
(0.7954545455 0.1 0.1)
(0.8 0.1 0.1)
(0.8045454545 0.1 0.1)
(0.8090909091 0.1 0.1)
(0.8136363636 0.1 0.1)
(0.8181818182 0.1 0.1)
(0.8227272727 0.1 0.1)
(0.8272727273 0.1 0.1)
(0.8318181818 0.1 0.1)
(0.8363636364 0.1 0.1)
(0.8409090909 0.1 0.1)
(0.8454545455 0.1 0.1)
(0.85 0.1 0.1)
(0.8545454545 0.1 0.1)
(0.8590909091 0.1 0.1)
(0.8636363636 0.1 0.1)
(0.8681818182 0.1 0.1)
(0.8727272727 0.1 0.1)
(0.8772727273 0.1 0.1)
(0.8818181818 0.1 0.1)
(0.8863636364 0.1 0.1)
(0.8909090909 0.1 0.1)
(0.8954545455 0.1 0.1)
(0.9 0.1 0.1)
(0.9045454545 0.1 0.1)
(0.9090909091 0.1 0.1)
(0.9136363636 0.1 0.1)
(0.9181818182 0.1 0.1)
(0.9227272727 0.1 0.1)
(0.9272727273 0.1 0.1)
(0.9318181818 0.1 0.1)
(0.9363636364 0.1 0.1)
(0.9409090909 0.1 0.1)
(0.9454545455 0.1 0.1)
(0.95 0.1 0.1)
(0.9545454545 0.1 0.1)
(0.9590909091 0.1 0.1)
(0.9636363636 0.1 0.1)
(0.9681818182 0.1 0.1)
(0.9727272727 0.1 0.1)
(0.9772727273 0.1 0.1)
(0.9818181818 0.1 0.1)
(0.9863636364 0.1 0.1)
(0.9909090909 0.1 0.1)
(0.9954545455 0.1 0.1)
(1 0.1 0.1)
(0 0.1066666667 0.1)
(0.004545454545 0.1066666667 0.1)
(0.009090909091 0.1066666667 0.1)
(0.01363636364 0.1066666667 0.1)
(0.01818181818 0.1066666667 0.1)
(0.02272727273 0.1066666667 0.1)
(0.02727272727 0.1066666667 0.1)
(0.03181818182 0.1066666667 0.1)
(0.03636363636 0.1066666667 0.1)
(0.04090909091 0.1066666667 0.1)
(0.04545454545 0.1066666667 0.1)
(0.05 0.1066666667 0.1)
(0.05454545455 0.1066666667 0.1)
(0.05909090909 0.1066666667 0.1)
(0.06363636364 0.1066666667 0.1)
(0.06818181818 0.1066666667 0.1)
(0.07272727273 0.1066666667 0.1)
(0.07727272727 0.1066666667 0.1)
(0.08181818182 0.1066666667 0.1)
(0.08636363636 0.1066666667 0.1)
(0.09090909091 0.1066666667 0.1)
(0.09545454545 0.1066666667 0.1)
(0.1 0.1066666667 0.1)
(0.1045454545 0.1066666667 0.1)
(0.1090909091 0.1066666667 0.1)
(0.1136363636 0.1066666667 0.1)
(0.1181818182 0.1066666667 0.1)
(0.1227272727 0.1066666667 0.1)
(0.1272727273 0.1066666667 0.1)
(0.1318181818 0.1066666667 0.1)
(0.1363636364 0.1066666667 0.1)
(0.1409090909 0.1066666667 0.1)
(0.1454545455 0.1066666667 0.1)
(0.15 0.1066666667 0.1)
(0.1545454545 0.1066666667 0.1)
(0.1590909091 0.1066666667 0.1)
(0.1636363636 0.1066666667 0.1)
(0.1681818182 0.1066666667 0.1)
(0.1727272727 0.1066666667 0.1)
(0.1772727273 0.1066666667 0.1)
(0.1818181818 0.1066666667 0.1)
(0.1863636364 0.1066666667 0.1)
(0.1909090909 0.1066666667 0.1)
(0.1954545455 0.1066666667 0.1)
(0.2 0.1066666667 0.1)
(0.2045454545 0.1066666667 0.1)
(0.2090909091 0.1066666667 0.1)
(0.2136363636 0.1066666667 0.1)
(0.2181818182 0.1066666667 0.1)
(0.2227272727 0.1066666667 0.1)
(0.2272727273 0.1066666667 0.1)
(0.2318181818 0.1066666667 0.1)
(0.2363636364 0.1066666667 0.1)
(0.2409090909 0.1066666667 0.1)
(0.2454545455 0.1066666667 0.1)
(0.25 0.1066666667 0.1)
(0.2545454545 0.1066666667 0.1)
(0.2590909091 0.1066666667 0.1)
(0.2636363636 0.1066666667 0.1)
(0.2681818182 0.1066666667 0.1)
(0.2727272727 0.1066666667 0.1)
(0.2772727273 0.1066666667 0.1)
(0.2818181818 0.1066666667 0.1)
(0.2863636364 0.1066666667 0.1)
(0.2909090909 0.1066666667 0.1)
(0.2954545455 0.1066666667 0.1)
(0.3 0.1066666667 0.1)
(0.3045454545 0.1066666667 0.1)
(0.3090909091 0.1066666667 0.1)
(0.3136363636 0.1066666667 0.1)
(0.3181818182 0.1066666667 0.1)
(0.3227272727 0.1066666667 0.1)
(0.3272727273 0.1066666667 0.1)
(0.3318181818 0.1066666667 0.1)
(0.3363636364 0.1066666667 0.1)
(0.3409090909 0.1066666667 0.1)
(0.3454545455 0.1066666667 0.1)
(0.35 0.1066666667 0.1)
(0.3545454545 0.1066666667 0.1)
(0.3590909091 0.1066666667 0.1)
(0.3636363636 0.1066666667 0.1)
(0.3681818182 0.1066666667 0.1)
(0.3727272727 0.1066666667 0.1)
(0.3772727273 0.1066666667 0.1)
(0.3818181818 0.1066666667 0.1)
(0.3863636364 0.1066666667 0.1)
(0.3909090909 0.1066666667 0.1)
(0.3954545455 0.1066666667 0.1)
(0.4 0.1066666667 0.1)
(0.4045454545 0.1066666667 0.1)
(0.4090909091 0.1066666667 0.1)
(0.4136363636 0.1066666667 0.1)
(0.4181818182 0.1066666667 0.1)
(0.4227272727 0.1066666667 0.1)
(0.4272727273 0.1066666667 0.1)
(0.4318181818 0.1066666667 0.1)
(0.4363636364 0.1066666667 0.1)
(0.4409090909 0.1066666667 0.1)
(0.4454545455 0.1066666667 0.1)
(0.45 0.1066666667 0.1)
(0.4545454545 0.1066666667 0.1)
(0.4590909091 0.1066666667 0.1)
(0.4636363636 0.1066666667 0.1)
(0.4681818182 0.1066666667 0.1)
(0.4727272727 0.1066666667 0.1)
(0.4772727273 0.1066666667 0.1)
(0.4818181818 0.1066666667 0.1)
(0.4863636364 0.1066666667 0.1)
(0.4909090909 0.1066666667 0.1)
(0.4954545455 0.1066666667 0.1)
(0.5 0.1066666667 0.1)
(0.5045454545 0.1066666667 0.1)
(0.5090909091 0.1066666667 0.1)
(0.5136363636 0.1066666667 0.1)
(0.5181818182 0.1066666667 0.1)
(0.5227272727 0.1066666667 0.1)
(0.5272727273 0.1066666667 0.1)
(0.5318181818 0.1066666667 0.1)
(0.5363636364 0.1066666667 0.1)
(0.5409090909 0.1066666667 0.1)
(0.5454545455 0.1066666667 0.1)
(0.55 0.1066666667 0.1)
(0.5545454545 0.1066666667 0.1)
(0.5590909091 0.1066666667 0.1)
(0.5636363636 0.1066666667 0.1)
(0.5681818182 0.1066666667 0.1)
(0.5727272727 0.1066666667 0.1)
(0.5772727273 0.1066666667 0.1)
(0.5818181818 0.1066666667 0.1)
(0.5863636364 0.1066666667 0.1)
(0.5909090909 0.1066666667 0.1)
(0.5954545455 0.1066666667 0.1)
(0.6 0.1066666667 0.1)
(0.6045454545 0.1066666667 0.1)
(0.6090909091 0.1066666667 0.1)
(0.6136363636 0.1066666667 0.1)
(0.6181818182 0.1066666667 0.1)
(0.6227272727 0.1066666667 0.1)
(0.6272727273 0.1066666667 0.1)
(0.6318181818 0.1066666667 0.1)
(0.6363636364 0.1066666667 0.1)
(0.6409090909 0.1066666667 0.1)
(0.6454545455 0.1066666667 0.1)
(0.65 0.1066666667 0.1)
(0.6545454545 0.1066666667 0.1)
(0.6590909091 0.1066666667 0.1)
(0.6636363636 0.1066666667 0.1)
(0.6681818182 0.1066666667 0.1)
(0.6727272727 0.1066666667 0.1)
(0.6772727273 0.1066666667 0.1)
(0.6818181818 0.1066666667 0.1)
(0.6863636364 0.1066666667 0.1)
(0.6909090909 0.1066666667 0.1)
(0.6954545455 0.1066666667 0.1)
(0.7 0.1066666667 0.1)
(0.7045454545 0.1066666667 0.1)
(0.7090909091 0.1066666667 0.1)
(0.7136363636 0.1066666667 0.1)
(0.7181818182 0.1066666667 0.1)
(0.7227272727 0.1066666667 0.1)
(0.7272727273 0.1066666667 0.1)
(0.7318181818 0.1066666667 0.1)
(0.7363636364 0.1066666667 0.1)
(0.7409090909 0.1066666667 0.1)
(0.7454545455 0.1066666667 0.1)
(0.75 0.1066666667 0.1)
(0.7545454545 0.1066666667 0.1)
(0.7590909091 0.1066666667 0.1)
(0.7636363636 0.1066666667 0.1)
(0.7681818182 0.1066666667 0.1)
(0.7727272727 0.1066666667 0.1)
(0.7772727273 0.1066666667 0.1)
(0.7818181818 0.1066666667 0.1)
(0.7863636364 0.1066666667 0.1)
(0.7909090909 0.1066666667 0.1)
(0.7954545455 0.1066666667 0.1)
(0.8 0.1066666667 0.1)
(0.8045454545 0.1066666667 0.1)
(0.8090909091 0.1066666667 0.1)
(0.8136363636 0.1066666667 0.1)
(0.8181818182 0.1066666667 0.1)
(0.8227272727 0.1066666667 0.1)
(0.8272727273 0.1066666667 0.1)
(0.8318181818 0.1066666667 0.1)
(0.8363636364 0.1066666667 0.1)
(0.8409090909 0.1066666667 0.1)
(0.8454545455 0.1066666667 0.1)
(0.85 0.1066666667 0.1)
(0.8545454545 0.1066666667 0.1)
(0.8590909091 0.1066666667 0.1)
(0.8636363636 0.1066666667 0.1)
(0.8681818182 0.1066666667 0.1)
(0.8727272727 0.1066666667 0.1)
(0.8772727273 0.1066666667 0.1)
(0.8818181818 0.1066666667 0.1)
(0.8863636364 0.1066666667 0.1)
(0.8909090909 0.1066666667 0.1)
(0.8954545455 0.1066666667 0.1)
(0.9 0.1066666667 0.1)
(0.9045454545 0.1066666667 0.1)
(0.9090909091 0.1066666667 0.1)
(0.9136363636 0.1066666667 0.1)
(0.9181818182 0.1066666667 0.1)
(0.9227272727 0.1066666667 0.1)
(0.9272727273 0.1066666667 0.1)
(0.9318181818 0.1066666667 0.1)
(0.9363636364 0.1066666667 0.1)
(0.9409090909 0.1066666667 0.1)
(0.9454545455 0.1066666667 0.1)
(0.95 0.1066666667 0.1)
(0.9545454545 0.1066666667 0.1)
(0.9590909091 0.1066666667 0.1)
(0.9636363636 0.1066666667 0.1)
(0.9681818182 0.1066666667 0.1)
(0.9727272727 0.1066666667 0.1)
(0.9772727273 0.1066666667 0.1)
(0.9818181818 0.1066666667 0.1)
(0.9863636364 0.1066666667 0.1)
(0.9909090909 0.1066666667 0.1)
(0.9954545455 0.1066666667 0.1)
(1 0.1066666667 0.1)
(0 0.1133333333 0.1)
(0.004545454545 0.1133333333 0.1)
(0.009090909091 0.1133333333 0.1)
(0.01363636364 0.1133333333 0.1)
(0.01818181818 0.1133333333 0.1)
(0.02272727273 0.1133333333 0.1)
(0.02727272727 0.1133333333 0.1)
(0.03181818182 0.1133333333 0.1)
(0.03636363636 0.1133333333 0.1)
(0.04090909091 0.1133333333 0.1)
(0.04545454545 0.1133333333 0.1)
(0.05 0.1133333333 0.1)
(0.05454545455 0.1133333333 0.1)
(0.05909090909 0.1133333333 0.1)
(0.06363636364 0.1133333333 0.1)
(0.06818181818 0.1133333333 0.1)
(0.07272727273 0.1133333333 0.1)
(0.07727272727 0.1133333333 0.1)
(0.08181818182 0.1133333333 0.1)
(0.08636363636 0.1133333333 0.1)
(0.09090909091 0.1133333333 0.1)
(0.09545454545 0.1133333333 0.1)
(0.1 0.1133333333 0.1)
(0.1045454545 0.1133333333 0.1)
(0.1090909091 0.1133333333 0.1)
(0.1136363636 0.1133333333 0.1)
(0.1181818182 0.1133333333 0.1)
(0.1227272727 0.1133333333 0.1)
(0.1272727273 0.1133333333 0.1)
(0.1318181818 0.1133333333 0.1)
(0.1363636364 0.1133333333 0.1)
(0.1409090909 0.1133333333 0.1)
(0.1454545455 0.1133333333 0.1)
(0.15 0.1133333333 0.1)
(0.1545454545 0.1133333333 0.1)
(0.1590909091 0.1133333333 0.1)
(0.1636363636 0.1133333333 0.1)
(0.1681818182 0.1133333333 0.1)
(0.1727272727 0.1133333333 0.1)
(0.1772727273 0.1133333333 0.1)
(0.1818181818 0.1133333333 0.1)
(0.1863636364 0.1133333333 0.1)
(0.1909090909 0.1133333333 0.1)
(0.1954545455 0.1133333333 0.1)
(0.2 0.1133333333 0.1)
(0.2045454545 0.1133333333 0.1)
(0.2090909091 0.1133333333 0.1)
(0.2136363636 0.1133333333 0.1)
(0.2181818182 0.1133333333 0.1)
(0.2227272727 0.1133333333 0.1)
(0.2272727273 0.1133333333 0.1)
(0.2318181818 0.1133333333 0.1)
(0.2363636364 0.1133333333 0.1)
(0.2409090909 0.1133333333 0.1)
(0.2454545455 0.1133333333 0.1)
(0.25 0.1133333333 0.1)
(0.2545454545 0.1133333333 0.1)
(0.2590909091 0.1133333333 0.1)
(0.2636363636 0.1133333333 0.1)
(0.2681818182 0.1133333333 0.1)
(0.2727272727 0.1133333333 0.1)
(0.2772727273 0.1133333333 0.1)
(0.2818181818 0.1133333333 0.1)
(0.2863636364 0.1133333333 0.1)
(0.2909090909 0.1133333333 0.1)
(0.2954545455 0.1133333333 0.1)
(0.3 0.1133333333 0.1)
(0.3045454545 0.1133333333 0.1)
(0.3090909091 0.1133333333 0.1)
(0.3136363636 0.1133333333 0.1)
(0.3181818182 0.1133333333 0.1)
(0.3227272727 0.1133333333 0.1)
(0.3272727273 0.1133333333 0.1)
(0.3318181818 0.1133333333 0.1)
(0.3363636364 0.1133333333 0.1)
(0.3409090909 0.1133333333 0.1)
(0.3454545455 0.1133333333 0.1)
(0.35 0.1133333333 0.1)
(0.3545454545 0.1133333333 0.1)
(0.3590909091 0.1133333333 0.1)
(0.3636363636 0.1133333333 0.1)
(0.3681818182 0.1133333333 0.1)
(0.3727272727 0.1133333333 0.1)
(0.3772727273 0.1133333333 0.1)
(0.3818181818 0.1133333333 0.1)
(0.3863636364 0.1133333333 0.1)
(0.3909090909 0.1133333333 0.1)
(0.3954545455 0.1133333333 0.1)
(0.4 0.1133333333 0.1)
(0.4045454545 0.1133333333 0.1)
(0.4090909091 0.1133333333 0.1)
(0.4136363636 0.1133333333 0.1)
(0.4181818182 0.1133333333 0.1)
(0.4227272727 0.1133333333 0.1)
(0.4272727273 0.1133333333 0.1)
(0.4318181818 0.1133333333 0.1)
(0.4363636364 0.1133333333 0.1)
(0.4409090909 0.1133333333 0.1)
(0.4454545455 0.1133333333 0.1)
(0.45 0.1133333333 0.1)
(0.4545454545 0.1133333333 0.1)
(0.4590909091 0.1133333333 0.1)
(0.4636363636 0.1133333333 0.1)
(0.4681818182 0.1133333333 0.1)
(0.4727272727 0.1133333333 0.1)
(0.4772727273 0.1133333333 0.1)
(0.4818181818 0.1133333333 0.1)
(0.4863636364 0.1133333333 0.1)
(0.4909090909 0.1133333333 0.1)
(0.4954545455 0.1133333333 0.1)
(0.5 0.1133333333 0.1)
(0.5045454545 0.1133333333 0.1)
(0.5090909091 0.1133333333 0.1)
(0.5136363636 0.1133333333 0.1)
(0.5181818182 0.1133333333 0.1)
(0.5227272727 0.1133333333 0.1)
(0.5272727273 0.1133333333 0.1)
(0.5318181818 0.1133333333 0.1)
(0.5363636364 0.1133333333 0.1)
(0.5409090909 0.1133333333 0.1)
(0.5454545455 0.1133333333 0.1)
(0.55 0.1133333333 0.1)
(0.5545454545 0.1133333333 0.1)
(0.5590909091 0.1133333333 0.1)
(0.5636363636 0.1133333333 0.1)
(0.5681818182 0.1133333333 0.1)
(0.5727272727 0.1133333333 0.1)
(0.5772727273 0.1133333333 0.1)
(0.5818181818 0.1133333333 0.1)
(0.5863636364 0.1133333333 0.1)
(0.5909090909 0.1133333333 0.1)
(0.5954545455 0.1133333333 0.1)
(0.6 0.1133333333 0.1)
(0.6045454545 0.1133333333 0.1)
(0.6090909091 0.1133333333 0.1)
(0.6136363636 0.1133333333 0.1)
(0.6181818182 0.1133333333 0.1)
(0.6227272727 0.1133333333 0.1)
(0.6272727273 0.1133333333 0.1)
(0.6318181818 0.1133333333 0.1)
(0.6363636364 0.1133333333 0.1)
(0.6409090909 0.1133333333 0.1)
(0.6454545455 0.1133333333 0.1)
(0.65 0.1133333333 0.1)
(0.6545454545 0.1133333333 0.1)
(0.6590909091 0.1133333333 0.1)
(0.6636363636 0.1133333333 0.1)
(0.6681818182 0.1133333333 0.1)
(0.6727272727 0.1133333333 0.1)
(0.6772727273 0.1133333333 0.1)
(0.6818181818 0.1133333333 0.1)
(0.6863636364 0.1133333333 0.1)
(0.6909090909 0.1133333333 0.1)
(0.6954545455 0.1133333333 0.1)
(0.7 0.1133333333 0.1)
(0.7045454545 0.1133333333 0.1)
(0.7090909091 0.1133333333 0.1)
(0.7136363636 0.1133333333 0.1)
(0.7181818182 0.1133333333 0.1)
(0.7227272727 0.1133333333 0.1)
(0.7272727273 0.1133333333 0.1)
(0.7318181818 0.1133333333 0.1)
(0.7363636364 0.1133333333 0.1)
(0.7409090909 0.1133333333 0.1)
(0.7454545455 0.1133333333 0.1)
(0.75 0.1133333333 0.1)
(0.7545454545 0.1133333333 0.1)
(0.7590909091 0.1133333333 0.1)
(0.7636363636 0.1133333333 0.1)
(0.7681818182 0.1133333333 0.1)
(0.7727272727 0.1133333333 0.1)
(0.7772727273 0.1133333333 0.1)
(0.7818181818 0.1133333333 0.1)
(0.7863636364 0.1133333333 0.1)
(0.7909090909 0.1133333333 0.1)
(0.7954545455 0.1133333333 0.1)
(0.8 0.1133333333 0.1)
(0.8045454545 0.1133333333 0.1)
(0.8090909091 0.1133333333 0.1)
(0.8136363636 0.1133333333 0.1)
(0.8181818182 0.1133333333 0.1)
(0.8227272727 0.1133333333 0.1)
(0.8272727273 0.1133333333 0.1)
(0.8318181818 0.1133333333 0.1)
(0.8363636364 0.1133333333 0.1)
(0.8409090909 0.1133333333 0.1)
(0.8454545455 0.1133333333 0.1)
(0.85 0.1133333333 0.1)
(0.8545454545 0.1133333333 0.1)
(0.8590909091 0.1133333333 0.1)
(0.8636363636 0.1133333333 0.1)
(0.8681818182 0.1133333333 0.1)
(0.8727272727 0.1133333333 0.1)
(0.8772727273 0.1133333333 0.1)
(0.8818181818 0.1133333333 0.1)
(0.8863636364 0.1133333333 0.1)
(0.8909090909 0.1133333333 0.1)
(0.8954545455 0.1133333333 0.1)
(0.9 0.1133333333 0.1)
(0.9045454545 0.1133333333 0.1)
(0.9090909091 0.1133333333 0.1)
(0.9136363636 0.1133333333 0.1)
(0.9181818182 0.1133333333 0.1)
(0.9227272727 0.1133333333 0.1)
(0.9272727273 0.1133333333 0.1)
(0.9318181818 0.1133333333 0.1)
(0.9363636364 0.1133333333 0.1)
(0.9409090909 0.1133333333 0.1)
(0.9454545455 0.1133333333 0.1)
(0.95 0.1133333333 0.1)
(0.9545454545 0.1133333333 0.1)
(0.9590909091 0.1133333333 0.1)
(0.9636363636 0.1133333333 0.1)
(0.9681818182 0.1133333333 0.1)
(0.9727272727 0.1133333333 0.1)
(0.9772727273 0.1133333333 0.1)
(0.9818181818 0.1133333333 0.1)
(0.9863636364 0.1133333333 0.1)
(0.9909090909 0.1133333333 0.1)
(0.9954545455 0.1133333333 0.1)
(1 0.1133333333 0.1)
(0 0.12 0.1)
(0.004545454545 0.12 0.1)
(0.009090909091 0.12 0.1)
(0.01363636364 0.12 0.1)
(0.01818181818 0.12 0.1)
(0.02272727273 0.12 0.1)
(0.02727272727 0.12 0.1)
(0.03181818182 0.12 0.1)
(0.03636363636 0.12 0.1)
(0.04090909091 0.12 0.1)
(0.04545454545 0.12 0.1)
(0.05 0.12 0.1)
(0.05454545455 0.12 0.1)
(0.05909090909 0.12 0.1)
(0.06363636364 0.12 0.1)
(0.06818181818 0.12 0.1)
(0.07272727273 0.12 0.1)
(0.07727272727 0.12 0.1)
(0.08181818182 0.12 0.1)
(0.08636363636 0.12 0.1)
(0.09090909091 0.12 0.1)
(0.09545454545 0.12 0.1)
(0.1 0.12 0.1)
(0.1045454545 0.12 0.1)
(0.1090909091 0.12 0.1)
(0.1136363636 0.12 0.1)
(0.1181818182 0.12 0.1)
(0.1227272727 0.12 0.1)
(0.1272727273 0.12 0.1)
(0.1318181818 0.12 0.1)
(0.1363636364 0.12 0.1)
(0.1409090909 0.12 0.1)
(0.1454545455 0.12 0.1)
(0.15 0.12 0.1)
(0.1545454545 0.12 0.1)
(0.1590909091 0.12 0.1)
(0.1636363636 0.12 0.1)
(0.1681818182 0.12 0.1)
(0.1727272727 0.12 0.1)
(0.1772727273 0.12 0.1)
(0.1818181818 0.12 0.1)
(0.1863636364 0.12 0.1)
(0.1909090909 0.12 0.1)
(0.1954545455 0.12 0.1)
(0.2 0.12 0.1)
(0.2045454545 0.12 0.1)
(0.2090909091 0.12 0.1)
(0.2136363636 0.12 0.1)
(0.2181818182 0.12 0.1)
(0.2227272727 0.12 0.1)
(0.2272727273 0.12 0.1)
(0.2318181818 0.12 0.1)
(0.2363636364 0.12 0.1)
(0.2409090909 0.12 0.1)
(0.2454545455 0.12 0.1)
(0.25 0.12 0.1)
(0.2545454545 0.12 0.1)
(0.2590909091 0.12 0.1)
(0.2636363636 0.12 0.1)
(0.2681818182 0.12 0.1)
(0.2727272727 0.12 0.1)
(0.2772727273 0.12 0.1)
(0.2818181818 0.12 0.1)
(0.2863636364 0.12 0.1)
(0.2909090909 0.12 0.1)
(0.2954545455 0.12 0.1)
(0.3 0.12 0.1)
(0.3045454545 0.12 0.1)
(0.3090909091 0.12 0.1)
(0.3136363636 0.12 0.1)
(0.3181818182 0.12 0.1)
(0.3227272727 0.12 0.1)
(0.3272727273 0.12 0.1)
(0.3318181818 0.12 0.1)
(0.3363636364 0.12 0.1)
(0.3409090909 0.12 0.1)
(0.3454545455 0.12 0.1)
(0.35 0.12 0.1)
(0.3545454545 0.12 0.1)
(0.3590909091 0.12 0.1)
(0.3636363636 0.12 0.1)
(0.3681818182 0.12 0.1)
(0.3727272727 0.12 0.1)
(0.3772727273 0.12 0.1)
(0.3818181818 0.12 0.1)
(0.3863636364 0.12 0.1)
(0.3909090909 0.12 0.1)
(0.3954545455 0.12 0.1)
(0.4 0.12 0.1)
(0.4045454545 0.12 0.1)
(0.4090909091 0.12 0.1)
(0.4136363636 0.12 0.1)
(0.4181818182 0.12 0.1)
(0.4227272727 0.12 0.1)
(0.4272727273 0.12 0.1)
(0.4318181818 0.12 0.1)
(0.4363636364 0.12 0.1)
(0.4409090909 0.12 0.1)
(0.4454545455 0.12 0.1)
(0.45 0.12 0.1)
(0.4545454545 0.12 0.1)
(0.4590909091 0.12 0.1)
(0.4636363636 0.12 0.1)
(0.4681818182 0.12 0.1)
(0.4727272727 0.12 0.1)
(0.4772727273 0.12 0.1)
(0.4818181818 0.12 0.1)
(0.4863636364 0.12 0.1)
(0.4909090909 0.12 0.1)
(0.4954545455 0.12 0.1)
(0.5 0.12 0.1)
(0.5045454545 0.12 0.1)
(0.5090909091 0.12 0.1)
(0.5136363636 0.12 0.1)
(0.5181818182 0.12 0.1)
(0.5227272727 0.12 0.1)
(0.5272727273 0.12 0.1)
(0.5318181818 0.12 0.1)
(0.5363636364 0.12 0.1)
(0.5409090909 0.12 0.1)
(0.5454545455 0.12 0.1)
(0.55 0.12 0.1)
(0.5545454545 0.12 0.1)
(0.5590909091 0.12 0.1)
(0.5636363636 0.12 0.1)
(0.5681818182 0.12 0.1)
(0.5727272727 0.12 0.1)
(0.5772727273 0.12 0.1)
(0.5818181818 0.12 0.1)
(0.5863636364 0.12 0.1)
(0.5909090909 0.12 0.1)
(0.5954545455 0.12 0.1)
(0.6 0.12 0.1)
(0.6045454545 0.12 0.1)
(0.6090909091 0.12 0.1)
(0.6136363636 0.12 0.1)
(0.6181818182 0.12 0.1)
(0.6227272727 0.12 0.1)
(0.6272727273 0.12 0.1)
(0.6318181818 0.12 0.1)
(0.6363636364 0.12 0.1)
(0.6409090909 0.12 0.1)
(0.6454545455 0.12 0.1)
(0.65 0.12 0.1)
(0.6545454545 0.12 0.1)
(0.6590909091 0.12 0.1)
(0.6636363636 0.12 0.1)
(0.6681818182 0.12 0.1)
(0.6727272727 0.12 0.1)
(0.6772727273 0.12 0.1)
(0.6818181818 0.12 0.1)
(0.6863636364 0.12 0.1)
(0.6909090909 0.12 0.1)
(0.6954545455 0.12 0.1)
(0.7 0.12 0.1)
(0.7045454545 0.12 0.1)
(0.7090909091 0.12 0.1)
(0.7136363636 0.12 0.1)
(0.7181818182 0.12 0.1)
(0.7227272727 0.12 0.1)
(0.7272727273 0.12 0.1)
(0.7318181818 0.12 0.1)
(0.7363636364 0.12 0.1)
(0.7409090909 0.12 0.1)
(0.7454545455 0.12 0.1)
(0.75 0.12 0.1)
(0.7545454545 0.12 0.1)
(0.7590909091 0.12 0.1)
(0.7636363636 0.12 0.1)
(0.7681818182 0.12 0.1)
(0.7727272727 0.12 0.1)
(0.7772727273 0.12 0.1)
(0.7818181818 0.12 0.1)
(0.7863636364 0.12 0.1)
(0.7909090909 0.12 0.1)
(0.7954545455 0.12 0.1)
(0.8 0.12 0.1)
(0.8045454545 0.12 0.1)
(0.8090909091 0.12 0.1)
(0.8136363636 0.12 0.1)
(0.8181818182 0.12 0.1)
(0.8227272727 0.12 0.1)
(0.8272727273 0.12 0.1)
(0.8318181818 0.12 0.1)
(0.8363636364 0.12 0.1)
(0.8409090909 0.12 0.1)
(0.8454545455 0.12 0.1)
(0.85 0.12 0.1)
(0.8545454545 0.12 0.1)
(0.8590909091 0.12 0.1)
(0.8636363636 0.12 0.1)
(0.8681818182 0.12 0.1)
(0.8727272727 0.12 0.1)
(0.8772727273 0.12 0.1)
(0.8818181818 0.12 0.1)
(0.8863636364 0.12 0.1)
(0.8909090909 0.12 0.1)
(0.8954545455 0.12 0.1)
(0.9 0.12 0.1)
(0.9045454545 0.12 0.1)
(0.9090909091 0.12 0.1)
(0.9136363636 0.12 0.1)
(0.9181818182 0.12 0.1)
(0.9227272727 0.12 0.1)
(0.9272727273 0.12 0.1)
(0.9318181818 0.12 0.1)
(0.9363636364 0.12 0.1)
(0.9409090909 0.12 0.1)
(0.9454545455 0.12 0.1)
(0.95 0.12 0.1)
(0.9545454545 0.12 0.1)
(0.9590909091 0.12 0.1)
(0.9636363636 0.12 0.1)
(0.9681818182 0.12 0.1)
(0.9727272727 0.12 0.1)
(0.9772727273 0.12 0.1)
(0.9818181818 0.12 0.1)
(0.9863636364 0.12 0.1)
(0.9909090909 0.12 0.1)
(0.9954545455 0.12 0.1)
(1 0.12 0.1)
(0 0.1266666667 0.1)
(0.004545454545 0.1266666667 0.1)
(0.009090909091 0.1266666667 0.1)
(0.01363636364 0.1266666667 0.1)
(0.01818181818 0.1266666667 0.1)
(0.02272727273 0.1266666667 0.1)
(0.02727272727 0.1266666667 0.1)
(0.03181818182 0.1266666667 0.1)
(0.03636363636 0.1266666667 0.1)
(0.04090909091 0.1266666667 0.1)
(0.04545454545 0.1266666667 0.1)
(0.05 0.1266666667 0.1)
(0.05454545455 0.1266666667 0.1)
(0.05909090909 0.1266666667 0.1)
(0.06363636364 0.1266666667 0.1)
(0.06818181818 0.1266666667 0.1)
(0.07272727273 0.1266666667 0.1)
(0.07727272727 0.1266666667 0.1)
(0.08181818182 0.1266666667 0.1)
(0.08636363636 0.1266666667 0.1)
(0.09090909091 0.1266666667 0.1)
(0.09545454545 0.1266666667 0.1)
(0.1 0.1266666667 0.1)
(0.1045454545 0.1266666667 0.1)
(0.1090909091 0.1266666667 0.1)
(0.1136363636 0.1266666667 0.1)
(0.1181818182 0.1266666667 0.1)
(0.1227272727 0.1266666667 0.1)
(0.1272727273 0.1266666667 0.1)
(0.1318181818 0.1266666667 0.1)
(0.1363636364 0.1266666667 0.1)
(0.1409090909 0.1266666667 0.1)
(0.1454545455 0.1266666667 0.1)
(0.15 0.1266666667 0.1)
(0.1545454545 0.1266666667 0.1)
(0.1590909091 0.1266666667 0.1)
(0.1636363636 0.1266666667 0.1)
(0.1681818182 0.1266666667 0.1)
(0.1727272727 0.1266666667 0.1)
(0.1772727273 0.1266666667 0.1)
(0.1818181818 0.1266666667 0.1)
(0.1863636364 0.1266666667 0.1)
(0.1909090909 0.1266666667 0.1)
(0.1954545455 0.1266666667 0.1)
(0.2 0.1266666667 0.1)
(0.2045454545 0.1266666667 0.1)
(0.2090909091 0.1266666667 0.1)
(0.2136363636 0.1266666667 0.1)
(0.2181818182 0.1266666667 0.1)
(0.2227272727 0.1266666667 0.1)
(0.2272727273 0.1266666667 0.1)
(0.2318181818 0.1266666667 0.1)
(0.2363636364 0.1266666667 0.1)
(0.2409090909 0.1266666667 0.1)
(0.2454545455 0.1266666667 0.1)
(0.25 0.1266666667 0.1)
(0.2545454545 0.1266666667 0.1)
(0.2590909091 0.1266666667 0.1)
(0.2636363636 0.1266666667 0.1)
(0.2681818182 0.1266666667 0.1)
(0.2727272727 0.1266666667 0.1)
(0.2772727273 0.1266666667 0.1)
(0.2818181818 0.1266666667 0.1)
(0.2863636364 0.1266666667 0.1)
(0.2909090909 0.1266666667 0.1)
(0.2954545455 0.1266666667 0.1)
(0.3 0.1266666667 0.1)
(0.3045454545 0.1266666667 0.1)
(0.3090909091 0.1266666667 0.1)
(0.3136363636 0.1266666667 0.1)
(0.3181818182 0.1266666667 0.1)
(0.3227272727 0.1266666667 0.1)
(0.3272727273 0.1266666667 0.1)
(0.3318181818 0.1266666667 0.1)
(0.3363636364 0.1266666667 0.1)
(0.3409090909 0.1266666667 0.1)
(0.3454545455 0.1266666667 0.1)
(0.35 0.1266666667 0.1)
(0.3545454545 0.1266666667 0.1)
(0.3590909091 0.1266666667 0.1)
(0.3636363636 0.1266666667 0.1)
(0.3681818182 0.1266666667 0.1)
(0.3727272727 0.1266666667 0.1)
(0.3772727273 0.1266666667 0.1)
(0.3818181818 0.1266666667 0.1)
(0.3863636364 0.1266666667 0.1)
(0.3909090909 0.1266666667 0.1)
(0.3954545455 0.1266666667 0.1)
(0.4 0.1266666667 0.1)
(0.4045454545 0.1266666667 0.1)
(0.4090909091 0.1266666667 0.1)
(0.4136363636 0.1266666667 0.1)
(0.4181818182 0.1266666667 0.1)
(0.4227272727 0.1266666667 0.1)
(0.4272727273 0.1266666667 0.1)
(0.4318181818 0.1266666667 0.1)
(0.4363636364 0.1266666667 0.1)
(0.4409090909 0.1266666667 0.1)
(0.4454545455 0.1266666667 0.1)
(0.45 0.1266666667 0.1)
(0.4545454545 0.1266666667 0.1)
(0.4590909091 0.1266666667 0.1)
(0.4636363636 0.1266666667 0.1)
(0.4681818182 0.1266666667 0.1)
(0.4727272727 0.1266666667 0.1)
(0.4772727273 0.1266666667 0.1)
(0.4818181818 0.1266666667 0.1)
(0.4863636364 0.1266666667 0.1)
(0.4909090909 0.1266666667 0.1)
(0.4954545455 0.1266666667 0.1)
(0.5 0.1266666667 0.1)
(0.5045454545 0.1266666667 0.1)
(0.5090909091 0.1266666667 0.1)
(0.5136363636 0.1266666667 0.1)
(0.5181818182 0.1266666667 0.1)
(0.5227272727 0.1266666667 0.1)
(0.5272727273 0.1266666667 0.1)
(0.5318181818 0.1266666667 0.1)
(0.5363636364 0.1266666667 0.1)
(0.5409090909 0.1266666667 0.1)
(0.5454545455 0.1266666667 0.1)
(0.55 0.1266666667 0.1)
(0.5545454545 0.1266666667 0.1)
(0.5590909091 0.1266666667 0.1)
(0.5636363636 0.1266666667 0.1)
(0.5681818182 0.1266666667 0.1)
(0.5727272727 0.1266666667 0.1)
(0.5772727273 0.1266666667 0.1)
(0.5818181818 0.1266666667 0.1)
(0.5863636364 0.1266666667 0.1)
(0.5909090909 0.1266666667 0.1)
(0.5954545455 0.1266666667 0.1)
(0.6 0.1266666667 0.1)
(0.6045454545 0.1266666667 0.1)
(0.6090909091 0.1266666667 0.1)
(0.6136363636 0.1266666667 0.1)
(0.6181818182 0.1266666667 0.1)
(0.6227272727 0.1266666667 0.1)
(0.6272727273 0.1266666667 0.1)
(0.6318181818 0.1266666667 0.1)
(0.6363636364 0.1266666667 0.1)
(0.6409090909 0.1266666667 0.1)
(0.6454545455 0.1266666667 0.1)
(0.65 0.1266666667 0.1)
(0.6545454545 0.1266666667 0.1)
(0.6590909091 0.1266666667 0.1)
(0.6636363636 0.1266666667 0.1)
(0.6681818182 0.1266666667 0.1)
(0.6727272727 0.1266666667 0.1)
(0.6772727273 0.1266666667 0.1)
(0.6818181818 0.1266666667 0.1)
(0.6863636364 0.1266666667 0.1)
(0.6909090909 0.1266666667 0.1)
(0.6954545455 0.1266666667 0.1)
(0.7 0.1266666667 0.1)
(0.7045454545 0.1266666667 0.1)
(0.7090909091 0.1266666667 0.1)
(0.7136363636 0.1266666667 0.1)
(0.7181818182 0.1266666667 0.1)
(0.7227272727 0.1266666667 0.1)
(0.7272727273 0.1266666667 0.1)
(0.7318181818 0.1266666667 0.1)
(0.7363636364 0.1266666667 0.1)
(0.7409090909 0.1266666667 0.1)
(0.7454545455 0.1266666667 0.1)
(0.75 0.1266666667 0.1)
(0.7545454545 0.1266666667 0.1)
(0.7590909091 0.1266666667 0.1)
(0.7636363636 0.1266666667 0.1)
(0.7681818182 0.1266666667 0.1)
(0.7727272727 0.1266666667 0.1)
(0.7772727273 0.1266666667 0.1)
(0.7818181818 0.1266666667 0.1)
(0.7863636364 0.1266666667 0.1)
(0.7909090909 0.1266666667 0.1)
(0.7954545455 0.1266666667 0.1)
(0.8 0.1266666667 0.1)
(0.8045454545 0.1266666667 0.1)
(0.8090909091 0.1266666667 0.1)
(0.8136363636 0.1266666667 0.1)
(0.8181818182 0.1266666667 0.1)
(0.8227272727 0.1266666667 0.1)
(0.8272727273 0.1266666667 0.1)
(0.8318181818 0.1266666667 0.1)
(0.8363636364 0.1266666667 0.1)
(0.8409090909 0.1266666667 0.1)
(0.8454545455 0.1266666667 0.1)
(0.85 0.1266666667 0.1)
(0.8545454545 0.1266666667 0.1)
(0.8590909091 0.1266666667 0.1)
(0.8636363636 0.1266666667 0.1)
(0.8681818182 0.1266666667 0.1)
(0.8727272727 0.1266666667 0.1)
(0.8772727273 0.1266666667 0.1)
(0.8818181818 0.1266666667 0.1)
(0.8863636364 0.1266666667 0.1)
(0.8909090909 0.1266666667 0.1)
(0.8954545455 0.1266666667 0.1)
(0.9 0.1266666667 0.1)
(0.9045454545 0.1266666667 0.1)
(0.9090909091 0.1266666667 0.1)
(0.9136363636 0.1266666667 0.1)
(0.9181818182 0.1266666667 0.1)
(0.9227272727 0.1266666667 0.1)
(0.9272727273 0.1266666667 0.1)
(0.9318181818 0.1266666667 0.1)
(0.9363636364 0.1266666667 0.1)
(0.9409090909 0.1266666667 0.1)
(0.9454545455 0.1266666667 0.1)
(0.95 0.1266666667 0.1)
(0.9545454545 0.1266666667 0.1)
(0.9590909091 0.1266666667 0.1)
(0.9636363636 0.1266666667 0.1)
(0.9681818182 0.1266666667 0.1)
(0.9727272727 0.1266666667 0.1)
(0.9772727273 0.1266666667 0.1)
(0.9818181818 0.1266666667 0.1)
(0.9863636364 0.1266666667 0.1)
(0.9909090909 0.1266666667 0.1)
(0.9954545455 0.1266666667 0.1)
(1 0.1266666667 0.1)
(0 0.1333333333 0.1)
(0.004545454545 0.1333333333 0.1)
(0.009090909091 0.1333333333 0.1)
(0.01363636364 0.1333333333 0.1)
(0.01818181818 0.1333333333 0.1)
(0.02272727273 0.1333333333 0.1)
(0.02727272727 0.1333333333 0.1)
(0.03181818182 0.1333333333 0.1)
(0.03636363636 0.1333333333 0.1)
(0.04090909091 0.1333333333 0.1)
(0.04545454545 0.1333333333 0.1)
(0.05 0.1333333333 0.1)
(0.05454545455 0.1333333333 0.1)
(0.05909090909 0.1333333333 0.1)
(0.06363636364 0.1333333333 0.1)
(0.06818181818 0.1333333333 0.1)
(0.07272727273 0.1333333333 0.1)
(0.07727272727 0.1333333333 0.1)
(0.08181818182 0.1333333333 0.1)
(0.08636363636 0.1333333333 0.1)
(0.09090909091 0.1333333333 0.1)
(0.09545454545 0.1333333333 0.1)
(0.1 0.1333333333 0.1)
(0.1045454545 0.1333333333 0.1)
(0.1090909091 0.1333333333 0.1)
(0.1136363636 0.1333333333 0.1)
(0.1181818182 0.1333333333 0.1)
(0.1227272727 0.1333333333 0.1)
(0.1272727273 0.1333333333 0.1)
(0.1318181818 0.1333333333 0.1)
(0.1363636364 0.1333333333 0.1)
(0.1409090909 0.1333333333 0.1)
(0.1454545455 0.1333333333 0.1)
(0.15 0.1333333333 0.1)
(0.1545454545 0.1333333333 0.1)
(0.1590909091 0.1333333333 0.1)
(0.1636363636 0.1333333333 0.1)
(0.1681818182 0.1333333333 0.1)
(0.1727272727 0.1333333333 0.1)
(0.1772727273 0.1333333333 0.1)
(0.1818181818 0.1333333333 0.1)
(0.1863636364 0.1333333333 0.1)
(0.1909090909 0.1333333333 0.1)
(0.1954545455 0.1333333333 0.1)
(0.2 0.1333333333 0.1)
(0.2045454545 0.1333333333 0.1)
(0.2090909091 0.1333333333 0.1)
(0.2136363636 0.1333333333 0.1)
(0.2181818182 0.1333333333 0.1)
(0.2227272727 0.1333333333 0.1)
(0.2272727273 0.1333333333 0.1)
(0.2318181818 0.1333333333 0.1)
(0.2363636364 0.1333333333 0.1)
(0.2409090909 0.1333333333 0.1)
(0.2454545455 0.1333333333 0.1)
(0.25 0.1333333333 0.1)
(0.2545454545 0.1333333333 0.1)
(0.2590909091 0.1333333333 0.1)
(0.2636363636 0.1333333333 0.1)
(0.2681818182 0.1333333333 0.1)
(0.2727272727 0.1333333333 0.1)
(0.2772727273 0.1333333333 0.1)
(0.2818181818 0.1333333333 0.1)
(0.2863636364 0.1333333333 0.1)
(0.2909090909 0.1333333333 0.1)
(0.2954545455 0.1333333333 0.1)
(0.3 0.1333333333 0.1)
(0.3045454545 0.1333333333 0.1)
(0.3090909091 0.1333333333 0.1)
(0.3136363636 0.1333333333 0.1)
(0.3181818182 0.1333333333 0.1)
(0.3227272727 0.1333333333 0.1)
(0.3272727273 0.1333333333 0.1)
(0.3318181818 0.1333333333 0.1)
(0.3363636364 0.1333333333 0.1)
(0.3409090909 0.1333333333 0.1)
(0.3454545455 0.1333333333 0.1)
(0.35 0.1333333333 0.1)
(0.3545454545 0.1333333333 0.1)
(0.3590909091 0.1333333333 0.1)
(0.3636363636 0.1333333333 0.1)
(0.3681818182 0.1333333333 0.1)
(0.3727272727 0.1333333333 0.1)
(0.3772727273 0.1333333333 0.1)
(0.3818181818 0.1333333333 0.1)
(0.3863636364 0.1333333333 0.1)
(0.3909090909 0.1333333333 0.1)
(0.3954545455 0.1333333333 0.1)
(0.4 0.1333333333 0.1)
(0.4045454545 0.1333333333 0.1)
(0.4090909091 0.1333333333 0.1)
(0.4136363636 0.1333333333 0.1)
(0.4181818182 0.1333333333 0.1)
(0.4227272727 0.1333333333 0.1)
(0.4272727273 0.1333333333 0.1)
(0.4318181818 0.1333333333 0.1)
(0.4363636364 0.1333333333 0.1)
(0.4409090909 0.1333333333 0.1)
(0.4454545455 0.1333333333 0.1)
(0.45 0.1333333333 0.1)
(0.4545454545 0.1333333333 0.1)
(0.4590909091 0.1333333333 0.1)
(0.4636363636 0.1333333333 0.1)
(0.4681818182 0.1333333333 0.1)
(0.4727272727 0.1333333333 0.1)
(0.4772727273 0.1333333333 0.1)
(0.4818181818 0.1333333333 0.1)
(0.4863636364 0.1333333333 0.1)
(0.4909090909 0.1333333333 0.1)
(0.4954545455 0.1333333333 0.1)
(0.5 0.1333333333 0.1)
(0.5045454545 0.1333333333 0.1)
(0.5090909091 0.1333333333 0.1)
(0.5136363636 0.1333333333 0.1)
(0.5181818182 0.1333333333 0.1)
(0.5227272727 0.1333333333 0.1)
(0.5272727273 0.1333333333 0.1)
(0.5318181818 0.1333333333 0.1)
(0.5363636364 0.1333333333 0.1)
(0.5409090909 0.1333333333 0.1)
(0.5454545455 0.1333333333 0.1)
(0.55 0.1333333333 0.1)
(0.5545454545 0.1333333333 0.1)
(0.5590909091 0.1333333333 0.1)
(0.5636363636 0.1333333333 0.1)
(0.5681818182 0.1333333333 0.1)
(0.5727272727 0.1333333333 0.1)
(0.5772727273 0.1333333333 0.1)
(0.5818181818 0.1333333333 0.1)
(0.5863636364 0.1333333333 0.1)
(0.5909090909 0.1333333333 0.1)
(0.5954545455 0.1333333333 0.1)
(0.6 0.1333333333 0.1)
(0.6045454545 0.1333333333 0.1)
(0.6090909091 0.1333333333 0.1)
(0.6136363636 0.1333333333 0.1)
(0.6181818182 0.1333333333 0.1)
(0.6227272727 0.1333333333 0.1)
(0.6272727273 0.1333333333 0.1)
(0.6318181818 0.1333333333 0.1)
(0.6363636364 0.1333333333 0.1)
(0.6409090909 0.1333333333 0.1)
(0.6454545455 0.1333333333 0.1)
(0.65 0.1333333333 0.1)
(0.6545454545 0.1333333333 0.1)
(0.6590909091 0.1333333333 0.1)
(0.6636363636 0.1333333333 0.1)
(0.6681818182 0.1333333333 0.1)
(0.6727272727 0.1333333333 0.1)
(0.6772727273 0.1333333333 0.1)
(0.6818181818 0.1333333333 0.1)
(0.6863636364 0.1333333333 0.1)
(0.6909090909 0.1333333333 0.1)
(0.6954545455 0.1333333333 0.1)
(0.7 0.1333333333 0.1)
(0.7045454545 0.1333333333 0.1)
(0.7090909091 0.1333333333 0.1)
(0.7136363636 0.1333333333 0.1)
(0.7181818182 0.1333333333 0.1)
(0.7227272727 0.1333333333 0.1)
(0.7272727273 0.1333333333 0.1)
(0.7318181818 0.1333333333 0.1)
(0.7363636364 0.1333333333 0.1)
(0.7409090909 0.1333333333 0.1)
(0.7454545455 0.1333333333 0.1)
(0.75 0.1333333333 0.1)
(0.7545454545 0.1333333333 0.1)
(0.7590909091 0.1333333333 0.1)
(0.7636363636 0.1333333333 0.1)
(0.7681818182 0.1333333333 0.1)
(0.7727272727 0.1333333333 0.1)
(0.7772727273 0.1333333333 0.1)
(0.7818181818 0.1333333333 0.1)
(0.7863636364 0.1333333333 0.1)
(0.7909090909 0.1333333333 0.1)
(0.7954545455 0.1333333333 0.1)
(0.8 0.1333333333 0.1)
(0.8045454545 0.1333333333 0.1)
(0.8090909091 0.1333333333 0.1)
(0.8136363636 0.1333333333 0.1)
(0.8181818182 0.1333333333 0.1)
(0.8227272727 0.1333333333 0.1)
(0.8272727273 0.1333333333 0.1)
(0.8318181818 0.1333333333 0.1)
(0.8363636364 0.1333333333 0.1)
(0.8409090909 0.1333333333 0.1)
(0.8454545455 0.1333333333 0.1)
(0.85 0.1333333333 0.1)
(0.8545454545 0.1333333333 0.1)
(0.8590909091 0.1333333333 0.1)
(0.8636363636 0.1333333333 0.1)
(0.8681818182 0.1333333333 0.1)
(0.8727272727 0.1333333333 0.1)
(0.8772727273 0.1333333333 0.1)
(0.8818181818 0.1333333333 0.1)
(0.8863636364 0.1333333333 0.1)
(0.8909090909 0.1333333333 0.1)
(0.8954545455 0.1333333333 0.1)
(0.9 0.1333333333 0.1)
(0.9045454545 0.1333333333 0.1)
(0.9090909091 0.1333333333 0.1)
(0.9136363636 0.1333333333 0.1)
(0.9181818182 0.1333333333 0.1)
(0.9227272727 0.1333333333 0.1)
(0.9272727273 0.1333333333 0.1)
(0.9318181818 0.1333333333 0.1)
(0.9363636364 0.1333333333 0.1)
(0.9409090909 0.1333333333 0.1)
(0.9454545455 0.1333333333 0.1)
(0.95 0.1333333333 0.1)
(0.9545454545 0.1333333333 0.1)
(0.9590909091 0.1333333333 0.1)
(0.9636363636 0.1333333333 0.1)
(0.9681818182 0.1333333333 0.1)
(0.9727272727 0.1333333333 0.1)
(0.9772727273 0.1333333333 0.1)
(0.9818181818 0.1333333333 0.1)
(0.9863636364 0.1333333333 0.1)
(0.9909090909 0.1333333333 0.1)
(0.9954545455 0.1333333333 0.1)
(1 0.1333333333 0.1)
(0 0.14 0.1)
(0.004545454545 0.14 0.1)
(0.009090909091 0.14 0.1)
(0.01363636364 0.14 0.1)
(0.01818181818 0.14 0.1)
(0.02272727273 0.14 0.1)
(0.02727272727 0.14 0.1)
(0.03181818182 0.14 0.1)
(0.03636363636 0.14 0.1)
(0.04090909091 0.14 0.1)
(0.04545454545 0.14 0.1)
(0.05 0.14 0.1)
(0.05454545455 0.14 0.1)
(0.05909090909 0.14 0.1)
(0.06363636364 0.14 0.1)
(0.06818181818 0.14 0.1)
(0.07272727273 0.14 0.1)
(0.07727272727 0.14 0.1)
(0.08181818182 0.14 0.1)
(0.08636363636 0.14 0.1)
(0.09090909091 0.14 0.1)
(0.09545454545 0.14 0.1)
(0.1 0.14 0.1)
(0.1045454545 0.14 0.1)
(0.1090909091 0.14 0.1)
(0.1136363636 0.14 0.1)
(0.1181818182 0.14 0.1)
(0.1227272727 0.14 0.1)
(0.1272727273 0.14 0.1)
(0.1318181818 0.14 0.1)
(0.1363636364 0.14 0.1)
(0.1409090909 0.14 0.1)
(0.1454545455 0.14 0.1)
(0.15 0.14 0.1)
(0.1545454545 0.14 0.1)
(0.1590909091 0.14 0.1)
(0.1636363636 0.14 0.1)
(0.1681818182 0.14 0.1)
(0.1727272727 0.14 0.1)
(0.1772727273 0.14 0.1)
(0.1818181818 0.14 0.1)
(0.1863636364 0.14 0.1)
(0.1909090909 0.14 0.1)
(0.1954545455 0.14 0.1)
(0.2 0.14 0.1)
(0.2045454545 0.14 0.1)
(0.2090909091 0.14 0.1)
(0.2136363636 0.14 0.1)
(0.2181818182 0.14 0.1)
(0.2227272727 0.14 0.1)
(0.2272727273 0.14 0.1)
(0.2318181818 0.14 0.1)
(0.2363636364 0.14 0.1)
(0.2409090909 0.14 0.1)
(0.2454545455 0.14 0.1)
(0.25 0.14 0.1)
(0.2545454545 0.14 0.1)
(0.2590909091 0.14 0.1)
(0.2636363636 0.14 0.1)
(0.2681818182 0.14 0.1)
(0.2727272727 0.14 0.1)
(0.2772727273 0.14 0.1)
(0.2818181818 0.14 0.1)
(0.2863636364 0.14 0.1)
(0.2909090909 0.14 0.1)
(0.2954545455 0.14 0.1)
(0.3 0.14 0.1)
(0.3045454545 0.14 0.1)
(0.3090909091 0.14 0.1)
(0.3136363636 0.14 0.1)
(0.3181818182 0.14 0.1)
(0.3227272727 0.14 0.1)
(0.3272727273 0.14 0.1)
(0.3318181818 0.14 0.1)
(0.3363636364 0.14 0.1)
(0.3409090909 0.14 0.1)
(0.3454545455 0.14 0.1)
(0.35 0.14 0.1)
(0.3545454545 0.14 0.1)
(0.3590909091 0.14 0.1)
(0.3636363636 0.14 0.1)
(0.3681818182 0.14 0.1)
(0.3727272727 0.14 0.1)
(0.3772727273 0.14 0.1)
(0.3818181818 0.14 0.1)
(0.3863636364 0.14 0.1)
(0.3909090909 0.14 0.1)
(0.3954545455 0.14 0.1)
(0.4 0.14 0.1)
(0.4045454545 0.14 0.1)
(0.4090909091 0.14 0.1)
(0.4136363636 0.14 0.1)
(0.4181818182 0.14 0.1)
(0.4227272727 0.14 0.1)
(0.4272727273 0.14 0.1)
(0.4318181818 0.14 0.1)
(0.4363636364 0.14 0.1)
(0.4409090909 0.14 0.1)
(0.4454545455 0.14 0.1)
(0.45 0.14 0.1)
(0.4545454545 0.14 0.1)
(0.4590909091 0.14 0.1)
(0.4636363636 0.14 0.1)
(0.4681818182 0.14 0.1)
(0.4727272727 0.14 0.1)
(0.4772727273 0.14 0.1)
(0.4818181818 0.14 0.1)
(0.4863636364 0.14 0.1)
(0.4909090909 0.14 0.1)
(0.4954545455 0.14 0.1)
(0.5 0.14 0.1)
(0.5045454545 0.14 0.1)
(0.5090909091 0.14 0.1)
(0.5136363636 0.14 0.1)
(0.5181818182 0.14 0.1)
(0.5227272727 0.14 0.1)
(0.5272727273 0.14 0.1)
(0.5318181818 0.14 0.1)
(0.5363636364 0.14 0.1)
(0.5409090909 0.14 0.1)
(0.5454545455 0.14 0.1)
(0.55 0.14 0.1)
(0.5545454545 0.14 0.1)
(0.5590909091 0.14 0.1)
(0.5636363636 0.14 0.1)
(0.5681818182 0.14 0.1)
(0.5727272727 0.14 0.1)
(0.5772727273 0.14 0.1)
(0.5818181818 0.14 0.1)
(0.5863636364 0.14 0.1)
(0.5909090909 0.14 0.1)
(0.5954545455 0.14 0.1)
(0.6 0.14 0.1)
(0.6045454545 0.14 0.1)
(0.6090909091 0.14 0.1)
(0.6136363636 0.14 0.1)
(0.6181818182 0.14 0.1)
(0.6227272727 0.14 0.1)
(0.6272727273 0.14 0.1)
(0.6318181818 0.14 0.1)
(0.6363636364 0.14 0.1)
(0.6409090909 0.14 0.1)
(0.6454545455 0.14 0.1)
(0.65 0.14 0.1)
(0.6545454545 0.14 0.1)
(0.6590909091 0.14 0.1)
(0.6636363636 0.14 0.1)
(0.6681818182 0.14 0.1)
(0.6727272727 0.14 0.1)
(0.6772727273 0.14 0.1)
(0.6818181818 0.14 0.1)
(0.6863636364 0.14 0.1)
(0.6909090909 0.14 0.1)
(0.6954545455 0.14 0.1)
(0.7 0.14 0.1)
(0.7045454545 0.14 0.1)
(0.7090909091 0.14 0.1)
(0.7136363636 0.14 0.1)
(0.7181818182 0.14 0.1)
(0.7227272727 0.14 0.1)
(0.7272727273 0.14 0.1)
(0.7318181818 0.14 0.1)
(0.7363636364 0.14 0.1)
(0.7409090909 0.14 0.1)
(0.7454545455 0.14 0.1)
(0.75 0.14 0.1)
(0.7545454545 0.14 0.1)
(0.7590909091 0.14 0.1)
(0.7636363636 0.14 0.1)
(0.7681818182 0.14 0.1)
(0.7727272727 0.14 0.1)
(0.7772727273 0.14 0.1)
(0.7818181818 0.14 0.1)
(0.7863636364 0.14 0.1)
(0.7909090909 0.14 0.1)
(0.7954545455 0.14 0.1)
(0.8 0.14 0.1)
(0.8045454545 0.14 0.1)
(0.8090909091 0.14 0.1)
(0.8136363636 0.14 0.1)
(0.8181818182 0.14 0.1)
(0.8227272727 0.14 0.1)
(0.8272727273 0.14 0.1)
(0.8318181818 0.14 0.1)
(0.8363636364 0.14 0.1)
(0.8409090909 0.14 0.1)
(0.8454545455 0.14 0.1)
(0.85 0.14 0.1)
(0.8545454545 0.14 0.1)
(0.8590909091 0.14 0.1)
(0.8636363636 0.14 0.1)
(0.8681818182 0.14 0.1)
(0.8727272727 0.14 0.1)
(0.8772727273 0.14 0.1)
(0.8818181818 0.14 0.1)
(0.8863636364 0.14 0.1)
(0.8909090909 0.14 0.1)
(0.8954545455 0.14 0.1)
(0.9 0.14 0.1)
(0.9045454545 0.14 0.1)
(0.9090909091 0.14 0.1)
(0.9136363636 0.14 0.1)
(0.9181818182 0.14 0.1)
(0.9227272727 0.14 0.1)
(0.9272727273 0.14 0.1)
(0.9318181818 0.14 0.1)
(0.9363636364 0.14 0.1)
(0.9409090909 0.14 0.1)
(0.9454545455 0.14 0.1)
(0.95 0.14 0.1)
(0.9545454545 0.14 0.1)
(0.9590909091 0.14 0.1)
(0.9636363636 0.14 0.1)
(0.9681818182 0.14 0.1)
(0.9727272727 0.14 0.1)
(0.9772727273 0.14 0.1)
(0.9818181818 0.14 0.1)
(0.9863636364 0.14 0.1)
(0.9909090909 0.14 0.1)
(0.9954545455 0.14 0.1)
(1 0.14 0.1)
(0 0.1466666667 0.1)
(0.004545454545 0.1466666667 0.1)
(0.009090909091 0.1466666667 0.1)
(0.01363636364 0.1466666667 0.1)
(0.01818181818 0.1466666667 0.1)
(0.02272727273 0.1466666667 0.1)
(0.02727272727 0.1466666667 0.1)
(0.03181818182 0.1466666667 0.1)
(0.03636363636 0.1466666667 0.1)
(0.04090909091 0.1466666667 0.1)
(0.04545454545 0.1466666667 0.1)
(0.05 0.1466666667 0.1)
(0.05454545455 0.1466666667 0.1)
(0.05909090909 0.1466666667 0.1)
(0.06363636364 0.1466666667 0.1)
(0.06818181818 0.1466666667 0.1)
(0.07272727273 0.1466666667 0.1)
(0.07727272727 0.1466666667 0.1)
(0.08181818182 0.1466666667 0.1)
(0.08636363636 0.1466666667 0.1)
(0.09090909091 0.1466666667 0.1)
(0.09545454545 0.1466666667 0.1)
(0.1 0.1466666667 0.1)
(0.1045454545 0.1466666667 0.1)
(0.1090909091 0.1466666667 0.1)
(0.1136363636 0.1466666667 0.1)
(0.1181818182 0.1466666667 0.1)
(0.1227272727 0.1466666667 0.1)
(0.1272727273 0.1466666667 0.1)
(0.1318181818 0.1466666667 0.1)
(0.1363636364 0.1466666667 0.1)
(0.1409090909 0.1466666667 0.1)
(0.1454545455 0.1466666667 0.1)
(0.15 0.1466666667 0.1)
(0.1545454545 0.1466666667 0.1)
(0.1590909091 0.1466666667 0.1)
(0.1636363636 0.1466666667 0.1)
(0.1681818182 0.1466666667 0.1)
(0.1727272727 0.1466666667 0.1)
(0.1772727273 0.1466666667 0.1)
(0.1818181818 0.1466666667 0.1)
(0.1863636364 0.1466666667 0.1)
(0.1909090909 0.1466666667 0.1)
(0.1954545455 0.1466666667 0.1)
(0.2 0.1466666667 0.1)
(0.2045454545 0.1466666667 0.1)
(0.2090909091 0.1466666667 0.1)
(0.2136363636 0.1466666667 0.1)
(0.2181818182 0.1466666667 0.1)
(0.2227272727 0.1466666667 0.1)
(0.2272727273 0.1466666667 0.1)
(0.2318181818 0.1466666667 0.1)
(0.2363636364 0.1466666667 0.1)
(0.2409090909 0.1466666667 0.1)
(0.2454545455 0.1466666667 0.1)
(0.25 0.1466666667 0.1)
(0.2545454545 0.1466666667 0.1)
(0.2590909091 0.1466666667 0.1)
(0.2636363636 0.1466666667 0.1)
(0.2681818182 0.1466666667 0.1)
(0.2727272727 0.1466666667 0.1)
(0.2772727273 0.1466666667 0.1)
(0.2818181818 0.1466666667 0.1)
(0.2863636364 0.1466666667 0.1)
(0.2909090909 0.1466666667 0.1)
(0.2954545455 0.1466666667 0.1)
(0.3 0.1466666667 0.1)
(0.3045454545 0.1466666667 0.1)
(0.3090909091 0.1466666667 0.1)
(0.3136363636 0.1466666667 0.1)
(0.3181818182 0.1466666667 0.1)
(0.3227272727 0.1466666667 0.1)
(0.3272727273 0.1466666667 0.1)
(0.3318181818 0.1466666667 0.1)
(0.3363636364 0.1466666667 0.1)
(0.3409090909 0.1466666667 0.1)
(0.3454545455 0.1466666667 0.1)
(0.35 0.1466666667 0.1)
(0.3545454545 0.1466666667 0.1)
(0.3590909091 0.1466666667 0.1)
(0.3636363636 0.1466666667 0.1)
(0.3681818182 0.1466666667 0.1)
(0.3727272727 0.1466666667 0.1)
(0.3772727273 0.1466666667 0.1)
(0.3818181818 0.1466666667 0.1)
(0.3863636364 0.1466666667 0.1)
(0.3909090909 0.1466666667 0.1)
(0.3954545455 0.1466666667 0.1)
(0.4 0.1466666667 0.1)
(0.4045454545 0.1466666667 0.1)
(0.4090909091 0.1466666667 0.1)
(0.4136363636 0.1466666667 0.1)
(0.4181818182 0.1466666667 0.1)
(0.4227272727 0.1466666667 0.1)
(0.4272727273 0.1466666667 0.1)
(0.4318181818 0.1466666667 0.1)
(0.4363636364 0.1466666667 0.1)
(0.4409090909 0.1466666667 0.1)
(0.4454545455 0.1466666667 0.1)
(0.45 0.1466666667 0.1)
(0.4545454545 0.1466666667 0.1)
(0.4590909091 0.1466666667 0.1)
(0.4636363636 0.1466666667 0.1)
(0.4681818182 0.1466666667 0.1)
(0.4727272727 0.1466666667 0.1)
(0.4772727273 0.1466666667 0.1)
(0.4818181818 0.1466666667 0.1)
(0.4863636364 0.1466666667 0.1)
(0.4909090909 0.1466666667 0.1)
(0.4954545455 0.1466666667 0.1)
(0.5 0.1466666667 0.1)
(0.5045454545 0.1466666667 0.1)
(0.5090909091 0.1466666667 0.1)
(0.5136363636 0.1466666667 0.1)
(0.5181818182 0.1466666667 0.1)
(0.5227272727 0.1466666667 0.1)
(0.5272727273 0.1466666667 0.1)
(0.5318181818 0.1466666667 0.1)
(0.5363636364 0.1466666667 0.1)
(0.5409090909 0.1466666667 0.1)
(0.5454545455 0.1466666667 0.1)
(0.55 0.1466666667 0.1)
(0.5545454545 0.1466666667 0.1)
(0.5590909091 0.1466666667 0.1)
(0.5636363636 0.1466666667 0.1)
(0.5681818182 0.1466666667 0.1)
(0.5727272727 0.1466666667 0.1)
(0.5772727273 0.1466666667 0.1)
(0.5818181818 0.1466666667 0.1)
(0.5863636364 0.1466666667 0.1)
(0.5909090909 0.1466666667 0.1)
(0.5954545455 0.1466666667 0.1)
(0.6 0.1466666667 0.1)
(0.6045454545 0.1466666667 0.1)
(0.6090909091 0.1466666667 0.1)
(0.6136363636 0.1466666667 0.1)
(0.6181818182 0.1466666667 0.1)
(0.6227272727 0.1466666667 0.1)
(0.6272727273 0.1466666667 0.1)
(0.6318181818 0.1466666667 0.1)
(0.6363636364 0.1466666667 0.1)
(0.6409090909 0.1466666667 0.1)
(0.6454545455 0.1466666667 0.1)
(0.65 0.1466666667 0.1)
(0.6545454545 0.1466666667 0.1)
(0.6590909091 0.1466666667 0.1)
(0.6636363636 0.1466666667 0.1)
(0.6681818182 0.1466666667 0.1)
(0.6727272727 0.1466666667 0.1)
(0.6772727273 0.1466666667 0.1)
(0.6818181818 0.1466666667 0.1)
(0.6863636364 0.1466666667 0.1)
(0.6909090909 0.1466666667 0.1)
(0.6954545455 0.1466666667 0.1)
(0.7 0.1466666667 0.1)
(0.7045454545 0.1466666667 0.1)
(0.7090909091 0.1466666667 0.1)
(0.7136363636 0.1466666667 0.1)
(0.7181818182 0.1466666667 0.1)
(0.7227272727 0.1466666667 0.1)
(0.7272727273 0.1466666667 0.1)
(0.7318181818 0.1466666667 0.1)
(0.7363636364 0.1466666667 0.1)
(0.7409090909 0.1466666667 0.1)
(0.7454545455 0.1466666667 0.1)
(0.75 0.1466666667 0.1)
(0.7545454545 0.1466666667 0.1)
(0.7590909091 0.1466666667 0.1)
(0.7636363636 0.1466666667 0.1)
(0.7681818182 0.1466666667 0.1)
(0.7727272727 0.1466666667 0.1)
(0.7772727273 0.1466666667 0.1)
(0.7818181818 0.1466666667 0.1)
(0.7863636364 0.1466666667 0.1)
(0.7909090909 0.1466666667 0.1)
(0.7954545455 0.1466666667 0.1)
(0.8 0.1466666667 0.1)
(0.8045454545 0.1466666667 0.1)
(0.8090909091 0.1466666667 0.1)
(0.8136363636 0.1466666667 0.1)
(0.8181818182 0.1466666667 0.1)
(0.8227272727 0.1466666667 0.1)
(0.8272727273 0.1466666667 0.1)
(0.8318181818 0.1466666667 0.1)
(0.8363636364 0.1466666667 0.1)
(0.8409090909 0.1466666667 0.1)
(0.8454545455 0.1466666667 0.1)
(0.85 0.1466666667 0.1)
(0.8545454545 0.1466666667 0.1)
(0.8590909091 0.1466666667 0.1)
(0.8636363636 0.1466666667 0.1)
(0.8681818182 0.1466666667 0.1)
(0.8727272727 0.1466666667 0.1)
(0.8772727273 0.1466666667 0.1)
(0.8818181818 0.1466666667 0.1)
(0.8863636364 0.1466666667 0.1)
(0.8909090909 0.1466666667 0.1)
(0.8954545455 0.1466666667 0.1)
(0.9 0.1466666667 0.1)
(0.9045454545 0.1466666667 0.1)
(0.9090909091 0.1466666667 0.1)
(0.9136363636 0.1466666667 0.1)
(0.9181818182 0.1466666667 0.1)
(0.9227272727 0.1466666667 0.1)
(0.9272727273 0.1466666667 0.1)
(0.9318181818 0.1466666667 0.1)
(0.9363636364 0.1466666667 0.1)
(0.9409090909 0.1466666667 0.1)
(0.9454545455 0.1466666667 0.1)
(0.95 0.1466666667 0.1)
(0.9545454545 0.1466666667 0.1)
(0.9590909091 0.1466666667 0.1)
(0.9636363636 0.1466666667 0.1)
(0.9681818182 0.1466666667 0.1)
(0.9727272727 0.1466666667 0.1)
(0.9772727273 0.1466666667 0.1)
(0.9818181818 0.1466666667 0.1)
(0.9863636364 0.1466666667 0.1)
(0.9909090909 0.1466666667 0.1)
(0.9954545455 0.1466666667 0.1)
(1 0.1466666667 0.1)
(0 0.1533333333 0.1)
(0.004545454545 0.1533333333 0.1)
(0.009090909091 0.1533333333 0.1)
(0.01363636364 0.1533333333 0.1)
(0.01818181818 0.1533333333 0.1)
(0.02272727273 0.1533333333 0.1)
(0.02727272727 0.1533333333 0.1)
(0.03181818182 0.1533333333 0.1)
(0.03636363636 0.1533333333 0.1)
(0.04090909091 0.1533333333 0.1)
(0.04545454545 0.1533333333 0.1)
(0.05 0.1533333333 0.1)
(0.05454545455 0.1533333333 0.1)
(0.05909090909 0.1533333333 0.1)
(0.06363636364 0.1533333333 0.1)
(0.06818181818 0.1533333333 0.1)
(0.07272727273 0.1533333333 0.1)
(0.07727272727 0.1533333333 0.1)
(0.08181818182 0.1533333333 0.1)
(0.08636363636 0.1533333333 0.1)
(0.09090909091 0.1533333333 0.1)
(0.09545454545 0.1533333333 0.1)
(0.1 0.1533333333 0.1)
(0.1045454545 0.1533333333 0.1)
(0.1090909091 0.1533333333 0.1)
(0.1136363636 0.1533333333 0.1)
(0.1181818182 0.1533333333 0.1)
(0.1227272727 0.1533333333 0.1)
(0.1272727273 0.1533333333 0.1)
(0.1318181818 0.1533333333 0.1)
(0.1363636364 0.1533333333 0.1)
(0.1409090909 0.1533333333 0.1)
(0.1454545455 0.1533333333 0.1)
(0.15 0.1533333333 0.1)
(0.1545454545 0.1533333333 0.1)
(0.1590909091 0.1533333333 0.1)
(0.1636363636 0.1533333333 0.1)
(0.1681818182 0.1533333333 0.1)
(0.1727272727 0.1533333333 0.1)
(0.1772727273 0.1533333333 0.1)
(0.1818181818 0.1533333333 0.1)
(0.1863636364 0.1533333333 0.1)
(0.1909090909 0.1533333333 0.1)
(0.1954545455 0.1533333333 0.1)
(0.2 0.1533333333 0.1)
(0.2045454545 0.1533333333 0.1)
(0.2090909091 0.1533333333 0.1)
(0.2136363636 0.1533333333 0.1)
(0.2181818182 0.1533333333 0.1)
(0.2227272727 0.1533333333 0.1)
(0.2272727273 0.1533333333 0.1)
(0.2318181818 0.1533333333 0.1)
(0.2363636364 0.1533333333 0.1)
(0.2409090909 0.1533333333 0.1)
(0.2454545455 0.1533333333 0.1)
(0.25 0.1533333333 0.1)
(0.2545454545 0.1533333333 0.1)
(0.2590909091 0.1533333333 0.1)
(0.2636363636 0.1533333333 0.1)
(0.2681818182 0.1533333333 0.1)
(0.2727272727 0.1533333333 0.1)
(0.2772727273 0.1533333333 0.1)
(0.2818181818 0.1533333333 0.1)
(0.2863636364 0.1533333333 0.1)
(0.2909090909 0.1533333333 0.1)
(0.2954545455 0.1533333333 0.1)
(0.3 0.1533333333 0.1)
(0.3045454545 0.1533333333 0.1)
(0.3090909091 0.1533333333 0.1)
(0.3136363636 0.1533333333 0.1)
(0.3181818182 0.1533333333 0.1)
(0.3227272727 0.1533333333 0.1)
(0.3272727273 0.1533333333 0.1)
(0.3318181818 0.1533333333 0.1)
(0.3363636364 0.1533333333 0.1)
(0.3409090909 0.1533333333 0.1)
(0.3454545455 0.1533333333 0.1)
(0.35 0.1533333333 0.1)
(0.3545454545 0.1533333333 0.1)
(0.3590909091 0.1533333333 0.1)
(0.3636363636 0.1533333333 0.1)
(0.3681818182 0.1533333333 0.1)
(0.3727272727 0.1533333333 0.1)
(0.3772727273 0.1533333333 0.1)
(0.3818181818 0.1533333333 0.1)
(0.3863636364 0.1533333333 0.1)
(0.3909090909 0.1533333333 0.1)
(0.3954545455 0.1533333333 0.1)
(0.4 0.1533333333 0.1)
(0.4045454545 0.1533333333 0.1)
(0.4090909091 0.1533333333 0.1)
(0.4136363636 0.1533333333 0.1)
(0.4181818182 0.1533333333 0.1)
(0.4227272727 0.1533333333 0.1)
(0.4272727273 0.1533333333 0.1)
(0.4318181818 0.1533333333 0.1)
(0.4363636364 0.1533333333 0.1)
(0.4409090909 0.1533333333 0.1)
(0.4454545455 0.1533333333 0.1)
(0.45 0.1533333333 0.1)
(0.4545454545 0.1533333333 0.1)
(0.4590909091 0.1533333333 0.1)
(0.4636363636 0.1533333333 0.1)
(0.4681818182 0.1533333333 0.1)
(0.4727272727 0.1533333333 0.1)
(0.4772727273 0.1533333333 0.1)
(0.4818181818 0.1533333333 0.1)
(0.4863636364 0.1533333333 0.1)
(0.4909090909 0.1533333333 0.1)
(0.4954545455 0.1533333333 0.1)
(0.5 0.1533333333 0.1)
(0.5045454545 0.1533333333 0.1)
(0.5090909091 0.1533333333 0.1)
(0.5136363636 0.1533333333 0.1)
(0.5181818182 0.1533333333 0.1)
(0.5227272727 0.1533333333 0.1)
(0.5272727273 0.1533333333 0.1)
(0.5318181818 0.1533333333 0.1)
(0.5363636364 0.1533333333 0.1)
(0.5409090909 0.1533333333 0.1)
(0.5454545455 0.1533333333 0.1)
(0.55 0.1533333333 0.1)
(0.5545454545 0.1533333333 0.1)
(0.5590909091 0.1533333333 0.1)
(0.5636363636 0.1533333333 0.1)
(0.5681818182 0.1533333333 0.1)
(0.5727272727 0.1533333333 0.1)
(0.5772727273 0.1533333333 0.1)
(0.5818181818 0.1533333333 0.1)
(0.5863636364 0.1533333333 0.1)
(0.5909090909 0.1533333333 0.1)
(0.5954545455 0.1533333333 0.1)
(0.6 0.1533333333 0.1)
(0.6045454545 0.1533333333 0.1)
(0.6090909091 0.1533333333 0.1)
(0.6136363636 0.1533333333 0.1)
(0.6181818182 0.1533333333 0.1)
(0.6227272727 0.1533333333 0.1)
(0.6272727273 0.1533333333 0.1)
(0.6318181818 0.1533333333 0.1)
(0.6363636364 0.1533333333 0.1)
(0.6409090909 0.1533333333 0.1)
(0.6454545455 0.1533333333 0.1)
(0.65 0.1533333333 0.1)
(0.6545454545 0.1533333333 0.1)
(0.6590909091 0.1533333333 0.1)
(0.6636363636 0.1533333333 0.1)
(0.6681818182 0.1533333333 0.1)
(0.6727272727 0.1533333333 0.1)
(0.6772727273 0.1533333333 0.1)
(0.6818181818 0.1533333333 0.1)
(0.6863636364 0.1533333333 0.1)
(0.6909090909 0.1533333333 0.1)
(0.6954545455 0.1533333333 0.1)
(0.7 0.1533333333 0.1)
(0.7045454545 0.1533333333 0.1)
(0.7090909091 0.1533333333 0.1)
(0.7136363636 0.1533333333 0.1)
(0.7181818182 0.1533333333 0.1)
(0.7227272727 0.1533333333 0.1)
(0.7272727273 0.1533333333 0.1)
(0.7318181818 0.1533333333 0.1)
(0.7363636364 0.1533333333 0.1)
(0.7409090909 0.1533333333 0.1)
(0.7454545455 0.1533333333 0.1)
(0.75 0.1533333333 0.1)
(0.7545454545 0.1533333333 0.1)
(0.7590909091 0.1533333333 0.1)
(0.7636363636 0.1533333333 0.1)
(0.7681818182 0.1533333333 0.1)
(0.7727272727 0.1533333333 0.1)
(0.7772727273 0.1533333333 0.1)
(0.7818181818 0.1533333333 0.1)
(0.7863636364 0.1533333333 0.1)
(0.7909090909 0.1533333333 0.1)
(0.7954545455 0.1533333333 0.1)
(0.8 0.1533333333 0.1)
(0.8045454545 0.1533333333 0.1)
(0.8090909091 0.1533333333 0.1)
(0.8136363636 0.1533333333 0.1)
(0.8181818182 0.1533333333 0.1)
(0.8227272727 0.1533333333 0.1)
(0.8272727273 0.1533333333 0.1)
(0.8318181818 0.1533333333 0.1)
(0.8363636364 0.1533333333 0.1)
(0.8409090909 0.1533333333 0.1)
(0.8454545455 0.1533333333 0.1)
(0.85 0.1533333333 0.1)
(0.8545454545 0.1533333333 0.1)
(0.8590909091 0.1533333333 0.1)
(0.8636363636 0.1533333333 0.1)
(0.8681818182 0.1533333333 0.1)
(0.8727272727 0.1533333333 0.1)
(0.8772727273 0.1533333333 0.1)
(0.8818181818 0.1533333333 0.1)
(0.8863636364 0.1533333333 0.1)
(0.8909090909 0.1533333333 0.1)
(0.8954545455 0.1533333333 0.1)
(0.9 0.1533333333 0.1)
(0.9045454545 0.1533333333 0.1)
(0.9090909091 0.1533333333 0.1)
(0.9136363636 0.1533333333 0.1)
(0.9181818182 0.1533333333 0.1)
(0.9227272727 0.1533333333 0.1)
(0.9272727273 0.1533333333 0.1)
(0.9318181818 0.1533333333 0.1)
(0.9363636364 0.1533333333 0.1)
(0.9409090909 0.1533333333 0.1)
(0.9454545455 0.1533333333 0.1)
(0.95 0.1533333333 0.1)
(0.9545454545 0.1533333333 0.1)
(0.9590909091 0.1533333333 0.1)
(0.9636363636 0.1533333333 0.1)
(0.9681818182 0.1533333333 0.1)
(0.9727272727 0.1533333333 0.1)
(0.9772727273 0.1533333333 0.1)
(0.9818181818 0.1533333333 0.1)
(0.9863636364 0.1533333333 0.1)
(0.9909090909 0.1533333333 0.1)
(0.9954545455 0.1533333333 0.1)
(1 0.1533333333 0.1)
(0 0.16 0.1)
(0.004545454545 0.16 0.1)
(0.009090909091 0.16 0.1)
(0.01363636364 0.16 0.1)
(0.01818181818 0.16 0.1)
(0.02272727273 0.16 0.1)
(0.02727272727 0.16 0.1)
(0.03181818182 0.16 0.1)
(0.03636363636 0.16 0.1)
(0.04090909091 0.16 0.1)
(0.04545454545 0.16 0.1)
(0.05 0.16 0.1)
(0.05454545455 0.16 0.1)
(0.05909090909 0.16 0.1)
(0.06363636364 0.16 0.1)
(0.06818181818 0.16 0.1)
(0.07272727273 0.16 0.1)
(0.07727272727 0.16 0.1)
(0.08181818182 0.16 0.1)
(0.08636363636 0.16 0.1)
(0.09090909091 0.16 0.1)
(0.09545454545 0.16 0.1)
(0.1 0.16 0.1)
(0.1045454545 0.16 0.1)
(0.1090909091 0.16 0.1)
(0.1136363636 0.16 0.1)
(0.1181818182 0.16 0.1)
(0.1227272727 0.16 0.1)
(0.1272727273 0.16 0.1)
(0.1318181818 0.16 0.1)
(0.1363636364 0.16 0.1)
(0.1409090909 0.16 0.1)
(0.1454545455 0.16 0.1)
(0.15 0.16 0.1)
(0.1545454545 0.16 0.1)
(0.1590909091 0.16 0.1)
(0.1636363636 0.16 0.1)
(0.1681818182 0.16 0.1)
(0.1727272727 0.16 0.1)
(0.1772727273 0.16 0.1)
(0.1818181818 0.16 0.1)
(0.1863636364 0.16 0.1)
(0.1909090909 0.16 0.1)
(0.1954545455 0.16 0.1)
(0.2 0.16 0.1)
(0.2045454545 0.16 0.1)
(0.2090909091 0.16 0.1)
(0.2136363636 0.16 0.1)
(0.2181818182 0.16 0.1)
(0.2227272727 0.16 0.1)
(0.2272727273 0.16 0.1)
(0.2318181818 0.16 0.1)
(0.2363636364 0.16 0.1)
(0.2409090909 0.16 0.1)
(0.2454545455 0.16 0.1)
(0.25 0.16 0.1)
(0.2545454545 0.16 0.1)
(0.2590909091 0.16 0.1)
(0.2636363636 0.16 0.1)
(0.2681818182 0.16 0.1)
(0.2727272727 0.16 0.1)
(0.2772727273 0.16 0.1)
(0.2818181818 0.16 0.1)
(0.2863636364 0.16 0.1)
(0.2909090909 0.16 0.1)
(0.2954545455 0.16 0.1)
(0.3 0.16 0.1)
(0.3045454545 0.16 0.1)
(0.3090909091 0.16 0.1)
(0.3136363636 0.16 0.1)
(0.3181818182 0.16 0.1)
(0.3227272727 0.16 0.1)
(0.3272727273 0.16 0.1)
(0.3318181818 0.16 0.1)
(0.3363636364 0.16 0.1)
(0.3409090909 0.16 0.1)
(0.3454545455 0.16 0.1)
(0.35 0.16 0.1)
(0.3545454545 0.16 0.1)
(0.3590909091 0.16 0.1)
(0.3636363636 0.16 0.1)
(0.3681818182 0.16 0.1)
(0.3727272727 0.16 0.1)
(0.3772727273 0.16 0.1)
(0.3818181818 0.16 0.1)
(0.3863636364 0.16 0.1)
(0.3909090909 0.16 0.1)
(0.3954545455 0.16 0.1)
(0.4 0.16 0.1)
(0.4045454545 0.16 0.1)
(0.4090909091 0.16 0.1)
(0.4136363636 0.16 0.1)
(0.4181818182 0.16 0.1)
(0.4227272727 0.16 0.1)
(0.4272727273 0.16 0.1)
(0.4318181818 0.16 0.1)
(0.4363636364 0.16 0.1)
(0.4409090909 0.16 0.1)
(0.4454545455 0.16 0.1)
(0.45 0.16 0.1)
(0.4545454545 0.16 0.1)
(0.4590909091 0.16 0.1)
(0.4636363636 0.16 0.1)
(0.4681818182 0.16 0.1)
(0.4727272727 0.16 0.1)
(0.4772727273 0.16 0.1)
(0.4818181818 0.16 0.1)
(0.4863636364 0.16 0.1)
(0.4909090909 0.16 0.1)
(0.4954545455 0.16 0.1)
(0.5 0.16 0.1)
(0.5045454545 0.16 0.1)
(0.5090909091 0.16 0.1)
(0.5136363636 0.16 0.1)
(0.5181818182 0.16 0.1)
(0.5227272727 0.16 0.1)
(0.5272727273 0.16 0.1)
(0.5318181818 0.16 0.1)
(0.5363636364 0.16 0.1)
(0.5409090909 0.16 0.1)
(0.5454545455 0.16 0.1)
(0.55 0.16 0.1)
(0.5545454545 0.16 0.1)
(0.5590909091 0.16 0.1)
(0.5636363636 0.16 0.1)
(0.5681818182 0.16 0.1)
(0.5727272727 0.16 0.1)
(0.5772727273 0.16 0.1)
(0.5818181818 0.16 0.1)
(0.5863636364 0.16 0.1)
(0.5909090909 0.16 0.1)
(0.5954545455 0.16 0.1)
(0.6 0.16 0.1)
(0.6045454545 0.16 0.1)
(0.6090909091 0.16 0.1)
(0.6136363636 0.16 0.1)
(0.6181818182 0.16 0.1)
(0.6227272727 0.16 0.1)
(0.6272727273 0.16 0.1)
(0.6318181818 0.16 0.1)
(0.6363636364 0.16 0.1)
(0.6409090909 0.16 0.1)
(0.6454545455 0.16 0.1)
(0.65 0.16 0.1)
(0.6545454545 0.16 0.1)
(0.6590909091 0.16 0.1)
(0.6636363636 0.16 0.1)
(0.6681818182 0.16 0.1)
(0.6727272727 0.16 0.1)
(0.6772727273 0.16 0.1)
(0.6818181818 0.16 0.1)
(0.6863636364 0.16 0.1)
(0.6909090909 0.16 0.1)
(0.6954545455 0.16 0.1)
(0.7 0.16 0.1)
(0.7045454545 0.16 0.1)
(0.7090909091 0.16 0.1)
(0.7136363636 0.16 0.1)
(0.7181818182 0.16 0.1)
(0.7227272727 0.16 0.1)
(0.7272727273 0.16 0.1)
(0.7318181818 0.16 0.1)
(0.7363636364 0.16 0.1)
(0.7409090909 0.16 0.1)
(0.7454545455 0.16 0.1)
(0.75 0.16 0.1)
(0.7545454545 0.16 0.1)
(0.7590909091 0.16 0.1)
(0.7636363636 0.16 0.1)
(0.7681818182 0.16 0.1)
(0.7727272727 0.16 0.1)
(0.7772727273 0.16 0.1)
(0.7818181818 0.16 0.1)
(0.7863636364 0.16 0.1)
(0.7909090909 0.16 0.1)
(0.7954545455 0.16 0.1)
(0.8 0.16 0.1)
(0.8045454545 0.16 0.1)
(0.8090909091 0.16 0.1)
(0.8136363636 0.16 0.1)
(0.8181818182 0.16 0.1)
(0.8227272727 0.16 0.1)
(0.8272727273 0.16 0.1)
(0.8318181818 0.16 0.1)
(0.8363636364 0.16 0.1)
(0.8409090909 0.16 0.1)
(0.8454545455 0.16 0.1)
(0.85 0.16 0.1)
(0.8545454545 0.16 0.1)
(0.8590909091 0.16 0.1)
(0.8636363636 0.16 0.1)
(0.8681818182 0.16 0.1)
(0.8727272727 0.16 0.1)
(0.8772727273 0.16 0.1)
(0.8818181818 0.16 0.1)
(0.8863636364 0.16 0.1)
(0.8909090909 0.16 0.1)
(0.8954545455 0.16 0.1)
(0.9 0.16 0.1)
(0.9045454545 0.16 0.1)
(0.9090909091 0.16 0.1)
(0.9136363636 0.16 0.1)
(0.9181818182 0.16 0.1)
(0.9227272727 0.16 0.1)
(0.9272727273 0.16 0.1)
(0.9318181818 0.16 0.1)
(0.9363636364 0.16 0.1)
(0.9409090909 0.16 0.1)
(0.9454545455 0.16 0.1)
(0.95 0.16 0.1)
(0.9545454545 0.16 0.1)
(0.9590909091 0.16 0.1)
(0.9636363636 0.16 0.1)
(0.9681818182 0.16 0.1)
(0.9727272727 0.16 0.1)
(0.9772727273 0.16 0.1)
(0.9818181818 0.16 0.1)
(0.9863636364 0.16 0.1)
(0.9909090909 0.16 0.1)
(0.9954545455 0.16 0.1)
(1 0.16 0.1)
(0 0.1666666667 0.1)
(0.004545454545 0.1666666667 0.1)
(0.009090909091 0.1666666667 0.1)
(0.01363636364 0.1666666667 0.1)
(0.01818181818 0.1666666667 0.1)
(0.02272727273 0.1666666667 0.1)
(0.02727272727 0.1666666667 0.1)
(0.03181818182 0.1666666667 0.1)
(0.03636363636 0.1666666667 0.1)
(0.04090909091 0.1666666667 0.1)
(0.04545454545 0.1666666667 0.1)
(0.05 0.1666666667 0.1)
(0.05454545455 0.1666666667 0.1)
(0.05909090909 0.1666666667 0.1)
(0.06363636364 0.1666666667 0.1)
(0.06818181818 0.1666666667 0.1)
(0.07272727273 0.1666666667 0.1)
(0.07727272727 0.1666666667 0.1)
(0.08181818182 0.1666666667 0.1)
(0.08636363636 0.1666666667 0.1)
(0.09090909091 0.1666666667 0.1)
(0.09545454545 0.1666666667 0.1)
(0.1 0.1666666667 0.1)
(0.1045454545 0.1666666667 0.1)
(0.1090909091 0.1666666667 0.1)
(0.1136363636 0.1666666667 0.1)
(0.1181818182 0.1666666667 0.1)
(0.1227272727 0.1666666667 0.1)
(0.1272727273 0.1666666667 0.1)
(0.1318181818 0.1666666667 0.1)
(0.1363636364 0.1666666667 0.1)
(0.1409090909 0.1666666667 0.1)
(0.1454545455 0.1666666667 0.1)
(0.15 0.1666666667 0.1)
(0.1545454545 0.1666666667 0.1)
(0.1590909091 0.1666666667 0.1)
(0.1636363636 0.1666666667 0.1)
(0.1681818182 0.1666666667 0.1)
(0.1727272727 0.1666666667 0.1)
(0.1772727273 0.1666666667 0.1)
(0.1818181818 0.1666666667 0.1)
(0.1863636364 0.1666666667 0.1)
(0.1909090909 0.1666666667 0.1)
(0.1954545455 0.1666666667 0.1)
(0.2 0.1666666667 0.1)
(0.2045454545 0.1666666667 0.1)
(0.2090909091 0.1666666667 0.1)
(0.2136363636 0.1666666667 0.1)
(0.2181818182 0.1666666667 0.1)
(0.2227272727 0.1666666667 0.1)
(0.2272727273 0.1666666667 0.1)
(0.2318181818 0.1666666667 0.1)
(0.2363636364 0.1666666667 0.1)
(0.2409090909 0.1666666667 0.1)
(0.2454545455 0.1666666667 0.1)
(0.25 0.1666666667 0.1)
(0.2545454545 0.1666666667 0.1)
(0.2590909091 0.1666666667 0.1)
(0.2636363636 0.1666666667 0.1)
(0.2681818182 0.1666666667 0.1)
(0.2727272727 0.1666666667 0.1)
(0.2772727273 0.1666666667 0.1)
(0.2818181818 0.1666666667 0.1)
(0.2863636364 0.1666666667 0.1)
(0.2909090909 0.1666666667 0.1)
(0.2954545455 0.1666666667 0.1)
(0.3 0.1666666667 0.1)
(0.3045454545 0.1666666667 0.1)
(0.3090909091 0.1666666667 0.1)
(0.3136363636 0.1666666667 0.1)
(0.3181818182 0.1666666667 0.1)
(0.3227272727 0.1666666667 0.1)
(0.3272727273 0.1666666667 0.1)
(0.3318181818 0.1666666667 0.1)
(0.3363636364 0.1666666667 0.1)
(0.3409090909 0.1666666667 0.1)
(0.3454545455 0.1666666667 0.1)
(0.35 0.1666666667 0.1)
(0.3545454545 0.1666666667 0.1)
(0.3590909091 0.1666666667 0.1)
(0.3636363636 0.1666666667 0.1)
(0.3681818182 0.1666666667 0.1)
(0.3727272727 0.1666666667 0.1)
(0.3772727273 0.1666666667 0.1)
(0.3818181818 0.1666666667 0.1)
(0.3863636364 0.1666666667 0.1)
(0.3909090909 0.1666666667 0.1)
(0.3954545455 0.1666666667 0.1)
(0.4 0.1666666667 0.1)
(0.4045454545 0.1666666667 0.1)
(0.4090909091 0.1666666667 0.1)
(0.4136363636 0.1666666667 0.1)
(0.4181818182 0.1666666667 0.1)
(0.4227272727 0.1666666667 0.1)
(0.4272727273 0.1666666667 0.1)
(0.4318181818 0.1666666667 0.1)
(0.4363636364 0.1666666667 0.1)
(0.4409090909 0.1666666667 0.1)
(0.4454545455 0.1666666667 0.1)
(0.45 0.1666666667 0.1)
(0.4545454545 0.1666666667 0.1)
(0.4590909091 0.1666666667 0.1)
(0.4636363636 0.1666666667 0.1)
(0.4681818182 0.1666666667 0.1)
(0.4727272727 0.1666666667 0.1)
(0.4772727273 0.1666666667 0.1)
(0.4818181818 0.1666666667 0.1)
(0.4863636364 0.1666666667 0.1)
(0.4909090909 0.1666666667 0.1)
(0.4954545455 0.1666666667 0.1)
(0.5 0.1666666667 0.1)
(0.5045454545 0.1666666667 0.1)
(0.5090909091 0.1666666667 0.1)
(0.5136363636 0.1666666667 0.1)
(0.5181818182 0.1666666667 0.1)
(0.5227272727 0.1666666667 0.1)
(0.5272727273 0.1666666667 0.1)
(0.5318181818 0.1666666667 0.1)
(0.5363636364 0.1666666667 0.1)
(0.5409090909 0.1666666667 0.1)
(0.5454545455 0.1666666667 0.1)
(0.55 0.1666666667 0.1)
(0.5545454545 0.1666666667 0.1)
(0.5590909091 0.1666666667 0.1)
(0.5636363636 0.1666666667 0.1)
(0.5681818182 0.1666666667 0.1)
(0.5727272727 0.1666666667 0.1)
(0.5772727273 0.1666666667 0.1)
(0.5818181818 0.1666666667 0.1)
(0.5863636364 0.1666666667 0.1)
(0.5909090909 0.1666666667 0.1)
(0.5954545455 0.1666666667 0.1)
(0.6 0.1666666667 0.1)
(0.6045454545 0.1666666667 0.1)
(0.6090909091 0.1666666667 0.1)
(0.6136363636 0.1666666667 0.1)
(0.6181818182 0.1666666667 0.1)
(0.6227272727 0.1666666667 0.1)
(0.6272727273 0.1666666667 0.1)
(0.6318181818 0.1666666667 0.1)
(0.6363636364 0.1666666667 0.1)
(0.6409090909 0.1666666667 0.1)
(0.6454545455 0.1666666667 0.1)
(0.65 0.1666666667 0.1)
(0.6545454545 0.1666666667 0.1)
(0.6590909091 0.1666666667 0.1)
(0.6636363636 0.1666666667 0.1)
(0.6681818182 0.1666666667 0.1)
(0.6727272727 0.1666666667 0.1)
(0.6772727273 0.1666666667 0.1)
(0.6818181818 0.1666666667 0.1)
(0.6863636364 0.1666666667 0.1)
(0.6909090909 0.1666666667 0.1)
(0.6954545455 0.1666666667 0.1)
(0.7 0.1666666667 0.1)
(0.7045454545 0.1666666667 0.1)
(0.7090909091 0.1666666667 0.1)
(0.7136363636 0.1666666667 0.1)
(0.7181818182 0.1666666667 0.1)
(0.7227272727 0.1666666667 0.1)
(0.7272727273 0.1666666667 0.1)
(0.7318181818 0.1666666667 0.1)
(0.7363636364 0.1666666667 0.1)
(0.7409090909 0.1666666667 0.1)
(0.7454545455 0.1666666667 0.1)
(0.75 0.1666666667 0.1)
(0.7545454545 0.1666666667 0.1)
(0.7590909091 0.1666666667 0.1)
(0.7636363636 0.1666666667 0.1)
(0.7681818182 0.1666666667 0.1)
(0.7727272727 0.1666666667 0.1)
(0.7772727273 0.1666666667 0.1)
(0.7818181818 0.1666666667 0.1)
(0.7863636364 0.1666666667 0.1)
(0.7909090909 0.1666666667 0.1)
(0.7954545455 0.1666666667 0.1)
(0.8 0.1666666667 0.1)
(0.8045454545 0.1666666667 0.1)
(0.8090909091 0.1666666667 0.1)
(0.8136363636 0.1666666667 0.1)
(0.8181818182 0.1666666667 0.1)
(0.8227272727 0.1666666667 0.1)
(0.8272727273 0.1666666667 0.1)
(0.8318181818 0.1666666667 0.1)
(0.8363636364 0.1666666667 0.1)
(0.8409090909 0.1666666667 0.1)
(0.8454545455 0.1666666667 0.1)
(0.85 0.1666666667 0.1)
(0.8545454545 0.1666666667 0.1)
(0.8590909091 0.1666666667 0.1)
(0.8636363636 0.1666666667 0.1)
(0.8681818182 0.1666666667 0.1)
(0.8727272727 0.1666666667 0.1)
(0.8772727273 0.1666666667 0.1)
(0.8818181818 0.1666666667 0.1)
(0.8863636364 0.1666666667 0.1)
(0.8909090909 0.1666666667 0.1)
(0.8954545455 0.1666666667 0.1)
(0.9 0.1666666667 0.1)
(0.9045454545 0.1666666667 0.1)
(0.9090909091 0.1666666667 0.1)
(0.9136363636 0.1666666667 0.1)
(0.9181818182 0.1666666667 0.1)
(0.9227272727 0.1666666667 0.1)
(0.9272727273 0.1666666667 0.1)
(0.9318181818 0.1666666667 0.1)
(0.9363636364 0.1666666667 0.1)
(0.9409090909 0.1666666667 0.1)
(0.9454545455 0.1666666667 0.1)
(0.95 0.1666666667 0.1)
(0.9545454545 0.1666666667 0.1)
(0.9590909091 0.1666666667 0.1)
(0.9636363636 0.1666666667 0.1)
(0.9681818182 0.1666666667 0.1)
(0.9727272727 0.1666666667 0.1)
(0.9772727273 0.1666666667 0.1)
(0.9818181818 0.1666666667 0.1)
(0.9863636364 0.1666666667 0.1)
(0.9909090909 0.1666666667 0.1)
(0.9954545455 0.1666666667 0.1)
(1 0.1666666667 0.1)
(0 0.1733333333 0.1)
(0.004545454545 0.1733333333 0.1)
(0.009090909091 0.1733333333 0.1)
(0.01363636364 0.1733333333 0.1)
(0.01818181818 0.1733333333 0.1)
(0.02272727273 0.1733333333 0.1)
(0.02727272727 0.1733333333 0.1)
(0.03181818182 0.1733333333 0.1)
(0.03636363636 0.1733333333 0.1)
(0.04090909091 0.1733333333 0.1)
(0.04545454545 0.1733333333 0.1)
(0.05 0.1733333333 0.1)
(0.05454545455 0.1733333333 0.1)
(0.05909090909 0.1733333333 0.1)
(0.06363636364 0.1733333333 0.1)
(0.06818181818 0.1733333333 0.1)
(0.07272727273 0.1733333333 0.1)
(0.07727272727 0.1733333333 0.1)
(0.08181818182 0.1733333333 0.1)
(0.08636363636 0.1733333333 0.1)
(0.09090909091 0.1733333333 0.1)
(0.09545454545 0.1733333333 0.1)
(0.1 0.1733333333 0.1)
(0.1045454545 0.1733333333 0.1)
(0.1090909091 0.1733333333 0.1)
(0.1136363636 0.1733333333 0.1)
(0.1181818182 0.1733333333 0.1)
(0.1227272727 0.1733333333 0.1)
(0.1272727273 0.1733333333 0.1)
(0.1318181818 0.1733333333 0.1)
(0.1363636364 0.1733333333 0.1)
(0.1409090909 0.1733333333 0.1)
(0.1454545455 0.1733333333 0.1)
(0.15 0.1733333333 0.1)
(0.1545454545 0.1733333333 0.1)
(0.1590909091 0.1733333333 0.1)
(0.1636363636 0.1733333333 0.1)
(0.1681818182 0.1733333333 0.1)
(0.1727272727 0.1733333333 0.1)
(0.1772727273 0.1733333333 0.1)
(0.1818181818 0.1733333333 0.1)
(0.1863636364 0.1733333333 0.1)
(0.1909090909 0.1733333333 0.1)
(0.1954545455 0.1733333333 0.1)
(0.2 0.1733333333 0.1)
(0.2045454545 0.1733333333 0.1)
(0.2090909091 0.1733333333 0.1)
(0.2136363636 0.1733333333 0.1)
(0.2181818182 0.1733333333 0.1)
(0.2227272727 0.1733333333 0.1)
(0.2272727273 0.1733333333 0.1)
(0.2318181818 0.1733333333 0.1)
(0.2363636364 0.1733333333 0.1)
(0.2409090909 0.1733333333 0.1)
(0.2454545455 0.1733333333 0.1)
(0.25 0.1733333333 0.1)
(0.2545454545 0.1733333333 0.1)
(0.2590909091 0.1733333333 0.1)
(0.2636363636 0.1733333333 0.1)
(0.2681818182 0.1733333333 0.1)
(0.2727272727 0.1733333333 0.1)
(0.2772727273 0.1733333333 0.1)
(0.2818181818 0.1733333333 0.1)
(0.2863636364 0.1733333333 0.1)
(0.2909090909 0.1733333333 0.1)
(0.2954545455 0.1733333333 0.1)
(0.3 0.1733333333 0.1)
(0.3045454545 0.1733333333 0.1)
(0.3090909091 0.1733333333 0.1)
(0.3136363636 0.1733333333 0.1)
(0.3181818182 0.1733333333 0.1)
(0.3227272727 0.1733333333 0.1)
(0.3272727273 0.1733333333 0.1)
(0.3318181818 0.1733333333 0.1)
(0.3363636364 0.1733333333 0.1)
(0.3409090909 0.1733333333 0.1)
(0.3454545455 0.1733333333 0.1)
(0.35 0.1733333333 0.1)
(0.3545454545 0.1733333333 0.1)
(0.3590909091 0.1733333333 0.1)
(0.3636363636 0.1733333333 0.1)
(0.3681818182 0.1733333333 0.1)
(0.3727272727 0.1733333333 0.1)
(0.3772727273 0.1733333333 0.1)
(0.3818181818 0.1733333333 0.1)
(0.3863636364 0.1733333333 0.1)
(0.3909090909 0.1733333333 0.1)
(0.3954545455 0.1733333333 0.1)
(0.4 0.1733333333 0.1)
(0.4045454545 0.1733333333 0.1)
(0.4090909091 0.1733333333 0.1)
(0.4136363636 0.1733333333 0.1)
(0.4181818182 0.1733333333 0.1)
(0.4227272727 0.1733333333 0.1)
(0.4272727273 0.1733333333 0.1)
(0.4318181818 0.1733333333 0.1)
(0.4363636364 0.1733333333 0.1)
(0.4409090909 0.1733333333 0.1)
(0.4454545455 0.1733333333 0.1)
(0.45 0.1733333333 0.1)
(0.4545454545 0.1733333333 0.1)
(0.4590909091 0.1733333333 0.1)
(0.4636363636 0.1733333333 0.1)
(0.4681818182 0.1733333333 0.1)
(0.4727272727 0.1733333333 0.1)
(0.4772727273 0.1733333333 0.1)
(0.4818181818 0.1733333333 0.1)
(0.4863636364 0.1733333333 0.1)
(0.4909090909 0.1733333333 0.1)
(0.4954545455 0.1733333333 0.1)
(0.5 0.1733333333 0.1)
(0.5045454545 0.1733333333 0.1)
(0.5090909091 0.1733333333 0.1)
(0.5136363636 0.1733333333 0.1)
(0.5181818182 0.1733333333 0.1)
(0.5227272727 0.1733333333 0.1)
(0.5272727273 0.1733333333 0.1)
(0.5318181818 0.1733333333 0.1)
(0.5363636364 0.1733333333 0.1)
(0.5409090909 0.1733333333 0.1)
(0.5454545455 0.1733333333 0.1)
(0.55 0.1733333333 0.1)
(0.5545454545 0.1733333333 0.1)
(0.5590909091 0.1733333333 0.1)
(0.5636363636 0.1733333333 0.1)
(0.5681818182 0.1733333333 0.1)
(0.5727272727 0.1733333333 0.1)
(0.5772727273 0.1733333333 0.1)
(0.5818181818 0.1733333333 0.1)
(0.5863636364 0.1733333333 0.1)
(0.5909090909 0.1733333333 0.1)
(0.5954545455 0.1733333333 0.1)
(0.6 0.1733333333 0.1)
(0.6045454545 0.1733333333 0.1)
(0.6090909091 0.1733333333 0.1)
(0.6136363636 0.1733333333 0.1)
(0.6181818182 0.1733333333 0.1)
(0.6227272727 0.1733333333 0.1)
(0.6272727273 0.1733333333 0.1)
(0.6318181818 0.1733333333 0.1)
(0.6363636364 0.1733333333 0.1)
(0.6409090909 0.1733333333 0.1)
(0.6454545455 0.1733333333 0.1)
(0.65 0.1733333333 0.1)
(0.6545454545 0.1733333333 0.1)
(0.6590909091 0.1733333333 0.1)
(0.6636363636 0.1733333333 0.1)
(0.6681818182 0.1733333333 0.1)
(0.6727272727 0.1733333333 0.1)
(0.6772727273 0.1733333333 0.1)
(0.6818181818 0.1733333333 0.1)
(0.6863636364 0.1733333333 0.1)
(0.6909090909 0.1733333333 0.1)
(0.6954545455 0.1733333333 0.1)
(0.7 0.1733333333 0.1)
(0.7045454545 0.1733333333 0.1)
(0.7090909091 0.1733333333 0.1)
(0.7136363636 0.1733333333 0.1)
(0.7181818182 0.1733333333 0.1)
(0.7227272727 0.1733333333 0.1)
(0.7272727273 0.1733333333 0.1)
(0.7318181818 0.1733333333 0.1)
(0.7363636364 0.1733333333 0.1)
(0.7409090909 0.1733333333 0.1)
(0.7454545455 0.1733333333 0.1)
(0.75 0.1733333333 0.1)
(0.7545454545 0.1733333333 0.1)
(0.7590909091 0.1733333333 0.1)
(0.7636363636 0.1733333333 0.1)
(0.7681818182 0.1733333333 0.1)
(0.7727272727 0.1733333333 0.1)
(0.7772727273 0.1733333333 0.1)
(0.7818181818 0.1733333333 0.1)
(0.7863636364 0.1733333333 0.1)
(0.7909090909 0.1733333333 0.1)
(0.7954545455 0.1733333333 0.1)
(0.8 0.1733333333 0.1)
(0.8045454545 0.1733333333 0.1)
(0.8090909091 0.1733333333 0.1)
(0.8136363636 0.1733333333 0.1)
(0.8181818182 0.1733333333 0.1)
(0.8227272727 0.1733333333 0.1)
(0.8272727273 0.1733333333 0.1)
(0.8318181818 0.1733333333 0.1)
(0.8363636364 0.1733333333 0.1)
(0.8409090909 0.1733333333 0.1)
(0.8454545455 0.1733333333 0.1)
(0.85 0.1733333333 0.1)
(0.8545454545 0.1733333333 0.1)
(0.8590909091 0.1733333333 0.1)
(0.8636363636 0.1733333333 0.1)
(0.8681818182 0.1733333333 0.1)
(0.8727272727 0.1733333333 0.1)
(0.8772727273 0.1733333333 0.1)
(0.8818181818 0.1733333333 0.1)
(0.8863636364 0.1733333333 0.1)
(0.8909090909 0.1733333333 0.1)
(0.8954545455 0.1733333333 0.1)
(0.9 0.1733333333 0.1)
(0.9045454545 0.1733333333 0.1)
(0.9090909091 0.1733333333 0.1)
(0.9136363636 0.1733333333 0.1)
(0.9181818182 0.1733333333 0.1)
(0.9227272727 0.1733333333 0.1)
(0.9272727273 0.1733333333 0.1)
(0.9318181818 0.1733333333 0.1)
(0.9363636364 0.1733333333 0.1)
(0.9409090909 0.1733333333 0.1)
(0.9454545455 0.1733333333 0.1)
(0.95 0.1733333333 0.1)
(0.9545454545 0.1733333333 0.1)
(0.9590909091 0.1733333333 0.1)
(0.9636363636 0.1733333333 0.1)
(0.9681818182 0.1733333333 0.1)
(0.9727272727 0.1733333333 0.1)
(0.9772727273 0.1733333333 0.1)
(0.9818181818 0.1733333333 0.1)
(0.9863636364 0.1733333333 0.1)
(0.9909090909 0.1733333333 0.1)
(0.9954545455 0.1733333333 0.1)
(1 0.1733333333 0.1)
(0 0.18 0.1)
(0.004545454545 0.18 0.1)
(0.009090909091 0.18 0.1)
(0.01363636364 0.18 0.1)
(0.01818181818 0.18 0.1)
(0.02272727273 0.18 0.1)
(0.02727272727 0.18 0.1)
(0.03181818182 0.18 0.1)
(0.03636363636 0.18 0.1)
(0.04090909091 0.18 0.1)
(0.04545454545 0.18 0.1)
(0.05 0.18 0.1)
(0.05454545455 0.18 0.1)
(0.05909090909 0.18 0.1)
(0.06363636364 0.18 0.1)
(0.06818181818 0.18 0.1)
(0.07272727273 0.18 0.1)
(0.07727272727 0.18 0.1)
(0.08181818182 0.18 0.1)
(0.08636363636 0.18 0.1)
(0.09090909091 0.18 0.1)
(0.09545454545 0.18 0.1)
(0.1 0.18 0.1)
(0.1045454545 0.18 0.1)
(0.1090909091 0.18 0.1)
(0.1136363636 0.18 0.1)
(0.1181818182 0.18 0.1)
(0.1227272727 0.18 0.1)
(0.1272727273 0.18 0.1)
(0.1318181818 0.18 0.1)
(0.1363636364 0.18 0.1)
(0.1409090909 0.18 0.1)
(0.1454545455 0.18 0.1)
(0.15 0.18 0.1)
(0.1545454545 0.18 0.1)
(0.1590909091 0.18 0.1)
(0.1636363636 0.18 0.1)
(0.1681818182 0.18 0.1)
(0.1727272727 0.18 0.1)
(0.1772727273 0.18 0.1)
(0.1818181818 0.18 0.1)
(0.1863636364 0.18 0.1)
(0.1909090909 0.18 0.1)
(0.1954545455 0.18 0.1)
(0.2 0.18 0.1)
(0.2045454545 0.18 0.1)
(0.2090909091 0.18 0.1)
(0.2136363636 0.18 0.1)
(0.2181818182 0.18 0.1)
(0.2227272727 0.18 0.1)
(0.2272727273 0.18 0.1)
(0.2318181818 0.18 0.1)
(0.2363636364 0.18 0.1)
(0.2409090909 0.18 0.1)
(0.2454545455 0.18 0.1)
(0.25 0.18 0.1)
(0.2545454545 0.18 0.1)
(0.2590909091 0.18 0.1)
(0.2636363636 0.18 0.1)
(0.2681818182 0.18 0.1)
(0.2727272727 0.18 0.1)
(0.2772727273 0.18 0.1)
(0.2818181818 0.18 0.1)
(0.2863636364 0.18 0.1)
(0.2909090909 0.18 0.1)
(0.2954545455 0.18 0.1)
(0.3 0.18 0.1)
(0.3045454545 0.18 0.1)
(0.3090909091 0.18 0.1)
(0.3136363636 0.18 0.1)
(0.3181818182 0.18 0.1)
(0.3227272727 0.18 0.1)
(0.3272727273 0.18 0.1)
(0.3318181818 0.18 0.1)
(0.3363636364 0.18 0.1)
(0.3409090909 0.18 0.1)
(0.3454545455 0.18 0.1)
(0.35 0.18 0.1)
(0.3545454545 0.18 0.1)
(0.3590909091 0.18 0.1)
(0.3636363636 0.18 0.1)
(0.3681818182 0.18 0.1)
(0.3727272727 0.18 0.1)
(0.3772727273 0.18 0.1)
(0.3818181818 0.18 0.1)
(0.3863636364 0.18 0.1)
(0.3909090909 0.18 0.1)
(0.3954545455 0.18 0.1)
(0.4 0.18 0.1)
(0.4045454545 0.18 0.1)
(0.4090909091 0.18 0.1)
(0.4136363636 0.18 0.1)
(0.4181818182 0.18 0.1)
(0.4227272727 0.18 0.1)
(0.4272727273 0.18 0.1)
(0.4318181818 0.18 0.1)
(0.4363636364 0.18 0.1)
(0.4409090909 0.18 0.1)
(0.4454545455 0.18 0.1)
(0.45 0.18 0.1)
(0.4545454545 0.18 0.1)
(0.4590909091 0.18 0.1)
(0.4636363636 0.18 0.1)
(0.4681818182 0.18 0.1)
(0.4727272727 0.18 0.1)
(0.4772727273 0.18 0.1)
(0.4818181818 0.18 0.1)
(0.4863636364 0.18 0.1)
(0.4909090909 0.18 0.1)
(0.4954545455 0.18 0.1)
(0.5 0.18 0.1)
(0.5045454545 0.18 0.1)
(0.5090909091 0.18 0.1)
(0.5136363636 0.18 0.1)
(0.5181818182 0.18 0.1)
(0.5227272727 0.18 0.1)
(0.5272727273 0.18 0.1)
(0.5318181818 0.18 0.1)
(0.5363636364 0.18 0.1)
(0.5409090909 0.18 0.1)
(0.5454545455 0.18 0.1)
(0.55 0.18 0.1)
(0.5545454545 0.18 0.1)
(0.5590909091 0.18 0.1)
(0.5636363636 0.18 0.1)
(0.5681818182 0.18 0.1)
(0.5727272727 0.18 0.1)
(0.5772727273 0.18 0.1)
(0.5818181818 0.18 0.1)
(0.5863636364 0.18 0.1)
(0.5909090909 0.18 0.1)
(0.5954545455 0.18 0.1)
(0.6 0.18 0.1)
(0.6045454545 0.18 0.1)
(0.6090909091 0.18 0.1)
(0.6136363636 0.18 0.1)
(0.6181818182 0.18 0.1)
(0.6227272727 0.18 0.1)
(0.6272727273 0.18 0.1)
(0.6318181818 0.18 0.1)
(0.6363636364 0.18 0.1)
(0.6409090909 0.18 0.1)
(0.6454545455 0.18 0.1)
(0.65 0.18 0.1)
(0.6545454545 0.18 0.1)
(0.6590909091 0.18 0.1)
(0.6636363636 0.18 0.1)
(0.6681818182 0.18 0.1)
(0.6727272727 0.18 0.1)
(0.6772727273 0.18 0.1)
(0.6818181818 0.18 0.1)
(0.6863636364 0.18 0.1)
(0.6909090909 0.18 0.1)
(0.6954545455 0.18 0.1)
(0.7 0.18 0.1)
(0.7045454545 0.18 0.1)
(0.7090909091 0.18 0.1)
(0.7136363636 0.18 0.1)
(0.7181818182 0.18 0.1)
(0.7227272727 0.18 0.1)
(0.7272727273 0.18 0.1)
(0.7318181818 0.18 0.1)
(0.7363636364 0.18 0.1)
(0.7409090909 0.18 0.1)
(0.7454545455 0.18 0.1)
(0.75 0.18 0.1)
(0.7545454545 0.18 0.1)
(0.7590909091 0.18 0.1)
(0.7636363636 0.18 0.1)
(0.7681818182 0.18 0.1)
(0.7727272727 0.18 0.1)
(0.7772727273 0.18 0.1)
(0.7818181818 0.18 0.1)
(0.7863636364 0.18 0.1)
(0.7909090909 0.18 0.1)
(0.7954545455 0.18 0.1)
(0.8 0.18 0.1)
(0.8045454545 0.18 0.1)
(0.8090909091 0.18 0.1)
(0.8136363636 0.18 0.1)
(0.8181818182 0.18 0.1)
(0.8227272727 0.18 0.1)
(0.8272727273 0.18 0.1)
(0.8318181818 0.18 0.1)
(0.8363636364 0.18 0.1)
(0.8409090909 0.18 0.1)
(0.8454545455 0.18 0.1)
(0.85 0.18 0.1)
(0.8545454545 0.18 0.1)
(0.8590909091 0.18 0.1)
(0.8636363636 0.18 0.1)
(0.8681818182 0.18 0.1)
(0.8727272727 0.18 0.1)
(0.8772727273 0.18 0.1)
(0.8818181818 0.18 0.1)
(0.8863636364 0.18 0.1)
(0.8909090909 0.18 0.1)
(0.8954545455 0.18 0.1)
(0.9 0.18 0.1)
(0.9045454545 0.18 0.1)
(0.9090909091 0.18 0.1)
(0.9136363636 0.18 0.1)
(0.9181818182 0.18 0.1)
(0.9227272727 0.18 0.1)
(0.9272727273 0.18 0.1)
(0.9318181818 0.18 0.1)
(0.9363636364 0.18 0.1)
(0.9409090909 0.18 0.1)
(0.9454545455 0.18 0.1)
(0.95 0.18 0.1)
(0.9545454545 0.18 0.1)
(0.9590909091 0.18 0.1)
(0.9636363636 0.18 0.1)
(0.9681818182 0.18 0.1)
(0.9727272727 0.18 0.1)
(0.9772727273 0.18 0.1)
(0.9818181818 0.18 0.1)
(0.9863636364 0.18 0.1)
(0.9909090909 0.18 0.1)
(0.9954545455 0.18 0.1)
(1 0.18 0.1)
(0 0.1866666667 0.1)
(0.004545454545 0.1866666667 0.1)
(0.009090909091 0.1866666667 0.1)
(0.01363636364 0.1866666667 0.1)
(0.01818181818 0.1866666667 0.1)
(0.02272727273 0.1866666667 0.1)
(0.02727272727 0.1866666667 0.1)
(0.03181818182 0.1866666667 0.1)
(0.03636363636 0.1866666667 0.1)
(0.04090909091 0.1866666667 0.1)
(0.04545454545 0.1866666667 0.1)
(0.05 0.1866666667 0.1)
(0.05454545455 0.1866666667 0.1)
(0.05909090909 0.1866666667 0.1)
(0.06363636364 0.1866666667 0.1)
(0.06818181818 0.1866666667 0.1)
(0.07272727273 0.1866666667 0.1)
(0.07727272727 0.1866666667 0.1)
(0.08181818182 0.1866666667 0.1)
(0.08636363636 0.1866666667 0.1)
(0.09090909091 0.1866666667 0.1)
(0.09545454545 0.1866666667 0.1)
(0.1 0.1866666667 0.1)
(0.1045454545 0.1866666667 0.1)
(0.1090909091 0.1866666667 0.1)
(0.1136363636 0.1866666667 0.1)
(0.1181818182 0.1866666667 0.1)
(0.1227272727 0.1866666667 0.1)
(0.1272727273 0.1866666667 0.1)
(0.1318181818 0.1866666667 0.1)
(0.1363636364 0.1866666667 0.1)
(0.1409090909 0.1866666667 0.1)
(0.1454545455 0.1866666667 0.1)
(0.15 0.1866666667 0.1)
(0.1545454545 0.1866666667 0.1)
(0.1590909091 0.1866666667 0.1)
(0.1636363636 0.1866666667 0.1)
(0.1681818182 0.1866666667 0.1)
(0.1727272727 0.1866666667 0.1)
(0.1772727273 0.1866666667 0.1)
(0.1818181818 0.1866666667 0.1)
(0.1863636364 0.1866666667 0.1)
(0.1909090909 0.1866666667 0.1)
(0.1954545455 0.1866666667 0.1)
(0.2 0.1866666667 0.1)
(0.2045454545 0.1866666667 0.1)
(0.2090909091 0.1866666667 0.1)
(0.2136363636 0.1866666667 0.1)
(0.2181818182 0.1866666667 0.1)
(0.2227272727 0.1866666667 0.1)
(0.2272727273 0.1866666667 0.1)
(0.2318181818 0.1866666667 0.1)
(0.2363636364 0.1866666667 0.1)
(0.2409090909 0.1866666667 0.1)
(0.2454545455 0.1866666667 0.1)
(0.25 0.1866666667 0.1)
(0.2545454545 0.1866666667 0.1)
(0.2590909091 0.1866666667 0.1)
(0.2636363636 0.1866666667 0.1)
(0.2681818182 0.1866666667 0.1)
(0.2727272727 0.1866666667 0.1)
(0.2772727273 0.1866666667 0.1)
(0.2818181818 0.1866666667 0.1)
(0.2863636364 0.1866666667 0.1)
(0.2909090909 0.1866666667 0.1)
(0.2954545455 0.1866666667 0.1)
(0.3 0.1866666667 0.1)
(0.3045454545 0.1866666667 0.1)
(0.3090909091 0.1866666667 0.1)
(0.3136363636 0.1866666667 0.1)
(0.3181818182 0.1866666667 0.1)
(0.3227272727 0.1866666667 0.1)
(0.3272727273 0.1866666667 0.1)
(0.3318181818 0.1866666667 0.1)
(0.3363636364 0.1866666667 0.1)
(0.3409090909 0.1866666667 0.1)
(0.3454545455 0.1866666667 0.1)
(0.35 0.1866666667 0.1)
(0.3545454545 0.1866666667 0.1)
(0.3590909091 0.1866666667 0.1)
(0.3636363636 0.1866666667 0.1)
(0.3681818182 0.1866666667 0.1)
(0.3727272727 0.1866666667 0.1)
(0.3772727273 0.1866666667 0.1)
(0.3818181818 0.1866666667 0.1)
(0.3863636364 0.1866666667 0.1)
(0.3909090909 0.1866666667 0.1)
(0.3954545455 0.1866666667 0.1)
(0.4 0.1866666667 0.1)
(0.4045454545 0.1866666667 0.1)
(0.4090909091 0.1866666667 0.1)
(0.4136363636 0.1866666667 0.1)
(0.4181818182 0.1866666667 0.1)
(0.4227272727 0.1866666667 0.1)
(0.4272727273 0.1866666667 0.1)
(0.4318181818 0.1866666667 0.1)
(0.4363636364 0.1866666667 0.1)
(0.4409090909 0.1866666667 0.1)
(0.4454545455 0.1866666667 0.1)
(0.45 0.1866666667 0.1)
(0.4545454545 0.1866666667 0.1)
(0.4590909091 0.1866666667 0.1)
(0.4636363636 0.1866666667 0.1)
(0.4681818182 0.1866666667 0.1)
(0.4727272727 0.1866666667 0.1)
(0.4772727273 0.1866666667 0.1)
(0.4818181818 0.1866666667 0.1)
(0.4863636364 0.1866666667 0.1)
(0.4909090909 0.1866666667 0.1)
(0.4954545455 0.1866666667 0.1)
(0.5 0.1866666667 0.1)
(0.5045454545 0.1866666667 0.1)
(0.5090909091 0.1866666667 0.1)
(0.5136363636 0.1866666667 0.1)
(0.5181818182 0.1866666667 0.1)
(0.5227272727 0.1866666667 0.1)
(0.5272727273 0.1866666667 0.1)
(0.5318181818 0.1866666667 0.1)
(0.5363636364 0.1866666667 0.1)
(0.5409090909 0.1866666667 0.1)
(0.5454545455 0.1866666667 0.1)
(0.55 0.1866666667 0.1)
(0.5545454545 0.1866666667 0.1)
(0.5590909091 0.1866666667 0.1)
(0.5636363636 0.1866666667 0.1)
(0.5681818182 0.1866666667 0.1)
(0.5727272727 0.1866666667 0.1)
(0.5772727273 0.1866666667 0.1)
(0.5818181818 0.1866666667 0.1)
(0.5863636364 0.1866666667 0.1)
(0.5909090909 0.1866666667 0.1)
(0.5954545455 0.1866666667 0.1)
(0.6 0.1866666667 0.1)
(0.6045454545 0.1866666667 0.1)
(0.6090909091 0.1866666667 0.1)
(0.6136363636 0.1866666667 0.1)
(0.6181818182 0.1866666667 0.1)
(0.6227272727 0.1866666667 0.1)
(0.6272727273 0.1866666667 0.1)
(0.6318181818 0.1866666667 0.1)
(0.6363636364 0.1866666667 0.1)
(0.6409090909 0.1866666667 0.1)
(0.6454545455 0.1866666667 0.1)
(0.65 0.1866666667 0.1)
(0.6545454545 0.1866666667 0.1)
(0.6590909091 0.1866666667 0.1)
(0.6636363636 0.1866666667 0.1)
(0.6681818182 0.1866666667 0.1)
(0.6727272727 0.1866666667 0.1)
(0.6772727273 0.1866666667 0.1)
(0.6818181818 0.1866666667 0.1)
(0.6863636364 0.1866666667 0.1)
(0.6909090909 0.1866666667 0.1)
(0.6954545455 0.1866666667 0.1)
(0.7 0.1866666667 0.1)
(0.7045454545 0.1866666667 0.1)
(0.7090909091 0.1866666667 0.1)
(0.7136363636 0.1866666667 0.1)
(0.7181818182 0.1866666667 0.1)
(0.7227272727 0.1866666667 0.1)
(0.7272727273 0.1866666667 0.1)
(0.7318181818 0.1866666667 0.1)
(0.7363636364 0.1866666667 0.1)
(0.7409090909 0.1866666667 0.1)
(0.7454545455 0.1866666667 0.1)
(0.75 0.1866666667 0.1)
(0.7545454545 0.1866666667 0.1)
(0.7590909091 0.1866666667 0.1)
(0.7636363636 0.1866666667 0.1)
(0.7681818182 0.1866666667 0.1)
(0.7727272727 0.1866666667 0.1)
(0.7772727273 0.1866666667 0.1)
(0.7818181818 0.1866666667 0.1)
(0.7863636364 0.1866666667 0.1)
(0.7909090909 0.1866666667 0.1)
(0.7954545455 0.1866666667 0.1)
(0.8 0.1866666667 0.1)
(0.8045454545 0.1866666667 0.1)
(0.8090909091 0.1866666667 0.1)
(0.8136363636 0.1866666667 0.1)
(0.8181818182 0.1866666667 0.1)
(0.8227272727 0.1866666667 0.1)
(0.8272727273 0.1866666667 0.1)
(0.8318181818 0.1866666667 0.1)
(0.8363636364 0.1866666667 0.1)
(0.8409090909 0.1866666667 0.1)
(0.8454545455 0.1866666667 0.1)
(0.85 0.1866666667 0.1)
(0.8545454545 0.1866666667 0.1)
(0.8590909091 0.1866666667 0.1)
(0.8636363636 0.1866666667 0.1)
(0.8681818182 0.1866666667 0.1)
(0.8727272727 0.1866666667 0.1)
(0.8772727273 0.1866666667 0.1)
(0.8818181818 0.1866666667 0.1)
(0.8863636364 0.1866666667 0.1)
(0.8909090909 0.1866666667 0.1)
(0.8954545455 0.1866666667 0.1)
(0.9 0.1866666667 0.1)
(0.9045454545 0.1866666667 0.1)
(0.9090909091 0.1866666667 0.1)
(0.9136363636 0.1866666667 0.1)
(0.9181818182 0.1866666667 0.1)
(0.9227272727 0.1866666667 0.1)
(0.9272727273 0.1866666667 0.1)
(0.9318181818 0.1866666667 0.1)
(0.9363636364 0.1866666667 0.1)
(0.9409090909 0.1866666667 0.1)
(0.9454545455 0.1866666667 0.1)
(0.95 0.1866666667 0.1)
(0.9545454545 0.1866666667 0.1)
(0.9590909091 0.1866666667 0.1)
(0.9636363636 0.1866666667 0.1)
(0.9681818182 0.1866666667 0.1)
(0.9727272727 0.1866666667 0.1)
(0.9772727273 0.1866666667 0.1)
(0.9818181818 0.1866666667 0.1)
(0.9863636364 0.1866666667 0.1)
(0.9909090909 0.1866666667 0.1)
(0.9954545455 0.1866666667 0.1)
(1 0.1866666667 0.1)
(0 0.1933333333 0.1)
(0.004545454545 0.1933333333 0.1)
(0.009090909091 0.1933333333 0.1)
(0.01363636364 0.1933333333 0.1)
(0.01818181818 0.1933333333 0.1)
(0.02272727273 0.1933333333 0.1)
(0.02727272727 0.1933333333 0.1)
(0.03181818182 0.1933333333 0.1)
(0.03636363636 0.1933333333 0.1)
(0.04090909091 0.1933333333 0.1)
(0.04545454545 0.1933333333 0.1)
(0.05 0.1933333333 0.1)
(0.05454545455 0.1933333333 0.1)
(0.05909090909 0.1933333333 0.1)
(0.06363636364 0.1933333333 0.1)
(0.06818181818 0.1933333333 0.1)
(0.07272727273 0.1933333333 0.1)
(0.07727272727 0.1933333333 0.1)
(0.08181818182 0.1933333333 0.1)
(0.08636363636 0.1933333333 0.1)
(0.09090909091 0.1933333333 0.1)
(0.09545454545 0.1933333333 0.1)
(0.1 0.1933333333 0.1)
(0.1045454545 0.1933333333 0.1)
(0.1090909091 0.1933333333 0.1)
(0.1136363636 0.1933333333 0.1)
(0.1181818182 0.1933333333 0.1)
(0.1227272727 0.1933333333 0.1)
(0.1272727273 0.1933333333 0.1)
(0.1318181818 0.1933333333 0.1)
(0.1363636364 0.1933333333 0.1)
(0.1409090909 0.1933333333 0.1)
(0.1454545455 0.1933333333 0.1)
(0.15 0.1933333333 0.1)
(0.1545454545 0.1933333333 0.1)
(0.1590909091 0.1933333333 0.1)
(0.1636363636 0.1933333333 0.1)
(0.1681818182 0.1933333333 0.1)
(0.1727272727 0.1933333333 0.1)
(0.1772727273 0.1933333333 0.1)
(0.1818181818 0.1933333333 0.1)
(0.1863636364 0.1933333333 0.1)
(0.1909090909 0.1933333333 0.1)
(0.1954545455 0.1933333333 0.1)
(0.2 0.1933333333 0.1)
(0.2045454545 0.1933333333 0.1)
(0.2090909091 0.1933333333 0.1)
(0.2136363636 0.1933333333 0.1)
(0.2181818182 0.1933333333 0.1)
(0.2227272727 0.1933333333 0.1)
(0.2272727273 0.1933333333 0.1)
(0.2318181818 0.1933333333 0.1)
(0.2363636364 0.1933333333 0.1)
(0.2409090909 0.1933333333 0.1)
(0.2454545455 0.1933333333 0.1)
(0.25 0.1933333333 0.1)
(0.2545454545 0.1933333333 0.1)
(0.2590909091 0.1933333333 0.1)
(0.2636363636 0.1933333333 0.1)
(0.2681818182 0.1933333333 0.1)
(0.2727272727 0.1933333333 0.1)
(0.2772727273 0.1933333333 0.1)
(0.2818181818 0.1933333333 0.1)
(0.2863636364 0.1933333333 0.1)
(0.2909090909 0.1933333333 0.1)
(0.2954545455 0.1933333333 0.1)
(0.3 0.1933333333 0.1)
(0.3045454545 0.1933333333 0.1)
(0.3090909091 0.1933333333 0.1)
(0.3136363636 0.1933333333 0.1)
(0.3181818182 0.1933333333 0.1)
(0.3227272727 0.1933333333 0.1)
(0.3272727273 0.1933333333 0.1)
(0.3318181818 0.1933333333 0.1)
(0.3363636364 0.1933333333 0.1)
(0.3409090909 0.1933333333 0.1)
(0.3454545455 0.1933333333 0.1)
(0.35 0.1933333333 0.1)
(0.3545454545 0.1933333333 0.1)
(0.3590909091 0.1933333333 0.1)
(0.3636363636 0.1933333333 0.1)
(0.3681818182 0.1933333333 0.1)
(0.3727272727 0.1933333333 0.1)
(0.3772727273 0.1933333333 0.1)
(0.3818181818 0.1933333333 0.1)
(0.3863636364 0.1933333333 0.1)
(0.3909090909 0.1933333333 0.1)
(0.3954545455 0.1933333333 0.1)
(0.4 0.1933333333 0.1)
(0.4045454545 0.1933333333 0.1)
(0.4090909091 0.1933333333 0.1)
(0.4136363636 0.1933333333 0.1)
(0.4181818182 0.1933333333 0.1)
(0.4227272727 0.1933333333 0.1)
(0.4272727273 0.1933333333 0.1)
(0.4318181818 0.1933333333 0.1)
(0.4363636364 0.1933333333 0.1)
(0.4409090909 0.1933333333 0.1)
(0.4454545455 0.1933333333 0.1)
(0.45 0.1933333333 0.1)
(0.4545454545 0.1933333333 0.1)
(0.4590909091 0.1933333333 0.1)
(0.4636363636 0.1933333333 0.1)
(0.4681818182 0.1933333333 0.1)
(0.4727272727 0.1933333333 0.1)
(0.4772727273 0.1933333333 0.1)
(0.4818181818 0.1933333333 0.1)
(0.4863636364 0.1933333333 0.1)
(0.4909090909 0.1933333333 0.1)
(0.4954545455 0.1933333333 0.1)
(0.5 0.1933333333 0.1)
(0.5045454545 0.1933333333 0.1)
(0.5090909091 0.1933333333 0.1)
(0.5136363636 0.1933333333 0.1)
(0.5181818182 0.1933333333 0.1)
(0.5227272727 0.1933333333 0.1)
(0.5272727273 0.1933333333 0.1)
(0.5318181818 0.1933333333 0.1)
(0.5363636364 0.1933333333 0.1)
(0.5409090909 0.1933333333 0.1)
(0.5454545455 0.1933333333 0.1)
(0.55 0.1933333333 0.1)
(0.5545454545 0.1933333333 0.1)
(0.5590909091 0.1933333333 0.1)
(0.5636363636 0.1933333333 0.1)
(0.5681818182 0.1933333333 0.1)
(0.5727272727 0.1933333333 0.1)
(0.5772727273 0.1933333333 0.1)
(0.5818181818 0.1933333333 0.1)
(0.5863636364 0.1933333333 0.1)
(0.5909090909 0.1933333333 0.1)
(0.5954545455 0.1933333333 0.1)
(0.6 0.1933333333 0.1)
(0.6045454545 0.1933333333 0.1)
(0.6090909091 0.1933333333 0.1)
(0.6136363636 0.1933333333 0.1)
(0.6181818182 0.1933333333 0.1)
(0.6227272727 0.1933333333 0.1)
(0.6272727273 0.1933333333 0.1)
(0.6318181818 0.1933333333 0.1)
(0.6363636364 0.1933333333 0.1)
(0.6409090909 0.1933333333 0.1)
(0.6454545455 0.1933333333 0.1)
(0.65 0.1933333333 0.1)
(0.6545454545 0.1933333333 0.1)
(0.6590909091 0.1933333333 0.1)
(0.6636363636 0.1933333333 0.1)
(0.6681818182 0.1933333333 0.1)
(0.6727272727 0.1933333333 0.1)
(0.6772727273 0.1933333333 0.1)
(0.6818181818 0.1933333333 0.1)
(0.6863636364 0.1933333333 0.1)
(0.6909090909 0.1933333333 0.1)
(0.6954545455 0.1933333333 0.1)
(0.7 0.1933333333 0.1)
(0.7045454545 0.1933333333 0.1)
(0.7090909091 0.1933333333 0.1)
(0.7136363636 0.1933333333 0.1)
(0.7181818182 0.1933333333 0.1)
(0.7227272727 0.1933333333 0.1)
(0.7272727273 0.1933333333 0.1)
(0.7318181818 0.1933333333 0.1)
(0.7363636364 0.1933333333 0.1)
(0.7409090909 0.1933333333 0.1)
(0.7454545455 0.1933333333 0.1)
(0.75 0.1933333333 0.1)
(0.7545454545 0.1933333333 0.1)
(0.7590909091 0.1933333333 0.1)
(0.7636363636 0.1933333333 0.1)
(0.7681818182 0.1933333333 0.1)
(0.7727272727 0.1933333333 0.1)
(0.7772727273 0.1933333333 0.1)
(0.7818181818 0.1933333333 0.1)
(0.7863636364 0.1933333333 0.1)
(0.7909090909 0.1933333333 0.1)
(0.7954545455 0.1933333333 0.1)
(0.8 0.1933333333 0.1)
(0.8045454545 0.1933333333 0.1)
(0.8090909091 0.1933333333 0.1)
(0.8136363636 0.1933333333 0.1)
(0.8181818182 0.1933333333 0.1)
(0.8227272727 0.1933333333 0.1)
(0.8272727273 0.1933333333 0.1)
(0.8318181818 0.1933333333 0.1)
(0.8363636364 0.1933333333 0.1)
(0.8409090909 0.1933333333 0.1)
(0.8454545455 0.1933333333 0.1)
(0.85 0.1933333333 0.1)
(0.8545454545 0.1933333333 0.1)
(0.8590909091 0.1933333333 0.1)
(0.8636363636 0.1933333333 0.1)
(0.8681818182 0.1933333333 0.1)
(0.8727272727 0.1933333333 0.1)
(0.8772727273 0.1933333333 0.1)
(0.8818181818 0.1933333333 0.1)
(0.8863636364 0.1933333333 0.1)
(0.8909090909 0.1933333333 0.1)
(0.8954545455 0.1933333333 0.1)
(0.9 0.1933333333 0.1)
(0.9045454545 0.1933333333 0.1)
(0.9090909091 0.1933333333 0.1)
(0.9136363636 0.1933333333 0.1)
(0.9181818182 0.1933333333 0.1)
(0.9227272727 0.1933333333 0.1)
(0.9272727273 0.1933333333 0.1)
(0.9318181818 0.1933333333 0.1)
(0.9363636364 0.1933333333 0.1)
(0.9409090909 0.1933333333 0.1)
(0.9454545455 0.1933333333 0.1)
(0.95 0.1933333333 0.1)
(0.9545454545 0.1933333333 0.1)
(0.9590909091 0.1933333333 0.1)
(0.9636363636 0.1933333333 0.1)
(0.9681818182 0.1933333333 0.1)
(0.9727272727 0.1933333333 0.1)
(0.9772727273 0.1933333333 0.1)
(0.9818181818 0.1933333333 0.1)
(0.9863636364 0.1933333333 0.1)
(0.9909090909 0.1933333333 0.1)
(0.9954545455 0.1933333333 0.1)
(1 0.1933333333 0.1)
(0 0.2 0.1)
(0.004545454545 0.2 0.1)
(0.009090909091 0.2 0.1)
(0.01363636364 0.2 0.1)
(0.01818181818 0.2 0.1)
(0.02272727273 0.2 0.1)
(0.02727272727 0.2 0.1)
(0.03181818182 0.2 0.1)
(0.03636363636 0.2 0.1)
(0.04090909091 0.2 0.1)
(0.04545454545 0.2 0.1)
(0.05 0.2 0.1)
(0.05454545455 0.2 0.1)
(0.05909090909 0.2 0.1)
(0.06363636364 0.2 0.1)
(0.06818181818 0.2 0.1)
(0.07272727273 0.2 0.1)
(0.07727272727 0.2 0.1)
(0.08181818182 0.2 0.1)
(0.08636363636 0.2 0.1)
(0.09090909091 0.2 0.1)
(0.09545454545 0.2 0.1)
(0.1 0.2 0.1)
(0.1045454545 0.2 0.1)
(0.1090909091 0.2 0.1)
(0.1136363636 0.2 0.1)
(0.1181818182 0.2 0.1)
(0.1227272727 0.2 0.1)
(0.1272727273 0.2 0.1)
(0.1318181818 0.2 0.1)
(0.1363636364 0.2 0.1)
(0.1409090909 0.2 0.1)
(0.1454545455 0.2 0.1)
(0.15 0.2 0.1)
(0.1545454545 0.2 0.1)
(0.1590909091 0.2 0.1)
(0.1636363636 0.2 0.1)
(0.1681818182 0.2 0.1)
(0.1727272727 0.2 0.1)
(0.1772727273 0.2 0.1)
(0.1818181818 0.2 0.1)
(0.1863636364 0.2 0.1)
(0.1909090909 0.2 0.1)
(0.1954545455 0.2 0.1)
(0.2 0.2 0.1)
(0.2045454545 0.2 0.1)
(0.2090909091 0.2 0.1)
(0.2136363636 0.2 0.1)
(0.2181818182 0.2 0.1)
(0.2227272727 0.2 0.1)
(0.2272727273 0.2 0.1)
(0.2318181818 0.2 0.1)
(0.2363636364 0.2 0.1)
(0.2409090909 0.2 0.1)
(0.2454545455 0.2 0.1)
(0.25 0.2 0.1)
(0.2545454545 0.2 0.1)
(0.2590909091 0.2 0.1)
(0.2636363636 0.2 0.1)
(0.2681818182 0.2 0.1)
(0.2727272727 0.2 0.1)
(0.2772727273 0.2 0.1)
(0.2818181818 0.2 0.1)
(0.2863636364 0.2 0.1)
(0.2909090909 0.2 0.1)
(0.2954545455 0.2 0.1)
(0.3 0.2 0.1)
(0.3045454545 0.2 0.1)
(0.3090909091 0.2 0.1)
(0.3136363636 0.2 0.1)
(0.3181818182 0.2 0.1)
(0.3227272727 0.2 0.1)
(0.3272727273 0.2 0.1)
(0.3318181818 0.2 0.1)
(0.3363636364 0.2 0.1)
(0.3409090909 0.2 0.1)
(0.3454545455 0.2 0.1)
(0.35 0.2 0.1)
(0.3545454545 0.2 0.1)
(0.3590909091 0.2 0.1)
(0.3636363636 0.2 0.1)
(0.3681818182 0.2 0.1)
(0.3727272727 0.2 0.1)
(0.3772727273 0.2 0.1)
(0.3818181818 0.2 0.1)
(0.3863636364 0.2 0.1)
(0.3909090909 0.2 0.1)
(0.3954545455 0.2 0.1)
(0.4 0.2 0.1)
(0.4045454545 0.2 0.1)
(0.4090909091 0.2 0.1)
(0.4136363636 0.2 0.1)
(0.4181818182 0.2 0.1)
(0.4227272727 0.2 0.1)
(0.4272727273 0.2 0.1)
(0.4318181818 0.2 0.1)
(0.4363636364 0.2 0.1)
(0.4409090909 0.2 0.1)
(0.4454545455 0.2 0.1)
(0.45 0.2 0.1)
(0.4545454545 0.2 0.1)
(0.4590909091 0.2 0.1)
(0.4636363636 0.2 0.1)
(0.4681818182 0.2 0.1)
(0.4727272727 0.2 0.1)
(0.4772727273 0.2 0.1)
(0.4818181818 0.2 0.1)
(0.4863636364 0.2 0.1)
(0.4909090909 0.2 0.1)
(0.4954545455 0.2 0.1)
(0.5 0.2 0.1)
(0.5045454545 0.2 0.1)
(0.5090909091 0.2 0.1)
(0.5136363636 0.2 0.1)
(0.5181818182 0.2 0.1)
(0.5227272727 0.2 0.1)
(0.5272727273 0.2 0.1)
(0.5318181818 0.2 0.1)
(0.5363636364 0.2 0.1)
(0.5409090909 0.2 0.1)
(0.5454545455 0.2 0.1)
(0.55 0.2 0.1)
(0.5545454545 0.2 0.1)
(0.5590909091 0.2 0.1)
(0.5636363636 0.2 0.1)
(0.5681818182 0.2 0.1)
(0.5727272727 0.2 0.1)
(0.5772727273 0.2 0.1)
(0.5818181818 0.2 0.1)
(0.5863636364 0.2 0.1)
(0.5909090909 0.2 0.1)
(0.5954545455 0.2 0.1)
(0.6 0.2 0.1)
(0.6045454545 0.2 0.1)
(0.6090909091 0.2 0.1)
(0.6136363636 0.2 0.1)
(0.6181818182 0.2 0.1)
(0.6227272727 0.2 0.1)
(0.6272727273 0.2 0.1)
(0.6318181818 0.2 0.1)
(0.6363636364 0.2 0.1)
(0.6409090909 0.2 0.1)
(0.6454545455 0.2 0.1)
(0.65 0.2 0.1)
(0.6545454545 0.2 0.1)
(0.6590909091 0.2 0.1)
(0.6636363636 0.2 0.1)
(0.6681818182 0.2 0.1)
(0.6727272727 0.2 0.1)
(0.6772727273 0.2 0.1)
(0.6818181818 0.2 0.1)
(0.6863636364 0.2 0.1)
(0.6909090909 0.2 0.1)
(0.6954545455 0.2 0.1)
(0.7 0.2 0.1)
(0.7045454545 0.2 0.1)
(0.7090909091 0.2 0.1)
(0.7136363636 0.2 0.1)
(0.7181818182 0.2 0.1)
(0.7227272727 0.2 0.1)
(0.7272727273 0.2 0.1)
(0.7318181818 0.2 0.1)
(0.7363636364 0.2 0.1)
(0.7409090909 0.2 0.1)
(0.7454545455 0.2 0.1)
(0.75 0.2 0.1)
(0.7545454545 0.2 0.1)
(0.7590909091 0.2 0.1)
(0.7636363636 0.2 0.1)
(0.7681818182 0.2 0.1)
(0.7727272727 0.2 0.1)
(0.7772727273 0.2 0.1)
(0.7818181818 0.2 0.1)
(0.7863636364 0.2 0.1)
(0.7909090909 0.2 0.1)
(0.7954545455 0.2 0.1)
(0.8 0.2 0.1)
(0.8045454545 0.2 0.1)
(0.8090909091 0.2 0.1)
(0.8136363636 0.2 0.1)
(0.8181818182 0.2 0.1)
(0.8227272727 0.2 0.1)
(0.8272727273 0.2 0.1)
(0.8318181818 0.2 0.1)
(0.8363636364 0.2 0.1)
(0.8409090909 0.2 0.1)
(0.8454545455 0.2 0.1)
(0.85 0.2 0.1)
(0.8545454545 0.2 0.1)
(0.8590909091 0.2 0.1)
(0.8636363636 0.2 0.1)
(0.8681818182 0.2 0.1)
(0.8727272727 0.2 0.1)
(0.8772727273 0.2 0.1)
(0.8818181818 0.2 0.1)
(0.8863636364 0.2 0.1)
(0.8909090909 0.2 0.1)
(0.8954545455 0.2 0.1)
(0.9 0.2 0.1)
(0.9045454545 0.2 0.1)
(0.9090909091 0.2 0.1)
(0.9136363636 0.2 0.1)
(0.9181818182 0.2 0.1)
(0.9227272727 0.2 0.1)
(0.9272727273 0.2 0.1)
(0.9318181818 0.2 0.1)
(0.9363636364 0.2 0.1)
(0.9409090909 0.2 0.1)
(0.9454545455 0.2 0.1)
(0.95 0.2 0.1)
(0.9545454545 0.2 0.1)
(0.9590909091 0.2 0.1)
(0.9636363636 0.2 0.1)
(0.9681818182 0.2 0.1)
(0.9727272727 0.2 0.1)
(0.9772727273 0.2 0.1)
(0.9818181818 0.2 0.1)
(0.9863636364 0.2 0.1)
(0.9909090909 0.2 0.1)
(0.9954545455 0.2 0.1)
(1 0.2 0.1)
(0 0.2066666667 0.1)
(0.004545454545 0.2066666667 0.1)
(0.009090909091 0.2066666667 0.1)
(0.01363636364 0.2066666667 0.1)
(0.01818181818 0.2066666667 0.1)
(0.02272727273 0.2066666667 0.1)
(0.02727272727 0.2066666667 0.1)
(0.03181818182 0.2066666667 0.1)
(0.03636363636 0.2066666667 0.1)
(0.04090909091 0.2066666667 0.1)
(0.04545454545 0.2066666667 0.1)
(0.05 0.2066666667 0.1)
(0.05454545455 0.2066666667 0.1)
(0.05909090909 0.2066666667 0.1)
(0.06363636364 0.2066666667 0.1)
(0.06818181818 0.2066666667 0.1)
(0.07272727273 0.2066666667 0.1)
(0.07727272727 0.2066666667 0.1)
(0.08181818182 0.2066666667 0.1)
(0.08636363636 0.2066666667 0.1)
(0.09090909091 0.2066666667 0.1)
(0.09545454545 0.2066666667 0.1)
(0.1 0.2066666667 0.1)
(0.1045454545 0.2066666667 0.1)
(0.1090909091 0.2066666667 0.1)
(0.1136363636 0.2066666667 0.1)
(0.1181818182 0.2066666667 0.1)
(0.1227272727 0.2066666667 0.1)
(0.1272727273 0.2066666667 0.1)
(0.1318181818 0.2066666667 0.1)
(0.1363636364 0.2066666667 0.1)
(0.1409090909 0.2066666667 0.1)
(0.1454545455 0.2066666667 0.1)
(0.15 0.2066666667 0.1)
(0.1545454545 0.2066666667 0.1)
(0.1590909091 0.2066666667 0.1)
(0.1636363636 0.2066666667 0.1)
(0.1681818182 0.2066666667 0.1)
(0.1727272727 0.2066666667 0.1)
(0.1772727273 0.2066666667 0.1)
(0.1818181818 0.2066666667 0.1)
(0.1863636364 0.2066666667 0.1)
(0.1909090909 0.2066666667 0.1)
(0.1954545455 0.2066666667 0.1)
(0.2 0.2066666667 0.1)
(0.2045454545 0.2066666667 0.1)
(0.2090909091 0.2066666667 0.1)
(0.2136363636 0.2066666667 0.1)
(0.2181818182 0.2066666667 0.1)
(0.2227272727 0.2066666667 0.1)
(0.2272727273 0.2066666667 0.1)
(0.2318181818 0.2066666667 0.1)
(0.2363636364 0.2066666667 0.1)
(0.2409090909 0.2066666667 0.1)
(0.2454545455 0.2066666667 0.1)
(0.25 0.2066666667 0.1)
(0.2545454545 0.2066666667 0.1)
(0.2590909091 0.2066666667 0.1)
(0.2636363636 0.2066666667 0.1)
(0.2681818182 0.2066666667 0.1)
(0.2727272727 0.2066666667 0.1)
(0.2772727273 0.2066666667 0.1)
(0.2818181818 0.2066666667 0.1)
(0.2863636364 0.2066666667 0.1)
(0.2909090909 0.2066666667 0.1)
(0.2954545455 0.2066666667 0.1)
(0.3 0.2066666667 0.1)
(0.3045454545 0.2066666667 0.1)
(0.3090909091 0.2066666667 0.1)
(0.3136363636 0.2066666667 0.1)
(0.3181818182 0.2066666667 0.1)
(0.3227272727 0.2066666667 0.1)
(0.3272727273 0.2066666667 0.1)
(0.3318181818 0.2066666667 0.1)
(0.3363636364 0.2066666667 0.1)
(0.3409090909 0.2066666667 0.1)
(0.3454545455 0.2066666667 0.1)
(0.35 0.2066666667 0.1)
(0.3545454545 0.2066666667 0.1)
(0.3590909091 0.2066666667 0.1)
(0.3636363636 0.2066666667 0.1)
(0.3681818182 0.2066666667 0.1)
(0.3727272727 0.2066666667 0.1)
(0.3772727273 0.2066666667 0.1)
(0.3818181818 0.2066666667 0.1)
(0.3863636364 0.2066666667 0.1)
(0.3909090909 0.2066666667 0.1)
(0.3954545455 0.2066666667 0.1)
(0.4 0.2066666667 0.1)
(0.4045454545 0.2066666667 0.1)
(0.4090909091 0.2066666667 0.1)
(0.4136363636 0.2066666667 0.1)
(0.4181818182 0.2066666667 0.1)
(0.4227272727 0.2066666667 0.1)
(0.4272727273 0.2066666667 0.1)
(0.4318181818 0.2066666667 0.1)
(0.4363636364 0.2066666667 0.1)
(0.4409090909 0.2066666667 0.1)
(0.4454545455 0.2066666667 0.1)
(0.45 0.2066666667 0.1)
(0.4545454545 0.2066666667 0.1)
(0.4590909091 0.2066666667 0.1)
(0.4636363636 0.2066666667 0.1)
(0.4681818182 0.2066666667 0.1)
(0.4727272727 0.2066666667 0.1)
(0.4772727273 0.2066666667 0.1)
(0.4818181818 0.2066666667 0.1)
(0.4863636364 0.2066666667 0.1)
(0.4909090909 0.2066666667 0.1)
(0.4954545455 0.2066666667 0.1)
(0.5 0.2066666667 0.1)
(0.5045454545 0.2066666667 0.1)
(0.5090909091 0.2066666667 0.1)
(0.5136363636 0.2066666667 0.1)
(0.5181818182 0.2066666667 0.1)
(0.5227272727 0.2066666667 0.1)
(0.5272727273 0.2066666667 0.1)
(0.5318181818 0.2066666667 0.1)
(0.5363636364 0.2066666667 0.1)
(0.5409090909 0.2066666667 0.1)
(0.5454545455 0.2066666667 0.1)
(0.55 0.2066666667 0.1)
(0.5545454545 0.2066666667 0.1)
(0.5590909091 0.2066666667 0.1)
(0.5636363636 0.2066666667 0.1)
(0.5681818182 0.2066666667 0.1)
(0.5727272727 0.2066666667 0.1)
(0.5772727273 0.2066666667 0.1)
(0.5818181818 0.2066666667 0.1)
(0.5863636364 0.2066666667 0.1)
(0.5909090909 0.2066666667 0.1)
(0.5954545455 0.2066666667 0.1)
(0.6 0.2066666667 0.1)
(0.6045454545 0.2066666667 0.1)
(0.6090909091 0.2066666667 0.1)
(0.6136363636 0.2066666667 0.1)
(0.6181818182 0.2066666667 0.1)
(0.6227272727 0.2066666667 0.1)
(0.6272727273 0.2066666667 0.1)
(0.6318181818 0.2066666667 0.1)
(0.6363636364 0.2066666667 0.1)
(0.6409090909 0.2066666667 0.1)
(0.6454545455 0.2066666667 0.1)
(0.65 0.2066666667 0.1)
(0.6545454545 0.2066666667 0.1)
(0.6590909091 0.2066666667 0.1)
(0.6636363636 0.2066666667 0.1)
(0.6681818182 0.2066666667 0.1)
(0.6727272727 0.2066666667 0.1)
(0.6772727273 0.2066666667 0.1)
(0.6818181818 0.2066666667 0.1)
(0.6863636364 0.2066666667 0.1)
(0.6909090909 0.2066666667 0.1)
(0.6954545455 0.2066666667 0.1)
(0.7 0.2066666667 0.1)
(0.7045454545 0.2066666667 0.1)
(0.7090909091 0.2066666667 0.1)
(0.7136363636 0.2066666667 0.1)
(0.7181818182 0.2066666667 0.1)
(0.7227272727 0.2066666667 0.1)
(0.7272727273 0.2066666667 0.1)
(0.7318181818 0.2066666667 0.1)
(0.7363636364 0.2066666667 0.1)
(0.7409090909 0.2066666667 0.1)
(0.7454545455 0.2066666667 0.1)
(0.75 0.2066666667 0.1)
(0.7545454545 0.2066666667 0.1)
(0.7590909091 0.2066666667 0.1)
(0.7636363636 0.2066666667 0.1)
(0.7681818182 0.2066666667 0.1)
(0.7727272727 0.2066666667 0.1)
(0.7772727273 0.2066666667 0.1)
(0.7818181818 0.2066666667 0.1)
(0.7863636364 0.2066666667 0.1)
(0.7909090909 0.2066666667 0.1)
(0.7954545455 0.2066666667 0.1)
(0.8 0.2066666667 0.1)
(0.8045454545 0.2066666667 0.1)
(0.8090909091 0.2066666667 0.1)
(0.8136363636 0.2066666667 0.1)
(0.8181818182 0.2066666667 0.1)
(0.8227272727 0.2066666667 0.1)
(0.8272727273 0.2066666667 0.1)
(0.8318181818 0.2066666667 0.1)
(0.8363636364 0.2066666667 0.1)
(0.8409090909 0.2066666667 0.1)
(0.8454545455 0.2066666667 0.1)
(0.85 0.2066666667 0.1)
(0.8545454545 0.2066666667 0.1)
(0.8590909091 0.2066666667 0.1)
(0.8636363636 0.2066666667 0.1)
(0.8681818182 0.2066666667 0.1)
(0.8727272727 0.2066666667 0.1)
(0.8772727273 0.2066666667 0.1)
(0.8818181818 0.2066666667 0.1)
(0.8863636364 0.2066666667 0.1)
(0.8909090909 0.2066666667 0.1)
(0.8954545455 0.2066666667 0.1)
(0.9 0.2066666667 0.1)
(0.9045454545 0.2066666667 0.1)
(0.9090909091 0.2066666667 0.1)
(0.9136363636 0.2066666667 0.1)
(0.9181818182 0.2066666667 0.1)
(0.9227272727 0.2066666667 0.1)
(0.9272727273 0.2066666667 0.1)
(0.9318181818 0.2066666667 0.1)
(0.9363636364 0.2066666667 0.1)
(0.9409090909 0.2066666667 0.1)
(0.9454545455 0.2066666667 0.1)
(0.95 0.2066666667 0.1)
(0.9545454545 0.2066666667 0.1)
(0.9590909091 0.2066666667 0.1)
(0.9636363636 0.2066666667 0.1)
(0.9681818182 0.2066666667 0.1)
(0.9727272727 0.2066666667 0.1)
(0.9772727273 0.2066666667 0.1)
(0.9818181818 0.2066666667 0.1)
(0.9863636364 0.2066666667 0.1)
(0.9909090909 0.2066666667 0.1)
(0.9954545455 0.2066666667 0.1)
(1 0.2066666667 0.1)
(0 0.2133333333 0.1)
(0.004545454545 0.2133333333 0.1)
(0.009090909091 0.2133333333 0.1)
(0.01363636364 0.2133333333 0.1)
(0.01818181818 0.2133333333 0.1)
(0.02272727273 0.2133333333 0.1)
(0.02727272727 0.2133333333 0.1)
(0.03181818182 0.2133333333 0.1)
(0.03636363636 0.2133333333 0.1)
(0.04090909091 0.2133333333 0.1)
(0.04545454545 0.2133333333 0.1)
(0.05 0.2133333333 0.1)
(0.05454545455 0.2133333333 0.1)
(0.05909090909 0.2133333333 0.1)
(0.06363636364 0.2133333333 0.1)
(0.06818181818 0.2133333333 0.1)
(0.07272727273 0.2133333333 0.1)
(0.07727272727 0.2133333333 0.1)
(0.08181818182 0.2133333333 0.1)
(0.08636363636 0.2133333333 0.1)
(0.09090909091 0.2133333333 0.1)
(0.09545454545 0.2133333333 0.1)
(0.1 0.2133333333 0.1)
(0.1045454545 0.2133333333 0.1)
(0.1090909091 0.2133333333 0.1)
(0.1136363636 0.2133333333 0.1)
(0.1181818182 0.2133333333 0.1)
(0.1227272727 0.2133333333 0.1)
(0.1272727273 0.2133333333 0.1)
(0.1318181818 0.2133333333 0.1)
(0.1363636364 0.2133333333 0.1)
(0.1409090909 0.2133333333 0.1)
(0.1454545455 0.2133333333 0.1)
(0.15 0.2133333333 0.1)
(0.1545454545 0.2133333333 0.1)
(0.1590909091 0.2133333333 0.1)
(0.1636363636 0.2133333333 0.1)
(0.1681818182 0.2133333333 0.1)
(0.1727272727 0.2133333333 0.1)
(0.1772727273 0.2133333333 0.1)
(0.1818181818 0.2133333333 0.1)
(0.1863636364 0.2133333333 0.1)
(0.1909090909 0.2133333333 0.1)
(0.1954545455 0.2133333333 0.1)
(0.2 0.2133333333 0.1)
(0.2045454545 0.2133333333 0.1)
(0.2090909091 0.2133333333 0.1)
(0.2136363636 0.2133333333 0.1)
(0.2181818182 0.2133333333 0.1)
(0.2227272727 0.2133333333 0.1)
(0.2272727273 0.2133333333 0.1)
(0.2318181818 0.2133333333 0.1)
(0.2363636364 0.2133333333 0.1)
(0.2409090909 0.2133333333 0.1)
(0.2454545455 0.2133333333 0.1)
(0.25 0.2133333333 0.1)
(0.2545454545 0.2133333333 0.1)
(0.2590909091 0.2133333333 0.1)
(0.2636363636 0.2133333333 0.1)
(0.2681818182 0.2133333333 0.1)
(0.2727272727 0.2133333333 0.1)
(0.2772727273 0.2133333333 0.1)
(0.2818181818 0.2133333333 0.1)
(0.2863636364 0.2133333333 0.1)
(0.2909090909 0.2133333333 0.1)
(0.2954545455 0.2133333333 0.1)
(0.3 0.2133333333 0.1)
(0.3045454545 0.2133333333 0.1)
(0.3090909091 0.2133333333 0.1)
(0.3136363636 0.2133333333 0.1)
(0.3181818182 0.2133333333 0.1)
(0.3227272727 0.2133333333 0.1)
(0.3272727273 0.2133333333 0.1)
(0.3318181818 0.2133333333 0.1)
(0.3363636364 0.2133333333 0.1)
(0.3409090909 0.2133333333 0.1)
(0.3454545455 0.2133333333 0.1)
(0.35 0.2133333333 0.1)
(0.3545454545 0.2133333333 0.1)
(0.3590909091 0.2133333333 0.1)
(0.3636363636 0.2133333333 0.1)
(0.3681818182 0.2133333333 0.1)
(0.3727272727 0.2133333333 0.1)
(0.3772727273 0.2133333333 0.1)
(0.3818181818 0.2133333333 0.1)
(0.3863636364 0.2133333333 0.1)
(0.3909090909 0.2133333333 0.1)
(0.3954545455 0.2133333333 0.1)
(0.4 0.2133333333 0.1)
(0.4045454545 0.2133333333 0.1)
(0.4090909091 0.2133333333 0.1)
(0.4136363636 0.2133333333 0.1)
(0.4181818182 0.2133333333 0.1)
(0.4227272727 0.2133333333 0.1)
(0.4272727273 0.2133333333 0.1)
(0.4318181818 0.2133333333 0.1)
(0.4363636364 0.2133333333 0.1)
(0.4409090909 0.2133333333 0.1)
(0.4454545455 0.2133333333 0.1)
(0.45 0.2133333333 0.1)
(0.4545454545 0.2133333333 0.1)
(0.4590909091 0.2133333333 0.1)
(0.4636363636 0.2133333333 0.1)
(0.4681818182 0.2133333333 0.1)
(0.4727272727 0.2133333333 0.1)
(0.4772727273 0.2133333333 0.1)
(0.4818181818 0.2133333333 0.1)
(0.4863636364 0.2133333333 0.1)
(0.4909090909 0.2133333333 0.1)
(0.4954545455 0.2133333333 0.1)
(0.5 0.2133333333 0.1)
(0.5045454545 0.2133333333 0.1)
(0.5090909091 0.2133333333 0.1)
(0.5136363636 0.2133333333 0.1)
(0.5181818182 0.2133333333 0.1)
(0.5227272727 0.2133333333 0.1)
(0.5272727273 0.2133333333 0.1)
(0.5318181818 0.2133333333 0.1)
(0.5363636364 0.2133333333 0.1)
(0.5409090909 0.2133333333 0.1)
(0.5454545455 0.2133333333 0.1)
(0.55 0.2133333333 0.1)
(0.5545454545 0.2133333333 0.1)
(0.5590909091 0.2133333333 0.1)
(0.5636363636 0.2133333333 0.1)
(0.5681818182 0.2133333333 0.1)
(0.5727272727 0.2133333333 0.1)
(0.5772727273 0.2133333333 0.1)
(0.5818181818 0.2133333333 0.1)
(0.5863636364 0.2133333333 0.1)
(0.5909090909 0.2133333333 0.1)
(0.5954545455 0.2133333333 0.1)
(0.6 0.2133333333 0.1)
(0.6045454545 0.2133333333 0.1)
(0.6090909091 0.2133333333 0.1)
(0.6136363636 0.2133333333 0.1)
(0.6181818182 0.2133333333 0.1)
(0.6227272727 0.2133333333 0.1)
(0.6272727273 0.2133333333 0.1)
(0.6318181818 0.2133333333 0.1)
(0.6363636364 0.2133333333 0.1)
(0.6409090909 0.2133333333 0.1)
(0.6454545455 0.2133333333 0.1)
(0.65 0.2133333333 0.1)
(0.6545454545 0.2133333333 0.1)
(0.6590909091 0.2133333333 0.1)
(0.6636363636 0.2133333333 0.1)
(0.6681818182 0.2133333333 0.1)
(0.6727272727 0.2133333333 0.1)
(0.6772727273 0.2133333333 0.1)
(0.6818181818 0.2133333333 0.1)
(0.6863636364 0.2133333333 0.1)
(0.6909090909 0.2133333333 0.1)
(0.6954545455 0.2133333333 0.1)
(0.7 0.2133333333 0.1)
(0.7045454545 0.2133333333 0.1)
(0.7090909091 0.2133333333 0.1)
(0.7136363636 0.2133333333 0.1)
(0.7181818182 0.2133333333 0.1)
(0.7227272727 0.2133333333 0.1)
(0.7272727273 0.2133333333 0.1)
(0.7318181818 0.2133333333 0.1)
(0.7363636364 0.2133333333 0.1)
(0.7409090909 0.2133333333 0.1)
(0.7454545455 0.2133333333 0.1)
(0.75 0.2133333333 0.1)
(0.7545454545 0.2133333333 0.1)
(0.7590909091 0.2133333333 0.1)
(0.7636363636 0.2133333333 0.1)
(0.7681818182 0.2133333333 0.1)
(0.7727272727 0.2133333333 0.1)
(0.7772727273 0.2133333333 0.1)
(0.7818181818 0.2133333333 0.1)
(0.7863636364 0.2133333333 0.1)
(0.7909090909 0.2133333333 0.1)
(0.7954545455 0.2133333333 0.1)
(0.8 0.2133333333 0.1)
(0.8045454545 0.2133333333 0.1)
(0.8090909091 0.2133333333 0.1)
(0.8136363636 0.2133333333 0.1)
(0.8181818182 0.2133333333 0.1)
(0.8227272727 0.2133333333 0.1)
(0.8272727273 0.2133333333 0.1)
(0.8318181818 0.2133333333 0.1)
(0.8363636364 0.2133333333 0.1)
(0.8409090909 0.2133333333 0.1)
(0.8454545455 0.2133333333 0.1)
(0.85 0.2133333333 0.1)
(0.8545454545 0.2133333333 0.1)
(0.8590909091 0.2133333333 0.1)
(0.8636363636 0.2133333333 0.1)
(0.8681818182 0.2133333333 0.1)
(0.8727272727 0.2133333333 0.1)
(0.8772727273 0.2133333333 0.1)
(0.8818181818 0.2133333333 0.1)
(0.8863636364 0.2133333333 0.1)
(0.8909090909 0.2133333333 0.1)
(0.8954545455 0.2133333333 0.1)
(0.9 0.2133333333 0.1)
(0.9045454545 0.2133333333 0.1)
(0.9090909091 0.2133333333 0.1)
(0.9136363636 0.2133333333 0.1)
(0.9181818182 0.2133333333 0.1)
(0.9227272727 0.2133333333 0.1)
(0.9272727273 0.2133333333 0.1)
(0.9318181818 0.2133333333 0.1)
(0.9363636364 0.2133333333 0.1)
(0.9409090909 0.2133333333 0.1)
(0.9454545455 0.2133333333 0.1)
(0.95 0.2133333333 0.1)
(0.9545454545 0.2133333333 0.1)
(0.9590909091 0.2133333333 0.1)
(0.9636363636 0.2133333333 0.1)
(0.9681818182 0.2133333333 0.1)
(0.9727272727 0.2133333333 0.1)
(0.9772727273 0.2133333333 0.1)
(0.9818181818 0.2133333333 0.1)
(0.9863636364 0.2133333333 0.1)
(0.9909090909 0.2133333333 0.1)
(0.9954545455 0.2133333333 0.1)
(1 0.2133333333 0.1)
(0 0.22 0.1)
(0.004545454545 0.22 0.1)
(0.009090909091 0.22 0.1)
(0.01363636364 0.22 0.1)
(0.01818181818 0.22 0.1)
(0.02272727273 0.22 0.1)
(0.02727272727 0.22 0.1)
(0.03181818182 0.22 0.1)
(0.03636363636 0.22 0.1)
(0.04090909091 0.22 0.1)
(0.04545454545 0.22 0.1)
(0.05 0.22 0.1)
(0.05454545455 0.22 0.1)
(0.05909090909 0.22 0.1)
(0.06363636364 0.22 0.1)
(0.06818181818 0.22 0.1)
(0.07272727273 0.22 0.1)
(0.07727272727 0.22 0.1)
(0.08181818182 0.22 0.1)
(0.08636363636 0.22 0.1)
(0.09090909091 0.22 0.1)
(0.09545454545 0.22 0.1)
(0.1 0.22 0.1)
(0.1045454545 0.22 0.1)
(0.1090909091 0.22 0.1)
(0.1136363636 0.22 0.1)
(0.1181818182 0.22 0.1)
(0.1227272727 0.22 0.1)
(0.1272727273 0.22 0.1)
(0.1318181818 0.22 0.1)
(0.1363636364 0.22 0.1)
(0.1409090909 0.22 0.1)
(0.1454545455 0.22 0.1)
(0.15 0.22 0.1)
(0.1545454545 0.22 0.1)
(0.1590909091 0.22 0.1)
(0.1636363636 0.22 0.1)
(0.1681818182 0.22 0.1)
(0.1727272727 0.22 0.1)
(0.1772727273 0.22 0.1)
(0.1818181818 0.22 0.1)
(0.1863636364 0.22 0.1)
(0.1909090909 0.22 0.1)
(0.1954545455 0.22 0.1)
(0.2 0.22 0.1)
(0.2045454545 0.22 0.1)
(0.2090909091 0.22 0.1)
(0.2136363636 0.22 0.1)
(0.2181818182 0.22 0.1)
(0.2227272727 0.22 0.1)
(0.2272727273 0.22 0.1)
(0.2318181818 0.22 0.1)
(0.2363636364 0.22 0.1)
(0.2409090909 0.22 0.1)
(0.2454545455 0.22 0.1)
(0.25 0.22 0.1)
(0.2545454545 0.22 0.1)
(0.2590909091 0.22 0.1)
(0.2636363636 0.22 0.1)
(0.2681818182 0.22 0.1)
(0.2727272727 0.22 0.1)
(0.2772727273 0.22 0.1)
(0.2818181818 0.22 0.1)
(0.2863636364 0.22 0.1)
(0.2909090909 0.22 0.1)
(0.2954545455 0.22 0.1)
(0.3 0.22 0.1)
(0.3045454545 0.22 0.1)
(0.3090909091 0.22 0.1)
(0.3136363636 0.22 0.1)
(0.3181818182 0.22 0.1)
(0.3227272727 0.22 0.1)
(0.3272727273 0.22 0.1)
(0.3318181818 0.22 0.1)
(0.3363636364 0.22 0.1)
(0.3409090909 0.22 0.1)
(0.3454545455 0.22 0.1)
(0.35 0.22 0.1)
(0.3545454545 0.22 0.1)
(0.3590909091 0.22 0.1)
(0.3636363636 0.22 0.1)
(0.3681818182 0.22 0.1)
(0.3727272727 0.22 0.1)
(0.3772727273 0.22 0.1)
(0.3818181818 0.22 0.1)
(0.3863636364 0.22 0.1)
(0.3909090909 0.22 0.1)
(0.3954545455 0.22 0.1)
(0.4 0.22 0.1)
(0.4045454545 0.22 0.1)
(0.4090909091 0.22 0.1)
(0.4136363636 0.22 0.1)
(0.4181818182 0.22 0.1)
(0.4227272727 0.22 0.1)
(0.4272727273 0.22 0.1)
(0.4318181818 0.22 0.1)
(0.4363636364 0.22 0.1)
(0.4409090909 0.22 0.1)
(0.4454545455 0.22 0.1)
(0.45 0.22 0.1)
(0.4545454545 0.22 0.1)
(0.4590909091 0.22 0.1)
(0.4636363636 0.22 0.1)
(0.4681818182 0.22 0.1)
(0.4727272727 0.22 0.1)
(0.4772727273 0.22 0.1)
(0.4818181818 0.22 0.1)
(0.4863636364 0.22 0.1)
(0.4909090909 0.22 0.1)
(0.4954545455 0.22 0.1)
(0.5 0.22 0.1)
(0.5045454545 0.22 0.1)
(0.5090909091 0.22 0.1)
(0.5136363636 0.22 0.1)
(0.5181818182 0.22 0.1)
(0.5227272727 0.22 0.1)
(0.5272727273 0.22 0.1)
(0.5318181818 0.22 0.1)
(0.5363636364 0.22 0.1)
(0.5409090909 0.22 0.1)
(0.5454545455 0.22 0.1)
(0.55 0.22 0.1)
(0.5545454545 0.22 0.1)
(0.5590909091 0.22 0.1)
(0.5636363636 0.22 0.1)
(0.5681818182 0.22 0.1)
(0.5727272727 0.22 0.1)
(0.5772727273 0.22 0.1)
(0.5818181818 0.22 0.1)
(0.5863636364 0.22 0.1)
(0.5909090909 0.22 0.1)
(0.5954545455 0.22 0.1)
(0.6 0.22 0.1)
(0.6045454545 0.22 0.1)
(0.6090909091 0.22 0.1)
(0.6136363636 0.22 0.1)
(0.6181818182 0.22 0.1)
(0.6227272727 0.22 0.1)
(0.6272727273 0.22 0.1)
(0.6318181818 0.22 0.1)
(0.6363636364 0.22 0.1)
(0.6409090909 0.22 0.1)
(0.6454545455 0.22 0.1)
(0.65 0.22 0.1)
(0.6545454545 0.22 0.1)
(0.6590909091 0.22 0.1)
(0.6636363636 0.22 0.1)
(0.6681818182 0.22 0.1)
(0.6727272727 0.22 0.1)
(0.6772727273 0.22 0.1)
(0.6818181818 0.22 0.1)
(0.6863636364 0.22 0.1)
(0.6909090909 0.22 0.1)
(0.6954545455 0.22 0.1)
(0.7 0.22 0.1)
(0.7045454545 0.22 0.1)
(0.7090909091 0.22 0.1)
(0.7136363636 0.22 0.1)
(0.7181818182 0.22 0.1)
(0.7227272727 0.22 0.1)
(0.7272727273 0.22 0.1)
(0.7318181818 0.22 0.1)
(0.7363636364 0.22 0.1)
(0.7409090909 0.22 0.1)
(0.7454545455 0.22 0.1)
(0.75 0.22 0.1)
(0.7545454545 0.22 0.1)
(0.7590909091 0.22 0.1)
(0.7636363636 0.22 0.1)
(0.7681818182 0.22 0.1)
(0.7727272727 0.22 0.1)
(0.7772727273 0.22 0.1)
(0.7818181818 0.22 0.1)
(0.7863636364 0.22 0.1)
(0.7909090909 0.22 0.1)
(0.7954545455 0.22 0.1)
(0.8 0.22 0.1)
(0.8045454545 0.22 0.1)
(0.8090909091 0.22 0.1)
(0.8136363636 0.22 0.1)
(0.8181818182 0.22 0.1)
(0.8227272727 0.22 0.1)
(0.8272727273 0.22 0.1)
(0.8318181818 0.22 0.1)
(0.8363636364 0.22 0.1)
(0.8409090909 0.22 0.1)
(0.8454545455 0.22 0.1)
(0.85 0.22 0.1)
(0.8545454545 0.22 0.1)
(0.8590909091 0.22 0.1)
(0.8636363636 0.22 0.1)
(0.8681818182 0.22 0.1)
(0.8727272727 0.22 0.1)
(0.8772727273 0.22 0.1)
(0.8818181818 0.22 0.1)
(0.8863636364 0.22 0.1)
(0.8909090909 0.22 0.1)
(0.8954545455 0.22 0.1)
(0.9 0.22 0.1)
(0.9045454545 0.22 0.1)
(0.9090909091 0.22 0.1)
(0.9136363636 0.22 0.1)
(0.9181818182 0.22 0.1)
(0.9227272727 0.22 0.1)
(0.9272727273 0.22 0.1)
(0.9318181818 0.22 0.1)
(0.9363636364 0.22 0.1)
(0.9409090909 0.22 0.1)
(0.9454545455 0.22 0.1)
(0.95 0.22 0.1)
(0.9545454545 0.22 0.1)
(0.9590909091 0.22 0.1)
(0.9636363636 0.22 0.1)
(0.9681818182 0.22 0.1)
(0.9727272727 0.22 0.1)
(0.9772727273 0.22 0.1)
(0.9818181818 0.22 0.1)
(0.9863636364 0.22 0.1)
(0.9909090909 0.22 0.1)
(0.9954545455 0.22 0.1)
(1 0.22 0.1)
(0 0.2266666667 0.1)
(0.004545454545 0.2266666667 0.1)
(0.009090909091 0.2266666667 0.1)
(0.01363636364 0.2266666667 0.1)
(0.01818181818 0.2266666667 0.1)
(0.02272727273 0.2266666667 0.1)
(0.02727272727 0.2266666667 0.1)
(0.03181818182 0.2266666667 0.1)
(0.03636363636 0.2266666667 0.1)
(0.04090909091 0.2266666667 0.1)
(0.04545454545 0.2266666667 0.1)
(0.05 0.2266666667 0.1)
(0.05454545455 0.2266666667 0.1)
(0.05909090909 0.2266666667 0.1)
(0.06363636364 0.2266666667 0.1)
(0.06818181818 0.2266666667 0.1)
(0.07272727273 0.2266666667 0.1)
(0.07727272727 0.2266666667 0.1)
(0.08181818182 0.2266666667 0.1)
(0.08636363636 0.2266666667 0.1)
(0.09090909091 0.2266666667 0.1)
(0.09545454545 0.2266666667 0.1)
(0.1 0.2266666667 0.1)
(0.1045454545 0.2266666667 0.1)
(0.1090909091 0.2266666667 0.1)
(0.1136363636 0.2266666667 0.1)
(0.1181818182 0.2266666667 0.1)
(0.1227272727 0.2266666667 0.1)
(0.1272727273 0.2266666667 0.1)
(0.1318181818 0.2266666667 0.1)
(0.1363636364 0.2266666667 0.1)
(0.1409090909 0.2266666667 0.1)
(0.1454545455 0.2266666667 0.1)
(0.15 0.2266666667 0.1)
(0.1545454545 0.2266666667 0.1)
(0.1590909091 0.2266666667 0.1)
(0.1636363636 0.2266666667 0.1)
(0.1681818182 0.2266666667 0.1)
(0.1727272727 0.2266666667 0.1)
(0.1772727273 0.2266666667 0.1)
(0.1818181818 0.2266666667 0.1)
(0.1863636364 0.2266666667 0.1)
(0.1909090909 0.2266666667 0.1)
(0.1954545455 0.2266666667 0.1)
(0.2 0.2266666667 0.1)
(0.2045454545 0.2266666667 0.1)
(0.2090909091 0.2266666667 0.1)
(0.2136363636 0.2266666667 0.1)
(0.2181818182 0.2266666667 0.1)
(0.2227272727 0.2266666667 0.1)
(0.2272727273 0.2266666667 0.1)
(0.2318181818 0.2266666667 0.1)
(0.2363636364 0.2266666667 0.1)
(0.2409090909 0.2266666667 0.1)
(0.2454545455 0.2266666667 0.1)
(0.25 0.2266666667 0.1)
(0.2545454545 0.2266666667 0.1)
(0.2590909091 0.2266666667 0.1)
(0.2636363636 0.2266666667 0.1)
(0.2681818182 0.2266666667 0.1)
(0.2727272727 0.2266666667 0.1)
(0.2772727273 0.2266666667 0.1)
(0.2818181818 0.2266666667 0.1)
(0.2863636364 0.2266666667 0.1)
(0.2909090909 0.2266666667 0.1)
(0.2954545455 0.2266666667 0.1)
(0.3 0.2266666667 0.1)
(0.3045454545 0.2266666667 0.1)
(0.3090909091 0.2266666667 0.1)
(0.3136363636 0.2266666667 0.1)
(0.3181818182 0.2266666667 0.1)
(0.3227272727 0.2266666667 0.1)
(0.3272727273 0.2266666667 0.1)
(0.3318181818 0.2266666667 0.1)
(0.3363636364 0.2266666667 0.1)
(0.3409090909 0.2266666667 0.1)
(0.3454545455 0.2266666667 0.1)
(0.35 0.2266666667 0.1)
(0.3545454545 0.2266666667 0.1)
(0.3590909091 0.2266666667 0.1)
(0.3636363636 0.2266666667 0.1)
(0.3681818182 0.2266666667 0.1)
(0.3727272727 0.2266666667 0.1)
(0.3772727273 0.2266666667 0.1)
(0.3818181818 0.2266666667 0.1)
(0.3863636364 0.2266666667 0.1)
(0.3909090909 0.2266666667 0.1)
(0.3954545455 0.2266666667 0.1)
(0.4 0.2266666667 0.1)
(0.4045454545 0.2266666667 0.1)
(0.4090909091 0.2266666667 0.1)
(0.4136363636 0.2266666667 0.1)
(0.4181818182 0.2266666667 0.1)
(0.4227272727 0.2266666667 0.1)
(0.4272727273 0.2266666667 0.1)
(0.4318181818 0.2266666667 0.1)
(0.4363636364 0.2266666667 0.1)
(0.4409090909 0.2266666667 0.1)
(0.4454545455 0.2266666667 0.1)
(0.45 0.2266666667 0.1)
(0.4545454545 0.2266666667 0.1)
(0.4590909091 0.2266666667 0.1)
(0.4636363636 0.2266666667 0.1)
(0.4681818182 0.2266666667 0.1)
(0.4727272727 0.2266666667 0.1)
(0.4772727273 0.2266666667 0.1)
(0.4818181818 0.2266666667 0.1)
(0.4863636364 0.2266666667 0.1)
(0.4909090909 0.2266666667 0.1)
(0.4954545455 0.2266666667 0.1)
(0.5 0.2266666667 0.1)
(0.5045454545 0.2266666667 0.1)
(0.5090909091 0.2266666667 0.1)
(0.5136363636 0.2266666667 0.1)
(0.5181818182 0.2266666667 0.1)
(0.5227272727 0.2266666667 0.1)
(0.5272727273 0.2266666667 0.1)
(0.5318181818 0.2266666667 0.1)
(0.5363636364 0.2266666667 0.1)
(0.5409090909 0.2266666667 0.1)
(0.5454545455 0.2266666667 0.1)
(0.55 0.2266666667 0.1)
(0.5545454545 0.2266666667 0.1)
(0.5590909091 0.2266666667 0.1)
(0.5636363636 0.2266666667 0.1)
(0.5681818182 0.2266666667 0.1)
(0.5727272727 0.2266666667 0.1)
(0.5772727273 0.2266666667 0.1)
(0.5818181818 0.2266666667 0.1)
(0.5863636364 0.2266666667 0.1)
(0.5909090909 0.2266666667 0.1)
(0.5954545455 0.2266666667 0.1)
(0.6 0.2266666667 0.1)
(0.6045454545 0.2266666667 0.1)
(0.6090909091 0.2266666667 0.1)
(0.6136363636 0.2266666667 0.1)
(0.6181818182 0.2266666667 0.1)
(0.6227272727 0.2266666667 0.1)
(0.6272727273 0.2266666667 0.1)
(0.6318181818 0.2266666667 0.1)
(0.6363636364 0.2266666667 0.1)
(0.6409090909 0.2266666667 0.1)
(0.6454545455 0.2266666667 0.1)
(0.65 0.2266666667 0.1)
(0.6545454545 0.2266666667 0.1)
(0.6590909091 0.2266666667 0.1)
(0.6636363636 0.2266666667 0.1)
(0.6681818182 0.2266666667 0.1)
(0.6727272727 0.2266666667 0.1)
(0.6772727273 0.2266666667 0.1)
(0.6818181818 0.2266666667 0.1)
(0.6863636364 0.2266666667 0.1)
(0.6909090909 0.2266666667 0.1)
(0.6954545455 0.2266666667 0.1)
(0.7 0.2266666667 0.1)
(0.7045454545 0.2266666667 0.1)
(0.7090909091 0.2266666667 0.1)
(0.7136363636 0.2266666667 0.1)
(0.7181818182 0.2266666667 0.1)
(0.7227272727 0.2266666667 0.1)
(0.7272727273 0.2266666667 0.1)
(0.7318181818 0.2266666667 0.1)
(0.7363636364 0.2266666667 0.1)
(0.7409090909 0.2266666667 0.1)
(0.7454545455 0.2266666667 0.1)
(0.75 0.2266666667 0.1)
(0.7545454545 0.2266666667 0.1)
(0.7590909091 0.2266666667 0.1)
(0.7636363636 0.2266666667 0.1)
(0.7681818182 0.2266666667 0.1)
(0.7727272727 0.2266666667 0.1)
(0.7772727273 0.2266666667 0.1)
(0.7818181818 0.2266666667 0.1)
(0.7863636364 0.2266666667 0.1)
(0.7909090909 0.2266666667 0.1)
(0.7954545455 0.2266666667 0.1)
(0.8 0.2266666667 0.1)
(0.8045454545 0.2266666667 0.1)
(0.8090909091 0.2266666667 0.1)
(0.8136363636 0.2266666667 0.1)
(0.8181818182 0.2266666667 0.1)
(0.8227272727 0.2266666667 0.1)
(0.8272727273 0.2266666667 0.1)
(0.8318181818 0.2266666667 0.1)
(0.8363636364 0.2266666667 0.1)
(0.8409090909 0.2266666667 0.1)
(0.8454545455 0.2266666667 0.1)
(0.85 0.2266666667 0.1)
(0.8545454545 0.2266666667 0.1)
(0.8590909091 0.2266666667 0.1)
(0.8636363636 0.2266666667 0.1)
(0.8681818182 0.2266666667 0.1)
(0.8727272727 0.2266666667 0.1)
(0.8772727273 0.2266666667 0.1)
(0.8818181818 0.2266666667 0.1)
(0.8863636364 0.2266666667 0.1)
(0.8909090909 0.2266666667 0.1)
(0.8954545455 0.2266666667 0.1)
(0.9 0.2266666667 0.1)
(0.9045454545 0.2266666667 0.1)
(0.9090909091 0.2266666667 0.1)
(0.9136363636 0.2266666667 0.1)
(0.9181818182 0.2266666667 0.1)
(0.9227272727 0.2266666667 0.1)
(0.9272727273 0.2266666667 0.1)
(0.9318181818 0.2266666667 0.1)
(0.9363636364 0.2266666667 0.1)
(0.9409090909 0.2266666667 0.1)
(0.9454545455 0.2266666667 0.1)
(0.95 0.2266666667 0.1)
(0.9545454545 0.2266666667 0.1)
(0.9590909091 0.2266666667 0.1)
(0.9636363636 0.2266666667 0.1)
(0.9681818182 0.2266666667 0.1)
(0.9727272727 0.2266666667 0.1)
(0.9772727273 0.2266666667 0.1)
(0.9818181818 0.2266666667 0.1)
(0.9863636364 0.2266666667 0.1)
(0.9909090909 0.2266666667 0.1)
(0.9954545455 0.2266666667 0.1)
(1 0.2266666667 0.1)
(0 0.2333333333 0.1)
(0.004545454545 0.2333333333 0.1)
(0.009090909091 0.2333333333 0.1)
(0.01363636364 0.2333333333 0.1)
(0.01818181818 0.2333333333 0.1)
(0.02272727273 0.2333333333 0.1)
(0.02727272727 0.2333333333 0.1)
(0.03181818182 0.2333333333 0.1)
(0.03636363636 0.2333333333 0.1)
(0.04090909091 0.2333333333 0.1)
(0.04545454545 0.2333333333 0.1)
(0.05 0.2333333333 0.1)
(0.05454545455 0.2333333333 0.1)
(0.05909090909 0.2333333333 0.1)
(0.06363636364 0.2333333333 0.1)
(0.06818181818 0.2333333333 0.1)
(0.07272727273 0.2333333333 0.1)
(0.07727272727 0.2333333333 0.1)
(0.08181818182 0.2333333333 0.1)
(0.08636363636 0.2333333333 0.1)
(0.09090909091 0.2333333333 0.1)
(0.09545454545 0.2333333333 0.1)
(0.1 0.2333333333 0.1)
(0.1045454545 0.2333333333 0.1)
(0.1090909091 0.2333333333 0.1)
(0.1136363636 0.2333333333 0.1)
(0.1181818182 0.2333333333 0.1)
(0.1227272727 0.2333333333 0.1)
(0.1272727273 0.2333333333 0.1)
(0.1318181818 0.2333333333 0.1)
(0.1363636364 0.2333333333 0.1)
(0.1409090909 0.2333333333 0.1)
(0.1454545455 0.2333333333 0.1)
(0.15 0.2333333333 0.1)
(0.1545454545 0.2333333333 0.1)
(0.1590909091 0.2333333333 0.1)
(0.1636363636 0.2333333333 0.1)
(0.1681818182 0.2333333333 0.1)
(0.1727272727 0.2333333333 0.1)
(0.1772727273 0.2333333333 0.1)
(0.1818181818 0.2333333333 0.1)
(0.1863636364 0.2333333333 0.1)
(0.1909090909 0.2333333333 0.1)
(0.1954545455 0.2333333333 0.1)
(0.2 0.2333333333 0.1)
(0.2045454545 0.2333333333 0.1)
(0.2090909091 0.2333333333 0.1)
(0.2136363636 0.2333333333 0.1)
(0.2181818182 0.2333333333 0.1)
(0.2227272727 0.2333333333 0.1)
(0.2272727273 0.2333333333 0.1)
(0.2318181818 0.2333333333 0.1)
(0.2363636364 0.2333333333 0.1)
(0.2409090909 0.2333333333 0.1)
(0.2454545455 0.2333333333 0.1)
(0.25 0.2333333333 0.1)
(0.2545454545 0.2333333333 0.1)
(0.2590909091 0.2333333333 0.1)
(0.2636363636 0.2333333333 0.1)
(0.2681818182 0.2333333333 0.1)
(0.2727272727 0.2333333333 0.1)
(0.2772727273 0.2333333333 0.1)
(0.2818181818 0.2333333333 0.1)
(0.2863636364 0.2333333333 0.1)
(0.2909090909 0.2333333333 0.1)
(0.2954545455 0.2333333333 0.1)
(0.3 0.2333333333 0.1)
(0.3045454545 0.2333333333 0.1)
(0.3090909091 0.2333333333 0.1)
(0.3136363636 0.2333333333 0.1)
(0.3181818182 0.2333333333 0.1)
(0.3227272727 0.2333333333 0.1)
(0.3272727273 0.2333333333 0.1)
(0.3318181818 0.2333333333 0.1)
(0.3363636364 0.2333333333 0.1)
(0.3409090909 0.2333333333 0.1)
(0.3454545455 0.2333333333 0.1)
(0.35 0.2333333333 0.1)
(0.3545454545 0.2333333333 0.1)
(0.3590909091 0.2333333333 0.1)
(0.3636363636 0.2333333333 0.1)
(0.3681818182 0.2333333333 0.1)
(0.3727272727 0.2333333333 0.1)
(0.3772727273 0.2333333333 0.1)
(0.3818181818 0.2333333333 0.1)
(0.3863636364 0.2333333333 0.1)
(0.3909090909 0.2333333333 0.1)
(0.3954545455 0.2333333333 0.1)
(0.4 0.2333333333 0.1)
(0.4045454545 0.2333333333 0.1)
(0.4090909091 0.2333333333 0.1)
(0.4136363636 0.2333333333 0.1)
(0.4181818182 0.2333333333 0.1)
(0.4227272727 0.2333333333 0.1)
(0.4272727273 0.2333333333 0.1)
(0.4318181818 0.2333333333 0.1)
(0.4363636364 0.2333333333 0.1)
(0.4409090909 0.2333333333 0.1)
(0.4454545455 0.2333333333 0.1)
(0.45 0.2333333333 0.1)
(0.4545454545 0.2333333333 0.1)
(0.4590909091 0.2333333333 0.1)
(0.4636363636 0.2333333333 0.1)
(0.4681818182 0.2333333333 0.1)
(0.4727272727 0.2333333333 0.1)
(0.4772727273 0.2333333333 0.1)
(0.4818181818 0.2333333333 0.1)
(0.4863636364 0.2333333333 0.1)
(0.4909090909 0.2333333333 0.1)
(0.4954545455 0.2333333333 0.1)
(0.5 0.2333333333 0.1)
(0.5045454545 0.2333333333 0.1)
(0.5090909091 0.2333333333 0.1)
(0.5136363636 0.2333333333 0.1)
(0.5181818182 0.2333333333 0.1)
(0.5227272727 0.2333333333 0.1)
(0.5272727273 0.2333333333 0.1)
(0.5318181818 0.2333333333 0.1)
(0.5363636364 0.2333333333 0.1)
(0.5409090909 0.2333333333 0.1)
(0.5454545455 0.2333333333 0.1)
(0.55 0.2333333333 0.1)
(0.5545454545 0.2333333333 0.1)
(0.5590909091 0.2333333333 0.1)
(0.5636363636 0.2333333333 0.1)
(0.5681818182 0.2333333333 0.1)
(0.5727272727 0.2333333333 0.1)
(0.5772727273 0.2333333333 0.1)
(0.5818181818 0.2333333333 0.1)
(0.5863636364 0.2333333333 0.1)
(0.5909090909 0.2333333333 0.1)
(0.5954545455 0.2333333333 0.1)
(0.6 0.2333333333 0.1)
(0.6045454545 0.2333333333 0.1)
(0.6090909091 0.2333333333 0.1)
(0.6136363636 0.2333333333 0.1)
(0.6181818182 0.2333333333 0.1)
(0.6227272727 0.2333333333 0.1)
(0.6272727273 0.2333333333 0.1)
(0.6318181818 0.2333333333 0.1)
(0.6363636364 0.2333333333 0.1)
(0.6409090909 0.2333333333 0.1)
(0.6454545455 0.2333333333 0.1)
(0.65 0.2333333333 0.1)
(0.6545454545 0.2333333333 0.1)
(0.6590909091 0.2333333333 0.1)
(0.6636363636 0.2333333333 0.1)
(0.6681818182 0.2333333333 0.1)
(0.6727272727 0.2333333333 0.1)
(0.6772727273 0.2333333333 0.1)
(0.6818181818 0.2333333333 0.1)
(0.6863636364 0.2333333333 0.1)
(0.6909090909 0.2333333333 0.1)
(0.6954545455 0.2333333333 0.1)
(0.7 0.2333333333 0.1)
(0.7045454545 0.2333333333 0.1)
(0.7090909091 0.2333333333 0.1)
(0.7136363636 0.2333333333 0.1)
(0.7181818182 0.2333333333 0.1)
(0.7227272727 0.2333333333 0.1)
(0.7272727273 0.2333333333 0.1)
(0.7318181818 0.2333333333 0.1)
(0.7363636364 0.2333333333 0.1)
(0.7409090909 0.2333333333 0.1)
(0.7454545455 0.2333333333 0.1)
(0.75 0.2333333333 0.1)
(0.7545454545 0.2333333333 0.1)
(0.7590909091 0.2333333333 0.1)
(0.7636363636 0.2333333333 0.1)
(0.7681818182 0.2333333333 0.1)
(0.7727272727 0.2333333333 0.1)
(0.7772727273 0.2333333333 0.1)
(0.7818181818 0.2333333333 0.1)
(0.7863636364 0.2333333333 0.1)
(0.7909090909 0.2333333333 0.1)
(0.7954545455 0.2333333333 0.1)
(0.8 0.2333333333 0.1)
(0.8045454545 0.2333333333 0.1)
(0.8090909091 0.2333333333 0.1)
(0.8136363636 0.2333333333 0.1)
(0.8181818182 0.2333333333 0.1)
(0.8227272727 0.2333333333 0.1)
(0.8272727273 0.2333333333 0.1)
(0.8318181818 0.2333333333 0.1)
(0.8363636364 0.2333333333 0.1)
(0.8409090909 0.2333333333 0.1)
(0.8454545455 0.2333333333 0.1)
(0.85 0.2333333333 0.1)
(0.8545454545 0.2333333333 0.1)
(0.8590909091 0.2333333333 0.1)
(0.8636363636 0.2333333333 0.1)
(0.8681818182 0.2333333333 0.1)
(0.8727272727 0.2333333333 0.1)
(0.8772727273 0.2333333333 0.1)
(0.8818181818 0.2333333333 0.1)
(0.8863636364 0.2333333333 0.1)
(0.8909090909 0.2333333333 0.1)
(0.8954545455 0.2333333333 0.1)
(0.9 0.2333333333 0.1)
(0.9045454545 0.2333333333 0.1)
(0.9090909091 0.2333333333 0.1)
(0.9136363636 0.2333333333 0.1)
(0.9181818182 0.2333333333 0.1)
(0.9227272727 0.2333333333 0.1)
(0.9272727273 0.2333333333 0.1)
(0.9318181818 0.2333333333 0.1)
(0.9363636364 0.2333333333 0.1)
(0.9409090909 0.2333333333 0.1)
(0.9454545455 0.2333333333 0.1)
(0.95 0.2333333333 0.1)
(0.9545454545 0.2333333333 0.1)
(0.9590909091 0.2333333333 0.1)
(0.9636363636 0.2333333333 0.1)
(0.9681818182 0.2333333333 0.1)
(0.9727272727 0.2333333333 0.1)
(0.9772727273 0.2333333333 0.1)
(0.9818181818 0.2333333333 0.1)
(0.9863636364 0.2333333333 0.1)
(0.9909090909 0.2333333333 0.1)
(0.9954545455 0.2333333333 0.1)
(1 0.2333333333 0.1)
(0 0.24 0.1)
(0.004545454545 0.24 0.1)
(0.009090909091 0.24 0.1)
(0.01363636364 0.24 0.1)
(0.01818181818 0.24 0.1)
(0.02272727273 0.24 0.1)
(0.02727272727 0.24 0.1)
(0.03181818182 0.24 0.1)
(0.03636363636 0.24 0.1)
(0.04090909091 0.24 0.1)
(0.04545454545 0.24 0.1)
(0.05 0.24 0.1)
(0.05454545455 0.24 0.1)
(0.05909090909 0.24 0.1)
(0.06363636364 0.24 0.1)
(0.06818181818 0.24 0.1)
(0.07272727273 0.24 0.1)
(0.07727272727 0.24 0.1)
(0.08181818182 0.24 0.1)
(0.08636363636 0.24 0.1)
(0.09090909091 0.24 0.1)
(0.09545454545 0.24 0.1)
(0.1 0.24 0.1)
(0.1045454545 0.24 0.1)
(0.1090909091 0.24 0.1)
(0.1136363636 0.24 0.1)
(0.1181818182 0.24 0.1)
(0.1227272727 0.24 0.1)
(0.1272727273 0.24 0.1)
(0.1318181818 0.24 0.1)
(0.1363636364 0.24 0.1)
(0.1409090909 0.24 0.1)
(0.1454545455 0.24 0.1)
(0.15 0.24 0.1)
(0.1545454545 0.24 0.1)
(0.1590909091 0.24 0.1)
(0.1636363636 0.24 0.1)
(0.1681818182 0.24 0.1)
(0.1727272727 0.24 0.1)
(0.1772727273 0.24 0.1)
(0.1818181818 0.24 0.1)
(0.1863636364 0.24 0.1)
(0.1909090909 0.24 0.1)
(0.1954545455 0.24 0.1)
(0.2 0.24 0.1)
(0.2045454545 0.24 0.1)
(0.2090909091 0.24 0.1)
(0.2136363636 0.24 0.1)
(0.2181818182 0.24 0.1)
(0.2227272727 0.24 0.1)
(0.2272727273 0.24 0.1)
(0.2318181818 0.24 0.1)
(0.2363636364 0.24 0.1)
(0.2409090909 0.24 0.1)
(0.2454545455 0.24 0.1)
(0.25 0.24 0.1)
(0.2545454545 0.24 0.1)
(0.2590909091 0.24 0.1)
(0.2636363636 0.24 0.1)
(0.2681818182 0.24 0.1)
(0.2727272727 0.24 0.1)
(0.2772727273 0.24 0.1)
(0.2818181818 0.24 0.1)
(0.2863636364 0.24 0.1)
(0.2909090909 0.24 0.1)
(0.2954545455 0.24 0.1)
(0.3 0.24 0.1)
(0.3045454545 0.24 0.1)
(0.3090909091 0.24 0.1)
(0.3136363636 0.24 0.1)
(0.3181818182 0.24 0.1)
(0.3227272727 0.24 0.1)
(0.3272727273 0.24 0.1)
(0.3318181818 0.24 0.1)
(0.3363636364 0.24 0.1)
(0.3409090909 0.24 0.1)
(0.3454545455 0.24 0.1)
(0.35 0.24 0.1)
(0.3545454545 0.24 0.1)
(0.3590909091 0.24 0.1)
(0.3636363636 0.24 0.1)
(0.3681818182 0.24 0.1)
(0.3727272727 0.24 0.1)
(0.3772727273 0.24 0.1)
(0.3818181818 0.24 0.1)
(0.3863636364 0.24 0.1)
(0.3909090909 0.24 0.1)
(0.3954545455 0.24 0.1)
(0.4 0.24 0.1)
(0.4045454545 0.24 0.1)
(0.4090909091 0.24 0.1)
(0.4136363636 0.24 0.1)
(0.4181818182 0.24 0.1)
(0.4227272727 0.24 0.1)
(0.4272727273 0.24 0.1)
(0.4318181818 0.24 0.1)
(0.4363636364 0.24 0.1)
(0.4409090909 0.24 0.1)
(0.4454545455 0.24 0.1)
(0.45 0.24 0.1)
(0.4545454545 0.24 0.1)
(0.4590909091 0.24 0.1)
(0.4636363636 0.24 0.1)
(0.4681818182 0.24 0.1)
(0.4727272727 0.24 0.1)
(0.4772727273 0.24 0.1)
(0.4818181818 0.24 0.1)
(0.4863636364 0.24 0.1)
(0.4909090909 0.24 0.1)
(0.4954545455 0.24 0.1)
(0.5 0.24 0.1)
(0.5045454545 0.24 0.1)
(0.5090909091 0.24 0.1)
(0.5136363636 0.24 0.1)
(0.5181818182 0.24 0.1)
(0.5227272727 0.24 0.1)
(0.5272727273 0.24 0.1)
(0.5318181818 0.24 0.1)
(0.5363636364 0.24 0.1)
(0.5409090909 0.24 0.1)
(0.5454545455 0.24 0.1)
(0.55 0.24 0.1)
(0.5545454545 0.24 0.1)
(0.5590909091 0.24 0.1)
(0.5636363636 0.24 0.1)
(0.5681818182 0.24 0.1)
(0.5727272727 0.24 0.1)
(0.5772727273 0.24 0.1)
(0.5818181818 0.24 0.1)
(0.5863636364 0.24 0.1)
(0.5909090909 0.24 0.1)
(0.5954545455 0.24 0.1)
(0.6 0.24 0.1)
(0.6045454545 0.24 0.1)
(0.6090909091 0.24 0.1)
(0.6136363636 0.24 0.1)
(0.6181818182 0.24 0.1)
(0.6227272727 0.24 0.1)
(0.6272727273 0.24 0.1)
(0.6318181818 0.24 0.1)
(0.6363636364 0.24 0.1)
(0.6409090909 0.24 0.1)
(0.6454545455 0.24 0.1)
(0.65 0.24 0.1)
(0.6545454545 0.24 0.1)
(0.6590909091 0.24 0.1)
(0.6636363636 0.24 0.1)
(0.6681818182 0.24 0.1)
(0.6727272727 0.24 0.1)
(0.6772727273 0.24 0.1)
(0.6818181818 0.24 0.1)
(0.6863636364 0.24 0.1)
(0.6909090909 0.24 0.1)
(0.6954545455 0.24 0.1)
(0.7 0.24 0.1)
(0.7045454545 0.24 0.1)
(0.7090909091 0.24 0.1)
(0.7136363636 0.24 0.1)
(0.7181818182 0.24 0.1)
(0.7227272727 0.24 0.1)
(0.7272727273 0.24 0.1)
(0.7318181818 0.24 0.1)
(0.7363636364 0.24 0.1)
(0.7409090909 0.24 0.1)
(0.7454545455 0.24 0.1)
(0.75 0.24 0.1)
(0.7545454545 0.24 0.1)
(0.7590909091 0.24 0.1)
(0.7636363636 0.24 0.1)
(0.7681818182 0.24 0.1)
(0.7727272727 0.24 0.1)
(0.7772727273 0.24 0.1)
(0.7818181818 0.24 0.1)
(0.7863636364 0.24 0.1)
(0.7909090909 0.24 0.1)
(0.7954545455 0.24 0.1)
(0.8 0.24 0.1)
(0.8045454545 0.24 0.1)
(0.8090909091 0.24 0.1)
(0.8136363636 0.24 0.1)
(0.8181818182 0.24 0.1)
(0.8227272727 0.24 0.1)
(0.8272727273 0.24 0.1)
(0.8318181818 0.24 0.1)
(0.8363636364 0.24 0.1)
(0.8409090909 0.24 0.1)
(0.8454545455 0.24 0.1)
(0.85 0.24 0.1)
(0.8545454545 0.24 0.1)
(0.8590909091 0.24 0.1)
(0.8636363636 0.24 0.1)
(0.8681818182 0.24 0.1)
(0.8727272727 0.24 0.1)
(0.8772727273 0.24 0.1)
(0.8818181818 0.24 0.1)
(0.8863636364 0.24 0.1)
(0.8909090909 0.24 0.1)
(0.8954545455 0.24 0.1)
(0.9 0.24 0.1)
(0.9045454545 0.24 0.1)
(0.9090909091 0.24 0.1)
(0.9136363636 0.24 0.1)
(0.9181818182 0.24 0.1)
(0.9227272727 0.24 0.1)
(0.9272727273 0.24 0.1)
(0.9318181818 0.24 0.1)
(0.9363636364 0.24 0.1)
(0.9409090909 0.24 0.1)
(0.9454545455 0.24 0.1)
(0.95 0.24 0.1)
(0.9545454545 0.24 0.1)
(0.9590909091 0.24 0.1)
(0.9636363636 0.24 0.1)
(0.9681818182 0.24 0.1)
(0.9727272727 0.24 0.1)
(0.9772727273 0.24 0.1)
(0.9818181818 0.24 0.1)
(0.9863636364 0.24 0.1)
(0.9909090909 0.24 0.1)
(0.9954545455 0.24 0.1)
(1 0.24 0.1)
(0 0.2466666667 0.1)
(0.004545454545 0.2466666667 0.1)
(0.009090909091 0.2466666667 0.1)
(0.01363636364 0.2466666667 0.1)
(0.01818181818 0.2466666667 0.1)
(0.02272727273 0.2466666667 0.1)
(0.02727272727 0.2466666667 0.1)
(0.03181818182 0.2466666667 0.1)
(0.03636363636 0.2466666667 0.1)
(0.04090909091 0.2466666667 0.1)
(0.04545454545 0.2466666667 0.1)
(0.05 0.2466666667 0.1)
(0.05454545455 0.2466666667 0.1)
(0.05909090909 0.2466666667 0.1)
(0.06363636364 0.2466666667 0.1)
(0.06818181818 0.2466666667 0.1)
(0.07272727273 0.2466666667 0.1)
(0.07727272727 0.2466666667 0.1)
(0.08181818182 0.2466666667 0.1)
(0.08636363636 0.2466666667 0.1)
(0.09090909091 0.2466666667 0.1)
(0.09545454545 0.2466666667 0.1)
(0.1 0.2466666667 0.1)
(0.1045454545 0.2466666667 0.1)
(0.1090909091 0.2466666667 0.1)
(0.1136363636 0.2466666667 0.1)
(0.1181818182 0.2466666667 0.1)
(0.1227272727 0.2466666667 0.1)
(0.1272727273 0.2466666667 0.1)
(0.1318181818 0.2466666667 0.1)
(0.1363636364 0.2466666667 0.1)
(0.1409090909 0.2466666667 0.1)
(0.1454545455 0.2466666667 0.1)
(0.15 0.2466666667 0.1)
(0.1545454545 0.2466666667 0.1)
(0.1590909091 0.2466666667 0.1)
(0.1636363636 0.2466666667 0.1)
(0.1681818182 0.2466666667 0.1)
(0.1727272727 0.2466666667 0.1)
(0.1772727273 0.2466666667 0.1)
(0.1818181818 0.2466666667 0.1)
(0.1863636364 0.2466666667 0.1)
(0.1909090909 0.2466666667 0.1)
(0.1954545455 0.2466666667 0.1)
(0.2 0.2466666667 0.1)
(0.2045454545 0.2466666667 0.1)
(0.2090909091 0.2466666667 0.1)
(0.2136363636 0.2466666667 0.1)
(0.2181818182 0.2466666667 0.1)
(0.2227272727 0.2466666667 0.1)
(0.2272727273 0.2466666667 0.1)
(0.2318181818 0.2466666667 0.1)
(0.2363636364 0.2466666667 0.1)
(0.2409090909 0.2466666667 0.1)
(0.2454545455 0.2466666667 0.1)
(0.25 0.2466666667 0.1)
(0.2545454545 0.2466666667 0.1)
(0.2590909091 0.2466666667 0.1)
(0.2636363636 0.2466666667 0.1)
(0.2681818182 0.2466666667 0.1)
(0.2727272727 0.2466666667 0.1)
(0.2772727273 0.2466666667 0.1)
(0.2818181818 0.2466666667 0.1)
(0.2863636364 0.2466666667 0.1)
(0.2909090909 0.2466666667 0.1)
(0.2954545455 0.2466666667 0.1)
(0.3 0.2466666667 0.1)
(0.3045454545 0.2466666667 0.1)
(0.3090909091 0.2466666667 0.1)
(0.3136363636 0.2466666667 0.1)
(0.3181818182 0.2466666667 0.1)
(0.3227272727 0.2466666667 0.1)
(0.3272727273 0.2466666667 0.1)
(0.3318181818 0.2466666667 0.1)
(0.3363636364 0.2466666667 0.1)
(0.3409090909 0.2466666667 0.1)
(0.3454545455 0.2466666667 0.1)
(0.35 0.2466666667 0.1)
(0.3545454545 0.2466666667 0.1)
(0.3590909091 0.2466666667 0.1)
(0.3636363636 0.2466666667 0.1)
(0.3681818182 0.2466666667 0.1)
(0.3727272727 0.2466666667 0.1)
(0.3772727273 0.2466666667 0.1)
(0.3818181818 0.2466666667 0.1)
(0.3863636364 0.2466666667 0.1)
(0.3909090909 0.2466666667 0.1)
(0.3954545455 0.2466666667 0.1)
(0.4 0.2466666667 0.1)
(0.4045454545 0.2466666667 0.1)
(0.4090909091 0.2466666667 0.1)
(0.4136363636 0.2466666667 0.1)
(0.4181818182 0.2466666667 0.1)
(0.4227272727 0.2466666667 0.1)
(0.4272727273 0.2466666667 0.1)
(0.4318181818 0.2466666667 0.1)
(0.4363636364 0.2466666667 0.1)
(0.4409090909 0.2466666667 0.1)
(0.4454545455 0.2466666667 0.1)
(0.45 0.2466666667 0.1)
(0.4545454545 0.2466666667 0.1)
(0.4590909091 0.2466666667 0.1)
(0.4636363636 0.2466666667 0.1)
(0.4681818182 0.2466666667 0.1)
(0.4727272727 0.2466666667 0.1)
(0.4772727273 0.2466666667 0.1)
(0.4818181818 0.2466666667 0.1)
(0.4863636364 0.2466666667 0.1)
(0.4909090909 0.2466666667 0.1)
(0.4954545455 0.2466666667 0.1)
(0.5 0.2466666667 0.1)
(0.5045454545 0.2466666667 0.1)
(0.5090909091 0.2466666667 0.1)
(0.5136363636 0.2466666667 0.1)
(0.5181818182 0.2466666667 0.1)
(0.5227272727 0.2466666667 0.1)
(0.5272727273 0.2466666667 0.1)
(0.5318181818 0.2466666667 0.1)
(0.5363636364 0.2466666667 0.1)
(0.5409090909 0.2466666667 0.1)
(0.5454545455 0.2466666667 0.1)
(0.55 0.2466666667 0.1)
(0.5545454545 0.2466666667 0.1)
(0.5590909091 0.2466666667 0.1)
(0.5636363636 0.2466666667 0.1)
(0.5681818182 0.2466666667 0.1)
(0.5727272727 0.2466666667 0.1)
(0.5772727273 0.2466666667 0.1)
(0.5818181818 0.2466666667 0.1)
(0.5863636364 0.2466666667 0.1)
(0.5909090909 0.2466666667 0.1)
(0.5954545455 0.2466666667 0.1)
(0.6 0.2466666667 0.1)
(0.6045454545 0.2466666667 0.1)
(0.6090909091 0.2466666667 0.1)
(0.6136363636 0.2466666667 0.1)
(0.6181818182 0.2466666667 0.1)
(0.6227272727 0.2466666667 0.1)
(0.6272727273 0.2466666667 0.1)
(0.6318181818 0.2466666667 0.1)
(0.6363636364 0.2466666667 0.1)
(0.6409090909 0.2466666667 0.1)
(0.6454545455 0.2466666667 0.1)
(0.65 0.2466666667 0.1)
(0.6545454545 0.2466666667 0.1)
(0.6590909091 0.2466666667 0.1)
(0.6636363636 0.2466666667 0.1)
(0.6681818182 0.2466666667 0.1)
(0.6727272727 0.2466666667 0.1)
(0.6772727273 0.2466666667 0.1)
(0.6818181818 0.2466666667 0.1)
(0.6863636364 0.2466666667 0.1)
(0.6909090909 0.2466666667 0.1)
(0.6954545455 0.2466666667 0.1)
(0.7 0.2466666667 0.1)
(0.7045454545 0.2466666667 0.1)
(0.7090909091 0.2466666667 0.1)
(0.7136363636 0.2466666667 0.1)
(0.7181818182 0.2466666667 0.1)
(0.7227272727 0.2466666667 0.1)
(0.7272727273 0.2466666667 0.1)
(0.7318181818 0.2466666667 0.1)
(0.7363636364 0.2466666667 0.1)
(0.7409090909 0.2466666667 0.1)
(0.7454545455 0.2466666667 0.1)
(0.75 0.2466666667 0.1)
(0.7545454545 0.2466666667 0.1)
(0.7590909091 0.2466666667 0.1)
(0.7636363636 0.2466666667 0.1)
(0.7681818182 0.2466666667 0.1)
(0.7727272727 0.2466666667 0.1)
(0.7772727273 0.2466666667 0.1)
(0.7818181818 0.2466666667 0.1)
(0.7863636364 0.2466666667 0.1)
(0.7909090909 0.2466666667 0.1)
(0.7954545455 0.2466666667 0.1)
(0.8 0.2466666667 0.1)
(0.8045454545 0.2466666667 0.1)
(0.8090909091 0.2466666667 0.1)
(0.8136363636 0.2466666667 0.1)
(0.8181818182 0.2466666667 0.1)
(0.8227272727 0.2466666667 0.1)
(0.8272727273 0.2466666667 0.1)
(0.8318181818 0.2466666667 0.1)
(0.8363636364 0.2466666667 0.1)
(0.8409090909 0.2466666667 0.1)
(0.8454545455 0.2466666667 0.1)
(0.85 0.2466666667 0.1)
(0.8545454545 0.2466666667 0.1)
(0.8590909091 0.2466666667 0.1)
(0.8636363636 0.2466666667 0.1)
(0.8681818182 0.2466666667 0.1)
(0.8727272727 0.2466666667 0.1)
(0.8772727273 0.2466666667 0.1)
(0.8818181818 0.2466666667 0.1)
(0.8863636364 0.2466666667 0.1)
(0.8909090909 0.2466666667 0.1)
(0.8954545455 0.2466666667 0.1)
(0.9 0.2466666667 0.1)
(0.9045454545 0.2466666667 0.1)
(0.9090909091 0.2466666667 0.1)
(0.9136363636 0.2466666667 0.1)
(0.9181818182 0.2466666667 0.1)
(0.9227272727 0.2466666667 0.1)
(0.9272727273 0.2466666667 0.1)
(0.9318181818 0.2466666667 0.1)
(0.9363636364 0.2466666667 0.1)
(0.9409090909 0.2466666667 0.1)
(0.9454545455 0.2466666667 0.1)
(0.95 0.2466666667 0.1)
(0.9545454545 0.2466666667 0.1)
(0.9590909091 0.2466666667 0.1)
(0.9636363636 0.2466666667 0.1)
(0.9681818182 0.2466666667 0.1)
(0.9727272727 0.2466666667 0.1)
(0.9772727273 0.2466666667 0.1)
(0.9818181818 0.2466666667 0.1)
(0.9863636364 0.2466666667 0.1)
(0.9909090909 0.2466666667 0.1)
(0.9954545455 0.2466666667 0.1)
(1 0.2466666667 0.1)
(0 0.2533333333 0.1)
(0.004545454545 0.2533333333 0.1)
(0.009090909091 0.2533333333 0.1)
(0.01363636364 0.2533333333 0.1)
(0.01818181818 0.2533333333 0.1)
(0.02272727273 0.2533333333 0.1)
(0.02727272727 0.2533333333 0.1)
(0.03181818182 0.2533333333 0.1)
(0.03636363636 0.2533333333 0.1)
(0.04090909091 0.2533333333 0.1)
(0.04545454545 0.2533333333 0.1)
(0.05 0.2533333333 0.1)
(0.05454545455 0.2533333333 0.1)
(0.05909090909 0.2533333333 0.1)
(0.06363636364 0.2533333333 0.1)
(0.06818181818 0.2533333333 0.1)
(0.07272727273 0.2533333333 0.1)
(0.07727272727 0.2533333333 0.1)
(0.08181818182 0.2533333333 0.1)
(0.08636363636 0.2533333333 0.1)
(0.09090909091 0.2533333333 0.1)
(0.09545454545 0.2533333333 0.1)
(0.1 0.2533333333 0.1)
(0.1045454545 0.2533333333 0.1)
(0.1090909091 0.2533333333 0.1)
(0.1136363636 0.2533333333 0.1)
(0.1181818182 0.2533333333 0.1)
(0.1227272727 0.2533333333 0.1)
(0.1272727273 0.2533333333 0.1)
(0.1318181818 0.2533333333 0.1)
(0.1363636364 0.2533333333 0.1)
(0.1409090909 0.2533333333 0.1)
(0.1454545455 0.2533333333 0.1)
(0.15 0.2533333333 0.1)
(0.1545454545 0.2533333333 0.1)
(0.1590909091 0.2533333333 0.1)
(0.1636363636 0.2533333333 0.1)
(0.1681818182 0.2533333333 0.1)
(0.1727272727 0.2533333333 0.1)
(0.1772727273 0.2533333333 0.1)
(0.1818181818 0.2533333333 0.1)
(0.1863636364 0.2533333333 0.1)
(0.1909090909 0.2533333333 0.1)
(0.1954545455 0.2533333333 0.1)
(0.2 0.2533333333 0.1)
(0.2045454545 0.2533333333 0.1)
(0.2090909091 0.2533333333 0.1)
(0.2136363636 0.2533333333 0.1)
(0.2181818182 0.2533333333 0.1)
(0.2227272727 0.2533333333 0.1)
(0.2272727273 0.2533333333 0.1)
(0.2318181818 0.2533333333 0.1)
(0.2363636364 0.2533333333 0.1)
(0.2409090909 0.2533333333 0.1)
(0.2454545455 0.2533333333 0.1)
(0.25 0.2533333333 0.1)
(0.2545454545 0.2533333333 0.1)
(0.2590909091 0.2533333333 0.1)
(0.2636363636 0.2533333333 0.1)
(0.2681818182 0.2533333333 0.1)
(0.2727272727 0.2533333333 0.1)
(0.2772727273 0.2533333333 0.1)
(0.2818181818 0.2533333333 0.1)
(0.2863636364 0.2533333333 0.1)
(0.2909090909 0.2533333333 0.1)
(0.2954545455 0.2533333333 0.1)
(0.3 0.2533333333 0.1)
(0.3045454545 0.2533333333 0.1)
(0.3090909091 0.2533333333 0.1)
(0.3136363636 0.2533333333 0.1)
(0.3181818182 0.2533333333 0.1)
(0.3227272727 0.2533333333 0.1)
(0.3272727273 0.2533333333 0.1)
(0.3318181818 0.2533333333 0.1)
(0.3363636364 0.2533333333 0.1)
(0.3409090909 0.2533333333 0.1)
(0.3454545455 0.2533333333 0.1)
(0.35 0.2533333333 0.1)
(0.3545454545 0.2533333333 0.1)
(0.3590909091 0.2533333333 0.1)
(0.3636363636 0.2533333333 0.1)
(0.3681818182 0.2533333333 0.1)
(0.3727272727 0.2533333333 0.1)
(0.3772727273 0.2533333333 0.1)
(0.3818181818 0.2533333333 0.1)
(0.3863636364 0.2533333333 0.1)
(0.3909090909 0.2533333333 0.1)
(0.3954545455 0.2533333333 0.1)
(0.4 0.2533333333 0.1)
(0.4045454545 0.2533333333 0.1)
(0.4090909091 0.2533333333 0.1)
(0.4136363636 0.2533333333 0.1)
(0.4181818182 0.2533333333 0.1)
(0.4227272727 0.2533333333 0.1)
(0.4272727273 0.2533333333 0.1)
(0.4318181818 0.2533333333 0.1)
(0.4363636364 0.2533333333 0.1)
(0.4409090909 0.2533333333 0.1)
(0.4454545455 0.2533333333 0.1)
(0.45 0.2533333333 0.1)
(0.4545454545 0.2533333333 0.1)
(0.4590909091 0.2533333333 0.1)
(0.4636363636 0.2533333333 0.1)
(0.4681818182 0.2533333333 0.1)
(0.4727272727 0.2533333333 0.1)
(0.4772727273 0.2533333333 0.1)
(0.4818181818 0.2533333333 0.1)
(0.4863636364 0.2533333333 0.1)
(0.4909090909 0.2533333333 0.1)
(0.4954545455 0.2533333333 0.1)
(0.5 0.2533333333 0.1)
(0.5045454545 0.2533333333 0.1)
(0.5090909091 0.2533333333 0.1)
(0.5136363636 0.2533333333 0.1)
(0.5181818182 0.2533333333 0.1)
(0.5227272727 0.2533333333 0.1)
(0.5272727273 0.2533333333 0.1)
(0.5318181818 0.2533333333 0.1)
(0.5363636364 0.2533333333 0.1)
(0.5409090909 0.2533333333 0.1)
(0.5454545455 0.2533333333 0.1)
(0.55 0.2533333333 0.1)
(0.5545454545 0.2533333333 0.1)
(0.5590909091 0.2533333333 0.1)
(0.5636363636 0.2533333333 0.1)
(0.5681818182 0.2533333333 0.1)
(0.5727272727 0.2533333333 0.1)
(0.5772727273 0.2533333333 0.1)
(0.5818181818 0.2533333333 0.1)
(0.5863636364 0.2533333333 0.1)
(0.5909090909 0.2533333333 0.1)
(0.5954545455 0.2533333333 0.1)
(0.6 0.2533333333 0.1)
(0.6045454545 0.2533333333 0.1)
(0.6090909091 0.2533333333 0.1)
(0.6136363636 0.2533333333 0.1)
(0.6181818182 0.2533333333 0.1)
(0.6227272727 0.2533333333 0.1)
(0.6272727273 0.2533333333 0.1)
(0.6318181818 0.2533333333 0.1)
(0.6363636364 0.2533333333 0.1)
(0.6409090909 0.2533333333 0.1)
(0.6454545455 0.2533333333 0.1)
(0.65 0.2533333333 0.1)
(0.6545454545 0.2533333333 0.1)
(0.6590909091 0.2533333333 0.1)
(0.6636363636 0.2533333333 0.1)
(0.6681818182 0.2533333333 0.1)
(0.6727272727 0.2533333333 0.1)
(0.6772727273 0.2533333333 0.1)
(0.6818181818 0.2533333333 0.1)
(0.6863636364 0.2533333333 0.1)
(0.6909090909 0.2533333333 0.1)
(0.6954545455 0.2533333333 0.1)
(0.7 0.2533333333 0.1)
(0.7045454545 0.2533333333 0.1)
(0.7090909091 0.2533333333 0.1)
(0.7136363636 0.2533333333 0.1)
(0.7181818182 0.2533333333 0.1)
(0.7227272727 0.2533333333 0.1)
(0.7272727273 0.2533333333 0.1)
(0.7318181818 0.2533333333 0.1)
(0.7363636364 0.2533333333 0.1)
(0.7409090909 0.2533333333 0.1)
(0.7454545455 0.2533333333 0.1)
(0.75 0.2533333333 0.1)
(0.7545454545 0.2533333333 0.1)
(0.7590909091 0.2533333333 0.1)
(0.7636363636 0.2533333333 0.1)
(0.7681818182 0.2533333333 0.1)
(0.7727272727 0.2533333333 0.1)
(0.7772727273 0.2533333333 0.1)
(0.7818181818 0.2533333333 0.1)
(0.7863636364 0.2533333333 0.1)
(0.7909090909 0.2533333333 0.1)
(0.7954545455 0.2533333333 0.1)
(0.8 0.2533333333 0.1)
(0.8045454545 0.2533333333 0.1)
(0.8090909091 0.2533333333 0.1)
(0.8136363636 0.2533333333 0.1)
(0.8181818182 0.2533333333 0.1)
(0.8227272727 0.2533333333 0.1)
(0.8272727273 0.2533333333 0.1)
(0.8318181818 0.2533333333 0.1)
(0.8363636364 0.2533333333 0.1)
(0.8409090909 0.2533333333 0.1)
(0.8454545455 0.2533333333 0.1)
(0.85 0.2533333333 0.1)
(0.8545454545 0.2533333333 0.1)
(0.8590909091 0.2533333333 0.1)
(0.8636363636 0.2533333333 0.1)
(0.8681818182 0.2533333333 0.1)
(0.8727272727 0.2533333333 0.1)
(0.8772727273 0.2533333333 0.1)
(0.8818181818 0.2533333333 0.1)
(0.8863636364 0.2533333333 0.1)
(0.8909090909 0.2533333333 0.1)
(0.8954545455 0.2533333333 0.1)
(0.9 0.2533333333 0.1)
(0.9045454545 0.2533333333 0.1)
(0.9090909091 0.2533333333 0.1)
(0.9136363636 0.2533333333 0.1)
(0.9181818182 0.2533333333 0.1)
(0.9227272727 0.2533333333 0.1)
(0.9272727273 0.2533333333 0.1)
(0.9318181818 0.2533333333 0.1)
(0.9363636364 0.2533333333 0.1)
(0.9409090909 0.2533333333 0.1)
(0.9454545455 0.2533333333 0.1)
(0.95 0.2533333333 0.1)
(0.9545454545 0.2533333333 0.1)
(0.9590909091 0.2533333333 0.1)
(0.9636363636 0.2533333333 0.1)
(0.9681818182 0.2533333333 0.1)
(0.9727272727 0.2533333333 0.1)
(0.9772727273 0.2533333333 0.1)
(0.9818181818 0.2533333333 0.1)
(0.9863636364 0.2533333333 0.1)
(0.9909090909 0.2533333333 0.1)
(0.9954545455 0.2533333333 0.1)
(1 0.2533333333 0.1)
(0 0.26 0.1)
(0.004545454545 0.26 0.1)
(0.009090909091 0.26 0.1)
(0.01363636364 0.26 0.1)
(0.01818181818 0.26 0.1)
(0.02272727273 0.26 0.1)
(0.02727272727 0.26 0.1)
(0.03181818182 0.26 0.1)
(0.03636363636 0.26 0.1)
(0.04090909091 0.26 0.1)
(0.04545454545 0.26 0.1)
(0.05 0.26 0.1)
(0.05454545455 0.26 0.1)
(0.05909090909 0.26 0.1)
(0.06363636364 0.26 0.1)
(0.06818181818 0.26 0.1)
(0.07272727273 0.26 0.1)
(0.07727272727 0.26 0.1)
(0.08181818182 0.26 0.1)
(0.08636363636 0.26 0.1)
(0.09090909091 0.26 0.1)
(0.09545454545 0.26 0.1)
(0.1 0.26 0.1)
(0.1045454545 0.26 0.1)
(0.1090909091 0.26 0.1)
(0.1136363636 0.26 0.1)
(0.1181818182 0.26 0.1)
(0.1227272727 0.26 0.1)
(0.1272727273 0.26 0.1)
(0.1318181818 0.26 0.1)
(0.1363636364 0.26 0.1)
(0.1409090909 0.26 0.1)
(0.1454545455 0.26 0.1)
(0.15 0.26 0.1)
(0.1545454545 0.26 0.1)
(0.1590909091 0.26 0.1)
(0.1636363636 0.26 0.1)
(0.1681818182 0.26 0.1)
(0.1727272727 0.26 0.1)
(0.1772727273 0.26 0.1)
(0.1818181818 0.26 0.1)
(0.1863636364 0.26 0.1)
(0.1909090909 0.26 0.1)
(0.1954545455 0.26 0.1)
(0.2 0.26 0.1)
(0.2045454545 0.26 0.1)
(0.2090909091 0.26 0.1)
(0.2136363636 0.26 0.1)
(0.2181818182 0.26 0.1)
(0.2227272727 0.26 0.1)
(0.2272727273 0.26 0.1)
(0.2318181818 0.26 0.1)
(0.2363636364 0.26 0.1)
(0.2409090909 0.26 0.1)
(0.2454545455 0.26 0.1)
(0.25 0.26 0.1)
(0.2545454545 0.26 0.1)
(0.2590909091 0.26 0.1)
(0.2636363636 0.26 0.1)
(0.2681818182 0.26 0.1)
(0.2727272727 0.26 0.1)
(0.2772727273 0.26 0.1)
(0.2818181818 0.26 0.1)
(0.2863636364 0.26 0.1)
(0.2909090909 0.26 0.1)
(0.2954545455 0.26 0.1)
(0.3 0.26 0.1)
(0.3045454545 0.26 0.1)
(0.3090909091 0.26 0.1)
(0.3136363636 0.26 0.1)
(0.3181818182 0.26 0.1)
(0.3227272727 0.26 0.1)
(0.3272727273 0.26 0.1)
(0.3318181818 0.26 0.1)
(0.3363636364 0.26 0.1)
(0.3409090909 0.26 0.1)
(0.3454545455 0.26 0.1)
(0.35 0.26 0.1)
(0.3545454545 0.26 0.1)
(0.3590909091 0.26 0.1)
(0.3636363636 0.26 0.1)
(0.3681818182 0.26 0.1)
(0.3727272727 0.26 0.1)
(0.3772727273 0.26 0.1)
(0.3818181818 0.26 0.1)
(0.3863636364 0.26 0.1)
(0.3909090909 0.26 0.1)
(0.3954545455 0.26 0.1)
(0.4 0.26 0.1)
(0.4045454545 0.26 0.1)
(0.4090909091 0.26 0.1)
(0.4136363636 0.26 0.1)
(0.4181818182 0.26 0.1)
(0.4227272727 0.26 0.1)
(0.4272727273 0.26 0.1)
(0.4318181818 0.26 0.1)
(0.4363636364 0.26 0.1)
(0.4409090909 0.26 0.1)
(0.4454545455 0.26 0.1)
(0.45 0.26 0.1)
(0.4545454545 0.26 0.1)
(0.4590909091 0.26 0.1)
(0.4636363636 0.26 0.1)
(0.4681818182 0.26 0.1)
(0.4727272727 0.26 0.1)
(0.4772727273 0.26 0.1)
(0.4818181818 0.26 0.1)
(0.4863636364 0.26 0.1)
(0.4909090909 0.26 0.1)
(0.4954545455 0.26 0.1)
(0.5 0.26 0.1)
(0.5045454545 0.26 0.1)
(0.5090909091 0.26 0.1)
(0.5136363636 0.26 0.1)
(0.5181818182 0.26 0.1)
(0.5227272727 0.26 0.1)
(0.5272727273 0.26 0.1)
(0.5318181818 0.26 0.1)
(0.5363636364 0.26 0.1)
(0.5409090909 0.26 0.1)
(0.5454545455 0.26 0.1)
(0.55 0.26 0.1)
(0.5545454545 0.26 0.1)
(0.5590909091 0.26 0.1)
(0.5636363636 0.26 0.1)
(0.5681818182 0.26 0.1)
(0.5727272727 0.26 0.1)
(0.5772727273 0.26 0.1)
(0.5818181818 0.26 0.1)
(0.5863636364 0.26 0.1)
(0.5909090909 0.26 0.1)
(0.5954545455 0.26 0.1)
(0.6 0.26 0.1)
(0.6045454545 0.26 0.1)
(0.6090909091 0.26 0.1)
(0.6136363636 0.26 0.1)
(0.6181818182 0.26 0.1)
(0.6227272727 0.26 0.1)
(0.6272727273 0.26 0.1)
(0.6318181818 0.26 0.1)
(0.6363636364 0.26 0.1)
(0.6409090909 0.26 0.1)
(0.6454545455 0.26 0.1)
(0.65 0.26 0.1)
(0.6545454545 0.26 0.1)
(0.6590909091 0.26 0.1)
(0.6636363636 0.26 0.1)
(0.6681818182 0.26 0.1)
(0.6727272727 0.26 0.1)
(0.6772727273 0.26 0.1)
(0.6818181818 0.26 0.1)
(0.6863636364 0.26 0.1)
(0.6909090909 0.26 0.1)
(0.6954545455 0.26 0.1)
(0.7 0.26 0.1)
(0.7045454545 0.26 0.1)
(0.7090909091 0.26 0.1)
(0.7136363636 0.26 0.1)
(0.7181818182 0.26 0.1)
(0.7227272727 0.26 0.1)
(0.7272727273 0.26 0.1)
(0.7318181818 0.26 0.1)
(0.7363636364 0.26 0.1)
(0.7409090909 0.26 0.1)
(0.7454545455 0.26 0.1)
(0.75 0.26 0.1)
(0.7545454545 0.26 0.1)
(0.7590909091 0.26 0.1)
(0.7636363636 0.26 0.1)
(0.7681818182 0.26 0.1)
(0.7727272727 0.26 0.1)
(0.7772727273 0.26 0.1)
(0.7818181818 0.26 0.1)
(0.7863636364 0.26 0.1)
(0.7909090909 0.26 0.1)
(0.7954545455 0.26 0.1)
(0.8 0.26 0.1)
(0.8045454545 0.26 0.1)
(0.8090909091 0.26 0.1)
(0.8136363636 0.26 0.1)
(0.8181818182 0.26 0.1)
(0.8227272727 0.26 0.1)
(0.8272727273 0.26 0.1)
(0.8318181818 0.26 0.1)
(0.8363636364 0.26 0.1)
(0.8409090909 0.26 0.1)
(0.8454545455 0.26 0.1)
(0.85 0.26 0.1)
(0.8545454545 0.26 0.1)
(0.8590909091 0.26 0.1)
(0.8636363636 0.26 0.1)
(0.8681818182 0.26 0.1)
(0.8727272727 0.26 0.1)
(0.8772727273 0.26 0.1)
(0.8818181818 0.26 0.1)
(0.8863636364 0.26 0.1)
(0.8909090909 0.26 0.1)
(0.8954545455 0.26 0.1)
(0.9 0.26 0.1)
(0.9045454545 0.26 0.1)
(0.9090909091 0.26 0.1)
(0.9136363636 0.26 0.1)
(0.9181818182 0.26 0.1)
(0.9227272727 0.26 0.1)
(0.9272727273 0.26 0.1)
(0.9318181818 0.26 0.1)
(0.9363636364 0.26 0.1)
(0.9409090909 0.26 0.1)
(0.9454545455 0.26 0.1)
(0.95 0.26 0.1)
(0.9545454545 0.26 0.1)
(0.9590909091 0.26 0.1)
(0.9636363636 0.26 0.1)
(0.9681818182 0.26 0.1)
(0.9727272727 0.26 0.1)
(0.9772727273 0.26 0.1)
(0.9818181818 0.26 0.1)
(0.9863636364 0.26 0.1)
(0.9909090909 0.26 0.1)
(0.9954545455 0.26 0.1)
(1 0.26 0.1)
(0 0.2666666667 0.1)
(0.004545454545 0.2666666667 0.1)
(0.009090909091 0.2666666667 0.1)
(0.01363636364 0.2666666667 0.1)
(0.01818181818 0.2666666667 0.1)
(0.02272727273 0.2666666667 0.1)
(0.02727272727 0.2666666667 0.1)
(0.03181818182 0.2666666667 0.1)
(0.03636363636 0.2666666667 0.1)
(0.04090909091 0.2666666667 0.1)
(0.04545454545 0.2666666667 0.1)
(0.05 0.2666666667 0.1)
(0.05454545455 0.2666666667 0.1)
(0.05909090909 0.2666666667 0.1)
(0.06363636364 0.2666666667 0.1)
(0.06818181818 0.2666666667 0.1)
(0.07272727273 0.2666666667 0.1)
(0.07727272727 0.2666666667 0.1)
(0.08181818182 0.2666666667 0.1)
(0.08636363636 0.2666666667 0.1)
(0.09090909091 0.2666666667 0.1)
(0.09545454545 0.2666666667 0.1)
(0.1 0.2666666667 0.1)
(0.1045454545 0.2666666667 0.1)
(0.1090909091 0.2666666667 0.1)
(0.1136363636 0.2666666667 0.1)
(0.1181818182 0.2666666667 0.1)
(0.1227272727 0.2666666667 0.1)
(0.1272727273 0.2666666667 0.1)
(0.1318181818 0.2666666667 0.1)
(0.1363636364 0.2666666667 0.1)
(0.1409090909 0.2666666667 0.1)
(0.1454545455 0.2666666667 0.1)
(0.15 0.2666666667 0.1)
(0.1545454545 0.2666666667 0.1)
(0.1590909091 0.2666666667 0.1)
(0.1636363636 0.2666666667 0.1)
(0.1681818182 0.2666666667 0.1)
(0.1727272727 0.2666666667 0.1)
(0.1772727273 0.2666666667 0.1)
(0.1818181818 0.2666666667 0.1)
(0.1863636364 0.2666666667 0.1)
(0.1909090909 0.2666666667 0.1)
(0.1954545455 0.2666666667 0.1)
(0.2 0.2666666667 0.1)
(0.2045454545 0.2666666667 0.1)
(0.2090909091 0.2666666667 0.1)
(0.2136363636 0.2666666667 0.1)
(0.2181818182 0.2666666667 0.1)
(0.2227272727 0.2666666667 0.1)
(0.2272727273 0.2666666667 0.1)
(0.2318181818 0.2666666667 0.1)
(0.2363636364 0.2666666667 0.1)
(0.2409090909 0.2666666667 0.1)
(0.2454545455 0.2666666667 0.1)
(0.25 0.2666666667 0.1)
(0.2545454545 0.2666666667 0.1)
(0.2590909091 0.2666666667 0.1)
(0.2636363636 0.2666666667 0.1)
(0.2681818182 0.2666666667 0.1)
(0.2727272727 0.2666666667 0.1)
(0.2772727273 0.2666666667 0.1)
(0.2818181818 0.2666666667 0.1)
(0.2863636364 0.2666666667 0.1)
(0.2909090909 0.2666666667 0.1)
(0.2954545455 0.2666666667 0.1)
(0.3 0.2666666667 0.1)
(0.3045454545 0.2666666667 0.1)
(0.3090909091 0.2666666667 0.1)
(0.3136363636 0.2666666667 0.1)
(0.3181818182 0.2666666667 0.1)
(0.3227272727 0.2666666667 0.1)
(0.3272727273 0.2666666667 0.1)
(0.3318181818 0.2666666667 0.1)
(0.3363636364 0.2666666667 0.1)
(0.3409090909 0.2666666667 0.1)
(0.3454545455 0.2666666667 0.1)
(0.35 0.2666666667 0.1)
(0.3545454545 0.2666666667 0.1)
(0.3590909091 0.2666666667 0.1)
(0.3636363636 0.2666666667 0.1)
(0.3681818182 0.2666666667 0.1)
(0.3727272727 0.2666666667 0.1)
(0.3772727273 0.2666666667 0.1)
(0.3818181818 0.2666666667 0.1)
(0.3863636364 0.2666666667 0.1)
(0.3909090909 0.2666666667 0.1)
(0.3954545455 0.2666666667 0.1)
(0.4 0.2666666667 0.1)
(0.4045454545 0.2666666667 0.1)
(0.4090909091 0.2666666667 0.1)
(0.4136363636 0.2666666667 0.1)
(0.4181818182 0.2666666667 0.1)
(0.4227272727 0.2666666667 0.1)
(0.4272727273 0.2666666667 0.1)
(0.4318181818 0.2666666667 0.1)
(0.4363636364 0.2666666667 0.1)
(0.4409090909 0.2666666667 0.1)
(0.4454545455 0.2666666667 0.1)
(0.45 0.2666666667 0.1)
(0.4545454545 0.2666666667 0.1)
(0.4590909091 0.2666666667 0.1)
(0.4636363636 0.2666666667 0.1)
(0.4681818182 0.2666666667 0.1)
(0.4727272727 0.2666666667 0.1)
(0.4772727273 0.2666666667 0.1)
(0.4818181818 0.2666666667 0.1)
(0.4863636364 0.2666666667 0.1)
(0.4909090909 0.2666666667 0.1)
(0.4954545455 0.2666666667 0.1)
(0.5 0.2666666667 0.1)
(0.5045454545 0.2666666667 0.1)
(0.5090909091 0.2666666667 0.1)
(0.5136363636 0.2666666667 0.1)
(0.5181818182 0.2666666667 0.1)
(0.5227272727 0.2666666667 0.1)
(0.5272727273 0.2666666667 0.1)
(0.5318181818 0.2666666667 0.1)
(0.5363636364 0.2666666667 0.1)
(0.5409090909 0.2666666667 0.1)
(0.5454545455 0.2666666667 0.1)
(0.55 0.2666666667 0.1)
(0.5545454545 0.2666666667 0.1)
(0.5590909091 0.2666666667 0.1)
(0.5636363636 0.2666666667 0.1)
(0.5681818182 0.2666666667 0.1)
(0.5727272727 0.2666666667 0.1)
(0.5772727273 0.2666666667 0.1)
(0.5818181818 0.2666666667 0.1)
(0.5863636364 0.2666666667 0.1)
(0.5909090909 0.2666666667 0.1)
(0.5954545455 0.2666666667 0.1)
(0.6 0.2666666667 0.1)
(0.6045454545 0.2666666667 0.1)
(0.6090909091 0.2666666667 0.1)
(0.6136363636 0.2666666667 0.1)
(0.6181818182 0.2666666667 0.1)
(0.6227272727 0.2666666667 0.1)
(0.6272727273 0.2666666667 0.1)
(0.6318181818 0.2666666667 0.1)
(0.6363636364 0.2666666667 0.1)
(0.6409090909 0.2666666667 0.1)
(0.6454545455 0.2666666667 0.1)
(0.65 0.2666666667 0.1)
(0.6545454545 0.2666666667 0.1)
(0.6590909091 0.2666666667 0.1)
(0.6636363636 0.2666666667 0.1)
(0.6681818182 0.2666666667 0.1)
(0.6727272727 0.2666666667 0.1)
(0.6772727273 0.2666666667 0.1)
(0.6818181818 0.2666666667 0.1)
(0.6863636364 0.2666666667 0.1)
(0.6909090909 0.2666666667 0.1)
(0.6954545455 0.2666666667 0.1)
(0.7 0.2666666667 0.1)
(0.7045454545 0.2666666667 0.1)
(0.7090909091 0.2666666667 0.1)
(0.7136363636 0.2666666667 0.1)
(0.7181818182 0.2666666667 0.1)
(0.7227272727 0.2666666667 0.1)
(0.7272727273 0.2666666667 0.1)
(0.7318181818 0.2666666667 0.1)
(0.7363636364 0.2666666667 0.1)
(0.7409090909 0.2666666667 0.1)
(0.7454545455 0.2666666667 0.1)
(0.75 0.2666666667 0.1)
(0.7545454545 0.2666666667 0.1)
(0.7590909091 0.2666666667 0.1)
(0.7636363636 0.2666666667 0.1)
(0.7681818182 0.2666666667 0.1)
(0.7727272727 0.2666666667 0.1)
(0.7772727273 0.2666666667 0.1)
(0.7818181818 0.2666666667 0.1)
(0.7863636364 0.2666666667 0.1)
(0.7909090909 0.2666666667 0.1)
(0.7954545455 0.2666666667 0.1)
(0.8 0.2666666667 0.1)
(0.8045454545 0.2666666667 0.1)
(0.8090909091 0.2666666667 0.1)
(0.8136363636 0.2666666667 0.1)
(0.8181818182 0.2666666667 0.1)
(0.8227272727 0.2666666667 0.1)
(0.8272727273 0.2666666667 0.1)
(0.8318181818 0.2666666667 0.1)
(0.8363636364 0.2666666667 0.1)
(0.8409090909 0.2666666667 0.1)
(0.8454545455 0.2666666667 0.1)
(0.85 0.2666666667 0.1)
(0.8545454545 0.2666666667 0.1)
(0.8590909091 0.2666666667 0.1)
(0.8636363636 0.2666666667 0.1)
(0.8681818182 0.2666666667 0.1)
(0.8727272727 0.2666666667 0.1)
(0.8772727273 0.2666666667 0.1)
(0.8818181818 0.2666666667 0.1)
(0.8863636364 0.2666666667 0.1)
(0.8909090909 0.2666666667 0.1)
(0.8954545455 0.2666666667 0.1)
(0.9 0.2666666667 0.1)
(0.9045454545 0.2666666667 0.1)
(0.9090909091 0.2666666667 0.1)
(0.9136363636 0.2666666667 0.1)
(0.9181818182 0.2666666667 0.1)
(0.9227272727 0.2666666667 0.1)
(0.9272727273 0.2666666667 0.1)
(0.9318181818 0.2666666667 0.1)
(0.9363636364 0.2666666667 0.1)
(0.9409090909 0.2666666667 0.1)
(0.9454545455 0.2666666667 0.1)
(0.95 0.2666666667 0.1)
(0.9545454545 0.2666666667 0.1)
(0.9590909091 0.2666666667 0.1)
(0.9636363636 0.2666666667 0.1)
(0.9681818182 0.2666666667 0.1)
(0.9727272727 0.2666666667 0.1)
(0.9772727273 0.2666666667 0.1)
(0.9818181818 0.2666666667 0.1)
(0.9863636364 0.2666666667 0.1)
(0.9909090909 0.2666666667 0.1)
(0.9954545455 0.2666666667 0.1)
(1 0.2666666667 0.1)
(0 0.2733333333 0.1)
(0.004545454545 0.2733333333 0.1)
(0.009090909091 0.2733333333 0.1)
(0.01363636364 0.2733333333 0.1)
(0.01818181818 0.2733333333 0.1)
(0.02272727273 0.2733333333 0.1)
(0.02727272727 0.2733333333 0.1)
(0.03181818182 0.2733333333 0.1)
(0.03636363636 0.2733333333 0.1)
(0.04090909091 0.2733333333 0.1)
(0.04545454545 0.2733333333 0.1)
(0.05 0.2733333333 0.1)
(0.05454545455 0.2733333333 0.1)
(0.05909090909 0.2733333333 0.1)
(0.06363636364 0.2733333333 0.1)
(0.06818181818 0.2733333333 0.1)
(0.07272727273 0.2733333333 0.1)
(0.07727272727 0.2733333333 0.1)
(0.08181818182 0.2733333333 0.1)
(0.08636363636 0.2733333333 0.1)
(0.09090909091 0.2733333333 0.1)
(0.09545454545 0.2733333333 0.1)
(0.1 0.2733333333 0.1)
(0.1045454545 0.2733333333 0.1)
(0.1090909091 0.2733333333 0.1)
(0.1136363636 0.2733333333 0.1)
(0.1181818182 0.2733333333 0.1)
(0.1227272727 0.2733333333 0.1)
(0.1272727273 0.2733333333 0.1)
(0.1318181818 0.2733333333 0.1)
(0.1363636364 0.2733333333 0.1)
(0.1409090909 0.2733333333 0.1)
(0.1454545455 0.2733333333 0.1)
(0.15 0.2733333333 0.1)
(0.1545454545 0.2733333333 0.1)
(0.1590909091 0.2733333333 0.1)
(0.1636363636 0.2733333333 0.1)
(0.1681818182 0.2733333333 0.1)
(0.1727272727 0.2733333333 0.1)
(0.1772727273 0.2733333333 0.1)
(0.1818181818 0.2733333333 0.1)
(0.1863636364 0.2733333333 0.1)
(0.1909090909 0.2733333333 0.1)
(0.1954545455 0.2733333333 0.1)
(0.2 0.2733333333 0.1)
(0.2045454545 0.2733333333 0.1)
(0.2090909091 0.2733333333 0.1)
(0.2136363636 0.2733333333 0.1)
(0.2181818182 0.2733333333 0.1)
(0.2227272727 0.2733333333 0.1)
(0.2272727273 0.2733333333 0.1)
(0.2318181818 0.2733333333 0.1)
(0.2363636364 0.2733333333 0.1)
(0.2409090909 0.2733333333 0.1)
(0.2454545455 0.2733333333 0.1)
(0.25 0.2733333333 0.1)
(0.2545454545 0.2733333333 0.1)
(0.2590909091 0.2733333333 0.1)
(0.2636363636 0.2733333333 0.1)
(0.2681818182 0.2733333333 0.1)
(0.2727272727 0.2733333333 0.1)
(0.2772727273 0.2733333333 0.1)
(0.2818181818 0.2733333333 0.1)
(0.2863636364 0.2733333333 0.1)
(0.2909090909 0.2733333333 0.1)
(0.2954545455 0.2733333333 0.1)
(0.3 0.2733333333 0.1)
(0.3045454545 0.2733333333 0.1)
(0.3090909091 0.2733333333 0.1)
(0.3136363636 0.2733333333 0.1)
(0.3181818182 0.2733333333 0.1)
(0.3227272727 0.2733333333 0.1)
(0.3272727273 0.2733333333 0.1)
(0.3318181818 0.2733333333 0.1)
(0.3363636364 0.2733333333 0.1)
(0.3409090909 0.2733333333 0.1)
(0.3454545455 0.2733333333 0.1)
(0.35 0.2733333333 0.1)
(0.3545454545 0.2733333333 0.1)
(0.3590909091 0.2733333333 0.1)
(0.3636363636 0.2733333333 0.1)
(0.3681818182 0.2733333333 0.1)
(0.3727272727 0.2733333333 0.1)
(0.3772727273 0.2733333333 0.1)
(0.3818181818 0.2733333333 0.1)
(0.3863636364 0.2733333333 0.1)
(0.3909090909 0.2733333333 0.1)
(0.3954545455 0.2733333333 0.1)
(0.4 0.2733333333 0.1)
(0.4045454545 0.2733333333 0.1)
(0.4090909091 0.2733333333 0.1)
(0.4136363636 0.2733333333 0.1)
(0.4181818182 0.2733333333 0.1)
(0.4227272727 0.2733333333 0.1)
(0.4272727273 0.2733333333 0.1)
(0.4318181818 0.2733333333 0.1)
(0.4363636364 0.2733333333 0.1)
(0.4409090909 0.2733333333 0.1)
(0.4454545455 0.2733333333 0.1)
(0.45 0.2733333333 0.1)
(0.4545454545 0.2733333333 0.1)
(0.4590909091 0.2733333333 0.1)
(0.4636363636 0.2733333333 0.1)
(0.4681818182 0.2733333333 0.1)
(0.4727272727 0.2733333333 0.1)
(0.4772727273 0.2733333333 0.1)
(0.4818181818 0.2733333333 0.1)
(0.4863636364 0.2733333333 0.1)
(0.4909090909 0.2733333333 0.1)
(0.4954545455 0.2733333333 0.1)
(0.5 0.2733333333 0.1)
(0.5045454545 0.2733333333 0.1)
(0.5090909091 0.2733333333 0.1)
(0.5136363636 0.2733333333 0.1)
(0.5181818182 0.2733333333 0.1)
(0.5227272727 0.2733333333 0.1)
(0.5272727273 0.2733333333 0.1)
(0.5318181818 0.2733333333 0.1)
(0.5363636364 0.2733333333 0.1)
(0.5409090909 0.2733333333 0.1)
(0.5454545455 0.2733333333 0.1)
(0.55 0.2733333333 0.1)
(0.5545454545 0.2733333333 0.1)
(0.5590909091 0.2733333333 0.1)
(0.5636363636 0.2733333333 0.1)
(0.5681818182 0.2733333333 0.1)
(0.5727272727 0.2733333333 0.1)
(0.5772727273 0.2733333333 0.1)
(0.5818181818 0.2733333333 0.1)
(0.5863636364 0.2733333333 0.1)
(0.5909090909 0.2733333333 0.1)
(0.5954545455 0.2733333333 0.1)
(0.6 0.2733333333 0.1)
(0.6045454545 0.2733333333 0.1)
(0.6090909091 0.2733333333 0.1)
(0.6136363636 0.2733333333 0.1)
(0.6181818182 0.2733333333 0.1)
(0.6227272727 0.2733333333 0.1)
(0.6272727273 0.2733333333 0.1)
(0.6318181818 0.2733333333 0.1)
(0.6363636364 0.2733333333 0.1)
(0.6409090909 0.2733333333 0.1)
(0.6454545455 0.2733333333 0.1)
(0.65 0.2733333333 0.1)
(0.6545454545 0.2733333333 0.1)
(0.6590909091 0.2733333333 0.1)
(0.6636363636 0.2733333333 0.1)
(0.6681818182 0.2733333333 0.1)
(0.6727272727 0.2733333333 0.1)
(0.6772727273 0.2733333333 0.1)
(0.6818181818 0.2733333333 0.1)
(0.6863636364 0.2733333333 0.1)
(0.6909090909 0.2733333333 0.1)
(0.6954545455 0.2733333333 0.1)
(0.7 0.2733333333 0.1)
(0.7045454545 0.2733333333 0.1)
(0.7090909091 0.2733333333 0.1)
(0.7136363636 0.2733333333 0.1)
(0.7181818182 0.2733333333 0.1)
(0.7227272727 0.2733333333 0.1)
(0.7272727273 0.2733333333 0.1)
(0.7318181818 0.2733333333 0.1)
(0.7363636364 0.2733333333 0.1)
(0.7409090909 0.2733333333 0.1)
(0.7454545455 0.2733333333 0.1)
(0.75 0.2733333333 0.1)
(0.7545454545 0.2733333333 0.1)
(0.7590909091 0.2733333333 0.1)
(0.7636363636 0.2733333333 0.1)
(0.7681818182 0.2733333333 0.1)
(0.7727272727 0.2733333333 0.1)
(0.7772727273 0.2733333333 0.1)
(0.7818181818 0.2733333333 0.1)
(0.7863636364 0.2733333333 0.1)
(0.7909090909 0.2733333333 0.1)
(0.7954545455 0.2733333333 0.1)
(0.8 0.2733333333 0.1)
(0.8045454545 0.2733333333 0.1)
(0.8090909091 0.2733333333 0.1)
(0.8136363636 0.2733333333 0.1)
(0.8181818182 0.2733333333 0.1)
(0.8227272727 0.2733333333 0.1)
(0.8272727273 0.2733333333 0.1)
(0.8318181818 0.2733333333 0.1)
(0.8363636364 0.2733333333 0.1)
(0.8409090909 0.2733333333 0.1)
(0.8454545455 0.2733333333 0.1)
(0.85 0.2733333333 0.1)
(0.8545454545 0.2733333333 0.1)
(0.8590909091 0.2733333333 0.1)
(0.8636363636 0.2733333333 0.1)
(0.8681818182 0.2733333333 0.1)
(0.8727272727 0.2733333333 0.1)
(0.8772727273 0.2733333333 0.1)
(0.8818181818 0.2733333333 0.1)
(0.8863636364 0.2733333333 0.1)
(0.8909090909 0.2733333333 0.1)
(0.8954545455 0.2733333333 0.1)
(0.9 0.2733333333 0.1)
(0.9045454545 0.2733333333 0.1)
(0.9090909091 0.2733333333 0.1)
(0.9136363636 0.2733333333 0.1)
(0.9181818182 0.2733333333 0.1)
(0.9227272727 0.2733333333 0.1)
(0.9272727273 0.2733333333 0.1)
(0.9318181818 0.2733333333 0.1)
(0.9363636364 0.2733333333 0.1)
(0.9409090909 0.2733333333 0.1)
(0.9454545455 0.2733333333 0.1)
(0.95 0.2733333333 0.1)
(0.9545454545 0.2733333333 0.1)
(0.9590909091 0.2733333333 0.1)
(0.9636363636 0.2733333333 0.1)
(0.9681818182 0.2733333333 0.1)
(0.9727272727 0.2733333333 0.1)
(0.9772727273 0.2733333333 0.1)
(0.9818181818 0.2733333333 0.1)
(0.9863636364 0.2733333333 0.1)
(0.9909090909 0.2733333333 0.1)
(0.9954545455 0.2733333333 0.1)
(1 0.2733333333 0.1)
(0 0.28 0.1)
(0.004545454545 0.28 0.1)
(0.009090909091 0.28 0.1)
(0.01363636364 0.28 0.1)
(0.01818181818 0.28 0.1)
(0.02272727273 0.28 0.1)
(0.02727272727 0.28 0.1)
(0.03181818182 0.28 0.1)
(0.03636363636 0.28 0.1)
(0.04090909091 0.28 0.1)
(0.04545454545 0.28 0.1)
(0.05 0.28 0.1)
(0.05454545455 0.28 0.1)
(0.05909090909 0.28 0.1)
(0.06363636364 0.28 0.1)
(0.06818181818 0.28 0.1)
(0.07272727273 0.28 0.1)
(0.07727272727 0.28 0.1)
(0.08181818182 0.28 0.1)
(0.08636363636 0.28 0.1)
(0.09090909091 0.28 0.1)
(0.09545454545 0.28 0.1)
(0.1 0.28 0.1)
(0.1045454545 0.28 0.1)
(0.1090909091 0.28 0.1)
(0.1136363636 0.28 0.1)
(0.1181818182 0.28 0.1)
(0.1227272727 0.28 0.1)
(0.1272727273 0.28 0.1)
(0.1318181818 0.28 0.1)
(0.1363636364 0.28 0.1)
(0.1409090909 0.28 0.1)
(0.1454545455 0.28 0.1)
(0.15 0.28 0.1)
(0.1545454545 0.28 0.1)
(0.1590909091 0.28 0.1)
(0.1636363636 0.28 0.1)
(0.1681818182 0.28 0.1)
(0.1727272727 0.28 0.1)
(0.1772727273 0.28 0.1)
(0.1818181818 0.28 0.1)
(0.1863636364 0.28 0.1)
(0.1909090909 0.28 0.1)
(0.1954545455 0.28 0.1)
(0.2 0.28 0.1)
(0.2045454545 0.28 0.1)
(0.2090909091 0.28 0.1)
(0.2136363636 0.28 0.1)
(0.2181818182 0.28 0.1)
(0.2227272727 0.28 0.1)
(0.2272727273 0.28 0.1)
(0.2318181818 0.28 0.1)
(0.2363636364 0.28 0.1)
(0.2409090909 0.28 0.1)
(0.2454545455 0.28 0.1)
(0.25 0.28 0.1)
(0.2545454545 0.28 0.1)
(0.2590909091 0.28 0.1)
(0.2636363636 0.28 0.1)
(0.2681818182 0.28 0.1)
(0.2727272727 0.28 0.1)
(0.2772727273 0.28 0.1)
(0.2818181818 0.28 0.1)
(0.2863636364 0.28 0.1)
(0.2909090909 0.28 0.1)
(0.2954545455 0.28 0.1)
(0.3 0.28 0.1)
(0.3045454545 0.28 0.1)
(0.3090909091 0.28 0.1)
(0.3136363636 0.28 0.1)
(0.3181818182 0.28 0.1)
(0.3227272727 0.28 0.1)
(0.3272727273 0.28 0.1)
(0.3318181818 0.28 0.1)
(0.3363636364 0.28 0.1)
(0.3409090909 0.28 0.1)
(0.3454545455 0.28 0.1)
(0.35 0.28 0.1)
(0.3545454545 0.28 0.1)
(0.3590909091 0.28 0.1)
(0.3636363636 0.28 0.1)
(0.3681818182 0.28 0.1)
(0.3727272727 0.28 0.1)
(0.3772727273 0.28 0.1)
(0.3818181818 0.28 0.1)
(0.3863636364 0.28 0.1)
(0.3909090909 0.28 0.1)
(0.3954545455 0.28 0.1)
(0.4 0.28 0.1)
(0.4045454545 0.28 0.1)
(0.4090909091 0.28 0.1)
(0.4136363636 0.28 0.1)
(0.4181818182 0.28 0.1)
(0.4227272727 0.28 0.1)
(0.4272727273 0.28 0.1)
(0.4318181818 0.28 0.1)
(0.4363636364 0.28 0.1)
(0.4409090909 0.28 0.1)
(0.4454545455 0.28 0.1)
(0.45 0.28 0.1)
(0.4545454545 0.28 0.1)
(0.4590909091 0.28 0.1)
(0.4636363636 0.28 0.1)
(0.4681818182 0.28 0.1)
(0.4727272727 0.28 0.1)
(0.4772727273 0.28 0.1)
(0.4818181818 0.28 0.1)
(0.4863636364 0.28 0.1)
(0.4909090909 0.28 0.1)
(0.4954545455 0.28 0.1)
(0.5 0.28 0.1)
(0.5045454545 0.28 0.1)
(0.5090909091 0.28 0.1)
(0.5136363636 0.28 0.1)
(0.5181818182 0.28 0.1)
(0.5227272727 0.28 0.1)
(0.5272727273 0.28 0.1)
(0.5318181818 0.28 0.1)
(0.5363636364 0.28 0.1)
(0.5409090909 0.28 0.1)
(0.5454545455 0.28 0.1)
(0.55 0.28 0.1)
(0.5545454545 0.28 0.1)
(0.5590909091 0.28 0.1)
(0.5636363636 0.28 0.1)
(0.5681818182 0.28 0.1)
(0.5727272727 0.28 0.1)
(0.5772727273 0.28 0.1)
(0.5818181818 0.28 0.1)
(0.5863636364 0.28 0.1)
(0.5909090909 0.28 0.1)
(0.5954545455 0.28 0.1)
(0.6 0.28 0.1)
(0.6045454545 0.28 0.1)
(0.6090909091 0.28 0.1)
(0.6136363636 0.28 0.1)
(0.6181818182 0.28 0.1)
(0.6227272727 0.28 0.1)
(0.6272727273 0.28 0.1)
(0.6318181818 0.28 0.1)
(0.6363636364 0.28 0.1)
(0.6409090909 0.28 0.1)
(0.6454545455 0.28 0.1)
(0.65 0.28 0.1)
(0.6545454545 0.28 0.1)
(0.6590909091 0.28 0.1)
(0.6636363636 0.28 0.1)
(0.6681818182 0.28 0.1)
(0.6727272727 0.28 0.1)
(0.6772727273 0.28 0.1)
(0.6818181818 0.28 0.1)
(0.6863636364 0.28 0.1)
(0.6909090909 0.28 0.1)
(0.6954545455 0.28 0.1)
(0.7 0.28 0.1)
(0.7045454545 0.28 0.1)
(0.7090909091 0.28 0.1)
(0.7136363636 0.28 0.1)
(0.7181818182 0.28 0.1)
(0.7227272727 0.28 0.1)
(0.7272727273 0.28 0.1)
(0.7318181818 0.28 0.1)
(0.7363636364 0.28 0.1)
(0.7409090909 0.28 0.1)
(0.7454545455 0.28 0.1)
(0.75 0.28 0.1)
(0.7545454545 0.28 0.1)
(0.7590909091 0.28 0.1)
(0.7636363636 0.28 0.1)
(0.7681818182 0.28 0.1)
(0.7727272727 0.28 0.1)
(0.7772727273 0.28 0.1)
(0.7818181818 0.28 0.1)
(0.7863636364 0.28 0.1)
(0.7909090909 0.28 0.1)
(0.7954545455 0.28 0.1)
(0.8 0.28 0.1)
(0.8045454545 0.28 0.1)
(0.8090909091 0.28 0.1)
(0.8136363636 0.28 0.1)
(0.8181818182 0.28 0.1)
(0.8227272727 0.28 0.1)
(0.8272727273 0.28 0.1)
(0.8318181818 0.28 0.1)
(0.8363636364 0.28 0.1)
(0.8409090909 0.28 0.1)
(0.8454545455 0.28 0.1)
(0.85 0.28 0.1)
(0.8545454545 0.28 0.1)
(0.8590909091 0.28 0.1)
(0.8636363636 0.28 0.1)
(0.8681818182 0.28 0.1)
(0.8727272727 0.28 0.1)
(0.8772727273 0.28 0.1)
(0.8818181818 0.28 0.1)
(0.8863636364 0.28 0.1)
(0.8909090909 0.28 0.1)
(0.8954545455 0.28 0.1)
(0.9 0.28 0.1)
(0.9045454545 0.28 0.1)
(0.9090909091 0.28 0.1)
(0.9136363636 0.28 0.1)
(0.9181818182 0.28 0.1)
(0.9227272727 0.28 0.1)
(0.9272727273 0.28 0.1)
(0.9318181818 0.28 0.1)
(0.9363636364 0.28 0.1)
(0.9409090909 0.28 0.1)
(0.9454545455 0.28 0.1)
(0.95 0.28 0.1)
(0.9545454545 0.28 0.1)
(0.9590909091 0.28 0.1)
(0.9636363636 0.28 0.1)
(0.9681818182 0.28 0.1)
(0.9727272727 0.28 0.1)
(0.9772727273 0.28 0.1)
(0.9818181818 0.28 0.1)
(0.9863636364 0.28 0.1)
(0.9909090909 0.28 0.1)
(0.9954545455 0.28 0.1)
(1 0.28 0.1)
(0 0.2866666667 0.1)
(0.004545454545 0.2866666667 0.1)
(0.009090909091 0.2866666667 0.1)
(0.01363636364 0.2866666667 0.1)
(0.01818181818 0.2866666667 0.1)
(0.02272727273 0.2866666667 0.1)
(0.02727272727 0.2866666667 0.1)
(0.03181818182 0.2866666667 0.1)
(0.03636363636 0.2866666667 0.1)
(0.04090909091 0.2866666667 0.1)
(0.04545454545 0.2866666667 0.1)
(0.05 0.2866666667 0.1)
(0.05454545455 0.2866666667 0.1)
(0.05909090909 0.2866666667 0.1)
(0.06363636364 0.2866666667 0.1)
(0.06818181818 0.2866666667 0.1)
(0.07272727273 0.2866666667 0.1)
(0.07727272727 0.2866666667 0.1)
(0.08181818182 0.2866666667 0.1)
(0.08636363636 0.2866666667 0.1)
(0.09090909091 0.2866666667 0.1)
(0.09545454545 0.2866666667 0.1)
(0.1 0.2866666667 0.1)
(0.1045454545 0.2866666667 0.1)
(0.1090909091 0.2866666667 0.1)
(0.1136363636 0.2866666667 0.1)
(0.1181818182 0.2866666667 0.1)
(0.1227272727 0.2866666667 0.1)
(0.1272727273 0.2866666667 0.1)
(0.1318181818 0.2866666667 0.1)
(0.1363636364 0.2866666667 0.1)
(0.1409090909 0.2866666667 0.1)
(0.1454545455 0.2866666667 0.1)
(0.15 0.2866666667 0.1)
(0.1545454545 0.2866666667 0.1)
(0.1590909091 0.2866666667 0.1)
(0.1636363636 0.2866666667 0.1)
(0.1681818182 0.2866666667 0.1)
(0.1727272727 0.2866666667 0.1)
(0.1772727273 0.2866666667 0.1)
(0.1818181818 0.2866666667 0.1)
(0.1863636364 0.2866666667 0.1)
(0.1909090909 0.2866666667 0.1)
(0.1954545455 0.2866666667 0.1)
(0.2 0.2866666667 0.1)
(0.2045454545 0.2866666667 0.1)
(0.2090909091 0.2866666667 0.1)
(0.2136363636 0.2866666667 0.1)
(0.2181818182 0.2866666667 0.1)
(0.2227272727 0.2866666667 0.1)
(0.2272727273 0.2866666667 0.1)
(0.2318181818 0.2866666667 0.1)
(0.2363636364 0.2866666667 0.1)
(0.2409090909 0.2866666667 0.1)
(0.2454545455 0.2866666667 0.1)
(0.25 0.2866666667 0.1)
(0.2545454545 0.2866666667 0.1)
(0.2590909091 0.2866666667 0.1)
(0.2636363636 0.2866666667 0.1)
(0.2681818182 0.2866666667 0.1)
(0.2727272727 0.2866666667 0.1)
(0.2772727273 0.2866666667 0.1)
(0.2818181818 0.2866666667 0.1)
(0.2863636364 0.2866666667 0.1)
(0.2909090909 0.2866666667 0.1)
(0.2954545455 0.2866666667 0.1)
(0.3 0.2866666667 0.1)
(0.3045454545 0.2866666667 0.1)
(0.3090909091 0.2866666667 0.1)
(0.3136363636 0.2866666667 0.1)
(0.3181818182 0.2866666667 0.1)
(0.3227272727 0.2866666667 0.1)
(0.3272727273 0.2866666667 0.1)
(0.3318181818 0.2866666667 0.1)
(0.3363636364 0.2866666667 0.1)
(0.3409090909 0.2866666667 0.1)
(0.3454545455 0.2866666667 0.1)
(0.35 0.2866666667 0.1)
(0.3545454545 0.2866666667 0.1)
(0.3590909091 0.2866666667 0.1)
(0.3636363636 0.2866666667 0.1)
(0.3681818182 0.2866666667 0.1)
(0.3727272727 0.2866666667 0.1)
(0.3772727273 0.2866666667 0.1)
(0.3818181818 0.2866666667 0.1)
(0.3863636364 0.2866666667 0.1)
(0.3909090909 0.2866666667 0.1)
(0.3954545455 0.2866666667 0.1)
(0.4 0.2866666667 0.1)
(0.4045454545 0.2866666667 0.1)
(0.4090909091 0.2866666667 0.1)
(0.4136363636 0.2866666667 0.1)
(0.4181818182 0.2866666667 0.1)
(0.4227272727 0.2866666667 0.1)
(0.4272727273 0.2866666667 0.1)
(0.4318181818 0.2866666667 0.1)
(0.4363636364 0.2866666667 0.1)
(0.4409090909 0.2866666667 0.1)
(0.4454545455 0.2866666667 0.1)
(0.45 0.2866666667 0.1)
(0.4545454545 0.2866666667 0.1)
(0.4590909091 0.2866666667 0.1)
(0.4636363636 0.2866666667 0.1)
(0.4681818182 0.2866666667 0.1)
(0.4727272727 0.2866666667 0.1)
(0.4772727273 0.2866666667 0.1)
(0.4818181818 0.2866666667 0.1)
(0.4863636364 0.2866666667 0.1)
(0.4909090909 0.2866666667 0.1)
(0.4954545455 0.2866666667 0.1)
(0.5 0.2866666667 0.1)
(0.5045454545 0.2866666667 0.1)
(0.5090909091 0.2866666667 0.1)
(0.5136363636 0.2866666667 0.1)
(0.5181818182 0.2866666667 0.1)
(0.5227272727 0.2866666667 0.1)
(0.5272727273 0.2866666667 0.1)
(0.5318181818 0.2866666667 0.1)
(0.5363636364 0.2866666667 0.1)
(0.5409090909 0.2866666667 0.1)
(0.5454545455 0.2866666667 0.1)
(0.55 0.2866666667 0.1)
(0.5545454545 0.2866666667 0.1)
(0.5590909091 0.2866666667 0.1)
(0.5636363636 0.2866666667 0.1)
(0.5681818182 0.2866666667 0.1)
(0.5727272727 0.2866666667 0.1)
(0.5772727273 0.2866666667 0.1)
(0.5818181818 0.2866666667 0.1)
(0.5863636364 0.2866666667 0.1)
(0.5909090909 0.2866666667 0.1)
(0.5954545455 0.2866666667 0.1)
(0.6 0.2866666667 0.1)
(0.6045454545 0.2866666667 0.1)
(0.6090909091 0.2866666667 0.1)
(0.6136363636 0.2866666667 0.1)
(0.6181818182 0.2866666667 0.1)
(0.6227272727 0.2866666667 0.1)
(0.6272727273 0.2866666667 0.1)
(0.6318181818 0.2866666667 0.1)
(0.6363636364 0.2866666667 0.1)
(0.6409090909 0.2866666667 0.1)
(0.6454545455 0.2866666667 0.1)
(0.65 0.2866666667 0.1)
(0.6545454545 0.2866666667 0.1)
(0.6590909091 0.2866666667 0.1)
(0.6636363636 0.2866666667 0.1)
(0.6681818182 0.2866666667 0.1)
(0.6727272727 0.2866666667 0.1)
(0.6772727273 0.2866666667 0.1)
(0.6818181818 0.2866666667 0.1)
(0.6863636364 0.2866666667 0.1)
(0.6909090909 0.2866666667 0.1)
(0.6954545455 0.2866666667 0.1)
(0.7 0.2866666667 0.1)
(0.7045454545 0.2866666667 0.1)
(0.7090909091 0.2866666667 0.1)
(0.7136363636 0.2866666667 0.1)
(0.7181818182 0.2866666667 0.1)
(0.7227272727 0.2866666667 0.1)
(0.7272727273 0.2866666667 0.1)
(0.7318181818 0.2866666667 0.1)
(0.7363636364 0.2866666667 0.1)
(0.7409090909 0.2866666667 0.1)
(0.7454545455 0.2866666667 0.1)
(0.75 0.2866666667 0.1)
(0.7545454545 0.2866666667 0.1)
(0.7590909091 0.2866666667 0.1)
(0.7636363636 0.2866666667 0.1)
(0.7681818182 0.2866666667 0.1)
(0.7727272727 0.2866666667 0.1)
(0.7772727273 0.2866666667 0.1)
(0.7818181818 0.2866666667 0.1)
(0.7863636364 0.2866666667 0.1)
(0.7909090909 0.2866666667 0.1)
(0.7954545455 0.2866666667 0.1)
(0.8 0.2866666667 0.1)
(0.8045454545 0.2866666667 0.1)
(0.8090909091 0.2866666667 0.1)
(0.8136363636 0.2866666667 0.1)
(0.8181818182 0.2866666667 0.1)
(0.8227272727 0.2866666667 0.1)
(0.8272727273 0.2866666667 0.1)
(0.8318181818 0.2866666667 0.1)
(0.8363636364 0.2866666667 0.1)
(0.8409090909 0.2866666667 0.1)
(0.8454545455 0.2866666667 0.1)
(0.85 0.2866666667 0.1)
(0.8545454545 0.2866666667 0.1)
(0.8590909091 0.2866666667 0.1)
(0.8636363636 0.2866666667 0.1)
(0.8681818182 0.2866666667 0.1)
(0.8727272727 0.2866666667 0.1)
(0.8772727273 0.2866666667 0.1)
(0.8818181818 0.2866666667 0.1)
(0.8863636364 0.2866666667 0.1)
(0.8909090909 0.2866666667 0.1)
(0.8954545455 0.2866666667 0.1)
(0.9 0.2866666667 0.1)
(0.9045454545 0.2866666667 0.1)
(0.9090909091 0.2866666667 0.1)
(0.9136363636 0.2866666667 0.1)
(0.9181818182 0.2866666667 0.1)
(0.9227272727 0.2866666667 0.1)
(0.9272727273 0.2866666667 0.1)
(0.9318181818 0.2866666667 0.1)
(0.9363636364 0.2866666667 0.1)
(0.9409090909 0.2866666667 0.1)
(0.9454545455 0.2866666667 0.1)
(0.95 0.2866666667 0.1)
(0.9545454545 0.2866666667 0.1)
(0.9590909091 0.2866666667 0.1)
(0.9636363636 0.2866666667 0.1)
(0.9681818182 0.2866666667 0.1)
(0.9727272727 0.2866666667 0.1)
(0.9772727273 0.2866666667 0.1)
(0.9818181818 0.2866666667 0.1)
(0.9863636364 0.2866666667 0.1)
(0.9909090909 0.2866666667 0.1)
(0.9954545455 0.2866666667 0.1)
(1 0.2866666667 0.1)
(0 0.2933333333 0.1)
(0.004545454545 0.2933333333 0.1)
(0.009090909091 0.2933333333 0.1)
(0.01363636364 0.2933333333 0.1)
(0.01818181818 0.2933333333 0.1)
(0.02272727273 0.2933333333 0.1)
(0.02727272727 0.2933333333 0.1)
(0.03181818182 0.2933333333 0.1)
(0.03636363636 0.2933333333 0.1)
(0.04090909091 0.2933333333 0.1)
(0.04545454545 0.2933333333 0.1)
(0.05 0.2933333333 0.1)
(0.05454545455 0.2933333333 0.1)
(0.05909090909 0.2933333333 0.1)
(0.06363636364 0.2933333333 0.1)
(0.06818181818 0.2933333333 0.1)
(0.07272727273 0.2933333333 0.1)
(0.07727272727 0.2933333333 0.1)
(0.08181818182 0.2933333333 0.1)
(0.08636363636 0.2933333333 0.1)
(0.09090909091 0.2933333333 0.1)
(0.09545454545 0.2933333333 0.1)
(0.1 0.2933333333 0.1)
(0.1045454545 0.2933333333 0.1)
(0.1090909091 0.2933333333 0.1)
(0.1136363636 0.2933333333 0.1)
(0.1181818182 0.2933333333 0.1)
(0.1227272727 0.2933333333 0.1)
(0.1272727273 0.2933333333 0.1)
(0.1318181818 0.2933333333 0.1)
(0.1363636364 0.2933333333 0.1)
(0.1409090909 0.2933333333 0.1)
(0.1454545455 0.2933333333 0.1)
(0.15 0.2933333333 0.1)
(0.1545454545 0.2933333333 0.1)
(0.1590909091 0.2933333333 0.1)
(0.1636363636 0.2933333333 0.1)
(0.1681818182 0.2933333333 0.1)
(0.1727272727 0.2933333333 0.1)
(0.1772727273 0.2933333333 0.1)
(0.1818181818 0.2933333333 0.1)
(0.1863636364 0.2933333333 0.1)
(0.1909090909 0.2933333333 0.1)
(0.1954545455 0.2933333333 0.1)
(0.2 0.2933333333 0.1)
(0.2045454545 0.2933333333 0.1)
(0.2090909091 0.2933333333 0.1)
(0.2136363636 0.2933333333 0.1)
(0.2181818182 0.2933333333 0.1)
(0.2227272727 0.2933333333 0.1)
(0.2272727273 0.2933333333 0.1)
(0.2318181818 0.2933333333 0.1)
(0.2363636364 0.2933333333 0.1)
(0.2409090909 0.2933333333 0.1)
(0.2454545455 0.2933333333 0.1)
(0.25 0.2933333333 0.1)
(0.2545454545 0.2933333333 0.1)
(0.2590909091 0.2933333333 0.1)
(0.2636363636 0.2933333333 0.1)
(0.2681818182 0.2933333333 0.1)
(0.2727272727 0.2933333333 0.1)
(0.2772727273 0.2933333333 0.1)
(0.2818181818 0.2933333333 0.1)
(0.2863636364 0.2933333333 0.1)
(0.2909090909 0.2933333333 0.1)
(0.2954545455 0.2933333333 0.1)
(0.3 0.2933333333 0.1)
(0.3045454545 0.2933333333 0.1)
(0.3090909091 0.2933333333 0.1)
(0.3136363636 0.2933333333 0.1)
(0.3181818182 0.2933333333 0.1)
(0.3227272727 0.2933333333 0.1)
(0.3272727273 0.2933333333 0.1)
(0.3318181818 0.2933333333 0.1)
(0.3363636364 0.2933333333 0.1)
(0.3409090909 0.2933333333 0.1)
(0.3454545455 0.2933333333 0.1)
(0.35 0.2933333333 0.1)
(0.3545454545 0.2933333333 0.1)
(0.3590909091 0.2933333333 0.1)
(0.3636363636 0.2933333333 0.1)
(0.3681818182 0.2933333333 0.1)
(0.3727272727 0.2933333333 0.1)
(0.3772727273 0.2933333333 0.1)
(0.3818181818 0.2933333333 0.1)
(0.3863636364 0.2933333333 0.1)
(0.3909090909 0.2933333333 0.1)
(0.3954545455 0.2933333333 0.1)
(0.4 0.2933333333 0.1)
(0.4045454545 0.2933333333 0.1)
(0.4090909091 0.2933333333 0.1)
(0.4136363636 0.2933333333 0.1)
(0.4181818182 0.2933333333 0.1)
(0.4227272727 0.2933333333 0.1)
(0.4272727273 0.2933333333 0.1)
(0.4318181818 0.2933333333 0.1)
(0.4363636364 0.2933333333 0.1)
(0.4409090909 0.2933333333 0.1)
(0.4454545455 0.2933333333 0.1)
(0.45 0.2933333333 0.1)
(0.4545454545 0.2933333333 0.1)
(0.4590909091 0.2933333333 0.1)
(0.4636363636 0.2933333333 0.1)
(0.4681818182 0.2933333333 0.1)
(0.4727272727 0.2933333333 0.1)
(0.4772727273 0.2933333333 0.1)
(0.4818181818 0.2933333333 0.1)
(0.4863636364 0.2933333333 0.1)
(0.4909090909 0.2933333333 0.1)
(0.4954545455 0.2933333333 0.1)
(0.5 0.2933333333 0.1)
(0.5045454545 0.2933333333 0.1)
(0.5090909091 0.2933333333 0.1)
(0.5136363636 0.2933333333 0.1)
(0.5181818182 0.2933333333 0.1)
(0.5227272727 0.2933333333 0.1)
(0.5272727273 0.2933333333 0.1)
(0.5318181818 0.2933333333 0.1)
(0.5363636364 0.2933333333 0.1)
(0.5409090909 0.2933333333 0.1)
(0.5454545455 0.2933333333 0.1)
(0.55 0.2933333333 0.1)
(0.5545454545 0.2933333333 0.1)
(0.5590909091 0.2933333333 0.1)
(0.5636363636 0.2933333333 0.1)
(0.5681818182 0.2933333333 0.1)
(0.5727272727 0.2933333333 0.1)
(0.5772727273 0.2933333333 0.1)
(0.5818181818 0.2933333333 0.1)
(0.5863636364 0.2933333333 0.1)
(0.5909090909 0.2933333333 0.1)
(0.5954545455 0.2933333333 0.1)
(0.6 0.2933333333 0.1)
(0.6045454545 0.2933333333 0.1)
(0.6090909091 0.2933333333 0.1)
(0.6136363636 0.2933333333 0.1)
(0.6181818182 0.2933333333 0.1)
(0.6227272727 0.2933333333 0.1)
(0.6272727273 0.2933333333 0.1)
(0.6318181818 0.2933333333 0.1)
(0.6363636364 0.2933333333 0.1)
(0.6409090909 0.2933333333 0.1)
(0.6454545455 0.2933333333 0.1)
(0.65 0.2933333333 0.1)
(0.6545454545 0.2933333333 0.1)
(0.6590909091 0.2933333333 0.1)
(0.6636363636 0.2933333333 0.1)
(0.6681818182 0.2933333333 0.1)
(0.6727272727 0.2933333333 0.1)
(0.6772727273 0.2933333333 0.1)
(0.6818181818 0.2933333333 0.1)
(0.6863636364 0.2933333333 0.1)
(0.6909090909 0.2933333333 0.1)
(0.6954545455 0.2933333333 0.1)
(0.7 0.2933333333 0.1)
(0.7045454545 0.2933333333 0.1)
(0.7090909091 0.2933333333 0.1)
(0.7136363636 0.2933333333 0.1)
(0.7181818182 0.2933333333 0.1)
(0.7227272727 0.2933333333 0.1)
(0.7272727273 0.2933333333 0.1)
(0.7318181818 0.2933333333 0.1)
(0.7363636364 0.2933333333 0.1)
(0.7409090909 0.2933333333 0.1)
(0.7454545455 0.2933333333 0.1)
(0.75 0.2933333333 0.1)
(0.7545454545 0.2933333333 0.1)
(0.7590909091 0.2933333333 0.1)
(0.7636363636 0.2933333333 0.1)
(0.7681818182 0.2933333333 0.1)
(0.7727272727 0.2933333333 0.1)
(0.7772727273 0.2933333333 0.1)
(0.7818181818 0.2933333333 0.1)
(0.7863636364 0.2933333333 0.1)
(0.7909090909 0.2933333333 0.1)
(0.7954545455 0.2933333333 0.1)
(0.8 0.2933333333 0.1)
(0.8045454545 0.2933333333 0.1)
(0.8090909091 0.2933333333 0.1)
(0.8136363636 0.2933333333 0.1)
(0.8181818182 0.2933333333 0.1)
(0.8227272727 0.2933333333 0.1)
(0.8272727273 0.2933333333 0.1)
(0.8318181818 0.2933333333 0.1)
(0.8363636364 0.2933333333 0.1)
(0.8409090909 0.2933333333 0.1)
(0.8454545455 0.2933333333 0.1)
(0.85 0.2933333333 0.1)
(0.8545454545 0.2933333333 0.1)
(0.8590909091 0.2933333333 0.1)
(0.8636363636 0.2933333333 0.1)
(0.8681818182 0.2933333333 0.1)
(0.8727272727 0.2933333333 0.1)
(0.8772727273 0.2933333333 0.1)
(0.8818181818 0.2933333333 0.1)
(0.8863636364 0.2933333333 0.1)
(0.8909090909 0.2933333333 0.1)
(0.8954545455 0.2933333333 0.1)
(0.9 0.2933333333 0.1)
(0.9045454545 0.2933333333 0.1)
(0.9090909091 0.2933333333 0.1)
(0.9136363636 0.2933333333 0.1)
(0.9181818182 0.2933333333 0.1)
(0.9227272727 0.2933333333 0.1)
(0.9272727273 0.2933333333 0.1)
(0.9318181818 0.2933333333 0.1)
(0.9363636364 0.2933333333 0.1)
(0.9409090909 0.2933333333 0.1)
(0.9454545455 0.2933333333 0.1)
(0.95 0.2933333333 0.1)
(0.9545454545 0.2933333333 0.1)
(0.9590909091 0.2933333333 0.1)
(0.9636363636 0.2933333333 0.1)
(0.9681818182 0.2933333333 0.1)
(0.9727272727 0.2933333333 0.1)
(0.9772727273 0.2933333333 0.1)
(0.9818181818 0.2933333333 0.1)
(0.9863636364 0.2933333333 0.1)
(0.9909090909 0.2933333333 0.1)
(0.9954545455 0.2933333333 0.1)
(1 0.2933333333 0.1)
(0 0.3 0.1)
(0.004545454545 0.3 0.1)
(0.009090909091 0.3 0.1)
(0.01363636364 0.3 0.1)
(0.01818181818 0.3 0.1)
(0.02272727273 0.3 0.1)
(0.02727272727 0.3 0.1)
(0.03181818182 0.3 0.1)
(0.03636363636 0.3 0.1)
(0.04090909091 0.3 0.1)
(0.04545454545 0.3 0.1)
(0.05 0.3 0.1)
(0.05454545455 0.3 0.1)
(0.05909090909 0.3 0.1)
(0.06363636364 0.3 0.1)
(0.06818181818 0.3 0.1)
(0.07272727273 0.3 0.1)
(0.07727272727 0.3 0.1)
(0.08181818182 0.3 0.1)
(0.08636363636 0.3 0.1)
(0.09090909091 0.3 0.1)
(0.09545454545 0.3 0.1)
(0.1 0.3 0.1)
(0.1045454545 0.3 0.1)
(0.1090909091 0.3 0.1)
(0.1136363636 0.3 0.1)
(0.1181818182 0.3 0.1)
(0.1227272727 0.3 0.1)
(0.1272727273 0.3 0.1)
(0.1318181818 0.3 0.1)
(0.1363636364 0.3 0.1)
(0.1409090909 0.3 0.1)
(0.1454545455 0.3 0.1)
(0.15 0.3 0.1)
(0.1545454545 0.3 0.1)
(0.1590909091 0.3 0.1)
(0.1636363636 0.3 0.1)
(0.1681818182 0.3 0.1)
(0.1727272727 0.3 0.1)
(0.1772727273 0.3 0.1)
(0.1818181818 0.3 0.1)
(0.1863636364 0.3 0.1)
(0.1909090909 0.3 0.1)
(0.1954545455 0.3 0.1)
(0.2 0.3 0.1)
(0.2045454545 0.3 0.1)
(0.2090909091 0.3 0.1)
(0.2136363636 0.3 0.1)
(0.2181818182 0.3 0.1)
(0.2227272727 0.3 0.1)
(0.2272727273 0.3 0.1)
(0.2318181818 0.3 0.1)
(0.2363636364 0.3 0.1)
(0.2409090909 0.3 0.1)
(0.2454545455 0.3 0.1)
(0.25 0.3 0.1)
(0.2545454545 0.3 0.1)
(0.2590909091 0.3 0.1)
(0.2636363636 0.3 0.1)
(0.2681818182 0.3 0.1)
(0.2727272727 0.3 0.1)
(0.2772727273 0.3 0.1)
(0.2818181818 0.3 0.1)
(0.2863636364 0.3 0.1)
(0.2909090909 0.3 0.1)
(0.2954545455 0.3 0.1)
(0.3 0.3 0.1)
(0.3045454545 0.3 0.1)
(0.3090909091 0.3 0.1)
(0.3136363636 0.3 0.1)
(0.3181818182 0.3 0.1)
(0.3227272727 0.3 0.1)
(0.3272727273 0.3 0.1)
(0.3318181818 0.3 0.1)
(0.3363636364 0.3 0.1)
(0.3409090909 0.3 0.1)
(0.3454545455 0.3 0.1)
(0.35 0.3 0.1)
(0.3545454545 0.3 0.1)
(0.3590909091 0.3 0.1)
(0.3636363636 0.3 0.1)
(0.3681818182 0.3 0.1)
(0.3727272727 0.3 0.1)
(0.3772727273 0.3 0.1)
(0.3818181818 0.3 0.1)
(0.3863636364 0.3 0.1)
(0.3909090909 0.3 0.1)
(0.3954545455 0.3 0.1)
(0.4 0.3 0.1)
(0.4045454545 0.3 0.1)
(0.4090909091 0.3 0.1)
(0.4136363636 0.3 0.1)
(0.4181818182 0.3 0.1)
(0.4227272727 0.3 0.1)
(0.4272727273 0.3 0.1)
(0.4318181818 0.3 0.1)
(0.4363636364 0.3 0.1)
(0.4409090909 0.3 0.1)
(0.4454545455 0.3 0.1)
(0.45 0.3 0.1)
(0.4545454545 0.3 0.1)
(0.4590909091 0.3 0.1)
(0.4636363636 0.3 0.1)
(0.4681818182 0.3 0.1)
(0.4727272727 0.3 0.1)
(0.4772727273 0.3 0.1)
(0.4818181818 0.3 0.1)
(0.4863636364 0.3 0.1)
(0.4909090909 0.3 0.1)
(0.4954545455 0.3 0.1)
(0.5 0.3 0.1)
(0.5045454545 0.3 0.1)
(0.5090909091 0.3 0.1)
(0.5136363636 0.3 0.1)
(0.5181818182 0.3 0.1)
(0.5227272727 0.3 0.1)
(0.5272727273 0.3 0.1)
(0.5318181818 0.3 0.1)
(0.5363636364 0.3 0.1)
(0.5409090909 0.3 0.1)
(0.5454545455 0.3 0.1)
(0.55 0.3 0.1)
(0.5545454545 0.3 0.1)
(0.5590909091 0.3 0.1)
(0.5636363636 0.3 0.1)
(0.5681818182 0.3 0.1)
(0.5727272727 0.3 0.1)
(0.5772727273 0.3 0.1)
(0.5818181818 0.3 0.1)
(0.5863636364 0.3 0.1)
(0.5909090909 0.3 0.1)
(0.5954545455 0.3 0.1)
(0.6 0.3 0.1)
(0.6045454545 0.3 0.1)
(0.6090909091 0.3 0.1)
(0.6136363636 0.3 0.1)
(0.6181818182 0.3 0.1)
(0.6227272727 0.3 0.1)
(0.6272727273 0.3 0.1)
(0.6318181818 0.3 0.1)
(0.6363636364 0.3 0.1)
(0.6409090909 0.3 0.1)
(0.6454545455 0.3 0.1)
(0.65 0.3 0.1)
(0.6545454545 0.3 0.1)
(0.6590909091 0.3 0.1)
(0.6636363636 0.3 0.1)
(0.6681818182 0.3 0.1)
(0.6727272727 0.3 0.1)
(0.6772727273 0.3 0.1)
(0.6818181818 0.3 0.1)
(0.6863636364 0.3 0.1)
(0.6909090909 0.3 0.1)
(0.6954545455 0.3 0.1)
(0.7 0.3 0.1)
(0.7045454545 0.3 0.1)
(0.7090909091 0.3 0.1)
(0.7136363636 0.3 0.1)
(0.7181818182 0.3 0.1)
(0.7227272727 0.3 0.1)
(0.7272727273 0.3 0.1)
(0.7318181818 0.3 0.1)
(0.7363636364 0.3 0.1)
(0.7409090909 0.3 0.1)
(0.7454545455 0.3 0.1)
(0.75 0.3 0.1)
(0.7545454545 0.3 0.1)
(0.7590909091 0.3 0.1)
(0.7636363636 0.3 0.1)
(0.7681818182 0.3 0.1)
(0.7727272727 0.3 0.1)
(0.7772727273 0.3 0.1)
(0.7818181818 0.3 0.1)
(0.7863636364 0.3 0.1)
(0.7909090909 0.3 0.1)
(0.7954545455 0.3 0.1)
(0.8 0.3 0.1)
(0.8045454545 0.3 0.1)
(0.8090909091 0.3 0.1)
(0.8136363636 0.3 0.1)
(0.8181818182 0.3 0.1)
(0.8227272727 0.3 0.1)
(0.8272727273 0.3 0.1)
(0.8318181818 0.3 0.1)
(0.8363636364 0.3 0.1)
(0.8409090909 0.3 0.1)
(0.8454545455 0.3 0.1)
(0.85 0.3 0.1)
(0.8545454545 0.3 0.1)
(0.8590909091 0.3 0.1)
(0.8636363636 0.3 0.1)
(0.8681818182 0.3 0.1)
(0.8727272727 0.3 0.1)
(0.8772727273 0.3 0.1)
(0.8818181818 0.3 0.1)
(0.8863636364 0.3 0.1)
(0.8909090909 0.3 0.1)
(0.8954545455 0.3 0.1)
(0.9 0.3 0.1)
(0.9045454545 0.3 0.1)
(0.9090909091 0.3 0.1)
(0.9136363636 0.3 0.1)
(0.9181818182 0.3 0.1)
(0.9227272727 0.3 0.1)
(0.9272727273 0.3 0.1)
(0.9318181818 0.3 0.1)
(0.9363636364 0.3 0.1)
(0.9409090909 0.3 0.1)
(0.9454545455 0.3 0.1)
(0.95 0.3 0.1)
(0.9545454545 0.3 0.1)
(0.9590909091 0.3 0.1)
(0.9636363636 0.3 0.1)
(0.9681818182 0.3 0.1)
(0.9727272727 0.3 0.1)
(0.9772727273 0.3 0.1)
(0.9818181818 0.3 0.1)
(0.9863636364 0.3 0.1)
(0.9909090909 0.3 0.1)
(0.9954545455 0.3 0.1)
(1 0.3 0.1)
(0 0.3066666667 0.1)
(0.004545454545 0.3066666667 0.1)
(0.009090909091 0.3066666667 0.1)
(0.01363636364 0.3066666667 0.1)
(0.01818181818 0.3066666667 0.1)
(0.02272727273 0.3066666667 0.1)
(0.02727272727 0.3066666667 0.1)
(0.03181818182 0.3066666667 0.1)
(0.03636363636 0.3066666667 0.1)
(0.04090909091 0.3066666667 0.1)
(0.04545454545 0.3066666667 0.1)
(0.05 0.3066666667 0.1)
(0.05454545455 0.3066666667 0.1)
(0.05909090909 0.3066666667 0.1)
(0.06363636364 0.3066666667 0.1)
(0.06818181818 0.3066666667 0.1)
(0.07272727273 0.3066666667 0.1)
(0.07727272727 0.3066666667 0.1)
(0.08181818182 0.3066666667 0.1)
(0.08636363636 0.3066666667 0.1)
(0.09090909091 0.3066666667 0.1)
(0.09545454545 0.3066666667 0.1)
(0.1 0.3066666667 0.1)
(0.1045454545 0.3066666667 0.1)
(0.1090909091 0.3066666667 0.1)
(0.1136363636 0.3066666667 0.1)
(0.1181818182 0.3066666667 0.1)
(0.1227272727 0.3066666667 0.1)
(0.1272727273 0.3066666667 0.1)
(0.1318181818 0.3066666667 0.1)
(0.1363636364 0.3066666667 0.1)
(0.1409090909 0.3066666667 0.1)
(0.1454545455 0.3066666667 0.1)
(0.15 0.3066666667 0.1)
(0.1545454545 0.3066666667 0.1)
(0.1590909091 0.3066666667 0.1)
(0.1636363636 0.3066666667 0.1)
(0.1681818182 0.3066666667 0.1)
(0.1727272727 0.3066666667 0.1)
(0.1772727273 0.3066666667 0.1)
(0.1818181818 0.3066666667 0.1)
(0.1863636364 0.3066666667 0.1)
(0.1909090909 0.3066666667 0.1)
(0.1954545455 0.3066666667 0.1)
(0.2 0.3066666667 0.1)
(0.2045454545 0.3066666667 0.1)
(0.2090909091 0.3066666667 0.1)
(0.2136363636 0.3066666667 0.1)
(0.2181818182 0.3066666667 0.1)
(0.2227272727 0.3066666667 0.1)
(0.2272727273 0.3066666667 0.1)
(0.2318181818 0.3066666667 0.1)
(0.2363636364 0.3066666667 0.1)
(0.2409090909 0.3066666667 0.1)
(0.2454545455 0.3066666667 0.1)
(0.25 0.3066666667 0.1)
(0.2545454545 0.3066666667 0.1)
(0.2590909091 0.3066666667 0.1)
(0.2636363636 0.3066666667 0.1)
(0.2681818182 0.3066666667 0.1)
(0.2727272727 0.3066666667 0.1)
(0.2772727273 0.3066666667 0.1)
(0.2818181818 0.3066666667 0.1)
(0.2863636364 0.3066666667 0.1)
(0.2909090909 0.3066666667 0.1)
(0.2954545455 0.3066666667 0.1)
(0.3 0.3066666667 0.1)
(0.3045454545 0.3066666667 0.1)
(0.3090909091 0.3066666667 0.1)
(0.3136363636 0.3066666667 0.1)
(0.3181818182 0.3066666667 0.1)
(0.3227272727 0.3066666667 0.1)
(0.3272727273 0.3066666667 0.1)
(0.3318181818 0.3066666667 0.1)
(0.3363636364 0.3066666667 0.1)
(0.3409090909 0.3066666667 0.1)
(0.3454545455 0.3066666667 0.1)
(0.35 0.3066666667 0.1)
(0.3545454545 0.3066666667 0.1)
(0.3590909091 0.3066666667 0.1)
(0.3636363636 0.3066666667 0.1)
(0.3681818182 0.3066666667 0.1)
(0.3727272727 0.3066666667 0.1)
(0.3772727273 0.3066666667 0.1)
(0.3818181818 0.3066666667 0.1)
(0.3863636364 0.3066666667 0.1)
(0.3909090909 0.3066666667 0.1)
(0.3954545455 0.3066666667 0.1)
(0.4 0.3066666667 0.1)
(0.4045454545 0.3066666667 0.1)
(0.4090909091 0.3066666667 0.1)
(0.4136363636 0.3066666667 0.1)
(0.4181818182 0.3066666667 0.1)
(0.4227272727 0.3066666667 0.1)
(0.4272727273 0.3066666667 0.1)
(0.4318181818 0.3066666667 0.1)
(0.4363636364 0.3066666667 0.1)
(0.4409090909 0.3066666667 0.1)
(0.4454545455 0.3066666667 0.1)
(0.45 0.3066666667 0.1)
(0.4545454545 0.3066666667 0.1)
(0.4590909091 0.3066666667 0.1)
(0.4636363636 0.3066666667 0.1)
(0.4681818182 0.3066666667 0.1)
(0.4727272727 0.3066666667 0.1)
(0.4772727273 0.3066666667 0.1)
(0.4818181818 0.3066666667 0.1)
(0.4863636364 0.3066666667 0.1)
(0.4909090909 0.3066666667 0.1)
(0.4954545455 0.3066666667 0.1)
(0.5 0.3066666667 0.1)
(0.5045454545 0.3066666667 0.1)
(0.5090909091 0.3066666667 0.1)
(0.5136363636 0.3066666667 0.1)
(0.5181818182 0.3066666667 0.1)
(0.5227272727 0.3066666667 0.1)
(0.5272727273 0.3066666667 0.1)
(0.5318181818 0.3066666667 0.1)
(0.5363636364 0.3066666667 0.1)
(0.5409090909 0.3066666667 0.1)
(0.5454545455 0.3066666667 0.1)
(0.55 0.3066666667 0.1)
(0.5545454545 0.3066666667 0.1)
(0.5590909091 0.3066666667 0.1)
(0.5636363636 0.3066666667 0.1)
(0.5681818182 0.3066666667 0.1)
(0.5727272727 0.3066666667 0.1)
(0.5772727273 0.3066666667 0.1)
(0.5818181818 0.3066666667 0.1)
(0.5863636364 0.3066666667 0.1)
(0.5909090909 0.3066666667 0.1)
(0.5954545455 0.3066666667 0.1)
(0.6 0.3066666667 0.1)
(0.6045454545 0.3066666667 0.1)
(0.6090909091 0.3066666667 0.1)
(0.6136363636 0.3066666667 0.1)
(0.6181818182 0.3066666667 0.1)
(0.6227272727 0.3066666667 0.1)
(0.6272727273 0.3066666667 0.1)
(0.6318181818 0.3066666667 0.1)
(0.6363636364 0.3066666667 0.1)
(0.6409090909 0.3066666667 0.1)
(0.6454545455 0.3066666667 0.1)
(0.65 0.3066666667 0.1)
(0.6545454545 0.3066666667 0.1)
(0.6590909091 0.3066666667 0.1)
(0.6636363636 0.3066666667 0.1)
(0.6681818182 0.3066666667 0.1)
(0.6727272727 0.3066666667 0.1)
(0.6772727273 0.3066666667 0.1)
(0.6818181818 0.3066666667 0.1)
(0.6863636364 0.3066666667 0.1)
(0.6909090909 0.3066666667 0.1)
(0.6954545455 0.3066666667 0.1)
(0.7 0.3066666667 0.1)
(0.7045454545 0.3066666667 0.1)
(0.7090909091 0.3066666667 0.1)
(0.7136363636 0.3066666667 0.1)
(0.7181818182 0.3066666667 0.1)
(0.7227272727 0.3066666667 0.1)
(0.7272727273 0.3066666667 0.1)
(0.7318181818 0.3066666667 0.1)
(0.7363636364 0.3066666667 0.1)
(0.7409090909 0.3066666667 0.1)
(0.7454545455 0.3066666667 0.1)
(0.75 0.3066666667 0.1)
(0.7545454545 0.3066666667 0.1)
(0.7590909091 0.3066666667 0.1)
(0.7636363636 0.3066666667 0.1)
(0.7681818182 0.3066666667 0.1)
(0.7727272727 0.3066666667 0.1)
(0.7772727273 0.3066666667 0.1)
(0.7818181818 0.3066666667 0.1)
(0.7863636364 0.3066666667 0.1)
(0.7909090909 0.3066666667 0.1)
(0.7954545455 0.3066666667 0.1)
(0.8 0.3066666667 0.1)
(0.8045454545 0.3066666667 0.1)
(0.8090909091 0.3066666667 0.1)
(0.8136363636 0.3066666667 0.1)
(0.8181818182 0.3066666667 0.1)
(0.8227272727 0.3066666667 0.1)
(0.8272727273 0.3066666667 0.1)
(0.8318181818 0.3066666667 0.1)
(0.8363636364 0.3066666667 0.1)
(0.8409090909 0.3066666667 0.1)
(0.8454545455 0.3066666667 0.1)
(0.85 0.3066666667 0.1)
(0.8545454545 0.3066666667 0.1)
(0.8590909091 0.3066666667 0.1)
(0.8636363636 0.3066666667 0.1)
(0.8681818182 0.3066666667 0.1)
(0.8727272727 0.3066666667 0.1)
(0.8772727273 0.3066666667 0.1)
(0.8818181818 0.3066666667 0.1)
(0.8863636364 0.3066666667 0.1)
(0.8909090909 0.3066666667 0.1)
(0.8954545455 0.3066666667 0.1)
(0.9 0.3066666667 0.1)
(0.9045454545 0.3066666667 0.1)
(0.9090909091 0.3066666667 0.1)
(0.9136363636 0.3066666667 0.1)
(0.9181818182 0.3066666667 0.1)
(0.9227272727 0.3066666667 0.1)
(0.9272727273 0.3066666667 0.1)
(0.9318181818 0.3066666667 0.1)
(0.9363636364 0.3066666667 0.1)
(0.9409090909 0.3066666667 0.1)
(0.9454545455 0.3066666667 0.1)
(0.95 0.3066666667 0.1)
(0.9545454545 0.3066666667 0.1)
(0.9590909091 0.3066666667 0.1)
(0.9636363636 0.3066666667 0.1)
(0.9681818182 0.3066666667 0.1)
(0.9727272727 0.3066666667 0.1)
(0.9772727273 0.3066666667 0.1)
(0.9818181818 0.3066666667 0.1)
(0.9863636364 0.3066666667 0.1)
(0.9909090909 0.3066666667 0.1)
(0.9954545455 0.3066666667 0.1)
(1 0.3066666667 0.1)
(0 0.3133333333 0.1)
(0.004545454545 0.3133333333 0.1)
(0.009090909091 0.3133333333 0.1)
(0.01363636364 0.3133333333 0.1)
(0.01818181818 0.3133333333 0.1)
(0.02272727273 0.3133333333 0.1)
(0.02727272727 0.3133333333 0.1)
(0.03181818182 0.3133333333 0.1)
(0.03636363636 0.3133333333 0.1)
(0.04090909091 0.3133333333 0.1)
(0.04545454545 0.3133333333 0.1)
(0.05 0.3133333333 0.1)
(0.05454545455 0.3133333333 0.1)
(0.05909090909 0.3133333333 0.1)
(0.06363636364 0.3133333333 0.1)
(0.06818181818 0.3133333333 0.1)
(0.07272727273 0.3133333333 0.1)
(0.07727272727 0.3133333333 0.1)
(0.08181818182 0.3133333333 0.1)
(0.08636363636 0.3133333333 0.1)
(0.09090909091 0.3133333333 0.1)
(0.09545454545 0.3133333333 0.1)
(0.1 0.3133333333 0.1)
(0.1045454545 0.3133333333 0.1)
(0.1090909091 0.3133333333 0.1)
(0.1136363636 0.3133333333 0.1)
(0.1181818182 0.3133333333 0.1)
(0.1227272727 0.3133333333 0.1)
(0.1272727273 0.3133333333 0.1)
(0.1318181818 0.3133333333 0.1)
(0.1363636364 0.3133333333 0.1)
(0.1409090909 0.3133333333 0.1)
(0.1454545455 0.3133333333 0.1)
(0.15 0.3133333333 0.1)
(0.1545454545 0.3133333333 0.1)
(0.1590909091 0.3133333333 0.1)
(0.1636363636 0.3133333333 0.1)
(0.1681818182 0.3133333333 0.1)
(0.1727272727 0.3133333333 0.1)
(0.1772727273 0.3133333333 0.1)
(0.1818181818 0.3133333333 0.1)
(0.1863636364 0.3133333333 0.1)
(0.1909090909 0.3133333333 0.1)
(0.1954545455 0.3133333333 0.1)
(0.2 0.3133333333 0.1)
(0.2045454545 0.3133333333 0.1)
(0.2090909091 0.3133333333 0.1)
(0.2136363636 0.3133333333 0.1)
(0.2181818182 0.3133333333 0.1)
(0.2227272727 0.3133333333 0.1)
(0.2272727273 0.3133333333 0.1)
(0.2318181818 0.3133333333 0.1)
(0.2363636364 0.3133333333 0.1)
(0.2409090909 0.3133333333 0.1)
(0.2454545455 0.3133333333 0.1)
(0.25 0.3133333333 0.1)
(0.2545454545 0.3133333333 0.1)
(0.2590909091 0.3133333333 0.1)
(0.2636363636 0.3133333333 0.1)
(0.2681818182 0.3133333333 0.1)
(0.2727272727 0.3133333333 0.1)
(0.2772727273 0.3133333333 0.1)
(0.2818181818 0.3133333333 0.1)
(0.2863636364 0.3133333333 0.1)
(0.2909090909 0.3133333333 0.1)
(0.2954545455 0.3133333333 0.1)
(0.3 0.3133333333 0.1)
(0.3045454545 0.3133333333 0.1)
(0.3090909091 0.3133333333 0.1)
(0.3136363636 0.3133333333 0.1)
(0.3181818182 0.3133333333 0.1)
(0.3227272727 0.3133333333 0.1)
(0.3272727273 0.3133333333 0.1)
(0.3318181818 0.3133333333 0.1)
(0.3363636364 0.3133333333 0.1)
(0.3409090909 0.3133333333 0.1)
(0.3454545455 0.3133333333 0.1)
(0.35 0.3133333333 0.1)
(0.3545454545 0.3133333333 0.1)
(0.3590909091 0.3133333333 0.1)
(0.3636363636 0.3133333333 0.1)
(0.3681818182 0.3133333333 0.1)
(0.3727272727 0.3133333333 0.1)
(0.3772727273 0.3133333333 0.1)
(0.3818181818 0.3133333333 0.1)
(0.3863636364 0.3133333333 0.1)
(0.3909090909 0.3133333333 0.1)
(0.3954545455 0.3133333333 0.1)
(0.4 0.3133333333 0.1)
(0.4045454545 0.3133333333 0.1)
(0.4090909091 0.3133333333 0.1)
(0.4136363636 0.3133333333 0.1)
(0.4181818182 0.3133333333 0.1)
(0.4227272727 0.3133333333 0.1)
(0.4272727273 0.3133333333 0.1)
(0.4318181818 0.3133333333 0.1)
(0.4363636364 0.3133333333 0.1)
(0.4409090909 0.3133333333 0.1)
(0.4454545455 0.3133333333 0.1)
(0.45 0.3133333333 0.1)
(0.4545454545 0.3133333333 0.1)
(0.4590909091 0.3133333333 0.1)
(0.4636363636 0.3133333333 0.1)
(0.4681818182 0.3133333333 0.1)
(0.4727272727 0.3133333333 0.1)
(0.4772727273 0.3133333333 0.1)
(0.4818181818 0.3133333333 0.1)
(0.4863636364 0.3133333333 0.1)
(0.4909090909 0.3133333333 0.1)
(0.4954545455 0.3133333333 0.1)
(0.5 0.3133333333 0.1)
(0.5045454545 0.3133333333 0.1)
(0.5090909091 0.3133333333 0.1)
(0.5136363636 0.3133333333 0.1)
(0.5181818182 0.3133333333 0.1)
(0.5227272727 0.3133333333 0.1)
(0.5272727273 0.3133333333 0.1)
(0.5318181818 0.3133333333 0.1)
(0.5363636364 0.3133333333 0.1)
(0.5409090909 0.3133333333 0.1)
(0.5454545455 0.3133333333 0.1)
(0.55 0.3133333333 0.1)
(0.5545454545 0.3133333333 0.1)
(0.5590909091 0.3133333333 0.1)
(0.5636363636 0.3133333333 0.1)
(0.5681818182 0.3133333333 0.1)
(0.5727272727 0.3133333333 0.1)
(0.5772727273 0.3133333333 0.1)
(0.5818181818 0.3133333333 0.1)
(0.5863636364 0.3133333333 0.1)
(0.5909090909 0.3133333333 0.1)
(0.5954545455 0.3133333333 0.1)
(0.6 0.3133333333 0.1)
(0.6045454545 0.3133333333 0.1)
(0.6090909091 0.3133333333 0.1)
(0.6136363636 0.3133333333 0.1)
(0.6181818182 0.3133333333 0.1)
(0.6227272727 0.3133333333 0.1)
(0.6272727273 0.3133333333 0.1)
(0.6318181818 0.3133333333 0.1)
(0.6363636364 0.3133333333 0.1)
(0.6409090909 0.3133333333 0.1)
(0.6454545455 0.3133333333 0.1)
(0.65 0.3133333333 0.1)
(0.6545454545 0.3133333333 0.1)
(0.6590909091 0.3133333333 0.1)
(0.6636363636 0.3133333333 0.1)
(0.6681818182 0.3133333333 0.1)
(0.6727272727 0.3133333333 0.1)
(0.6772727273 0.3133333333 0.1)
(0.6818181818 0.3133333333 0.1)
(0.6863636364 0.3133333333 0.1)
(0.6909090909 0.3133333333 0.1)
(0.6954545455 0.3133333333 0.1)
(0.7 0.3133333333 0.1)
(0.7045454545 0.3133333333 0.1)
(0.7090909091 0.3133333333 0.1)
(0.7136363636 0.3133333333 0.1)
(0.7181818182 0.3133333333 0.1)
(0.7227272727 0.3133333333 0.1)
(0.7272727273 0.3133333333 0.1)
(0.7318181818 0.3133333333 0.1)
(0.7363636364 0.3133333333 0.1)
(0.7409090909 0.3133333333 0.1)
(0.7454545455 0.3133333333 0.1)
(0.75 0.3133333333 0.1)
(0.7545454545 0.3133333333 0.1)
(0.7590909091 0.3133333333 0.1)
(0.7636363636 0.3133333333 0.1)
(0.7681818182 0.3133333333 0.1)
(0.7727272727 0.3133333333 0.1)
(0.7772727273 0.3133333333 0.1)
(0.7818181818 0.3133333333 0.1)
(0.7863636364 0.3133333333 0.1)
(0.7909090909 0.3133333333 0.1)
(0.7954545455 0.3133333333 0.1)
(0.8 0.3133333333 0.1)
(0.8045454545 0.3133333333 0.1)
(0.8090909091 0.3133333333 0.1)
(0.8136363636 0.3133333333 0.1)
(0.8181818182 0.3133333333 0.1)
(0.8227272727 0.3133333333 0.1)
(0.8272727273 0.3133333333 0.1)
(0.8318181818 0.3133333333 0.1)
(0.8363636364 0.3133333333 0.1)
(0.8409090909 0.3133333333 0.1)
(0.8454545455 0.3133333333 0.1)
(0.85 0.3133333333 0.1)
(0.8545454545 0.3133333333 0.1)
(0.8590909091 0.3133333333 0.1)
(0.8636363636 0.3133333333 0.1)
(0.8681818182 0.3133333333 0.1)
(0.8727272727 0.3133333333 0.1)
(0.8772727273 0.3133333333 0.1)
(0.8818181818 0.3133333333 0.1)
(0.8863636364 0.3133333333 0.1)
(0.8909090909 0.3133333333 0.1)
(0.8954545455 0.3133333333 0.1)
(0.9 0.3133333333 0.1)
(0.9045454545 0.3133333333 0.1)
(0.9090909091 0.3133333333 0.1)
(0.9136363636 0.3133333333 0.1)
(0.9181818182 0.3133333333 0.1)
(0.9227272727 0.3133333333 0.1)
(0.9272727273 0.3133333333 0.1)
(0.9318181818 0.3133333333 0.1)
(0.9363636364 0.3133333333 0.1)
(0.9409090909 0.3133333333 0.1)
(0.9454545455 0.3133333333 0.1)
(0.95 0.3133333333 0.1)
(0.9545454545 0.3133333333 0.1)
(0.9590909091 0.3133333333 0.1)
(0.9636363636 0.3133333333 0.1)
(0.9681818182 0.3133333333 0.1)
(0.9727272727 0.3133333333 0.1)
(0.9772727273 0.3133333333 0.1)
(0.9818181818 0.3133333333 0.1)
(0.9863636364 0.3133333333 0.1)
(0.9909090909 0.3133333333 0.1)
(0.9954545455 0.3133333333 0.1)
(1 0.3133333333 0.1)
(0 0.32 0.1)
(0.004545454545 0.32 0.1)
(0.009090909091 0.32 0.1)
(0.01363636364 0.32 0.1)
(0.01818181818 0.32 0.1)
(0.02272727273 0.32 0.1)
(0.02727272727 0.32 0.1)
(0.03181818182 0.32 0.1)
(0.03636363636 0.32 0.1)
(0.04090909091 0.32 0.1)
(0.04545454545 0.32 0.1)
(0.05 0.32 0.1)
(0.05454545455 0.32 0.1)
(0.05909090909 0.32 0.1)
(0.06363636364 0.32 0.1)
(0.06818181818 0.32 0.1)
(0.07272727273 0.32 0.1)
(0.07727272727 0.32 0.1)
(0.08181818182 0.32 0.1)
(0.08636363636 0.32 0.1)
(0.09090909091 0.32 0.1)
(0.09545454545 0.32 0.1)
(0.1 0.32 0.1)
(0.1045454545 0.32 0.1)
(0.1090909091 0.32 0.1)
(0.1136363636 0.32 0.1)
(0.1181818182 0.32 0.1)
(0.1227272727 0.32 0.1)
(0.1272727273 0.32 0.1)
(0.1318181818 0.32 0.1)
(0.1363636364 0.32 0.1)
(0.1409090909 0.32 0.1)
(0.1454545455 0.32 0.1)
(0.15 0.32 0.1)
(0.1545454545 0.32 0.1)
(0.1590909091 0.32 0.1)
(0.1636363636 0.32 0.1)
(0.1681818182 0.32 0.1)
(0.1727272727 0.32 0.1)
(0.1772727273 0.32 0.1)
(0.1818181818 0.32 0.1)
(0.1863636364 0.32 0.1)
(0.1909090909 0.32 0.1)
(0.1954545455 0.32 0.1)
(0.2 0.32 0.1)
(0.2045454545 0.32 0.1)
(0.2090909091 0.32 0.1)
(0.2136363636 0.32 0.1)
(0.2181818182 0.32 0.1)
(0.2227272727 0.32 0.1)
(0.2272727273 0.32 0.1)
(0.2318181818 0.32 0.1)
(0.2363636364 0.32 0.1)
(0.2409090909 0.32 0.1)
(0.2454545455 0.32 0.1)
(0.25 0.32 0.1)
(0.2545454545 0.32 0.1)
(0.2590909091 0.32 0.1)
(0.2636363636 0.32 0.1)
(0.2681818182 0.32 0.1)
(0.2727272727 0.32 0.1)
(0.2772727273 0.32 0.1)
(0.2818181818 0.32 0.1)
(0.2863636364 0.32 0.1)
(0.2909090909 0.32 0.1)
(0.2954545455 0.32 0.1)
(0.3 0.32 0.1)
(0.3045454545 0.32 0.1)
(0.3090909091 0.32 0.1)
(0.3136363636 0.32 0.1)
(0.3181818182 0.32 0.1)
(0.3227272727 0.32 0.1)
(0.3272727273 0.32 0.1)
(0.3318181818 0.32 0.1)
(0.3363636364 0.32 0.1)
(0.3409090909 0.32 0.1)
(0.3454545455 0.32 0.1)
(0.35 0.32 0.1)
(0.3545454545 0.32 0.1)
(0.3590909091 0.32 0.1)
(0.3636363636 0.32 0.1)
(0.3681818182 0.32 0.1)
(0.3727272727 0.32 0.1)
(0.3772727273 0.32 0.1)
(0.3818181818 0.32 0.1)
(0.3863636364 0.32 0.1)
(0.3909090909 0.32 0.1)
(0.3954545455 0.32 0.1)
(0.4 0.32 0.1)
(0.4045454545 0.32 0.1)
(0.4090909091 0.32 0.1)
(0.4136363636 0.32 0.1)
(0.4181818182 0.32 0.1)
(0.4227272727 0.32 0.1)
(0.4272727273 0.32 0.1)
(0.4318181818 0.32 0.1)
(0.4363636364 0.32 0.1)
(0.4409090909 0.32 0.1)
(0.4454545455 0.32 0.1)
(0.45 0.32 0.1)
(0.4545454545 0.32 0.1)
(0.4590909091 0.32 0.1)
(0.4636363636 0.32 0.1)
(0.4681818182 0.32 0.1)
(0.4727272727 0.32 0.1)
(0.4772727273 0.32 0.1)
(0.4818181818 0.32 0.1)
(0.4863636364 0.32 0.1)
(0.4909090909 0.32 0.1)
(0.4954545455 0.32 0.1)
(0.5 0.32 0.1)
(0.5045454545 0.32 0.1)
(0.5090909091 0.32 0.1)
(0.5136363636 0.32 0.1)
(0.5181818182 0.32 0.1)
(0.5227272727 0.32 0.1)
(0.5272727273 0.32 0.1)
(0.5318181818 0.32 0.1)
(0.5363636364 0.32 0.1)
(0.5409090909 0.32 0.1)
(0.5454545455 0.32 0.1)
(0.55 0.32 0.1)
(0.5545454545 0.32 0.1)
(0.5590909091 0.32 0.1)
(0.5636363636 0.32 0.1)
(0.5681818182 0.32 0.1)
(0.5727272727 0.32 0.1)
(0.5772727273 0.32 0.1)
(0.5818181818 0.32 0.1)
(0.5863636364 0.32 0.1)
(0.5909090909 0.32 0.1)
(0.5954545455 0.32 0.1)
(0.6 0.32 0.1)
(0.6045454545 0.32 0.1)
(0.6090909091 0.32 0.1)
(0.6136363636 0.32 0.1)
(0.6181818182 0.32 0.1)
(0.6227272727 0.32 0.1)
(0.6272727273 0.32 0.1)
(0.6318181818 0.32 0.1)
(0.6363636364 0.32 0.1)
(0.6409090909 0.32 0.1)
(0.6454545455 0.32 0.1)
(0.65 0.32 0.1)
(0.6545454545 0.32 0.1)
(0.6590909091 0.32 0.1)
(0.6636363636 0.32 0.1)
(0.6681818182 0.32 0.1)
(0.6727272727 0.32 0.1)
(0.6772727273 0.32 0.1)
(0.6818181818 0.32 0.1)
(0.6863636364 0.32 0.1)
(0.6909090909 0.32 0.1)
(0.6954545455 0.32 0.1)
(0.7 0.32 0.1)
(0.7045454545 0.32 0.1)
(0.7090909091 0.32 0.1)
(0.7136363636 0.32 0.1)
(0.7181818182 0.32 0.1)
(0.7227272727 0.32 0.1)
(0.7272727273 0.32 0.1)
(0.7318181818 0.32 0.1)
(0.7363636364 0.32 0.1)
(0.7409090909 0.32 0.1)
(0.7454545455 0.32 0.1)
(0.75 0.32 0.1)
(0.7545454545 0.32 0.1)
(0.7590909091 0.32 0.1)
(0.7636363636 0.32 0.1)
(0.7681818182 0.32 0.1)
(0.7727272727 0.32 0.1)
(0.7772727273 0.32 0.1)
(0.7818181818 0.32 0.1)
(0.7863636364 0.32 0.1)
(0.7909090909 0.32 0.1)
(0.7954545455 0.32 0.1)
(0.8 0.32 0.1)
(0.8045454545 0.32 0.1)
(0.8090909091 0.32 0.1)
(0.8136363636 0.32 0.1)
(0.8181818182 0.32 0.1)
(0.8227272727 0.32 0.1)
(0.8272727273 0.32 0.1)
(0.8318181818 0.32 0.1)
(0.8363636364 0.32 0.1)
(0.8409090909 0.32 0.1)
(0.8454545455 0.32 0.1)
(0.85 0.32 0.1)
(0.8545454545 0.32 0.1)
(0.8590909091 0.32 0.1)
(0.8636363636 0.32 0.1)
(0.8681818182 0.32 0.1)
(0.8727272727 0.32 0.1)
(0.8772727273 0.32 0.1)
(0.8818181818 0.32 0.1)
(0.8863636364 0.32 0.1)
(0.8909090909 0.32 0.1)
(0.8954545455 0.32 0.1)
(0.9 0.32 0.1)
(0.9045454545 0.32 0.1)
(0.9090909091 0.32 0.1)
(0.9136363636 0.32 0.1)
(0.9181818182 0.32 0.1)
(0.9227272727 0.32 0.1)
(0.9272727273 0.32 0.1)
(0.9318181818 0.32 0.1)
(0.9363636364 0.32 0.1)
(0.9409090909 0.32 0.1)
(0.9454545455 0.32 0.1)
(0.95 0.32 0.1)
(0.9545454545 0.32 0.1)
(0.9590909091 0.32 0.1)
(0.9636363636 0.32 0.1)
(0.9681818182 0.32 0.1)
(0.9727272727 0.32 0.1)
(0.9772727273 0.32 0.1)
(0.9818181818 0.32 0.1)
(0.9863636364 0.32 0.1)
(0.9909090909 0.32 0.1)
(0.9954545455 0.32 0.1)
(1 0.32 0.1)
(0 0.3266666667 0.1)
(0.004545454545 0.3266666667 0.1)
(0.009090909091 0.3266666667 0.1)
(0.01363636364 0.3266666667 0.1)
(0.01818181818 0.3266666667 0.1)
(0.02272727273 0.3266666667 0.1)
(0.02727272727 0.3266666667 0.1)
(0.03181818182 0.3266666667 0.1)
(0.03636363636 0.3266666667 0.1)
(0.04090909091 0.3266666667 0.1)
(0.04545454545 0.3266666667 0.1)
(0.05 0.3266666667 0.1)
(0.05454545455 0.3266666667 0.1)
(0.05909090909 0.3266666667 0.1)
(0.06363636364 0.3266666667 0.1)
(0.06818181818 0.3266666667 0.1)
(0.07272727273 0.3266666667 0.1)
(0.07727272727 0.3266666667 0.1)
(0.08181818182 0.3266666667 0.1)
(0.08636363636 0.3266666667 0.1)
(0.09090909091 0.3266666667 0.1)
(0.09545454545 0.3266666667 0.1)
(0.1 0.3266666667 0.1)
(0.1045454545 0.3266666667 0.1)
(0.1090909091 0.3266666667 0.1)
(0.1136363636 0.3266666667 0.1)
(0.1181818182 0.3266666667 0.1)
(0.1227272727 0.3266666667 0.1)
(0.1272727273 0.3266666667 0.1)
(0.1318181818 0.3266666667 0.1)
(0.1363636364 0.3266666667 0.1)
(0.1409090909 0.3266666667 0.1)
(0.1454545455 0.3266666667 0.1)
(0.15 0.3266666667 0.1)
(0.1545454545 0.3266666667 0.1)
(0.1590909091 0.3266666667 0.1)
(0.1636363636 0.3266666667 0.1)
(0.1681818182 0.3266666667 0.1)
(0.1727272727 0.3266666667 0.1)
(0.1772727273 0.3266666667 0.1)
(0.1818181818 0.3266666667 0.1)
(0.1863636364 0.3266666667 0.1)
(0.1909090909 0.3266666667 0.1)
(0.1954545455 0.3266666667 0.1)
(0.2 0.3266666667 0.1)
(0.2045454545 0.3266666667 0.1)
(0.2090909091 0.3266666667 0.1)
(0.2136363636 0.3266666667 0.1)
(0.2181818182 0.3266666667 0.1)
(0.2227272727 0.3266666667 0.1)
(0.2272727273 0.3266666667 0.1)
(0.2318181818 0.3266666667 0.1)
(0.2363636364 0.3266666667 0.1)
(0.2409090909 0.3266666667 0.1)
(0.2454545455 0.3266666667 0.1)
(0.25 0.3266666667 0.1)
(0.2545454545 0.3266666667 0.1)
(0.2590909091 0.3266666667 0.1)
(0.2636363636 0.3266666667 0.1)
(0.2681818182 0.3266666667 0.1)
(0.2727272727 0.3266666667 0.1)
(0.2772727273 0.3266666667 0.1)
(0.2818181818 0.3266666667 0.1)
(0.2863636364 0.3266666667 0.1)
(0.2909090909 0.3266666667 0.1)
(0.2954545455 0.3266666667 0.1)
(0.3 0.3266666667 0.1)
(0.3045454545 0.3266666667 0.1)
(0.3090909091 0.3266666667 0.1)
(0.3136363636 0.3266666667 0.1)
(0.3181818182 0.3266666667 0.1)
(0.3227272727 0.3266666667 0.1)
(0.3272727273 0.3266666667 0.1)
(0.3318181818 0.3266666667 0.1)
(0.3363636364 0.3266666667 0.1)
(0.3409090909 0.3266666667 0.1)
(0.3454545455 0.3266666667 0.1)
(0.35 0.3266666667 0.1)
(0.3545454545 0.3266666667 0.1)
(0.3590909091 0.3266666667 0.1)
(0.3636363636 0.3266666667 0.1)
(0.3681818182 0.3266666667 0.1)
(0.3727272727 0.3266666667 0.1)
(0.3772727273 0.3266666667 0.1)
(0.3818181818 0.3266666667 0.1)
(0.3863636364 0.3266666667 0.1)
(0.3909090909 0.3266666667 0.1)
(0.3954545455 0.3266666667 0.1)
(0.4 0.3266666667 0.1)
(0.4045454545 0.3266666667 0.1)
(0.4090909091 0.3266666667 0.1)
(0.4136363636 0.3266666667 0.1)
(0.4181818182 0.3266666667 0.1)
(0.4227272727 0.3266666667 0.1)
(0.4272727273 0.3266666667 0.1)
(0.4318181818 0.3266666667 0.1)
(0.4363636364 0.3266666667 0.1)
(0.4409090909 0.3266666667 0.1)
(0.4454545455 0.3266666667 0.1)
(0.45 0.3266666667 0.1)
(0.4545454545 0.3266666667 0.1)
(0.4590909091 0.3266666667 0.1)
(0.4636363636 0.3266666667 0.1)
(0.4681818182 0.3266666667 0.1)
(0.4727272727 0.3266666667 0.1)
(0.4772727273 0.3266666667 0.1)
(0.4818181818 0.3266666667 0.1)
(0.4863636364 0.3266666667 0.1)
(0.4909090909 0.3266666667 0.1)
(0.4954545455 0.3266666667 0.1)
(0.5 0.3266666667 0.1)
(0.5045454545 0.3266666667 0.1)
(0.5090909091 0.3266666667 0.1)
(0.5136363636 0.3266666667 0.1)
(0.5181818182 0.3266666667 0.1)
(0.5227272727 0.3266666667 0.1)
(0.5272727273 0.3266666667 0.1)
(0.5318181818 0.3266666667 0.1)
(0.5363636364 0.3266666667 0.1)
(0.5409090909 0.3266666667 0.1)
(0.5454545455 0.3266666667 0.1)
(0.55 0.3266666667 0.1)
(0.5545454545 0.3266666667 0.1)
(0.5590909091 0.3266666667 0.1)
(0.5636363636 0.3266666667 0.1)
(0.5681818182 0.3266666667 0.1)
(0.5727272727 0.3266666667 0.1)
(0.5772727273 0.3266666667 0.1)
(0.5818181818 0.3266666667 0.1)
(0.5863636364 0.3266666667 0.1)
(0.5909090909 0.3266666667 0.1)
(0.5954545455 0.3266666667 0.1)
(0.6 0.3266666667 0.1)
(0.6045454545 0.3266666667 0.1)
(0.6090909091 0.3266666667 0.1)
(0.6136363636 0.3266666667 0.1)
(0.6181818182 0.3266666667 0.1)
(0.6227272727 0.3266666667 0.1)
(0.6272727273 0.3266666667 0.1)
(0.6318181818 0.3266666667 0.1)
(0.6363636364 0.3266666667 0.1)
(0.6409090909 0.3266666667 0.1)
(0.6454545455 0.3266666667 0.1)
(0.65 0.3266666667 0.1)
(0.6545454545 0.3266666667 0.1)
(0.6590909091 0.3266666667 0.1)
(0.6636363636 0.3266666667 0.1)
(0.6681818182 0.3266666667 0.1)
(0.6727272727 0.3266666667 0.1)
(0.6772727273 0.3266666667 0.1)
(0.6818181818 0.3266666667 0.1)
(0.6863636364 0.3266666667 0.1)
(0.6909090909 0.3266666667 0.1)
(0.6954545455 0.3266666667 0.1)
(0.7 0.3266666667 0.1)
(0.7045454545 0.3266666667 0.1)
(0.7090909091 0.3266666667 0.1)
(0.7136363636 0.3266666667 0.1)
(0.7181818182 0.3266666667 0.1)
(0.7227272727 0.3266666667 0.1)
(0.7272727273 0.3266666667 0.1)
(0.7318181818 0.3266666667 0.1)
(0.7363636364 0.3266666667 0.1)
(0.7409090909 0.3266666667 0.1)
(0.7454545455 0.3266666667 0.1)
(0.75 0.3266666667 0.1)
(0.7545454545 0.3266666667 0.1)
(0.7590909091 0.3266666667 0.1)
(0.7636363636 0.3266666667 0.1)
(0.7681818182 0.3266666667 0.1)
(0.7727272727 0.3266666667 0.1)
(0.7772727273 0.3266666667 0.1)
(0.7818181818 0.3266666667 0.1)
(0.7863636364 0.3266666667 0.1)
(0.7909090909 0.3266666667 0.1)
(0.7954545455 0.3266666667 0.1)
(0.8 0.3266666667 0.1)
(0.8045454545 0.3266666667 0.1)
(0.8090909091 0.3266666667 0.1)
(0.8136363636 0.3266666667 0.1)
(0.8181818182 0.3266666667 0.1)
(0.8227272727 0.3266666667 0.1)
(0.8272727273 0.3266666667 0.1)
(0.8318181818 0.3266666667 0.1)
(0.8363636364 0.3266666667 0.1)
(0.8409090909 0.3266666667 0.1)
(0.8454545455 0.3266666667 0.1)
(0.85 0.3266666667 0.1)
(0.8545454545 0.3266666667 0.1)
(0.8590909091 0.3266666667 0.1)
(0.8636363636 0.3266666667 0.1)
(0.8681818182 0.3266666667 0.1)
(0.8727272727 0.3266666667 0.1)
(0.8772727273 0.3266666667 0.1)
(0.8818181818 0.3266666667 0.1)
(0.8863636364 0.3266666667 0.1)
(0.8909090909 0.3266666667 0.1)
(0.8954545455 0.3266666667 0.1)
(0.9 0.3266666667 0.1)
(0.9045454545 0.3266666667 0.1)
(0.9090909091 0.3266666667 0.1)
(0.9136363636 0.3266666667 0.1)
(0.9181818182 0.3266666667 0.1)
(0.9227272727 0.3266666667 0.1)
(0.9272727273 0.3266666667 0.1)
(0.9318181818 0.3266666667 0.1)
(0.9363636364 0.3266666667 0.1)
(0.9409090909 0.3266666667 0.1)
(0.9454545455 0.3266666667 0.1)
(0.95 0.3266666667 0.1)
(0.9545454545 0.3266666667 0.1)
(0.9590909091 0.3266666667 0.1)
(0.9636363636 0.3266666667 0.1)
(0.9681818182 0.3266666667 0.1)
(0.9727272727 0.3266666667 0.1)
(0.9772727273 0.3266666667 0.1)
(0.9818181818 0.3266666667 0.1)
(0.9863636364 0.3266666667 0.1)
(0.9909090909 0.3266666667 0.1)
(0.9954545455 0.3266666667 0.1)
(1 0.3266666667 0.1)
(0 0.3333333333 0.1)
(0.004545454545 0.3333333333 0.1)
(0.009090909091 0.3333333333 0.1)
(0.01363636364 0.3333333333 0.1)
(0.01818181818 0.3333333333 0.1)
(0.02272727273 0.3333333333 0.1)
(0.02727272727 0.3333333333 0.1)
(0.03181818182 0.3333333333 0.1)
(0.03636363636 0.3333333333 0.1)
(0.04090909091 0.3333333333 0.1)
(0.04545454545 0.3333333333 0.1)
(0.05 0.3333333333 0.1)
(0.05454545455 0.3333333333 0.1)
(0.05909090909 0.3333333333 0.1)
(0.06363636364 0.3333333333 0.1)
(0.06818181818 0.3333333333 0.1)
(0.07272727273 0.3333333333 0.1)
(0.07727272727 0.3333333333 0.1)
(0.08181818182 0.3333333333 0.1)
(0.08636363636 0.3333333333 0.1)
(0.09090909091 0.3333333333 0.1)
(0.09545454545 0.3333333333 0.1)
(0.1 0.3333333333 0.1)
(0.1045454545 0.3333333333 0.1)
(0.1090909091 0.3333333333 0.1)
(0.1136363636 0.3333333333 0.1)
(0.1181818182 0.3333333333 0.1)
(0.1227272727 0.3333333333 0.1)
(0.1272727273 0.3333333333 0.1)
(0.1318181818 0.3333333333 0.1)
(0.1363636364 0.3333333333 0.1)
(0.1409090909 0.3333333333 0.1)
(0.1454545455 0.3333333333 0.1)
(0.15 0.3333333333 0.1)
(0.1545454545 0.3333333333 0.1)
(0.1590909091 0.3333333333 0.1)
(0.1636363636 0.3333333333 0.1)
(0.1681818182 0.3333333333 0.1)
(0.1727272727 0.3333333333 0.1)
(0.1772727273 0.3333333333 0.1)
(0.1818181818 0.3333333333 0.1)
(0.1863636364 0.3333333333 0.1)
(0.1909090909 0.3333333333 0.1)
(0.1954545455 0.3333333333 0.1)
(0.2 0.3333333333 0.1)
(0.2045454545 0.3333333333 0.1)
(0.2090909091 0.3333333333 0.1)
(0.2136363636 0.3333333333 0.1)
(0.2181818182 0.3333333333 0.1)
(0.2227272727 0.3333333333 0.1)
(0.2272727273 0.3333333333 0.1)
(0.2318181818 0.3333333333 0.1)
(0.2363636364 0.3333333333 0.1)
(0.2409090909 0.3333333333 0.1)
(0.2454545455 0.3333333333 0.1)
(0.25 0.3333333333 0.1)
(0.2545454545 0.3333333333 0.1)
(0.2590909091 0.3333333333 0.1)
(0.2636363636 0.3333333333 0.1)
(0.2681818182 0.3333333333 0.1)
(0.2727272727 0.3333333333 0.1)
(0.2772727273 0.3333333333 0.1)
(0.2818181818 0.3333333333 0.1)
(0.2863636364 0.3333333333 0.1)
(0.2909090909 0.3333333333 0.1)
(0.2954545455 0.3333333333 0.1)
(0.3 0.3333333333 0.1)
(0.3045454545 0.3333333333 0.1)
(0.3090909091 0.3333333333 0.1)
(0.3136363636 0.3333333333 0.1)
(0.3181818182 0.3333333333 0.1)
(0.3227272727 0.3333333333 0.1)
(0.3272727273 0.3333333333 0.1)
(0.3318181818 0.3333333333 0.1)
(0.3363636364 0.3333333333 0.1)
(0.3409090909 0.3333333333 0.1)
(0.3454545455 0.3333333333 0.1)
(0.35 0.3333333333 0.1)
(0.3545454545 0.3333333333 0.1)
(0.3590909091 0.3333333333 0.1)
(0.3636363636 0.3333333333 0.1)
(0.3681818182 0.3333333333 0.1)
(0.3727272727 0.3333333333 0.1)
(0.3772727273 0.3333333333 0.1)
(0.3818181818 0.3333333333 0.1)
(0.3863636364 0.3333333333 0.1)
(0.3909090909 0.3333333333 0.1)
(0.3954545455 0.3333333333 0.1)
(0.4 0.3333333333 0.1)
(0.4045454545 0.3333333333 0.1)
(0.4090909091 0.3333333333 0.1)
(0.4136363636 0.3333333333 0.1)
(0.4181818182 0.3333333333 0.1)
(0.4227272727 0.3333333333 0.1)
(0.4272727273 0.3333333333 0.1)
(0.4318181818 0.3333333333 0.1)
(0.4363636364 0.3333333333 0.1)
(0.4409090909 0.3333333333 0.1)
(0.4454545455 0.3333333333 0.1)
(0.45 0.3333333333 0.1)
(0.4545454545 0.3333333333 0.1)
(0.4590909091 0.3333333333 0.1)
(0.4636363636 0.3333333333 0.1)
(0.4681818182 0.3333333333 0.1)
(0.4727272727 0.3333333333 0.1)
(0.4772727273 0.3333333333 0.1)
(0.4818181818 0.3333333333 0.1)
(0.4863636364 0.3333333333 0.1)
(0.4909090909 0.3333333333 0.1)
(0.4954545455 0.3333333333 0.1)
(0.5 0.3333333333 0.1)
(0.5045454545 0.3333333333 0.1)
(0.5090909091 0.3333333333 0.1)
(0.5136363636 0.3333333333 0.1)
(0.5181818182 0.3333333333 0.1)
(0.5227272727 0.3333333333 0.1)
(0.5272727273 0.3333333333 0.1)
(0.5318181818 0.3333333333 0.1)
(0.5363636364 0.3333333333 0.1)
(0.5409090909 0.3333333333 0.1)
(0.5454545455 0.3333333333 0.1)
(0.55 0.3333333333 0.1)
(0.5545454545 0.3333333333 0.1)
(0.5590909091 0.3333333333 0.1)
(0.5636363636 0.3333333333 0.1)
(0.5681818182 0.3333333333 0.1)
(0.5727272727 0.3333333333 0.1)
(0.5772727273 0.3333333333 0.1)
(0.5818181818 0.3333333333 0.1)
(0.5863636364 0.3333333333 0.1)
(0.5909090909 0.3333333333 0.1)
(0.5954545455 0.3333333333 0.1)
(0.6 0.3333333333 0.1)
(0.6045454545 0.3333333333 0.1)
(0.6090909091 0.3333333333 0.1)
(0.6136363636 0.3333333333 0.1)
(0.6181818182 0.3333333333 0.1)
(0.6227272727 0.3333333333 0.1)
(0.6272727273 0.3333333333 0.1)
(0.6318181818 0.3333333333 0.1)
(0.6363636364 0.3333333333 0.1)
(0.6409090909 0.3333333333 0.1)
(0.6454545455 0.3333333333 0.1)
(0.65 0.3333333333 0.1)
(0.6545454545 0.3333333333 0.1)
(0.6590909091 0.3333333333 0.1)
(0.6636363636 0.3333333333 0.1)
(0.6681818182 0.3333333333 0.1)
(0.6727272727 0.3333333333 0.1)
(0.6772727273 0.3333333333 0.1)
(0.6818181818 0.3333333333 0.1)
(0.6863636364 0.3333333333 0.1)
(0.6909090909 0.3333333333 0.1)
(0.6954545455 0.3333333333 0.1)
(0.7 0.3333333333 0.1)
(0.7045454545 0.3333333333 0.1)
(0.7090909091 0.3333333333 0.1)
(0.7136363636 0.3333333333 0.1)
(0.7181818182 0.3333333333 0.1)
(0.7227272727 0.3333333333 0.1)
(0.7272727273 0.3333333333 0.1)
(0.7318181818 0.3333333333 0.1)
(0.7363636364 0.3333333333 0.1)
(0.7409090909 0.3333333333 0.1)
(0.7454545455 0.3333333333 0.1)
(0.75 0.3333333333 0.1)
(0.7545454545 0.3333333333 0.1)
(0.7590909091 0.3333333333 0.1)
(0.7636363636 0.3333333333 0.1)
(0.7681818182 0.3333333333 0.1)
(0.7727272727 0.3333333333 0.1)
(0.7772727273 0.3333333333 0.1)
(0.7818181818 0.3333333333 0.1)
(0.7863636364 0.3333333333 0.1)
(0.7909090909 0.3333333333 0.1)
(0.7954545455 0.3333333333 0.1)
(0.8 0.3333333333 0.1)
(0.8045454545 0.3333333333 0.1)
(0.8090909091 0.3333333333 0.1)
(0.8136363636 0.3333333333 0.1)
(0.8181818182 0.3333333333 0.1)
(0.8227272727 0.3333333333 0.1)
(0.8272727273 0.3333333333 0.1)
(0.8318181818 0.3333333333 0.1)
(0.8363636364 0.3333333333 0.1)
(0.8409090909 0.3333333333 0.1)
(0.8454545455 0.3333333333 0.1)
(0.85 0.3333333333 0.1)
(0.8545454545 0.3333333333 0.1)
(0.8590909091 0.3333333333 0.1)
(0.8636363636 0.3333333333 0.1)
(0.8681818182 0.3333333333 0.1)
(0.8727272727 0.3333333333 0.1)
(0.8772727273 0.3333333333 0.1)
(0.8818181818 0.3333333333 0.1)
(0.8863636364 0.3333333333 0.1)
(0.8909090909 0.3333333333 0.1)
(0.8954545455 0.3333333333 0.1)
(0.9 0.3333333333 0.1)
(0.9045454545 0.3333333333 0.1)
(0.9090909091 0.3333333333 0.1)
(0.9136363636 0.3333333333 0.1)
(0.9181818182 0.3333333333 0.1)
(0.9227272727 0.3333333333 0.1)
(0.9272727273 0.3333333333 0.1)
(0.9318181818 0.3333333333 0.1)
(0.9363636364 0.3333333333 0.1)
(0.9409090909 0.3333333333 0.1)
(0.9454545455 0.3333333333 0.1)
(0.95 0.3333333333 0.1)
(0.9545454545 0.3333333333 0.1)
(0.9590909091 0.3333333333 0.1)
(0.9636363636 0.3333333333 0.1)
(0.9681818182 0.3333333333 0.1)
(0.9727272727 0.3333333333 0.1)
(0.9772727273 0.3333333333 0.1)
(0.9818181818 0.3333333333 0.1)
(0.9863636364 0.3333333333 0.1)
(0.9909090909 0.3333333333 0.1)
(0.9954545455 0.3333333333 0.1)
(1 0.3333333333 0.1)
(0 0.34 0.1)
(0.004545454545 0.34 0.1)
(0.009090909091 0.34 0.1)
(0.01363636364 0.34 0.1)
(0.01818181818 0.34 0.1)
(0.02272727273 0.34 0.1)
(0.02727272727 0.34 0.1)
(0.03181818182 0.34 0.1)
(0.03636363636 0.34 0.1)
(0.04090909091 0.34 0.1)
(0.04545454545 0.34 0.1)
(0.05 0.34 0.1)
(0.05454545455 0.34 0.1)
(0.05909090909 0.34 0.1)
(0.06363636364 0.34 0.1)
(0.06818181818 0.34 0.1)
(0.07272727273 0.34 0.1)
(0.07727272727 0.34 0.1)
(0.08181818182 0.34 0.1)
(0.08636363636 0.34 0.1)
(0.09090909091 0.34 0.1)
(0.09545454545 0.34 0.1)
(0.1 0.34 0.1)
(0.1045454545 0.34 0.1)
(0.1090909091 0.34 0.1)
(0.1136363636 0.34 0.1)
(0.1181818182 0.34 0.1)
(0.1227272727 0.34 0.1)
(0.1272727273 0.34 0.1)
(0.1318181818 0.34 0.1)
(0.1363636364 0.34 0.1)
(0.1409090909 0.34 0.1)
(0.1454545455 0.34 0.1)
(0.15 0.34 0.1)
(0.1545454545 0.34 0.1)
(0.1590909091 0.34 0.1)
(0.1636363636 0.34 0.1)
(0.1681818182 0.34 0.1)
(0.1727272727 0.34 0.1)
(0.1772727273 0.34 0.1)
(0.1818181818 0.34 0.1)
(0.1863636364 0.34 0.1)
(0.1909090909 0.34 0.1)
(0.1954545455 0.34 0.1)
(0.2 0.34 0.1)
(0.2045454545 0.34 0.1)
(0.2090909091 0.34 0.1)
(0.2136363636 0.34 0.1)
(0.2181818182 0.34 0.1)
(0.2227272727 0.34 0.1)
(0.2272727273 0.34 0.1)
(0.2318181818 0.34 0.1)
(0.2363636364 0.34 0.1)
(0.2409090909 0.34 0.1)
(0.2454545455 0.34 0.1)
(0.25 0.34 0.1)
(0.2545454545 0.34 0.1)
(0.2590909091 0.34 0.1)
(0.2636363636 0.34 0.1)
(0.2681818182 0.34 0.1)
(0.2727272727 0.34 0.1)
(0.2772727273 0.34 0.1)
(0.2818181818 0.34 0.1)
(0.2863636364 0.34 0.1)
(0.2909090909 0.34 0.1)
(0.2954545455 0.34 0.1)
(0.3 0.34 0.1)
(0.3045454545 0.34 0.1)
(0.3090909091 0.34 0.1)
(0.3136363636 0.34 0.1)
(0.3181818182 0.34 0.1)
(0.3227272727 0.34 0.1)
(0.3272727273 0.34 0.1)
(0.3318181818 0.34 0.1)
(0.3363636364 0.34 0.1)
(0.3409090909 0.34 0.1)
(0.3454545455 0.34 0.1)
(0.35 0.34 0.1)
(0.3545454545 0.34 0.1)
(0.3590909091 0.34 0.1)
(0.3636363636 0.34 0.1)
(0.3681818182 0.34 0.1)
(0.3727272727 0.34 0.1)
(0.3772727273 0.34 0.1)
(0.3818181818 0.34 0.1)
(0.3863636364 0.34 0.1)
(0.3909090909 0.34 0.1)
(0.3954545455 0.34 0.1)
(0.4 0.34 0.1)
(0.4045454545 0.34 0.1)
(0.4090909091 0.34 0.1)
(0.4136363636 0.34 0.1)
(0.4181818182 0.34 0.1)
(0.4227272727 0.34 0.1)
(0.4272727273 0.34 0.1)
(0.4318181818 0.34 0.1)
(0.4363636364 0.34 0.1)
(0.4409090909 0.34 0.1)
(0.4454545455 0.34 0.1)
(0.45 0.34 0.1)
(0.4545454545 0.34 0.1)
(0.4590909091 0.34 0.1)
(0.4636363636 0.34 0.1)
(0.4681818182 0.34 0.1)
(0.4727272727 0.34 0.1)
(0.4772727273 0.34 0.1)
(0.4818181818 0.34 0.1)
(0.4863636364 0.34 0.1)
(0.4909090909 0.34 0.1)
(0.4954545455 0.34 0.1)
(0.5 0.34 0.1)
(0.5045454545 0.34 0.1)
(0.5090909091 0.34 0.1)
(0.5136363636 0.34 0.1)
(0.5181818182 0.34 0.1)
(0.5227272727 0.34 0.1)
(0.5272727273 0.34 0.1)
(0.5318181818 0.34 0.1)
(0.5363636364 0.34 0.1)
(0.5409090909 0.34 0.1)
(0.5454545455 0.34 0.1)
(0.55 0.34 0.1)
(0.5545454545 0.34 0.1)
(0.5590909091 0.34 0.1)
(0.5636363636 0.34 0.1)
(0.5681818182 0.34 0.1)
(0.5727272727 0.34 0.1)
(0.5772727273 0.34 0.1)
(0.5818181818 0.34 0.1)
(0.5863636364 0.34 0.1)
(0.5909090909 0.34 0.1)
(0.5954545455 0.34 0.1)
(0.6 0.34 0.1)
(0.6045454545 0.34 0.1)
(0.6090909091 0.34 0.1)
(0.6136363636 0.34 0.1)
(0.6181818182 0.34 0.1)
(0.6227272727 0.34 0.1)
(0.6272727273 0.34 0.1)
(0.6318181818 0.34 0.1)
(0.6363636364 0.34 0.1)
(0.6409090909 0.34 0.1)
(0.6454545455 0.34 0.1)
(0.65 0.34 0.1)
(0.6545454545 0.34 0.1)
(0.6590909091 0.34 0.1)
(0.6636363636 0.34 0.1)
(0.6681818182 0.34 0.1)
(0.6727272727 0.34 0.1)
(0.6772727273 0.34 0.1)
(0.6818181818 0.34 0.1)
(0.6863636364 0.34 0.1)
(0.6909090909 0.34 0.1)
(0.6954545455 0.34 0.1)
(0.7 0.34 0.1)
(0.7045454545 0.34 0.1)
(0.7090909091 0.34 0.1)
(0.7136363636 0.34 0.1)
(0.7181818182 0.34 0.1)
(0.7227272727 0.34 0.1)
(0.7272727273 0.34 0.1)
(0.7318181818 0.34 0.1)
(0.7363636364 0.34 0.1)
(0.7409090909 0.34 0.1)
(0.7454545455 0.34 0.1)
(0.75 0.34 0.1)
(0.7545454545 0.34 0.1)
(0.7590909091 0.34 0.1)
(0.7636363636 0.34 0.1)
(0.7681818182 0.34 0.1)
(0.7727272727 0.34 0.1)
(0.7772727273 0.34 0.1)
(0.7818181818 0.34 0.1)
(0.7863636364 0.34 0.1)
(0.7909090909 0.34 0.1)
(0.7954545455 0.34 0.1)
(0.8 0.34 0.1)
(0.8045454545 0.34 0.1)
(0.8090909091 0.34 0.1)
(0.8136363636 0.34 0.1)
(0.8181818182 0.34 0.1)
(0.8227272727 0.34 0.1)
(0.8272727273 0.34 0.1)
(0.8318181818 0.34 0.1)
(0.8363636364 0.34 0.1)
(0.8409090909 0.34 0.1)
(0.8454545455 0.34 0.1)
(0.85 0.34 0.1)
(0.8545454545 0.34 0.1)
(0.8590909091 0.34 0.1)
(0.8636363636 0.34 0.1)
(0.8681818182 0.34 0.1)
(0.8727272727 0.34 0.1)
(0.8772727273 0.34 0.1)
(0.8818181818 0.34 0.1)
(0.8863636364 0.34 0.1)
(0.8909090909 0.34 0.1)
(0.8954545455 0.34 0.1)
(0.9 0.34 0.1)
(0.9045454545 0.34 0.1)
(0.9090909091 0.34 0.1)
(0.9136363636 0.34 0.1)
(0.9181818182 0.34 0.1)
(0.9227272727 0.34 0.1)
(0.9272727273 0.34 0.1)
(0.9318181818 0.34 0.1)
(0.9363636364 0.34 0.1)
(0.9409090909 0.34 0.1)
(0.9454545455 0.34 0.1)
(0.95 0.34 0.1)
(0.9545454545 0.34 0.1)
(0.9590909091 0.34 0.1)
(0.9636363636 0.34 0.1)
(0.9681818182 0.34 0.1)
(0.9727272727 0.34 0.1)
(0.9772727273 0.34 0.1)
(0.9818181818 0.34 0.1)
(0.9863636364 0.34 0.1)
(0.9909090909 0.34 0.1)
(0.9954545455 0.34 0.1)
(1 0.34 0.1)
(0 0.3466666667 0.1)
(0.004545454545 0.3466666667 0.1)
(0.009090909091 0.3466666667 0.1)
(0.01363636364 0.3466666667 0.1)
(0.01818181818 0.3466666667 0.1)
(0.02272727273 0.3466666667 0.1)
(0.02727272727 0.3466666667 0.1)
(0.03181818182 0.3466666667 0.1)
(0.03636363636 0.3466666667 0.1)
(0.04090909091 0.3466666667 0.1)
(0.04545454545 0.3466666667 0.1)
(0.05 0.3466666667 0.1)
(0.05454545455 0.3466666667 0.1)
(0.05909090909 0.3466666667 0.1)
(0.06363636364 0.3466666667 0.1)
(0.06818181818 0.3466666667 0.1)
(0.07272727273 0.3466666667 0.1)
(0.07727272727 0.3466666667 0.1)
(0.08181818182 0.3466666667 0.1)
(0.08636363636 0.3466666667 0.1)
(0.09090909091 0.3466666667 0.1)
(0.09545454545 0.3466666667 0.1)
(0.1 0.3466666667 0.1)
(0.1045454545 0.3466666667 0.1)
(0.1090909091 0.3466666667 0.1)
(0.1136363636 0.3466666667 0.1)
(0.1181818182 0.3466666667 0.1)
(0.1227272727 0.3466666667 0.1)
(0.1272727273 0.3466666667 0.1)
(0.1318181818 0.3466666667 0.1)
(0.1363636364 0.3466666667 0.1)
(0.1409090909 0.3466666667 0.1)
(0.1454545455 0.3466666667 0.1)
(0.15 0.3466666667 0.1)
(0.1545454545 0.3466666667 0.1)
(0.1590909091 0.3466666667 0.1)
(0.1636363636 0.3466666667 0.1)
(0.1681818182 0.3466666667 0.1)
(0.1727272727 0.3466666667 0.1)
(0.1772727273 0.3466666667 0.1)
(0.1818181818 0.3466666667 0.1)
(0.1863636364 0.3466666667 0.1)
(0.1909090909 0.3466666667 0.1)
(0.1954545455 0.3466666667 0.1)
(0.2 0.3466666667 0.1)
(0.2045454545 0.3466666667 0.1)
(0.2090909091 0.3466666667 0.1)
(0.2136363636 0.3466666667 0.1)
(0.2181818182 0.3466666667 0.1)
(0.2227272727 0.3466666667 0.1)
(0.2272727273 0.3466666667 0.1)
(0.2318181818 0.3466666667 0.1)
(0.2363636364 0.3466666667 0.1)
(0.2409090909 0.3466666667 0.1)
(0.2454545455 0.3466666667 0.1)
(0.25 0.3466666667 0.1)
(0.2545454545 0.3466666667 0.1)
(0.2590909091 0.3466666667 0.1)
(0.2636363636 0.3466666667 0.1)
(0.2681818182 0.3466666667 0.1)
(0.2727272727 0.3466666667 0.1)
(0.2772727273 0.3466666667 0.1)
(0.2818181818 0.3466666667 0.1)
(0.2863636364 0.3466666667 0.1)
(0.2909090909 0.3466666667 0.1)
(0.2954545455 0.3466666667 0.1)
(0.3 0.3466666667 0.1)
(0.3045454545 0.3466666667 0.1)
(0.3090909091 0.3466666667 0.1)
(0.3136363636 0.3466666667 0.1)
(0.3181818182 0.3466666667 0.1)
(0.3227272727 0.3466666667 0.1)
(0.3272727273 0.3466666667 0.1)
(0.3318181818 0.3466666667 0.1)
(0.3363636364 0.3466666667 0.1)
(0.3409090909 0.3466666667 0.1)
(0.3454545455 0.3466666667 0.1)
(0.35 0.3466666667 0.1)
(0.3545454545 0.3466666667 0.1)
(0.3590909091 0.3466666667 0.1)
(0.3636363636 0.3466666667 0.1)
(0.3681818182 0.3466666667 0.1)
(0.3727272727 0.3466666667 0.1)
(0.3772727273 0.3466666667 0.1)
(0.3818181818 0.3466666667 0.1)
(0.3863636364 0.3466666667 0.1)
(0.3909090909 0.3466666667 0.1)
(0.3954545455 0.3466666667 0.1)
(0.4 0.3466666667 0.1)
(0.4045454545 0.3466666667 0.1)
(0.4090909091 0.3466666667 0.1)
(0.4136363636 0.3466666667 0.1)
(0.4181818182 0.3466666667 0.1)
(0.4227272727 0.3466666667 0.1)
(0.4272727273 0.3466666667 0.1)
(0.4318181818 0.3466666667 0.1)
(0.4363636364 0.3466666667 0.1)
(0.4409090909 0.3466666667 0.1)
(0.4454545455 0.3466666667 0.1)
(0.45 0.3466666667 0.1)
(0.4545454545 0.3466666667 0.1)
(0.4590909091 0.3466666667 0.1)
(0.4636363636 0.3466666667 0.1)
(0.4681818182 0.3466666667 0.1)
(0.4727272727 0.3466666667 0.1)
(0.4772727273 0.3466666667 0.1)
(0.4818181818 0.3466666667 0.1)
(0.4863636364 0.3466666667 0.1)
(0.4909090909 0.3466666667 0.1)
(0.4954545455 0.3466666667 0.1)
(0.5 0.3466666667 0.1)
(0.5045454545 0.3466666667 0.1)
(0.5090909091 0.3466666667 0.1)
(0.5136363636 0.3466666667 0.1)
(0.5181818182 0.3466666667 0.1)
(0.5227272727 0.3466666667 0.1)
(0.5272727273 0.3466666667 0.1)
(0.5318181818 0.3466666667 0.1)
(0.5363636364 0.3466666667 0.1)
(0.5409090909 0.3466666667 0.1)
(0.5454545455 0.3466666667 0.1)
(0.55 0.3466666667 0.1)
(0.5545454545 0.3466666667 0.1)
(0.5590909091 0.3466666667 0.1)
(0.5636363636 0.3466666667 0.1)
(0.5681818182 0.3466666667 0.1)
(0.5727272727 0.3466666667 0.1)
(0.5772727273 0.3466666667 0.1)
(0.5818181818 0.3466666667 0.1)
(0.5863636364 0.3466666667 0.1)
(0.5909090909 0.3466666667 0.1)
(0.5954545455 0.3466666667 0.1)
(0.6 0.3466666667 0.1)
(0.6045454545 0.3466666667 0.1)
(0.6090909091 0.3466666667 0.1)
(0.6136363636 0.3466666667 0.1)
(0.6181818182 0.3466666667 0.1)
(0.6227272727 0.3466666667 0.1)
(0.6272727273 0.3466666667 0.1)
(0.6318181818 0.3466666667 0.1)
(0.6363636364 0.3466666667 0.1)
(0.6409090909 0.3466666667 0.1)
(0.6454545455 0.3466666667 0.1)
(0.65 0.3466666667 0.1)
(0.6545454545 0.3466666667 0.1)
(0.6590909091 0.3466666667 0.1)
(0.6636363636 0.3466666667 0.1)
(0.6681818182 0.3466666667 0.1)
(0.6727272727 0.3466666667 0.1)
(0.6772727273 0.3466666667 0.1)
(0.6818181818 0.3466666667 0.1)
(0.6863636364 0.3466666667 0.1)
(0.6909090909 0.3466666667 0.1)
(0.6954545455 0.3466666667 0.1)
(0.7 0.3466666667 0.1)
(0.7045454545 0.3466666667 0.1)
(0.7090909091 0.3466666667 0.1)
(0.7136363636 0.3466666667 0.1)
(0.7181818182 0.3466666667 0.1)
(0.7227272727 0.3466666667 0.1)
(0.7272727273 0.3466666667 0.1)
(0.7318181818 0.3466666667 0.1)
(0.7363636364 0.3466666667 0.1)
(0.7409090909 0.3466666667 0.1)
(0.7454545455 0.3466666667 0.1)
(0.75 0.3466666667 0.1)
(0.7545454545 0.3466666667 0.1)
(0.7590909091 0.3466666667 0.1)
(0.7636363636 0.3466666667 0.1)
(0.7681818182 0.3466666667 0.1)
(0.7727272727 0.3466666667 0.1)
(0.7772727273 0.3466666667 0.1)
(0.7818181818 0.3466666667 0.1)
(0.7863636364 0.3466666667 0.1)
(0.7909090909 0.3466666667 0.1)
(0.7954545455 0.3466666667 0.1)
(0.8 0.3466666667 0.1)
(0.8045454545 0.3466666667 0.1)
(0.8090909091 0.3466666667 0.1)
(0.8136363636 0.3466666667 0.1)
(0.8181818182 0.3466666667 0.1)
(0.8227272727 0.3466666667 0.1)
(0.8272727273 0.3466666667 0.1)
(0.8318181818 0.3466666667 0.1)
(0.8363636364 0.3466666667 0.1)
(0.8409090909 0.3466666667 0.1)
(0.8454545455 0.3466666667 0.1)
(0.85 0.3466666667 0.1)
(0.8545454545 0.3466666667 0.1)
(0.8590909091 0.3466666667 0.1)
(0.8636363636 0.3466666667 0.1)
(0.8681818182 0.3466666667 0.1)
(0.8727272727 0.3466666667 0.1)
(0.8772727273 0.3466666667 0.1)
(0.8818181818 0.3466666667 0.1)
(0.8863636364 0.3466666667 0.1)
(0.8909090909 0.3466666667 0.1)
(0.8954545455 0.3466666667 0.1)
(0.9 0.3466666667 0.1)
(0.9045454545 0.3466666667 0.1)
(0.9090909091 0.3466666667 0.1)
(0.9136363636 0.3466666667 0.1)
(0.9181818182 0.3466666667 0.1)
(0.9227272727 0.3466666667 0.1)
(0.9272727273 0.3466666667 0.1)
(0.9318181818 0.3466666667 0.1)
(0.9363636364 0.3466666667 0.1)
(0.9409090909 0.3466666667 0.1)
(0.9454545455 0.3466666667 0.1)
(0.95 0.3466666667 0.1)
(0.9545454545 0.3466666667 0.1)
(0.9590909091 0.3466666667 0.1)
(0.9636363636 0.3466666667 0.1)
(0.9681818182 0.3466666667 0.1)
(0.9727272727 0.3466666667 0.1)
(0.9772727273 0.3466666667 0.1)
(0.9818181818 0.3466666667 0.1)
(0.9863636364 0.3466666667 0.1)
(0.9909090909 0.3466666667 0.1)
(0.9954545455 0.3466666667 0.1)
(1 0.3466666667 0.1)
(0 0.3533333333 0.1)
(0.004545454545 0.3533333333 0.1)
(0.009090909091 0.3533333333 0.1)
(0.01363636364 0.3533333333 0.1)
(0.01818181818 0.3533333333 0.1)
(0.02272727273 0.3533333333 0.1)
(0.02727272727 0.3533333333 0.1)
(0.03181818182 0.3533333333 0.1)
(0.03636363636 0.3533333333 0.1)
(0.04090909091 0.3533333333 0.1)
(0.04545454545 0.3533333333 0.1)
(0.05 0.3533333333 0.1)
(0.05454545455 0.3533333333 0.1)
(0.05909090909 0.3533333333 0.1)
(0.06363636364 0.3533333333 0.1)
(0.06818181818 0.3533333333 0.1)
(0.07272727273 0.3533333333 0.1)
(0.07727272727 0.3533333333 0.1)
(0.08181818182 0.3533333333 0.1)
(0.08636363636 0.3533333333 0.1)
(0.09090909091 0.3533333333 0.1)
(0.09545454545 0.3533333333 0.1)
(0.1 0.3533333333 0.1)
(0.1045454545 0.3533333333 0.1)
(0.1090909091 0.3533333333 0.1)
(0.1136363636 0.3533333333 0.1)
(0.1181818182 0.3533333333 0.1)
(0.1227272727 0.3533333333 0.1)
(0.1272727273 0.3533333333 0.1)
(0.1318181818 0.3533333333 0.1)
(0.1363636364 0.3533333333 0.1)
(0.1409090909 0.3533333333 0.1)
(0.1454545455 0.3533333333 0.1)
(0.15 0.3533333333 0.1)
(0.1545454545 0.3533333333 0.1)
(0.1590909091 0.3533333333 0.1)
(0.1636363636 0.3533333333 0.1)
(0.1681818182 0.3533333333 0.1)
(0.1727272727 0.3533333333 0.1)
(0.1772727273 0.3533333333 0.1)
(0.1818181818 0.3533333333 0.1)
(0.1863636364 0.3533333333 0.1)
(0.1909090909 0.3533333333 0.1)
(0.1954545455 0.3533333333 0.1)
(0.2 0.3533333333 0.1)
(0.2045454545 0.3533333333 0.1)
(0.2090909091 0.3533333333 0.1)
(0.2136363636 0.3533333333 0.1)
(0.2181818182 0.3533333333 0.1)
(0.2227272727 0.3533333333 0.1)
(0.2272727273 0.3533333333 0.1)
(0.2318181818 0.3533333333 0.1)
(0.2363636364 0.3533333333 0.1)
(0.2409090909 0.3533333333 0.1)
(0.2454545455 0.3533333333 0.1)
(0.25 0.3533333333 0.1)
(0.2545454545 0.3533333333 0.1)
(0.2590909091 0.3533333333 0.1)
(0.2636363636 0.3533333333 0.1)
(0.2681818182 0.3533333333 0.1)
(0.2727272727 0.3533333333 0.1)
(0.2772727273 0.3533333333 0.1)
(0.2818181818 0.3533333333 0.1)
(0.2863636364 0.3533333333 0.1)
(0.2909090909 0.3533333333 0.1)
(0.2954545455 0.3533333333 0.1)
(0.3 0.3533333333 0.1)
(0.3045454545 0.3533333333 0.1)
(0.3090909091 0.3533333333 0.1)
(0.3136363636 0.3533333333 0.1)
(0.3181818182 0.3533333333 0.1)
(0.3227272727 0.3533333333 0.1)
(0.3272727273 0.3533333333 0.1)
(0.3318181818 0.3533333333 0.1)
(0.3363636364 0.3533333333 0.1)
(0.3409090909 0.3533333333 0.1)
(0.3454545455 0.3533333333 0.1)
(0.35 0.3533333333 0.1)
(0.3545454545 0.3533333333 0.1)
(0.3590909091 0.3533333333 0.1)
(0.3636363636 0.3533333333 0.1)
(0.3681818182 0.3533333333 0.1)
(0.3727272727 0.3533333333 0.1)
(0.3772727273 0.3533333333 0.1)
(0.3818181818 0.3533333333 0.1)
(0.3863636364 0.3533333333 0.1)
(0.3909090909 0.3533333333 0.1)
(0.3954545455 0.3533333333 0.1)
(0.4 0.3533333333 0.1)
(0.4045454545 0.3533333333 0.1)
(0.4090909091 0.3533333333 0.1)
(0.4136363636 0.3533333333 0.1)
(0.4181818182 0.3533333333 0.1)
(0.4227272727 0.3533333333 0.1)
(0.4272727273 0.3533333333 0.1)
(0.4318181818 0.3533333333 0.1)
(0.4363636364 0.3533333333 0.1)
(0.4409090909 0.3533333333 0.1)
(0.4454545455 0.3533333333 0.1)
(0.45 0.3533333333 0.1)
(0.4545454545 0.3533333333 0.1)
(0.4590909091 0.3533333333 0.1)
(0.4636363636 0.3533333333 0.1)
(0.4681818182 0.3533333333 0.1)
(0.4727272727 0.3533333333 0.1)
(0.4772727273 0.3533333333 0.1)
(0.4818181818 0.3533333333 0.1)
(0.4863636364 0.3533333333 0.1)
(0.4909090909 0.3533333333 0.1)
(0.4954545455 0.3533333333 0.1)
(0.5 0.3533333333 0.1)
(0.5045454545 0.3533333333 0.1)
(0.5090909091 0.3533333333 0.1)
(0.5136363636 0.3533333333 0.1)
(0.5181818182 0.3533333333 0.1)
(0.5227272727 0.3533333333 0.1)
(0.5272727273 0.3533333333 0.1)
(0.5318181818 0.3533333333 0.1)
(0.5363636364 0.3533333333 0.1)
(0.5409090909 0.3533333333 0.1)
(0.5454545455 0.3533333333 0.1)
(0.55 0.3533333333 0.1)
(0.5545454545 0.3533333333 0.1)
(0.5590909091 0.3533333333 0.1)
(0.5636363636 0.3533333333 0.1)
(0.5681818182 0.3533333333 0.1)
(0.5727272727 0.3533333333 0.1)
(0.5772727273 0.3533333333 0.1)
(0.5818181818 0.3533333333 0.1)
(0.5863636364 0.3533333333 0.1)
(0.5909090909 0.3533333333 0.1)
(0.5954545455 0.3533333333 0.1)
(0.6 0.3533333333 0.1)
(0.6045454545 0.3533333333 0.1)
(0.6090909091 0.3533333333 0.1)
(0.6136363636 0.3533333333 0.1)
(0.6181818182 0.3533333333 0.1)
(0.6227272727 0.3533333333 0.1)
(0.6272727273 0.3533333333 0.1)
(0.6318181818 0.3533333333 0.1)
(0.6363636364 0.3533333333 0.1)
(0.6409090909 0.3533333333 0.1)
(0.6454545455 0.3533333333 0.1)
(0.65 0.3533333333 0.1)
(0.6545454545 0.3533333333 0.1)
(0.6590909091 0.3533333333 0.1)
(0.6636363636 0.3533333333 0.1)
(0.6681818182 0.3533333333 0.1)
(0.6727272727 0.3533333333 0.1)
(0.6772727273 0.3533333333 0.1)
(0.6818181818 0.3533333333 0.1)
(0.6863636364 0.3533333333 0.1)
(0.6909090909 0.3533333333 0.1)
(0.6954545455 0.3533333333 0.1)
(0.7 0.3533333333 0.1)
(0.7045454545 0.3533333333 0.1)
(0.7090909091 0.3533333333 0.1)
(0.7136363636 0.3533333333 0.1)
(0.7181818182 0.3533333333 0.1)
(0.7227272727 0.3533333333 0.1)
(0.7272727273 0.3533333333 0.1)
(0.7318181818 0.3533333333 0.1)
(0.7363636364 0.3533333333 0.1)
(0.7409090909 0.3533333333 0.1)
(0.7454545455 0.3533333333 0.1)
(0.75 0.3533333333 0.1)
(0.7545454545 0.3533333333 0.1)
(0.7590909091 0.3533333333 0.1)
(0.7636363636 0.3533333333 0.1)
(0.7681818182 0.3533333333 0.1)
(0.7727272727 0.3533333333 0.1)
(0.7772727273 0.3533333333 0.1)
(0.7818181818 0.3533333333 0.1)
(0.7863636364 0.3533333333 0.1)
(0.7909090909 0.3533333333 0.1)
(0.7954545455 0.3533333333 0.1)
(0.8 0.3533333333 0.1)
(0.8045454545 0.3533333333 0.1)
(0.8090909091 0.3533333333 0.1)
(0.8136363636 0.3533333333 0.1)
(0.8181818182 0.3533333333 0.1)
(0.8227272727 0.3533333333 0.1)
(0.8272727273 0.3533333333 0.1)
(0.8318181818 0.3533333333 0.1)
(0.8363636364 0.3533333333 0.1)
(0.8409090909 0.3533333333 0.1)
(0.8454545455 0.3533333333 0.1)
(0.85 0.3533333333 0.1)
(0.8545454545 0.3533333333 0.1)
(0.8590909091 0.3533333333 0.1)
(0.8636363636 0.3533333333 0.1)
(0.8681818182 0.3533333333 0.1)
(0.8727272727 0.3533333333 0.1)
(0.8772727273 0.3533333333 0.1)
(0.8818181818 0.3533333333 0.1)
(0.8863636364 0.3533333333 0.1)
(0.8909090909 0.3533333333 0.1)
(0.8954545455 0.3533333333 0.1)
(0.9 0.3533333333 0.1)
(0.9045454545 0.3533333333 0.1)
(0.9090909091 0.3533333333 0.1)
(0.9136363636 0.3533333333 0.1)
(0.9181818182 0.3533333333 0.1)
(0.9227272727 0.3533333333 0.1)
(0.9272727273 0.3533333333 0.1)
(0.9318181818 0.3533333333 0.1)
(0.9363636364 0.3533333333 0.1)
(0.9409090909 0.3533333333 0.1)
(0.9454545455 0.3533333333 0.1)
(0.95 0.3533333333 0.1)
(0.9545454545 0.3533333333 0.1)
(0.9590909091 0.3533333333 0.1)
(0.9636363636 0.3533333333 0.1)
(0.9681818182 0.3533333333 0.1)
(0.9727272727 0.3533333333 0.1)
(0.9772727273 0.3533333333 0.1)
(0.9818181818 0.3533333333 0.1)
(0.9863636364 0.3533333333 0.1)
(0.9909090909 0.3533333333 0.1)
(0.9954545455 0.3533333333 0.1)
(1 0.3533333333 0.1)
(0 0.36 0.1)
(0.004545454545 0.36 0.1)
(0.009090909091 0.36 0.1)
(0.01363636364 0.36 0.1)
(0.01818181818 0.36 0.1)
(0.02272727273 0.36 0.1)
(0.02727272727 0.36 0.1)
(0.03181818182 0.36 0.1)
(0.03636363636 0.36 0.1)
(0.04090909091 0.36 0.1)
(0.04545454545 0.36 0.1)
(0.05 0.36 0.1)
(0.05454545455 0.36 0.1)
(0.05909090909 0.36 0.1)
(0.06363636364 0.36 0.1)
(0.06818181818 0.36 0.1)
(0.07272727273 0.36 0.1)
(0.07727272727 0.36 0.1)
(0.08181818182 0.36 0.1)
(0.08636363636 0.36 0.1)
(0.09090909091 0.36 0.1)
(0.09545454545 0.36 0.1)
(0.1 0.36 0.1)
(0.1045454545 0.36 0.1)
(0.1090909091 0.36 0.1)
(0.1136363636 0.36 0.1)
(0.1181818182 0.36 0.1)
(0.1227272727 0.36 0.1)
(0.1272727273 0.36 0.1)
(0.1318181818 0.36 0.1)
(0.1363636364 0.36 0.1)
(0.1409090909 0.36 0.1)
(0.1454545455 0.36 0.1)
(0.15 0.36 0.1)
(0.1545454545 0.36 0.1)
(0.1590909091 0.36 0.1)
(0.1636363636 0.36 0.1)
(0.1681818182 0.36 0.1)
(0.1727272727 0.36 0.1)
(0.1772727273 0.36 0.1)
(0.1818181818 0.36 0.1)
(0.1863636364 0.36 0.1)
(0.1909090909 0.36 0.1)
(0.1954545455 0.36 0.1)
(0.2 0.36 0.1)
(0.2045454545 0.36 0.1)
(0.2090909091 0.36 0.1)
(0.2136363636 0.36 0.1)
(0.2181818182 0.36 0.1)
(0.2227272727 0.36 0.1)
(0.2272727273 0.36 0.1)
(0.2318181818 0.36 0.1)
(0.2363636364 0.36 0.1)
(0.2409090909 0.36 0.1)
(0.2454545455 0.36 0.1)
(0.25 0.36 0.1)
(0.2545454545 0.36 0.1)
(0.2590909091 0.36 0.1)
(0.2636363636 0.36 0.1)
(0.2681818182 0.36 0.1)
(0.2727272727 0.36 0.1)
(0.2772727273 0.36 0.1)
(0.2818181818 0.36 0.1)
(0.2863636364 0.36 0.1)
(0.2909090909 0.36 0.1)
(0.2954545455 0.36 0.1)
(0.3 0.36 0.1)
(0.3045454545 0.36 0.1)
(0.3090909091 0.36 0.1)
(0.3136363636 0.36 0.1)
(0.3181818182 0.36 0.1)
(0.3227272727 0.36 0.1)
(0.3272727273 0.36 0.1)
(0.3318181818 0.36 0.1)
(0.3363636364 0.36 0.1)
(0.3409090909 0.36 0.1)
(0.3454545455 0.36 0.1)
(0.35 0.36 0.1)
(0.3545454545 0.36 0.1)
(0.3590909091 0.36 0.1)
(0.3636363636 0.36 0.1)
(0.3681818182 0.36 0.1)
(0.3727272727 0.36 0.1)
(0.3772727273 0.36 0.1)
(0.3818181818 0.36 0.1)
(0.3863636364 0.36 0.1)
(0.3909090909 0.36 0.1)
(0.3954545455 0.36 0.1)
(0.4 0.36 0.1)
(0.4045454545 0.36 0.1)
(0.4090909091 0.36 0.1)
(0.4136363636 0.36 0.1)
(0.4181818182 0.36 0.1)
(0.4227272727 0.36 0.1)
(0.4272727273 0.36 0.1)
(0.4318181818 0.36 0.1)
(0.4363636364 0.36 0.1)
(0.4409090909 0.36 0.1)
(0.4454545455 0.36 0.1)
(0.45 0.36 0.1)
(0.4545454545 0.36 0.1)
(0.4590909091 0.36 0.1)
(0.4636363636 0.36 0.1)
(0.4681818182 0.36 0.1)
(0.4727272727 0.36 0.1)
(0.4772727273 0.36 0.1)
(0.4818181818 0.36 0.1)
(0.4863636364 0.36 0.1)
(0.4909090909 0.36 0.1)
(0.4954545455 0.36 0.1)
(0.5 0.36 0.1)
(0.5045454545 0.36 0.1)
(0.5090909091 0.36 0.1)
(0.5136363636 0.36 0.1)
(0.5181818182 0.36 0.1)
(0.5227272727 0.36 0.1)
(0.5272727273 0.36 0.1)
(0.5318181818 0.36 0.1)
(0.5363636364 0.36 0.1)
(0.5409090909 0.36 0.1)
(0.5454545455 0.36 0.1)
(0.55 0.36 0.1)
(0.5545454545 0.36 0.1)
(0.5590909091 0.36 0.1)
(0.5636363636 0.36 0.1)
(0.5681818182 0.36 0.1)
(0.5727272727 0.36 0.1)
(0.5772727273 0.36 0.1)
(0.5818181818 0.36 0.1)
(0.5863636364 0.36 0.1)
(0.5909090909 0.36 0.1)
(0.5954545455 0.36 0.1)
(0.6 0.36 0.1)
(0.6045454545 0.36 0.1)
(0.6090909091 0.36 0.1)
(0.6136363636 0.36 0.1)
(0.6181818182 0.36 0.1)
(0.6227272727 0.36 0.1)
(0.6272727273 0.36 0.1)
(0.6318181818 0.36 0.1)
(0.6363636364 0.36 0.1)
(0.6409090909 0.36 0.1)
(0.6454545455 0.36 0.1)
(0.65 0.36 0.1)
(0.6545454545 0.36 0.1)
(0.6590909091 0.36 0.1)
(0.6636363636 0.36 0.1)
(0.6681818182 0.36 0.1)
(0.6727272727 0.36 0.1)
(0.6772727273 0.36 0.1)
(0.6818181818 0.36 0.1)
(0.6863636364 0.36 0.1)
(0.6909090909 0.36 0.1)
(0.6954545455 0.36 0.1)
(0.7 0.36 0.1)
(0.7045454545 0.36 0.1)
(0.7090909091 0.36 0.1)
(0.7136363636 0.36 0.1)
(0.7181818182 0.36 0.1)
(0.7227272727 0.36 0.1)
(0.7272727273 0.36 0.1)
(0.7318181818 0.36 0.1)
(0.7363636364 0.36 0.1)
(0.7409090909 0.36 0.1)
(0.7454545455 0.36 0.1)
(0.75 0.36 0.1)
(0.7545454545 0.36 0.1)
(0.7590909091 0.36 0.1)
(0.7636363636 0.36 0.1)
(0.7681818182 0.36 0.1)
(0.7727272727 0.36 0.1)
(0.7772727273 0.36 0.1)
(0.7818181818 0.36 0.1)
(0.7863636364 0.36 0.1)
(0.7909090909 0.36 0.1)
(0.7954545455 0.36 0.1)
(0.8 0.36 0.1)
(0.8045454545 0.36 0.1)
(0.8090909091 0.36 0.1)
(0.8136363636 0.36 0.1)
(0.8181818182 0.36 0.1)
(0.8227272727 0.36 0.1)
(0.8272727273 0.36 0.1)
(0.8318181818 0.36 0.1)
(0.8363636364 0.36 0.1)
(0.8409090909 0.36 0.1)
(0.8454545455 0.36 0.1)
(0.85 0.36 0.1)
(0.8545454545 0.36 0.1)
(0.8590909091 0.36 0.1)
(0.8636363636 0.36 0.1)
(0.8681818182 0.36 0.1)
(0.8727272727 0.36 0.1)
(0.8772727273 0.36 0.1)
(0.8818181818 0.36 0.1)
(0.8863636364 0.36 0.1)
(0.8909090909 0.36 0.1)
(0.8954545455 0.36 0.1)
(0.9 0.36 0.1)
(0.9045454545 0.36 0.1)
(0.9090909091 0.36 0.1)
(0.9136363636 0.36 0.1)
(0.9181818182 0.36 0.1)
(0.9227272727 0.36 0.1)
(0.9272727273 0.36 0.1)
(0.9318181818 0.36 0.1)
(0.9363636364 0.36 0.1)
(0.9409090909 0.36 0.1)
(0.9454545455 0.36 0.1)
(0.95 0.36 0.1)
(0.9545454545 0.36 0.1)
(0.9590909091 0.36 0.1)
(0.9636363636 0.36 0.1)
(0.9681818182 0.36 0.1)
(0.9727272727 0.36 0.1)
(0.9772727273 0.36 0.1)
(0.9818181818 0.36 0.1)
(0.9863636364 0.36 0.1)
(0.9909090909 0.36 0.1)
(0.9954545455 0.36 0.1)
(1 0.36 0.1)
(0 0.3666666667 0.1)
(0.004545454545 0.3666666667 0.1)
(0.009090909091 0.3666666667 0.1)
(0.01363636364 0.3666666667 0.1)
(0.01818181818 0.3666666667 0.1)
(0.02272727273 0.3666666667 0.1)
(0.02727272727 0.3666666667 0.1)
(0.03181818182 0.3666666667 0.1)
(0.03636363636 0.3666666667 0.1)
(0.04090909091 0.3666666667 0.1)
(0.04545454545 0.3666666667 0.1)
(0.05 0.3666666667 0.1)
(0.05454545455 0.3666666667 0.1)
(0.05909090909 0.3666666667 0.1)
(0.06363636364 0.3666666667 0.1)
(0.06818181818 0.3666666667 0.1)
(0.07272727273 0.3666666667 0.1)
(0.07727272727 0.3666666667 0.1)
(0.08181818182 0.3666666667 0.1)
(0.08636363636 0.3666666667 0.1)
(0.09090909091 0.3666666667 0.1)
(0.09545454545 0.3666666667 0.1)
(0.1 0.3666666667 0.1)
(0.1045454545 0.3666666667 0.1)
(0.1090909091 0.3666666667 0.1)
(0.1136363636 0.3666666667 0.1)
(0.1181818182 0.3666666667 0.1)
(0.1227272727 0.3666666667 0.1)
(0.1272727273 0.3666666667 0.1)
(0.1318181818 0.3666666667 0.1)
(0.1363636364 0.3666666667 0.1)
(0.1409090909 0.3666666667 0.1)
(0.1454545455 0.3666666667 0.1)
(0.15 0.3666666667 0.1)
(0.1545454545 0.3666666667 0.1)
(0.1590909091 0.3666666667 0.1)
(0.1636363636 0.3666666667 0.1)
(0.1681818182 0.3666666667 0.1)
(0.1727272727 0.3666666667 0.1)
(0.1772727273 0.3666666667 0.1)
(0.1818181818 0.3666666667 0.1)
(0.1863636364 0.3666666667 0.1)
(0.1909090909 0.3666666667 0.1)
(0.1954545455 0.3666666667 0.1)
(0.2 0.3666666667 0.1)
(0.2045454545 0.3666666667 0.1)
(0.2090909091 0.3666666667 0.1)
(0.2136363636 0.3666666667 0.1)
(0.2181818182 0.3666666667 0.1)
(0.2227272727 0.3666666667 0.1)
(0.2272727273 0.3666666667 0.1)
(0.2318181818 0.3666666667 0.1)
(0.2363636364 0.3666666667 0.1)
(0.2409090909 0.3666666667 0.1)
(0.2454545455 0.3666666667 0.1)
(0.25 0.3666666667 0.1)
(0.2545454545 0.3666666667 0.1)
(0.2590909091 0.3666666667 0.1)
(0.2636363636 0.3666666667 0.1)
(0.2681818182 0.3666666667 0.1)
(0.2727272727 0.3666666667 0.1)
(0.2772727273 0.3666666667 0.1)
(0.2818181818 0.3666666667 0.1)
(0.2863636364 0.3666666667 0.1)
(0.2909090909 0.3666666667 0.1)
(0.2954545455 0.3666666667 0.1)
(0.3 0.3666666667 0.1)
(0.3045454545 0.3666666667 0.1)
(0.3090909091 0.3666666667 0.1)
(0.3136363636 0.3666666667 0.1)
(0.3181818182 0.3666666667 0.1)
(0.3227272727 0.3666666667 0.1)
(0.3272727273 0.3666666667 0.1)
(0.3318181818 0.3666666667 0.1)
(0.3363636364 0.3666666667 0.1)
(0.3409090909 0.3666666667 0.1)
(0.3454545455 0.3666666667 0.1)
(0.35 0.3666666667 0.1)
(0.3545454545 0.3666666667 0.1)
(0.3590909091 0.3666666667 0.1)
(0.3636363636 0.3666666667 0.1)
(0.3681818182 0.3666666667 0.1)
(0.3727272727 0.3666666667 0.1)
(0.3772727273 0.3666666667 0.1)
(0.3818181818 0.3666666667 0.1)
(0.3863636364 0.3666666667 0.1)
(0.3909090909 0.3666666667 0.1)
(0.3954545455 0.3666666667 0.1)
(0.4 0.3666666667 0.1)
(0.4045454545 0.3666666667 0.1)
(0.4090909091 0.3666666667 0.1)
(0.4136363636 0.3666666667 0.1)
(0.4181818182 0.3666666667 0.1)
(0.4227272727 0.3666666667 0.1)
(0.4272727273 0.3666666667 0.1)
(0.4318181818 0.3666666667 0.1)
(0.4363636364 0.3666666667 0.1)
(0.4409090909 0.3666666667 0.1)
(0.4454545455 0.3666666667 0.1)
(0.45 0.3666666667 0.1)
(0.4545454545 0.3666666667 0.1)
(0.4590909091 0.3666666667 0.1)
(0.4636363636 0.3666666667 0.1)
(0.4681818182 0.3666666667 0.1)
(0.4727272727 0.3666666667 0.1)
(0.4772727273 0.3666666667 0.1)
(0.4818181818 0.3666666667 0.1)
(0.4863636364 0.3666666667 0.1)
(0.4909090909 0.3666666667 0.1)
(0.4954545455 0.3666666667 0.1)
(0.5 0.3666666667 0.1)
(0.5045454545 0.3666666667 0.1)
(0.5090909091 0.3666666667 0.1)
(0.5136363636 0.3666666667 0.1)
(0.5181818182 0.3666666667 0.1)
(0.5227272727 0.3666666667 0.1)
(0.5272727273 0.3666666667 0.1)
(0.5318181818 0.3666666667 0.1)
(0.5363636364 0.3666666667 0.1)
(0.5409090909 0.3666666667 0.1)
(0.5454545455 0.3666666667 0.1)
(0.55 0.3666666667 0.1)
(0.5545454545 0.3666666667 0.1)
(0.5590909091 0.3666666667 0.1)
(0.5636363636 0.3666666667 0.1)
(0.5681818182 0.3666666667 0.1)
(0.5727272727 0.3666666667 0.1)
(0.5772727273 0.3666666667 0.1)
(0.5818181818 0.3666666667 0.1)
(0.5863636364 0.3666666667 0.1)
(0.5909090909 0.3666666667 0.1)
(0.5954545455 0.3666666667 0.1)
(0.6 0.3666666667 0.1)
(0.6045454545 0.3666666667 0.1)
(0.6090909091 0.3666666667 0.1)
(0.6136363636 0.3666666667 0.1)
(0.6181818182 0.3666666667 0.1)
(0.6227272727 0.3666666667 0.1)
(0.6272727273 0.3666666667 0.1)
(0.6318181818 0.3666666667 0.1)
(0.6363636364 0.3666666667 0.1)
(0.6409090909 0.3666666667 0.1)
(0.6454545455 0.3666666667 0.1)
(0.65 0.3666666667 0.1)
(0.6545454545 0.3666666667 0.1)
(0.6590909091 0.3666666667 0.1)
(0.6636363636 0.3666666667 0.1)
(0.6681818182 0.3666666667 0.1)
(0.6727272727 0.3666666667 0.1)
(0.6772727273 0.3666666667 0.1)
(0.6818181818 0.3666666667 0.1)
(0.6863636364 0.3666666667 0.1)
(0.6909090909 0.3666666667 0.1)
(0.6954545455 0.3666666667 0.1)
(0.7 0.3666666667 0.1)
(0.7045454545 0.3666666667 0.1)
(0.7090909091 0.3666666667 0.1)
(0.7136363636 0.3666666667 0.1)
(0.7181818182 0.3666666667 0.1)
(0.7227272727 0.3666666667 0.1)
(0.7272727273 0.3666666667 0.1)
(0.7318181818 0.3666666667 0.1)
(0.7363636364 0.3666666667 0.1)
(0.7409090909 0.3666666667 0.1)
(0.7454545455 0.3666666667 0.1)
(0.75 0.3666666667 0.1)
(0.7545454545 0.3666666667 0.1)
(0.7590909091 0.3666666667 0.1)
(0.7636363636 0.3666666667 0.1)
(0.7681818182 0.3666666667 0.1)
(0.7727272727 0.3666666667 0.1)
(0.7772727273 0.3666666667 0.1)
(0.7818181818 0.3666666667 0.1)
(0.7863636364 0.3666666667 0.1)
(0.7909090909 0.3666666667 0.1)
(0.7954545455 0.3666666667 0.1)
(0.8 0.3666666667 0.1)
(0.8045454545 0.3666666667 0.1)
(0.8090909091 0.3666666667 0.1)
(0.8136363636 0.3666666667 0.1)
(0.8181818182 0.3666666667 0.1)
(0.8227272727 0.3666666667 0.1)
(0.8272727273 0.3666666667 0.1)
(0.8318181818 0.3666666667 0.1)
(0.8363636364 0.3666666667 0.1)
(0.8409090909 0.3666666667 0.1)
(0.8454545455 0.3666666667 0.1)
(0.85 0.3666666667 0.1)
(0.8545454545 0.3666666667 0.1)
(0.8590909091 0.3666666667 0.1)
(0.8636363636 0.3666666667 0.1)
(0.8681818182 0.3666666667 0.1)
(0.8727272727 0.3666666667 0.1)
(0.8772727273 0.3666666667 0.1)
(0.8818181818 0.3666666667 0.1)
(0.8863636364 0.3666666667 0.1)
(0.8909090909 0.3666666667 0.1)
(0.8954545455 0.3666666667 0.1)
(0.9 0.3666666667 0.1)
(0.9045454545 0.3666666667 0.1)
(0.9090909091 0.3666666667 0.1)
(0.9136363636 0.3666666667 0.1)
(0.9181818182 0.3666666667 0.1)
(0.9227272727 0.3666666667 0.1)
(0.9272727273 0.3666666667 0.1)
(0.9318181818 0.3666666667 0.1)
(0.9363636364 0.3666666667 0.1)
(0.9409090909 0.3666666667 0.1)
(0.9454545455 0.3666666667 0.1)
(0.95 0.3666666667 0.1)
(0.9545454545 0.3666666667 0.1)
(0.9590909091 0.3666666667 0.1)
(0.9636363636 0.3666666667 0.1)
(0.9681818182 0.3666666667 0.1)
(0.9727272727 0.3666666667 0.1)
(0.9772727273 0.3666666667 0.1)
(0.9818181818 0.3666666667 0.1)
(0.9863636364 0.3666666667 0.1)
(0.9909090909 0.3666666667 0.1)
(0.9954545455 0.3666666667 0.1)
(1 0.3666666667 0.1)
(0 0.3733333333 0.1)
(0.004545454545 0.3733333333 0.1)
(0.009090909091 0.3733333333 0.1)
(0.01363636364 0.3733333333 0.1)
(0.01818181818 0.3733333333 0.1)
(0.02272727273 0.3733333333 0.1)
(0.02727272727 0.3733333333 0.1)
(0.03181818182 0.3733333333 0.1)
(0.03636363636 0.3733333333 0.1)
(0.04090909091 0.3733333333 0.1)
(0.04545454545 0.3733333333 0.1)
(0.05 0.3733333333 0.1)
(0.05454545455 0.3733333333 0.1)
(0.05909090909 0.3733333333 0.1)
(0.06363636364 0.3733333333 0.1)
(0.06818181818 0.3733333333 0.1)
(0.07272727273 0.3733333333 0.1)
(0.07727272727 0.3733333333 0.1)
(0.08181818182 0.3733333333 0.1)
(0.08636363636 0.3733333333 0.1)
(0.09090909091 0.3733333333 0.1)
(0.09545454545 0.3733333333 0.1)
(0.1 0.3733333333 0.1)
(0.1045454545 0.3733333333 0.1)
(0.1090909091 0.3733333333 0.1)
(0.1136363636 0.3733333333 0.1)
(0.1181818182 0.3733333333 0.1)
(0.1227272727 0.3733333333 0.1)
(0.1272727273 0.3733333333 0.1)
(0.1318181818 0.3733333333 0.1)
(0.1363636364 0.3733333333 0.1)
(0.1409090909 0.3733333333 0.1)
(0.1454545455 0.3733333333 0.1)
(0.15 0.3733333333 0.1)
(0.1545454545 0.3733333333 0.1)
(0.1590909091 0.3733333333 0.1)
(0.1636363636 0.3733333333 0.1)
(0.1681818182 0.3733333333 0.1)
(0.1727272727 0.3733333333 0.1)
(0.1772727273 0.3733333333 0.1)
(0.1818181818 0.3733333333 0.1)
(0.1863636364 0.3733333333 0.1)
(0.1909090909 0.3733333333 0.1)
(0.1954545455 0.3733333333 0.1)
(0.2 0.3733333333 0.1)
(0.2045454545 0.3733333333 0.1)
(0.2090909091 0.3733333333 0.1)
(0.2136363636 0.3733333333 0.1)
(0.2181818182 0.3733333333 0.1)
(0.2227272727 0.3733333333 0.1)
(0.2272727273 0.3733333333 0.1)
(0.2318181818 0.3733333333 0.1)
(0.2363636364 0.3733333333 0.1)
(0.2409090909 0.3733333333 0.1)
(0.2454545455 0.3733333333 0.1)
(0.25 0.3733333333 0.1)
(0.2545454545 0.3733333333 0.1)
(0.2590909091 0.3733333333 0.1)
(0.2636363636 0.3733333333 0.1)
(0.2681818182 0.3733333333 0.1)
(0.2727272727 0.3733333333 0.1)
(0.2772727273 0.3733333333 0.1)
(0.2818181818 0.3733333333 0.1)
(0.2863636364 0.3733333333 0.1)
(0.2909090909 0.3733333333 0.1)
(0.2954545455 0.3733333333 0.1)
(0.3 0.3733333333 0.1)
(0.3045454545 0.3733333333 0.1)
(0.3090909091 0.3733333333 0.1)
(0.3136363636 0.3733333333 0.1)
(0.3181818182 0.3733333333 0.1)
(0.3227272727 0.3733333333 0.1)
(0.3272727273 0.3733333333 0.1)
(0.3318181818 0.3733333333 0.1)
(0.3363636364 0.3733333333 0.1)
(0.3409090909 0.3733333333 0.1)
(0.3454545455 0.3733333333 0.1)
(0.35 0.3733333333 0.1)
(0.3545454545 0.3733333333 0.1)
(0.3590909091 0.3733333333 0.1)
(0.3636363636 0.3733333333 0.1)
(0.3681818182 0.3733333333 0.1)
(0.3727272727 0.3733333333 0.1)
(0.3772727273 0.3733333333 0.1)
(0.3818181818 0.3733333333 0.1)
(0.3863636364 0.3733333333 0.1)
(0.3909090909 0.3733333333 0.1)
(0.3954545455 0.3733333333 0.1)
(0.4 0.3733333333 0.1)
(0.4045454545 0.3733333333 0.1)
(0.4090909091 0.3733333333 0.1)
(0.4136363636 0.3733333333 0.1)
(0.4181818182 0.3733333333 0.1)
(0.4227272727 0.3733333333 0.1)
(0.4272727273 0.3733333333 0.1)
(0.4318181818 0.3733333333 0.1)
(0.4363636364 0.3733333333 0.1)
(0.4409090909 0.3733333333 0.1)
(0.4454545455 0.3733333333 0.1)
(0.45 0.3733333333 0.1)
(0.4545454545 0.3733333333 0.1)
(0.4590909091 0.3733333333 0.1)
(0.4636363636 0.3733333333 0.1)
(0.4681818182 0.3733333333 0.1)
(0.4727272727 0.3733333333 0.1)
(0.4772727273 0.3733333333 0.1)
(0.4818181818 0.3733333333 0.1)
(0.4863636364 0.3733333333 0.1)
(0.4909090909 0.3733333333 0.1)
(0.4954545455 0.3733333333 0.1)
(0.5 0.3733333333 0.1)
(0.5045454545 0.3733333333 0.1)
(0.5090909091 0.3733333333 0.1)
(0.5136363636 0.3733333333 0.1)
(0.5181818182 0.3733333333 0.1)
(0.5227272727 0.3733333333 0.1)
(0.5272727273 0.3733333333 0.1)
(0.5318181818 0.3733333333 0.1)
(0.5363636364 0.3733333333 0.1)
(0.5409090909 0.3733333333 0.1)
(0.5454545455 0.3733333333 0.1)
(0.55 0.3733333333 0.1)
(0.5545454545 0.3733333333 0.1)
(0.5590909091 0.3733333333 0.1)
(0.5636363636 0.3733333333 0.1)
(0.5681818182 0.3733333333 0.1)
(0.5727272727 0.3733333333 0.1)
(0.5772727273 0.3733333333 0.1)
(0.5818181818 0.3733333333 0.1)
(0.5863636364 0.3733333333 0.1)
(0.5909090909 0.3733333333 0.1)
(0.5954545455 0.3733333333 0.1)
(0.6 0.3733333333 0.1)
(0.6045454545 0.3733333333 0.1)
(0.6090909091 0.3733333333 0.1)
(0.6136363636 0.3733333333 0.1)
(0.6181818182 0.3733333333 0.1)
(0.6227272727 0.3733333333 0.1)
(0.6272727273 0.3733333333 0.1)
(0.6318181818 0.3733333333 0.1)
(0.6363636364 0.3733333333 0.1)
(0.6409090909 0.3733333333 0.1)
(0.6454545455 0.3733333333 0.1)
(0.65 0.3733333333 0.1)
(0.6545454545 0.3733333333 0.1)
(0.6590909091 0.3733333333 0.1)
(0.6636363636 0.3733333333 0.1)
(0.6681818182 0.3733333333 0.1)
(0.6727272727 0.3733333333 0.1)
(0.6772727273 0.3733333333 0.1)
(0.6818181818 0.3733333333 0.1)
(0.6863636364 0.3733333333 0.1)
(0.6909090909 0.3733333333 0.1)
(0.6954545455 0.3733333333 0.1)
(0.7 0.3733333333 0.1)
(0.7045454545 0.3733333333 0.1)
(0.7090909091 0.3733333333 0.1)
(0.7136363636 0.3733333333 0.1)
(0.7181818182 0.3733333333 0.1)
(0.7227272727 0.3733333333 0.1)
(0.7272727273 0.3733333333 0.1)
(0.7318181818 0.3733333333 0.1)
(0.7363636364 0.3733333333 0.1)
(0.7409090909 0.3733333333 0.1)
(0.7454545455 0.3733333333 0.1)
(0.75 0.3733333333 0.1)
(0.7545454545 0.3733333333 0.1)
(0.7590909091 0.3733333333 0.1)
(0.7636363636 0.3733333333 0.1)
(0.7681818182 0.3733333333 0.1)
(0.7727272727 0.3733333333 0.1)
(0.7772727273 0.3733333333 0.1)
(0.7818181818 0.3733333333 0.1)
(0.7863636364 0.3733333333 0.1)
(0.7909090909 0.3733333333 0.1)
(0.7954545455 0.3733333333 0.1)
(0.8 0.3733333333 0.1)
(0.8045454545 0.3733333333 0.1)
(0.8090909091 0.3733333333 0.1)
(0.8136363636 0.3733333333 0.1)
(0.8181818182 0.3733333333 0.1)
(0.8227272727 0.3733333333 0.1)
(0.8272727273 0.3733333333 0.1)
(0.8318181818 0.3733333333 0.1)
(0.8363636364 0.3733333333 0.1)
(0.8409090909 0.3733333333 0.1)
(0.8454545455 0.3733333333 0.1)
(0.85 0.3733333333 0.1)
(0.8545454545 0.3733333333 0.1)
(0.8590909091 0.3733333333 0.1)
(0.8636363636 0.3733333333 0.1)
(0.8681818182 0.3733333333 0.1)
(0.8727272727 0.3733333333 0.1)
(0.8772727273 0.3733333333 0.1)
(0.8818181818 0.3733333333 0.1)
(0.8863636364 0.3733333333 0.1)
(0.8909090909 0.3733333333 0.1)
(0.8954545455 0.3733333333 0.1)
(0.9 0.3733333333 0.1)
(0.9045454545 0.3733333333 0.1)
(0.9090909091 0.3733333333 0.1)
(0.9136363636 0.3733333333 0.1)
(0.9181818182 0.3733333333 0.1)
(0.9227272727 0.3733333333 0.1)
(0.9272727273 0.3733333333 0.1)
(0.9318181818 0.3733333333 0.1)
(0.9363636364 0.3733333333 0.1)
(0.9409090909 0.3733333333 0.1)
(0.9454545455 0.3733333333 0.1)
(0.95 0.3733333333 0.1)
(0.9545454545 0.3733333333 0.1)
(0.9590909091 0.3733333333 0.1)
(0.9636363636 0.3733333333 0.1)
(0.9681818182 0.3733333333 0.1)
(0.9727272727 0.3733333333 0.1)
(0.9772727273 0.3733333333 0.1)
(0.9818181818 0.3733333333 0.1)
(0.9863636364 0.3733333333 0.1)
(0.9909090909 0.3733333333 0.1)
(0.9954545455 0.3733333333 0.1)
(1 0.3733333333 0.1)
(0 0.38 0.1)
(0.004545454545 0.38 0.1)
(0.009090909091 0.38 0.1)
(0.01363636364 0.38 0.1)
(0.01818181818 0.38 0.1)
(0.02272727273 0.38 0.1)
(0.02727272727 0.38 0.1)
(0.03181818182 0.38 0.1)
(0.03636363636 0.38 0.1)
(0.04090909091 0.38 0.1)
(0.04545454545 0.38 0.1)
(0.05 0.38 0.1)
(0.05454545455 0.38 0.1)
(0.05909090909 0.38 0.1)
(0.06363636364 0.38 0.1)
(0.06818181818 0.38 0.1)
(0.07272727273 0.38 0.1)
(0.07727272727 0.38 0.1)
(0.08181818182 0.38 0.1)
(0.08636363636 0.38 0.1)
(0.09090909091 0.38 0.1)
(0.09545454545 0.38 0.1)
(0.1 0.38 0.1)
(0.1045454545 0.38 0.1)
(0.1090909091 0.38 0.1)
(0.1136363636 0.38 0.1)
(0.1181818182 0.38 0.1)
(0.1227272727 0.38 0.1)
(0.1272727273 0.38 0.1)
(0.1318181818 0.38 0.1)
(0.1363636364 0.38 0.1)
(0.1409090909 0.38 0.1)
(0.1454545455 0.38 0.1)
(0.15 0.38 0.1)
(0.1545454545 0.38 0.1)
(0.1590909091 0.38 0.1)
(0.1636363636 0.38 0.1)
(0.1681818182 0.38 0.1)
(0.1727272727 0.38 0.1)
(0.1772727273 0.38 0.1)
(0.1818181818 0.38 0.1)
(0.1863636364 0.38 0.1)
(0.1909090909 0.38 0.1)
(0.1954545455 0.38 0.1)
(0.2 0.38 0.1)
(0.2045454545 0.38 0.1)
(0.2090909091 0.38 0.1)
(0.2136363636 0.38 0.1)
(0.2181818182 0.38 0.1)
(0.2227272727 0.38 0.1)
(0.2272727273 0.38 0.1)
(0.2318181818 0.38 0.1)
(0.2363636364 0.38 0.1)
(0.2409090909 0.38 0.1)
(0.2454545455 0.38 0.1)
(0.25 0.38 0.1)
(0.2545454545 0.38 0.1)
(0.2590909091 0.38 0.1)
(0.2636363636 0.38 0.1)
(0.2681818182 0.38 0.1)
(0.2727272727 0.38 0.1)
(0.2772727273 0.38 0.1)
(0.2818181818 0.38 0.1)
(0.2863636364 0.38 0.1)
(0.2909090909 0.38 0.1)
(0.2954545455 0.38 0.1)
(0.3 0.38 0.1)
(0.3045454545 0.38 0.1)
(0.3090909091 0.38 0.1)
(0.3136363636 0.38 0.1)
(0.3181818182 0.38 0.1)
(0.3227272727 0.38 0.1)
(0.3272727273 0.38 0.1)
(0.3318181818 0.38 0.1)
(0.3363636364 0.38 0.1)
(0.3409090909 0.38 0.1)
(0.3454545455 0.38 0.1)
(0.35 0.38 0.1)
(0.3545454545 0.38 0.1)
(0.3590909091 0.38 0.1)
(0.3636363636 0.38 0.1)
(0.3681818182 0.38 0.1)
(0.3727272727 0.38 0.1)
(0.3772727273 0.38 0.1)
(0.3818181818 0.38 0.1)
(0.3863636364 0.38 0.1)
(0.3909090909 0.38 0.1)
(0.3954545455 0.38 0.1)
(0.4 0.38 0.1)
(0.4045454545 0.38 0.1)
(0.4090909091 0.38 0.1)
(0.4136363636 0.38 0.1)
(0.4181818182 0.38 0.1)
(0.4227272727 0.38 0.1)
(0.4272727273 0.38 0.1)
(0.4318181818 0.38 0.1)
(0.4363636364 0.38 0.1)
(0.4409090909 0.38 0.1)
(0.4454545455 0.38 0.1)
(0.45 0.38 0.1)
(0.4545454545 0.38 0.1)
(0.4590909091 0.38 0.1)
(0.4636363636 0.38 0.1)
(0.4681818182 0.38 0.1)
(0.4727272727 0.38 0.1)
(0.4772727273 0.38 0.1)
(0.4818181818 0.38 0.1)
(0.4863636364 0.38 0.1)
(0.4909090909 0.38 0.1)
(0.4954545455 0.38 0.1)
(0.5 0.38 0.1)
(0.5045454545 0.38 0.1)
(0.5090909091 0.38 0.1)
(0.5136363636 0.38 0.1)
(0.5181818182 0.38 0.1)
(0.5227272727 0.38 0.1)
(0.5272727273 0.38 0.1)
(0.5318181818 0.38 0.1)
(0.5363636364 0.38 0.1)
(0.5409090909 0.38 0.1)
(0.5454545455 0.38 0.1)
(0.55 0.38 0.1)
(0.5545454545 0.38 0.1)
(0.5590909091 0.38 0.1)
(0.5636363636 0.38 0.1)
(0.5681818182 0.38 0.1)
(0.5727272727 0.38 0.1)
(0.5772727273 0.38 0.1)
(0.5818181818 0.38 0.1)
(0.5863636364 0.38 0.1)
(0.5909090909 0.38 0.1)
(0.5954545455 0.38 0.1)
(0.6 0.38 0.1)
(0.6045454545 0.38 0.1)
(0.6090909091 0.38 0.1)
(0.6136363636 0.38 0.1)
(0.6181818182 0.38 0.1)
(0.6227272727 0.38 0.1)
(0.6272727273 0.38 0.1)
(0.6318181818 0.38 0.1)
(0.6363636364 0.38 0.1)
(0.6409090909 0.38 0.1)
(0.6454545455 0.38 0.1)
(0.65 0.38 0.1)
(0.6545454545 0.38 0.1)
(0.6590909091 0.38 0.1)
(0.6636363636 0.38 0.1)
(0.6681818182 0.38 0.1)
(0.6727272727 0.38 0.1)
(0.6772727273 0.38 0.1)
(0.6818181818 0.38 0.1)
(0.6863636364 0.38 0.1)
(0.6909090909 0.38 0.1)
(0.6954545455 0.38 0.1)
(0.7 0.38 0.1)
(0.7045454545 0.38 0.1)
(0.7090909091 0.38 0.1)
(0.7136363636 0.38 0.1)
(0.7181818182 0.38 0.1)
(0.7227272727 0.38 0.1)
(0.7272727273 0.38 0.1)
(0.7318181818 0.38 0.1)
(0.7363636364 0.38 0.1)
(0.7409090909 0.38 0.1)
(0.7454545455 0.38 0.1)
(0.75 0.38 0.1)
(0.7545454545 0.38 0.1)
(0.7590909091 0.38 0.1)
(0.7636363636 0.38 0.1)
(0.7681818182 0.38 0.1)
(0.7727272727 0.38 0.1)
(0.7772727273 0.38 0.1)
(0.7818181818 0.38 0.1)
(0.7863636364 0.38 0.1)
(0.7909090909 0.38 0.1)
(0.7954545455 0.38 0.1)
(0.8 0.38 0.1)
(0.8045454545 0.38 0.1)
(0.8090909091 0.38 0.1)
(0.8136363636 0.38 0.1)
(0.8181818182 0.38 0.1)
(0.8227272727 0.38 0.1)
(0.8272727273 0.38 0.1)
(0.8318181818 0.38 0.1)
(0.8363636364 0.38 0.1)
(0.8409090909 0.38 0.1)
(0.8454545455 0.38 0.1)
(0.85 0.38 0.1)
(0.8545454545 0.38 0.1)
(0.8590909091 0.38 0.1)
(0.8636363636 0.38 0.1)
(0.8681818182 0.38 0.1)
(0.8727272727 0.38 0.1)
(0.8772727273 0.38 0.1)
(0.8818181818 0.38 0.1)
(0.8863636364 0.38 0.1)
(0.8909090909 0.38 0.1)
(0.8954545455 0.38 0.1)
(0.9 0.38 0.1)
(0.9045454545 0.38 0.1)
(0.9090909091 0.38 0.1)
(0.9136363636 0.38 0.1)
(0.9181818182 0.38 0.1)
(0.9227272727 0.38 0.1)
(0.9272727273 0.38 0.1)
(0.9318181818 0.38 0.1)
(0.9363636364 0.38 0.1)
(0.9409090909 0.38 0.1)
(0.9454545455 0.38 0.1)
(0.95 0.38 0.1)
(0.9545454545 0.38 0.1)
(0.9590909091 0.38 0.1)
(0.9636363636 0.38 0.1)
(0.9681818182 0.38 0.1)
(0.9727272727 0.38 0.1)
(0.9772727273 0.38 0.1)
(0.9818181818 0.38 0.1)
(0.9863636364 0.38 0.1)
(0.9909090909 0.38 0.1)
(0.9954545455 0.38 0.1)
(1 0.38 0.1)
(0 0.3866666667 0.1)
(0.004545454545 0.3866666667 0.1)
(0.009090909091 0.3866666667 0.1)
(0.01363636364 0.3866666667 0.1)
(0.01818181818 0.3866666667 0.1)
(0.02272727273 0.3866666667 0.1)
(0.02727272727 0.3866666667 0.1)
(0.03181818182 0.3866666667 0.1)
(0.03636363636 0.3866666667 0.1)
(0.04090909091 0.3866666667 0.1)
(0.04545454545 0.3866666667 0.1)
(0.05 0.3866666667 0.1)
(0.05454545455 0.3866666667 0.1)
(0.05909090909 0.3866666667 0.1)
(0.06363636364 0.3866666667 0.1)
(0.06818181818 0.3866666667 0.1)
(0.07272727273 0.3866666667 0.1)
(0.07727272727 0.3866666667 0.1)
(0.08181818182 0.3866666667 0.1)
(0.08636363636 0.3866666667 0.1)
(0.09090909091 0.3866666667 0.1)
(0.09545454545 0.3866666667 0.1)
(0.1 0.3866666667 0.1)
(0.1045454545 0.3866666667 0.1)
(0.1090909091 0.3866666667 0.1)
(0.1136363636 0.3866666667 0.1)
(0.1181818182 0.3866666667 0.1)
(0.1227272727 0.3866666667 0.1)
(0.1272727273 0.3866666667 0.1)
(0.1318181818 0.3866666667 0.1)
(0.1363636364 0.3866666667 0.1)
(0.1409090909 0.3866666667 0.1)
(0.1454545455 0.3866666667 0.1)
(0.15 0.3866666667 0.1)
(0.1545454545 0.3866666667 0.1)
(0.1590909091 0.3866666667 0.1)
(0.1636363636 0.3866666667 0.1)
(0.1681818182 0.3866666667 0.1)
(0.1727272727 0.3866666667 0.1)
(0.1772727273 0.3866666667 0.1)
(0.1818181818 0.3866666667 0.1)
(0.1863636364 0.3866666667 0.1)
(0.1909090909 0.3866666667 0.1)
(0.1954545455 0.3866666667 0.1)
(0.2 0.3866666667 0.1)
(0.2045454545 0.3866666667 0.1)
(0.2090909091 0.3866666667 0.1)
(0.2136363636 0.3866666667 0.1)
(0.2181818182 0.3866666667 0.1)
(0.2227272727 0.3866666667 0.1)
(0.2272727273 0.3866666667 0.1)
(0.2318181818 0.3866666667 0.1)
(0.2363636364 0.3866666667 0.1)
(0.2409090909 0.3866666667 0.1)
(0.2454545455 0.3866666667 0.1)
(0.25 0.3866666667 0.1)
(0.2545454545 0.3866666667 0.1)
(0.2590909091 0.3866666667 0.1)
(0.2636363636 0.3866666667 0.1)
(0.2681818182 0.3866666667 0.1)
(0.2727272727 0.3866666667 0.1)
(0.2772727273 0.3866666667 0.1)
(0.2818181818 0.3866666667 0.1)
(0.2863636364 0.3866666667 0.1)
(0.2909090909 0.3866666667 0.1)
(0.2954545455 0.3866666667 0.1)
(0.3 0.3866666667 0.1)
(0.3045454545 0.3866666667 0.1)
(0.3090909091 0.3866666667 0.1)
(0.3136363636 0.3866666667 0.1)
(0.3181818182 0.3866666667 0.1)
(0.3227272727 0.3866666667 0.1)
(0.3272727273 0.3866666667 0.1)
(0.3318181818 0.3866666667 0.1)
(0.3363636364 0.3866666667 0.1)
(0.3409090909 0.3866666667 0.1)
(0.3454545455 0.3866666667 0.1)
(0.35 0.3866666667 0.1)
(0.3545454545 0.3866666667 0.1)
(0.3590909091 0.3866666667 0.1)
(0.3636363636 0.3866666667 0.1)
(0.3681818182 0.3866666667 0.1)
(0.3727272727 0.3866666667 0.1)
(0.3772727273 0.3866666667 0.1)
(0.3818181818 0.3866666667 0.1)
(0.3863636364 0.3866666667 0.1)
(0.3909090909 0.3866666667 0.1)
(0.3954545455 0.3866666667 0.1)
(0.4 0.3866666667 0.1)
(0.4045454545 0.3866666667 0.1)
(0.4090909091 0.3866666667 0.1)
(0.4136363636 0.3866666667 0.1)
(0.4181818182 0.3866666667 0.1)
(0.4227272727 0.3866666667 0.1)
(0.4272727273 0.3866666667 0.1)
(0.4318181818 0.3866666667 0.1)
(0.4363636364 0.3866666667 0.1)
(0.4409090909 0.3866666667 0.1)
(0.4454545455 0.3866666667 0.1)
(0.45 0.3866666667 0.1)
(0.4545454545 0.3866666667 0.1)
(0.4590909091 0.3866666667 0.1)
(0.4636363636 0.3866666667 0.1)
(0.4681818182 0.3866666667 0.1)
(0.4727272727 0.3866666667 0.1)
(0.4772727273 0.3866666667 0.1)
(0.4818181818 0.3866666667 0.1)
(0.4863636364 0.3866666667 0.1)
(0.4909090909 0.3866666667 0.1)
(0.4954545455 0.3866666667 0.1)
(0.5 0.3866666667 0.1)
(0.5045454545 0.3866666667 0.1)
(0.5090909091 0.3866666667 0.1)
(0.5136363636 0.3866666667 0.1)
(0.5181818182 0.3866666667 0.1)
(0.5227272727 0.3866666667 0.1)
(0.5272727273 0.3866666667 0.1)
(0.5318181818 0.3866666667 0.1)
(0.5363636364 0.3866666667 0.1)
(0.5409090909 0.3866666667 0.1)
(0.5454545455 0.3866666667 0.1)
(0.55 0.3866666667 0.1)
(0.5545454545 0.3866666667 0.1)
(0.5590909091 0.3866666667 0.1)
(0.5636363636 0.3866666667 0.1)
(0.5681818182 0.3866666667 0.1)
(0.5727272727 0.3866666667 0.1)
(0.5772727273 0.3866666667 0.1)
(0.5818181818 0.3866666667 0.1)
(0.5863636364 0.3866666667 0.1)
(0.5909090909 0.3866666667 0.1)
(0.5954545455 0.3866666667 0.1)
(0.6 0.3866666667 0.1)
(0.6045454545 0.3866666667 0.1)
(0.6090909091 0.3866666667 0.1)
(0.6136363636 0.3866666667 0.1)
(0.6181818182 0.3866666667 0.1)
(0.6227272727 0.3866666667 0.1)
(0.6272727273 0.3866666667 0.1)
(0.6318181818 0.3866666667 0.1)
(0.6363636364 0.3866666667 0.1)
(0.6409090909 0.3866666667 0.1)
(0.6454545455 0.3866666667 0.1)
(0.65 0.3866666667 0.1)
(0.6545454545 0.3866666667 0.1)
(0.6590909091 0.3866666667 0.1)
(0.6636363636 0.3866666667 0.1)
(0.6681818182 0.3866666667 0.1)
(0.6727272727 0.3866666667 0.1)
(0.6772727273 0.3866666667 0.1)
(0.6818181818 0.3866666667 0.1)
(0.6863636364 0.3866666667 0.1)
(0.6909090909 0.3866666667 0.1)
(0.6954545455 0.3866666667 0.1)
(0.7 0.3866666667 0.1)
(0.7045454545 0.3866666667 0.1)
(0.7090909091 0.3866666667 0.1)
(0.7136363636 0.3866666667 0.1)
(0.7181818182 0.3866666667 0.1)
(0.7227272727 0.3866666667 0.1)
(0.7272727273 0.3866666667 0.1)
(0.7318181818 0.3866666667 0.1)
(0.7363636364 0.3866666667 0.1)
(0.7409090909 0.3866666667 0.1)
(0.7454545455 0.3866666667 0.1)
(0.75 0.3866666667 0.1)
(0.7545454545 0.3866666667 0.1)
(0.7590909091 0.3866666667 0.1)
(0.7636363636 0.3866666667 0.1)
(0.7681818182 0.3866666667 0.1)
(0.7727272727 0.3866666667 0.1)
(0.7772727273 0.3866666667 0.1)
(0.7818181818 0.3866666667 0.1)
(0.7863636364 0.3866666667 0.1)
(0.7909090909 0.3866666667 0.1)
(0.7954545455 0.3866666667 0.1)
(0.8 0.3866666667 0.1)
(0.8045454545 0.3866666667 0.1)
(0.8090909091 0.3866666667 0.1)
(0.8136363636 0.3866666667 0.1)
(0.8181818182 0.3866666667 0.1)
(0.8227272727 0.3866666667 0.1)
(0.8272727273 0.3866666667 0.1)
(0.8318181818 0.3866666667 0.1)
(0.8363636364 0.3866666667 0.1)
(0.8409090909 0.3866666667 0.1)
(0.8454545455 0.3866666667 0.1)
(0.85 0.3866666667 0.1)
(0.8545454545 0.3866666667 0.1)
(0.8590909091 0.3866666667 0.1)
(0.8636363636 0.3866666667 0.1)
(0.8681818182 0.3866666667 0.1)
(0.8727272727 0.3866666667 0.1)
(0.8772727273 0.3866666667 0.1)
(0.8818181818 0.3866666667 0.1)
(0.8863636364 0.3866666667 0.1)
(0.8909090909 0.3866666667 0.1)
(0.8954545455 0.3866666667 0.1)
(0.9 0.3866666667 0.1)
(0.9045454545 0.3866666667 0.1)
(0.9090909091 0.3866666667 0.1)
(0.9136363636 0.3866666667 0.1)
(0.9181818182 0.3866666667 0.1)
(0.9227272727 0.3866666667 0.1)
(0.9272727273 0.3866666667 0.1)
(0.9318181818 0.3866666667 0.1)
(0.9363636364 0.3866666667 0.1)
(0.9409090909 0.3866666667 0.1)
(0.9454545455 0.3866666667 0.1)
(0.95 0.3866666667 0.1)
(0.9545454545 0.3866666667 0.1)
(0.9590909091 0.3866666667 0.1)
(0.9636363636 0.3866666667 0.1)
(0.9681818182 0.3866666667 0.1)
(0.9727272727 0.3866666667 0.1)
(0.9772727273 0.3866666667 0.1)
(0.9818181818 0.3866666667 0.1)
(0.9863636364 0.3866666667 0.1)
(0.9909090909 0.3866666667 0.1)
(0.9954545455 0.3866666667 0.1)
(1 0.3866666667 0.1)
(0 0.3933333333 0.1)
(0.004545454545 0.3933333333 0.1)
(0.009090909091 0.3933333333 0.1)
(0.01363636364 0.3933333333 0.1)
(0.01818181818 0.3933333333 0.1)
(0.02272727273 0.3933333333 0.1)
(0.02727272727 0.3933333333 0.1)
(0.03181818182 0.3933333333 0.1)
(0.03636363636 0.3933333333 0.1)
(0.04090909091 0.3933333333 0.1)
(0.04545454545 0.3933333333 0.1)
(0.05 0.3933333333 0.1)
(0.05454545455 0.3933333333 0.1)
(0.05909090909 0.3933333333 0.1)
(0.06363636364 0.3933333333 0.1)
(0.06818181818 0.3933333333 0.1)
(0.07272727273 0.3933333333 0.1)
(0.07727272727 0.3933333333 0.1)
(0.08181818182 0.3933333333 0.1)
(0.08636363636 0.3933333333 0.1)
(0.09090909091 0.3933333333 0.1)
(0.09545454545 0.3933333333 0.1)
(0.1 0.3933333333 0.1)
(0.1045454545 0.3933333333 0.1)
(0.1090909091 0.3933333333 0.1)
(0.1136363636 0.3933333333 0.1)
(0.1181818182 0.3933333333 0.1)
(0.1227272727 0.3933333333 0.1)
(0.1272727273 0.3933333333 0.1)
(0.1318181818 0.3933333333 0.1)
(0.1363636364 0.3933333333 0.1)
(0.1409090909 0.3933333333 0.1)
(0.1454545455 0.3933333333 0.1)
(0.15 0.3933333333 0.1)
(0.1545454545 0.3933333333 0.1)
(0.1590909091 0.3933333333 0.1)
(0.1636363636 0.3933333333 0.1)
(0.1681818182 0.3933333333 0.1)
(0.1727272727 0.3933333333 0.1)
(0.1772727273 0.3933333333 0.1)
(0.1818181818 0.3933333333 0.1)
(0.1863636364 0.3933333333 0.1)
(0.1909090909 0.3933333333 0.1)
(0.1954545455 0.3933333333 0.1)
(0.2 0.3933333333 0.1)
(0.2045454545 0.3933333333 0.1)
(0.2090909091 0.3933333333 0.1)
(0.2136363636 0.3933333333 0.1)
(0.2181818182 0.3933333333 0.1)
(0.2227272727 0.3933333333 0.1)
(0.2272727273 0.3933333333 0.1)
(0.2318181818 0.3933333333 0.1)
(0.2363636364 0.3933333333 0.1)
(0.2409090909 0.3933333333 0.1)
(0.2454545455 0.3933333333 0.1)
(0.25 0.3933333333 0.1)
(0.2545454545 0.3933333333 0.1)
(0.2590909091 0.3933333333 0.1)
(0.2636363636 0.3933333333 0.1)
(0.2681818182 0.3933333333 0.1)
(0.2727272727 0.3933333333 0.1)
(0.2772727273 0.3933333333 0.1)
(0.2818181818 0.3933333333 0.1)
(0.2863636364 0.3933333333 0.1)
(0.2909090909 0.3933333333 0.1)
(0.2954545455 0.3933333333 0.1)
(0.3 0.3933333333 0.1)
(0.3045454545 0.3933333333 0.1)
(0.3090909091 0.3933333333 0.1)
(0.3136363636 0.3933333333 0.1)
(0.3181818182 0.3933333333 0.1)
(0.3227272727 0.3933333333 0.1)
(0.3272727273 0.3933333333 0.1)
(0.3318181818 0.3933333333 0.1)
(0.3363636364 0.3933333333 0.1)
(0.3409090909 0.3933333333 0.1)
(0.3454545455 0.3933333333 0.1)
(0.35 0.3933333333 0.1)
(0.3545454545 0.3933333333 0.1)
(0.3590909091 0.3933333333 0.1)
(0.3636363636 0.3933333333 0.1)
(0.3681818182 0.3933333333 0.1)
(0.3727272727 0.3933333333 0.1)
(0.3772727273 0.3933333333 0.1)
(0.3818181818 0.3933333333 0.1)
(0.3863636364 0.3933333333 0.1)
(0.3909090909 0.3933333333 0.1)
(0.3954545455 0.3933333333 0.1)
(0.4 0.3933333333 0.1)
(0.4045454545 0.3933333333 0.1)
(0.4090909091 0.3933333333 0.1)
(0.4136363636 0.3933333333 0.1)
(0.4181818182 0.3933333333 0.1)
(0.4227272727 0.3933333333 0.1)
(0.4272727273 0.3933333333 0.1)
(0.4318181818 0.3933333333 0.1)
(0.4363636364 0.3933333333 0.1)
(0.4409090909 0.3933333333 0.1)
(0.4454545455 0.3933333333 0.1)
(0.45 0.3933333333 0.1)
(0.4545454545 0.3933333333 0.1)
(0.4590909091 0.3933333333 0.1)
(0.4636363636 0.3933333333 0.1)
(0.4681818182 0.3933333333 0.1)
(0.4727272727 0.3933333333 0.1)
(0.4772727273 0.3933333333 0.1)
(0.4818181818 0.3933333333 0.1)
(0.4863636364 0.3933333333 0.1)
(0.4909090909 0.3933333333 0.1)
(0.4954545455 0.3933333333 0.1)
(0.5 0.3933333333 0.1)
(0.5045454545 0.3933333333 0.1)
(0.5090909091 0.3933333333 0.1)
(0.5136363636 0.3933333333 0.1)
(0.5181818182 0.3933333333 0.1)
(0.5227272727 0.3933333333 0.1)
(0.5272727273 0.3933333333 0.1)
(0.5318181818 0.3933333333 0.1)
(0.5363636364 0.3933333333 0.1)
(0.5409090909 0.3933333333 0.1)
(0.5454545455 0.3933333333 0.1)
(0.55 0.3933333333 0.1)
(0.5545454545 0.3933333333 0.1)
(0.5590909091 0.3933333333 0.1)
(0.5636363636 0.3933333333 0.1)
(0.5681818182 0.3933333333 0.1)
(0.5727272727 0.3933333333 0.1)
(0.5772727273 0.3933333333 0.1)
(0.5818181818 0.3933333333 0.1)
(0.5863636364 0.3933333333 0.1)
(0.5909090909 0.3933333333 0.1)
(0.5954545455 0.3933333333 0.1)
(0.6 0.3933333333 0.1)
(0.6045454545 0.3933333333 0.1)
(0.6090909091 0.3933333333 0.1)
(0.6136363636 0.3933333333 0.1)
(0.6181818182 0.3933333333 0.1)
(0.6227272727 0.3933333333 0.1)
(0.6272727273 0.3933333333 0.1)
(0.6318181818 0.3933333333 0.1)
(0.6363636364 0.3933333333 0.1)
(0.6409090909 0.3933333333 0.1)
(0.6454545455 0.3933333333 0.1)
(0.65 0.3933333333 0.1)
(0.6545454545 0.3933333333 0.1)
(0.6590909091 0.3933333333 0.1)
(0.6636363636 0.3933333333 0.1)
(0.6681818182 0.3933333333 0.1)
(0.6727272727 0.3933333333 0.1)
(0.6772727273 0.3933333333 0.1)
(0.6818181818 0.3933333333 0.1)
(0.6863636364 0.3933333333 0.1)
(0.6909090909 0.3933333333 0.1)
(0.6954545455 0.3933333333 0.1)
(0.7 0.3933333333 0.1)
(0.7045454545 0.3933333333 0.1)
(0.7090909091 0.3933333333 0.1)
(0.7136363636 0.3933333333 0.1)
(0.7181818182 0.3933333333 0.1)
(0.7227272727 0.3933333333 0.1)
(0.7272727273 0.3933333333 0.1)
(0.7318181818 0.3933333333 0.1)
(0.7363636364 0.3933333333 0.1)
(0.7409090909 0.3933333333 0.1)
(0.7454545455 0.3933333333 0.1)
(0.75 0.3933333333 0.1)
(0.7545454545 0.3933333333 0.1)
(0.7590909091 0.3933333333 0.1)
(0.7636363636 0.3933333333 0.1)
(0.7681818182 0.3933333333 0.1)
(0.7727272727 0.3933333333 0.1)
(0.7772727273 0.3933333333 0.1)
(0.7818181818 0.3933333333 0.1)
(0.7863636364 0.3933333333 0.1)
(0.7909090909 0.3933333333 0.1)
(0.7954545455 0.3933333333 0.1)
(0.8 0.3933333333 0.1)
(0.8045454545 0.3933333333 0.1)
(0.8090909091 0.3933333333 0.1)
(0.8136363636 0.3933333333 0.1)
(0.8181818182 0.3933333333 0.1)
(0.8227272727 0.3933333333 0.1)
(0.8272727273 0.3933333333 0.1)
(0.8318181818 0.3933333333 0.1)
(0.8363636364 0.3933333333 0.1)
(0.8409090909 0.3933333333 0.1)
(0.8454545455 0.3933333333 0.1)
(0.85 0.3933333333 0.1)
(0.8545454545 0.3933333333 0.1)
(0.8590909091 0.3933333333 0.1)
(0.8636363636 0.3933333333 0.1)
(0.8681818182 0.3933333333 0.1)
(0.8727272727 0.3933333333 0.1)
(0.8772727273 0.3933333333 0.1)
(0.8818181818 0.3933333333 0.1)
(0.8863636364 0.3933333333 0.1)
(0.8909090909 0.3933333333 0.1)
(0.8954545455 0.3933333333 0.1)
(0.9 0.3933333333 0.1)
(0.9045454545 0.3933333333 0.1)
(0.9090909091 0.3933333333 0.1)
(0.9136363636 0.3933333333 0.1)
(0.9181818182 0.3933333333 0.1)
(0.9227272727 0.3933333333 0.1)
(0.9272727273 0.3933333333 0.1)
(0.9318181818 0.3933333333 0.1)
(0.9363636364 0.3933333333 0.1)
(0.9409090909 0.3933333333 0.1)
(0.9454545455 0.3933333333 0.1)
(0.95 0.3933333333 0.1)
(0.9545454545 0.3933333333 0.1)
(0.9590909091 0.3933333333 0.1)
(0.9636363636 0.3933333333 0.1)
(0.9681818182 0.3933333333 0.1)
(0.9727272727 0.3933333333 0.1)
(0.9772727273 0.3933333333 0.1)
(0.9818181818 0.3933333333 0.1)
(0.9863636364 0.3933333333 0.1)
(0.9909090909 0.3933333333 0.1)
(0.9954545455 0.3933333333 0.1)
(1 0.3933333333 0.1)
(0 0.4 0.1)
(0.004545454545 0.4 0.1)
(0.009090909091 0.4 0.1)
(0.01363636364 0.4 0.1)
(0.01818181818 0.4 0.1)
(0.02272727273 0.4 0.1)
(0.02727272727 0.4 0.1)
(0.03181818182 0.4 0.1)
(0.03636363636 0.4 0.1)
(0.04090909091 0.4 0.1)
(0.04545454545 0.4 0.1)
(0.05 0.4 0.1)
(0.05454545455 0.4 0.1)
(0.05909090909 0.4 0.1)
(0.06363636364 0.4 0.1)
(0.06818181818 0.4 0.1)
(0.07272727273 0.4 0.1)
(0.07727272727 0.4 0.1)
(0.08181818182 0.4 0.1)
(0.08636363636 0.4 0.1)
(0.09090909091 0.4 0.1)
(0.09545454545 0.4 0.1)
(0.1 0.4 0.1)
(0.1045454545 0.4 0.1)
(0.1090909091 0.4 0.1)
(0.1136363636 0.4 0.1)
(0.1181818182 0.4 0.1)
(0.1227272727 0.4 0.1)
(0.1272727273 0.4 0.1)
(0.1318181818 0.4 0.1)
(0.1363636364 0.4 0.1)
(0.1409090909 0.4 0.1)
(0.1454545455 0.4 0.1)
(0.15 0.4 0.1)
(0.1545454545 0.4 0.1)
(0.1590909091 0.4 0.1)
(0.1636363636 0.4 0.1)
(0.1681818182 0.4 0.1)
(0.1727272727 0.4 0.1)
(0.1772727273 0.4 0.1)
(0.1818181818 0.4 0.1)
(0.1863636364 0.4 0.1)
(0.1909090909 0.4 0.1)
(0.1954545455 0.4 0.1)
(0.2 0.4 0.1)
(0.2045454545 0.4 0.1)
(0.2090909091 0.4 0.1)
(0.2136363636 0.4 0.1)
(0.2181818182 0.4 0.1)
(0.2227272727 0.4 0.1)
(0.2272727273 0.4 0.1)
(0.2318181818 0.4 0.1)
(0.2363636364 0.4 0.1)
(0.2409090909 0.4 0.1)
(0.2454545455 0.4 0.1)
(0.25 0.4 0.1)
(0.2545454545 0.4 0.1)
(0.2590909091 0.4 0.1)
(0.2636363636 0.4 0.1)
(0.2681818182 0.4 0.1)
(0.2727272727 0.4 0.1)
(0.2772727273 0.4 0.1)
(0.2818181818 0.4 0.1)
(0.2863636364 0.4 0.1)
(0.2909090909 0.4 0.1)
(0.2954545455 0.4 0.1)
(0.3 0.4 0.1)
(0.3045454545 0.4 0.1)
(0.3090909091 0.4 0.1)
(0.3136363636 0.4 0.1)
(0.3181818182 0.4 0.1)
(0.3227272727 0.4 0.1)
(0.3272727273 0.4 0.1)
(0.3318181818 0.4 0.1)
(0.3363636364 0.4 0.1)
(0.3409090909 0.4 0.1)
(0.3454545455 0.4 0.1)
(0.35 0.4 0.1)
(0.3545454545 0.4 0.1)
(0.3590909091 0.4 0.1)
(0.3636363636 0.4 0.1)
(0.3681818182 0.4 0.1)
(0.3727272727 0.4 0.1)
(0.3772727273 0.4 0.1)
(0.3818181818 0.4 0.1)
(0.3863636364 0.4 0.1)
(0.3909090909 0.4 0.1)
(0.3954545455 0.4 0.1)
(0.4 0.4 0.1)
(0.4045454545 0.4 0.1)
(0.4090909091 0.4 0.1)
(0.4136363636 0.4 0.1)
(0.4181818182 0.4 0.1)
(0.4227272727 0.4 0.1)
(0.4272727273 0.4 0.1)
(0.4318181818 0.4 0.1)
(0.4363636364 0.4 0.1)
(0.4409090909 0.4 0.1)
(0.4454545455 0.4 0.1)
(0.45 0.4 0.1)
(0.4545454545 0.4 0.1)
(0.4590909091 0.4 0.1)
(0.4636363636 0.4 0.1)
(0.4681818182 0.4 0.1)
(0.4727272727 0.4 0.1)
(0.4772727273 0.4 0.1)
(0.4818181818 0.4 0.1)
(0.4863636364 0.4 0.1)
(0.4909090909 0.4 0.1)
(0.4954545455 0.4 0.1)
(0.5 0.4 0.1)
(0.5045454545 0.4 0.1)
(0.5090909091 0.4 0.1)
(0.5136363636 0.4 0.1)
(0.5181818182 0.4 0.1)
(0.5227272727 0.4 0.1)
(0.5272727273 0.4 0.1)
(0.5318181818 0.4 0.1)
(0.5363636364 0.4 0.1)
(0.5409090909 0.4 0.1)
(0.5454545455 0.4 0.1)
(0.55 0.4 0.1)
(0.5545454545 0.4 0.1)
(0.5590909091 0.4 0.1)
(0.5636363636 0.4 0.1)
(0.5681818182 0.4 0.1)
(0.5727272727 0.4 0.1)
(0.5772727273 0.4 0.1)
(0.5818181818 0.4 0.1)
(0.5863636364 0.4 0.1)
(0.5909090909 0.4 0.1)
(0.5954545455 0.4 0.1)
(0.6 0.4 0.1)
(0.6045454545 0.4 0.1)
(0.6090909091 0.4 0.1)
(0.6136363636 0.4 0.1)
(0.6181818182 0.4 0.1)
(0.6227272727 0.4 0.1)
(0.6272727273 0.4 0.1)
(0.6318181818 0.4 0.1)
(0.6363636364 0.4 0.1)
(0.6409090909 0.4 0.1)
(0.6454545455 0.4 0.1)
(0.65 0.4 0.1)
(0.6545454545 0.4 0.1)
(0.6590909091 0.4 0.1)
(0.6636363636 0.4 0.1)
(0.6681818182 0.4 0.1)
(0.6727272727 0.4 0.1)
(0.6772727273 0.4 0.1)
(0.6818181818 0.4 0.1)
(0.6863636364 0.4 0.1)
(0.6909090909 0.4 0.1)
(0.6954545455 0.4 0.1)
(0.7 0.4 0.1)
(0.7045454545 0.4 0.1)
(0.7090909091 0.4 0.1)
(0.7136363636 0.4 0.1)
(0.7181818182 0.4 0.1)
(0.7227272727 0.4 0.1)
(0.7272727273 0.4 0.1)
(0.7318181818 0.4 0.1)
(0.7363636364 0.4 0.1)
(0.7409090909 0.4 0.1)
(0.7454545455 0.4 0.1)
(0.75 0.4 0.1)
(0.7545454545 0.4 0.1)
(0.7590909091 0.4 0.1)
(0.7636363636 0.4 0.1)
(0.7681818182 0.4 0.1)
(0.7727272727 0.4 0.1)
(0.7772727273 0.4 0.1)
(0.7818181818 0.4 0.1)
(0.7863636364 0.4 0.1)
(0.7909090909 0.4 0.1)
(0.7954545455 0.4 0.1)
(0.8 0.4 0.1)
(0.8045454545 0.4 0.1)
(0.8090909091 0.4 0.1)
(0.8136363636 0.4 0.1)
(0.8181818182 0.4 0.1)
(0.8227272727 0.4 0.1)
(0.8272727273 0.4 0.1)
(0.8318181818 0.4 0.1)
(0.8363636364 0.4 0.1)
(0.8409090909 0.4 0.1)
(0.8454545455 0.4 0.1)
(0.85 0.4 0.1)
(0.8545454545 0.4 0.1)
(0.8590909091 0.4 0.1)
(0.8636363636 0.4 0.1)
(0.8681818182 0.4 0.1)
(0.8727272727 0.4 0.1)
(0.8772727273 0.4 0.1)
(0.8818181818 0.4 0.1)
(0.8863636364 0.4 0.1)
(0.8909090909 0.4 0.1)
(0.8954545455 0.4 0.1)
(0.9 0.4 0.1)
(0.9045454545 0.4 0.1)
(0.9090909091 0.4 0.1)
(0.9136363636 0.4 0.1)
(0.9181818182 0.4 0.1)
(0.9227272727 0.4 0.1)
(0.9272727273 0.4 0.1)
(0.9318181818 0.4 0.1)
(0.9363636364 0.4 0.1)
(0.9409090909 0.4 0.1)
(0.9454545455 0.4 0.1)
(0.95 0.4 0.1)
(0.9545454545 0.4 0.1)
(0.9590909091 0.4 0.1)
(0.9636363636 0.4 0.1)
(0.9681818182 0.4 0.1)
(0.9727272727 0.4 0.1)
(0.9772727273 0.4 0.1)
(0.9818181818 0.4 0.1)
(0.9863636364 0.4 0.1)
(0.9909090909 0.4 0.1)
(0.9954545455 0.4 0.1)
(1 0.4 0.1)
)


// ************************************************************************* //
